timestamp,temperature,humidity,dew_point,pressure,wind_speed,wind_direction,station,latitude,longitude
2023-01-01T00:00,7.6,94,6.6,867.4,3.2,180,Bhaisipati,27.6515,85.3008
2023-01-01T01:00,7.8,94,6.9,867.2,2.2,180,Bhaisipati,27.6515,85.3008
2023-01-01T02:00,7.9,94,7.0,866.9,2.2,171,Bhaisipati,27.6515,85.3008
2023-01-01T03:00,8.1,93,7.1,866.7,2.9,173,Bhaisipati,27.6515,85.3008
2023-01-01T04:00,8.0,95,7.2,866.7,3.3,174,Bhaisipati,27.6515,85.3008
2023-01-01T05:00,7.0,98,6.7,867.2,5.4,172,Bhaisipati,27.6515,85.3008
2023-01-01T06:00,6.5,96,5.9,867.9,5.1,172,Bhaisipati,27.6515,85.3008
2023-01-01T07:00,6.8,96,6.1,868.7,6.8,177,Bhaisipati,27.6515,85.3008
2023-01-01T08:00,9.3,84,6.8,870.6,5.4,176,Bhaisipati,27.6515,85.3008
2023-01-01T09:00,11.2,73,6.4,871.9,0.7,180,Bhaisipati,27.6515,85.3008
2023-01-01T10:00,12.5,65,6.1,872.2,4.3,355,Bhaisipati,27.6515,85.3008
2023-01-01T11:00,13.6,61,6.1,871.7,6.2,353,Bhaisipati,27.6515,85.3008
2023-01-01T12:00,14.4,56,5.7,870.7,6.6,338,Bhaisipati,27.6515,85.3008
2023-01-01T13:00,14.4,54,5.2,869.8,7.7,332,Bhaisipati,27.6515,85.3008
2023-01-01T14:00,13.6,58,5.5,869.0,9.7,333,Bhaisipati,27.6515,85.3008
2023-01-01T15:00,12.9,62,5.8,868.7,8.4,329,Bhaisipati,27.6515,85.3008
2023-01-01T16:00,12.1,66,5.9,868.7,6.2,339,Bhaisipati,27.6515,85.3008
2023-01-01T17:00,10.2,82,7.2,868.4,5.4,340,Bhaisipati,27.6515,85.3008
2023-01-01T18:00,10.3,81,7.2,869.3,2.2,9,Bhaisipati,27.6515,85.3008
2023-01-01T19:00,10.5,74,6.1,870.1,3.0,14,Bhaisipati,27.6515,85.3008
2023-01-01T20:00,10.0,78,6.3,870.4,2.4,63,Bhaisipati,27.6515,85.3008
2023-01-01T21:00,8.8,84,6.2,870.1,1.8,127,Bhaisipati,27.6515,85.3008
2023-01-01T22:00,8.3,85,5.9,869.6,2.9,150,Bhaisipati,27.6515,85.3008
2023-01-01T23:00,7.8,88,6.0,869.1,2.4,153,Bhaisipati,27.6515,85.3008
2023-01-02T00:00,7.3,92,6.1,868.2,2.9,150,Bhaisipati,27.6515,85.3008
2023-01-02T01:00,7.2,93,6.2,867.8,3.9,158,Bhaisipati,27.6515,85.3008
2023-01-02T02:00,6.7,95,6.0,866.9,3.9,158,Bhaisipati,27.6515,85.3008
2023-01-02T03:00,6.4,95,5.7,866.4,3.4,162,Bhaisipati,27.6515,85.3008
2023-01-02T04:00,6.3,95,5.5,866.2,3.3,167,Bhaisipati,27.6515,85.3008
2023-01-02T05:00,5.1,97,4.7,866.5,4.8,167,Bhaisipati,27.6515,85.3008
2023-01-02T06:00,4.9,97,4.5,867.0,5.1,172,Bhaisipati,27.6515,85.3008
2023-01-02T07:00,5.4,96,4.7,868.2,5.8,176,Bhaisipati,27.6515,85.3008
2023-01-02T08:00,9.3,79,5.9,870.9,4.3,185,Bhaisipati,27.6515,85.3008
2023-01-02T09:00,11.3,60,4.0,872.1,1.9,292,Bhaisipati,27.6515,85.3008
2023-01-02T10:00,12.9,53,3.6,872.5,3.4,302,Bhaisipati,27.6515,85.3008
2023-01-02T11:00,14.0,49,3.4,872.1,4.6,315,Bhaisipati,27.6515,85.3008
2023-01-02T12:00,15.1,46,3.7,871.2,7.7,323,Bhaisipati,27.6515,85.3008
2023-01-02T13:00,15.2,45,3.4,870.5,8.6,327,Bhaisipati,27.6515,85.3008
2023-01-02T14:00,14.9,45,3.0,869.8,7.9,336,Bhaisipati,27.6515,85.3008
2023-01-02T15:00,14.3,48,3.4,869.4,7.4,331,Bhaisipati,27.6515,85.3008
2023-01-02T16:00,13.2,56,4.6,869.3,5.0,339,Bhaisipati,27.6515,85.3008
2023-01-02T17:00,10.9,69,5.4,869.1,5.5,328,Bhaisipati,27.6515,85.3008
2023-01-02T18:00,10.2,75,6.0,869.8,4.4,325,Bhaisipati,27.6515,85.3008
2023-01-02T19:00,9.9,72,5.0,870.6,2.1,121,Bhaisipati,27.6515,85.3008
2023-01-02T20:00,7.8,85,5.5,870.0,0.8,153,Bhaisipati,27.6515,85.3008
2023-01-02T21:00,6.9,89,5.2,870.0,2.3,162,Bhaisipati,27.6515,85.3008
2023-01-02T22:00,5.6,93,4.6,869.2,4.2,160,Bhaisipati,27.6515,85.3008
2023-01-02T23:00,4.3,98,3.9,868.0,5.1,172,Bhaisipati,27.6515,85.3008
2023-01-03T00:00,2.9,100,2.9,866.5,5.8,176,Bhaisipati,27.6515,85.3008
2023-01-03T01:00,2.4,100,2.3,865.6,5.8,180,Bhaisipati,27.6515,85.3008
2023-01-03T02:00,1.9,100,1.9,864.9,5.4,180,Bhaisipati,27.6515,85.3008
2023-01-03T03:00,1.9,100,1.8,864.9,4.7,180,Bhaisipati,27.6515,85.3008
2023-01-03T04:00,1.7,100,1.7,865.0,4.3,180,Bhaisipati,27.6515,85.3008
2023-01-03T05:00,2.2,95,1.4,866.1,4.7,180,Bhaisipati,27.6515,85.3008
2023-01-03T06:00,2.2,93,1.1,866.7,4.3,180,Bhaisipati,27.6515,85.3008
2023-01-03T07:00,3.4,86,1.2,867.8,5.0,180,Bhaisipati,27.6515,85.3008
2023-01-03T08:00,8.4,70,3.2,871.2,3.4,162,Bhaisipati,27.6515,85.3008
2023-01-03T09:00,11.4,55,2.6,872.6,2.6,56,Bhaisipati,27.6515,85.3008
2023-01-03T10:00,13.2,51,3.3,872.7,3.1,36,Bhaisipati,27.6515,85.3008
2023-01-03T11:00,14.7,47,3.5,872.5,4.6,342,Bhaisipati,27.6515,85.3008
2023-01-03T12:00,15.3,44,3.0,871.6,7.4,321,Bhaisipati,27.6515,85.3008
2023-01-03T13:00,15.5,43,2.8,870.6,8.9,328,Bhaisipati,27.6515,85.3008
2023-01-03T14:00,14.9,44,2.7,869.5,9.0,337,Bhaisipati,27.6515,85.3008
2023-01-03T15:00,14.2,46,2.8,868.8,7.4,337,Bhaisipati,27.6515,85.3008
2023-01-03T16:00,13.0,55,4.1,868.4,3.4,342,Bhaisipati,27.6515,85.3008
2023-01-03T17:00,11.5,54,2.4,868.7,2.6,236,Bhaisipati,27.6515,85.3008
2023-01-03T18:00,9.0,75,4.9,868.2,1.8,180,Bhaisipati,27.6515,85.3008
2023-01-03T19:00,9.8,65,3.6,869.2,1.8,191,Bhaisipati,27.6515,85.3008
2023-01-03T20:00,9.4,68,3.8,869.6,2.8,220,Bhaisipati,27.6515,85.3008
2023-01-03T21:00,9.0,70,3.9,869.6,0.7,180,Bhaisipati,27.6515,85.3008
2023-01-03T22:00,6.5,86,4.2,868.4,2.5,180,Bhaisipati,27.6515,85.3008
2023-01-03T23:00,5.5,90,4.1,867.7,3.2,180,Bhaisipati,27.6515,85.3008
2023-01-04T00:00,3.9,95,3.1,866.4,3.3,174,Bhaisipati,27.6515,85.3008
2023-01-04T01:00,2.4,96,1.9,865.4,4.3,175,Bhaisipati,27.6515,85.3008
2023-01-04T02:00,1.3,100,1.3,864.4,5.4,180,Bhaisipati,27.6515,85.3008
2023-01-04T03:00,0.9,100,0.9,863.9,6.5,180,Bhaisipati,27.6515,85.3008
2023-01-04T04:00,1.0,99,0.9,863.8,6.5,180,Bhaisipati,27.6515,85.3008
2023-01-04T05:00,1.9,95,1.1,865.5,5.4,176,Bhaisipati,27.6515,85.3008
2023-01-04T06:00,2.1,90,0.7,865.8,6.2,170,Bhaisipati,27.6515,85.3008
2023-01-04T07:00,3.5,83,0.8,867.1,8.4,173,Bhaisipati,27.6515,85.3008
2023-01-04T08:00,8.4,65,2.3,870.4,6.8,162,Bhaisipati,27.6515,85.3008
2023-01-04T09:00,11.7,54,2.7,872.3,1.5,104,Bhaisipati,27.6515,85.3008
2023-01-04T10:00,13.5,48,2.7,872.4,3.8,49,Bhaisipati,27.6515,85.3008
2023-01-04T11:00,15.1,43,2.5,871.9,2.3,51,Bhaisipati,27.6515,85.3008
2023-01-04T12:00,16.1,39,2.3,870.9,2.0,315,Bhaisipati,27.6515,85.3008
2023-01-04T13:00,16.2,37,1.5,869.9,4.6,288,Bhaisipati,27.6515,85.3008
2023-01-04T14:00,15.7,37,1.2,869.2,6.5,276,Bhaisipati,27.6515,85.3008
2023-01-04T15:00,14.4,44,2.3,868.7,6.9,276,Bhaisipati,27.6515,85.3008
2023-01-04T16:00,12.9,55,4.2,868.5,4.0,297,Bhaisipati,27.6515,85.3008
2023-01-04T17:00,10.8,54,1.8,868.6,4.8,312,Bhaisipati,27.6515,85.3008
2023-01-04T18:00,9.0,69,3.5,868.4,4.8,312,Bhaisipati,27.6515,85.3008
2023-01-04T19:00,9.5,57,1.3,869.0,2.6,236,Bhaisipati,27.6515,85.3008
2023-01-04T20:00,8.2,66,2.1,868.9,0.4,180,Bhaisipati,27.6515,85.3008
2023-01-04T21:00,6.4,76,2.5,868.4,2.6,164,Bhaisipati,27.6515,85.3008
2023-01-04T22:00,6.3,76,2.3,868.4,3.6,174,Bhaisipati,27.6515,85.3008
2023-01-04T23:00,6.1,75,2.0,868.3,3.3,174,Bhaisipati,27.6515,85.3008
2023-01-05T00:00,5.8,76,1.8,867.8,3.0,166,Bhaisipati,27.6515,85.3008
2023-01-05T01:00,5.5,76,1.6,867.5,3.3,167,Bhaisipati,27.6515,85.3008
2023-01-05T02:00,5.2,76,1.3,866.8,3.7,169,Bhaisipati,27.6515,85.3008
2023-01-05T03:00,4.8,76,1.0,866.1,4.0,170,Bhaisipati,27.6515,85.3008
2023-01-05T04:00,4.3,77,0.6,865.8,4.5,166,Bhaisipati,27.6515,85.3008
2023-01-05T05:00,3.3,81,0.3,866.5,3.4,162,Bhaisipati,27.6515,85.3008
2023-01-05T06:00,4.0,74,-0.3,867.1,4.9,163,Bhaisipati,27.6515,85.3008
2023-01-05T07:00,4.8,68,-0.6,868.1,6.0,163,Bhaisipati,27.6515,85.3008
2023-01-05T08:00,8.7,59,1.1,871.0,5.7,162,Bhaisipati,27.6515,85.3008
2023-01-05T09:00,12.2,40,-0.9,873.5,1.4,90,Bhaisipati,27.6515,85.3008
2023-01-05T10:00,13.7,38,-0.5,874.0,1.6,27,Bhaisipati,27.6515,85.3008
2023-01-05T11:00,15.1,35,-0.3,873.7,2.6,344,Bhaisipati,27.6515,85.3008
2023-01-05T12:00,16.0,32,-0.6,872.9,5.5,328,Bhaisipati,27.6515,85.3008
2023-01-05T13:00,16.2,31,-1.1,871.9,7.3,327,Bhaisipati,27.6515,85.3008
2023-01-05T14:00,16.0,30,-1.6,871.3,8.3,326,Bhaisipati,27.6515,85.3008
2023-01-05T15:00,15.1,31,-2.1,870.8,7.9,317,Bhaisipati,27.6515,85.3008
2023-01-05T16:00,13.2,44,1.4,870.3,3.8,319,Bhaisipati,27.6515,85.3008
2023-01-05T17:00,12.2,37,-2.2,870.9,4.7,266,Bhaisipati,27.6515,85.3008
2023-01-05T18:00,10.8,45,-0.6,870.9,4.1,225,Bhaisipati,27.6515,85.3008
2023-01-05T19:00,10.7,43,-1.3,871.4,3.2,207,Bhaisipati,27.6515,85.3008
2023-01-05T20:00,8.7,57,0.7,870.9,1.5,166,Bhaisipati,27.6515,85.3008
2023-01-05T21:00,7.0,68,1.4,870.4,2.3,162,Bhaisipati,27.6515,85.3008
2023-01-05T22:00,6.8,67,1.1,870.4,3.4,162,Bhaisipati,27.6515,85.3008
2023-01-05T23:00,6.7,66,0.7,870.0,4.1,165,Bhaisipati,27.6515,85.3008
2023-01-06T00:00,6.5,65,0.5,869.5,4.1,165,Bhaisipati,27.6515,85.3008
2023-01-06T01:00,6.2,66,0.2,868.7,3.7,169,Bhaisipati,27.6515,85.3008
2023-01-06T02:00,5.7,66,-0.2,868.0,3.0,166,Bhaisipati,27.6515,85.3008
2023-01-06T03:00,5.3,65,-0.8,867.4,2.6,164,Bhaisipati,27.6515,85.3008
2023-01-06T04:00,5.0,64,-1.3,867.3,3.3,167,Bhaisipati,27.6515,85.3008
2023-01-06T05:00,4.0,73,-0.4,867.6,4.8,167,Bhaisipati,27.6515,85.3008
2023-01-06T06:00,4.0,72,-0.6,868.1,4.8,167,Bhaisipati,27.6515,85.3008
2023-01-06T07:00,5.0,68,-0.4,869.3,4.8,167,Bhaisipati,27.6515,85.3008
2023-01-06T08:00,9.3,59,1.8,872.3,4.3,156,Bhaisipati,27.6515,85.3008
2023-01-06T09:00,14.3,37,-0.1,874.8,2.6,74,Bhaisipati,27.6515,85.3008
2023-01-06T10:00,16.2,33,-0.3,875.0,2.6,16,Bhaisipati,27.6515,85.3008
2023-01-06T11:00,17.5,30,-0.0,874.4,3.8,343,Bhaisipati,27.6515,85.3008
2023-01-06T12:00,18.4,29,0.1,873.6,5.8,330,Bhaisipati,27.6515,85.3008
2023-01-06T13:00,18.6,30,0.7,872.6,8.0,324,Bhaisipati,27.6515,85.3008
2023-01-06T14:00,18.2,30,0.2,872.0,9.0,323,Bhaisipati,27.6515,85.3008
2023-01-06T15:00,17.2,28,-1.6,871.7,8.2,337,Bhaisipati,27.6515,85.3008
2023-01-06T16:00,14.7,48,3.9,870.7,4.0,360,Bhaisipati,27.6515,85.3008
2023-01-06T17:00,14.1,33,-1.9,871.6,3.3,139,Bhaisipati,27.6515,85.3008
2023-01-06T18:00,10.8,55,2.0,870.6,1.8,169,Bhaisipati,27.6515,85.3008
2023-01-06T19:00,9.5,60,2.1,870.3,2.5,172,Bhaisipati,27.6515,85.3008
2023-01-06T20:00,8.8,62,1.9,870.3,2.6,164,Bhaisipati,27.6515,85.3008
2023-01-06T21:00,8.3,61,1.3,870.1,4.2,160,Bhaisipati,27.6515,85.3008
2023-01-06T22:00,8.2,59,0.7,870.1,4.9,163,Bhaisipati,27.6515,85.3008
2023-01-06T23:00,8.3,54,-0.3,869.7,4.8,167,Bhaisipati,27.6515,85.3008
2023-01-07T00:00,8.2,52,-1.1,869.3,4.5,166,Bhaisipati,27.6515,85.3008
2023-01-07T01:00,7.6,53,-1.4,868.4,4.9,163,Bhaisipati,27.6515,85.3008
2023-01-07T02:00,7.2,52,-1.9,867.7,5.0,159,Bhaisipati,27.6515,85.3008
2023-01-07T03:00,7.3,50,-2.5,867.1,4.5,166,Bhaisipati,27.6515,85.3008
2023-01-07T04:00,7.3,48,-3.1,866.8,4.8,167,Bhaisipati,27.6515,85.3008
2023-01-07T05:00,5.6,48,-4.5,866.8,5.9,166,Bhaisipati,27.6515,85.3008
2023-01-07T06:00,6.3,42,-5.8,867.7,4.1,165,Bhaisipati,27.6515,85.3008
2023-01-07T07:00,7.3,40,-5.5,868.9,3.8,163,Bhaisipati,27.6515,85.3008
2023-01-07T08:00,11.3,39,-2.1,871.4,4.6,162,Bhaisipati,27.6515,85.3008
2023-01-07T09:00,15.7,27,-3.4,873.8,3.9,124,Bhaisipati,27.6515,85.3008
2023-01-07T10:00,17.6,20,-6.0,874.4,2.4,63,Bhaisipati,27.6515,85.3008
2023-01-07T11:00,18.8,19,-5.5,874.0,2.9,353,Bhaisipati,27.6515,85.3008
2023-01-07T12:00,19.5,19,-5.0,873.1,5.6,333,Bhaisipati,27.6515,85.3008
2023-01-07T13:00,19.6,18,-5.2,872.1,8.5,332,Bhaisipati,27.6515,85.3008
2023-01-07T14:00,19.0,18,-5.8,870.9,9.3,332,Bhaisipati,27.6515,85.3008
2023-01-07T15:00,18.1,19,-5.9,870.3,7.9,330,Bhaisipati,27.6515,85.3008
2023-01-07T16:00,15.1,52,5.3,868.9,5.8,330,Bhaisipati,27.6515,85.3008
2023-01-07T17:00,14.6,24,-5.5,869.7,2.6,196,Bhaisipati,27.6515,85.3008
2023-01-07T18:00,10.7,47,-0.1,868.3,2.5,188,Bhaisipati,27.6515,85.3008
2023-01-07T19:00,10.1,44,-1.6,868.4,1.8,180,Bhaisipati,27.6515,85.3008
2023-01-07T20:00,9.3,49,-1.0,868.3,1.5,166,Bhaisipati,27.6515,85.3008
2023-01-07T21:00,9.0,49,-1.3,868.5,2.3,162,Bhaisipati,27.6515,85.3008
2023-01-07T22:00,9.0,46,-1.9,868.4,4.1,165,Bhaisipati,27.6515,85.3008
2023-01-07T23:00,8.3,48,-2.1,867.5,5.2,168,Bhaisipati,27.6515,85.3008
2023-01-08T00:00,7.8,48,-2.5,866.8,5.6,165,Bhaisipati,27.6515,85.3008
2023-01-08T01:00,7.9,45,-3.5,866.4,5.7,162,Bhaisipati,27.6515,85.3008
2023-01-08T02:00,7.8,42,-4.3,865.6,5.7,162,Bhaisipati,27.6515,85.3008
2023-01-08T03:00,7.6,40,-5.2,865.0,5.4,160,Bhaisipati,27.6515,85.3008
2023-01-08T04:00,7.4,39,-5.8,864.7,4.6,162,Bhaisipati,27.6515,85.3008
2023-01-08T05:00,5.4,50,-4.2,864.9,7.3,160,Bhaisipati,27.6515,85.3008
2023-01-08T06:00,6.4,41,-5.9,866.1,5.4,160,Bhaisipati,27.6515,85.3008
2023-01-08T07:00,6.9,40,-5.8,866.9,5.9,166,Bhaisipati,27.6515,85.3008
2023-01-08T08:00,10.3,40,-2.8,869.4,6.2,170,Bhaisipati,27.6515,85.3008
2023-01-08T09:00,15.5,25,-4.5,872.1,4.1,135,Bhaisipati,27.6515,85.3008
2023-01-08T10:00,17.4,19,-6.2,872.4,2.9,83,Bhaisipati,27.6515,85.3008
2023-01-08T11:00,18.8,18,-6.3,871.9,1.8,37,Bhaisipati,27.6515,85.3008
2023-01-08T12:00,19.6,17,-6.4,871.2,3.2,333,Bhaisipati,27.6515,85.3008
2023-01-08T13:00,19.8,18,-5.5,870.5,4.8,312,Bhaisipati,27.6515,85.3008
2023-01-08T14:00,19.3,19,-4.7,870.1,5.8,300,Bhaisipati,27.6515,85.3008
2023-01-08T15:00,18.4,22,-3.6,869.6,5.4,290,Bhaisipati,27.6515,85.3008
2023-01-08T16:00,16.0,48,5.1,869.1,4.3,265,Bhaisipati,27.6515,85.3008
2023-01-08T17:00,14.3,35,-1.1,869.2,3.8,197,Bhaisipati,27.6515,85.3008
2023-01-08T18:00,11.0,56,2.4,868.0,2.5,180,Bhaisipati,27.6515,85.3008
2023-01-08T19:00,10.3,46,-0.7,868.3,1.8,169,Bhaisipati,27.6515,85.3008
2023-01-08T20:00,10.0,40,-3.1,868.6,2.6,164,Bhaisipati,27.6515,85.3008
2023-01-08T21:00,9.5,38,-4.1,868.6,3.3,167,Bhaisipati,27.6515,85.3008
2023-01-08T22:00,9.2,39,-4.1,868.6,3.6,174,Bhaisipati,27.6515,85.3008
2023-01-08T23:00,8.7,43,-3.2,868.2,4.0,170,Bhaisipati,27.6515,85.3008
2023-01-09T00:00,8.6,45,-2.8,867.8,5.2,168,Bhaisipati,27.6515,85.3008
2023-01-09T01:00,8.3,45,-2.9,867.1,6.0,163,Bhaisipati,27.6515,85.3008
2023-01-09T02:00,8.4,42,-3.9,866.5,5.9,166,Bhaisipati,27.6515,85.3008
2023-01-09T03:00,8.1,40,-4.6,866.1,5.0,159,Bhaisipati,27.6515,85.3008
2023-01-09T04:00,7.5,40,-5.1,866.0,5.2,164,Bhaisipati,27.6515,85.3008
2023-01-09T05:00,5.7,47,-4.9,866.3,6.3,167,Bhaisipati,27.6515,85.3008
2023-01-09T06:00,5.2,49,-4.8,866.6,7.1,165,Bhaisipati,27.6515,85.3008
2023-01-09T07:00,6.0,48,-4.2,867.7,8.1,167,Bhaisipati,27.6515,85.3008
2023-01-09T08:00,10.5,43,-1.6,870.5,8.0,170,Bhaisipati,27.6515,85.3008
2023-01-09T09:00,15.3,27,-3.5,873.5,2.9,150,Bhaisipati,27.6515,85.3008
2023-01-09T10:00,17.1,24,-3.8,873.7,2.8,50,Bhaisipati,27.6515,85.3008
2023-01-09T11:00,18.4,23,-3.2,873.2,3.1,36,Bhaisipati,27.6515,85.3008
2023-01-09T12:00,19.4,22,-3.1,872.1,3.6,360,Bhaisipati,27.6515,85.3008
2023-01-09T13:00,19.6,22,-2.9,871.2,5.0,330,Bhaisipati,27.6515,85.3008
2023-01-09T14:00,19.4,22,-2.6,870.5,6.4,322,Bhaisipati,27.6515,85.3008
2023-01-09T15:00,18.4,24,-2.6,870.3,6.6,311,Bhaisipati,27.6515,85.3008
2023-01-09T16:00,15.8,51,5.6,869.6,4.9,306,Bhaisipati,27.6515,85.3008
2023-01-09T17:00,15.2,30,-2.5,869.8,3.9,248,Bhaisipati,27.6515,85.3008
2023-01-09T18:00,12.2,48,1.6,869.2,4.2,211,Bhaisipati,27.6515,85.3008
2023-01-09T19:00,10.5,56,2.1,868.7,3.3,186,Bhaisipati,27.6515,85.3008
2023-01-09T20:00,10.0,54,1.1,868.8,2.5,172,Bhaisipati,27.6515,85.3008
2023-01-09T21:00,9.5,54,0.7,868.5,3.0,166,Bhaisipati,27.6515,85.3008
2023-01-09T22:00,9.2,55,0.6,868.3,3.3,167,Bhaisipati,27.6515,85.3008
2023-01-09T23:00,8.8,55,0.4,867.7,3.6,174,Bhaisipati,27.6515,85.3008
2023-01-10T00:00,8.6,56,0.2,867.3,3.6,174,Bhaisipati,27.6515,85.3008
2023-01-10T01:00,8.1,57,0.0,866.8,3.6,174,Bhaisipati,27.6515,85.3008
2023-01-10T02:00,7.9,56,-0.5,866.2,3.3,174,Bhaisipati,27.6515,85.3008
2023-01-10T03:00,7.8,54,-1.1,865.6,3.7,169,Bhaisipati,27.6515,85.3008
2023-01-10T04:00,7.4,53,-1.6,865.4,4.4,171,Bhaisipati,27.6515,85.3008
2023-01-10T05:00,5.9,56,-2.3,865.6,5.9,169,Bhaisipati,27.6515,85.3008
2023-01-10T06:00,5.9,55,-2.4,865.9,5.5,169,Bhaisipati,27.6515,85.3008
2023-01-10T07:00,6.9,53,-1.9,867.1,5.9,169,Bhaisipati,27.6515,85.3008
2023-01-10T08:00,10.9,50,0.8,869.4,6.2,173,Bhaisipati,27.6515,85.3008
2023-01-10T09:00,15.3,31,-1.9,871.6,2.1,149,Bhaisipati,27.6515,85.3008
2023-01-10T10:00,16.9,27,-2.2,871.8,2.2,351,Bhaisipati,27.6515,85.3008
2023-01-10T11:00,17.9,27,-1.3,871.0,4.2,329,Bhaisipati,27.6515,85.3008
2023-01-10T12:00,18.5,28,-0.3,869.9,5.7,325,Bhaisipati,27.6515,85.3008
2023-01-10T13:00,18.8,28,0.1,868.9,7.3,327,Bhaisipati,27.6515,85.3008
2023-01-10T14:00,18.4,29,-0.1,868.0,6.4,333,Bhaisipati,27.6515,85.3008
2023-01-10T15:00,17.7,30,-0.3,867.1,5.5,337,Bhaisipati,27.6515,85.3008
2023-01-10T16:00,15.7,57,7.2,866.4,4.7,337,Bhaisipati,27.6515,85.3008
2023-01-10T17:00,14.7,33,-1.4,867.1,5.2,282,Bhaisipati,27.6515,85.3008
2023-01-10T18:00,13.9,34,-1.8,867.3,4.4,279,Bhaisipati,27.6515,85.3008
2023-01-10T19:00,13.1,36,-1.6,867.4,1.5,166,Bhaisipati,27.6515,85.3008
2023-01-10T20:00,9.7,60,2.2,865.9,1.8,169,Bhaisipati,27.6515,85.3008
2023-01-10T21:00,9.0,59,1.5,865.6,2.5,172,Bhaisipati,27.6515,85.3008
2023-01-10T22:00,8.7,60,1.2,865.1,2.5,172,Bhaisipati,27.6515,85.3008
2023-01-10T23:00,7.9,64,1.5,864.4,1.8,169,Bhaisipati,27.6515,85.3008
2023-01-11T00:00,7.7,64,1.3,863.8,3.3,174,Bhaisipati,27.6515,85.3008
2023-01-11T01:00,7.5,64,1.1,862.9,3.8,163,Bhaisipati,27.6515,85.3008
2023-01-11T02:00,7.2,64,0.8,862.2,3.8,163,Bhaisipati,27.6515,85.3008
2023-01-11T03:00,7.1,62,0.4,861.9,4.1,165,Bhaisipati,27.6515,85.3008
2023-01-11T04:00,6.7,63,0.1,861.7,4.0,170,Bhaisipati,27.6515,85.3008
2023-01-11T05:00,4.9,72,0.3,862.3,6.5,161,Bhaisipati,27.6515,85.3008
2023-01-11T06:00,6.3,62,-0.5,863.3,5.0,159,Bhaisipati,27.6515,85.3008
2023-01-11T07:00,7.2,59,-0.2,864.2,6.8,162,Bhaisipati,27.6515,85.3008
2023-01-11T08:00,10.8,53,1.6,866.6,7.1,156,Bhaisipati,27.6515,85.3008
2023-01-11T09:00,14.4,41,1.4,868.7,3.4,108,Bhaisipati,27.6515,85.3008
2023-01-11T10:00,16.4,35,0.9,869.0,4.7,99,Bhaisipati,27.6515,85.3008
2023-01-11T11:00,17.8,33,1.3,868.6,1.0,135,Bhaisipati,27.6515,85.3008
2023-01-11T12:00,18.3,33,1.6,868.0,2.8,310,Bhaisipati,27.6515,85.3008
2023-01-11T13:00,18.3,34,2.1,867.1,3.9,304,Bhaisipati,27.6515,85.3008
2023-01-11T14:00,17.9,36,2.6,866.3,4.4,305,Bhaisipati,27.6515,85.3008
2023-01-11T15:00,17.1,40,3.2,866.1,6.4,297,Bhaisipati,27.6515,85.3008
2023-01-11T16:00,15.1,54,5.8,865.7,3.6,307,Bhaisipati,27.6515,85.3008
2023-01-11T17:00,13.4,51,3.5,865.3,4.1,255,Bhaisipati,27.6515,85.3008
2023-01-11T18:00,10.5,73,5.9,864.6,3.2,207,Bhaisipati,27.6515,85.3008
2023-01-11T19:00,9.8,69,4.4,864.9,2.2,180,Bhaisipati,27.6515,85.3008
2023-01-11T20:00,9.3,65,3.0,864.9,2.2,171,Bhaisipati,27.6515,85.3008
2023-01-11T21:00,8.7,62,1.8,864.7,3.2,180,Bhaisipati,27.6515,85.3008
2023-01-11T22:00,8.1,61,1.0,864.6,4.3,175,Bhaisipati,27.6515,85.3008
2023-01-11T23:00,7.5,63,0.8,864.1,4.7,176,Bhaisipati,27.6515,85.3008
2023-01-12T00:00,6.8,66,0.9,863.0,5.1,172,Bhaisipati,27.6515,85.3008
2023-01-12T01:00,6.1,69,0.8,862.3,5.4,172,Bhaisipati,27.6515,85.3008
2023-01-12T02:00,5.8,69,0.5,861.5,5.8,176,Bhaisipati,27.6515,85.3008
2023-01-12T03:00,5.6,67,0.0,861.1,5.4,180,Bhaisipati,27.6515,85.3008
2023-01-12T04:00,5.5,65,-0.6,860.5,5.0,180,Bhaisipati,27.6515,85.3008
2023-01-12T05:00,4.7,70,-0.4,860.4,5.4,176,Bhaisipati,27.6515,85.3008
2023-01-12T06:00,5.0,66,-0.8,861.3,4.7,176,Bhaisipati,27.6515,85.3008
2023-01-12T07:00,5.7,63,-0.7,862.0,5.8,180,Bhaisipati,27.6515,85.3008
2023-01-12T08:00,10.0,57,1.9,864.7,6.5,177,Bhaisipati,27.6515,85.3008
2023-01-12T09:00,13.6,40,0.1,866.8,1.6,153,Bhaisipati,27.6515,85.3008
2023-01-12T10:00,15.1,36,-0.0,867.3,1.1,18,Bhaisipati,27.6515,85.3008
2023-01-12T11:00,16.4,34,0.5,866.8,1.4,360,Bhaisipati,27.6515,85.3008
2023-01-12T12:00,17.4,33,0.9,865.8,2.9,330,Bhaisipati,27.6515,85.3008
2023-01-12T13:00,17.7,33,1.2,864.9,5.1,309,Bhaisipati,27.6515,85.3008
2023-01-12T14:00,17.4,34,1.5,864.1,6.0,303,Bhaisipati,27.6515,85.3008
2023-01-12T15:00,16.5,37,1.6,863.6,5.7,305,Bhaisipati,27.6515,85.3008
2023-01-12T16:00,14.7,60,7.0,863.1,3.1,306,Bhaisipati,27.6515,85.3008
2023-01-12T17:00,13.2,47,2.2,862.9,2.8,230,Bhaisipati,27.6515,85.3008
2023-01-12T18:00,10.5,69,5.1,862.4,3.2,207,Bhaisipati,27.6515,85.3008
2023-01-12T19:00,9.6,70,4.4,862.9,2.7,203,Bhaisipati,27.6515,85.3008
2023-01-12T20:00,8.6,72,3.9,863.2,2.2,189,Bhaisipati,27.6515,85.3008
2023-01-12T21:00,8.0,73,3.4,863.5,2.2,189,Bhaisipati,27.6515,85.3008
2023-01-12T22:00,7.7,71,2.8,863.5,2.9,187,Bhaisipati,27.6515,85.3008
2023-01-12T23:00,7.5,71,2.6,863.1,3.3,186,Bhaisipati,27.6515,85.3008
2023-01-13T00:00,7.0,74,2.6,862.6,4.0,190,Bhaisipati,27.6515,85.3008
2023-01-13T01:00,6.6,75,2.5,862.0,4.0,185,Bhaisipati,27.6515,85.3008
2023-01-13T02:00,6.8,72,2.2,861.4,3.3,186,Bhaisipati,27.6515,85.3008
2023-01-13T03:00,6.8,70,1.7,861.1,2.9,187,Bhaisipati,27.6515,85.3008
2023-01-13T04:00,7.1,67,1.3,861.3,2.9,187,Bhaisipati,27.6515,85.3008
2023-01-13T05:00,8.8,57,0.7,862.8,2.5,188,Bhaisipati,27.6515,85.3008
2023-01-13T06:00,6.3,67,0.7,862.3,3.6,186,Bhaisipati,27.6515,85.3008
2023-01-13T07:00,7.0,70,1.9,863.3,3.2,180,Bhaisipati,27.6515,85.3008
2023-01-13T08:00,11.0,54,2.1,865.9,3.4,162,Bhaisipati,27.6515,85.3008
2023-01-13T09:00,13.2,43,0.9,867.3,1.1,252,Bhaisipati,27.6515,85.3008
2023-01-13T10:00,14.7,38,0.6,867.9,4.7,328,Bhaisipati,27.6515,85.3008
2023-01-13T11:00,15.5,36,0.6,867.5,7.6,329,Bhaisipati,27.6515,85.3008
2023-01-13T12:00,16.2,34,0.4,866.7,8.7,322,Bhaisipati,27.6515,85.3008
2023-01-13T13:00,16.7,33,0.2,865.7,9.0,323,Bhaisipati,27.6515,85.3008
2023-01-13T14:00,16.8,31,-0.5,865.2,9.4,320,Bhaisipati,27.6515,85.3008
2023-01-13T15:00,16.2,32,-0.5,864.8,9.7,321,Bhaisipati,27.6515,85.3008
2023-01-13T16:00,14.6,42,1.8,864.5,5.8,338,Bhaisipati,27.6515,85.3008
2023-01-13T17:00,12.2,52,2.7,863.6,8.4,335,Bhaisipati,27.6515,85.3008
2023-01-13T18:00,11.1,60,3.6,864.2,6.9,309,Bhaisipati,27.6515,85.3008
2023-01-13T19:00,11.8,51,2.0,865.3,5.8,274,Bhaisipati,27.6515,85.3008
2023-01-13T20:00,11.5,52,2.0,865.8,3.7,241,Bhaisipati,27.6515,85.3008
2023-01-13T21:00,10.8,54,2.0,866.1,0.7,180,Bhaisipati,27.6515,85.3008
2023-01-13T22:00,8.3,67,2.6,865.2,1.8,180,Bhaisipati,27.6515,85.3008
2023-01-13T23:00,8.6,65,2.4,864.8,1.8,169,Bhaisipati,27.6515,85.3008
2023-01-14T00:00,10.4,56,2.1,865.2,1.8,169,Bhaisipati,27.6515,85.3008
2023-01-14T01:00,9.7,59,2.1,864.3,1.8,169,Bhaisipati,27.6515,85.3008
2023-01-14T02:00,9.5,59,1.9,863.7,1.8,169,Bhaisipati,27.6515,85.3008
2023-01-14T03:00,9.0,60,1.8,862.9,1.8,169,Bhaisipati,27.6515,85.3008
2023-01-14T04:00,7.7,65,1.5,861.9,2.2,171,Bhaisipati,27.6515,85.3008
2023-01-14T05:00,6.0,74,1.8,861.6,4.6,162,Bhaisipati,27.6515,85.3008
2023-01-14T06:00,5.6,77,1.9,861.9,3.8,163,Bhaisipati,27.6515,85.3008
2023-01-14T07:00,7.2,73,2.6,863.0,3.0,166,Bhaisipati,27.6515,85.3008
2023-01-14T08:00,10.3,67,4.5,865.2,4.5,151,Bhaisipati,27.6515,85.3008
2023-01-14T09:00,13.3,48,2.6,867.2,2.3,39,Bhaisipati,27.6515,85.3008
2023-01-14T10:00,14.8,41,1.8,867.5,5.3,332,Bhaisipati,27.6515,85.3008
2023-01-14T11:00,15.8,37,1.2,867.0,8.7,315,Bhaisipati,27.6515,85.3008
2023-01-14T12:00,16.3,37,1.5,865.9,9.4,320,Bhaisipati,27.6515,85.3008
2023-01-14T13:00,16.6,36,1.4,865.0,10.1,325,Bhaisipati,27.6515,85.3008
2023-01-14T14:00,16.4,36,1.3,864.5,10.8,323,Bhaisipati,27.6515,85.3008
2023-01-14T15:00,15.7,38,1.6,864.0,10.5,319,Bhaisipati,27.6515,85.3008
2023-01-14T16:00,14.4,46,2.9,863.5,6.7,324,Bhaisipati,27.6515,85.3008
2023-01-14T17:00,11.0,63,4.4,862.5,9.8,298,Bhaisipati,27.6515,85.3008
2023-01-14T18:00,10.4,68,4.9,862.8,6.7,286,Bhaisipati,27.6515,85.3008
2023-01-14T19:00,9.5,71,4.6,863.0,5.8,240,Bhaisipati,27.6515,85.3008
2023-01-14T20:00,8.2,76,4.3,862.8,4.2,200,Bhaisipati,27.6515,85.3008
2023-01-14T21:00,8.0,74,3.7,863.3,2.5,180,Bhaisipati,27.6515,85.3008
2023-01-14T22:00,7.4,75,3.3,862.9,2.5,188,Bhaisipati,27.6515,85.3008
2023-01-14T23:00,7.0,76,3.0,862.3,2.5,188,Bhaisipati,27.6515,85.3008
2023-01-15T00:00,6.5,77,2.7,861.8,2.9,180,Bhaisipati,27.6515,85.3008
2023-01-15T01:00,6.1,77,2.4,861.3,3.6,180,Bhaisipati,27.6515,85.3008
2023-01-15T02:00,5.9,76,1.9,860.5,4.0,170,Bhaisipati,27.6515,85.3008
2023-01-15T03:00,5.8,74,1.6,859.9,4.5,166,Bhaisipati,27.6515,85.3008
2023-01-15T04:00,5.6,74,1.3,859.5,4.1,165,Bhaisipati,27.6515,85.3008
2023-01-15T05:00,5.2,83,2.6,860.0,4.1,165,Bhaisipati,27.6515,85.3008
2023-01-15T06:00,5.6,82,2.9,860.6,3.4,162,Bhaisipati,27.6515,85.3008
2023-01-15T07:00,7.1,78,3.5,861.7,3.8,163,Bhaisipati,27.6515,85.3008
2023-01-15T08:00,10.3,71,5.3,863.9,5.0,159,Bhaisipati,27.6515,85.3008
2023-01-15T09:00,13.4,54,4.2,865.7,1.3,56,Bhaisipati,27.6515,85.3008
2023-01-15T10:00,15.1,47,3.8,865.8,2.6,344,Bhaisipati,27.6515,85.3008
2023-01-15T11:00,16.3,45,4.2,865.2,5.7,325,Bhaisipati,27.6515,85.3008
2023-01-15T12:00,16.7,47,5.4,864.2,8.9,320,Bhaisipati,27.6515,85.3008
2023-01-15T13:00,16.5,52,6.5,863.6,10.0,319,Bhaisipati,27.6515,85.3008
2023-01-15T14:00,16.1,53,6.4,863.1,9.6,326,Bhaisipati,27.6515,85.3008
2023-01-15T15:00,14.9,57,6.4,862.6,9.0,331,Bhaisipati,27.6515,85.3008
2023-01-15T16:00,13.5,64,6.8,862.2,6.4,333,Bhaisipati,27.6515,85.3008
2023-01-15T17:00,11.0,73,6.3,861.4,5.2,348,Bhaisipati,27.6515,85.3008
2023-01-15T18:00,10.0,79,6.6,862.0,4.9,324,Bhaisipati,27.6515,85.3008
2023-01-15T19:00,9.8,78,6.1,862.9,1.5,194,Bhaisipati,27.6515,85.3008
2023-01-15T20:00,8.9,83,6.1,863.0,0.8,153,Bhaisipati,27.6515,85.3008
2023-01-15T21:00,7.0,92,5.8,862.4,1.9,158,Bhaisipati,27.6515,85.3008
2023-01-15T22:00,6.7,93,5.7,862.0,2.5,172,Bhaisipati,27.6515,85.3008
2023-01-15T23:00,5.9,97,5.5,861.7,2.2,180,Bhaisipati,27.6515,85.3008
2023-01-16T00:00,5.3,100,5.3,861.4,1.1,162,Bhaisipati,27.6515,85.3008
2023-01-16T01:00,4.6,100,4.6,860.9,3.6,174,Bhaisipati,27.6515,85.3008
2023-01-16T02:00,3.8,100,3.8,860.2,5.1,176,Bhaisipati,27.6515,85.3008
2023-01-16T03:00,3.9,100,3.9,860.3,5.1,176,Bhaisipati,27.6515,85.3008
2023-01-16T04:00,3.8,100,3.8,859.9,6.1,177,Bhaisipati,27.6515,85.3008
2023-01-16T05:00,5.0,100,5.0,861.1,7.2,177,Bhaisipati,27.6515,85.3008
2023-01-16T06:00,4.5,100,4.5,861.6,6.3,167,Bhaisipati,27.6515,85.3008
2023-01-16T07:00,4.9,100,4.9,862.4,6.6,171,Bhaisipati,27.6515,85.3008
2023-01-16T08:00,8.1,81,5.0,864.7,3.5,156,Bhaisipati,27.6515,85.3008
2023-01-16T09:00,10.8,66,4.6,866.7,3.6,354,Bhaisipati,27.6515,85.3008
2023-01-16T10:00,12.3,56,3.7,867.2,5.2,326,Bhaisipati,27.6515,85.3008
2023-01-16T11:00,13.5,53,4.0,866.8,7.2,323,Bhaisipati,27.6515,85.3008
2023-01-16T12:00,14.1,51,4.1,865.7,8.7,322,Bhaisipati,27.6515,85.3008
2023-01-16T13:00,14.1,52,4.5,864.8,9.8,324,Bhaisipati,27.6515,85.3008
2023-01-16T14:00,13.8,56,5.2,864.2,10.3,331,Bhaisipati,27.6515,85.3008
2023-01-16T15:00,13.0,61,5.7,863.7,8.6,338,Bhaisipati,27.6515,85.3008
2023-01-16T16:00,11.8,65,5.6,863.3,6.2,353,Bhaisipati,27.6515,85.3008
2023-01-16T17:00,9.8,77,5.9,862.9,6.2,21,Bhaisipati,27.6515,85.3008
2023-01-16T18:00,8.6,84,6.1,863.1,2.7,113,Bhaisipati,27.6515,85.3008
2023-01-16T19:00,7.7,87,5.6,863.6,0.5,135,Bhaisipati,27.6515,85.3008
2023-01-16T20:00,7.1,88,5.2,863.8,2.3,162,Bhaisipati,27.6515,85.3008
2023-01-16T21:00,6.5,90,4.9,863.6,2.6,164,Bhaisipati,27.6515,85.3008
2023-01-16T22:00,5.9,92,4.7,863.2,2.5,172,Bhaisipati,27.6515,85.3008
2023-01-16T23:00,5.0,96,4.3,862.4,2.5,172,Bhaisipati,27.6515,85.3008
2023-01-17T00:00,4.3,96,3.8,861.7,2.2,171,Bhaisipati,27.6515,85.3008
2023-01-17T01:00,4.0,97,3.6,861.4,2.2,180,Bhaisipati,27.6515,85.3008
2023-01-17T02:00,4.0,97,3.5,860.9,1.8,180,Bhaisipati,27.6515,85.3008
2023-01-17T03:00,3.8,97,3.4,860.5,2.2,180,Bhaisipati,27.6515,85.3008
2023-01-17T04:00,3.2,98,3.0,860.1,2.2,171,Bhaisipati,27.6515,85.3008
2023-01-17T05:00,2.1,100,2.1,860.2,5.8,176,Bhaisipati,27.6515,85.3008
2023-01-17T06:00,1.6,100,1.6,860.3,5.4,176,Bhaisipati,27.6515,85.3008
2023-01-17T07:00,1.9,100,1.9,861.1,4.0,180,Bhaisipati,27.6515,85.3008
2023-01-17T08:00,6.5,93,5.4,864.6,1.1,162,Bhaisipati,27.6515,85.3008
2023-01-17T09:00,10.0,68,4.4,866.7,3.4,342,Bhaisipati,27.6515,85.3008
2023-01-17T10:00,11.8,56,3.4,867.4,5.5,337,Bhaisipati,27.6515,85.3008
2023-01-17T11:00,13.2,51,3.3,867.1,7.4,337,Bhaisipati,27.6515,85.3008
2023-01-17T12:00,14.1,50,3.8,866.1,8.4,335,Bhaisipati,27.6515,85.3008
2023-01-17T13:00,14.4,52,4.6,865.2,9.7,329,Bhaisipati,27.6515,85.3008
2023-01-17T14:00,14.2,54,5.1,864.6,9.7,333,Bhaisipati,27.6515,85.3008
2023-01-17T15:00,13.6,56,5.0,864.3,8.9,339,Bhaisipati,27.6515,85.3008
2023-01-17T16:00,12.3,61,4.9,864.1,8.2,345,Bhaisipati,27.6515,85.3008
2023-01-17T17:00,9.8,77,6.1,863.2,7.2,3,Bhaisipati,27.6515,85.3008
2023-01-17T18:00,9.5,75,5.3,863.9,5.9,317,Bhaisipati,27.6515,85.3008
2023-01-17T19:00,9.5,72,4.7,865.0,4.6,288,Bhaisipati,27.6515,85.3008
2023-01-17T20:00,8.6,78,5.0,865.4,2.7,203,Bhaisipati,27.6515,85.3008
2023-01-17T21:00,6.6,91,5.2,865.2,0.8,153,Bhaisipati,27.6515,85.3008
2023-01-17T22:00,6.1,93,5.1,865.4,1.8,169,Bhaisipati,27.6515,85.3008
2023-01-17T23:00,5.7,93,4.7,864.8,4.4,171,Bhaisipati,27.6515,85.3008
2023-01-18T00:00,4.8,93,3.7,863.6,5.1,172,Bhaisipati,27.6515,85.3008
2023-01-18T01:00,3.4,99,3.2,862.8,5.8,173,Bhaisipati,27.6515,85.3008
2023-01-18T02:00,2.1,100,2.1,862.2,4.7,176,Bhaisipati,27.6515,85.3008
2023-01-18T03:00,1.8,100,1.8,862.1,5.8,176,Bhaisipati,27.6515,85.3008
2023-01-18T04:00,1.7,100,1.7,861.6,6.1,177,Bhaisipati,27.6515,85.3008
2023-01-18T05:00,3.6,96,3.0,863.5,7.2,177,Bhaisipati,27.6515,85.3008
2023-01-18T06:00,3.9,94,3.1,864.1,2.5,172,Bhaisipati,27.6515,85.3008
2023-01-18T07:00,4.7,88,2.9,865.5,2.2,171,Bhaisipati,27.6515,85.3008
2023-01-18T08:00,8.0,65,1.8,867.7,1.6,153,Bhaisipati,27.6515,85.3008
2023-01-18T09:00,9.8,49,-0.5,868.8,1.0,315,Bhaisipati,27.6515,85.3008
2023-01-18T10:00,11.8,45,0.3,869.4,2.4,333,Bhaisipati,27.6515,85.3008
2023-01-18T11:00,13.5,43,1.2,869.1,5.7,325,Bhaisipati,27.6515,85.3008
2023-01-18T12:00,14.2,43,1.9,868.6,8.9,328,Bhaisipati,27.6515,85.3008
2023-01-18T13:00,14.4,41,1.4,867.6,9.5,335,Bhaisipati,27.6515,85.3008
2023-01-18T14:00,14.4,39,0.6,866.8,9.0,337,Bhaisipati,27.6515,85.3008
2023-01-18T15:00,13.8,44,1.6,866.2,8.7,336,Bhaisipati,27.6515,85.3008
2023-01-18T16:00,12.5,51,2.7,866.0,7.8,347,Bhaisipati,27.6515,85.3008
2023-01-18T17:00,10.8,58,2.9,865.2,6.6,351,Bhaisipati,27.6515,85.3008
2023-01-18T18:00,10.5,61,3.2,866.1,5.4,307,Bhaisipati,27.6515,85.3008
2023-01-18T19:00,10.0,67,4.2,866.7,4.3,265,Bhaisipati,27.6515,85.3008
2023-01-18T20:00,8.8,74,4.6,866.8,1.1,180,Bhaisipati,27.6515,85.3008
2023-01-18T21:00,6.5,85,4.2,866.2,2.5,180,Bhaisipati,27.6515,85.3008
2023-01-18T22:00,6.1,86,4.0,866.0,2.2,180,Bhaisipati,27.6515,85.3008
2023-01-18T23:00,5.5,88,3.8,865.7,2.5,180,Bhaisipati,27.6515,85.3008
2023-01-19T00:00,5.0,89,3.4,865.0,2.9,180,Bhaisipati,27.6515,85.3008
2023-01-19T01:00,4.5,89,2.8,864.3,3.6,174,Bhaisipati,27.6515,85.3008
2023-01-19T02:00,4.0,88,2.2,863.8,3.6,174,Bhaisipati,27.6515,85.3008
2023-01-19T03:00,3.8,86,1.8,863.6,2.9,180,Bhaisipati,27.6515,85.3008
2023-01-19T04:00,3.8,85,1.5,863.7,2.2,171,Bhaisipati,27.6515,85.3008
2023-01-19T05:00,2.7,95,1.9,864.0,2.2,171,Bhaisipati,27.6515,85.3008
2023-01-19T06:00,3.2,92,2.1,864.9,1.1,180,Bhaisipati,27.6515,85.3008
2023-01-19T07:00,4.2,90,2.7,866.6,1.1,180,Bhaisipati,27.6515,85.3008
2023-01-19T08:00,7.8,80,4.7,869.5,1.3,214,Bhaisipati,27.6515,85.3008
2023-01-19T09:00,9.8,59,2.2,870.5,3.2,333,Bhaisipati,27.6515,85.3008
2023-01-19T10:00,11.7,50,1.6,870.8,3.9,338,Bhaisipati,27.6515,85.3008
2023-01-19T11:00,13.2,46,1.8,870.0,6.0,335,Bhaisipati,27.6515,85.3008
2023-01-19T12:00,14.0,47,3.0,869.3,8.7,336,Bhaisipati,27.6515,85.3008
2023-01-19T13:00,14.1,50,3.7,868.3,10.0,334,Bhaisipati,27.6515,85.3008
2023-01-19T14:00,13.9,52,4.2,867.5,9.2,334,Bhaisipati,27.6515,85.3008
2023-01-19T15:00,13.3,56,4.7,866.8,7.3,340,Bhaisipati,27.6515,85.3008
2023-01-19T16:00,12.5,59,4.8,866.6,6.3,336,Bhaisipati,27.6515,85.3008
2023-01-19T17:00,10.0,72,5.3,866.0,8.2,345,Bhaisipati,27.6515,85.3008
2023-01-19T18:00,9.5,74,5.2,866.7,4.8,312,Bhaisipati,27.6515,85.3008
2023-01-19T19:00,9.3,75,5.1,867.0,5.0,291,Bhaisipati,27.6515,85.3008
2023-01-19T20:00,7.7,84,5.1,866.5,2.5,180,Bhaisipati,27.6515,85.3008
2023-01-19T21:00,7.5,84,4.9,866.6,3.6,174,Bhaisipati,27.6515,85.3008
2023-01-19T22:00,6.7,87,4.7,866.1,4.7,176,Bhaisipati,27.6515,85.3008
2023-01-19T23:00,5.8,90,4.3,865.3,5.1,172,Bhaisipati,27.6515,85.3008
2023-01-20T00:00,5.4,89,3.8,864.4,5.8,173,Bhaisipati,27.6515,85.3008
2023-01-20T01:00,5.2,87,3.2,863.7,5.4,172,Bhaisipati,27.6515,85.3008
2023-01-20T02:00,5.5,82,2.6,863.0,4.4,171,Bhaisipati,27.6515,85.3008
2023-01-20T03:00,5.7,77,2.1,862.6,3.6,174,Bhaisipati,27.6515,85.3008
2023-01-20T04:00,5.9,74,1.6,862.6,2.5,172,Bhaisipati,27.6515,85.3008
2023-01-20T05:00,4.3,85,2.0,862.3,4.7,176,Bhaisipati,27.6515,85.3008
2023-01-20T06:00,4.4,84,1.9,863.7,2.5,172,Bhaisipati,27.6515,85.3008
2023-01-20T07:00,5.9,77,2.2,865.7,1.1,180,Bhaisipati,27.6515,85.3008
2023-01-20T08:00,9.7,68,4.2,868.7,1.9,112,Bhaisipati,27.6515,85.3008
2023-01-20T09:00,12.1,54,3.1,870.2,3.1,36,Bhaisipati,27.6515,85.3008
2023-01-20T10:00,14.4,47,3.3,870.5,3.4,18,Bhaisipati,27.6515,85.3008
2023-01-20T11:00,16.4,42,3.6,870.1,5.4,340,Bhaisipati,27.6515,85.3008
2023-01-20T12:00,17.6,39,3.5,869.5,7.7,323,Bhaisipati,27.6515,85.3008
2023-01-20T13:00,17.8,38,3.2,868.9,9.4,317,Bhaisipati,27.6515,85.3008
2023-01-20T14:00,17.3,41,3.8,868.3,8.4,320,Bhaisipati,27.6515,85.3008
2023-01-20T15:00,16.3,46,4.8,868.1,7.4,331,Bhaisipati,27.6515,85.3008
2023-01-20T16:00,14.8,54,5.5,867.5,5.9,346,Bhaisipati,27.6515,85.3008
2023-01-20T17:00,12.9,60,5.4,867.1,5.1,352,Bhaisipati,27.6515,85.3008
2023-01-20T18:00,10.5,77,6.6,866.5,1.1,180,Bhaisipati,27.6515,85.3008
2023-01-20T19:00,9.8,77,6.0,866.4,1.5,166,Bhaisipati,27.6515,85.3008
2023-01-20T20:00,9.3,78,5.8,866.7,2.9,173,Bhaisipati,27.6515,85.3008
2023-01-20T21:00,8.7,81,5.6,866.7,1.8,180,Bhaisipati,27.6515,85.3008
2023-01-20T22:00,8.4,80,5.2,866.8,1.4,180,Bhaisipati,27.6515,85.3008
2023-01-20T23:00,8.3,77,4.5,866.5,2.9,180,Bhaisipati,27.6515,85.3008
2023-01-21T00:00,7.9,75,3.7,865.6,3.3,186,Bhaisipati,27.6515,85.3008
2023-01-21T01:00,8.2,69,3.0,865.5,2.9,173,Bhaisipati,27.6515,85.3008
2023-01-21T02:00,9.0,63,2.4,865.3,3.7,169,Bhaisipati,27.6515,85.3008
2023-01-21T03:00,7.4,68,1.8,864.0,5.8,173,Bhaisipati,27.6515,85.3008
2023-01-21T04:00,7.2,65,1.1,863.5,5.4,176,Bhaisipati,27.6515,85.3008
2023-01-21T05:00,10.8,51,1.1,866.0,2.9,180,Bhaisipati,27.6515,85.3008
2023-01-21T06:00,11.5,46,0.3,867.2,1.9,202,Bhaisipati,27.6515,85.3008
2023-01-21T07:00,11.5,45,-0.0,868.0,1.6,207,Bhaisipati,27.6515,85.3008
2023-01-21T08:00,12.0,48,1.2,868.5,1.1,90,Bhaisipati,27.6515,85.3008
2023-01-21T09:00,14.1,44,1.9,869.7,2.2,360,Bhaisipati,27.6515,85.3008
2023-01-21T10:00,15.9,39,2.1,870.2,6.0,327,Bhaisipati,27.6515,85.3008
2023-01-21T11:00,16.7,39,2.6,870.0,8.3,326,Bhaisipati,27.6515,85.3008
2023-01-21T12:00,17.2,37,2.4,868.9,9.6,326,Bhaisipati,27.6515,85.3008
2023-01-21T13:00,17.8,32,0.8,868.0,10.3,324,Bhaisipati,27.6515,85.3008
2023-01-21T14:00,17.8,27,-1.3,867.1,11.0,319,Bhaisipati,27.6515,85.3008
2023-01-21T15:00,17.2,28,-1.5,866.4,10.4,314,Bhaisipati,27.6515,85.3008
2023-01-21T16:00,15.8,37,1.0,866.1,5.9,313,Bhaisipati,27.6515,85.3008
2023-01-21T17:00,14.5,39,0.6,865.3,8.4,301,Bhaisipati,27.6515,85.3008
2023-01-21T18:00,11.3,61,4.2,864.7,8.1,302,Bhaisipati,27.6515,85.3008
2023-01-21T19:00,10.9,62,4.0,865.4,7.3,290,Bhaisipati,27.6515,85.3008
2023-01-21T20:00,11.6,56,3.2,866.0,4.4,235,Bhaisipati,27.6515,85.3008
2023-01-21T21:00,8.6,70,3.4,864.9,3.4,198,Bhaisipati,27.6515,85.3008
2023-01-21T22:00,8.3,68,2.6,864.8,2.2,189,Bhaisipati,27.6515,85.3008
2023-01-21T23:00,8.0,65,1.9,864.7,2.9,187,Bhaisipati,27.6515,85.3008
2023-01-22T00:00,7.8,63,1.1,864.3,3.2,180,Bhaisipati,27.6515,85.3008
2023-01-22T01:00,7.3,61,0.4,863.7,3.3,174,Bhaisipati,27.6515,85.3008
2023-01-22T02:00,6.7,62,-0.0,863.2,3.3,174,Bhaisipati,27.6515,85.3008
2023-01-22T03:00,6.4,62,-0.5,862.8,3.3,174,Bhaisipati,27.6515,85.3008
2023-01-22T04:00,6.2,61,-0.8,862.7,4.0,175,Bhaisipati,27.6515,85.3008
2023-01-22T05:00,7.1,64,0.8,863.9,2.2,171,Bhaisipati,27.6515,85.3008
2023-01-22T06:00,5.6,73,1.1,864.0,3.3,174,Bhaisipati,27.6515,85.3008
2023-01-22T07:00,7.7,68,2.1,865.7,2.9,173,Bhaisipati,27.6515,85.3008
2023-01-22T08:00,11.5,59,3.7,868.1,4.0,170,Bhaisipati,27.6515,85.3008
2023-01-22T09:00,14.1,44,2.0,869.7,0.7,360,Bhaisipati,27.6515,85.3008
2023-01-22T10:00,15.9,31,-1.4,870.1,4.5,331,Bhaisipati,27.6515,85.3008
2023-01-22T11:00,17.2,24,-3.7,869.9,7.1,319,Bhaisipati,27.6515,85.3008
2023-01-22T12:00,18.0,22,-4.2,869.1,9.7,321,Bhaisipati,27.6515,85.3008
2023-01-22T13:00,18.4,20,-5.0,868.3,10.3,324,Bhaisipati,27.6515,85.3008
2023-01-22T14:00,18.3,19,-5.8,867.6,10.1,325,Bhaisipati,27.6515,85.3008
2023-01-22T15:00,17.8,19,-6.2,867.0,8.6,327,Bhaisipati,27.6515,85.3008
2023-01-22T16:00,16.0,39,2.2,866.1,3.8,319,Bhaisipati,27.6515,85.3008
2023-01-22T17:00,14.5,30,-2.9,865.9,8.2,285,Bhaisipati,27.6515,85.3008
2023-01-22T18:00,12.0,48,1.3,865.6,6.9,264,Bhaisipati,27.6515,85.3008
2023-01-22T19:00,11.3,51,1.6,866.0,5.4,233,Bhaisipati,27.6515,85.3008
2023-01-22T20:00,10.9,53,1.6,866.5,3.9,214,Bhaisipati,27.6515,85.3008
2023-01-22T21:00,12.0,45,0.4,867.5,2.4,207,Bhaisipati,27.6515,85.3008
2023-01-22T22:00,12.9,40,-0.6,868.4,1.5,194,Bhaisipati,27.6515,85.3008
2023-01-22T23:00,12.4,41,-0.6,868.0,2.6,196,Bhaisipati,27.6515,85.3008
2023-01-23T00:00,10.7,54,1.7,866.8,2.9,150,Bhaisipati,27.6515,85.3008
2023-01-23T01:00,9.2,59,1.5,865.4,4.2,160,Bhaisipati,27.6515,85.3008
2023-01-23T02:00,8.8,56,0.6,864.6,3.7,169,Bhaisipati,27.6515,85.3008
2023-01-23T03:00,8.4,57,0.4,863.6,3.0,166,Bhaisipati,27.6515,85.3008
2023-01-23T04:00,8.2,56,-0.1,863.3,2.5,172,Bhaisipati,27.6515,85.3008
2023-01-23T05:00,7.6,62,0.9,864.4,2.9,173,Bhaisipati,27.6515,85.3008
2023-01-23T06:00,7.7,60,0.5,864.5,2.5,172,Bhaisipati,27.6515,85.3008
2023-01-23T07:00,9.5,56,1.2,865.9,2.9,173,Bhaisipati,27.6515,85.3008
2023-01-23T08:00,14.1,42,1.4,868.6,1.1,162,Bhaisipati,27.6515,85.3008
2023-01-23T09:00,16.3,30,-1.4,869.8,2.1,301,Bhaisipati,27.6515,85.3008
2023-01-23T10:00,17.8,28,-1.0,870.3,5.9,317,Bhaisipati,27.6515,85.3008
2023-01-23T11:00,18.6,28,-0.1,869.7,8.1,328,Bhaisipati,27.6515,85.3008
2023-01-23T12:00,19.4,25,-1.3,868.6,9.6,326,Bhaisipati,27.6515,85.3008
2023-01-23T13:00,19.8,21,-3.1,867.5,10.1,325,Bhaisipati,27.6515,85.3008
2023-01-23T14:00,19.8,20,-4.1,866.7,10.7,320,Bhaisipati,27.6515,85.3008
2023-01-23T15:00,19.2,20,-4.2,866.4,10.4,314,Bhaisipati,27.6515,85.3008
2023-01-23T16:00,17.4,31,0.1,865.6,4.3,312,Bhaisipati,27.6515,85.3008
2023-01-23T17:00,15.1,45,3.1,864.8,7.9,270,Bhaisipati,27.6515,85.3008
2023-01-23T18:00,14.2,50,4.0,865.2,4.9,253,Bhaisipati,27.6515,85.3008
2023-01-23T19:00,13.8,51,3.7,865.9,2.6,196,Bhaisipati,27.6515,85.3008
2023-01-23T20:00,10.3,68,4.7,865.1,2.2,180,Bhaisipati,27.6515,85.3008
2023-01-23T21:00,9.8,68,4.2,865.4,2.5,180,Bhaisipati,27.6515,85.3008
2023-01-23T22:00,9.3,65,3.2,865.6,2.9,180,Bhaisipati,27.6515,85.3008
2023-01-23T23:00,9.0,63,2.3,865.5,2.9,173,Bhaisipati,27.6515,85.3008
2023-01-24T00:00,8.8,61,1.7,865.1,2.9,173,Bhaisipati,27.6515,85.3008
2023-01-24T01:00,8.6,59,1.0,864.8,3.7,169,Bhaisipati,27.6515,85.3008
2023-01-24T02:00,8.3,58,0.5,864.3,3.7,169,Bhaisipati,27.6515,85.3008
2023-01-24T03:00,7.7,59,0.3,863.9,3.0,166,Bhaisipati,27.6515,85.3008
2023-01-24T04:00,7.7,58,0.0,863.9,2.3,162,Bhaisipati,27.6515,85.3008
2023-01-24T05:00,6.6,68,1.2,864.0,3.3,167,Bhaisipati,27.6515,85.3008
2023-01-24T06:00,7.5,63,0.8,864.9,4.0,170,Bhaisipati,27.6515,85.3008
2023-01-24T07:00,8.7,57,0.8,866.1,4.4,171,Bhaisipati,27.6515,85.3008
2023-01-24T08:00,12.3,53,3.0,868.4,3.7,169,Bhaisipati,27.6515,85.3008
2023-01-24T09:00,16.6,31,-0.8,871.0,2.9,353,Bhaisipati,27.6515,85.3008
2023-01-24T10:00,17.9,28,-1.1,871.5,7.0,325,Bhaisipati,27.6515,85.3008
2023-01-24T11:00,18.8,27,-0.6,870.9,9.2,318,Bhaisipati,27.6515,85.3008
2023-01-24T12:00,19.0,31,1.6,870.3,10.8,323,Bhaisipati,27.6515,85.3008
2023-01-24T13:00,19.1,35,3.1,869.3,10.7,327,Bhaisipati,27.6515,85.3008
2023-01-24T14:00,18.8,36,3.5,868.4,11.1,324,Bhaisipati,27.6515,85.3008
2023-01-24T15:00,17.9,40,4.2,868.0,10.9,326,Bhaisipati,27.6515,85.3008
2023-01-24T16:00,16.7,45,4.7,867.4,6.6,338,Bhaisipati,27.6515,85.3008
2023-01-24T17:00,14.5,54,5.2,866.4,7.0,339,Bhaisipati,27.6515,85.3008
2023-01-24T18:00,13.9,56,5.3,866.9,6.6,338,Bhaisipati,27.6515,85.3008
2023-01-24T19:00,14.6,49,4.0,868.1,4.7,247,Bhaisipati,27.6515,85.3008
2023-01-24T20:00,13.1,59,5.2,867.9,5.2,214,Bhaisipati,27.6515,85.3008
2023-01-24T21:00,14.4,51,4.5,868.8,3.3,193,Bhaisipati,27.6515,85.3008
2023-01-24T22:00,14.2,51,4.2,869.0,1.1,180,Bhaisipati,27.6515,85.3008
2023-01-24T23:00,11.4,63,4.6,867.2,2.7,157,Bhaisipati,27.6515,85.3008
2023-01-25T00:00,10.3,67,4.6,866.2,4.3,175,Bhaisipati,27.6515,85.3008
2023-01-25T01:00,11.5,61,4.2,866.4,2.9,180,Bhaisipati,27.6515,85.3008
2023-01-25T02:00,13.4,52,3.8,867.2,1.8,180,Bhaisipati,27.6515,85.3008
2023-01-25T03:00,11.0,62,3.9,865.8,1.8,169,Bhaisipati,27.6515,85.3008
2023-01-25T04:00,8.7,72,3.9,864.8,4.0,175,Bhaisipati,27.6515,85.3008
2023-01-25T05:00,8.8,71,3.8,865.1,5.4,176,Bhaisipati,27.6515,85.3008
2023-01-25T06:00,8.3,74,4.0,865.5,2.5,172,Bhaisipati,27.6515,85.3008
2023-01-25T07:00,10.2,68,4.5,867.1,2.2,171,Bhaisipati,27.6515,85.3008
2023-01-25T08:00,13.7,59,5.9,869.3,1.8,180,Bhaisipati,27.6515,85.3008
2023-01-25T09:00,16.2,47,4.9,870.7,4.4,325,Bhaisipati,27.6515,85.3008
2023-01-25T10:00,17.5,43,4.8,871.1,7.0,325,Bhaisipati,27.6515,85.3008
2023-01-25T11:00,18.4,40,4.7,870.7,8.5,324,Bhaisipati,27.6515,85.3008
2023-01-25T12:00,18.9,39,4.6,869.5,8.9,317,Bhaisipati,27.6515,85.3008
2023-01-25T13:00,19.4,37,4.5,868.6,10.8,323,Bhaisipati,27.6515,85.3008
2023-01-25T14:00,19.3,38,4.6,867.9,10.7,327,Bhaisipati,27.6515,85.3008
2023-01-25T15:00,18.6,40,4.9,867.2,9.0,331,Bhaisipati,27.6515,85.3008
2023-01-25T16:00,17.3,45,5.2,867.0,7.6,335,Bhaisipati,27.6515,85.3008
2023-01-25T17:00,14.5,62,7.3,866.1,7.7,311,Bhaisipati,27.6515,85.3008
2023-01-25T18:00,15.2,55,6.3,867.2,5.4,318,Bhaisipati,27.6515,85.3008
2023-01-25T19:00,14.6,58,6.5,867.7,2.8,230,Bhaisipati,27.6515,85.3008
2023-01-25T20:00,12.7,68,7.0,867.4,1.8,191,Bhaisipati,27.6515,85.3008
2023-01-25T21:00,11.3,76,7.2,866.9,2.9,187,Bhaisipati,27.6515,85.3008
2023-01-25T22:00,10.3,79,6.9,866.5,2.9,173,Bhaisipati,27.6515,85.3008
2023-01-25T23:00,10.5,75,6.2,866.3,3.7,169,Bhaisipati,27.6515,85.3008
2023-01-26T00:00,10.4,70,5.2,865.7,3.7,169,Bhaisipati,27.6515,85.3008
2023-01-26T01:00,10.8,65,4.4,865.6,2.9,173,Bhaisipati,27.6515,85.3008
2023-01-26T02:00,9.8,66,3.9,864.7,1.5,166,Bhaisipati,27.6515,85.3008
2023-01-26T03:00,10.0,64,3.5,864.7,1.5,166,Bhaisipati,27.6515,85.3008
2023-01-26T04:00,10.8,64,4.2,864.7,1.8,169,Bhaisipati,27.6515,85.3008
2023-01-26T05:00,9.7,67,3.9,864.3,5.2,164,Bhaisipati,27.6515,85.3008
2023-01-26T06:00,10.8,63,3.9,865.5,2.3,162,Bhaisipati,27.6515,85.3008
2023-01-26T07:00,12.2,59,4.4,867.2,2.2,171,Bhaisipati,27.6515,85.3008
2023-01-26T08:00,14.3,57,5.9,868.5,2.6,146,Bhaisipati,27.6515,85.3008
2023-01-26T09:00,16.0,50,5.7,870.2,1.3,214,Bhaisipati,27.6515,85.3008
2023-01-26T10:00,17.9,45,5.9,870.8,6.1,320,Bhaisipati,27.6515,85.3008
2023-01-26T11:00,18.9,43,5.9,870.6,8.9,328,Bhaisipati,27.6515,85.3008
2023-01-26T12:00,18.3,44,5.9,869.3,8.4,317,Bhaisipati,27.6515,85.3008
2023-01-26T13:00,19.4,41,5.8,868.8,9.2,321,Bhaisipati,27.6515,85.3008
2023-01-26T14:00,19.4,41,5.8,868.0,8.7,322,Bhaisipati,27.6515,85.3008
2023-01-26T15:00,18.8,43,6.0,867.6,8.4,317,Bhaisipati,27.6515,85.3008
2023-01-26T16:00,17.8,47,6.2,867.1,5.2,326,Bhaisipati,27.6515,85.3008
2023-01-26T17:00,16.7,50,6.1,866.7,4.9,306,Bhaisipati,27.6515,85.3008
2023-01-26T18:00,15.8,53,6.2,867.0,3.3,221,Bhaisipati,27.6515,85.3008
2023-01-26T19:00,12.5,70,7.1,865.9,4.1,195,Bhaisipati,27.6515,85.3008
2023-01-26T20:00,12.4,66,6.3,866.2,3.3,186,Bhaisipati,27.6515,85.3008
2023-01-26T21:00,11.7,67,5.9,866.2,3.2,180,Bhaisipati,27.6515,85.3008
2023-01-26T22:00,10.9,68,5.2,865.9,2.9,173,Bhaisipati,27.6515,85.3008
2023-01-26T23:00,10.7,63,4.1,865.5,3.6,174,Bhaisipati,27.6515,85.3008
2023-01-27T00:00,11.2,56,2.7,865.2,4.7,176,Bhaisipati,27.6515,85.3008
2023-01-27T01:00,10.3,55,1.8,864.5,4.7,180,Bhaisipati,27.6515,85.3008
2023-01-27T02:00,9.5,56,1.1,863.9,4.0,175,Bhaisipati,27.6515,85.3008
2023-01-27T03:00,9.1,56,0.7,863.4,2.5,172,Bhaisipati,27.6515,85.3008
2023-01-27T04:00,9.2,54,0.3,863.4,2.9,173,Bhaisipati,27.6515,85.3008
2023-01-27T05:00,10.0,52,0.7,864.5,4.7,171,Bhaisipati,27.6515,85.3008
2023-01-27T06:00,8.7,57,0.6,864.4,2.9,173,Bhaisipati,27.6515,85.3008
2023-01-27T07:00,10.5,51,0.9,866.4,2.2,180,Bhaisipati,27.6515,85.3008
2023-01-27T08:00,15.3,37,0.8,869.5,1.1,180,Bhaisipati,27.6515,85.3008
2023-01-27T09:00,17.9,26,-1.9,870.9,2.6,326,Bhaisipati,27.6515,85.3008
2023-01-27T10:00,19.6,24,-1.6,870.9,5.4,318,Bhaisipati,27.6515,85.3008
2023-01-27T11:00,20.8,24,-0.7,870.1,8.4,313,Bhaisipati,27.6515,85.3008
2023-01-27T12:00,21.4,23,-0.3,868.9,10.0,319,Bhaisipati,27.6515,85.3008
2023-01-27T13:00,21.8,19,-2.6,868.0,10.4,316,Bhaisipati,27.6515,85.3008
2023-01-27T14:00,21.7,18,-3.7,867.2,11.2,310,Bhaisipati,27.6515,85.3008
2023-01-27T15:00,20.9,21,-2.1,866.8,10.9,304,Bhaisipati,27.6515,85.3008
2023-01-27T16:00,19.3,28,0.3,866.5,7.6,301,Bhaisipati,27.6515,85.3008
2023-01-27T17:00,15.9,38,1.7,865.6,9.5,279,Bhaisipati,27.6515,85.3008
2023-01-27T18:00,14.4,41,1.4,865.7,6.9,264,Bhaisipati,27.6515,85.3008
2023-01-27T19:00,14.4,35,-0.9,866.7,4.1,218,Bhaisipati,27.6515,85.3008
2023-01-27T20:00,11.5,44,-0.2,865.7,2.5,188,Bhaisipati,27.6515,85.3008
2023-01-27T21:00,11.0,42,-1.5,865.5,2.5,188,Bhaisipati,27.6515,85.3008
2023-01-27T22:00,10.7,40,-2.4,865.2,3.2,180,Bhaisipati,27.6515,85.3008
2023-01-27T23:00,10.4,40,-2.8,864.5,3.6,174,Bhaisipati,27.6515,85.3008
2023-01-28T00:00,10.1,40,-3.1,864.0,3.3,174,Bhaisipati,27.6515,85.3008
2023-01-28T01:00,9.7,40,-3.2,863.3,3.3,174,Bhaisipati,27.6515,85.3008
2023-01-28T02:00,9.3,41,-3.3,862.7,3.7,169,Bhaisipati,27.6515,85.3008
2023-01-28T03:00,8.8,42,-3.3,862.2,3.7,169,Bhaisipati,27.6515,85.3008
2023-01-28T04:00,8.4,44,-3.3,862.1,4.0,170,Bhaisipati,27.6515,85.3008
2023-01-28T05:00,7.3,51,-2.2,862.4,5.4,172,Bhaisipati,27.6515,85.3008
2023-01-28T06:00,7.9,48,-2.4,863.1,3.3,174,Bhaisipati,27.6515,85.3008
2023-01-28T07:00,9.6,43,-2.3,864.8,2.9,173,Bhaisipati,27.6515,85.3008
2023-01-28T08:00,12.8,43,0.4,867.2,4.0,175,Bhaisipati,27.6515,85.3008
2023-01-28T09:00,16.3,30,-1.5,869.1,0.8,63,Bhaisipati,27.6515,85.3008
2023-01-28T10:00,18.3,26,-1.3,869.3,3.1,339,Bhaisipati,27.6515,85.3008
2023-01-28T11:00,20.0,22,-2.2,868.8,5.7,325,Bhaisipati,27.6515,85.3008
2023-01-28T12:00,20.9,21,-2.5,868.0,8.2,322,Bhaisipati,27.6515,85.3008
2023-01-28T13:00,21.2,21,-1.7,867.1,9.5,323,Bhaisipati,27.6515,85.3008
2023-01-28T14:00,20.9,23,-1.2,866.4,9.0,323,Bhaisipati,27.6515,85.3008
2023-01-28T15:00,20.0,25,-0.6,865.7,8.6,327,Bhaisipati,27.6515,85.3008
2023-01-28T16:00,18.4,31,0.8,865.2,7.3,340,Bhaisipati,27.6515,85.3008
2023-01-28T17:00,16.0,38,1.8,864.9,6.3,329,Bhaisipati,27.6515,85.3008
2023-01-28T18:00,14.8,46,3.2,865.2,1.1,180,Bhaisipati,27.6515,85.3008
2023-01-28T19:00,12.0,56,3.5,864.8,2.9,173,Bhaisipati,27.6515,85.3008
2023-01-28T20:00,11.2,56,2.8,864.9,2.5,172,Bhaisipati,27.6515,85.3008
2023-01-28T21:00,10.5,59,2.8,865.1,2.2,171,Bhaisipati,27.6515,85.3008
2023-01-28T22:00,9.8,62,3.0,865.2,2.2,171,Bhaisipati,27.6515,85.3008
2023-01-28T23:00,9.3,65,3.0,864.8,2.3,162,Bhaisipati,27.6515,85.3008
2023-01-29T00:00,9.0,66,3.0,864.5,3.0,166,Bhaisipati,27.6515,85.3008
2023-01-29T01:00,8.7,67,2.9,864.0,3.4,162,Bhaisipati,27.6515,85.3008
2023-01-29T02:00,8.3,68,2.9,863.4,3.4,162,Bhaisipati,27.6515,85.3008
2023-01-29T03:00,8.1,69,2.8,863.0,3.8,163,Bhaisipati,27.6515,85.3008
2023-01-29T04:00,7.4,72,2.6,862.7,4.5,166,Bhaisipati,27.6515,85.3008
2023-01-29T05:00,6.4,79,3.0,862.7,4.0,170,Bhaisipati,27.6515,85.3008
2023-01-29T06:00,6.5,79,3.0,863.4,4.8,167,Bhaisipati,27.6515,85.3008
2023-01-29T07:00,7.2,76,3.2,864.5,6.6,167,Bhaisipati,27.6515,85.3008
2023-01-29T08:00,12.2,59,4.3,867.8,6.5,161,Bhaisipati,27.6515,85.3008
2023-01-29T09:00,16.1,43,3.4,870.0,2.6,106,Bhaisipati,27.6515,85.3008
2023-01-29T10:00,18.4,36,3.2,870.5,2.1,59,Bhaisipati,27.6515,85.3008
2023-01-29T11:00,20.0,33,3.2,870.0,1.9,22,Bhaisipati,27.6515,85.3008
2023-01-29T12:00,20.8,31,3.2,869.4,3.9,326,Bhaisipati,27.6515,85.3008
2023-01-29T13:00,20.9,33,3.8,868.8,6.1,310,Bhaisipati,27.6515,85.3008
2023-01-29T14:00,20.4,36,4.7,868.3,6.6,311,Bhaisipati,27.6515,85.3008
2023-01-29T15:00,19.6,39,5.4,868.1,5.9,317,Bhaisipati,27.6515,85.3008
2023-01-29T16:00,18.2,43,5.2,868.1,5.3,332,Bhaisipati,27.6515,85.3008
2023-01-29T17:00,15.5,51,5.5,867.3,6.8,342,Bhaisipati,27.6515,85.3008
2023-01-29T18:00,15.2,47,4.1,867.9,3.6,315,Bhaisipati,27.6515,85.3008
2023-01-29T19:00,12.5,63,5.7,867.6,1.8,169,Bhaisipati,27.6515,85.3008
2023-01-29T20:00,11.7,65,5.4,867.8,2.2,171,Bhaisipati,27.6515,85.3008
2023-01-29T21:00,11.0,71,6.0,868.2,2.9,173,Bhaisipati,27.6515,85.3008
2023-01-29T22:00,10.2,76,6.3,867.9,3.3,167,Bhaisipati,27.6515,85.3008
2023-01-29T23:00,9.3,81,6.2,867.4,4.1,165,Bhaisipati,27.6515,85.3008
2023-01-30T00:00,8.6,84,6.1,867.1,4.1,165,Bhaisipati,27.6515,85.3008
2023-01-30T01:00,8.2,86,6.0,866.6,4.1,165,Bhaisipati,27.6515,85.3008
2023-01-30T02:00,7.8,87,5.8,865.9,4.5,166,Bhaisipati,27.6515,85.3008
2023-01-30T03:00,7.5,88,5.6,865.6,3.8,163,Bhaisipati,27.6515,85.3008
2023-01-30T04:00,7.4,87,5.4,865.7,4.2,160,Bhaisipati,27.6515,85.3008
2023-01-30T05:00,7.4,87,5.4,866.6,3.8,163,Bhaisipati,27.6515,85.3008
2023-01-30T06:00,7.9,84,5.4,867.1,4.6,162,Bhaisipati,27.6515,85.3008
2023-01-30T07:00,9.1,79,5.6,868.2,6.4,164,Bhaisipati,27.6515,85.3008
2023-01-30T08:00,13.9,63,7.1,871.1,5.9,166,Bhaisipati,27.6515,85.3008
2023-01-30T09:00,17.8,47,6.3,873.2,2.5,98,Bhaisipati,27.6515,85.3008
2023-01-30T10:00,19.7,41,6.0,873.5,2.2,9,Bhaisipati,27.6515,85.3008
2023-01-30T11:00,20.6,38,5.9,873.0,5.2,326,Bhaisipati,27.6515,85.3008
2023-01-30T12:00,21.1,37,5.8,872.1,6.9,321,Bhaisipati,27.6515,85.3008
2023-01-30T13:00,21.0,36,5.3,871.1,8.4,320,Bhaisipati,27.6515,85.3008
2023-01-30T14:00,20.8,33,4.0,870.4,9.5,331,Bhaisipati,27.6515,85.3008
2023-01-30T15:00,19.8,33,2.9,869.8,8.3,342,Bhaisipati,27.6515,85.3008
2023-01-30T16:00,18.5,35,2.7,869.1,5.0,360,Bhaisipati,27.6515,85.3008
2023-01-30T17:00,16.4,43,3.9,868.1,0.4,180,Bhaisipati,27.6515,85.3008
2023-01-30T18:00,16.1,44,3.8,868.7,4.5,256,Bhaisipati,27.6515,85.3008
2023-01-30T19:00,15.7,45,3.7,869.1,3.2,243,Bhaisipati,27.6515,85.3008
2023-01-30T20:00,13.0,60,5.4,868.4,2.9,180,Bhaisipati,27.6515,85.3008
2023-01-30T21:00,12.1,60,4.6,868.2,2.2,171,Bhaisipati,27.6515,85.3008
2023-01-30T22:00,11.2,63,4.5,867.8,1.8,180,Bhaisipati,27.6515,85.3008
2023-01-30T23:00,10.7,64,4.2,867.4,2.5,172,Bhaisipati,27.6515,85.3008
2023-01-31T00:00,10.3,64,3.8,866.8,3.0,166,Bhaisipati,27.6515,85.3008
2023-01-31T01:00,10.3,60,2.9,866.2,3.7,169,Bhaisipati,27.6515,85.3008
2023-01-31T02:00,9.8,59,2.2,865.2,3.3,174,Bhaisipati,27.6515,85.3008
2023-01-31T03:00,9.5,57,1.5,864.7,3.3,174,Bhaisipati,27.6515,85.3008
2023-01-31T04:00,10.0,52,0.7,864.4,3.3,174,Bhaisipati,27.6515,85.3008
2023-01-31T05:00,10.0,49,-0.0,864.8,5.8,176,Bhaisipati,27.6515,85.3008
2023-01-31T06:00,10.7,42,-1.6,865.2,3.3,174,Bhaisipati,27.6515,85.3008
2023-01-31T07:00,12.0,38,-1.9,866.4,2.9,173,Bhaisipati,27.6515,85.3008
2023-01-31T08:00,14.7,37,0.3,868.0,3.3,174,Bhaisipati,27.6515,85.3008
2023-01-31T09:00,17.9,25,-2.4,869.9,1.8,180,Bhaisipati,27.6515,85.3008
2023-01-31T10:00,19.6,23,-2.4,870.4,5.6,315,Bhaisipati,27.6515,85.3008
2023-01-31T11:00,20.8,23,-0.9,870.2,8.2,322,Bhaisipati,27.6515,85.3008
2023-01-31T12:00,21.2,24,0.1,869.2,9.3,324,Bhaisipati,27.6515,85.3008
2023-01-31T13:00,21.4,22,-1.2,868.4,11.3,333,Bhaisipati,27.6515,85.3008
2023-01-31T14:00,21.2,23,-0.7,867.6,12.0,327,Bhaisipati,27.6515,85.3008
2023-01-31T15:00,20.3,28,1.0,867.0,10.9,326,Bhaisipati,27.6515,85.3008
2023-01-31T16:00,19.3,32,2.3,866.5,9.0,331,Bhaisipati,27.6515,85.3008
2023-01-31T17:00,18.1,38,3.4,866.2,6.8,295,Bhaisipati,27.6515,85.3008
2023-01-31T18:00,15.6,51,5.6,865.7,5.1,219,Bhaisipati,27.6515,85.3008
2023-01-31T19:00,13.5,60,5.8,865.3,1.8,180,Bhaisipati,27.6515,85.3008
2023-01-31T20:00,12.5,57,4.2,865.3,1.4,180,Bhaisipati,27.6515,85.3008
2023-01-31T21:00,12.0,55,3.2,865.5,2.2,180,Bhaisipati,27.6515,85.3008
2023-01-31T22:00,11.3,56,2.9,865.2,2.2,180,Bhaisipati,27.6515,85.3008
2023-01-31T23:00,10.7,59,2.9,865.0,2.9,180,Bhaisipati,27.6515,85.3008
2023-02-01T00:00,10.3,61,3.1,864.5,3.6,174,Bhaisipati,27.6515,85.3008
2023-02-01T01:00,10.1,63,3.4,864.1,3.6,174,Bhaisipati,27.6515,85.3008
2023-02-01T02:00,9.5,68,3.8,863.4,4.0,175,Bhaisipati,27.6515,85.3008
2023-02-01T03:00,9.3,68,3.8,862.9,4.4,171,Bhaisipati,27.6515,85.3008
2023-02-01T04:00,9.3,68,3.7,862.7,4.7,171,Bhaisipati,27.6515,85.3008
2023-02-01T05:00,8.6,75,4.5,862.4,7.0,168,Bhaisipati,27.6515,85.3008
2023-02-01T06:00,9.5,70,4.3,863.5,3.6,174,Bhaisipati,27.6515,85.3008
2023-02-01T07:00,11.2,62,4.2,865.0,3.6,180,Bhaisipati,27.6515,85.3008
2023-02-01T08:00,14.2,56,5.6,867.6,3.6,186,Bhaisipati,27.6515,85.3008
2023-02-01T09:00,16.2,46,4.5,868.8,2.2,360,Bhaisipati,27.6515,85.3008
2023-02-01T10:00,17.6,42,4.5,869.4,4.9,343,Bhaisipati,27.6515,85.3008
2023-02-01T11:00,19.0,35,3.1,868.8,6.4,333,Bhaisipati,27.6515,85.3008
2023-02-01T12:00,20.0,31,2.5,867.9,7.9,321,Bhaisipati,27.6515,85.3008
2023-02-01T13:00,20.3,30,2.2,867.0,10.0,319,Bhaisipati,27.6515,85.3008
2023-02-01T14:00,20.1,29,1.7,866.4,11.2,320,Bhaisipati,27.6515,85.3008
2023-02-01T15:00,19.4,30,1.2,865.8,10.6,325,Bhaisipati,27.6515,85.3008
2023-02-01T16:00,18.1,35,2.4,865.6,9.2,321,Bhaisipati,27.6515,85.3008
2023-02-01T17:00,15.1,51,4.9,864.5,7.5,325,Bhaisipati,27.6515,85.3008
2023-02-01T18:00,13.5,65,7.1,864.6,6.4,286,Bhaisipati,27.6515,85.3008
2023-02-01T19:00,12.9,67,6.9,865.2,5.6,285,Bhaisipati,27.6515,85.3008
2023-02-01T20:00,11.8,71,6.7,865.2,3.6,217,Bhaisipati,27.6515,85.3008
2023-02-01T21:00,10.5,74,6.2,865.0,2.5,180,Bhaisipati,27.6515,85.3008
2023-02-01T22:00,9.7,77,5.9,864.6,2.2,180,Bhaisipati,27.6515,85.3008
2023-02-01T23:00,9.3,76,5.3,864.2,2.2,171,Bhaisipati,27.6515,85.3008
2023-02-02T00:00,9.2,73,4.5,863.8,2.2,171,Bhaisipati,27.6515,85.3008
2023-02-02T01:00,8.9,70,3.8,863.5,3.1,159,Bhaisipati,27.6515,85.3008
2023-02-02T02:00,8.8,67,3.0,862.7,3.7,169,Bhaisipati,27.6515,85.3008
2023-02-02T03:00,8.5,64,2.2,862.2,4.1,165,Bhaisipati,27.6515,85.3008
2023-02-02T04:00,8.0,63,1.5,861.5,4.8,167,Bhaisipati,27.6515,85.3008
2023-02-02T05:00,6.5,75,2.3,862.1,4.8,167,Bhaisipati,27.6515,85.3008
2023-02-02T06:00,6.5,74,2.3,862.5,5.6,165,Bhaisipati,27.6515,85.3008
2023-02-02T07:00,7.6,69,2.2,863.4,6.7,164,Bhaisipati,27.6515,85.3008
2023-02-02T08:00,12.5,56,4.0,866.6,4.2,160,Bhaisipati,27.6515,85.3008
2023-02-02T09:00,16.3,35,1.0,869.0,2.5,352,Bhaisipati,27.6515,85.3008
2023-02-02T10:00,18.1,33,1.7,869.4,3.7,331,Bhaisipati,27.6515,85.3008
2023-02-02T11:00,19.6,33,2.7,869.3,4.4,325,Bhaisipati,27.6515,85.3008
2023-02-02T12:00,20.8,31,2.9,868.8,5.6,320,Bhaisipati,27.6515,85.3008
2023-02-02T13:00,21.1,31,3.2,868.0,7.4,313,Bhaisipati,27.6515,85.3008
2023-02-02T14:00,20.5,31,3.0,867.3,9.4,317,Bhaisipati,27.6515,85.3008
2023-02-02T15:00,19.4,35,3.5,866.9,9.0,323,Bhaisipati,27.6515,85.3008
2023-02-02T16:00,17.7,44,5.1,866.4,8.3,342,Bhaisipati,27.6515,85.3008
2023-02-02T17:00,14.3,63,7.3,865.5,8.1,347,Bhaisipati,27.6515,85.3008
2023-02-02T18:00,13.4,74,8.8,866.2,4.7,337,Bhaisipati,27.6515,85.3008
2023-02-02T19:00,13.3,78,9.5,867.0,3.6,307,Bhaisipati,27.6515,85.3008
2023-02-02T20:00,11.0,90,9.3,866.3,2.2,171,Bhaisipati,27.6515,85.3008
2023-02-02T21:00,10.4,89,8.7,866.1,2.6,164,Bhaisipati,27.6515,85.3008
2023-02-02T22:00,9.8,89,8.1,865.7,3.3,167,Bhaisipati,27.6515,85.3008
2023-02-02T23:00,8.9,91,7.6,865.1,3.0,166,Bhaisipati,27.6515,85.3008
2023-02-03T00:00,8.4,92,7.2,864.8,2.5,172,Bhaisipati,27.6515,85.3008
2023-02-03T01:00,7.9,93,6.8,864.1,3.3,174,Bhaisipati,27.6515,85.3008
2023-02-03T02:00,7.4,93,6.4,863.3,2.5,172,Bhaisipati,27.6515,85.3008
2023-02-03T03:00,7.1,92,5.9,863.0,2.9,173,Bhaisipati,27.6515,85.3008
2023-02-03T04:00,6.9,91,5.5,862.8,4.0,170,Bhaisipati,27.6515,85.3008
2023-02-03T05:00,5.8,100,5.8,863.1,7.8,167,Bhaisipati,27.6515,85.3008
2023-02-03T06:00,5.4,100,5.4,863.5,7.7,169,Bhaisipati,27.6515,85.3008
2023-02-03T07:00,6.7,100,6.7,864.7,8.0,172,Bhaisipati,27.6515,85.3008
2023-02-03T08:00,11.7,87,9.5,867.9,6.6,167,Bhaisipati,27.6515,85.3008
2023-02-03T09:00,15.3,65,8.6,869.6,0.0,270,Bhaisipati,27.6515,85.3008
2023-02-03T10:00,17.1,54,7.7,870.1,3.2,333,Bhaisipati,27.6515,85.3008
2023-02-03T11:00,18.3,48,7.2,869.6,5.2,335,Bhaisipati,27.6515,85.3008
2023-02-03T12:00,19.2,44,6.7,868.5,6.1,332,Bhaisipati,27.6515,85.3008
2023-02-03T13:00,19.8,40,6.0,867.3,6.1,320,Bhaisipati,27.6515,85.3008
2023-02-03T14:00,19.7,40,5.9,866.2,5.9,313,Bhaisipati,27.6515,85.3008
2023-02-03T15:00,19.2,41,5.6,865.6,6.6,311,Bhaisipati,27.6515,85.3008
2023-02-03T16:00,18.0,44,5.7,865.3,7.4,313,Bhaisipati,27.6515,85.3008
2023-02-03T17:00,15.1,69,9.5,864.7,8.1,302,Bhaisipati,27.6515,85.3008
2023-02-03T18:00,14.5,68,8.8,865.2,4.0,297,Bhaisipati,27.6515,85.3008
2023-02-03T19:00,12.9,81,9.7,865.4,5.4,278,Bhaisipati,27.6515,85.3008
2023-02-03T20:00,11.8,84,9.2,865.3,3.7,209,Bhaisipati,27.6515,85.3008
2023-02-03T21:00,11.2,84,8.6,865.1,2.9,187,Bhaisipati,27.6515,85.3008
2023-02-03T22:00,10.7,85,8.3,864.9,2.2,171,Bhaisipati,27.6515,85.3008
2023-02-03T23:00,10.3,85,8.0,864.5,1.8,169,Bhaisipati,27.6515,85.3008
2023-02-04T00:00,10.0,84,7.4,864.0,2.9,173,Bhaisipati,27.6515,85.3008
2023-02-04T01:00,9.8,82,6.8,863.3,3.7,169,Bhaisipati,27.6515,85.3008
2023-02-04T02:00,9.5,80,6.3,862.5,4.0,170,Bhaisipati,27.6515,85.3008
2023-02-04T03:00,9.0,81,5.9,861.7,4.4,171,Bhaisipati,27.6515,85.3008
2023-02-04T04:00,8.5,82,5.7,861.2,4.7,171,Bhaisipati,27.6515,85.3008
2023-02-04T05:00,7.6,89,5.9,861.2,5.4,172,Bhaisipati,27.6515,85.3008
2023-02-04T06:00,7.5,89,5.8,861.8,5.4,172,Bhaisipati,27.6515,85.3008
2023-02-04T07:00,8.3,85,6.0,862.9,6.9,171,Bhaisipati,27.6515,85.3008
2023-02-04T08:00,13.3,67,7.4,866.0,5.9,166,Bhaisipati,27.6515,85.3008
2023-02-04T09:00,15.9,52,6.1,867.5,1.9,112,Bhaisipati,27.6515,85.3008
2023-02-04T10:00,17.7,47,6.1,867.6,1.3,56,Bhaisipati,27.6515,85.3008
2023-02-04T11:00,19.2,41,5.6,867.1,0.4,360,Bhaisipati,27.6515,85.3008
2023-02-04T12:00,19.9,38,5.2,866.2,3.7,281,Bhaisipati,27.6515,85.3008
2023-02-04T13:00,20.2,39,5.6,865.2,6.3,294,Bhaisipati,27.6515,85.3008
2023-02-04T14:00,19.6,41,6.1,864.3,7.8,304,Bhaisipati,27.6515,85.3008
2023-02-04T15:00,18.8,45,6.6,863.8,7.9,313,Bhaisipati,27.6515,85.3008
2023-02-04T16:00,17.7,50,7.1,863.3,8.4,329,Bhaisipati,27.6515,85.3008
2023-02-04T17:00,15.5,62,8.3,863.4,4.5,331,Bhaisipati,27.6515,85.3008
2023-02-04T18:00,14.6,70,9.2,863.7,3.3,311,Bhaisipati,27.6515,85.3008
2023-02-04T19:00,13.4,81,10.1,863.7,4.0,260,Bhaisipati,27.6515,85.3008
2023-02-04T20:00,12.3,85,9.8,863.8,3.3,221,Bhaisipati,27.6515,85.3008
2023-02-04T21:00,11.5,87,9.4,863.8,1.1,180,Bhaisipati,27.6515,85.3008
2023-02-04T22:00,11.0,86,8.8,863.6,1.8,180,Bhaisipati,27.6515,85.3008
2023-02-04T23:00,10.7,87,8.5,863.3,2.9,180,Bhaisipati,27.6515,85.3008
2023-02-05T00:00,10.0,89,8.3,862.7,2.9,173,Bhaisipati,27.6515,85.3008
2023-02-05T01:00,9.7,90,8.1,861.9,3.3,167,Bhaisipati,27.6515,85.3008
2023-02-05T02:00,9.5,89,7.8,861.1,3.3,167,Bhaisipati,27.6515,85.3008
2023-02-05T03:00,9.2,89,7.5,860.6,4.0,175,Bhaisipati,27.6515,85.3008
2023-02-05T04:00,8.7,89,7.0,860.6,4.3,175,Bhaisipati,27.6515,85.3008
2023-02-05T05:00,6.4,99,6.3,860.5,5.8,176,Bhaisipati,27.6515,85.3008
2023-02-05T06:00,5.7,100,5.7,860.7,7.6,175,Bhaisipati,27.6515,85.3008
2023-02-05T07:00,6.6,97,6.1,861.8,7.6,175,Bhaisipati,27.6515,85.3008
2023-02-05T08:00,12.2,73,7.5,865.3,5.2,168,Bhaisipati,27.6515,85.3008
2023-02-05T09:00,14.8,62,7.5,866.3,3.4,108,Bhaisipati,27.6515,85.3008
2023-02-05T10:00,16.8,53,7.1,866.5,3.6,96,Bhaisipati,27.6515,85.3008
2023-02-05T11:00,18.8,41,5.2,866.2,1.9,68,Bhaisipati,27.6515,85.3008
2023-02-05T12:00,20.1,31,2.6,865.5,3.6,315,Bhaisipati,27.6515,85.3008
2023-02-05T13:00,20.1,31,2.5,864.8,6.5,289,Bhaisipati,27.6515,85.3008
2023-02-05T14:00,19.2,38,4.6,864.3,7.0,282,Bhaisipati,27.6515,85.3008
2023-02-05T15:00,17.9,47,6.4,863.7,7.0,282,Bhaisipati,27.6515,85.3008
2023-02-05T16:00,16.7,54,7.3,863.7,5.7,288,Bhaisipati,27.6515,85.3008
2023-02-05T17:00,15.6,61,8.1,864.0,2.3,321,Bhaisipati,27.6515,85.3008
2023-02-05T18:00,14.9,68,9.0,864.6,1.6,333,Bhaisipati,27.6515,85.3008
2023-02-05T19:00,13.6,79,10.1,864.5,2.0,225,Bhaisipati,27.6515,85.3008
2023-02-05T20:00,12.9,78,9.2,864.7,1.1,180,Bhaisipati,27.6515,85.3008
2023-02-05T21:00,12.1,79,8.7,864.9,0.7,180,Bhaisipati,27.6515,85.3008
2023-02-05T22:00,11.5,82,8.6,864.8,1.4,180,Bhaisipati,27.6515,85.3008
2023-02-05T23:00,11.0,84,8.3,864.5,2.5,180,Bhaisipati,27.6515,85.3008
2023-02-06T00:00,10.0,89,8.3,863.6,4.0,175,Bhaisipati,27.6515,85.3008
2023-02-06T01:00,9.0,93,7.9,862.8,3.6,174,Bhaisipati,27.6515,85.3008
2023-02-06T02:00,8.2,97,7.7,862.2,4.0,175,Bhaisipati,27.6515,85.3008
2023-02-06T03:00,7.4,100,7.4,861.5,3.6,174,Bhaisipati,27.6515,85.3008
2023-02-06T04:00,6.6,100,6.6,860.9,4.3,175,Bhaisipati,27.6515,85.3008
2023-02-06T05:00,5.7,100,5.7,861.0,4.7,176,Bhaisipati,27.6515,85.3008
2023-02-06T06:00,5.6,100,5.7,861.5,4.0,175,Bhaisipati,27.6515,85.3008
2023-02-06T07:00,7.4,95,6.7,863.1,5.1,176,Bhaisipati,27.6515,85.3008
2023-02-06T08:00,12.5,73,7.9,866.2,3.6,143,Bhaisipati,27.6515,85.3008
2023-02-06T09:00,14.9,62,7.8,867.0,3.3,49,Bhaisipati,27.6515,85.3008
2023-02-06T10:00,16.9,53,7.3,867.1,5.4,356,Bhaisipati,27.6515,85.3008
2023-02-06T11:00,18.2,48,7.0,866.8,7.9,330,Bhaisipati,27.6515,85.3008
2023-02-06T12:00,19.2,44,6.5,865.8,8.2,308,Bhaisipati,27.6515,85.3008
2023-02-06T13:00,18.5,46,6.8,864.6,9.2,315,Bhaisipati,27.6515,85.3008
2023-02-06T14:00,17.9,47,6.3,863.9,8.4,313,Bhaisipati,27.6515,85.3008
2023-02-06T15:00,16.7,53,7.2,863.3,6.1,310,Bhaisipati,27.6515,85.3008
2023-02-06T16:00,15.9,57,7.3,863.1,4.3,270,Bhaisipati,27.6515,85.3008
2023-02-06T17:00,14.3,75,10.0,862.5,3.6,264,Bhaisipati,27.6515,85.3008
2023-02-06T18:00,13.6,75,9.2,862.6,2.9,277,Bhaisipati,27.6515,85.3008
2023-02-06T19:00,12.5,84,9.9,862.8,3.8,287,Bhaisipati,27.6515,85.3008
2023-02-06T20:00,12.0,82,8.9,863.1,2.3,309,Bhaisipati,27.6515,85.3008
2023-02-06T21:00,11.3,86,9.2,863.4,4.2,301,Bhaisipati,27.6515,85.3008
2023-02-06T22:00,11.2,89,9.3,863.2,3.4,302,Bhaisipati,27.6515,85.3008
2023-02-06T23:00,10.8,90,9.3,862.8,3.5,294,Bhaisipati,27.6515,85.3008
2023-02-07T00:00,10.6,93,9.5,862.0,3.8,221,Bhaisipati,27.6515,85.3008
2023-02-07T01:00,9.3,96,8.6,860.7,3.3,174,Bhaisipati,27.6515,85.3008
2023-02-07T02:00,8.7,96,8.2,859.5,4.7,171,Bhaisipati,27.6515,85.3008
2023-02-07T03:00,7.8,99,7.6,858.7,5.9,169,Bhaisipati,27.6515,85.3008
2023-02-07T04:00,6.7,100,6.7,857.7,6.9,171,Bhaisipati,27.6515,85.3008
2023-02-07T05:00,7.4,96,6.8,859.2,8.4,173,Bhaisipati,27.6515,85.3008
2023-02-07T06:00,7.2,94,6.3,859.7,8.0,172,Bhaisipati,27.6515,85.3008
2023-02-07T07:00,8.2,86,6.0,860.7,7.7,169,Bhaisipati,27.6515,85.3008
2023-02-07T08:00,11.6,71,6.5,863.1,5.0,159,Bhaisipati,27.6515,85.3008
2023-02-07T09:00,14.3,56,5.6,864.5,1.6,117,Bhaisipati,27.6515,85.3008
2023-02-07T10:00,16.1,48,5.0,864.9,3.5,294,Bhaisipati,27.6515,85.3008
2023-02-07T11:00,16.9,44,4.5,864.8,8.6,292,Bhaisipati,27.6515,85.3008
2023-02-07T12:00,17.1,43,4.3,864.1,10.1,297,Bhaisipati,27.6515,85.3008
2023-02-07T13:00,17.4,40,3.7,863.6,10.5,308,Bhaisipati,27.6515,85.3008
2023-02-07T14:00,17.7,37,2.9,863.2,10.5,308,Bhaisipati,27.6515,85.3008
2023-02-07T15:00,17.3,37,2.5,862.8,9.9,314,Bhaisipati,27.6515,85.3008
2023-02-07T16:00,16.7,37,1.8,862.3,7.9,313,Bhaisipati,27.6515,85.3008
2023-02-07T17:00,14.6,61,7.1,862.1,6.4,313,Bhaisipati,27.6515,85.3008
2023-02-07T18:00,13.9,59,6.1,862.9,3.7,299,Bhaisipati,27.6515,85.3008
2023-02-07T19:00,13.2,61,5.8,863.3,3.7,259,Bhaisipati,27.6515,85.3008
2023-02-07T20:00,12.0,66,5.8,863.4,2.6,196,Bhaisipati,27.6515,85.3008
2023-02-07T21:00,11.0,71,6.0,863.5,3.3,193,Bhaisipati,27.6515,85.3008
2023-02-07T22:00,10.5,77,6.6,863.5,3.8,197,Bhaisipati,27.6515,85.3008
2023-02-07T23:00,10.2,81,7.1,863.3,3.3,193,Bhaisipati,27.6515,85.3008
2023-02-08T00:00,9.7,85,7.3,862.8,3.3,186,Bhaisipati,27.6515,85.3008
2023-02-08T01:00,9.3,87,7.3,862.0,3.6,186,Bhaisipati,27.6515,85.3008
2023-02-08T02:00,8.2,92,7.0,860.9,4.0,175,Bhaisipati,27.6515,85.3008
2023-02-08T03:00,6.6,98,6.3,859.9,6.5,174,Bhaisipati,27.6515,85.3008
2023-02-08T04:00,5.7,99,5.6,859.2,7.6,172,Bhaisipati,27.6515,85.3008
2023-02-08T05:00,7.7,89,6.0,860.6,5.5,169,Bhaisipati,27.6515,85.3008
2023-02-08T06:00,7.1,91,5.7,860.9,6.2,170,Bhaisipati,27.6515,85.3008
2023-02-08T07:00,8.2,85,5.9,862.3,7.6,175,Bhaisipati,27.6515,85.3008
2023-02-08T08:00,12.9,64,6.3,865.5,4.3,185,Bhaisipati,27.6515,85.3008
2023-02-08T09:00,14.9,49,4.4,866.7,1.5,284,Bhaisipati,27.6515,85.3008
2023-02-08T10:00,16.6,41,3.3,867.1,2.6,304,Bhaisipati,27.6515,85.3008
2023-02-08T11:00,17.7,37,3.0,867.0,5.5,302,Bhaisipati,27.6515,85.3008
2023-02-08T12:00,18.5,35,2.9,866.1,7.6,315,Bhaisipati,27.6515,85.3008
2023-02-08T13:00,18.6,36,3.3,865.1,9.6,326,Bhaisipati,27.6515,85.3008
2023-02-08T14:00,18.4,39,4.1,864.2,10.0,322,Bhaisipati,27.6515,85.3008
2023-02-08T15:00,18.0,40,4.4,863.6,8.9,310,Bhaisipati,27.6515,85.3008
2023-02-08T16:00,17.1,42,4.1,863.1,7.6,301,Bhaisipati,27.6515,85.3008
2023-02-08T17:00,14.7,60,7.1,863.2,3.6,270,Bhaisipati,27.6515,85.3008
2023-02-08T18:00,13.0,75,8.8,863.5,3.6,233,Bhaisipati,27.6515,85.3008
2023-02-08T19:00,11.8,79,8.3,863.9,2.7,203,Bhaisipati,27.6515,85.3008
2023-02-08T20:00,11.3,79,7.7,864.3,2.2,189,Bhaisipati,27.6515,85.3008
2023-02-08T21:00,11.0,80,7.7,864.6,2.9,187,Bhaisipati,27.6515,85.3008
2023-02-08T22:00,10.0,87,7.9,864.1,3.6,180,Bhaisipati,27.6515,85.3008
2023-02-08T23:00,8.8,93,7.8,863.4,4.3,175,Bhaisipati,27.6515,85.3008
2023-02-09T00:00,7.9,96,7.4,862.8,5.4,172,Bhaisipati,27.6515,85.3008
2023-02-09T01:00,6.8,100,6.8,861.7,6.5,174,Bhaisipati,27.6515,85.3008
2023-02-09T02:00,6.5,100,6.5,861.3,8.0,175,Bhaisipati,27.6515,85.3008
2023-02-09T03:00,6.9,100,6.9,860.8,8.7,175,Bhaisipati,27.6515,85.3008
2023-02-09T04:00,7.0,97,6.6,860.7,8.7,175,Bhaisipati,27.6515,85.3008
2023-02-09T05:00,6.6,100,6.5,860.8,7.6,175,Bhaisipati,27.6515,85.3008
2023-02-09T06:00,6.6,98,6.3,861.6,7.6,177,Bhaisipati,27.6515,85.3008
2023-02-09T07:00,7.6,94,6.7,862.8,7.2,174,Bhaisipati,27.6515,85.3008
2023-02-09T08:00,11.7,77,7.8,865.8,3.8,197,Bhaisipati,27.6515,85.3008
2023-02-09T09:00,13.8,66,7.5,866.9,1.9,292,Bhaisipati,27.6515,85.3008
2023-02-09T10:00,15.9,53,6.4,867.4,4.9,306,Bhaisipati,27.6515,85.3008
2023-02-09T11:00,16.9,53,7.4,867.3,8.4,320,Bhaisipati,27.6515,85.3008
2023-02-09T12:00,17.4,50,6.9,866.4,9.4,313,Bhaisipati,27.6515,85.3008
2023-02-09T13:00,17.5,48,6.3,865.4,10.2,315,Bhaisipati,27.6515,85.3008
2023-02-09T14:00,17.6,46,5.9,864.6,10.5,319,Bhaisipati,27.6515,85.3008
2023-02-09T15:00,17.2,46,5.6,864.1,8.5,324,Bhaisipati,27.6515,85.3008
2023-02-09T16:00,16.2,50,5.9,864.0,6.4,308,Bhaisipati,27.6515,85.3008
2023-02-09T17:00,14.6,70,9.1,864.6,4.8,312,Bhaisipati,27.6515,85.3008
2023-02-09T18:00,13.8,65,7.4,865.4,3.6,307,Bhaisipati,27.6515,85.3008
2023-02-09T19:00,12.8,76,8.7,866.2,2.7,293,Bhaisipati,27.6515,85.3008
2023-02-09T20:00,12.5,71,7.3,866.5,3.1,225,Bhaisipati,27.6515,85.3008
2023-02-09T21:00,10.8,83,8.1,866.3,2.4,207,Bhaisipati,27.6515,85.3008
2023-02-09T22:00,10.3,84,7.8,866.2,2.2,189,Bhaisipati,27.6515,85.3008
2023-02-09T23:00,9.6,88,7.7,865.5,2.2,189,Bhaisipati,27.6515,85.3008
2023-02-10T00:00,8.7,92,7.4,864.6,1.1,180,Bhaisipati,27.6515,85.3008
2023-02-10T01:00,8.2,93,7.1,863.9,2.2,180,Bhaisipati,27.6515,85.3008
2023-02-10T02:00,7.3,94,6.3,862.6,4.3,180,Bhaisipati,27.6515,85.3008
2023-02-10T03:00,6.2,100,6.2,861.4,5.1,176,Bhaisipati,27.6515,85.3008
2023-02-10T04:00,5.7,100,5.7,860.9,6.2,173,Bhaisipati,27.6515,85.3008
2023-02-10T05:00,7.2,99,7.1,862.7,7.6,172,Bhaisipati,27.6515,85.3008
2023-02-10T06:00,6.5,100,6.5,863.0,7.3,169,Bhaisipati,27.6515,85.3008
2023-02-10T07:00,7.6,100,7.6,864.0,7.0,168,Bhaisipati,27.6515,85.3008
2023-02-10T08:00,11.8,80,8.6,866.6,4.0,153,Bhaisipati,27.6515,85.3008
2023-02-10T09:00,14.6,62,7.3,868.1,1.5,346,Bhaisipati,27.6515,85.3008
2023-02-10T10:00,16.9,50,6.6,868.8,6.1,315,Bhaisipati,27.6515,85.3008
2023-02-10T11:00,17.9,49,7.1,868.5,9.7,318,Bhaisipati,27.6515,85.3008
2023-02-10T12:00,18.4,48,7.1,867.7,10.5,319,Bhaisipati,27.6515,85.3008
2023-02-10T13:00,19.1,43,6.2,866.8,11.0,319,Bhaisipati,27.6515,85.3008
2023-02-10T14:00,19.0,43,6.0,866.0,11.2,320,Bhaisipati,27.6515,85.3008
2023-02-10T15:00,18.4,45,6.4,865.5,10.3,324,Bhaisipati,27.6515,85.3008
2023-02-10T16:00,17.4,50,6.9,865.3,9.2,318,Bhaisipati,27.6515,85.3008
2023-02-10T17:00,15.6,63,8.6,864.7,5.4,307,Bhaisipati,27.6515,85.3008
2023-02-10T18:00,14.0,71,8.8,864.7,5.1,274,Bhaisipati,27.6515,85.3008
2023-02-10T19:00,13.0,76,8.9,865.0,5.9,284,Bhaisipati,27.6515,85.3008
2023-02-10T20:00,12.5,78,8.8,865.2,5.0,240,Bhaisipati,27.6515,85.3008
2023-02-10T21:00,11.5,82,8.6,865.3,3.7,191,Bhaisipati,27.6515,85.3008
2023-02-10T22:00,11.3,82,8.3,865.3,3.2,180,Bhaisipati,27.6515,85.3008
2023-02-10T23:00,10.8,82,7.9,865.1,2.9,173,Bhaisipati,27.6515,85.3008
2023-02-11T00:00,10.4,81,7.4,864.5,2.9,173,Bhaisipati,27.6515,85.3008
2023-02-11T01:00,10.1,81,6.9,864.0,3.0,166,Bhaisipati,27.6515,85.3008
2023-02-11T02:00,10.0,79,6.5,863.4,3.3,174,Bhaisipati,27.6515,85.3008
2023-02-11T03:00,10.0,76,5.9,862.9,3.3,167,Bhaisipati,27.6515,85.3008
2023-02-11T04:00,10.0,73,5.3,862.6,3.3,167,Bhaisipati,27.6515,85.3008
2023-02-11T05:00,8.8,79,5.4,862.3,3.7,169,Bhaisipati,27.6515,85.3008
2023-02-11T06:00,9.5,71,4.5,863.1,3.3,174,Bhaisipati,27.6515,85.3008
2023-02-11T07:00,11.5,61,4.1,864.7,3.3,174,Bhaisipati,27.6515,85.3008
2023-02-11T08:00,15.4,54,6.2,867.1,3.1,201,Bhaisipati,27.6515,85.3008
2023-02-11T09:00,17.2,42,4.1,868.4,5.6,315,Bhaisipati,27.6515,85.3008
2023-02-11T10:00,18.2,42,5.0,869.0,7.6,315,Bhaisipati,27.6515,85.3008
2023-02-11T11:00,19.3,37,4.4,868.7,9.7,312,Bhaisipati,27.6515,85.3008
2023-02-11T12:00,20.3,31,2.8,867.9,11.3,307,Bhaisipati,27.6515,85.3008
2023-02-11T13:00,20.6,31,2.7,867.0,11.8,310,Bhaisipati,27.6515,85.3008
2023-02-11T14:00,20.4,31,3.0,866.1,10.4,314,Bhaisipati,27.6515,85.3008
2023-02-11T15:00,19.8,35,4.0,865.6,9.7,318,Bhaisipati,27.6515,85.3008
2023-02-11T16:00,18.8,39,4.4,865.3,8.7,318,Bhaisipati,27.6515,85.3008
2023-02-11T17:00,15.9,60,8.2,864.0,7.6,278,Bhaisipati,27.6515,85.3008
2023-02-11T18:00,14.7,65,8.1,864.2,5.2,258,Bhaisipati,27.6515,85.3008
2023-02-11T19:00,13.5,70,8.2,864.3,4.2,239,Bhaisipati,27.6515,85.3008
2023-02-11T20:00,12.3,77,8.4,864.4,3.6,217,Bhaisipati,27.6515,85.3008
2023-02-11T21:00,11.4,80,8.1,864.7,1.9,202,Bhaisipati,27.6515,85.3008
2023-02-11T22:00,10.8,81,7.7,864.7,2.4,207,Bhaisipati,27.6515,85.3008
2023-02-11T23:00,10.2,83,7.5,864.4,2.4,207,Bhaisipati,27.6515,85.3008
2023-02-12T00:00,10.8,78,7.2,864.4,2.8,220,Bhaisipati,27.6515,85.3008
2023-02-12T01:00,11.1,77,7.2,864.4,0.8,207,Bhaisipati,27.6515,85.3008
2023-02-12T02:00,8.9,86,6.7,862.5,2.5,188,Bhaisipati,27.6515,85.3008
2023-02-12T03:00,9.1,83,6.5,862.1,2.5,188,Bhaisipati,27.6515,85.3008
2023-02-12T04:00,8.8,83,6.2,861.6,2.5,180,Bhaisipati,27.6515,85.3008
2023-02-12T05:00,7.8,93,6.7,861.7,4.0,180,Bhaisipati,27.6515,85.3008
2023-02-12T06:00,5.9,99,5.8,861.1,6.1,177,Bhaisipati,27.6515,85.3008
2023-02-12T07:00,6.6,97,6.2,862.2,6.8,177,Bhaisipati,27.6515,85.3008
2023-02-12T08:00,12.5,74,8.1,865.6,5.8,173,Bhaisipati,27.6515,85.3008
2023-02-12T09:00,15.5,48,4.6,867.3,1.1,342,Bhaisipati,27.6515,85.3008
2023-02-12T10:00,17.3,37,2.4,867.6,4.8,333,Bhaisipati,27.6515,85.3008
2023-02-12T11:00,18.6,25,-1.9,867.1,8.9,313,Bhaisipati,27.6515,85.3008
2023-02-12T12:00,19.3,23,-2.6,866.2,9.7,312,Bhaisipati,27.6515,85.3008
2023-02-12T13:00,19.4,22,-2.8,865.2,10.5,301,Bhaisipati,27.6515,85.3008
2023-02-12T14:00,18.4,27,-1.1,864.4,10.5,286,Bhaisipati,27.6515,85.3008
2023-02-12T15:00,16.8,36,1.7,864.3,11.0,281,Bhaisipati,27.6515,85.3008
2023-02-12T16:00,15.8,40,2.2,863.7,8.7,277,Bhaisipati,27.6515,85.3008
2023-02-12T17:00,14.2,53,4.9,863.4,5.4,274,Bhaisipati,27.6515,85.3008
2023-02-12T18:00,13.0,61,5.7,863.3,4.0,275,Bhaisipati,27.6515,85.3008
2023-02-12T19:00,12.0,67,6.2,863.6,3.9,236,Bhaisipati,27.6515,85.3008
2023-02-12T20:00,10.7,76,6.6,863.3,2.5,225,Bhaisipati,27.6515,85.3008
2023-02-12T21:00,9.8,79,6.2,862.8,4.9,197,Bhaisipati,27.6515,85.3008
2023-02-12T22:00,8.8,81,5.8,862.1,6.6,189,Bhaisipati,27.6515,85.3008
2023-02-12T23:00,7.9,78,4.3,860.8,6.2,190,Bhaisipati,27.6515,85.3008
2023-02-13T00:00,6.8,76,2.8,859.7,4.0,185,Bhaisipati,27.6515,85.3008
2023-02-13T01:00,6.7,67,1.0,859.3,2.9,187,Bhaisipati,27.6515,85.3008
2023-02-13T02:00,6.8,62,0.0,858.7,4.0,175,Bhaisipati,27.6515,85.3008
2023-02-13T03:00,6.6,62,-0.2,858.0,4.0,170,Bhaisipati,27.6515,85.3008
2023-02-13T04:00,6.5,63,0.0,858.0,1.8,180,Bhaisipati,27.6515,85.3008
2023-02-13T05:00,6.5,62,-0.2,858.6,3.6,174,Bhaisipati,27.6515,85.3008
2023-02-13T06:00,6.8,63,0.2,859.4,2.6,164,Bhaisipati,27.6515,85.3008
2023-02-13T07:00,8.4,60,1.2,860.7,4.8,167,Bhaisipati,27.6515,85.3008
2023-02-13T08:00,12.5,53,3.2,863.4,1.9,112,Bhaisipati,27.6515,85.3008
2023-02-13T09:00,14.7,47,3.5,864.8,2.7,23,Bhaisipati,27.6515,85.3008
2023-02-13T10:00,16.7,43,4.0,865.4,4.2,340,Bhaisipati,27.6515,85.3008
2023-02-13T11:00,18.2,39,4.0,865.2,6.4,333,Bhaisipati,27.6515,85.3008
2023-02-13T12:00,19.4,35,3.7,864.6,7.2,333,Bhaisipati,27.6515,85.3008
2023-02-13T13:00,20.3,33,3.6,864.0,8.0,324,Bhaisipati,27.6515,85.3008
2023-02-13T14:00,20.4,31,2.8,863.8,9.2,321,Bhaisipati,27.6515,85.3008
2023-02-13T15:00,19.3,33,2.6,863.6,9.3,324,Bhaisipati,27.6515,85.3008
2023-02-13T16:00,17.6,39,3.4,863.5,8.2,322,Bhaisipati,27.6515,85.3008
2023-02-13T17:00,14.8,58,6.6,863.7,6.9,332,Bhaisipati,27.6515,85.3008
2023-02-13T18:00,13.1,66,6.8,864.1,4.7,302,Bhaisipati,27.6515,85.3008
2023-02-13T19:00,12.2,67,6.1,864.8,3.6,270,Bhaisipati,27.6515,85.3008
2023-02-13T20:00,10.8,73,6.2,865.2,3.1,225,Bhaisipati,27.6515,85.3008
2023-02-13T21:00,9.5,80,6.2,865.7,1.9,202,Bhaisipati,27.6515,85.3008
2023-02-13T22:00,8.9,81,5.8,865.6,1.4,180,Bhaisipati,27.6515,85.3008
2023-02-13T23:00,8.3,83,5.6,865.3,2.6,164,Bhaisipati,27.6515,85.3008
2023-02-14T00:00,7.5,87,5.4,864.6,3.3,167,Bhaisipati,27.6515,85.3008
2023-02-14T01:00,6.8,89,5.2,864.1,4.0,170,Bhaisipati,27.6515,85.3008
2023-02-14T02:00,6.2,91,4.9,863.2,5.1,172,Bhaisipati,27.6515,85.3008
2023-02-14T03:00,5.8,92,4.6,862.9,4.7,171,Bhaisipati,27.6515,85.3008
2023-02-14T04:00,5.5,92,4.4,862.6,4.4,171,Bhaisipati,27.6515,85.3008
2023-02-14T05:00,5.3,95,4.5,863.4,4.7,171,Bhaisipati,27.6515,85.3008
2023-02-14T06:00,5.4,93,4.4,863.9,4.4,171,Bhaisipati,27.6515,85.3008
2023-02-14T07:00,7.2,85,4.9,865.3,3.6,174,Bhaisipati,27.6515,85.3008
2023-02-14T08:00,11.8,62,4.7,868.0,1.1,108,Bhaisipati,27.6515,85.3008
2023-02-14T09:00,13.9,54,4.9,869.0,2.9,7,Bhaisipati,27.6515,85.3008
2023-02-14T10:00,15.9,50,5.4,869.2,5.1,352,Bhaisipati,27.6515,85.3008
2023-02-14T11:00,17.4,45,5.5,868.7,7.1,345,Bhaisipati,27.6515,85.3008
2023-02-14T12:00,18.4,42,5.3,867.7,8.9,328,Bhaisipati,27.6515,85.3008
2023-02-14T13:00,18.6,41,5.1,866.7,10.8,323,Bhaisipati,27.6515,85.3008
2023-02-14T14:00,18.4,41,5.0,866.1,10.7,320,Bhaisipati,27.6515,85.3008
2023-02-14T15:00,17.8,42,4.8,865.3,9.5,323,Bhaisipati,27.6515,85.3008
2023-02-14T16:00,16.7,46,4.9,864.6,8.5,324,Bhaisipati,27.6515,85.3008
2023-02-14T17:00,14.1,66,8.0,863.8,6.3,347,Bhaisipati,27.6515,85.3008
2023-02-14T18:00,12.9,73,8.1,864.2,5.5,349,Bhaisipati,27.6515,85.3008
2023-02-14T19:00,13.2,60,5.5,865.3,3.8,319,Bhaisipati,27.6515,85.3008
2023-02-14T20:00,12.7,61,5.3,865.5,1.9,112,Bhaisipati,27.6515,85.3008
2023-02-14T21:00,10.3,77,6.4,864.5,2.8,140,Bhaisipati,27.6515,85.3008
2023-02-14T22:00,9.8,76,5.8,863.8,2.7,157,Bhaisipati,27.6515,85.3008
2023-02-14T23:00,8.9,81,5.9,863.6,2.2,180,Bhaisipati,27.6515,85.3008
2023-02-15T00:00,8.8,81,5.7,863.2,3.0,166,Bhaisipati,27.6515,85.3008
2023-02-15T01:00,8.5,82,5.5,862.8,2.9,173,Bhaisipati,27.6515,85.3008
2023-02-15T02:00,8.0,83,5.4,862.0,3.3,167,Bhaisipati,27.6515,85.3008
2023-02-15T03:00,7.5,86,5.3,861.4,4.1,165,Bhaisipati,27.6515,85.3008
2023-02-15T04:00,7.1,87,5.1,861.5,4.1,165,Bhaisipati,27.6515,85.3008
2023-02-15T05:00,7.1,92,5.9,862.0,4.8,167,Bhaisipati,27.6515,85.3008
2023-02-15T06:00,7.3,90,5.8,862.4,4.6,162,Bhaisipati,27.6515,85.3008
2023-02-15T07:00,8.8,84,6.3,863.9,6.6,171,Bhaisipati,27.6515,85.3008
2023-02-15T08:00,13.0,66,6.8,866.7,2.4,153,Bhaisipati,27.6515,85.3008
2023-02-15T09:00,15.2,56,6.6,867.8,2.5,352,Bhaisipati,27.6515,85.3008
2023-02-15T10:00,17.3,50,6.8,868.3,4.7,9,Bhaisipati,27.6515,85.3008
2023-02-15T11:00,19.1,45,6.9,867.9,4.7,360,Bhaisipati,27.6515,85.3008
2023-02-15T12:00,20.8,39,6.5,867.1,6.9,332,Bhaisipati,27.6515,85.3008
2023-02-15T13:00,21.2,37,5.9,866.4,12.5,327,Bhaisipati,27.6515,85.3008
2023-02-15T14:00,19.4,42,6.2,866.2,13.0,312,Bhaisipati,27.6515,85.3008
2023-02-15T15:00,18.3,46,6.5,865.7,9.0,299,Bhaisipati,27.6515,85.3008
2023-02-15T16:00,17.7,47,6.3,865.5,7.1,285,Bhaisipati,27.6515,85.3008
2023-02-15T17:00,16.1,53,6.5,865.3,5.4,262,Bhaisipati,27.6515,85.3008
2023-02-15T18:00,14.8,62,7.7,865.8,3.1,249,Bhaisipati,27.6515,85.3008
2023-02-15T19:00,13.9,71,8.7,866.1,2.2,180,Bhaisipati,27.6515,85.3008
2023-02-15T20:00,12.0,78,8.3,865.8,1.1,180,Bhaisipati,27.6515,85.3008
2023-02-15T21:00,11.7,78,8.0,866.4,1.5,166,Bhaisipati,27.6515,85.3008
2023-02-15T22:00,11.3,80,8.0,866.6,2.7,157,Bhaisipati,27.6515,85.3008
2023-02-15T23:00,11.3,78,7.6,866.1,3.2,153,Bhaisipati,27.6515,85.3008
2023-02-16T00:00,10.8,79,7.4,865.7,3.3,167,Bhaisipati,27.6515,85.3008
2023-02-16T01:00,10.5,79,7.1,865.3,3.4,162,Bhaisipati,27.6515,85.3008
2023-02-16T02:00,10.2,78,6.6,864.5,3.7,151,Bhaisipati,27.6515,85.3008
2023-02-16T03:00,10.1,76,6.0,864.2,4.0,153,Bhaisipati,27.6515,85.3008
2023-02-16T04:00,10.0,73,5.5,864.3,3.9,158,Bhaisipati,27.6515,85.3008
2023-02-16T05:00,8.6,85,6.2,864.4,4.6,162,Bhaisipati,27.6515,85.3008
2023-02-16T06:00,9.8,77,5.9,865.4,3.1,159,Bhaisipati,27.6515,85.3008
2023-02-16T07:00,12.1,67,6.1,867.0,3.2,153,Bhaisipati,27.6515,85.3008
2023-02-16T08:00,15.4,53,5.7,869.1,3.7,101,Bhaisipati,27.6515,85.3008
2023-02-16T09:00,17.4,43,4.6,870.2,3.1,45,Bhaisipati,27.6515,85.3008
2023-02-16T10:00,19.3,37,4.2,870.9,4.9,36,Bhaisipati,27.6515,85.3008
2023-02-16T11:00,20.8,33,3.9,870.8,5.8,22,Bhaisipati,27.6515,85.3008
2023-02-16T12:00,22.6,29,3.8,869.8,7.3,9,Bhaisipati,27.6515,85.3008
2023-02-16T13:00,22.9,28,3.5,868.9,12.0,321,Bhaisipati,27.6515,85.3008
2023-02-16T14:00,21.4,33,4.6,868.7,10.5,301,Bhaisipati,27.6515,85.3008
2023-02-16T15:00,20.8,35,4.8,868.3,6.9,309,Bhaisipati,27.6515,85.3008
2023-02-16T16:00,20.0,36,4.5,868.0,7.3,303,Bhaisipati,27.6515,85.3008
2023-02-16T17:00,18.3,55,9.0,868.0,4.9,234,Bhaisipati,27.6515,85.3008
2023-02-16T18:00,16.4,62,9.0,868.4,4.6,225,Bhaisipati,27.6515,85.3008
2023-02-16T19:00,16.9,53,7.1,870.0,3.6,225,Bhaisipati,27.6515,85.3008
2023-02-16T20:00,16.5,53,7.0,870.5,5.6,310,Bhaisipati,27.6515,85.3008
2023-02-16T21:00,16.0,54,6.8,870.7,1.1,162,Bhaisipati,27.6515,85.3008
2023-02-16T22:00,13.7,67,7.6,869.8,3.8,163,Bhaisipati,27.6515,85.3008
2023-02-16T23:00,12.0,75,7.8,869.1,3.0,166,Bhaisipati,27.6515,85.3008
2023-02-17T00:00,11.5,77,7.7,868.5,2.6,164,Bhaisipati,27.6515,85.3008
2023-02-17T01:00,11.0,79,7.5,867.9,3.3,167,Bhaisipati,27.6515,85.3008
2023-02-17T02:00,10.7,79,7.2,867.2,2.6,164,Bhaisipati,27.6515,85.3008
2023-02-17T03:00,10.2,81,7.0,866.5,3.4,162,Bhaisipati,27.6515,85.3008
2023-02-17T04:00,10.0,80,6.7,866.1,3.4,162,Bhaisipati,27.6515,85.3008
2023-02-17T05:00,8.7,88,6.8,866.2,4.0,170,Bhaisipati,27.6515,85.3008
2023-02-17T06:00,9.5,84,6.9,867.4,2.6,164,Bhaisipati,27.6515,85.3008
2023-02-17T07:00,10.8,78,7.2,868.7,5.2,164,Bhaisipati,27.6515,85.3008
2023-02-17T08:00,15.7,58,7.4,871.6,2.8,140,Bhaisipati,27.6515,85.3008
2023-02-17T09:00,18.1,44,5.5,872.9,3.2,27,Bhaisipati,27.6515,85.3008
2023-02-17T10:00,19.7,40,5.6,873.2,5.4,352,Bhaisipati,27.6515,85.3008
2023-02-17T11:00,21.2,36,5.6,872.8,9.0,344,Bhaisipati,27.6515,85.3008
2023-02-17T12:00,21.8,34,5.2,871.6,11.9,335,Bhaisipati,27.6515,85.3008
2023-02-17T13:00,22.0,32,4.5,870.5,10.2,321,Bhaisipati,27.6515,85.3008
2023-02-17T14:00,22.2,31,4.1,869.5,9.4,320,Bhaisipati,27.6515,85.3008
2023-02-17T15:00,21.8,32,4.2,869.1,10.7,320,Bhaisipati,27.6515,85.3008
2023-02-17T16:00,20.6,35,4.5,868.8,8.7,308,Bhaisipati,27.6515,85.3008
2023-02-17T17:00,18.2,52,8.2,868.1,6.1,230,Bhaisipati,27.6515,85.3008
2023-02-17T18:00,16.8,55,7.6,868.7,3.8,221,Bhaisipati,27.6515,85.3008
2023-02-17T19:00,15.0,67,9.0,868.8,3.0,194,Bhaisipati,27.6515,85.3008
2023-02-17T20:00,13.9,76,9.8,868.9,2.9,180,Bhaisipati,27.6515,85.3008
2023-02-17T21:00,13.7,74,9.1,869.5,1.8,180,Bhaisipati,27.6515,85.3008
2023-02-17T22:00,13.5,73,8.7,869.3,2.2,171,Bhaisipati,27.6515,85.3008
2023-02-17T23:00,12.3,79,8.7,868.8,3.8,163,Bhaisipati,27.6515,85.3008
2023-02-18T00:00,12.1,79,8.6,868.3,3.8,163,Bhaisipati,27.6515,85.3008
2023-02-18T01:00,11.8,80,8.4,867.8,3.9,158,Bhaisipati,27.6515,85.3008
2023-02-18T02:00,11.5,80,8.1,867.1,4.0,153,Bhaisipati,27.6515,85.3008
2023-02-18T03:00,10.9,81,7.7,866.5,4.3,156,Bhaisipati,27.6515,85.3008
2023-02-18T04:00,10.7,80,7.4,866.3,4.8,153,Bhaisipati,27.6515,85.3008
2023-02-18T05:00,9.5,81,6.5,866.6,6.0,155,Bhaisipati,27.6515,85.3008
2023-02-18T06:00,10.7,73,6.2,867.8,3.2,153,Bhaisipati,27.6515,85.3008
2023-02-18T07:00,12.4,66,6.3,869.2,4.3,156,Bhaisipati,27.6515,85.3008
2023-02-18T08:00,16.0,50,5.6,871.6,3.5,114,Bhaisipati,27.6515,85.3008
2023-02-18T09:00,17.9,43,5.2,872.5,3.9,34,Bhaisipati,27.6515,85.3008
2023-02-18T10:00,19.6,40,5.7,872.8,5.8,7,Bhaisipati,27.6515,85.3008
2023-02-18T11:00,21.5,37,6.1,872.3,11.3,351,Bhaisipati,27.6515,85.3008
2023-02-18T12:00,22.3,34,5.8,871.0,15.3,345,Bhaisipati,27.6515,85.3008
2023-02-18T13:00,22.1,34,5.3,870.0,14.7,343,Bhaisipati,27.6515,85.3008
2023-02-18T14:00,22.2,33,5.2,869.2,12.2,341,Bhaisipati,27.6515,85.3008
2023-02-18T15:00,22.0,33,5.1,868.9,10.2,337,Bhaisipati,27.6515,85.3008
2023-02-18T16:00,20.9,35,5.1,868.5,8.4,320,Bhaisipati,27.6515,85.3008
2023-02-18T17:00,18.2,56,9.2,867.6,7.5,287,Bhaisipati,27.6515,85.3008
2023-02-18T18:00,16.8,52,6.8,868.0,4.7,261,Bhaisipati,27.6515,85.3008
2023-02-18T19:00,15.1,63,8.1,868.4,5.1,225,Bhaisipati,27.6515,85.3008
2023-02-18T20:00,14.3,66,8.0,868.9,3.4,198,Bhaisipati,27.6515,85.3008
2023-02-18T21:00,13.5,68,7.7,868.8,2.5,180,Bhaisipati,27.6515,85.3008
2023-02-18T22:00,13.1,68,7.4,868.6,2.2,171,Bhaisipati,27.6515,85.3008
2023-02-18T23:00,12.7,69,7.2,868.3,2.5,172,Bhaisipati,27.6515,85.3008
2023-02-19T00:00,12.3,70,6.9,867.8,2.9,173,Bhaisipati,27.6515,85.3008
2023-02-19T01:00,11.9,70,6.6,867.1,3.3,167,Bhaisipati,27.6515,85.3008
2023-02-19T02:00,11.5,71,6.4,866.3,3.3,174,Bhaisipati,27.6515,85.3008
2023-02-19T03:00,11.0,73,6.4,865.9,3.6,174,Bhaisipati,27.6515,85.3008
2023-02-19T04:00,11.0,72,6.1,865.8,3.8,163,Bhaisipati,27.6515,85.3008
2023-02-19T05:00,9.9,78,6.2,865.6,5.2,168,Bhaisipati,27.6515,85.3008
2023-02-19T06:00,10.7,72,6.0,867.1,3.7,169,Bhaisipati,27.6515,85.3008
2023-02-19T07:00,12.1,68,6.4,868.7,3.6,174,Bhaisipati,27.6515,85.3008
2023-02-19T08:00,16.3,51,6.2,871.1,1.1,162,Bhaisipati,27.6515,85.3008
2023-02-19T09:00,18.3,44,5.8,871.7,2.9,30,Bhaisipati,27.6515,85.3008
2023-02-19T10:00,19.9,40,5.8,871.6,4.0,350,Bhaisipati,27.6515,85.3008
2023-02-19T11:00,21.4,36,5.6,871.3,6.1,332,Bhaisipati,27.6515,85.3008
2023-02-19T12:00,23.1,30,4.8,870.2,11.5,321,Bhaisipati,27.6515,85.3008
2023-02-19T13:00,22.9,32,5.4,869.0,14.8,321,Bhaisipati,27.6515,85.3008
2023-02-19T14:00,22.2,34,5.6,868.1,13.0,318,Bhaisipati,27.6515,85.3008
2023-02-19T15:00,21.8,35,5.7,867.7,9.2,312,Bhaisipati,27.6515,85.3008
2023-02-19T16:00,21.4,34,5.1,867.4,5.3,298,Bhaisipati,27.6515,85.3008
2023-02-19T17:00,18.7,56,9.6,866.9,5.8,263,Bhaisipati,27.6515,85.3008
2023-02-19T18:00,17.2,56,8.3,867.2,3.4,238,Bhaisipati,27.6515,85.3008
2023-02-19T19:00,15.7,65,9.2,867.3,3.1,216,Bhaisipati,27.6515,85.3008
2023-02-19T20:00,14.3,74,9.7,867.3,2.2,189,Bhaisipati,27.6515,85.3008
2023-02-19T21:00,13.4,80,10.0,867.2,0.4,180,Bhaisipati,27.6515,85.3008
2023-02-19T22:00,13.0,81,9.8,866.9,0.7,180,Bhaisipati,27.6515,85.3008
2023-02-19T23:00,12.5,83,9.6,866.4,1.8,180,Bhaisipati,27.6515,85.3008
2023-02-20T00:00,12.0,84,9.5,865.7,2.2,171,Bhaisipati,27.6515,85.3008
2023-02-20T01:00,12.0,84,9.3,865.3,2.9,173,Bhaisipati,27.6515,85.3008
2023-02-20T02:00,11.6,84,9.0,864.5,3.2,180,Bhaisipati,27.6515,85.3008
2023-02-20T03:00,11.4,84,8.8,864.0,4.0,175,Bhaisipati,27.6515,85.3008
2023-02-20T04:00,11.2,84,8.6,863.8,4.0,175,Bhaisipati,27.6515,85.3008
2023-02-20T05:00,10.2,87,8.2,864.0,3.3,174,Bhaisipati,27.6515,85.3008
2023-02-20T06:00,10.7,84,8.1,864.7,4.5,166,Bhaisipati,27.6515,85.3008
2023-02-20T07:00,12.0,79,8.5,866.2,6.2,170,Bhaisipati,27.6515,85.3008
2023-02-20T08:00,16.1,60,8.3,868.7,2.8,140,Bhaisipati,27.6515,85.3008
2023-02-20T09:00,18.2,53,8.4,869.8,1.6,27,Bhaisipati,27.6515,85.3008
2023-02-20T10:00,20.4,43,7.5,870.1,3.3,311,Bhaisipati,27.6515,85.3008
2023-02-20T11:00,21.9,38,6.8,869.7,7.7,307,Bhaisipati,27.6515,85.3008
2023-02-20T12:00,21.9,39,7.3,868.7,9.9,314,Bhaisipati,27.6515,85.3008
2023-02-20T13:00,21.8,40,7.6,867.7,10.3,324,Bhaisipati,27.6515,85.3008
2023-02-20T14:00,21.7,39,7.2,867.1,7.5,305,Bhaisipati,27.6515,85.3008
2023-02-20T15:00,21.0,41,7.2,866.6,5.4,278,Bhaisipati,27.6515,85.3008
2023-02-20T16:00,20.1,45,7.7,866.4,6.6,257,Bhaisipati,27.6515,85.3008
2023-02-20T17:00,18.1,57,9.4,866.6,5.8,240,Bhaisipati,27.6515,85.3008
2023-02-20T18:00,16.9,64,10.1,867.1,2.3,219,Bhaisipati,27.6515,85.3008
2023-02-20T19:00,15.6,76,11.3,867.0,2.6,214,Bhaisipati,27.6515,85.3008
2023-02-20T20:00,14.5,80,11.0,866.8,2.6,196,Bhaisipati,27.6515,85.3008
2023-02-20T21:00,13.9,81,10.8,866.9,0.7,180,Bhaisipati,27.6515,85.3008
2023-02-20T22:00,13.4,84,10.8,866.8,1.4,180,Bhaisipati,27.6515,85.3008
2023-02-20T23:00,12.2,90,10.6,866.2,2.5,180,Bhaisipati,27.6515,85.3008
2023-02-21T00:00,11.0,94,10.0,865.3,2.9,180,Bhaisipati,27.6515,85.3008
2023-02-21T01:00,9.5,100,9.5,864.4,4.0,180,Bhaisipati,27.6515,85.3008
2023-02-21T02:00,9.5,100,9.5,863.8,5.0,180,Bhaisipati,27.6515,85.3008
2023-02-21T03:00,9.2,100,9.2,863.4,4.3,175,Bhaisipati,27.6515,85.3008
2023-02-21T04:00,8.6,100,8.5,863.0,4.0,175,Bhaisipati,27.6515,85.3008
2023-02-21T05:00,8.3,100,8.3,863.6,4.0,175,Bhaisipati,27.6515,85.3008
2023-02-21T06:00,8.0,100,8.0,864.0,5.1,176,Bhaisipati,27.6515,85.3008
2023-02-21T07:00,10.2,94,9.2,865.7,5.8,173,Bhaisipati,27.6515,85.3008
2023-02-21T08:00,15.8,69,10.2,869.0,2.2,180,Bhaisipati,27.6515,85.3008
2023-02-21T09:00,18.1,60,10.2,870.2,2.6,326,Bhaisipati,27.6515,85.3008
2023-02-21T10:00,19.8,53,9.8,870.5,6.3,329,Bhaisipati,27.6515,85.3008
2023-02-21T11:00,20.9,48,9.3,870.0,9.2,312,Bhaisipati,27.6515,85.3008
2023-02-21T12:00,21.7,44,9.0,869.0,11.2,312,Bhaisipati,27.6515,85.3008
2023-02-21T13:00,22.2,41,8.4,868.3,11.8,310,Bhaisipati,27.6515,85.3008
2023-02-21T14:00,22.1,39,7.4,867.5,11.0,311,Bhaisipati,27.6515,85.3008
2023-02-21T15:00,21.5,41,7.7,867.0,10.9,314,Bhaisipati,27.6515,85.3008
2023-02-21T16:00,20.4,45,7.9,866.8,9.7,318,Bhaisipati,27.6515,85.3008
2023-02-21T17:00,18.7,51,8.3,866.4,6.2,324,Bhaisipati,27.6515,85.3008
2023-02-21T18:00,17.0,63,9.8,866.5,5.1,321,Bhaisipati,27.6515,85.3008
2023-02-21T19:00,17.2,59,9.1,867.1,5.1,278,Bhaisipati,27.6515,85.3008
2023-02-21T20:00,16.6,62,9.3,867.2,2.6,214,Bhaisipati,27.6515,85.3008
2023-02-21T21:00,14.7,74,10.0,866.8,2.6,214,Bhaisipati,27.6515,85.3008
2023-02-21T22:00,13.2,80,9.9,866.1,2.9,187,Bhaisipati,27.6515,85.3008
2023-02-21T23:00,12.9,81,9.7,866.0,2.9,180,Bhaisipati,27.6515,85.3008
2023-02-22T00:00,12.7,81,9.5,865.5,2.9,173,Bhaisipati,27.6515,85.3008
2023-02-22T01:00,12.2,83,9.4,864.9,2.9,173,Bhaisipati,27.6515,85.3008
2023-02-22T02:00,11.6,86,9.3,864.1,3.3,174,Bhaisipati,27.6515,85.3008
2023-02-22T03:00,11.0,87,9.0,863.5,3.7,169,Bhaisipati,27.6515,85.3008
2023-02-22T04:00,10.3,90,8.7,862.7,4.0,170,Bhaisipati,27.6515,85.3008
2023-02-22T05:00,10.3,92,9.0,862.7,4.9,163,Bhaisipati,27.6515,85.3008
2023-02-22T06:00,10.3,91,8.8,863.1,5.6,165,Bhaisipati,27.6515,85.3008
2023-02-22T07:00,12.3,83,9.5,864.5,6.9,171,Bhaisipati,27.6515,85.3008
2023-02-22T08:00,17.2,62,9.7,867.4,2.5,180,Bhaisipati,27.6515,85.3008
2023-02-22T09:00,19.2,50,8.5,868.0,3.3,319,Bhaisipati,27.6515,85.3008
2023-02-22T10:00,20.4,40,6.5,868.2,8.2,299,Bhaisipati,27.6515,85.3008
2023-02-22T11:00,20.3,42,6.8,867.8,7.9,286,Bhaisipati,27.6515,85.3008
2023-02-22T12:00,20.4,38,5.7,867.0,6.8,288,Bhaisipati,27.6515,85.3008
2023-02-22T13:00,19.9,42,6.7,866.2,6.6,299,Bhaisipati,27.6515,85.3008
2023-02-22T14:00,19.8,43,6.7,865.5,6.4,308,Bhaisipati,27.6515,85.3008
2023-02-22T15:00,19.4,44,6.7,864.9,6.9,309,Bhaisipati,27.6515,85.3008
2023-02-22T16:00,18.6,48,7.2,864.9,7.9,294,Bhaisipati,27.6515,85.3008
2023-02-22T17:00,16.3,70,10.8,864.4,7.8,304,Bhaisipati,27.6515,85.3008
2023-02-22T18:00,15.4,70,10.0,864.6,6.4,286,Bhaisipati,27.6515,85.3008
2023-02-22T19:00,14.3,73,9.5,864.6,6.0,245,Bhaisipati,27.6515,85.3008
2023-02-22T20:00,13.4,76,9.3,864.5,5.1,219,Bhaisipati,27.6515,85.3008
2023-02-22T21:00,14.5,70,9.0,865.3,3.4,212,Bhaisipati,27.6515,85.3008
2023-02-22T22:00,13.2,76,9.1,864.5,3.1,201,Bhaisipati,27.6515,85.3008
2023-02-22T23:00,12.3,79,8.8,864.1,1.8,191,Bhaisipati,27.6515,85.3008
2023-02-23T00:00,11.8,80,8.6,863.5,1.1,180,Bhaisipati,27.6515,85.3008
2023-02-23T01:00,11.5,81,8.3,862.9,2.2,171,Bhaisipati,27.6515,85.3008
2023-02-23T02:00,11.3,81,8.1,862.2,2.9,173,Bhaisipati,27.6515,85.3008
2023-02-23T03:00,11.2,81,8.0,861.7,3.0,166,Bhaisipati,27.6515,85.3008
2023-02-23T04:00,11.1,81,8.0,861.7,3.7,169,Bhaisipati,27.6515,85.3008
2023-02-23T05:00,10.5,88,8.6,861.8,4.3,175,Bhaisipati,27.6515,85.3008
2023-02-23T06:00,10.3,90,8.7,862.1,4.7,171,Bhaisipati,27.6515,85.3008
2023-02-23T07:00,11.6,89,9.8,863.3,6.6,171,Bhaisipati,27.6515,85.3008
2023-02-23T08:00,16.7,65,10.1,866.1,4.0,153,Bhaisipati,27.6515,85.3008
2023-02-23T09:00,19.3,50,8.5,867.2,2.2,99,Bhaisipati,27.6515,85.3008
2023-02-23T10:00,21.3,39,6.7,867.7,1.4,360,Bhaisipati,27.6515,85.3008
2023-02-23T11:00,22.8,29,3.9,867.5,6.3,294,Bhaisipati,27.6515,85.3008
2023-02-23T12:00,23.4,27,3.3,866.8,10.7,284,Bhaisipati,27.6515,85.3008
2023-02-23T13:00,23.4,23,0.9,866.2,10.8,285,Bhaisipati,27.6515,85.3008
2023-02-23T14:00,22.9,22,0.4,865.8,9.1,288,Bhaisipati,27.6515,85.3008
2023-02-23T15:00,21.9,27,2.0,865.6,8.8,282,Bhaisipati,27.6515,85.3008
2023-02-23T16:00,20.9,31,3.2,865.6,6.1,270,Bhaisipati,27.6515,85.3008
2023-02-23T17:00,18.5,49,7.5,865.8,4.8,257,Bhaisipati,27.6515,85.3008
2023-02-23T18:00,15.8,62,8.7,865.3,4.7,212,Bhaisipati,27.6515,85.3008
2023-02-23T19:00,16.5,60,8.8,866.2,2.4,207,Bhaisipati,27.6515,85.3008
2023-02-23T20:00,14.4,72,9.5,866.2,4.1,218,Bhaisipati,27.6515,85.3008
2023-02-23T21:00,14.8,66,8.5,866.9,3.6,233,Bhaisipati,27.6515,85.3008
2023-02-23T22:00,14.5,66,8.1,866.8,2.3,219,Bhaisipati,27.6515,85.3008
2023-02-23T23:00,12.4,78,8.7,865.9,2.2,171,Bhaisipati,27.6515,85.3008
2023-02-24T00:00,11.0,85,8.6,865.0,3.3,174,Bhaisipati,27.6515,85.3008
2023-02-24T01:00,10.7,87,8.6,864.5,2.9,173,Bhaisipati,27.6515,85.3008
2023-02-24T02:00,10.3,89,8.6,863.7,2.5,172,Bhaisipati,27.6515,85.3008
2023-02-24T03:00,9.9,92,8.6,863.2,2.6,164,Bhaisipati,27.6515,85.3008
2023-02-24T04:00,9.4,94,8.5,862.9,3.3,167,Bhaisipati,27.6515,85.3008
2023-02-24T05:00,9.0,97,8.5,863.2,5.2,168,Bhaisipati,27.6515,85.3008
2023-02-24T06:00,8.7,97,8.2,863.8,5.5,169,Bhaisipati,27.6515,85.3008
2023-02-24T07:00,10.9,93,9.8,865.7,7.0,168,Bhaisipati,27.6515,85.3008
2023-02-24T08:00,15.8,71,10.7,868.7,3.4,148,Bhaisipati,27.6515,85.3008
2023-02-24T09:00,18.2,53,8.5,870.0,1.3,34,Bhaisipati,27.6515,85.3008
2023-02-24T10:00,19.7,45,7.3,870.4,4.6,321,Bhaisipati,27.6515,85.3008
2023-02-24T11:00,21.0,36,5.3,870.2,7.4,309,Bhaisipati,27.6515,85.3008
2023-02-24T12:00,21.9,29,3.2,869.5,9.2,309,Bhaisipati,27.6515,85.3008
2023-02-24T13:00,22.2,27,2.4,868.7,9.2,312,Bhaisipati,27.6515,85.3008
2023-02-24T14:00,21.9,29,2.9,868.2,8.7,308,Bhaisipati,27.6515,85.3008
2023-02-24T15:00,21.3,33,4.5,867.8,8.3,304,Bhaisipati,27.6515,85.3008
2023-02-24T16:00,19.9,40,6.1,867.6,7.0,305,Bhaisipati,27.6515,85.3008
2023-02-24T17:00,17.2,69,11.4,867.2,5.2,236,Bhaisipati,27.6515,85.3008
2023-02-24T18:00,16.1,67,10.0,868.2,2.9,210,Bhaisipati,27.6515,85.3008
2023-02-24T19:00,14.6,79,11.0,868.0,4.1,195,Bhaisipati,27.6515,85.3008
2023-02-24T20:00,13.7,82,10.8,868.2,3.9,214,Bhaisipati,27.6515,85.3008
2023-02-24T21:00,12.9,85,10.5,868.5,2.2,180,Bhaisipati,27.6515,85.3008
2023-02-24T22:00,12.5,86,10.3,868.6,2.2,180,Bhaisipati,27.6515,85.3008
2023-02-24T23:00,11.1,94,10.1,868.1,3.2,180,Bhaisipati,27.6515,85.3008
2023-02-25T00:00,9.9,97,9.4,867.3,4.0,180,Bhaisipati,27.6515,85.3008
2023-02-25T01:00,8.8,99,8.6,866.5,5.4,180,Bhaisipati,27.6515,85.3008
2023-02-25T02:00,7.9,100,7.9,865.9,5.8,180,Bhaisipati,27.6515,85.3008
2023-02-25T03:00,7.4,100,7.3,865.3,6.1,177,Bhaisipati,27.6515,85.3008
2023-02-25T04:00,7.1,100,7.1,865.3,6.9,174,Bhaisipati,27.6515,85.3008
2023-02-25T05:00,8.7,98,8.3,866.8,6.6,171,Bhaisipati,27.6515,85.3008
2023-02-25T06:00,8.8,97,8.4,867.4,6.5,174,Bhaisipati,27.6515,85.3008
2023-02-25T07:00,11.2,88,9.3,869.6,6.3,167,Bhaisipati,27.6515,85.3008
2023-02-25T08:00,15.1,70,9.5,872.0,3.0,166,Bhaisipati,27.6515,85.3008
2023-02-25T09:00,17.0,60,9.2,872.9,0.8,207,Bhaisipati,27.6515,85.3008
2023-02-25T10:00,18.4,50,7.8,873.2,2.5,315,Bhaisipati,27.6515,85.3008
2023-02-25T11:00,19.1,48,7.7,872.9,4.9,306,Bhaisipati,27.6515,85.3008
2023-02-25T12:00,19.3,46,7.5,872.1,6.6,292,Bhaisipati,27.6515,85.3008
2023-02-25T13:00,18.7,51,8.5,871.2,5.4,278,Bhaisipati,27.6515,85.3008
2023-02-25T14:00,18.2,57,9.5,870.4,4.5,256,Bhaisipati,27.6515,85.3008
2023-02-25T15:00,16.5,65,10.0,870.0,6.1,267,Bhaisipati,27.6515,85.3008
2023-02-25T16:00,16.1,66,9.6,870.2,4.3,312,Bhaisipati,27.6515,85.3008
2023-02-25T17:00,14.1,77,10.2,870.0,2.8,220,Bhaisipati,27.6515,85.3008
2023-02-25T18:00,13.6,80,10.2,870.7,3.0,256,Bhaisipati,27.6515,85.3008
2023-02-25T19:00,13.2,83,10.4,870.7,1.8,127,Bhaisipati,27.6515,85.3008
2023-02-25T20:00,11.7,93,10.5,870.5,3.1,144,Bhaisipati,27.6515,85.3008
2023-02-25T21:00,11.1,95,10.3,870.5,2.3,162,Bhaisipati,27.6515,85.3008
2023-02-25T22:00,10.5,96,10.0,870.1,3.3,167,Bhaisipati,27.6515,85.3008
2023-02-25T23:00,9.8,98,9.5,869.5,2.5,172,Bhaisipati,27.6515,85.3008
2023-02-26T00:00,9.4,98,9.1,868.9,2.5,172,Bhaisipati,27.6515,85.3008
2023-02-26T01:00,9.2,98,8.8,868.4,2.5,172,Bhaisipati,27.6515,85.3008
2023-02-26T02:00,8.8,98,8.6,868.0,2.5,172,Bhaisipati,27.6515,85.3008
2023-02-26T03:00,8.8,98,8.4,867.8,2.2,171,Bhaisipati,27.6515,85.3008
2023-02-26T04:00,8.8,96,8.2,868.2,1.8,169,Bhaisipati,27.6515,85.3008
2023-02-26T05:00,9.5,99,9.3,869.8,3.6,174,Bhaisipati,27.6515,85.3008
2023-02-26T06:00,9.3,99,9.3,869.9,4.0,170,Bhaisipati,27.6515,85.3008
2023-02-26T07:00,11.0,97,10.5,871.4,5.9,169,Bhaisipati,27.6515,85.3008
2023-02-26T08:00,13.7,82,10.7,873.5,0.5,45,Bhaisipati,27.6515,85.3008
2023-02-26T09:00,14.9,72,9.8,874.0,2.3,72,Bhaisipati,27.6515,85.3008
2023-02-26T10:00,16.7,66,10.2,874.5,2.5,352,Bhaisipati,27.6515,85.3008
2023-02-26T11:00,17.8,58,9.4,874.0,4.4,325,Bhaisipati,27.6515,85.3008
2023-02-26T12:00,13.5,79,9.9,872.8,5.4,323,Bhaisipati,27.6515,85.3008
2023-02-26T13:00,15.3,70,9.8,872.3,2.5,270,Bhaisipati,27.6515,85.3008
2023-02-26T14:00,12.3,82,9.3,871.0,3.6,135,Bhaisipati,27.6515,85.3008
2023-02-26T15:00,14.5,70,9.0,871.2,4.0,275,Bhaisipati,27.6515,85.3008
2023-02-26T16:00,14.1,69,8.5,871.2,5.0,339,Bhaisipati,27.6515,85.3008
2023-02-26T17:00,11.4,90,9.8,870.9,4.2,290,Bhaisipati,27.6515,85.3008
2023-02-26T18:00,11.4,91,10.0,871.1,1.8,101,Bhaisipati,27.6515,85.3008
2023-02-26T19:00,10.9,94,10.0,870.9,3.3,131,Bhaisipati,27.6515,85.3008
2023-02-26T20:00,9.0,98,8.7,870.2,2.9,173,Bhaisipati,27.6515,85.3008
2023-02-26T21:00,9.5,98,9.3,870.2,2.9,173,Bhaisipati,27.6515,85.3008
2023-02-26T22:00,9.0,99,8.8,869.9,2.2,180,Bhaisipati,27.6515,85.3008
2023-02-26T23:00,8.8,98,8.6,869.6,1.5,166,Bhaisipati,27.6515,85.3008
2023-02-27T00:00,8.7,97,8.3,868.9,3.0,166,Bhaisipati,27.6515,85.3008
2023-02-27T01:00,8.4,97,7.9,868.1,3.1,159,Bhaisipati,27.6515,85.3008
2023-02-27T02:00,8.3,96,7.7,867.3,3.7,169,Bhaisipati,27.6515,85.3008
2023-02-27T03:00,8.0,96,7.4,866.7,3.7,169,Bhaisipati,27.6515,85.3008
2023-02-27T04:00,7.8,95,7.1,866.8,2.6,164,Bhaisipati,27.6515,85.3008
2023-02-27T05:00,7.9,96,7.3,867.8,3.3,167,Bhaisipati,27.6515,85.3008
2023-02-27T06:00,8.1,95,7.3,868.2,4.0,170,Bhaisipati,27.6515,85.3008
2023-02-27T07:00,9.9,94,9.0,869.7,5.4,172,Bhaisipati,27.6515,85.3008
2023-02-27T08:00,13.4,81,10.3,872.4,3.0,166,Bhaisipati,27.6515,85.3008
2023-02-27T09:00,14.7,69,9.0,873.2,2.8,40,Bhaisipati,27.6515,85.3008
2023-02-27T10:00,16.2,58,7.9,873.6,1.8,53,Bhaisipati,27.6515,85.3008
2023-02-27T11:00,17.4,51,7.1,873.2,1.6,243,Bhaisipati,27.6515,85.3008
2023-02-27T12:00,17.8,52,7.9,872.3,4.3,294,Bhaisipati,27.6515,85.3008
2023-02-27T13:00,17.0,57,8.5,871.6,9.7,297,Bhaisipati,27.6515,85.3008
2023-02-27T14:00,16.9,59,8.7,870.8,5.4,290,Bhaisipati,27.6515,85.3008
2023-02-27T15:00,16.0,62,8.8,870.3,9.2,312,Bhaisipati,27.6515,85.3008
2023-02-27T16:00,14.8,66,8.5,870.0,3.7,331,Bhaisipati,27.6515,85.3008
2023-02-27T17:00,14.2,71,9.0,869.7,3.8,287,Bhaisipati,27.6515,85.3008
2023-02-27T18:00,13.2,80,9.8,869.9,1.8,180,Bhaisipati,27.6515,85.3008
2023-02-27T19:00,11.8,85,9.3,869.3,1.1,180,Bhaisipati,27.6515,85.3008
2023-02-27T20:00,12.0,82,8.9,870.0,1.8,191,Bhaisipati,27.6515,85.3008
2023-02-27T21:00,12.5,77,8.6,870.9,2.2,279,Bhaisipati,27.6515,85.3008
2023-02-27T22:00,12.1,78,8.5,870.6,1.8,191,Bhaisipati,27.6515,85.3008
2023-02-27T23:00,9.7,89,8.0,868.9,4.3,180,Bhaisipati,27.6515,85.3008
2023-02-28T00:00,9.5,90,8.0,868.5,1.4,180,Bhaisipati,27.6515,85.3008
2023-02-28T01:00,9.3,89,7.7,867.9,2.2,180,Bhaisipati,27.6515,85.3008
2023-02-28T02:00,9.0,90,7.4,867.2,2.2,171,Bhaisipati,27.6515,85.3008
2023-02-28T03:00,8.8,90,7.2,866.8,2.5,172,Bhaisipati,27.6515,85.3008
2023-02-28T04:00,8.5,90,6.9,866.2,3.3,167,Bhaisipati,27.6515,85.3008
2023-02-28T05:00,8.3,95,7.6,866.6,4.4,171,Bhaisipati,27.6515,85.3008
2023-02-28T06:00,8.0,96,7.3,866.9,5.1,172,Bhaisipati,27.6515,85.3008
2023-02-28T07:00,10.3,91,9.0,868.8,6.1,177,Bhaisipati,27.6515,85.3008
2023-02-28T08:00,15.0,69,9.4,871.7,1.5,135,Bhaisipati,27.6515,85.3008
2023-02-28T09:00,16.7,62,9.4,872.7,2.4,27,Bhaisipati,27.6515,85.3008
2023-02-28T10:00,18.4,50,7.9,873.3,3.3,347,Bhaisipati,27.6515,85.3008
2023-02-28T11:00,19.4,45,7.1,873.2,5.4,307,Bhaisipati,27.6515,85.3008
2023-02-28T12:00,19.5,48,8.1,872.5,7.5,305,Bhaisipati,27.6515,85.3008
2023-02-28T13:00,19.8,45,7.6,871.7,8.6,303,Bhaisipati,27.6515,85.3008
2023-02-28T14:00,19.8,44,7.1,870.9,7.6,295,Bhaisipati,27.6515,85.3008
2023-02-28T15:00,19.3,46,7.2,870.3,6.7,286,Bhaisipati,27.6515,85.3008
2023-02-28T16:00,18.6,49,7.7,870.1,5.8,277,Bhaisipati,27.6515,85.3008
2023-02-28T17:00,16.2,74,11.5,869.9,4.8,243,Bhaisipati,27.6515,85.3008
2023-02-28T18:00,14.8,77,10.7,870.0,3.3,193,Bhaisipati,27.6515,85.3008
2023-02-28T19:00,14.0,79,10.5,870.3,2.5,172,Bhaisipati,27.6515,85.3008
2023-02-28T20:00,13.2,85,10.7,870.6,2.5,172,Bhaisipati,27.6515,85.3008
2023-02-28T21:00,12.5,88,10.5,870.8,1.1,180,Bhaisipati,27.6515,85.3008
2023-02-28T22:00,11.8,88,9.9,870.6,1.1,180,Bhaisipati,27.6515,85.3008
2023-02-28T23:00,11.5,87,9.5,870.4,2.9,173,Bhaisipati,27.6515,85.3008
2023-03-01T00:00,11.5,86,9.3,870.0,3.3,174,Bhaisipati,27.6515,85.3008
2023-03-01T01:00,11.6,84,9.0,869.5,3.6,174,Bhaisipati,27.6515,85.3008
2023-03-01T02:00,11.2,85,8.7,868.4,3.7,169,Bhaisipati,27.6515,85.3008
2023-03-01T03:00,10.7,85,8.2,868.0,3.3,167,Bhaisipati,27.6515,85.3008
2023-03-01T04:00,10.2,84,7.7,867.9,3.6,174,Bhaisipati,27.6515,85.3008
2023-03-01T05:00,9.2,93,8.2,868.5,5.1,172,Bhaisipati,27.6515,85.3008
2023-03-01T06:00,9.3,93,8.3,869.4,4.7,171,Bhaisipati,27.6515,85.3008
2023-03-01T07:00,11.7,88,9.7,871.0,5.4,172,Bhaisipati,27.6515,85.3008
2023-03-01T08:00,16.1,68,10.3,873.7,1.0,135,Bhaisipati,27.6515,85.3008
2023-03-01T09:00,17.9,59,9.8,874.5,2.6,344,Bhaisipati,27.6515,85.3008
2023-03-01T10:00,19.3,54,9.7,874.9,4.5,331,Bhaisipati,27.6515,85.3008
2023-03-01T11:00,20.4,47,8.8,874.6,7.7,323,Bhaisipati,27.6515,85.3008
2023-03-01T12:00,20.8,44,8.3,873.6,8.2,311,Bhaisipati,27.6515,85.3008
2023-03-01T13:00,20.8,43,7.8,872.7,7.9,300,Bhaisipati,27.6515,85.3008
2023-03-01T14:00,20.2,42,7.0,871.6,8.7,300,Bhaisipati,27.6515,85.3008
2023-03-01T15:00,19.9,41,6.3,871.0,8.4,301,Bhaisipati,27.6515,85.3008
2023-03-01T16:00,18.8,46,6.9,870.9,8.7,315,Bhaisipati,27.6515,85.3008
2023-03-01T17:00,16.8,67,10.7,870.3,5.6,333,Bhaisipati,27.6515,85.3008
2023-03-01T18:00,17.2,50,6.6,871.0,5.6,297,Bhaisipati,27.6515,85.3008
2023-03-01T19:00,14.9,67,8.9,870.5,5.5,238,Bhaisipati,27.6515,85.3008
2023-03-01T20:00,14.0,70,8.7,870.8,1.4,180,Bhaisipati,27.6515,85.3008
2023-03-01T21:00,12.8,75,8.4,870.7,0.7,180,Bhaisipati,27.6515,85.3008
2023-03-01T22:00,12.3,76,8.1,870.6,1.4,180,Bhaisipati,27.6515,85.3008
2023-03-01T23:00,11.9,76,7.8,870.4,2.2,180,Bhaisipati,27.6515,85.3008
2023-03-02T00:00,11.5,77,7.7,869.7,2.9,173,Bhaisipati,27.6515,85.3008
2023-03-02T01:00,10.9,80,7.6,868.8,3.3,174,Bhaisipati,27.6515,85.3008
2023-03-02T02:00,10.5,81,7.5,868.0,4.0,170,Bhaisipati,27.6515,85.3008
2023-03-02T03:00,10.1,83,7.4,867.4,4.4,171,Bhaisipati,27.6515,85.3008
2023-03-02T04:00,9.5,85,7.2,867.0,4.7,171,Bhaisipati,27.6515,85.3008
2023-03-02T05:00,10.0,86,7.7,868.4,3.7,169,Bhaisipati,27.6515,85.3008
2023-03-02T06:00,10.2,85,7.8,869.0,4.8,167,Bhaisipati,27.6515,85.3008
2023-03-02T07:00,12.3,81,9.0,870.8,6.6,167,Bhaisipati,27.6515,85.3008
2023-03-02T08:00,16.4,65,9.7,873.3,1.8,127,Bhaisipati,27.6515,85.3008
2023-03-02T09:00,18.2,58,9.8,874.1,2.4,27,Bhaisipati,27.6515,85.3008
2023-03-02T10:00,19.8,50,9.2,874.1,3.6,323,Bhaisipati,27.6515,85.3008
2023-03-02T11:00,21.0,43,8.1,873.7,7.6,301,Bhaisipati,27.6515,85.3008
2023-03-02T12:00,21.3,42,7.9,872.8,9.0,293,Bhaisipati,27.6515,85.3008
2023-03-02T13:00,20.9,43,7.9,871.9,7.3,279,Bhaisipati,27.6515,85.3008
2023-03-02T14:00,19.3,49,8.2,871.3,7.2,270,Bhaisipati,27.6515,85.3008
2023-03-02T15:00,18.8,50,8.3,870.7,2.2,9,Bhaisipati,27.6515,85.3008
2023-03-02T16:00,17.9,52,8.0,870.5,2.4,333,Bhaisipati,27.6515,85.3008
2023-03-02T17:00,16.3,76,12.0,869.9,3.4,18,Bhaisipati,27.6515,85.3008
2023-03-02T18:00,15.0,74,10.5,869.6,1.1,162,Bhaisipati,27.6515,85.3008
2023-03-02T19:00,14.0,74,9.5,869.6,2.9,173,Bhaisipati,27.6515,85.3008
2023-03-02T20:00,12.7,80,9.3,869.6,3.6,174,Bhaisipati,27.6515,85.3008
2023-03-02T21:00,11.7,86,9.3,869.7,3.6,174,Bhaisipati,27.6515,85.3008
2023-03-02T22:00,11.5,86,9.3,870.0,1.8,169,Bhaisipati,27.6515,85.3008
2023-03-02T23:00,11.8,84,9.2,870.0,2.5,172,Bhaisipati,27.6515,85.3008
2023-03-03T00:00,11.7,84,9.1,869.5,4.0,170,Bhaisipati,27.6515,85.3008
2023-03-03T01:00,11.3,85,9.0,869.0,4.4,171,Bhaisipati,27.6515,85.3008
2023-03-03T02:00,10.8,87,8.7,868.4,4.8,167,Bhaisipati,27.6515,85.3008
2023-03-03T03:00,10.2,89,8.5,867.7,5.9,169,Bhaisipati,27.6515,85.3008
2023-03-03T04:00,9.8,90,8.2,867.5,6.3,167,Bhaisipati,27.6515,85.3008
2023-03-03T05:00,9.5,93,8.5,868.1,6.4,164,Bhaisipati,27.6515,85.3008
2023-03-03T06:00,9.7,92,8.5,868.9,6.5,161,Bhaisipati,27.6515,85.3008
2023-03-03T07:00,12.5,84,9.8,870.6,7.8,167,Bhaisipati,27.6515,85.3008
2023-03-03T08:00,16.7,66,10.3,873.1,4.4,145,Bhaisipati,27.6515,85.3008
2023-03-03T09:00,18.7,57,10.0,874.0,1.3,56,Bhaisipati,27.6515,85.3008
2023-03-03T10:00,20.2,50,9.4,874.3,3.6,323,Bhaisipati,27.6515,85.3008
2023-03-03T11:00,20.9,46,8.9,873.5,6.8,328,Bhaisipati,27.6515,85.3008
2023-03-03T12:00,21.4,45,9.0,872.4,7.9,317,Bhaisipati,27.6515,85.3008
2023-03-03T13:00,21.7,45,9.3,871.6,7.7,298,Bhaisipati,27.6515,85.3008
2023-03-03T14:00,21.7,43,8.7,870.8,6.8,295,Bhaisipati,27.6515,85.3008
2023-03-03T15:00,21.8,41,7.9,870.4,6.5,304,Bhaisipati,27.6515,85.3008
2023-03-03T16:00,21.0,44,8.3,870.1,7.1,300,Bhaisipati,27.6515,85.3008
2023-03-03T17:00,18.4,70,12.7,870.0,5.8,292,Bhaisipati,27.6515,85.3008
2023-03-03T18:00,17.1,67,10.8,870.1,3.3,229,Bhaisipati,27.6515,85.3008
2023-03-03T19:00,15.3,79,11.7,870.2,2.9,187,Bhaisipati,27.6515,85.3008
2023-03-03T20:00,14.3,83,11.5,870.6,1.4,180,Bhaisipati,27.6515,85.3008
2023-03-03T21:00,13.9,85,11.5,871.0,1.8,180,Bhaisipati,27.6515,85.3008
2023-03-03T22:00,12.9,90,11.3,870.7,1.8,180,Bhaisipati,27.6515,85.3008
2023-03-03T23:00,11.5,97,11.0,870.0,2.5,172,Bhaisipati,27.6515,85.3008
2023-03-04T00:00,10.4,100,10.4,869.1,4.7,176,Bhaisipati,27.6515,85.3008
2023-03-04T01:00,9.9,100,9.9,868.5,6.2,173,Bhaisipati,27.6515,85.3008
2023-03-04T02:00,9.5,100,9.5,867.9,6.5,174,Bhaisipati,27.6515,85.3008
2023-03-04T03:00,9.5,100,9.4,867.8,6.1,177,Bhaisipati,27.6515,85.3008
2023-03-04T04:00,9.3,100,9.3,868.0,5.8,176,Bhaisipati,27.6515,85.3008
2023-03-04T05:00,10.0,99,9.9,869.7,5.2,192,Bhaisipati,27.6515,85.3008
2023-03-04T06:00,10.5,100,10.5,870.4,4.0,180,Bhaisipati,27.6515,85.3008
2023-03-04T07:00,12.4,98,12.1,872.1,2.2,171,Bhaisipati,27.6515,85.3008
2023-03-04T08:00,16.3,76,12.0,874.3,2.3,108,Bhaisipati,27.6515,85.3008
2023-03-04T09:00,18.4,67,12.2,874.9,1.8,53,Bhaisipati,27.6515,85.3008
2023-03-04T10:00,20.1,56,11.1,875.0,3.1,324,Bhaisipati,27.6515,85.3008
2023-03-04T11:00,21.2,51,10.6,874.5,6.7,306,Bhaisipati,27.6515,85.3008
2023-03-04T12:00,21.3,50,10.5,873.5,7.5,287,Bhaisipati,27.6515,85.3008
2023-03-04T13:00,20.9,52,10.7,872.4,7.0,291,Bhaisipati,27.6515,85.3008
2023-03-04T14:00,20.8,51,10.3,871.4,6.6,279,Bhaisipati,27.6515,85.3008
2023-03-04T15:00,19.9,54,10.3,870.8,7.1,285,Bhaisipati,27.6515,85.3008
2023-03-04T16:00,18.8,60,10.9,870.9,6.2,277,Bhaisipati,27.6515,85.3008
2023-03-04T17:00,16.9,70,11.5,870.6,4.2,239,Bhaisipati,27.6515,85.3008
2023-03-04T18:00,15.0,83,12.1,870.0,3.0,194,Bhaisipati,27.6515,85.3008
2023-03-04T19:00,13.8,89,12.0,870.1,1.8,191,Bhaisipati,27.6515,85.3008
2023-03-04T20:00,13.0,92,11.7,870.4,1.5,166,Bhaisipati,27.6515,85.3008
2023-03-04T21:00,12.4,93,11.3,870.3,2.5,172,Bhaisipati,27.6515,85.3008
2023-03-04T22:00,11.7,95,10.9,870.0,4.0,175,Bhaisipati,27.6515,85.3008
2023-03-04T23:00,11.2,96,10.5,869.7,4.3,175,Bhaisipati,27.6515,85.3008
2023-03-05T00:00,11.0,96,10.4,869.0,3.6,174,Bhaisipati,27.6515,85.3008
2023-03-05T01:00,10.8,96,10.3,868.6,4.3,175,Bhaisipati,27.6515,85.3008
2023-03-05T02:00,10.8,95,10.0,867.9,3.3,167,Bhaisipati,27.6515,85.3008
2023-03-05T03:00,10.7,95,9.8,867.8,3.6,174,Bhaisipati,27.6515,85.3008
2023-03-05T04:00,10.5,94,9.7,867.6,4.0,170,Bhaisipati,27.6515,85.3008
2023-03-05T05:00,10.8,95,10.1,868.6,5.6,165,Bhaisipati,27.6515,85.3008
2023-03-05T06:00,10.8,95,10.2,869.1,5.2,168,Bhaisipati,27.6515,85.3008
2023-03-05T07:00,13.2,92,12.0,871.1,5.9,169,Bhaisipati,27.6515,85.3008
2023-03-05T08:00,17.8,71,12.5,873.5,3.4,148,Bhaisipati,27.6515,85.3008
2023-03-05T09:00,19.8,60,11.8,874.0,0.5,315,Bhaisipati,27.6515,85.3008
2023-03-05T10:00,21.4,48,10.1,874.2,5.3,298,Bhaisipati,27.6515,85.3008
2023-03-05T11:00,21.9,45,9.5,873.7,8.6,303,Bhaisipati,27.6515,85.3008
2023-03-05T12:00,22.1,45,9.5,872.6,10.0,291,Bhaisipati,27.6515,85.3008
2023-03-05T13:00,21.7,46,9.5,871.6,9.7,285,Bhaisipati,27.6515,85.3008
2023-03-05T14:00,20.9,45,8.5,870.5,7.6,267,Bhaisipati,27.6515,85.3008
2023-03-05T15:00,20.2,48,8.7,869.8,8.1,302,Bhaisipati,27.6515,85.3008
2023-03-05T16:00,19.6,52,9.5,869.6,5.6,315,Bhaisipati,27.6515,85.3008
2023-03-05T17:00,19.3,51,9.0,869.8,3.7,281,Bhaisipati,27.6515,85.3008
2023-03-05T18:00,18.4,52,8.3,869.5,1.8,180,Bhaisipati,27.6515,85.3008
2023-03-05T19:00,15.9,69,10.3,868.9,2.9,210,Bhaisipati,27.6515,85.3008
2023-03-05T20:00,15.3,70,9.9,869.2,3.4,212,Bhaisipati,27.6515,85.3008
2023-03-05T21:00,14.4,76,10.1,869.2,2.9,210,Bhaisipati,27.6515,85.3008
2023-03-05T22:00,13.9,79,10.3,869.1,2.2,189,Bhaisipati,27.6515,85.3008
2023-03-05T23:00,13.5,82,10.5,869.0,2.2,180,Bhaisipati,27.6515,85.3008
2023-03-06T00:00,13.1,84,10.4,868.3,2.5,180,Bhaisipati,27.6515,85.3008
2023-03-06T01:00,12.9,84,10.3,867.7,2.5,172,Bhaisipati,27.6515,85.3008
2023-03-06T02:00,12.9,83,10.1,867.0,3.3,167,Bhaisipati,27.6515,85.3008
2023-03-06T03:00,12.7,84,10.0,866.6,4.1,165,Bhaisipati,27.6515,85.3008
2023-03-06T04:00,12.2,85,9.8,866.3,4.8,167,Bhaisipati,27.6515,85.3008
2023-03-06T05:00,12.0,86,9.7,866.5,4.9,163,Bhaisipati,27.6515,85.3008
2023-03-06T06:00,12.8,84,10.1,867.4,4.6,162,Bhaisipati,27.6515,85.3008
2023-03-06T07:00,14.4,83,11.5,868.6,6.7,164,Bhaisipati,27.6515,85.3008
2023-03-06T08:00,18.2,65,11.5,870.6,3.1,144,Bhaisipati,27.6515,85.3008
2023-03-06T09:00,20.3,52,10.1,871.5,1.6,27,Bhaisipati,27.6515,85.3008
2023-03-06T10:00,21.9,38,7.0,871.7,4.4,325,Bhaisipati,27.6515,85.3008
2023-03-06T11:00,22.9,34,6.0,871.4,7.4,317,Bhaisipati,27.6515,85.3008
2023-03-06T12:00,23.5,30,5.2,870.1,8.9,313,Bhaisipati,27.6515,85.3008
2023-03-06T13:00,23.4,29,4.5,869.2,9.0,299,Bhaisipati,27.6515,85.3008
2023-03-06T14:00,23.2,28,3.9,868.3,10.2,288,Bhaisipati,27.6515,85.3008
2023-03-06T15:00,22.2,31,4.3,867.8,9.3,283,Bhaisipati,27.6515,85.3008
2023-03-06T16:00,21.1,35,4.9,867.8,7.0,282,Bhaisipati,27.6515,85.3008
2023-03-06T17:00,18.3,63,11.1,867.2,6.8,270,Bhaisipati,27.6515,85.3008
2023-03-06T18:00,16.5,64,9.8,867.0,5.4,228,Bhaisipati,27.6515,85.3008
2023-03-06T19:00,15.1,68,9.3,866.9,3.9,202,Bhaisipati,27.6515,85.3008
2023-03-06T20:00,15.0,64,8.1,867.8,1.8,191,Bhaisipati,27.6515,85.3008
2023-03-06T21:00,13.5,72,8.6,867.5,1.8,191,Bhaisipati,27.6515,85.3008
2023-03-06T22:00,13.3,71,8.2,867.6,2.5,180,Bhaisipati,27.6515,85.3008
2023-03-06T23:00,12.6,75,8.2,867.5,3.3,174,Bhaisipati,27.6515,85.3008
2023-03-07T00:00,11.9,77,8.0,867.1,3.3,174,Bhaisipati,27.6515,85.3008
2023-03-07T01:00,11.6,76,7.6,867.0,3.3,174,Bhaisipati,27.6515,85.3008
2023-03-07T02:00,11.3,75,7.2,866.3,3.7,169,Bhaisipati,27.6515,85.3008
2023-03-07T03:00,11.1,74,6.7,865.6,4.0,175,Bhaisipati,27.6515,85.3008
2023-03-07T04:00,10.8,74,6.3,865.6,3.7,169,Bhaisipati,27.6515,85.3008
2023-03-07T05:00,10.8,77,7.0,866.2,4.1,165,Bhaisipati,27.6515,85.3008
2023-03-07T06:00,11.0,76,6.9,866.8,5.2,164,Bhaisipati,27.6515,85.3008
2023-03-07T07:00,13.5,72,8.5,868.6,6.6,167,Bhaisipati,27.6515,85.3008
2023-03-07T08:00,17.5,55,8.4,871.1,1.6,117,Bhaisipati,27.6515,85.3008
2023-03-07T09:00,19.4,48,8.1,872.1,3.3,13,Bhaisipati,27.6515,85.3008
2023-03-07T10:00,20.7,43,7.8,872.4,5.2,344,Bhaisipati,27.6515,85.3008
2023-03-07T11:00,21.8,39,7.4,872.0,6.9,332,Bhaisipati,27.6515,85.3008
2023-03-07T12:00,22.6,37,7.1,871.0,7.1,330,Bhaisipati,27.6515,85.3008
2023-03-07T13:00,22.9,35,6.5,870.2,6.2,306,Bhaisipati,27.6515,85.3008
2023-03-07T14:00,22.9,33,6.0,869.4,5.8,292,Bhaisipati,27.6515,85.3008
2023-03-07T15:00,22.3,34,5.8,868.9,6.1,273,Bhaisipati,27.6515,85.3008
2023-03-07T16:00,21.4,38,6.4,868.9,6.2,280,Bhaisipati,27.6515,85.3008
2023-03-07T17:00,19.7,44,7.0,868.8,4.7,270,Bhaisipati,27.6515,85.3008
2023-03-07T18:00,16.7,67,10.5,868.7,5.2,236,Bhaisipati,27.6515,85.3008
2023-03-07T19:00,16.0,65,9.5,869.4,3.9,236,Bhaisipati,27.6515,85.3008
2023-03-07T20:00,15.4,63,8.5,870.0,2.4,207,Bhaisipati,27.6515,85.3008
2023-03-07T21:00,13.3,79,9.8,869.9,1.8,180,Bhaisipati,27.6515,85.3008
2023-03-07T22:00,13.1,75,8.8,869.8,2.5,172,Bhaisipati,27.6515,85.3008
2023-03-07T23:00,12.3,76,8.3,869.2,4.0,170,Bhaisipati,27.6515,85.3008
2023-03-08T00:00,11.3,79,7.9,868.5,4.7,176,Bhaisipati,27.6515,85.3008
2023-03-08T01:00,11.3,78,7.6,868.2,3.3,174,Bhaisipati,27.6515,85.3008
2023-03-08T02:00,12.0,73,7.3,868.1,2.2,180,Bhaisipati,27.6515,85.3008
2023-03-08T03:00,12.3,70,6.9,867.7,3.2,180,Bhaisipati,27.6515,85.3008
2023-03-08T04:00,12.5,68,6.7,867.8,3.6,180,Bhaisipati,27.6515,85.3008
2023-03-08T05:00,12.5,72,7.5,868.7,4.7,180,Bhaisipati,27.6515,85.3008
2023-03-08T06:00,12.7,73,8.0,869.5,3.3,174,Bhaisipati,27.6515,85.3008
2023-03-08T07:00,13.3,74,8.8,870.7,6.2,190,Bhaisipati,27.6515,85.3008
2023-03-08T08:00,14.6,58,6.5,873.0,8.4,200,Bhaisipati,27.6515,85.3008
2023-03-08T09:00,15.6,54,6.3,873.7,3.1,144,Bhaisipati,27.6515,85.3008
2023-03-08T10:00,15.0,62,7.8,874.1,5.5,212,Bhaisipati,27.6515,85.3008
2023-03-08T11:00,13.7,81,10.5,873.7,3.6,96,Bhaisipati,27.6515,85.3008
2023-03-08T12:00,14.3,75,10.0,872.4,5.0,120,Bhaisipati,27.6515,85.3008
2023-03-08T13:00,16.1,63,9.1,871.9,5.9,137,Bhaisipati,27.6515,85.3008
2023-03-08T14:00,16.9,56,8.1,871.1,7.0,111,Bhaisipati,27.6515,85.3008
2023-03-08T15:00,17.3,51,7.0,870.6,6.1,87,Bhaisipati,27.6515,85.3008
2023-03-08T16:00,16.8,50,6.2,870.5,1.8,270,Bhaisipati,27.6515,85.3008
2023-03-08T17:00,14.3,80,11.0,869.9,4.3,246,Bhaisipati,27.6515,85.3008
2023-03-08T18:00,14.1,74,9.6,870.4,3.9,292,Bhaisipati,27.6515,85.3008
2023-03-08T19:00,13.5,78,9.7,870.7,3.3,311,Bhaisipati,27.6515,85.3008
2023-03-08T20:00,12.0,83,9.3,870.5,1.1,180,Bhaisipati,27.6515,85.3008
2023-03-08T21:00,10.3,89,8.6,870.0,2.5,180,Bhaisipati,27.6515,85.3008
2023-03-08T22:00,10.5,89,8.7,869.7,2.9,173,Bhaisipati,27.6515,85.3008
2023-03-08T23:00,10.3,89,8.6,869.5,2.5,172,Bhaisipati,27.6515,85.3008
2023-03-09T00:00,10.0,89,8.3,868.7,4.0,170,Bhaisipati,27.6515,85.3008
2023-03-09T01:00,9.5,90,8.0,867.7,4.0,170,Bhaisipati,27.6515,85.3008
2023-03-09T02:00,9.0,90,7.4,866.7,3.3,167,Bhaisipati,27.6515,85.3008
2023-03-09T03:00,8.8,88,7.0,866.3,3.0,166,Bhaisipati,27.6515,85.3008
2023-03-09T04:00,8.8,86,6.6,866.2,3.0,166,Bhaisipati,27.6515,85.3008
2023-03-09T05:00,9.7,84,7.2,867.3,3.3,167,Bhaisipati,27.6515,85.3008
2023-03-09T06:00,9.8,84,7.2,867.9,3.0,166,Bhaisipati,27.6515,85.3008
2023-03-09T07:00,12.3,83,9.5,869.8,4.1,165,Bhaisipati,27.6515,85.3008
2023-03-09T08:00,15.7,66,9.3,871.9,2.2,81,Bhaisipati,27.6515,85.3008
2023-03-09T09:00,17.6,57,9.0,872.6,2.9,360,Bhaisipati,27.6515,85.3008
2023-03-09T10:00,19.2,52,9.2,872.7,4.5,331,Bhaisipati,27.6515,85.3008
2023-03-09T11:00,20.3,48,9.0,872.3,5.4,318,Bhaisipati,27.6515,85.3008
2023-03-09T12:00,21.2,47,9.3,871.9,5.3,298,Bhaisipati,27.6515,85.3008
2023-03-09T13:00,21.6,44,8.8,870.9,6.3,294,Bhaisipati,27.6515,85.3008
2023-03-09T14:00,21.3,42,7.8,870.2,7.3,303,Bhaisipati,27.6515,85.3008
2023-03-09T15:00,20.4,41,6.6,869.7,9.3,298,Bhaisipati,27.6515,85.3008
2023-03-09T16:00,17.8,53,8.2,869.6,6.6,112,Bhaisipati,27.6515,85.3008
2023-03-09T17:00,15.9,67,9.8,869.0,4.2,121,Bhaisipati,27.6515,85.3008
2023-03-09T18:00,14.5,75,10.2,868.6,3.7,169,Bhaisipati,27.6515,85.3008
2023-03-09T19:00,13.2,81,10.0,868.7,2.5,180,Bhaisipati,27.6515,85.3008
2023-03-09T20:00,12.5,80,9.2,868.8,2.9,173,Bhaisipati,27.6515,85.3008
2023-03-09T21:00,11.8,81,8.6,868.8,3.6,174,Bhaisipati,27.6515,85.3008
2023-03-09T22:00,11.3,81,8.2,868.9,3.7,169,Bhaisipati,27.6515,85.3008
2023-03-09T23:00,11.2,80,7.8,868.6,4.0,170,Bhaisipati,27.6515,85.3008
2023-03-10T00:00,10.8,80,7.5,867.9,4.0,170,Bhaisipati,27.6515,85.3008
2023-03-10T01:00,10.7,79,7.2,867.6,2.5,172,Bhaisipati,27.6515,85.3008
2023-03-10T02:00,10.7,78,7.0,867.2,1.1,162,Bhaisipati,27.6515,85.3008
2023-03-10T03:00,10.4,78,6.7,866.8,3.1,159,Bhaisipati,27.6515,85.3008
2023-03-10T04:00,10.3,77,6.4,866.4,4.1,165,Bhaisipati,27.6515,85.3008
2023-03-10T05:00,9.0,86,6.8,866.1,3.0,166,Bhaisipati,27.6515,85.3008
2023-03-10T06:00,9.8,82,6.8,867.0,3.0,166,Bhaisipati,27.6515,85.3008
2023-03-10T07:00,14.3,69,8.6,869.9,3.2,153,Bhaisipati,27.6515,85.3008
2023-03-10T08:00,17.2,59,9.1,871.7,3.1,69,Bhaisipati,27.6515,85.3008
2023-03-10T09:00,18.9,51,8.5,872.5,3.1,36,Bhaisipati,27.6515,85.3008
2023-03-10T10:00,20.4,43,7.3,872.7,2.7,23,Bhaisipati,27.6515,85.3008
2023-03-10T11:00,21.4,35,5.4,872.2,2.5,8,Bhaisipati,27.6515,85.3008
2023-03-10T12:00,21.9,31,3.9,871.1,1.1,342,Bhaisipati,27.6515,85.3008
2023-03-10T13:00,22.2,29,3.4,870.4,3.1,249,Bhaisipati,27.6515,85.3008
2023-03-10T14:00,22.4,29,3.3,869.4,5.1,219,Bhaisipati,27.6515,85.3008
2023-03-10T15:00,21.5,31,3.8,868.9,2.1,239,Bhaisipati,27.6515,85.3008
2023-03-10T16:00,20.6,34,4.3,868.6,4.1,255,Bhaisipati,27.6515,85.3008
2023-03-10T17:00,18.2,50,7.7,868.5,4.3,222,Bhaisipati,27.6515,85.3008
2023-03-10T18:00,15.8,64,9.1,868.1,4.5,194,Bhaisipati,27.6515,85.3008
2023-03-10T19:00,14.4,68,8.7,868.3,1.8,169,Bhaisipati,27.6515,85.3008
2023-03-10T20:00,13.8,67,7.7,868.7,1.8,169,Bhaisipati,27.6515,85.3008
2023-03-10T21:00,13.2,69,7.6,868.9,1.5,166,Bhaisipati,27.6515,85.3008
2023-03-10T22:00,13.0,68,7.2,869.0,1.4,180,Bhaisipati,27.6515,85.3008
2023-03-10T23:00,12.5,68,6.8,868.9,2.5,172,Bhaisipati,27.6515,85.3008
2023-03-11T00:00,12.2,69,6.7,868.4,2.9,173,Bhaisipati,27.6515,85.3008
2023-03-11T01:00,11.8,70,6.6,867.7,2.2,171,Bhaisipati,27.6515,85.3008
2023-03-11T02:00,11.5,71,6.5,866.8,2.6,164,Bhaisipati,27.6515,85.3008
2023-03-11T03:00,11.0,73,6.4,866.3,3.3,167,Bhaisipati,27.6515,85.3008
2023-03-11T04:00,10.7,73,6.1,866.2,3.0,166,Bhaisipati,27.6515,85.3008
2023-03-11T05:00,12.1,70,6.7,868.1,2.3,162,Bhaisipati,27.6515,85.3008
2023-03-11T06:00,11.4,77,7.5,868.4,2.7,157,Bhaisipati,27.6515,85.3008
2023-03-11T07:00,14.8,67,8.7,870.7,2.9,150,Bhaisipati,27.6515,85.3008
2023-03-11T08:00,17.2,52,7.3,872.1,1.8,79,Bhaisipati,27.6515,85.3008
2023-03-11T09:00,18.7,48,7.6,872.7,2.5,45,Bhaisipati,27.6515,85.3008
2023-03-11T10:00,20.2,41,6.6,872.8,2.6,34,Bhaisipati,27.6515,85.3008
2023-03-11T11:00,21.4,37,6.0,872.3,2.1,31,Bhaisipati,27.6515,85.3008
2023-03-11T12:00,22.5,34,5.9,871.5,2.6,304,Bhaisipati,27.6515,85.3008
2023-03-11T13:00,21.7,36,5.8,870.6,9.0,254,Bhaisipati,27.6515,85.3008
2023-03-11T14:00,18.2,52,8.1,870.2,4.8,103,Bhaisipati,27.6515,85.3008
2023-03-11T15:00,19.4,45,7.1,869.4,6.8,58,Bhaisipati,27.6515,85.3008
2023-03-11T16:00,18.9,46,7.0,869.5,3.3,41,Bhaisipati,27.6515,85.3008
2023-03-11T17:00,16.4,60,8.5,869.2,7.6,199,Bhaisipati,27.6515,85.3008
2023-03-11T18:00,14.4,67,8.3,868.3,5.8,176,Bhaisipati,27.6515,85.3008
2023-03-11T19:00,12.8,77,8.8,868.0,5.1,172,Bhaisipati,27.6515,85.3008
2023-03-11T20:00,11.8,84,9.2,868.3,4.3,175,Bhaisipati,27.6515,85.3008
2023-03-11T21:00,11.3,85,8.8,868.5,4.7,176,Bhaisipati,27.6515,85.3008
2023-03-11T22:00,11.1,83,8.3,868.5,3.6,174,Bhaisipati,27.6515,85.3008
2023-03-11T23:00,11.4,77,7.6,868.6,2.5,172,Bhaisipati,27.6515,85.3008
2023-03-12T00:00,11.6,74,7.1,868.4,2.9,173,Bhaisipati,27.6515,85.3008
2023-03-12T01:00,11.8,71,6.7,868.1,2.5,172,Bhaisipati,27.6515,85.3008
2023-03-12T02:00,11.8,70,6.5,867.7,2.5,172,Bhaisipati,27.6515,85.3008
2023-03-12T03:00,11.7,69,6.3,867.5,2.6,164,Bhaisipati,27.6515,85.3008
2023-03-12T04:00,11.7,69,6.2,867.5,3.1,159,Bhaisipati,27.6515,85.3008
2023-03-12T05:00,10.9,74,6.5,867.8,6.8,155,Bhaisipati,27.6515,85.3008
2023-03-12T06:00,12.1,70,6.9,869.0,3.5,156,Bhaisipati,27.6515,85.3008
2023-03-12T07:00,14.7,66,8.5,870.9,4.8,153,Bhaisipati,27.6515,85.3008
2023-03-12T08:00,17.9,49,7.2,872.6,3.3,77,Bhaisipati,27.6515,85.3008
2023-03-12T09:00,19.6,43,6.8,872.9,5.0,30,Bhaisipati,27.6515,85.3008
2023-03-12T10:00,21.1,40,7.1,873.1,6.2,7,Bhaisipati,27.6515,85.3008
2023-03-12T11:00,22.2,38,7.4,872.5,9.4,353,Bhaisipati,27.6515,85.3008
2023-03-12T12:00,22.7,37,7.4,871.6,9.8,336,Bhaisipati,27.6515,85.3008
2023-03-12T13:00,22.8,38,7.6,870.8,8.4,320,Bhaisipati,27.6515,85.3008
2023-03-12T14:00,21.9,42,8.3,870.1,4.9,306,Bhaisipati,27.6515,85.3008
2023-03-12T15:00,21.9,40,7.6,869.7,5.1,309,Bhaisipati,27.6515,85.3008
2023-03-12T16:00,21.4,41,7.7,869.5,5.5,328,Bhaisipati,27.6515,85.3008
2023-03-12T17:00,20.2,51,9.5,868.6,4.9,306,Bhaisipati,27.6515,85.3008
2023-03-12T18:00,17.6,66,11.3,868.3,6.6,261,Bhaisipati,27.6515,85.3008
2023-03-12T19:00,16.7,66,10.4,868.6,3.7,191,Bhaisipati,27.6515,85.3008
2023-03-12T20:00,15.8,67,9.6,868.8,2.9,187,Bhaisipati,27.6515,85.3008
2023-03-12T21:00,14.7,72,9.8,868.7,2.5,180,Bhaisipati,27.6515,85.3008
2023-03-12T22:00,14.4,71,9.3,868.9,2.2,171,Bhaisipati,27.6515,85.3008
2023-03-12T23:00,14.1,71,9.0,868.8,2.2,171,Bhaisipati,27.6515,85.3008
2023-03-13T00:00,14.0,71,8.8,868.5,2.5,172,Bhaisipati,27.6515,85.3008
2023-03-13T01:00,13.8,71,8.6,868.0,2.9,173,Bhaisipati,27.6515,85.3008
2023-03-13T02:00,13.6,72,8.5,867.3,3.3,174,Bhaisipati,27.6515,85.3008
2023-03-13T03:00,13.4,71,8.3,867.2,3.3,167,Bhaisipati,27.6515,85.3008
2023-03-13T04:00,13.2,72,8.3,867.3,3.7,169,Bhaisipati,27.6515,85.3008
2023-03-13T05:00,11.8,81,8.6,867.2,5.7,162,Bhaisipati,27.6515,85.3008
2023-03-13T06:00,13.2,75,8.8,868.2,4.5,166,Bhaisipati,27.6515,85.3008
2023-03-13T07:00,15.5,73,10.7,869.7,5.6,165,Bhaisipati,27.6515,85.3008
2023-03-13T08:00,18.9,56,10.0,871.6,1.1,72,Bhaisipati,27.6515,85.3008
2023-03-13T09:00,20.5,51,10.0,872.2,3.0,346,Bhaisipati,27.6515,85.3008
2023-03-13T10:00,21.8,49,10.5,872.3,5.4,323,Bhaisipati,27.6515,85.3008
2023-03-13T11:00,21.9,49,10.7,871.7,7.6,329,Bhaisipati,27.6515,85.3008
2023-03-13T12:00,19.9,57,11.1,870.7,4.9,73,Bhaisipati,27.6515,85.3008
2023-03-13T13:00,17.7,70,12.3,869.2,6.1,118,Bhaisipati,27.6515,85.3008
2023-03-13T14:00,17.4,67,11.3,868.5,9.6,200,Bhaisipati,27.6515,85.3008
2023-03-13T15:00,17.6,64,10.7,868.1,8.0,207,Bhaisipati,27.6515,85.3008
2023-03-13T16:00,18.1,61,10.3,868.2,1.8,11,Bhaisipati,27.6515,85.3008
2023-03-13T17:00,15.7,80,12.3,867.5,3.3,186,Bhaisipati,27.6515,85.3008
2023-03-13T18:00,14.7,88,12.6,866.8,4.3,175,Bhaisipati,27.6515,85.3008
2023-03-13T19:00,13.7,93,12.6,866.7,2.9,180,Bhaisipati,27.6515,85.3008
2023-03-13T20:00,13.0,93,11.9,866.4,3.6,180,Bhaisipati,27.6515,85.3008
2023-03-13T21:00,12.3,93,11.3,866.3,2.9,173,Bhaisipati,27.6515,85.3008
2023-03-13T22:00,12.0,91,10.7,866.2,2.9,173,Bhaisipati,27.6515,85.3008
2023-03-13T23:00,11.8,90,10.3,865.9,3.3,174,Bhaisipati,27.6515,85.3008
2023-03-14T00:00,11.8,90,10.1,865.4,3.6,174,Bhaisipati,27.6515,85.3008
2023-03-14T01:00,11.5,89,9.8,864.9,3.6,174,Bhaisipati,27.6515,85.3008
2023-03-14T02:00,11.2,88,9.3,864.0,4.5,166,Bhaisipati,27.6515,85.3008
2023-03-14T03:00,10.8,88,9.0,863.1,4.8,167,Bhaisipati,27.6515,85.3008
2023-03-14T04:00,10.5,88,8.6,863.2,3.7,169,Bhaisipati,27.6515,85.3008
2023-03-14T05:00,10.8,87,8.7,863.9,3.0,166,Bhaisipati,27.6515,85.3008
2023-03-14T06:00,11.3,85,8.8,864.6,3.7,169,Bhaisipati,27.6515,85.3008
2023-03-14T07:00,14.2,82,11.2,866.8,4.5,166,Bhaisipati,27.6515,85.3008
2023-03-14T08:00,18.0,62,10.7,868.9,1.3,56,Bhaisipati,27.6515,85.3008
2023-03-14T09:00,19.3,59,11.0,869.2,3.3,354,Bhaisipati,27.6515,85.3008
2023-03-14T10:00,20.5,54,11.0,869.1,3.9,326,Bhaisipati,27.6515,85.3008
2023-03-14T11:00,20.9,55,11.5,868.6,6.4,308,Bhaisipati,27.6515,85.3008
2023-03-14T12:00,18.6,62,11.2,867.5,8.5,234,Bhaisipati,27.6515,85.3008
2023-03-14T13:00,15.7,72,10.8,865.9,6.2,144,Bhaisipati,27.6515,85.3008
2023-03-14T14:00,18.6,57,10.0,865.6,10.0,201,Bhaisipati,27.6515,85.3008
2023-03-14T15:00,16.5,64,9.8,864.5,0.4,360,Bhaisipati,27.6515,85.3008
2023-03-14T16:00,16.9,65,10.2,864.9,2.8,40,Bhaisipati,27.6515,85.3008
2023-03-14T17:00,15.0,76,10.8,864.1,7.5,197,Bhaisipati,27.6515,85.3008
2023-03-14T18:00,13.4,87,11.3,864.6,1.9,202,Bhaisipati,27.6515,85.3008
2023-03-14T19:00,13.4,90,11.8,864.8,6.2,173,Bhaisipati,27.6515,85.3008
2023-03-14T20:00,12.5,92,11.3,865.3,5.2,12,Bhaisipati,27.6515,85.3008
2023-03-14T21:00,13.2,85,10.7,865.8,0.8,153,Bhaisipati,27.6515,85.3008
2023-03-14T22:00,11.9,91,10.5,864.5,4.1,165,Bhaisipati,27.6515,85.3008
2023-03-14T23:00,11.1,95,10.3,863.6,4.0,175,Bhaisipati,27.6515,85.3008
2023-03-15T00:00,10.4,95,9.7,862.8,3.3,174,Bhaisipati,27.6515,85.3008
2023-03-15T01:00,9.6,95,8.8,861.8,3.3,174,Bhaisipati,27.6515,85.3008
2023-03-15T02:00,9.3,94,8.4,861.4,2.9,173,Bhaisipati,27.6515,85.3008
2023-03-15T03:00,9.2,93,8.0,861.1,3.7,169,Bhaisipati,27.6515,85.3008
2023-03-15T04:00,9.0,91,7.7,861.1,4.0,170,Bhaisipati,27.6515,85.3008
2023-03-15T05:00,9.2,90,7.7,861.6,4.0,170,Bhaisipati,27.6515,85.3008
2023-03-15T06:00,9.5,90,8.1,862.8,4.7,171,Bhaisipati,27.6515,85.3008
2023-03-15T07:00,13.0,87,11.0,865.3,5.4,172,Bhaisipati,27.6515,85.3008
2023-03-15T08:00,17.7,61,10.0,868.0,2.6,124,Bhaisipati,27.6515,85.3008
2023-03-15T09:00,19.1,55,9.8,868.4,1.5,76,Bhaisipati,27.6515,85.3008
2023-03-15T10:00,20.2,48,8.8,868.6,2.9,270,Bhaisipati,27.6515,85.3008
2023-03-15T11:00,20.9,46,8.8,868.1,4.7,261,Bhaisipati,27.6515,85.3008
2023-03-15T12:00,17.8,61,10.2,867.3,8.4,335,Bhaisipati,27.6515,85.3008
2023-03-15T13:00,19.4,51,9.0,866.3,6.6,41,Bhaisipati,27.6515,85.3008
2023-03-15T14:00,17.2,62,9.8,865.5,8.0,265,Bhaisipati,27.6515,85.3008
2023-03-15T15:00,18.0,55,9.0,864.9,4.3,204,Bhaisipati,27.6515,85.3008
2023-03-15T16:00,17.9,53,8.2,864.5,7.3,327,Bhaisipati,27.6515,85.3008
2023-03-15T17:00,17.3,69,11.6,864.2,5.7,325,Bhaisipati,27.6515,85.3008
2023-03-15T18:00,17.5,48,6.4,864.7,1.5,166,Bhaisipati,27.6515,85.3008
2023-03-15T19:00,14.7,70,9.3,864.0,1.8,169,Bhaisipati,27.6515,85.3008
2023-03-15T20:00,14.0,68,8.1,864.5,2.2,180,Bhaisipati,27.6515,85.3008
2023-03-15T21:00,13.3,71,8.0,864.6,1.8,180,Bhaisipati,27.6515,85.3008
2023-03-15T22:00,12.9,72,7.9,864.8,2.5,172,Bhaisipati,27.6515,85.3008
2023-03-15T23:00,12.5,73,7.8,864.6,2.9,173,Bhaisipati,27.6515,85.3008
2023-03-16T00:00,12.0,74,7.6,864.4,5.1,172,Bhaisipati,27.6515,85.3008
2023-03-16T01:00,11.4,77,7.6,863.8,4.4,171,Bhaisipati,27.6515,85.3008
2023-03-16T02:00,11.3,77,7.4,863.7,3.6,174,Bhaisipati,27.6515,85.3008
2023-03-16T03:00,11.6,74,7.2,863.5,3.3,167,Bhaisipati,27.6515,85.3008
2023-03-16T04:00,11.5,73,6.9,863.7,4.0,170,Bhaisipati,27.6515,85.3008
2023-03-16T05:00,11.2,77,7.4,863.9,4.0,170,Bhaisipati,27.6515,85.3008
2023-03-16T06:00,11.7,75,7.4,864.9,4.7,171,Bhaisipati,27.6515,85.3008
2023-03-16T07:00,14.8,72,9.7,867.2,5.5,169,Bhaisipati,27.6515,85.3008
2023-03-16T08:00,18.5,51,8.1,869.7,0.0,270,Bhaisipati,27.6515,85.3008
2023-03-16T09:00,19.6,47,8.0,870.4,4.6,315,Bhaisipati,27.6515,85.3008
2023-03-16T10:00,20.4,43,7.6,870.5,6.6,311,Bhaisipati,27.6515,85.3008
2023-03-16T11:00,21.0,40,7.1,870.2,7.7,311,Bhaisipati,27.6515,85.3008
2023-03-16T12:00,21.4,39,7.1,869.4,6.9,298,Bhaisipati,27.6515,85.3008
2023-03-16T13:00,21.7,38,6.8,868.5,6.4,297,Bhaisipati,27.6515,85.3008
2023-03-16T14:00,21.2,38,6.3,867.4,8.7,322,Bhaisipati,27.6515,85.3008
2023-03-16T15:00,20.6,39,6.3,866.6,7.9,321,Bhaisipati,27.6515,85.3008
2023-03-16T16:00,20.0,42,6.8,866.2,7.0,339,Bhaisipati,27.6515,85.3008
2023-03-16T17:00,18.9,53,9.1,866.4,4.5,299,Bhaisipati,27.6515,85.3008
2023-03-16T18:00,16.4,63,9.5,866.2,2.9,180,Bhaisipati,27.6515,85.3008
2023-03-16T19:00,15.6,65,9.0,866.9,3.3,174,Bhaisipati,27.6515,85.3008
2023-03-16T20:00,14.6,74,10.0,867.5,4.3,175,Bhaisipati,27.6515,85.3008
2023-03-16T21:00,13.7,81,10.5,867.7,5.8,176,Bhaisipati,27.6515,85.3008
2023-03-16T22:00,12.7,87,10.7,867.5,6.9,171,Bhaisipati,27.6515,85.3008
2023-03-16T23:00,12.1,88,10.3,867.0,6.5,174,Bhaisipati,27.6515,85.3008
2023-03-17T00:00,11.8,88,9.8,866.6,6.1,177,Bhaisipati,27.6515,85.3008
2023-03-17T01:00,12.0,84,9.3,866.4,5.4,180,Bhaisipati,27.6515,85.3008
2023-03-17T02:00,12.2,81,9.1,866.1,2.5,172,Bhaisipati,27.6515,85.3008
2023-03-17T03:00,12.2,83,9.3,866.2,1.8,169,Bhaisipati,27.6515,85.3008
2023-03-17T04:00,11.7,82,8.8,866.1,3.1,159,Bhaisipati,27.6515,85.3008
2023-03-17T05:00,12.9,82,9.8,867.3,3.1,159,Bhaisipati,27.6515,85.3008
2023-03-17T06:00,12.9,81,9.6,867.9,3.7,169,Bhaisipati,27.6515,85.3008
2023-03-17T07:00,14.9,76,10.7,869.4,4.0,153,Bhaisipati,27.6515,85.3008
2023-03-17T08:00,16.7,65,10.1,870.3,2.3,18,Bhaisipati,27.6515,85.3008
2023-03-17T09:00,18.6,58,10.0,870.9,1.6,333,Bhaisipati,27.6515,85.3008
2023-03-17T10:00,19.7,53,9.8,871.0,4.6,288,Bhaisipati,27.6515,85.3008
2023-03-17T11:00,20.8,50,10.1,870.1,5.5,328,Bhaisipati,27.6515,85.3008
2023-03-17T12:00,18.3,60,10.4,868.9,11.8,250,Bhaisipati,27.6515,85.3008
2023-03-17T13:00,17.7,59,9.5,867.4,5.0,180,Bhaisipati,27.6515,85.3008
2023-03-17T14:00,19.1,51,8.7,866.9,6.2,324,Bhaisipati,27.6515,85.3008
2023-03-17T15:00,18.4,54,8.8,866.0,7.4,321,Bhaisipati,27.6515,85.3008
2023-03-17T16:00,18.4,54,9.0,865.9,4.8,318,Bhaisipati,27.6515,85.3008
2023-03-17T17:00,16.1,67,10.0,866.3,4.8,283,Bhaisipati,27.6515,85.3008
2023-03-17T18:00,15.0,81,11.7,866.2,1.1,198,Bhaisipati,27.6515,85.3008
2023-03-17T19:00,14.1,85,11.6,866.5,2.0,135,Bhaisipati,27.6515,85.3008
2023-03-17T20:00,13.6,87,11.4,866.9,1.9,202,Bhaisipati,27.6515,85.3008
2023-03-17T21:00,12.8,91,11.3,867.0,2.2,171,Bhaisipati,27.6515,85.3008
2023-03-17T22:00,11.6,96,11.0,867.0,3.3,174,Bhaisipati,27.6515,85.3008
2023-03-17T23:00,11.0,98,10.7,866.7,1.8,180,Bhaisipati,27.6515,85.3008
2023-03-18T00:00,10.5,99,10.3,866.0,4.0,170,Bhaisipati,27.6515,85.3008
2023-03-18T01:00,9.8,99,9.7,865.1,5.2,168,Bhaisipati,27.6515,85.3008
2023-03-18T02:00,9.8,99,9.6,864.3,6.2,173,Bhaisipati,27.6515,85.3008
2023-03-18T03:00,9.2,99,9.1,863.6,6.2,173,Bhaisipati,27.6515,85.3008
2023-03-18T04:00,8.8,98,8.5,863.4,4.7,171,Bhaisipati,27.6515,85.3008
2023-03-18T05:00,9.9,94,9.0,864.6,4.7,171,Bhaisipati,27.6515,85.3008
2023-03-18T06:00,10.4,93,9.3,865.3,4.7,171,Bhaisipati,27.6515,85.3008
2023-03-18T07:00,13.9,86,11.5,867.3,5.2,168,Bhaisipati,27.6515,85.3008
2023-03-18T08:00,16.6,63,9.4,868.7,1.1,72,Bhaisipati,27.6515,85.3008
2023-03-18T09:00,17.9,59,9.8,869.2,2.5,360,Bhaisipati,27.6515,85.3008
2023-03-18T10:00,19.4,55,10.2,869.7,3.9,326,Bhaisipati,27.6515,85.3008
2023-03-18T11:00,20.2,54,10.5,869.2,6.8,328,Bhaisipati,27.6515,85.3008
2023-03-18T12:00,19.8,53,10.0,867.5,7.5,325,Bhaisipati,27.6515,85.3008
2023-03-18T13:00,14.7,79,11.1,866.3,12.3,201,Bhaisipati,27.6515,85.3008
2023-03-18T14:00,17.2,62,9.8,865.3,5.2,205,Bhaisipati,27.6515,85.3008
2023-03-18T15:00,16.9,64,9.9,864.2,1.3,214,Bhaisipati,27.6515,85.3008
2023-03-18T16:00,17.3,62,10.0,864.2,0.8,153,Bhaisipati,27.6515,85.3008
2023-03-18T17:00,16.4,71,11.0,864.3,3.1,216,Bhaisipati,27.6515,85.3008
2023-03-18T18:00,14.7,83,11.8,864.2,2.9,210,Bhaisipati,27.6515,85.3008
2023-03-18T19:00,14.5,84,11.8,864.8,1.5,194,Bhaisipati,27.6515,85.3008
2023-03-18T20:00,13.8,85,11.3,865.1,2.8,130,Bhaisipati,27.6515,85.3008
2023-03-18T21:00,13.6,85,11.2,865.5,2.5,180,Bhaisipati,27.6515,85.3008
2023-03-18T22:00,12.9,89,11.2,865.5,4.5,166,Bhaisipati,27.6515,85.3008
2023-03-18T23:00,12.1,94,11.1,864.8,4.7,176,Bhaisipati,27.6515,85.3008
2023-03-19T00:00,11.6,95,10.8,863.8,5.9,169,Bhaisipati,27.6515,85.3008
2023-03-19T01:00,11.5,94,10.7,862.9,5.4,172,Bhaisipati,27.6515,85.3008
2023-03-19T02:00,11.5,94,10.5,862.8,5.5,169,Bhaisipati,27.6515,85.3008
2023-03-19T03:00,11.7,92,10.5,862.9,3.7,151,Bhaisipati,27.6515,85.3008
2023-03-19T04:00,11.8,91,10.5,863.3,4.9,163,Bhaisipati,27.6515,85.3008
2023-03-19T05:00,12.5,89,10.8,863.6,2.5,172,Bhaisipati,27.6515,85.3008
2023-03-19T06:00,12.2,88,10.3,863.7,4.0,170,Bhaisipati,27.6515,85.3008
2023-03-19T07:00,13.8,84,11.2,864.9,5.1,172,Bhaisipati,27.6515,85.3008
2023-03-19T08:00,15.9,71,10.8,866.6,1.3,146,Bhaisipati,27.6515,85.3008
2023-03-19T09:00,16.9,68,11.0,867.4,3.3,276,Bhaisipati,27.6515,85.3008
2023-03-19T10:00,17.4,64,10.6,867.1,2.3,342,Bhaisipati,27.6515,85.3008
2023-03-19T11:00,15.9,70,10.4,866.2,7.2,90,Bhaisipati,27.6515,85.3008
2023-03-19T12:00,15.1,74,10.5,865.4,5.4,184,Bhaisipati,27.6515,85.3008
2023-03-19T13:00,14.7,75,10.3,864.2,5.9,227,Bhaisipati,27.6515,85.3008
2023-03-19T14:00,15.9,66,9.6,863.0,4.0,243,Bhaisipati,27.6515,85.3008
2023-03-19T15:00,16.4,63,9.5,862.0,3.1,324,Bhaisipati,27.6515,85.3008
2023-03-19T16:00,16.5,63,9.5,862.0,1.8,270,Bhaisipati,27.6515,85.3008
2023-03-19T17:00,16.4,64,9.5,862.3,3.1,339,Bhaisipati,27.6515,85.3008
2023-03-19T18:00,14.0,81,10.7,862.4,4.7,261,Bhaisipati,27.6515,85.3008
2023-03-19T19:00,13.9,78,10.1,863.5,3.1,234,Bhaisipati,27.6515,85.3008
2023-03-19T20:00,12.5,81,9.3,863.9,3.2,207,Bhaisipati,27.6515,85.3008
2023-03-19T21:00,12.1,88,10.2,864.2,1.8,143,Bhaisipati,27.6515,85.3008
2023-03-19T22:00,11.9,91,10.4,864.3,2.9,173,Bhaisipati,27.6515,85.3008
2023-03-19T23:00,11.5,94,10.7,864.0,2.9,187,Bhaisipati,27.6515,85.3008
2023-03-20T00:00,11.4,97,10.9,864.1,2.5,90,Bhaisipati,27.6515,85.3008
2023-03-20T01:00,10.7,99,10.6,863.6,2.3,342,Bhaisipati,27.6515,85.3008
2023-03-20T02:00,10.8,97,10.3,862.9,3.5,156,Bhaisipati,27.6515,85.3008
2023-03-20T03:00,10.4,97,10.0,861.5,3.7,169,Bhaisipati,27.6515,85.3008
2023-03-20T04:00,9.5,97,9.0,860.2,3.2,180,Bhaisipati,27.6515,85.3008
2023-03-20T05:00,9.8,97,9.5,860.8,1.1,180,Bhaisipati,27.6515,85.3008
2023-03-20T06:00,10.4,97,10.0,862.1,2.5,180,Bhaisipati,27.6515,85.3008
2023-03-20T07:00,12.3,95,11.5,863.4,3.4,162,Bhaisipati,27.6515,85.3008
2023-03-20T08:00,13.9,82,10.8,864.6,2.3,39,Bhaisipati,27.6515,85.3008
2023-03-20T09:00,15.5,75,11.0,865.4,2.9,360,Bhaisipati,27.6515,85.3008
2023-03-20T10:00,16.9,71,11.6,865.3,3.4,18,Bhaisipati,27.6515,85.3008
2023-03-20T11:00,18.6,61,10.9,864.5,2.8,50,Bhaisipati,27.6515,85.3008
2023-03-20T12:00,19.2,57,10.3,863.2,3.4,302,Bhaisipati,27.6515,85.3008
2023-03-20T13:00,14.1,84,11.5,861.8,8.9,227,Bhaisipati,27.6515,85.3008
2023-03-20T14:00,14.7,77,10.7,861.2,3.7,61,Bhaisipati,27.6515,85.3008
2023-03-20T15:00,14.7,74,10.2,861.3,1.5,225,Bhaisipati,27.6515,85.3008
2023-03-20T16:00,14.4,76,10.3,861.1,1.3,326,Bhaisipati,27.6515,85.3008
2023-03-20T17:00,13.2,84,10.6,861.3,3.2,333,Bhaisipati,27.6515,85.3008
2023-03-20T18:00,12.7,91,11.3,861.7,1.1,360,Bhaisipati,27.6515,85.3008
2023-03-20T19:00,12.3,94,11.4,862.0,0.8,27,Bhaisipati,27.6515,85.3008
2023-03-20T20:00,12.3,95,11.5,862.6,1.1,108,Bhaisipati,27.6515,85.3008
2023-03-20T21:00,12.3,95,11.6,863.1,1.3,34,Bhaisipati,27.6515,85.3008
2023-03-20T22:00,12.3,90,10.7,863.4,0.7,270,Bhaisipati,27.6515,85.3008
2023-03-20T23:00,11.8,92,10.7,863.2,1.8,323,Bhaisipati,27.6515,85.3008
2023-03-21T00:00,11.7,95,10.8,862.7,0.8,63,Bhaisipati,27.6515,85.3008
2023-03-21T01:00,11.3,96,10.8,862.2,3.1,54,Bhaisipati,27.6515,85.3008
2023-03-21T02:00,11.3,97,11.0,861.7,2.6,74,Bhaisipati,27.6515,85.3008
2023-03-21T03:00,11.4,97,11.0,861.4,2.1,121,Bhaisipati,27.6515,85.3008
2023-03-21T04:00,11.3,97,10.9,861.5,3.3,96,Bhaisipati,27.6515,85.3008
2023-03-21T05:00,10.6,85,8.1,861.6,3.9,146,Bhaisipati,27.6515,85.3008
2023-03-21T06:00,10.5,87,8.5,862.5,4.3,156,Bhaisipati,27.6515,85.3008
2023-03-21T07:00,11.1,83,8.3,863.5,4.4,125,Bhaisipati,27.6515,85.3008
2023-03-21T08:00,12.2,77,8.3,864.5,3.9,146,Bhaisipati,27.6515,85.3008
2023-03-21T09:00,14.4,67,8.3,865.3,2.5,135,Bhaisipati,27.6515,85.3008
2023-03-21T10:00,16.2,60,8.3,865.7,3.1,21,Bhaisipati,27.6515,85.3008
2023-03-21T11:00,16.9,58,8.5,865.5,5.8,353,Bhaisipati,27.6515,85.3008
2023-03-21T12:00,17.6,57,9.0,864.6,6.7,324,Bhaisipati,27.6515,85.3008
2023-03-21T13:00,17.5,57,8.8,863.6,8.4,290,Bhaisipati,27.6515,85.3008
2023-03-21T14:00,14.1,76,9.8,862.4,5.1,188,Bhaisipati,27.6515,85.3008
2023-03-21T15:00,15.2,71,9.8,862.2,3.0,284,Bhaisipati,27.6515,85.3008
2023-03-21T16:00,14.5,74,9.8,861.9,5.6,320,Bhaisipati,27.6515,85.3008
2023-03-21T17:00,14.7,74,10.1,861.7,3.6,323,Bhaisipati,27.6515,85.3008
2023-03-21T18:00,12.5,85,10.1,861.4,2.9,210,Bhaisipati,27.6515,85.3008
2023-03-21T19:00,11.6,88,9.7,861.7,1.1,180,Bhaisipati,27.6515,85.3008
2023-03-21T20:00,11.3,88,9.3,862.2,1.8,169,Bhaisipati,27.6515,85.3008
2023-03-21T21:00,11.2,87,9.2,863.0,1.8,180,Bhaisipati,27.6515,85.3008
2023-03-21T22:00,10.3,91,9.0,862.9,3.2,180,Bhaisipati,27.6515,85.3008
2023-03-21T23:00,9.7,95,8.9,862.7,3.2,180,Bhaisipati,27.6515,85.3008
2023-03-22T00:00,9.7,96,9.0,862.5,0.7,180,Bhaisipati,27.6515,85.3008
2023-03-22T01:00,9.4,97,8.9,862.0,2.2,180,Bhaisipati,27.6515,85.3008
2023-03-22T02:00,9.1,98,8.8,861.3,1.8,180,Bhaisipati,27.6515,85.3008
2023-03-22T03:00,9.0,97,8.5,860.8,2.2,171,Bhaisipati,27.6515,85.3008
2023-03-22T04:00,8.4,97,8.0,860.2,4.0,170,Bhaisipati,27.6515,85.3008
2023-03-22T05:00,8.0,100,8.0,860.5,4.3,175,Bhaisipati,27.6515,85.3008
2023-03-22T06:00,7.8,99,7.6,860.9,5.0,180,Bhaisipati,27.6515,85.3008
2023-03-22T07:00,11.5,95,10.7,863.6,0.4,180,Bhaisipati,27.6515,85.3008
2023-03-22T08:00,13.8,78,9.9,865.2,3.0,346,Bhaisipati,27.6515,85.3008
2023-03-22T09:00,15.6,66,9.2,865.7,4.9,324,Bhaisipati,27.6515,85.3008
2023-03-22T10:00,16.8,60,9.1,865.7,7.1,319,Bhaisipati,27.6515,85.3008
2023-03-22T11:00,17.6,57,9.0,865.5,7.7,319,Bhaisipati,27.6515,85.3008
2023-03-22T12:00,18.3,57,9.5,864.6,7.1,315,Bhaisipati,27.6515,85.3008
2023-03-22T13:00,18.8,56,9.8,863.6,7.7,319,Bhaisipati,27.6515,85.3008
2023-03-22T14:00,18.2,58,9.7,862.4,8.9,313,Bhaisipati,27.6515,85.3008
2023-03-22T15:00,17.4,59,9.3,861.7,8.9,317,Bhaisipati,27.6515,85.3008
2023-03-22T16:00,16.5,64,9.6,861.4,7.7,323,Bhaisipati,27.6515,85.3008
2023-03-22T17:00,16.1,64,9.3,861.1,4.3,318,Bhaisipati,27.6515,85.3008
2023-03-22T18:00,14.1,77,10.1,860.5,5.4,266,Bhaisipati,27.6515,85.3008
2023-03-22T19:00,13.5,75,9.2,860.7,4.0,243,Bhaisipati,27.6515,85.3008
2023-03-22T20:00,12.5,79,9.0,861.1,5.5,259,Bhaisipati,27.6515,85.3008
2023-03-22T21:00,12.8,74,8.3,861.6,5.0,249,Bhaisipati,27.6515,85.3008
2023-03-22T22:00,11.2,83,8.5,861.0,2.4,207,Bhaisipati,27.6515,85.3008
2023-03-22T23:00,11.2,83,8.3,861.0,1.8,180,Bhaisipati,27.6515,85.3008
2023-03-23T00:00,10.8,84,8.2,860.9,2.2,180,Bhaisipati,27.6515,85.3008
2023-03-23T01:00,10.5,85,8.1,860.5,2.5,172,Bhaisipati,27.6515,85.3008
2023-03-23T02:00,10.4,85,8.1,859.6,5.1,176,Bhaisipati,27.6515,85.3008
2023-03-23T03:00,9.8,88,8.0,858.9,5.8,176,Bhaisipati,27.6515,85.3008
2023-03-23T04:00,9.5,89,7.8,859.2,3.6,174,Bhaisipati,27.6515,85.3008
2023-03-23T05:00,9.5,89,7.8,859.3,3.0,166,Bhaisipati,27.6515,85.3008
2023-03-23T06:00,10.3,87,8.2,860.1,5.1,172,Bhaisipati,27.6515,85.3008
2023-03-23T07:00,13.8,79,10.1,862.4,5.6,165,Bhaisipati,27.6515,85.3008
2023-03-23T08:00,16.2,63,9.0,863.8,1.1,90,Bhaisipati,27.6515,85.3008
2023-03-23T09:00,17.8,59,9.6,864.3,2.0,45,Bhaisipati,27.6515,85.3008
2023-03-23T10:00,19.2,52,9.2,864.7,2.3,288,Bhaisipati,27.6515,85.3008
2023-03-23T11:00,19.6,52,9.3,864.5,6.3,283,Bhaisipati,27.6515,85.3008
2023-03-23T12:00,19.5,54,10.0,864.2,6.8,267,Bhaisipati,27.6515,85.3008
2023-03-23T13:00,19.2,54,9.8,863.3,5.7,252,Bhaisipati,27.6515,85.3008
2023-03-23T14:00,19.2,52,9.2,862.8,5.1,262,Bhaisipati,27.6515,85.3008
2023-03-23T15:00,18.6,52,8.6,862.2,5.4,278,Bhaisipati,27.6515,85.3008
2023-03-23T16:00,17.3,62,10.0,862.2,6.4,313,Bhaisipati,27.6515,85.3008
2023-03-23T17:00,15.6,74,10.9,862.4,3.1,339,Bhaisipati,27.6515,85.3008
2023-03-23T18:00,13.8,85,11.3,862.5,3.4,288,Bhaisipati,27.6515,85.3008
2023-03-23T19:00,13.6,87,11.4,862.6,3.8,197,Bhaisipati,27.6515,85.3008
2023-03-23T20:00,12.8,90,11.1,862.8,2.2,180,Bhaisipati,27.6515,85.3008
2023-03-23T21:00,12.3,91,10.8,863.4,1.1,180,Bhaisipati,27.6515,85.3008
2023-03-23T22:00,11.8,91,10.5,863.6,1.1,162,Bhaisipati,27.6515,85.3008
2023-03-23T23:00,11.8,90,10.2,863.7,1.8,169,Bhaisipati,27.6515,85.3008
2023-03-24T00:00,11.3,90,9.8,862.9,5.4,176,Bhaisipati,27.6515,85.3008
2023-03-24T01:00,10.4,94,9.5,861.6,6.5,177,Bhaisipati,27.6515,85.3008
2023-03-24T02:00,9.8,96,9.2,861.0,5.1,172,Bhaisipati,27.6515,85.3008
2023-03-24T03:00,9.5,96,8.9,860.7,3.6,174,Bhaisipati,27.6515,85.3008
2023-03-24T04:00,9.5,95,8.7,860.7,4.7,171,Bhaisipati,27.6515,85.3008
2023-03-24T05:00,9.8,94,8.9,861.1,6.2,170,Bhaisipati,27.6515,85.3008
2023-03-24T06:00,10.3,94,9.3,862.3,7.2,174,Bhaisipati,27.6515,85.3008
2023-03-24T07:00,14.5,82,11.5,865.0,5.4,176,Bhaisipati,27.6515,85.3008
2023-03-24T08:00,16.9,68,10.8,866.9,1.8,307,Bhaisipati,27.6515,85.3008
2023-03-24T09:00,18.1,60,10.3,867.3,4.1,315,Bhaisipati,27.6515,85.3008
2023-03-24T10:00,19.0,56,10.0,867.4,4.9,306,Bhaisipati,27.6515,85.3008
2023-03-24T11:00,19.7,53,9.9,867.3,5.2,295,Bhaisipati,27.6515,85.3008
2023-03-24T12:00,20.0,53,10.1,866.4,5.7,288,Bhaisipati,27.6515,85.3008
2023-03-24T13:00,19.9,52,9.6,865.9,5.9,284,Bhaisipati,27.6515,85.3008
2023-03-24T14:00,19.4,52,9.2,865.0,6.7,286,Bhaisipati,27.6515,85.3008
2023-03-24T15:00,18.9,55,9.5,864.8,7.9,309,Bhaisipati,27.6515,85.3008
2023-03-24T16:00,17.8,60,9.9,864.7,6.6,319,Bhaisipati,27.6515,85.3008
2023-03-24T17:00,15.5,77,11.4,864.6,3.8,287,Bhaisipati,27.6515,85.3008
2023-03-24T18:00,13.8,89,11.9,864.1,3.0,194,Bhaisipati,27.6515,85.3008
2023-03-24T19:00,13.3,89,11.5,864.6,2.3,198,Bhaisipati,27.6515,85.3008
2023-03-24T20:00,12.7,91,11.2,864.7,2.9,173,Bhaisipati,27.6515,85.3008
2023-03-24T21:00,11.9,93,10.8,864.6,3.3,174,Bhaisipati,27.6515,85.3008
2023-03-24T22:00,11.3,94,10.3,864.6,3.3,174,Bhaisipati,27.6515,85.3008
2023-03-24T23:00,10.6,95,9.9,864.5,4.0,180,Bhaisipati,27.6515,85.3008
2023-03-25T00:00,10.1,96,9.5,864.2,3.3,174,Bhaisipati,27.6515,85.3008
2023-03-25T01:00,9.8,96,9.2,863.9,4.0,175,Bhaisipati,27.6515,85.3008
2023-03-25T02:00,9.6,95,8.9,863.4,4.0,175,Bhaisipati,27.6515,85.3008
2023-03-25T03:00,9.8,93,8.8,863.3,3.3,174,Bhaisipati,27.6515,85.3008
2023-03-25T04:00,10.3,89,8.6,863.5,2.9,173,Bhaisipati,27.6515,85.3008
2023-03-25T05:00,11.0,88,9.0,863.9,4.0,175,Bhaisipati,27.6515,85.3008
2023-03-25T06:00,12.0,84,9.4,865.1,3.3,174,Bhaisipati,27.6515,85.3008
2023-03-25T07:00,15.5,82,12.4,867.7,1.8,169,Bhaisipati,27.6515,85.3008
2023-03-25T08:00,17.7,63,10.5,869.3,2.6,326,Bhaisipati,27.6515,85.3008
2023-03-25T09:00,18.8,61,11.0,869.9,5.0,339,Bhaisipati,27.6515,85.3008
2023-03-25T10:00,19.9,55,10.7,870.1,7.1,319,Bhaisipati,27.6515,85.3008
2023-03-25T11:00,20.3,52,10.2,869.9,9.7,315,Bhaisipati,27.6515,85.3008
2023-03-25T12:00,20.9,48,9.3,869.2,11.3,307,Bhaisipati,27.6515,85.3008
2023-03-25T13:00,20.2,51,9.8,868.2,11.5,309,Bhaisipati,27.6515,85.3008
2023-03-25T14:00,20.4,52,10.3,867.4,11.9,305,Bhaisipati,27.6515,85.3008
2023-03-25T15:00,19.6,55,10.3,866.6,10.0,308,Bhaisipati,27.6515,85.3008
2023-03-25T16:00,18.9,58,10.4,865.8,5.2,304,Bhaisipati,27.6515,85.3008
2023-03-25T17:00,17.6,70,12.0,865.5,3.4,342,Bhaisipati,27.6515,85.3008
2023-03-25T18:00,17.2,60,9.3,865.7,3.3,229,Bhaisipati,27.6515,85.3008
2023-03-25T19:00,15.0,76,10.8,864.9,1.8,191,Bhaisipati,27.6515,85.3008
2023-03-25T20:00,14.3,77,10.4,865.4,2.3,198,Bhaisipati,27.6515,85.3008
2023-03-25T21:00,14.0,77,10.1,866.0,1.4,180,Bhaisipati,27.6515,85.3008
2023-03-25T22:00,13.7,78,9.8,865.8,1.8,169,Bhaisipati,27.6515,85.3008
2023-03-25T23:00,13.3,79,9.6,865.5,2.9,173,Bhaisipati,27.6515,85.3008
2023-03-26T00:00,12.8,80,9.3,864.5,3.3,174,Bhaisipati,27.6515,85.3008
2023-03-26T01:00,12.5,80,9.0,863.6,2.5,172,Bhaisipati,27.6515,85.3008
2023-03-26T02:00,12.4,77,8.6,863.1,2.2,171,Bhaisipati,27.6515,85.3008
2023-03-26T03:00,12.2,76,8.1,862.5,2.2,180,Bhaisipati,27.6515,85.3008
2023-03-26T04:00,11.5,77,7.6,862.2,1.4,180,Bhaisipati,27.6515,85.3008
2023-03-26T05:00,15.9,57,7.5,865.0,2.2,171,Bhaisipati,27.6515,85.3008
2023-03-26T06:00,13.1,73,8.4,863.9,3.0,166,Bhaisipati,27.6515,85.3008
2023-03-26T07:00,16.9,64,10.2,866.3,2.1,149,Bhaisipati,27.6515,85.3008
2023-03-26T08:00,19.2,48,8.0,867.3,2.6,34,Bhaisipati,27.6515,85.3008
2023-03-26T09:00,20.7,45,8.2,867.9,5.4,318,Bhaisipati,27.6515,85.3008
2023-03-26T10:00,21.7,39,7.2,867.9,7.1,315,Bhaisipati,27.6515,85.3008
2023-03-26T11:00,22.4,37,7.1,867.7,8.9,313,Bhaisipati,27.6515,85.3008
2023-03-26T12:00,22.9,34,6.4,866.6,8.7,308,Bhaisipati,27.6515,85.3008
2023-03-26T13:00,23.2,32,5.7,865.7,8.6,303,Bhaisipati,27.6515,85.3008
2023-03-26T14:00,22.8,32,5.2,864.8,8.1,291,Bhaisipati,27.6515,85.3008
2023-03-26T15:00,22.3,33,5.2,864.0,8.7,294,Bhaisipati,27.6515,85.3008
2023-03-26T16:00,20.7,41,6.9,863.6,8.5,282,Bhaisipati,27.6515,85.3008
2023-03-26T17:00,18.2,67,12.0,862.9,7.2,276,Bhaisipati,27.6515,85.3008
2023-03-26T18:00,16.5,64,9.7,862.3,5.1,231,Bhaisipati,27.6515,85.3008
2023-03-26T19:00,15.3,65,8.8,862.3,3.5,204,Bhaisipati,27.6515,85.3008
2023-03-26T20:00,14.5,65,8.0,862.5,2.2,180,Bhaisipati,27.6515,85.3008
2023-03-26T21:00,13.9,65,7.4,863.0,3.3,174,Bhaisipati,27.6515,85.3008
2023-03-26T22:00,13.3,67,7.4,862.6,3.2,180,Bhaisipati,27.6515,85.3008
2023-03-26T23:00,13.3,67,7.3,862.3,3.2,180,Bhaisipati,27.6515,85.3008
2023-03-27T00:00,13.4,65,7.0,861.9,3.6,180,Bhaisipati,27.6515,85.3008
2023-03-27T01:00,12.9,67,7.0,861.3,4.0,185,Bhaisipati,27.6515,85.3008
2023-03-27T02:00,12.8,65,6.4,861.0,4.3,185,Bhaisipati,27.6515,85.3008
2023-03-27T03:00,12.3,65,6.1,860.7,5.0,180,Bhaisipati,27.6515,85.3008
2023-03-27T04:00,12.3,64,5.7,860.4,4.8,167,Bhaisipati,27.6515,85.3008
2023-03-27T05:00,12.5,61,5.3,861.2,6.3,167,Bhaisipati,27.6515,85.3008
2023-03-27T06:00,13.5,63,6.6,862.2,3.8,163,Bhaisipati,27.6515,85.3008
2023-03-27T07:00,16.3,61,8.6,864.4,3.6,174,Bhaisipati,27.6515,85.3008
2023-03-27T08:00,18.0,51,7.7,866.0,2.3,321,Bhaisipati,27.6515,85.3008
2023-03-27T09:00,19.2,48,8.0,866.3,3.0,346,Bhaisipati,27.6515,85.3008
2023-03-27T10:00,20.7,43,7.7,866.5,1.8,360,Bhaisipati,27.6515,85.3008
2023-03-27T11:00,22.1,38,7.0,866.2,2.1,301,Bhaisipati,27.6515,85.3008
2023-03-27T12:00,22.3,38,7.1,865.5,5.8,263,Bhaisipati,27.6515,85.3008
2023-03-27T13:00,21.9,39,7.4,864.9,7.2,270,Bhaisipati,27.6515,85.3008
2023-03-27T14:00,21.8,38,6.9,864.0,5.9,284,Bhaisipati,27.6515,85.3008
2023-03-27T15:00,21.0,38,6.0,863.5,7.8,283,Bhaisipati,27.6515,85.3008
2023-03-27T16:00,20.3,39,5.7,863.4,7.2,273,Bhaisipati,27.6515,85.3008
2023-03-27T17:00,18.3,60,10.4,863.5,4.0,243,Bhaisipati,27.6515,85.3008
2023-03-27T18:00,17.1,52,7.1,863.8,4.5,241,Bhaisipati,27.6515,85.3008
2023-03-27T19:00,17.2,44,4.7,864.5,2.9,263,Bhaisipati,27.6515,85.3008
2023-03-27T20:00,14.1,67,8.0,863.7,3.4,198,Bhaisipati,27.6515,85.3008
2023-03-27T21:00,13.4,68,7.7,863.6,4.6,198,Bhaisipati,27.6515,85.3008
2023-03-27T22:00,13.3,66,7.1,863.4,2.9,187,Bhaisipati,27.6515,85.3008
2023-03-27T23:00,12.9,64,6.2,862.7,3.6,174,Bhaisipati,27.6515,85.3008
2023-03-28T00:00,12.5,64,5.8,862.0,2.9,173,Bhaisipati,27.6515,85.3008
2023-03-28T01:00,12.0,66,5.8,861.3,2.5,172,Bhaisipati,27.6515,85.3008
2023-03-28T02:00,11.6,67,5.7,860.7,2.2,171,Bhaisipati,27.6515,85.3008
2023-03-28T03:00,11.3,68,5.6,860.5,3.0,166,Bhaisipati,27.6515,85.3008
2023-03-28T04:00,11.2,68,5.5,860.5,3.7,169,Bhaisipati,27.6515,85.3008
2023-03-28T05:00,9.5,80,6.3,860.8,4.7,171,Bhaisipati,27.6515,85.3008
2023-03-28T06:00,10.7,78,7.0,862.3,5.2,164,Bhaisipati,27.6515,85.3008
2023-03-28T07:00,15.0,77,11.0,865.0,3.9,158,Bhaisipati,27.6515,85.3008
2023-03-28T08:00,17.9,52,7.9,866.5,2.3,51,Bhaisipati,27.6515,85.3008
2023-03-28T09:00,19.4,45,7.2,867.0,2.7,337,Bhaisipati,27.6515,85.3008
2023-03-28T10:00,20.7,39,6.3,867.1,2.9,330,Bhaisipati,27.6515,85.3008
2023-03-28T11:00,22.0,34,5.5,867.0,3.1,324,Bhaisipati,27.6515,85.3008
2023-03-28T12:00,22.6,31,4.7,866.5,4.1,308,Bhaisipati,27.6515,85.3008
2023-03-28T13:00,22.7,29,3.9,865.7,4.6,309,Bhaisipati,27.6515,85.3008
2023-03-28T14:00,22.9,28,3.5,864.8,6.1,310,Bhaisipati,27.6515,85.3008
2023-03-28T15:00,22.6,27,2.7,864.4,9.2,301,Bhaisipati,27.6515,85.3008
2023-03-28T16:00,21.5,31,3.8,864.3,8.9,291,Bhaisipati,27.6515,85.3008
2023-03-28T17:00,18.9,53,9.1,864.5,4.8,222,Bhaisipati,27.6515,85.3008
2023-03-28T18:00,16.5,66,10.0,864.2,5.3,208,Bhaisipati,27.6515,85.3008
2023-03-28T19:00,15.5,67,9.3,864.7,2.9,180,Bhaisipati,27.6515,85.3008
2023-03-28T20:00,14.4,69,8.7,865.0,2.2,180,Bhaisipati,27.6515,85.3008
2023-03-28T21:00,13.4,70,8.0,865.1,3.2,180,Bhaisipati,27.6515,85.3008
2023-03-28T22:00,12.2,74,7.7,864.3,4.3,180,Bhaisipati,27.6515,85.3008
2023-03-28T23:00,11.5,75,7.3,863.9,4.3,175,Bhaisipati,27.6515,85.3008
2023-03-29T00:00,11.5,74,7.0,863.5,4.7,180,Bhaisipati,27.6515,85.3008
2023-03-29T01:00,11.5,72,6.7,863.1,4.3,175,Bhaisipati,27.6515,85.3008
2023-03-29T02:00,11.5,71,6.5,862.8,3.6,174,Bhaisipati,27.6515,85.3008
2023-03-29T03:00,11.3,71,6.3,862.5,4.0,175,Bhaisipati,27.6515,85.3008
2023-03-29T04:00,11.3,71,6.2,862.6,3.7,169,Bhaisipati,27.6515,85.3008
2023-03-29T05:00,11.3,71,6.2,863.2,3.3,174,Bhaisipati,27.6515,85.3008
2023-03-29T06:00,12.9,66,6.8,864.8,4.7,171,Bhaisipati,27.6515,85.3008
2023-03-29T07:00,16.2,66,10.0,867.1,6.0,163,Bhaisipati,27.6515,85.3008
2023-03-29T08:00,18.8,48,7.7,868.5,2.9,97,Bhaisipati,27.6515,85.3008
2023-03-29T09:00,20.2,44,7.6,869.2,2.6,56,Bhaisipati,27.6515,85.3008
2023-03-29T10:00,20.9,42,7.6,869.3,1.1,288,Bhaisipati,27.6515,85.3008
2023-03-29T11:00,21.4,40,7.4,869.2,3.2,270,Bhaisipati,27.6515,85.3008
2023-03-29T12:00,21.4,40,7.1,868.2,5.2,254,Bhaisipati,27.6515,85.3008
2023-03-29T13:00,21.5,38,6.6,867.6,4.9,253,Bhaisipati,27.6515,85.3008
2023-03-29T14:00,21.3,38,6.4,866.7,4.4,261,Bhaisipati,27.6515,85.3008
2023-03-29T15:00,21.7,36,5.9,866.1,5.2,304,Bhaisipati,27.6515,85.3008
2023-03-29T16:00,21.1,37,5.8,865.7,7.9,321,Bhaisipati,27.6515,85.3008
2023-03-29T17:00,20.1,48,8.7,865.6,1.8,169,Bhaisipati,27.6515,85.3008
2023-03-29T18:00,17.3,63,10.2,864.8,4.0,185,Bhaisipati,27.6515,85.3008
2023-03-29T19:00,16.0,61,8.4,864.9,4.7,184,Bhaisipati,27.6515,85.3008
2023-03-29T20:00,14.4,68,8.5,864.8,4.7,176,Bhaisipati,27.6515,85.3008
2023-03-29T21:00,13.0,74,8.5,864.5,4.7,176,Bhaisipati,27.6515,85.3008
2023-03-29T22:00,12.2,76,8.1,864.4,3.3,174,Bhaisipati,27.6515,85.3008
2023-03-29T23:00,12.5,72,7.6,864.3,3.0,166,Bhaisipati,27.6515,85.3008
2023-03-30T00:00,13.0,68,7.1,864.0,3.3,167,Bhaisipati,27.6515,85.3008
2023-03-30T01:00,12.9,66,6.6,863.5,4.4,171,Bhaisipati,27.6515,85.3008
2023-03-30T02:00,13.1,64,6.5,863.3,4.4,171,Bhaisipati,27.6515,85.3008
2023-03-30T03:00,12.8,64,6.1,862.7,4.4,171,Bhaisipati,27.6515,85.3008
2023-03-30T04:00,12.3,65,5.8,862.6,4.5,166,Bhaisipati,27.6515,85.3008
2023-03-30T05:00,12.0,64,5.4,863.0,4.5,166,Bhaisipati,27.6515,85.3008
2023-03-30T06:00,13.0,62,6.0,863.7,5.7,162,Bhaisipati,27.6515,85.3008
2023-03-30T07:00,16.6,62,9.2,865.5,6.3,156,Bhaisipati,27.6515,85.3008
2023-03-30T08:00,19.8,43,6.7,867.1,1.9,112,Bhaisipati,27.6515,85.3008
2023-03-30T09:00,21.3,39,6.7,867.4,2.6,344,Bhaisipati,27.6515,85.3008
2023-03-30T10:00,22.4,34,5.7,867.6,6.1,310,Bhaisipati,27.6515,85.3008
2023-03-30T11:00,22.8,33,5.9,867.2,7.2,297,Bhaisipati,27.6515,85.3008
2023-03-30T12:00,23.3,32,5.6,866.4,7.4,293,Bhaisipati,27.6515,85.3008
2023-03-30T13:00,23.4,32,5.5,865.4,7.6,278,Bhaisipati,27.6515,85.3008
2023-03-30T14:00,22.7,34,6.0,864.4,7.6,278,Bhaisipati,27.6515,85.3008
2023-03-30T15:00,22.4,36,6.5,863.5,6.3,301,Bhaisipati,27.6515,85.3008
2023-03-30T16:00,21.9,38,6.9,863.0,6.4,313,Bhaisipati,27.6515,85.3008
2023-03-30T17:00,19.5,56,10.5,863.1,3.5,204,Bhaisipati,27.6515,85.3008
2023-03-30T18:00,17.4,65,10.8,862.8,2.9,187,Bhaisipati,27.6515,85.3008
2023-03-30T19:00,16.2,67,10.0,862.8,4.0,185,Bhaisipati,27.6515,85.3008
2023-03-30T20:00,14.3,76,10.0,862.7,3.6,180,Bhaisipati,27.6515,85.3008
2023-03-30T21:00,13.1,80,9.6,862.7,2.2,171,Bhaisipati,27.6515,85.3008
2023-03-30T22:00,13.2,77,9.3,863.4,4.0,175,Bhaisipati,27.6515,85.3008
2023-03-30T23:00,13.0,76,8.9,863.5,4.7,171,Bhaisipati,27.6515,85.3008
2023-03-31T00:00,13.4,73,8.6,863.5,5.1,172,Bhaisipati,27.6515,85.3008
2023-03-31T01:00,13.1,72,8.2,862.7,4.8,167,Bhaisipati,27.6515,85.3008
2023-03-31T02:00,12.9,71,7.8,862.1,5.9,169,Bhaisipati,27.6515,85.3008
2023-03-31T03:00,13.3,70,7.9,862.1,4.0,170,Bhaisipati,27.6515,85.3008
2023-03-31T04:00,13.5,68,7.8,862.4,2.9,173,Bhaisipati,27.6515,85.3008
2023-03-31T05:00,13.2,71,8.1,862.3,5.5,169,Bhaisipati,27.6515,85.3008
2023-03-31T06:00,13.8,71,8.6,863.4,5.8,173,Bhaisipati,27.6515,85.3008
2023-03-31T07:00,16.9,71,11.7,865.9,3.8,163,Bhaisipati,27.6515,85.3008
2023-03-31T08:00,19.3,52,9.2,867.7,1.8,53,Bhaisipati,27.6515,85.3008
2023-03-31T09:00,20.7,47,9.0,868.1,1.8,360,Bhaisipati,27.6515,85.3008
2023-03-31T10:00,21.7,43,8.6,868.0,2.9,263,Bhaisipati,27.6515,85.3008
2023-03-31T11:00,21.8,43,8.7,867.2,3.3,257,Bhaisipati,27.6515,85.3008
2023-03-31T12:00,19.7,48,8.5,866.8,8.6,237,Bhaisipati,27.6515,85.3008
2023-03-31T13:00,15.1,84,12.4,866.1,3.8,319,Bhaisipati,27.6515,85.3008
2023-03-31T14:00,15.0,87,12.8,865.5,2.4,27,Bhaisipati,27.6515,85.3008
2023-03-31T15:00,15.4,83,12.6,864.8,3.6,127,Bhaisipati,27.6515,85.3008
2023-03-31T16:00,15.2,84,12.5,864.1,4.0,95,Bhaisipati,27.6515,85.3008
2023-03-31T17:00,13.7,90,12.1,864.0,3.5,156,Bhaisipati,27.6515,85.3008
2023-03-31T18:00,13.4,94,12.4,863.7,3.2,153,Bhaisipati,27.6515,85.3008
2023-03-31T19:00,12.8,95,12.0,863.5,3.6,180,Bhaisipati,27.6515,85.3008
2023-03-31T20:00,12.7,96,12.1,864.0,5.2,168,Bhaisipati,27.6515,85.3008
2023-03-31T21:00,12.4,97,11.9,864.3,5.8,176,Bhaisipati,27.6515,85.3008
2023-03-31T22:00,12.3,93,11.2,864.9,4.0,175,Bhaisipati,27.6515,85.3008
2023-03-31T23:00,12.0,93,10.9,864.8,2.4,153,Bhaisipati,27.6515,85.3008
2023-04-01T00:00,12.0,92,10.7,864.4,6.5,183,Bhaisipati,27.6515,85.3008
2023-04-01T01:00,11.8,93,10.7,863.6,3.8,131,Bhaisipati,27.6515,85.3008
2023-04-01T02:00,11.7,93,10.6,863.2,4.9,163,Bhaisipati,27.6515,85.3008
2023-04-01T03:00,11.3,91,10.0,862.6,6.2,170,Bhaisipati,27.6515,85.3008
2023-04-01T04:00,11.2,93,10.0,862.5,4.5,166,Bhaisipati,27.6515,85.3008
2023-04-01T05:00,11.1,87,9.0,863.8,1.4,180,Bhaisipati,27.6515,85.3008
2023-04-01T06:00,11.5,92,10.2,863.9,4.5,166,Bhaisipati,27.6515,85.3008
2023-04-01T07:00,13.4,81,10.2,865.3,3.1,159,Bhaisipati,27.6515,85.3008
2023-04-01T08:00,15.1,71,9.9,866.2,1.8,101,Bhaisipati,27.6515,85.3008
2023-04-01T09:00,16.5,64,9.6,866.3,2.6,56,Bhaisipati,27.6515,85.3008
2023-04-01T10:00,18.1,59,10.0,866.4,2.3,18,Bhaisipati,27.6515,85.3008
2023-04-01T11:00,19.6,55,10.3,865.7,2.2,351,Bhaisipati,27.6515,85.3008
2023-04-01T12:00,15.5,73,10.8,864.1,11.4,235,Bhaisipati,27.6515,85.3008
2023-04-01T13:00,15.8,67,9.8,864.0,4.1,75,Bhaisipati,27.6515,85.3008
2023-04-01T14:00,16.2,63,9.2,863.2,3.8,197,Bhaisipati,27.6515,85.3008
2023-04-01T15:00,15.5,67,9.5,862.8,4.7,32,Bhaisipati,27.6515,85.3008
2023-04-01T16:00,14.6,77,10.7,862.2,4.4,35,Bhaisipati,27.6515,85.3008
2023-04-01T17:00,13.1,89,11.3,861.9,2.8,50,Bhaisipati,27.6515,85.3008
2023-04-01T18:00,12.4,93,11.3,861.5,4.0,170,Bhaisipati,27.6515,85.3008
2023-04-01T19:00,12.0,95,11.2,861.5,2.3,162,Bhaisipati,27.6515,85.3008
2023-04-01T20:00,11.5,96,10.9,861.8,4.1,165,Bhaisipati,27.6515,85.3008
2023-04-01T21:00,10.6,97,10.1,861.7,4.3,175,Bhaisipati,27.6515,85.3008
2023-04-01T22:00,10.0,98,9.8,861.9,4.1,165,Bhaisipati,27.6515,85.3008
2023-04-01T23:00,10.0,96,9.5,862.2,3.6,174,Bhaisipati,27.6515,85.3008
2023-04-02T00:00,10.5,96,10.0,861.7,3.2,180,Bhaisipati,27.6515,85.3008
2023-04-02T01:00,10.3,96,9.8,861.1,2.9,180,Bhaisipati,27.6515,85.3008
2023-04-02T02:00,9.5,95,8.7,860.1,2.5,180,Bhaisipati,27.6515,85.3008
2023-04-02T03:00,9.3,95,8.6,859.5,2.5,180,Bhaisipati,27.6515,85.3008
2023-04-02T04:00,9.2,95,8.5,859.3,2.9,173,Bhaisipati,27.6515,85.3008
2023-04-02T05:00,9.3,94,8.3,859.7,1.4,180,Bhaisipati,27.6515,85.3008
2023-04-02T06:00,9.6,96,9.0,860.2,2.5,180,Bhaisipati,27.6515,85.3008
2023-04-02T07:00,12.8,85,10.3,862.6,1.1,162,Bhaisipati,27.6515,85.3008
2023-04-02T08:00,14.6,74,10.0,863.7,3.2,333,Bhaisipati,27.6515,85.3008
2023-04-02T09:00,15.9,71,10.5,864.0,5.2,326,Bhaisipati,27.6515,85.3008
2023-04-02T10:00,17.1,67,10.9,864.2,7.1,330,Bhaisipati,27.6515,85.3008
2023-04-02T11:00,17.9,63,10.8,863.7,8.0,306,Bhaisipati,27.6515,85.3008
2023-04-02T12:00,17.8,62,10.5,862.9,8.7,287,Bhaisipati,27.6515,85.3008
2023-04-02T13:00,16.4,71,11.2,862.0,6.1,320,Bhaisipati,27.6515,85.3008
2023-04-02T14:00,17.4,67,11.1,861.6,8.5,324,Bhaisipati,27.6515,85.3008
2023-04-02T15:00,15.5,71,10.2,860.9,9.4,313,Bhaisipati,27.6515,85.3008
2023-04-02T16:00,14.8,74,10.3,860.9,4.2,329,Bhaisipati,27.6515,85.3008
2023-04-02T17:00,12.4,92,11.2,860.8,4.7,328,Bhaisipati,27.6515,85.3008
2023-04-02T18:00,12.4,91,11.0,860.5,3.3,186,Bhaisipati,27.6515,85.3008
2023-04-02T19:00,11.4,98,11.0,860.5,2.5,172,Bhaisipati,27.6515,85.3008
2023-04-02T20:00,11.2,100,11.1,860.5,2.9,173,Bhaisipati,27.6515,85.3008
2023-04-02T21:00,10.8,99,10.7,860.4,1.8,169,Bhaisipati,27.6515,85.3008
2023-04-02T22:00,10.5,97,10.0,860.1,2.5,172,Bhaisipati,27.6515,85.3008
2023-04-02T23:00,10.0,97,9.5,859.3,3.3,174,Bhaisipati,27.6515,85.3008
2023-04-03T00:00,9.4,97,9.0,858.4,4.4,171,Bhaisipati,27.6515,85.3008
2023-04-03T01:00,8.8,99,8.7,857.6,5.5,169,Bhaisipati,27.6515,85.3008
2023-04-03T02:00,8.5,100,8.4,856.9,5.4,172,Bhaisipati,27.6515,85.3008
2023-04-03T03:00,8.5,98,8.2,856.7,5.1,172,Bhaisipati,27.6515,85.3008
2023-04-03T04:00,8.6,97,8.1,857.0,4.4,171,Bhaisipati,27.6515,85.3008
2023-04-03T05:00,9.5,93,8.4,857.9,3.7,169,Bhaisipati,27.6515,85.3008
2023-04-03T06:00,10.5,92,9.3,859.2,4.0,170,Bhaisipati,27.6515,85.3008
2023-04-03T07:00,14.3,91,12.8,862.0,3.9,158,Bhaisipati,27.6515,85.3008
2023-04-03T08:00,16.5,70,11.0,863.3,4.2,70,Bhaisipati,27.6515,85.3008
2023-04-03T09:00,18.1,62,10.7,863.9,4.6,51,Bhaisipati,27.6515,85.3008
2023-04-03T10:00,19.3,57,10.4,863.9,2.7,23,Bhaisipati,27.6515,85.3008
2023-04-03T11:00,20.4,54,10.8,863.9,4.3,318,Bhaisipati,27.6515,85.3008
2023-04-03T12:00,20.7,55,11.3,863.1,6.0,287,Bhaisipati,27.6515,85.3008
2023-04-03T13:00,20.6,54,11.0,862.8,7.3,279,Bhaisipati,27.6515,85.3008
2023-04-03T14:00,20.1,56,11.0,862.0,6.8,288,Bhaisipati,27.6515,85.3008
2023-04-03T15:00,19.6,57,10.9,862.0,7.1,300,Bhaisipati,27.6515,85.3008
2023-04-03T16:00,17.8,67,11.7,862.0,7.4,317,Bhaisipati,27.6515,85.3008
2023-04-03T17:00,16.7,75,12.3,862.3,5.5,328,Bhaisipati,27.6515,85.3008
2023-04-03T18:00,15.1,85,12.5,861.9,1.4,180,Bhaisipati,27.6515,85.3008
2023-04-03T19:00,14.1,89,12.2,862.0,5.8,187,Bhaisipati,27.6515,85.3008
2023-04-03T20:00,13.1,92,11.7,862.5,2.3,198,Bhaisipati,27.6515,85.3008
2023-04-03T21:00,13.3,89,11.5,863.0,2.5,180,Bhaisipati,27.6515,85.3008
2023-04-03T22:00,12.7,91,11.2,862.6,3.3,174,Bhaisipati,27.6515,85.3008
2023-04-03T23:00,12.0,92,10.8,862.1,3.7,169,Bhaisipati,27.6515,85.3008
2023-04-04T00:00,11.5,93,10.4,861.1,5.2,168,Bhaisipati,27.6515,85.3008
2023-04-04T01:00,11.1,93,10.0,860.2,4.7,171,Bhaisipati,27.6515,85.3008
2023-04-04T02:00,10.8,93,9.7,859.8,5.5,169,Bhaisipati,27.6515,85.3008
2023-04-04T03:00,10.8,91,9.5,859.4,5.8,173,Bhaisipati,27.6515,85.3008
2023-04-04T04:00,10.8,90,9.3,859.5,5.9,166,Bhaisipati,27.6515,85.3008
2023-04-04T05:00,11.8,87,9.7,860.4,5.6,165,Bhaisipati,27.6515,85.3008
2023-04-04T06:00,12.9,85,10.5,861.9,7.1,165,Bhaisipati,27.6515,85.3008
2023-04-04T07:00,16.9,79,13.2,864.3,6.6,158,Bhaisipati,27.6515,85.3008
2023-04-04T08:00,19.6,57,10.8,865.9,1.6,243,Bhaisipati,27.6515,85.3008
2023-04-04T09:00,20.8,52,10.5,866.5,6.0,295,Bhaisipati,27.6515,85.3008
2023-04-04T10:00,21.1,54,11.3,866.8,9.0,299,Bhaisipati,27.6515,85.3008
2023-04-04T11:00,21.6,47,9.8,866.3,10.1,297,Bhaisipati,27.6515,85.3008
2023-04-04T12:00,21.9,44,9.0,865.8,12.2,298,Bhaisipati,27.6515,85.3008
2023-04-04T13:00,21.1,48,9.8,864.9,9.0,275,Bhaisipati,27.6515,85.3008
2023-04-04T14:00,20.4,51,10.0,864.3,9.5,279,Bhaisipati,27.6515,85.3008
2023-04-04T15:00,19.8,54,10.2,863.8,8.7,315,Bhaisipati,27.6515,85.3008
2023-04-04T16:00,18.9,60,11.0,863.5,8.4,335,Bhaisipati,27.6515,85.3008
2023-04-04T17:00,15.6,77,11.7,864.3,10.7,310,Bhaisipati,27.6515,85.3008
2023-04-04T18:00,13.8,85,11.4,863.7,3.2,153,Bhaisipati,27.6515,85.3008
2023-04-04T19:00,13.3,90,11.6,863.3,4.8,153,Bhaisipati,27.6515,85.3008
2023-04-04T20:00,12.2,95,11.5,863.2,3.7,169,Bhaisipati,27.6515,85.3008
2023-04-04T21:00,11.8,95,11.0,863.1,4.2,160,Bhaisipati,27.6515,85.3008
2023-04-04T22:00,11.7,93,10.6,862.8,5.5,169,Bhaisipati,27.6515,85.3008
2023-04-04T23:00,11.5,91,10.2,862.2,5.1,172,Bhaisipati,27.6515,85.3008
2023-04-05T00:00,11.1,91,9.7,861.3,5.1,172,Bhaisipati,27.6515,85.3008
2023-04-05T01:00,10.8,89,9.1,860.4,4.7,176,Bhaisipati,27.6515,85.3008
2023-04-05T02:00,10.8,86,8.6,859.8,4.3,175,Bhaisipati,27.6515,85.3008
2023-04-05T03:00,10.8,84,8.3,859.4,4.7,176,Bhaisipati,27.6515,85.3008
2023-04-05T04:00,10.8,83,8.0,859.3,4.7,171,Bhaisipati,27.6515,85.3008
2023-04-05T05:00,11.3,82,8.2,860.2,4.0,170,Bhaisipati,27.6515,85.3008
2023-04-05T06:00,12.8,77,8.8,861.4,5.1,172,Bhaisipati,27.6515,85.3008
2023-04-05T07:00,16.5,75,12.1,863.9,4.6,162,Bhaisipati,27.6515,85.3008
2023-04-05T08:00,18.4,58,10.1,865.2,1.1,18,Bhaisipati,27.6515,85.3008
2023-04-05T09:00,19.9,55,10.5,865.7,2.6,344,Bhaisipati,27.6515,85.3008
2023-04-05T10:00,21.1,47,9.3,866.0,4.3,312,Bhaisipati,27.6515,85.3008
2023-04-05T11:00,21.8,44,8.8,865.8,6.6,292,Bhaisipati,27.6515,85.3008
2023-04-05T12:00,22.4,42,8.7,865.3,7.9,294,Bhaisipati,27.6515,85.3008
2023-04-05T13:00,22.6,39,8.0,864.6,9.4,302,Bhaisipati,27.6515,85.3008
2023-04-05T14:00,22.2,40,8.1,863.9,8.8,305,Bhaisipati,27.6515,85.3008
2023-04-05T15:00,21.8,42,8.3,863.6,7.9,309,Bhaisipati,27.6515,85.3008
2023-04-05T16:00,21.0,45,8.7,863.5,7.9,313,Bhaisipati,27.6515,85.3008
2023-04-05T17:00,19.4,55,10.1,863.6,5.1,309,Bhaisipati,27.6515,85.3008
2023-04-05T18:00,17.9,58,9.5,863.7,5.2,245,Bhaisipati,27.6515,85.3008
2023-04-05T19:00,16.3,69,10.5,863.5,5.1,225,Bhaisipati,27.6515,85.3008
2023-04-05T20:00,15.8,67,9.7,864.2,4.4,235,Bhaisipati,27.6515,85.3008
2023-04-05T21:00,14.6,71,9.3,863.9,3.0,194,Bhaisipati,27.6515,85.3008
2023-04-05T22:00,13.8,73,9.0,863.4,1.8,180,Bhaisipati,27.6515,85.3008
2023-04-05T23:00,13.6,71,8.5,863.2,2.2,171,Bhaisipati,27.6515,85.3008
2023-04-06T00:00,13.6,70,8.2,863.0,2.5,172,Bhaisipati,27.6515,85.3008
2023-04-06T01:00,13.5,69,8.0,862.6,3.6,174,Bhaisipati,27.6515,85.3008
2023-04-06T02:00,13.3,70,7.9,862.0,3.6,174,Bhaisipati,27.6515,85.3008
2023-04-06T03:00,13.0,71,7.8,861.7,3.6,174,Bhaisipati,27.6515,85.3008
2023-04-06T04:00,12.8,71,7.6,861.9,3.6,174,Bhaisipati,27.6515,85.3008
2023-04-06T05:00,11.6,77,7.7,862.9,5.6,165,Bhaisipati,27.6515,85.3008
2023-04-06T06:00,14.4,69,8.8,864.9,4.1,165,Bhaisipati,27.6515,85.3008
2023-04-06T07:00,17.7,65,11.1,867.0,5.0,150,Bhaisipati,27.6515,85.3008
2023-04-06T08:00,19.7,53,10.0,868.2,3.5,114,Bhaisipati,27.6515,85.3008
2023-04-06T09:00,21.2,48,9.6,868.8,2.2,81,Bhaisipati,27.6515,85.3008
2023-04-06T10:00,22.6,40,8.5,869.1,1.1,342,Bhaisipati,27.6515,85.3008
2023-04-06T11:00,23.5,36,7.5,868.9,4.0,297,Bhaisipati,27.6515,85.3008
2023-04-06T12:00,24.1,33,6.9,868.2,6.0,295,Bhaisipati,27.6515,85.3008
2023-04-06T13:00,24.4,31,6.2,867.4,8.0,297,Bhaisipati,27.6515,85.3008
2023-04-06T14:00,24.2,30,5.7,866.7,8.7,308,Bhaisipati,27.6515,85.3008
2023-04-06T15:00,23.6,32,5.9,866.1,7.4,317,Bhaisipati,27.6515,85.3008
2023-04-06T16:00,22.7,36,6.7,865.8,6.2,306,Bhaisipati,27.6515,85.3008
2023-04-06T17:00,20.6,61,12.9,865.5,5.9,284,Bhaisipati,27.6515,85.3008
2023-04-06T18:00,17.8,64,10.8,865.0,5.6,230,Bhaisipati,27.6515,85.3008
2023-04-06T19:00,16.9,63,9.8,865.3,3.9,202,Bhaisipati,27.6515,85.3008
2023-04-06T20:00,15.9,65,9.3,865.7,2.5,188,Bhaisipati,27.6515,85.3008
2023-04-06T21:00,15.2,67,9.1,865.9,2.2,189,Bhaisipati,27.6515,85.3008
2023-04-06T22:00,14.6,69,8.9,865.9,2.2,180,Bhaisipati,27.6515,85.3008
2023-04-06T23:00,14.6,65,8.1,866.1,2.2,180,Bhaisipati,27.6515,85.3008
2023-04-07T00:00,14.2,64,7.6,865.6,3.3,174,Bhaisipati,27.6515,85.3008
2023-04-07T01:00,13.8,65,7.2,865.0,4.0,175,Bhaisipati,27.6515,85.3008
2023-04-07T02:00,13.5,64,6.8,864.4,4.4,171,Bhaisipati,27.6515,85.3008
2023-04-07T03:00,13.4,63,6.6,863.9,4.5,166,Bhaisipati,27.6515,85.3008
2023-04-07T04:00,13.2,63,6.3,864.0,4.8,167,Bhaisipati,27.6515,85.3008
2023-04-07T05:00,12.2,72,7.3,864.7,6.7,164,Bhaisipati,27.6515,85.3008
2023-04-07T06:00,15.0,63,7.9,866.7,5.2,164,Bhaisipati,27.6515,85.3008
2023-04-07T07:00,18.4,60,10.5,868.7,5.6,165,Bhaisipati,27.6515,85.3008
2023-04-07T08:00,21.1,39,6.7,870.4,0.8,297,Bhaisipati,27.6515,85.3008
2023-04-07T09:00,22.3,38,7.2,871.2,3.2,333,Bhaisipati,27.6515,85.3008
2023-04-07T10:00,23.4,36,7.4,871.2,5.2,326,Bhaisipati,27.6515,85.3008
2023-04-07T11:00,24.2,34,7.2,870.9,6.6,319,Bhaisipati,27.6515,85.3008
2023-04-07T12:00,24.9,31,6.8,870.4,7.1,319,Bhaisipati,27.6515,85.3008
2023-04-07T13:00,25.3,29,5.9,869.5,8.2,311,Bhaisipati,27.6515,85.3008
2023-04-07T14:00,24.9,29,5.5,868.6,8.2,299,Bhaisipati,27.6515,85.3008
2023-04-07T15:00,24.3,32,6.4,868.2,7.8,292,Bhaisipati,27.6515,85.3008
2023-04-07T16:00,23.2,37,7.7,867.9,6.9,279,Bhaisipati,27.6515,85.3008
2023-04-07T17:00,20.7,63,13.4,867.5,3.6,225,Bhaisipati,27.6515,85.3008
2023-04-07T18:00,18.2,68,12.2,867.2,3.6,186,Bhaisipati,27.6515,85.3008
2023-04-07T19:00,16.9,71,11.7,867.4,2.9,187,Bhaisipati,27.6515,85.3008
2023-04-07T20:00,16.2,70,10.8,867.8,1.8,180,Bhaisipati,27.6515,85.3008
2023-04-07T21:00,15.4,69,9.8,868.1,2.2,180,Bhaisipati,27.6515,85.3008
2023-04-07T22:00,14.8,69,9.2,868.2,2.5,172,Bhaisipati,27.6515,85.3008
2023-04-07T23:00,13.8,71,8.6,867.6,4.7,171,Bhaisipati,27.6515,85.3008
2023-04-08T00:00,13.0,73,8.2,866.9,5.5,169,Bhaisipati,27.6515,85.3008
2023-04-08T01:00,12.8,72,7.9,866.3,5.2,168,Bhaisipati,27.6515,85.3008
2023-04-08T02:00,12.8,70,7.5,866.1,3.7,169,Bhaisipati,27.6515,85.3008
2023-04-08T03:00,12.8,68,7.1,865.8,3.7,169,Bhaisipati,27.6515,85.3008
2023-04-08T04:00,12.9,66,6.8,866.0,3.7,169,Bhaisipati,27.6515,85.3008
2023-04-08T05:00,12.9,71,7.8,867.2,3.3,167,Bhaisipati,27.6515,85.3008
2023-04-08T06:00,14.7,67,8.6,868.8,5.2,168,Bhaisipati,27.6515,85.3008
2023-04-08T07:00,18.7,65,12.0,871.2,4.7,157,Bhaisipati,27.6515,85.3008
2023-04-08T08:00,20.9,49,9.8,872.2,2.2,90,Bhaisipati,27.6515,85.3008
2023-04-08T09:00,22.2,45,9.5,872.8,1.8,360,Bhaisipati,27.6515,85.3008
2023-04-08T10:00,23.4,40,9.0,872.8,4.9,324,Bhaisipati,27.6515,85.3008
2023-04-08T11:00,24.5,35,7.9,872.7,5.9,308,Bhaisipati,27.6515,85.3008
2023-04-08T12:00,24.6,33,7.4,871.9,7.4,313,Bhaisipati,27.6515,85.3008
2023-04-08T13:00,24.8,31,6.6,871.3,9.0,307,Bhaisipati,27.6515,85.3008
2023-04-08T14:00,24.6,30,6.0,870.5,9.4,310,Bhaisipati,27.6515,85.3008
2023-04-08T15:00,24.2,32,6.5,870.0,8.3,304,Bhaisipati,27.6515,85.3008
2023-04-08T16:00,23.5,36,7.6,869.6,6.9,298,Bhaisipati,27.6515,85.3008
2023-04-08T17:00,21.3,63,13.9,869.4,4.0,243,Bhaisipati,27.6515,85.3008
2023-04-08T18:00,19.0,63,11.8,869.1,4.4,215,Bhaisipati,27.6515,85.3008
2023-04-08T19:00,17.7,68,11.8,869.5,3.0,194,Bhaisipati,27.6515,85.3008
2023-04-08T20:00,16.9,69,11.2,869.7,0.7,180,Bhaisipati,27.6515,85.3008
2023-04-08T21:00,16.4,66,10.0,869.9,2.5,188,Bhaisipati,27.6515,85.3008
2023-04-08T22:00,15.6,67,9.5,869.5,2.9,180,Bhaisipati,27.6515,85.3008
2023-04-08T23:00,14.9,68,9.0,869.4,3.2,180,Bhaisipati,27.6515,85.3008
2023-04-09T00:00,14.7,66,8.3,869.0,2.2,180,Bhaisipati,27.6515,85.3008
2023-04-09T01:00,14.7,63,7.7,868.6,2.5,172,Bhaisipati,27.6515,85.3008
2023-04-09T02:00,14.5,62,7.3,868.0,2.5,172,Bhaisipati,27.6515,85.3008
2023-04-09T03:00,14.3,62,7.1,867.3,2.5,172,Bhaisipati,27.6515,85.3008
2023-04-09T04:00,14.0,63,7.1,867.1,2.5,172,Bhaisipati,27.6515,85.3008
2023-04-09T05:00,13.1,70,7.8,867.7,5.9,166,Bhaisipati,27.6515,85.3008
2023-04-09T06:00,16.2,60,8.4,869.4,2.2,171,Bhaisipati,27.6515,85.3008
2023-04-09T07:00,19.6,50,8.9,871.8,1.8,180,Bhaisipati,27.6515,85.3008
2023-04-09T08:00,21.3,44,8.6,872.7,4.1,322,Bhaisipati,27.6515,85.3008
2023-04-09T09:00,22.6,39,8.0,872.8,6.1,320,Bhaisipati,27.6515,85.3008
2023-04-09T10:00,23.8,34,6.9,872.7,6.5,304,Bhaisipati,27.6515,85.3008
2023-04-09T11:00,24.9,30,6.1,872.2,5.3,298,Bhaisipati,27.6515,85.3008
2023-04-09T12:00,25.7,28,5.6,871.5,9.2,312,Bhaisipati,27.6515,85.3008
2023-04-09T13:00,25.4,26,4.8,870.8,12.6,307,Bhaisipati,27.6515,85.3008
2023-04-09T14:00,24.4,28,4.5,870.3,12.8,308,Bhaisipati,27.6515,85.3008
2023-04-09T15:00,23.7,31,5.5,869.6,10.4,304,Bhaisipati,27.6515,85.3008
2023-04-09T16:00,23.2,33,6.0,868.9,6.6,292,Bhaisipati,27.6515,85.3008
2023-04-09T17:00,21.5,59,13.1,868.3,4.9,306,Bhaisipati,27.6515,85.3008
2023-04-09T18:00,20.8,44,8.1,868.2,6.4,286,Bhaisipati,27.6515,85.3008
2023-04-09T19:00,21.5,32,4.2,869.0,4.0,243,Bhaisipati,27.6515,85.3008
2023-04-09T20:00,17.9,57,9.3,868.1,3.2,207,Bhaisipati,27.6515,85.3008
2023-04-09T21:00,17.3,53,7.6,868.4,3.9,202,Bhaisipati,27.6515,85.3008
2023-04-09T22:00,16.4,52,6.6,867.9,3.6,186,Bhaisipati,27.6515,85.3008
2023-04-09T23:00,15.4,54,6.2,867.3,3.2,180,Bhaisipati,27.6515,85.3008
2023-04-10T00:00,14.8,56,6.1,866.8,2.9,180,Bhaisipati,27.6515,85.3008
2023-04-10T01:00,14.5,56,5.8,866.0,2.5,180,Bhaisipati,27.6515,85.3008
2023-04-10T02:00,14.1,57,5.8,865.1,2.5,172,Bhaisipati,27.6515,85.3008
2023-04-10T03:00,13.9,58,5.8,864.7,2.9,173,Bhaisipati,27.6515,85.3008
2023-04-10T04:00,13.8,57,5.5,864.6,3.3,167,Bhaisipati,27.6515,85.3008
2023-04-10T05:00,12.5,65,6.0,864.7,5.9,166,Bhaisipati,27.6515,85.3008
2023-04-10T06:00,15.3,54,6.0,866.5,3.7,169,Bhaisipati,27.6515,85.3008
2023-04-10T07:00,18.7,60,10.8,868.8,4.7,157,Bhaisipati,27.6515,85.3008
2023-04-10T08:00,21.5,38,6.7,870.3,1.3,56,Bhaisipati,27.6515,85.3008
2023-04-10T09:00,22.9,35,6.6,870.6,3.3,354,Bhaisipati,27.6515,85.3008
2023-04-10T10:00,24.2,32,6.2,870.5,4.2,340,Bhaisipati,27.6515,85.3008
2023-04-10T11:00,25.3,28,5.3,870.2,4.8,312,Bhaisipati,27.6515,85.3008
2023-04-10T12:00,25.9,26,4.7,869.5,7.7,298,Bhaisipati,27.6515,85.3008
2023-04-10T13:00,25.6,27,5.2,868.8,10.7,303,Bhaisipati,27.6515,85.3008
2023-04-10T14:00,25.2,27,4.9,868.1,11.2,318,Bhaisipati,27.6515,85.3008
2023-04-10T15:00,24.7,28,4.8,867.5,10.5,322,Bhaisipati,27.6515,85.3008
2023-04-10T16:00,23.9,30,5.4,866.9,8.2,319,Bhaisipati,27.6515,85.3008
2023-04-10T17:00,22.2,49,11.0,866.3,5.4,318,Bhaisipati,27.6515,85.3008
2023-04-10T18:00,19.9,48,8.7,866.2,6.6,261,Bhaisipati,27.6515,85.3008
2023-04-10T19:00,18.4,54,9.0,866.4,5.2,205,Bhaisipati,27.6515,85.3008
2023-04-10T20:00,17.4,51,7.2,866.6,2.5,180,Bhaisipati,27.6515,85.3008
2023-04-10T21:00,16.6,54,7.2,866.5,1.4,180,Bhaisipati,27.6515,85.3008
2023-04-10T22:00,16.4,54,7.2,866.3,2.5,188,Bhaisipati,27.6515,85.3008
2023-04-10T23:00,16.2,53,6.6,866.0,3.3,186,Bhaisipati,27.6515,85.3008
2023-04-11T00:00,15.6,56,6.8,865.5,3.3,174,Bhaisipati,27.6515,85.3008
2023-04-11T01:00,15.4,56,6.5,864.8,3.3,174,Bhaisipati,27.6515,85.3008
2023-04-11T02:00,15.0,56,6.4,864.1,3.3,167,Bhaisipati,27.6515,85.3008
2023-04-11T03:00,14.9,56,6.1,863.7,3.4,162,Bhaisipati,27.6515,85.3008
2023-04-11T04:00,14.8,55,5.8,864.0,3.8,163,Bhaisipati,27.6515,85.3008
2023-04-11T05:00,13.5,66,7.3,863.9,7.4,166,Bhaisipati,27.6515,85.3008
2023-04-11T06:00,16.4,56,7.5,865.9,3.8,163,Bhaisipati,27.6515,85.3008
2023-04-11T07:00,19.7,60,11.7,868.0,4.3,156,Bhaisipati,27.6515,85.3008
2023-04-11T08:00,22.4,39,7.8,869.7,1.3,34,Bhaisipati,27.6515,85.3008
2023-04-11T09:00,23.9,36,7.7,870.2,3.2,360,Bhaisipati,27.6515,85.3008
2023-04-11T10:00,25.2,32,7.5,870.4,4.7,337,Bhaisipati,27.6515,85.3008
2023-04-11T11:00,26.0,28,6.2,870.2,3.9,326,Bhaisipati,27.6515,85.3008
2023-04-11T12:00,26.4,26,5.2,869.5,5.3,298,Bhaisipati,27.6515,85.3008
2023-04-11T13:00,26.6,26,5.3,868.8,7.7,298,Bhaisipati,27.6515,85.3008
2023-04-11T14:00,26.5,26,5.6,868.0,8.1,283,Bhaisipati,27.6515,85.3008
2023-04-11T15:00,26.0,28,5.8,867.5,8.3,268,Bhaisipati,27.6515,85.3008
2023-04-11T16:00,24.6,31,6.5,867.2,8.7,265,Bhaisipati,27.6515,85.3008
2023-04-11T17:00,22.7,45,10.0,867.2,4.4,235,Bhaisipati,27.6515,85.3008
2023-04-11T18:00,19.7,63,12.3,866.5,6.0,213,Bhaisipati,27.6515,85.3008
2023-04-11T19:00,18.4,62,11.0,866.7,2.2,171,Bhaisipati,27.6515,85.3008
2023-04-11T20:00,17.3,59,9.2,866.7,2.5,180,Bhaisipati,27.6515,85.3008
2023-04-11T21:00,16.2,62,8.8,866.7,3.6,180,Bhaisipati,27.6515,85.3008
2023-04-11T22:00,15.2,64,8.5,866.1,4.0,175,Bhaisipati,27.6515,85.3008
2023-04-11T23:00,14.5,65,7.9,865.7,3.7,169,Bhaisipati,27.6515,85.3008
2023-04-12T00:00,14.7,61,7.3,865.3,3.0,166,Bhaisipati,27.6515,85.3008
2023-04-12T01:00,14.9,60,7.2,864.8,3.3,167,Bhaisipati,27.6515,85.3008
2023-04-12T02:00,14.8,59,6.8,864.4,3.7,169,Bhaisipati,27.6515,85.3008
2023-04-12T03:00,14.7,59,6.6,864.2,4.4,171,Bhaisipati,27.6515,85.3008
2023-04-12T04:00,14.3,59,6.3,864.1,4.7,171,Bhaisipati,27.6515,85.3008
2023-04-12T05:00,13.8,64,7.2,864.8,5.9,169,Bhaisipati,27.6515,85.3008
2023-04-12T06:00,15.2,65,8.6,865.8,6.6,167,Bhaisipati,27.6515,85.3008
2023-04-12T07:00,19.8,63,12.5,868.7,4.7,157,Bhaisipati,27.6515,85.3008
2023-04-12T08:00,22.6,42,9.1,870.1,1.3,56,Bhaisipati,27.6515,85.3008
2023-04-12T09:00,23.9,39,9.2,870.6,2.9,353,Bhaisipati,27.6515,85.3008
2023-04-12T10:00,25.3,35,8.7,870.5,6.0,327,Bhaisipati,27.6515,85.3008
2023-04-12T11:00,26.3,32,8.1,870.1,8.1,328,Bhaisipati,27.6515,85.3008
2023-04-12T12:00,27.1,28,7.2,869.4,9.6,326,Bhaisipati,27.6515,85.3008
2023-04-12T13:00,27.5,25,5.8,868.5,8.9,320,Bhaisipati,27.6515,85.3008
2023-04-12T14:00,27.5,25,5.5,867.6,8.3,304,Bhaisipati,27.6515,85.3008
2023-04-12T15:00,26.9,27,6.2,867.0,7.3,290,Bhaisipati,27.6515,85.3008
2023-04-12T16:00,25.6,31,7.3,866.6,7.9,294,Bhaisipati,27.6515,85.3008
2023-04-12T17:00,24.1,43,10.6,866.2,4.3,246,Bhaisipati,27.6515,85.3008
2023-04-12T18:00,20.9,61,13.2,865.8,5.4,217,Bhaisipati,27.6515,85.3008
2023-04-12T19:00,19.6,64,12.6,866.0,2.9,187,Bhaisipati,27.6515,85.3008
2023-04-12T20:00,18.6,64,11.8,866.3,1.5,194,Bhaisipati,27.6515,85.3008
2023-04-12T21:00,18.2,63,11.0,866.5,2.2,180,Bhaisipati,27.6515,85.3008
2023-04-12T22:00,17.8,61,10.2,866.2,2.9,173,Bhaisipati,27.6515,85.3008
2023-04-12T23:00,16.9,62,9.7,865.6,4.3,175,Bhaisipati,27.6515,85.3008
2023-04-13T00:00,16.2,64,9.4,864.5,5.1,172,Bhaisipati,27.6515,85.3008
2023-04-13T01:00,15.7,65,9.2,863.8,5.1,172,Bhaisipati,27.6515,85.3008
2023-04-13T02:00,15.4,66,9.0,863.3,4.8,167,Bhaisipati,27.6515,85.3008
2023-04-13T03:00,15.3,65,8.8,863.1,5.5,169,Bhaisipati,27.6515,85.3008
2023-04-13T04:00,15.1,65,8.6,862.9,5.5,169,Bhaisipati,27.6515,85.3008
2023-04-13T05:00,15.0,67,8.9,863.6,5.2,168,Bhaisipati,27.6515,85.3008
2023-04-13T06:00,16.6,64,9.8,864.9,5.1,172,Bhaisipati,27.6515,85.3008
2023-04-13T07:00,21.0,63,13.6,867.3,3.1,159,Bhaisipati,27.6515,85.3008
2023-04-13T08:00,23.6,42,9.9,868.6,2.9,353,Bhaisipati,27.6515,85.3008
2023-04-13T09:00,25.1,40,10.5,868.9,4.8,333,Bhaisipati,27.6515,85.3008
2023-04-13T10:00,26.4,35,9.5,868.9,8.2,319,Bhaisipati,27.6515,85.3008
2023-04-13T11:00,27.4,30,8.4,868.7,10.0,311,Bhaisipati,27.6515,85.3008
2023-04-13T12:00,28.0,27,7.2,868.2,9.8,298,Bhaisipati,27.6515,85.3008
2023-04-13T13:00,27.6,28,7.6,867.5,10.9,278,Bhaisipati,27.6515,85.3008
2023-04-13T14:00,26.7,32,8.8,866.9,10.2,262,Bhaisipati,27.6515,85.3008
2023-04-13T15:00,26.2,34,9.0,866.4,9.3,257,Bhaisipati,27.6515,85.3008
2023-04-13T16:00,25.5,35,9.1,866.2,9.2,259,Bhaisipati,27.6515,85.3008
2023-04-13T17:00,24.2,43,10.8,866.1,6.7,234,Bhaisipati,27.6515,85.3008
2023-04-13T18:00,21.4,61,13.4,865.8,3.8,197,Bhaisipati,27.6515,85.3008
2023-04-13T19:00,20.3,58,11.7,865.8,2.5,180,Bhaisipati,27.6515,85.3008
2023-04-13T20:00,19.6,58,11.2,866.2,2.2,171,Bhaisipati,27.6515,85.3008
2023-04-13T21:00,18.7,58,10.3,865.8,2.9,180,Bhaisipati,27.6515,85.3008
2023-04-13T22:00,17.7,59,9.7,865.5,3.2,180,Bhaisipati,27.6515,85.3008
2023-04-13T23:00,16.9,59,8.8,865.0,3.3,174,Bhaisipati,27.6515,85.3008
2023-04-14T00:00,16.7,58,8.3,864.5,3.3,174,Bhaisipati,27.6515,85.3008
2023-04-14T01:00,16.5,56,7.6,864.0,3.6,174,Bhaisipati,27.6515,85.3008
2023-04-14T02:00,16.5,54,7.1,863.8,4.3,175,Bhaisipati,27.6515,85.3008
2023-04-14T03:00,16.2,54,6.9,863.5,4.4,171,Bhaisipati,27.6515,85.3008
2023-04-14T04:00,16.0,55,6.9,863.7,4.0,170,Bhaisipati,27.6515,85.3008
2023-04-14T05:00,15.9,63,8.8,864.6,3.7,169,Bhaisipati,27.6515,85.3008
2023-04-14T06:00,17.7,60,9.8,866.3,4.8,167,Bhaisipati,27.6515,85.3008
2023-04-14T07:00,21.6,61,13.8,868.6,3.9,146,Bhaisipati,27.6515,85.3008
2023-04-14T08:00,24.4,42,10.5,870.0,2.2,9,Bhaisipati,27.6515,85.3008
2023-04-14T09:00,25.8,37,10.2,870.3,5.5,337,Bhaisipati,27.6515,85.3008
2023-04-14T10:00,27.2,30,8.1,870.1,7.9,313,Bhaisipati,27.6515,85.3008
2023-04-14T11:00,28.2,26,7.1,869.8,9.7,301,Bhaisipati,27.6515,85.3008
2023-04-14T12:00,28.6,25,6.6,869.2,9.9,289,Bhaisipati,27.6515,85.3008
2023-04-14T13:00,28.4,27,7.3,868.6,9.7,268,Bhaisipati,27.6515,85.3008
2023-04-14T14:00,27.7,30,8.5,867.8,9.0,265,Bhaisipati,27.6515,85.3008
2023-04-14T15:00,27.4,30,8.4,867.1,8.8,261,Bhaisipati,27.6515,85.3008
2023-04-14T16:00,26.6,33,9.0,866.6,7.6,262,Bhaisipati,27.6515,85.3008
2023-04-14T17:00,25.4,39,10.5,866.4,5.2,258,Bhaisipati,27.6515,85.3008
2023-04-14T18:00,22.3,64,15.1,865.8,5.9,232,Bhaisipati,27.6515,85.3008
2023-04-14T19:00,21.9,59,13.4,866.5,4.1,218,Bhaisipati,27.6515,85.3008
2023-04-14T20:00,22.0,49,10.7,867.5,1.4,180,Bhaisipati,27.6515,85.3008
2023-04-14T21:00,19.7,67,13.3,867.1,1.8,180,Bhaisipati,27.6515,85.3008
2023-04-14T22:00,18.9,67,12.8,866.8,3.3,174,Bhaisipati,27.6515,85.3008
2023-04-14T23:00,17.9,72,12.7,866.0,3.3,167,Bhaisipati,27.6515,85.3008
2023-04-15T00:00,17.3,73,12.5,865.2,4.7,171,Bhaisipati,27.6515,85.3008
2023-04-15T01:00,16.7,74,12.0,864.9,5.5,169,Bhaisipati,27.6515,85.3008
2023-04-15T02:00,16.7,72,11.7,864.8,5.4,172,Bhaisipati,27.6515,85.3008
2023-04-15T03:00,16.6,70,11.1,864.8,4.8,167,Bhaisipati,27.6515,85.3008
2023-04-15T04:00,16.6,68,10.6,865.1,5.6,165,Bhaisipati,27.6515,85.3008
2023-04-15T05:00,16.5,74,11.9,866.0,6.6,171,Bhaisipati,27.6515,85.3008
2023-04-15T06:00,17.6,73,12.6,867.2,7.0,168,Bhaisipati,27.6515,85.3008
2023-04-15T07:00,21.8,62,14.2,869.5,4.5,151,Bhaisipati,27.6515,85.3008
2023-04-15T08:00,24.3,49,13.0,870.7,3.0,104,Bhaisipati,27.6515,85.3008
2023-04-15T09:00,26.0,40,11.3,871.3,1.6,63,Bhaisipati,27.6515,85.3008
2023-04-15T10:00,27.1,35,10.3,871.1,4.3,312,Bhaisipati,27.6515,85.3008
2023-04-15T11:00,28.2,31,9.6,870.7,7.9,309,Bhaisipati,27.6515,85.3008
2023-04-15T12:00,28.7,28,8.6,869.9,9.8,306,Bhaisipati,27.6515,85.3008
2023-04-15T13:00,28.7,29,8.7,869.2,10.7,303,Bhaisipati,27.6515,85.3008
2023-04-15T14:00,28.1,31,9.4,868.6,9.1,288,Bhaisipati,27.6515,85.3008
2023-04-15T15:00,27.8,33,9.8,868.0,7.8,292,Bhaisipati,27.6515,85.3008
2023-04-15T16:00,26.8,36,10.6,867.5,8.0,306,Bhaisipati,27.6515,85.3008
2023-04-15T17:00,25.3,41,11.0,867.1,7.9,321,Bhaisipati,27.6515,85.3008
2023-04-15T18:00,22.6,65,15.8,866.6,6.1,310,Bhaisipati,27.6515,85.3008
2023-04-15T19:00,23.4,44,10.3,867.7,2.8,220,Bhaisipati,27.6515,85.3008
2023-04-15T20:00,21.2,69,15.2,867.4,1.1,180,Bhaisipati,27.6515,85.3008
2023-04-15T21:00,20.7,67,14.3,867.3,0.7,180,Bhaisipati,27.6515,85.3008
2023-04-15T22:00,20.2,65,13.4,867.1,1.4,180,Bhaisipati,27.6515,85.3008
2023-04-15T23:00,19.4,66,12.8,866.7,2.2,180,Bhaisipati,27.6515,85.3008
2023-04-16T00:00,18.9,67,12.7,866.2,1.8,180,Bhaisipati,27.6515,85.3008
2023-04-16T01:00,18.8,67,12.5,865.8,1.8,180,Bhaisipati,27.6515,85.3008
2023-04-16T02:00,18.4,67,12.3,865.2,2.2,180,Bhaisipati,27.6515,85.3008
2023-04-16T03:00,18.2,68,12.0,864.6,2.9,180,Bhaisipati,27.6515,85.3008
2023-04-16T04:00,17.8,69,11.9,864.5,2.5,180,Bhaisipati,27.6515,85.3008
2023-04-16T05:00,16.9,75,12.5,864.6,3.6,174,Bhaisipati,27.6515,85.3008
2023-04-16T06:00,19.5,64,12.6,866.0,4.0,170,Bhaisipati,27.6515,85.3008
2023-04-16T07:00,23.0,52,12.8,867.9,3.1,159,Bhaisipati,27.6515,85.3008
2023-04-16T08:00,24.7,44,11.5,868.7,1.4,360,Bhaisipati,27.6515,85.3008
2023-04-16T09:00,26.7,35,9.8,869.4,4.3,312,Bhaisipati,27.6515,85.3008
2023-04-16T10:00,28.1,29,8.4,869.3,6.1,310,Bhaisipati,27.6515,85.3008
2023-04-16T11:00,29.1,27,7.9,868.8,7.9,317,Bhaisipati,27.6515,85.3008
2023-04-16T12:00,29.5,25,7.2,867.9,9.4,310,Bhaisipati,27.6515,85.3008
2023-04-16T13:00,29.7,24,7.1,866.9,10.9,304,Bhaisipati,27.6515,85.3008
2023-04-16T14:00,28.7,25,6.8,866.0,10.9,304,Bhaisipati,27.6515,85.3008
2023-04-16T15:00,28.0,23,4.6,865.5,11.4,288,Bhaisipati,27.6515,85.3008
2023-04-16T16:00,27.0,20,2.1,865.3,10.8,272,Bhaisipati,27.6515,85.3008
2023-04-16T17:00,25.3,24,3.3,865.2,7.0,249,Bhaisipati,27.6515,85.3008
2023-04-16T18:00,22.1,46,10.1,864.1,5.6,207,Bhaisipati,27.6515,85.3008
2023-04-16T19:00,20.9,44,8.1,864.3,2.5,172,Bhaisipati,27.6515,85.3008
2023-04-16T20:00,20.4,39,6.0,864.6,2.2,171,Bhaisipati,27.6515,85.3008
2023-04-16T21:00,19.5,40,5.7,864.8,2.9,173,Bhaisipati,27.6515,85.3008
2023-04-16T22:00,18.7,41,5.4,864.7,4.5,166,Bhaisipati,27.6515,85.3008
2023-04-16T23:00,17.7,43,5.1,864.4,4.7,171,Bhaisipati,27.6515,85.3008
2023-04-17T00:00,16.9,46,5.1,863.6,5.5,169,Bhaisipati,27.6515,85.3008
2023-04-17T01:00,16.5,48,5.3,862.8,4.0,175,Bhaisipati,27.6515,85.3008
2023-04-17T02:00,16.5,48,5.5,862.4,4.4,171,Bhaisipati,27.6515,85.3008
2023-04-17T03:00,16.5,48,5.6,862.3,4.8,167,Bhaisipati,27.6515,85.3008
2023-04-17T04:00,16.6,48,5.6,862.3,4.4,171,Bhaisipati,27.6515,85.3008
2023-04-17T05:00,16.9,55,7.8,862.8,4.1,165,Bhaisipati,27.6515,85.3008
2023-04-17T06:00,18.9,51,8.6,864.4,5.2,164,Bhaisipati,27.6515,85.3008
2023-04-17T07:00,23.4,45,10.8,866.9,4.4,145,Bhaisipati,27.6515,85.3008
2023-04-17T08:00,25.9,32,7.8,868.1,1.8,79,Bhaisipati,27.6515,85.3008
2023-04-17T09:00,27.6,26,6.3,868.8,3.4,342,Bhaisipati,27.6515,85.3008
2023-04-17T10:00,28.9,23,5.5,868.9,7.9,321,Bhaisipati,27.6515,85.3008
2023-04-17T11:00,29.7,21,5.0,868.6,10.4,316,Bhaisipati,27.6515,85.3008
2023-04-17T12:00,30.3,20,4.6,868.1,11.5,311,Bhaisipati,27.6515,85.3008
2023-04-17T13:00,30.3,20,4.5,867.5,10.5,308,Bhaisipati,27.6515,85.3008
2023-04-17T14:00,30.4,20,4.8,866.6,10.5,308,Bhaisipati,27.6515,85.3008
2023-04-17T15:00,29.5,20,4.1,866.2,10.5,292,Bhaisipati,27.6515,85.3008
2023-04-17T16:00,28.4,22,4.5,866.0,9.8,278,Bhaisipati,27.6515,85.3008
2023-04-17T17:00,26.5,29,6.9,866.5,6.4,243,Bhaisipati,27.6515,85.3008
2023-04-17T18:00,23.6,50,12.6,866.2,6.4,227,Bhaisipati,27.6515,85.3008
2023-04-17T19:00,24.9,32,7.1,867.6,3.9,202,Bhaisipati,27.6515,85.3008
2023-04-17T20:00,21.6,50,10.8,867.0,2.2,180,Bhaisipati,27.6515,85.3008
2023-04-17T21:00,20.9,48,9.5,867.0,2.2,171,Bhaisipati,27.6515,85.3008
2023-04-17T22:00,20.7,46,8.6,866.7,3.3,174,Bhaisipati,27.6515,85.3008
2023-04-17T23:00,20.1,46,8.1,866.6,4.0,170,Bhaisipati,27.6515,85.3008
2023-04-18T00:00,19.3,47,7.8,865.6,3.6,174,Bhaisipati,27.6515,85.3008
2023-04-18T01:00,18.8,48,7.5,864.8,4.0,170,Bhaisipati,27.6515,85.3008
2023-04-18T02:00,18.3,48,7.1,864.3,4.7,171,Bhaisipati,27.6515,85.3008
2023-04-18T03:00,17.9,48,6.8,864.0,5.5,169,Bhaisipati,27.6515,85.3008
2023-04-18T04:00,17.4,49,6.6,863.9,5.5,169,Bhaisipati,27.6515,85.3008
2023-04-18T05:00,17.7,52,7.8,864.7,5.6,165,Bhaisipati,27.6515,85.3008
2023-04-18T06:00,19.4,52,9.2,866.1,5.9,166,Bhaisipati,27.6515,85.3008
2023-04-18T07:00,24.1,48,12.3,869.0,4.2,149,Bhaisipati,27.6515,85.3008
2023-04-18T08:00,27.0,31,8.5,870.4,1.9,68,Bhaisipati,27.6515,85.3008
2023-04-18T09:00,28.5,26,7.4,871.3,4.5,299,Bhaisipati,27.6515,85.3008
2023-04-18T10:00,29.2,24,6.6,871.0,10.0,300,Bhaisipati,27.6515,85.3008
2023-04-18T11:00,30.0,22,6.3,870.8,11.8,310,Bhaisipati,27.6515,85.3008
2023-04-18T12:00,30.5,21,5.7,870.2,11.2,315,Bhaisipati,27.6515,85.3008
2023-04-18T13:00,31.0,20,5.1,869.1,11.2,312,Bhaisipati,27.6515,85.3008
2023-04-18T14:00,31.0,18,4.1,868.1,12.7,305,Bhaisipati,27.6515,85.3008
2023-04-18T15:00,29.8,18,3.3,867.6,12.2,304,Bhaisipati,27.6515,85.3008
2023-04-18T16:00,29.1,20,3.6,867.2,10.2,302,Bhaisipati,27.6515,85.3008
2023-04-18T17:00,27.3,27,6.6,866.6,5.3,298,Bhaisipati,27.6515,85.3008
2023-04-18T18:00,27.1,23,4.5,867.3,5.1,262,Bhaisipati,27.6515,85.3008
2023-04-18T19:00,23.4,41,9.4,866.0,2.5,188,Bhaisipati,27.6515,85.3008
2023-04-18T20:00,22.4,36,6.6,866.2,4.3,175,Bhaisipati,27.6515,85.3008
2023-04-18T21:00,20.8,39,6.4,865.5,5.1,176,Bhaisipati,27.6515,85.3008
2023-04-18T22:00,19.6,42,6.2,865.0,5.1,176,Bhaisipati,27.6515,85.3008
2023-04-18T23:00,19.0,42,5.9,864.7,4.7,176,Bhaisipati,27.6515,85.3008
2023-04-19T00:00,18.8,42,5.5,864.2,4.4,171,Bhaisipati,27.6515,85.3008
2023-04-19T01:00,19.1,41,5.4,863.8,3.3,174,Bhaisipati,27.6515,85.3008
2023-04-19T02:00,19.2,41,5.8,863.2,2.9,173,Bhaisipati,27.6515,85.3008
2023-04-19T03:00,19.2,42,5.9,862.8,4.0,170,Bhaisipati,27.6515,85.3008
2023-04-19T04:00,19.1,41,5.7,862.8,4.8,167,Bhaisipati,27.6515,85.3008
2023-04-19T05:00,18.2,52,8.0,862.5,4.7,171,Bhaisipati,27.6515,85.3008
2023-04-19T06:00,20.4,45,8.1,863.6,4.7,171,Bhaisipati,27.6515,85.3008
2023-04-19T07:00,24.4,41,10.4,865.8,4.7,171,Bhaisipati,27.6515,85.3008
2023-04-19T08:00,27.0,28,7.1,866.9,1.5,315,Bhaisipati,27.6515,85.3008
2023-04-19T09:00,28.5,23,5.4,867.2,5.0,300,Bhaisipati,27.6515,85.3008
2023-04-19T10:00,29.6,21,5.2,867.1,7.1,300,Bhaisipati,27.6515,85.3008
2023-04-19T11:00,30.5,21,5.4,866.7,8.9,302,Bhaisipati,27.6515,85.3008
2023-04-19T12:00,30.8,19,4.8,865.7,9.3,306,Bhaisipati,27.6515,85.3008
2023-04-19T13:00,30.8,18,3.8,864.5,10.5,297,Bhaisipati,27.6515,85.3008
2023-04-19T14:00,30.7,18,3.6,863.7,10.7,284,Bhaisipati,27.6515,85.3008
2023-04-19T15:00,29.7,20,4.4,863.3,10.9,287,Bhaisipati,27.6515,85.3008
2023-04-19T16:00,28.7,21,4.0,863.0,10.6,294,Bhaisipati,27.6515,85.3008
2023-04-19T17:00,27.2,26,6.3,863.1,6.6,279,Bhaisipati,27.6515,85.3008
2023-04-19T18:00,26.1,27,5.5,862.9,4.0,10,Bhaisipati,27.6515,85.3008
2023-04-19T19:00,22.8,46,10.4,862.0,2.7,157,Bhaisipati,27.6515,85.3008
2023-04-19T20:00,21.9,40,7.6,861.9,5.1,172,Bhaisipati,27.6515,85.3008
2023-04-19T21:00,19.7,46,7.6,861.2,5.4,172,Bhaisipati,27.6515,85.3008
2023-04-19T22:00,18.2,50,7.5,860.7,6.9,174,Bhaisipati,27.6515,85.3008
2023-04-19T23:00,17.5,51,7.3,860.3,5.8,176,Bhaisipati,27.6515,85.3008
2023-04-20T00:00,16.9,51,6.8,859.3,4.0,175,Bhaisipati,27.6515,85.3008
2023-04-20T01:00,16.8,50,6.4,858.7,5.1,172,Bhaisipati,27.6515,85.3008
2023-04-20T02:00,16.9,49,6.0,858.2,5.1,176,Bhaisipati,27.6515,85.3008
2023-04-20T03:00,16.9,48,5.8,858.1,4.0,175,Bhaisipati,27.6515,85.3008
2023-04-20T04:00,16.9,48,5.8,858.4,4.0,170,Bhaisipati,27.6515,85.3008
2023-04-20T05:00,17.1,54,7.7,858.7,4.5,166,Bhaisipati,27.6515,85.3008
2023-04-20T06:00,19.4,50,8.8,860.3,5.9,169,Bhaisipati,27.6515,85.3008
2023-04-20T07:00,24.3,39,9.5,863.1,5.0,150,Bhaisipati,27.6515,85.3008
2023-04-20T08:00,26.6,31,7.9,864.0,3.6,96,Bhaisipati,27.6515,85.3008
2023-04-20T09:00,28.2,26,7.1,864.4,1.8,79,Bhaisipati,27.6515,85.3008
2023-04-20T10:00,29.8,22,5.9,864.4,4.6,252,Bhaisipati,27.6515,85.3008
2023-04-20T11:00,29.9,21,5.3,864.2,10.5,254,Bhaisipati,27.6515,85.3008
2023-04-20T12:00,29.6,20,4.0,863.8,14.5,293,Bhaisipati,27.6515,85.3008
2023-04-20T13:00,28.4,20,3.2,863.3,17.0,291,Bhaisipati,27.6515,85.3008
2023-04-20T14:00,26.1,28,6.1,862.3,10.5,297,Bhaisipati,27.6515,85.3008
2023-04-20T15:00,26.5,27,6.2,861.8,9.5,299,Bhaisipati,27.6515,85.3008
2023-04-20T16:00,24.9,32,6.9,862.0,15.5,301,Bhaisipati,27.6515,85.3008
2023-04-20T17:00,25.3,31,7.1,861.0,5.0,21,Bhaisipati,27.6515,85.3008
2023-04-20T18:00,24.2,33,6.7,861.1,4.0,85,Bhaisipati,27.6515,85.3008
2023-04-20T19:00,21.8,44,9.0,860.8,1.8,180,Bhaisipati,27.6515,85.3008
2023-04-20T20:00,20.9,43,8.0,860.9,4.2,160,Bhaisipati,27.6515,85.3008
2023-04-20T21:00,19.7,47,8.0,860.9,5.9,169,Bhaisipati,27.6515,85.3008
2023-04-20T22:00,18.7,50,8.0,860.8,5.1,172,Bhaisipati,27.6515,85.3008
2023-04-20T23:00,18.1,51,7.9,860.2,4.4,171,Bhaisipati,27.6515,85.3008
2023-04-21T00:00,17.8,52,7.7,859.9,5.1,176,Bhaisipati,27.6515,85.3008
2023-04-21T01:00,17.4,52,7.5,859.5,4.7,171,Bhaisipati,27.6515,85.3008
2023-04-21T02:00,16.9,53,7.3,858.9,4.4,171,Bhaisipati,27.6515,85.3008
2023-04-21T03:00,16.8,53,7.1,858.9,3.3,174,Bhaisipati,27.6515,85.3008
2023-04-21T04:00,16.9,52,6.8,859.2,4.1,165,Bhaisipati,27.6515,85.3008
2023-04-21T05:00,17.4,46,5.8,860.0,4.0,175,Bhaisipati,27.6515,85.3008
2023-04-21T06:00,19.9,38,5.1,862.0,5.0,180,Bhaisipati,27.6515,85.3008
2023-04-21T07:00,23.8,27,3.8,864.3,4.6,198,Bhaisipati,27.6515,85.3008
2023-04-21T08:00,23.6,30,4.8,866.0,13.2,241,Bhaisipati,27.6515,85.3008
2023-04-21T09:00,23.3,33,6.1,866.3,5.3,298,Bhaisipati,27.6515,85.3008
2023-04-21T10:00,24.7,29,5.6,866.5,6.0,335,Bhaisipati,27.6515,85.3008
2023-04-21T11:00,26.1,25,4.4,865.8,4.8,312,Bhaisipati,27.6515,85.3008
2023-04-21T12:00,27.0,24,4.7,865.0,11.7,317,Bhaisipati,27.6515,85.3008
2023-04-21T13:00,24.9,27,4.8,864.0,8.9,310,Bhaisipati,27.6515,85.3008
2023-04-21T14:00,24.9,26,4.3,863.4,13.1,278,Bhaisipati,27.6515,85.3008
2023-04-21T15:00,23.6,31,5.5,862.8,8.4,295,Bhaisipati,27.6515,85.3008
2023-04-21T16:00,22.2,37,6.7,862.5,12.2,315,Bhaisipati,27.6515,85.3008
2023-04-21T17:00,19.3,53,9.6,863.0,11.1,306,Bhaisipati,27.6515,85.3008
2023-04-21T18:00,17.4,66,10.8,862.5,4.1,345,Bhaisipati,27.6515,85.3008
2023-04-21T19:00,16.7,70,11.1,862.1,6.9,174,Bhaisipati,27.6515,85.3008
2023-04-21T20:00,15.3,76,11.0,861.1,8.4,170,Bhaisipati,27.6515,85.3008
2023-04-21T21:00,14.5,77,10.5,860.8,7.8,167,Bhaisipati,27.6515,85.3008
2023-04-21T22:00,13.8,78,9.9,860.3,6.6,171,Bhaisipati,27.6515,85.3008
2023-04-21T23:00,13.5,76,9.3,860.0,5.1,172,Bhaisipati,27.6515,85.3008
2023-04-22T00:00,13.6,72,8.7,859.7,4.3,175,Bhaisipati,27.6515,85.3008
2023-04-22T01:00,13.9,68,8.1,859.4,4.7,171,Bhaisipati,27.6515,85.3008
2023-04-22T02:00,13.6,67,7.6,858.7,4.7,171,Bhaisipati,27.6515,85.3008
2023-04-22T03:00,13.5,66,7.2,858.5,5.2,168,Bhaisipati,27.6515,85.3008
2023-04-22T04:00,13.5,65,7.0,858.6,6.9,171,Bhaisipati,27.6515,85.3008
2023-04-22T05:00,14.0,68,8.1,860.0,4.4,171,Bhaisipati,27.6515,85.3008
2023-04-22T06:00,16.1,63,9.0,861.7,5.4,176,Bhaisipati,27.6515,85.3008
2023-04-22T07:00,20.0,46,8.1,864.0,1.1,162,Bhaisipati,27.6515,85.3008
2023-04-22T08:00,21.7,42,8.1,865.1,3.4,342,Bhaisipati,27.6515,85.3008
2023-04-22T09:00,23.4,35,7.0,865.5,5.4,312,Bhaisipati,27.6515,85.3008
2023-04-22T10:00,24.9,28,5.2,865.5,6.9,298,Bhaisipati,27.6515,85.3008
2023-04-22T11:00,25.6,25,3.9,865.3,7.9,294,Bhaisipati,27.6515,85.3008
2023-04-22T12:00,26.5,21,2.6,864.6,8.4,301,Bhaisipati,27.6515,85.3008
2023-04-22T13:00,26.1,21,2.4,863.7,8.4,290,Bhaisipati,27.6515,85.3008
2023-04-22T14:00,26.1,22,2.7,863.0,8.8,282,Bhaisipati,27.6515,85.3008
2023-04-22T15:00,25.2,24,3.3,862.4,9.8,287,Bhaisipati,27.6515,85.3008
2023-04-22T16:00,24.2,27,3.9,862.0,9.1,288,Bhaisipati,27.6515,85.3008
2023-04-22T17:00,23.4,23,1.0,862.2,9.3,254,Bhaisipati,27.6515,85.3008
2023-04-22T18:00,21.3,28,2.0,862.3,6.6,248,Bhaisipati,27.6515,85.3008
2023-04-22T19:00,19.4,48,8.2,862.5,5.2,245,Bhaisipati,27.6515,85.3008
2023-04-22T20:00,18.3,56,9.3,862.8,5.6,285,Bhaisipati,27.6515,85.3008
2023-04-22T21:00,17.7,54,8.1,863.1,4.7,180,Bhaisipati,27.6515,85.3008
2023-04-22T22:00,17.7,42,4.6,863.1,4.4,171,Bhaisipati,27.6515,85.3008
2023-04-22T23:00,16.8,47,5.3,862.3,2.9,173,Bhaisipati,27.6515,85.3008
2023-04-23T00:00,16.6,48,5.4,862.1,5.2,168,Bhaisipati,27.6515,85.3008
2023-04-23T01:00,16.1,49,5.3,861.7,3.5,156,Bhaisipati,27.6515,85.3008
2023-04-23T02:00,15.7,49,5.0,861.6,2.9,180,Bhaisipati,27.6515,85.3008
2023-04-23T03:00,15.3,51,5.3,861.7,1.8,180,Bhaisipati,27.6515,85.3008
2023-04-23T04:00,14.8,53,5.4,861.8,2.2,171,Bhaisipati,27.6515,85.3008
2023-04-23T05:00,14.4,55,5.5,861.9,4.7,171,Bhaisipati,27.6515,85.3008
2023-04-23T06:00,16.0,55,6.9,863.4,6.5,174,Bhaisipati,27.6515,85.3008
2023-04-23T07:00,20.2,41,6.6,865.7,2.8,140,Bhaisipati,27.6515,85.3008
2023-04-23T08:00,22.1,32,4.7,866.5,1.6,63,Bhaisipati,27.6515,85.3008
2023-04-23T09:00,23.6,27,3.7,867.0,3.7,331,Bhaisipati,27.6515,85.3008
2023-04-23T10:00,24.9,25,3.5,866.9,5.7,288,Bhaisipati,27.6515,85.3008
2023-04-23T11:00,25.2,24,3.4,866.7,6.6,261,Bhaisipati,27.6515,85.3008
2023-04-23T12:00,25.6,24,3.3,866.3,6.5,270,Bhaisipati,27.6515,85.3008
2023-04-23T13:00,24.5,25,3.4,865.4,9.2,244,Bhaisipati,27.6515,85.3008
2023-04-23T14:00,24.9,25,3.7,864.9,7.4,231,Bhaisipati,27.6515,85.3008
2023-04-23T15:00,24.8,24,3.0,864.5,7.2,252,Bhaisipati,27.6515,85.3008
2023-04-23T16:00,24.3,24,2.6,864.3,5.8,263,Bhaisipati,27.6515,85.3008
2023-04-23T17:00,22.4,32,5.0,864.0,8.3,180,Bhaisipati,27.6515,85.3008
2023-04-23T18:00,20.6,41,7.0,864.5,3.7,169,Bhaisipati,27.6515,85.3008
2023-04-23T19:00,17.8,65,11.0,865.2,8.3,182,Bhaisipati,27.6515,85.3008
2023-04-23T20:00,16.5,74,11.8,865.6,4.5,166,Bhaisipati,27.6515,85.3008
2023-04-23T21:00,15.2,81,11.9,866.5,6.4,164,Bhaisipati,27.6515,85.3008
2023-04-23T22:00,14.7,82,11.8,865.5,4.3,156,Bhaisipati,27.6515,85.3008
2023-04-23T23:00,13.5,89,11.8,865.1,4.0,175,Bhaisipati,27.6515,85.3008
2023-04-24T00:00,13.3,93,12.1,864.9,4.7,176,Bhaisipati,27.6515,85.3008
2023-04-24T01:00,12.9,92,11.5,864.7,4.0,175,Bhaisipati,27.6515,85.3008
2023-04-24T02:00,12.9,90,11.3,864.5,3.3,174,Bhaisipati,27.6515,85.3008
2023-04-24T03:00,12.5,89,10.7,864.7,2.2,180,Bhaisipati,27.6515,85.3008
2023-04-24T04:00,12.6,83,9.8,865.0,1.8,169,Bhaisipati,27.6515,85.3008
2023-04-24T05:00,13.1,91,11.5,866.0,3.4,162,Bhaisipati,27.6515,85.3008
2023-04-24T06:00,14.8,83,11.9,867.5,5.2,168,Bhaisipati,27.6515,85.3008
2023-04-24T07:00,16.6,64,9.8,869.2,4.1,128,Bhaisipati,27.6515,85.3008
2023-04-24T08:00,17.7,59,9.7,870.2,5.4,110,Bhaisipati,27.6515,85.3008
2023-04-24T09:00,19.2,54,9.5,870.7,5.1,94,Bhaisipati,27.6515,85.3008
2023-04-24T10:00,19.9,50,9.3,870.6,6.9,118,Bhaisipati,27.6515,85.3008
2023-04-24T11:00,20.4,46,8.3,870.0,4.4,99,Bhaisipati,27.6515,85.3008
2023-04-24T12:00,19.6,49,8.5,869.8,7.8,77,Bhaisipati,27.6515,85.3008
2023-04-24T13:00,21.3,42,7.8,869.0,4.4,125,Bhaisipati,27.6515,85.3008
2023-04-24T14:00,20.9,43,7.7,868.0,3.7,241,Bhaisipati,27.6515,85.3008
2023-04-24T15:00,20.0,48,8.6,867.4,3.1,201,Bhaisipati,27.6515,85.3008
2023-04-24T16:00,20.2,46,8.3,867.2,2.4,297,Bhaisipati,27.6515,85.3008
2023-04-24T17:00,17.1,57,8.4,867.3,5.4,307,Bhaisipati,27.6515,85.3008
2023-04-24T18:00,15.2,74,10.5,867.4,5.9,313,Bhaisipati,27.6515,85.3008
2023-04-24T19:00,14.5,80,11.0,867.6,2.2,180,Bhaisipati,27.6515,85.3008
2023-04-24T20:00,14.2,81,11.0,868.0,2.9,150,Bhaisipati,27.6515,85.3008
2023-04-24T21:00,13.9,81,10.6,868.1,4.7,157,Bhaisipati,27.6515,85.3008
2023-04-24T22:00,13.3,81,10.1,867.3,6.4,164,Bhaisipati,27.6515,85.3008
2023-04-24T23:00,12.7,82,9.7,866.4,7.7,169,Bhaisipati,27.6515,85.3008
2023-04-25T00:00,12.0,82,9.0,865.7,5.8,173,Bhaisipati,27.6515,85.3008
2023-04-25T01:00,12.5,79,8.8,866.3,4.7,176,Bhaisipati,27.6515,85.3008
2023-04-25T02:00,12.3,78,8.6,866.2,3.3,167,Bhaisipati,27.6515,85.3008
2023-04-25T03:00,12.2,77,8.3,866.1,3.0,166,Bhaisipati,27.6515,85.3008
2023-04-25T04:00,12.3,75,8.0,865.9,5.2,164,Bhaisipati,27.6515,85.3008
2023-04-25T05:00,12.7,82,9.7,867.3,6.0,155,Bhaisipati,27.6515,85.3008
2023-04-25T06:00,14.2,74,9.7,868.3,6.2,173,Bhaisipati,27.6515,85.3008
2023-04-25T07:00,17.4,57,8.7,870.1,2.9,120,Bhaisipati,27.6515,85.3008
2023-04-25T08:00,19.0,53,9.1,870.7,2.3,39,Bhaisipati,27.6515,85.3008
2023-04-25T09:00,20.7,49,9.5,871.3,1.5,346,Bhaisipati,27.6515,85.3008
2023-04-25T10:00,22.2,44,9.5,871.3,1.4,360,Bhaisipati,27.6515,85.3008
2023-04-25T11:00,23.1,41,9.0,870.9,2.5,82,Bhaisipati,27.6515,85.3008
2023-04-25T12:00,20.1,48,8.6,869.7,3.3,311,Bhaisipati,27.6515,85.3008
2023-04-25T13:00,15.4,76,11.1,868.4,10.0,244,Bhaisipati,27.6515,85.3008
2023-04-25T14:00,18.3,59,10.2,867.6,5.7,162,Bhaisipati,27.6515,85.3008
2023-04-25T15:00,20.3,50,9.5,867.3,5.8,353,Bhaisipati,27.6515,85.3008
2023-04-25T16:00,19.9,50,9.2,866.8,5.9,349,Bhaisipati,27.6515,85.3008
2023-04-25T17:00,18.7,56,9.8,866.7,2.3,252,Bhaisipati,27.6515,85.3008
2023-04-25T18:00,17.8,66,11.3,865.9,3.3,193,Bhaisipati,27.6515,85.3008
2023-04-25T19:00,16.9,73,12.0,865.9,3.2,180,Bhaisipati,27.6515,85.3008
2023-04-25T20:00,16.1,78,12.3,865.9,2.9,180,Bhaisipati,27.6515,85.3008
2023-04-25T21:00,15.4,81,12.2,865.9,3.6,180,Bhaisipati,27.6515,85.3008
2023-04-25T22:00,14.8,82,11.8,865.7,4.0,175,Bhaisipati,27.6515,85.3008
2023-04-25T23:00,14.1,83,11.2,865.1,4.7,176,Bhaisipati,27.6515,85.3008
2023-04-26T00:00,13.7,82,10.7,864.7,4.0,175,Bhaisipati,27.6515,85.3008
2023-04-26T01:00,13.7,80,10.3,864.6,2.5,172,Bhaisipati,27.6515,85.3008
2023-04-26T02:00,14.1,76,10.0,864.4,2.2,180,Bhaisipati,27.6515,85.3008
2023-04-26T03:00,14.2,75,9.8,864.4,2.5,172,Bhaisipati,27.6515,85.3008
2023-04-26T04:00,14.1,75,9.7,864.4,2.5,172,Bhaisipati,27.6515,85.3008
2023-04-26T05:00,13.1,88,11.1,865.4,2.1,149,Bhaisipati,27.6515,85.3008
2023-04-26T06:00,15.5,79,11.8,866.8,5.4,176,Bhaisipati,27.6515,85.3008
2023-04-26T07:00,18.7,59,10.5,868.2,3.1,201,Bhaisipati,27.6515,85.3008
2023-04-26T08:00,20.2,52,9.9,868.8,5.9,322,Bhaisipati,27.6515,85.3008
2023-04-26T09:00,21.4,47,9.5,869.2,6.7,324,Bhaisipati,27.6515,85.3008
2023-04-26T10:00,22.5,42,9.0,869.3,6.8,302,Bhaisipati,27.6515,85.3008
2023-04-26T11:00,23.1,40,8.8,868.8,6.4,297,Bhaisipati,27.6515,85.3008
2023-04-26T12:00,23.7,39,8.7,868.1,7.0,282,Bhaisipati,27.6515,85.3008
2023-04-26T13:00,23.6,40,9.1,867.4,7.9,270,Bhaisipati,27.6515,85.3008
2023-04-26T14:00,23.4,41,9.3,866.3,7.7,259,Bhaisipati,27.6515,85.3008
2023-04-26T15:00,23.2,41,9.2,865.5,6.6,279,Bhaisipati,27.6515,85.3008
2023-04-26T16:00,22.6,42,9.0,865.0,7.8,304,Bhaisipati,27.6515,85.3008
2023-04-26T17:00,21.4,48,9.9,865.3,6.9,321,Bhaisipati,27.6515,85.3008
2023-04-26T18:00,19.9,65,13.1,865.0,4.1,322,Bhaisipati,27.6515,85.3008
2023-04-26T19:00,19.9,56,10.9,865.3,3.9,248,Bhaisipati,27.6515,85.3008
2023-04-26T20:00,17.9,71,12.7,865.1,2.6,196,Bhaisipati,27.6515,85.3008
2023-04-26T21:00,17.3,66,10.8,865.0,2.5,180,Bhaisipati,27.6515,85.3008
2023-04-26T22:00,16.2,70,10.8,864.9,2.9,173,Bhaisipati,27.6515,85.3008
2023-04-26T23:00,15.6,73,10.8,864.8,3.3,174,Bhaisipati,27.6515,85.3008
2023-04-27T00:00,15.2,75,10.8,864.2,3.6,174,Bhaisipati,27.6515,85.3008
2023-04-27T01:00,14.8,76,10.5,864.0,4.3,175,Bhaisipati,27.6515,85.3008
2023-04-27T02:00,14.7,75,10.3,863.7,2.9,173,Bhaisipati,27.6515,85.3008
2023-04-27T03:00,14.9,72,10.0,863.7,2.9,173,Bhaisipati,27.6515,85.3008
2023-04-27T04:00,14.8,71,9.7,864.1,3.0,166,Bhaisipati,27.6515,85.3008
2023-04-27T05:00,15.0,74,10.3,865.0,3.8,163,Bhaisipati,27.6515,85.3008
2023-04-27T06:00,17.8,63,10.8,866.8,3.8,163,Bhaisipati,27.6515,85.3008
2023-04-27T07:00,19.7,53,10.0,868.4,1.5,166,Bhaisipati,27.6515,85.3008
2023-04-27T08:00,21.0,49,10.0,868.8,1.6,27,Bhaisipati,27.6515,85.3008
2023-04-27T09:00,22.2,43,9.0,869.5,3.5,294,Bhaisipati,27.6515,85.3008
2023-04-27T10:00,23.3,39,8.5,869.5,6.1,320,Bhaisipati,27.6515,85.3008
2023-04-27T11:00,23.5,38,8.6,869.0,5.4,312,Bhaisipati,27.6515,85.3008
2023-04-27T12:00,23.8,39,9.0,868.7,6.2,260,Bhaisipati,27.6515,85.3008
2023-04-27T13:00,23.2,40,8.9,867.8,5.9,256,Bhaisipati,27.6515,85.3008
2023-04-27T14:00,23.1,41,9.0,866.9,4.7,274,Bhaisipati,27.6515,85.3008
2023-04-27T15:00,23.4,40,9.0,866.3,5.7,305,Bhaisipati,27.6515,85.3008
2023-04-27T16:00,23.2,38,8.1,865.7,6.5,326,Bhaisipati,27.6515,85.3008
2023-04-27T17:00,22.4,41,8.5,865.3,6.2,277,Bhaisipati,27.6515,85.3008
2023-04-27T18:00,20.2,56,11.0,864.8,4.6,288,Bhaisipati,27.6515,85.3008
2023-04-27T19:00,19.3,68,13.2,865.2,5.2,286,Bhaisipati,27.6515,85.3008
2023-04-27T20:00,19.6,49,8.6,866.1,3.3,229,Bhaisipati,27.6515,85.3008
2023-04-27T21:00,17.4,67,11.0,865.7,1.8,191,Bhaisipati,27.6515,85.3008
2023-04-27T22:00,16.9,66,10.3,865.9,1.1,162,Bhaisipati,27.6515,85.3008
2023-04-27T23:00,16.4,67,10.3,865.7,1.8,180,Bhaisipati,27.6515,85.3008
2023-04-28T00:00,16.2,66,9.8,865.6,3.6,180,Bhaisipati,27.6515,85.3008
2023-04-28T01:00,15.6,69,9.9,865.0,3.3,174,Bhaisipati,27.6515,85.3008
2023-04-28T02:00,15.2,71,9.9,864.6,2.5,172,Bhaisipati,27.6515,85.3008
2023-04-28T03:00,15.0,72,10.0,864.3,2.9,173,Bhaisipati,27.6515,85.3008
2023-04-28T04:00,14.7,74,10.0,864.5,2.5,172,Bhaisipati,27.6515,85.3008
2023-04-28T05:00,14.2,78,10.5,865.0,5.1,176,Bhaisipati,27.6515,85.3008
2023-04-28T06:00,17.3,66,11.0,867.2,1.1,162,Bhaisipati,27.6515,85.3008
2023-04-28T07:00,19.4,57,10.7,868.8,2.6,344,Bhaisipati,27.6515,85.3008
2023-04-28T08:00,20.9,51,10.4,869.5,5.6,320,Bhaisipati,27.6515,85.3008
2023-04-28T09:00,22.3,45,9.7,869.9,8.7,312,Bhaisipati,27.6515,85.3008
2023-04-28T10:00,23.4,40,8.8,869.7,8.3,304,Bhaisipati,27.6515,85.3008
2023-04-28T11:00,24.6,36,8.4,869.2,8.4,301,Bhaisipati,27.6515,85.3008
2023-04-28T12:00,25.4,34,8.3,868.5,8.2,293,Bhaisipati,27.6515,85.3008
2023-04-28T13:00,25.3,35,8.6,867.5,9.3,283,Bhaisipati,27.6515,85.3008
2023-04-28T14:00,24.7,36,8.4,866.3,8.0,265,Bhaisipati,27.6515,85.3008
2023-04-28T15:00,24.4,35,8.1,865.3,8.0,260,Bhaisipati,27.6515,85.3008
2023-04-28T16:00,23.7,36,7.8,865.0,9.2,281,Bhaisipati,27.6515,85.3008
2023-04-28T17:00,22.0,43,8.8,865.4,8.0,288,Bhaisipati,27.6515,85.3008
2023-04-28T18:00,20.2,55,10.8,865.1,3.9,338,Bhaisipati,27.6515,85.3008
2023-04-28T19:00,19.4,54,10.0,865.3,1.0,135,Bhaisipati,27.6515,85.3008
2023-04-28T20:00,18.1,63,11.0,865.0,3.6,174,Bhaisipati,27.6515,85.3008
2023-04-28T21:00,16.8,70,11.3,865.0,4.3,175,Bhaisipati,27.6515,85.3008
2023-04-28T22:00,15.5,78,11.5,865.1,4.0,170,Bhaisipati,27.6515,85.3008
2023-04-28T23:00,14.8,81,11.5,864.6,5.2,168,Bhaisipati,27.6515,85.3008
2023-04-29T00:00,14.3,82,11.3,864.0,6.6,171,Bhaisipati,27.6515,85.3008
2023-04-29T01:00,14.0,83,11.1,863.2,6.3,167,Bhaisipati,27.6515,85.3008
2023-04-29T02:00,14.0,82,10.9,863.1,4.9,163,Bhaisipati,27.6515,85.3008
2023-04-29T03:00,14.2,79,10.5,863.1,2.6,164,Bhaisipati,27.6515,85.3008
2023-04-29T04:00,14.8,73,10.0,863.7,4.9,163,Bhaisipati,27.6515,85.3008
2023-04-29T05:00,15.2,72,10.1,864.2,4.9,163,Bhaisipati,27.6515,85.3008
2023-04-29T06:00,17.4,66,11.0,865.8,5.9,166,Bhaisipati,27.6515,85.3008
2023-04-29T07:00,20.6,53,10.8,867.6,2.4,117,Bhaisipati,27.6515,85.3008
2023-04-29T08:00,22.1,48,10.5,868.2,2.6,16,Bhaisipati,27.6515,85.3008
2023-04-29T09:00,23.8,39,9.0,868.6,5.6,310,Bhaisipati,27.6515,85.3008
2023-04-29T10:00,24.8,35,8.5,868.6,8.2,293,Bhaisipati,27.6515,85.3008
2023-04-29T11:00,24.7,36,8.7,868.4,8.4,263,Bhaisipati,27.6515,85.3008
2023-04-29T12:00,25.2,35,8.7,867.9,8.3,288,Bhaisipati,27.6515,85.3008
2023-04-29T13:00,22.5,45,9.9,867.5,12.5,224,Bhaisipati,27.6515,85.3008
2023-04-29T14:00,21.9,48,10.4,866.0,4.5,194,Bhaisipati,27.6515,85.3008
2023-04-29T15:00,23.1,42,9.5,865.7,4.7,274,Bhaisipati,27.6515,85.3008
2023-04-29T16:00,22.7,44,9.8,865.2,6.4,313,Bhaisipati,27.6515,85.3008
2023-04-29T17:00,19.8,67,13.4,864.5,4.0,180,Bhaisipati,27.6515,85.3008
2023-04-29T18:00,18.6,77,14.4,864.4,2.5,180,Bhaisipati,27.6515,85.3008
2023-04-29T19:00,17.5,83,14.7,864.4,1.1,180,Bhaisipati,27.6515,85.3008
2023-04-29T20:00,17.1,80,13.7,864.8,0.7,180,Bhaisipati,27.6515,85.3008
2023-04-29T21:00,17.1,76,12.9,865.4,2.9,180,Bhaisipati,27.6515,85.3008
2023-04-29T22:00,17.1,77,13.1,865.3,3.6,174,Bhaisipati,27.6515,85.3008
2023-04-29T23:00,16.1,83,13.1,864.9,3.7,169,Bhaisipati,27.6515,85.3008
2023-04-30T00:00,15.2,86,13.0,863.6,4.7,171,Bhaisipati,27.6515,85.3008
2023-04-30T01:00,15.1,86,12.7,863.0,5.4,172,Bhaisipati,27.6515,85.3008
2023-04-30T02:00,15.3,84,12.5,862.5,6.2,173,Bhaisipati,27.6515,85.3008
2023-04-30T03:00,15.2,82,12.2,862.3,4.3,175,Bhaisipati,27.6515,85.3008
2023-04-30T04:00,15.6,79,12.0,862.7,3.3,167,Bhaisipati,27.6515,85.3008
2023-04-30T05:00,15.1,86,12.7,863.7,4.3,185,Bhaisipati,27.6515,85.3008
2023-04-30T06:00,16.2,87,14.0,864.4,4.0,170,Bhaisipati,27.6515,85.3008
2023-04-30T07:00,18.7,67,12.3,866.2,2.4,117,Bhaisipati,27.6515,85.3008
2023-04-30T08:00,20.3,59,12.1,867.4,0.4,360,Bhaisipati,27.6515,85.3008
2023-04-30T09:00,21.2,54,11.5,867.7,2.6,304,Bhaisipati,27.6515,85.3008
2023-04-30T10:00,21.8,50,10.9,867.6,5.2,286,Bhaisipati,27.6515,85.3008
2023-04-30T11:00,21.4,53,11.5,866.9,6.1,270,Bhaisipati,27.6515,85.3008
2023-04-30T12:00,19.6,65,12.7,866.5,3.7,259,Bhaisipati,27.6515,85.3008
2023-04-30T13:00,19.5,67,13.1,865.6,7.6,315,Bhaisipati,27.6515,85.3008
2023-04-30T14:00,19.1,69,13.2,864.5,4.5,299,Bhaisipati,27.6515,85.3008
2023-04-30T15:00,19.0,67,12.8,863.8,3.5,294,Bhaisipati,27.6515,85.3008
2023-04-30T16:00,19.4,63,12.3,863.8,3.4,288,Bhaisipati,27.6515,85.3008
2023-04-30T17:00,16.3,87,14.1,863.6,1.8,79,Bhaisipati,27.6515,85.3008
2023-04-30T18:00,16.1,92,14.8,863.9,4.0,170,Bhaisipati,27.6515,85.3008
2023-04-30T19:00,15.7,91,14.2,863.9,2.6,164,Bhaisipati,27.6515,85.3008
2023-04-30T20:00,14.9,92,13.6,863.7,4.7,171,Bhaisipati,27.6515,85.3008
2023-04-30T21:00,14.4,93,13.3,863.6,4.4,171,Bhaisipati,27.6515,85.3008
2023-04-30T22:00,14.5,94,13.5,863.6,3.7,169,Bhaisipati,27.6515,85.3008
2023-04-30T23:00,14.6,93,13.5,863.3,4.0,175,Bhaisipati,27.6515,85.3008
2023-05-01T00:00,14.7,93,13.6,863.0,3.6,174,Bhaisipati,27.6515,85.3008
2023-05-01T01:00,14.7,93,13.5,863.1,3.2,180,Bhaisipati,27.6515,85.3008
2023-05-01T02:00,14.3,92,13.1,862.4,3.6,174,Bhaisipati,27.6515,85.3008
2023-05-01T03:00,13.7,92,12.5,861.9,4.3,180,Bhaisipati,27.6515,85.3008
2023-05-01T04:00,14.0,93,12.8,862.9,1.5,194,Bhaisipati,27.6515,85.3008
2023-05-01T05:00,14.0,90,12.4,862.8,5.8,180,Bhaisipati,27.6515,85.3008
2023-05-01T06:00,14.9,86,12.5,863.6,7.2,174,Bhaisipati,27.6515,85.3008
2023-05-01T07:00,16.2,82,13.1,865.9,1.0,315,Bhaisipati,27.6515,85.3008
2023-05-01T08:00,16.0,82,12.8,866.8,2.5,360,Bhaisipati,27.6515,85.3008
2023-05-01T09:00,16.1,84,13.5,867.1,2.2,99,Bhaisipati,27.6515,85.3008
2023-05-01T10:00,16.9,80,13.5,867.2,3.8,73,Bhaisipati,27.6515,85.3008
2023-05-01T11:00,17.8,75,13.3,867.1,5.1,82,Bhaisipati,27.6515,85.3008
2023-05-01T12:00,18.4,72,13.4,866.9,2.3,288,Bhaisipati,27.6515,85.3008
2023-05-01T13:00,16.6,85,14.1,865.7,6.2,100,Bhaisipati,27.6515,85.3008
2023-05-01T14:00,17.4,78,13.5,865.2,3.4,162,Bhaisipati,27.6515,85.3008
2023-05-01T15:00,17.2,79,13.5,864.6,3.1,69,Bhaisipati,27.6515,85.3008
2023-05-01T16:00,17.6,75,13.2,864.6,5.1,86,Bhaisipati,27.6515,85.3008
2023-05-01T17:00,17.9,70,12.3,865.3,2.2,99,Bhaisipati,27.6515,85.3008
2023-05-01T18:00,16.5,79,12.8,864.8,3.7,101,Bhaisipati,27.6515,85.3008
2023-05-01T19:00,14.7,87,12.5,864.8,3.6,143,Bhaisipati,27.6515,85.3008
2023-05-01T20:00,14.9,87,12.7,865.3,3.6,174,Bhaisipati,27.6515,85.3008
2023-05-01T21:00,13.8,93,12.7,865.2,3.3,174,Bhaisipati,27.6515,85.3008
2023-05-01T22:00,13.9,93,12.8,865.7,3.6,174,Bhaisipati,27.6515,85.3008
2023-05-01T23:00,13.8,93,12.7,865.4,2.5,180,Bhaisipati,27.6515,85.3008
2023-05-02T00:00,13.9,93,12.8,864.8,4.3,175,Bhaisipati,27.6515,85.3008
2023-05-02T01:00,14.0,92,12.7,864.3,3.3,186,Bhaisipati,27.6515,85.3008
2023-05-02T02:00,14.2,90,12.6,864.2,2.9,150,Bhaisipati,27.6515,85.3008
2023-05-02T03:00,13.8,93,12.8,864.0,1.8,180,Bhaisipati,27.6515,85.3008
2023-05-02T04:00,13.2,94,12.2,863.5,2.6,164,Bhaisipati,27.6515,85.3008
2023-05-02T05:00,13.2,95,12.3,863.3,4.3,180,Bhaisipati,27.6515,85.3008
2023-05-02T06:00,14.6,94,13.7,864.9,3.2,180,Bhaisipati,27.6515,85.3008
2023-05-02T07:00,16.3,78,12.5,866.9,2.6,304,Bhaisipati,27.6515,85.3008
2023-05-02T08:00,16.4,81,13.0,867.5,3.3,41,Bhaisipati,27.6515,85.3008
2023-05-02T09:00,18.1,73,13.2,868.2,3.3,84,Bhaisipati,27.6515,85.3008
2023-05-02T10:00,19.7,68,13.6,868.2,4.5,76,Bhaisipati,27.6515,85.3008
2023-05-02T11:00,20.5,64,13.5,867.6,4.7,122,Bhaisipati,27.6515,85.3008
2023-05-02T12:00,16.8,84,14.0,866.8,8.0,153,Bhaisipati,27.6515,85.3008
2023-05-02T13:00,17.6,77,13.5,866.4,1.1,18,Bhaisipati,27.6515,85.3008
2023-05-02T14:00,17.6,80,14.1,865.9,4.3,5,Bhaisipati,27.6515,85.3008
2023-05-02T15:00,18.1,75,13.6,865.1,5.4,90,Bhaisipati,27.6515,85.3008
2023-05-02T16:00,18.8,67,12.5,864.9,5.1,94,Bhaisipati,27.6515,85.3008
2023-05-02T17:00,17.2,77,13.1,865.1,1.8,127,Bhaisipati,27.6515,85.3008
2023-05-02T18:00,15.3,85,12.8,864.3,3.3,139,Bhaisipati,27.6515,85.3008
2023-05-02T19:00,14.1,89,12.3,864.3,3.7,169,Bhaisipati,27.6515,85.3008
2023-05-02T20:00,13.8,90,12.2,864.7,2.9,173,Bhaisipati,27.6515,85.3008
2023-05-02T21:00,13.3,92,12.0,865.2,3.3,174,Bhaisipati,27.6515,85.3008
2023-05-02T22:00,12.9,93,11.7,865.2,3.3,174,Bhaisipati,27.6515,85.3008
2023-05-02T23:00,12.5,93,11.4,865.2,3.3,174,Bhaisipati,27.6515,85.3008
2023-05-03T00:00,12.2,93,11.2,864.6,2.2,171,Bhaisipati,27.6515,85.3008
2023-05-03T01:00,12.4,91,11.0,864.5,1.8,169,Bhaisipati,27.6515,85.3008
2023-05-03T02:00,12.3,90,10.7,864.0,3.7,169,Bhaisipati,27.6515,85.3008
2023-05-03T03:00,12.2,90,10.5,863.8,4.4,171,Bhaisipati,27.6515,85.3008
2023-05-03T04:00,12.0,90,10.3,863.8,3.6,174,Bhaisipati,27.6515,85.3008
2023-05-03T05:00,13.3,82,10.2,864.9,2.9,180,Bhaisipati,27.6515,85.3008
2023-05-03T06:00,15.3,80,11.9,866.9,3.6,174,Bhaisipati,27.6515,85.3008
2023-05-03T07:00,18.3,64,11.3,869.0,0.0,270,Bhaisipati,27.6515,85.3008
2023-05-03T08:00,19.4,61,11.7,869.6,2.3,72,Bhaisipati,27.6515,85.3008
2023-05-03T09:00,20.9,56,11.8,869.9,2.5,360,Bhaisipati,27.6515,85.3008
2023-05-03T10:00,21.9,54,12.2,869.5,5.0,339,Bhaisipati,27.6515,85.3008
2023-05-03T11:00,23.3,50,12.3,868.7,4.6,315,Bhaisipati,27.6515,85.3008
2023-05-03T12:00,23.9,50,12.9,867.6,5.4,278,Bhaisipati,27.6515,85.3008
2023-05-03T13:00,18.4,76,14.1,866.9,8.8,189,Bhaisipati,27.6515,85.3008
2023-05-03T14:00,21.5,59,13.3,866.2,4.0,243,Bhaisipati,27.6515,85.3008
2023-05-03T15:00,19.9,67,13.7,865.8,2.4,27,Bhaisipati,27.6515,85.3008
2023-05-03T16:00,17.9,76,13.7,865.4,2.3,309,Bhaisipati,27.6515,85.3008
2023-05-03T17:00,18.4,72,13.2,865.6,3.4,238,Bhaisipati,27.6515,85.3008
2023-05-03T18:00,16.4,82,13.3,865.6,6.1,220,Bhaisipati,27.6515,85.3008
2023-05-03T19:00,16.0,85,13.6,866.2,2.7,203,Bhaisipati,27.6515,85.3008
2023-05-03T20:00,15.6,90,13.9,866.8,1.9,112,Bhaisipati,27.6515,85.3008
2023-05-03T21:00,15.5,91,14.0,866.8,5.2,168,Bhaisipati,27.6515,85.3008
2023-05-03T22:00,15.3,92,14.0,867.0,5.1,172,Bhaisipati,27.6515,85.3008
2023-05-03T23:00,15.0,93,14.0,866.7,3.9,146,Bhaisipati,27.6515,85.3008
2023-05-04T00:00,15.0,93,13.8,866.1,4.5,151,Bhaisipati,27.6515,85.3008
2023-05-04T01:00,14.8,93,13.7,865.2,5.0,150,Bhaisipati,27.6515,85.3008
2023-05-04T02:00,14.7,93,13.6,864.7,5.2,155,Bhaisipati,27.6515,85.3008
2023-05-04T03:00,14.7,93,13.6,864.4,5.2,155,Bhaisipati,27.6515,85.3008
2023-05-04T04:00,14.2,92,13.0,864.2,5.2,164,Bhaisipati,27.6515,85.3008
2023-05-04T05:00,14.6,93,13.5,865.4,4.2,160,Bhaisipati,27.6515,85.3008
2023-05-04T06:00,15.4,90,13.8,865.8,6.4,164,Bhaisipati,27.6515,85.3008
2023-05-04T07:00,17.0,80,13.6,866.9,5.0,150,Bhaisipati,27.6515,85.3008
2023-05-04T08:00,19.0,69,13.2,867.9,4.1,142,Bhaisipati,27.6515,85.3008
2023-05-04T09:00,19.9,66,13.3,868.6,1.1,288,Bhaisipati,27.6515,85.3008
2023-05-04T10:00,18.9,70,13.4,868.2,4.1,322,Bhaisipati,27.6515,85.3008
2023-05-04T11:00,19.2,74,14.5,868.0,4.9,343,Bhaisipati,27.6515,85.3008
2023-05-04T12:00,18.4,81,15.1,867.4,3.3,6,Bhaisipati,27.6515,85.3008
2023-05-04T13:00,19.4,74,14.6,866.5,0.4,270,Bhaisipati,27.6515,85.3008
2023-05-04T14:00,19.9,71,14.5,865.5,2.2,279,Bhaisipati,27.6515,85.3008
2023-05-04T15:00,20.0,69,14.1,864.7,3.6,315,Bhaisipati,27.6515,85.3008
2023-05-04T16:00,20.0,67,13.7,864.0,1.3,326,Bhaisipati,27.6515,85.3008
2023-05-04T17:00,18.3,72,13.2,864.7,1.1,342,Bhaisipati,27.6515,85.3008
2023-05-04T18:00,17.6,76,13.3,864.3,1.1,252,Bhaisipati,27.6515,85.3008
2023-05-04T19:00,15.6,88,13.7,863.9,0.8,153,Bhaisipati,27.6515,85.3008
2023-05-04T20:00,15.3,88,13.3,864.4,2.2,171,Bhaisipati,27.6515,85.3008
2023-05-04T21:00,14.8,90,13.1,864.4,3.6,174,Bhaisipati,27.6515,85.3008
2023-05-04T22:00,14.0,93,12.9,863.9,4.3,175,Bhaisipati,27.6515,85.3008
2023-05-04T23:00,13.3,95,12.5,863.2,4.7,176,Bhaisipati,27.6515,85.3008
2023-05-05T00:00,12.7,96,12.0,862.4,5.1,172,Bhaisipati,27.6515,85.3008
2023-05-05T01:00,12.5,94,11.5,862.5,4.7,180,Bhaisipati,27.6515,85.3008
2023-05-05T02:00,12.6,92,11.4,862.3,3.3,174,Bhaisipati,27.6515,85.3008
2023-05-05T03:00,12.7,92,11.4,862.0,3.2,180,Bhaisipati,27.6515,85.3008
2023-05-05T04:00,12.9,91,11.5,862.3,2.5,180,Bhaisipati,27.6515,85.3008
2023-05-05T05:00,13.2,89,11.5,863.0,3.2,180,Bhaisipati,27.6515,85.3008
2023-05-05T06:00,16.0,82,13.0,864.8,1.8,180,Bhaisipati,27.6515,85.3008
2023-05-05T07:00,17.8,77,13.6,866.3,2.8,320,Bhaisipati,27.6515,85.3008
2023-05-05T08:00,19.2,69,13.4,866.6,5.4,318,Bhaisipati,27.6515,85.3008
2023-05-05T09:00,20.4,63,13.1,866.9,7.4,317,Bhaisipati,27.6515,85.3008
2023-05-05T10:00,21.3,60,13.1,866.7,7.7,323,Bhaisipati,27.6515,85.3008
2023-05-05T11:00,22.2,55,12.7,866.0,7.1,319,Bhaisipati,27.6515,85.3008
2023-05-05T12:00,23.0,53,12.8,865.1,7.6,315,Bhaisipati,27.6515,85.3008
2023-05-05T13:00,23.4,51,12.7,864.4,8.7,315,Bhaisipati,27.6515,85.3008
2023-05-05T14:00,23.6,49,12.3,863.5,8.1,302,Bhaisipati,27.6515,85.3008
2023-05-05T15:00,23.3,49,12.0,862.8,8.2,308,Bhaisipati,27.6515,85.3008
2023-05-05T16:00,22.6,52,12.3,862.3,8.9,313,Bhaisipati,27.6515,85.3008
2023-05-05T17:00,21.4,59,13.1,862.2,7.1,300,Bhaisipati,27.6515,85.3008
2023-05-05T18:00,19.1,75,14.6,861.9,4.0,260,Bhaisipati,27.6515,85.3008
2023-05-05T19:00,17.7,83,14.7,862.0,4.6,231,Bhaisipati,27.6515,85.3008
2023-05-05T20:00,17.5,79,13.8,862.6,3.3,229,Bhaisipati,27.6515,85.3008
2023-05-05T21:00,16.3,86,13.9,862.6,2.6,214,Bhaisipati,27.6515,85.3008
2023-05-05T22:00,16.1,84,13.3,862.6,1.4,180,Bhaisipati,27.6515,85.3008
2023-05-05T23:00,15.3,86,13.0,862.1,3.3,174,Bhaisipati,27.6515,85.3008
2023-05-06T00:00,14.6,89,12.8,861.5,3.6,174,Bhaisipati,27.6515,85.3008
2023-05-06T01:00,14.5,89,12.6,861.2,2.2,171,Bhaisipati,27.6515,85.3008
2023-05-06T02:00,14.6,87,12.5,860.9,2.2,180,Bhaisipati,27.6515,85.3008
2023-05-06T03:00,14.6,87,12.3,860.6,3.2,180,Bhaisipati,27.6515,85.3008
2023-05-06T04:00,14.3,87,12.2,860.6,4.3,175,Bhaisipati,27.6515,85.3008
2023-05-06T05:00,14.6,87,12.5,861.7,3.3,174,Bhaisipati,27.6515,85.3008
2023-05-06T06:00,16.9,84,14.2,863.1,5.4,172,Bhaisipati,27.6515,85.3008
2023-05-06T07:00,19.6,72,14.4,864.7,1.1,90,Bhaisipati,27.6515,85.3008
2023-05-06T08:00,21.1,65,14.3,865.6,2.6,326,Bhaisipati,27.6515,85.3008
2023-05-06T09:00,22.4,57,13.6,865.9,4.1,315,Bhaisipati,27.6515,85.3008
2023-05-06T10:00,23.6,48,12.0,865.8,4.8,312,Bhaisipati,27.6515,85.3008
2023-05-06T11:00,24.4,45,11.7,865.3,6.1,315,Bhaisipati,27.6515,85.3008
2023-05-06T12:00,25.1,43,11.7,864.7,7.1,315,Bhaisipati,27.6515,85.3008
2023-05-06T13:00,25.4,42,11.5,864.1,8.4,317,Bhaisipati,27.6515,85.3008
2023-05-06T14:00,25.3,40,10.8,863.3,8.0,306,Bhaisipati,27.6515,85.3008
2023-05-06T15:00,24.9,41,10.8,862.7,7.7,298,Bhaisipati,27.6515,85.3008
2023-05-06T16:00,24.1,44,11.2,862.3,8.0,306,Bhaisipati,27.6515,85.3008
2023-05-06T17:00,23.1,51,12.4,861.9,6.2,306,Bhaisipati,27.6515,85.3008
2023-05-06T18:00,20.5,72,15.3,861.3,4.8,243,Bhaisipati,27.6515,85.3008
2023-05-06T19:00,19.4,71,14.0,861.6,2.3,198,Bhaisipati,27.6515,85.3008
2023-05-06T20:00,18.4,72,13.3,861.8,2.9,180,Bhaisipati,27.6515,85.3008
2023-05-06T21:00,16.9,79,13.3,861.5,4.7,176,Bhaisipati,27.6515,85.3008
2023-05-06T22:00,16.2,81,13.0,861.5,4.0,180,Bhaisipati,27.6515,85.3008
2023-05-06T23:00,16.2,79,12.5,861.6,3.2,180,Bhaisipati,27.6515,85.3008
2023-05-07T00:00,16.3,76,12.0,861.5,2.9,173,Bhaisipati,27.6515,85.3008
2023-05-07T01:00,16.5,74,11.8,861.1,3.6,174,Bhaisipati,27.6515,85.3008
2023-05-07T02:00,16.3,74,11.6,860.6,3.6,174,Bhaisipati,27.6515,85.3008
2023-05-07T03:00,16.1,75,11.7,860.6,3.0,166,Bhaisipati,27.6515,85.3008
2023-05-07T04:00,16.2,74,11.5,861.1,3.5,156,Bhaisipati,27.6515,85.3008
2023-05-07T05:00,16.5,75,12.2,862.4,7.1,131,Bhaisipati,27.6515,85.3008
2023-05-07T06:00,18.7,64,11.8,863.9,6.4,142,Bhaisipati,27.6515,85.3008
2023-05-07T07:00,20.4,59,12.3,865.4,4.8,153,Bhaisipati,27.6515,85.3008
2023-05-07T08:00,22.4,56,13.2,866.2,2.5,135,Bhaisipati,27.6515,85.3008
2023-05-07T09:00,23.5,54,13.6,866.5,1.5,284,Bhaisipati,27.6515,85.3008
2023-05-07T10:00,24.4,53,14.2,866.6,5.4,278,Bhaisipati,27.6515,85.3008
2023-05-07T11:00,24.9,51,14.1,866.2,6.3,283,Bhaisipati,27.6515,85.3008
2023-05-07T12:00,25.7,48,13.7,865.6,6.6,292,Bhaisipati,27.6515,85.3008
2023-05-07T13:00,25.9,45,13.1,864.7,8.9,297,Bhaisipati,27.6515,85.3008
2023-05-07T14:00,22.6,57,13.7,864.0,5.2,236,Bhaisipati,27.6515,85.3008
2023-05-07T15:00,23.9,50,12.8,863.3,4.4,279,Bhaisipati,27.6515,85.3008
2023-05-07T16:00,22.7,54,12.8,863.1,6.9,276,Bhaisipati,27.6515,85.3008
2023-05-07T17:00,20.7,61,12.9,862.9,3.3,354,Bhaisipati,27.6515,85.3008
2023-05-07T18:00,18.9,73,13.9,862.0,4.7,184,Bhaisipati,27.6515,85.3008
2023-05-07T19:00,17.9,80,14.3,861.9,3.6,174,Bhaisipati,27.6515,85.3008
2023-05-07T20:00,17.2,83,14.2,862.0,2.9,180,Bhaisipati,27.6515,85.3008
2023-05-07T21:00,16.8,83,13.9,862.0,4.0,175,Bhaisipati,27.6515,85.3008
2023-05-07T22:00,16.2,83,13.3,861.6,4.5,166,Bhaisipati,27.6515,85.3008
2023-05-07T23:00,15.8,82,12.7,860.9,4.9,163,Bhaisipati,27.6515,85.3008
2023-05-08T00:00,15.5,81,12.2,860.4,5.2,168,Bhaisipati,27.6515,85.3008
2023-05-08T01:00,15.4,80,11.8,860.1,5.5,169,Bhaisipati,27.6515,85.3008
2023-05-08T02:00,15.3,78,11.4,859.8,5.5,169,Bhaisipati,27.6515,85.3008
2023-05-08T03:00,15.2,76,11.0,859.7,5.2,164,Bhaisipati,27.6515,85.3008
2023-05-08T04:00,15.1,74,10.5,860.0,5.5,169,Bhaisipati,27.6515,85.3008
2023-05-08T05:00,15.4,73,10.5,861.0,6.0,163,Bhaisipati,27.6515,85.3008
2023-05-08T06:00,18.1,70,12.5,862.8,7.1,165,Bhaisipati,27.6515,85.3008
2023-05-08T07:00,22.1,52,11.6,865.4,3.7,151,Bhaisipati,27.6515,85.3008
2023-05-08T08:00,23.9,39,9.0,866.1,1.1,108,Bhaisipati,27.6515,85.3008
2023-05-08T09:00,25.3,33,7.9,866.4,1.1,360,Bhaisipati,27.6515,85.3008
2023-05-08T10:00,26.5,31,8.1,866.5,5.1,315,Bhaisipati,27.6515,85.3008
2023-05-08T11:00,27.2,32,8.8,866.4,9.2,312,Bhaisipati,27.6515,85.3008
2023-05-08T12:00,27.2,30,8.2,866.0,10.9,304,Bhaisipati,27.6515,85.3008
2023-05-08T13:00,27.5,29,8.0,865.5,10.9,297,Bhaisipati,27.6515,85.3008
2023-05-08T14:00,27.2,31,8.5,864.9,11.1,295,Bhaisipati,27.6515,85.3008
2023-05-08T15:00,26.8,32,8.7,864.5,9.3,298,Bhaisipati,27.6515,85.3008
2023-05-08T16:00,25.9,34,8.7,864.0,9.0,307,Bhaisipati,27.6515,85.3008
2023-05-08T17:00,23.6,42,10.0,864.0,5.8,300,Bhaisipati,27.6515,85.3008
2023-05-08T18:00,22.7,40,8.5,864.0,4.0,260,Bhaisipati,27.6515,85.3008
2023-05-08T19:00,20.0,67,13.7,863.5,0.4,180,Bhaisipati,27.6515,85.3008
2023-05-08T20:00,19.2,62,11.6,863.6,1.8,169,Bhaisipati,27.6515,85.3008
2023-05-08T21:00,18.4,61,10.7,863.5,2.9,173,Bhaisipati,27.6515,85.3008
2023-05-08T22:00,17.8,63,10.7,863.5,3.2,180,Bhaisipati,27.6515,85.3008
2023-05-08T23:00,17.4,62,10.2,862.9,2.9,180,Bhaisipati,27.6515,85.3008
2023-05-09T00:00,17.2,61,9.6,862.4,3.2,180,Bhaisipati,27.6515,85.3008
2023-05-09T01:00,16.9,61,9.3,861.9,2.9,180,Bhaisipati,27.6515,85.3008
2023-05-09T02:00,16.6,61,9.0,861.5,2.5,172,Bhaisipati,27.6515,85.3008
2023-05-09T03:00,16.5,60,8.6,861.4,2.9,173,Bhaisipati,27.6515,85.3008
2023-05-09T04:00,16.3,59,8.2,861.5,3.3,167,Bhaisipati,27.6515,85.3008
2023-05-09T05:00,15.5,68,9.5,861.9,5.9,169,Bhaisipati,27.6515,85.3008
2023-05-09T06:00,18.8,58,10.5,863.9,4.1,165,Bhaisipati,27.6515,85.3008
2023-05-09T07:00,22.4,46,10.3,866.3,2.7,157,Bhaisipati,27.6515,85.3008
2023-05-09T08:00,24.1,37,8.6,866.8,0.7,360,Bhaisipati,27.6515,85.3008
2023-05-09T09:00,25.4,32,7.5,867.2,2.3,309,Bhaisipati,27.6515,85.3008
2023-05-09T10:00,26.5,28,6.3,867.1,4.0,297,Bhaisipati,27.6515,85.3008
2023-05-09T11:00,27.4,25,5.7,866.9,7.1,285,Bhaisipati,27.6515,85.3008
2023-05-09T12:00,27.4,25,5.8,866.5,10.7,284,Bhaisipati,27.6515,85.3008
2023-05-09T13:00,27.2,26,6.2,865.7,9.9,289,Bhaisipati,27.6515,85.3008
2023-05-09T14:00,26.9,27,6.2,865.1,11.4,305,Bhaisipati,27.6515,85.3008
2023-05-09T15:00,25.5,31,6.9,864.4,11.9,305,Bhaisipati,27.6515,85.3008
2023-05-09T16:00,24.8,34,8.0,864.0,8.8,279,Bhaisipati,27.6515,85.3008
2023-05-09T17:00,24.0,39,9.3,863.7,4.3,360,Bhaisipati,27.6515,85.3008
2023-05-09T18:00,21.3,59,12.8,862.5,3.3,131,Bhaisipati,27.6515,85.3008
2023-05-09T19:00,20.2,53,10.5,862.6,4.0,185,Bhaisipati,27.6515,85.3008
2023-05-09T20:00,18.7,58,10.2,862.4,4.7,180,Bhaisipati,27.6515,85.3008
2023-05-09T21:00,16.7,64,9.8,861.5,6.6,167,Bhaisipati,27.6515,85.3008
2023-05-09T22:00,15.6,66,9.3,861.0,7.8,167,Bhaisipati,27.6515,85.3008
2023-05-09T23:00,14.9,66,8.6,860.6,6.6,167,Bhaisipati,27.6515,85.3008
2023-05-10T00:00,14.6,64,7.9,860.0,6.6,171,Bhaisipati,27.6515,85.3008
2023-05-10T01:00,14.4,63,7.5,859.6,7.0,168,Bhaisipati,27.6515,85.3008
2023-05-10T02:00,14.1,63,7.1,859.2,7.0,168,Bhaisipati,27.6515,85.3008
2023-05-10T03:00,13.9,62,6.7,859.2,7.3,169,Bhaisipati,27.6515,85.3008
2023-05-10T04:00,13.7,61,6.3,859.3,7.3,169,Bhaisipati,27.6515,85.3008
2023-05-10T05:00,14.4,66,8.1,861.0,6.6,171,Bhaisipati,27.6515,85.3008
2023-05-10T06:00,17.2,65,10.5,862.7,7.4,166,Bhaisipati,27.6515,85.3008
2023-05-10T07:00,21.9,49,10.6,865.1,5.1,141,Bhaisipati,27.6515,85.3008
2023-05-10T08:00,24.2,38,8.9,866.1,5.0,120,Bhaisipati,27.6515,85.3008
2023-05-10T09:00,25.4,29,6.3,866.6,2.8,140,Bhaisipati,27.6515,85.3008
2023-05-10T10:00,26.1,28,6.2,866.6,2.3,141,Bhaisipati,27.6515,85.3008
2023-05-10T11:00,26.1,28,6.1,866.4,4.2,200,Bhaisipati,27.6515,85.3008
2023-05-10T12:00,26.1,29,6.7,865.9,7.1,195,Bhaisipati,27.6515,85.3008
2023-05-10T13:00,26.4,29,6.9,865.4,7.6,183,Bhaisipati,27.6515,85.3008
2023-05-10T14:00,26.2,31,7.7,864.5,7.4,194,Bhaisipati,27.6515,85.3008
2023-05-10T15:00,25.0,35,8.4,864.0,7.4,209,Bhaisipati,27.6515,85.3008
2023-05-10T16:00,24.3,36,8.2,863.9,4.9,216,Bhaisipati,27.6515,85.3008
2023-05-10T17:00,23.4,37,7.9,863.9,2.9,240,Bhaisipati,27.6515,85.3008
2023-05-10T18:00,21.1,54,11.3,863.0,2.9,187,Bhaisipati,27.6515,85.3008
2023-05-10T19:00,19.9,59,11.7,863.1,2.7,203,Bhaisipati,27.6515,85.3008
2023-05-10T20:00,18.4,64,11.4,863.4,2.9,187,Bhaisipati,27.6515,85.3008
2023-05-10T21:00,17.4,63,10.3,863.3,4.0,180,Bhaisipati,27.6515,85.3008
2023-05-10T22:00,16.7,61,9.0,863.0,3.6,180,Bhaisipati,27.6515,85.3008
2023-05-10T23:00,16.3,59,8.2,862.8,3.2,180,Bhaisipati,27.6515,85.3008
2023-05-11T00:00,15.9,58,7.6,862.5,3.3,167,Bhaisipati,27.6515,85.3008
2023-05-11T01:00,15.5,57,7.1,862.3,4.5,166,Bhaisipati,27.6515,85.3008
2023-05-11T02:00,14.8,58,6.7,862.3,5.6,165,Bhaisipati,27.6515,85.3008
2023-05-11T03:00,14.0,60,6.4,862.1,6.3,167,Bhaisipati,27.6515,85.3008
2023-05-11T04:00,13.5,61,6.0,862.2,6.7,164,Bhaisipati,27.6515,85.3008
2023-05-11T05:00,13.5,58,5.4,863.8,7.2,162,Bhaisipati,27.6515,85.3008
2023-05-11T06:00,16.5,56,7.8,866.0,8.0,162,Bhaisipati,27.6515,85.3008
2023-05-11T07:00,21.4,41,7.7,868.8,5.6,153,Bhaisipati,27.6515,85.3008
2023-05-11T08:00,23.5,29,4.6,869.6,6.6,139,Bhaisipati,27.6515,85.3008
2023-05-11T09:00,24.9,21,1.4,870.0,6.8,155,Bhaisipati,27.6515,85.3008
2023-05-11T10:00,25.8,20,0.8,869.9,5.1,172,Bhaisipati,27.6515,85.3008
2023-05-11T11:00,26.6,19,0.9,869.2,3.6,174,Bhaisipati,27.6515,85.3008
2023-05-11T12:00,27.4,18,1.2,868.3,3.1,225,Bhaisipati,27.6515,85.3008
2023-05-11T13:00,27.9,19,2.1,867.3,4.7,279,Bhaisipati,27.6515,85.3008
2023-05-11T14:00,28.3,18,2.0,866.2,8.2,299,Bhaisipati,27.6515,85.3008
2023-05-11T15:00,27.4,20,2.5,865.7,11.8,293,Bhaisipati,27.6515,85.3008
2023-05-11T16:00,25.4,26,4.6,865.3,9.4,270,Bhaisipati,27.6515,85.3008
2023-05-11T17:00,24.7,30,5.9,865.6,4.6,198,Bhaisipati,27.6515,85.3008
2023-05-11T18:00,21.5,51,10.8,864.7,4.3,180,Bhaisipati,27.6515,85.3008
2023-05-11T19:00,19.9,48,8.5,864.9,4.0,175,Bhaisipati,27.6515,85.3008
2023-05-11T20:00,18.5,51,8.1,864.6,2.5,172,Bhaisipati,27.6515,85.3008
2023-05-11T21:00,17.6,50,7.0,864.4,4.5,166,Bhaisipati,27.6515,85.3008
2023-05-11T22:00,16.2,52,6.3,863.9,4.8,167,Bhaisipati,27.6515,85.3008
2023-05-11T23:00,15.4,52,5.7,863.5,4.7,171,Bhaisipati,27.6515,85.3008
2023-05-12T00:00,14.9,53,5.3,863.0,5.1,172,Bhaisipati,27.6515,85.3008
2023-05-12T01:00,14.3,53,4.8,862.4,5.5,169,Bhaisipati,27.6515,85.3008
2023-05-12T02:00,14.1,52,4.4,862.5,5.2,168,Bhaisipati,27.6515,85.3008
2023-05-12T03:00,14.2,51,4.3,862.7,4.8,167,Bhaisipati,27.6515,85.3008
2023-05-12T04:00,14.2,51,4.2,863.2,4.5,166,Bhaisipati,27.6515,85.3008
2023-05-12T05:00,14.9,54,5.7,864.8,5.6,165,Bhaisipati,27.6515,85.3008
2023-05-12T06:00,17.3,55,8.3,866.2,5.2,168,Bhaisipati,27.6515,85.3008
2023-05-12T07:00,22.2,41,8.3,868.6,2.6,124,Bhaisipati,27.6515,85.3008
2023-05-12T08:00,24.0,32,6.2,869.3,2.5,8,Bhaisipati,27.6515,85.3008
2023-05-12T09:00,25.3,30,6.6,869.7,3.9,338,Bhaisipati,27.6515,85.3008
2023-05-12T10:00,26.3,30,7.2,869.6,6.6,319,Bhaisipati,27.6515,85.3008
2023-05-12T11:00,27.0,28,7.2,869.3,9.3,306,Bhaisipati,27.6515,85.3008
2023-05-12T12:00,27.4,26,6.4,868.6,9.5,299,Bhaisipati,27.6515,85.3008
2023-05-12T13:00,27.8,25,6.0,867.7,7.4,299,Bhaisipati,27.6515,85.3008
2023-05-12T14:00,27.7,26,6.6,866.6,7.0,282,Bhaisipati,27.6515,85.3008
2023-05-12T15:00,27.2,28,7.3,866.1,6.9,261,Bhaisipati,27.6515,85.3008
2023-05-12T16:00,26.6,31,7.9,865.7,6.2,260,Bhaisipati,27.6515,85.3008
2023-05-12T17:00,25.4,36,9.4,865.9,5.1,231,Bhaisipati,27.6515,85.3008
2023-05-12T18:00,22.7,59,14.4,865.3,4.0,190,Bhaisipati,27.6515,85.3008
2023-05-12T19:00,21.2,61,13.4,865.8,2.5,180,Bhaisipati,27.6515,85.3008
2023-05-12T20:00,19.8,62,12.3,865.9,2.2,180,Bhaisipati,27.6515,85.3008
2023-05-12T21:00,18.4,66,12.0,865.9,3.3,174,Bhaisipati,27.6515,85.3008
2023-05-12T22:00,16.9,71,11.7,865.1,4.0,170,Bhaisipati,27.6515,85.3008
2023-05-12T23:00,16.4,72,11.3,864.7,4.4,171,Bhaisipati,27.6515,85.3008
2023-05-13T00:00,16.3,71,10.9,864.3,4.5,166,Bhaisipati,27.6515,85.3008
2023-05-13T01:00,16.4,69,10.5,863.9,3.7,169,Bhaisipati,27.6515,85.3008
2023-05-13T02:00,16.2,68,10.3,863.7,4.4,171,Bhaisipati,27.6515,85.3008
2023-05-13T03:00,16.3,68,10.3,863.7,4.3,175,Bhaisipati,27.6515,85.3008
2023-05-13T04:00,16.2,69,10.6,863.8,2.5,172,Bhaisipati,27.6515,85.3008
2023-05-13T05:00,16.8,73,12.0,865.0,4.7,171,Bhaisipati,27.6515,85.3008
2023-05-13T06:00,19.8,63,12.6,866.6,2.7,157,Bhaisipati,27.6515,85.3008
2023-05-13T07:00,22.2,50,11.2,868.1,3.2,27,Bhaisipati,27.6515,85.3008
2023-05-13T08:00,23.4,45,10.9,869.0,5.4,352,Bhaisipati,27.6515,85.3008
2023-05-13T09:00,24.4,43,11.2,869.5,7.9,344,Bhaisipati,27.6515,85.3008
2023-05-13T10:00,25.4,41,11.3,869.3,9.7,338,Bhaisipati,27.6515,85.3008
2023-05-13T11:00,26.5,37,10.6,868.9,8.6,338,Bhaisipati,27.6515,85.3008
2023-05-13T12:00,27.8,34,10.7,868.3,7.4,337,Bhaisipati,27.6515,85.3008
2023-05-13T13:00,28.3,33,10.3,867.5,7.4,321,Bhaisipati,27.6515,85.3008
2023-05-13T14:00,27.3,32,9.0,866.4,7.2,288,Bhaisipati,27.6515,85.3008
2023-05-13T15:00,26.3,38,10.8,866.3,7.6,273,Bhaisipati,27.6515,85.3008
2023-05-13T16:00,25.9,40,11.2,865.8,8.2,293,Bhaisipati,27.6515,85.3008
2023-05-13T17:00,24.8,45,12.1,865.0,6.2,291,Bhaisipati,27.6515,85.3008
2023-05-13T18:00,22.4,68,16.4,864.6,3.6,217,Bhaisipati,27.6515,85.3008
2023-05-13T19:00,21.4,63,14.0,864.9,2.5,180,Bhaisipati,27.6515,85.3008
2023-05-13T20:00,19.8,71,14.3,865.0,4.4,171,Bhaisipati,27.6515,85.3008
2023-05-13T21:00,18.2,80,14.6,864.7,6.2,173,Bhaisipati,27.6515,85.3008
2023-05-13T22:00,17.2,85,14.7,864.0,6.9,171,Bhaisipati,27.6515,85.3008
2023-05-13T23:00,16.7,87,14.4,863.6,6.1,177,Bhaisipati,27.6515,85.3008
2023-05-14T00:00,16.5,85,14.1,863.2,5.4,176,Bhaisipati,27.6515,85.3008
2023-05-14T01:00,16.6,83,13.8,862.7,5.4,176,Bhaisipati,27.6515,85.3008
2023-05-14T02:00,16.7,82,13.5,862.3,5.1,176,Bhaisipati,27.6515,85.3008
2023-05-14T03:00,16.9,81,13.5,862.1,2.9,180,Bhaisipati,27.6515,85.3008
2023-05-14T04:00,17.1,80,13.6,862.2,1.8,169,Bhaisipati,27.6515,85.3008
2023-05-14T05:00,17.0,77,12.9,863.8,3.1,201,Bhaisipati,27.6515,85.3008
2023-05-14T06:00,19.4,74,14.6,864.6,2.4,153,Bhaisipati,27.6515,85.3008
2023-05-14T07:00,21.4,62,13.9,865.2,0.4,90,Bhaisipati,27.6515,85.3008
2023-05-14T08:00,23.3,56,14.0,865.7,1.1,288,Bhaisipati,27.6515,85.3008
2023-05-14T09:00,24.8,48,13.1,866.0,4.4,305,Bhaisipati,27.6515,85.3008
2023-05-14T10:00,25.9,43,12.3,866.1,7.1,319,Bhaisipati,27.6515,85.3008
2023-05-14T11:00,26.7,40,12.0,866.0,9.0,323,Bhaisipati,27.6515,85.3008
2023-05-14T12:00,26.7,41,12.4,864.7,11.8,322,Bhaisipati,27.6515,85.3008
2023-05-14T13:00,20.6,76,16.3,863.8,12.6,183,Bhaisipati,27.6515,85.3008
2023-05-14T14:00,21.0,72,15.8,862.6,4.0,175,Bhaisipati,27.6515,85.3008
2023-05-14T15:00,22.8,57,13.9,862.7,2.6,34,Bhaisipati,27.6515,85.3008
2023-05-14T16:00,22.8,56,13.7,862.3,2.9,300,Bhaisipati,27.6515,85.3008
2023-05-14T17:00,21.4,61,13.6,861.0,6.1,220,Bhaisipati,27.6515,85.3008
2023-05-14T18:00,20.6,67,14.3,860.9,3.4,198,Bhaisipati,27.6515,85.3008
2023-05-14T19:00,19.2,75,14.7,860.9,4.7,176,Bhaisipati,27.6515,85.3008
2023-05-14T20:00,18.3,81,15.0,861.1,5.1,176,Bhaisipati,27.6515,85.3008
2023-05-14T21:00,17.7,82,14.5,861.1,6.5,177,Bhaisipati,27.6515,85.3008
2023-05-14T22:00,17.2,81,14.0,861.1,6.2,173,Bhaisipati,27.6515,85.3008
2023-05-14T23:00,16.9,80,13.5,861.7,1.4,180,Bhaisipati,27.6515,85.3008
2023-05-15T00:00,16.4,83,13.6,861.5,9.8,197,Bhaisipati,27.6515,85.3008
2023-05-15T01:00,16.4,86,14.1,860.2,3.7,151,Bhaisipati,27.6515,85.3008
2023-05-15T02:00,15.6,89,13.8,859.3,4.7,171,Bhaisipati,27.6515,85.3008
2023-05-15T03:00,15.0,93,13.9,858.9,4.7,176,Bhaisipati,27.6515,85.3008
2023-05-15T04:00,14.8,93,13.8,858.9,3.3,174,Bhaisipati,27.6515,85.3008
2023-05-15T05:00,15.0,90,13.4,860.4,3.6,180,Bhaisipati,27.6515,85.3008
2023-05-15T06:00,17.5,86,15.1,862.4,3.6,174,Bhaisipati,27.6515,85.3008
2023-05-15T07:00,20.1,66,13.6,864.1,0.8,243,Bhaisipati,27.6515,85.3008
2023-05-15T08:00,21.1,62,13.6,864.8,3.1,291,Bhaisipati,27.6515,85.3008
2023-05-15T09:00,22.4,58,13.7,865.0,6.9,317,Bhaisipati,27.6515,85.3008
2023-05-15T10:00,23.7,53,13.6,865.3,7.9,321,Bhaisipati,27.6515,85.3008
2023-05-15T11:00,24.2,53,14.1,864.9,8.6,303,Bhaisipati,27.6515,85.3008
2023-05-15T12:00,24.2,53,13.9,864.1,7.9,300,Bhaisipati,27.6515,85.3008
2023-05-15T13:00,23.9,55,14.4,863.4,8.9,320,Bhaisipati,27.6515,85.3008
2023-05-15T14:00,22.6,61,14.7,862.7,5.6,207,Bhaisipati,27.6515,85.3008
2023-05-15T15:00,21.8,67,15.3,862.3,5.5,293,Bhaisipati,27.6515,85.3008
2023-05-15T16:00,19.8,71,14.3,862.0,6.0,213,Bhaisipati,27.6515,85.3008
2023-05-15T17:00,21.1,65,14.2,861.1,3.6,360,Bhaisipati,27.6515,85.3008
2023-05-15T18:00,19.7,78,15.7,861.3,2.4,333,Bhaisipati,27.6515,85.3008
2023-05-15T19:00,19.3,74,14.6,862.2,1.3,214,Bhaisipati,27.6515,85.3008
2023-05-15T20:00,18.4,81,15.0,862.2,3.7,169,Bhaisipati,27.6515,85.3008
2023-05-15T21:00,17.2,86,14.8,861.9,4.7,171,Bhaisipati,27.6515,85.3008
2023-05-15T22:00,16.7,91,15.2,861.9,3.6,186,Bhaisipati,27.6515,85.3008
2023-05-15T23:00,16.3,91,14.7,862.0,3.1,159,Bhaisipati,27.6515,85.3008
2023-05-16T00:00,16.1,87,13.9,861.2,4.5,166,Bhaisipati,27.6515,85.3008
2023-05-16T01:00,15.4,89,13.6,860.2,6.2,173,Bhaisipati,27.6515,85.3008
2023-05-16T02:00,14.8,90,13.3,859.6,6.6,171,Bhaisipati,27.6515,85.3008
2023-05-16T03:00,14.6,90,13.0,859.6,6.5,174,Bhaisipati,27.6515,85.3008
2023-05-16T04:00,14.8,87,12.6,860.0,5.9,169,Bhaisipati,27.6515,85.3008
2023-05-16T05:00,14.3,94,13.3,860.0,5.4,180,Bhaisipati,27.6515,85.3008
2023-05-16T06:00,17.4,89,15.5,862.3,4.4,171,Bhaisipati,27.6515,85.3008
2023-05-16T07:00,20.9,64,13.9,864.7,1.6,207,Bhaisipati,27.6515,85.3008
2023-05-16T08:00,22.3,60,14.1,865.2,1.4,270,Bhaisipati,27.6515,85.3008
2023-05-16T09:00,23.8,57,14.9,865.6,1.6,333,Bhaisipati,27.6515,85.3008
2023-05-16T10:00,20.7,69,14.7,865.7,7.7,281,Bhaisipati,27.6515,85.3008
2023-05-16T11:00,22.4,63,15.1,865.6,1.4,180,Bhaisipati,27.6515,85.3008
2023-05-16T12:00,22.9,63,15.4,865.0,6.3,336,Bhaisipati,27.6515,85.3008
2023-05-16T13:00,22.8,63,15.3,864.7,8.2,319,Bhaisipati,27.6515,85.3008
2023-05-16T14:00,21.8,65,14.9,864.0,7.6,315,Bhaisipati,27.6515,85.3008
2023-05-16T15:00,21.7,65,14.9,863.8,6.3,283,Bhaisipati,27.6515,85.3008
2023-05-16T16:00,20.3,75,15.8,863.6,3.3,13,Bhaisipati,27.6515,85.3008
2023-05-16T17:00,19.6,77,15.6,863.6,2.5,360,Bhaisipati,27.6515,85.3008
2023-05-16T18:00,17.8,89,16.0,862.8,4.4,145,Bhaisipati,27.6515,85.3008
2023-05-16T19:00,17.3,91,15.8,862.7,3.6,186,Bhaisipati,27.6515,85.3008
2023-05-16T20:00,16.7,94,15.7,863.1,4.0,180,Bhaisipati,27.6515,85.3008
2023-05-16T21:00,16.3,94,15.4,863.8,4.0,170,Bhaisipati,27.6515,85.3008
2023-05-16T22:00,16.6,91,15.1,864.1,5.1,172,Bhaisipati,27.6515,85.3008
2023-05-16T23:00,16.8,87,14.7,864.1,4.0,170,Bhaisipati,27.6515,85.3008
2023-05-17T00:00,17.2,82,14.2,864.5,0.7,180,Bhaisipati,27.6515,85.3008
2023-05-17T01:00,16.5,86,14.1,863.5,2.7,157,Bhaisipati,27.6515,85.3008
2023-05-17T02:00,16.7,84,13.9,863.3,2.2,180,Bhaisipati,27.6515,85.3008
2023-05-17T03:00,15.9,83,13.0,862.5,1.6,153,Bhaisipati,27.6515,85.3008
2023-05-17T04:00,15.8,81,12.5,862.4,3.3,167,Bhaisipati,27.6515,85.3008
2023-05-17T05:00,17.4,75,12.9,863.9,1.9,158,Bhaisipati,27.6515,85.3008
2023-05-17T06:00,19.2,70,13.6,865.1,4.6,141,Bhaisipati,27.6515,85.3008
2023-05-17T07:00,21.3,63,13.9,866.2,3.8,107,Bhaisipati,27.6515,85.3008
2023-05-17T08:00,23.2,57,14.1,867.2,2.1,59,Bhaisipati,27.6515,85.3008
2023-05-17T09:00,24.6,52,14.1,868.1,4.5,299,Bhaisipati,27.6515,85.3008
2023-05-17T10:00,25.4,51,14.6,868.3,7.8,292,Bhaisipati,27.6515,85.3008
2023-05-17T11:00,25.4,51,14.6,868.1,6.2,277,Bhaisipati,27.6515,85.3008
2023-05-17T12:00,24.2,56,14.9,867.4,6.6,261,Bhaisipati,27.6515,85.3008
2023-05-17T13:00,23.2,62,15.5,866.9,6.2,306,Bhaisipati,27.6515,85.3008
2023-05-17T14:00,21.6,67,15.3,866.4,9.1,304,Bhaisipati,27.6515,85.3008
2023-05-17T15:00,18.8,81,15.4,865.3,6.6,151,Bhaisipati,27.6515,85.3008
2023-05-17T16:00,20.6,71,15.0,865.7,3.6,143,Bhaisipati,27.6515,85.3008
2023-05-17T17:00,19.5,80,16.0,865.7,5.5,293,Bhaisipati,27.6515,85.3008
2023-05-17T18:00,18.5,85,16.0,866.4,1.6,207,Bhaisipati,27.6515,85.3008
2023-05-17T19:00,18.4,91,16.8,866.8,4.6,135,Bhaisipati,27.6515,85.3008
2023-05-17T20:00,17.9,91,16.3,866.8,5.3,152,Bhaisipati,27.6515,85.3008
2023-05-17T21:00,17.3,92,16.0,866.8,4.6,162,Bhaisipati,27.6515,85.3008
2023-05-17T22:00,16.7,93,15.5,866.7,7.6,172,Bhaisipati,27.6515,85.3008
2023-05-17T23:00,16.1,91,14.7,866.0,5.7,162,Bhaisipati,27.6515,85.3008
2023-05-18T00:00,15.9,92,14.7,865.6,5.4,172,Bhaisipati,27.6515,85.3008
2023-05-18T01:00,15.4,94,14.5,864.2,3.6,174,Bhaisipati,27.6515,85.3008
2023-05-18T02:00,14.9,94,13.9,863.6,1.4,180,Bhaisipati,27.6515,85.3008
2023-05-18T03:00,15.5,91,14.1,864.5,5.4,176,Bhaisipati,27.6515,85.3008
2023-05-18T04:00,14.4,93,13.3,863.9,0.4,180,Bhaisipati,27.6515,85.3008
2023-05-18T05:00,15.4,92,14.2,864.4,4.9,163,Bhaisipati,27.6515,85.3008
2023-05-18T06:00,17.4,93,16.3,866.1,6.4,164,Bhaisipati,27.6515,85.3008
2023-05-18T07:00,18.8,82,15.7,868.7,6.0,303,Bhaisipati,27.6515,85.3008
2023-05-18T08:00,19.4,77,15.3,869.2,3.2,207,Bhaisipati,27.6515,85.3008
2023-05-18T09:00,20.5,76,16.2,870.0,4.7,302,Bhaisipati,27.6515,85.3008
2023-05-18T10:00,21.9,71,16.4,869.6,5.2,335,Bhaisipati,27.6515,85.3008
2023-05-18T11:00,23.8,65,16.8,869.1,7.6,315,Bhaisipati,27.6515,85.3008
2023-05-18T12:00,24.1,62,16.3,867.9,7.7,307,Bhaisipati,27.6515,85.3008
2023-05-18T13:00,23.8,61,15.8,867.1,9.7,301,Bhaisipati,27.6515,85.3008
2023-05-18T14:00,23.3,62,15.7,866.0,8.9,302,Bhaisipati,27.6515,85.3008
2023-05-18T15:00,22.9,64,15.9,865.4,7.5,305,Bhaisipati,27.6515,85.3008
2023-05-18T16:00,22.6,67,16.2,865.0,8.1,315,Bhaisipati,27.6515,85.3008
2023-05-18T17:00,21.7,71,16.2,865.1,6.1,315,Bhaisipati,27.6515,85.3008
2023-05-18T18:00,20.3,79,16.5,865.3,3.4,288,Bhaisipati,27.6515,85.3008
2023-05-18T19:00,19.6,80,16.1,865.5,2.1,149,Bhaisipati,27.6515,85.3008
2023-05-18T20:00,18.7,86,16.3,865.3,2.6,196,Bhaisipati,27.6515,85.3008
2023-05-18T21:00,17.8,91,16.3,865.4,0.5,135,Bhaisipati,27.6515,85.3008
2023-05-18T22:00,17.4,93,16.3,865.9,1.8,191,Bhaisipati,27.6515,85.3008
2023-05-18T23:00,17.3,96,16.7,865.4,1.5,166,Bhaisipati,27.6515,85.3008
2023-05-19T00:00,16.4,97,15.9,864.4,1.1,162,Bhaisipati,27.6515,85.3008
2023-05-19T01:00,16.0,97,15.5,863.1,2.5,180,Bhaisipati,27.6515,85.3008
2023-05-19T02:00,15.9,97,15.5,862.6,3.3,174,Bhaisipati,27.6515,85.3008
2023-05-19T03:00,15.7,97,15.2,862.2,1.8,169,Bhaisipati,27.6515,85.3008
2023-05-19T04:00,15.7,96,15.1,862.3,2.5,180,Bhaisipati,27.6515,85.3008
2023-05-19T05:00,16.4,94,15.4,863.8,1.4,180,Bhaisipati,27.6515,85.3008
2023-05-19T06:00,17.9,94,16.9,864.9,5.9,166,Bhaisipati,27.6515,85.3008
2023-05-19T07:00,20.1,81,16.7,866.0,3.3,131,Bhaisipati,27.6515,85.3008
2023-05-19T08:00,22.1,71,16.5,866.7,0.0,270,Bhaisipati,27.6515,85.3008
2023-05-19T09:00,23.6,60,15.5,866.8,5.4,307,Bhaisipati,27.6515,85.3008
2023-05-19T10:00,24.8,53,14.5,867.0,8.4,310,Bhaisipati,27.6515,85.3008
2023-05-19T11:00,25.5,48,13.8,867.0,10.1,305,Bhaisipati,27.6515,85.3008
2023-05-19T12:00,25.8,46,13.1,866.5,10.7,310,Bhaisipati,27.6515,85.3008
2023-05-19T13:00,25.2,47,13.2,865.9,10.6,298,Bhaisipati,27.6515,85.3008
2023-05-19T14:00,23.4,54,13.7,865.1,9.3,298,Bhaisipati,27.6515,85.3008
2023-05-19T15:00,22.9,55,13.3,864.6,9.4,302,Bhaisipati,27.6515,85.3008
2023-05-19T16:00,21.9,63,14.4,863.9,6.2,339,Bhaisipati,27.6515,85.3008
2023-05-19T17:00,20.9,70,15.2,863.8,4.9,306,Bhaisipati,27.6515,85.3008
2023-05-19T18:00,19.9,80,16.3,863.5,1.8,180,Bhaisipati,27.6515,85.3008
2023-05-19T19:00,18.9,87,16.7,863.7,2.5,172,Bhaisipati,27.6515,85.3008
2023-05-19T20:00,19.2,80,15.6,864.2,2.5,172,Bhaisipati,27.6515,85.3008
2023-05-19T21:00,18.0,83,15.2,863.8,4.3,175,Bhaisipati,27.6515,85.3008
2023-05-19T22:00,16.9,87,14.8,863.2,6.2,173,Bhaisipati,27.6515,85.3008
2023-05-19T23:00,16.1,89,14.2,862.6,7.2,174,Bhaisipati,27.6515,85.3008
2023-05-20T00:00,16.1,86,13.7,862.2,3.3,174,Bhaisipati,27.6515,85.3008
2023-05-20T01:00,16.1,83,13.3,861.7,4.3,175,Bhaisipati,27.6515,85.3008
2023-05-20T02:00,15.8,83,13.0,861.1,6.2,170,Bhaisipati,27.6515,85.3008
2023-05-20T03:00,15.6,83,12.8,860.6,5.8,173,Bhaisipati,27.6515,85.3008
2023-05-20T04:00,15.7,83,12.8,861.0,3.6,186,Bhaisipati,27.6515,85.3008
2023-05-20T05:00,14.8,93,13.7,861.7,3.6,174,Bhaisipati,27.6515,85.3008
2023-05-20T06:00,17.5,90,15.9,863.2,4.0,175,Bhaisipati,27.6515,85.3008
2023-05-20T07:00,20.7,66,14.1,864.8,3.1,126,Bhaisipati,27.6515,85.3008
2023-05-20T08:00,22.4,62,14.7,865.3,2.2,99,Bhaisipati,27.6515,85.3008
2023-05-20T09:00,23.6,57,14.5,865.5,2.3,309,Bhaisipati,27.6515,85.3008
2023-05-20T10:00,24.1,56,14.9,865.7,5.0,300,Bhaisipati,27.6515,85.3008
2023-05-20T11:00,23.9,61,16.0,865.5,4.7,279,Bhaisipati,27.6515,85.3008
2023-05-20T12:00,24.2,61,16.1,865.1,5.4,278,Bhaisipati,27.6515,85.3008
2023-05-20T13:00,24.5,59,16.0,864.8,5.8,270,Bhaisipati,27.6515,85.3008
2023-05-20T14:00,22.7,63,15.4,864.4,2.5,360,Bhaisipati,27.6515,85.3008
2023-05-20T15:00,22.4,64,15.2,864.1,4.0,360,Bhaisipati,27.6515,85.3008
2023-05-20T16:00,21.9,66,15.3,864.0,3.3,311,Bhaisipati,27.6515,85.3008
2023-05-20T17:00,21.8,67,15.3,864.2,3.3,311,Bhaisipati,27.6515,85.3008
2023-05-20T18:00,20.5,78,16.6,864.3,3.4,302,Bhaisipati,27.6515,85.3008
2023-05-20T19:00,20.1,69,14.3,865.3,1.1,108,Bhaisipati,27.6515,85.3008
2023-05-20T20:00,17.8,82,14.8,864.6,2.4,153,Bhaisipati,27.6515,85.3008
2023-05-20T21:00,17.5,87,15.4,864.4,4.7,171,Bhaisipati,27.6515,85.3008
2023-05-20T22:00,16.5,93,15.4,863.9,4.0,170,Bhaisipati,27.6515,85.3008
2023-05-20T23:00,15.9,93,14.9,863.0,4.5,166,Bhaisipati,27.6515,85.3008
2023-05-21T00:00,15.6,92,14.3,862.3,5.4,172,Bhaisipati,27.6515,85.3008
2023-05-21T01:00,15.5,90,13.8,861.6,5.9,169,Bhaisipati,27.6515,85.3008
2023-05-21T02:00,15.6,87,13.4,861.4,5.2,168,Bhaisipati,27.6515,85.3008
2023-05-21T03:00,15.8,82,12.8,861.4,4.0,175,Bhaisipati,27.6515,85.3008
2023-05-21T04:00,15.7,79,12.2,862.1,2.5,172,Bhaisipati,27.6515,85.3008
2023-05-21T05:00,16.7,84,14.0,864.3,5.6,153,Bhaisipati,27.6515,85.3008
2023-05-21T06:00,18.9,73,14.1,865.3,5.4,184,Bhaisipati,27.6515,85.3008
2023-05-21T07:00,21.3,60,13.3,866.7,2.4,207,Bhaisipati,27.6515,85.3008
2023-05-21T08:00,22.6,57,13.5,867.2,2.2,351,Bhaisipati,27.6515,85.3008
2023-05-21T09:00,23.9,52,13.3,867.7,6.6,315,Bhaisipati,27.6515,85.3008
2023-05-21T10:00,24.8,48,13.2,867.5,8.7,312,Bhaisipati,27.6515,85.3008
2023-05-21T11:00,25.1,47,13.2,867.4,8.9,302,Bhaisipati,27.6515,85.3008
2023-05-21T12:00,24.9,48,13.2,866.7,8.1,283,Bhaisipati,27.6515,85.3008
2023-05-21T13:00,25.3,47,13.2,866.2,7.9,286,Bhaisipati,27.6515,85.3008
2023-05-21T14:00,24.4,49,13.1,865.3,6.2,277,Bhaisipati,27.6515,85.3008
2023-05-21T15:00,24.7,51,13.8,865.0,7.1,311,Bhaisipati,27.6515,85.3008
2023-05-21T16:00,23.9,54,14.0,864.9,7.1,300,Bhaisipati,27.6515,85.3008
2023-05-21T17:00,22.2,64,15.1,865.1,4.3,360,Bhaisipati,27.6515,85.3008
2023-05-21T18:00,20.4,82,17.3,864.7,2.5,8,Bhaisipati,27.6515,85.3008
2023-05-21T19:00,19.7,78,15.8,864.8,1.9,202,Bhaisipati,27.6515,85.3008
2023-05-21T20:00,18.9,82,15.7,864.9,2.2,171,Bhaisipati,27.6515,85.3008
2023-05-21T21:00,18.4,83,15.5,865.1,2.6,164,Bhaisipati,27.6515,85.3008
2023-05-21T22:00,17.5,86,15.2,864.9,5.4,160,Bhaisipati,27.6515,85.3008
2023-05-21T23:00,16.9,87,14.8,864.5,6.0,163,Bhaisipati,27.6515,85.3008
2023-05-22T00:00,16.6,87,14.3,864.1,6.6,167,Bhaisipati,27.6515,85.3008
2023-05-22T01:00,16.4,85,13.9,863.8,5.9,166,Bhaisipati,27.6515,85.3008
2023-05-22T02:00,16.4,84,13.7,863.8,4.7,171,Bhaisipati,27.6515,85.3008
2023-05-22T03:00,16.5,83,13.7,864.0,2.2,171,Bhaisipati,27.6515,85.3008
2023-05-22T04:00,16.8,81,13.6,864.3,1.1,162,Bhaisipati,27.6515,85.3008
2023-05-22T05:00,17.4,79,13.8,865.0,2.7,157,Bhaisipati,27.6515,85.3008
2023-05-22T06:00,20.1,71,14.8,866.5,3.5,156,Bhaisipati,27.6515,85.3008
2023-05-22T07:00,22.4,61,14.6,868.0,2.3,39,Bhaisipati,27.6515,85.3008
2023-05-22T08:00,23.9,55,14.4,868.8,3.6,354,Bhaisipati,27.6515,85.3008
2023-05-22T09:00,25.1,52,14.7,869.2,7.7,311,Bhaisipati,27.6515,85.3008
2023-05-22T10:00,25.4,54,15.5,869.2,11.5,316,Bhaisipati,27.6515,85.3008
2023-05-22T11:00,25.4,54,15.4,869.1,10.9,314,Bhaisipati,27.6515,85.3008
2023-05-22T12:00,25.6,53,15.4,868.5,8.7,312,Bhaisipati,27.6515,85.3008
2023-05-22T13:00,25.7,53,15.5,867.7,7.7,298,Bhaisipati,27.6515,85.3008
2023-05-22T14:00,25.9,53,15.4,866.9,6.9,298,Bhaisipati,27.6515,85.3008
2023-05-22T15:00,25.3,56,15.9,866.1,6.0,295,Bhaisipati,27.6515,85.3008
2023-05-22T16:00,25.1,57,16.0,865.8,3.9,292,Bhaisipati,27.6515,85.3008
2023-05-22T17:00,24.2,62,16.4,865.7,1.6,333,Bhaisipati,27.6515,85.3008
2023-05-22T18:00,23.4,64,16.3,865.7,0.7,180,Bhaisipati,27.6515,85.3008
2023-05-22T19:00,21.6,78,17.7,865.8,1.5,166,Bhaisipati,27.6515,85.3008
2023-05-22T20:00,20.9,82,17.6,866.5,3.6,180,Bhaisipati,27.6515,85.3008
2023-05-22T21:00,19.8,88,17.7,866.5,3.3,174,Bhaisipati,27.6515,85.3008
2023-05-22T22:00,18.1,96,17.4,867.6,8.0,243,Bhaisipati,27.6515,85.3008
2023-05-22T23:00,18.1,88,16.0,866.7,6.9,133,Bhaisipati,27.6515,85.3008
2023-05-23T00:00,17.7,90,16.1,865.6,4.9,163,Bhaisipati,27.6515,85.3008
2023-05-23T01:00,17.6,91,16.1,864.8,5.1,172,Bhaisipati,27.6515,85.3008
2023-05-23T02:00,17.0,95,16.2,864.7,3.3,174,Bhaisipati,27.6515,85.3008
2023-05-23T03:00,16.5,96,15.9,864.8,1.8,191,Bhaisipati,27.6515,85.3008
2023-05-23T04:00,16.2,95,15.4,865.4,1.1,162,Bhaisipati,27.6515,85.3008
2023-05-23T05:00,17.0,98,16.7,866.2,2.8,130,Bhaisipati,27.6515,85.3008
2023-05-23T06:00,17.7,96,17.0,867.4,2.2,360,Bhaisipati,27.6515,85.3008
2023-05-23T07:00,19.4,86,16.9,868.3,3.1,159,Bhaisipati,27.6515,85.3008
2023-05-23T08:00,21.6,76,17.2,868.5,1.6,27,Bhaisipati,27.6515,85.3008
2023-05-23T09:00,23.8,65,16.8,868.8,1.3,236,Bhaisipati,27.6515,85.3008
2023-05-23T10:00,25.4,59,16.7,868.9,2.6,254,Bhaisipati,27.6515,85.3008
2023-05-23T11:00,26.1,54,16.2,869.2,1.9,158,Bhaisipati,27.6515,85.3008
2023-05-23T12:00,19.8,81,16.4,868.3,3.6,96,Bhaisipati,27.6515,85.3008
2023-05-23T13:00,23.1,63,15.6,867.6,5.6,50,Bhaisipati,27.6515,85.3008
2023-05-23T14:00,23.4,61,15.6,866.4,2.3,231,Bhaisipati,27.6515,85.3008
2023-05-23T15:00,24.1,60,16.0,865.5,2.9,270,Bhaisipati,27.6515,85.3008
2023-05-23T16:00,23.7,63,16.3,865.1,6.3,301,Bhaisipati,27.6515,85.3008
2023-05-23T17:00,20.9,73,16.0,863.7,4.3,312,Bhaisipati,27.6515,85.3008
2023-05-23T18:00,20.2,79,16.4,863.6,2.3,162,Bhaisipati,27.6515,85.3008
2023-05-23T19:00,19.4,83,16.5,863.5,4.8,153,Bhaisipati,27.6515,85.3008
2023-05-23T20:00,18.8,87,16.6,863.8,4.9,163,Bhaisipati,27.6515,85.3008
2023-05-23T21:00,18.3,90,16.6,864.7,4.7,176,Bhaisipati,27.6515,85.3008
2023-05-23T22:00,18.3,91,16.8,865.6,3.3,167,Bhaisipati,27.6515,85.3008
2023-05-23T23:00,18.3,92,17.0,865.9,3.4,148,Bhaisipati,27.6515,85.3008
2023-05-24T00:00,17.6,96,17.0,864.8,5.4,160,Bhaisipati,27.6515,85.3008
2023-05-24T01:00,17.4,97,16.9,864.4,5.9,166,Bhaisipati,27.6515,85.3008
2023-05-24T02:00,17.3,97,16.9,864.1,5.6,165,Bhaisipati,27.6515,85.3008
2023-05-24T03:00,17.2,98,16.9,863.8,4.7,157,Bhaisipati,27.6515,85.3008
2023-05-24T04:00,17.2,96,16.6,863.6,5.8,173,Bhaisipati,27.6515,85.3008
2023-05-24T05:00,17.4,92,16.2,864.8,6.2,159,Bhaisipati,27.6515,85.3008
2023-05-24T06:00,19.6,83,16.7,866.5,3.1,216,Bhaisipati,27.6515,85.3008
2023-05-24T07:00,20.4,77,16.2,867.8,2.6,34,Bhaisipati,27.6515,85.3008
2023-05-24T08:00,21.0,75,16.5,868.1,2.3,342,Bhaisipati,27.6515,85.3008
2023-05-24T09:00,23.4,64,16.3,868.1,2.6,124,Bhaisipati,27.6515,85.3008
2023-05-24T10:00,25.5,55,15.9,867.9,0.8,63,Bhaisipati,27.6515,85.3008
2023-05-24T11:00,22.6,66,16.0,867.3,9.7,222,Bhaisipati,27.6515,85.3008
2023-05-24T12:00,22.8,66,16.1,866.4,2.5,8,Bhaisipati,27.6515,85.3008
2023-05-24T13:00,22.2,69,16.2,865.4,6.3,24,Bhaisipati,27.6515,85.3008
2023-05-24T14:00,23.2,67,16.7,864.2,0.5,315,Bhaisipati,27.6515,85.3008
2023-05-24T15:00,24.1,60,15.8,863.5,4.5,284,Bhaisipati,27.6515,85.3008
2023-05-24T16:00,23.1,66,16.3,862.7,4.2,301,Bhaisipati,27.6515,85.3008
2023-05-24T17:00,19.7,80,16.3,862.6,0.4,90,Bhaisipati,27.6515,85.3008
2023-05-24T18:00,19.9,81,16.6,862.9,2.7,157,Bhaisipati,27.6515,85.3008
2023-05-24T19:00,19.2,89,17.4,863.2,2.3,162,Bhaisipati,27.6515,85.3008
2023-05-24T20:00,18.4,94,17.4,863.6,1.1,162,Bhaisipati,27.6515,85.3008
2023-05-24T21:00,18.0,97,17.5,864.3,1.8,169,Bhaisipati,27.6515,85.3008
2023-05-24T22:00,18.3,96,17.6,864.7,3.7,169,Bhaisipati,27.6515,85.3008
2023-05-24T23:00,17.1,97,16.6,864.9,4.0,275,Bhaisipati,27.6515,85.3008
2023-05-25T00:00,17.1,96,16.5,864.3,3.8,221,Bhaisipati,27.6515,85.3008
2023-05-25T01:00,16.9,94,16.0,863.3,3.4,148,Bhaisipati,27.6515,85.3008
2023-05-25T02:00,15.7,86,13.5,863.6,1.1,270,Bhaisipati,27.6515,85.3008
2023-05-25T03:00,16.2,94,15.2,863.2,4.1,128,Bhaisipati,27.6515,85.3008
2023-05-25T04:00,16.3,95,15.5,863.4,3.4,148,Bhaisipati,27.6515,85.3008
2023-05-25T05:00,16.4,96,15.7,863.3,4.6,162,Bhaisipati,27.6515,85.3008
2023-05-25T06:00,18.3,90,16.7,864.2,6.4,153,Bhaisipati,27.6515,85.3008
2023-05-25T07:00,20.7,77,16.5,865.6,4.0,153,Bhaisipati,27.6515,85.3008
2023-05-25T08:00,22.1,71,16.7,866.1,3.3,229,Bhaisipati,27.6515,85.3008
2023-05-25T09:00,21.9,75,17.4,866.5,6.8,267,Bhaisipati,27.6515,85.3008
2023-05-25T10:00,20.6,82,17.4,866.3,6.8,25,Bhaisipati,27.6515,85.3008
2023-05-25T11:00,22.0,72,16.7,866.2,8.9,328,Bhaisipati,27.6515,85.3008
2023-05-25T12:00,19.9,82,16.8,865.0,3.7,241,Bhaisipati,27.6515,85.3008
2023-05-25T13:00,19.2,90,17.4,864.2,2.9,7,Bhaisipati,27.6515,85.3008
2023-05-25T14:00,20.3,85,17.7,863.7,4.7,351,Bhaisipati,27.6515,85.3008
2023-05-25T15:00,19.9,83,17.0,862.8,3.1,339,Bhaisipati,27.6515,85.3008
2023-05-25T16:00,20.2,80,16.6,862.1,1.8,90,Bhaisipati,27.6515,85.3008
2023-05-25T17:00,19.4,82,16.4,863.6,1.9,22,Bhaisipati,27.6515,85.3008
2023-05-25T18:00,19.0,87,16.8,863.2,3.9,146,Bhaisipati,27.6515,85.3008
2023-05-25T19:00,18.6,90,16.9,862.7,5.0,159,Bhaisipati,27.6515,85.3008
2023-05-25T20:00,17.6,93,16.4,862.4,4.0,170,Bhaisipati,27.6515,85.3008
2023-05-25T21:00,17.9,91,16.4,862.8,3.6,174,Bhaisipati,27.6515,85.3008
2023-05-25T22:00,17.9,90,16.2,863.1,4.0,175,Bhaisipati,27.6515,85.3008
2023-05-25T23:00,17.8,88,15.8,862.9,4.7,171,Bhaisipati,27.6515,85.3008
2023-05-26T00:00,17.4,86,15.1,862.5,3.6,174,Bhaisipati,27.6515,85.3008
2023-05-26T01:00,16.8,88,14.8,861.9,3.3,186,Bhaisipati,27.6515,85.3008
2023-05-26T02:00,16.2,89,14.5,861.5,2.5,180,Bhaisipati,27.6515,85.3008
2023-05-26T03:00,15.4,92,14.1,861.7,1.8,180,Bhaisipati,27.6515,85.3008
2023-05-26T04:00,15.2,94,14.2,861.9,2.9,173,Bhaisipati,27.6515,85.3008
2023-05-26T05:00,15.8,93,14.7,863.0,2.9,173,Bhaisipati,27.6515,85.3008
2023-05-26T06:00,17.4,90,15.7,864.7,2.4,153,Bhaisipati,27.6515,85.3008
2023-05-26T07:00,18.9,77,14.8,865.5,3.4,122,Bhaisipati,27.6515,85.3008
2023-05-26T08:00,20.9,69,14.9,866.6,2.3,51,Bhaisipati,27.6515,85.3008
2023-05-26T09:00,22.4,62,14.8,867.5,2.6,304,Bhaisipati,27.6515,85.3008
2023-05-26T10:00,22.4,67,16.0,867.4,7.6,270,Bhaisipati,27.6515,85.3008
2023-05-26T11:00,17.7,85,15.1,867.0,4.2,110,Bhaisipati,27.6515,85.3008
2023-05-26T12:00,18.4,81,15.1,866.2,4.1,195,Bhaisipati,27.6515,85.3008
2023-05-26T13:00,20.3,73,15.4,865.6,3.9,56,Bhaisipati,27.6515,85.3008
2023-05-26T14:00,22.2,62,14.6,864.7,1.8,37,Bhaisipati,27.6515,85.3008
2023-05-26T15:00,23.7,55,14.1,863.9,1.0,135,Bhaisipati,27.6515,85.3008
2023-05-26T16:00,23.6,57,14.7,863.8,5.0,270,Bhaisipati,27.6515,85.3008
2023-05-26T17:00,21.2,64,14.2,863.0,2.9,173,Bhaisipati,27.6515,85.3008
2023-05-26T18:00,19.9,77,15.6,863.2,3.3,186,Bhaisipati,27.6515,85.3008
2023-05-26T19:00,18.2,82,15.1,863.9,3.1,201,Bhaisipati,27.6515,85.3008
2023-05-26T20:00,17.6,86,15.3,864.3,0.5,135,Bhaisipati,27.6515,85.3008
2023-05-26T21:00,17.3,91,15.9,864.8,0.5,135,Bhaisipati,27.6515,85.3008
2023-05-26T22:00,17.3,91,15.7,864.3,3.1,144,Bhaisipati,27.6515,85.3008
2023-05-26T23:00,17.1,92,15.8,863.8,2.7,157,Bhaisipati,27.6515,85.3008
2023-05-27T00:00,16.4,94,15.4,862.8,3.0,166,Bhaisipati,27.6515,85.3008
2023-05-27T01:00,16.2,95,15.4,862.2,3.8,163,Bhaisipati,27.6515,85.3008
2023-05-27T02:00,15.9,96,15.3,862.0,4.5,166,Bhaisipati,27.6515,85.3008
2023-05-27T03:00,15.6,96,14.9,861.5,3.3,174,Bhaisipati,27.6515,85.3008
2023-05-27T04:00,15.4,97,14.8,861.7,1.4,180,Bhaisipati,27.6515,85.3008
2023-05-27T05:00,14.9,97,14.4,861.9,5.2,164,Bhaisipati,27.6515,85.3008
2023-05-27T06:00,17.1,89,15.2,863.0,3.8,163,Bhaisipati,27.6515,85.3008
2023-05-27T07:00,19.3,74,14.5,864.0,1.5,135,Bhaisipati,27.6515,85.3008
2023-05-27T08:00,20.8,70,15.0,864.9,1.8,307,Bhaisipati,27.6515,85.3008
2023-05-27T09:00,22.1,64,15.0,865.7,6.9,309,Bhaisipati,27.6515,85.3008
2023-05-27T10:00,22.5,67,16.1,865.8,7.2,297,Bhaisipati,27.6515,85.3008
2023-05-27T11:00,23.1,66,16.3,865.5,4.6,315,Bhaisipati,27.6515,85.3008
2023-05-27T12:00,23.4,64,16.2,865.3,5.6,255,Bhaisipati,27.6515,85.3008
2023-05-27T13:00,22.7,66,16.1,864.6,2.9,180,Bhaisipati,27.6515,85.3008
2023-05-27T14:00,21.1,73,16.0,863.9,5.6,310,Bhaisipati,27.6515,85.3008
2023-05-27T15:00,21.7,70,16.1,863.7,2.6,304,Bhaisipati,27.6515,85.3008
2023-05-27T16:00,21.3,72,15.9,863.5,4.3,312,Bhaisipati,27.6515,85.3008
2023-05-27T17:00,19.4,80,16.0,863.5,4.7,356,Bhaisipati,27.6515,85.3008
2023-05-27T18:00,18.1,92,16.7,863.7,2.5,352,Bhaisipati,27.6515,85.3008
2023-05-27T19:00,17.4,93,16.2,863.8,0.8,117,Bhaisipati,27.6515,85.3008
2023-05-27T20:00,17.1,92,15.8,864.2,3.3,174,Bhaisipati,27.6515,85.3008
2023-05-27T21:00,16.4,94,15.5,864.5,2.9,173,Bhaisipati,27.6515,85.3008
2023-05-27T22:00,16.1,95,15.3,864.6,0.7,180,Bhaisipati,27.6515,85.3008
2023-05-27T23:00,15.9,95,15.2,864.3,3.3,174,Bhaisipati,27.6515,85.3008
2023-05-28T00:00,15.6,95,14.9,863.4,2.2,171,Bhaisipati,27.6515,85.3008
2023-05-28T01:00,15.0,97,14.5,862.7,2.9,180,Bhaisipati,27.6515,85.3008
2023-05-28T02:00,14.5,96,13.9,862.5,3.6,174,Bhaisipati,27.6515,85.3008
2023-05-28T03:00,13.9,98,13.6,862.2,4.3,175,Bhaisipati,27.6515,85.3008
2023-05-28T04:00,13.3,100,13.3,862.0,5.4,172,Bhaisipati,27.6515,85.3008
2023-05-28T05:00,14.3,100,14.3,863.1,5.1,176,Bhaisipati,27.6515,85.3008
2023-05-28T06:00,16.6,98,16.2,865.0,3.6,174,Bhaisipati,27.6515,85.3008
2023-05-28T07:00,19.2,79,15.4,866.4,1.4,90,Bhaisipati,27.6515,85.3008
2023-05-28T08:00,20.4,72,15.2,866.7,0.5,45,Bhaisipati,27.6515,85.3008
2023-05-28T09:00,21.6,65,14.7,867.0,2.5,278,Bhaisipati,27.6515,85.3008
2023-05-28T10:00,22.2,62,14.6,867.1,4.7,279,Bhaisipati,27.6515,85.3008
2023-05-28T11:00,22.3,65,15.4,867.3,3.1,315,Bhaisipati,27.6515,85.3008
2023-05-28T12:00,22.7,62,15.0,867.0,4.7,328,Bhaisipati,27.6515,85.3008
2023-05-28T13:00,23.3,57,14.2,866.5,5.0,300,Bhaisipati,27.6515,85.3008
2023-05-28T14:00,23.3,58,14.7,866.1,5.7,305,Bhaisipati,27.6515,85.3008
2023-05-28T15:00,23.1,61,15.2,865.7,5.8,300,Bhaisipati,27.6515,85.3008
2023-05-28T16:00,22.6,64,15.5,865.4,3.6,276,Bhaisipati,27.6515,85.3008
2023-05-28T17:00,21.4,70,15.9,865.2,4.4,235,Bhaisipati,27.6515,85.3008
2023-05-28T18:00,20.9,75,16.2,865.4,1.0,135,Bhaisipati,27.6515,85.3008
2023-05-28T19:00,18.8,86,16.4,865.4,3.3,167,Bhaisipati,27.6515,85.3008
2023-05-28T20:00,17.8,93,16.6,866.3,3.0,194,Bhaisipati,27.6515,85.3008
2023-05-28T21:00,17.8,95,17.1,867.0,1.8,180,Bhaisipati,27.6515,85.3008
2023-05-28T22:00,17.2,97,16.7,866.8,1.8,169,Bhaisipati,27.6515,85.3008
2023-05-28T23:00,16.9,97,16.4,866.5,2.5,172,Bhaisipati,27.6515,85.3008
2023-05-29T00:00,16.6,96,16.0,865.6,2.5,172,Bhaisipati,27.6515,85.3008
2023-05-29T01:00,16.3,96,15.6,865.3,1.5,166,Bhaisipati,27.6515,85.3008
2023-05-29T02:00,16.2,94,15.3,865.2,2.2,171,Bhaisipati,27.6515,85.3008
2023-05-29T03:00,16.1,93,15.0,865.0,2.9,173,Bhaisipati,27.6515,85.3008
2023-05-29T04:00,15.9,93,14.7,865.1,3.3,167,Bhaisipati,27.6515,85.3008
2023-05-29T05:00,17.2,86,14.8,866.5,3.0,166,Bhaisipati,27.6515,85.3008
2023-05-29T06:00,18.9,88,16.9,867.9,3.3,174,Bhaisipati,27.6515,85.3008
2023-05-29T07:00,20.9,73,16.0,869.2,2.4,27,Bhaisipati,27.6515,85.3008
2023-05-29T08:00,21.9,70,16.1,869.4,3.7,349,Bhaisipati,27.6515,85.3008
2023-05-29T09:00,23.2,63,15.7,869.9,5.4,318,Bhaisipati,27.6515,85.3008
2023-05-29T10:00,23.6,60,15.4,869.8,6.4,317,Bhaisipati,27.6515,85.3008
2023-05-29T11:00,24.4,57,15.2,869.5,6.4,322,Bhaisipati,27.6515,85.3008
2023-05-29T12:00,24.8,56,15.4,868.6,5.1,321,Bhaisipati,27.6515,85.3008
2023-05-29T13:00,25.3,55,15.7,867.6,3.1,339,Bhaisipati,27.6515,85.3008
2023-05-29T14:00,25.4,55,15.8,867.4,3.9,304,Bhaisipati,27.6515,85.3008
2023-05-29T15:00,24.8,60,16.5,867.0,8.5,282,Bhaisipati,27.6515,85.3008
2023-05-29T16:00,23.6,65,16.7,867.0,6.6,241,Bhaisipati,27.6515,85.3008
2023-05-29T17:00,22.6,70,16.8,866.9,4.9,216,Bhaisipati,27.6515,85.3008
2023-05-29T18:00,21.4,79,17.6,866.6,2.9,173,Bhaisipati,27.6515,85.3008
2023-05-29T19:00,20.4,82,17.3,866.7,2.9,173,Bhaisipati,27.6515,85.3008
2023-05-29T20:00,19.4,87,17.2,866.8,3.3,174,Bhaisipati,27.6515,85.3008
2023-05-29T21:00,18.8,90,17.1,867.2,3.2,180,Bhaisipati,27.6515,85.3008
2023-05-29T22:00,17.9,93,16.8,867.2,4.0,175,Bhaisipati,27.6515,85.3008
2023-05-29T23:00,17.4,95,16.6,867.0,4.0,175,Bhaisipati,27.6515,85.3008
2023-05-30T00:00,17.3,95,16.5,866.7,4.3,175,Bhaisipati,27.6515,85.3008
2023-05-30T01:00,17.2,94,16.3,866.3,5.1,172,Bhaisipati,27.6515,85.3008
2023-05-30T02:00,17.0,94,16.1,866.3,4.7,176,Bhaisipati,27.6515,85.3008
2023-05-30T03:00,16.9,94,15.9,866.3,2.9,173,Bhaisipati,27.6515,85.3008
2023-05-30T04:00,16.8,94,15.7,866.2,3.6,174,Bhaisipati,27.6515,85.3008
2023-05-30T05:00,17.8,89,15.9,867.0,4.0,180,Bhaisipati,27.6515,85.3008
2023-05-30T06:00,20.2,86,17.8,868.5,4.0,170,Bhaisipati,27.6515,85.3008
2023-05-30T07:00,22.6,71,17.0,869.3,2.6,124,Bhaisipati,27.6515,85.3008
2023-05-30T08:00,23.9,65,17.1,869.5,0.8,27,Bhaisipati,27.6515,85.3008
2023-05-30T09:00,25.5,59,17.0,869.8,5.3,298,Bhaisipati,27.6515,85.3008
2023-05-30T10:00,26.1,56,16.6,869.6,9.9,314,Bhaisipati,27.6515,85.3008
2023-05-30T11:00,26.1,56,16.7,869.3,9.4,317,Bhaisipati,27.6515,85.3008
2023-05-30T12:00,26.4,55,16.7,868.7,5.1,309,Bhaisipati,27.6515,85.3008
2023-05-30T13:00,26.7,54,16.5,867.9,4.7,302,Bhaisipati,27.6515,85.3008
2023-05-30T14:00,26.7,54,16.6,867.2,4.7,302,Bhaisipati,27.6515,85.3008
2023-05-30T15:00,26.5,54,16.3,866.6,4.7,293,Bhaisipati,27.6515,85.3008
2023-05-30T16:00,25.9,55,16.1,866.1,4.6,315,Bhaisipati,27.6515,85.3008
2023-05-30T17:00,25.0,59,16.6,866.2,3.0,166,Bhaisipati,27.6515,85.3008
2023-05-30T18:00,23.2,74,18.3,866.0,2.3,162,Bhaisipati,27.6515,85.3008
2023-05-30T19:00,21.4,79,17.6,865.5,3.6,174,Bhaisipati,27.6515,85.3008
2023-05-30T20:00,20.1,84,17.4,865.2,4.3,180,Bhaisipati,27.6515,85.3008
2023-05-30T21:00,19.4,87,17.1,865.6,4.0,175,Bhaisipati,27.6515,85.3008
2023-05-30T22:00,19.3,85,16.8,866.1,4.4,171,Bhaisipati,27.6515,85.3008
2023-05-30T23:00,19.1,84,16.3,866.0,4.0,170,Bhaisipati,27.6515,85.3008
2023-05-31T00:00,19.0,82,15.8,865.5,3.3,167,Bhaisipati,27.6515,85.3008
2023-05-31T01:00,18.9,79,15.3,864.8,4.1,165,Bhaisipati,27.6515,85.3008
2023-05-31T02:00,18.7,80,15.1,864.4,4.8,167,Bhaisipati,27.6515,85.3008
2023-05-31T03:00,18.4,80,14.9,864.2,4.4,171,Bhaisipati,27.6515,85.3008
2023-05-31T04:00,18.3,80,14.7,864.5,3.3,174,Bhaisipati,27.6515,85.3008
2023-05-31T05:00,19.1,75,14.6,865.4,2.5,172,Bhaisipati,27.6515,85.3008
2023-05-31T06:00,21.3,75,16.6,866.7,4.8,167,Bhaisipati,27.6515,85.3008
2023-05-31T07:00,24.1,60,15.8,868.5,0.5,45,Bhaisipati,27.6515,85.3008
2023-05-31T08:00,24.9,57,15.9,868.7,3.7,331,Bhaisipati,27.6515,85.3008
2023-05-31T09:00,26.1,53,15.6,869.0,6.4,322,Bhaisipati,27.6515,85.3008
2023-05-31T10:00,26.9,48,15.1,868.8,8.4,313,Bhaisipati,27.6515,85.3008
2023-05-31T11:00,27.7,46,15.0,868.4,7.4,309,Bhaisipati,27.6515,85.3008
2023-05-31T12:00,28.3,45,15.1,867.7,8.7,315,Bhaisipati,27.6515,85.3008
2023-05-31T13:00,28.3,44,14.9,867.1,9.0,299,Bhaisipati,27.6515,85.3008
2023-05-31T14:00,27.9,45,14.8,866.5,7.6,289,Bhaisipati,27.6515,85.3008
2023-05-31T15:00,27.7,46,14.9,865.8,8.9,291,Bhaisipati,27.6515,85.3008
2023-05-31T16:00,26.9,47,14.6,865.1,9.3,298,Bhaisipati,27.6515,85.3008
2023-05-31T17:00,26.5,46,14.1,864.9,7.9,300,Bhaisipati,27.6515,85.3008
2023-05-31T18:00,24.2,64,16.8,864.1,5.2,282,Bhaisipati,27.6515,85.3008
2023-05-31T19:00,22.7,71,17.2,864.2,4.6,219,Bhaisipati,27.6515,85.3008
2023-05-31T20:00,21.9,70,16.1,864.1,2.5,188,Bhaisipati,27.6515,85.3008
2023-05-31T21:00,20.9,73,16.0,863.9,1.1,180,Bhaisipati,27.6515,85.3008
2023-05-31T22:00,20.5,72,15.3,863.7,1.1,180,Bhaisipati,27.6515,85.3008
2023-05-31T23:00,20.2,69,14.4,863.5,2.2,180,Bhaisipati,27.6515,85.3008
2023-06-01T00:00,19.9,66,13.5,863.0,2.5,180,Bhaisipati,27.6515,85.3008
2023-06-01T01:00,19.7,65,12.9,862.0,3.3,174,Bhaisipati,27.6515,85.3008
2023-06-01T02:00,19.4,64,12.4,861.5,3.6,174,Bhaisipati,27.6515,85.3008
2023-06-01T03:00,18.9,64,12.1,861.3,3.0,166,Bhaisipati,27.6515,85.3008
2023-06-01T04:00,18.8,64,11.8,861.6,3.0,166,Bhaisipati,27.6515,85.3008
2023-06-01T05:00,19.2,69,13.3,862.5,5.2,168,Bhaisipati,27.6515,85.3008
2023-06-01T06:00,22.2,60,14.0,864.4,4.1,165,Bhaisipati,27.6515,85.3008
2023-06-01T07:00,24.9,47,12.7,865.9,1.1,72,Bhaisipati,27.6515,85.3008
2023-06-01T08:00,26.0,46,13.5,866.3,3.1,339,Bhaisipati,27.6515,85.3008
2023-06-01T09:00,27.1,44,13.7,866.5,5.5,328,Bhaisipati,27.6515,85.3008
2023-06-01T10:00,28.1,41,13.4,866.3,6.3,329,Bhaisipati,27.6515,85.3008
2023-06-01T11:00,29.2,35,12.0,866.1,7.0,325,Bhaisipati,27.6515,85.3008
2023-06-01T12:00,29.5,34,12.1,865.3,8.7,315,Bhaisipati,27.6515,85.3008
2023-06-01T13:00,29.5,34,12.0,864.5,9.9,314,Bhaisipati,27.6515,85.3008
2023-06-01T14:00,28.9,36,12.3,863.9,11.2,318,Bhaisipati,27.6515,85.3008
2023-06-01T15:00,28.2,37,12.3,863.1,11.0,322,Bhaisipati,27.6515,85.3008
2023-06-01T16:00,27.5,37,11.5,862.7,9.9,316,Bhaisipati,27.6515,85.3008
2023-06-01T17:00,26.9,36,10.5,863.5,7.3,281,Bhaisipati,27.6515,85.3008
2023-06-01T18:00,24.7,51,13.9,862.8,4.3,228,Bhaisipati,27.6515,85.3008
2023-06-01T19:00,22.9,59,14.4,862.3,2.2,180,Bhaisipati,27.6515,85.3008
2023-06-01T20:00,21.7,58,13.0,862.2,2.5,188,Bhaisipati,27.6515,85.3008
2023-06-01T21:00,20.8,55,11.3,862.1,2.2,189,Bhaisipati,27.6515,85.3008
2023-06-01T22:00,20.1,55,10.8,861.9,2.2,180,Bhaisipati,27.6515,85.3008
2023-06-01T23:00,19.6,57,10.7,861.8,2.2,180,Bhaisipati,27.6515,85.3008
2023-06-02T00:00,19.2,57,10.5,861.3,3.3,174,Bhaisipati,27.6515,85.3008
2023-06-02T01:00,18.8,59,10.7,860.8,3.3,174,Bhaisipati,27.6515,85.3008
2023-06-02T02:00,18.6,61,10.9,860.5,3.3,174,Bhaisipati,27.6515,85.3008
2023-06-02T03:00,18.4,62,11.0,860.2,3.7,169,Bhaisipati,27.6515,85.3008
2023-06-02T04:00,18.2,63,11.0,860.4,3.7,169,Bhaisipati,27.6515,85.3008
2023-06-02T05:00,18.8,64,11.8,861.4,3.0,166,Bhaisipati,27.6515,85.3008
2023-06-02T06:00,21.0,64,13.9,863.0,5.2,168,Bhaisipati,27.6515,85.3008
2023-06-02T07:00,24.5,48,12.7,864.9,2.8,130,Bhaisipati,27.6515,85.3008
2023-06-02T08:00,26.0,41,11.8,865.4,1.9,68,Bhaisipati,27.6515,85.3008
2023-06-02T09:00,27.2,38,11.8,866.0,2.3,342,Bhaisipati,27.6515,85.3008
2023-06-02T10:00,27.7,37,11.8,866.1,3.1,291,Bhaisipati,27.6515,85.3008
2023-06-02T11:00,28.0,35,11.3,866.2,4.1,285,Bhaisipati,27.6515,85.3008
2023-06-02T12:00,28.5,35,11.5,865.7,4.0,280,Bhaisipati,27.6515,85.3008
2023-06-02T13:00,28.5,35,11.5,865.0,6.6,283,Bhaisipati,27.6515,85.3008
2023-06-02T14:00,27.8,37,11.9,864.3,6.6,279,Bhaisipati,27.6515,85.3008
2023-06-02T15:00,27.9,37,11.8,863.7,4.3,294,Bhaisipati,27.6515,85.3008
2023-06-02T16:00,27.4,38,11.7,863.2,6.1,315,Bhaisipati,27.6515,85.3008
2023-06-02T17:00,26.9,41,12.5,863.6,3.7,281,Bhaisipati,27.6515,85.3008
2023-06-02T18:00,24.6,58,15.7,863.2,4.3,275,Bhaisipati,27.6515,85.3008
2023-06-02T19:00,22.8,65,15.9,863.4,6.3,301,Bhaisipati,27.6515,85.3008
2023-06-02T20:00,22.3,61,14.4,863.6,2.4,243,Bhaisipati,27.6515,85.3008
2023-06-02T21:00,21.2,63,13.9,863.5,3.3,186,Bhaisipati,27.6515,85.3008
2023-06-02T22:00,20.5,65,13.8,863.2,2.2,180,Bhaisipati,27.6515,85.3008
2023-06-02T23:00,20.1,64,13.1,862.8,2.2,171,Bhaisipati,27.6515,85.3008
2023-06-03T00:00,19.8,64,12.7,862.3,3.7,169,Bhaisipati,27.6515,85.3008
2023-06-03T01:00,19.1,67,12.8,861.6,3.7,169,Bhaisipati,27.6515,85.3008
2023-06-03T02:00,18.7,69,12.9,861.2,3.6,174,Bhaisipati,27.6515,85.3008
2023-06-03T03:00,18.4,70,12.8,861.3,3.6,174,Bhaisipati,27.6515,85.3008
2023-06-03T04:00,18.3,70,12.8,861.5,2.9,173,Bhaisipati,27.6515,85.3008
2023-06-03T05:00,18.9,67,12.8,862.7,2.2,171,Bhaisipati,27.6515,85.3008
2023-06-03T06:00,21.1,67,14.7,864.3,4.9,163,Bhaisipati,27.6515,85.3008
2023-06-03T07:00,24.3,50,13.1,866.4,2.8,140,Bhaisipati,27.6515,85.3008
2023-06-03T08:00,25.7,45,12.8,867.0,1.1,72,Bhaisipati,27.6515,85.3008
2023-06-03T09:00,26.5,42,12.4,867.4,0.7,360,Bhaisipati,27.6515,85.3008
2023-06-03T10:00,27.0,39,12.0,867.5,3.2,333,Bhaisipati,27.6515,85.3008
2023-06-03T11:00,27.4,38,11.8,867.4,3.6,307,Bhaisipati,27.6515,85.3008
2023-06-03T12:00,27.7,37,11.7,866.9,4.7,293,Bhaisipati,27.6515,85.3008
2023-06-03T13:00,27.7,36,11.3,866.4,4.7,293,Bhaisipati,27.6515,85.3008
2023-06-03T14:00,28.1,33,10.5,865.8,3.4,288,Bhaisipati,27.6515,85.3008
2023-06-03T15:00,28.1,32,9.8,865.0,3.2,333,Bhaisipati,27.6515,85.3008
2023-06-03T16:00,27.9,32,9.6,864.5,7.3,351,Bhaisipati,27.6515,85.3008
2023-06-03T17:00,27.2,32,9.0,865.0,5.0,330,Bhaisipati,27.6515,85.3008
2023-06-03T18:00,24.4,52,13.9,863.9,4.8,297,Bhaisipati,27.6515,85.3008
2023-06-03T19:00,22.7,57,13.7,863.7,2.9,187,Bhaisipati,27.6515,85.3008
2023-06-03T20:00,21.4,54,11.7,863.6,2.5,172,Bhaisipati,27.6515,85.3008
2023-06-03T21:00,20.4,55,11.0,863.6,3.7,169,Bhaisipati,27.6515,85.3008
2023-06-03T22:00,19.2,58,10.8,863.1,5.1,172,Bhaisipati,27.6515,85.3008
2023-06-03T23:00,18.2,61,10.6,862.6,4.7,176,Bhaisipati,27.6515,85.3008
2023-06-04T00:00,17.8,61,10.2,862.4,4.0,175,Bhaisipati,27.6515,85.3008
2023-06-04T01:00,17.8,58,9.5,861.8,4.3,175,Bhaisipati,27.6515,85.3008
2023-06-04T02:00,17.8,57,9.1,861.7,4.4,171,Bhaisipati,27.6515,85.3008
2023-06-04T03:00,17.8,56,8.9,861.8,2.9,173,Bhaisipati,27.6515,85.3008
2023-06-04T04:00,18.0,55,8.9,862.3,3.3,167,Bhaisipati,27.6515,85.3008
2023-06-04T05:00,18.8,55,9.6,863.1,4.0,170,Bhaisipati,27.6515,85.3008
2023-06-04T06:00,21.1,57,12.3,864.5,4.3,175,Bhaisipati,27.6515,85.3008
2023-06-04T07:00,24.9,41,10.8,867.0,1.6,207,Bhaisipati,27.6515,85.3008
2023-06-04T08:00,26.0,39,10.8,867.6,2.8,310,Bhaisipati,27.6515,85.3008
2023-06-04T09:00,27.0,38,11.3,867.8,5.3,332,Bhaisipati,27.6515,85.3008
2023-06-04T10:00,28.0,37,11.8,867.4,7.7,332,Bhaisipati,27.6515,85.3008
2023-06-04T11:00,28.9,34,11.6,867.1,10.2,337,Bhaisipati,27.6515,85.3008
2023-06-04T12:00,29.6,33,11.7,866.3,10.5,329,Bhaisipati,27.6515,85.3008
2023-06-04T13:00,29.5,34,11.8,865.8,11.1,306,Bhaisipati,27.6515,85.3008
2023-06-04T14:00,28.8,35,11.7,865.0,11.0,289,Bhaisipati,27.6515,85.3008
2023-06-04T15:00,28.3,36,11.8,864.2,8.0,280,Bhaisipati,27.6515,85.3008
2023-06-04T16:00,28.1,36,11.7,863.7,5.0,291,Bhaisipati,27.6515,85.3008
2023-06-04T17:00,27.2,37,11.4,863.7,3.9,292,Bhaisipati,27.6515,85.3008
2023-06-04T18:00,26.5,36,10.2,863.6,2.4,207,Bhaisipati,27.6515,85.3008
2023-06-04T19:00,23.0,59,14.7,863.0,3.2,180,Bhaisipati,27.6515,85.3008
2023-06-04T20:00,21.5,65,14.6,863.3,3.7,169,Bhaisipati,27.6515,85.3008
2023-06-04T21:00,19.7,72,14.6,863.1,4.8,167,Bhaisipati,27.6515,85.3008
2023-06-04T22:00,18.5,76,14.3,862.9,5.4,172,Bhaisipati,27.6515,85.3008
2023-06-04T23:00,17.6,77,13.6,862.4,5.5,169,Bhaisipati,27.6515,85.3008
2023-06-05T00:00,17.5,74,12.8,861.9,5.5,169,Bhaisipati,27.6515,85.3008
2023-06-05T01:00,17.9,70,12.4,861.4,5.2,168,Bhaisipati,27.6515,85.3008
2023-06-05T02:00,18.0,68,12.1,861.1,5.2,168,Bhaisipati,27.6515,85.3008
2023-06-05T03:00,17.9,68,11.9,860.9,5.1,172,Bhaisipati,27.6515,85.3008
2023-06-05T04:00,17.8,68,11.8,861.5,4.4,171,Bhaisipati,27.6515,85.3008
2023-06-05T05:00,18.9,65,12.0,862.6,5.5,169,Bhaisipati,27.6515,85.3008
2023-06-05T06:00,21.3,65,14.5,864.2,6.0,163,Bhaisipati,27.6515,85.3008
2023-06-05T07:00,24.7,48,13.0,865.8,3.9,112,Bhaisipati,27.6515,85.3008
2023-06-05T08:00,25.9,46,13.2,866.3,3.7,61,Bhaisipati,27.6515,85.3008
2023-06-05T09:00,27.0,42,12.9,866.7,4.5,346,Bhaisipati,27.6515,85.3008
2023-06-05T10:00,28.0,39,12.7,867.0,7.2,323,Bhaisipati,27.6515,85.3008
2023-06-05T11:00,28.5,37,12.5,867.2,7.9,313,Bhaisipati,27.6515,85.3008
2023-06-05T12:00,28.6,35,11.7,866.4,7.9,300,Bhaisipati,27.6515,85.3008
2023-06-05T13:00,27.4,38,11.8,865.5,8.2,232,Bhaisipati,27.6515,85.3008
2023-06-05T14:00,26.9,42,12.9,865.1,8.7,232,Bhaisipati,27.6515,85.3008
2023-06-05T15:00,27.3,41,12.7,864.4,6.8,252,Bhaisipati,27.6515,85.3008
2023-06-05T16:00,26.6,42,12.5,863.9,5.6,243,Bhaisipati,27.6515,85.3008
2023-06-05T17:00,25.1,48,13.5,864.0,6.5,214,Bhaisipati,27.6515,85.3008
2023-06-05T18:00,23.3,60,15.1,863.5,4.0,190,Bhaisipati,27.6515,85.3008
2023-06-05T19:00,21.9,64,14.8,863.1,5.4,184,Bhaisipati,27.6515,85.3008
2023-06-05T20:00,19.8,72,14.6,862.5,6.1,177,Bhaisipati,27.6515,85.3008
2023-06-05T21:00,18.9,76,14.6,862.6,4.7,171,Bhaisipati,27.6515,85.3008
2023-06-05T22:00,18.8,75,14.3,862.6,4.7,171,Bhaisipati,27.6515,85.3008
2023-06-05T23:00,18.9,72,13.8,862.4,4.0,170,Bhaisipati,27.6515,85.3008
2023-06-06T00:00,18.7,71,13.4,862.2,4.7,171,Bhaisipati,27.6515,85.3008
2023-06-06T01:00,18.6,71,13.2,861.9,4.4,171,Bhaisipati,27.6515,85.3008
2023-06-06T02:00,18.4,71,13.1,861.7,4.0,175,Bhaisipati,27.6515,85.3008
2023-06-06T03:00,18.1,72,12.9,861.6,4.0,175,Bhaisipati,27.6515,85.3008
2023-06-06T04:00,17.7,73,12.8,861.7,4.4,171,Bhaisipati,27.6515,85.3008
2023-06-06T05:00,18.4,74,13.8,862.5,4.0,180,Bhaisipati,27.6515,85.3008
2023-06-06T06:00,21.3,72,16.1,864.0,4.5,166,Bhaisipati,27.6515,85.3008
2023-06-06T07:00,24.4,54,14.4,865.7,1.3,214,Bhaisipati,27.6515,85.3008
2023-06-06T08:00,25.4,49,14.1,866.2,3.3,319,Bhaisipati,27.6515,85.3008
2023-06-06T09:00,26.9,45,14.0,866.4,4.3,312,Bhaisipati,27.6515,85.3008
2023-06-06T10:00,27.6,44,14.3,866.5,6.9,309,Bhaisipati,27.6515,85.3008
2023-06-06T11:00,28.1,43,14.3,866.0,5.9,308,Bhaisipati,27.6515,85.3008
2023-06-06T12:00,28.8,41,14.2,865.3,5.9,281,Bhaisipati,27.6515,85.3008
2023-06-06T13:00,24.7,57,15.7,864.8,11.5,238,Bhaisipati,27.6515,85.3008
2023-06-06T14:00,26.1,47,13.9,864.0,4.4,99,Bhaisipati,27.6515,85.3008
2023-06-06T15:00,26.1,47,13.8,863.4,1.5,135,Bhaisipati,27.6515,85.3008
2023-06-06T16:00,26.0,46,13.6,862.6,2.2,189,Bhaisipati,27.6515,85.3008
2023-06-06T17:00,25.2,50,14.0,862.5,4.4,171,Bhaisipati,27.6515,85.3008
2023-06-06T18:00,23.9,64,16.8,862.3,2.5,180,Bhaisipati,27.6515,85.3008
2023-06-06T19:00,22.7,66,16.1,862.5,2.2,180,Bhaisipati,27.6515,85.3008
2023-06-06T20:00,21.6,71,16.1,862.7,4.3,180,Bhaisipati,27.6515,85.3008
2023-06-06T21:00,20.4,76,16.1,862.5,4.0,175,Bhaisipati,27.6515,85.3008
2023-06-06T22:00,19.6,79,15.8,862.4,4.7,171,Bhaisipati,27.6515,85.3008
2023-06-06T23:00,18.9,80,15.5,861.9,5.4,172,Bhaisipati,27.6515,85.3008
2023-06-07T00:00,18.6,80,15.1,861.5,5.1,172,Bhaisipati,27.6515,85.3008
2023-06-07T01:00,18.4,79,14.7,861.2,5.1,172,Bhaisipati,27.6515,85.3008
2023-06-07T02:00,18.3,78,14.4,861.0,5.4,172,Bhaisipati,27.6515,85.3008
2023-06-07T03:00,18.3,77,14.1,861.0,5.4,172,Bhaisipati,27.6515,85.3008
2023-06-07T04:00,18.4,76,14.0,861.2,5.4,172,Bhaisipati,27.6515,85.3008
2023-06-07T05:00,18.6,76,14.3,861.8,5.8,173,Bhaisipati,27.6515,85.3008
2023-06-07T06:00,21.2,73,16.2,864.0,5.9,166,Bhaisipati,27.6515,85.3008
2023-06-07T07:00,23.9,57,15.0,865.5,0.0,270,Bhaisipati,27.6515,85.3008
2023-06-07T08:00,25.3,53,15.1,866.0,3.5,336,Bhaisipati,27.6515,85.3008
2023-06-07T09:00,26.0,51,15.1,866.1,4.8,312,Bhaisipati,27.6515,85.3008
2023-06-07T10:00,27.0,48,15.2,866.1,3.4,288,Bhaisipati,27.6515,85.3008
2023-06-07T11:00,27.5,46,15.0,865.8,2.9,240,Bhaisipati,27.6515,85.3008
2023-06-07T12:00,28.0,44,14.6,865.3,1.8,233,Bhaisipati,27.6515,85.3008
2023-06-07T13:00,28.3,43,14.6,864.5,1.1,252,Bhaisipati,27.6515,85.3008
2023-06-07T14:00,28.7,42,14.7,863.5,0.8,297,Bhaisipati,27.6515,85.3008
2023-06-07T15:00,27.0,49,15.3,863.0,8.0,275,Bhaisipati,27.6515,85.3008
2023-06-07T16:00,24.3,59,15.7,862.5,6.7,164,Bhaisipati,27.6515,85.3008
2023-06-07T17:00,27.1,42,13.2,862.9,1.8,360,Bhaisipati,27.6515,85.3008
2023-06-07T18:00,25.4,64,18.0,862.7,1.8,217,Bhaisipati,27.6515,85.3008
2023-06-07T19:00,23.8,66,17.1,862.5,1.5,194,Bhaisipati,27.6515,85.3008
2023-06-07T20:00,23.1,66,16.5,862.8,2.7,203,Bhaisipati,27.6515,85.3008
2023-06-07T21:00,22.5,66,15.8,863.0,2.2,180,Bhaisipati,27.6515,85.3008
2023-06-07T22:00,21.8,65,15.0,863.1,4.4,171,Bhaisipati,27.6515,85.3008
2023-06-07T23:00,20.4,71,15.0,862.4,5.5,169,Bhaisipati,27.6515,85.3008
2023-06-08T00:00,19.4,75,14.8,861.5,5.5,169,Bhaisipati,27.6515,85.3008
2023-06-08T01:00,19.0,75,14.6,860.8,6.3,167,Bhaisipati,27.6515,85.3008
2023-06-08T02:00,18.8,76,14.4,860.6,6.2,170,Bhaisipati,27.6515,85.3008
2023-06-08T03:00,18.7,75,14.2,860.6,6.2,170,Bhaisipati,27.6515,85.3008
2023-06-08T04:00,18.6,75,14.1,861.1,5.4,172,Bhaisipati,27.6515,85.3008
2023-06-08T05:00,19.5,75,14.9,862.6,5.9,169,Bhaisipati,27.6515,85.3008
2023-06-08T06:00,21.1,79,17.4,864.2,5.2,196,Bhaisipati,27.6515,85.3008
2023-06-08T07:00,23.6,62,15.8,865.1,1.5,166,Bhaisipati,27.6515,85.3008
2023-06-08T08:00,25.7,52,15.2,865.5,1.6,27,Bhaisipati,27.6515,85.3008
2023-06-08T09:00,27.1,47,15.0,865.9,1.5,346,Bhaisipati,27.6515,85.3008
2023-06-08T10:00,28.2,44,14.8,866.3,3.4,288,Bhaisipati,27.6515,85.3008
2023-06-08T11:00,28.5,44,15.0,866.0,3.4,288,Bhaisipati,27.6515,85.3008
2023-06-08T12:00,28.8,43,14.9,865.5,2.3,252,Bhaisipati,27.6515,85.3008
2023-06-08T13:00,29.3,40,14.5,864.5,2.0,315,Bhaisipati,27.6515,85.3008
2023-06-08T14:00,29.1,41,14.4,863.7,2.9,330,Bhaisipati,27.6515,85.3008
2023-06-08T15:00,23.3,70,17.5,863.0,12.8,212,Bhaisipati,27.6515,85.3008
2023-06-08T16:00,23.3,61,15.4,861.6,7.8,193,Bhaisipati,27.6515,85.3008
2023-06-08T17:00,24.7,58,15.8,861.1,6.6,193,Bhaisipati,27.6515,85.3008
2023-06-08T18:00,24.3,66,17.6,861.1,2.2,171,Bhaisipati,27.6515,85.3008
2023-06-08T19:00,23.0,66,16.4,860.9,2.2,171,Bhaisipati,27.6515,85.3008
2023-06-08T20:00,21.9,71,16.5,861.7,4.7,171,Bhaisipati,27.6515,85.3008
2023-06-08T21:00,21.3,74,16.5,861.8,3.2,180,Bhaisipati,27.6515,85.3008
2023-06-08T22:00,21.4,73,16.4,862.0,4.3,185,Bhaisipati,27.6515,85.3008
2023-06-08T23:00,20.8,73,15.8,861.4,5.1,172,Bhaisipati,27.6515,85.3008
2023-06-09T00:00,20.8,71,15.3,860.9,4.7,171,Bhaisipati,27.6515,85.3008
2023-06-09T01:00,20.5,70,14.8,860.3,6.2,170,Bhaisipati,27.6515,85.3008
2023-06-09T02:00,19.8,72,14.6,859.7,6.2,170,Bhaisipati,27.6515,85.3008
2023-06-09T03:00,19.3,74,14.5,859.4,5.8,173,Bhaisipati,27.6515,85.3008
2023-06-09T04:00,19.3,74,14.5,859.5,5.1,172,Bhaisipati,27.6515,85.3008
2023-06-09T05:00,19.7,73,14.7,859.9,3.6,174,Bhaisipati,27.6515,85.3008
2023-06-09T06:00,22.2,73,17.2,862.0,4.7,171,Bhaisipati,27.6515,85.3008
2023-06-09T07:00,24.7,59,16.2,863.4,1.9,22,Bhaisipati,27.6515,85.3008
2023-06-09T08:00,25.9,55,16.1,863.4,4.0,5,Bhaisipati,27.6515,85.3008
2023-06-09T09:00,27.4,48,15.5,863.9,6.0,327,Bhaisipati,27.6515,85.3008
2023-06-09T10:00,28.1,45,15.0,863.9,7.4,317,Bhaisipati,27.6515,85.3008
2023-06-09T11:00,28.6,43,14.7,863.5,7.2,307,Bhaisipati,27.6515,85.3008
2023-06-09T12:00,28.9,41,14.2,862.8,5.1,262,Bhaisipati,27.6515,85.3008
2023-06-09T13:00,29.2,40,14.3,862.0,6.4,243,Bhaisipati,27.6515,85.3008
2023-06-09T14:00,29.0,41,14.5,861.3,6.9,231,Bhaisipati,27.6515,85.3008
2023-06-09T15:00,29.0,41,14.4,860.4,7.2,233,Bhaisipati,27.6515,85.3008
2023-06-09T16:00,28.4,43,14.5,860.1,6.1,225,Bhaisipati,27.6515,85.3008
2023-06-09T17:00,27.7,47,15.4,860.2,4.9,216,Bhaisipati,27.6515,85.3008
2023-06-09T18:00,26.3,60,17.9,860.1,3.4,212,Bhaisipati,27.6515,85.3008
2023-06-09T19:00,24.9,62,17.2,860.4,2.9,187,Bhaisipati,27.6515,85.3008
2023-06-09T20:00,23.8,63,16.4,860.7,4.3,175,Bhaisipati,27.6515,85.3008
2023-06-09T21:00,22.5,69,16.6,860.8,4.4,171,Bhaisipati,27.6515,85.3008
2023-06-09T22:00,21.8,74,16.9,860.7,4.7,180,Bhaisipati,27.6515,85.3008
2023-06-09T23:00,21.5,75,16.9,860.9,3.6,186,Bhaisipati,27.6515,85.3008
2023-06-10T00:00,21.1,74,16.2,859.9,2.5,180,Bhaisipati,27.6515,85.3008
2023-06-10T01:00,19.8,81,16.4,859.7,6.1,180,Bhaisipati,27.6515,85.3008
2023-06-10T02:00,19.9,78,16.0,859.5,4.4,171,Bhaisipati,27.6515,85.3008
2023-06-10T03:00,19.3,80,15.9,859.0,4.4,171,Bhaisipati,27.6515,85.3008
2023-06-10T04:00,18.9,82,15.8,858.9,4.3,175,Bhaisipati,27.6515,85.3008
2023-06-10T05:00,19.1,87,16.8,859.7,3.6,174,Bhaisipati,27.6515,85.3008
2023-06-10T06:00,21.9,77,17.7,861.1,3.7,151,Bhaisipati,27.6515,85.3008
2023-06-10T07:00,23.9,63,16.4,862.0,1.6,117,Bhaisipati,27.6515,85.3008
2023-06-10T08:00,25.6,58,16.6,862.6,2.1,329,Bhaisipati,27.6515,85.3008
2023-06-10T09:00,26.7,54,16.6,863.0,5.4,312,Bhaisipati,27.6515,85.3008
2023-06-10T10:00,27.5,51,16.4,862.9,7.4,317,Bhaisipati,27.6515,85.3008
2023-06-10T11:00,28.2,49,16.4,862.4,7.8,304,Bhaisipati,27.6515,85.3008
2023-06-10T12:00,28.4,47,16.1,862.0,8.8,282,Bhaisipati,27.6515,85.3008
2023-06-10T13:00,28.4,48,16.3,861.4,6.8,273,Bhaisipati,27.6515,85.3008
2023-06-10T14:00,28.5,48,16.4,860.5,6.2,306,Bhaisipati,27.6515,85.3008
2023-06-10T15:00,28.0,51,16.8,859.9,4.9,253,Bhaisipati,27.6515,85.3008
2023-06-10T16:00,27.1,55,17.2,859.5,4.1,232,Bhaisipati,27.6515,85.3008
2023-06-10T17:00,25.6,61,17.4,859.8,3.1,234,Bhaisipati,27.6515,85.3008
2023-06-10T18:00,24.7,68,18.4,859.9,2.2,189,Bhaisipati,27.6515,85.3008
2023-06-10T19:00,23.6,80,19.8,859.8,1.8,180,Bhaisipati,27.6515,85.3008
2023-06-10T20:00,23.2,74,18.3,860.5,4.0,175,Bhaisipati,27.6515,85.3008
2023-06-10T21:00,22.1,79,18.3,860.2,5.0,180,Bhaisipati,27.6515,85.3008
2023-06-10T22:00,20.9,84,18.1,860.0,6.1,177,Bhaisipati,27.6515,85.3008
2023-06-10T23:00,20.1,89,18.2,859.7,5.1,172,Bhaisipati,27.6515,85.3008
2023-06-11T00:00,19.4,92,18.1,858.9,6.1,180,Bhaisipati,27.6515,85.3008
2023-06-11T01:00,19.4,91,17.9,858.3,4.7,184,Bhaisipati,27.6515,85.3008
2023-06-11T02:00,20.0,87,17.9,858.9,1.6,153,Bhaisipati,27.6515,85.3008
2023-06-11T03:00,19.8,88,17.8,858.8,1.1,180,Bhaisipati,27.6515,85.3008
2023-06-11T04:00,19.4,89,17.7,858.9,0.7,180,Bhaisipati,27.6515,85.3008
2023-06-11T05:00,19.6,91,18.1,859.2,2.5,172,Bhaisipati,27.6515,85.3008
2023-06-11T06:00,22.2,81,18.8,860.5,1.9,158,Bhaisipati,27.6515,85.3008
2023-06-11T07:00,23.4,74,18.7,861.3,4.7,328,Bhaisipati,27.6515,85.3008
2023-06-11T08:00,24.5,70,18.7,861.7,7.2,323,Bhaisipati,27.6515,85.3008
2023-06-11T09:00,25.9,64,18.5,861.7,8.4,313,Bhaisipati,27.6515,85.3008
2023-06-11T10:00,26.9,59,18.2,861.6,9.0,307,Bhaisipati,27.6515,85.3008
2023-06-11T11:00,27.8,55,17.9,861.2,8.4,320,Bhaisipati,27.6515,85.3008
2023-06-11T12:00,26.9,57,17.7,860.6,11.5,270,Bhaisipati,27.6515,85.3008
2023-06-11T13:00,26.1,62,18.1,860.0,8.1,315,Bhaisipati,27.6515,85.3008
2023-06-11T14:00,24.7,74,19.6,859.0,7.2,354,Bhaisipati,27.6515,85.3008
2023-06-11T15:00,25.3,71,19.6,858.6,5.4,4,Bhaisipati,27.6515,85.3008
2023-06-11T16:00,25.8,68,19.3,858.5,4.7,356,Bhaisipati,27.6515,85.3008
2023-06-11T17:00,24.2,75,19.4,859.0,2.6,304,Bhaisipati,27.6515,85.3008
2023-06-11T18:00,23.4,79,19.7,859.1,1.3,236,Bhaisipati,27.6515,85.3008
2023-06-11T19:00,22.4,85,19.8,858.8,3.6,180,Bhaisipati,27.6515,85.3008
2023-06-11T20:00,21.8,89,19.9,859.1,4.4,171,Bhaisipati,27.6515,85.3008
2023-06-11T21:00,21.3,93,20.0,859.8,3.3,174,Bhaisipati,27.6515,85.3008
2023-06-11T22:00,20.7,95,19.9,860.3,5.4,176,Bhaisipati,27.6515,85.3008
2023-06-11T23:00,20.8,91,19.3,859.6,6.8,155,Bhaisipati,27.6515,85.3008
2023-06-12T00:00,20.3,91,18.7,858.6,6.2,173,Bhaisipati,27.6515,85.3008
2023-06-12T01:00,19.8,92,18.5,857.9,4.0,180,Bhaisipati,27.6515,85.3008
2023-06-12T02:00,20.1,90,18.4,858.7,0.7,180,Bhaisipati,27.6515,85.3008
2023-06-12T03:00,19.9,91,18.3,859.3,4.0,63,Bhaisipati,27.6515,85.3008
2023-06-12T04:00,19.8,91,18.3,859.4,4.3,222,Bhaisipati,27.6515,85.3008
2023-06-12T05:00,20.1,90,18.4,859.4,4.0,117,Bhaisipati,27.6515,85.3008
2023-06-12T06:00,20.9,87,18.8,859.7,3.6,90,Bhaisipati,27.6515,85.3008
2023-06-12T07:00,22.7,80,19.0,861.0,3.3,84,Bhaisipati,27.6515,85.3008
2023-06-12T08:00,24.2,73,19.1,861.4,0.8,153,Bhaisipati,27.6515,85.3008
2023-06-12T09:00,25.9,64,18.6,861.5,4.7,328,Bhaisipati,27.6515,85.3008
2023-06-12T10:00,27.2,58,18.2,861.5,7.9,300,Bhaisipati,27.6515,85.3008
2023-06-12T11:00,27.5,57,18.2,861.3,8.9,297,Bhaisipati,27.6515,85.3008
2023-06-12T12:00,27.4,58,18.3,860.9,6.1,267,Bhaisipati,27.6515,85.3008
2023-06-12T13:00,27.1,59,18.3,860.3,6.9,261,Bhaisipati,27.6515,85.3008
2023-06-12T14:00,26.3,65,19.1,859.9,6.3,336,Bhaisipati,27.6515,85.3008
2023-06-12T15:00,24.7,74,19.7,859.1,5.4,323,Bhaisipati,27.6515,85.3008
2023-06-12T16:00,23.8,78,19.7,859.0,5.8,7,Bhaisipati,27.6515,85.3008
2023-06-12T17:00,21.7,85,19.2,859.1,3.9,338,Bhaisipati,27.6515,85.3008
2023-06-12T18:00,21.4,88,19.3,859.1,2.5,82,Bhaisipati,27.6515,85.3008
2023-06-12T19:00,21.1,90,19.4,859.0,3.8,139,Bhaisipati,27.6515,85.3008
2023-06-12T20:00,20.7,93,19.6,859.4,4.3,156,Bhaisipati,27.6515,85.3008
2023-06-12T21:00,20.4,94,19.4,860.0,5.2,164,Bhaisipati,27.6515,85.3008
2023-06-12T22:00,20.4,92,19.0,860.6,3.3,186,Bhaisipati,27.6515,85.3008
2023-06-12T23:00,19.5,97,18.9,860.7,2.3,51,Bhaisipati,27.6515,85.3008
2023-06-13T00:00,19.3,97,18.9,860.3,3.3,139,Bhaisipati,27.6515,85.3008
2023-06-13T01:00,19.1,97,18.7,859.3,4.3,132,Bhaisipati,27.6515,85.3008
2023-06-13T02:00,19.0,98,18.7,858.6,4.7,176,Bhaisipati,27.6515,85.3008
2023-06-13T03:00,18.8,98,18.5,858.4,3.3,167,Bhaisipati,27.6515,85.3008
2023-06-13T04:00,18.6,98,18.4,858.4,2.2,189,Bhaisipati,27.6515,85.3008
2023-06-13T05:00,19.2,93,18.0,858.9,3.7,169,Bhaisipati,27.6515,85.3008
2023-06-13T06:00,20.6,88,18.6,859.5,3.1,135,Bhaisipati,27.6515,85.3008
2023-06-13T07:00,22.3,83,19.4,860.1,2.6,124,Bhaisipati,27.6515,85.3008
2023-06-13T08:00,24.2,72,18.8,860.6,3.2,333,Bhaisipati,27.6515,85.3008
2023-06-13T09:00,25.2,67,18.6,860.6,5.1,321,Bhaisipati,27.6515,85.3008
2023-06-13T10:00,25.9,64,18.5,860.4,4.6,321,Bhaisipati,27.6515,85.3008
2023-06-13T11:00,27.1,59,18.4,860.0,4.4,325,Bhaisipati,27.6515,85.3008
2023-06-13T12:00,27.7,55,17.8,859.3,4.9,287,Bhaisipati,27.6515,85.3008
2023-06-13T13:00,27.7,53,17.3,858.7,6.2,260,Bhaisipati,27.6515,85.3008
2023-06-13T14:00,25.7,66,18.9,857.8,7.7,281,Bhaisipati,27.6515,85.3008
2023-06-13T15:00,25.8,66,18.9,857.5,5.5,281,Bhaisipati,27.6515,85.3008
2023-06-13T16:00,24.6,72,19.3,857.3,4.9,324,Bhaisipati,27.6515,85.3008
2023-06-13T17:00,20.7,91,19.3,858.0,1.8,360,Bhaisipati,27.6515,85.3008
2023-06-13T18:00,20.0,94,19.0,857.9,1.0,135,Bhaisipati,27.6515,85.3008
2023-06-13T19:00,20.1,94,19.1,857.9,6.1,152,Bhaisipati,27.6515,85.3008
2023-06-13T20:00,19.8,96,19.1,857.8,4.0,153,Bhaisipati,27.6515,85.3008
2023-06-13T21:00,19.6,97,19.0,858.1,3.8,163,Bhaisipati,27.6515,85.3008
2023-06-13T22:00,19.7,96,18.9,858.1,4.3,156,Bhaisipati,27.6515,85.3008
2023-06-13T23:00,19.7,96,18.9,858.1,4.1,165,Bhaisipati,27.6515,85.3008
2023-06-14T00:00,19.3,96,18.6,857.8,2.5,172,Bhaisipati,27.6515,85.3008
2023-06-14T01:00,19.3,96,18.7,857.5,3.6,127,Bhaisipati,27.6515,85.3008
2023-06-14T02:00,19.2,96,18.5,857.2,4.0,117,Bhaisipati,27.6515,85.3008
2023-06-14T03:00,18.7,98,18.3,857.9,2.7,113,Bhaisipati,27.6515,85.3008
2023-06-14T04:00,18.4,98,18.1,857.8,4.7,113,Bhaisipati,27.6515,85.3008
2023-06-14T05:00,18.7,95,17.9,858.4,4.8,138,Bhaisipati,27.6515,85.3008
2023-06-14T06:00,19.7,90,18.1,858.9,5.8,112,Bhaisipati,27.6515,85.3008
2023-06-14T07:00,20.2,89,18.4,859.5,5.2,106,Bhaisipati,27.6515,85.3008
2023-06-14T08:00,21.2,86,18.8,859.8,2.7,113,Bhaisipati,27.6515,85.3008
2023-06-14T09:00,21.9,86,19.4,860.1,2.3,108,Bhaisipati,27.6515,85.3008
2023-06-14T10:00,24.2,79,20.4,860.0,2.9,7,Bhaisipati,27.6515,85.3008
2023-06-14T11:00,25.2,72,19.8,859.9,2.0,315,Bhaisipati,27.6515,85.3008
2023-06-14T12:00,26.2,69,20.1,859.1,6.9,309,Bhaisipati,27.6515,85.3008
2023-06-14T13:00,24.5,75,19.7,858.7,6.1,298,Bhaisipati,27.6515,85.3008
2023-06-14T14:00,23.4,82,20.1,858.2,5.6,320,Bhaisipati,27.6515,85.3008
2023-06-14T15:00,23.8,81,20.4,858.0,5.1,352,Bhaisipati,27.6515,85.3008
2023-06-14T16:00,22.9,85,20.2,858.0,5.2,304,Bhaisipati,27.6515,85.3008
2023-06-14T17:00,19.2,98,18.9,858.3,5.3,332,Bhaisipati,27.6515,85.3008
2023-06-14T18:00,19.6,95,18.7,858.4,5.2,115,Bhaisipati,27.6515,85.3008
2023-06-14T19:00,20.0,94,18.9,858.5,4.6,129,Bhaisipati,27.6515,85.3008
2023-06-14T20:00,19.9,95,19.1,858.7,6.6,158,Bhaisipati,27.6515,85.3008
2023-06-14T21:00,19.8,92,18.4,858.6,5.2,155,Bhaisipati,27.6515,85.3008
2023-06-14T22:00,19.8,94,18.8,858.7,4.4,145,Bhaisipati,27.6515,85.3008
2023-06-14T23:00,19.3,95,18.4,858.9,6.4,142,Bhaisipati,27.6515,85.3008
2023-06-15T00:00,19.1,95,18.4,858.6,5.2,115,Bhaisipati,27.6515,85.3008
2023-06-15T01:00,18.9,97,18.4,858.1,6.3,121,Bhaisipati,27.6515,85.3008
2023-06-15T02:00,18.9,97,18.4,857.5,5.0,111,Bhaisipati,27.6515,85.3008
2023-06-15T03:00,18.9,96,18.3,857.3,5.1,141,Bhaisipati,27.6515,85.3008
2023-06-15T04:00,18.6,97,18.1,857.6,1.8,191,Bhaisipati,27.6515,85.3008
2023-06-15T05:00,18.9,95,18.1,857.2,4.9,144,Bhaisipati,27.6515,85.3008
2023-06-15T06:00,20.3,92,18.9,858.4,4.9,144,Bhaisipati,27.6515,85.3008
2023-06-15T07:00,21.4,85,18.7,859.8,6.7,106,Bhaisipati,27.6515,85.3008
2023-06-15T08:00,22.6,81,19.2,860.3,0.8,63,Bhaisipati,27.6515,85.3008
2023-06-15T09:00,24.2,78,20.1,861.0,2.4,27,Bhaisipati,27.6515,85.3008
2023-06-15T10:00,25.3,75,20.6,860.8,4.1,322,Bhaisipati,27.6515,85.3008
2023-06-15T11:00,26.1,70,20.2,860.5,5.2,295,Bhaisipati,27.6515,85.3008
2023-06-15T12:00,26.4,70,20.6,860.1,7.1,285,Bhaisipati,27.6515,85.3008
2023-06-15T13:00,26.6,71,20.8,859.4,7.9,313,Bhaisipati,27.6515,85.3008
2023-06-15T14:00,26.9,68,20.6,859.3,6.4,322,Bhaisipati,27.6515,85.3008
2023-06-15T15:00,24.6,73,19.4,859.1,7.7,281,Bhaisipati,27.6515,85.3008
2023-06-15T16:00,24.0,73,18.8,858.7,2.6,146,Bhaisipati,27.6515,85.3008
2023-06-15T17:00,22.4,86,19.9,858.7,4.1,15,Bhaisipati,27.6515,85.3008
2023-06-15T18:00,21.9,88,19.9,858.5,4.0,117,Bhaisipati,27.6515,85.3008
2023-06-15T19:00,20.9,94,19.9,858.1,4.1,165,Bhaisipati,27.6515,85.3008
2023-06-15T20:00,20.7,94,19.7,858.6,6.3,167,Bhaisipati,27.6515,85.3008
2023-06-15T21:00,20.4,92,19.2,859.1,6.8,162,Bhaisipati,27.6515,85.3008
2023-06-15T22:00,20.4,90,18.8,859.4,6.4,153,Bhaisipati,27.6515,85.3008
2023-06-15T23:00,20.1,91,18.6,859.3,6.9,152,Bhaisipati,27.6515,85.3008
2023-06-16T00:00,19.4,94,18.4,858.3,7.9,156,Bhaisipati,27.6515,85.3008
2023-06-16T01:00,19.4,92,18.1,858.3,6.3,149,Bhaisipati,27.6515,85.3008
2023-06-16T02:00,19.4,91,18.0,858.1,5.0,150,Bhaisipati,27.6515,85.3008
2023-06-16T03:00,18.9,93,17.8,857.9,6.2,144,Bhaisipati,27.6515,85.3008
2023-06-16T04:00,18.6,94,17.6,857.6,7.0,159,Bhaisipati,27.6515,85.3008
2023-06-16T05:00,19.2,95,18.4,857.3,5.8,158,Bhaisipati,27.6515,85.3008
2023-06-16T06:00,21.3,90,19.7,858.8,5.7,162,Bhaisipati,27.6515,85.3008
2023-06-16T07:00,23.6,79,19.7,860.2,1.3,124,Bhaisipati,27.6515,85.3008
2023-06-16T08:00,24.4,76,19.9,861.0,2.9,360,Bhaisipati,27.6515,85.3008
2023-06-16T09:00,25.7,71,20.1,861.4,2.1,329,Bhaisipati,27.6515,85.3008
2023-06-16T10:00,27.1,64,19.6,861.6,3.9,292,Bhaisipati,27.6515,85.3008
2023-06-16T11:00,27.9,58,18.8,861.4,6.5,276,Bhaisipati,27.6515,85.3008
2023-06-16T12:00,26.5,64,19.3,860.9,5.8,277,Bhaisipati,27.6515,85.3008
2023-06-16T13:00,25.8,71,20.1,860.7,6.8,328,Bhaisipati,27.6515,85.3008
2023-06-16T14:00,25.7,70,19.8,860.0,6.0,327,Bhaisipati,27.6515,85.3008
2023-06-16T15:00,25.7,70,19.8,859.6,6.3,336,Bhaisipati,27.6515,85.3008
2023-06-16T16:00,24.3,74,19.3,859.2,4.1,322,Bhaisipati,27.6515,85.3008
2023-06-16T17:00,23.3,75,18.7,860.0,2.4,297,Bhaisipati,27.6515,85.3008
2023-06-16T18:00,23.1,81,19.7,860.1,1.4,90,Bhaisipati,27.6515,85.3008
2023-06-16T19:00,21.9,87,19.7,859.8,4.0,153,Bhaisipati,27.6515,85.3008
2023-06-16T20:00,20.7,95,19.9,859.8,5.5,169,Bhaisipati,27.6515,85.3008
2023-06-16T21:00,20.2,96,19.5,860.2,7.1,165,Bhaisipati,27.6515,85.3008
2023-06-16T22:00,20.3,93,19.1,860.5,5.9,166,Bhaisipati,27.6515,85.3008
2023-06-16T23:00,20.1,93,18.9,860.2,5.2,164,Bhaisipati,27.6515,85.3008
2023-06-17T00:00,19.9,92,18.6,859.7,3.8,163,Bhaisipati,27.6515,85.3008
2023-06-17T01:00,20.0,90,18.3,859.2,5.2,164,Bhaisipati,27.6515,85.3008
2023-06-17T02:00,19.7,90,18.0,858.9,3.3,167,Bhaisipati,27.6515,85.3008
2023-06-17T03:00,19.9,87,17.7,858.8,3.2,180,Bhaisipati,27.6515,85.3008
2023-06-17T04:00,19.6,88,17.4,858.9,3.3,174,Bhaisipati,27.6515,85.3008
2023-06-17T05:00,20.6,84,17.8,859.7,2.9,173,Bhaisipati,27.6515,85.3008
2023-06-17T06:00,22.9,82,19.7,861.2,5.1,176,Bhaisipati,27.6515,85.3008
2023-06-17T07:00,24.8,69,18.8,862.6,0.7,360,Bhaisipati,27.6515,85.3008
2023-06-17T08:00,25.7,66,18.8,862.9,3.6,315,Bhaisipati,27.6515,85.3008
2023-06-17T09:00,26.7,62,18.7,863.6,5.1,309,Bhaisipati,27.6515,85.3008
2023-06-17T10:00,27.2,61,18.9,863.7,6.8,302,Bhaisipati,27.6515,85.3008
2023-06-17T11:00,27.0,67,20.4,863.5,8.2,308,Bhaisipati,27.6515,85.3008
2023-06-17T12:00,26.5,70,20.6,862.9,7.6,315,Bhaisipati,27.6515,85.3008
2023-06-17T13:00,27.2,68,20.7,862.3,6.5,326,Bhaisipati,27.6515,85.3008
2023-06-17T14:00,25.2,72,19.7,861.8,8.7,315,Bhaisipati,27.6515,85.3008
2023-06-17T15:00,24.3,79,20.5,861.3,2.7,337,Bhaisipati,27.6515,85.3008
2023-06-17T16:00,24.2,81,20.8,861.0,2.9,330,Bhaisipati,27.6515,85.3008
2023-06-17T17:00,24.8,78,20.6,861.4,3.1,339,Bhaisipati,27.6515,85.3008
2023-06-17T18:00,23.8,84,21.0,861.8,0.8,63,Bhaisipati,27.6515,85.3008
2023-06-17T19:00,22.6,90,20.9,861.7,4.0,170,Bhaisipati,27.6515,85.3008
2023-06-17T20:00,22.2,92,20.7,862.2,3.7,169,Bhaisipati,27.6515,85.3008
2023-06-17T21:00,21.8,91,20.4,862.7,2.2,171,Bhaisipati,27.6515,85.3008
2023-06-17T22:00,21.9,90,20.2,863.5,1.6,153,Bhaisipati,27.6515,85.3008
2023-06-17T23:00,21.1,92,19.7,863.7,2.1,211,Bhaisipati,27.6515,85.3008
2023-06-18T00:00,20.4,93,19.1,863.2,4.8,167,Bhaisipati,27.6515,85.3008
2023-06-18T01:00,20.4,95,19.4,862.7,1.4,180,Bhaisipati,27.6515,85.3008
2023-06-18T02:00,20.1,95,19.3,862.3,2.2,90,Bhaisipati,27.6515,85.3008
2023-06-18T03:00,19.9,94,18.9,862.3,2.6,164,Bhaisipati,27.6515,85.3008
2023-06-18T04:00,19.6,93,18.5,861.6,4.0,175,Bhaisipati,27.6515,85.3008
2023-06-18T05:00,19.9,91,18.3,862.0,5.1,176,Bhaisipati,27.6515,85.3008
2023-06-18T06:00,21.9,87,19.6,862.5,5.8,176,Bhaisipati,27.6515,85.3008
2023-06-18T07:00,23.9,80,20.3,864.0,0.0,270,Bhaisipati,27.6515,85.3008
2023-06-18T08:00,25.4,75,20.5,864.2,3.3,319,Bhaisipati,27.6515,85.3008
2023-06-18T09:00,26.6,68,20.3,864.5,7.9,313,Bhaisipati,27.6515,85.3008
2023-06-18T10:00,27.2,66,20.2,864.2,9.4,313,Bhaisipati,27.6515,85.3008
2023-06-18T11:00,27.9,61,19.7,864.0,12.0,309,Bhaisipati,27.6515,85.3008
2023-06-18T12:00,28.1,59,19.3,863.2,11.8,301,Bhaisipati,27.6515,85.3008
2023-06-18T13:00,26.7,67,20.0,862.3,11.0,302,Bhaisipati,27.6515,85.3008
2023-06-18T14:00,26.5,65,19.3,861.7,10.3,295,Bhaisipati,27.6515,85.3008
2023-06-18T15:00,24.4,76,19.9,861.2,6.8,342,Bhaisipati,27.6515,85.3008
2023-06-18T16:00,22.7,86,20.3,861.3,7.2,354,Bhaisipati,27.6515,85.3008
2023-06-18T17:00,22.6,84,19.8,862.1,5.5,11,Bhaisipati,27.6515,85.3008
2023-06-18T18:00,21.4,88,19.4,862.0,1.8,90,Bhaisipati,27.6515,85.3008
2023-06-18T19:00,21.4,90,19.7,862.3,5.2,214,Bhaisipati,27.6515,85.3008
2023-06-18T20:00,21.2,93,20.1,863.0,1.8,101,Bhaisipati,27.6515,85.3008
2023-06-18T21:00,21.1,96,20.4,863.6,2.3,129,Bhaisipati,27.6515,85.3008
2023-06-18T22:00,20.9,96,20.3,863.1,3.5,156,Bhaisipati,27.6515,85.3008
2023-06-18T23:00,20.8,95,20.1,862.6,4.0,170,Bhaisipati,27.6515,85.3008
2023-06-19T00:00,20.4,96,19.8,861.8,1.4,180,Bhaisipati,27.6515,85.3008
2023-06-19T01:00,20.7,93,19.6,861.6,3.2,207,Bhaisipati,27.6515,85.3008
2023-06-19T02:00,20.7,92,19.3,861.3,3.1,315,Bhaisipati,27.6515,85.3008
2023-06-19T03:00,20.2,93,19.0,860.9,2.2,180,Bhaisipati,27.6515,85.3008
2023-06-19T04:00,19.9,93,18.9,860.9,2.8,130,Bhaisipati,27.6515,85.3008
2023-06-19T05:00,20.2,92,18.9,861.2,3.7,169,Bhaisipati,27.6515,85.3008
2023-06-19T06:00,21.4,91,19.8,862.1,0.8,153,Bhaisipati,27.6515,85.3008
2023-06-19T07:00,22.5,86,19.9,862.9,0.8,333,Bhaisipati,27.6515,85.3008
2023-06-19T08:00,23.9,79,20.0,863.3,4.4,305,Bhaisipati,27.6515,85.3008
2023-06-19T09:00,25.1,73,19.9,863.9,5.6,310,Bhaisipati,27.6515,85.3008
2023-06-19T10:00,26.2,68,19.8,863.7,7.4,309,Bhaisipati,27.6515,85.3008
2023-06-19T11:00,26.5,69,20.4,863.4,8.9,310,Bhaisipati,27.6515,85.3008
2023-06-19T12:00,27.2,70,21.3,862.6,10.0,308,Bhaisipati,27.6515,85.3008
2023-06-19T13:00,26.4,72,21.0,862.0,9.5,331,Bhaisipati,27.6515,85.3008
2023-06-19T14:00,25.4,78,21.2,861.1,8.0,306,Bhaisipati,27.6515,85.3008
2023-06-19T15:00,24.4,81,20.9,860.9,6.6,319,Bhaisipati,27.6515,85.3008
2023-06-19T16:00,24.5,79,20.6,860.6,3.4,342,Bhaisipati,27.6515,85.3008
2023-06-19T17:00,22.9,85,20.3,860.9,2.5,360,Bhaisipati,27.6515,85.3008
2023-06-19T18:00,22.3,88,20.3,861.1,1.5,14,Bhaisipati,27.6515,85.3008
2023-06-19T19:00,21.4,94,20.4,861.3,4.0,170,Bhaisipati,27.6515,85.3008
2023-06-19T20:00,20.9,96,20.3,861.9,2.1,211,Bhaisipati,27.6515,85.3008
2023-06-19T21:00,21.1,93,19.8,862.5,6.6,171,Bhaisipati,27.6515,85.3008
2023-06-19T22:00,20.4,93,19.2,862.5,4.3,185,Bhaisipati,27.6515,85.3008
2023-06-19T23:00,20.1,94,19.2,862.0,2.0,135,Bhaisipati,27.6515,85.3008
2023-06-20T00:00,20.2,94,19.2,861.3,3.7,169,Bhaisipati,27.6515,85.3008
2023-06-20T01:00,19.7,95,18.9,860.0,4.0,170,Bhaisipati,27.6515,85.3008
2023-06-20T02:00,19.4,96,18.8,859.5,2.5,180,Bhaisipati,27.6515,85.3008
2023-06-20T03:00,19.4,95,18.6,860.5,4.8,243,Bhaisipati,27.6515,85.3008
2023-06-20T04:00,19.4,96,18.7,860.7,1.8,11,Bhaisipati,27.6515,85.3008
2023-06-20T05:00,20.3,90,18.7,860.8,2.6,164,Bhaisipati,27.6515,85.3008
2023-06-20T06:00,21.7,88,19.6,862.0,4.5,166,Bhaisipati,27.6515,85.3008
2023-06-20T07:00,23.2,81,19.7,863.2,1.6,63,Bhaisipati,27.6515,85.3008
2023-06-20T08:00,24.8,74,19.8,863.3,1.0,45,Bhaisipati,27.6515,85.3008
2023-06-20T09:00,27.0,65,19.8,863.9,6.1,298,Bhaisipati,27.6515,85.3008
2023-06-20T10:00,24.2,79,20.4,863.8,7.6,273,Bhaisipati,27.6515,85.3008
2023-06-20T11:00,24.3,77,20.0,863.5,8.4,317,Bhaisipati,27.6515,85.3008
2023-06-20T12:00,24.9,77,20.6,863.2,5.2,335,Bhaisipati,27.6515,85.3008
2023-06-20T13:00,26.4,73,21.1,862.4,8.7,330,Bhaisipati,27.6515,85.3008
2023-06-20T14:00,26.1,69,20.1,861.5,7.6,341,Bhaisipati,27.6515,85.3008
2023-06-20T15:00,26.1,63,18.4,860.8,7.9,300,Bhaisipati,27.6515,85.3008
2023-06-20T16:00,25.6,70,19.8,860.4,5.8,338,Bhaisipati,27.6515,85.3008
2023-06-20T17:00,25.1,65,17.9,861.3,2.9,353,Bhaisipati,27.6515,85.3008
2023-06-20T18:00,23.9,76,19.5,861.2,1.8,90,Bhaisipati,27.6515,85.3008
2023-06-20T19:00,22.9,78,18.9,862.0,1.6,153,Bhaisipati,27.6515,85.3008
2023-06-20T20:00,21.9,81,18.5,862.3,2.9,173,Bhaisipati,27.6515,85.3008
2023-06-20T21:00,21.0,86,18.6,862.3,3.7,169,Bhaisipati,27.6515,85.3008
2023-06-20T22:00,20.4,90,18.8,862.4,3.8,163,Bhaisipati,27.6515,85.3008
2023-06-20T23:00,20.2,93,18.9,862.2,3.7,169,Bhaisipati,27.6515,85.3008
2023-06-21T00:00,20.0,94,19.0,861.6,2.2,171,Bhaisipati,27.6515,85.3008
2023-06-21T01:00,20.1,93,18.9,861.1,3.0,166,Bhaisipati,27.6515,85.3008
2023-06-21T02:00,19.8,94,18.8,860.7,3.6,174,Bhaisipati,27.6515,85.3008
2023-06-21T03:00,19.8,92,18.5,860.7,1.8,180,Bhaisipati,27.6515,85.3008
2023-06-21T04:00,19.8,91,18.3,861.2,1.8,180,Bhaisipati,27.6515,85.3008
2023-06-21T05:00,21.1,89,19.2,862.8,1.3,214,Bhaisipati,27.6515,85.3008
2023-06-21T06:00,22.0,86,19.5,863.1,1.8,169,Bhaisipati,27.6515,85.3008
2023-06-21T07:00,23.1,82,19.9,863.6,2.2,9,Bhaisipati,27.6515,85.3008
2023-06-21T08:00,24.9,74,19.9,863.9,1.3,326,Bhaisipati,27.6515,85.3008
2023-06-21T09:00,26.8,66,19.9,864.5,4.7,302,Bhaisipati,27.6515,85.3008
2023-06-21T10:00,27.8,64,20.2,864.4,7.9,317,Bhaisipati,27.6515,85.3008
2023-06-21T11:00,27.9,62,20.0,863.9,10.6,332,Bhaisipati,27.6515,85.3008
2023-06-21T12:00,26.5,60,17.9,863.6,7.9,240,Bhaisipati,27.6515,85.3008
2023-06-21T13:00,26.6,65,19.6,862.7,7.1,319,Bhaisipati,27.6515,85.3008
2023-06-21T14:00,26.0,68,19.8,862.0,9.7,329,Bhaisipati,27.6515,85.3008
2023-06-21T15:00,25.8,72,20.4,861.5,6.6,311,Bhaisipati,27.6515,85.3008
2023-06-21T16:00,25.6,74,20.6,861.3,7.1,330,Bhaisipati,27.6515,85.3008
2023-06-21T17:00,25.3,75,20.4,861.0,6.5,360,Bhaisipati,27.6515,85.3008
2023-06-21T18:00,24.3,83,21.1,861.8,2.6,56,Bhaisipati,27.6515,85.3008
2023-06-21T19:00,23.3,89,21.4,862.5,1.3,146,Bhaisipati,27.6515,85.3008
2023-06-21T20:00,22.0,86,19.6,863.1,5.9,223,Bhaisipati,27.6515,85.3008
2023-06-21T21:00,21.6,92,20.2,863.2,6.2,173,Bhaisipati,27.6515,85.3008
2023-06-21T22:00,21.2,95,20.3,862.9,4.0,170,Bhaisipati,27.6515,85.3008
2023-06-21T23:00,20.7,98,20.3,862.6,2.3,198,Bhaisipati,27.6515,85.3008
2023-06-22T00:00,20.7,98,20.4,861.9,2.5,188,Bhaisipati,27.6515,85.3008
2023-06-22T01:00,20.7,98,20.4,861.8,1.8,191,Bhaisipati,27.6515,85.3008
2023-06-22T02:00,20.4,98,20.2,861.7,1.3,146,Bhaisipati,27.6515,85.3008
2023-06-22T03:00,20.2,100,20.2,861.6,0.7,180,Bhaisipati,27.6515,85.3008
2023-06-22T04:00,19.7,100,19.7,861.5,1.0,135,Bhaisipati,27.6515,85.3008
2023-06-22T05:00,20.7,98,20.3,862.5,2.0,135,Bhaisipati,27.6515,85.3008
2023-06-22T06:00,22.1,90,20.4,863.2,2.7,157,Bhaisipati,27.6515,85.3008
2023-06-22T07:00,23.7,82,20.3,863.9,1.8,127,Bhaisipati,27.6515,85.3008
2023-06-22T08:00,24.9,77,20.6,864.7,3.2,333,Bhaisipati,27.6515,85.3008
2023-06-22T09:00,26.2,74,21.1,865.0,4.7,351,Bhaisipati,27.6515,85.3008
2023-06-22T10:00,25.8,71,20.2,864.9,5.6,297,Bhaisipati,27.6515,85.3008
2023-06-22T11:00,27.1,70,21.3,864.3,6.2,324,Bhaisipati,27.6515,85.3008
2023-06-22T12:00,27.5,68,21.0,863.4,7.8,338,Bhaisipati,27.6515,85.3008
2023-06-22T13:00,27.4,65,20.2,862.6,4.9,306,Bhaisipati,27.6515,85.3008
2023-06-22T14:00,26.7,68,20.3,862.3,6.6,279,Bhaisipati,27.6515,85.3008
2023-06-22T15:00,25.9,72,20.5,861.7,7.6,335,Bhaisipati,27.6515,85.3008
2023-06-22T16:00,25.7,73,20.4,861.8,3.1,225,Bhaisipati,27.6515,85.3008
2023-06-22T17:00,25.8,72,20.4,861.1,2.9,360,Bhaisipati,27.6515,85.3008
2023-06-22T18:00,24.7,79,20.8,861.7,1.3,326,Bhaisipati,27.6515,85.3008
2023-06-22T19:00,23.3,85,20.6,862.5,1.5,166,Bhaisipati,27.6515,85.3008
2023-06-22T20:00,22.4,92,21.0,862.8,1.5,76,Bhaisipati,27.6515,85.3008
2023-06-22T21:00,22.3,91,20.7,863.6,2.4,117,Bhaisipati,27.6515,85.3008
2023-06-22T22:00,21.6,92,20.2,864.2,1.1,288,Bhaisipati,27.6515,85.3008
2023-06-22T23:00,21.1,96,20.4,864.0,1.3,34,Bhaisipati,27.6515,85.3008
2023-06-23T00:00,21.2,95,20.4,863.5,0.8,63,Bhaisipati,27.6515,85.3008
2023-06-23T01:00,20.8,98,20.6,862.6,2.1,329,Bhaisipati,27.6515,85.3008
2023-06-23T02:00,20.9,96,20.3,862.3,3.1,135,Bhaisipati,27.6515,85.3008
2023-06-23T03:00,20.9,97,20.4,862.3,2.1,121,Bhaisipati,27.6515,85.3008
2023-06-23T04:00,20.9,97,20.4,862.8,2.9,90,Bhaisipati,27.6515,85.3008
2023-06-23T05:00,21.3,97,20.8,863.1,1.8,259,Bhaisipati,27.6515,85.3008
2023-06-23T06:00,21.8,94,20.8,863.8,1.0,45,Bhaisipati,27.6515,85.3008
2023-06-23T07:00,22.9,88,20.9,864.6,3.1,45,Bhaisipati,27.6515,85.3008
2023-06-23T08:00,24.2,83,21.1,865.5,2.2,9,Bhaisipati,27.6515,85.3008
2023-06-23T09:00,25.6,76,21.1,865.4,3.4,32,Bhaisipati,27.6515,85.3008
2023-06-23T10:00,26.5,72,21.1,865.1,4.0,10,Bhaisipati,27.6515,85.3008
2023-06-23T11:00,26.8,69,20.7,864.5,2.9,353,Bhaisipati,27.6515,85.3008
2023-06-23T12:00,27.4,67,20.8,863.9,6.3,294,Bhaisipati,27.6515,85.3008
2023-06-23T13:00,26.9,68,20.4,863.3,6.8,288,Bhaisipati,27.6515,85.3008
2023-06-23T14:00,25.7,74,20.7,862.5,5.8,292,Bhaisipati,27.6515,85.3008
2023-06-23T15:00,24.2,81,20.7,861.8,4.9,216,Bhaisipati,27.6515,85.3008
2023-06-23T16:00,24.2,83,21.2,861.5,0.4,180,Bhaisipati,27.6515,85.3008
2023-06-23T17:00,26.4,70,20.6,861.3,5.4,318,Bhaisipati,27.6515,85.3008
2023-06-23T18:00,25.3,78,21.2,861.5,2.3,321,Bhaisipati,27.6515,85.3008
2023-06-23T19:00,24.4,85,21.7,862.4,1.1,270,Bhaisipati,27.6515,85.3008
2023-06-23T20:00,23.4,87,21.1,863.1,1.1,252,Bhaisipati,27.6515,85.3008
2023-06-23T21:00,22.2,93,21.0,863.5,1.8,259,Bhaisipati,27.6515,85.3008
2023-06-23T22:00,22.1,96,21.4,863.5,0.4,180,Bhaisipati,27.6515,85.3008
2023-06-23T23:00,21.1,98,20.7,863.7,1.1,18,Bhaisipati,27.6515,85.3008
2023-06-24T00:00,20.9,98,20.6,863.1,0.8,117,Bhaisipati,27.6515,85.3008
2023-06-24T01:00,20.9,97,20.4,862.6,1.4,180,Bhaisipati,27.6515,85.3008
2023-06-24T02:00,21.4,95,20.5,861.9,3.6,233,Bhaisipati,27.6515,85.3008
2023-06-24T03:00,20.9,97,20.4,862.0,1.8,281,Bhaisipati,27.6515,85.3008
2023-06-24T04:00,20.9,96,20.3,862.2,1.6,117,Bhaisipati,27.6515,85.3008
2023-06-24T05:00,21.8,90,19.9,863.0,1.1,288,Bhaisipati,27.6515,85.3008
2023-06-24T06:00,21.5,93,20.3,863.3,2.5,90,Bhaisipati,27.6515,85.3008
2023-06-24T07:00,21.3,94,20.3,863.7,2.2,9,Bhaisipati,27.6515,85.3008
2023-06-24T08:00,21.7,93,20.5,863.9,1.3,56,Bhaisipati,27.6515,85.3008
2023-06-24T09:00,22.3,91,20.8,864.0,5.8,86,Bhaisipati,27.6515,85.3008
2023-06-24T10:00,23.2,88,21.1,863.3,2.9,97,Bhaisipati,27.6515,85.3008
2023-06-24T11:00,25.4,81,21.8,863.2,2.8,320,Bhaisipati,27.6515,85.3008
2023-06-24T12:00,26.1,76,21.4,863.3,7.0,291,Bhaisipati,27.6515,85.3008
2023-06-24T13:00,26.0,78,21.8,862.5,5.7,288,Bhaisipati,27.6515,85.3008
2023-06-24T14:00,25.4,80,21.7,861.6,3.3,311,Bhaisipati,27.6515,85.3008
2023-06-24T15:00,25.0,80,21.3,861.1,3.3,283,Bhaisipati,27.6515,85.3008
2023-06-24T16:00,25.2,78,21.0,860.7,2.1,211,Bhaisipati,27.6515,85.3008
2023-06-24T17:00,24.8,78,20.7,861.2,1.1,198,Bhaisipati,27.6515,85.3008
2023-06-24T18:00,23.4,85,20.8,861.6,1.8,233,Bhaisipati,27.6515,85.3008
2023-06-24T19:00,22.7,88,20.6,862.8,0.8,153,Bhaisipati,27.6515,85.3008
2023-06-24T20:00,22.1,91,20.6,863.2,1.6,153,Bhaisipati,27.6515,85.3008
2023-06-24T21:00,21.9,93,20.7,863.4,4.0,185,Bhaisipati,27.6515,85.3008
2023-06-24T22:00,21.4,94,20.4,863.7,2.9,120,Bhaisipati,27.6515,85.3008
2023-06-24T23:00,21.1,94,20.2,863.4,4.0,153,Bhaisipati,27.6515,85.3008
2023-06-25T00:00,21.4,93,20.3,862.8,2.6,164,Bhaisipati,27.6515,85.3008
2023-06-25T01:00,21.0,95,20.2,862.8,2.5,188,Bhaisipati,27.6515,85.3008
2023-06-25T02:00,20.8,97,20.2,862.3,1.1,180,Bhaisipati,27.6515,85.3008
2023-06-25T03:00,20.7,97,20.2,862.0,3.6,53,Bhaisipati,27.6515,85.3008
2023-06-25T04:00,20.6,97,20.1,862.1,3.3,174,Bhaisipati,27.6515,85.3008
2023-06-25T05:00,20.7,96,20.0,862.6,3.3,84,Bhaisipati,27.6515,85.3008
2023-06-25T06:00,21.7,90,19.9,863.3,3.7,151,Bhaisipati,27.6515,85.3008
2023-06-25T07:00,23.4,82,20.1,863.7,3.5,156,Bhaisipati,27.6515,85.3008
2023-06-25T08:00,25.1,75,20.4,864.1,1.1,360,Bhaisipati,27.6515,85.3008
2023-06-25T09:00,26.2,73,21.0,864.5,3.9,326,Bhaisipati,27.6515,85.3008
2023-06-25T10:00,27.2,71,21.5,864.8,6.0,335,Bhaisipati,27.6515,85.3008
2023-06-25T11:00,23.9,79,20.1,864.2,3.8,319,Bhaisipati,27.6515,85.3008
2023-06-25T12:00,24.3,79,20.4,863.7,4.6,135,Bhaisipati,27.6515,85.3008
2023-06-25T13:00,25.2,76,20.7,863.0,3.6,53,Bhaisipati,27.6515,85.3008
2023-06-25T14:00,25.9,75,21.2,862.6,4.0,355,Bhaisipati,27.6515,85.3008
2023-06-25T15:00,23.9,80,20.3,862.3,5.9,349,Bhaisipati,27.6515,85.3008
2023-06-25T16:00,23.3,85,20.7,862.1,1.5,76,Bhaisipati,27.6515,85.3008
2023-06-25T17:00,23.2,86,20.7,862.5,3.6,323,Bhaisipati,27.6515,85.3008
2023-06-25T18:00,22.7,90,20.9,862.6,1.9,248,Bhaisipati,27.6515,85.3008
2023-06-25T19:00,21.3,95,20.5,862.6,2.2,180,Bhaisipati,27.6515,85.3008
2023-06-25T20:00,21.2,96,20.5,863.2,2.2,171,Bhaisipati,27.6515,85.3008
2023-06-25T21:00,21.2,96,20.6,863.7,4.1,165,Bhaisipati,27.6515,85.3008
2023-06-25T22:00,20.8,97,20.2,863.7,3.4,162,Bhaisipati,27.6515,85.3008
2023-06-25T23:00,20.6,96,20.0,863.3,2.9,173,Bhaisipati,27.6515,85.3008
2023-06-26T00:00,20.2,96,19.6,862.6,4.7,171,Bhaisipati,27.6515,85.3008
2023-06-26T01:00,19.9,96,19.3,861.6,4.0,175,Bhaisipati,27.6515,85.3008
2023-06-26T02:00,19.8,95,19.0,861.0,2.5,180,Bhaisipati,27.6515,85.3008
2023-06-26T03:00,19.4,96,18.7,860.9,0.7,180,Bhaisipati,27.6515,85.3008
2023-06-26T04:00,19.5,95,18.7,861.2,0.7,180,Bhaisipati,27.6515,85.3008
2023-06-26T05:00,20.5,95,19.7,862.4,0.7,180,Bhaisipati,27.6515,85.3008
2023-06-26T06:00,21.7,90,19.9,863.4,2.6,146,Bhaisipati,27.6515,85.3008
2023-06-26T07:00,22.9,82,19.7,864.2,2.3,39,Bhaisipati,27.6515,85.3008
2023-06-26T08:00,24.1,77,19.9,864.7,2.9,7,Bhaisipati,27.6515,85.3008
2023-06-26T09:00,25.6,70,19.8,865.3,5.1,4,Bhaisipati,27.6515,85.3008
2023-06-26T10:00,26.6,69,20.4,865.0,3.3,354,Bhaisipati,27.6515,85.3008
2023-06-26T11:00,27.4,66,20.4,864.6,1.9,338,Bhaisipati,27.6515,85.3008
2023-06-26T12:00,24.1,76,19.5,863.5,2.5,98,Bhaisipati,27.6515,85.3008
2023-06-26T13:00,25.7,72,20.3,863.0,4.0,355,Bhaisipati,27.6515,85.3008
2023-06-26T14:00,25.6,73,20.4,862.5,4.6,342,Bhaisipati,27.6515,85.3008
2023-06-26T15:00,25.8,69,19.7,861.8,2.5,270,Bhaisipati,27.6515,85.3008
2023-06-26T16:00,24.6,75,19.8,861.4,1.4,90,Bhaisipati,27.6515,85.3008
2023-06-26T17:00,24.4,75,19.8,861.6,2.3,39,Bhaisipati,27.6515,85.3008
2023-06-26T18:00,23.4,83,20.4,861.5,1.1,108,Bhaisipati,27.6515,85.3008
2023-06-26T19:00,22.4,88,20.3,862.0,1.1,162,Bhaisipati,27.6515,85.3008
2023-06-26T20:00,21.4,90,19.8,862.5,6.5,161,Bhaisipati,27.6515,85.3008
2023-06-26T21:00,20.9,86,18.6,862.7,7.9,164,Bhaisipati,27.6515,85.3008
2023-06-26T22:00,20.6,85,18.0,862.7,3.9,158,Bhaisipati,27.6515,85.3008
2023-06-26T23:00,20.2,89,18.3,862.6,2.2,171,Bhaisipati,27.6515,85.3008
2023-06-27T00:00,19.8,91,18.3,862.1,3.6,143,Bhaisipati,27.6515,85.3008
2023-06-27T01:00,19.5,95,18.8,861.6,0.8,153,Bhaisipati,27.6515,85.3008
2023-06-27T02:00,19.1,96,18.4,860.7,1.6,153,Bhaisipati,27.6515,85.3008
2023-06-27T03:00,18.9,95,18.2,859.9,3.6,174,Bhaisipati,27.6515,85.3008
2023-06-27T04:00,18.5,96,17.9,859.7,3.6,180,Bhaisipati,27.6515,85.3008
2023-06-27T05:00,19.8,95,18.9,860.8,4.0,153,Bhaisipati,27.6515,85.3008
2023-06-27T06:00,21.4,90,19.8,861.1,3.5,156,Bhaisipati,27.6515,85.3008
2023-06-27T07:00,23.3,78,19.3,862.1,2.3,129,Bhaisipati,27.6515,85.3008
2023-06-27T08:00,25.0,72,19.7,863.4,0.7,360,Bhaisipati,27.6515,85.3008
2023-06-27T09:00,25.8,70,19.9,864.0,0.5,45,Bhaisipati,27.6515,85.3008
2023-06-27T10:00,25.7,68,19.4,863.7,1.6,333,Bhaisipati,27.6515,85.3008
2023-06-27T11:00,24.4,78,20.2,863.5,5.5,328,Bhaisipati,27.6515,85.3008
2023-06-27T12:00,25.5,71,19.9,863.0,5.7,35,Bhaisipati,27.6515,85.3008
2023-06-27T13:00,24.8,75,20.1,862.5,5.1,4,Bhaisipati,27.6515,85.3008
2023-06-27T14:00,25.8,75,20.9,861.8,4.2,31,Bhaisipati,27.6515,85.3008
2023-06-27T15:00,24.7,73,19.6,861.7,6.1,118,Bhaisipati,27.6515,85.3008
2023-06-27T16:00,25.1,73,19.8,861.5,3.4,18,Bhaisipati,27.6515,85.3008
2023-06-27T17:00,23.4,85,20.8,861.6,2.0,315,Bhaisipati,27.6515,85.3008
2023-06-27T18:00,23.3,85,20.7,861.9,1.8,90,Bhaisipati,27.6515,85.3008
2023-06-27T19:00,23.2,81,19.9,862.7,0.4,90,Bhaisipati,27.6515,85.3008
2023-06-27T20:00,21.9,91,20.3,863.1,3.7,151,Bhaisipati,27.6515,85.3008
2023-06-27T21:00,21.4,94,20.4,863.4,3.5,156,Bhaisipati,27.6515,85.3008
2023-06-27T22:00,20.8,96,20.1,863.6,2.5,172,Bhaisipati,27.6515,85.3008
2023-06-27T23:00,20.5,96,19.9,863.6,4.3,156,Bhaisipati,27.6515,85.3008
2023-06-28T00:00,20.4,95,19.6,863.1,4.7,157,Bhaisipati,27.6515,85.3008
2023-06-28T01:00,20.4,95,19.7,862.8,1.9,158,Bhaisipati,27.6515,85.3008
2023-06-28T02:00,20.3,96,19.6,862.3,0.8,153,Bhaisipati,27.6515,85.3008
2023-06-28T03:00,20.4,95,19.5,862.3,1.3,124,Bhaisipati,27.6515,85.3008
2023-06-28T04:00,20.3,96,19.6,862.6,1.6,153,Bhaisipati,27.6515,85.3008
2023-06-28T05:00,20.0,96,19.4,862.0,2.6,164,Bhaisipati,27.6515,85.3008
2023-06-28T06:00,21.3,93,20.1,862.5,2.3,108,Bhaisipati,27.6515,85.3008
2023-06-28T07:00,22.8,85,20.2,864.2,2.1,59,Bhaisipati,27.6515,85.3008
2023-06-28T08:00,24.3,79,20.3,865.1,3.1,21,Bhaisipati,27.6515,85.3008
2023-06-28T09:00,24.9,75,20.1,865.2,3.2,360,Bhaisipati,27.6515,85.3008
2023-06-28T10:00,26.1,70,20.3,865.1,2.4,333,Bhaisipati,27.6515,85.3008
2023-06-28T11:00,24.6,76,20.0,864.6,5.8,270,Bhaisipati,27.6515,85.3008
2023-06-28T12:00,24.1,80,20.4,864.0,2.3,18,Bhaisipati,27.6515,85.3008
2023-06-28T13:00,24.1,77,19.9,863.3,6.2,353,Bhaisipati,27.6515,85.3008
2023-06-28T14:00,25.0,72,19.7,862.2,6.2,353,Bhaisipati,27.6515,85.3008
2023-06-28T15:00,24.9,73,19.7,862.2,2.3,321,Bhaisipati,27.6515,85.3008
2023-06-28T16:00,24.3,78,20.2,861.8,3.6,360,Bhaisipati,27.6515,85.3008
2023-06-28T17:00,23.1,85,20.4,862.6,1.8,11,Bhaisipati,27.6515,85.3008
2023-06-28T18:00,21.6,91,20.0,862.8,4.8,138,Bhaisipati,27.6515,85.3008
2023-06-28T19:00,21.3,93,20.0,863.1,2.9,150,Bhaisipati,27.6515,85.3008
2023-06-28T20:00,20.7,95,19.9,863.7,5.7,145,Bhaisipati,27.6515,85.3008
2023-06-28T21:00,20.8,94,19.8,864.0,4.8,153,Bhaisipati,27.6515,85.3008
2023-06-28T22:00,20.7,95,19.9,864.4,2.7,157,Bhaisipati,27.6515,85.3008
2023-06-28T23:00,20.6,96,19.9,863.9,1.3,146,Bhaisipati,27.6515,85.3008
2023-06-29T00:00,20.1,98,19.7,863.2,1.8,169,Bhaisipati,27.6515,85.3008
2023-06-29T01:00,20.1,96,19.4,862.5,3.7,169,Bhaisipati,27.6515,85.3008
2023-06-29T02:00,19.9,95,18.9,862.3,4.7,157,Bhaisipati,27.6515,85.3008
2023-06-29T03:00,19.8,94,18.9,861.9,4.8,153,Bhaisipati,27.6515,85.3008
2023-06-29T04:00,19.7,93,18.6,861.6,4.2,160,Bhaisipati,27.6515,85.3008
2023-06-29T05:00,20.4,96,19.8,862.0,4.4,145,Bhaisipati,27.6515,85.3008
2023-06-29T06:00,21.5,91,20.1,863.2,4.1,128,Bhaisipati,27.6515,85.3008
2023-06-29T07:00,23.0,82,19.9,864.1,4.9,107,Bhaisipati,27.6515,85.3008
2023-06-29T08:00,24.2,77,19.9,864.4,5.2,102,Bhaisipati,27.6515,85.3008
2023-06-29T09:00,25.7,71,20.1,864.8,4.3,95,Bhaisipati,27.6515,85.3008
2023-06-29T10:00,25.8,67,19.2,864.6,4.0,100,Bhaisipati,27.6515,85.3008
2023-06-29T11:00,23.4,79,19.5,864.5,5.4,176,Bhaisipati,27.6515,85.3008
2023-06-29T12:00,24.4,75,19.7,863.8,0.8,117,Bhaisipati,27.6515,85.3008
2023-06-29T13:00,26.6,66,19.8,863.0,4.3,85,Bhaisipati,27.6515,85.3008
2023-06-29T14:00,26.8,64,19.4,861.9,6.4,74,Bhaisipati,27.6515,85.3008
2023-06-29T15:00,26.4,65,19.4,861.3,6.3,103,Bhaisipati,27.6515,85.3008
2023-06-29T16:00,23.7,79,19.9,860.9,7.3,160,Bhaisipati,27.6515,85.3008
2023-06-29T17:00,22.5,86,20.0,861.3,3.5,114,Bhaisipati,27.6515,85.3008
2023-06-29T18:00,22.0,91,20.5,861.6,3.7,119,Bhaisipati,27.6515,85.3008
2023-06-29T19:00,21.6,94,20.5,861.9,4.8,117,Bhaisipati,27.6515,85.3008
2023-06-29T20:00,21.3,94,20.4,862.4,5.4,138,Bhaisipati,27.6515,85.3008
2023-06-29T21:00,21.2,93,20.1,863.0,4.8,132,Bhaisipati,27.6515,85.3008
2023-06-29T22:00,20.9,95,20.1,863.2,5.4,138,Bhaisipati,27.6515,85.3008
2023-06-29T23:00,20.7,95,19.9,862.7,4.8,132,Bhaisipati,27.6515,85.3008
2023-06-30T00:00,20.6,95,19.9,861.9,6.9,129,Bhaisipati,27.6515,85.3008
2023-06-30T01:00,20.6,95,19.7,861.3,6.6,139,Bhaisipati,27.6515,85.3008
2023-06-30T02:00,20.4,95,19.6,861.0,6.1,130,Bhaisipati,27.6515,85.3008
2023-06-30T03:00,20.3,95,19.4,860.7,7.4,129,Bhaisipati,27.6515,85.3008
2023-06-30T04:00,20.4,95,19.6,860.8,6.1,140,Bhaisipati,27.6515,85.3008
2023-06-30T05:00,20.4,95,19.5,861.8,3.1,144,Bhaisipati,27.6515,85.3008
2023-06-30T06:00,20.8,94,19.8,862.3,4.9,126,Bhaisipati,27.6515,85.3008
2023-06-30T07:00,21.2,93,20.0,862.9,5.6,135,Bhaisipati,27.6515,85.3008
2023-06-30T08:00,21.9,88,19.8,863.3,5.6,130,Bhaisipati,27.6515,85.3008
2023-06-30T09:00,22.7,87,20.4,863.8,4.9,126,Bhaisipati,27.6515,85.3008
2023-06-30T10:00,22.8,86,20.3,863.9,3.9,112,Bhaisipati,27.6515,85.3008
2023-06-30T11:00,22.9,87,20.6,863.8,3.7,101,Bhaisipati,27.6515,85.3008
2023-06-30T12:00,23.3,85,20.6,863.4,4.1,75,Bhaisipati,27.6515,85.3008
2023-06-30T13:00,23.5,86,21.1,862.8,3.6,37,Bhaisipati,27.6515,85.3008
2023-06-30T14:00,23.1,88,21.1,861.6,2.7,113,Bhaisipati,27.6515,85.3008
2023-06-30T15:00,23.3,90,21.5,860.7,0.5,315,Bhaisipati,27.6515,85.3008
2023-06-30T16:00,23.9,86,21.4,860.3,2.5,45,Bhaisipati,27.6515,85.3008
2023-06-30T17:00,20.9,96,20.2,860.9,0.7,360,Bhaisipati,27.6515,85.3008
2023-06-30T18:00,21.3,94,20.3,861.0,3.4,122,Bhaisipati,27.6515,85.3008
2023-06-30T19:00,21.2,95,20.3,861.3,3.6,180,Bhaisipati,27.6515,85.3008
2023-06-30T20:00,20.7,97,20.2,861.5,2.3,162,Bhaisipati,27.6515,85.3008
2023-06-30T21:00,20.3,97,19.8,862.1,2.9,173,Bhaisipati,27.6515,85.3008
2023-06-30T22:00,20.4,98,20.0,862.7,2.8,140,Bhaisipati,27.6515,85.3008
2023-06-30T23:00,20.4,96,19.8,862.2,4.6,162,Bhaisipati,27.6515,85.3008
2023-07-01T00:00,20.3,96,19.7,861.4,3.0,166,Bhaisipati,27.6515,85.3008
2023-07-01T01:00,20.3,96,19.7,860.8,3.9,158,Bhaisipati,27.6515,85.3008
2023-07-01T02:00,20.4,95,19.6,860.4,3.0,166,Bhaisipati,27.6515,85.3008
2023-07-01T03:00,20.2,94,19.3,860.6,3.1,144,Bhaisipati,27.6515,85.3008
2023-07-01T04:00,20.1,95,19.3,860.7,4.8,153,Bhaisipati,27.6515,85.3008
2023-07-01T05:00,20.7,94,19.7,861.0,4.8,132,Bhaisipati,27.6515,85.3008
2023-07-01T06:00,20.8,95,19.9,861.9,6.0,147,Bhaisipati,27.6515,85.3008
2023-07-01T07:00,21.2,94,20.1,862.7,5.2,146,Bhaisipati,27.6515,85.3008
2023-07-01T08:00,21.6,92,20.2,863.3,5.4,138,Bhaisipati,27.6515,85.3008
2023-07-01T09:00,21.8,91,20.4,863.8,6.1,130,Bhaisipati,27.6515,85.3008
2023-07-01T10:00,21.8,93,20.6,863.9,6.4,128,Bhaisipati,27.6515,85.3008
2023-07-01T11:00,21.8,90,20.1,864.1,7.1,131,Bhaisipati,27.6515,85.3008
2023-07-01T12:00,22.4,88,20.3,863.5,5.6,130,Bhaisipati,27.6515,85.3008
2023-07-01T13:00,22.5,89,20.6,862.6,4.5,104,Bhaisipati,27.6515,85.3008
2023-07-01T14:00,24.4,81,20.9,861.8,4.3,90,Bhaisipati,27.6515,85.3008
2023-07-01T15:00,25.8,73,20.5,861.6,0.0,270,Bhaisipati,27.6515,85.3008
2023-07-01T16:00,25.4,73,20.1,861.4,2.2,270,Bhaisipati,27.6515,85.3008
2023-07-01T17:00,24.5,76,19.9,861.8,3.5,246,Bhaisipati,27.6515,85.3008
2023-07-01T18:00,23.0,90,21.2,862.1,1.3,214,Bhaisipati,27.6515,85.3008
2023-07-01T19:00,21.6,93,20.4,862.8,0.4,180,Bhaisipati,27.6515,85.3008
2023-07-01T20:00,21.4,95,20.7,863.6,2.6,146,Bhaisipati,27.6515,85.3008
2023-07-01T21:00,21.2,96,20.6,864.1,1.6,153,Bhaisipati,27.6515,85.3008
2023-07-01T22:00,21.0,97,20.6,864.1,1.8,180,Bhaisipati,27.6515,85.3008
2023-07-01T23:00,20.8,98,20.4,863.5,2.9,150,Bhaisipati,27.6515,85.3008
2023-07-02T00:00,20.6,97,20.2,862.8,3.0,166,Bhaisipati,27.6515,85.3008
2023-07-02T01:00,20.5,96,19.9,862.2,3.3,167,Bhaisipati,27.6515,85.3008
2023-07-02T02:00,20.4,96,19.7,861.6,2.5,172,Bhaisipati,27.6515,85.3008
2023-07-02T03:00,20.1,96,19.4,861.1,2.5,172,Bhaisipati,27.6515,85.3008
2023-07-02T04:00,20.2,95,19.4,861.0,2.5,180,Bhaisipati,27.6515,85.3008
2023-07-02T05:00,20.4,97,19.9,861.6,2.2,171,Bhaisipati,27.6515,85.3008
2023-07-02T06:00,21.3,94,20.3,862.2,1.5,166,Bhaisipati,27.6515,85.3008
2023-07-02T07:00,22.2,90,20.5,863.4,1.3,56,Bhaisipati,27.6515,85.3008
2023-07-02T08:00,22.4,88,20.4,863.8,2.6,74,Bhaisipati,27.6515,85.3008
2023-07-02T09:00,22.9,87,20.7,864.0,3.1,69,Bhaisipati,27.6515,85.3008
2023-07-02T10:00,24.3,80,20.6,863.7,3.5,66,Bhaisipati,27.6515,85.3008
2023-07-02T11:00,26.5,73,21.4,863.6,2.1,59,Bhaisipati,27.6515,85.3008
2023-07-02T12:00,27.4,67,20.9,862.6,2.1,59,Bhaisipati,27.6515,85.3008
2023-07-02T13:00,25.8,72,20.4,861.4,5.6,297,Bhaisipati,27.6515,85.3008
2023-07-02T14:00,25.1,81,21.5,860.7,4.6,309,Bhaisipati,27.6515,85.3008
2023-07-02T15:00,24.9,84,22.1,860.2,4.7,4,Bhaisipati,27.6515,85.3008
2023-07-02T16:00,24.2,83,21.1,860.0,2.5,352,Bhaisipati,27.6515,85.3008
2023-07-02T17:00,23.2,85,20.4,861.2,2.3,342,Bhaisipati,27.6515,85.3008
2023-07-02T18:00,22.0,94,21.0,862.1,2.9,330,Bhaisipati,27.6515,85.3008
2023-07-02T19:00,21.7,96,21.1,862.7,2.6,124,Bhaisipati,27.6515,85.3008
2023-07-02T20:00,21.6,96,21.0,863.2,3.1,111,Bhaisipati,27.6515,85.3008
2023-07-02T21:00,21.4,96,20.8,863.0,3.1,144,Bhaisipati,27.6515,85.3008
2023-07-02T22:00,21.1,95,20.2,862.9,3.5,156,Bhaisipati,27.6515,85.3008
2023-07-02T23:00,20.5,96,19.9,862.3,3.3,167,Bhaisipati,27.6515,85.3008
2023-07-03T00:00,20.2,96,19.5,861.8,4.0,175,Bhaisipati,27.6515,85.3008
2023-07-03T01:00,20.0,96,19.4,861.6,4.0,175,Bhaisipati,27.6515,85.3008
2023-07-03T02:00,20.1,97,19.6,861.2,2.9,173,Bhaisipati,27.6515,85.3008
2023-07-03T03:00,19.7,97,19.2,861.0,3.7,169,Bhaisipati,27.6515,85.3008
2023-07-03T04:00,19.5,97,19.1,861.2,4.5,166,Bhaisipati,27.6515,85.3008
2023-07-03T05:00,19.7,98,19.3,860.9,5.5,169,Bhaisipati,27.6515,85.3008
2023-07-03T06:00,21.2,95,20.4,861.6,5.2,164,Bhaisipati,27.6515,85.3008
2023-07-03T07:00,23.2,87,20.9,863.3,2.3,129,Bhaisipati,27.6515,85.3008
2023-07-03T08:00,24.4,82,21.1,864.0,1.6,63,Bhaisipati,27.6515,85.3008
2023-07-03T09:00,23.9,84,20.9,863.8,2.3,18,Bhaisipati,27.6515,85.3008
2023-07-03T10:00,24.7,79,20.8,863.6,3.2,27,Bhaisipati,27.6515,85.3008
2023-07-03T11:00,26.5,75,21.8,863.3,1.9,68,Bhaisipati,27.6515,85.3008
2023-07-03T12:00,26.2,74,21.2,862.3,4.2,250,Bhaisipati,27.6515,85.3008
2023-07-03T13:00,24.7,82,21.4,861.6,1.8,307,Bhaisipati,27.6515,85.3008
2023-07-03T14:00,24.2,84,21.4,861.3,1.5,315,Bhaisipati,27.6515,85.3008
2023-07-03T15:00,23.7,89,21.7,860.7,1.0,45,Bhaisipati,27.6515,85.3008
2023-07-03T16:00,24.2,86,21.7,860.5,2.9,60,Bhaisipati,27.6515,85.3008
2023-07-03T17:00,23.6,85,20.9,861.6,1.8,323,Bhaisipati,27.6515,85.3008
2023-07-03T18:00,22.6,91,21.1,861.9,1.3,326,Bhaisipati,27.6515,85.3008
2023-07-03T19:00,21.7,94,20.7,862.4,0.5,315,Bhaisipati,27.6515,85.3008
2023-07-03T20:00,21.3,97,20.8,862.8,2.3,129,Bhaisipati,27.6515,85.3008
2023-07-03T21:00,21.1,97,20.7,863.1,1.3,146,Bhaisipati,27.6515,85.3008
2023-07-03T22:00,21.1,96,20.4,863.0,4.6,162,Bhaisipati,27.6515,85.3008
2023-07-03T23:00,21.2,95,20.4,862.9,2.3,129,Bhaisipati,27.6515,85.3008
2023-07-04T00:00,20.6,97,20.2,862.4,2.4,117,Bhaisipati,27.6515,85.3008
2023-07-04T01:00,20.5,98,20.1,861.7,2.6,124,Bhaisipati,27.6515,85.3008
2023-07-04T02:00,20.1,99,19.9,861.3,1.9,158,Bhaisipati,27.6515,85.3008
2023-07-04T03:00,20.1,98,19.9,861.1,1.5,135,Bhaisipati,27.6515,85.3008
2023-07-04T04:00,20.1,98,19.8,861.2,1.8,169,Bhaisipati,27.6515,85.3008
2023-07-04T05:00,21.3,95,20.4,861.6,3.1,159,Bhaisipati,27.6515,85.3008
2023-07-04T06:00,21.7,92,20.4,862.1,2.7,203,Bhaisipati,27.6515,85.3008
2023-07-04T07:00,21.8,92,20.4,862.8,0.7,180,Bhaisipati,27.6515,85.3008
2023-07-04T08:00,22.3,90,20.7,863.3,0.7,180,Bhaisipati,27.6515,85.3008
2023-07-04T09:00,22.8,90,21.1,863.8,0.8,297,Bhaisipati,27.6515,85.3008
2023-07-04T10:00,23.7,86,21.2,864.1,2.6,344,Bhaisipati,27.6515,85.3008
2023-07-04T11:00,24.9,79,21.0,864.0,6.1,3,Bhaisipati,27.6515,85.3008
2023-07-04T12:00,22.4,89,20.5,862.9,1.8,53,Bhaisipati,27.6515,85.3008
2023-07-04T13:00,22.9,86,20.6,862.1,3.4,162,Bhaisipati,27.6515,85.3008
2023-07-04T14:00,24.4,81,21.0,861.4,2.6,326,Bhaisipati,27.6515,85.3008
2023-07-04T15:00,25.1,79,21.1,860.3,3.8,17,Bhaisipati,27.6515,85.3008
2023-07-04T16:00,25.7,79,21.8,860.3,1.1,360,Bhaisipati,27.6515,85.3008
2023-07-04T17:00,23.8,82,20.4,861.2,0.8,207,Bhaisipati,27.6515,85.3008
2023-07-04T18:00,23.4,82,20.1,861.8,0.4,360,Bhaisipati,27.6515,85.3008
2023-07-04T19:00,21.4,91,19.9,862.2,4.3,185,Bhaisipati,27.6515,85.3008
2023-07-04T20:00,21.1,94,20.1,862.7,3.3,96,Bhaisipati,27.6515,85.3008
2023-07-04T21:00,21.0,94,20.1,863.1,1.5,135,Bhaisipati,27.6515,85.3008
2023-07-04T22:00,20.8,97,20.2,863.1,3.3,96,Bhaisipati,27.6515,85.3008
2023-07-04T23:00,20.4,96,19.8,862.6,4.3,156,Bhaisipati,27.6515,85.3008
2023-07-05T00:00,20.3,95,19.6,861.9,3.4,148,Bhaisipati,27.6515,85.3008
2023-07-05T01:00,20.0,96,19.3,861.3,4.6,162,Bhaisipati,27.6515,85.3008
2023-07-05T02:00,19.8,96,19.2,860.8,4.8,167,Bhaisipati,27.6515,85.3008
2023-07-05T03:00,19.8,97,19.2,860.8,4.5,166,Bhaisipati,27.6515,85.3008
2023-07-05T04:00,19.9,96,19.3,860.7,4.7,157,Bhaisipati,27.6515,85.3008
2023-07-05T05:00,19.8,95,19.0,860.8,3.0,166,Bhaisipati,27.6515,85.3008
2023-07-05T06:00,21.2,92,19.9,862.1,4.9,163,Bhaisipati,27.6515,85.3008
2023-07-05T07:00,21.4,89,19.5,863.0,5.6,130,Bhaisipati,27.6515,85.3008
2023-07-05T08:00,21.6,90,19.8,862.9,4.2,121,Bhaisipati,27.6515,85.3008
2023-07-05T09:00,22.1,89,20.2,863.3,4.0,100,Bhaisipati,27.6515,85.3008
2023-07-05T10:00,22.7,88,20.7,863.2,4.8,117,Bhaisipati,27.6515,85.3008
2023-07-05T11:00,22.7,89,20.8,863.2,3.8,107,Bhaisipati,27.6515,85.3008
2023-07-05T12:00,22.9,89,21.0,862.4,3.6,84,Bhaisipati,27.6515,85.3008
2023-07-05T13:00,24.1,84,21.3,861.7,2.6,146,Bhaisipati,27.6515,85.3008
2023-07-05T14:00,25.6,73,20.4,860.9,2.3,162,Bhaisipati,27.6515,85.3008
2023-07-05T15:00,26.0,70,20.1,860.3,1.0,135,Bhaisipati,27.6515,85.3008
2023-07-05T16:00,25.3,73,20.1,860.3,1.1,288,Bhaisipati,27.6515,85.3008
2023-07-05T17:00,23.9,77,19.6,861.3,3.3,257,Bhaisipati,27.6515,85.3008
2023-07-05T18:00,22.9,87,20.7,861.3,2.4,333,Bhaisipati,27.6515,85.3008
2023-07-05T19:00,21.4,93,20.2,861.6,1.3,146,Bhaisipati,27.6515,85.3008
2023-07-05T20:00,21.3,92,19.9,862.2,2.3,162,Bhaisipati,27.6515,85.3008
2023-07-05T21:00,20.8,93,19.6,862.3,2.6,164,Bhaisipati,27.6515,85.3008
2023-07-05T22:00,20.2,95,19.3,862.2,4.7,176,Bhaisipati,27.6515,85.3008
2023-07-05T23:00,19.7,96,18.9,862.0,4.7,171,Bhaisipati,27.6515,85.3008
2023-07-06T00:00,19.2,97,18.7,861.4,4.3,175,Bhaisipati,27.6515,85.3008
2023-07-06T01:00,18.9,97,18.4,861.2,4.0,175,Bhaisipati,27.6515,85.3008
2023-07-06T02:00,18.7,98,18.3,861.4,2.2,171,Bhaisipati,27.6515,85.3008
2023-07-06T03:00,18.8,98,18.4,861.5,1.8,191,Bhaisipati,27.6515,85.3008
2023-07-06T04:00,18.9,97,18.4,861.3,4.0,170,Bhaisipati,27.6515,85.3008
2023-07-06T05:00,19.9,97,19.4,862.3,1.8,169,Bhaisipati,27.6515,85.3008
2023-07-06T06:00,21.2,93,19.9,862.9,3.4,162,Bhaisipati,27.6515,85.3008
2023-07-06T07:00,22.9,85,20.2,864.0,0.4,360,Bhaisipati,27.6515,85.3008
2023-07-06T08:00,23.9,79,20.1,864.2,3.0,346,Bhaisipati,27.6515,85.3008
2023-07-06T09:00,25.1,74,20.1,864.4,2.8,320,Bhaisipati,27.6515,85.3008
2023-07-06T10:00,26.4,72,20.9,864.6,5.0,339,Bhaisipati,27.6515,85.3008
2023-07-06T11:00,27.2,70,21.1,864.2,5.4,352,Bhaisipati,27.6515,85.3008
2023-07-06T12:00,26.9,69,20.8,863.5,4.7,302,Bhaisipati,27.6515,85.3008
2023-07-06T13:00,25.3,75,20.6,863.0,2.5,188,Bhaisipati,27.6515,85.3008
2023-07-06T14:00,26.2,72,20.9,862.7,4.1,45,Bhaisipati,27.6515,85.3008
2023-07-06T15:00,25.9,72,20.6,862.0,4.0,27,Bhaisipati,27.6515,85.3008
2023-07-06T16:00,23.3,86,20.9,861.3,5.2,295,Bhaisipati,27.6515,85.3008
2023-07-06T17:00,22.1,89,20.3,862.3,3.7,209,Bhaisipati,27.6515,85.3008
2023-07-06T18:00,21.9,91,20.4,862.8,3.2,117,Bhaisipati,27.6515,85.3008
2023-07-06T19:00,21.4,95,20.6,863.4,3.9,124,Bhaisipati,27.6515,85.3008
2023-07-06T20:00,21.1,96,20.4,864.3,4.7,122,Bhaisipati,27.6515,85.3008
2023-07-06T21:00,21.1,96,20.5,864.7,4.8,132,Bhaisipati,27.6515,85.3008
2023-07-06T22:00,21.0,97,20.4,864.7,2.1,149,Bhaisipati,27.6515,85.3008
2023-07-06T23:00,20.7,96,20.1,863.9,3.4,162,Bhaisipati,27.6515,85.3008
2023-07-07T00:00,20.3,96,19.7,863.2,3.7,169,Bhaisipati,27.6515,85.3008
2023-07-07T01:00,20.1,97,19.5,862.9,2.5,180,Bhaisipati,27.6515,85.3008
2023-07-07T02:00,19.9,97,19.4,862.8,1.8,143,Bhaisipati,27.6515,85.3008
2023-07-07T03:00,19.8,97,19.4,862.9,5.0,180,Bhaisipati,27.6515,85.3008
2023-07-07T04:00,19.9,96,19.3,862.6,2.9,173,Bhaisipati,27.6515,85.3008
2023-07-07T05:00,20.2,98,19.9,862.2,1.9,158,Bhaisipati,27.6515,85.3008
2023-07-07T06:00,21.9,94,20.9,863.5,4.4,171,Bhaisipati,27.6515,85.3008
2023-07-07T07:00,23.8,83,20.7,864.9,2.2,99,Bhaisipati,27.6515,85.3008
2023-07-07T08:00,24.9,79,21.0,865.2,1.3,34,Bhaisipati,27.6515,85.3008
2023-07-07T09:00,26.5,72,21.1,865.7,4.4,9,Bhaisipati,27.6515,85.3008
2023-07-07T10:00,25.2,76,20.7,865.1,2.5,315,Bhaisipati,27.6515,85.3008
2023-07-07T11:00,24.1,80,20.4,864.5,5.3,208,Bhaisipati,27.6515,85.3008
2023-07-07T12:00,25.8,74,20.8,864.6,1.1,342,Bhaisipati,27.6515,85.3008
2023-07-07T13:00,26.4,74,21.4,863.5,4.0,355,Bhaisipati,27.6515,85.3008
2023-07-07T14:00,24.5,82,21.3,863.2,6.0,155,Bhaisipati,27.6515,85.3008
2023-07-07T15:00,24.9,78,20.9,862.8,3.9,22,Bhaisipati,27.6515,85.3008
2023-07-07T16:00,23.7,84,20.8,862.1,1.8,53,Bhaisipati,27.6515,85.3008
2023-07-07T17:00,24.8,77,20.4,863.2,0.7,90,Bhaisipati,27.6515,85.3008
2023-07-07T18:00,22.9,86,20.3,863.8,4.1,165,Bhaisipati,27.6515,85.3008
2023-07-07T19:00,22.4,91,20.8,864.5,2.6,124,Bhaisipati,27.6515,85.3008
2023-07-07T20:00,21.8,93,20.6,864.7,4.4,145,Bhaisipati,27.6515,85.3008
2023-07-07T21:00,21.4,92,20.1,865.5,7.2,162,Bhaisipati,27.6515,85.3008
2023-07-07T22:00,21.1,92,19.8,865.6,6.3,156,Bhaisipati,27.6515,85.3008
2023-07-07T23:00,20.7,94,19.7,865.1,6.4,164,Bhaisipati,27.6515,85.3008
2023-07-08T00:00,20.7,94,19.8,864.7,6.3,149,Bhaisipati,27.6515,85.3008
2023-07-08T01:00,20.3,95,19.5,863.7,4.3,156,Bhaisipati,27.6515,85.3008
2023-07-08T02:00,20.0,96,19.4,863.7,5.2,168,Bhaisipati,27.6515,85.3008
2023-07-08T03:00,19.9,97,19.4,863.5,4.7,171,Bhaisipati,27.6515,85.3008
2023-07-08T04:00,19.7,97,19.2,863.5,5.2,164,Bhaisipati,27.6515,85.3008
2023-07-08T05:00,20.0,97,19.5,863.4,5.0,150,Bhaisipati,27.6515,85.3008
2023-07-08T06:00,21.9,93,20.7,864.8,4.1,165,Bhaisipati,27.6515,85.3008
2023-07-08T07:00,23.8,83,20.7,866.3,1.0,135,Bhaisipati,27.6515,85.3008
2023-07-08T08:00,25.2,74,20.3,866.8,3.2,63,Bhaisipati,27.6515,85.3008
2023-07-08T09:00,26.7,69,20.6,866.9,1.5,104,Bhaisipati,27.6515,85.3008
2023-07-08T10:00,27.4,66,20.4,866.8,2.5,225,Bhaisipati,27.6515,85.3008
2023-07-08T11:00,24.2,79,20.3,866.2,5.7,198,Bhaisipati,27.6515,85.3008
2023-07-08T12:00,25.3,75,20.4,865.7,2.6,146,Bhaisipati,27.6515,85.3008
2023-07-08T13:00,26.7,72,21.3,865.3,3.6,323,Bhaisipati,27.6515,85.3008
2023-07-08T14:00,25.4,77,21.1,864.0,1.4,90,Bhaisipati,27.6515,85.3008
2023-07-08T15:00,24.8,78,20.8,863.6,3.8,221,Bhaisipati,27.6515,85.3008
2023-07-08T16:00,23.7,83,20.7,863.7,4.0,333,Bhaisipati,27.6515,85.3008
2023-07-08T17:00,24.0,82,20.7,863.9,1.6,27,Bhaisipati,27.6515,85.3008
2023-07-08T18:00,23.4,91,21.8,864.5,1.8,360,Bhaisipati,27.6515,85.3008
2023-07-08T19:00,22.4,91,20.9,865.0,2.6,124,Bhaisipati,27.6515,85.3008
2023-07-08T20:00,21.9,93,20.8,865.4,2.2,171,Bhaisipati,27.6515,85.3008
2023-07-08T21:00,21.6,95,20.7,865.8,3.7,151,Bhaisipati,27.6515,85.3008
2023-07-08T22:00,20.9,97,20.4,865.8,2.3,162,Bhaisipati,27.6515,85.3008
2023-07-08T23:00,20.7,97,20.2,865.7,2.3,141,Bhaisipati,27.6515,85.3008
2023-07-09T00:00,20.5,96,19.9,864.6,4.7,148,Bhaisipati,27.6515,85.3008
2023-07-09T01:00,20.4,96,19.7,863.8,6.2,159,Bhaisipati,27.6515,85.3008
2023-07-09T02:00,20.4,95,19.6,863.5,5.2,164,Bhaisipati,27.6515,85.3008
2023-07-09T03:00,20.4,95,19.5,863.7,4.3,175,Bhaisipati,27.6515,85.3008
2023-07-09T04:00,20.1,95,19.3,863.7,4.3,175,Bhaisipati,27.6515,85.3008
2023-07-09T05:00,20.4,94,19.5,863.5,2.5,188,Bhaisipati,27.6515,85.3008
2023-07-09T06:00,21.8,92,20.4,864.3,4.1,165,Bhaisipati,27.6515,85.3008
2023-07-09T07:00,23.2,85,20.4,865.2,1.8,90,Bhaisipati,27.6515,85.3008
2023-07-09T08:00,24.7,76,20.3,865.8,2.3,51,Bhaisipati,27.6515,85.3008
2023-07-09T09:00,25.6,72,20.2,866.1,1.6,27,Bhaisipati,27.6515,85.3008
2023-07-09T10:00,26.6,71,20.8,866.2,2.4,297,Bhaisipati,27.6515,85.3008
2023-07-09T11:00,27.4,68,21.0,865.8,3.6,323,Bhaisipati,27.6515,85.3008
2023-07-09T12:00,26.4,71,20.7,864.7,4.6,315,Bhaisipati,27.6515,85.3008
2023-07-09T13:00,25.8,77,21.5,864.3,4.3,336,Bhaisipati,27.6515,85.3008
2023-07-09T14:00,26.2,75,21.4,863.4,3.7,11,Bhaisipati,27.6515,85.3008
2023-07-09T15:00,25.6,75,20.8,862.6,2.5,45,Bhaisipati,27.6515,85.3008
2023-07-09T16:00,24.9,78,20.7,862.3,2.9,360,Bhaisipati,27.6515,85.3008
2023-07-09T17:00,24.4,81,20.9,863.1,2.0,315,Bhaisipati,27.6515,85.3008
2023-07-09T18:00,23.8,89,21.9,863.4,1.5,14,Bhaisipati,27.6515,85.3008
2023-07-09T19:00,23.2,88,21.1,863.8,1.8,127,Bhaisipati,27.6515,85.3008
2023-07-09T20:00,21.9,96,21.2,864.3,1.8,217,Bhaisipati,27.6515,85.3008
2023-07-09T21:00,22.2,95,21.3,864.8,2.3,108,Bhaisipati,27.6515,85.3008
2023-07-09T22:00,21.6,97,21.1,865.2,1.5,14,Bhaisipati,27.6515,85.3008
2023-07-09T23:00,21.4,98,21.0,864.7,1.5,76,Bhaisipati,27.6515,85.3008
2023-07-10T00:00,20.9,99,20.7,863.9,1.8,143,Bhaisipati,27.6515,85.3008
2023-07-10T01:00,21.1,97,20.6,863.4,3.4,162,Bhaisipati,27.6515,85.3008
2023-07-10T02:00,20.7,97,20.2,863.0,2.6,164,Bhaisipati,27.6515,85.3008
2023-07-10T03:00,20.9,96,20.3,863.1,2.6,164,Bhaisipati,27.6515,85.3008
2023-07-10T04:00,20.9,96,20.2,863.0,3.3,167,Bhaisipati,27.6515,85.3008
2023-07-10T05:00,20.7,97,20.2,862.4,3.3,174,Bhaisipati,27.6515,85.3008
2023-07-10T06:00,22.1,95,21.2,864.1,2.6,196,Bhaisipati,27.6515,85.3008
2023-07-10T07:00,23.4,86,20.9,864.9,0.5,315,Bhaisipati,27.6515,85.3008
2023-07-10T08:00,24.7,83,21.6,865.2,2.5,8,Bhaisipati,27.6515,85.3008
2023-07-10T09:00,25.9,78,21.7,865.1,0.7,360,Bhaisipati,27.6515,85.3008
2023-07-10T10:00,27.4,69,21.3,865.1,3.2,333,Bhaisipati,27.6515,85.3008
2023-07-10T11:00,28.3,67,21.7,864.6,2.3,321,Bhaisipati,27.6515,85.3008
2023-07-10T12:00,27.1,70,21.1,864.2,6.8,288,Bhaisipati,27.6515,85.3008
2023-07-10T13:00,25.5,75,20.9,863.5,3.7,349,Bhaisipati,27.6515,85.3008
2023-07-10T14:00,24.4,85,21.7,862.6,3.6,45,Bhaisipati,27.6515,85.3008
2023-07-10T15:00,25.4,82,22.1,862.2,3.7,29,Bhaisipati,27.6515,85.3008
2023-07-10T16:00,25.3,76,20.8,861.7,1.9,22,Bhaisipati,27.6515,85.3008
2023-07-10T17:00,23.4,85,20.8,863.2,4.0,10,Bhaisipati,27.6515,85.3008
2023-07-10T18:00,22.7,95,21.8,862.6,0.5,135,Bhaisipati,27.6515,85.3008
2023-07-10T19:00,21.9,94,20.9,862.7,4.1,165,Bhaisipati,27.6515,85.3008
2023-07-10T20:00,21.7,95,20.9,863.3,3.4,162,Bhaisipati,27.6515,85.3008
2023-07-10T21:00,21.4,96,20.7,863.9,3.4,162,Bhaisipati,27.6515,85.3008
2023-07-10T22:00,21.1,96,20.4,863.9,4.5,166,Bhaisipati,27.6515,85.3008
2023-07-10T23:00,20.9,95,20.2,863.3,4.7,171,Bhaisipati,27.6515,85.3008
2023-07-11T00:00,20.8,96,20.1,862.7,4.8,167,Bhaisipati,27.6515,85.3008
2023-07-11T01:00,20.4,97,19.9,862.3,3.6,174,Bhaisipati,27.6515,85.3008
2023-07-11T02:00,20.2,98,19.8,862.1,2.2,180,Bhaisipati,27.6515,85.3008
2023-07-11T03:00,20.1,97,19.6,861.5,1.4,180,Bhaisipati,27.6515,85.3008
2023-07-11T04:00,20.4,97,19.9,861.8,3.4,162,Bhaisipati,27.6515,85.3008
2023-07-11T05:00,20.4,98,20.1,862.2,2.2,189,Bhaisipati,27.6515,85.3008
2023-07-11T06:00,21.8,93,20.7,862.8,3.1,144,Bhaisipati,27.6515,85.3008
2023-07-11T07:00,23.4,84,20.5,864.0,3.5,114,Bhaisipati,27.6515,85.3008
2023-07-11T08:00,25.1,75,20.4,864.6,3.3,84,Bhaisipati,27.6515,85.3008
2023-07-11T09:00,26.4,68,20.1,864.8,2.8,50,Bhaisipati,27.6515,85.3008
2023-07-11T10:00,27.3,65,20.1,864.7,1.5,284,Bhaisipati,27.6515,85.3008
2023-07-11T11:00,27.5,65,20.4,864.5,1.5,256,Bhaisipati,27.6515,85.3008
2023-07-11T12:00,28.0,66,21.1,864.0,1.5,256,Bhaisipati,27.6515,85.3008
2023-07-11T13:00,23.9,86,21.4,862.9,3.7,281,Bhaisipati,27.6515,85.3008
2023-07-11T14:00,25.5,78,21.3,862.4,3.3,13,Bhaisipati,27.6515,85.3008
2023-07-11T15:00,25.3,77,20.9,861.6,4.2,31,Bhaisipati,27.6515,85.3008
2023-07-11T16:00,24.1,83,21.0,861.4,2.1,301,Bhaisipati,27.6515,85.3008
2023-07-11T17:00,23.8,86,21.4,862.0,4.1,322,Bhaisipati,27.6515,85.3008
2023-07-11T18:00,23.4,88,21.4,862.5,2.1,121,Bhaisipati,27.6515,85.3008
2023-07-11T19:00,22.4,95,21.6,863.1,2.0,225,Bhaisipati,27.6515,85.3008
2023-07-11T20:00,22.3,94,21.3,863.5,2.5,135,Bhaisipati,27.6515,85.3008
2023-07-11T21:00,21.8,97,21.3,864.0,1.8,169,Bhaisipati,27.6515,85.3008
2023-07-11T22:00,21.4,98,21.1,863.7,1.8,143,Bhaisipati,27.6515,85.3008
2023-07-11T23:00,21.2,97,20.7,863.1,2.5,180,Bhaisipati,27.6515,85.3008
2023-07-12T00:00,20.9,97,20.4,862.5,1.9,158,Bhaisipati,27.6515,85.3008
2023-07-12T01:00,20.6,96,19.9,862.1,3.6,174,Bhaisipati,27.6515,85.3008
2023-07-12T02:00,20.3,96,19.7,861.9,3.2,180,Bhaisipati,27.6515,85.3008
2023-07-12T03:00,20.2,97,19.7,861.9,3.1,159,Bhaisipati,27.6515,85.3008
2023-07-12T04:00,19.9,96,19.4,861.4,4.0,170,Bhaisipati,27.6515,85.3008
2023-07-12T05:00,20.9,97,20.4,862.0,4.5,166,Bhaisipati,27.6515,85.3008
2023-07-12T06:00,21.9,97,21.3,863.1,3.8,163,Bhaisipati,27.6515,85.3008
2023-07-12T07:00,23.4,86,20.9,864.1,3.1,126,Bhaisipati,27.6515,85.3008
2023-07-12T08:00,24.7,83,21.5,864.7,1.8,11,Bhaisipati,27.6515,85.3008
2023-07-12T09:00,26.2,76,21.5,864.9,3.3,354,Bhaisipati,27.6515,85.3008
2023-07-12T10:00,24.3,82,20.9,863.9,2.9,270,Bhaisipati,27.6515,85.3008
2023-07-12T11:00,25.2,77,20.9,864.1,4.6,288,Bhaisipati,27.6515,85.3008
2023-07-12T12:00,25.2,80,21.4,863.7,2.3,72,Bhaisipati,27.6515,85.3008
2023-07-12T13:00,24.9,80,21.2,863.0,3.0,14,Bhaisipati,27.6515,85.3008
2023-07-12T14:00,24.6,81,21.1,862.6,4.3,336,Bhaisipati,27.6515,85.3008
2023-07-12T15:00,24.2,84,21.3,861.9,3.6,360,Bhaisipati,27.6515,85.3008
2023-07-12T16:00,23.9,87,21.6,861.8,2.5,8,Bhaisipati,27.6515,85.3008
2023-07-12T17:00,23.1,87,20.8,862.8,5.6,315,Bhaisipati,27.6515,85.3008
2023-07-12T18:00,21.7,96,21.0,863.1,3.6,360,Bhaisipati,27.6515,85.3008
2023-07-12T19:00,21.6,96,20.9,862.8,2.6,146,Bhaisipati,27.6515,85.3008
2023-07-12T20:00,21.1,96,20.4,863.7,3.0,166,Bhaisipati,27.6515,85.3008
2023-07-12T21:00,20.7,97,20.2,863.8,3.4,148,Bhaisipati,27.6515,85.3008
2023-07-12T22:00,21.3,91,19.8,864.5,1.0,135,Bhaisipati,27.6515,85.3008
2023-07-12T23:00,20.7,97,20.2,864.1,1.1,162,Bhaisipati,27.6515,85.3008
2023-07-13T00:00,20.4,98,20.2,863.3,1.5,135,Bhaisipati,27.6515,85.3008
2023-07-13T01:00,20.2,98,19.9,862.6,4.7,157,Bhaisipati,27.6515,85.3008
2023-07-13T02:00,20.1,97,19.6,862.1,2.6,164,Bhaisipati,27.6515,85.3008
2023-07-13T03:00,20.1,98,19.7,861.9,2.1,149,Bhaisipati,27.6515,85.3008
2023-07-13T04:00,19.9,97,19.4,862.1,4.5,166,Bhaisipati,27.6515,85.3008
2023-07-13T05:00,20.3,97,19.8,861.7,4.3,180,Bhaisipati,27.6515,85.3008
2023-07-13T06:00,21.5,94,20.5,862.7,4.0,175,Bhaisipati,27.6515,85.3008
2023-07-13T07:00,23.1,86,20.6,864.1,1.8,270,Bhaisipati,27.6515,85.3008
2023-07-13T08:00,23.3,83,20.3,864.5,3.2,333,Bhaisipati,27.6515,85.3008
2023-07-13T09:00,23.5,82,20.2,864.6,4.3,312,Bhaisipati,27.6515,85.3008
2023-07-13T10:00,24.7,83,21.5,864.6,4.7,337,Bhaisipati,27.6515,85.3008
2023-07-13T11:00,26.6,75,21.8,864.2,5.6,345,Bhaisipati,27.6515,85.3008
2023-07-13T12:00,25.4,75,20.7,863.3,4.3,294,Bhaisipati,27.6515,85.3008
2023-07-13T13:00,23.4,80,19.7,863.2,1.4,270,Bhaisipati,27.6515,85.3008
2023-07-13T14:00,22.9,85,20.2,861.6,2.5,90,Bhaisipati,27.6515,85.3008
2023-07-13T15:00,24.9,79,20.9,861.8,1.3,34,Bhaisipati,27.6515,85.3008
2023-07-13T16:00,25.3,72,19.8,861.8,4.8,13,Bhaisipati,27.6515,85.3008
2023-07-13T17:00,22.4,92,21.0,862.7,4.3,5,Bhaisipati,27.6515,85.3008
2023-07-13T18:00,21.9,91,20.4,863.0,3.3,13,Bhaisipati,27.6515,85.3008
2023-07-13T19:00,21.2,96,20.4,863.4,1.8,11,Bhaisipati,27.6515,85.3008
2023-07-13T20:00,21.3,96,20.6,863.7,2.5,82,Bhaisipati,27.6515,85.3008
2023-07-13T21:00,20.9,98,20.6,863.8,2.0,135,Bhaisipati,27.6515,85.3008
2023-07-13T22:00,20.9,97,20.5,863.9,2.1,149,Bhaisipati,27.6515,85.3008
2023-07-13T23:00,20.8,95,20.0,863.7,1.9,158,Bhaisipati,27.6515,85.3008
2023-07-14T00:00,20.4,96,19.9,863.0,3.1,144,Bhaisipati,27.6515,85.3008
2023-07-14T01:00,20.7,95,19.9,862.6,1.5,194,Bhaisipati,27.6515,85.3008
2023-07-14T02:00,20.8,96,20.1,862.3,1.1,72,Bhaisipati,27.6515,85.3008
2023-07-14T03:00,20.6,96,20.0,861.9,1.8,53,Bhaisipati,27.6515,85.3008
2023-07-14T04:00,20.3,98,19.9,861.9,2.1,149,Bhaisipati,27.6515,85.3008
2023-07-14T05:00,20.4,98,20.1,862.2,1.8,143,Bhaisipati,27.6515,85.3008
2023-07-14T06:00,21.5,96,20.8,863.2,1.1,72,Bhaisipati,27.6515,85.3008
2023-07-14T07:00,22.5,88,20.4,864.0,1.1,18,Bhaisipati,27.6515,85.3008
2023-07-14T08:00,23.7,80,20.1,864.7,3.3,41,Bhaisipati,27.6515,85.3008
2023-07-14T09:00,24.8,75,20.0,865.0,5.6,15,Bhaisipati,27.6515,85.3008
2023-07-14T10:00,25.1,72,19.6,864.9,5.0,339,Bhaisipati,27.6515,85.3008
2023-07-14T11:00,25.2,74,20.2,864.1,4.7,302,Bhaisipati,27.6515,85.3008
2023-07-14T12:00,26.1,76,21.4,863.8,4.8,312,Bhaisipati,27.6515,85.3008
2023-07-14T13:00,26.1,76,21.4,863.0,5.4,323,Bhaisipati,27.6515,85.3008
2023-07-14T14:00,24.0,81,20.6,862.2,4.3,246,Bhaisipati,27.6515,85.3008
2023-07-14T15:00,23.6,84,20.7,861.4,2.3,252,Bhaisipati,27.6515,85.3008
2023-07-14T16:00,23.8,82,20.4,861.4,3.3,311,Bhaisipati,27.6515,85.3008
2023-07-14T17:00,22.4,88,20.4,862.1,2.8,310,Bhaisipati,27.6515,85.3008
2023-07-14T18:00,21.6,94,20.6,862.4,1.9,292,Bhaisipati,27.6515,85.3008
2023-07-14T19:00,21.5,96,20.8,863.3,0.8,63,Bhaisipati,27.6515,85.3008
2023-07-14T20:00,21.4,96,20.7,863.9,1.8,90,Bhaisipati,27.6515,85.3008
2023-07-14T21:00,21.4,96,20.8,864.3,2.1,149,Bhaisipati,27.6515,85.3008
2023-07-14T22:00,21.3,96,20.7,864.2,2.9,120,Bhaisipati,27.6515,85.3008
2023-07-14T23:00,21.4,96,20.8,864.2,2.1,121,Bhaisipati,27.6515,85.3008
2023-07-15T00:00,21.3,97,20.8,863.5,1.8,143,Bhaisipati,27.6515,85.3008
2023-07-15T01:00,21.1,97,20.6,863.1,1.8,101,Bhaisipati,27.6515,85.3008
2023-07-15T02:00,21.0,97,20.5,862.8,2.5,98,Bhaisipati,27.6515,85.3008
2023-07-15T03:00,20.8,97,20.3,862.3,3.9,158,Bhaisipati,27.6515,85.3008
2023-07-15T04:00,20.8,95,19.9,862.2,3.1,144,Bhaisipati,27.6515,85.3008
2023-07-15T05:00,20.8,97,20.4,862.8,1.8,180,Bhaisipati,27.6515,85.3008
2023-07-15T06:00,21.3,95,20.5,863.1,1.5,194,Bhaisipati,27.6515,85.3008
2023-07-15T07:00,21.9,94,20.9,863.5,0.5,45,Bhaisipati,27.6515,85.3008
2023-07-15T08:00,23.2,85,20.6,864.3,0.5,45,Bhaisipati,27.6515,85.3008
2023-07-15T09:00,24.8,79,20.9,865.0,1.6,297,Bhaisipati,27.6515,85.3008
2023-07-15T10:00,26.0,75,21.2,864.9,4.7,328,Bhaisipati,27.6515,85.3008
2023-07-15T11:00,25.2,72,19.8,864.4,2.9,330,Bhaisipati,27.6515,85.3008
2023-07-15T12:00,26.0,70,20.2,863.7,3.6,315,Bhaisipati,27.6515,85.3008
2023-07-15T13:00,25.7,73,20.4,862.5,1.6,297,Bhaisipati,27.6515,85.3008
2023-07-15T14:00,24.7,81,21.2,861.9,4.4,261,Bhaisipati,27.6515,85.3008
2023-07-15T15:00,24.6,84,21.6,861.6,2.9,7,Bhaisipati,27.6515,85.3008
2023-07-15T16:00,23.3,86,20.9,861.4,1.8,360,Bhaisipati,27.6515,85.3008
2023-07-15T17:00,23.7,86,21.3,861.8,4.5,29,Bhaisipati,27.6515,85.3008
2023-07-15T18:00,23.0,92,21.7,862.3,1.8,101,Bhaisipati,27.6515,85.3008
2023-07-15T19:00,22.1,94,21.1,862.7,1.6,153,Bhaisipati,27.6515,85.3008
2023-07-15T20:00,21.5,94,20.5,863.8,4.0,207,Bhaisipati,27.6515,85.3008
2023-07-15T21:00,21.4,95,20.6,864.4,4.4,125,Bhaisipati,27.6515,85.3008
2023-07-15T22:00,21.1,96,20.4,864.2,3.1,159,Bhaisipati,27.6515,85.3008
2023-07-15T23:00,20.8,96,20.1,863.8,2.6,164,Bhaisipati,27.6515,85.3008
2023-07-16T00:00,20.5,97,20.0,863.2,1.8,169,Bhaisipati,27.6515,85.3008
2023-07-16T01:00,20.6,97,20.1,862.8,1.9,158,Bhaisipati,27.6515,85.3008
2023-07-16T02:00,20.4,97,19.9,862.2,2.2,189,Bhaisipati,27.6515,85.3008
2023-07-16T03:00,20.2,98,19.8,861.9,1.8,143,Bhaisipati,27.6515,85.3008
2023-07-16T04:00,20.0,98,19.6,861.8,1.8,180,Bhaisipati,27.6515,85.3008
2023-07-16T05:00,20.3,98,20.0,861.8,1.1,198,Bhaisipati,27.6515,85.3008
2023-07-16T06:00,21.8,95,20.9,862.5,2.3,219,Bhaisipati,27.6515,85.3008
2023-07-16T07:00,22.6,89,20.8,863.4,4.8,318,Bhaisipati,27.6515,85.3008
2023-07-16T08:00,22.2,92,20.7,863.6,4.7,337,Bhaisipati,27.6515,85.3008
2023-07-16T09:00,24.2,86,21.7,864.4,3.5,336,Bhaisipati,27.6515,85.3008
2023-07-16T10:00,25.4,80,21.7,864.4,7.4,337,Bhaisipati,27.6515,85.3008
2023-07-16T11:00,24.8,81,21.3,863.9,5.5,337,Bhaisipati,27.6515,85.3008
2023-07-16T12:00,25.5,80,21.9,863.5,6.0,303,Bhaisipati,27.6515,85.3008
2023-07-16T13:00,26.1,77,21.6,862.8,4.7,356,Bhaisipati,27.6515,85.3008
2023-07-16T14:00,23.9,84,21.1,861.5,3.6,323,Bhaisipati,27.6515,85.3008
2023-07-16T15:00,23.2,89,21.2,861.3,4.6,252,Bhaisipati,27.6515,85.3008
2023-07-16T16:00,23.3,86,20.8,861.3,3.1,69,Bhaisipati,27.6515,85.3008
2023-07-16T17:00,24.0,83,20.9,862.0,4.2,340,Bhaisipati,27.6515,85.3008
2023-07-16T18:00,23.2,89,21.3,861.9,1.5,256,Bhaisipati,27.6515,85.3008
2023-07-16T19:00,21.9,95,21.1,862.3,3.0,166,Bhaisipati,27.6515,85.3008
2023-07-16T20:00,21.5,96,20.9,862.7,3.0,194,Bhaisipati,27.6515,85.3008
2023-07-16T21:00,21.6,97,21.1,863.7,2.2,270,Bhaisipati,27.6515,85.3008
2023-07-16T22:00,21.1,96,20.4,864.1,2.3,18,Bhaisipati,27.6515,85.3008
2023-07-16T23:00,21.1,96,20.5,863.7,1.8,101,Bhaisipati,27.6515,85.3008
2023-07-17T00:00,20.9,98,20.6,863.0,2.1,59,Bhaisipati,27.6515,85.3008
2023-07-17T01:00,20.8,98,20.5,862.4,1.4,360,Bhaisipati,27.6515,85.3008
2023-07-17T02:00,20.7,98,20.4,862.2,0.8,333,Bhaisipati,27.6515,85.3008
2023-07-17T03:00,20.6,98,20.3,861.8,0.8,333,Bhaisipati,27.6515,85.3008
2023-07-17T04:00,20.5,98,20.3,861.7,0.4,360,Bhaisipati,27.6515,85.3008
2023-07-17T05:00,20.9,96,20.2,862.0,2.5,262,Bhaisipati,27.6515,85.3008
2023-07-17T06:00,21.3,95,20.4,862.3,1.8,217,Bhaisipati,27.6515,85.3008
2023-07-17T07:00,22.6,88,20.4,863.0,2.0,315,Bhaisipati,27.6515,85.3008
2023-07-17T08:00,23.8,82,20.6,863.5,3.9,326,Bhaisipati,27.6515,85.3008
2023-07-17T09:00,24.6,79,20.7,863.6,5.2,335,Bhaisipati,27.6515,85.3008
2023-07-17T10:00,25.3,78,21.2,863.4,6.0,335,Bhaisipati,27.6515,85.3008
2023-07-17T11:00,26.1,74,20.9,863.4,5.1,321,Bhaisipati,27.6515,85.3008
2023-07-17T12:00,26.4,76,21.8,862.7,5.4,312,Bhaisipati,27.6515,85.3008
2023-07-17T13:00,24.1,81,20.7,861.6,4.1,285,Bhaisipati,27.6515,85.3008
2023-07-17T14:00,24.1,80,20.4,861.1,2.9,173,Bhaisipati,27.6515,85.3008
2023-07-17T15:00,24.1,80,20.4,860.7,1.3,236,Bhaisipati,27.6515,85.3008
2023-07-17T16:00,23.2,86,20.7,860.7,1.3,146,Bhaisipati,27.6515,85.3008
2023-07-17T17:00,23.4,86,20.9,861.3,1.1,360,Bhaisipati,27.6515,85.3008
2023-07-17T18:00,22.7,93,21.5,861.6,0.7,90,Bhaisipati,27.6515,85.3008
2023-07-17T19:00,22.1,95,21.2,861.9,2.3,162,Bhaisipati,27.6515,85.3008
2023-07-17T20:00,21.6,97,21.1,862.3,2.2,171,Bhaisipati,27.6515,85.3008
2023-07-17T21:00,21.4,98,21.1,863.1,1.4,180,Bhaisipati,27.6515,85.3008
2023-07-17T22:00,21.3,99,21.2,863.8,2.3,252,Bhaisipati,27.6515,85.3008
2023-07-17T23:00,20.9,100,20.9,863.4,1.4,180,Bhaisipati,27.6515,85.3008
2023-07-18T00:00,20.9,99,20.7,862.6,2.2,189,Bhaisipati,27.6515,85.3008
2023-07-18T01:00,20.9,97,20.4,862.4,3.3,167,Bhaisipati,27.6515,85.3008
2023-07-18T02:00,20.9,96,20.3,862.2,3.6,174,Bhaisipati,27.6515,85.3008
2023-07-18T03:00,20.9,95,20.0,861.9,2.9,173,Bhaisipati,27.6515,85.3008
2023-07-18T04:00,20.5,95,19.8,862.1,2.9,210,Bhaisipati,27.6515,85.3008
2023-07-18T05:00,20.8,94,19.7,862.3,2.2,189,Bhaisipati,27.6515,85.3008
2023-07-18T06:00,21.1,93,19.9,863.0,3.8,163,Bhaisipati,27.6515,85.3008
2023-07-18T07:00,21.5,91,20.0,863.5,2.8,130,Bhaisipati,27.6515,85.3008
2023-07-18T08:00,21.9,89,20.1,864.1,2.1,149,Bhaisipati,27.6515,85.3008
2023-07-18T09:00,22.2,90,20.4,864.3,1.8,101,Bhaisipati,27.6515,85.3008
2023-07-18T10:00,22.9,88,20.8,864.4,1.1,360,Bhaisipati,27.6515,85.3008
2023-07-18T11:00,23.3,86,20.7,864.2,2.2,360,Bhaisipati,27.6515,85.3008
2023-07-18T12:00,23.8,81,20.3,863.8,2.2,351,Bhaisipati,27.6515,85.3008
2023-07-18T13:00,24.1,80,20.4,862.9,2.9,300,Bhaisipati,27.6515,85.3008
2023-07-18T14:00,24.6,80,21.0,862.1,3.3,354,Bhaisipati,27.6515,85.3008
2023-07-18T15:00,24.3,84,21.4,861.4,5.1,315,Bhaisipati,27.6515,85.3008
2023-07-18T16:00,24.5,81,21.0,860.9,3.8,343,Bhaisipati,27.6515,85.3008
2023-07-18T17:00,21.7,95,20.8,861.3,0.8,63,Bhaisipati,27.6515,85.3008
2023-07-18T18:00,21.8,93,20.7,861.0,2.6,146,Bhaisipati,27.6515,85.3008
2023-07-18T19:00,21.4,96,20.8,861.2,1.5,135,Bhaisipati,27.6515,85.3008
2023-07-18T20:00,21.2,98,20.8,861.7,1.9,158,Bhaisipati,27.6515,85.3008
2023-07-18T21:00,21.0,98,20.8,862.4,2.6,164,Bhaisipati,27.6515,85.3008
2023-07-18T22:00,20.9,98,20.7,862.8,2.2,171,Bhaisipati,27.6515,85.3008
2023-07-18T23:00,20.9,98,20.6,862.9,0.4,180,Bhaisipati,27.6515,85.3008
2023-07-19T00:00,20.7,98,20.4,862.4,1.9,158,Bhaisipati,27.6515,85.3008
2023-07-19T01:00,20.4,99,20.2,861.8,0.4,180,Bhaisipati,27.6515,85.3008
2023-07-19T02:00,20.3,98,20.0,861.4,2.3,162,Bhaisipati,27.6515,85.3008
2023-07-19T03:00,20.3,98,19.9,861.1,2.9,180,Bhaisipati,27.6515,85.3008
2023-07-19T04:00,20.2,97,19.7,861.1,2.9,173,Bhaisipati,27.6515,85.3008
2023-07-19T05:00,20.8,96,20.2,861.9,1.6,153,Bhaisipati,27.6515,85.3008
2023-07-19T06:00,21.3,95,20.5,862.5,3.9,158,Bhaisipati,27.6515,85.3008
2023-07-19T07:00,22.4,88,20.4,863.0,2.0,135,Bhaisipati,27.6515,85.3008
2023-07-19T08:00,24.1,81,20.7,863.6,0.8,27,Bhaisipati,27.6515,85.3008
2023-07-19T09:00,26.0,74,21.1,863.8,3.1,45,Bhaisipati,27.6515,85.3008
2023-07-19T10:00,27.6,66,20.7,863.8,3.9,22,Bhaisipati,27.6515,85.3008
2023-07-19T11:00,28.1,67,21.3,863.9,4.4,9,Bhaisipati,27.6515,85.3008
2023-07-19T12:00,26.7,69,20.5,863.3,4.3,294,Bhaisipati,27.6515,85.3008
2023-07-19T13:00,25.0,79,21.2,862.6,2.3,309,Bhaisipati,27.6515,85.3008
2023-07-19T14:00,24.6,82,21.3,862.2,5.1,8,Bhaisipati,27.6515,85.3008
2023-07-19T15:00,25.4,78,21.3,861.7,5.7,342,Bhaisipati,27.6515,85.3008
2023-07-19T16:00,24.7,78,20.6,861.1,4.1,345,Bhaisipati,27.6515,85.3008
2023-07-19T17:00,24.4,80,20.7,861.7,3.7,11,Bhaisipati,27.6515,85.3008
2023-07-19T18:00,23.4,86,20.8,861.3,2.3,129,Bhaisipati,27.6515,85.3008
2023-07-19T19:00,22.4,90,20.7,861.1,5.9,169,Bhaisipati,27.6515,85.3008
2023-07-19T20:00,21.7,93,20.6,861.0,5.2,168,Bhaisipati,27.6515,85.3008
2023-07-19T21:00,21.4,94,20.4,861.2,4.4,171,Bhaisipati,27.6515,85.3008
2023-07-19T22:00,21.1,93,19.9,861.4,4.4,171,Bhaisipati,27.6515,85.3008
2023-07-19T23:00,20.7,93,19.4,861.4,3.6,174,Bhaisipati,27.6515,85.3008
2023-07-20T00:00,20.9,92,19.4,861.7,2.2,180,Bhaisipati,27.6515,85.3008
2023-07-20T01:00,20.9,93,19.7,861.4,2.2,171,Bhaisipati,27.6515,85.3008
2023-07-20T02:00,20.9,92,19.5,861.4,1.1,180,Bhaisipati,27.6515,85.3008
2023-07-20T03:00,20.6,91,19.0,860.9,2.5,172,Bhaisipati,27.6515,85.3008
2023-07-20T04:00,19.9,93,18.8,860.5,1.5,166,Bhaisipati,27.6515,85.3008
2023-07-20T05:00,20.7,89,18.8,860.8,2.2,180,Bhaisipati,27.6515,85.3008
2023-07-20T06:00,22.5,87,20.2,861.5,4.3,180,Bhaisipati,27.6515,85.3008
2023-07-20T07:00,23.9,76,19.3,862.6,3.4,328,Bhaisipati,27.6515,85.3008
2023-07-20T08:00,24.8,76,20.2,863.1,2.1,329,Bhaisipati,27.6515,85.3008
2023-07-20T09:00,26.4,68,20.1,863.7,2.5,360,Bhaisipati,27.6515,85.3008
2023-07-20T10:00,28.0,61,19.8,863.7,3.8,343,Bhaisipati,27.6515,85.3008
2023-07-20T11:00,29.0,60,20.5,863.4,4.9,324,Bhaisipati,27.6515,85.3008
2023-07-20T12:00,28.7,58,19.6,863.0,3.6,233,Bhaisipati,27.6515,85.3008
2023-07-20T13:00,27.5,66,20.5,862.4,4.1,285,Bhaisipati,27.6515,85.3008
2023-07-20T14:00,27.1,69,20.9,861.8,1.9,248,Bhaisipati,27.6515,85.3008
2023-07-20T15:00,27.1,68,20.8,861.0,3.2,360,Bhaisipati,27.6515,85.3008
2023-07-20T16:00,26.6,71,20.9,860.8,4.7,302,Bhaisipati,27.6515,85.3008
2023-07-20T17:00,24.5,79,20.6,861.7,1.5,45,Bhaisipati,27.6515,85.3008
2023-07-20T18:00,24.1,89,22.2,861.5,2.4,153,Bhaisipati,27.6515,85.3008
2023-07-20T19:00,22.9,89,21.0,861.7,1.8,143,Bhaisipati,27.6515,85.3008
2023-07-20T20:00,22.3,92,21.0,862.6,2.5,180,Bhaisipati,27.6515,85.3008
2023-07-20T21:00,21.8,95,20.9,862.9,3.3,167,Bhaisipati,27.6515,85.3008
2023-07-20T22:00,21.3,96,20.7,863.3,4.3,180,Bhaisipati,27.6515,85.3008
2023-07-20T23:00,21.2,95,20.4,863.3,4.7,176,Bhaisipati,27.6515,85.3008
2023-07-21T00:00,20.9,96,20.3,863.1,1.9,158,Bhaisipati,27.6515,85.3008
2023-07-21T01:00,21.0,95,20.1,863.4,2.1,149,Bhaisipati,27.6515,85.3008
2023-07-21T02:00,21.2,95,20.4,862.8,4.0,153,Bhaisipati,27.6515,85.3008
2023-07-21T03:00,20.9,95,20.1,862.2,3.6,174,Bhaisipati,27.6515,85.3008
2023-07-21T04:00,20.4,96,19.8,861.8,2.9,173,Bhaisipati,27.6515,85.3008
2023-07-21T05:00,20.8,98,20.4,862.7,2.2,189,Bhaisipati,27.6515,85.3008
2023-07-21T06:00,22.4,95,21.7,863.9,3.3,186,Bhaisipati,27.6515,85.3008
2023-07-21T07:00,23.9,80,20.3,865.0,2.6,16,Bhaisipati,27.6515,85.3008
2023-07-21T08:00,24.7,79,20.7,865.4,3.3,354,Bhaisipati,27.6515,85.3008
2023-07-21T09:00,25.9,73,20.6,865.8,4.0,350,Bhaisipati,27.6515,85.3008
2023-07-21T10:00,27.1,67,20.5,865.8,5.4,323,Bhaisipati,27.6515,85.3008
2023-07-21T11:00,28.3,62,20.3,865.6,3.0,346,Bhaisipati,27.6515,85.3008
2023-07-21T12:00,27.9,65,20.8,865.1,4.1,255,Bhaisipati,27.6515,85.3008
2023-07-21T13:00,24.9,77,20.4,864.9,2.9,90,Bhaisipati,27.6515,85.3008
2023-07-21T14:00,24.9,75,20.3,863.9,3.8,49,Bhaisipati,27.6515,85.3008
2023-07-21T15:00,26.3,72,20.7,863.8,4.1,322,Bhaisipati,27.6515,85.3008
2023-07-21T16:00,24.9,77,20.5,863.6,4.7,293,Bhaisipati,27.6515,85.3008
2023-07-21T17:00,23.9,82,20.6,864.2,3.5,336,Bhaisipati,27.6515,85.3008
2023-07-21T18:00,22.9,89,21.1,864.8,2.3,39,Bhaisipati,27.6515,85.3008
2023-07-21T19:00,22.2,94,21.2,865.5,3.4,72,Bhaisipati,27.6515,85.3008
2023-07-21T20:00,22.1,93,20.9,866.3,3.2,117,Bhaisipati,27.6515,85.3008
2023-07-21T21:00,21.9,93,20.8,866.8,5.2,146,Bhaisipati,27.6515,85.3008
2023-07-21T22:00,21.6,93,20.4,867.2,5.0,150,Bhaisipati,27.6515,85.3008
2023-07-21T23:00,21.3,93,20.2,866.8,3.0,166,Bhaisipati,27.6515,85.3008
2023-07-22T00:00,20.9,95,19.9,866.3,2.2,171,Bhaisipati,27.6515,85.3008
2023-07-22T01:00,20.7,95,19.9,865.6,0.4,180,Bhaisipati,27.6515,85.3008
2023-07-22T02:00,20.4,94,19.4,865.3,1.1,180,Bhaisipati,27.6515,85.3008
2023-07-22T03:00,20.2,95,19.4,865.1,1.8,180,Bhaisipati,27.6515,85.3008
2023-07-22T04:00,19.8,95,19.0,865.0,0.7,180,Bhaisipati,27.6515,85.3008
2023-07-22T05:00,20.9,96,20.3,866.9,2.3,129,Bhaisipati,27.6515,85.3008
2023-07-22T06:00,21.9,91,20.3,866.7,3.1,159,Bhaisipati,27.6515,85.3008
2023-07-22T07:00,23.2,82,20.0,867.5,1.1,72,Bhaisipati,27.6515,85.3008
2023-07-22T08:00,24.8,75,20.2,868.2,1.1,72,Bhaisipati,27.6515,85.3008
2023-07-22T09:00,26.2,70,20.3,868.7,2.5,8,Bhaisipati,27.6515,85.3008
2023-07-22T10:00,27.3,68,20.9,868.7,1.9,338,Bhaisipati,27.6515,85.3008
2023-07-22T11:00,26.6,67,20.0,868.3,4.8,13,Bhaisipati,27.6515,85.3008
2023-07-22T12:00,26.1,71,20.4,867.9,4.7,4,Bhaisipati,27.6515,85.3008
2023-07-22T13:00,26.1,75,21.2,867.0,3.9,22,Bhaisipati,27.6515,85.3008
2023-07-22T14:00,25.7,74,20.8,866.1,5.0,330,Bhaisipati,27.6515,85.3008
2023-07-22T15:00,25.2,76,20.7,865.7,4.2,121,Bhaisipati,27.6515,85.3008
2023-07-22T16:00,25.1,74,20.2,865.8,2.1,211,Bhaisipati,27.6515,85.3008
2023-07-22T17:00,23.4,81,19.9,865.9,3.6,53,Bhaisipati,27.6515,85.3008
2023-07-22T18:00,22.9,90,21.2,866.4,1.1,72,Bhaisipati,27.6515,85.3008
2023-07-22T19:00,21.7,91,20.3,866.9,2.5,135,Bhaisipati,27.6515,85.3008
2023-07-22T20:00,21.7,92,20.3,867.5,3.9,158,Bhaisipati,27.6515,85.3008
2023-07-22T21:00,21.7,92,20.4,867.8,5.4,172,Bhaisipati,27.6515,85.3008
2023-07-22T22:00,21.9,91,20.4,868.0,4.9,163,Bhaisipati,27.6515,85.3008
2023-07-22T23:00,21.6,92,20.3,867.7,3.3,174,Bhaisipati,27.6515,85.3008
2023-07-23T00:00,20.9,95,20.0,866.7,3.6,174,Bhaisipati,27.6515,85.3008
2023-07-23T01:00,20.4,96,19.7,866.0,3.3,167,Bhaisipati,27.6515,85.3008
2023-07-23T02:00,20.3,95,19.4,865.6,2.2,171,Bhaisipati,27.6515,85.3008
2023-07-23T03:00,20.1,95,19.3,865.5,2.5,172,Bhaisipati,27.6515,85.3008
2023-07-23T04:00,20.0,95,19.2,865.7,1.5,166,Bhaisipati,27.6515,85.3008
2023-07-23T05:00,20.4,95,19.7,867.0,3.6,135,Bhaisipati,27.6515,85.3008
2023-07-23T06:00,21.7,91,20.2,866.6,5.6,153,Bhaisipati,27.6515,85.3008
2023-07-23T07:00,23.4,84,20.6,867.8,1.8,180,Bhaisipati,27.6515,85.3008
2023-07-23T08:00,24.9,76,20.4,868.4,0.5,315,Bhaisipati,27.6515,85.3008
2023-07-23T09:00,25.8,76,21.2,868.6,4.4,325,Bhaisipati,27.6515,85.3008
2023-07-23T10:00,27.2,71,21.5,868.4,5.0,339,Bhaisipati,27.6515,85.3008
2023-07-23T11:00,25.4,78,21.3,867.2,4.4,325,Bhaisipati,27.6515,85.3008
2023-07-23T12:00,24.2,81,20.6,867.1,4.4,189,Bhaisipati,27.6515,85.3008
2023-07-23T13:00,24.2,82,20.8,866.3,1.1,18,Bhaisipati,27.6515,85.3008
2023-07-23T14:00,24.9,80,21.3,865.9,3.6,323,Bhaisipati,27.6515,85.3008
2023-07-23T15:00,24.3,81,20.8,865.1,3.1,324,Bhaisipati,27.6515,85.3008
2023-07-23T16:00,23.7,83,20.6,864.9,3.1,36,Bhaisipati,27.6515,85.3008
2023-07-23T17:00,21.9,91,20.4,865.1,2.2,81,Bhaisipati,27.6515,85.3008
2023-07-23T18:00,21.5,93,20.3,865.0,2.3,39,Bhaisipati,27.6515,85.3008
2023-07-23T19:00,21.4,94,20.4,864.9,3.6,127,Bhaisipati,27.6515,85.3008
2023-07-23T20:00,21.1,95,20.2,864.9,5.2,164,Bhaisipati,27.6515,85.3008
2023-07-23T21:00,20.8,94,19.9,865.3,5.6,165,Bhaisipati,27.6515,85.3008
2023-07-23T22:00,20.4,95,19.6,865.3,3.3,174,Bhaisipati,27.6515,85.3008
2023-07-23T23:00,20.3,95,19.6,865.6,1.8,169,Bhaisipati,27.6515,85.3008
2023-07-24T00:00,19.9,97,19.4,864.7,1.9,158,Bhaisipati,27.6515,85.3008
2023-07-24T01:00,19.9,96,19.3,864.4,1.8,169,Bhaisipati,27.6515,85.3008
2023-07-24T02:00,19.9,96,19.2,863.8,1.3,146,Bhaisipati,27.6515,85.3008
2023-07-24T03:00,20.1,95,19.2,863.5,1.1,162,Bhaisipati,27.6515,85.3008
2023-07-24T04:00,19.6,97,19.1,863.5,1.3,124,Bhaisipati,27.6515,85.3008
2023-07-24T05:00,20.3,96,19.7,864.3,1.1,162,Bhaisipati,27.6515,85.3008
2023-07-24T06:00,21.1,94,20.1,864.8,3.4,162,Bhaisipati,27.6515,85.3008
2023-07-24T07:00,22.8,86,20.4,865.5,3.5,66,Bhaisipati,27.6515,85.3008
2023-07-24T08:00,23.9,80,20.2,865.7,2.7,67,Bhaisipati,27.6515,85.3008
2023-07-24T09:00,25.2,73,20.1,865.7,2.1,31,Bhaisipati,27.6515,85.3008
2023-07-24T10:00,26.6,68,20.2,865.9,3.0,346,Bhaisipati,27.6515,85.3008
2023-07-24T11:00,26.3,73,21.0,865.4,2.2,351,Bhaisipati,27.6515,85.3008
2023-07-24T12:00,24.8,77,20.4,864.5,7.2,276,Bhaisipati,27.6515,85.3008
2023-07-24T13:00,23.9,80,20.3,863.9,3.3,221,Bhaisipati,27.6515,85.3008
2023-07-24T14:00,24.4,78,20.4,863.3,5.4,340,Bhaisipati,27.6515,85.3008
2023-07-24T15:00,24.3,81,20.8,862.5,3.0,14,Bhaisipati,27.6515,85.3008
2023-07-24T16:00,24.6,80,20.9,862.5,3.4,328,Bhaisipati,27.6515,85.3008
2023-07-24T17:00,22.0,90,20.2,862.8,5.1,309,Bhaisipati,27.6515,85.3008
2023-07-24T18:00,21.6,93,20.4,862.9,3.3,167,Bhaisipati,27.6515,85.3008
2023-07-24T19:00,21.4,95,20.6,863.1,1.8,169,Bhaisipati,27.6515,85.3008
2023-07-24T20:00,20.9,95,20.0,863.2,3.3,167,Bhaisipati,27.6515,85.3008
2023-07-24T21:00,20.9,95,20.2,864.0,1.8,169,Bhaisipati,27.6515,85.3008
2023-07-24T22:00,20.5,97,19.9,864.6,2.4,153,Bhaisipati,27.6515,85.3008
2023-07-24T23:00,20.8,97,20.3,864.7,4.0,153,Bhaisipati,27.6515,85.3008
2023-07-25T00:00,20.9,96,20.3,864.5,1.4,180,Bhaisipati,27.6515,85.3008
2023-07-25T01:00,20.7,96,20.1,864.0,1.8,143,Bhaisipati,27.6515,85.3008
2023-07-25T02:00,20.6,98,20.2,863.6,0.4,360,Bhaisipati,27.6515,85.3008
2023-07-25T03:00,20.4,99,20.3,863.3,1.3,124,Bhaisipati,27.6515,85.3008
2023-07-25T04:00,20.5,98,20.2,863.6,1.1,72,Bhaisipati,27.6515,85.3008
2023-07-25T05:00,20.9,98,20.6,863.8,2.9,210,Bhaisipati,27.6515,85.3008
2023-07-25T06:00,21.0,95,20.3,864.7,1.1,252,Bhaisipati,27.6515,85.3008
2023-07-25T07:00,21.2,93,20.1,865.3,1.1,72,Bhaisipati,27.6515,85.3008
2023-07-25T08:00,21.6,92,20.3,865.7,1.1,108,Bhaisipati,27.6515,85.3008
2023-07-25T09:00,22.1,92,20.7,865.9,1.4,90,Bhaisipati,27.6515,85.3008
2023-07-25T10:00,22.9,90,21.3,866.2,0.8,27,Bhaisipati,27.6515,85.3008
2023-07-25T11:00,24.2,84,21.3,866.2,2.0,45,Bhaisipati,27.6515,85.3008
2023-07-25T12:00,25.2,77,20.9,865.8,1.9,22,Bhaisipati,27.6515,85.3008
2023-07-25T13:00,24.4,80,20.7,864.6,3.8,17,Bhaisipati,27.6515,85.3008
2023-07-25T14:00,22.4,90,20.6,863.9,4.4,325,Bhaisipati,27.6515,85.3008
2023-07-25T15:00,22.7,89,20.7,863.0,3.7,259,Bhaisipati,27.6515,85.3008
2023-07-25T16:00,23.0,87,20.8,862.6,2.9,300,Bhaisipati,27.6515,85.3008
2023-07-25T17:00,22.9,83,19.9,863.4,4.3,312,Bhaisipati,27.6515,85.3008
2023-07-25T18:00,22.3,91,20.8,863.3,0.8,63,Bhaisipati,27.6515,85.3008
2023-07-25T19:00,21.3,95,20.4,863.4,3.0,104,Bhaisipati,27.6515,85.3008
2023-07-25T20:00,21.2,96,20.6,864.4,2.8,140,Bhaisipati,27.6515,85.3008
2023-07-25T21:00,21.3,96,20.6,865.2,1.5,166,Bhaisipati,27.6515,85.3008
2023-07-25T22:00,21.4,95,20.6,865.2,0.5,135,Bhaisipati,27.6515,85.3008
2023-07-25T23:00,21.2,96,20.5,865.4,1.1,198,Bhaisipati,27.6515,85.3008
2023-07-26T00:00,21.1,97,20.5,864.9,0.8,207,Bhaisipati,27.6515,85.3008
2023-07-26T01:00,20.8,99,20.6,864.6,1.1,162,Bhaisipati,27.6515,85.3008
2023-07-26T02:00,20.7,99,20.5,864.4,1.1,180,Bhaisipati,27.6515,85.3008
2023-07-26T03:00,20.8,98,20.5,864.1,1.6,153,Bhaisipati,27.6515,85.3008
2023-07-26T04:00,20.6,98,20.4,863.8,1.1,162,Bhaisipati,27.6515,85.3008
2023-07-26T05:00,20.1,95,19.2,864.9,3.3,41,Bhaisipati,27.6515,85.3008
2023-07-26T06:00,20.6,95,19.8,865.3,3.4,122,Bhaisipati,27.6515,85.3008
2023-07-26T07:00,21.9,88,19.9,865.9,1.8,127,Bhaisipati,27.6515,85.3008
2023-07-26T08:00,23.2,80,19.5,866.6,1.9,22,Bhaisipati,27.6515,85.3008
2023-07-26T09:00,24.6,73,19.4,867.0,1.8,349,Bhaisipati,27.6515,85.3008
2023-07-26T10:00,25.5,68,19.1,866.9,3.8,319,Bhaisipati,27.6515,85.3008
2023-07-26T11:00,26.1,69,19.9,866.6,5.9,313,Bhaisipati,27.6515,85.3008
2023-07-26T12:00,26.2,73,20.9,865.8,7.1,315,Bhaisipati,27.6515,85.3008
2023-07-26T13:00,26.8,68,20.4,865.0,6.8,342,Bhaisipati,27.6515,85.3008
2023-07-26T14:00,24.3,73,19.1,863.9,5.4,278,Bhaisipati,27.6515,85.3008
2023-07-26T15:00,23.8,80,20.1,863.6,5.4,217,Bhaisipati,27.6515,85.3008
2023-07-26T16:00,24.1,79,20.3,863.3,1.8,281,Bhaisipati,27.6515,85.3008
2023-07-26T17:00,22.0,89,20.2,864.2,1.1,342,Bhaisipati,27.6515,85.3008
2023-07-26T18:00,22.0,89,20.1,863.8,4.3,185,Bhaisipati,27.6515,85.3008
2023-07-26T19:00,21.7,93,20.4,864.3,2.9,180,Bhaisipati,27.6515,85.3008
2023-07-26T20:00,21.6,93,20.4,864.6,3.0,166,Bhaisipati,27.6515,85.3008
2023-07-26T21:00,21.2,96,20.5,864.7,4.0,175,Bhaisipati,27.6515,85.3008
2023-07-26T22:00,21.2,96,20.6,864.9,3.4,162,Bhaisipati,27.6515,85.3008
2023-07-26T23:00,21.3,96,20.7,865.0,2.5,172,Bhaisipati,27.6515,85.3008
2023-07-27T00:00,21.1,97,20.6,864.5,1.5,135,Bhaisipati,27.6515,85.3008
2023-07-27T01:00,20.7,98,20.4,864.3,2.4,207,Bhaisipati,27.6515,85.3008
2023-07-27T02:00,20.8,97,20.4,864.1,1.1,288,Bhaisipati,27.6515,85.3008
2023-07-27T03:00,20.7,96,20.0,863.8,0.7,360,Bhaisipati,27.6515,85.3008
2023-07-27T04:00,20.6,98,20.3,863.9,0.4,360,Bhaisipati,27.6515,85.3008
2023-07-27T05:00,20.5,98,20.2,863.9,1.5,225,Bhaisipati,27.6515,85.3008
2023-07-27T06:00,21.2,95,20.4,864.4,0.7,90,Bhaisipati,27.6515,85.3008
2023-07-27T07:00,22.3,87,20.1,865.3,1.0,45,Bhaisipati,27.6515,85.3008
2023-07-27T08:00,23.9,79,19.9,865.4,0.4,360,Bhaisipati,27.6515,85.3008
2023-07-27T09:00,25.4,72,20.0,865.9,1.8,360,Bhaisipati,27.6515,85.3008
2023-07-27T10:00,26.6,68,20.2,865.7,3.6,323,Bhaisipati,27.6515,85.3008
2023-07-27T11:00,27.0,70,21.1,865.2,5.5,328,Bhaisipati,27.6515,85.3008
2023-07-27T12:00,27.2,69,20.9,864.1,4.1,345,Bhaisipati,27.6515,85.3008
2023-07-27T13:00,24.3,80,20.7,863.2,6.5,273,Bhaisipati,27.6515,85.3008
2023-07-27T14:00,23.8,82,20.5,862.8,4.0,207,Bhaisipati,27.6515,85.3008
2023-07-27T15:00,23.4,85,20.7,862.3,2.3,141,Bhaisipati,27.6515,85.3008
2023-07-27T16:00,23.8,82,20.6,862.0,1.3,56,Bhaisipati,27.6515,85.3008
2023-07-27T17:00,22.1,91,20.4,862.0,2.4,207,Bhaisipati,27.6515,85.3008
2023-07-27T18:00,21.8,92,20.5,861.5,5.0,180,Bhaisipati,27.6515,85.3008
2023-07-27T19:00,21.2,95,20.3,861.9,3.3,174,Bhaisipati,27.6515,85.3008
2023-07-27T20:00,21.2,95,20.4,862.8,2.2,180,Bhaisipati,27.6515,85.3008
2023-07-27T21:00,21.2,96,20.6,863.4,3.3,186,Bhaisipati,27.6515,85.3008
2023-07-27T22:00,20.7,98,20.3,863.3,2.2,180,Bhaisipati,27.6515,85.3008
2023-07-27T23:00,20.6,97,20.1,862.8,3.3,186,Bhaisipati,27.6515,85.3008
2023-07-28T00:00,20.7,98,20.3,862.5,0.4,180,Bhaisipati,27.6515,85.3008
2023-07-28T01:00,20.6,98,20.4,861.8,0.4,180,Bhaisipati,27.6515,85.3008
2023-07-28T02:00,20.5,98,20.3,861.3,0.8,153,Bhaisipati,27.6515,85.3008
2023-07-28T03:00,20.3,99,20.1,860.9,1.1,108,Bhaisipati,27.6515,85.3008
2023-07-28T04:00,20.3,99,20.1,860.8,0.4,180,Bhaisipati,27.6515,85.3008
2023-07-28T05:00,20.8,99,20.6,861.2,0.8,207,Bhaisipati,27.6515,85.3008
2023-07-28T06:00,21.3,97,20.9,861.7,1.9,292,Bhaisipati,27.6515,85.3008
2023-07-28T07:00,22.4,89,20.6,862.8,2.6,326,Bhaisipati,27.6515,85.3008
2023-07-28T08:00,23.6,82,20.3,863.1,3.7,349,Bhaisipati,27.6515,85.3008
2023-07-28T09:00,24.6,78,20.4,863.2,4.9,324,Bhaisipati,27.6515,85.3008
2023-07-28T10:00,25.6,73,20.5,862.8,4.6,315,Bhaisipati,27.6515,85.3008
2023-07-28T11:00,26.2,73,20.9,862.7,5.5,337,Bhaisipati,27.6515,85.3008
2023-07-28T12:00,26.0,77,21.7,862.3,6.9,317,Bhaisipati,27.6515,85.3008
2023-07-28T13:00,26.6,74,21.6,861.3,5.6,315,Bhaisipati,27.6515,85.3008
2023-07-28T14:00,25.1,77,20.9,860.2,3.3,319,Bhaisipati,27.6515,85.3008
2023-07-28T15:00,24.1,82,20.9,859.7,2.9,300,Bhaisipati,27.6515,85.3008
2023-07-28T16:00,24.0,83,20.9,859.3,2.3,321,Bhaisipati,27.6515,85.3008
2023-07-28T17:00,22.9,89,21.1,860.3,6.8,288,Bhaisipati,27.6515,85.3008
2023-07-28T18:00,22.2,90,20.6,860.6,3.8,287,Bhaisipati,27.6515,85.3008
2023-07-28T19:00,22.1,92,20.8,860.9,1.8,143,Bhaisipati,27.6515,85.3008
2023-07-28T20:00,21.6,95,20.7,861.6,4.0,153,Bhaisipati,27.6515,85.3008
2023-07-28T21:00,21.4,94,20.4,862.1,4.1,255,Bhaisipati,27.6515,85.3008
2023-07-28T22:00,20.7,97,20.2,861.9,3.1,144,Bhaisipati,27.6515,85.3008
2023-07-28T23:00,21.1,95,20.3,861.7,1.5,284,Bhaisipati,27.6515,85.3008
2023-07-29T00:00,20.8,97,20.4,861.2,1.1,180,Bhaisipati,27.6515,85.3008
2023-07-29T01:00,20.4,99,20.2,860.3,1.4,90,Bhaisipati,27.6515,85.3008
2023-07-29T02:00,20.2,99,20.0,859.8,1.5,166,Bhaisipati,27.6515,85.3008
2023-07-29T03:00,20.3,96,19.7,859.1,3.6,180,Bhaisipati,27.6515,85.3008
2023-07-29T04:00,19.8,97,19.2,859.0,3.3,174,Bhaisipati,27.6515,85.3008
2023-07-29T05:00,20.9,95,20.1,860.2,2.5,188,Bhaisipati,27.6515,85.3008
2023-07-29T06:00,21.5,99,21.4,861.0,1.8,127,Bhaisipati,27.6515,85.3008
2023-07-29T07:00,22.9,88,20.7,861.3,3.8,131,Bhaisipati,27.6515,85.3008
2023-07-29T08:00,24.9,78,20.7,862.5,0.5,315,Bhaisipati,27.6515,85.3008
2023-07-29T09:00,25.4,78,21.3,863.0,5.4,352,Bhaisipati,27.6515,85.3008
2023-07-29T10:00,23.8,80,20.2,863.2,8.0,275,Bhaisipati,27.6515,85.3008
2023-07-29T11:00,23.4,85,20.8,862.8,1.9,22,Bhaisipati,27.6515,85.3008
2023-07-29T12:00,23.9,79,20.1,862.1,2.6,344,Bhaisipati,27.6515,85.3008
2023-07-29T13:00,23.2,84,20.4,860.9,4.3,355,Bhaisipati,27.6515,85.3008
2023-07-29T14:00,23.4,84,20.6,859.9,3.4,288,Bhaisipati,27.6515,85.3008
2023-07-29T15:00,24.4,80,20.8,859.7,2.7,337,Bhaisipati,27.6515,85.3008
2023-07-29T16:00,24.2,80,20.6,859.5,2.2,360,Bhaisipati,27.6515,85.3008
2023-07-29T17:00,22.1,91,20.4,859.8,3.1,315,Bhaisipati,27.6515,85.3008
2023-07-29T18:00,21.8,93,20.6,860.3,0.8,207,Bhaisipati,27.6515,85.3008
2023-07-29T19:00,21.4,95,20.7,860.9,1.8,143,Bhaisipati,27.6515,85.3008
2023-07-29T20:00,21.4,96,20.8,861.5,1.8,127,Bhaisipati,27.6515,85.3008
2023-07-29T21:00,21.8,96,21.0,861.9,3.3,167,Bhaisipati,27.6515,85.3008
2023-07-29T22:00,21.1,97,20.5,861.7,2.2,171,Bhaisipati,27.6515,85.3008
2023-07-29T23:00,20.8,98,20.4,861.4,2.6,196,Bhaisipati,27.6515,85.3008
2023-07-30T00:00,20.3,98,20.0,860.5,1.8,180,Bhaisipati,27.6515,85.3008
2023-07-30T01:00,20.0,98,19.7,859.2,3.2,180,Bhaisipati,27.6515,85.3008
2023-07-30T02:00,19.8,97,19.3,858.9,3.3,174,Bhaisipati,27.6515,85.3008
2023-07-30T03:00,19.8,96,19.2,859.2,2.9,180,Bhaisipati,27.6515,85.3008
2023-07-30T04:00,19.8,96,19.2,859.2,2.5,172,Bhaisipati,27.6515,85.3008
2023-07-30T05:00,20.7,94,19.8,859.7,2.5,172,Bhaisipati,27.6515,85.3008
2023-07-30T06:00,21.6,93,20.3,860.6,2.9,173,Bhaisipati,27.6515,85.3008
2023-07-30T07:00,22.8,86,20.4,861.3,1.8,323,Bhaisipati,27.6515,85.3008
2023-07-30T08:00,24.2,80,20.4,862.3,1.8,349,Bhaisipati,27.6515,85.3008
2023-07-30T09:00,25.3,79,21.3,862.5,4.0,350,Bhaisipati,27.6515,85.3008
2023-07-30T10:00,26.6,73,21.4,862.2,5.4,312,Bhaisipati,27.6515,85.3008
2023-07-30T11:00,23.4,81,20.1,861.7,3.4,238,Bhaisipati,27.6515,85.3008
2023-07-30T12:00,23.7,80,20.1,860.9,1.5,166,Bhaisipati,27.6515,85.3008
2023-07-30T13:00,24.9,77,20.7,860.4,3.2,360,Bhaisipati,27.6515,85.3008
2023-07-30T14:00,25.3,78,21.1,859.7,4.3,312,Bhaisipati,27.6515,85.3008
2023-07-30T15:00,24.3,82,21.0,858.5,4.8,318,Bhaisipati,27.6515,85.3008
2023-07-30T16:00,24.4,82,21.1,858.2,3.1,306,Bhaisipati,27.6515,85.3008
2023-07-30T17:00,22.9,87,20.6,859.0,4.1,285,Bhaisipati,27.6515,85.3008
2023-07-30T18:00,22.5,90,20.8,859.1,1.1,180,Bhaisipati,27.6515,85.3008
2023-07-30T19:00,21.4,95,20.7,858.9,2.3,141,Bhaisipati,27.6515,85.3008
2023-07-30T20:00,21.3,95,20.6,859.8,2.2,180,Bhaisipati,27.6515,85.3008
2023-07-30T21:00,21.4,96,20.7,860.8,2.8,220,Bhaisipati,27.6515,85.3008
2023-07-30T22:00,21.3,96,20.6,861.3,1.5,166,Bhaisipati,27.6515,85.3008
2023-07-30T23:00,20.9,97,20.4,860.9,1.9,202,Bhaisipati,27.6515,85.3008
2023-07-31T00:00,20.9,98,20.6,860.5,0.8,243,Bhaisipati,27.6515,85.3008
2023-07-31T01:00,20.2,99,20.0,859.6,1.4,180,Bhaisipati,27.6515,85.3008
2023-07-31T02:00,20.1,98,19.9,858.8,2.5,172,Bhaisipati,27.6515,85.3008
2023-07-31T03:00,20.1,97,19.6,858.4,3.6,174,Bhaisipati,27.6515,85.3008
2023-07-31T04:00,19.8,97,19.4,858.6,3.7,169,Bhaisipati,27.6515,85.3008
2023-07-31T05:00,20.1,95,19.4,858.9,4.0,175,Bhaisipati,27.6515,85.3008
2023-07-31T06:00,21.3,96,20.7,859.9,4.3,180,Bhaisipati,27.6515,85.3008
2023-07-31T07:00,23.4,87,21.2,860.7,1.6,207,Bhaisipati,27.6515,85.3008
2023-07-31T08:00,25.2,77,20.9,861.3,1.1,342,Bhaisipati,27.6515,85.3008
2023-07-31T09:00,26.6,71,20.8,861.7,1.8,360,Bhaisipati,27.6515,85.3008
2023-07-31T10:00,27.0,70,21.0,861.5,3.5,294,Bhaisipati,27.6515,85.3008
2023-07-31T11:00,27.7,70,21.7,861.6,3.1,315,Bhaisipati,27.6515,85.3008
2023-07-31T12:00,28.5,66,21.6,860.6,4.0,280,Bhaisipati,27.6515,85.3008
2023-07-31T13:00,23.6,89,21.7,859.7,6.4,232,Bhaisipati,27.6515,85.3008
2023-07-31T14:00,24.4,83,21.2,859.4,1.5,14,Bhaisipati,27.6515,85.3008
2023-07-31T15:00,25.1,74,20.1,858.7,5.0,21,Bhaisipati,27.6515,85.3008
2023-07-31T16:00,24.6,81,21.2,858.5,5.0,360,Bhaisipati,27.6515,85.3008
2023-07-31T17:00,23.5,87,21.3,858.4,4.1,285,Bhaisipati,27.6515,85.3008
2023-07-31T18:00,23.1,91,21.5,858.4,1.3,304,Bhaisipati,27.6515,85.3008
2023-07-31T19:00,21.9,95,21.1,858.7,1.6,117,Bhaisipati,27.6515,85.3008
2023-07-31T20:00,22.0,95,21.2,859.7,2.6,164,Bhaisipati,27.6515,85.3008
2023-07-31T21:00,21.8,96,21.1,860.0,3.6,174,Bhaisipati,27.6515,85.3008
2023-07-31T22:00,21.5,96,20.8,859.8,3.3,174,Bhaisipati,27.6515,85.3008
2023-07-31T23:00,21.3,95,20.5,859.2,4.4,171,Bhaisipati,27.6515,85.3008
2023-08-01T00:00,21.0,96,20.4,858.5,4.4,171,Bhaisipati,27.6515,85.3008
2023-08-01T01:00,20.6,97,20.1,857.4,4.0,180,Bhaisipati,27.6515,85.3008
2023-08-01T02:00,20.3,98,19.9,857.3,4.3,175,Bhaisipati,27.6515,85.3008
2023-08-01T03:00,20.2,98,19.8,857.9,4.4,171,Bhaisipati,27.6515,85.3008
2023-08-01T04:00,20.2,97,19.7,858.2,3.4,162,Bhaisipati,27.6515,85.3008
2023-08-01T05:00,20.1,98,19.8,858.0,5.5,169,Bhaisipati,27.6515,85.3008
2023-08-01T06:00,21.8,94,20.8,858.8,6.5,161,Bhaisipati,27.6515,85.3008
2023-08-01T07:00,24.2,84,21.4,860.1,1.9,112,Bhaisipati,27.6515,85.3008
2023-08-01T08:00,25.6,78,21.5,860.6,1.3,56,Bhaisipati,27.6515,85.3008
2023-08-01T09:00,26.9,73,21.8,861.1,2.9,30,Bhaisipati,27.6515,85.3008
2023-08-01T10:00,28.6,67,21.9,860.9,1.8,79,Bhaisipati,27.6515,85.3008
2023-08-01T11:00,28.7,66,21.8,860.8,1.6,243,Bhaisipati,27.6515,85.3008
2023-08-01T12:00,26.8,73,21.4,860.1,6.9,264,Bhaisipati,27.6515,85.3008
2023-08-01T13:00,27.3,70,21.4,859.0,3.1,54,Bhaisipati,27.6515,85.3008
2023-08-01T14:00,27.0,69,20.8,859.0,5.1,315,Bhaisipati,27.6515,85.3008
2023-08-01T15:00,25.6,78,21.4,858.0,5.8,356,Bhaisipati,27.6515,85.3008
2023-08-01T16:00,24.7,82,21.4,858.0,4.0,355,Bhaisipati,27.6515,85.3008
2023-08-01T17:00,24.4,84,21.5,858.5,3.1,315,Bhaisipati,27.6515,85.3008
2023-08-01T18:00,23.5,91,21.9,858.9,1.8,37,Bhaisipati,27.6515,85.3008
2023-08-01T19:00,22.8,95,21.9,859.2,2.8,140,Bhaisipati,27.6515,85.3008
2023-08-01T20:00,22.7,93,21.6,859.5,5.1,172,Bhaisipati,27.6515,85.3008
2023-08-01T21:00,22.6,92,21.2,859.9,3.3,174,Bhaisipati,27.6515,85.3008
2023-08-01T22:00,22.3,93,21.2,859.7,1.1,162,Bhaisipati,27.6515,85.3008
2023-08-01T23:00,21.9,94,20.8,860.0,3.6,180,Bhaisipati,27.6515,85.3008
2023-08-02T00:00,21.5,96,20.8,859.5,1.8,180,Bhaisipati,27.6515,85.3008
2023-08-02T01:00,21.8,93,20.5,859.2,2.6,164,Bhaisipati,27.6515,85.3008
2023-08-02T02:00,21.5,95,20.6,858.0,3.0,166,Bhaisipati,27.6515,85.3008
2023-08-02T03:00,21.4,95,20.4,857.4,5.1,176,Bhaisipati,27.6515,85.3008
2023-08-02T04:00,20.9,95,20.0,857.6,0.7,180,Bhaisipati,27.6515,85.3008
2023-08-02T05:00,21.7,96,20.9,858.9,1.3,236,Bhaisipati,27.6515,85.3008
2023-08-02T06:00,22.4,88,20.3,859.0,5.0,180,Bhaisipati,27.6515,85.3008
2023-08-02T07:00,23.7,84,20.7,860.8,1.8,349,Bhaisipati,27.6515,85.3008
2023-08-02T08:00,24.4,80,20.7,861.6,4.6,342,Bhaisipati,27.6515,85.3008
2023-08-02T09:00,25.1,78,20.9,861.7,5.8,330,Bhaisipati,27.6515,85.3008
2023-08-02T10:00,25.8,76,21.3,861.9,6.2,324,Bhaisipati,27.6515,85.3008
2023-08-02T11:00,26.7,69,20.4,861.3,6.9,317,Bhaisipati,27.6515,85.3008
2023-08-02T12:00,27.4,64,20.1,860.5,8.6,338,Bhaisipati,27.6515,85.3008
2023-08-02T13:00,27.7,62,19.8,859.2,8.1,315,Bhaisipati,27.6515,85.3008
2023-08-02T14:00,28.1,60,19.6,858.4,8.2,322,Bhaisipati,27.6515,85.3008
2023-08-02T15:00,27.5,63,19.9,858.0,6.1,320,Bhaisipati,27.6515,85.3008
2023-08-02T16:00,27.1,67,20.3,857.9,4.6,315,Bhaisipati,27.6515,85.3008
2023-08-02T17:00,25.6,73,20.3,858.4,5.4,307,Bhaisipati,27.6515,85.3008
2023-08-02T18:00,24.8,81,21.4,859.0,1.3,236,Bhaisipati,27.6515,85.3008
2023-08-02T19:00,23.9,85,21.2,859.6,1.1,198,Bhaisipati,27.6515,85.3008
2023-08-02T20:00,23.6,85,20.9,860.1,5.1,176,Bhaisipati,27.6515,85.3008
2023-08-02T21:00,23.0,88,20.9,860.0,4.0,170,Bhaisipati,27.6515,85.3008
2023-08-02T22:00,22.2,92,20.9,860.0,2.4,207,Bhaisipati,27.6515,85.3008
2023-08-02T23:00,22.0,94,20.9,860.4,2.9,180,Bhaisipati,27.6515,85.3008
2023-08-03T00:00,21.7,94,20.8,859.4,2.2,171,Bhaisipati,27.6515,85.3008
2023-08-03T01:00,21.2,96,20.6,858.7,1.5,194,Bhaisipati,27.6515,85.3008
2023-08-03T02:00,20.9,95,20.2,858.7,0.7,180,Bhaisipati,27.6515,85.3008
2023-08-03T03:00,21.0,95,20.2,858.6,1.1,162,Bhaisipati,27.6515,85.3008
2023-08-03T04:00,20.9,96,20.2,858.3,1.5,166,Bhaisipati,27.6515,85.3008
2023-08-03T05:00,21.6,96,20.9,858.8,1.3,214,Bhaisipati,27.6515,85.3008
2023-08-03T06:00,22.4,93,21.3,859.6,2.6,164,Bhaisipati,27.6515,85.3008
2023-08-03T07:00,23.8,86,21.4,860.7,0.4,270,Bhaisipati,27.6515,85.3008
2023-08-03T08:00,24.9,76,20.5,861.5,3.4,342,Bhaisipati,27.6515,85.3008
2023-08-03T09:00,24.4,81,20.8,861.3,2.4,333,Bhaisipati,27.6515,85.3008
2023-08-03T10:00,24.9,82,21.5,861.1,4.9,343,Bhaisipati,27.6515,85.3008
2023-08-03T11:00,25.9,78,21.8,860.5,5.0,330,Bhaisipati,27.6515,85.3008
2023-08-03T12:00,26.8,76,22.2,860.2,6.4,297,Bhaisipati,27.6515,85.3008
2023-08-03T13:00,25.7,78,21.4,859.7,2.3,72,Bhaisipati,27.6515,85.3008
2023-08-03T14:00,25.2,78,21.2,858.9,0.8,333,Bhaisipati,27.6515,85.3008
2023-08-03T15:00,26.0,78,21.8,858.6,2.7,293,Bhaisipati,27.6515,85.3008
2023-08-03T16:00,24.2,83,21.1,858.7,2.8,40,Bhaisipati,27.6515,85.3008
2023-08-03T17:00,23.6,87,21.3,859.5,4.4,35,Bhaisipati,27.6515,85.3008
2023-08-03T18:00,23.2,90,21.4,859.9,1.3,34,Bhaisipati,27.6515,85.3008
2023-08-03T19:00,22.4,97,21.8,860.6,2.1,121,Bhaisipati,27.6515,85.3008
2023-08-03T20:00,22.1,96,21.4,861.2,3.3,139,Bhaisipati,27.6515,85.3008
2023-08-03T21:00,21.9,97,21.4,861.9,3.8,131,Bhaisipati,27.6515,85.3008
2023-08-03T22:00,21.7,97,21.2,862.0,4.1,142,Bhaisipati,27.6515,85.3008
2023-08-03T23:00,21.4,98,21.0,861.9,2.3,162,Bhaisipati,27.6515,85.3008
2023-08-04T00:00,21.0,98,20.8,861.4,1.8,169,Bhaisipati,27.6515,85.3008
2023-08-04T01:00,20.9,98,20.6,860.9,1.8,169,Bhaisipati,27.6515,85.3008
2023-08-04T02:00,20.7,98,20.4,860.2,1.8,180,Bhaisipati,27.6515,85.3008
2023-08-04T03:00,20.4,99,20.2,859.9,1.4,180,Bhaisipati,27.6515,85.3008
2023-08-04T04:00,20.6,98,20.4,860.2,1.4,180,Bhaisipati,27.6515,85.3008
2023-08-04T05:00,21.2,98,20.8,860.5,3.3,139,Bhaisipati,27.6515,85.3008
2023-08-04T06:00,21.9,96,21.2,861.2,3.6,135,Bhaisipati,27.6515,85.3008
2023-08-04T07:00,23.6,88,21.4,862.5,0.7,90,Bhaisipati,27.6515,85.3008
2023-08-04T08:00,24.2,86,21.7,863.2,2.5,45,Bhaisipati,27.6515,85.3008
2023-08-04T09:00,24.9,83,21.9,863.5,1.5,14,Bhaisipati,27.6515,85.3008
2023-08-04T10:00,24.7,84,21.9,863.5,4.6,252,Bhaisipati,27.6515,85.3008
2023-08-04T11:00,23.8,85,21.1,863.1,1.6,333,Bhaisipati,27.6515,85.3008
2023-08-04T12:00,24.5,82,21.3,862.9,0.8,63,Bhaisipati,27.6515,85.3008
2023-08-04T13:00,25.9,81,22.3,862.6,1.9,338,Bhaisipati,27.6515,85.3008
2023-08-04T14:00,24.8,80,21.0,861.8,1.6,27,Bhaisipati,27.6515,85.3008
2023-08-04T15:00,24.7,81,21.2,861.2,0.7,90,Bhaisipati,27.6515,85.3008
2023-08-04T16:00,24.7,82,21.4,860.9,1.5,45,Bhaisipati,27.6515,85.3008
2023-08-04T17:00,23.4,87,21.2,861.8,1.1,342,Bhaisipati,27.6515,85.3008
2023-08-04T18:00,22.5,94,21.4,861.9,2.3,321,Bhaisipati,27.6515,85.3008
2023-08-04T19:00,21.4,94,20.4,862.6,2.9,173,Bhaisipati,27.6515,85.3008
2023-08-04T20:00,21.8,94,20.8,863.3,3.8,163,Bhaisipati,27.6515,85.3008
2023-08-04T21:00,21.6,95,20.8,863.6,2.2,180,Bhaisipati,27.6515,85.3008
2023-08-04T22:00,21.8,95,20.9,863.8,2.1,149,Bhaisipati,27.6515,85.3008
2023-08-04T23:00,21.4,95,20.6,863.4,2.2,180,Bhaisipati,27.6515,85.3008
2023-08-05T00:00,21.2,96,20.5,862.8,2.2,171,Bhaisipati,27.6515,85.3008
2023-08-05T01:00,21.0,96,20.4,862.3,1.8,180,Bhaisipati,27.6515,85.3008
2023-08-05T02:00,20.7,97,20.2,861.6,2.6,196,Bhaisipati,27.6515,85.3008
2023-08-05T03:00,20.7,97,20.2,861.5,1.3,214,Bhaisipati,27.6515,85.3008
2023-08-05T04:00,20.8,96,20.1,861.6,1.1,198,Bhaisipati,27.6515,85.3008
2023-08-05T05:00,20.9,95,20.2,862.1,1.1,180,Bhaisipati,27.6515,85.3008
2023-08-05T06:00,21.9,92,20.6,863.1,0.8,297,Bhaisipati,27.6515,85.3008
2023-08-05T07:00,22.9,88,20.8,863.8,1.8,37,Bhaisipati,27.6515,85.3008
2023-08-05T08:00,24.2,85,21.6,864.4,2.1,31,Bhaisipati,27.6515,85.3008
2023-08-05T09:00,25.4,79,21.5,864.4,3.6,360,Bhaisipati,27.6515,85.3008
2023-08-05T10:00,24.0,81,20.5,864.1,0.4,360,Bhaisipati,27.6515,85.3008
2023-08-05T11:00,24.3,80,20.6,863.9,4.9,287,Bhaisipati,27.6515,85.3008
2023-08-05T12:00,24.6,79,20.7,863.5,5.4,312,Bhaisipati,27.6515,85.3008
2023-08-05T13:00,23.4,87,21.1,862.4,3.6,315,Bhaisipati,27.6515,85.3008
2023-08-05T14:00,24.0,88,21.9,861.6,2.7,23,Bhaisipati,27.6515,85.3008
2023-08-05T15:00,25.0,87,22.8,860.9,4.5,346,Bhaisipati,27.6515,85.3008
2023-08-05T16:00,24.4,82,21.1,861.0,5.6,315,Bhaisipati,27.6515,85.3008
2023-08-05T17:00,22.6,91,21.1,861.9,1.8,323,Bhaisipati,27.6515,85.3008
2023-08-05T18:00,22.3,95,21.4,862.2,1.3,34,Bhaisipati,27.6515,85.3008
2023-08-05T19:00,21.9,93,20.8,862.8,2.5,8,Bhaisipati,27.6515,85.3008
2023-08-05T20:00,21.4,97,21.0,863.1,1.1,342,Bhaisipati,27.6515,85.3008
2023-08-05T21:00,21.6,97,21.1,863.4,1.5,76,Bhaisipati,27.6515,85.3008
2023-08-05T22:00,21.5,98,21.1,863.1,1.1,108,Bhaisipati,27.6515,85.3008
2023-08-05T23:00,21.4,97,20.9,862.6,1.5,315,Bhaisipati,27.6515,85.3008
2023-08-06T00:00,21.3,98,20.9,862.0,2.3,309,Bhaisipati,27.6515,85.3008
2023-08-06T01:00,21.0,99,20.9,861.1,2.1,329,Bhaisipati,27.6515,85.3008
2023-08-06T02:00,20.7,100,20.6,860.5,1.4,360,Bhaisipati,27.6515,85.3008
2023-08-06T03:00,20.6,99,20.4,860.0,0.4,360,Bhaisipati,27.6515,85.3008
2023-08-06T04:00,20.4,99,20.3,859.9,1.3,214,Bhaisipati,27.6515,85.3008
2023-08-06T05:00,20.8,99,20.6,859.9,1.0,135,Bhaisipati,27.6515,85.3008
2023-08-06T06:00,21.1,98,20.8,860.3,0.4,90,Bhaisipati,27.6515,85.3008
2023-08-06T07:00,21.6,96,20.9,861.0,2.2,351,Bhaisipati,27.6515,85.3008
2023-08-06T08:00,22.4,90,20.8,861.5,3.3,319,Bhaisipati,27.6515,85.3008
2023-08-06T09:00,23.1,87,20.9,862.2,4.3,312,Bhaisipati,27.6515,85.3008
2023-08-06T10:00,23.8,84,20.9,861.8,4.5,346,Bhaisipati,27.6515,85.3008
2023-08-06T11:00,24.1,83,20.9,861.2,2.9,7,Bhaisipati,27.6515,85.3008
2023-08-06T12:00,24.2,80,20.6,860.4,4.8,297,Bhaisipati,27.6515,85.3008
2023-08-06T13:00,23.9,81,20.4,859.4,4.3,318,Bhaisipati,27.6515,85.3008
2023-08-06T14:00,22.9,90,21.2,858.1,3.4,18,Bhaisipati,27.6515,85.3008
2023-08-06T15:00,23.7,85,21.1,858.0,3.8,343,Bhaisipati,27.6515,85.3008
2023-08-06T16:00,23.3,87,20.9,857.4,1.1,18,Bhaisipati,27.6515,85.3008
2023-08-06T17:00,23.2,88,21.1,858.7,4.5,14,Bhaisipati,27.6515,85.3008
2023-08-06T18:00,22.4,90,20.7,859.1,1.3,56,Bhaisipati,27.6515,85.3008
2023-08-06T19:00,21.9,91,20.4,859.4,1.3,304,Bhaisipati,27.6515,85.3008
2023-08-06T20:00,21.6,94,20.6,859.8,1.1,360,Bhaisipati,27.6515,85.3008
2023-08-06T21:00,21.4,96,20.7,860.1,0.4,90,Bhaisipati,27.6515,85.3008
2023-08-06T22:00,21.3,97,20.7,859.9,1.6,153,Bhaisipati,27.6515,85.3008
2023-08-06T23:00,21.1,98,20.7,859.2,1.5,135,Bhaisipati,27.6515,85.3008
2023-08-07T00:00,20.9,97,20.4,858.2,1.5,166,Bhaisipati,27.6515,85.3008
2023-08-07T01:00,20.8,97,20.3,857.5,3.0,166,Bhaisipati,27.6515,85.3008
2023-08-07T02:00,20.6,97,20.2,856.8,2.6,164,Bhaisipati,27.6515,85.3008
2023-08-07T03:00,20.9,97,20.4,856.6,2.2,189,Bhaisipati,27.6515,85.3008
2023-08-07T04:00,20.9,96,20.4,856.6,3.2,180,Bhaisipati,27.6515,85.3008
2023-08-07T05:00,21.4,95,20.6,856.9,1.9,202,Bhaisipati,27.6515,85.3008
2023-08-07T06:00,22.2,91,20.7,857.7,3.1,135,Bhaisipati,27.6515,85.3008
2023-08-07T07:00,22.7,91,21.1,858.3,1.3,124,Bhaisipati,27.6515,85.3008
2023-08-07T08:00,22.4,90,20.8,858.6,1.1,252,Bhaisipati,27.6515,85.3008
2023-08-07T09:00,21.7,93,20.6,858.7,4.7,266,Bhaisipati,27.6515,85.3008
2023-08-07T10:00,21.9,94,20.9,858.6,1.9,292,Bhaisipati,27.6515,85.3008
2023-08-07T11:00,22.4,92,21.1,858.4,1.0,45,Bhaisipati,27.6515,85.3008
2023-08-07T12:00,22.9,89,20.9,857.9,2.1,329,Bhaisipati,27.6515,85.3008
2023-08-07T13:00,22.9,90,21.3,856.9,3.6,6,Bhaisipati,27.6515,85.3008
2023-08-07T14:00,23.8,89,21.9,856.7,3.6,354,Bhaisipati,27.6515,85.3008
2023-08-07T15:00,23.7,86,21.2,856.2,3.3,41,Bhaisipati,27.6515,85.3008
2023-08-07T16:00,23.9,85,21.2,856.4,3.7,11,Bhaisipati,27.6515,85.3008
2023-08-07T17:00,22.0,92,20.7,856.5,2.0,45,Bhaisipati,27.6515,85.3008
2023-08-07T18:00,22.1,93,20.9,857.3,1.8,79,Bhaisipati,27.6515,85.3008
2023-08-07T19:00,21.9,95,21.1,857.6,2.0,135,Bhaisipati,27.6515,85.3008
2023-08-07T20:00,21.7,96,21.1,858.0,2.0,135,Bhaisipati,27.6515,85.3008
2023-08-07T21:00,21.6,97,21.1,858.5,2.2,189,Bhaisipati,27.6515,85.3008
2023-08-07T22:00,21.6,96,20.9,858.6,1.6,153,Bhaisipati,27.6515,85.3008
2023-08-07T23:00,21.5,96,20.9,858.3,3.2,153,Bhaisipati,27.6515,85.3008
2023-08-08T00:00,21.4,95,20.7,857.4,2.8,130,Bhaisipati,27.6515,85.3008
2023-08-08T01:00,20.9,97,20.4,857.0,2.5,172,Bhaisipati,27.6515,85.3008
2023-08-08T02:00,21.1,97,20.5,856.6,1.6,153,Bhaisipati,27.6515,85.3008
2023-08-08T03:00,21.0,97,20.5,856.7,1.3,124,Bhaisipati,27.6515,85.3008
2023-08-08T04:00,20.9,97,20.4,857.0,1.6,117,Bhaisipati,27.6515,85.3008
2023-08-08T05:00,21.4,95,20.7,857.2,4.0,175,Bhaisipati,27.6515,85.3008
2023-08-08T06:00,21.8,95,20.9,858.2,2.2,90,Bhaisipati,27.6515,85.3008
2023-08-08T07:00,21.9,94,20.9,858.8,2.4,117,Bhaisipati,27.6515,85.3008
2023-08-08T08:00,22.0,92,20.7,859.3,1.4,90,Bhaisipati,27.6515,85.3008
2023-08-08T09:00,22.3,91,20.8,860.0,0.8,207,Bhaisipati,27.6515,85.3008
2023-08-08T10:00,22.7,89,20.9,860.3,1.5,76,Bhaisipati,27.6515,85.3008
2023-08-08T11:00,22.8,90,21.0,860.0,0.0,270,Bhaisipati,27.6515,85.3008
2023-08-08T12:00,23.3,88,21.1,859.9,0.4,90,Bhaisipati,27.6515,85.3008
2023-08-08T13:00,24.3,83,21.3,859.8,2.2,81,Bhaisipati,27.6515,85.3008
2023-08-08T14:00,24.0,84,21.2,859.5,2.6,56,Bhaisipati,27.6515,85.3008
2023-08-08T15:00,23.9,83,20.7,859.2,2.5,45,Bhaisipati,27.6515,85.3008
2023-08-08T16:00,24.1,82,20.7,859.5,1.1,360,Bhaisipati,27.6515,85.3008
2023-08-08T17:00,22.4,90,20.7,860.0,2.8,310,Bhaisipati,27.6515,85.3008
2023-08-08T18:00,22.1,95,21.2,860.3,1.3,56,Bhaisipati,27.6515,85.3008
2023-08-08T19:00,21.5,98,21.1,860.5,1.8,37,Bhaisipati,27.6515,85.3008
2023-08-08T20:00,20.8,99,20.6,860.6,1.5,166,Bhaisipati,27.6515,85.3008
2023-08-08T21:00,20.6,98,20.3,860.9,1.1,198,Bhaisipati,27.6515,85.3008
2023-08-08T22:00,20.4,98,20.2,861.0,1.8,217,Bhaisipati,27.6515,85.3008
2023-08-08T23:00,20.7,98,20.3,860.8,1.1,198,Bhaisipati,27.6515,85.3008
2023-08-09T00:00,20.7,98,20.3,860.3,1.5,166,Bhaisipati,27.6515,85.3008
2023-08-09T01:00,20.6,98,20.3,859.7,1.8,180,Bhaisipati,27.6515,85.3008
2023-08-09T02:00,20.8,96,20.1,859.2,3.9,158,Bhaisipati,27.6515,85.3008
2023-08-09T03:00,20.8,95,19.9,859.5,2.9,173,Bhaisipati,27.6515,85.3008
2023-08-09T04:00,20.8,95,19.9,859.9,2.5,180,Bhaisipati,27.6515,85.3008
2023-08-09T05:00,20.9,97,20.5,861.0,2.9,180,Bhaisipati,27.6515,85.3008
2023-08-09T06:00,21.8,94,20.8,861.8,1.8,143,Bhaisipati,27.6515,85.3008
2023-08-09T07:00,23.0,88,20.9,862.9,2.1,31,Bhaisipati,27.6515,85.3008
2023-08-09T08:00,24.2,83,21.1,863.4,1.8,349,Bhaisipati,27.6515,85.3008
2023-08-09T09:00,24.9,81,21.4,863.6,2.6,344,Bhaisipati,27.6515,85.3008
2023-08-09T10:00,27.1,69,20.9,863.9,4.1,345,Bhaisipati,27.6515,85.3008
2023-08-09T11:00,27.9,66,20.8,863.5,4.7,337,Bhaisipati,27.6515,85.3008
2023-08-09T12:00,28.4,64,20.8,863.6,3.3,264,Bhaisipati,27.6515,85.3008
2023-08-09T13:00,26.6,73,21.3,863.0,2.4,117,Bhaisipati,27.6515,85.3008
2023-08-09T14:00,24.9,78,20.7,862.0,1.5,225,Bhaisipati,27.6515,85.3008
2023-08-09T15:00,24.1,85,21.4,861.7,1.8,217,Bhaisipati,27.6515,85.3008
2023-08-09T16:00,23.9,85,21.4,861.7,3.4,18,Bhaisipati,27.6515,85.3008
2023-08-09T17:00,22.7,91,21.2,862.5,2.5,352,Bhaisipati,27.6515,85.3008
2023-08-09T18:00,22.4,94,21.4,862.7,0.7,360,Bhaisipati,27.6515,85.3008
2023-08-09T19:00,21.7,98,21.4,863.1,1.9,22,Bhaisipati,27.6515,85.3008
2023-08-09T20:00,21.9,96,21.3,863.7,0.5,45,Bhaisipati,27.6515,85.3008
2023-08-09T21:00,21.8,97,21.3,864.0,1.5,104,Bhaisipati,27.6515,85.3008
2023-08-09T22:00,21.7,97,21.2,863.9,1.3,124,Bhaisipati,27.6515,85.3008
2023-08-09T23:00,21.2,98,20.9,863.5,2.7,203,Bhaisipati,27.6515,85.3008
2023-08-10T00:00,21.4,98,21.0,863.4,1.5,315,Bhaisipati,27.6515,85.3008
2023-08-10T01:00,20.7,100,20.7,862.7,2.8,40,Bhaisipati,27.6515,85.3008
2023-08-10T02:00,20.7,99,20.6,862.3,1.8,37,Bhaisipati,27.6515,85.3008
2023-08-10T03:00,20.9,98,20.7,862.1,1.3,124,Bhaisipati,27.6515,85.3008
2023-08-10T04:00,21.2,97,20.6,862.4,2.2,171,Bhaisipati,27.6515,85.3008
2023-08-10T05:00,20.3,97,19.8,862.3,2.4,153,Bhaisipati,27.6515,85.3008
2023-08-10T06:00,21.5,94,20.6,863.4,3.4,162,Bhaisipati,27.6515,85.3008
2023-08-10T07:00,23.2,89,21.2,864.8,3.3,103,Bhaisipati,27.6515,85.3008
2023-08-10T08:00,25.1,77,20.8,865.6,5.8,83,Bhaisipati,27.6515,85.3008
2023-08-10T09:00,26.4,70,20.6,866.0,4.3,85,Bhaisipati,27.6515,85.3008
2023-08-10T10:00,27.3,69,21.1,865.9,4.0,95,Bhaisipati,27.6515,85.3008
2023-08-10T11:00,28.0,67,21.2,865.4,2.9,120,Bhaisipati,27.6515,85.3008
2023-08-10T12:00,25.8,74,20.9,864.5,5.7,215,Bhaisipati,27.6515,85.3008
2023-08-10T13:00,25.1,78,21.1,863.9,2.5,90,Bhaisipati,27.6515,85.3008
2023-08-10T14:00,25.6,80,21.8,863.4,3.9,304,Bhaisipati,27.6515,85.3008
2023-08-10T15:00,24.3,80,20.5,862.7,1.8,37,Bhaisipati,27.6515,85.3008
2023-08-10T16:00,24.2,84,21.3,862.9,2.3,18,Bhaisipati,27.6515,85.3008
2023-08-10T17:00,22.9,90,21.1,863.3,2.4,297,Bhaisipati,27.6515,85.3008
2023-08-10T18:00,22.7,93,21.4,863.6,2.6,124,Bhaisipati,27.6515,85.3008
2023-08-10T19:00,22.3,95,21.5,864.1,0.8,207,Bhaisipati,27.6515,85.3008
2023-08-10T20:00,21.4,97,21.0,864.4,2.6,196,Bhaisipati,27.6515,85.3008
2023-08-10T21:00,21.4,97,20.9,865.0,1.8,169,Bhaisipati,27.6515,85.3008
2023-08-10T22:00,21.2,98,20.8,865.1,2.2,189,Bhaisipati,27.6515,85.3008
2023-08-10T23:00,21.0,97,20.6,864.8,1.8,169,Bhaisipati,27.6515,85.3008
2023-08-11T00:00,20.9,98,20.5,864.3,1.5,166,Bhaisipati,27.6515,85.3008
2023-08-11T01:00,21.0,98,20.7,863.9,1.3,146,Bhaisipati,27.6515,85.3008
2023-08-11T02:00,20.8,98,20.5,863.6,1.9,158,Bhaisipati,27.6515,85.3008
2023-08-11T03:00,20.8,98,20.4,863.4,1.9,158,Bhaisipati,27.6515,85.3008
2023-08-11T04:00,21.1,96,20.4,863.5,2.1,149,Bhaisipati,27.6515,85.3008
2023-08-11T05:00,21.5,95,20.7,864.0,1.4,90,Bhaisipati,27.6515,85.3008
2023-08-11T06:00,21.8,95,20.9,864.5,2.5,172,Bhaisipati,27.6515,85.3008
2023-08-11T07:00,22.9,90,21.2,864.9,1.1,72,Bhaisipati,27.6515,85.3008
2023-08-11T08:00,24.4,82,21.1,865.0,2.3,51,Bhaisipati,27.6515,85.3008
2023-08-11T09:00,26.3,74,21.3,865.3,1.9,22,Bhaisipati,27.6515,85.3008
2023-08-11T10:00,26.6,77,22.2,865.6,5.4,318,Bhaisipati,27.6515,85.3008
2023-08-11T11:00,25.0,81,21.5,864.9,5.6,320,Bhaisipati,27.6515,85.3008
2023-08-11T12:00,27.0,79,23.0,864.3,5.4,356,Bhaisipati,27.6515,85.3008
2023-08-11T13:00,26.6,79,22.7,863.1,4.3,312,Bhaisipati,27.6515,85.3008
2023-08-11T14:00,23.5,87,21.3,861.9,2.8,310,Bhaisipati,27.6515,85.3008
2023-08-11T15:00,23.4,89,21.6,861.2,1.9,22,Bhaisipati,27.6515,85.3008
2023-08-11T16:00,22.9,90,21.3,861.3,3.1,324,Bhaisipati,27.6515,85.3008
2023-08-11T17:00,22.3,91,20.7,862.2,4.8,347,Bhaisipati,27.6515,85.3008
2023-08-11T18:00,21.8,96,21.1,862.4,1.3,326,Bhaisipati,27.6515,85.3008
2023-08-11T19:00,21.8,96,21.1,863.3,1.5,104,Bhaisipati,27.6515,85.3008
2023-08-11T20:00,21.6,97,21.1,863.4,1.5,76,Bhaisipati,27.6515,85.3008
2023-08-11T21:00,21.4,99,21.2,863.7,1.1,72,Bhaisipati,27.6515,85.3008
2023-08-11T22:00,21.1,99,21.0,863.7,1.5,166,Bhaisipati,27.6515,85.3008
2023-08-11T23:00,21.2,99,20.9,863.4,1.8,169,Bhaisipati,27.6515,85.3008
2023-08-12T00:00,21.3,98,21.0,862.8,1.1,162,Bhaisipati,27.6515,85.3008
2023-08-12T01:00,21.3,98,20.9,862.2,0.8,117,Bhaisipati,27.6515,85.3008
2023-08-12T02:00,21.1,98,20.7,861.8,0.8,333,Bhaisipati,27.6515,85.3008
2023-08-12T03:00,20.8,98,20.6,861.5,0.5,45,Bhaisipati,27.6515,85.3008
2023-08-12T04:00,20.6,98,20.2,861.2,2.3,162,Bhaisipati,27.6515,85.3008
2023-08-12T05:00,21.6,96,20.9,862.2,1.9,248,Bhaisipati,27.6515,85.3008
2023-08-12T06:00,21.7,95,20.8,862.4,1.0,135,Bhaisipati,27.6515,85.3008
2023-08-12T07:00,22.7,92,21.2,862.8,1.0,315,Bhaisipati,27.6515,85.3008
2023-08-12T08:00,24.2,85,21.5,863.4,2.9,330,Bhaisipati,27.6515,85.3008
2023-08-12T09:00,25.7,80,22.0,864.0,4.6,342,Bhaisipati,27.6515,85.3008
2023-08-12T10:00,25.4,81,21.9,863.7,5.2,304,Bhaisipati,27.6515,85.3008
2023-08-12T11:00,23.9,88,21.8,863.0,2.3,309,Bhaisipati,27.6515,85.3008
2023-08-12T12:00,24.4,87,22.1,861.8,1.8,281,Bhaisipati,27.6515,85.3008
2023-08-12T13:00,24.9,83,21.7,860.9,5.9,313,Bhaisipati,27.6515,85.3008
2023-08-12T14:00,24.4,81,20.9,859.9,3.9,326,Bhaisipati,27.6515,85.3008
2023-08-12T15:00,23.4,87,21.1,858.9,3.9,292,Bhaisipati,27.6515,85.3008
2023-08-12T16:00,23.4,87,21.2,858.7,2.9,353,Bhaisipati,27.6515,85.3008
2023-08-12T17:00,22.6,90,20.9,858.9,3.9,326,Bhaisipati,27.6515,85.3008
2023-08-12T18:00,22.3,93,21.2,859.7,1.5,315,Bhaisipati,27.6515,85.3008
2023-08-12T19:00,22.2,95,21.3,860.4,1.3,304,Bhaisipati,27.6515,85.3008
2023-08-12T20:00,22.0,93,20.9,861.0,0.5,315,Bhaisipati,27.6515,85.3008
2023-08-12T21:00,21.5,96,20.9,861.1,3.7,349,Bhaisipati,27.6515,85.3008
2023-08-12T22:00,21.3,99,21.2,860.8,1.8,349,Bhaisipati,27.6515,85.3008
2023-08-12T23:00,21.3,98,21.0,860.6,1.8,360,Bhaisipati,27.6515,85.3008
2023-08-13T00:00,21.4,98,21.0,860.0,0.7,360,Bhaisipati,27.6515,85.3008
2023-08-13T01:00,21.5,98,21.2,859.5,1.3,146,Bhaisipati,27.6515,85.3008
2023-08-13T02:00,21.4,98,21.1,859.1,1.6,207,Bhaisipati,27.6515,85.3008
2023-08-13T03:00,21.2,99,21.0,859.0,1.5,166,Bhaisipati,27.6515,85.3008
2023-08-13T04:00,21.2,98,20.9,859.3,1.5,135,Bhaisipati,27.6515,85.3008
2023-08-13T05:00,21.9,95,21.1,859.5,2.5,180,Bhaisipati,27.6515,85.3008
2023-08-13T06:00,22.2,94,21.2,860.4,0.8,117,Bhaisipati,27.6515,85.3008
2023-08-13T07:00,21.9,96,21.3,860.9,1.6,243,Bhaisipati,27.6515,85.3008
2023-08-13T08:00,22.2,96,21.5,861.7,3.2,270,Bhaisipati,27.6515,85.3008
2023-08-13T09:00,22.3,95,21.4,862.3,2.6,254,Bhaisipati,27.6515,85.3008
2023-08-13T10:00,22.6,94,21.5,862.7,2.9,277,Bhaisipati,27.6515,85.3008
2023-08-13T11:00,22.3,94,21.3,862.4,1.8,281,Bhaisipati,27.6515,85.3008
2023-08-13T12:00,22.8,91,21.3,862.4,3.7,299,Bhaisipati,27.6515,85.3008
2023-08-13T13:00,22.8,90,21.2,861.7,4.3,318,Bhaisipati,27.6515,85.3008
2023-08-13T14:00,22.1,94,21.1,861.3,2.2,360,Bhaisipati,27.6515,85.3008
2023-08-13T15:00,21.9,94,20.9,861.4,1.6,63,Bhaisipati,27.6515,85.3008
2023-08-13T16:00,22.0,91,20.5,861.3,0.5,225,Bhaisipati,27.6515,85.3008
2023-08-13T17:00,21.4,91,19.8,862.8,1.1,288,Bhaisipati,27.6515,85.3008
2023-08-13T18:00,21.0,93,19.9,863.0,0.5,45,Bhaisipati,27.6515,85.3008
2023-08-13T19:00,20.8,95,20.0,863.6,1.3,124,Bhaisipati,27.6515,85.3008
2023-08-13T20:00,20.8,95,20.0,864.1,1.8,143,Bhaisipati,27.6515,85.3008
2023-08-13T21:00,20.7,96,19.9,864.2,1.9,158,Bhaisipati,27.6515,85.3008
2023-08-13T22:00,20.6,96,19.9,864.4,2.2,171,Bhaisipati,27.6515,85.3008
2023-08-13T23:00,20.7,96,19.9,864.4,1.8,169,Bhaisipati,27.6515,85.3008
2023-08-14T00:00,20.7,97,20.2,864.1,0.7,180,Bhaisipati,27.6515,85.3008
2023-08-14T01:00,20.7,97,20.1,863.7,0.4,180,Bhaisipati,27.6515,85.3008
2023-08-14T02:00,20.6,95,19.9,863.4,0.8,117,Bhaisipati,27.6515,85.3008
2023-08-14T03:00,20.4,97,19.9,863.2,0.0,270,Bhaisipati,27.6515,85.3008
2023-08-14T04:00,20.4,97,19.9,863.4,0.4,90,Bhaisipati,27.6515,85.3008
2023-08-14T05:00,20.2,99,20.0,864.0,1.0,135,Bhaisipati,27.6515,85.3008
2023-08-14T06:00,20.4,97,19.9,864.4,2.7,157,Bhaisipati,27.6515,85.3008
2023-08-14T07:00,21.1,93,20.0,865.0,0.8,117,Bhaisipati,27.6515,85.3008
2023-08-14T08:00,21.9,84,19.1,865.8,3.3,13,Bhaisipati,27.6515,85.3008
2023-08-14T09:00,22.3,82,19.0,866.1,2.5,352,Bhaisipati,27.6515,85.3008
2023-08-14T10:00,23.4,75,18.7,866.3,2.5,8,Bhaisipati,27.6515,85.3008
2023-08-14T11:00,23.7,76,19.2,865.8,3.7,11,Bhaisipati,27.6515,85.3008
2023-08-14T12:00,23.8,78,19.8,865.4,4.0,333,Bhaisipati,27.6515,85.3008
2023-08-14T13:00,24.1,79,20.3,864.4,5.6,333,Bhaisipati,27.6515,85.3008
2023-08-14T14:00,23.8,82,20.5,863.4,4.1,315,Bhaisipati,27.6515,85.3008
2023-08-14T15:00,24.3,80,20.6,862.7,5.3,298,Bhaisipati,27.6515,85.3008
2023-08-14T16:00,24.1,80,20.4,862.6,5.6,315,Bhaisipati,27.6515,85.3008
2023-08-14T17:00,22.4,88,20.3,863.6,4.3,312,Bhaisipati,27.6515,85.3008
2023-08-14T18:00,21.6,94,20.6,863.3,3.4,342,Bhaisipati,27.6515,85.3008
2023-08-14T19:00,21.3,97,20.7,863.7,1.1,360,Bhaisipati,27.6515,85.3008
2023-08-14T20:00,21.1,97,20.6,864.1,1.1,198,Bhaisipati,27.6515,85.3008
2023-08-14T21:00,20.8,96,20.2,864.1,2.5,188,Bhaisipati,27.6515,85.3008
2023-08-14T22:00,20.2,97,19.6,864.0,3.2,180,Bhaisipati,27.6515,85.3008
2023-08-14T23:00,19.4,97,18.9,863.6,3.7,169,Bhaisipati,27.6515,85.3008
2023-08-15T00:00,18.7,100,18.6,863.0,4.7,171,Bhaisipati,27.6515,85.3008
2023-08-15T01:00,18.3,99,18.2,862.3,5.4,172,Bhaisipati,27.6515,85.3008
2023-08-15T02:00,18.2,99,17.9,862.0,4.0,175,Bhaisipati,27.6515,85.3008
2023-08-15T03:00,17.9,99,17.9,861.9,2.5,180,Bhaisipati,27.6515,85.3008
2023-08-15T04:00,17.9,99,17.8,862.1,1.4,180,Bhaisipati,27.6515,85.3008
2023-08-15T05:00,18.4,98,18.2,862.8,1.4,180,Bhaisipati,27.6515,85.3008
2023-08-15T06:00,20.4,93,19.4,864.2,2.2,180,Bhaisipati,27.6515,85.3008
2023-08-15T07:00,22.4,85,19.7,865.1,2.3,321,Bhaisipati,27.6515,85.3008
2023-08-15T08:00,23.7,79,19.8,865.2,3.6,315,Bhaisipati,27.6515,85.3008
2023-08-15T09:00,24.7,76,20.2,865.8,4.2,329,Bhaisipati,27.6515,85.3008
2023-08-15T10:00,26.1,71,20.3,865.8,5.2,344,Bhaisipati,27.6515,85.3008
2023-08-15T11:00,27.0,66,20.0,865.6,6.7,324,Bhaisipati,27.6515,85.3008
2023-08-15T12:00,27.3,64,19.9,865.0,6.9,298,Bhaisipati,27.6515,85.3008
2023-08-15T13:00,26.6,69,20.4,864.1,7.6,315,Bhaisipati,27.6515,85.3008
2023-08-15T14:00,25.3,75,20.6,863.2,3.3,257,Bhaisipati,27.6515,85.3008
2023-08-15T15:00,24.8,77,20.4,862.3,4.1,255,Bhaisipati,27.6515,85.3008
2023-08-15T16:00,24.1,81,20.7,862.0,2.4,333,Bhaisipati,27.6515,85.3008
2023-08-15T17:00,23.4,82,20.2,862.9,4.9,306,Bhaisipati,27.6515,85.3008
2023-08-15T18:00,22.2,92,20.9,863.1,2.6,34,Bhaisipati,27.6515,85.3008
2023-08-15T19:00,21.6,95,20.7,863.8,1.8,143,Bhaisipati,27.6515,85.3008
2023-08-15T20:00,21.4,96,20.7,864.2,1.9,158,Bhaisipati,27.6515,85.3008
2023-08-15T21:00,21.4,95,20.7,864.4,2.5,180,Bhaisipati,27.6515,85.3008
2023-08-15T22:00,21.1,96,20.4,864.3,1.4,180,Bhaisipati,27.6515,85.3008
2023-08-15T23:00,20.7,97,20.2,864.1,1.4,180,Bhaisipati,27.6515,85.3008
2023-08-16T00:00,20.4,97,19.9,863.6,1.1,180,Bhaisipati,27.6515,85.3008
2023-08-16T01:00,20.3,98,19.9,862.9,1.4,180,Bhaisipati,27.6515,85.3008
2023-08-16T02:00,19.8,99,19.6,862.4,1.8,169,Bhaisipati,27.6515,85.3008
2023-08-16T03:00,19.3,99,19.2,862.2,2.2,171,Bhaisipati,27.6515,85.3008
2023-08-16T04:00,19.2,98,18.8,862.4,0.7,180,Bhaisipati,27.6515,85.3008
2023-08-16T05:00,19.4,99,19.2,863.3,2.4,153,Bhaisipati,27.6515,85.3008
2023-08-16T06:00,20.8,96,20.2,864.0,2.9,173,Bhaisipati,27.6515,85.3008
2023-08-16T07:00,22.6,89,20.7,864.7,3.6,174,Bhaisipati,27.6515,85.3008
2023-08-16T08:00,24.3,82,20.9,865.2,3.3,319,Bhaisipati,27.6515,85.3008
2023-08-16T09:00,24.6,81,21.2,865.5,4.7,328,Bhaisipati,27.6515,85.3008
2023-08-16T10:00,25.9,75,21.1,865.2,5.9,322,Bhaisipati,27.6515,85.3008
2023-08-16T11:00,26.7,71,20.9,864.6,6.4,313,Bhaisipati,27.6515,85.3008
2023-08-16T12:00,26.8,70,20.9,863.9,6.8,302,Bhaisipati,27.6515,85.3008
2023-08-16T13:00,26.9,69,20.7,863.2,5.5,302,Bhaisipati,27.6515,85.3008
2023-08-16T14:00,25.6,73,20.3,862.3,7.4,309,Bhaisipati,27.6515,85.3008
2023-08-16T15:00,24.1,82,20.9,861.6,2.9,7,Bhaisipati,27.6515,85.3008
2023-08-16T16:00,23.6,87,21.2,861.4,3.7,349,Bhaisipati,27.6515,85.3008
2023-08-16T17:00,22.9,91,21.4,862.0,1.5,315,Bhaisipati,27.6515,85.3008
2023-08-16T18:00,22.3,95,21.4,862.2,1.8,79,Bhaisipati,27.6515,85.3008
2023-08-16T19:00,21.7,98,21.3,863.0,3.1,135,Bhaisipati,27.6515,85.3008
2023-08-16T20:00,21.7,97,21.2,863.6,2.4,153,Bhaisipati,27.6515,85.3008
2023-08-16T21:00,21.4,98,20.9,864.0,1.4,180,Bhaisipati,27.6515,85.3008
2023-08-16T22:00,21.5,97,21.1,864.1,3.0,194,Bhaisipati,27.6515,85.3008
2023-08-16T23:00,21.0,96,20.3,864.0,2.4,117,Bhaisipati,27.6515,85.3008
2023-08-17T00:00,21.1,96,20.5,863.1,1.8,169,Bhaisipati,27.6515,85.3008
2023-08-17T01:00,20.8,97,20.3,862.5,2.5,180,Bhaisipati,27.6515,85.3008
2023-08-17T02:00,20.6,96,19.9,862.5,3.3,167,Bhaisipati,27.6515,85.3008
2023-08-17T03:00,20.8,96,20.2,862.7,2.5,172,Bhaisipati,27.6515,85.3008
2023-08-17T04:00,20.7,95,19.9,862.8,2.9,173,Bhaisipati,27.6515,85.3008
2023-08-17T05:00,20.6,96,19.9,863.5,2.5,172,Bhaisipati,27.6515,85.3008
2023-08-17T06:00,21.1,94,20.1,864.4,4.7,171,Bhaisipati,27.6515,85.3008
2023-08-17T07:00,22.3,87,20.0,865.0,3.4,162,Bhaisipati,27.6515,85.3008
2023-08-17T08:00,22.9,86,20.3,865.0,0.7,180,Bhaisipati,27.6515,85.3008
2023-08-17T09:00,24.0,81,20.5,865.2,4.1,142,Bhaisipati,27.6515,85.3008
2023-08-17T10:00,24.9,78,20.8,865.2,2.6,106,Bhaisipati,27.6515,85.3008
2023-08-17T11:00,26.5,72,21.1,865.3,2.1,31,Bhaisipati,27.6515,85.3008
2023-08-17T12:00,27.1,69,20.9,864.4,2.2,9,Bhaisipati,27.6515,85.3008
2023-08-17T13:00,27.7,68,21.4,863.7,4.5,331,Bhaisipati,27.6515,85.3008
2023-08-17T14:00,26.1,73,20.9,862.6,1.3,326,Bhaisipati,27.6515,85.3008
2023-08-17T15:00,25.7,74,20.8,862.5,2.1,31,Bhaisipati,27.6515,85.3008
2023-08-17T16:00,24.4,78,20.3,862.4,1.0,225,Bhaisipati,27.6515,85.3008
2023-08-17T17:00,23.7,83,20.6,863.4,2.6,124,Bhaisipati,27.6515,85.3008
2023-08-17T18:00,23.1,85,20.5,864.1,0.8,63,Bhaisipati,27.6515,85.3008
2023-08-17T19:00,22.1,93,20.9,864.7,4.2,121,Bhaisipati,27.6515,85.3008
2023-08-17T20:00,21.3,95,20.5,864.4,3.2,153,Bhaisipati,27.6515,85.3008
2023-08-17T21:00,21.2,94,20.3,864.7,4.6,162,Bhaisipati,27.6515,85.3008
2023-08-17T22:00,20.9,95,20.0,864.4,4.4,171,Bhaisipati,27.6515,85.3008
2023-08-17T23:00,20.7,95,19.8,863.7,4.7,176,Bhaisipati,27.6515,85.3008
2023-08-18T00:00,20.3,96,19.7,862.7,5.1,172,Bhaisipati,27.6515,85.3008
2023-08-18T01:00,19.9,97,19.4,862.3,3.2,180,Bhaisipati,27.6515,85.3008
2023-08-18T02:00,19.9,96,19.4,862.1,2.5,180,Bhaisipati,27.6515,85.3008
2023-08-18T03:00,19.8,96,19.2,861.9,2.5,180,Bhaisipati,27.6515,85.3008
2023-08-18T04:00,19.6,96,18.9,862.1,3.3,174,Bhaisipati,27.6515,85.3008
2023-08-18T05:00,20.3,94,19.4,862.9,6.0,163,Bhaisipati,27.6515,85.3008
2023-08-18T06:00,21.5,91,20.0,864.0,5.4,184,Bhaisipati,27.6515,85.3008
2023-08-18T07:00,23.3,87,20.9,865.8,1.9,202,Bhaisipati,27.6515,85.3008
2023-08-18T08:00,24.9,78,20.9,866.4,2.2,360,Bhaisipati,27.6515,85.3008
2023-08-18T09:00,26.2,74,21.2,866.6,2.9,353,Bhaisipati,27.6515,85.3008
2023-08-18T10:00,27.3,72,21.9,866.6,4.7,351,Bhaisipati,27.6515,85.3008
2023-08-18T11:00,27.1,70,21.2,865.9,5.1,4,Bhaisipati,27.6515,85.3008
2023-08-18T12:00,25.7,75,20.8,865.2,2.2,351,Bhaisipati,27.6515,85.3008
2023-08-18T13:00,26.1,74,21.1,864.4,5.0,30,Bhaisipati,27.6515,85.3008
2023-08-18T14:00,26.7,72,21.2,863.6,5.0,30,Bhaisipati,27.6515,85.3008
2023-08-18T15:00,25.9,78,21.7,862.9,4.7,4,Bhaisipati,27.6515,85.3008
2023-08-18T16:00,25.8,78,21.7,862.6,2.6,16,Bhaisipati,27.6515,85.3008
2023-08-18T17:00,25.1,80,21.4,864.2,4.8,312,Bhaisipati,27.6515,85.3008
2023-08-18T18:00,23.7,89,21.8,864.2,0.8,117,Bhaisipati,27.6515,85.3008
2023-08-18T19:00,22.6,92,21.3,864.6,2.5,135,Bhaisipati,27.6515,85.3008
2023-08-18T20:00,22.3,93,21.1,864.8,2.9,173,Bhaisipati,27.6515,85.3008
2023-08-18T21:00,21.6,96,20.8,865.7,5.2,155,Bhaisipati,27.6515,85.3008
2023-08-18T22:00,21.3,96,20.7,866.1,5.0,159,Bhaisipati,27.6515,85.3008
2023-08-18T23:00,21.1,95,20.2,865.6,6.3,149,Bhaisipati,27.6515,85.3008
2023-08-19T00:00,21.1,95,20.2,865.6,1.9,158,Bhaisipati,27.6515,85.3008
2023-08-19T01:00,20.7,95,19.9,864.8,3.1,159,Bhaisipati,27.6515,85.3008
2023-08-19T02:00,20.4,95,19.7,864.5,2.2,180,Bhaisipati,27.6515,85.3008
2023-08-19T03:00,20.7,94,19.8,864.4,3.3,174,Bhaisipati,27.6515,85.3008
2023-08-19T04:00,19.9,95,19.1,863.4,1.8,191,Bhaisipati,27.6515,85.3008
2023-08-19T05:00,19.9,96,19.2,864.2,1.8,191,Bhaisipati,27.6515,85.3008
2023-08-19T06:00,21.2,94,20.3,864.1,4.5,166,Bhaisipati,27.6515,85.3008
2023-08-19T07:00,23.2,82,20.0,865.4,1.3,146,Bhaisipati,27.6515,85.3008
2023-08-19T08:00,24.6,76,20.2,866.2,1.1,360,Bhaisipati,27.6515,85.3008
2023-08-19T09:00,26.2,70,20.2,866.7,2.2,9,Bhaisipati,27.6515,85.3008
2023-08-19T10:00,27.1,67,20.4,866.8,3.3,354,Bhaisipati,27.6515,85.3008
2023-08-19T11:00,27.4,70,21.4,866.9,3.8,311,Bhaisipati,27.6515,85.3008
2023-08-19T12:00,27.7,70,21.7,866.2,4.8,13,Bhaisipati,27.6515,85.3008
2023-08-19T13:00,24.7,79,20.9,865.5,5.2,304,Bhaisipati,27.6515,85.3008
2023-08-19T14:00,25.4,78,21.4,864.6,1.1,360,Bhaisipati,27.6515,85.3008
2023-08-19T15:00,25.2,77,20.8,864.0,0.4,360,Bhaisipati,27.6515,85.3008
2023-08-19T16:00,25.4,77,20.9,863.5,1.3,34,Bhaisipati,27.6515,85.3008
2023-08-19T17:00,23.9,81,20.3,864.5,3.3,6,Bhaisipati,27.6515,85.3008
2023-08-19T18:00,22.9,89,20.9,864.7,1.9,68,Bhaisipati,27.6515,85.3008
2023-08-19T19:00,22.2,94,21.1,864.7,2.6,146,Bhaisipati,27.6515,85.3008
2023-08-19T20:00,22.0,94,21.0,865.5,3.6,174,Bhaisipati,27.6515,85.3008
2023-08-19T21:00,21.6,97,21.1,865.8,3.3,131,Bhaisipati,27.6515,85.3008
2023-08-19T22:00,21.7,97,21.2,866.1,3.4,198,Bhaisipati,27.6515,85.3008
2023-08-19T23:00,21.2,98,20.9,866.0,2.9,210,Bhaisipati,27.6515,85.3008
2023-08-20T00:00,21.4,97,20.9,865.8,3.1,225,Bhaisipati,27.6515,85.3008
2023-08-20T01:00,21.2,98,20.8,865.5,2.3,231,Bhaisipati,27.6515,85.3008
2023-08-20T02:00,21.1,98,20.8,865.0,2.9,240,Bhaisipati,27.6515,85.3008
2023-08-20T03:00,21.1,98,20.8,864.9,2.6,254,Bhaisipati,27.6515,85.3008
2023-08-20T04:00,21.0,98,20.7,865.2,2.7,247,Bhaisipati,27.6515,85.3008
2023-08-20T05:00,21.1,99,20.9,865.6,2.9,330,Bhaisipati,27.6515,85.3008
2023-08-20T06:00,21.3,98,20.9,866.0,1.9,292,Bhaisipati,27.6515,85.3008
2023-08-20T07:00,22.1,93,21.0,866.7,1.8,180,Bhaisipati,27.6515,85.3008
2023-08-20T08:00,23.9,83,20.8,867.1,1.1,252,Bhaisipati,27.6515,85.3008
2023-08-20T09:00,25.3,77,21.1,867.6,2.5,315,Bhaisipati,27.6515,85.3008
2023-08-20T10:00,26.1,79,22.1,867.6,4.1,322,Bhaisipati,27.6515,85.3008
2023-08-20T11:00,26.5,74,21.5,867.0,5.2,295,Bhaisipati,27.6515,85.3008
2023-08-20T12:00,23.7,83,20.6,866.2,3.9,304,Bhaisipati,27.6515,85.3008
2023-08-20T13:00,24.4,81,21.1,865.3,0.4,90,Bhaisipati,27.6515,85.3008
2023-08-20T14:00,24.6,84,21.6,864.8,2.4,333,Bhaisipati,27.6515,85.3008
2023-08-20T15:00,23.2,85,20.5,864.3,1.5,315,Bhaisipati,27.6515,85.3008
2023-08-20T16:00,22.6,91,21.0,863.9,2.8,320,Bhaisipati,27.6515,85.3008
2023-08-20T17:00,22.2,93,20.9,864.4,1.4,360,Bhaisipati,27.6515,85.3008
2023-08-20T18:00,22.1,94,21.1,864.4,1.5,45,Bhaisipati,27.6515,85.3008
2023-08-20T19:00,21.8,96,21.0,864.6,1.1,108,Bhaisipati,27.6515,85.3008
2023-08-20T20:00,21.7,96,21.1,864.7,1.1,108,Bhaisipati,27.6515,85.3008
2023-08-20T21:00,21.5,98,21.1,864.8,1.1,162,Bhaisipati,27.6515,85.3008
2023-08-20T22:00,21.6,98,21.2,865.1,1.8,169,Bhaisipati,27.6515,85.3008
2023-08-20T23:00,21.7,96,21.1,865.1,0.7,360,Bhaisipati,27.6515,85.3008
2023-08-21T00:00,21.5,98,21.2,864.5,2.2,279,Bhaisipati,27.6515,85.3008
2023-08-21T01:00,21.4,98,21.1,864.2,1.9,292,Bhaisipati,27.6515,85.3008
2023-08-21T02:00,21.2,97,20.7,863.6,2.0,315,Bhaisipati,27.6515,85.3008
2023-08-21T03:00,21.1,97,20.6,863.3,1.5,315,Bhaisipati,27.6515,85.3008
2023-08-21T04:00,21.1,96,20.4,863.1,1.1,270,Bhaisipati,27.6515,85.3008
2023-08-21T05:00,21.2,96,20.6,863.5,1.9,202,Bhaisipati,27.6515,85.3008
2023-08-21T06:00,21.4,96,20.9,864.1,2.7,247,Bhaisipati,27.6515,85.3008
2023-08-21T07:00,21.9,96,21.2,864.9,2.6,254,Bhaisipati,27.6515,85.3008
2023-08-21T08:00,22.6,90,20.9,865.4,1.8,323,Bhaisipati,27.6515,85.3008
2023-08-21T09:00,23.4,89,21.6,865.8,2.3,39,Bhaisipati,27.6515,85.3008
2023-08-21T10:00,24.9,82,21.7,866.0,1.0,45,Bhaisipati,27.6515,85.3008
2023-08-21T11:00,24.1,84,21.2,865.3,2.2,171,Bhaisipati,27.6515,85.3008
2023-08-21T12:00,23.6,86,21.1,864.8,1.4,270,Bhaisipati,27.6515,85.3008
2023-08-21T13:00,23.8,84,20.9,863.9,1.6,297,Bhaisipati,27.6515,85.3008
2023-08-21T14:00,23.6,81,20.1,863.3,2.4,27,Bhaisipati,27.6515,85.3008
2023-08-21T15:00,22.9,88,20.9,862.8,1.8,360,Bhaisipati,27.6515,85.3008
2023-08-21T16:00,22.4,94,21.3,862.8,2.5,352,Bhaisipati,27.6515,85.3008
2023-08-21T17:00,22.4,92,21.0,863.4,2.1,301,Bhaisipati,27.6515,85.3008
2023-08-21T18:00,21.6,95,20.8,863.2,1.0,135,Bhaisipati,27.6515,85.3008
2023-08-21T19:00,21.1,97,20.6,863.5,1.9,158,Bhaisipati,27.6515,85.3008
2023-08-21T20:00,20.9,97,20.5,863.8,2.6,164,Bhaisipati,27.6515,85.3008
2023-08-21T21:00,21.2,96,20.6,864.1,2.2,171,Bhaisipati,27.6515,85.3008
2023-08-21T22:00,21.2,97,20.6,864.6,1.6,207,Bhaisipati,27.6515,85.3008
2023-08-21T23:00,21.1,98,20.7,864.8,1.5,166,Bhaisipati,27.6515,85.3008
2023-08-22T00:00,20.9,98,20.6,864.3,1.8,270,Bhaisipati,27.6515,85.3008
2023-08-22T01:00,20.8,100,20.7,863.6,0.8,333,Bhaisipati,27.6515,85.3008
2023-08-22T02:00,20.6,100,20.5,862.7,1.6,153,Bhaisipati,27.6515,85.3008
2023-08-22T03:00,20.4,99,20.3,862.1,1.8,180,Bhaisipati,27.6515,85.3008
2023-08-22T04:00,19.8,98,19.5,862.0,2.2,180,Bhaisipati,27.6515,85.3008
2023-08-22T05:00,20.7,99,20.6,862.6,0.8,117,Bhaisipati,27.6515,85.3008
2023-08-22T06:00,20.9,98,20.6,863.3,3.8,163,Bhaisipati,27.6515,85.3008
2023-08-22T07:00,21.4,98,21.1,864.1,2.2,270,Bhaisipati,27.6515,85.3008
2023-08-22T08:00,22.0,91,20.4,864.6,1.5,14,Bhaisipati,27.6515,85.3008
2023-08-22T09:00,23.4,83,20.4,865.4,1.1,90,Bhaisipati,27.6515,85.3008
2023-08-22T10:00,24.1,79,20.2,865.1,1.3,34,Bhaisipati,27.6515,85.3008
2023-08-22T11:00,24.4,77,20.1,864.7,3.4,18,Bhaisipati,27.6515,85.3008
2023-08-22T12:00,25.7,76,21.2,864.0,2.9,360,Bhaisipati,27.6515,85.3008
2023-08-22T13:00,26.2,77,21.8,863.0,4.4,9,Bhaisipati,27.6515,85.3008
2023-08-22T14:00,25.4,77,21.1,861.9,7.4,321,Bhaisipati,27.6515,85.3008
2023-08-22T15:00,23.4,87,21.1,861.4,3.1,306,Bhaisipati,27.6515,85.3008
2023-08-22T16:00,23.8,85,21.2,861.6,4.4,35,Bhaisipati,27.6515,85.3008
2023-08-22T17:00,22.3,90,20.5,862.6,3.3,319,Bhaisipati,27.6515,85.3008
2023-08-22T18:00,21.8,97,21.3,863.0,1.8,79,Bhaisipati,27.6515,85.3008
2023-08-22T19:00,21.9,97,21.4,863.8,1.5,104,Bhaisipati,27.6515,85.3008
2023-08-22T20:00,21.9,91,20.3,864.4,0.4,360,Bhaisipati,27.6515,85.3008
2023-08-22T21:00,21.6,93,20.3,864.6,1.3,146,Bhaisipati,27.6515,85.3008
2023-08-22T22:00,21.4,95,20.5,864.5,1.8,233,Bhaisipati,27.6515,85.3008
2023-08-22T23:00,21.3,95,20.6,864.4,2.1,239,Bhaisipati,27.6515,85.3008
2023-08-23T00:00,21.3,95,20.5,863.6,2.4,243,Bhaisipati,27.6515,85.3008
2023-08-23T01:00,21.1,97,20.6,863.2,0.8,207,Bhaisipati,27.6515,85.3008
2023-08-23T02:00,21.0,95,20.2,862.5,1.5,284,Bhaisipati,27.6515,85.3008
2023-08-23T03:00,21.0,95,20.2,862.2,1.4,270,Bhaisipati,27.6515,85.3008
2023-08-23T04:00,21.1,94,20.1,862.4,0.0,270,Bhaisipati,27.6515,85.3008
2023-08-23T05:00,21.2,96,20.6,862.5,2.3,219,Bhaisipati,27.6515,85.3008
2023-08-23T06:00,21.2,92,19.9,863.0,1.9,248,Bhaisipati,27.6515,85.3008
2023-08-23T07:00,21.6,91,20.1,863.7,1.3,304,Bhaisipati,27.6515,85.3008
2023-08-23T08:00,22.1,88,20.1,863.9,2.2,351,Bhaisipati,27.6515,85.3008
2023-08-23T09:00,22.2,87,19.9,864.1,2.5,360,Bhaisipati,27.6515,85.3008
2023-08-23T10:00,22.7,86,20.2,863.8,1.9,22,Bhaisipati,27.6515,85.3008
2023-08-23T11:00,22.8,87,20.6,863.1,1.8,79,Bhaisipati,27.6515,85.3008
2023-08-23T12:00,24.6,83,21.5,862.8,5.2,16,Bhaisipati,27.6515,85.3008
2023-08-23T13:00,23.7,85,20.9,861.7,3.1,315,Bhaisipati,27.6515,85.3008
2023-08-23T14:00,23.6,86,21.2,860.3,1.8,307,Bhaisipati,27.6515,85.3008
2023-08-23T15:00,23.8,86,21.4,859.7,2.3,39,Bhaisipati,27.6515,85.3008
2023-08-23T16:00,23.4,89,21.4,859.5,1.9,338,Bhaisipati,27.6515,85.3008
2023-08-23T17:00,21.5,93,20.3,860.5,2.1,301,Bhaisipati,27.6515,85.3008
2023-08-23T18:00,21.3,96,20.6,860.7,1.1,72,Bhaisipati,27.6515,85.3008
2023-08-23T19:00,21.3,95,20.4,861.4,1.1,72,Bhaisipati,27.6515,85.3008
2023-08-23T20:00,21.3,94,20.4,862.0,0.0,270,Bhaisipati,27.6515,85.3008
2023-08-23T21:00,21.2,95,20.3,862.0,1.5,194,Bhaisipati,27.6515,85.3008
2023-08-23T22:00,21.1,95,20.4,862.0,1.5,166,Bhaisipati,27.6515,85.3008
2023-08-23T23:00,20.9,94,20.0,861.5,1.4,180,Bhaisipati,27.6515,85.3008
2023-08-24T00:00,20.7,98,20.3,860.8,0.8,153,Bhaisipati,27.6515,85.3008
2023-08-24T01:00,20.5,98,20.2,860.0,1.1,162,Bhaisipati,27.6515,85.3008
2023-08-24T02:00,20.4,97,20.0,859.6,2.2,180,Bhaisipati,27.6515,85.3008
2023-08-24T03:00,20.4,97,19.9,859.6,1.5,225,Bhaisipati,27.6515,85.3008
2023-08-24T04:00,20.3,98,20.0,859.7,1.6,207,Bhaisipati,27.6515,85.3008
2023-08-24T05:00,20.6,96,20.0,859.8,2.3,252,Bhaisipati,27.6515,85.3008
2023-08-24T06:00,20.7,97,20.3,860.5,0.4,360,Bhaisipati,27.6515,85.3008
2023-08-24T07:00,21.4,93,20.4,860.7,2.3,18,Bhaisipati,27.6515,85.3008
2023-08-24T08:00,22.4,91,20.9,861.2,3.1,339,Bhaisipati,27.6515,85.3008
2023-08-24T09:00,24.1,83,21.1,861.8,4.7,4,Bhaisipati,27.6515,85.3008
2023-08-24T10:00,24.4,84,21.5,861.4,4.7,328,Bhaisipati,27.6515,85.3008
2023-08-24T11:00,25.3,80,21.7,860.9,6.1,332,Bhaisipati,27.6515,85.3008
2023-08-24T12:00,25.2,73,20.1,860.2,3.6,323,Bhaisipati,27.6515,85.3008
2023-08-24T13:00,24.4,79,20.6,859.4,4.2,290,Bhaisipati,27.6515,85.3008
2023-08-24T14:00,23.9,82,20.5,858.5,0.4,180,Bhaisipati,27.6515,85.3008
2023-08-24T15:00,23.3,84,20.4,858.5,1.1,18,Bhaisipati,27.6515,85.3008
2023-08-24T16:00,22.9,89,20.9,858.6,0.7,360,Bhaisipati,27.6515,85.3008
2023-08-24T17:00,21.9,91,20.3,858.9,3.9,338,Bhaisipati,27.6515,85.3008
2023-08-24T18:00,21.3,97,20.8,859.2,1.8,11,Bhaisipati,27.6515,85.3008
2023-08-24T19:00,21.3,96,20.6,859.8,3.0,76,Bhaisipati,27.6515,85.3008
2023-08-24T20:00,21.4,96,20.8,860.1,1.8,127,Bhaisipati,27.6515,85.3008
2023-08-24T21:00,21.7,82,18.4,860.4,0.5,45,Bhaisipati,27.6515,85.3008
2023-08-24T22:00,21.4,88,19.2,860.4,1.5,315,Bhaisipati,27.6515,85.3008
2023-08-24T23:00,20.9,93,19.8,860.0,1.1,342,Bhaisipati,27.6515,85.3008
2023-08-25T00:00,20.8,95,20.0,859.4,1.1,360,Bhaisipati,27.6515,85.3008
2023-08-25T01:00,20.7,97,20.2,858.7,1.9,22,Bhaisipati,27.6515,85.3008
2023-08-25T02:00,20.8,95,20.0,858.6,0.0,270,Bhaisipati,27.6515,85.3008
2023-08-25T03:00,20.6,97,20.2,858.3,1.6,297,Bhaisipati,27.6515,85.3008
2023-08-25T04:00,20.4,98,20.2,858.3,1.5,45,Bhaisipati,27.6515,85.3008
2023-08-25T05:00,20.7,98,20.4,858.7,1.8,281,Bhaisipati,27.6515,85.3008
2023-08-25T06:00,20.9,96,20.2,859.5,1.3,146,Bhaisipati,27.6515,85.3008
2023-08-25T07:00,21.2,95,20.3,859.9,1.5,135,Bhaisipati,27.6515,85.3008
2023-08-25T08:00,21.9,90,20.3,860.4,2.7,113,Bhaisipati,27.6515,85.3008
2023-08-25T09:00,22.9,86,20.3,860.8,2.6,124,Bhaisipati,27.6515,85.3008
2023-08-25T10:00,24.0,81,20.4,861.1,3.9,112,Bhaisipati,27.6515,85.3008
2023-08-25T11:00,24.1,77,19.8,860.9,5.9,133,Bhaisipati,27.6515,85.3008
2023-08-25T12:00,24.0,74,19.1,860.4,5.6,117,Bhaisipati,27.6515,85.3008
2023-08-25T13:00,24.3,75,19.5,859.6,6.3,103,Bhaisipati,27.6515,85.3008
2023-08-25T14:00,25.7,72,20.3,858.9,7.2,96,Bhaisipati,27.6515,85.3008
2023-08-25T15:00,25.3,74,20.3,858.6,8.0,98,Bhaisipati,27.6515,85.3008
2023-08-25T16:00,24.0,78,19.9,858.9,3.6,127,Bhaisipati,27.6515,85.3008
2023-08-25T17:00,22.2,90,20.4,859.7,1.3,124,Bhaisipati,27.6515,85.3008
2023-08-25T18:00,21.6,95,20.7,859.9,2.5,82,Bhaisipati,27.6515,85.3008
2023-08-25T19:00,21.4,95,20.6,860.2,3.1,135,Bhaisipati,27.6515,85.3008
2023-08-25T20:00,21.4,94,20.4,860.6,2.8,130,Bhaisipati,27.6515,85.3008
2023-08-25T21:00,21.2,95,20.3,861.1,3.1,144,Bhaisipati,27.6515,85.3008
2023-08-25T22:00,20.9,94,19.9,860.9,2.9,150,Bhaisipati,27.6515,85.3008
2023-08-25T23:00,20.9,95,20.1,860.8,1.8,143,Bhaisipati,27.6515,85.3008
2023-08-26T00:00,20.8,95,20.1,860.1,2.6,124,Bhaisipati,27.6515,85.3008
2023-08-26T01:00,20.7,95,19.9,859.2,3.4,122,Bhaisipati,27.6515,85.3008
2023-08-26T02:00,20.5,95,19.8,858.9,3.4,162,Bhaisipati,27.6515,85.3008
2023-08-26T03:00,20.4,96,19.9,858.4,2.0,135,Bhaisipati,27.6515,85.3008
2023-08-26T04:00,20.5,97,19.9,858.6,1.8,169,Bhaisipati,27.6515,85.3008
2023-08-26T05:00,20.4,95,19.7,859.5,1.0,315,Bhaisipati,27.6515,85.3008
2023-08-26T06:00,20.5,95,19.7,860.0,2.2,99,Bhaisipati,27.6515,85.3008
2023-08-26T07:00,20.7,95,19.8,860.5,1.0,135,Bhaisipati,27.6515,85.3008
2023-08-26T08:00,21.6,92,20.2,861.2,1.0,45,Bhaisipati,27.6515,85.3008
2023-08-26T09:00,21.6,91,20.2,861.3,1.8,53,Bhaisipati,27.6515,85.3008
2023-08-26T10:00,23.3,86,20.8,861.6,2.3,72,Bhaisipati,27.6515,85.3008
2023-08-26T11:00,25.2,78,21.2,861.5,3.1,36,Bhaisipati,27.6515,85.3008
2023-08-26T12:00,25.9,74,20.8,860.8,4.5,14,Bhaisipati,27.6515,85.3008
2023-08-26T13:00,23.4,82,20.3,859.9,7.9,273,Bhaisipati,27.6515,85.3008
2023-08-26T14:00,22.4,87,20.2,859.4,3.3,283,Bhaisipati,27.6515,85.3008
2023-08-26T15:00,22.0,93,20.8,858.5,4.3,95,Bhaisipati,27.6515,85.3008
2023-08-26T16:00,21.6,95,20.7,858.6,2.4,297,Bhaisipati,27.6515,85.3008
2023-08-26T17:00,22.3,90,20.6,859.9,4.0,350,Bhaisipati,27.6515,85.3008
2023-08-26T18:00,21.2,96,20.6,859.9,2.3,18,Bhaisipati,27.6515,85.3008
2023-08-26T19:00,20.8,98,20.4,860.2,2.4,153,Bhaisipati,27.6515,85.3008
2023-08-26T20:00,20.4,98,20.0,860.7,2.3,162,Bhaisipati,27.6515,85.3008
2023-08-26T21:00,20.0,98,19.7,861.0,1.1,180,Bhaisipati,27.6515,85.3008
2023-08-26T22:00,20.2,98,19.8,861.0,1.1,180,Bhaisipati,27.6515,85.3008
2023-08-26T23:00,19.5,98,19.2,860.7,1.8,169,Bhaisipati,27.6515,85.3008
2023-08-27T00:00,19.7,97,19.2,860.3,1.9,158,Bhaisipati,27.6515,85.3008
2023-08-27T01:00,20.3,95,19.5,860.1,3.6,174,Bhaisipati,27.6515,85.3008
2023-08-27T02:00,19.5,97,19.0,859.2,3.2,180,Bhaisipati,27.6515,85.3008
2023-08-27T03:00,19.3,97,18.8,858.8,3.2,180,Bhaisipati,27.6515,85.3008
2023-08-27T04:00,19.6,95,18.9,858.7,3.6,174,Bhaisipati,27.6515,85.3008
2023-08-27T05:00,20.3,95,19.6,858.7,1.8,180,Bhaisipati,27.6515,85.3008
2023-08-27T06:00,20.8,95,19.9,859.4,1.8,127,Bhaisipati,27.6515,85.3008
2023-08-27T07:00,21.8,90,20.1,860.3,0.7,90,Bhaisipati,27.6515,85.3008
2023-08-27T08:00,23.3,81,19.9,861.0,1.9,338,Bhaisipati,27.6515,85.3008
2023-08-27T09:00,24.4,81,21.1,861.2,3.3,319,Bhaisipati,27.6515,85.3008
2023-08-27T10:00,26.1,77,21.7,861.3,4.6,321,Bhaisipati,27.6515,85.3008
2023-08-27T11:00,27.3,70,21.3,861.0,7.4,309,Bhaisipati,27.6515,85.3008
2023-08-27T12:00,24.9,76,20.4,860.2,4.8,347,Bhaisipati,27.6515,85.3008
2023-08-27T13:00,23.8,82,20.5,859.8,2.2,279,Bhaisipati,27.6515,85.3008
2023-08-27T14:00,24.3,83,21.2,859.1,4.1,15,Bhaisipati,27.6515,85.3008
2023-08-27T15:00,22.4,86,19.9,858.9,7.6,295,Bhaisipati,27.6515,85.3008
2023-08-27T16:00,23.2,83,20.1,858.9,4.7,328,Bhaisipati,27.6515,85.3008
2023-08-27T17:00,21.8,90,20.0,859.2,4.8,333,Bhaisipati,27.6515,85.3008
2023-08-27T18:00,20.4,96,19.8,859.2,2.3,18,Bhaisipati,27.6515,85.3008
2023-08-27T19:00,20.1,98,19.7,859.5,2.3,162,Bhaisipati,27.6515,85.3008
2023-08-27T20:00,19.8,98,19.4,859.6,2.6,164,Bhaisipati,27.6515,85.3008
2023-08-27T21:00,19.6,97,19.2,860.0,2.5,180,Bhaisipati,27.6515,85.3008
2023-08-27T22:00,19.4,98,19.1,860.1,2.2,180,Bhaisipati,27.6515,85.3008
2023-08-27T23:00,19.4,98,19.1,860.0,2.2,180,Bhaisipati,27.6515,85.3008
2023-08-28T00:00,19.3,99,19.2,859.6,2.5,180,Bhaisipati,27.6515,85.3008
2023-08-28T01:00,19.5,99,19.3,858.9,2.5,172,Bhaisipati,27.6515,85.3008
2023-08-28T02:00,18.9,99,18.8,858.7,3.6,225,Bhaisipati,27.6515,85.3008
2023-08-28T03:00,19.4,97,18.9,859.0,0.8,153,Bhaisipati,27.6515,85.3008
2023-08-28T04:00,18.4,99,18.3,858.9,3.1,135,Bhaisipati,27.6515,85.3008
2023-08-28T05:00,20.2,99,20.1,858.9,2.2,171,Bhaisipati,27.6515,85.3008
2023-08-28T06:00,20.6,97,20.1,859.7,1.5,135,Bhaisipati,27.6515,85.3008
2023-08-28T07:00,21.1,95,20.3,860.8,1.8,233,Bhaisipati,27.6515,85.3008
2023-08-28T08:00,22.6,88,20.6,861.9,1.3,304,Bhaisipati,27.6515,85.3008
2023-08-28T09:00,24.4,81,21.0,862.7,4.5,331,Bhaisipati,27.6515,85.3008
2023-08-28T10:00,25.6,77,21.3,862.8,3.5,336,Bhaisipati,27.6515,85.3008
2023-08-28T11:00,26.9,71,21.3,862.5,6.1,315,Bhaisipati,27.6515,85.3008
2023-08-28T12:00,25.7,71,20.2,862.1,5.3,332,Bhaisipati,27.6515,85.3008
2023-08-28T13:00,26.0,73,20.8,861.6,3.7,331,Bhaisipati,27.6515,85.3008
2023-08-28T14:00,23.4,81,20.1,860.7,8.7,312,Bhaisipati,27.6515,85.3008
2023-08-28T15:00,23.8,79,20.0,860.1,2.7,247,Bhaisipati,27.6515,85.3008
2023-08-28T16:00,23.0,83,20.1,860.3,5.4,318,Bhaisipati,27.6515,85.3008
2023-08-28T17:00,21.3,92,19.9,860.2,7.5,325,Bhaisipati,27.6515,85.3008
2023-08-28T18:00,20.7,95,19.8,860.5,0.8,63,Bhaisipati,27.6515,85.3008
2023-08-28T19:00,20.3,98,19.9,861.2,1.6,333,Bhaisipati,27.6515,85.3008
2023-08-28T20:00,19.8,99,19.6,861.9,2.3,129,Bhaisipati,27.6515,85.3008
2023-08-28T21:00,19.7,98,19.4,862.1,2.9,150,Bhaisipati,27.6515,85.3008
2023-08-28T22:00,19.6,97,19.1,862.0,3.0,166,Bhaisipati,27.6515,85.3008
2023-08-28T23:00,20.2,95,19.3,862.3,2.6,164,Bhaisipati,27.6515,85.3008
2023-08-29T00:00,20.1,92,18.7,862.3,3.3,186,Bhaisipati,27.6515,85.3008
2023-08-29T01:00,19.4,97,18.9,862.1,1.6,333,Bhaisipati,27.6515,85.3008
2023-08-29T02:00,19.4,98,18.9,862.0,1.9,112,Bhaisipati,27.6515,85.3008
2023-08-29T03:00,18.9,97,18.4,861.7,4.2,160,Bhaisipati,27.6515,85.3008
2023-08-29T04:00,18.6,97,18.0,861.2,5.9,166,Bhaisipati,27.6515,85.3008
2023-08-29T05:00,18.6,100,18.6,861.0,4.4,171,Bhaisipati,27.6515,85.3008
2023-08-29T06:00,19.8,97,19.3,862.0,5.6,165,Bhaisipati,27.6515,85.3008
2023-08-29T07:00,22.2,88,20.1,863.6,2.6,146,Bhaisipati,27.6515,85.3008
2023-08-29T08:00,24.1,75,19.3,864.4,1.5,45,Bhaisipati,27.6515,85.3008
2023-08-29T09:00,25.1,70,19.2,864.7,2.5,352,Bhaisipati,27.6515,85.3008
2023-08-29T10:00,25.7,70,19.8,864.8,2.4,297,Bhaisipati,27.6515,85.3008
2023-08-29T11:00,26.0,71,20.4,864.5,4.4,305,Bhaisipati,27.6515,85.3008
2023-08-29T12:00,25.8,70,19.8,864.0,4.8,347,Bhaisipati,27.6515,85.3008
2023-08-29T13:00,24.4,74,19.6,863.0,5.6,27,Bhaisipati,27.6515,85.3008
2023-08-29T14:00,24.1,74,19.1,862.6,4.8,312,Bhaisipati,27.6515,85.3008
2023-08-29T15:00,23.9,78,19.9,862.1,4.0,333,Bhaisipati,27.6515,85.3008
2023-08-29T16:00,23.2,80,19.7,861.9,4.0,355,Bhaisipati,27.6515,85.3008
2023-08-29T17:00,22.3,84,19.4,862.8,3.7,349,Bhaisipati,27.6515,85.3008
2023-08-29T18:00,20.8,94,19.7,862.8,3.6,45,Bhaisipati,27.6515,85.3008
2023-08-29T19:00,20.3,95,19.4,863.3,2.7,113,Bhaisipati,27.6515,85.3008
2023-08-29T20:00,19.9,96,19.2,863.5,1.6,153,Bhaisipati,27.6515,85.3008
2023-08-29T21:00,19.9,96,19.2,863.6,3.6,174,Bhaisipati,27.6515,85.3008
2023-08-29T22:00,19.7,95,18.9,863.9,4.4,171,Bhaisipati,27.6515,85.3008
2023-08-29T23:00,19.3,96,18.7,863.8,4.0,170,Bhaisipati,27.6515,85.3008
2023-08-30T00:00,18.8,98,18.4,863.5,4.7,176,Bhaisipati,27.6515,85.3008
2023-08-30T01:00,18.3,100,18.3,862.8,3.7,169,Bhaisipati,27.6515,85.3008
2023-08-30T02:00,18.0,100,17.9,862.5,3.6,174,Bhaisipati,27.6515,85.3008
2023-08-30T03:00,17.8,100,17.8,862.3,4.3,175,Bhaisipati,27.6515,85.3008
2023-08-30T04:00,17.4,100,17.4,862.2,4.3,175,Bhaisipati,27.6515,85.3008
2023-08-30T05:00,18.0,100,17.9,863.0,4.3,175,Bhaisipati,27.6515,85.3008
2023-08-30T06:00,19.5,98,19.2,864.1,5.4,172,Bhaisipati,27.6515,85.3008
2023-08-30T07:00,21.9,90,20.1,865.7,2.2,189,Bhaisipati,27.6515,85.3008
2023-08-30T08:00,23.6,80,19.9,866.4,0.8,297,Bhaisipati,27.6515,85.3008
2023-08-30T09:00,25.0,73,19.8,866.9,2.1,329,Bhaisipati,27.6515,85.3008
2023-08-30T10:00,26.1,72,20.6,867.0,4.1,345,Bhaisipati,27.6515,85.3008
2023-08-30T11:00,27.0,70,21.0,866.8,5.5,328,Bhaisipati,27.6515,85.3008
2023-08-30T12:00,27.5,68,20.9,866.2,8.5,332,Bhaisipati,27.6515,85.3008
2023-08-30T13:00,24.4,77,20.2,865.2,0.5,135,Bhaisipati,27.6515,85.3008
2023-08-30T14:00,24.9,75,20.2,864.4,3.6,174,Bhaisipati,27.6515,85.3008
2023-08-30T15:00,25.2,76,20.7,864.0,4.8,312,Bhaisipati,27.6515,85.3008
2023-08-30T16:00,24.1,81,20.5,863.8,3.3,13,Bhaisipati,27.6515,85.3008
2023-08-30T17:00,22.0,88,19.9,864.3,1.8,53,Bhaisipati,27.6515,85.3008
2023-08-30T18:00,21.1,94,20.2,864.0,2.5,188,Bhaisipati,27.6515,85.3008
2023-08-30T19:00,20.9,96,20.3,864.5,2.5,188,Bhaisipati,27.6515,85.3008
2023-08-30T20:00,21.2,93,20.0,865.2,1.9,202,Bhaisipati,27.6515,85.3008
2023-08-30T21:00,20.6,93,19.4,865.5,1.4,180,Bhaisipati,27.6515,85.3008
2023-08-30T22:00,20.4,95,19.7,865.7,1.1,180,Bhaisipati,27.6515,85.3008
2023-08-30T23:00,20.4,95,19.5,865.5,1.1,162,Bhaisipati,27.6515,85.3008
2023-08-31T00:00,20.1,95,19.3,864.7,1.4,180,Bhaisipati,27.6515,85.3008
2023-08-31T01:00,19.7,96,19.1,864.0,2.9,180,Bhaisipati,27.6515,85.3008
2023-08-31T02:00,19.6,96,18.9,863.7,2.9,180,Bhaisipati,27.6515,85.3008
2023-08-31T03:00,19.4,96,18.8,863.5,2.5,180,Bhaisipati,27.6515,85.3008
2023-08-31T04:00,18.9,97,18.5,863.6,2.9,180,Bhaisipati,27.6515,85.3008
2023-08-31T05:00,18.7,100,18.7,864.4,2.9,187,Bhaisipati,27.6515,85.3008
2023-08-31T06:00,19.8,99,19.6,865.2,3.6,174,Bhaisipati,27.6515,85.3008
2023-08-31T07:00,22.6,90,20.8,867.0,0.4,360,Bhaisipati,27.6515,85.3008
2023-08-31T08:00,24.3,76,19.9,867.8,2.3,18,Bhaisipati,27.6515,85.3008
2023-08-31T09:00,25.2,74,20.2,868.3,3.6,360,Bhaisipati,27.6515,85.3008
2023-08-31T10:00,25.8,69,19.7,868.1,3.9,338,Bhaisipati,27.6515,85.3008
2023-08-31T11:00,25.8,71,20.1,867.8,3.9,292,Bhaisipati,27.6515,85.3008
2023-08-31T12:00,26.4,72,20.9,867.0,6.4,308,Bhaisipati,27.6515,85.3008
2023-08-31T13:00,23.9,82,20.5,865.9,7.8,304,Bhaisipati,27.6515,85.3008
2023-08-31T14:00,22.9,82,19.8,865.2,7.3,171,Bhaisipati,27.6515,85.3008
2023-08-31T15:00,24.4,79,20.5,864.9,1.8,270,Bhaisipati,27.6515,85.3008
2023-08-31T16:00,24.2,81,20.7,864.6,5.2,326,Bhaisipati,27.6515,85.3008
2023-08-31T17:00,23.3,83,20.3,865.0,2.5,352,Bhaisipati,27.6515,85.3008
2023-08-31T18:00,22.4,88,20.4,864.8,0.8,153,Bhaisipati,27.6515,85.3008
2023-08-31T19:00,21.2,95,20.4,865.1,1.5,166,Bhaisipati,27.6515,85.3008
2023-08-31T20:00,20.6,96,20.0,865.5,1.4,180,Bhaisipati,27.6515,85.3008
2023-08-31T21:00,20.7,96,20.1,866.0,1.8,180,Bhaisipati,27.6515,85.3008
2023-08-31T22:00,20.4,96,19.8,865.9,0.7,180,Bhaisipati,27.6515,85.3008
2023-08-31T23:00,20.3,96,19.6,865.5,1.1,180,Bhaisipati,27.6515,85.3008
2023-09-01T00:00,20.0,96,19.4,864.6,1.5,166,Bhaisipati,27.6515,85.3008
2023-09-01T01:00,19.4,98,19.2,863.9,2.5,172,Bhaisipati,27.6515,85.3008
2023-09-01T02:00,18.8,100,18.8,863.2,3.7,169,Bhaisipati,27.6515,85.3008
2023-09-01T03:00,18.6,100,18.5,863.0,3.0,166,Bhaisipati,27.6515,85.3008
2023-09-01T04:00,18.6,99,18.4,863.3,2.9,173,Bhaisipati,27.6515,85.3008
2023-09-01T05:00,19.9,98,19.5,864.9,2.3,162,Bhaisipati,27.6515,85.3008
2023-09-01T06:00,21.0,95,20.3,865.5,1.8,180,Bhaisipati,27.6515,85.3008
2023-09-01T07:00,23.1,84,20.3,867.0,1.1,72,Bhaisipati,27.6515,85.3008
2023-09-01T08:00,23.6,82,20.4,867.4,2.9,353,Bhaisipati,27.6515,85.3008
2023-09-01T09:00,24.8,76,20.3,867.8,5.4,318,Bhaisipati,27.6515,85.3008
2023-09-01T10:00,25.6,73,20.3,867.6,5.9,313,Bhaisipati,27.6515,85.3008
2023-09-01T11:00,26.1,70,20.1,867.2,5.8,300,Bhaisipati,27.6515,85.3008
2023-09-01T12:00,26.7,67,20.1,866.4,7.1,294,Bhaisipati,27.6515,85.3008
2023-09-01T13:00,26.8,66,19.9,865.6,5.7,288,Bhaisipati,27.6515,85.3008
2023-09-01T14:00,26.1,70,20.2,864.8,6.3,294,Bhaisipati,27.6515,85.3008
2023-09-01T15:00,25.6,75,20.9,864.2,4.8,318,Bhaisipati,27.6515,85.3008
2023-09-01T16:00,23.6,83,20.6,864.1,6.6,299,Bhaisipati,27.6515,85.3008
2023-09-01T17:00,24.3,82,21.1,864.2,5.0,339,Bhaisipati,27.6515,85.3008
2023-09-01T18:00,22.7,93,21.4,864.1,1.9,22,Bhaisipati,27.6515,85.3008
2023-09-01T19:00,22.1,95,21.2,864.1,0.8,153,Bhaisipati,27.6515,85.3008
2023-09-01T20:00,21.9,94,20.9,864.7,1.5,166,Bhaisipati,27.6515,85.3008
2023-09-01T21:00,21.5,95,20.7,865.1,3.8,163,Bhaisipati,27.6515,85.3008
2023-09-01T22:00,20.9,96,20.2,864.9,4.4,171,Bhaisipati,27.6515,85.3008
2023-09-01T23:00,20.4,97,19.9,864.4,4.8,167,Bhaisipati,27.6515,85.3008
2023-09-02T00:00,19.8,99,19.7,863.5,4.8,167,Bhaisipati,27.6515,85.3008
2023-09-02T01:00,19.4,99,19.4,862.7,5.2,168,Bhaisipati,27.6515,85.3008
2023-09-02T02:00,19.1,100,19.0,862.2,4.5,166,Bhaisipati,27.6515,85.3008
2023-09-02T03:00,18.7,100,18.7,861.8,3.3,167,Bhaisipati,27.6515,85.3008
2023-09-02T04:00,18.4,100,18.4,861.9,2.5,172,Bhaisipati,27.6515,85.3008
2023-09-02T05:00,19.3,100,19.3,863.2,2.6,164,Bhaisipati,27.6515,85.3008
2023-09-02T06:00,21.0,95,20.2,864.4,4.0,175,Bhaisipati,27.6515,85.3008
2023-09-02T07:00,23.6,86,21.2,865.5,1.3,34,Bhaisipati,27.6515,85.3008
2023-09-02T08:00,25.3,79,21.4,865.9,1.8,11,Bhaisipati,27.6515,85.3008
2023-09-02T09:00,26.5,73,21.3,866.3,3.4,342,Bhaisipati,27.6515,85.3008
2023-09-02T10:00,27.1,70,21.2,866.1,3.2,297,Bhaisipati,27.6515,85.3008
2023-09-02T11:00,28.0,66,21.1,865.8,4.0,297,Bhaisipati,27.6515,85.3008
2023-09-02T12:00,27.9,66,21.1,864.9,5.1,266,Bhaisipati,27.6515,85.3008
2023-09-02T13:00,25.4,75,20.7,864.2,4.8,153,Bhaisipati,27.6515,85.3008
2023-09-02T14:00,24.4,78,20.3,863.2,3.6,307,Bhaisipati,27.6515,85.3008
2023-09-02T15:00,24.3,80,20.7,862.9,2.9,330,Bhaisipati,27.6515,85.3008
2023-09-02T16:00,23.7,86,21.2,862.7,4.6,321,Bhaisipati,27.6515,85.3008
2023-09-02T17:00,22.9,88,20.8,862.3,3.1,144,Bhaisipati,27.6515,85.3008
2023-09-02T18:00,21.7,95,20.8,862.3,3.5,114,Bhaisipati,27.6515,85.3008
2023-09-02T19:00,21.6,95,20.8,862.8,3.2,180,Bhaisipati,27.6515,85.3008
2023-09-02T20:00,21.3,96,20.6,863.1,3.6,174,Bhaisipati,27.6515,85.3008
2023-09-02T21:00,20.8,97,20.3,863.5,1.4,180,Bhaisipati,27.6515,85.3008
2023-09-02T22:00,20.7,97,20.1,864.0,1.8,169,Bhaisipati,27.6515,85.3008
2023-09-02T23:00,20.7,96,20.0,864.2,3.7,169,Bhaisipati,27.6515,85.3008
2023-09-03T00:00,20.4,97,19.9,864.1,5.2,164,Bhaisipati,27.6515,85.3008
2023-09-03T01:00,20.4,96,19.8,863.4,7.1,165,Bhaisipati,27.6515,85.3008
2023-09-03T02:00,20.3,96,19.7,862.9,6.6,167,Bhaisipati,27.6515,85.3008
2023-09-03T03:00,20.0,97,19.5,862.6,7.8,167,Bhaisipati,27.6515,85.3008
2023-09-03T04:00,19.6,98,19.3,862.3,3.3,167,Bhaisipati,27.6515,85.3008
2023-09-03T05:00,19.6,95,18.9,862.6,2.9,173,Bhaisipati,27.6515,85.3008
2023-09-03T06:00,20.9,92,19.5,863.5,6.6,167,Bhaisipati,27.6515,85.3008
2023-09-03T07:00,23.3,86,20.7,864.9,4.7,157,Bhaisipati,27.6515,85.3008
2023-09-03T08:00,25.6,75,20.9,865.9,2.2,99,Bhaisipati,27.6515,85.3008
2023-09-03T09:00,27.3,70,21.3,866.4,1.3,56,Bhaisipati,27.6515,85.3008
2023-09-03T10:00,28.4,67,21.7,866.4,1.1,18,Bhaisipati,27.6515,85.3008
2023-09-03T11:00,26.7,71,20.9,866.0,5.4,180,Bhaisipati,27.6515,85.3008
2023-09-03T12:00,26.6,70,20.7,865.0,0.4,90,Bhaisipati,27.6515,85.3008
2023-09-03T13:00,26.7,72,21.3,864.0,4.9,324,Bhaisipati,27.6515,85.3008
2023-09-03T14:00,26.0,77,21.7,863.1,2.3,321,Bhaisipati,27.6515,85.3008
2023-09-03T15:00,25.2,79,21.3,862.4,4.8,333,Bhaisipati,27.6515,85.3008
2023-09-03T16:00,24.1,82,20.8,862.3,5.7,342,Bhaisipati,27.6515,85.3008
2023-09-03T17:00,23.4,79,19.4,862.1,2.4,153,Bhaisipati,27.6515,85.3008
2023-09-03T18:00,22.6,84,19.8,862.3,3.7,151,Bhaisipati,27.6515,85.3008
2023-09-03T19:00,22.0,87,19.8,862.8,3.3,167,Bhaisipati,27.6515,85.3008
2023-09-03T20:00,21.1,92,19.7,863.3,5.1,172,Bhaisipati,27.6515,85.3008
2023-09-03T21:00,20.2,95,19.4,863.8,5.9,166,Bhaisipati,27.6515,85.3008
2023-09-03T22:00,20.1,95,19.2,864.1,4.9,163,Bhaisipati,27.6515,85.3008
2023-09-03T23:00,20.1,93,18.9,863.7,5.8,176,Bhaisipati,27.6515,85.3008
2023-09-04T00:00,19.4,95,18.6,862.8,6.0,163,Bhaisipati,27.6515,85.3008
2023-09-04T01:00,19.4,93,18.3,861.9,5.9,169,Bhaisipati,27.6515,85.3008
2023-09-04T02:00,19.4,91,17.9,861.3,5.1,172,Bhaisipati,27.6515,85.3008
2023-09-04T03:00,19.2,90,17.6,860.8,5.1,172,Bhaisipati,27.6515,85.3008
2023-09-04T04:00,19.2,89,17.4,860.6,4.0,175,Bhaisipati,27.6515,85.3008
2023-09-04T05:00,19.5,92,18.1,861.8,1.5,166,Bhaisipati,27.6515,85.3008
2023-09-04T06:00,21.1,88,19.1,863.1,2.2,180,Bhaisipati,27.6515,85.3008
2023-09-04T07:00,23.8,77,19.4,864.9,3.1,144,Bhaisipati,27.6515,85.3008
2023-09-04T08:00,25.7,69,19.7,865.7,2.2,99,Bhaisipati,27.6515,85.3008
2023-09-04T09:00,26.7,66,19.8,866.0,1.8,53,Bhaisipati,27.6515,85.3008
2023-09-04T10:00,27.8,60,19.3,866.2,2.9,30,Bhaisipati,27.6515,85.3008
2023-09-04T11:00,28.5,57,19.3,865.8,6.9,354,Bhaisipati,27.6515,85.3008
2023-09-04T12:00,25.5,69,19.4,864.8,3.8,253,Bhaisipati,27.6515,85.3008
2023-09-04T13:00,26.3,65,19.1,864.0,4.7,94,Bhaisipati,27.6515,85.3008
2023-09-04T14:00,25.3,71,19.7,863.2,5.1,51,Bhaisipati,27.6515,85.3008
2023-09-04T15:00,24.2,75,19.4,862.4,0.5,135,Bhaisipati,27.6515,85.3008
2023-09-04T16:00,24.7,72,19.4,862.2,2.0,135,Bhaisipati,27.6515,85.3008
2023-09-04T17:00,22.5,79,18.7,863.2,2.9,353,Bhaisipati,27.6515,85.3008
2023-09-04T18:00,21.5,85,18.8,862.9,5.4,180,Bhaisipati,27.6515,85.3008
2023-09-04T19:00,20.9,88,18.8,863.5,5.4,176,Bhaisipati,27.6515,85.3008
2023-09-04T20:00,20.7,90,19.0,863.9,3.2,180,Bhaisipati,27.6515,85.3008
2023-09-04T21:00,20.2,92,18.8,863.8,4.7,171,Bhaisipati,27.6515,85.3008
2023-09-04T22:00,19.9,93,18.7,864.0,2.9,173,Bhaisipati,27.6515,85.3008
2023-09-04T23:00,19.7,94,18.7,863.9,2.9,173,Bhaisipati,27.6515,85.3008
2023-09-05T00:00,19.8,93,18.7,863.6,3.3,174,Bhaisipati,27.6515,85.3008
2023-09-05T01:00,19.7,93,18.6,863.0,4.3,175,Bhaisipati,27.6515,85.3008
2023-09-05T02:00,19.3,93,18.2,862.3,4.0,170,Bhaisipati,27.6515,85.3008
2023-09-05T03:00,19.1,92,17.8,862.1,4.7,171,Bhaisipati,27.6515,85.3008
2023-09-05T04:00,19.1,90,17.4,861.8,4.4,171,Bhaisipati,27.6515,85.3008
2023-09-05T05:00,20.4,87,18.2,863.5,2.2,180,Bhaisipati,27.6515,85.3008
2023-09-05T06:00,21.2,86,18.8,864.1,4.8,167,Bhaisipati,27.6515,85.3008
2023-09-05T07:00,22.8,79,19.1,865.2,4.3,175,Bhaisipati,27.6515,85.3008
2023-09-05T08:00,23.5,72,18.1,865.9,0.8,117,Bhaisipati,27.6515,85.3008
2023-09-05T09:00,24.7,67,18.1,866.7,1.1,252,Bhaisipati,27.6515,85.3008
2023-09-05T10:00,24.6,69,18.7,866.8,2.1,329,Bhaisipati,27.6515,85.3008
2023-09-05T11:00,24.4,75,19.7,866.3,3.9,326,Bhaisipati,27.6515,85.3008
2023-09-05T12:00,24.9,75,20.1,866.0,4.1,322,Bhaisipati,27.6515,85.3008
2023-09-05T13:00,25.4,72,19.9,865.2,5.2,335,Bhaisipati,27.6515,85.3008
2023-09-05T14:00,25.4,71,19.9,863.7,4.8,333,Bhaisipati,27.6515,85.3008
2023-09-05T15:00,26.0,67,19.4,862.7,2.3,342,Bhaisipati,27.6515,85.3008
2023-09-05T16:00,25.6,67,18.9,862.3,1.9,338,Bhaisipati,27.6515,85.3008
2023-09-05T17:00,24.1,65,16.9,863.1,2.2,99,Bhaisipati,27.6515,85.3008
2023-09-05T18:00,22.2,78,18.2,862.9,1.8,143,Bhaisipati,27.6515,85.3008
2023-09-05T19:00,22.4,75,17.6,863.9,2.5,172,Bhaisipati,27.6515,85.3008
2023-09-05T20:00,21.8,77,17.7,864.2,4.5,166,Bhaisipati,27.6515,85.3008
2023-09-05T21:00,21.3,80,17.7,864.3,4.0,175,Bhaisipati,27.6515,85.3008
2023-09-05T22:00,21.1,81,17.7,864.4,3.3,167,Bhaisipati,27.6515,85.3008
2023-09-05T23:00,20.6,82,17.4,864.2,2.3,162,Bhaisipati,27.6515,85.3008
2023-09-06T00:00,20.2,82,16.9,863.9,2.2,171,Bhaisipati,27.6515,85.3008
2023-09-06T01:00,20.0,83,17.1,863.5,3.6,174,Bhaisipati,27.6515,85.3008
2023-09-06T02:00,19.7,86,17.3,863.1,3.7,169,Bhaisipati,27.6515,85.3008
2023-09-06T03:00,19.4,89,17.5,862.8,4.0,170,Bhaisipati,27.6515,85.3008
2023-09-06T04:00,19.3,90,17.6,862.8,4.0,170,Bhaisipati,27.6515,85.3008
2023-09-06T05:00,19.7,83,16.7,864.1,4.1,165,Bhaisipati,27.6515,85.3008
2023-09-06T06:00,20.2,85,17.6,864.6,6.2,170,Bhaisipati,27.6515,85.3008
2023-09-06T07:00,23.9,73,18.8,866.6,2.1,149,Bhaisipati,27.6515,85.3008
2023-09-06T08:00,25.2,63,17.8,867.3,1.6,27,Bhaisipati,27.6515,85.3008
2023-09-06T09:00,26.7,58,17.8,867.6,2.1,31,Bhaisipati,27.6515,85.3008
2023-09-06T10:00,27.7,57,18.4,867.7,4.0,5,Bhaisipati,27.6515,85.3008
2023-09-06T11:00,27.3,53,16.9,867.7,1.6,27,Bhaisipati,27.6515,85.3008
2023-09-06T12:00,26.7,57,17.4,867.0,2.5,360,Bhaisipati,27.6515,85.3008
2023-09-06T13:00,27.7,57,18.3,866.1,4.2,340,Bhaisipati,27.6515,85.3008
2023-09-06T14:00,27.2,61,18.9,864.7,5.8,338,Bhaisipati,27.6515,85.3008
2023-09-06T15:00,27.1,61,18.9,863.4,4.7,337,Bhaisipati,27.6515,85.3008
2023-09-06T16:00,26.6,61,18.6,863.0,2.9,353,Bhaisipati,27.6515,85.3008
2023-09-06T17:00,24.6,72,19.2,863.8,2.3,198,Bhaisipati,27.6515,85.3008
2023-09-06T18:00,23.1,80,19.4,864.3,3.5,156,Bhaisipati,27.6515,85.3008
2023-09-06T19:00,22.2,83,19.3,865.1,3.0,166,Bhaisipati,27.6515,85.3008
2023-09-06T20:00,21.9,82,18.7,865.9,2.6,164,Bhaisipati,27.6515,85.3008
2023-09-06T21:00,20.9,85,18.4,865.9,5.9,169,Bhaisipati,27.6515,85.3008
2023-09-06T22:00,20.7,85,18.1,865.6,6.4,164,Bhaisipati,27.6515,85.3008
2023-09-06T23:00,20.4,84,17.6,864.9,6.6,167,Bhaisipati,27.6515,85.3008
2023-09-07T00:00,20.0,84,17.3,864.0,6.6,171,Bhaisipati,27.6515,85.3008
2023-09-07T01:00,19.3,87,17.1,863.8,5.5,169,Bhaisipati,27.6515,85.3008
2023-09-07T02:00,19.4,87,17.3,863.6,2.9,173,Bhaisipati,27.6515,85.3008
2023-09-07T03:00,19.6,86,17.3,863.6,2.9,173,Bhaisipati,27.6515,85.3008
2023-09-07T04:00,19.7,84,16.9,863.5,2.5,172,Bhaisipati,27.6515,85.3008
2023-09-07T05:00,19.9,86,17.6,864.4,1.8,180,Bhaisipati,27.6515,85.3008
2023-09-07T06:00,21.1,83,18.2,865.6,4.3,175,Bhaisipati,27.6515,85.3008
2023-09-07T07:00,23.3,73,18.2,866.6,0.7,270,Bhaisipati,27.6515,85.3008
2023-09-07T08:00,24.1,71,18.5,866.7,1.6,297,Bhaisipati,27.6515,85.3008
2023-09-07T09:00,25.7,63,18.3,866.9,1.5,104,Bhaisipati,27.6515,85.3008
2023-09-07T10:00,27.4,56,17.9,866.9,1.4,90,Bhaisipati,27.6515,85.3008
2023-09-07T11:00,28.5,55,18.4,866.8,2.3,309,Bhaisipati,27.6515,85.3008
2023-09-07T12:00,27.5,61,19.4,865.7,6.7,286,Bhaisipati,27.6515,85.3008
2023-09-07T13:00,26.6,69,20.5,864.6,5.6,315,Bhaisipati,27.6515,85.3008
2023-09-07T14:00,27.3,69,21.0,863.7,5.1,4,Bhaisipati,27.6515,85.3008
2023-09-07T15:00,26.1,71,20.5,862.6,4.8,333,Bhaisipati,27.6515,85.3008
2023-09-07T16:00,25.1,73,20.0,862.9,0.7,180,Bhaisipati,27.6515,85.3008
2023-09-07T17:00,23.6,79,19.8,863.5,4.0,185,Bhaisipati,27.6515,85.3008
2023-09-07T18:00,22.4,86,19.9,863.5,3.2,180,Bhaisipati,27.6515,85.3008
2023-09-07T19:00,21.4,90,19.8,864.9,4.7,180,Bhaisipati,27.6515,85.3008
2023-09-07T20:00,21.4,91,19.9,865.6,1.6,153,Bhaisipati,27.6515,85.3008
2023-09-07T21:00,20.4,93,19.2,866.5,7.1,150,Bhaisipati,27.6515,85.3008
2023-09-07T22:00,20.6,93,19.4,866.3,4.2,160,Bhaisipati,27.6515,85.3008
2023-09-07T23:00,19.9,96,19.3,865.4,1.8,169,Bhaisipati,27.6515,85.3008
2023-09-08T00:00,19.7,97,19.2,864.3,3.3,174,Bhaisipati,27.6515,85.3008
2023-09-08T01:00,19.4,97,18.9,863.4,2.2,180,Bhaisipati,27.6515,85.3008
2023-09-08T02:00,19.4,95,18.6,862.8,2.2,180,Bhaisipati,27.6515,85.3008
2023-09-08T03:00,19.2,94,18.2,862.3,2.5,180,Bhaisipati,27.6515,85.3008
2023-09-08T04:00,19.0,94,18.0,862.4,2.5,180,Bhaisipati,27.6515,85.3008
2023-09-08T05:00,19.3,93,18.1,863.3,3.8,163,Bhaisipati,27.6515,85.3008
2023-09-08T06:00,20.0,94,19.1,864.0,4.4,171,Bhaisipati,27.6515,85.3008
2023-09-08T07:00,22.4,85,19.8,865.8,3.7,151,Bhaisipati,27.6515,85.3008
2023-09-08T08:00,24.1,77,19.8,866.5,3.0,14,Bhaisipati,27.6515,85.3008
2023-09-08T09:00,25.3,73,20.1,866.9,3.0,346,Bhaisipati,27.6515,85.3008
2023-09-08T10:00,26.3,66,19.4,866.8,5.2,326,Bhaisipati,27.6515,85.3008
2023-09-08T11:00,26.9,64,19.4,866.3,6.9,332,Bhaisipati,27.6515,85.3008
2023-09-08T12:00,24.4,77,20.2,865.3,2.2,81,Bhaisipati,27.6515,85.3008
2023-09-08T13:00,23.5,80,19.9,864.5,2.9,150,Bhaisipati,27.6515,85.3008
2023-09-08T14:00,23.3,82,20.1,863.9,4.2,59,Bhaisipati,27.6515,85.3008
2023-09-08T15:00,23.9,82,20.5,863.9,3.1,144,Bhaisipati,27.6515,85.3008
2023-09-08T16:00,23.3,84,20.4,863.2,1.6,27,Bhaisipati,27.6515,85.3008
2023-09-08T17:00,22.6,84,19.8,863.5,1.1,162,Bhaisipati,27.6515,85.3008
2023-09-08T18:00,21.8,90,20.1,863.7,2.1,149,Bhaisipati,27.6515,85.3008
2023-09-08T19:00,21.6,91,20.0,864.6,2.7,157,Bhaisipati,27.6515,85.3008
2023-09-08T20:00,21.4,90,19.7,865.5,3.8,163,Bhaisipati,27.6515,85.3008
2023-09-08T21:00,21.1,90,19.4,866.0,0.0,270,Bhaisipati,27.6515,85.3008
2023-09-08T22:00,20.8,94,19.8,865.9,1.5,135,Bhaisipati,27.6515,85.3008
2023-09-08T23:00,20.7,96,20.0,865.4,1.6,27,Bhaisipati,27.6515,85.3008
2023-09-09T00:00,20.4,97,19.9,864.5,1.1,90,Bhaisipati,27.6515,85.3008
2023-09-09T01:00,20.3,98,19.9,863.5,1.5,135,Bhaisipati,27.6515,85.3008
2023-09-09T02:00,20.0,98,19.7,862.9,2.1,149,Bhaisipati,27.6515,85.3008
2023-09-09T03:00,19.9,98,19.6,863.1,1.8,169,Bhaisipati,27.6515,85.3008
2023-09-09T04:00,19.8,98,19.5,863.3,1.6,153,Bhaisipati,27.6515,85.3008
2023-09-09T05:00,19.4,96,18.9,863.8,1.1,162,Bhaisipati,27.6515,85.3008
2023-09-09T06:00,20.4,93,19.4,864.8,3.9,158,Bhaisipati,27.6515,85.3008
2023-09-09T07:00,21.2,91,19.6,865.7,3.3,139,Bhaisipati,27.6515,85.3008
2023-09-09T08:00,21.8,86,19.4,866.3,2.0,135,Bhaisipati,27.6515,85.3008
2023-09-09T09:00,23.1,80,19.4,866.8,0.7,90,Bhaisipati,27.6515,85.3008
2023-09-09T10:00,23.9,77,19.6,866.5,3.6,37,Bhaisipati,27.6515,85.3008
2023-09-09T11:00,24.1,77,19.9,865.9,4.3,90,Bhaisipati,27.6515,85.3008
2023-09-09T12:00,22.8,84,19.9,864.7,2.6,146,Bhaisipati,27.6515,85.3008
2023-09-09T13:00,24.4,76,19.8,864.2,1.0,45,Bhaisipati,27.6515,85.3008
2023-09-09T14:00,25.6,73,20.4,863.1,1.9,22,Bhaisipati,27.6515,85.3008
2023-09-09T15:00,25.1,75,20.4,862.7,2.5,45,Bhaisipati,27.6515,85.3008
2023-09-09T16:00,22.4,89,20.6,862.8,1.5,104,Bhaisipati,27.6515,85.3008
2023-09-09T17:00,22.9,88,20.8,863.6,1.1,180,Bhaisipati,27.6515,85.3008
2023-09-09T18:00,21.0,98,20.6,863.9,4.6,141,Bhaisipati,27.6515,85.3008
2023-09-09T19:00,20.8,95,20.1,864.5,5.6,140,Bhaisipati,27.6515,85.3008
2023-09-09T20:00,20.9,93,19.8,865.0,2.9,150,Bhaisipati,27.6515,85.3008
2023-09-09T21:00,20.8,94,19.8,864.9,2.5,135,Bhaisipati,27.6515,85.3008
2023-09-09T22:00,20.7,93,19.6,864.3,3.9,146,Bhaisipati,27.6515,85.3008
2023-09-09T23:00,20.7,92,19.4,864.2,4.4,171,Bhaisipati,27.6515,85.3008
2023-09-10T00:00,20.0,94,19.1,862.9,3.0,166,Bhaisipati,27.6515,85.3008
2023-09-10T01:00,19.7,94,18.8,862.2,3.3,174,Bhaisipati,27.6515,85.3008
2023-09-10T02:00,19.4,96,18.7,861.9,3.4,162,Bhaisipati,27.6515,85.3008
2023-09-10T03:00,19.1,96,18.4,861.7,3.0,166,Bhaisipati,27.6515,85.3008
2023-09-10T04:00,19.2,97,18.6,862.0,3.5,156,Bhaisipati,27.6515,85.3008
2023-09-10T05:00,20.1,94,19.2,862.9,4.8,153,Bhaisipati,27.6515,85.3008
2023-09-10T06:00,20.7,92,19.4,863.5,4.2,149,Bhaisipati,27.6515,85.3008
2023-09-10T07:00,22.2,87,19.9,864.6,2.6,146,Bhaisipati,27.6515,85.3008
2023-09-10T08:00,23.9,77,19.6,865.4,1.1,108,Bhaisipati,27.6515,85.3008
2023-09-10T09:00,24.7,77,20.4,865.9,2.3,18,Bhaisipati,27.6515,85.3008
2023-09-10T10:00,25.8,72,20.3,865.5,2.7,23,Bhaisipati,27.6515,85.3008
2023-09-10T11:00,25.5,76,21.0,864.7,4.2,290,Bhaisipati,27.6515,85.3008
2023-09-10T12:00,23.3,81,19.9,863.6,4.1,195,Bhaisipati,27.6515,85.3008
2023-09-10T13:00,23.3,82,20.1,862.8,2.5,360,Bhaisipati,27.6515,85.3008
2023-09-10T14:00,23.6,82,20.3,862.0,1.6,27,Bhaisipati,27.6515,85.3008
2023-09-10T15:00,24.1,81,20.7,861.4,4.1,15,Bhaisipati,27.6515,85.3008
2023-09-10T16:00,24.0,82,20.8,861.4,1.1,342,Bhaisipati,27.6515,85.3008
2023-09-10T17:00,23.8,83,20.7,862.6,2.3,309,Bhaisipati,27.6515,85.3008
2023-09-10T18:00,22.7,87,20.4,862.7,2.6,344,Bhaisipati,27.6515,85.3008
2023-09-10T19:00,21.1,95,20.2,862.9,1.8,127,Bhaisipati,27.6515,85.3008
2023-09-10T20:00,20.9,95,20.0,863.0,4.1,165,Bhaisipati,27.6515,85.3008
2023-09-10T21:00,20.4,96,19.7,862.9,5.1,172,Bhaisipati,27.6515,85.3008
2023-09-10T22:00,19.9,96,19.3,862.8,4.7,171,Bhaisipati,27.6515,85.3008
2023-09-10T23:00,19.6,96,18.9,862.5,4.0,180,Bhaisipati,27.6515,85.3008
2023-09-11T00:00,19.2,97,18.7,861.9,5.5,169,Bhaisipati,27.6515,85.3008
2023-09-11T01:00,19.2,95,18.4,861.4,5.4,172,Bhaisipati,27.6515,85.3008
2023-09-11T02:00,18.8,96,18.1,861.0,4.7,176,Bhaisipati,27.6515,85.3008
2023-09-11T03:00,18.6,96,17.9,860.6,3.6,174,Bhaisipati,27.6515,85.3008
2023-09-11T04:00,18.4,97,17.8,860.3,2.5,172,Bhaisipati,27.6515,85.3008
2023-09-11T05:00,18.3,99,18.2,860.7,4.0,175,Bhaisipati,27.6515,85.3008
2023-09-11T06:00,19.4,95,18.7,861.3,6.2,173,Bhaisipati,27.6515,85.3008
2023-09-11T07:00,22.9,84,20.1,863.4,2.6,196,Bhaisipati,27.6515,85.3008
2023-09-11T08:00,24.5,75,19.9,864.5,3.6,307,Bhaisipati,27.6515,85.3008
2023-09-11T09:00,25.0,76,20.4,865.1,5.6,315,Bhaisipati,27.6515,85.3008
2023-09-11T10:00,25.4,76,20.8,865.3,5.3,332,Bhaisipati,27.6515,85.3008
2023-09-11T11:00,26.0,77,21.6,864.5,4.0,350,Bhaisipati,27.6515,85.3008
2023-09-11T12:00,25.6,73,20.4,863.3,5.9,313,Bhaisipati,27.6515,85.3008
2023-09-11T13:00,26.1,71,20.4,862.4,5.2,304,Bhaisipati,27.6515,85.3008
2023-09-11T14:00,25.8,74,20.9,861.0,2.6,326,Bhaisipati,27.6515,85.3008
2023-09-11T15:00,25.7,76,21.1,860.3,5.1,321,Bhaisipati,27.6515,85.3008
2023-09-11T16:00,24.8,79,21.0,860.6,5.6,310,Bhaisipati,27.6515,85.3008
2023-09-11T17:00,22.8,86,20.3,861.7,2.8,310,Bhaisipati,27.6515,85.3008
2023-09-11T18:00,21.8,94,20.8,861.8,1.3,124,Bhaisipati,27.6515,85.3008
2023-09-11T19:00,21.4,96,20.8,862.4,2.1,121,Bhaisipati,27.6515,85.3008
2023-09-11T20:00,21.0,97,20.5,862.7,4.2,160,Bhaisipati,27.6515,85.3008
2023-09-11T21:00,20.7,97,20.2,863.0,3.3,174,Bhaisipati,27.6515,85.3008
2023-09-11T22:00,20.2,97,19.7,862.7,2.5,180,Bhaisipati,27.6515,85.3008
2023-09-11T23:00,19.8,98,19.4,862.7,2.9,180,Bhaisipati,27.6515,85.3008
2023-09-12T00:00,19.7,97,19.2,862.2,1.8,180,Bhaisipati,27.6515,85.3008
2023-09-12T01:00,19.9,97,19.4,861.8,1.1,198,Bhaisipati,27.6515,85.3008
2023-09-12T02:00,19.4,98,19.1,861.3,0.7,180,Bhaisipati,27.6515,85.3008
2023-09-12T03:00,19.4,97,18.9,860.8,1.1,180,Bhaisipati,27.6515,85.3008
2023-09-12T04:00,19.0,98,18.6,861.1,1.4,180,Bhaisipati,27.6515,85.3008
2023-09-12T05:00,19.4,98,18.9,862.3,0.5,225,Bhaisipati,27.6515,85.3008
2023-09-12T06:00,20.4,95,19.7,862.9,2.2,180,Bhaisipati,27.6515,85.3008
2023-09-12T07:00,22.2,89,20.3,864.2,1.9,112,Bhaisipati,27.6515,85.3008
2023-09-12T08:00,23.8,81,20.3,864.9,2.6,34,Bhaisipati,27.6515,85.3008
2023-09-12T09:00,24.9,75,20.2,865.3,2.9,330,Bhaisipati,27.6515,85.3008
2023-09-12T10:00,25.6,72,20.1,864.8,3.0,346,Bhaisipati,27.6515,85.3008
2023-09-12T11:00,26.5,68,20.2,864.0,2.4,333,Bhaisipati,27.6515,85.3008
2023-09-12T12:00,26.4,69,20.2,863.5,4.4,279,Bhaisipati,27.6515,85.3008
2023-09-12T13:00,26.2,70,20.2,862.7,5.2,295,Bhaisipati,27.6515,85.3008
2023-09-12T14:00,25.4,73,20.2,862.0,6.3,294,Bhaisipati,27.6515,85.3008
2023-09-12T15:00,25.4,73,20.3,861.4,4.6,321,Bhaisipati,27.6515,85.3008
2023-09-12T16:00,24.9,75,20.2,862.0,4.0,297,Bhaisipati,27.6515,85.3008
2023-09-12T17:00,23.3,83,20.3,862.2,3.0,346,Bhaisipati,27.6515,85.3008
2023-09-12T18:00,22.1,90,20.4,862.6,3.6,354,Bhaisipati,27.6515,85.3008
2023-09-12T19:00,21.1,95,20.2,863.2,1.8,127,Bhaisipati,27.6515,85.3008
2023-09-12T20:00,20.9,96,20.3,864.0,3.3,167,Bhaisipati,27.6515,85.3008
2023-09-12T21:00,20.8,96,20.2,864.1,2.6,164,Bhaisipati,27.6515,85.3008
2023-09-12T22:00,20.7,96,20.1,864.0,2.2,180,Bhaisipati,27.6515,85.3008
2023-09-12T23:00,20.6,96,19.9,863.7,2.2,171,Bhaisipati,27.6515,85.3008
2023-09-13T00:00,20.8,94,19.9,863.4,0.4,180,Bhaisipati,27.6515,85.3008
2023-09-13T01:00,20.4,95,19.5,862.8,0.5,135,Bhaisipati,27.6515,85.3008
2023-09-13T02:00,20.3,95,19.4,862.5,0.4,180,Bhaisipati,27.6515,85.3008
2023-09-13T03:00,20.1,94,19.1,862.2,1.6,207,Bhaisipati,27.6515,85.3008
2023-09-13T04:00,19.3,96,18.7,861.9,1.4,180,Bhaisipati,27.6515,85.3008
2023-09-13T05:00,19.6,99,19.4,862.8,0.7,180,Bhaisipati,27.6515,85.3008
2023-09-13T06:00,20.5,98,20.2,863.3,1.5,256,Bhaisipati,27.6515,85.3008
2023-09-13T07:00,22.2,88,20.1,864.1,1.8,143,Bhaisipati,27.6515,85.3008
2023-09-13T08:00,23.9,80,20.2,865.1,1.9,68,Bhaisipati,27.6515,85.3008
2023-09-13T09:00,25.4,73,20.2,865.8,2.6,34,Bhaisipati,27.6515,85.3008
2023-09-13T10:00,27.1,68,20.6,865.8,4.2,20,Bhaisipati,27.6515,85.3008
2023-09-13T11:00,27.9,65,20.6,865.4,3.4,342,Bhaisipati,27.6515,85.3008
2023-09-13T12:00,27.3,68,20.9,864.5,6.5,326,Bhaisipati,27.6515,85.3008
2023-09-13T13:00,26.0,72,20.4,864.0,3.7,169,Bhaisipati,27.6515,85.3008
2023-09-13T14:00,24.9,76,20.3,863.2,3.0,14,Bhaisipati,27.6515,85.3008
2023-09-13T15:00,24.2,79,20.3,863.0,2.2,351,Bhaisipati,27.6515,85.3008
2023-09-13T16:00,23.4,84,20.4,862.2,3.4,342,Bhaisipati,27.6515,85.3008
2023-09-13T17:00,24.1,84,21.2,862.5,2.6,16,Bhaisipati,27.6515,85.3008
2023-09-13T18:00,22.9,90,21.3,862.4,1.1,162,Bhaisipati,27.6515,85.3008
2023-09-13T19:00,22.1,93,20.9,863.2,2.6,164,Bhaisipati,27.6515,85.3008
2023-09-13T20:00,21.6,94,20.6,864.4,3.7,169,Bhaisipati,27.6515,85.3008
2023-09-13T21:00,21.3,95,20.4,865.2,3.6,174,Bhaisipati,27.6515,85.3008
2023-09-13T22:00,21.1,95,20.3,865.0,4.7,171,Bhaisipati,27.6515,85.3008
2023-09-13T23:00,20.9,95,20.2,865.0,5.9,166,Bhaisipati,27.6515,85.3008
2023-09-14T00:00,20.4,97,19.9,864.4,4.4,171,Bhaisipati,27.6515,85.3008
2023-09-14T01:00,20.0,98,19.7,863.4,5.2,168,Bhaisipati,27.6515,85.3008
2023-09-14T02:00,19.4,99,19.3,862.6,6.2,170,Bhaisipati,27.6515,85.3008
2023-09-14T03:00,19.2,100,19.1,862.5,3.6,174,Bhaisipati,27.6515,85.3008
2023-09-14T04:00,19.2,98,18.8,863.0,1.1,180,Bhaisipati,27.6515,85.3008
2023-09-14T05:00,20.1,97,19.6,864.2,1.1,162,Bhaisipati,27.6515,85.3008
2023-09-14T06:00,20.7,96,20.1,865.0,2.2,180,Bhaisipati,27.6515,85.3008
2023-09-14T07:00,22.6,91,21.1,866.1,1.8,191,Bhaisipati,27.6515,85.3008
2023-09-14T08:00,24.6,80,20.9,866.9,0.4,360,Bhaisipati,27.6515,85.3008
2023-09-14T09:00,26.2,72,20.8,867.4,1.8,323,Bhaisipati,27.6515,85.3008
2023-09-14T10:00,26.3,69,20.2,867.6,5.9,313,Bhaisipati,27.6515,85.3008
2023-09-14T11:00,25.6,75,20.8,866.9,2.2,9,Bhaisipati,27.6515,85.3008
2023-09-14T12:00,26.3,69,20.1,866.7,4.7,302,Bhaisipati,27.6515,85.3008
2023-09-14T13:00,26.4,70,20.4,865.5,5.4,318,Bhaisipati,27.6515,85.3008
2023-09-14T14:00,25.3,78,21.2,864.3,4.7,9,Bhaisipati,27.6515,85.3008
2023-09-14T15:00,25.3,79,21.3,863.2,6.0,343,Bhaisipati,27.6515,85.3008
2023-09-14T16:00,24.7,80,21.0,862.6,4.7,328,Bhaisipati,27.6515,85.3008
2023-09-14T17:00,23.4,85,20.8,863.6,1.3,326,Bhaisipati,27.6515,85.3008
2023-09-14T18:00,22.4,92,21.0,863.9,1.6,153,Bhaisipati,27.6515,85.3008
2023-09-14T19:00,22.0,93,20.8,864.8,2.4,153,Bhaisipati,27.6515,85.3008
2023-09-14T20:00,21.6,94,20.6,865.5,4.0,170,Bhaisipati,27.6515,85.3008
2023-09-14T21:00,21.1,95,20.3,865.5,4.0,175,Bhaisipati,27.6515,85.3008
2023-09-14T22:00,20.8,95,19.9,865.9,7.6,177,Bhaisipati,27.6515,85.3008
2023-09-14T23:00,20.4,95,19.5,865.3,4.0,175,Bhaisipati,27.6515,85.3008
2023-09-15T00:00,19.9,95,19.1,864.5,4.7,180,Bhaisipati,27.6515,85.3008
2023-09-15T01:00,19.5,94,18.6,863.6,1.8,169,Bhaisipati,27.6515,85.3008
2023-09-15T02:00,19.4,92,18.2,863.5,1.1,180,Bhaisipati,27.6515,85.3008
2023-09-15T03:00,19.4,91,17.9,863.2,3.7,169,Bhaisipati,27.6515,85.3008
2023-09-15T04:00,19.4,90,17.6,863.4,4.0,170,Bhaisipati,27.6515,85.3008
2023-09-15T05:00,19.8,94,18.8,863.9,2.5,172,Bhaisipati,27.6515,85.3008
2023-09-15T06:00,20.8,92,19.4,864.7,4.7,171,Bhaisipati,27.6515,85.3008
2023-09-15T07:00,23.6,79,19.6,867.1,2.1,329,Bhaisipati,27.6515,85.3008
2023-09-15T08:00,24.3,77,20.1,868.2,4.3,336,Bhaisipati,27.6515,85.3008
2023-09-15T09:00,25.7,73,20.6,868.7,5.0,330,Bhaisipati,27.6515,85.3008
2023-09-15T10:00,26.7,71,20.9,868.9,4.6,321,Bhaisipati,27.6515,85.3008
2023-09-15T11:00,26.9,69,20.6,868.3,4.7,328,Bhaisipati,27.6515,85.3008
2023-09-15T12:00,25.3,75,20.5,867.6,3.3,41,Bhaisipati,27.6515,85.3008
2023-09-15T13:00,25.7,73,20.5,866.5,4.7,351,Bhaisipati,27.6515,85.3008
2023-09-15T14:00,24.3,81,20.7,865.0,3.4,18,Bhaisipati,27.6515,85.3008
2023-09-15T15:00,24.9,79,21.1,863.8,2.2,9,Bhaisipati,27.6515,85.3008
2023-09-15T16:00,25.2,77,20.8,863.8,2.5,360,Bhaisipati,27.6515,85.3008
2023-09-15T17:00,24.6,83,21.4,864.9,2.6,16,Bhaisipati,27.6515,85.3008
2023-09-15T18:00,22.6,92,21.2,865.2,2.9,173,Bhaisipati,27.6515,85.3008
2023-09-15T19:00,22.0,96,21.3,866.3,2.8,130,Bhaisipati,27.6515,85.3008
2023-09-15T20:00,21.7,96,21.1,866.5,1.3,124,Bhaisipati,27.6515,85.3008
2023-09-15T21:00,21.1,96,20.5,866.2,4.0,170,Bhaisipati,27.6515,85.3008
2023-09-15T22:00,20.7,96,20.0,866.1,4.0,175,Bhaisipati,27.6515,85.3008
2023-09-15T23:00,20.3,96,19.7,865.9,2.9,173,Bhaisipati,27.6515,85.3008
2023-09-16T00:00,19.9,97,19.4,865.7,4.1,165,Bhaisipati,27.6515,85.3008
2023-09-16T01:00,19.8,98,19.4,865.5,3.1,144,Bhaisipati,27.6515,85.3008
2023-09-16T02:00,19.9,97,19.4,865.1,4.7,171,Bhaisipati,27.6515,85.3008
2023-09-16T03:00,19.7,97,19.2,865.1,1.9,158,Bhaisipati,27.6515,85.3008
2023-09-16T04:00,19.2,98,18.9,864.8,2.5,172,Bhaisipati,27.6515,85.3008
2023-09-16T05:00,19.8,94,18.8,864.8,3.7,191,Bhaisipati,27.6515,85.3008
2023-09-16T06:00,20.6,93,19.4,865.7,3.2,180,Bhaisipati,27.6515,85.3008
2023-09-16T07:00,22.1,88,19.9,867.9,3.1,324,Bhaisipati,27.6515,85.3008
2023-09-16T08:00,22.8,85,20.2,868.5,3.7,29,Bhaisipati,27.6515,85.3008
2023-09-16T09:00,24.4,77,20.1,869.0,2.0,45,Bhaisipati,27.6515,85.3008
2023-09-16T10:00,26.0,70,20.2,868.8,2.5,8,Bhaisipati,27.6515,85.3008
2023-09-16T11:00,26.8,71,21.0,868.3,2.5,352,Bhaisipati,27.6515,85.3008
2023-09-16T12:00,27.4,66,20.6,867.3,0.5,45,Bhaisipati,27.6515,85.3008
2023-09-16T13:00,27.0,66,19.9,865.9,1.3,146,Bhaisipati,27.6515,85.3008
2023-09-16T14:00,27.1,66,20.3,865.2,0.4,270,Bhaisipati,27.6515,85.3008
2023-09-16T15:00,24.7,73,19.4,865.0,1.8,233,Bhaisipati,27.6515,85.3008
2023-09-16T16:00,23.8,72,18.5,864.5,2.2,360,Bhaisipati,27.6515,85.3008
2023-09-16T17:00,22.9,81,19.4,865.2,4.2,301,Bhaisipati,27.6515,85.3008
2023-09-16T18:00,21.9,88,19.8,865.4,3.3,139,Bhaisipati,27.6515,85.3008
2023-09-16T19:00,21.3,92,19.9,865.3,4.5,151,Bhaisipati,27.6515,85.3008
2023-09-16T20:00,20.9,93,19.8,865.4,4.4,171,Bhaisipati,27.6515,85.3008
2023-09-16T21:00,20.5,94,19.5,865.0,4.3,175,Bhaisipati,27.6515,85.3008
2023-09-16T22:00,20.2,94,19.2,865.1,2.5,172,Bhaisipati,27.6515,85.3008
2023-09-16T23:00,19.9,94,18.9,865.3,2.2,171,Bhaisipati,27.6515,85.3008
2023-09-17T00:00,19.7,95,18.8,864.8,2.9,180,Bhaisipati,27.6515,85.3008
2023-09-17T01:00,19.4,95,18.6,864.5,4.3,175,Bhaisipati,27.6515,85.3008
2023-09-17T02:00,19.3,94,18.4,864.2,3.6,180,Bhaisipati,27.6515,85.3008
2023-09-17T03:00,19.0,95,18.2,864.5,1.4,180,Bhaisipati,27.6515,85.3008
2023-09-17T04:00,19.1,94,18.2,864.3,2.2,171,Bhaisipati,27.6515,85.3008
2023-09-17T05:00,18.9,97,18.4,864.8,0.4,180,Bhaisipati,27.6515,85.3008
2023-09-17T06:00,19.9,96,19.3,865.1,4.0,170,Bhaisipati,27.6515,85.3008
2023-09-17T07:00,22.5,87,20.2,866.4,3.9,158,Bhaisipati,27.6515,85.3008
2023-09-17T08:00,24.4,78,20.3,866.7,1.1,360,Bhaisipati,27.6515,85.3008
2023-09-17T09:00,25.4,75,20.7,867.0,3.3,354,Bhaisipati,27.6515,85.3008
2023-09-17T10:00,27.0,69,20.8,867.3,4.3,336,Bhaisipati,27.6515,85.3008
2023-09-17T11:00,26.2,73,21.1,866.7,3.6,225,Bhaisipati,27.6515,85.3008
2023-09-17T12:00,24.2,75,19.5,865.8,4.7,86,Bhaisipati,27.6515,85.3008
2023-09-17T13:00,25.0,74,20.1,865.1,4.1,308,Bhaisipati,27.6515,85.3008
2023-09-17T14:00,24.3,79,20.4,864.3,5.5,302,Bhaisipati,27.6515,85.3008
2023-09-17T15:00,24.1,79,20.2,863.7,3.5,24,Bhaisipati,27.6515,85.3008
2023-09-17T16:00,23.6,79,19.8,863.5,1.3,34,Bhaisipati,27.6515,85.3008
2023-09-17T17:00,20.9,89,19.0,864.1,3.0,284,Bhaisipati,27.6515,85.3008
2023-09-17T18:00,21.2,90,19.4,865.0,0.8,27,Bhaisipati,27.6515,85.3008
2023-09-17T19:00,19.9,95,19.1,865.3,3.4,72,Bhaisipati,27.6515,85.3008
2023-09-17T20:00,20.1,94,19.1,864.8,6.1,152,Bhaisipati,27.6515,85.3008
2023-09-17T21:00,20.2,92,18.9,864.2,7.1,165,Bhaisipati,27.6515,85.3008
2023-09-17T22:00,20.2,92,18.9,863.9,6.4,164,Bhaisipati,27.6515,85.3008
2023-09-17T23:00,20.2,92,18.8,863.6,5.1,172,Bhaisipati,27.6515,85.3008
2023-09-18T00:00,19.8,93,18.6,863.3,5.0,180,Bhaisipati,27.6515,85.3008
2023-09-18T01:00,19.4,93,18.3,862.8,4.0,180,Bhaisipati,27.6515,85.3008
2023-09-18T02:00,19.1,93,17.9,862.4,2.5,172,Bhaisipati,27.6515,85.3008
2023-09-18T03:00,18.8,92,17.5,862.2,2.2,171,Bhaisipati,27.6515,85.3008
2023-09-18T04:00,18.8,90,17.2,862.1,2.5,172,Bhaisipati,27.6515,85.3008
2023-09-18T05:00,19.3,87,17.0,862.4,2.5,172,Bhaisipati,27.6515,85.3008
2023-09-18T06:00,20.4,86,17.9,863.3,5.1,172,Bhaisipati,27.6515,85.3008
2023-09-18T07:00,23.4,76,18.9,865.2,1.8,143,Bhaisipati,27.6515,85.3008
2023-09-18T08:00,24.9,68,18.6,866.4,1.9,22,Bhaisipati,27.6515,85.3008
2023-09-18T09:00,25.8,66,18.9,867.1,3.3,41,Bhaisipati,27.6515,85.3008
2023-09-18T10:00,26.8,61,18.6,867.3,2.5,45,Bhaisipati,27.6515,85.3008
2023-09-18T11:00,27.4,60,19.0,866.8,2.4,27,Bhaisipati,27.6515,85.3008
2023-09-18T12:00,28.2,58,19.2,865.8,3.7,11,Bhaisipati,27.6515,85.3008
2023-09-18T13:00,25.9,70,19.9,864.7,4.1,285,Bhaisipati,27.6515,85.3008
2023-09-18T14:00,25.3,72,19.9,863.7,2.4,27,Bhaisipati,27.6515,85.3008
2023-09-18T15:00,25.3,67,18.8,863.4,1.8,307,Bhaisipati,27.6515,85.3008
2023-09-18T16:00,24.6,72,19.2,863.5,2.5,315,Bhaisipati,27.6515,85.3008
2023-09-18T17:00,23.3,83,20.3,864.1,4.1,322,Bhaisipati,27.6515,85.3008
2023-09-18T18:00,22.5,87,20.3,864.7,1.5,166,Bhaisipati,27.6515,85.3008
2023-09-18T19:00,22.2,87,19.9,865.6,1.8,169,Bhaisipati,27.6515,85.3008
2023-09-18T20:00,21.6,89,19.7,866.0,1.4,180,Bhaisipati,27.6515,85.3008
2023-09-18T21:00,20.9,88,18.8,866.5,4.0,175,Bhaisipati,27.6515,85.3008
2023-09-18T22:00,19.9,95,19.2,866.2,4.0,175,Bhaisipati,27.6515,85.3008
2023-09-18T23:00,19.9,93,18.8,866.1,3.6,180,Bhaisipati,27.6515,85.3008
2023-09-19T00:00,20.1,94,19.1,865.7,5.0,159,Bhaisipati,27.6515,85.3008
2023-09-19T01:00,19.4,95,18.5,864.9,5.2,168,Bhaisipati,27.6515,85.3008
2023-09-19T02:00,19.1,95,18.4,864.3,4.8,167,Bhaisipati,27.6515,85.3008
2023-09-19T03:00,18.7,96,18.1,863.9,4.7,171,Bhaisipati,27.6515,85.3008
2023-09-19T04:00,18.3,97,17.8,863.7,3.3,174,Bhaisipati,27.6515,85.3008
2023-09-19T05:00,18.6,93,17.4,864.3,2.2,171,Bhaisipati,27.6515,85.3008
2023-09-19T06:00,19.5,91,18.0,864.8,5.8,176,Bhaisipati,27.6515,85.3008
2023-09-19T07:00,22.9,76,18.6,867.2,1.5,166,Bhaisipati,27.6515,85.3008
2023-09-19T08:00,24.0,73,18.9,867.9,3.2,360,Bhaisipati,27.6515,85.3008
2023-09-19T09:00,25.2,70,19.3,868.3,2.5,8,Bhaisipati,27.6515,85.3008
2023-09-19T10:00,26.4,65,19.3,868.5,2.5,8,Bhaisipati,27.6515,85.3008
2023-09-19T11:00,26.8,67,20.1,868.1,4.6,315,Bhaisipati,27.6515,85.3008
2023-09-19T12:00,27.0,66,20.0,867.0,5.2,326,Bhaisipati,27.6515,85.3008
2023-09-19T13:00,26.9,65,19.6,865.9,1.8,360,Bhaisipati,27.6515,85.3008
2023-09-19T14:00,24.7,74,19.8,865.0,4.5,284,Bhaisipati,27.6515,85.3008
2023-09-19T15:00,22.2,86,19.8,864.5,0.8,117,Bhaisipati,27.6515,85.3008
2023-09-19T16:00,22.7,83,19.7,864.9,1.8,191,Bhaisipati,27.6515,85.3008
2023-09-19T17:00,22.9,81,19.4,865.7,4.5,299,Bhaisipati,27.6515,85.3008
2023-09-19T18:00,21.9,88,19.8,866.1,1.1,180,Bhaisipati,27.6515,85.3008
2023-09-19T19:00,21.4,88,19.4,867.2,0.0,270,Bhaisipati,27.6515,85.3008
2023-09-19T20:00,21.1,88,19.1,867.7,2.9,173,Bhaisipati,27.6515,85.3008
2023-09-19T21:00,20.4,93,19.1,867.5,2.5,180,Bhaisipati,27.6515,85.3008
2023-09-19T22:00,20.0,94,18.9,867.4,2.5,180,Bhaisipati,27.6515,85.3008
2023-09-19T23:00,19.8,94,18.8,867.2,2.2,180,Bhaisipati,27.6515,85.3008
2023-09-20T00:00,19.6,94,18.6,866.9,2.5,172,Bhaisipati,27.6515,85.3008
2023-09-20T01:00,19.4,95,18.5,866.4,1.4,180,Bhaisipati,27.6515,85.3008
2023-09-20T02:00,19.1,95,18.3,866.2,0.7,180,Bhaisipati,27.6515,85.3008
2023-09-20T03:00,19.0,95,18.2,865.6,0.7,180,Bhaisipati,27.6515,85.3008
2023-09-20T04:00,18.9,95,18.2,865.4,0.4,180,Bhaisipati,27.6515,85.3008
2023-09-20T05:00,19.3,95,18.5,866.2,1.5,194,Bhaisipati,27.6515,85.3008
2023-09-20T06:00,19.6,92,18.4,866.5,4.2,149,Bhaisipati,27.6515,85.3008
2023-09-20T07:00,21.1,84,18.3,867.8,0.8,297,Bhaisipati,27.6515,85.3008
2023-09-20T08:00,22.0,82,18.8,868.4,2.4,333,Bhaisipati,27.6515,85.3008
2023-09-20T09:00,23.4,77,19.2,868.4,3.4,328,Bhaisipati,27.6515,85.3008
2023-09-20T10:00,24.7,72,19.4,868.4,6.1,332,Bhaisipati,27.6515,85.3008
2023-09-20T11:00,25.4,69,19.3,867.7,7.0,305,Bhaisipati,27.6515,85.3008
2023-09-20T12:00,25.3,69,19.2,866.8,6.2,291,Bhaisipati,27.6515,85.3008
2023-09-20T13:00,24.9,70,19.1,865.5,2.9,330,Bhaisipati,27.6515,85.3008
2023-09-20T14:00,23.9,73,18.9,864.2,5.7,288,Bhaisipati,27.6515,85.3008
2023-09-20T15:00,23.9,77,19.7,863.9,2.5,8,Bhaisipati,27.6515,85.3008
2023-09-20T16:00,22.4,85,19.8,863.9,4.5,331,Bhaisipati,27.6515,85.3008
2023-09-20T17:00,22.2,85,19.6,864.2,1.5,346,Bhaisipati,27.6515,85.3008
2023-09-20T18:00,21.3,90,19.6,865.2,1.8,101,Bhaisipati,27.6515,85.3008
2023-09-20T19:00,20.4,94,19.4,866.0,1.3,146,Bhaisipati,27.6515,85.3008
2023-09-20T20:00,20.8,95,19.9,867.0,3.9,146,Bhaisipati,27.6515,85.3008
2023-09-20T21:00,20.3,96,19.7,866.5,1.5,166,Bhaisipati,27.6515,85.3008
2023-09-20T22:00,20.0,96,19.4,866.0,2.9,180,Bhaisipati,27.6515,85.3008
2023-09-20T23:00,19.7,97,19.3,865.7,2.9,173,Bhaisipati,27.6515,85.3008
2023-09-21T00:00,19.3,98,18.9,865.2,0.7,180,Bhaisipati,27.6515,85.3008
2023-09-21T01:00,19.1,98,18.8,865.1,0.7,180,Bhaisipati,27.6515,85.3008
2023-09-21T02:00,18.8,98,18.4,864.8,1.8,191,Bhaisipati,27.6515,85.3008
2023-09-21T03:00,18.9,98,18.4,864.3,2.5,172,Bhaisipati,27.6515,85.3008
2023-09-21T04:00,18.7,98,18.4,864.3,3.3,167,Bhaisipati,27.6515,85.3008
2023-09-21T05:00,19.6,98,19.2,864.6,2.9,180,Bhaisipati,27.6515,85.3008
2023-09-21T06:00,20.0,98,19.7,865.7,3.3,167,Bhaisipati,27.6515,85.3008
2023-09-21T07:00,20.9,91,19.4,866.9,0.8,63,Bhaisipati,27.6515,85.3008
2023-09-21T08:00,22.2,84,19.4,867.6,1.0,315,Bhaisipati,27.6515,85.3008
2023-09-21T09:00,24.0,75,19.4,868.1,1.6,333,Bhaisipati,27.6515,85.3008
2023-09-21T10:00,25.6,71,20.0,868.0,6.3,336,Bhaisipati,27.6515,85.3008
2023-09-21T11:00,25.5,74,20.4,867.3,4.6,309,Bhaisipati,27.6515,85.3008
2023-09-21T12:00,22.2,84,19.4,866.1,1.9,248,Bhaisipati,27.6515,85.3008
2023-09-21T13:00,23.8,79,19.9,865.4,1.6,27,Bhaisipati,27.6515,85.3008
2023-09-21T14:00,24.9,71,19.2,864.6,5.4,360,Bhaisipati,27.6515,85.3008
2023-09-21T15:00,23.6,77,19.3,863.8,5.6,50,Bhaisipati,27.6515,85.3008
2023-09-21T16:00,23.6,78,19.4,864.0,1.8,101,Bhaisipati,27.6515,85.3008
2023-09-21T17:00,20.9,87,18.7,865.0,2.3,309,Bhaisipati,27.6515,85.3008
2023-09-21T18:00,20.4,93,19.3,865.7,3.3,103,Bhaisipati,27.6515,85.3008
2023-09-21T19:00,20.5,93,19.4,866.1,4.6,129,Bhaisipati,27.6515,85.3008
2023-09-21T20:00,20.2,95,19.4,866.9,1.8,349,Bhaisipati,27.6515,85.3008
2023-09-21T21:00,20.0,95,19.3,866.9,2.9,173,Bhaisipati,27.6515,85.3008
2023-09-21T22:00,20.1,96,19.4,866.4,2.2,171,Bhaisipati,27.6515,85.3008
2023-09-21T23:00,19.9,98,19.4,866.1,1.0,315,Bhaisipati,27.6515,85.3008
2023-09-22T00:00,19.8,96,19.2,866.2,3.1,234,Bhaisipati,27.6515,85.3008
2023-09-22T01:00,19.6,96,19.0,865.6,1.5,76,Bhaisipati,27.6515,85.3008
2023-09-22T02:00,19.4,98,19.0,865.0,2.5,352,Bhaisipati,27.6515,85.3008
2023-09-22T03:00,19.3,96,18.7,864.9,3.8,163,Bhaisipati,27.6515,85.3008
2023-09-22T04:00,19.4,94,18.4,864.7,3.1,159,Bhaisipati,27.6515,85.3008
2023-09-22T05:00,18.8,97,18.3,864.4,5.1,172,Bhaisipati,27.6515,85.3008
2023-09-22T06:00,19.5,93,18.4,864.8,5.4,176,Bhaisipati,27.6515,85.3008
2023-09-22T07:00,21.4,88,19.4,866.3,2.4,153,Bhaisipati,27.6515,85.3008
2023-09-22T08:00,23.2,79,19.3,867.8,2.0,45,Bhaisipati,27.6515,85.3008
2023-09-22T09:00,24.3,76,19.9,867.9,3.2,360,Bhaisipati,27.6515,85.3008
2023-09-22T10:00,24.3,76,19.8,867.6,7.2,354,Bhaisipati,27.6515,85.3008
2023-09-22T11:00,22.7,80,19.1,867.4,3.6,186,Bhaisipati,27.6515,85.3008
2023-09-22T12:00,22.6,82,19.3,866.0,2.0,315,Bhaisipati,27.6515,85.3008
2023-09-22T13:00,24.6,74,19.8,865.1,2.8,40,Bhaisipati,27.6515,85.3008
2023-09-22T14:00,25.0,71,19.4,864.3,4.6,51,Bhaisipati,27.6515,85.3008
2023-09-22T15:00,21.9,84,19.1,864.0,4.0,180,Bhaisipati,27.6515,85.3008
2023-09-22T16:00,21.1,89,19.2,864.2,2.9,210,Bhaisipati,27.6515,85.3008
2023-09-22T17:00,20.9,91,19.4,864.9,1.8,259,Bhaisipati,27.6515,85.3008
2023-09-22T18:00,20.3,93,19.1,865.7,3.4,122,Bhaisipati,27.6515,85.3008
2023-09-22T19:00,19.9,94,18.9,866.0,2.5,172,Bhaisipati,27.6515,85.3008
2023-09-22T20:00,19.9,93,18.8,866.7,2.9,120,Bhaisipati,27.6515,85.3008
2023-09-22T21:00,20.0,94,19.1,866.5,1.8,127,Bhaisipati,27.6515,85.3008
2023-09-22T22:00,19.3,96,18.6,866.0,1.6,153,Bhaisipati,27.6515,85.3008
2023-09-22T23:00,18.6,96,17.9,865.0,2.2,171,Bhaisipati,27.6515,85.3008
2023-09-23T00:00,18.6,95,17.8,864.3,3.7,169,Bhaisipati,27.6515,85.3008
2023-09-23T01:00,18.3,95,17.5,863.8,1.8,191,Bhaisipati,27.6515,85.3008
2023-09-23T02:00,17.9,96,17.2,863.5,2.2,171,Bhaisipati,27.6515,85.3008
2023-09-23T03:00,18.0,95,17.3,863.3,2.5,180,Bhaisipati,27.6515,85.3008
2023-09-23T04:00,17.7,96,17.1,863.2,4.3,175,Bhaisipati,27.6515,85.3008
2023-09-23T05:00,18.6,97,18.1,863.9,4.0,170,Bhaisipati,27.6515,85.3008
2023-09-23T06:00,19.2,96,18.4,864.6,4.4,171,Bhaisipati,27.6515,85.3008
2023-09-23T07:00,21.2,86,18.8,866.4,1.9,158,Bhaisipati,27.6515,85.3008
2023-09-23T08:00,22.3,81,18.9,867.3,1.9,338,Bhaisipati,27.6515,85.3008
2023-09-23T09:00,22.9,77,18.7,867.5,2.3,309,Bhaisipati,27.6515,85.3008
2023-09-23T10:00,22.9,78,18.9,867.5,4.7,337,Bhaisipati,27.6515,85.3008
2023-09-23T11:00,23.5,72,18.2,867.1,4.7,360,Bhaisipati,27.6515,85.3008
2023-09-23T12:00,23.6,78,19.6,866.0,4.5,14,Bhaisipati,27.6515,85.3008
2023-09-23T13:00,24.0,78,19.9,865.2,4.3,318,Bhaisipati,27.6515,85.3008
2023-09-23T14:00,23.8,76,19.3,864.1,6.9,332,Bhaisipati,27.6515,85.3008
2023-09-23T15:00,22.9,77,18.6,863.8,2.3,321,Bhaisipati,27.6515,85.3008
2023-09-23T16:00,22.0,84,19.3,863.8,2.9,30,Bhaisipati,27.6515,85.3008
2023-09-23T17:00,21.6,87,19.4,864.6,2.3,18,Bhaisipati,27.6515,85.3008
2023-09-23T18:00,20.7,92,19.4,864.7,2.8,130,Bhaisipati,27.6515,85.3008
2023-09-23T19:00,20.2,95,19.4,865.2,3.1,144,Bhaisipati,27.6515,85.3008
2023-09-23T20:00,19.8,96,19.1,865.7,2.1,149,Bhaisipati,27.6515,85.3008
2023-09-23T21:00,19.6,95,18.8,866.0,1.8,180,Bhaisipati,27.6515,85.3008
2023-09-23T22:00,19.2,96,18.5,865.6,2.2,180,Bhaisipati,27.6515,85.3008
2023-09-23T23:00,18.9,96,18.3,865.0,1.1,162,Bhaisipati,27.6515,85.3008
2023-09-24T00:00,19.1,95,18.4,864.7,1.0,135,Bhaisipati,27.6515,85.3008
2023-09-24T01:00,19.4,95,18.7,864.3,0.8,117,Bhaisipati,27.6515,85.3008
2023-09-24T02:00,18.9,97,18.3,863.5,1.3,124,Bhaisipati,27.6515,85.3008
2023-09-24T03:00,18.6,97,18.1,863.3,1.8,169,Bhaisipati,27.6515,85.3008
2023-09-24T04:00,18.7,97,18.1,863.4,2.3,162,Bhaisipati,27.6515,85.3008
2023-09-24T05:00,18.4,97,17.8,863.9,1.5,166,Bhaisipati,27.6515,85.3008
2023-09-24T06:00,19.1,94,18.1,864.1,2.9,173,Bhaisipati,27.6515,85.3008
2023-09-24T07:00,20.4,88,18.3,865.5,3.1,159,Bhaisipati,27.6515,85.3008
2023-09-24T08:00,22.2,80,18.5,866.6,0.4,360,Bhaisipati,27.6515,85.3008
2023-09-24T09:00,23.3,73,18.1,867.1,5.0,339,Bhaisipati,27.6515,85.3008
2023-09-24T10:00,23.3,78,19.3,867.2,5.8,7,Bhaisipati,27.6515,85.3008
2023-09-24T11:00,22.6,82,19.4,866.0,4.3,355,Bhaisipati,27.6515,85.3008
2023-09-24T12:00,23.1,82,19.8,865.1,4.9,287,Bhaisipati,27.6515,85.3008
2023-09-24T13:00,23.9,76,19.4,864.1,3.6,354,Bhaisipati,27.6515,85.3008
2023-09-24T14:00,24.7,72,19.3,863.0,5.8,338,Bhaisipati,27.6515,85.3008
2023-09-24T15:00,24.2,73,19.0,862.6,6.3,336,Bhaisipati,27.6515,85.3008
2023-09-24T16:00,23.7,77,19.4,862.9,4.5,346,Bhaisipati,27.6515,85.3008
2023-09-24T17:00,19.9,93,18.6,863.4,1.3,34,Bhaisipati,27.6515,85.3008
2023-09-24T18:00,19.3,95,18.5,863.6,4.0,153,Bhaisipati,27.6515,85.3008
2023-09-24T19:00,19.9,93,18.7,864.6,3.4,162,Bhaisipati,27.6515,85.3008
2023-09-24T20:00,20.0,93,18.9,865.6,1.9,158,Bhaisipati,27.6515,85.3008
2023-09-24T21:00,19.6,95,18.7,865.4,2.6,164,Bhaisipati,27.6515,85.3008
2023-09-24T22:00,19.2,97,18.7,865.6,2.4,27,Bhaisipati,27.6515,85.3008
2023-09-24T23:00,19.4,95,18.6,865.2,3.3,167,Bhaisipati,27.6515,85.3008
2023-09-25T00:00,18.8,97,18.3,864.2,2.0,135,Bhaisipati,27.6515,85.3008
2023-09-25T01:00,18.3,97,17.9,863.4,3.0,166,Bhaisipati,27.6515,85.3008
2023-09-25T02:00,17.9,98,17.6,863.4,2.3,162,Bhaisipati,27.6515,85.3008
2023-09-25T03:00,17.9,98,17.5,863.3,1.8,180,Bhaisipati,27.6515,85.3008
2023-09-25T04:00,17.9,97,17.4,863.9,1.8,169,Bhaisipati,27.6515,85.3008
2023-09-25T05:00,18.5,97,17.9,864.4,2.5,188,Bhaisipati,27.6515,85.3008
2023-09-25T06:00,19.1,94,18.1,865.2,3.7,169,Bhaisipati,27.6515,85.3008
2023-09-25T07:00,20.6,87,18.4,866.8,1.6,153,Bhaisipati,27.6515,85.3008
2023-09-25T08:00,22.0,80,18.4,867.3,2.7,67,Bhaisipati,27.6515,85.3008
2023-09-25T09:00,23.2,76,18.7,867.5,2.8,50,Bhaisipati,27.6515,85.3008
2023-09-25T10:00,25.2,70,19.3,868.0,2.9,30,Bhaisipati,27.6515,85.3008
2023-09-25T11:00,24.4,71,18.7,867.0,1.6,243,Bhaisipati,27.6515,85.3008
2023-09-25T12:00,21.8,81,18.3,866.5,4.0,175,Bhaisipati,27.6515,85.3008
2023-09-25T13:00,23.3,76,18.8,865.7,2.7,337,Bhaisipati,27.6515,85.3008
2023-09-25T14:00,22.8,83,19.7,865.1,5.6,345,Bhaisipati,27.6515,85.3008
2023-09-25T15:00,22.8,83,19.7,864.9,3.6,360,Bhaisipati,27.6515,85.3008
2023-09-25T16:00,21.8,87,19.6,864.5,5.9,11,Bhaisipati,27.6515,85.3008
2023-09-25T17:00,20.3,91,18.8,864.1,0.8,243,Bhaisipati,27.6515,85.3008
2023-09-25T18:00,19.4,95,18.6,864.2,3.8,163,Bhaisipati,27.6515,85.3008
2023-09-25T19:00,18.7,97,18.1,865.1,2.7,157,Bhaisipati,27.6515,85.3008
2023-09-25T20:00,18.4,96,17.9,865.5,2.9,173,Bhaisipati,27.6515,85.3008
2023-09-25T21:00,18.3,96,17.7,866.0,2.9,173,Bhaisipati,27.6515,85.3008
2023-09-25T22:00,18.1,96,17.5,865.9,2.2,171,Bhaisipati,27.6515,85.3008
2023-09-25T23:00,18.0,97,17.5,866.0,1.1,162,Bhaisipati,27.6515,85.3008
2023-09-26T00:00,17.9,98,17.6,865.9,0.7,180,Bhaisipati,27.6515,85.3008
2023-09-26T01:00,17.9,99,17.8,865.5,3.0,166,Bhaisipati,27.6515,85.3008
2023-09-26T02:00,17.6,99,17.4,864.8,5.2,168,Bhaisipati,27.6515,85.3008
2023-09-26T03:00,17.1,100,17.0,864.5,4.4,171,Bhaisipati,27.6515,85.3008
2023-09-26T04:00,16.9,100,16.9,864.7,4.3,175,Bhaisipati,27.6515,85.3008
2023-09-26T05:00,17.1,97,16.7,864.9,5.0,180,Bhaisipati,27.6515,85.3008
2023-09-26T06:00,17.4,99,17.2,865.5,5.4,180,Bhaisipati,27.6515,85.3008
2023-09-26T07:00,20.1,94,19.1,867.6,1.5,194,Bhaisipati,27.6515,85.3008
2023-09-26T08:00,22.2,80,18.6,868.7,2.6,56,Bhaisipati,27.6515,85.3008
2023-09-26T09:00,23.4,76,18.9,868.7,4.0,10,Bhaisipati,27.6515,85.3008
2023-09-26T10:00,24.4,75,19.8,868.5,3.4,342,Bhaisipati,27.6515,85.3008
2023-09-26T11:00,25.4,73,20.3,868.2,4.8,312,Bhaisipati,27.6515,85.3008
2023-09-26T12:00,25.3,73,20.0,867.1,3.9,338,Bhaisipati,27.6515,85.3008
2023-09-26T13:00,23.7,75,18.9,866.1,5.4,307,Bhaisipati,27.6515,85.3008
2023-09-26T14:00,23.6,78,19.5,865.0,5.2,326,Bhaisipati,27.6515,85.3008
2023-09-26T15:00,23.9,77,19.6,864.5,4.8,333,Bhaisipati,27.6515,85.3008
2023-09-26T16:00,23.8,76,19.4,864.6,4.7,351,Bhaisipati,27.6515,85.3008
2023-09-26T17:00,22.0,88,20.0,865.2,3.7,331,Bhaisipati,27.6515,85.3008
2023-09-26T18:00,21.9,85,19.4,865.8,0.7,90,Bhaisipati,27.6515,85.3008
2023-09-26T19:00,20.9,85,18.4,866.5,0.5,135,Bhaisipati,27.6515,85.3008
2023-09-26T20:00,19.9,92,18.6,867.2,1.8,101,Bhaisipati,27.6515,85.3008
2023-09-26T21:00,19.7,95,18.8,867.0,2.6,146,Bhaisipati,27.6515,85.3008
2023-09-26T22:00,19.5,95,18.7,867.0,4.0,180,Bhaisipati,27.6515,85.3008
2023-09-26T23:00,18.9,96,18.3,866.9,2.3,162,Bhaisipati,27.6515,85.3008
2023-09-27T00:00,18.7,98,18.3,866.3,3.2,180,Bhaisipati,27.6515,85.3008
2023-09-27T01:00,18.4,99,18.2,865.5,4.0,170,Bhaisipati,27.6515,85.3008
2023-09-27T02:00,18.2,98,17.9,865.2,6.5,177,Bhaisipati,27.6515,85.3008
2023-09-27T03:00,17.8,98,17.5,864.7,4.3,175,Bhaisipati,27.6515,85.3008
2023-09-27T04:00,17.6,98,17.2,864.8,4.0,175,Bhaisipati,27.6515,85.3008
2023-09-27T05:00,17.2,99,16.9,865.1,2.9,173,Bhaisipati,27.6515,85.3008
2023-09-27T06:00,18.1,95,17.3,866.1,4.7,176,Bhaisipati,27.6515,85.3008
2023-09-27T07:00,21.3,83,18.2,867.8,4.0,170,Bhaisipati,27.6515,85.3008
2023-09-27T08:00,23.2,76,18.6,868.3,1.5,194,Bhaisipati,27.6515,85.3008
2023-09-27T09:00,24.6,70,18.8,868.3,2.6,326,Bhaisipati,27.6515,85.3008
2023-09-27T10:00,25.7,68,19.4,868.2,4.3,318,Bhaisipati,27.6515,85.3008
2023-09-27T11:00,26.0,70,20.2,867.6,5.6,315,Bhaisipati,27.6515,85.3008
2023-09-27T12:00,25.1,73,19.9,866.7,3.1,324,Bhaisipati,27.6515,85.3008
2023-09-27T13:00,25.2,70,19.4,865.8,2.5,8,Bhaisipati,27.6515,85.3008
2023-09-27T14:00,24.3,73,19.0,865.0,5.3,332,Bhaisipati,27.6515,85.3008
2023-09-27T15:00,24.2,73,19.0,864.3,4.9,324,Bhaisipati,27.6515,85.3008
2023-09-27T16:00,24.1,73,18.9,864.1,4.8,318,Bhaisipati,27.6515,85.3008
2023-09-27T17:00,22.2,87,19.8,864.5,3.3,347,Bhaisipati,27.6515,85.3008
2023-09-27T18:00,20.8,91,19.3,864.5,2.1,121,Bhaisipati,27.6515,85.3008
2023-09-27T19:00,20.3,93,19.1,864.9,1.5,166,Bhaisipati,27.6515,85.3008
2023-09-27T20:00,20.1,94,19.1,865.6,2.9,173,Bhaisipati,27.6515,85.3008
2023-09-27T21:00,19.7,94,18.8,865.7,1.5,166,Bhaisipati,27.6515,85.3008
2023-09-27T22:00,19.4,94,18.5,865.3,3.7,169,Bhaisipati,27.6515,85.3008
2023-09-27T23:00,18.8,97,18.3,864.7,5.4,172,Bhaisipati,27.6515,85.3008
2023-09-28T00:00,18.2,98,17.9,864.3,4.4,171,Bhaisipati,27.6515,85.3008
2023-09-28T01:00,17.7,99,17.6,864.2,4.7,171,Bhaisipati,27.6515,85.3008
2023-09-28T02:00,17.3,100,17.2,863.8,4.7,171,Bhaisipati,27.6515,85.3008
2023-09-28T03:00,17.1,100,17.0,863.6,6.2,170,Bhaisipati,27.6515,85.3008
2023-09-28T04:00,16.8,100,16.8,863.6,6.9,171,Bhaisipati,27.6515,85.3008
2023-09-28T05:00,17.5,100,17.5,865.0,3.6,180,Bhaisipati,27.6515,85.3008
2023-09-28T06:00,18.4,98,18.2,866.1,5.1,176,Bhaisipati,27.6515,85.3008
2023-09-28T07:00,22.0,85,19.4,868.4,2.6,146,Bhaisipati,27.6515,85.3008
2023-09-28T08:00,23.7,77,19.4,868.8,1.1,72,Bhaisipati,27.6515,85.3008
2023-09-28T09:00,24.9,72,19.6,868.9,2.3,342,Bhaisipati,27.6515,85.3008
2023-09-28T10:00,26.0,70,20.1,869.0,5.0,330,Bhaisipati,27.6515,85.3008
2023-09-28T11:00,26.6,71,20.8,868.5,6.3,336,Bhaisipati,27.6515,85.3008
2023-09-28T12:00,25.3,69,19.2,867.2,7.4,346,Bhaisipati,27.6515,85.3008
2023-09-28T13:00,24.3,74,19.3,866.0,6.4,196,Bhaisipati,27.6515,85.3008
2023-09-28T14:00,25.6,69,19.4,865.2,1.5,225,Bhaisipati,27.6515,85.3008
2023-09-28T15:00,25.3,68,18.9,864.8,1.5,315,Bhaisipati,27.6515,85.3008
2023-09-28T16:00,25.0,69,18.9,864.4,2.1,329,Bhaisipati,27.6515,85.3008
2023-09-28T17:00,21.5,82,18.3,863.9,6.9,208,Bhaisipati,27.6515,85.3008
2023-09-28T18:00,20.9,85,18.3,864.6,4.0,175,Bhaisipati,27.6515,85.3008
2023-09-28T19:00,20.8,87,18.4,865.7,0.4,180,Bhaisipati,27.6515,85.3008
2023-09-28T20:00,20.8,86,18.3,865.7,1.9,158,Bhaisipati,27.6515,85.3008
2023-09-28T21:00,20.4,86,18.1,865.7,3.6,174,Bhaisipati,27.6515,85.3008
2023-09-28T22:00,20.1,88,18.0,865.8,3.0,166,Bhaisipati,27.6515,85.3008
2023-09-28T23:00,19.6,90,17.9,865.7,4.1,165,Bhaisipati,27.6515,85.3008
2023-09-29T00:00,18.9,93,17.7,864.9,4.7,171,Bhaisipati,27.6515,85.3008
2023-09-29T01:00,18.6,94,17.5,864.3,4.7,171,Bhaisipati,27.6515,85.3008
2023-09-29T02:00,18.2,94,17.1,863.7,4.7,171,Bhaisipati,27.6515,85.3008
2023-09-29T03:00,17.9,93,16.7,863.4,4.4,171,Bhaisipati,27.6515,85.3008
2023-09-29T04:00,17.7,92,16.4,863.7,4.8,167,Bhaisipati,27.6515,85.3008
2023-09-29T05:00,17.9,94,17.0,864.5,5.2,164,Bhaisipati,27.6515,85.3008
2023-09-29T06:00,18.9,92,17.4,865.2,7.7,169,Bhaisipati,27.6515,85.3008
2023-09-29T07:00,22.4,82,19.2,867.6,4.1,165,Bhaisipati,27.6515,85.3008
2023-09-29T08:00,24.6,71,19.0,868.7,2.5,135,Bhaisipati,27.6515,85.3008
2023-09-29T09:00,26.0,66,19.3,869.6,2.2,99,Bhaisipati,27.6515,85.3008
2023-09-29T10:00,27.0,65,19.8,869.6,2.1,31,Bhaisipati,27.6515,85.3008
2023-09-29T11:00,27.4,63,19.8,869.1,3.1,339,Bhaisipati,27.6515,85.3008
2023-09-29T12:00,23.8,76,19.3,867.9,8.8,282,Bhaisipati,27.6515,85.3008
2023-09-29T13:00,22.6,78,18.6,866.8,5.1,141,Bhaisipati,27.6515,85.3008
2023-09-29T14:00,24.5,72,19.1,866.1,5.4,360,Bhaisipati,27.6515,85.3008
2023-09-29T15:00,24.3,72,19.0,865.2,1.5,346,Bhaisipati,27.6515,85.3008
2023-09-29T16:00,24.4,70,18.6,864.7,1.6,27,Bhaisipati,27.6515,85.3008
2023-09-29T17:00,22.6,86,20.0,864.7,3.6,180,Bhaisipati,27.6515,85.3008
2023-09-29T18:00,21.8,83,18.7,864.8,1.9,158,Bhaisipati,27.6515,85.3008
2023-09-29T19:00,21.3,83,18.2,865.7,1.8,169,Bhaisipati,27.6515,85.3008
2023-09-29T20:00,20.3,86,17.8,865.9,4.9,163,Bhaisipati,27.6515,85.3008
2023-09-29T21:00,19.4,89,17.5,866.0,4.5,166,Bhaisipati,27.6515,85.3008
2023-09-29T22:00,18.9,90,17.3,866.0,4.0,170,Bhaisipati,27.6515,85.3008
2023-09-29T23:00,18.8,90,17.1,865.6,4.1,165,Bhaisipati,27.6515,85.3008
2023-09-30T00:00,18.7,89,16.8,864.9,3.7,169,Bhaisipati,27.6515,85.3008
2023-09-30T01:00,18.6,88,16.5,864.0,4.8,167,Bhaisipati,27.6515,85.3008
2023-09-30T02:00,18.2,89,16.3,863.2,3.7,169,Bhaisipati,27.6515,85.3008
2023-09-30T03:00,18.1,89,16.2,862.6,2.5,172,Bhaisipati,27.6515,85.3008
2023-09-30T04:00,17.9,89,16.1,862.8,3.7,169,Bhaisipati,27.6515,85.3008
2023-09-30T05:00,18.9,88,16.9,864.3,4.3,156,Bhaisipati,27.6515,85.3008
2023-09-30T06:00,19.7,87,17.4,865.5,3.0,166,Bhaisipati,27.6515,85.3008
2023-09-30T07:00,22.9,78,18.9,867.7,1.8,180,Bhaisipati,27.6515,85.3008
2023-09-30T08:00,24.7,71,19.1,868.6,1.8,143,Bhaisipati,27.6515,85.3008
2023-09-30T09:00,26.2,63,18.7,868.9,1.9,338,Bhaisipati,27.6515,85.3008
2023-09-30T10:00,27.1,60,18.7,869.0,3.4,342,Bhaisipati,27.6515,85.3008
2023-09-30T11:00,27.5,58,18.4,868.6,4.9,343,Bhaisipati,27.6515,85.3008
2023-09-30T12:00,25.5,66,18.6,867.2,8.1,283,Bhaisipati,27.6515,85.3008
2023-09-30T13:00,25.4,65,18.4,866.4,4.3,156,Bhaisipati,27.6515,85.3008
2023-09-30T14:00,26.0,60,17.7,865.7,1.8,270,Bhaisipati,27.6515,85.3008
2023-09-30T15:00,24.7,67,18.2,864.9,3.7,209,Bhaisipati,27.6515,85.3008
2023-09-30T16:00,24.5,69,18.4,864.9,3.1,201,Bhaisipati,27.6515,85.3008
2023-09-30T17:00,22.8,78,18.9,865.5,2.2,261,Bhaisipati,27.6515,85.3008
2023-09-30T18:00,21.9,80,18.3,865.5,3.3,186,Bhaisipati,27.6515,85.3008
2023-09-30T19:00,20.9,85,18.2,865.6,4.3,175,Bhaisipati,27.6515,85.3008
2023-09-30T20:00,20.4,87,18.1,865.8,2.9,173,Bhaisipati,27.6515,85.3008
2023-09-30T21:00,20.1,87,17.8,866.0,2.6,164,Bhaisipati,27.6515,85.3008
2023-09-30T22:00,19.8,87,17.6,866.1,2.9,173,Bhaisipati,27.6515,85.3008
2023-09-30T23:00,19.7,87,17.4,865.5,2.5,172,Bhaisipati,27.6515,85.3008
2023-10-01T00:00,19.3,88,17.3,864.7,4.0,170,Bhaisipati,27.6515,85.3008
2023-10-01T01:00,18.7,90,17.0,863.7,3.7,169,Bhaisipati,27.6515,85.3008
2023-10-01T02:00,18.6,89,16.7,863.2,3.3,174,Bhaisipati,27.6515,85.3008
2023-10-01T03:00,18.4,88,16.4,862.7,2.5,172,Bhaisipati,27.6515,85.3008
2023-10-01T04:00,18.4,86,16.1,863.3,3.3,167,Bhaisipati,27.6515,85.3008
2023-10-01T05:00,19.9,84,17.1,864.5,3.2,180,Bhaisipati,27.6515,85.3008
2023-10-01T06:00,20.8,81,17.4,865.3,2.5,172,Bhaisipati,27.6515,85.3008
2023-10-01T07:00,21.6,79,17.9,866.0,2.5,180,Bhaisipati,27.6515,85.3008
2023-10-01T08:00,23.2,73,18.1,866.4,1.1,342,Bhaisipati,27.6515,85.3008
2023-10-01T09:00,23.8,70,18.1,866.8,1.5,346,Bhaisipati,27.6515,85.3008
2023-10-01T10:00,24.7,68,18.5,867.0,2.5,352,Bhaisipati,27.6515,85.3008
2023-10-01T11:00,25.4,68,19.1,866.7,3.7,349,Bhaisipati,27.6515,85.3008
2023-10-01T12:00,25.6,69,19.5,865.7,4.2,329,Bhaisipati,27.6515,85.3008
2023-10-01T13:00,25.1,73,20.0,864.0,6.1,332,Bhaisipati,27.6515,85.3008
2023-10-01T14:00,26.1,67,19.6,863.3,5.6,315,Bhaisipati,27.6515,85.3008
2023-10-01T15:00,26.0,63,18.3,863.1,4.2,301,Bhaisipati,27.6515,85.3008
2023-10-01T16:00,24.6,71,19.1,862.8,2.9,277,Bhaisipati,27.6515,85.3008
2023-10-01T17:00,22.6,83,19.7,864.1,2.9,240,Bhaisipati,27.6515,85.3008
2023-10-01T18:00,21.7,86,19.2,864.3,1.8,169,Bhaisipati,27.6515,85.3008
2023-10-01T19:00,21.3,88,19.2,865.1,2.2,171,Bhaisipati,27.6515,85.3008
2023-10-01T20:00,20.7,90,19.1,865.5,3.0,166,Bhaisipati,27.6515,85.3008
2023-10-01T21:00,20.2,93,19.1,865.6,5.5,169,Bhaisipati,27.6515,85.3008
2023-10-01T22:00,19.4,97,18.9,865.2,5.9,166,Bhaisipati,27.6515,85.3008
2023-10-01T23:00,19.6,96,18.9,865.1,4.4,171,Bhaisipati,27.6515,85.3008
2023-10-02T00:00,19.6,96,18.9,864.9,4.0,175,Bhaisipati,27.6515,85.3008
2023-10-02T01:00,19.5,95,18.8,864.1,3.7,169,Bhaisipati,27.6515,85.3008
2023-10-02T02:00,19.6,93,18.4,863.4,3.3,167,Bhaisipati,27.6515,85.3008
2023-10-02T03:00,18.9,94,17.9,862.8,3.3,167,Bhaisipati,27.6515,85.3008
2023-10-02T04:00,19.3,92,17.9,863.2,1.5,166,Bhaisipati,27.6515,85.3008
2023-10-02T05:00,19.8,90,18.2,864.1,2.9,187,Bhaisipati,27.6515,85.3008
2023-10-02T06:00,20.4,89,18.4,865.2,2.4,153,Bhaisipati,27.6515,85.3008
2023-10-02T07:00,20.5,93,19.3,866.5,1.6,153,Bhaisipati,27.6515,85.3008
2023-10-02T08:00,20.7,92,19.3,867.1,1.3,236,Bhaisipati,27.6515,85.3008
2023-10-02T09:00,21.3,84,18.5,867.6,1.6,153,Bhaisipati,27.6515,85.3008
2023-10-02T10:00,21.5,83,18.6,867.7,1.1,360,Bhaisipati,27.6515,85.3008
2023-10-02T11:00,21.9,83,18.9,867.2,1.4,360,Bhaisipati,27.6515,85.3008
2023-10-02T12:00,21.8,86,19.4,865.7,4.0,333,Bhaisipati,27.6515,85.3008
2023-10-02T13:00,23.1,75,18.4,864.5,2.8,320,Bhaisipati,27.6515,85.3008
2023-10-02T14:00,24.6,66,17.9,864.1,4.0,360,Bhaisipati,27.6515,85.3008
2023-10-02T15:00,24.2,69,18.0,864.1,3.3,347,Bhaisipati,27.6515,85.3008
2023-10-02T16:00,23.2,74,18.4,864.3,2.8,320,Bhaisipati,27.6515,85.3008
2023-10-02T17:00,21.4,83,18.4,864.9,3.3,41,Bhaisipati,27.6515,85.3008
2023-10-02T18:00,20.9,84,18.2,865.3,2.3,162,Bhaisipati,27.6515,85.3008
2023-10-02T19:00,20.4,87,18.2,866.0,1.5,166,Bhaisipati,27.6515,85.3008
2023-10-02T20:00,19.9,90,18.2,866.0,2.9,173,Bhaisipati,27.6515,85.3008
2023-10-02T21:00,19.8,92,18.4,866.0,3.3,167,Bhaisipati,27.6515,85.3008
2023-10-02T22:00,19.1,94,18.1,865.4,2.5,172,Bhaisipati,27.6515,85.3008
2023-10-02T23:00,19.0,92,17.7,865.2,2.2,171,Bhaisipati,27.6515,85.3008
2023-10-03T00:00,19.1,90,17.4,864.9,3.3,174,Bhaisipati,27.6515,85.3008
2023-10-03T01:00,19.1,90,17.4,864.5,3.7,169,Bhaisipati,27.6515,85.3008
2023-10-03T02:00,19.4,87,17.1,864.4,1.8,169,Bhaisipati,27.6515,85.3008
2023-10-03T03:00,19.7,82,16.6,864.3,1.1,162,Bhaisipati,27.6515,85.3008
2023-10-03T04:00,19.6,81,16.3,864.4,1.8,169,Bhaisipati,27.6515,85.3008
2023-10-03T05:00,18.4,91,16.8,864.2,2.9,173,Bhaisipati,27.6515,85.3008
2023-10-03T06:00,19.3,91,17.8,865.6,4.7,171,Bhaisipati,27.6515,85.3008
2023-10-03T07:00,21.4,86,18.9,867.1,1.1,162,Bhaisipati,27.6515,85.3008
2023-10-03T08:00,22.8,72,17.4,868.2,1.8,349,Bhaisipati,27.6515,85.3008
2023-10-03T09:00,23.3,72,17.9,868.7,4.7,356,Bhaisipati,27.6515,85.3008
2023-10-03T10:00,24.1,70,18.3,868.5,5.2,344,Bhaisipati,27.6515,85.3008
2023-10-03T11:00,24.4,69,18.4,867.5,5.7,325,Bhaisipati,27.6515,85.3008
2023-10-03T12:00,24.7,70,18.8,866.0,6.9,317,Bhaisipati,27.6515,85.3008
2023-10-03T13:00,24.4,71,18.8,864.8,5.2,304,Bhaisipati,27.6515,85.3008
2023-10-03T14:00,23.7,75,18.9,864.3,6.3,347,Bhaisipati,27.6515,85.3008
2023-10-03T15:00,22.9,80,19.2,864.1,4.3,5,Bhaisipati,27.6515,85.3008
2023-10-03T16:00,21.9,84,19.1,864.5,3.3,49,Bhaisipati,27.6515,85.3008
2023-10-03T17:00,20.9,87,18.8,865.0,2.0,45,Bhaisipati,27.6515,85.3008
2023-10-03T18:00,20.4,88,18.4,865.2,4.4,125,Bhaisipati,27.6515,85.3008
2023-10-03T19:00,20.2,88,18.2,865.9,6.1,152,Bhaisipati,27.6515,85.3008
2023-10-03T20:00,19.9,93,18.8,866.4,4.5,151,Bhaisipati,27.6515,85.3008
2023-10-03T21:00,19.6,95,18.8,866.7,4.0,175,Bhaisipati,27.6515,85.3008
2023-10-03T22:00,19.7,95,18.9,866.4,3.0,166,Bhaisipati,27.6515,85.3008
2023-10-03T23:00,19.4,96,18.8,866.2,2.5,172,Bhaisipati,27.6515,85.3008
2023-10-04T00:00,19.4,96,18.8,865.9,2.2,90,Bhaisipati,27.6515,85.3008
2023-10-04T01:00,19.2,95,18.4,865.4,0.5,45,Bhaisipati,27.6515,85.3008
2023-10-04T02:00,19.0,96,18.3,864.8,1.1,72,Bhaisipati,27.6515,85.3008
2023-10-04T03:00,18.9,96,18.3,864.1,1.9,158,Bhaisipati,27.6515,85.3008
2023-10-04T04:00,18.9,97,18.4,864.2,0.8,63,Bhaisipati,27.6515,85.3008
2023-10-04T05:00,19.2,97,18.6,864.9,3.3,167,Bhaisipati,27.6515,85.3008
2023-10-04T06:00,19.4,95,18.6,865.6,3.1,144,Bhaisipati,27.6515,85.3008
2023-10-04T07:00,20.1,93,18.8,866.5,2.7,157,Bhaisipati,27.6515,85.3008
2023-10-04T08:00,20.4,91,18.8,867.3,1.3,56,Bhaisipati,27.6515,85.3008
2023-10-04T09:00,20.1,94,19.1,867.6,2.5,315,Bhaisipati,27.6515,85.3008
2023-10-04T10:00,20.1,95,19.2,867.4,1.9,338,Bhaisipati,27.6515,85.3008
2023-10-04T11:00,20.6,91,19.1,867.2,3.1,339,Bhaisipati,27.6515,85.3008
2023-10-04T12:00,20.4,89,18.6,866.1,3.8,343,Bhaisipati,27.6515,85.3008
2023-10-04T13:00,20.8,87,18.6,865.2,2.6,344,Bhaisipati,27.6515,85.3008
2023-10-04T14:00,21.2,85,18.7,864.5,0.7,360,Bhaisipati,27.6515,85.3008
2023-10-04T15:00,20.7,90,19.1,864.1,2.3,39,Bhaisipati,27.6515,85.3008
2023-10-04T16:00,20.5,92,19.1,864.2,2.0,45,Bhaisipati,27.6515,85.3008
2023-10-04T17:00,19.6,96,18.9,864.7,2.6,286,Bhaisipati,27.6515,85.3008
2023-10-04T18:00,19.5,97,19.1,865.4,2.1,59,Bhaisipati,27.6515,85.3008
2023-10-04T19:00,19.4,98,19.1,866.2,2.9,90,Bhaisipati,27.6515,85.3008
2023-10-04T20:00,19.3,98,19.0,866.8,2.5,82,Bhaisipati,27.6515,85.3008
2023-10-04T21:00,19.3,98,18.9,867.1,0.4,90,Bhaisipati,27.6515,85.3008
2023-10-04T22:00,18.8,99,18.6,866.7,3.1,315,Bhaisipati,27.6515,85.3008
2023-10-04T23:00,18.6,98,18.3,866.3,3.5,294,Bhaisipati,27.6515,85.3008
2023-10-05T00:00,18.4,98,18.1,865.6,2.2,180,Bhaisipati,27.6515,85.3008
2023-10-05T01:00,18.3,98,17.9,864.7,1.5,194,Bhaisipati,27.6515,85.3008
2023-10-05T02:00,18.4,96,17.8,864.4,1.6,207,Bhaisipati,27.6515,85.3008
2023-10-05T03:00,18.1,97,17.5,863.6,3.0,194,Bhaisipati,27.6515,85.3008
2023-10-05T04:00,18.2,96,17.4,863.4,2.2,189,Bhaisipati,27.6515,85.3008
2023-10-05T05:00,18.1,97,17.6,863.8,1.1,180,Bhaisipati,27.6515,85.3008
2023-10-05T06:00,18.6,95,17.8,864.6,3.6,186,Bhaisipati,27.6515,85.3008
2023-10-05T07:00,20.3,86,17.9,865.9,3.1,225,Bhaisipati,27.6515,85.3008
2023-10-05T08:00,21.4,79,17.7,866.7,4.3,312,Bhaisipati,27.6515,85.3008
2023-10-05T09:00,22.7,76,18.3,867.2,4.4,325,Bhaisipati,27.6515,85.3008
2023-10-05T10:00,24.0,72,18.8,867.2,7.9,321,Bhaisipati,27.6515,85.3008
2023-10-05T11:00,24.3,72,19.0,866.7,10.4,316,Bhaisipati,27.6515,85.3008
2023-10-05T12:00,24.3,71,18.8,865.8,9.9,316,Bhaisipati,27.6515,85.3008
2023-10-05T13:00,24.4,73,19.1,864.6,8.4,317,Bhaisipati,27.6515,85.3008
2023-10-05T14:00,24.4,72,19.1,864.0,8.3,326,Bhaisipati,27.6515,85.3008
2023-10-05T15:00,24.0,75,19.2,863.3,8.5,324,Bhaisipati,27.6515,85.3008
2023-10-05T16:00,23.1,79,19.3,863.1,8.2,331,Bhaisipati,27.6515,85.3008
2023-10-05T17:00,21.8,85,19.1,864.0,5.5,337,Bhaisipati,27.6515,85.3008
2023-10-05T18:00,20.9,91,19.3,864.1,3.6,354,Bhaisipati,27.6515,85.3008
2023-10-05T19:00,20.9,89,18.9,865.0,2.3,129,Bhaisipati,27.6515,85.3008
2023-10-05T20:00,20.2,93,18.9,865.1,2.1,149,Bhaisipati,27.6515,85.3008
2023-10-05T21:00,20.0,93,18.8,865.6,3.0,256,Bhaisipati,27.6515,85.3008
2023-10-05T22:00,19.6,96,18.9,865.3,2.3,309,Bhaisipati,27.6515,85.3008
2023-10-05T23:00,18.9,99,18.7,864.8,3.4,302,Bhaisipati,27.6515,85.3008
2023-10-06T00:00,18.9,100,18.9,864.5,2.7,67,Bhaisipati,27.6515,85.3008
2023-10-06T01:00,18.8,100,18.8,863.9,3.2,333,Bhaisipati,27.6515,85.3008
2023-10-06T02:00,18.5,100,18.4,863.7,2.4,243,Bhaisipati,27.6515,85.3008
2023-10-06T03:00,18.3,100,18.3,863.1,2.6,214,Bhaisipati,27.6515,85.3008
2023-10-06T04:00,18.2,99,18.1,863.0,3.2,207,Bhaisipati,27.6515,85.3008
2023-10-06T05:00,18.9,100,18.8,864.0,1.1,342,Bhaisipati,27.6515,85.3008
2023-10-06T06:00,18.9,98,18.6,864.5,1.6,117,Bhaisipati,27.6515,85.3008
2023-10-06T07:00,20.4,90,18.6,865.8,0.0,270,Bhaisipati,27.6515,85.3008
2023-10-06T08:00,21.8,82,18.5,866.6,4.3,336,Bhaisipati,27.6515,85.3008
2023-10-06T09:00,22.6,78,18.6,867.2,6.8,342,Bhaisipati,27.6515,85.3008
2023-10-06T10:00,23.1,78,19.2,867.0,8.1,328,Bhaisipati,27.6515,85.3008
2023-10-06T11:00,23.3,83,20.3,866.6,7.1,319,Bhaisipati,27.6515,85.3008
2023-10-06T12:00,23.6,85,20.9,865.8,6.3,329,Bhaisipati,27.6515,85.3008
2023-10-06T13:00,23.2,85,20.5,864.8,4.8,347,Bhaisipati,27.6515,85.3008
2023-10-06T14:00,23.6,82,20.4,864.2,3.5,336,Bhaisipati,27.6515,85.3008
2023-10-06T15:00,21.7,83,18.8,863.9,3.6,315,Bhaisipati,27.6515,85.3008
2023-10-06T16:00,21.7,85,19.1,864.1,3.7,11,Bhaisipati,27.6515,85.3008
2023-10-06T17:00,20.3,94,19.3,865.0,4.6,321,Bhaisipati,27.6515,85.3008
2023-10-06T18:00,20.1,94,19.0,864.8,2.6,146,Bhaisipati,27.6515,85.3008
2023-10-06T19:00,19.7,95,18.9,865.1,3.6,174,Bhaisipati,27.6515,85.3008
2023-10-06T20:00,19.4,96,18.7,865.3,2.2,171,Bhaisipati,27.6515,85.3008
2023-10-06T21:00,19.1,96,18.4,865.3,2.9,173,Bhaisipati,27.6515,85.3008
2023-10-06T22:00,18.7,96,18.1,865.0,2.9,173,Bhaisipati,27.6515,85.3008
2023-10-06T23:00,17.9,98,17.7,864.6,2.9,180,Bhaisipati,27.6515,85.3008
2023-10-07T00:00,17.4,100,17.4,863.9,4.3,175,Bhaisipati,27.6515,85.3008
2023-10-07T01:00,17.6,100,17.5,863.9,3.6,174,Bhaisipati,27.6515,85.3008
2023-10-07T02:00,17.4,100,17.4,863.7,3.2,180,Bhaisipati,27.6515,85.3008
2023-10-07T03:00,17.4,100,17.4,863.9,2.5,172,Bhaisipati,27.6515,85.3008
2023-10-07T04:00,17.1,100,17.1,863.7,1.5,166,Bhaisipati,27.6515,85.3008
2023-10-07T05:00,17.4,100,17.4,864.6,4.0,190,Bhaisipati,27.6515,85.3008
2023-10-07T06:00,18.2,99,18.1,865.2,4.7,171,Bhaisipati,27.6515,85.3008
2023-10-07T07:00,20.4,91,18.8,867.0,1.4,360,Bhaisipati,27.6515,85.3008
2023-10-07T08:00,21.6,83,18.6,867.8,3.2,333,Bhaisipati,27.6515,85.3008
2023-10-07T09:00,23.1,76,18.6,868.2,4.7,328,Bhaisipati,27.6515,85.3008
2023-10-07T10:00,23.4,79,19.7,868.1,4.6,309,Bhaisipati,27.6515,85.3008
2023-10-07T11:00,23.4,77,19.2,867.7,6.9,313,Bhaisipati,27.6515,85.3008
2023-10-07T12:00,24.2,74,19.3,866.8,6.6,319,Bhaisipati,27.6515,85.3008
2023-10-07T13:00,23.6,75,19.0,865.9,5.6,320,Bhaisipati,27.6515,85.3008
2023-10-07T14:00,22.9,79,19.1,865.4,6.4,344,Bhaisipati,27.6515,85.3008
2023-10-07T15:00,22.8,80,19.2,865.3,6.4,344,Bhaisipati,27.6515,85.3008
2023-10-07T16:00,21.9,83,19.0,865.3,6.6,319,Bhaisipati,27.6515,85.3008
2023-10-07T17:00,20.4,92,19.1,865.8,3.0,346,Bhaisipati,27.6515,85.3008
2023-10-07T18:00,19.9,94,18.9,866.0,1.3,146,Bhaisipati,27.6515,85.3008
2023-10-07T19:00,19.5,94,18.6,866.5,2.2,171,Bhaisipati,27.6515,85.3008
2023-10-07T20:00,19.2,94,18.2,866.6,2.2,171,Bhaisipati,27.6515,85.3008
2023-10-07T21:00,18.7,95,17.9,866.4,1.4,180,Bhaisipati,27.6515,85.3008
2023-10-07T22:00,18.2,96,17.6,866.3,1.8,169,Bhaisipati,27.6515,85.3008
2023-10-07T23:00,17.4,99,17.2,865.7,2.5,172,Bhaisipati,27.6515,85.3008
2023-10-08T00:00,16.8,99,16.7,865.2,4.7,176,Bhaisipati,27.6515,85.3008
2023-10-08T01:00,16.5,100,16.4,864.4,5.1,176,Bhaisipati,27.6515,85.3008
2023-10-08T02:00,16.3,100,16.2,864.0,4.3,175,Bhaisipati,27.6515,85.3008
2023-10-08T03:00,16.3,100,16.3,864.3,4.7,180,Bhaisipati,27.6515,85.3008
2023-10-08T04:00,16.1,99,15.9,864.5,2.5,180,Bhaisipati,27.6515,85.3008
2023-10-08T05:00,16.7,100,16.7,864.8,2.2,180,Bhaisipati,27.6515,85.3008
2023-10-08T06:00,17.5,98,17.2,865.8,4.7,176,Bhaisipati,27.6515,85.3008
2023-10-08T07:00,20.2,90,18.6,867.4,0.8,153,Bhaisipati,27.6515,85.3008
2023-10-08T08:00,21.8,82,18.5,868.0,3.1,315,Bhaisipati,27.6515,85.3008
2023-10-08T09:00,22.9,75,18.3,868.3,4.8,318,Bhaisipati,27.6515,85.3008
2023-10-08T10:00,23.8,71,18.2,868.1,6.6,311,Bhaisipati,27.6515,85.3008
2023-10-08T11:00,23.6,71,18.0,867.7,7.6,301,Bhaisipati,27.6515,85.3008
2023-10-08T12:00,23.7,77,19.5,867.0,5.6,310,Bhaisipati,27.6515,85.3008
2023-10-08T13:00,23.5,77,19.3,866.5,6.2,324,Bhaisipati,27.6515,85.3008
2023-10-08T14:00,21.2,84,18.4,865.6,3.0,346,Bhaisipati,27.6515,85.3008
2023-10-08T15:00,22.3,81,18.9,865.6,1.0,135,Bhaisipati,27.6515,85.3008
2023-10-08T16:00,21.3,85,18.6,865.6,4.1,315,Bhaisipati,27.6515,85.3008
2023-10-08T17:00,20.2,95,19.3,865.6,3.7,349,Bhaisipati,27.6515,85.3008
2023-10-08T18:00,19.8,95,18.9,865.7,1.1,162,Bhaisipati,27.6515,85.3008
2023-10-08T19:00,19.2,97,18.7,866.2,3.6,174,Bhaisipati,27.6515,85.3008
2023-10-08T20:00,18.8,97,18.4,866.5,2.9,173,Bhaisipati,27.6515,85.3008
2023-10-08T21:00,18.6,96,17.9,866.5,1.1,180,Bhaisipati,27.6515,85.3008
2023-10-08T22:00,18.2,97,17.7,866.5,2.2,171,Bhaisipati,27.6515,85.3008
2023-10-08T23:00,17.4,98,17.2,866.0,3.3,174,Bhaisipati,27.6515,85.3008
2023-10-09T00:00,16.9,99,16.7,865.1,4.0,175,Bhaisipati,27.6515,85.3008
2023-10-09T01:00,16.2,100,16.2,864.4,4.0,175,Bhaisipati,27.6515,85.3008
2023-10-09T02:00,15.8,100,15.8,864.0,4.0,175,Bhaisipati,27.6515,85.3008
2023-10-09T03:00,16.0,100,16.0,864.1,4.3,175,Bhaisipati,27.6515,85.3008
2023-10-09T04:00,16.5,96,15.9,864.6,4.4,171,Bhaisipati,27.6515,85.3008
2023-10-09T05:00,15.5,100,15.5,864.5,4.3,180,Bhaisipati,27.6515,85.3008
2023-10-09T06:00,15.8,100,15.8,865.1,4.4,171,Bhaisipati,27.6515,85.3008
2023-10-09T07:00,19.5,96,18.8,867.7,2.2,180,Bhaisipati,27.6515,85.3008
2023-10-09T08:00,21.6,82,18.4,869.1,1.3,34,Bhaisipati,27.6515,85.3008
2023-10-09T09:00,22.9,78,18.8,869.5,2.9,360,Bhaisipati,27.6515,85.3008
2023-10-09T10:00,23.8,74,18.9,869.3,3.4,342,Bhaisipati,27.6515,85.3008
2023-10-09T11:00,24.7,69,18.7,868.6,3.7,331,Bhaisipati,27.6515,85.3008
2023-10-09T12:00,24.3,70,18.4,867.7,5.1,321,Bhaisipati,27.6515,85.3008
2023-10-09T13:00,24.9,66,18.0,867.1,4.6,321,Bhaisipati,27.6515,85.3008
2023-10-09T14:00,24.1,69,17.9,866.5,4.0,333,Bhaisipati,27.6515,85.3008
2023-10-09T15:00,23.2,73,18.2,866.2,4.3,336,Bhaisipati,27.6515,85.3008
2023-10-09T16:00,21.9,82,18.7,866.2,5.2,344,Bhaisipati,27.6515,85.3008
2023-10-09T17:00,20.8,90,19.0,866.6,3.2,360,Bhaisipati,27.6515,85.3008
2023-10-09T18:00,20.4,92,19.0,866.8,1.1,72,Bhaisipati,27.6515,85.3008
2023-10-09T19:00,19.4,95,18.6,866.9,1.6,153,Bhaisipati,27.6515,85.3008
2023-10-09T20:00,19.1,96,18.4,866.9,1.5,166,Bhaisipati,27.6515,85.3008
2023-10-09T21:00,18.6,96,18.0,866.9,1.5,166,Bhaisipati,27.6515,85.3008
2023-10-09T22:00,18.6,96,17.9,866.8,1.4,180,Bhaisipati,27.6515,85.3008
2023-10-09T23:00,18.3,96,17.6,866.5,3.0,166,Bhaisipati,27.6515,85.3008
2023-10-10T00:00,17.8,97,17.3,865.9,4.4,171,Bhaisipati,27.6515,85.3008
2023-10-10T01:00,17.3,99,17.1,865.3,5.5,169,Bhaisipati,27.6515,85.3008
2023-10-10T02:00,16.7,100,16.7,865.1,6.5,174,Bhaisipati,27.6515,85.3008
2023-10-10T03:00,16.1,100,16.1,864.8,6.6,167,Bhaisipati,27.6515,85.3008
2023-10-10T04:00,16.1,100,16.1,865.0,7.3,169,Bhaisipati,27.6515,85.3008
2023-10-10T05:00,16.6,99,16.5,866.7,4.9,197,Bhaisipati,27.6515,85.3008
2023-10-10T06:00,17.3,99,17.1,867.3,6.2,159,Bhaisipati,27.6515,85.3008
2023-10-10T07:00,19.4,95,18.6,869.4,3.5,204,Bhaisipati,27.6515,85.3008
2023-10-10T08:00,21.4,84,18.6,870.7,1.0,45,Bhaisipati,27.6515,85.3008
2023-10-10T09:00,22.6,80,18.9,871.0,1.1,342,Bhaisipati,27.6515,85.3008
2023-10-10T10:00,23.3,78,19.3,870.5,1.8,323,Bhaisipati,27.6515,85.3008
2023-10-10T11:00,24.4,76,19.8,869.9,4.8,347,Bhaisipati,27.6515,85.3008
2023-10-10T12:00,22.7,83,19.6,868.9,6.2,306,Bhaisipati,27.6515,85.3008
2023-10-10T13:00,23.1,78,19.1,868.1,5.4,318,Bhaisipati,27.6515,85.3008
2023-10-10T14:00,22.4,77,18.2,867.2,6.5,326,Bhaisipati,27.6515,85.3008
2023-10-10T15:00,21.9,83,18.9,867.0,3.2,333,Bhaisipati,27.6515,85.3008
2023-10-10T16:00,21.2,87,19.0,866.9,2.6,344,Bhaisipati,27.6515,85.3008
2023-10-10T17:00,20.3,89,18.4,867.2,2.9,263,Bhaisipati,27.6515,85.3008
2023-10-10T18:00,19.6,90,17.9,866.7,4.3,185,Bhaisipati,27.6515,85.3008
2023-10-10T19:00,18.8,93,17.6,866.7,3.2,180,Bhaisipati,27.6515,85.3008
2023-10-10T20:00,18.0,95,17.2,866.9,3.3,174,Bhaisipati,27.6515,85.3008
2023-10-10T21:00,17.3,96,16.6,866.8,3.6,174,Bhaisipati,27.6515,85.3008
2023-10-10T22:00,16.8,97,16.3,866.5,4.3,175,Bhaisipati,27.6515,85.3008
2023-10-10T23:00,15.8,100,15.8,865.9,5.1,172,Bhaisipati,27.6515,85.3008
2023-10-11T00:00,15.4,100,15.4,865.4,5.8,176,Bhaisipati,27.6515,85.3008
2023-10-11T01:00,15.7,99,15.6,865.4,4.0,170,Bhaisipati,27.6515,85.3008
2023-10-11T02:00,15.3,99,15.2,865.1,4.4,171,Bhaisipati,27.6515,85.3008
2023-10-11T03:00,15.3,98,15.0,864.8,5.8,173,Bhaisipati,27.6515,85.3008
2023-10-11T04:00,15.1,98,14.8,864.8,5.8,173,Bhaisipati,27.6515,85.3008
2023-10-11T05:00,16.5,97,16.1,866.3,3.6,174,Bhaisipati,27.6515,85.3008
2023-10-11T06:00,16.8,97,16.3,866.7,2.9,173,Bhaisipati,27.6515,85.3008
2023-10-11T07:00,19.3,89,17.4,868.7,1.8,180,Bhaisipati,27.6515,85.3008
2023-10-11T08:00,21.0,82,17.8,869.8,1.1,342,Bhaisipati,27.6515,85.3008
2023-10-11T09:00,22.2,78,18.1,870.0,3.1,315,Bhaisipati,27.6515,85.3008
2023-10-11T10:00,22.9,77,18.6,869.7,4.6,315,Bhaisipati,27.6515,85.3008
2023-10-11T11:00,23.4,75,18.8,869.2,4.7,328,Bhaisipati,27.6515,85.3008
2023-10-11T12:00,22.7,78,18.6,868.1,2.3,342,Bhaisipati,27.6515,85.3008
2023-10-11T13:00,21.6,82,18.4,867.2,4.7,337,Bhaisipati,27.6515,85.3008
2023-10-11T14:00,22.0,80,18.4,866.6,4.6,315,Bhaisipati,27.6515,85.3008
2023-10-11T15:00,21.4,82,18.1,866.5,5.4,340,Bhaisipati,27.6515,85.3008
2023-10-11T16:00,20.6,86,18.1,866.6,4.2,329,Bhaisipati,27.6515,85.3008
2023-10-11T17:00,19.4,88,17.4,867.0,3.4,328,Bhaisipati,27.6515,85.3008
2023-10-11T18:00,18.4,93,17.3,867.1,2.7,203,Bhaisipati,27.6515,85.3008
2023-10-11T19:00,18.9,89,16.9,868.1,0.4,180,Bhaisipati,27.6515,85.3008
2023-10-11T20:00,17.4,94,16.5,868.1,1.4,180,Bhaisipati,27.6515,85.3008
2023-10-11T21:00,17.4,94,16.5,868.2,2.9,173,Bhaisipati,27.6515,85.3008
2023-10-11T22:00,16.6,97,16.0,867.5,2.9,180,Bhaisipati,27.6515,85.3008
2023-10-11T23:00,15.8,97,15.4,867.0,3.6,180,Bhaisipati,27.6515,85.3008
2023-10-12T00:00,15.2,100,15.1,866.3,4.0,175,Bhaisipati,27.6515,85.3008
2023-10-12T01:00,15.0,100,14.9,865.9,5.1,172,Bhaisipati,27.6515,85.3008
2023-10-12T02:00,15.1,99,15.0,866.0,5.8,176,Bhaisipati,27.6515,85.3008
2023-10-12T03:00,14.8,100,14.8,866.0,5.8,173,Bhaisipati,27.6515,85.3008
2023-10-12T04:00,14.6,100,14.6,866.1,5.5,169,Bhaisipati,27.6515,85.3008
2023-10-12T05:00,15.9,98,15.5,867.4,6.2,173,Bhaisipati,27.6515,85.3008
2023-10-12T06:00,16.0,98,15.7,868.1,4.7,176,Bhaisipati,27.6515,85.3008
2023-10-12T07:00,18.5,94,17.6,870.0,1.8,169,Bhaisipati,27.6515,85.3008
2023-10-12T08:00,20.6,78,16.7,871.1,3.4,32,Bhaisipati,27.6515,85.3008
2023-10-12T09:00,21.7,76,17.3,871.4,4.1,15,Bhaisipati,27.6515,85.3008
2023-10-12T10:00,22.9,72,17.7,871.4,3.8,17,Bhaisipati,27.6515,85.3008
2023-10-12T11:00,23.4,70,17.7,870.8,3.6,6,Bhaisipati,27.6515,85.3008
2023-10-12T12:00,23.4,68,17.2,869.8,5.4,318,Bhaisipati,27.6515,85.3008
2023-10-12T13:00,22.2,71,16.8,868.9,6.4,317,Bhaisipati,27.6515,85.3008
2023-10-12T14:00,21.7,75,17.2,868.6,5.5,32,Bhaisipati,27.6515,85.3008
2023-10-12T15:00,21.1,74,16.3,868.7,2.5,315,Bhaisipati,27.6515,85.3008
2023-10-12T16:00,20.5,76,16.1,868.6,0.8,117,Bhaisipati,27.6515,85.3008
2023-10-12T17:00,18.5,90,16.8,869.0,1.3,304,Bhaisipati,27.6515,85.3008
2023-10-12T18:00,17.9,94,16.9,869.1,2.5,172,Bhaisipati,27.6515,85.3008
2023-10-12T19:00,17.5,95,16.8,869.2,2.9,173,Bhaisipati,27.6515,85.3008
2023-10-12T20:00,16.9,96,16.3,869.2,1.8,169,Bhaisipati,27.6515,85.3008
2023-10-12T21:00,16.9,95,16.1,869.2,1.8,169,Bhaisipati,27.6515,85.3008
2023-10-12T22:00,16.3,97,15.8,868.5,2.9,173,Bhaisipati,27.6515,85.3008
2023-10-12T23:00,15.6,99,15.4,867.8,4.4,171,Bhaisipati,27.6515,85.3008
2023-10-13T00:00,15.1,99,15.0,867.4,4.8,167,Bhaisipati,27.6515,85.3008
2023-10-13T01:00,14.7,100,14.7,867.1,5.1,172,Bhaisipati,27.6515,85.3008
2023-10-13T02:00,14.5,100,14.5,866.8,4.4,171,Bhaisipati,27.6515,85.3008
2023-10-13T03:00,14.1,100,14.1,866.5,5.1,172,Bhaisipati,27.6515,85.3008
2023-10-13T04:00,13.9,100,13.9,866.8,5.8,173,Bhaisipati,27.6515,85.3008
2023-10-13T05:00,14.5,100,14.5,867.9,6.6,171,Bhaisipati,27.6515,85.3008
2023-10-13T06:00,14.8,100,14.7,868.6,5.1,176,Bhaisipati,27.6515,85.3008
2023-10-13T07:00,18.1,98,17.7,870.9,3.7,169,Bhaisipati,27.6515,85.3008
2023-10-13T08:00,20.8,80,17.1,872.4,0.8,27,Bhaisipati,27.6515,85.3008
2023-10-13T09:00,22.1,73,17.0,872.9,3.2,333,Bhaisipati,27.6515,85.3008
2023-10-13T10:00,22.7,73,17.7,872.8,4.5,331,Bhaisipati,27.6515,85.3008
2023-10-13T11:00,23.3,71,17.8,872.0,5.0,339,Bhaisipati,27.6515,85.3008
2023-10-13T12:00,23.8,69,17.8,871.0,4.3,312,Bhaisipati,27.6515,85.3008
2023-10-13T13:00,22.8,72,17.4,869.8,5.6,297,Bhaisipati,27.6515,85.3008
2023-10-13T14:00,22.1,74,17.1,869.2,2.9,300,Bhaisipati,27.6515,85.3008
2023-10-13T15:00,21.8,74,16.9,869.0,4.0,333,Bhaisipati,27.6515,85.3008
2023-10-13T16:00,21.1,75,16.6,868.8,5.0,339,Bhaisipati,27.6515,85.3008
2023-10-13T17:00,19.4,89,17.6,869.1,4.0,350,Bhaisipati,27.6515,85.3008
2023-10-13T18:00,18.3,92,16.9,868.9,0.8,153,Bhaisipati,27.6515,85.3008
2023-10-13T19:00,17.6,93,16.5,868.9,1.8,180,Bhaisipati,27.6515,85.3008
2023-10-13T20:00,17.1,94,16.1,869.0,1.4,180,Bhaisipati,27.6515,85.3008
2023-10-13T21:00,16.6,94,15.6,868.8,2.5,188,Bhaisipati,27.6515,85.3008
2023-10-13T22:00,15.8,96,15.1,868.4,2.9,180,Bhaisipati,27.6515,85.3008
2023-10-13T23:00,14.8,97,14.4,867.8,3.6,174,Bhaisipati,27.6515,85.3008
2023-10-14T00:00,14.1,99,14.0,866.9,4.7,176,Bhaisipati,27.6515,85.3008
2023-10-14T01:00,13.8,99,13.7,866.2,4.7,171,Bhaisipati,27.6515,85.3008
2023-10-14T02:00,13.6,98,13.4,865.8,4.4,171,Bhaisipati,27.6515,85.3008
2023-10-14T03:00,13.5,98,13.3,865.8,4.7,171,Bhaisipati,27.6515,85.3008
2023-10-14T04:00,13.8,97,13.4,866.4,4.3,175,Bhaisipati,27.6515,85.3008
2023-10-14T05:00,13.7,100,13.7,867.0,4.3,175,Bhaisipati,27.6515,85.3008
2023-10-14T06:00,14.3,99,14.2,867.9,4.3,175,Bhaisipati,27.6515,85.3008
2023-10-14T07:00,18.2,93,17.0,870.3,3.3,167,Bhaisipati,27.6515,85.3008
2023-10-14T08:00,20.6,77,16.4,871.6,0.4,360,Bhaisipati,27.6515,85.3008
2023-10-14T09:00,21.9,67,15.6,872.0,3.3,319,Bhaisipati,27.6515,85.3008
2023-10-14T10:00,22.4,65,15.5,872.0,5.1,309,Bhaisipati,27.6515,85.3008
2023-10-14T11:00,21.9,71,16.5,871.1,6.6,299,Bhaisipati,27.6515,85.3008
2023-10-14T12:00,21.9,73,16.9,870.0,6.0,303,Bhaisipati,27.6515,85.3008
2023-10-14T13:00,21.5,77,17.2,869.0,6.6,299,Bhaisipati,27.6515,85.3008
2023-10-14T14:00,21.6,76,17.1,868.3,5.4,307,Bhaisipati,27.6515,85.3008
2023-10-14T15:00,20.1,81,16.8,867.9,4.7,351,Bhaisipati,27.6515,85.3008
2023-10-14T16:00,19.4,85,16.9,867.7,2.2,360,Bhaisipati,27.6515,85.3008
2023-10-14T17:00,18.1,92,16.9,867.7,6.0,335,Bhaisipati,27.6515,85.3008
2023-10-14T18:00,18.1,92,16.8,867.9,1.1,198,Bhaisipati,27.6515,85.3008
2023-10-14T19:00,17.6,92,16.3,868.3,1.8,191,Bhaisipati,27.6515,85.3008
2023-10-14T20:00,16.9,94,16.1,868.2,0.7,180,Bhaisipati,27.6515,85.3008
2023-10-14T21:00,16.5,95,15.8,868.1,1.1,162,Bhaisipati,27.6515,85.3008
2023-10-14T22:00,16.3,95,15.5,867.6,2.2,180,Bhaisipati,27.6515,85.3008
2023-10-14T23:00,15.4,98,15.0,866.6,4.0,170,Bhaisipati,27.6515,85.3008
2023-10-15T00:00,14.7,98,14.5,865.8,5.1,176,Bhaisipati,27.6515,85.3008
2023-10-15T01:00,14.5,99,14.4,864.9,6.2,173,Bhaisipati,27.6515,85.3008
2023-10-15T02:00,14.4,100,14.4,864.5,6.5,174,Bhaisipati,27.6515,85.3008
2023-10-15T03:00,14.6,97,14.2,864.2,6.5,174,Bhaisipati,27.6515,85.3008
2023-10-15T04:00,13.9,98,13.6,863.9,6.9,171,Bhaisipati,27.6515,85.3008
2023-10-15T05:00,14.9,99,14.7,866.0,5.8,176,Bhaisipati,27.6515,85.3008
2023-10-15T06:00,15.2,99,15.1,866.5,6.6,171,Bhaisipati,27.6515,85.3008
2023-10-15T07:00,17.1,96,16.4,868.3,3.8,163,Bhaisipati,27.6515,85.3008
2023-10-15T08:00,19.6,80,16.0,869.5,1.1,108,Bhaisipati,27.6515,85.3008
2023-10-15T09:00,20.7,77,16.6,869.9,1.3,34,Bhaisipati,27.6515,85.3008
2023-10-15T10:00,21.4,76,17.1,869.9,3.1,324,Bhaisipati,27.6515,85.3008
2023-10-15T11:00,21.7,74,16.9,869.2,5.1,315,Bhaisipati,27.6515,85.3008
2023-10-15T12:00,19.6,77,15.4,868.4,4.4,305,Bhaisipati,27.6515,85.3008
2023-10-15T13:00,20.7,74,16.0,867.4,2.1,329,Bhaisipati,27.6515,85.3008
2023-10-15T14:00,21.2,70,15.4,866.6,5.1,315,Bhaisipati,27.6515,85.3008
2023-10-15T15:00,20.8,74,16.0,866.1,3.8,319,Bhaisipati,27.6515,85.3008
2023-10-15T16:00,20.2,78,16.3,866.3,2.9,330,Bhaisipati,27.6515,85.3008
2023-10-15T17:00,18.9,85,16.4,866.5,2.5,278,Bhaisipati,27.6515,85.3008
2023-10-15T18:00,17.6,94,16.5,866.1,3.3,221,Bhaisipati,27.6515,85.3008
2023-10-15T19:00,17.3,94,16.2,866.9,1.6,207,Bhaisipati,27.6515,85.3008
2023-10-15T20:00,17.1,92,15.9,867.3,0.4,180,Bhaisipati,27.6515,85.3008
2023-10-15T21:00,16.6,92,15.4,867.3,2.5,172,Bhaisipati,27.6515,85.3008
2023-10-15T22:00,15.8,95,14.9,866.6,4.0,175,Bhaisipati,27.6515,85.3008
2023-10-15T23:00,14.6,97,14.2,865.6,4.7,176,Bhaisipati,27.6515,85.3008
2023-10-16T00:00,13.5,100,13.4,864.8,5.8,176,Bhaisipati,27.6515,85.3008
2023-10-16T01:00,12.8,100,12.8,864.5,6.1,177,Bhaisipati,27.6515,85.3008
2023-10-16T02:00,12.7,99,12.6,864.3,6.5,174,Bhaisipati,27.6515,85.3008
2023-10-16T03:00,12.7,100,12.6,864.4,6.8,177,Bhaisipati,27.6515,85.3008
2023-10-16T04:00,12.5,98,12.3,864.7,5.4,176,Bhaisipati,27.6515,85.3008
2023-10-16T05:00,14.0,100,13.9,867.3,2.9,180,Bhaisipati,27.6515,85.3008
2023-10-16T06:00,14.8,98,14.5,868.0,5.5,169,Bhaisipati,27.6515,85.3008
2023-10-16T07:00,16.9,93,15.7,869.9,4.5,151,Bhaisipati,27.6515,85.3008
2023-10-16T08:00,18.7,86,16.3,871.0,3.4,108,Bhaisipati,27.6515,85.3008
2023-10-16T09:00,20.4,79,16.7,871.3,4.0,100,Bhaisipati,27.6515,85.3008
2023-10-16T10:00,21.4,74,16.6,871.3,0.5,225,Bhaisipati,27.6515,85.3008
2023-10-16T11:00,22.4,67,16.0,870.7,2.6,286,Bhaisipati,27.6515,85.3008
2023-10-16T12:00,20.5,72,15.3,869.8,7.3,303,Bhaisipati,27.6515,85.3008
2023-10-16T13:00,20.0,73,15.1,868.7,1.3,304,Bhaisipati,27.6515,85.3008
2023-10-16T14:00,20.2,75,15.6,868.4,6.3,347,Bhaisipati,27.6515,85.3008
2023-10-16T15:00,19.7,78,15.8,868.2,4.7,328,Bhaisipati,27.6515,85.3008
2023-10-16T16:00,19.1,81,15.8,868.3,2.9,330,Bhaisipati,27.6515,85.3008
2023-10-16T17:00,17.7,87,15.4,867.8,4.0,185,Bhaisipati,27.6515,85.3008
2023-10-16T18:00,17.1,91,15.6,868.2,1.8,169,Bhaisipati,27.6515,85.3008
2023-10-16T19:00,16.7,94,15.7,868.4,3.9,158,Bhaisipati,27.6515,85.3008
2023-10-16T20:00,16.2,95,15.4,867.9,5.2,168,Bhaisipati,27.6515,85.3008
2023-10-16T21:00,15.3,97,14.8,867.8,4.0,175,Bhaisipati,27.6515,85.3008
2023-10-16T22:00,14.8,95,13.9,870.2,8.4,277,Bhaisipati,27.6515,85.3008
2023-10-16T23:00,15.2,93,14.1,869.6,7.7,101,Bhaisipati,27.6515,85.3008
2023-10-17T00:00,14.9,94,14.0,868.4,5.8,158,Bhaisipati,27.6515,85.3008
2023-10-17T01:00,13.9,95,13.1,867.3,4.6,162,Bhaisipati,27.6515,85.3008
2023-10-17T02:00,13.9,95,13.2,867.0,4.9,163,Bhaisipati,27.6515,85.3008
2023-10-17T03:00,13.9,96,13.2,866.7,4.8,167,Bhaisipati,27.6515,85.3008
2023-10-17T04:00,13.8,96,13.3,866.9,4.4,171,Bhaisipati,27.6515,85.3008
2023-10-17T05:00,14.5,94,13.6,868.7,3.8,163,Bhaisipati,27.6515,85.3008
2023-10-17T06:00,14.4,94,13.4,869.2,4.7,171,Bhaisipati,27.6515,85.3008
2023-10-17T07:00,16.9,92,15.6,871.3,4.3,156,Bhaisipati,27.6515,85.3008
2023-10-17T08:00,18.9,72,13.7,872.8,1.3,34,Bhaisipati,27.6515,85.3008
2023-10-17T09:00,20.2,66,13.6,873.2,1.3,326,Bhaisipati,27.6515,85.3008
2023-10-17T10:00,21.5,57,12.5,872.6,2.9,120,Bhaisipati,27.6515,85.3008
2023-10-17T11:00,22.9,46,10.6,871.6,2.5,352,Bhaisipati,27.6515,85.3008
2023-10-17T12:00,22.9,47,11.0,870.5,8.7,315,Bhaisipati,27.6515,85.3008
2023-10-17T13:00,22.1,50,11.3,869.9,9.8,306,Bhaisipati,27.6515,85.3008
2023-10-17T14:00,21.3,55,12.0,869.2,8.7,322,Bhaisipati,27.6515,85.3008
2023-10-17T15:00,20.2,63,13.0,869.0,5.7,325,Bhaisipati,27.6515,85.3008
2023-10-17T16:00,19.4,67,13.1,868.8,1.3,326,Bhaisipati,27.6515,85.3008
2023-10-17T17:00,18.4,75,14.0,868.9,1.8,217,Bhaisipati,27.6515,85.3008
2023-10-17T18:00,16.9,84,14.3,868.6,1.9,158,Bhaisipati,27.6515,85.3008
2023-10-17T19:00,16.4,83,13.5,868.7,2.6,164,Bhaisipati,27.6515,85.3008
2023-10-17T20:00,15.2,87,13.0,868.1,5.1,172,Bhaisipati,27.6515,85.3008
2023-10-17T21:00,14.2,89,12.5,867.5,6.2,170,Bhaisipati,27.6515,85.3008
2023-10-17T22:00,13.8,90,12.2,867.3,5.5,169,Bhaisipati,27.6515,85.3008
2023-10-17T23:00,13.7,89,11.9,866.8,5.2,168,Bhaisipati,27.6515,85.3008
2023-10-18T00:00,13.3,88,11.3,866.4,4.7,171,Bhaisipati,27.6515,85.3008
2023-10-18T01:00,13.0,87,10.8,866.4,3.7,169,Bhaisipati,27.6515,85.3008
2023-10-18T02:00,12.9,84,10.3,866.5,3.6,174,Bhaisipati,27.6515,85.3008
2023-10-18T03:00,12.6,84,10.0,866.3,5.2,168,Bhaisipati,27.6515,85.3008
2023-10-18T04:00,12.3,85,9.8,866.3,6.3,167,Bhaisipati,27.6515,85.3008
2023-10-18T05:00,12.2,90,10.6,867.2,5.9,169,Bhaisipati,27.6515,85.3008
2023-10-18T06:00,12.9,89,11.0,867.8,6.9,171,Bhaisipati,27.6515,85.3008
2023-10-18T07:00,16.7,84,14.1,870.7,5.0,159,Bhaisipati,27.6515,85.3008
2023-10-18T08:00,19.1,65,12.3,872.1,0.7,360,Bhaisipati,27.6515,85.3008
2023-10-18T09:00,20.4,59,12.0,872.4,2.7,337,Bhaisipati,27.6515,85.3008
2023-10-18T10:00,21.4,56,12.3,872.3,3.2,333,Bhaisipati,27.6515,85.3008
2023-10-18T11:00,22.3,54,12.6,871.6,4.2,329,Bhaisipati,27.6515,85.3008
2023-10-18T12:00,20.3,66,13.7,870.7,9.7,268,Bhaisipati,27.6515,85.3008
2023-10-18T13:00,20.5,61,12.8,870.1,3.6,180,Bhaisipati,27.6515,85.3008
2023-10-18T14:00,19.7,64,12.6,869.5,5.1,309,Bhaisipati,27.6515,85.3008
2023-10-18T15:00,18.0,74,13.3,868.8,3.8,253,Bhaisipati,27.6515,85.3008
2023-10-18T16:00,18.2,72,13.2,868.7,2.5,172,Bhaisipati,27.6515,85.3008
2023-10-18T17:00,16.7,85,14.2,868.7,2.3,108,Bhaisipati,27.6515,85.3008
2023-10-18T18:00,15.3,91,13.9,868.4,4.4,171,Bhaisipati,27.6515,85.3008
2023-10-18T19:00,14.4,94,13.4,868.2,4.0,175,Bhaisipati,27.6515,85.3008
2023-10-18T20:00,13.7,95,12.9,867.8,4.4,171,Bhaisipati,27.6515,85.3008
2023-10-18T21:00,13.3,94,12.4,867.7,4.3,175,Bhaisipati,27.6515,85.3008
2023-10-18T22:00,13.0,94,12.0,867.4,3.3,174,Bhaisipati,27.6515,85.3008
2023-10-18T23:00,12.8,93,11.8,867.2,2.9,173,Bhaisipati,27.6515,85.3008
2023-10-19T00:00,12.6,93,11.5,866.9,4.4,171,Bhaisipati,27.6515,85.3008
2023-10-19T01:00,12.4,93,11.3,866.4,4.0,170,Bhaisipati,27.6515,85.3008
2023-10-19T02:00,12.4,91,11.0,866.2,4.0,170,Bhaisipati,27.6515,85.3008
2023-10-19T03:00,12.3,89,10.5,866.1,4.4,171,Bhaisipati,27.6515,85.3008
2023-10-19T04:00,12.1,88,10.2,866.0,4.4,171,Bhaisipati,27.6515,85.3008
2023-10-19T05:00,12.0,93,10.9,867.3,4.7,180,Bhaisipati,27.6515,85.3008
2023-10-19T06:00,12.3,92,11.1,868.0,5.4,172,Bhaisipati,27.6515,85.3008
2023-10-19T07:00,16.2,87,14.1,870.3,4.7,171,Bhaisipati,27.6515,85.3008
2023-10-19T08:00,18.7,70,13.1,871.9,0.8,63,Bhaisipati,27.6515,85.3008
2023-10-19T09:00,19.8,67,13.5,872.3,3.3,319,Bhaisipati,27.6515,85.3008
2023-10-19T10:00,20.8,63,13.4,872.3,5.1,321,Bhaisipati,27.6515,85.3008
2023-10-19T11:00,21.2,59,13.0,871.8,5.8,300,Bhaisipati,27.6515,85.3008
2023-10-19T12:00,21.3,61,13.4,871.0,7.4,299,Bhaisipati,27.6515,85.3008
2023-10-19T13:00,20.9,66,14.2,870.1,8.2,293,Bhaisipati,27.6515,85.3008
2023-10-19T14:00,19.9,69,14.0,869.2,4.7,279,Bhaisipati,27.6515,85.3008
2023-10-19T15:00,19.7,68,13.7,868.8,5.1,315,Bhaisipati,27.6515,85.3008
2023-10-19T16:00,19.1,72,13.9,868.6,4.6,342,Bhaisipati,27.6515,85.3008
2023-10-19T17:00,17.6,78,13.7,869.1,3.2,27,Bhaisipati,27.6515,85.3008
2023-10-19T18:00,16.4,86,14.0,868.7,1.1,162,Bhaisipati,27.6515,85.3008
2023-10-19T19:00,15.6,86,13.2,868.8,2.5,180,Bhaisipati,27.6515,85.3008
2023-10-19T20:00,14.6,89,12.8,868.9,2.5,172,Bhaisipati,27.6515,85.3008
2023-10-19T21:00,13.7,92,12.3,868.7,3.6,174,Bhaisipati,27.6515,85.3008
2023-10-19T22:00,13.1,94,12.1,868.5,4.4,171,Bhaisipati,27.6515,85.3008
2023-10-19T23:00,12.9,94,11.8,868.3,4.4,171,Bhaisipati,27.6515,85.3008
2023-10-20T00:00,12.8,93,11.7,868.0,4.4,171,Bhaisipati,27.6515,85.3008
2023-10-20T01:00,12.6,92,11.4,867.6,4.7,171,Bhaisipati,27.6515,85.3008
2023-10-20T02:00,12.3,93,11.1,867.0,4.7,171,Bhaisipati,27.6515,85.3008
2023-10-20T03:00,11.8,93,10.7,866.9,4.7,171,Bhaisipati,27.6515,85.3008
2023-10-20T04:00,11.5,92,10.3,867.2,4.7,171,Bhaisipati,27.6515,85.3008
2023-10-20T05:00,12.6,88,10.7,868.6,2.9,180,Bhaisipati,27.6515,85.3008
2023-10-20T06:00,13.0,89,11.2,869.2,5.2,168,Bhaisipati,27.6515,85.3008
2023-10-20T07:00,16.0,87,13.8,871.4,4.5,166,Bhaisipati,27.6515,85.3008
2023-10-20T08:00,18.4,71,13.2,872.7,1.3,56,Bhaisipati,27.6515,85.3008
2023-10-20T09:00,19.9,63,12.6,873.1,2.3,342,Bhaisipati,27.6515,85.3008
2023-10-20T10:00,20.9,57,12.1,872.8,4.1,322,Bhaisipati,27.6515,85.3008
2023-10-20T11:00,21.4,56,12.2,872.0,5.9,313,Bhaisipati,27.6515,85.3008
2023-10-20T12:00,21.3,56,12.2,871.0,6.5,304,Bhaisipati,27.6515,85.3008
2023-10-20T13:00,21.1,57,12.2,870.2,5.4,307,Bhaisipati,27.6515,85.3008
2023-10-20T14:00,20.9,58,12.3,869.6,4.6,315,Bhaisipati,27.6515,85.3008
2023-10-20T15:00,20.2,59,11.9,869.1,4.1,322,Bhaisipati,27.6515,85.3008
2023-10-20T16:00,19.1,64,12.2,869.1,2.3,321,Bhaisipati,27.6515,85.3008
2023-10-20T17:00,17.8,73,13.0,869.1,6.0,327,Bhaisipati,27.6515,85.3008
2023-10-20T18:00,17.0,81,13.7,869.3,1.8,191,Bhaisipati,27.6515,85.3008
2023-10-20T19:00,16.3,80,12.8,869.8,1.4,180,Bhaisipati,27.6515,85.3008
2023-10-20T20:00,15.4,82,12.3,869.8,1.8,180,Bhaisipati,27.6515,85.3008
2023-10-20T21:00,14.5,87,12.3,869.7,3.6,174,Bhaisipati,27.6515,85.3008
2023-10-20T22:00,13.8,89,12.0,869.6,4.4,171,Bhaisipati,27.6515,85.3008
2023-10-20T23:00,13.4,90,11.8,869.3,4.3,175,Bhaisipati,27.6515,85.3008
2023-10-21T00:00,13.0,92,11.6,869.0,5.1,172,Bhaisipati,27.6515,85.3008
2023-10-21T01:00,12.5,92,11.3,868.4,5.9,169,Bhaisipati,27.6515,85.3008
2023-10-21T02:00,12.0,94,11.2,867.6,6.2,170,Bhaisipati,27.6515,85.3008
2023-10-21T03:00,11.7,95,10.8,867.1,5.9,169,Bhaisipati,27.6515,85.3008
2023-10-21T04:00,11.3,95,10.7,867.2,5.1,172,Bhaisipati,27.6515,85.3008
2023-10-21T05:00,12.2,93,11.2,868.6,4.0,180,Bhaisipati,27.6515,85.3008
2023-10-21T06:00,12.4,93,11.3,869.3,5.4,176,Bhaisipati,27.6515,85.3008
2023-10-21T07:00,16.1,87,13.8,872.1,4.3,180,Bhaisipati,27.6515,85.3008
2023-10-21T08:00,18.6,71,13.2,873.6,0.5,45,Bhaisipati,27.6515,85.3008
2023-10-21T09:00,20.1,64,13.0,873.8,1.3,34,Bhaisipati,27.6515,85.3008
2023-10-21T10:00,21.1,56,11.9,873.6,0.8,27,Bhaisipati,27.6515,85.3008
2023-10-21T11:00,21.6,51,11.1,872.9,1.8,281,Bhaisipati,27.6515,85.3008
2023-10-21T12:00,21.5,52,11.1,871.8,4.3,270,Bhaisipati,27.6515,85.3008
2023-10-21T13:00,20.9,56,11.8,871.3,4.3,318,Bhaisipati,27.6515,85.3008
2023-10-21T14:00,20.8,56,11.6,870.7,3.8,319,Bhaisipati,27.6515,85.3008
2023-10-21T15:00,20.3,57,11.5,870.4,3.3,319,Bhaisipati,27.6515,85.3008
2023-10-21T16:00,18.0,75,13.4,870.4,6.0,295,Bhaisipati,27.6515,85.3008
2023-10-21T17:00,16.2,89,14.3,870.7,4.3,360,Bhaisipati,27.6515,85.3008
2023-10-21T18:00,16.0,87,13.8,870.7,5.2,168,Bhaisipati,27.6515,85.3008
2023-10-21T19:00,14.9,88,12.9,870.7,5.1,172,Bhaisipati,27.6515,85.3008
2023-10-21T20:00,14.0,88,12.0,870.7,4.7,171,Bhaisipati,27.6515,85.3008
2023-10-21T21:00,13.5,87,11.3,870.3,5.4,172,Bhaisipati,27.6515,85.3008
2023-10-21T22:00,13.2,86,10.8,870.0,5.9,169,Bhaisipati,27.6515,85.3008
2023-10-21T23:00,13.1,83,10.3,869.4,6.3,167,Bhaisipati,27.6515,85.3008
2023-10-22T00:00,12.9,82,9.8,868.9,5.9,169,Bhaisipati,27.6515,85.3008
2023-10-22T01:00,12.7,82,9.7,868.4,4.7,171,Bhaisipati,27.6515,85.3008
2023-10-22T02:00,12.4,82,9.5,867.9,4.8,167,Bhaisipati,27.6515,85.3008
2023-10-22T03:00,11.9,85,9.4,867.7,4.5,166,Bhaisipati,27.6515,85.3008
2023-10-22T04:00,11.6,86,9.3,867.8,4.0,170,Bhaisipati,27.6515,85.3008
2023-10-22T05:00,12.0,88,10.0,869.4,4.3,175,Bhaisipati,27.6515,85.3008
2023-10-22T06:00,12.0,89,10.3,869.8,5.5,169,Bhaisipati,27.6515,85.3008
2023-10-22T07:00,15.6,86,13.2,871.9,5.2,164,Bhaisipati,27.6515,85.3008
2023-10-22T08:00,19.3,64,12.4,874.2,2.2,99,Bhaisipati,27.6515,85.3008
2023-10-22T09:00,20.7,60,12.7,874.2,2.8,40,Bhaisipati,27.6515,85.3008
2023-10-22T10:00,21.9,52,11.5,874.0,1.5,45,Bhaisipati,27.6515,85.3008
2023-10-22T11:00,22.8,44,9.8,873.1,1.6,333,Bhaisipati,27.6515,85.3008
2023-10-22T12:00,23.2,41,9.2,872.1,2.6,304,Bhaisipati,27.6515,85.3008
2023-10-22T13:00,22.9,43,9.8,871.0,4.3,294,Bhaisipati,27.6515,85.3008
2023-10-22T14:00,22.4,46,10.3,870.7,4.4,305,Bhaisipati,27.6515,85.3008
2023-10-22T15:00,21.2,57,12.4,870.3,5.1,315,Bhaisipati,27.6515,85.3008
2023-10-22T16:00,19.8,68,13.8,870.5,3.4,342,Bhaisipati,27.6515,85.3008
2023-10-22T17:00,18.6,68,12.5,870.8,3.1,315,Bhaisipati,27.6515,85.3008
2023-10-22T18:00,16.9,75,12.5,870.3,3.3,174,Bhaisipati,27.6515,85.3008
2023-10-22T19:00,15.6,78,11.8,870.1,3.6,174,Bhaisipati,27.6515,85.3008
2023-10-22T20:00,14.7,81,11.3,869.9,3.6,174,Bhaisipati,27.6515,85.3008
2023-10-22T21:00,13.7,84,11.0,869.6,5.1,176,Bhaisipati,27.6515,85.3008
2023-10-22T22:00,13.0,87,10.8,869.1,6.2,173,Bhaisipati,27.6515,85.3008
2023-10-22T23:00,12.5,88,10.6,868.5,6.5,174,Bhaisipati,27.6515,85.3008
2023-10-23T00:00,12.3,88,10.5,868.0,5.4,172,Bhaisipati,27.6515,85.3008
2023-10-23T01:00,12.6,85,10.2,867.9,5.1,172,Bhaisipati,27.6515,85.3008
2023-10-23T02:00,12.8,82,9.8,867.8,4.7,171,Bhaisipati,27.6515,85.3008
2023-10-23T03:00,12.8,80,9.5,867.5,4.4,171,Bhaisipati,27.6515,85.3008
2023-10-23T04:00,12.4,81,9.2,867.4,4.4,171,Bhaisipati,27.6515,85.3008
2023-10-23T05:00,11.2,89,9.5,868.4,4.7,171,Bhaisipati,27.6515,85.3008
2023-10-23T06:00,11.2,91,9.8,868.0,6.2,170,Bhaisipati,27.6515,85.3008
2023-10-23T07:00,15.4,83,12.6,870.4,6.6,171,Bhaisipati,27.6515,85.3008
2023-10-23T08:00,19.8,57,11.0,872.8,2.6,146,Bhaisipati,27.6515,85.3008
2023-10-23T09:00,21.5,52,11.2,873.2,0.4,360,Bhaisipati,27.6515,85.3008
2023-10-23T10:00,22.4,50,11.7,872.8,2.1,329,Bhaisipati,27.6515,85.3008
2023-10-23T11:00,23.3,41,9.4,871.8,2.2,351,Bhaisipati,27.6515,85.3008
2023-10-23T12:00,23.1,45,10.5,870.7,4.6,315,Bhaisipati,27.6515,85.3008
2023-10-23T13:00,22.6,50,11.5,869.9,4.8,297,Bhaisipati,27.6515,85.3008
2023-10-23T14:00,21.8,58,13.3,869.4,5.4,290,Bhaisipati,27.6515,85.3008
2023-10-23T15:00,20.9,65,14.1,869.1,3.9,304,Bhaisipati,27.6515,85.3008
2023-10-23T16:00,19.8,71,14.4,869.0,2.6,326,Bhaisipati,27.6515,85.3008
2023-10-23T17:00,18.1,78,14.2,868.9,0.0,270,Bhaisipati,27.6515,85.3008
2023-10-23T18:00,16.8,76,12.5,869.1,2.9,180,Bhaisipati,27.6515,85.3008
2023-10-23T19:00,15.8,69,10.2,869.2,4.0,170,Bhaisipati,27.6515,85.3008
2023-10-23T20:00,14.8,67,8.8,868.8,4.8,167,Bhaisipati,27.6515,85.3008
2023-10-23T21:00,14.2,68,8.3,868.4,4.7,171,Bhaisipati,27.6515,85.3008
2023-10-23T22:00,13.7,72,8.8,868.1,5.4,172,Bhaisipati,27.6515,85.3008
2023-10-23T23:00,13.4,77,9.4,867.7,5.1,176,Bhaisipati,27.6515,85.3008
2023-10-24T00:00,13.3,80,9.8,867.5,5.1,172,Bhaisipati,27.6515,85.3008
2023-10-24T01:00,13.0,82,10.0,867.0,5.4,172,Bhaisipati,27.6515,85.3008
2023-10-24T02:00,13.1,81,10.0,867.1,4.4,171,Bhaisipati,27.6515,85.3008
2023-10-24T03:00,13.1,81,9.8,866.7,5.4,172,Bhaisipati,27.6515,85.3008
2023-10-24T04:00,12.3,83,9.5,866.1,5.5,169,Bhaisipati,27.6515,85.3008
2023-10-24T05:00,11.8,90,10.2,866.5,4.3,175,Bhaisipati,27.6515,85.3008
2023-10-24T06:00,11.8,91,10.3,867.0,5.4,172,Bhaisipati,27.6515,85.3008
2023-10-24T07:00,15.8,85,13.2,869.6,5.4,172,Bhaisipati,27.6515,85.3008
2023-10-24T08:00,19.5,64,12.5,871.9,1.3,214,Bhaisipati,27.6515,85.3008
2023-10-24T09:00,21.1,58,12.6,872.5,1.8,323,Bhaisipati,27.6515,85.3008
2023-10-24T10:00,21.8,58,13.2,872.2,5.0,330,Bhaisipati,27.6515,85.3008
2023-10-24T11:00,22.2,58,13.6,871.4,5.3,332,Bhaisipati,27.6515,85.3008
2023-10-24T12:00,22.6,58,13.9,870.3,4.6,321,Bhaisipati,27.6515,85.3008
2023-10-24T13:00,22.9,58,14.3,869.6,4.7,302,Bhaisipati,27.6515,85.3008
2023-10-24T14:00,20.9,64,13.9,869.6,0.8,117,Bhaisipati,27.6515,85.3008
2023-10-24T15:00,21.2,60,13.1,869.3,1.9,338,Bhaisipati,27.6515,85.3008
2023-10-24T16:00,19.9,71,14.5,869.4,3.6,323,Bhaisipati,27.6515,85.3008
2023-10-24T17:00,18.7,73,13.7,869.4,0.4,270,Bhaisipati,27.6515,85.3008
2023-10-24T18:00,17.2,78,13.3,868.6,1.8,191,Bhaisipati,27.6515,85.3008
2023-10-24T19:00,16.4,77,12.4,868.9,2.2,171,Bhaisipati,27.6515,85.3008
2023-10-24T20:00,15.5,81,12.2,868.8,4.0,175,Bhaisipati,27.6515,85.3008
2023-10-24T21:00,14.5,85,12.0,868.4,6.2,173,Bhaisipati,27.6515,85.3008
2023-10-24T22:00,13.8,87,11.7,868.0,6.9,174,Bhaisipati,27.6515,85.3008
2023-10-24T23:00,13.4,86,11.0,867.2,5.1,172,Bhaisipati,27.6515,85.3008
2023-10-25T00:00,13.3,82,10.3,867.3,4.8,167,Bhaisipati,27.6515,85.3008
2023-10-25T01:00,13.3,79,9.7,866.9,4.4,171,Bhaisipati,27.6515,85.3008
2023-10-25T02:00,13.0,79,9.3,866.5,4.0,170,Bhaisipati,27.6515,85.3008
2023-10-25T03:00,12.9,77,9.0,866.1,3.7,169,Bhaisipati,27.6515,85.3008
2023-10-25T04:00,13.0,76,8.8,866.4,3.3,174,Bhaisipati,27.6515,85.3008
2023-10-25T05:00,13.1,75,8.7,866.7,3.0,166,Bhaisipati,27.6515,85.3008
2023-10-25T06:00,12.0,84,9.5,867.5,4.7,171,Bhaisipati,27.6515,85.3008
2023-10-25T07:00,15.7,82,12.5,870.1,4.7,176,Bhaisipati,27.6515,85.3008
2023-10-25T08:00,19.7,59,11.4,872.6,1.1,342,Bhaisipati,27.6515,85.3008
2023-10-25T09:00,20.9,57,12.0,873.0,3.9,326,Bhaisipati,27.6515,85.3008
2023-10-25T10:00,21.7,55,12.2,872.9,3.9,338,Bhaisipati,27.6515,85.3008
2023-10-25T11:00,22.2,52,11.8,872.1,4.5,331,Bhaisipati,27.6515,85.3008
2023-10-25T12:00,22.7,51,12.0,871.2,6.6,319,Bhaisipati,27.6515,85.3008
2023-10-25T13:00,22.2,53,12.2,870.3,5.4,318,Bhaisipati,27.6515,85.3008
2023-10-25T14:00,22.1,53,12.2,869.6,4.6,315,Bhaisipati,27.6515,85.3008
2023-10-25T15:00,21.4,57,12.4,869.4,3.3,276,Bhaisipati,27.6515,85.3008
2023-10-25T16:00,20.2,70,14.4,869.0,2.2,270,Bhaisipati,27.6515,85.3008
2023-10-25T17:00,17.7,80,14.2,868.2,0.7,180,Bhaisipati,27.6515,85.3008
2023-10-25T18:00,16.5,79,12.8,868.1,5.0,180,Bhaisipati,27.6515,85.3008
2023-10-25T19:00,15.4,84,12.7,868.2,4.0,175,Bhaisipati,27.6515,85.3008
2023-10-25T20:00,15.2,81,12.0,868.8,3.3,167,Bhaisipati,27.6515,85.3008
2023-10-25T21:00,14.9,80,11.4,868.8,5.8,173,Bhaisipati,27.6515,85.3008
2023-10-25T22:00,14.4,80,11.0,868.4,5.1,172,Bhaisipati,27.6515,85.3008
2023-10-25T23:00,14.2,79,10.5,867.8,4.4,171,Bhaisipati,27.6515,85.3008
2023-10-26T00:00,14.2,76,10.0,867.5,4.0,170,Bhaisipati,27.6515,85.3008
2023-10-26T01:00,14.1,74,9.5,867.1,4.7,171,Bhaisipati,27.6515,85.3008
2023-10-26T02:00,13.8,74,9.2,866.6,5.1,172,Bhaisipati,27.6515,85.3008
2023-10-26T03:00,13.5,74,9.0,866.2,4.7,171,Bhaisipati,27.6515,85.3008
2023-10-26T04:00,13.2,75,8.8,866.2,5.1,172,Bhaisipati,27.6515,85.3008
2023-10-26T05:00,12.6,77,8.7,866.1,5.5,169,Bhaisipati,27.6515,85.3008
2023-10-26T06:00,12.8,83,9.9,867.6,5.9,169,Bhaisipati,27.6515,85.3008
2023-10-26T07:00,15.9,81,12.6,869.8,5.1,176,Bhaisipati,27.6515,85.3008
2023-10-26T08:00,19.7,56,10.7,872.1,0.4,180,Bhaisipati,27.6515,85.3008
2023-10-26T09:00,20.9,54,11.2,872.5,2.8,320,Bhaisipati,27.6515,85.3008
2023-10-26T10:00,21.8,49,10.6,872.4,5.1,315,Bhaisipati,27.6515,85.3008
2023-10-26T11:00,21.8,48,10.3,871.6,5.7,305,Bhaisipati,27.6515,85.3008
2023-10-26T12:00,21.8,48,10.3,870.7,5.8,300,Bhaisipati,27.6515,85.3008
2023-10-26T13:00,21.7,50,10.7,869.7,6.9,313,Bhaisipati,27.6515,85.3008
2023-10-26T14:00,20.9,56,11.8,869.1,7.9,309,Bhaisipati,27.6515,85.3008
2023-10-26T15:00,20.2,62,12.6,868.6,6.4,313,Bhaisipati,27.6515,85.3008
2023-10-26T16:00,19.2,70,13.7,868.5,3.6,323,Bhaisipati,27.6515,85.3008
2023-10-26T17:00,18.3,69,12.5,868.5,3.3,77,Bhaisipati,27.6515,85.3008
2023-10-26T18:00,16.2,77,12.2,868.3,3.3,174,Bhaisipati,27.6515,85.3008
2023-10-26T19:00,15.2,81,11.9,868.2,4.0,180,Bhaisipati,27.6515,85.3008
2023-10-26T20:00,14.6,82,11.5,868.3,3.6,180,Bhaisipati,27.6515,85.3008
2023-10-26T21:00,14.2,82,11.1,868.3,3.6,180,Bhaisipati,27.6515,85.3008
2023-10-26T22:00,13.9,82,10.8,868.2,4.0,175,Bhaisipati,27.6515,85.3008
2023-10-26T23:00,13.8,80,10.5,867.8,4.0,175,Bhaisipati,27.6515,85.3008
2023-10-27T00:00,13.6,79,10.1,867.3,4.0,175,Bhaisipati,27.6515,85.3008
2023-10-27T01:00,13.4,79,9.7,866.4,3.6,174,Bhaisipati,27.6515,85.3008
2023-10-27T02:00,13.1,79,9.4,865.9,3.3,174,Bhaisipati,27.6515,85.3008
2023-10-27T03:00,13.0,77,9.1,865.7,2.9,173,Bhaisipati,27.6515,85.3008
2023-10-27T04:00,13.0,76,8.9,866.1,3.0,166,Bhaisipati,27.6515,85.3008
2023-10-27T05:00,12.9,76,8.8,866.4,2.6,164,Bhaisipati,27.6515,85.3008
2023-10-27T06:00,13.9,79,10.3,868.0,2.5,172,Bhaisipati,27.6515,85.3008
2023-10-27T07:00,16.0,81,12.7,869.8,3.3,167,Bhaisipati,27.6515,85.3008
2023-10-27T08:00,18.4,69,12.5,871.5,2.5,45,Bhaisipati,27.6515,85.3008
2023-10-27T09:00,19.8,62,12.3,872.1,3.7,11,Bhaisipati,27.6515,85.3008
2023-10-27T10:00,20.9,52,10.8,871.6,3.6,354,Bhaisipati,27.6515,85.3008
2023-10-27T11:00,21.6,50,10.5,870.9,5.2,335,Bhaisipati,27.6515,85.3008
2023-10-27T12:00,21.9,48,10.3,870.0,5.5,328,Bhaisipati,27.6515,85.3008
2023-10-27T13:00,21.8,48,10.4,869.1,7.0,325,Bhaisipati,27.6515,85.3008
2023-10-27T14:00,21.1,53,11.0,868.6,7.9,309,Bhaisipati,27.6515,85.3008
2023-10-27T15:00,20.6,56,11.6,868.1,7.9,313,Bhaisipati,27.6515,85.3008
2023-10-27T16:00,19.4,66,13.0,868.2,4.2,290,Bhaisipati,27.6515,85.3008
2023-10-27T17:00,17.8,71,12.4,867.9,3.6,233,Bhaisipati,27.6515,85.3008
2023-10-27T18:00,16.5,78,12.7,868.1,2.2,189,Bhaisipati,27.6515,85.3008
2023-10-27T19:00,15.5,81,12.3,868.2,3.3,186,Bhaisipati,27.6515,85.3008
2023-10-27T20:00,14.5,86,12.2,868.3,2.2,180,Bhaisipati,27.6515,85.3008
2023-10-27T21:00,14.4,86,12.1,868.5,1.4,180,Bhaisipati,27.6515,85.3008
2023-10-27T22:00,14.3,87,12.0,868.4,1.1,180,Bhaisipati,27.6515,85.3008
2023-10-27T23:00,14.0,87,11.9,868.2,1.4,180,Bhaisipati,27.6515,85.3008
2023-10-28T00:00,13.8,87,11.8,867.7,1.8,180,Bhaisipati,27.6515,85.3008
2023-10-28T01:00,13.6,87,11.5,867.4,1.8,169,Bhaisipati,27.6515,85.3008
2023-10-28T02:00,13.2,88,11.3,866.8,1.8,169,Bhaisipati,27.6515,85.3008
2023-10-28T03:00,13.1,87,11.0,866.4,2.2,171,Bhaisipati,27.6515,85.3008
2023-10-28T04:00,13.0,87,10.8,866.7,2.6,164,Bhaisipati,27.6515,85.3008
2023-10-28T05:00,12.8,87,10.6,867.0,3.0,166,Bhaisipati,27.6515,85.3008
2023-10-28T06:00,13.7,88,11.8,868.4,3.0,166,Bhaisipati,27.6515,85.3008
2023-10-28T07:00,15.9,87,13.8,870.4,3.3,167,Bhaisipati,27.6515,85.3008
2023-10-28T08:00,18.3,72,13.2,871.9,3.1,54,Bhaisipati,27.6515,85.3008
2023-10-28T09:00,19.6,66,13.0,872.5,4.4,35,Bhaisipati,27.6515,85.3008
2023-10-28T10:00,20.5,62,13.1,872.4,5.5,11,Bhaisipati,27.6515,85.3008
2023-10-28T11:00,20.9,61,13.1,871.6,6.0,335,Bhaisipati,27.6515,85.3008
2023-10-28T12:00,20.9,62,13.3,870.5,8.2,308,Bhaisipati,27.6515,85.3008
2023-10-28T13:00,20.4,66,13.8,869.4,8.3,304,Bhaisipati,27.6515,85.3008
2023-10-28T14:00,20.1,67,13.8,869.0,8.4,301,Bhaisipati,27.6515,85.3008
2023-10-28T15:00,19.4,70,13.8,868.5,6.0,287,Bhaisipati,27.6515,85.3008
2023-10-28T16:00,18.7,73,13.8,868.7,3.0,284,Bhaisipati,27.6515,85.3008
2023-10-28T17:00,18.1,82,14.9,868.7,1.5,194,Bhaisipati,27.6515,85.3008
2023-10-28T18:00,16.4,86,14.1,869.1,1.4,180,Bhaisipati,27.6515,85.3008
2023-10-28T19:00,15.5,88,13.5,869.2,2.2,189,Bhaisipati,27.6515,85.3008
2023-10-28T20:00,15.2,87,13.0,869.3,1.1,180,Bhaisipati,27.6515,85.3008
2023-10-28T21:00,14.8,87,12.7,869.2,2.5,172,Bhaisipati,27.6515,85.3008
2023-10-28T22:00,14.0,89,12.3,868.8,2.9,173,Bhaisipati,27.6515,85.3008
2023-10-28T23:00,13.3,92,12.0,868.2,2.9,173,Bhaisipati,27.6515,85.3008
2023-10-29T00:00,12.5,95,11.7,867.5,4.3,175,Bhaisipati,27.6515,85.3008
2023-10-29T01:00,11.9,95,11.2,866.8,4.7,176,Bhaisipati,27.6515,85.3008
2023-10-29T02:00,10.9,100,10.8,866.0,5.4,172,Bhaisipati,27.6515,85.3008
2023-10-29T03:00,10.7,98,10.3,865.8,5.8,173,Bhaisipati,27.6515,85.3008
2023-10-29T04:00,10.5,97,10.2,865.7,6.9,174,Bhaisipati,27.6515,85.3008
2023-10-29T05:00,10.2,98,9.8,865.7,6.6,171,Bhaisipati,27.6515,85.3008
2023-10-29T06:00,12.5,89,10.8,868.2,5.2,168,Bhaisipati,27.6515,85.3008
2023-10-29T07:00,15.5,85,13.0,870.1,5.2,164,Bhaisipati,27.6515,85.3008
2023-10-29T08:00,18.4,70,12.8,872.0,1.9,112,Bhaisipati,27.6515,85.3008
2023-10-29T09:00,19.9,66,13.4,872.6,1.5,45,Bhaisipati,27.6515,85.3008
2023-10-29T10:00,21.1,62,13.6,872.6,1.8,37,Bhaisipati,27.6515,85.3008
2023-10-29T11:00,22.2,55,12.9,872.0,2.2,9,Bhaisipati,27.6515,85.3008
2023-10-29T12:00,22.6,51,12.1,870.9,2.3,309,Bhaisipati,27.6515,85.3008
2023-10-29T13:00,22.4,53,12.3,869.9,4.6,321,Bhaisipati,27.6515,85.3008
2023-10-29T14:00,21.7,60,13.5,869.3,5.9,322,Bhaisipati,27.6515,85.3008
2023-10-29T15:00,20.4,69,14.5,868.8,6.0,327,Bhaisipati,27.6515,85.3008
2023-10-29T16:00,19.2,77,15.0,869.1,3.8,343,Bhaisipati,27.6515,85.3008
2023-10-29T17:00,18.1,79,14.4,869.1,2.9,83,Bhaisipati,27.6515,85.3008
2023-10-29T18:00,17.4,83,14.4,869.4,3.0,166,Bhaisipati,27.6515,85.3008
2023-10-29T19:00,16.2,87,14.1,869.5,4.7,171,Bhaisipati,27.6515,85.3008
2023-10-29T20:00,15.4,89,13.6,869.7,4.7,171,Bhaisipati,27.6515,85.3008
2023-10-29T21:00,15.0,88,13.1,869.8,4.0,170,Bhaisipati,27.6515,85.3008
2023-10-29T22:00,15.1,85,12.5,869.7,3.6,174,Bhaisipati,27.6515,85.3008
2023-10-29T23:00,15.0,83,12.2,869.2,4.0,170,Bhaisipati,27.6515,85.3008
2023-10-30T00:00,14.7,83,11.8,868.5,4.0,170,Bhaisipati,27.6515,85.3008
2023-10-30T01:00,14.2,84,11.5,867.5,4.8,167,Bhaisipati,27.6515,85.3008
2023-10-30T02:00,13.6,86,11.3,867.0,3.7,169,Bhaisipati,27.6515,85.3008
2023-10-30T03:00,13.4,86,11.1,866.7,4.0,170,Bhaisipati,27.6515,85.3008
2023-10-30T04:00,13.0,87,11.0,866.8,4.0,175,Bhaisipati,27.6515,85.3008
2023-10-30T05:00,12.7,87,10.7,867.2,4.0,175,Bhaisipati,27.6515,85.3008
2023-10-30T06:00,12.2,92,10.9,868.4,5.1,172,Bhaisipati,27.6515,85.3008
2023-10-30T07:00,15.6,86,13.3,870.9,5.1,172,Bhaisipati,27.6515,85.3008
2023-10-30T08:00,19.4,68,13.4,873.1,2.2,90,Bhaisipati,27.6515,85.3008
2023-10-30T09:00,20.9,64,14.0,873.5,3.1,45,Bhaisipati,27.6515,85.3008
2023-10-30T10:00,22.3,59,13.9,873.2,2.9,7,Bhaisipati,27.6515,85.3008
2023-10-30T11:00,23.1,54,13.3,872.5,4.0,333,Bhaisipati,27.6515,85.3008
2023-10-30T12:00,23.4,54,13.6,871.4,4.9,324,Bhaisipati,27.6515,85.3008
2023-10-30T13:00,23.2,57,14.2,870.6,5.1,321,Bhaisipati,27.6515,85.3008
2023-10-30T14:00,22.0,60,14.0,870.0,4.7,328,Bhaisipati,27.6515,85.3008
2023-10-30T15:00,21.7,60,13.7,869.8,6.1,315,Bhaisipati,27.6515,85.3008
2023-10-30T16:00,20.0,81,16.6,869.5,3.0,346,Bhaisipati,27.6515,85.3008
2023-10-30T17:00,19.5,71,14.0,869.9,1.1,162,Bhaisipati,27.6515,85.3008
2023-10-30T18:00,17.4,81,14.2,870.3,2.9,173,Bhaisipati,27.6515,85.3008
2023-10-30T19:00,16.0,86,13.6,870.1,3.6,174,Bhaisipati,27.6515,85.3008
2023-10-30T20:00,14.8,90,13.2,870.2,3.6,174,Bhaisipati,27.6515,85.3008
2023-10-30T21:00,14.7,89,13.0,870.3,3.7,169,Bhaisipati,27.6515,85.3008
2023-10-30T22:00,14.7,89,12.9,870.2,4.0,170,Bhaisipati,27.6515,85.3008
2023-10-30T23:00,14.7,88,12.8,870.1,4.4,171,Bhaisipati,27.6515,85.3008
2023-10-31T00:00,14.7,88,12.7,869.9,4.0,170,Bhaisipati,27.6515,85.3008
2023-10-31T01:00,14.6,87,12.5,869.8,3.3,167,Bhaisipati,27.6515,85.3008
2023-10-31T02:00,14.6,86,12.3,869.6,3.3,167,Bhaisipati,27.6515,85.3008
2023-10-31T03:00,14.5,87,12.3,869.4,3.3,167,Bhaisipati,27.6515,85.3008
2023-10-31T04:00,14.4,86,12.1,869.5,3.3,167,Bhaisipati,27.6515,85.3008
2023-10-31T05:00,14.1,87,12.0,869.9,3.7,169,Bhaisipati,27.6515,85.3008
2023-10-31T06:00,13.7,94,12.7,870.8,5.2,168,Bhaisipati,27.6515,85.3008
2023-10-31T07:00,16.0,91,14.6,872.6,5.2,164,Bhaisipati,27.6515,85.3008
2023-10-31T08:00,19.4,75,15.0,874.7,2.1,121,Bhaisipati,27.6515,85.3008
2023-10-31T09:00,21.1,66,14.5,875.3,2.4,63,Bhaisipati,27.6515,85.3008
2023-10-31T10:00,22.1,57,13.3,875.0,2.2,9,Bhaisipati,27.6515,85.3008
2023-10-31T11:00,22.8,53,12.9,874.2,3.1,339,Bhaisipati,27.6515,85.3008
2023-10-31T12:00,23.2,54,13.5,873.4,4.7,337,Bhaisipati,27.6515,85.3008
2023-10-31T13:00,23.2,56,13.9,872.2,4.8,312,Bhaisipati,27.6515,85.3008
2023-10-31T14:00,22.6,58,14.0,871.5,4.8,297,Bhaisipati,27.6515,85.3008
2023-10-31T15:00,21.3,61,13.6,871.6,5.5,302,Bhaisipati,27.6515,85.3008
2023-10-31T16:00,20.2,70,14.6,871.5,2.5,8,Bhaisipati,27.6515,85.3008
2023-10-31T17:00,18.2,80,14.7,871.2,0.7,180,Bhaisipati,27.6515,85.3008
2023-10-31T18:00,16.7,87,14.6,871.5,5.1,172,Bhaisipati,27.6515,85.3008
2023-10-31T19:00,15.7,93,14.6,871.2,5.1,172,Bhaisipati,27.6515,85.3008
2023-10-31T20:00,15.1,93,13.9,871.2,4.0,175,Bhaisipati,27.6515,85.3008
2023-10-31T21:00,14.9,90,13.3,871.4,2.9,173,Bhaisipati,27.6515,85.3008
2023-10-31T22:00,15.0,87,12.8,871.7,2.2,171,Bhaisipati,27.6515,85.3008
2023-10-31T23:00,15.0,85,12.5,871.6,3.0,166,Bhaisipati,27.6515,85.3008
2023-11-01T00:00,15.0,84,12.3,871.2,3.3,167,Bhaisipati,27.6515,85.3008
2023-11-01T01:00,14.8,84,12.2,870.8,2.9,173,Bhaisipati,27.6515,85.3008
2023-11-01T02:00,14.5,86,12.0,870.2,2.2,180,Bhaisipati,27.6515,85.3008
2023-11-01T03:00,13.9,85,11.5,869.8,2.9,173,Bhaisipati,27.6515,85.3008
2023-11-01T04:00,13.9,85,11.3,869.8,3.6,174,Bhaisipati,27.6515,85.3008
2023-11-01T05:00,14.1,82,11.2,870.0,2.5,172,Bhaisipati,27.6515,85.3008
2023-11-01T06:00,15.3,80,11.8,871.7,2.2,171,Bhaisipati,27.6515,85.3008
2023-11-01T07:00,16.5,82,13.5,872.9,2.2,171,Bhaisipati,27.6515,85.3008
2023-11-01T08:00,19.4,68,13.5,874.6,1.6,63,Bhaisipati,27.6515,85.3008
2023-11-01T09:00,20.6,60,12.5,875.0,3.0,14,Bhaisipati,27.6515,85.3008
2023-11-01T10:00,21.9,54,12.2,874.7,4.7,337,Bhaisipati,27.6515,85.3008
2023-11-01T11:00,22.3,52,12.0,873.9,6.0,335,Bhaisipati,27.6515,85.3008
2023-11-01T12:00,22.2,53,12.3,873.0,5.9,346,Bhaisipati,27.6515,85.3008
2023-11-01T13:00,22.1,52,11.9,871.8,5.0,360,Bhaisipati,27.6515,85.3008
2023-11-01T14:00,22.6,50,11.8,871.5,6.0,343,Bhaisipati,27.6515,85.3008
2023-11-01T15:00,21.6,56,12.3,871.0,7.3,340,Bhaisipati,27.6515,85.3008
2023-11-01T16:00,20.0,70,14.4,870.7,2.5,360,Bhaisipati,27.6515,85.3008
2023-11-01T17:00,19.3,63,12.2,870.7,2.9,187,Bhaisipati,27.6515,85.3008
2023-11-01T18:00,16.5,83,13.6,870.7,2.2,171,Bhaisipati,27.6515,85.3008
2023-11-01T19:00,16.4,83,13.6,871.2,1.5,166,Bhaisipati,27.6515,85.3008
2023-11-01T20:00,16.2,85,13.8,871.5,2.2,171,Bhaisipati,27.6515,85.3008
2023-11-01T21:00,15.5,90,13.8,871.3,1.8,169,Bhaisipati,27.6515,85.3008
2023-11-01T22:00,15.0,90,13.4,870.9,3.0,166,Bhaisipati,27.6515,85.3008
2023-11-01T23:00,13.6,96,12.9,869.7,4.1,165,Bhaisipati,27.6515,85.3008
2023-11-02T00:00,12.2,100,12.2,868.5,5.2,168,Bhaisipati,27.6515,85.3008
2023-11-02T01:00,11.5,100,11.5,867.9,5.2,168,Bhaisipati,27.6515,85.3008
2023-11-02T02:00,10.8,100,10.8,867.0,5.9,169,Bhaisipati,27.6515,85.3008
2023-11-02T03:00,10.3,100,10.3,866.2,5.4,172,Bhaisipati,27.6515,85.3008
2023-11-02T04:00,10.3,100,10.3,866.2,5.9,169,Bhaisipati,27.6515,85.3008
2023-11-02T05:00,10.3,99,10.2,866.6,5.1,172,Bhaisipati,27.6515,85.3008
2023-11-02T06:00,10.5,100,10.5,868.2,4.5,166,Bhaisipati,27.6515,85.3008
2023-11-02T07:00,14.4,94,13.4,870.2,4.4,171,Bhaisipati,27.6515,85.3008
2023-11-02T08:00,19.1,78,15.1,872.6,1.3,34,Bhaisipati,27.6515,85.3008
2023-11-02T09:00,20.8,64,13.7,873.1,3.1,339,Bhaisipati,27.6515,85.3008
2023-11-02T10:00,21.8,63,14.4,872.7,5.0,330,Bhaisipati,27.6515,85.3008
2023-11-02T11:00,22.2,63,14.7,872.1,6.9,332,Bhaisipati,27.6515,85.3008
2023-11-02T12:00,22.1,63,14.8,871.1,7.7,332,Bhaisipati,27.6515,85.3008
2023-11-02T13:00,22.1,66,15.4,870.3,7.5,325,Bhaisipati,27.6515,85.3008
2023-11-02T14:00,21.9,67,15.4,869.6,7.8,326,Bhaisipati,27.6515,85.3008
2023-11-02T15:00,21.2,70,15.4,869.0,7.2,342,Bhaisipati,27.6515,85.3008
2023-11-02T16:00,19.9,76,15.7,868.7,4.0,5,Bhaisipati,27.6515,85.3008
2023-11-02T17:00,18.1,85,15.5,868.3,5.6,40,Bhaisipati,27.6515,85.3008
2023-11-02T18:00,17.1,84,14.5,868.8,1.1,162,Bhaisipati,27.6515,85.3008
2023-11-02T19:00,16.3,86,14.0,868.6,1.4,180,Bhaisipati,27.6515,85.3008
2023-11-02T20:00,15.7,87,13.6,868.4,1.1,180,Bhaisipati,27.6515,85.3008
2023-11-02T21:00,15.0,88,13.1,868.2,1.1,180,Bhaisipati,27.6515,85.3008
2023-11-02T22:00,14.8,88,12.8,868.0,1.8,169,Bhaisipati,27.6515,85.3008
2023-11-02T23:00,14.8,87,12.6,867.7,3.3,174,Bhaisipati,27.6515,85.3008
2023-11-03T00:00,14.3,87,12.2,866.9,3.7,169,Bhaisipati,27.6515,85.3008
2023-11-03T01:00,13.4,89,11.7,866.0,4.0,175,Bhaisipati,27.6515,85.3008
2023-11-03T02:00,12.3,92,11.0,864.8,5.1,172,Bhaisipati,27.6515,85.3008
2023-11-03T03:00,11.3,93,10.2,864.1,5.4,172,Bhaisipati,27.6515,85.3008
2023-11-03T04:00,10.8,93,9.6,864.3,5.4,172,Bhaisipati,27.6515,85.3008
2023-11-03T05:00,10.5,93,9.3,864.8,5.4,172,Bhaisipati,27.6515,85.3008
2023-11-03T06:00,11.4,95,10.7,866.5,7.2,174,Bhaisipati,27.6515,85.3008
2023-11-03T07:00,14.8,89,13.0,868.7,5.8,173,Bhaisipati,27.6515,85.3008
2023-11-03T08:00,18.3,76,14.0,870.6,0.5,135,Bhaisipati,27.6515,85.3008
2023-11-03T09:00,19.8,67,13.6,871.1,2.1,329,Bhaisipati,27.6515,85.3008
2023-11-03T10:00,21.0,61,13.2,870.7,4.3,318,Bhaisipati,27.6515,85.3008
2023-11-03T11:00,21.7,59,13.3,869.7,6.3,329,Bhaisipati,27.6515,85.3008
2023-11-03T12:00,22.1,55,12.7,868.7,6.4,313,Bhaisipati,27.6515,85.3008
2023-11-03T13:00,21.7,57,12.8,867.9,6.6,315,Bhaisipati,27.6515,85.3008
2023-11-03T14:00,20.2,64,13.2,867.3,6.3,283,Bhaisipati,27.6515,85.3008
2023-11-03T15:00,18.4,73,13.5,866.7,6.6,283,Bhaisipati,27.6515,85.3008
2023-11-03T16:00,17.7,73,12.9,866.6,3.3,221,Bhaisipati,27.6515,85.3008
2023-11-03T17:00,16.5,78,12.6,866.3,0.0,270,Bhaisipati,27.6515,85.3008
2023-11-03T18:00,15.9,85,13.4,866.8,2.3,162,Bhaisipati,27.6515,85.3008
2023-11-03T19:00,14.7,90,13.0,866.4,4.0,175,Bhaisipati,27.6515,85.3008
2023-11-03T20:00,13.7,93,12.7,866.5,4.3,180,Bhaisipati,27.6515,85.3008
2023-11-03T21:00,12.9,97,12.3,866.3,4.0,180,Bhaisipati,27.6515,85.3008
2023-11-03T22:00,12.7,96,12.0,866.7,4.3,185,Bhaisipati,27.6515,85.3008
2023-11-03T23:00,12.1,95,11.4,865.9,6.1,177,Bhaisipati,27.6515,85.3008
2023-11-04T00:00,11.8,95,10.9,865.9,5.2,168,Bhaisipati,27.6515,85.3008
2023-11-04T01:00,11.6,92,10.4,865.5,4.8,167,Bhaisipati,27.6515,85.3008
2023-11-04T02:00,11.3,93,10.2,864.7,6.3,167,Bhaisipati,27.6515,85.3008
2023-11-04T03:00,10.8,94,9.9,864.1,5.5,169,Bhaisipati,27.6515,85.3008
2023-11-04T04:00,10.5,95,9.8,863.5,6.2,170,Bhaisipati,27.6515,85.3008
2023-11-04T05:00,10.1,95,9.4,863.8,4.7,171,Bhaisipati,27.6515,85.3008
2023-11-04T06:00,11.3,94,10.3,865.9,4.3,175,Bhaisipati,27.6515,85.3008
2023-11-04T07:00,13.4,91,12.0,867.5,1.8,169,Bhaisipati,27.6515,85.3008
2023-11-04T08:00,16.6,78,12.8,869.4,0.8,63,Bhaisipati,27.6515,85.3008
2023-11-04T09:00,18.3,71,13.0,869.8,3.0,346,Bhaisipati,27.6515,85.3008
2023-11-04T10:00,19.4,65,12.8,869.4,4.3,318,Bhaisipati,27.6515,85.3008
2023-11-04T11:00,20.3,60,12.3,868.9,6.4,313,Bhaisipati,27.6515,85.3008
2023-11-04T12:00,19.6,64,12.6,868.1,7.1,300,Bhaisipati,27.6515,85.3008
2023-11-04T13:00,19.8,63,12.5,867.5,5.2,304,Bhaisipati,27.6515,85.3008
2023-11-04T14:00,19.2,66,12.7,866.9,5.9,308,Bhaisipati,27.6515,85.3008
2023-11-04T15:00,18.9,65,12.1,866.6,3.4,302,Bhaisipati,27.6515,85.3008
2023-11-04T16:00,18.2,73,13.2,866.6,2.5,352,Bhaisipati,27.6515,85.3008
2023-11-04T17:00,17.6,68,11.7,866.8,0.8,63,Bhaisipati,27.6515,85.3008
2023-11-04T18:00,15.7,80,12.3,867.0,2.5,188,Bhaisipati,27.6515,85.3008
2023-11-04T19:00,15.0,81,11.8,867.0,3.3,186,Bhaisipati,27.6515,85.3008
2023-11-04T20:00,14.4,82,11.4,867.3,2.2,180,Bhaisipati,27.6515,85.3008
2023-11-04T21:00,14.0,83,11.2,867.4,1.8,169,Bhaisipati,27.6515,85.3008
2023-11-04T22:00,13.6,85,11.0,867.5,2.2,171,Bhaisipati,27.6515,85.3008
2023-11-04T23:00,13.3,86,10.9,867.4,3.0,166,Bhaisipati,27.6515,85.3008
2023-11-05T00:00,12.8,87,10.7,867.2,3.7,169,Bhaisipati,27.6515,85.3008
2023-11-05T01:00,12.3,89,10.5,866.9,3.7,169,Bhaisipati,27.6515,85.3008
2023-11-05T02:00,11.9,89,10.2,866.4,4.4,171,Bhaisipati,27.6515,85.3008
2023-11-05T03:00,11.3,91,9.9,865.8,4.4,171,Bhaisipati,27.6515,85.3008
2023-11-05T04:00,10.6,93,9.5,865.5,3.7,169,Bhaisipati,27.6515,85.3008
2023-11-05T05:00,10.2,93,9.2,865.8,4.0,170,Bhaisipati,27.6515,85.3008
2023-11-05T06:00,11.1,95,10.3,867.1,5.2,164,Bhaisipati,27.6515,85.3008
2023-11-05T07:00,13.7,90,12.1,869.1,4.8,167,Bhaisipati,27.6515,85.3008
2023-11-05T08:00,17.1,77,12.9,871.2,0.8,63,Bhaisipati,27.6515,85.3008
2023-11-05T09:00,18.4,69,12.5,872.0,2.9,30,Bhaisipati,27.6515,85.3008
2023-11-05T10:00,19.0,64,12.1,871.5,2.9,360,Bhaisipati,27.6515,85.3008
2023-11-05T11:00,19.7,61,12.0,870.9,4.3,312,Bhaisipati,27.6515,85.3008
2023-11-05T12:00,20.0,59,11.8,869.9,4.8,297,Bhaisipati,27.6515,85.3008
2023-11-05T13:00,20.2,58,11.6,869.4,5.8,300,Bhaisipati,27.6515,85.3008
2023-11-05T14:00,19.8,60,11.7,868.8,6.1,315,Bhaisipati,27.6515,85.3008
2023-11-05T15:00,19.1,64,12.1,868.7,5.8,330,Bhaisipati,27.6515,85.3008
2023-11-05T16:00,18.3,74,13.7,868.7,1.5,14,Bhaisipati,27.6515,85.3008
2023-11-05T17:00,17.9,67,11.7,869.1,1.3,146,Bhaisipati,27.6515,85.3008
2023-11-05T18:00,15.8,78,12.0,869.0,3.3,174,Bhaisipati,27.6515,85.3008
2023-11-05T19:00,14.5,85,12.0,869.2,4.7,180,Bhaisipati,27.6515,85.3008
2023-11-05T20:00,13.8,87,11.7,869.3,3.3,174,Bhaisipati,27.6515,85.3008
2023-11-05T21:00,13.7,85,11.3,869.7,2.9,173,Bhaisipati,27.6515,85.3008
2023-11-05T22:00,13.7,84,11.0,869.7,2.5,172,Bhaisipati,27.6515,85.3008
2023-11-05T23:00,13.6,83,10.8,869.4,2.5,172,Bhaisipati,27.6515,85.3008
2023-11-06T00:00,13.5,83,10.6,869.1,2.9,173,Bhaisipati,27.6515,85.3008
2023-11-06T01:00,13.2,83,10.4,868.7,3.3,174,Bhaisipati,27.6515,85.3008
2023-11-06T02:00,12.5,86,10.3,868.2,3.3,174,Bhaisipati,27.6515,85.3008
2023-11-06T03:00,11.9,88,10.0,867.6,3.6,174,Bhaisipati,27.6515,85.3008
2023-11-06T04:00,11.3,90,9.8,867.3,4.0,170,Bhaisipati,27.6515,85.3008
2023-11-06T05:00,10.9,91,9.5,867.8,4.4,171,Bhaisipati,27.6515,85.3008
2023-11-06T06:00,10.8,94,9.8,868.9,4.4,171,Bhaisipati,27.6515,85.3008
2023-11-06T07:00,12.7,94,11.7,870.3,4.7,171,Bhaisipati,27.6515,85.3008
2023-11-06T08:00,17.1,75,12.6,872.8,1.5,135,Bhaisipati,27.6515,85.3008
2023-11-06T09:00,18.7,64,11.8,873.1,1.1,360,Bhaisipati,27.6515,85.3008
2023-11-06T10:00,19.7,58,11.2,872.8,3.4,328,Bhaisipati,27.6515,85.3008
2023-11-06T11:00,19.7,59,11.4,872.2,6.2,306,Bhaisipati,27.6515,85.3008
2023-11-06T12:00,18.4,71,13.1,871.4,6.1,315,Bhaisipati,27.6515,85.3008
2023-11-06T13:00,18.6,72,13.5,870.5,5.4,318,Bhaisipati,27.6515,85.3008
2023-11-06T14:00,18.4,74,13.8,869.9,4.1,322,Bhaisipati,27.6515,85.3008
2023-11-06T15:00,18.0,75,13.5,869.6,3.8,343,Bhaisipati,27.6515,85.3008
2023-11-06T16:00,17.3,78,13.5,869.5,2.9,330,Bhaisipati,27.6515,85.3008
2023-11-06T17:00,16.6,81,13.3,869.3,1.8,233,Bhaisipati,27.6515,85.3008
2023-11-06T18:00,15.0,88,12.9,869.2,3.2,180,Bhaisipati,27.6515,85.3008
2023-11-06T19:00,14.6,87,12.3,869.6,0.4,180,Bhaisipati,27.6515,85.3008
2023-11-06T20:00,14.8,84,12.0,870.1,2.2,180,Bhaisipati,27.6515,85.3008
2023-11-06T21:00,14.2,85,11.7,870.1,2.9,180,Bhaisipati,27.6515,85.3008
2023-11-06T22:00,13.7,86,11.4,869.8,2.2,171,Bhaisipati,27.6515,85.3008
2023-11-06T23:00,13.5,86,11.2,869.2,2.5,172,Bhaisipati,27.6515,85.3008
2023-11-07T00:00,13.1,87,10.9,868.3,4.3,175,Bhaisipati,27.6515,85.3008
2023-11-07T01:00,12.4,89,10.6,867.4,4.3,175,Bhaisipati,27.6515,85.3008
2023-11-07T02:00,12.0,88,10.2,866.9,4.0,175,Bhaisipati,27.6515,85.3008
2023-11-07T03:00,12.0,86,9.6,867.0,4.0,170,Bhaisipati,27.6515,85.3008
2023-11-07T04:00,11.6,85,9.1,866.6,4.4,171,Bhaisipati,27.6515,85.3008
2023-11-07T05:00,11.2,85,8.7,866.8,4.0,170,Bhaisipati,27.6515,85.3008
2023-11-07T06:00,11.3,88,9.4,868.1,3.3,174,Bhaisipati,27.6515,85.3008
2023-11-07T07:00,13.7,85,11.2,870.0,4.0,175,Bhaisipati,27.6515,85.3008
2023-11-07T08:00,17.4,68,11.4,872.6,1.8,90,Bhaisipati,27.6515,85.3008
2023-11-07T09:00,18.9,64,11.9,873.0,2.4,27,Bhaisipati,27.6515,85.3008
2023-11-07T10:00,19.9,58,11.5,872.6,3.4,342,Bhaisipati,27.6515,85.3008
2023-11-07T11:00,20.9,52,10.6,871.7,4.8,312,Bhaisipati,27.6515,85.3008
2023-11-07T12:00,21.2,47,9.5,870.7,7.1,300,Bhaisipati,27.6515,85.3008
2023-11-07T13:00,21.2,47,9.5,869.8,8.2,311,Bhaisipati,27.6515,85.3008
2023-11-07T14:00,20.7,49,9.6,869.3,9.1,326,Bhaisipati,27.6515,85.3008
2023-11-07T15:00,19.9,53,10.0,869.0,8.9,339,Bhaisipati,27.6515,85.3008
2023-11-07T16:00,18.2,66,11.8,868.4,4.0,10,Bhaisipati,27.6515,85.3008
2023-11-07T17:00,17.9,60,10.0,868.6,3.3,131,Bhaisipati,27.6515,85.3008
2023-11-07T18:00,15.8,74,11.0,867.9,2.2,180,Bhaisipati,27.6515,85.3008
2023-11-07T19:00,14.6,78,10.8,868.0,3.6,180,Bhaisipati,27.6515,85.3008
2023-11-07T20:00,13.5,83,10.7,867.6,3.6,174,Bhaisipati,27.6515,85.3008
2023-11-07T21:00,12.6,87,10.5,867.3,4.7,176,Bhaisipati,27.6515,85.3008
2023-11-07T22:00,12.2,87,10.2,867.3,4.0,175,Bhaisipati,27.6515,85.3008
2023-11-07T23:00,12.3,86,10.0,867.1,4.3,175,Bhaisipati,27.6515,85.3008
2023-11-08T00:00,12.1,86,9.8,866.6,5.1,172,Bhaisipati,27.6515,85.3008
2023-11-08T01:00,12.0,85,9.5,866.5,4.4,171,Bhaisipati,27.6515,85.3008
2023-11-08T02:00,12.0,84,9.3,866.0,3.7,169,Bhaisipati,27.6515,85.3008
2023-11-08T03:00,12.0,81,8.9,865.6,3.8,163,Bhaisipati,27.6515,85.3008
2023-11-08T04:00,12.0,79,8.5,865.7,3.4,162,Bhaisipati,27.6515,85.3008
2023-11-08T05:00,11.8,79,8.2,865.9,3.4,162,Bhaisipati,27.6515,85.3008
2023-11-08T06:00,12.5,81,9.3,867.3,3.3,167,Bhaisipati,27.6515,85.3008
2023-11-08T07:00,14.1,82,11.0,868.5,4.2,160,Bhaisipati,27.6515,85.3008
2023-11-08T08:00,17.3,70,11.8,870.7,2.9,83,Bhaisipati,27.6515,85.3008
2023-11-08T09:00,18.8,63,11.7,870.9,2.4,27,Bhaisipati,27.6515,85.3008
2023-11-08T10:00,19.9,56,10.9,870.9,3.4,342,Bhaisipati,27.6515,85.3008
2023-11-08T11:00,20.7,50,10.0,870.2,5.3,332,Bhaisipati,27.6515,85.3008
2023-11-08T12:00,20.8,49,9.6,869.4,7.3,327,Bhaisipati,27.6515,85.3008
2023-11-08T13:00,20.8,47,9.2,868.6,8.4,329,Bhaisipati,27.6515,85.3008
2023-11-08T14:00,20.4,45,8.0,868.2,8.7,336,Bhaisipati,27.6515,85.3008
2023-11-08T15:00,19.4,46,7.5,867.9,7.3,349,Bhaisipati,27.6515,85.3008
2023-11-08T16:00,17.7,65,11.0,867.4,3.7,11,Bhaisipati,27.6515,85.3008
2023-11-08T17:00,16.0,66,9.7,866.9,1.4,180,Bhaisipati,27.6515,85.3008
2023-11-08T18:00,15.4,66,9.2,867.2,3.6,186,Bhaisipati,27.6515,85.3008
2023-11-08T19:00,14.1,74,9.5,867.2,3.2,180,Bhaisipati,27.6515,85.3008
2023-11-08T20:00,13.4,78,9.5,867.2,2.5,172,Bhaisipati,27.6515,85.3008
2023-11-08T21:00,13.3,76,9.2,867.4,3.6,174,Bhaisipati,27.6515,85.3008
2023-11-08T22:00,13.1,75,8.8,867.1,4.3,175,Bhaisipati,27.6515,85.3008
2023-11-08T23:00,12.9,74,8.3,866.6,4.0,170,Bhaisipati,27.6515,85.3008
2023-11-09T00:00,12.7,73,7.9,866.1,3.7,169,Bhaisipati,27.6515,85.3008
2023-11-09T01:00,12.5,72,7.5,865.4,4.1,165,Bhaisipati,27.6515,85.3008
2023-11-09T02:00,12.2,72,7.2,865.0,4.1,165,Bhaisipati,27.6515,85.3008
2023-11-09T03:00,12.0,71,7.0,864.8,4.6,162,Bhaisipati,27.6515,85.3008
2023-11-09T04:00,11.8,72,6.9,864.7,4.8,167,Bhaisipati,27.6515,85.3008
2023-11-09T05:00,11.2,74,6.7,865.0,4.8,167,Bhaisipati,27.6515,85.3008
2023-11-09T06:00,9.8,83,7.2,865.4,6.3,167,Bhaisipati,27.6515,85.3008
2023-11-09T07:00,12.1,81,8.8,867.4,6.6,171,Bhaisipati,27.6515,85.3008
2023-11-09T08:00,16.7,58,8.5,870.4,1.8,143,Bhaisipati,27.6515,85.3008
2023-11-09T09:00,18.6,49,7.7,871.2,1.3,34,Bhaisipati,27.6515,85.3008
2023-11-09T10:00,19.8,45,7.6,871.2,1.4,360,Bhaisipati,27.6515,85.3008
2023-11-09T11:00,20.5,44,7.7,870.6,3.3,311,Bhaisipati,27.6515,85.3008
2023-11-09T12:00,20.9,45,8.4,869.7,4.9,306,Bhaisipati,27.6515,85.3008
2023-11-09T13:00,20.8,48,9.4,869.0,5.6,310,Bhaisipati,27.6515,85.3008
2023-11-09T14:00,20.3,52,10.2,868.6,5.9,317,Bhaisipati,27.6515,85.3008
2023-11-09T15:00,19.3,58,10.8,868.2,5.0,330,Bhaisipati,27.6515,85.3008
2023-11-09T16:00,17.7,75,13.3,867.8,2.6,16,Bhaisipati,27.6515,85.3008
2023-11-09T17:00,16.6,69,10.9,867.9,0.7,180,Bhaisipati,27.6515,85.3008
2023-11-09T18:00,15.6,74,10.9,868.4,2.2,171,Bhaisipati,27.6515,85.3008
2023-11-09T19:00,14.4,80,11.0,868.5,3.3,174,Bhaisipati,27.6515,85.3008
2023-11-09T20:00,13.4,86,11.1,868.8,2.5,180,Bhaisipati,27.6515,85.3008
2023-11-09T21:00,12.7,90,11.1,868.6,3.6,174,Bhaisipati,27.6515,85.3008
2023-11-09T22:00,11.7,94,10.8,868.0,4.3,175,Bhaisipati,27.6515,85.3008
2023-11-09T23:00,10.8,96,10.2,867.4,4.7,171,Bhaisipati,27.6515,85.3008
2023-11-10T00:00,10.1,96,9.5,866.7,5.2,168,Bhaisipati,27.6515,85.3008
2023-11-10T01:00,9.3,100,9.2,865.9,5.2,168,Bhaisipati,27.6515,85.3008
2023-11-10T02:00,9.0,100,9.0,865.5,5.8,173,Bhaisipati,27.6515,85.3008
2023-11-10T03:00,8.6,99,8.4,865.1,5.9,169,Bhaisipati,27.6515,85.3008
2023-11-10T04:00,8.3,99,8.2,865.4,5.4,172,Bhaisipati,27.6515,85.3008
2023-11-10T05:00,8.2,99,8.1,865.8,5.4,172,Bhaisipati,27.6515,85.3008
2023-11-10T06:00,8.2,100,8.2,866.8,7.6,172,Bhaisipati,27.6515,85.3008
2023-11-10T07:00,11.5,92,10.3,869.2,7.3,169,Bhaisipati,27.6515,85.3008
2023-11-10T08:00,16.5,74,11.8,872.5,2.7,157,Bhaisipati,27.6515,85.3008
2023-11-10T09:00,18.2,64,11.2,873.3,1.5,45,Bhaisipati,27.6515,85.3008
2023-11-10T10:00,19.3,60,11.3,873.1,2.3,18,Bhaisipati,27.6515,85.3008
2023-11-10T11:00,20.4,56,11.3,872.4,4.0,350,Bhaisipati,27.6515,85.3008
2023-11-10T12:00,21.0,52,10.7,871.7,5.6,320,Bhaisipati,27.6515,85.3008
2023-11-10T13:00,20.8,52,10.7,870.8,6.5,304,Bhaisipati,27.6515,85.3008
2023-11-10T14:00,20.1,55,10.9,870.1,6.4,308,Bhaisipati,27.6515,85.3008
2023-11-10T15:00,19.3,59,11.2,869.8,6.5,326,Bhaisipati,27.6515,85.3008
2023-11-10T16:00,18.0,67,11.8,869.7,3.8,343,Bhaisipati,27.6515,85.3008
2023-11-10T17:00,17.2,64,10.3,869.8,2.5,180,Bhaisipati,27.6515,85.3008
2023-11-10T18:00,15.6,82,12.5,869.5,1.5,166,Bhaisipati,27.6515,85.3008
2023-11-10T19:00,14.9,82,11.8,870.0,1.5,166,Bhaisipati,27.6515,85.3008
2023-11-10T20:00,14.3,85,11.8,870.2,0.7,180,Bhaisipati,27.6515,85.3008
2023-11-10T21:00,14.1,84,11.5,870.4,1.5,166,Bhaisipati,27.6515,85.3008
2023-11-10T22:00,13.8,86,11.4,870.1,3.3,167,Bhaisipati,27.6515,85.3008
2023-11-10T23:00,13.0,89,11.2,869.5,3.6,174,Bhaisipati,27.6515,85.3008
2023-11-11T00:00,12.2,92,11.0,868.8,4.0,175,Bhaisipati,27.6515,85.3008
2023-11-11T01:00,11.4,95,10.7,868.0,4.7,176,Bhaisipati,27.6515,85.3008
2023-11-11T02:00,10.8,97,10.3,867.1,5.1,172,Bhaisipati,27.6515,85.3008
2023-11-11T03:00,10.3,96,9.8,866.5,5.2,168,Bhaisipati,27.6515,85.3008
2023-11-11T04:00,10.0,96,9.4,866.4,5.5,169,Bhaisipati,27.6515,85.3008
2023-11-11T05:00,9.6,97,9.1,866.8,5.9,169,Bhaisipati,27.6515,85.3008
2023-11-11T06:00,8.7,100,8.7,867.7,7.6,175,Bhaisipati,27.6515,85.3008
2023-11-11T07:00,11.9,93,10.8,870.2,6.9,174,Bhaisipati,27.6515,85.3008
2023-11-11T08:00,16.9,77,12.8,873.4,2.1,149,Bhaisipati,27.6515,85.3008
2023-11-11T09:00,18.8,64,11.8,874.1,2.3,51,Bhaisipati,27.6515,85.3008
2023-11-11T10:00,20.1,58,11.5,873.8,2.4,333,Bhaisipati,27.6515,85.3008
2023-11-11T11:00,19.9,59,11.8,873.1,7.1,294,Bhaisipati,27.6515,85.3008
2023-11-11T12:00,19.0,66,12.5,872.2,7.9,294,Bhaisipati,27.6515,85.3008
2023-11-11T13:00,18.4,69,12.5,871.2,6.6,311,Bhaisipati,27.6515,85.3008
2023-11-11T14:00,18.4,69,12.6,870.6,5.2,326,Bhaisipati,27.6515,85.3008
2023-11-11T15:00,17.9,72,12.8,870.4,4.5,331,Bhaisipati,27.6515,85.3008
2023-11-11T16:00,16.9,82,13.9,870.3,1.6,333,Bhaisipati,27.6515,85.3008
2023-11-11T17:00,15.5,87,13.4,869.9,0.5,135,Bhaisipati,27.6515,85.3008
2023-11-11T18:00,15.0,84,12.3,870.3,2.5,172,Bhaisipati,27.6515,85.3008
2023-11-11T19:00,14.0,86,11.7,870.1,5.1,176,Bhaisipati,27.6515,85.3008
2023-11-11T20:00,12.8,90,11.2,869.6,3.7,169,Bhaisipati,27.6515,85.3008
2023-11-11T21:00,12.2,91,10.7,869.8,4.0,175,Bhaisipati,27.6515,85.3008
2023-11-11T22:00,11.2,93,10.1,869.2,4.7,171,Bhaisipati,27.6515,85.3008
2023-11-11T23:00,10.6,92,9.4,868.5,4.4,171,Bhaisipati,27.6515,85.3008
2023-11-12T00:00,10.5,90,8.9,867.8,4.7,171,Bhaisipati,27.6515,85.3008
2023-11-12T01:00,10.2,90,8.6,867.2,4.0,170,Bhaisipati,27.6515,85.3008
2023-11-12T02:00,10.0,89,8.3,867.0,4.0,175,Bhaisipati,27.6515,85.3008
2023-11-12T03:00,10.2,86,7.9,867.0,4.0,170,Bhaisipati,27.6515,85.3008
2023-11-12T04:00,10.5,82,7.5,867.4,3.7,169,Bhaisipati,27.6515,85.3008
2023-11-12T05:00,10.8,78,7.1,867.9,3.7,169,Bhaisipati,27.6515,85.3008
2023-11-12T06:00,10.1,92,8.8,868.5,5.2,168,Bhaisipati,27.6515,85.3008
2023-11-12T07:00,12.8,87,10.6,870.6,6.7,164,Bhaisipati,27.6515,85.3008
2023-11-12T08:00,16.7,76,12.4,873.1,3.7,119,Bhaisipati,27.6515,85.3008
2023-11-12T09:00,18.4,67,12.0,873.8,4.5,61,Bhaisipati,27.6515,85.3008
2023-11-12T10:00,19.7,61,11.8,873.6,4.8,42,Bhaisipati,27.6515,85.3008
2023-11-12T11:00,20.4,56,11.2,872.7,5.6,27,Bhaisipati,27.6515,85.3008
2023-11-12T12:00,20.8,54,11.2,871.8,5.1,4,Bhaisipati,27.6515,85.3008
2023-11-12T13:00,20.6,56,11.6,871.1,5.8,330,Bhaisipati,27.6515,85.3008
2023-11-12T14:00,19.7,60,11.8,870.5,5.6,320,Bhaisipati,27.6515,85.3008
2023-11-12T15:00,19.0,63,11.8,870.3,4.6,309,Bhaisipati,27.6515,85.3008
2023-11-12T16:00,18.4,72,13.2,870.5,1.9,338,Bhaisipati,27.6515,85.3008
2023-11-12T17:00,17.8,65,11.1,870.7,2.4,117,Bhaisipati,27.6515,85.3008
2023-11-12T18:00,15.0,76,10.9,870.4,1.8,191,Bhaisipati,27.6515,85.3008
2023-11-12T19:00,14.6,75,10.2,871.0,2.2,189,Bhaisipati,27.6515,85.3008
2023-11-12T20:00,14.0,77,10.0,871.3,2.5,180,Bhaisipati,27.6515,85.3008
2023-11-12T21:00,13.5,79,9.9,871.5,2.5,172,Bhaisipati,27.6515,85.3008
2023-11-12T22:00,13.3,79,9.7,871.2,3.8,163,Bhaisipati,27.6515,85.3008
2023-11-12T23:00,13.5,77,9.5,870.8,4.0,175,Bhaisipati,27.6515,85.3008
2023-11-13T00:00,13.0,79,9.4,870.2,3.3,167,Bhaisipati,27.6515,85.3008
2023-11-13T01:00,12.6,80,9.2,869.7,3.3,167,Bhaisipati,27.6515,85.3008
2023-11-13T02:00,12.5,79,8.9,869.1,3.9,158,Bhaisipati,27.6515,85.3008
2023-11-13T03:00,12.3,79,8.7,868.8,4.1,165,Bhaisipati,27.6515,85.3008
2023-11-13T04:00,11.8,80,8.5,868.7,4.1,165,Bhaisipati,27.6515,85.3008
2023-11-13T05:00,11.3,82,8.3,869.0,4.5,166,Bhaisipati,27.6515,85.3008
2023-11-13T06:00,10.2,91,8.7,869.4,6.6,167,Bhaisipati,27.6515,85.3008
2023-11-13T07:00,12.4,87,10.3,871.3,7.0,168,Bhaisipati,27.6515,85.3008
2023-11-13T08:00,16.9,69,11.3,873.9,3.1,144,Bhaisipati,27.6515,85.3008
2023-11-13T09:00,18.9,58,10.4,874.9,2.1,59,Bhaisipati,27.6515,85.3008
2023-11-13T10:00,20.1,56,11.0,874.8,3.0,14,Bhaisipati,27.6515,85.3008
2023-11-13T11:00,20.9,54,11.4,874.0,4.0,355,Bhaisipati,27.6515,85.3008
2023-11-13T12:00,21.5,53,11.5,873.0,4.1,345,Bhaisipati,27.6515,85.3008
2023-11-13T13:00,21.9,51,11.3,872.2,4.5,331,Bhaisipati,27.6515,85.3008
2023-11-13T14:00,21.1,56,11.9,871.6,5.6,315,Bhaisipati,27.6515,85.3008
2023-11-13T15:00,19.7,64,12.7,871.1,6.6,319,Bhaisipati,27.6515,85.3008
2023-11-13T16:00,17.9,77,13.9,870.7,2.7,337,Bhaisipati,27.6515,85.3008
2023-11-13T17:00,16.8,75,12.2,870.7,2.1,149,Bhaisipati,27.6515,85.3008
2023-11-13T18:00,16.0,78,12.2,870.7,2.3,162,Bhaisipati,27.6515,85.3008
2023-11-13T19:00,15.3,80,12.0,870.9,3.6,174,Bhaisipati,27.6515,85.3008
2023-11-13T20:00,14.9,82,11.8,870.9,3.6,174,Bhaisipati,27.6515,85.3008
2023-11-13T21:00,14.3,84,11.5,871.0,4.3,175,Bhaisipati,27.6515,85.3008
2023-11-13T22:00,13.6,86,11.3,870.8,4.4,171,Bhaisipati,27.6515,85.3008
2023-11-13T23:00,13.3,86,11.0,870.5,3.6,174,Bhaisipati,27.6515,85.3008
2023-11-14T00:00,13.4,83,10.5,870.1,4.4,171,Bhaisipati,27.6515,85.3008
2023-11-14T01:00,13.6,79,10.0,869.8,5.2,168,Bhaisipati,27.6515,85.3008
2023-11-14T02:00,13.2,78,9.5,869.3,5.1,172,Bhaisipati,27.6515,85.3008
2023-11-14T03:00,12.5,80,9.2,868.8,5.4,172,Bhaisipati,27.6515,85.3008
2023-11-14T04:00,11.9,82,8.9,868.5,5.1,172,Bhaisipati,27.6515,85.3008
2023-11-14T05:00,11.5,82,8.5,868.4,5.1,172,Bhaisipati,27.6515,85.3008
2023-11-14T06:00,10.7,84,8.1,869.1,5.5,169,Bhaisipati,27.6515,85.3008
2023-11-14T07:00,12.8,80,9.4,870.7,6.6,171,Bhaisipati,27.6515,85.3008
2023-11-14T08:00,17.6,62,10.3,874.0,3.1,159,Bhaisipati,27.6515,85.3008
2023-11-14T09:00,19.6,49,8.6,875.0,1.0,45,Bhaisipati,27.6515,85.3008
2023-11-14T10:00,20.6,48,9.0,874.7,2.6,344,Bhaisipati,27.6515,85.3008
2023-11-14T11:00,21.2,48,9.8,873.4,4.5,331,Bhaisipati,27.6515,85.3008
2023-11-14T12:00,21.6,50,10.8,872.4,5.1,321,Bhaisipati,27.6515,85.3008
2023-11-14T13:00,21.6,52,11.3,871.6,5.6,320,Bhaisipati,27.6515,85.3008
2023-11-14T14:00,20.9,57,12.0,870.9,6.9,321,Bhaisipati,27.6515,85.3008
2023-11-14T15:00,19.9,60,11.8,870.3,6.8,328,Bhaisipati,27.6515,85.3008
2023-11-14T16:00,18.2,73,13.2,869.8,2.9,353,Bhaisipati,27.6515,85.3008
2023-11-14T17:00,17.8,63,10.7,869.9,1.9,158,Bhaisipati,27.6515,85.3008
2023-11-14T18:00,15.6,77,11.6,869.8,2.6,164,Bhaisipati,27.6515,85.3008
2023-11-14T19:00,14.3,84,11.5,869.6,4.3,175,Bhaisipati,27.6515,85.3008
2023-11-14T20:00,13.4,88,11.5,870.1,4.0,175,Bhaisipati,27.6515,85.3008
2023-11-14T21:00,13.2,89,11.3,870.4,4.4,171,Bhaisipati,27.6515,85.3008
2023-11-14T22:00,13.5,88,11.5,870.7,5.1,176,Bhaisipati,27.6515,85.3008
2023-11-14T23:00,13.4,88,11.3,870.5,4.7,176,Bhaisipati,27.6515,85.3008
2023-11-15T00:00,13.1,88,11.2,869.9,4.0,175,Bhaisipati,27.6515,85.3008
2023-11-15T01:00,12.8,88,10.8,869.5,3.2,180,Bhaisipati,27.6515,85.3008
2023-11-15T02:00,12.3,88,10.4,868.6,4.3,175,Bhaisipati,27.6515,85.3008
2023-11-15T03:00,11.8,89,10.0,867.9,4.0,175,Bhaisipati,27.6515,85.3008
2023-11-15T04:00,11.2,91,9.8,867.5,4.0,175,Bhaisipati,27.6515,85.3008
2023-11-15T05:00,10.7,93,9.5,867.6,4.0,170,Bhaisipati,27.6515,85.3008
2023-11-15T06:00,11.2,92,10.0,869.3,3.3,174,Bhaisipati,27.6515,85.3008
2023-11-15T07:00,13.2,89,11.5,870.8,3.3,167,Bhaisipati,27.6515,85.3008
2023-11-15T08:00,17.4,72,12.4,873.2,1.6,117,Bhaisipati,27.6515,85.3008
2023-11-15T09:00,18.9,66,12.4,873.9,1.9,22,Bhaisipati,27.6515,85.3008
2023-11-15T10:00,19.9,63,12.7,873.8,3.1,339,Bhaisipati,27.6515,85.3008
2023-11-15T11:00,20.8,57,12.0,873.3,3.7,331,Bhaisipati,27.6515,85.3008
2023-11-15T12:00,21.1,58,12.5,872.4,5.8,338,Bhaisipati,27.6515,85.3008
2023-11-15T13:00,20.9,60,12.9,871.4,8.1,328,Bhaisipati,27.6515,85.3008
2023-11-15T14:00,20.2,62,12.6,870.9,7.7,311,Bhaisipati,27.6515,85.3008
2023-11-15T15:00,19.3,65,12.5,870.5,5.9,313,Bhaisipati,27.6515,85.3008
2023-11-15T16:00,17.8,76,13.6,870.4,1.8,360,Bhaisipati,27.6515,85.3008
2023-11-15T17:00,15.9,83,13.1,869.9,1.1,162,Bhaisipati,27.6515,85.3008
2023-11-15T18:00,15.7,80,12.2,870.2,2.5,172,Bhaisipati,27.6515,85.3008
2023-11-15T19:00,14.7,85,12.3,870.4,3.6,180,Bhaisipati,27.6515,85.3008
2023-11-15T20:00,13.8,89,12.1,870.6,2.9,173,Bhaisipati,27.6515,85.3008
2023-11-15T21:00,13.4,90,11.8,871.0,4.0,175,Bhaisipati,27.6515,85.3008
2023-11-15T22:00,13.4,89,11.5,871.1,4.3,175,Bhaisipati,27.6515,85.3008
2023-11-15T23:00,13.4,87,11.3,870.9,4.7,176,Bhaisipati,27.6515,85.3008
2023-11-16T00:00,13.1,87,11.0,870.5,3.6,174,Bhaisipati,27.6515,85.3008
2023-11-16T01:00,12.9,86,10.6,870.0,3.6,174,Bhaisipati,27.6515,85.3008
2023-11-16T02:00,12.7,85,10.3,869.4,3.3,174,Bhaisipati,27.6515,85.3008
2023-11-16T03:00,12.5,84,9.9,869.1,3.6,174,Bhaisipati,27.6515,85.3008
2023-11-16T04:00,12.2,85,9.7,869.0,3.6,174,Bhaisipati,27.6515,85.3008
2023-11-16T05:00,11.8,86,9.5,869.4,3.6,174,Bhaisipati,27.6515,85.3008
2023-11-16T06:00,11.1,92,9.8,870.7,4.0,170,Bhaisipati,27.6515,85.3008
2023-11-16T07:00,13.0,88,11.0,871.9,3.6,174,Bhaisipati,27.6515,85.3008
2023-11-16T08:00,16.8,70,11.3,874.2,1.5,135,Bhaisipati,27.6515,85.3008
2023-11-16T09:00,18.4,64,11.6,874.9,1.1,360,Bhaisipati,27.6515,85.3008
2023-11-16T10:00,19.9,59,11.8,874.9,3.1,339,Bhaisipati,27.6515,85.3008
2023-11-16T11:00,21.1,57,12.2,874.4,4.6,321,Bhaisipati,27.6515,85.3008
2023-11-16T12:00,21.6,59,13.2,873.6,6.6,319,Bhaisipati,27.6515,85.3008
2023-11-16T13:00,21.2,61,13.4,873.0,6.6,315,Bhaisipati,27.6515,85.3008
2023-11-16T14:00,20.4,63,13.0,872.4,7.1,330,Bhaisipati,27.6515,85.3008
2023-11-16T15:00,19.4,64,12.5,871.8,6.0,343,Bhaisipati,27.6515,85.3008
2023-11-16T16:00,17.9,79,14.3,871.5,2.6,16,Bhaisipati,27.6515,85.3008
2023-11-16T17:00,15.9,83,12.9,871.2,0.7,180,Bhaisipati,27.6515,85.3008
2023-11-16T18:00,15.3,83,12.5,871.8,4.7,180,Bhaisipati,27.6515,85.3008
2023-11-16T19:00,13.7,91,12.2,871.6,5.8,173,Bhaisipati,27.6515,85.3008
2023-11-16T20:00,12.4,92,11.2,871.7,5.4,172,Bhaisipati,27.6515,85.3008
2023-11-16T21:00,11.7,90,10.1,871.8,5.4,172,Bhaisipati,27.6515,85.3008
2023-11-16T22:00,11.7,87,9.6,871.5,5.8,173,Bhaisipati,27.6515,85.3008
2023-11-16T23:00,11.9,85,9.5,871.6,5.4,172,Bhaisipati,27.6515,85.3008
2023-11-17T00:00,12.2,83,9.4,871.6,4.4,171,Bhaisipati,27.6515,85.3008
2023-11-17T01:00,12.5,81,9.3,871.4,3.7,169,Bhaisipati,27.6515,85.3008
2023-11-17T02:00,12.8,79,9.2,870.9,3.7,169,Bhaisipati,27.6515,85.3008
2023-11-17T03:00,12.9,78,9.0,870.3,3.8,163,Bhaisipati,27.6515,85.3008
2023-11-17T04:00,12.8,78,9.0,870.2,3.3,167,Bhaisipati,27.6515,85.3008
2023-11-17T05:00,12.7,78,9.0,870.2,3.0,166,Bhaisipati,27.6515,85.3008
2023-11-17T06:00,12.3,79,8.8,871.0,3.7,169,Bhaisipati,27.6515,85.3008
2023-11-17T07:00,13.5,81,10.3,871.9,4.4,171,Bhaisipati,27.6515,85.3008
2023-11-17T08:00,17.7,69,12.0,874.3,1.5,104,Bhaisipati,27.6515,85.3008
2023-11-17T09:00,19.3,58,10.8,874.9,3.3,354,Bhaisipati,27.6515,85.3008
2023-11-17T10:00,20.4,54,10.9,874.5,4.9,343,Bhaisipati,27.6515,85.3008
2023-11-17T11:00,21.3,52,11.0,873.6,5.4,340,Bhaisipati,27.6515,85.3008
2023-11-17T12:00,21.7,52,11.5,872.6,6.2,339,Bhaisipati,27.6515,85.3008
2023-11-17T13:00,21.6,55,12.1,871.7,7.1,330,Bhaisipati,27.6515,85.3008
2023-11-17T14:00,21.0,56,12.0,870.7,7.6,335,Bhaisipati,27.6515,85.3008
2023-11-17T15:00,20.2,58,11.8,870.3,6.8,335,Bhaisipati,27.6515,85.3008
2023-11-17T16:00,18.3,74,13.5,869.8,3.6,360,Bhaisipati,27.6515,85.3008
2023-11-17T17:00,18.2,61,10.5,870.1,2.1,149,Bhaisipati,27.6515,85.3008
2023-11-17T18:00,15.8,75,11.3,869.6,2.2,180,Bhaisipati,27.6515,85.3008
2023-11-17T19:00,15.0,77,11.0,869.9,1.8,180,Bhaisipati,27.6515,85.3008
2023-11-17T20:00,14.7,75,10.3,870.2,2.5,180,Bhaisipati,27.6515,85.3008
2023-11-17T21:00,14.2,76,9.9,870.2,3.6,174,Bhaisipati,27.6515,85.3008
2023-11-17T22:00,13.7,77,9.6,870.2,3.7,169,Bhaisipati,27.6515,85.3008
2023-11-17T23:00,13.3,77,9.3,869.7,3.6,174,Bhaisipati,27.6515,85.3008
2023-11-18T00:00,13.1,77,9.2,869.4,2.2,171,Bhaisipati,27.6515,85.3008
2023-11-18T01:00,13.0,77,9.0,868.6,2.5,172,Bhaisipati,27.6515,85.3008
2023-11-18T02:00,12.5,79,9.0,868.1,2.9,173,Bhaisipati,27.6515,85.3008
2023-11-18T03:00,11.8,82,9.0,867.7,2.5,172,Bhaisipati,27.6515,85.3008
2023-11-18T04:00,11.5,84,9.0,867.7,2.5,172,Bhaisipati,27.6515,85.3008
2023-11-18T05:00,11.7,84,9.0,868.4,1.4,180,Bhaisipati,27.6515,85.3008
2023-11-18T06:00,12.1,84,9.5,869.9,2.2,171,Bhaisipati,27.6515,85.3008
2023-11-18T07:00,14.8,76,10.7,871.7,0.4,180,Bhaisipati,27.6515,85.3008
2023-11-18T08:00,16.3,71,11.0,872.8,2.9,353,Bhaisipati,27.6515,85.3008
2023-11-18T09:00,17.0,71,11.7,873.0,5.0,330,Bhaisipati,27.6515,85.3008
2023-11-18T10:00,18.0,66,11.5,872.9,6.0,335,Bhaisipati,27.6515,85.3008
2023-11-18T11:00,18.6,65,11.8,872.1,7.3,349,Bhaisipati,27.6515,85.3008
2023-11-18T12:00,18.8,66,12.3,871.4,7.9,344,Bhaisipati,27.6515,85.3008
2023-11-18T13:00,18.9,66,12.3,870.6,7.1,336,Bhaisipati,27.6515,85.3008
2023-11-18T14:00,18.7,67,12.3,870.0,5.5,337,Bhaisipati,27.6515,85.3008
2023-11-18T15:00,18.2,69,12.3,869.7,4.1,322,Bhaisipati,27.6515,85.3008
2023-11-18T16:00,17.1,82,14.0,869.6,2.3,342,Bhaisipati,27.6515,85.3008
2023-11-18T17:00,16.7,75,12.2,870.1,2.1,149,Bhaisipati,27.6515,85.3008
2023-11-18T18:00,14.7,86,12.3,869.2,1.8,180,Bhaisipati,27.6515,85.3008
2023-11-18T19:00,14.4,85,11.9,869.7,2.2,180,Bhaisipati,27.6515,85.3008
2023-11-18T20:00,14.0,86,11.7,869.8,2.2,171,Bhaisipati,27.6515,85.3008
2023-11-18T21:00,13.6,87,11.4,870.0,2.5,172,Bhaisipati,27.6515,85.3008
2023-11-18T22:00,13.2,88,11.2,870.0,4.0,175,Bhaisipati,27.6515,85.3008
2023-11-18T23:00,12.3,91,10.8,869.6,4.3,175,Bhaisipati,27.6515,85.3008
2023-11-19T00:00,11.2,94,10.2,869.0,4.3,175,Bhaisipati,27.6515,85.3008
2023-11-19T01:00,10.2,95,9.5,868.6,4.7,176,Bhaisipati,27.6515,85.3008
2023-11-19T02:00,9.5,96,9.0,868.0,5.4,172,Bhaisipati,27.6515,85.3008
2023-11-19T03:00,9.0,97,8.6,867.6,6.9,174,Bhaisipati,27.6515,85.3008
2023-11-19T04:00,8.5,99,8.3,867.6,6.5,174,Bhaisipati,27.6515,85.3008
2023-11-19T05:00,8.2,100,8.2,868.0,5.8,173,Bhaisipati,27.6515,85.3008
2023-11-19T06:00,9.2,100,9.2,869.7,6.9,174,Bhaisipati,27.6515,85.3008
2023-11-19T07:00,11.3,95,10.6,871.3,4.7,171,Bhaisipati,27.6515,85.3008
2023-11-19T08:00,16.0,78,12.2,874.2,1.1,108,Bhaisipati,27.6515,85.3008
2023-11-19T09:00,17.6,70,12.1,874.6,1.6,27,Bhaisipati,27.6515,85.3008
2023-11-19T10:00,18.9,66,12.4,874.3,2.2,360,Bhaisipati,27.6515,85.3008
2023-11-19T11:00,20.1,60,12.1,873.7,4.0,350,Bhaisipati,27.6515,85.3008
2023-11-19T12:00,20.3,63,13.0,872.7,6.3,347,Bhaisipati,27.6515,85.3008
2023-11-19T13:00,20.2,65,13.3,871.9,7.3,340,Bhaisipati,27.6515,85.3008
2023-11-19T14:00,19.6,66,13.2,871.2,7.8,338,Bhaisipati,27.6515,85.3008
2023-11-19T15:00,18.7,69,12.9,870.6,6.6,338,Bhaisipati,27.6515,85.3008
2023-11-19T16:00,17.1,80,13.7,870.2,2.2,9,Bhaisipati,27.6515,85.3008
2023-11-19T17:00,15.5,85,12.9,869.9,1.5,166,Bhaisipati,27.6515,85.3008
2023-11-19T18:00,15.0,86,12.7,869.7,3.6,180,Bhaisipati,27.6515,85.3008
2023-11-19T19:00,13.8,91,12.3,869.5,4.3,180,Bhaisipati,27.6515,85.3008
2023-11-19T20:00,13.0,92,11.8,869.5,3.6,174,Bhaisipati,27.6515,85.3008
2023-11-19T21:00,12.8,91,11.3,869.6,3.3,174,Bhaisipati,27.6515,85.3008
2023-11-19T22:00,12.5,91,11.0,869.2,4.3,175,Bhaisipati,27.6515,85.3008
2023-11-19T23:00,12.1,91,10.7,869.0,4.0,175,Bhaisipati,27.6515,85.3008
2023-11-20T00:00,11.8,92,10.5,868.5,4.3,175,Bhaisipati,27.6515,85.3008
2023-11-20T01:00,11.5,93,10.5,868.3,4.3,175,Bhaisipati,27.6515,85.3008
2023-11-20T02:00,11.3,94,10.5,868.1,4.4,171,Bhaisipati,27.6515,85.3008
2023-11-20T03:00,11.1,95,10.3,867.8,4.4,171,Bhaisipati,27.6515,85.3008
2023-11-20T04:00,10.9,94,10.0,867.7,4.4,171,Bhaisipati,27.6515,85.3008
2023-11-20T05:00,10.7,93,9.7,867.8,4.7,171,Bhaisipati,27.6515,85.3008
2023-11-20T06:00,10.7,88,8.8,868.8,6.2,170,Bhaisipati,27.6515,85.3008
2023-11-20T07:00,12.5,83,9.7,870.3,6.6,171,Bhaisipati,27.6515,85.3008
2023-11-20T08:00,16.9,64,10.1,873.0,4.8,153,Bhaisipati,27.6515,85.3008
2023-11-20T09:00,18.9,54,9.5,873.7,2.4,117,Bhaisipati,27.6515,85.3008
2023-11-20T10:00,20.4,50,9.7,873.7,1.1,90,Bhaisipati,27.6515,85.3008
2023-11-20T11:00,21.4,47,9.8,873.0,1.1,342,Bhaisipati,27.6515,85.3008
2023-11-20T12:00,21.9,48,10.3,872.2,3.6,315,Bhaisipati,27.6515,85.3008
2023-11-20T13:00,21.6,52,11.4,871.5,6.0,303,Bhaisipati,27.6515,85.3008
2023-11-20T14:00,20.9,58,12.3,870.8,6.1,310,Bhaisipati,27.6515,85.3008
2023-11-20T15:00,19.9,64,12.8,870.5,5.6,320,Bhaisipati,27.6515,85.3008
2023-11-20T16:00,17.9,81,14.6,870.2,4.0,333,Bhaisipati,27.6515,85.3008
2023-11-20T17:00,17.6,71,12.3,870.3,2.6,164,Bhaisipati,27.6515,85.3008
2023-11-20T18:00,15.6,82,12.5,869.8,1.8,169,Bhaisipati,27.6515,85.3008
2023-11-20T19:00,14.6,85,12.0,869.5,2.9,173,Bhaisipati,27.6515,85.3008
2023-11-20T20:00,13.2,90,11.6,869.2,3.6,174,Bhaisipati,27.6515,85.3008
2023-11-20T21:00,12.4,92,11.2,869.2,3.3,174,Bhaisipati,27.6515,85.3008
2023-11-20T22:00,12.0,93,10.9,869.1,3.3,174,Bhaisipati,27.6515,85.3008
2023-11-20T23:00,11.6,93,10.5,868.8,3.6,174,Bhaisipati,27.6515,85.3008
2023-11-21T00:00,11.3,93,10.3,868.1,4.0,175,Bhaisipati,27.6515,85.3008
2023-11-21T01:00,11.0,93,10.0,867.5,4.0,175,Bhaisipati,27.6515,85.3008
2023-11-21T02:00,10.8,94,9.8,866.8,2.9,173,Bhaisipati,27.6515,85.3008
2023-11-21T03:00,10.5,94,9.6,866.3,3.6,174,Bhaisipati,27.6515,85.3008
2023-11-21T04:00,10.1,95,9.3,866.0,4.4,171,Bhaisipati,27.6515,85.3008
2023-11-21T05:00,9.8,96,9.1,866.0,4.7,171,Bhaisipati,27.6515,85.3008
2023-11-21T06:00,9.1,98,8.8,866.4,6.9,171,Bhaisipati,27.6515,85.3008
2023-11-21T07:00,11.3,94,10.4,867.6,6.8,177,Bhaisipati,27.6515,85.3008
2023-11-21T08:00,16.2,83,13.4,870.5,2.2,180,Bhaisipati,27.6515,85.3008
2023-11-21T09:00,18.3,72,13.2,871.3,2.2,351,Bhaisipati,27.6515,85.3008
2023-11-21T10:00,19.4,69,13.7,871.2,3.9,326,Bhaisipati,27.6515,85.3008
2023-11-21T11:00,20.0,70,14.3,870.1,5.7,325,Bhaisipati,27.6515,85.3008
2023-11-21T12:00,20.2,70,14.6,869.2,6.8,328,Bhaisipati,27.6515,85.3008
2023-11-21T13:00,20.1,70,14.4,868.3,6.6,331,Bhaisipati,27.6515,85.3008
2023-11-21T14:00,19.8,71,14.3,867.6,6.4,333,Bhaisipati,27.6515,85.3008
2023-11-21T15:00,18.9,73,14.0,867.1,5.4,340,Bhaisipati,27.6515,85.3008
2023-11-21T16:00,17.4,82,14.3,866.9,2.5,360,Bhaisipati,27.6515,85.3008
2023-11-21T17:00,16.7,77,12.7,867.0,4.6,18,Bhaisipati,27.6515,85.3008
2023-11-21T18:00,14.1,90,12.5,866.3,0.7,180,Bhaisipati,27.6515,85.3008
2023-11-21T19:00,13.4,92,12.0,866.5,1.1,180,Bhaisipati,27.6515,85.3008
2023-11-21T20:00,13.4,91,11.8,867.1,1.1,180,Bhaisipati,27.6515,85.3008
2023-11-21T21:00,12.9,92,11.5,867.2,2.2,171,Bhaisipati,27.6515,85.3008
2023-11-21T22:00,12.6,93,11.5,867.2,2.5,172,Bhaisipati,27.6515,85.3008
2023-11-21T23:00,11.7,94,10.7,866.6,2.9,173,Bhaisipati,27.6515,85.3008
2023-11-22T00:00,10.3,96,9.8,865.5,4.7,171,Bhaisipati,27.6515,85.3008
2023-11-22T01:00,8.4,100,8.4,863.7,6.2,170,Bhaisipati,27.6515,85.3008
2023-11-22T02:00,7.5,100,7.5,862.8,6.9,171,Bhaisipati,27.6515,85.3008
2023-11-22T03:00,7.3,100,7.3,862.6,6.5,174,Bhaisipati,27.6515,85.3008
2023-11-22T04:00,7.1,100,7.1,862.7,5.8,173,Bhaisipati,27.6515,85.3008
2023-11-22T05:00,7.1,100,7.1,863.1,6.2,173,Bhaisipati,27.6515,85.3008
2023-11-22T06:00,8.0,100,8.0,864.5,6.6,171,Bhaisipati,27.6515,85.3008
2023-11-22T07:00,10.7,93,9.5,866.7,5.2,168,Bhaisipati,27.6515,85.3008
2023-11-22T08:00,15.3,78,11.5,869.6,2.9,150,Bhaisipati,27.6515,85.3008
2023-11-22T09:00,17.3,69,11.5,870.5,2.8,40,Bhaisipati,27.6515,85.3008
2023-11-22T10:00,18.4,65,11.7,870.2,4.5,14,Bhaisipati,27.6515,85.3008
2023-11-22T11:00,19.5,59,11.2,869.4,5.8,353,Bhaisipati,27.6515,85.3008
2023-11-22T12:00,19.9,56,10.8,868.4,7.3,340,Bhaisipati,27.6515,85.3008
2023-11-22T13:00,19.8,55,10.5,867.6,8.3,326,Bhaisipati,27.6515,85.3008
2023-11-22T14:00,19.2,58,10.7,867.0,8.9,313,Bhaisipati,27.6515,85.3008
2023-11-22T15:00,18.0,66,11.7,866.6,7.6,315,Bhaisipati,27.6515,85.3008
2023-11-22T16:00,16.5,77,12.5,866.5,4.0,5,Bhaisipati,27.6515,85.3008
2023-11-22T17:00,15.1,82,12.0,866.6,3.8,107,Bhaisipati,27.6515,85.3008
2023-11-22T18:00,13.8,82,10.7,867.1,1.1,162,Bhaisipati,27.6515,85.3008
2023-11-22T19:00,13.3,83,10.5,867.3,2.2,171,Bhaisipati,27.6515,85.3008
2023-11-22T20:00,12.8,85,10.3,867.4,2.9,173,Bhaisipati,27.6515,85.3008
2023-11-22T21:00,12.3,87,10.2,867.3,3.7,169,Bhaisipati,27.6515,85.3008
2023-11-22T22:00,12.0,88,10.0,867.1,4.0,170,Bhaisipati,27.6515,85.3008
2023-11-22T23:00,11.7,88,9.8,866.6,4.0,170,Bhaisipati,27.6515,85.3008
2023-11-23T00:00,11.2,89,9.5,866.3,4.0,170,Bhaisipati,27.6515,85.3008
2023-11-23T01:00,11.0,89,9.2,865.8,4.0,170,Bhaisipati,27.6515,85.3008
2023-11-23T02:00,10.4,90,8.9,865.1,4.8,167,Bhaisipati,27.6515,85.3008
2023-11-23T03:00,9.4,93,8.3,864.4,5.5,169,Bhaisipati,27.6515,85.3008
2023-11-23T04:00,8.5,96,7.9,864.0,5.5,169,Bhaisipati,27.6515,85.3008
2023-11-23T05:00,8.0,98,7.6,864.2,5.9,169,Bhaisipati,27.6515,85.3008
2023-11-23T06:00,9.5,94,8.7,866.1,5.4,160,Bhaisipati,27.6515,85.3008
2023-11-23T07:00,11.8,91,10.3,867.7,6.8,162,Bhaisipati,27.6515,85.3008
2023-11-23T08:00,15.2,83,12.3,869.8,3.9,146,Bhaisipati,27.6515,85.3008
2023-11-23T09:00,17.3,72,12.2,870.6,2.1,59,Bhaisipati,27.6515,85.3008
2023-11-23T10:00,18.8,65,12.1,870.6,2.9,30,Bhaisipati,27.6515,85.3008
2023-11-23T11:00,19.7,62,12.3,869.8,4.0,5,Bhaisipati,27.6515,85.3008
2023-11-23T12:00,20.2,60,12.2,868.7,3.9,338,Bhaisipati,27.6515,85.3008
2023-11-23T13:00,19.9,61,12.3,867.9,4.8,312,Bhaisipati,27.6515,85.3008
2023-11-23T14:00,19.3,64,12.4,867.3,4.1,322,Bhaisipati,27.6515,85.3008
2023-11-23T15:00,18.4,68,12.5,867.2,4.0,333,Bhaisipati,27.6515,85.3008
2023-11-23T16:00,16.8,83,14.0,866.9,3.3,13,Bhaisipati,27.6515,85.3008
2023-11-23T17:00,16.4,73,11.6,867.4,1.1,162,Bhaisipati,27.6515,85.3008
2023-11-23T18:00,14.7,81,11.4,867.3,2.2,171,Bhaisipati,27.6515,85.3008
2023-11-23T19:00,14.0,82,11.0,867.4,2.2,180,Bhaisipati,27.6515,85.3008
2023-11-23T20:00,13.6,83,10.8,867.7,2.5,172,Bhaisipati,27.6515,85.3008
2023-11-23T21:00,13.0,85,10.5,867.9,4.0,170,Bhaisipati,27.6515,85.3008
2023-11-23T22:00,12.2,89,10.3,867.4,4.4,171,Bhaisipati,27.6515,85.3008
2023-11-23T23:00,11.4,92,10.2,866.8,4.4,171,Bhaisipati,27.6515,85.3008
2023-11-24T00:00,11.0,92,9.8,866.7,4.0,170,Bhaisipati,27.6515,85.3008
2023-11-24T01:00,11.0,92,9.7,866.5,4.0,170,Bhaisipati,27.6515,85.3008
2023-11-24T02:00,11.0,90,9.5,866.4,3.6,174,Bhaisipati,27.6515,85.3008
2023-11-24T03:00,10.8,90,9.2,866.0,3.7,169,Bhaisipati,27.6515,85.3008
2023-11-24T04:00,10.7,90,9.0,866.0,4.5,166,Bhaisipati,27.6515,85.3008
2023-11-24T05:00,10.5,90,8.9,866.3,4.9,163,Bhaisipati,27.6515,85.3008
2023-11-24T06:00,10.7,92,9.5,867.5,6.7,164,Bhaisipati,27.6515,85.3008
2023-11-24T07:00,12.1,90,10.5,869.0,8.1,167,Bhaisipati,27.6515,85.3008
2023-11-24T08:00,15.7,79,12.0,871.1,4.4,171,Bhaisipati,27.6515,85.3008
2023-11-24T09:00,18.0,62,10.7,872.1,0.5,135,Bhaisipati,27.6515,85.3008
2023-11-24T10:00,19.4,57,10.6,872.0,2.6,326,Bhaisipati,27.6515,85.3008
2023-11-24T11:00,19.9,60,12.0,871.2,4.8,333,Bhaisipati,27.6515,85.3008
2023-11-24T12:00,19.8,63,12.5,870.3,5.8,292,Bhaisipati,27.6515,85.3008
2023-11-24T13:00,19.4,65,12.8,869.6,5.8,360,Bhaisipati,27.6515,85.3008
2023-11-24T14:00,18.3,71,12.9,868.9,5.1,309,Bhaisipati,27.6515,85.3008
2023-11-24T15:00,18.1,70,12.5,868.7,1.3,304,Bhaisipati,27.6515,85.3008
2023-11-24T16:00,17.1,79,13.4,868.4,2.3,39,Bhaisipati,27.6515,85.3008
2023-11-24T17:00,15.0,85,12.5,868.0,1.5,166,Bhaisipati,27.6515,85.3008
2023-11-24T18:00,14.3,86,12.0,868.1,2.2,180,Bhaisipati,27.6515,85.3008
2023-11-24T19:00,13.7,87,11.5,868.8,1.8,180,Bhaisipati,27.6515,85.3008
2023-11-24T20:00,13.2,88,11.3,869.1,1.1,180,Bhaisipati,27.6515,85.3008
2023-11-24T21:00,13.2,88,11.2,869.4,2.5,180,Bhaisipati,27.6515,85.3008
2023-11-24T22:00,12.7,90,11.0,869.2,3.2,180,Bhaisipati,27.6515,85.3008
2023-11-24T23:00,12.2,91,10.8,868.5,2.5,180,Bhaisipati,27.6515,85.3008
2023-11-25T00:00,11.8,92,10.6,868.1,2.5,180,Bhaisipati,27.6515,85.3008
2023-11-25T01:00,11.5,93,10.3,867.5,2.5,180,Bhaisipati,27.6515,85.3008
2023-11-25T02:00,10.9,94,10.0,867.0,2.9,180,Bhaisipati,27.6515,85.3008
2023-11-25T03:00,10.0,96,9.5,866.5,2.9,173,Bhaisipati,27.6515,85.3008
2023-11-25T04:00,9.0,99,8.8,866.2,3.3,174,Bhaisipati,27.6515,85.3008
2023-11-25T05:00,8.3,99,8.2,866.4,4.0,175,Bhaisipati,27.6515,85.3008
2023-11-25T06:00,9.8,97,9.3,868.4,5.9,169,Bhaisipati,27.6515,85.3008
2023-11-25T07:00,11.2,95,10.5,869.9,5.9,169,Bhaisipati,27.6515,85.3008
2023-11-25T08:00,15.1,89,13.3,872.5,4.2,160,Bhaisipati,27.6515,85.3008
2023-11-25T09:00,17.3,73,12.5,873.7,2.9,60,Bhaisipati,27.6515,85.3008
2023-11-25T10:00,18.6,65,11.8,873.4,3.3,41,Bhaisipati,27.6515,85.3008
2023-11-25T11:00,19.4,59,11.3,872.5,3.9,22,Bhaisipati,27.6515,85.3008
2023-11-25T12:00,19.3,60,11.4,871.6,3.4,342,Bhaisipati,27.6515,85.3008
2023-11-25T13:00,19.3,59,11.2,871.0,4.6,315,Bhaisipati,27.6515,85.3008
2023-11-25T14:00,18.7,62,11.3,870.7,4.6,309,Bhaisipati,27.6515,85.3008
2023-11-25T15:00,18.1,65,11.4,870.7,1.8,281,Bhaisipati,27.6515,85.3008
2023-11-25T16:00,17.5,68,11.5,871.0,0.4,90,Bhaisipati,27.6515,85.3008
2023-11-25T17:00,16.8,71,11.4,871.3,1.0,135,Bhaisipati,27.6515,85.3008
2023-11-25T18:00,15.2,79,11.6,870.9,1.1,180,Bhaisipati,27.6515,85.3008
2023-11-25T19:00,13.3,88,11.3,870.5,3.3,174,Bhaisipati,27.6515,85.3008
2023-11-25T20:00,12.5,89,10.8,870.5,2.5,172,Bhaisipati,27.6515,85.3008
2023-11-25T21:00,12.3,89,10.5,870.7,3.3,167,Bhaisipati,27.6515,85.3008
2023-11-25T22:00,12.5,89,10.8,870.7,3.3,174,Bhaisipati,27.6515,85.3008
2023-11-25T23:00,11.8,93,10.6,870.3,4.0,175,Bhaisipati,27.6515,85.3008
2023-11-26T00:00,10.7,94,9.7,869.4,5.1,172,Bhaisipati,27.6515,85.3008
2023-11-26T01:00,9.4,98,9.1,868.6,6.2,173,Bhaisipati,27.6515,85.3008
2023-11-26T02:00,8.8,99,8.7,868.3,6.5,174,Bhaisipati,27.6515,85.3008
2023-11-26T03:00,8.5,99,8.3,868.3,6.2,173,Bhaisipati,27.6515,85.3008
2023-11-26T04:00,8.3,98,8.0,868.4,5.4,172,Bhaisipati,27.6515,85.3008
2023-11-26T05:00,8.3,96,7.8,869.1,4.7,171,Bhaisipati,27.6515,85.3008
2023-11-26T06:00,8.7,97,8.2,870.3,7.0,168,Bhaisipati,27.6515,85.3008
2023-11-26T07:00,11.0,93,10.0,872.1,7.8,167,Bhaisipati,27.6515,85.3008
2023-11-26T08:00,15.7,82,12.7,874.7,5.3,152,Bhaisipati,27.6515,85.3008
2023-11-26T09:00,17.9,71,12.5,875.8,2.2,99,Bhaisipati,27.6515,85.3008
2023-11-26T10:00,19.4,65,12.5,875.5,2.2,351,Bhaisipati,27.6515,85.3008
2023-11-26T11:00,20.3,62,12.7,874.7,4.2,329,Bhaisipati,27.6515,85.3008
2023-11-26T12:00,20.7,62,13.1,873.5,4.8,333,Bhaisipati,27.6515,85.3008
2023-11-26T13:00,21.0,61,13.3,872.4,4.5,331,Bhaisipati,27.6515,85.3008
2023-11-26T14:00,20.8,64,13.6,871.6,4.9,324,Bhaisipati,27.6515,85.3008
2023-11-26T15:00,19.8,69,13.9,871.3,4.9,324,Bhaisipati,27.6515,85.3008
2023-11-26T16:00,17.6,82,14.4,870.8,4.3,355,Bhaisipati,27.6515,85.3008
2023-11-26T17:00,17.3,72,12.3,871.2,2.0,135,Bhaisipati,27.6515,85.3008
2023-11-26T18:00,15.3,80,11.9,871.2,1.8,169,Bhaisipati,27.6515,85.3008
2023-11-26T19:00,15.0,81,11.8,871.6,2.5,172,Bhaisipati,27.6515,85.3008
2023-11-26T20:00,14.7,82,11.7,871.7,3.7,169,Bhaisipati,27.6515,85.3008
2023-11-26T21:00,14.4,83,11.5,871.4,4.4,171,Bhaisipati,27.6515,85.3008
2023-11-26T22:00,14.0,83,11.2,870.8,5.2,168,Bhaisipati,27.6515,85.3008
2023-11-26T23:00,13.7,82,10.5,869.8,5.6,165,Bhaisipati,27.6515,85.3008
2023-11-27T00:00,13.2,80,9.8,868.7,5.9,166,Bhaisipati,27.6515,85.3008
2023-11-27T01:00,12.3,82,9.3,867.8,5.9,169,Bhaisipati,27.6515,85.3008
2023-11-27T02:00,11.5,85,9.0,867.6,5.1,172,Bhaisipati,27.6515,85.3008
2023-11-27T03:00,10.8,86,8.6,867.2,5.5,169,Bhaisipati,27.6515,85.3008
2023-11-27T04:00,10.4,86,8.2,867.0,6.6,171,Bhaisipati,27.6515,85.3008
2023-11-27T05:00,10.1,87,8.1,867.5,6.8,177,Bhaisipati,27.6515,85.3008
2023-11-27T06:00,10.5,90,8.8,869.7,5.1,172,Bhaisipati,27.6515,85.3008
2023-11-27T07:00,12.3,86,10.0,871.3,4.3,175,Bhaisipati,27.6515,85.3008
2023-11-27T08:00,16.6,75,12.3,873.5,4.6,141,Bhaisipati,27.6515,85.3008
2023-11-27T09:00,18.8,60,10.7,874.0,2.5,82,Bhaisipati,27.6515,85.3008
2023-11-27T10:00,20.4,54,10.8,873.4,1.1,72,Bhaisipati,27.6515,85.3008
2023-11-27T11:00,21.4,53,11.3,872.8,3.8,311,Bhaisipati,27.6515,85.3008
2023-11-27T12:00,20.9,59,12.5,871.9,6.0,303,Bhaisipati,27.6515,85.3008
2023-11-27T13:00,20.4,63,13.2,871.5,7.5,305,Bhaisipati,27.6515,85.3008
2023-11-27T14:00,19.4,67,13.2,871.1,7.2,333,Bhaisipati,27.6515,85.3008
2023-11-27T15:00,18.4,72,13.2,870.6,5.2,344,Bhaisipati,27.6515,85.3008
2023-11-27T16:00,17.2,83,14.2,870.3,1.9,22,Bhaisipati,27.6515,85.3008
2023-11-27T17:00,16.3,84,13.6,869.9,0.8,153,Bhaisipati,27.6515,85.3008
2023-11-27T18:00,15.1,85,12.5,869.4,3.3,167,Bhaisipati,27.6515,85.3008
2023-11-27T19:00,14.5,89,12.6,869.4,1.8,169,Bhaisipati,27.6515,85.3008
2023-11-27T20:00,14.2,90,12.5,869.6,3.7,169,Bhaisipati,27.6515,85.3008
2023-11-27T21:00,13.6,92,12.3,869.3,5.5,169,Bhaisipati,27.6515,85.3008
2023-11-27T22:00,12.8,94,11.8,868.8,4.6,162,Bhaisipati,27.6515,85.3008
2023-11-27T23:00,12.5,94,11.5,868.3,4.7,171,Bhaisipati,27.6515,85.3008
2023-11-28T00:00,12.0,95,11.1,867.7,4.8,167,Bhaisipati,27.6515,85.3008
2023-11-28T01:00,12.3,91,11.0,867.7,2.9,173,Bhaisipati,27.6515,85.3008
2023-11-28T02:00,12.9,89,11.0,867.4,4.0,175,Bhaisipati,27.6515,85.3008
2023-11-28T03:00,12.7,89,11.0,866.9,4.4,171,Bhaisipati,27.6515,85.3008
2023-11-28T04:00,11.8,91,10.5,867.0,5.4,176,Bhaisipati,27.6515,85.3008
2023-11-28T05:00,11.6,88,9.7,867.7,3.3,174,Bhaisipati,27.6515,85.3008
2023-11-28T06:00,12.3,85,9.8,868.8,5.5,169,Bhaisipati,27.6515,85.3008
2023-11-28T07:00,13.3,81,10.1,869.8,5.8,173,Bhaisipati,27.6515,85.3008
2023-11-28T08:00,16.2,66,10.0,871.5,3.8,163,Bhaisipati,27.6515,85.3008
2023-11-28T09:00,17.8,65,11.0,871.9,1.5,346,Bhaisipati,27.6515,85.3008
2023-11-28T10:00,18.7,63,11.5,871.7,3.9,326,Bhaisipati,27.6515,85.3008
2023-11-28T11:00,19.4,62,12.0,870.9,4.3,336,Bhaisipati,27.6515,85.3008
2023-11-28T12:00,19.7,60,11.7,870.0,5.3,332,Bhaisipati,27.6515,85.3008
2023-11-28T13:00,19.1,63,11.8,869.2,5.5,328,Bhaisipati,27.6515,85.3008
2023-11-28T14:00,18.7,66,12.1,868.6,5.0,330,Bhaisipati,27.6515,85.3008
2023-11-28T15:00,17.9,70,12.3,868.4,3.4,302,Bhaisipati,27.6515,85.3008
2023-11-28T16:00,16.7,84,14.0,868.3,1.5,45,Bhaisipati,27.6515,85.3008
2023-11-28T17:00,15.8,82,12.7,868.3,1.6,153,Bhaisipati,27.6515,85.3008
2023-11-28T18:00,14.7,83,11.8,868.8,2.9,173,Bhaisipati,27.6515,85.3008
2023-11-28T19:00,14.1,84,11.5,868.5,4.4,171,Bhaisipati,27.6515,85.3008
2023-11-28T20:00,13.2,87,11.0,868.1,4.7,176,Bhaisipati,27.6515,85.3008
2023-11-28T21:00,12.5,89,10.8,868.1,2.9,173,Bhaisipati,27.6515,85.3008
2023-11-28T22:00,12.3,89,10.5,868.1,3.3,174,Bhaisipati,27.6515,85.3008
2023-11-28T23:00,11.8,91,10.3,867.6,4.3,180,Bhaisipati,27.6515,85.3008
2023-11-29T00:00,11.8,89,10.0,867.4,2.5,180,Bhaisipati,27.6515,85.3008
2023-11-29T01:00,12.1,86,9.9,867.7,1.8,180,Bhaisipati,27.6515,85.3008
2023-11-29T02:00,11.8,86,9.5,867.4,4.9,163,Bhaisipati,27.6515,85.3008
2023-11-29T03:00,10.7,90,9.2,866.5,5.7,162,Bhaisipati,27.6515,85.3008
2023-11-29T04:00,10.1,92,8.9,866.3,6.3,167,Bhaisipati,27.6515,85.3008
2023-11-29T05:00,9.5,93,8.5,866.1,5.2,168,Bhaisipati,27.6515,85.3008
2023-11-29T06:00,9.6,95,8.8,867.1,4.8,167,Bhaisipati,27.6515,85.3008
2023-11-29T07:00,11.5,89,9.8,868.8,5.1,172,Bhaisipati,27.6515,85.3008
2023-11-29T08:00,16.3,75,11.8,871.5,4.0,170,Bhaisipati,27.6515,85.3008
2023-11-29T09:00,18.3,61,10.8,872.6,0.8,27,Bhaisipati,27.6515,85.3008
2023-11-29T10:00,19.5,57,10.8,872.3,2.7,337,Bhaisipati,27.6515,85.3008
2023-11-29T11:00,19.9,56,10.8,871.6,3.2,333,Bhaisipati,27.6515,85.3008
2023-11-29T12:00,20.4,55,11.0,870.6,4.8,318,Bhaisipati,27.6515,85.3008
2023-11-29T13:00,20.2,58,11.8,870.0,3.9,326,Bhaisipati,27.6515,85.3008
2023-11-29T14:00,19.4,64,12.3,869.7,4.7,293,Bhaisipati,27.6515,85.3008
2023-11-29T15:00,17.4,71,12.0,869.6,4.7,274,Bhaisipati,27.6515,85.3008
2023-11-29T16:00,15.8,85,13.2,868.9,2.9,173,Bhaisipati,27.6515,85.3008
2023-11-29T17:00,14.3,81,11.0,868.2,2.9,173,Bhaisipati,27.6515,85.3008
2023-11-29T18:00,14.0,85,11.4,868.3,2.2,180,Bhaisipati,27.6515,85.3008
2023-11-29T19:00,13.1,87,10.9,868.7,2.5,180,Bhaisipati,27.6515,85.3008
2023-11-29T20:00,12.5,88,10.5,868.7,2.9,173,Bhaisipati,27.6515,85.3008
2023-11-29T21:00,12.2,88,10.3,868.9,3.6,174,Bhaisipati,27.6515,85.3008
2023-11-29T22:00,11.7,91,10.2,868.6,4.4,171,Bhaisipati,27.6515,85.3008
2023-11-29T23:00,11.3,92,10.0,868.5,4.0,170,Bhaisipati,27.6515,85.3008
2023-11-30T00:00,11.1,92,9.8,868.3,4.0,175,Bhaisipati,27.6515,85.3008
2023-11-30T01:00,11.0,92,9.7,868.2,4.3,175,Bhaisipati,27.6515,85.3008
2023-11-30T02:00,10.8,91,9.5,868.0,4.0,170,Bhaisipati,27.6515,85.3008
2023-11-30T03:00,10.9,90,9.4,867.7,3.7,169,Bhaisipati,27.6515,85.3008
2023-11-30T04:00,10.8,90,9.3,867.3,4.9,163,Bhaisipati,27.6515,85.3008
2023-11-30T05:00,10.3,92,9.0,867.2,5.5,169,Bhaisipati,27.6515,85.3008
2023-11-30T06:00,10.2,95,9.5,868.0,6.6,167,Bhaisipati,27.6515,85.3008
2023-11-30T07:00,11.6,92,10.4,869.9,5.9,169,Bhaisipati,27.6515,85.3008
2023-11-30T08:00,14.5,90,12.9,872.6,1.8,307,Bhaisipati,27.6515,85.3008
2023-11-30T09:00,16.2,71,10.8,873.1,2.6,74,Bhaisipati,27.6515,85.3008
2023-11-30T10:00,17.5,66,11.0,872.8,1.1,18,Bhaisipati,27.6515,85.3008
2023-11-30T11:00,17.3,66,11.0,871.9,2.5,8,Bhaisipati,27.6515,85.3008
2023-11-30T12:00,17.3,66,11.0,870.9,1.1,360,Bhaisipati,27.6515,85.3008
2023-11-30T13:00,17.4,68,11.5,870.0,2.9,7,Bhaisipati,27.6515,85.3008
2023-11-30T14:00,17.8,64,11.0,869.7,3.9,338,Bhaisipati,27.6515,85.3008
2023-11-30T15:00,16.9,70,11.4,869.6,4.8,347,Bhaisipati,27.6515,85.3008
2023-11-30T16:00,15.5,82,12.4,869.2,2.1,31,Bhaisipati,27.6515,85.3008
2023-11-30T17:00,14.4,83,11.5,869.0,2.4,153,Bhaisipati,27.6515,85.3008
2023-11-30T18:00,14.2,75,9.8,869.8,1.8,169,Bhaisipati,27.6515,85.3008
2023-11-30T19:00,13.5,79,9.9,869.7,3.3,167,Bhaisipati,27.6515,85.3008
2023-11-30T20:00,13.2,83,10.4,869.9,2.9,180,Bhaisipati,27.6515,85.3008
2023-11-30T21:00,11.8,88,10.0,869.5,3.3,174,Bhaisipati,27.6515,85.3008
2023-11-30T22:00,10.8,91,9.5,868.9,5.2,168,Bhaisipati,27.6515,85.3008
2023-11-30T23:00,9.9,92,8.7,868.1,5.9,166,Bhaisipati,27.6515,85.3008
2023-12-01T00:00,9.4,90,7.9,867.5,6.2,170,Bhaisipati,27.6515,85.3008
2023-12-01T01:00,9.0,89,7.2,867.0,5.9,169,Bhaisipati,27.6515,85.3008
2023-12-01T02:00,8.7,87,6.7,866.6,5.5,169,Bhaisipati,27.6515,85.3008
2023-12-01T03:00,8.5,86,6.3,866.4,5.2,168,Bhaisipati,27.6515,85.3008
2023-12-01T04:00,8.6,85,6.2,866.2,4.7,171,Bhaisipati,27.6515,85.3008
2023-12-01T05:00,8.8,83,6.2,866.7,5.8,173,Bhaisipati,27.6515,85.3008
2023-12-01T06:00,9.2,98,8.8,868.0,4.0,170,Bhaisipati,27.6515,85.3008
2023-12-01T07:00,11.2,92,10.0,869.3,2.2,171,Bhaisipati,27.6515,85.3008
2023-12-01T08:00,15.7,76,11.4,871.9,3.4,148,Bhaisipati,27.6515,85.3008
2023-12-01T09:00,17.4,65,10.8,872.6,1.5,45,Bhaisipati,27.6515,85.3008
2023-12-01T10:00,18.7,58,10.2,872.3,2.5,8,Bhaisipati,27.6515,85.3008
2023-12-01T11:00,19.6,54,9.9,871.6,2.9,360,Bhaisipati,27.6515,85.3008
2023-12-01T12:00,20.2,52,10.2,870.6,3.0,346,Bhaisipati,27.6515,85.3008
2023-12-01T13:00,20.4,51,10.0,869.7,3.8,311,Bhaisipati,27.6515,85.3008
2023-12-01T14:00,19.7,57,10.8,869.2,6.0,303,Bhaisipati,27.6515,85.3008
2023-12-01T15:00,18.6,63,11.5,868.8,5.7,305,Bhaisipati,27.6515,85.3008
2023-12-01T16:00,16.5,79,12.8,868.4,2.5,8,Bhaisipati,27.6515,85.3008
2023-12-01T17:00,15.0,81,11.7,868.0,1.6,153,Bhaisipati,27.6515,85.3008
2023-12-01T18:00,13.3,87,11.1,868.1,5.4,172,Bhaisipati,27.6515,85.3008
2023-12-01T19:00,12.3,89,10.7,868.1,2.9,173,Bhaisipati,27.6515,85.3008
2023-12-01T20:00,11.8,90,10.3,868.5,4.3,175,Bhaisipati,27.6515,85.3008
2023-12-01T21:00,11.5,90,10.0,868.6,5.1,172,Bhaisipati,27.6515,85.3008
2023-12-01T22:00,11.3,90,9.7,868.5,4.7,171,Bhaisipati,27.6515,85.3008
2023-12-01T23:00,11.1,88,9.3,868.3,4.7,176,Bhaisipati,27.6515,85.3008
2023-12-02T00:00,11.2,84,8.7,868.0,4.3,175,Bhaisipati,27.6515,85.3008
2023-12-02T01:00,11.3,80,8.0,867.7,4.7,176,Bhaisipati,27.6515,85.3008
2023-12-02T02:00,11.3,76,7.3,867.4,5.5,169,Bhaisipati,27.6515,85.3008
2023-12-02T03:00,10.9,75,6.7,867.0,5.6,165,Bhaisipati,27.6515,85.3008
2023-12-02T04:00,10.5,75,6.3,866.8,5.2,168,Bhaisipati,27.6515,85.3008
2023-12-02T05:00,10.4,74,5.9,867.0,4.8,167,Bhaisipati,27.6515,85.3008
2023-12-02T06:00,8.8,90,7.3,867.8,4.5,166,Bhaisipati,27.6515,85.3008
2023-12-02T07:00,10.5,86,8.2,869.1,3.0,166,Bhaisipati,27.6515,85.3008
2023-12-02T08:00,15.2,80,11.8,871.7,3.9,158,Bhaisipati,27.6515,85.3008
2023-12-02T09:00,17.9,57,9.1,872.8,0.7,360,Bhaisipati,27.6515,85.3008
2023-12-02T10:00,19.0,50,8.3,872.7,4.4,305,Bhaisipati,27.6515,85.3008
2023-12-02T11:00,19.6,50,8.8,872.1,6.4,313,Bhaisipati,27.6515,85.3008
2023-12-02T12:00,19.9,48,8.6,871.0,6.7,324,Bhaisipati,27.6515,85.3008
2023-12-02T13:00,19.9,48,8.7,870.0,6.6,331,Bhaisipati,27.6515,85.3008
2023-12-02T14:00,19.4,50,8.7,869.2,6.6,331,Bhaisipati,27.6515,85.3008
2023-12-02T15:00,18.4,53,8.7,868.8,5.6,333,Bhaisipati,27.6515,85.3008
2023-12-02T16:00,16.7,62,9.3,868.1,4.3,360,Bhaisipati,27.6515,85.3008
2023-12-02T17:00,14.4,70,9.0,867.5,1.8,180,Bhaisipati,27.6515,85.3008
2023-12-02T18:00,13.4,73,8.7,868.2,4.7,176,Bhaisipati,27.6515,85.3008
2023-12-02T19:00,12.0,79,8.4,868.3,4.3,175,Bhaisipati,27.6515,85.3008
2023-12-02T20:00,11.5,79,7.9,868.6,3.3,174,Bhaisipati,27.6515,85.3008
2023-12-02T21:00,11.4,77,7.6,869.0,4.0,175,Bhaisipati,27.6515,85.3008
2023-12-02T22:00,11.4,76,7.3,869.1,4.3,175,Bhaisipati,27.6515,85.3008
2023-12-02T23:00,11.3,73,6.6,869.1,4.0,175,Bhaisipati,27.6515,85.3008
2023-12-03T00:00,11.2,68,5.5,868.8,3.3,174,Bhaisipati,27.6515,85.3008
2023-12-03T01:00,11.2,62,4.2,868.7,3.3,174,Bhaisipati,27.6515,85.3008
2023-12-03T02:00,11.2,58,3.1,868.2,2.9,173,Bhaisipati,27.6515,85.3008
2023-12-03T03:00,11.0,55,2.4,867.8,3.3,167,Bhaisipati,27.6515,85.3008
2023-12-03T04:00,10.8,55,2.0,867.5,3.3,167,Bhaisipati,27.6515,85.3008
2023-12-03T05:00,10.5,56,2.1,867.9,2.6,164,Bhaisipati,27.6515,85.3008
2023-12-03T06:00,10.7,63,3.8,869.1,3.3,174,Bhaisipati,27.6515,85.3008
2023-12-03T07:00,12.3,58,4.2,870.4,3.3,167,Bhaisipati,27.6515,85.3008
2023-12-03T08:00,15.1,66,8.8,871.9,4.7,157,Bhaisipati,27.6515,85.3008
2023-12-03T09:00,18.2,47,6.6,873.4,2.5,82,Bhaisipati,27.6515,85.3008
2023-12-03T10:00,19.6,43,6.7,873.1,2.7,23,Bhaisipati,27.6515,85.3008
2023-12-03T11:00,20.4,42,7.0,872.1,4.3,336,Bhaisipati,27.6515,85.3008
2023-12-03T12:00,20.8,42,7.6,871.2,6.4,322,Bhaisipati,27.6515,85.3008
2023-12-03T13:00,20.7,44,7.9,870.2,6.4,322,Bhaisipati,27.6515,85.3008
2023-12-03T14:00,20.2,44,7.6,869.6,5.9,322,Bhaisipati,27.6515,85.3008
2023-12-03T15:00,19.1,48,7.7,869.2,4.8,318,Bhaisipati,27.6515,85.3008
2023-12-03T16:00,18.0,45,6.0,868.9,4.7,302,Bhaisipati,27.6515,85.3008
2023-12-03T17:00,15.0,60,7.3,867.9,1.8,191,Bhaisipati,27.6515,85.3008
2023-12-03T18:00,13.6,60,6.1,868.0,4.3,175,Bhaisipati,27.6515,85.3008
2023-12-03T19:00,12.1,66,5.9,867.7,4.7,171,Bhaisipati,27.6515,85.3008
2023-12-03T20:00,11.2,67,5.2,867.4,4.4,171,Bhaisipati,27.6515,85.3008
2023-12-03T21:00,11.0,63,4.3,867.7,4.7,171,Bhaisipati,27.6515,85.3008
2023-12-03T22:00,11.7,59,3.8,867.9,3.3,174,Bhaisipati,27.6515,85.3008
2023-12-03T23:00,12.1,55,3.4,867.6,3.3,174,Bhaisipati,27.6515,85.3008
2023-12-04T00:00,11.6,54,2.7,866.8,2.9,173,Bhaisipati,27.6515,85.3008
2023-12-04T01:00,11.2,53,2.0,866.6,3.3,174,Bhaisipati,27.6515,85.3008
2023-12-04T02:00,11.8,52,2.2,866.7,3.8,163,Bhaisipati,27.6515,85.3008
2023-12-04T03:00,11.5,52,1.9,866.4,4.1,165,Bhaisipati,27.6515,85.3008
2023-12-04T04:00,9.9,54,1.0,865.1,5.5,169,Bhaisipati,27.6515,85.3008
2023-12-04T05:00,8.1,59,0.7,864.9,6.2,170,Bhaisipati,27.6515,85.3008
2023-12-04T06:00,8.1,71,3.1,866.4,5.2,168,Bhaisipati,27.6515,85.3008
2023-12-04T07:00,10.0,68,4.3,868.0,6.3,167,Bhaisipati,27.6515,85.3008
2023-12-04T08:00,14.4,63,7.4,870.2,6.4,142,Bhaisipati,27.6515,85.3008
2023-12-04T09:00,17.8,43,5.0,871.9,1.9,112,Bhaisipati,27.6515,85.3008
2023-12-04T10:00,18.3,40,4.5,872.3,2.5,315,Bhaisipati,27.6515,85.3008
2023-12-04T11:00,17.4,48,6.3,871.7,7.4,337,Bhaisipati,27.6515,85.3008
2023-12-04T12:00,16.6,49,5.7,870.9,5.4,340,Bhaisipati,27.6515,85.3008
2023-12-04T13:00,14.8,53,5.4,869.6,0.8,153,Bhaisipati,27.6515,85.3008
2023-12-04T14:00,14.7,56,5.9,868.3,5.5,169,Bhaisipati,27.6515,85.3008
2023-12-04T15:00,14.2,60,6.4,867.2,6.1,177,Bhaisipati,27.6515,85.3008
2023-12-04T16:00,13.5,63,6.6,866.6,5.8,173,Bhaisipati,27.6515,85.3008
2023-12-04T17:00,12.5,65,6.3,866.4,4.5,166,Bhaisipati,27.6515,85.3008
2023-12-04T18:00,13.2,50,3.0,867.8,4.9,163,Bhaisipati,27.6515,85.3008
2023-12-04T19:00,12.5,51,2.7,867.7,3.0,166,Bhaisipati,27.6515,85.3008
2023-12-04T20:00,12.2,52,2.5,867.9,2.5,172,Bhaisipati,27.6515,85.3008
2023-12-04T21:00,11.8,52,2.4,867.7,2.5,172,Bhaisipati,27.6515,85.3008
2023-12-04T22:00,11.8,58,3.9,867.8,1.9,158,Bhaisipati,27.6515,85.3008
2023-12-04T23:00,12.1,58,4.2,867.5,3.1,159,Bhaisipati,27.6515,85.3008
2023-12-05T00:00,13.0,53,3.7,867.3,3.8,163,Bhaisipati,27.6515,85.3008
2023-12-05T01:00,13.2,55,4.3,867.0,3.1,159,Bhaisipati,27.6515,85.3008
2023-12-05T02:00,13.3,59,5.4,866.9,1.9,158,Bhaisipati,27.6515,85.3008
2023-12-05T03:00,12.7,65,6.4,866.7,2.6,146,Bhaisipati,27.6515,85.3008
2023-12-05T04:00,12.0,65,5.7,866.5,5.4,132,Bhaisipati,27.6515,85.3008
2023-12-05T05:00,12.5,60,4.9,866.6,4.2,160,Bhaisipati,27.6515,85.3008
2023-12-05T06:00,10.3,72,5.5,866.1,5.9,169,Bhaisipati,27.6515,85.3008
2023-12-05T07:00,11.8,72,7.0,867.3,5.2,168,Bhaisipati,27.6515,85.3008
2023-12-05T08:00,15.4,71,10.2,869.3,5.0,159,Bhaisipati,27.6515,85.3008
2023-12-05T09:00,18.4,49,7.4,870.5,1.5,104,Bhaisipati,27.6515,85.3008
2023-12-05T10:00,19.7,45,7.3,870.1,0.5,45,Bhaisipati,27.6515,85.3008
2023-12-05T11:00,21.0,40,7.1,869.3,2.3,342,Bhaisipati,27.6515,85.3008
2023-12-05T12:00,21.3,45,9.0,868.5,6.6,311,Bhaisipati,27.6515,85.3008
2023-12-05T13:00,20.4,55,11.2,867.8,7.7,319,Bhaisipati,27.6515,85.3008
2023-12-05T14:00,19.7,58,11.1,867.2,6.3,336,Bhaisipati,27.6515,85.3008
2023-12-05T15:00,18.9,60,10.8,866.9,3.5,336,Bhaisipati,27.6515,85.3008
2023-12-05T16:00,17.8,62,10.5,867.0,2.5,352,Bhaisipati,27.6515,85.3008
2023-12-05T17:00,14.8,80,11.3,866.2,1.4,180,Bhaisipati,27.6515,85.3008
2023-12-05T18:00,14.1,77,10.2,867.0,2.2,171,Bhaisipati,27.6515,85.3008
2023-12-05T19:00,13.8,76,9.5,867.6,3.2,180,Bhaisipati,27.6515,85.3008
2023-12-05T20:00,13.0,76,8.9,867.7,4.3,175,Bhaisipati,27.6515,85.3008
2023-12-05T21:00,12.5,76,8.3,867.9,3.6,174,Bhaisipati,27.6515,85.3008
2023-12-05T22:00,12.7,73,7.9,868.2,2.5,172,Bhaisipati,27.6515,85.3008
2023-12-05T23:00,12.5,71,7.4,868.1,2.9,173,Bhaisipati,27.6515,85.3008
2023-12-06T00:00,11.8,73,7.2,867.5,3.3,174,Bhaisipati,27.6515,85.3008
2023-12-06T01:00,13.6,61,6.2,868.3,3.7,169,Bhaisipati,27.6515,85.3008
2023-12-06T02:00,15.7,49,4.9,869.0,3.8,163,Bhaisipati,27.6515,85.3008
2023-12-06T03:00,15.6,46,4.1,868.6,3.7,169,Bhaisipati,27.6515,85.3008
2023-12-06T04:00,13.1,56,4.5,867.3,5.5,169,Bhaisipati,27.6515,85.3008
2023-12-06T05:00,13.0,54,4.0,867.4,4.4,171,Bhaisipati,27.6515,85.3008
2023-12-06T06:00,11.1,67,5.2,867.6,2.9,173,Bhaisipati,27.6515,85.3008
2023-12-06T07:00,12.0,66,5.9,868.7,2.9,173,Bhaisipati,27.6515,85.3008
2023-12-06T08:00,15.5,69,9.8,871.0,2.9,173,Bhaisipati,27.6515,85.3008
2023-12-06T09:00,17.6,47,6.0,872.4,2.4,333,Bhaisipati,27.6515,85.3008
2023-12-06T10:00,18.0,50,7.5,872.1,5.8,338,Bhaisipati,27.6515,85.3008
2023-12-06T11:00,18.8,49,7.9,871.1,6.4,333,Bhaisipati,27.6515,85.3008
2023-12-06T12:00,19.5,48,8.1,870.2,7.0,325,Bhaisipati,27.6515,85.3008
2023-12-06T13:00,19.5,52,9.5,869.4,7.2,323,Bhaisipati,27.6515,85.3008
2023-12-06T14:00,18.9,57,10.2,868.9,5.8,330,Bhaisipati,27.6515,85.3008
2023-12-06T15:00,18.0,60,10.0,868.7,5.2,348,Bhaisipati,27.6515,85.3008
2023-12-06T16:00,16.1,72,11.0,868.4,4.0,5,Bhaisipati,27.6515,85.3008
2023-12-06T17:00,14.6,72,9.6,868.2,2.3,141,Bhaisipati,27.6515,85.3008
2023-12-06T18:00,13.5,82,10.5,868.8,2.9,173,Bhaisipati,27.6515,85.3008
2023-12-06T19:00,12.3,89,10.5,868.7,3.6,180,Bhaisipati,27.6515,85.3008
2023-12-06T20:00,11.5,93,10.4,869.3,3.6,180,Bhaisipati,27.6515,85.3008
2023-12-06T21:00,11.2,94,10.3,869.4,3.6,180,Bhaisipati,27.6515,85.3008
2023-12-06T22:00,11.2,95,10.3,869.3,2.5,172,Bhaisipati,27.6515,85.3008
2023-12-06T23:00,11.3,94,10.3,868.9,3.0,166,Bhaisipati,27.6515,85.3008
2023-12-07T00:00,10.5,94,9.6,868.0,3.7,169,Bhaisipati,27.6515,85.3008
2023-12-07T01:00,9.4,97,9.0,866.8,5.9,169,Bhaisipati,27.6515,85.3008
2023-12-07T02:00,8.0,100,8.0,865.4,7.0,168,Bhaisipati,27.6515,85.3008
2023-12-07T03:00,7.6,100,7.6,864.6,6.9,171,Bhaisipati,27.6515,85.3008
2023-12-07T04:00,7.6,99,7.5,864.4,6.5,174,Bhaisipati,27.6515,85.3008
2023-12-07T05:00,8.0,96,7.4,864.8,6.2,173,Bhaisipati,27.6515,85.3008
2023-12-07T06:00,9.3,97,8.8,866.2,6.5,174,Bhaisipati,27.6515,85.3008
2023-12-07T07:00,10.3,94,9.3,867.7,5.8,173,Bhaisipati,27.6515,85.3008
2023-12-07T08:00,12.3,87,10.1,869.2,5.4,176,Bhaisipati,27.6515,85.3008
2023-12-07T09:00,15.6,67,9.5,871.0,2.1,149,Bhaisipati,27.6515,85.3008
2023-12-07T10:00,15.3,69,9.7,870.2,1.8,360,Bhaisipati,27.6515,85.3008
2023-12-07T11:00,15.7,68,9.8,869.2,1.3,214,Bhaisipati,27.6515,85.3008
2023-12-07T12:00,16.5,62,9.2,868.1,0.8,153,Bhaisipati,27.6515,85.3008
2023-12-07T13:00,17.2,61,9.5,867.1,0.7,360,Bhaisipati,27.6515,85.3008
2023-12-07T14:00,17.2,61,9.7,866.6,2.9,263,Bhaisipati,27.6515,85.3008
2023-12-07T15:00,16.4,68,10.5,866.8,4.4,305,Bhaisipati,27.6515,85.3008
2023-12-07T16:00,14.8,83,11.8,866.5,1.9,292,Bhaisipati,27.6515,85.3008
2023-12-07T17:00,14.0,85,11.5,866.6,1.8,191,Bhaisipati,27.6515,85.3008
2023-12-07T18:00,13.0,86,10.8,866.2,1.8,180,Bhaisipati,27.6515,85.3008
2023-12-07T19:00,12.0,88,10.1,866.4,1.1,162,Bhaisipati,27.6515,85.3008
2023-12-07T20:00,12.2,87,10.1,867.4,1.5,166,Bhaisipati,27.6515,85.3008
2023-12-07T21:00,12.3,89,10.5,868.1,0.4,180,Bhaisipati,27.6515,85.3008
2023-12-07T22:00,12.5,93,11.4,868.5,1.8,307,Bhaisipati,27.6515,85.3008
2023-12-07T23:00,12.3,91,10.9,868.1,1.5,14,Bhaisipati,27.6515,85.3008
2023-12-08T00:00,12.0,92,10.8,867.9,1.3,124,Bhaisipati,27.6515,85.3008
2023-12-08T01:00,11.8,91,10.3,866.6,2.7,157,Bhaisipati,27.6515,85.3008
2023-12-08T02:00,10.3,93,9.2,865.3,3.7,169,Bhaisipati,27.6515,85.3008
2023-12-08T03:00,9.8,93,8.7,864.5,2.9,173,Bhaisipati,27.6515,85.3008
2023-12-08T04:00,9.3,96,8.7,864.3,1.5,166,Bhaisipati,27.6515,85.3008
2023-12-08T05:00,8.1,99,7.9,863.9,2.2,171,Bhaisipati,27.6515,85.3008
2023-12-08T06:00,9.3,92,8.0,864.8,2.2,171,Bhaisipati,27.6515,85.3008
2023-12-08T07:00,10.5,89,8.8,866.4,0.7,180,Bhaisipati,27.6515,85.3008
2023-12-08T08:00,13.2,84,10.5,868.3,0.8,63,Bhaisipati,27.6515,85.3008
2023-12-08T09:00,14.7,75,10.3,869.4,4.0,350,Bhaisipati,27.6515,85.3008
2023-12-08T10:00,15.6,70,10.2,868.7,6.2,350,Bhaisipati,27.6515,85.3008
2023-12-08T11:00,16.4,66,10.1,867.8,7.3,340,Bhaisipati,27.6515,85.3008
2023-12-08T12:00,17.0,64,10.1,867.0,7.7,332,Bhaisipati,27.6515,85.3008
2023-12-08T13:00,17.2,64,10.3,866.4,8.7,330,Bhaisipati,27.6515,85.3008
2023-12-08T14:00,16.8,64,9.8,866.2,7.6,335,Bhaisipati,27.6515,85.3008
2023-12-08T15:00,16.0,66,9.5,866.0,6.3,347,Bhaisipati,27.6515,85.3008
2023-12-08T16:00,14.6,76,10.5,865.8,2.9,30,Bhaisipati,27.6515,85.3008
2023-12-08T17:00,12.9,79,9.3,865.3,2.1,149,Bhaisipati,27.6515,85.3008
2023-12-08T18:00,12.5,80,9.1,865.5,3.0,166,Bhaisipati,27.6515,85.3008
2023-12-08T19:00,11.3,86,9.1,865.3,4.7,171,Bhaisipati,27.6515,85.3008
2023-12-08T20:00,10.2,91,8.8,865.0,4.7,176,Bhaisipati,27.6515,85.3008
2023-12-08T21:00,9.4,93,8.3,864.6,3.3,174,Bhaisipati,27.6515,85.3008
2023-12-08T22:00,9.3,91,7.9,865.1,2.2,171,Bhaisipati,27.6515,85.3008
2023-12-08T23:00,9.5,88,7.6,865.3,2.6,164,Bhaisipati,27.6515,85.3008
2023-12-09T00:00,9.5,86,7.4,865.1,3.0,166,Bhaisipati,27.6515,85.3008
2023-12-09T01:00,9.5,86,7.4,864.8,3.8,163,Bhaisipati,27.6515,85.3008
2023-12-09T02:00,9.2,87,7.2,864.3,4.1,165,Bhaisipati,27.6515,85.3008
2023-12-09T03:00,8.8,88,7.0,864.2,4.5,166,Bhaisipati,27.6515,85.3008
2023-12-09T04:00,8.4,89,6.8,864.2,4.8,167,Bhaisipati,27.6515,85.3008
2023-12-09T05:00,8.0,91,6.6,864.2,5.5,169,Bhaisipati,27.6515,85.3008
2023-12-09T06:00,7.8,93,6.7,865.0,5.5,169,Bhaisipati,27.6515,85.3008
2023-12-09T07:00,8.8,90,7.2,866.3,6.3,167,Bhaisipati,27.6515,85.3008
2023-12-09T08:00,13.1,75,8.8,869.1,3.7,151,Bhaisipati,27.6515,85.3008
2023-12-09T09:00,14.9,66,8.7,870.0,2.0,45,Bhaisipati,27.6515,85.3008
2023-12-09T10:00,16.2,62,8.8,869.7,4.0,5,Bhaisipati,27.6515,85.3008
2023-12-09T11:00,16.9,61,9.3,868.7,7.2,342,Bhaisipati,27.6515,85.3008
2023-12-09T12:00,17.2,61,9.7,867.8,8.2,337,Bhaisipati,27.6515,85.3008
2023-12-09T13:00,17.1,62,9.8,866.9,8.0,333,Bhaisipati,27.6515,85.3008
2023-12-09T14:00,16.7,62,9.3,866.3,8.4,329,Bhaisipati,27.6515,85.3008
2023-12-09T15:00,15.7,64,9.0,865.9,7.7,332,Bhaisipati,27.6515,85.3008
2023-12-09T16:00,14.6,70,9.1,865.6,4.3,360,Bhaisipati,27.6515,85.3008
2023-12-09T17:00,14.0,66,7.6,865.4,3.6,84,Bhaisipati,27.6515,85.3008
2023-12-09T18:00,12.3,84,9.6,865.1,1.4,180,Bhaisipati,27.6515,85.3008
2023-12-09T19:00,11.6,87,9.5,865.0,1.4,180,Bhaisipati,27.6515,85.3008
2023-12-09T20:00,10.9,90,9.4,864.8,1.1,180,Bhaisipati,27.6515,85.3008
2023-12-09T21:00,10.7,91,9.3,864.9,1.4,180,Bhaisipati,27.6515,85.3008
2023-12-09T22:00,10.2,92,9.0,864.7,2.5,172,Bhaisipati,27.6515,85.3008
2023-12-09T23:00,9.2,94,8.3,863.9,3.3,174,Bhaisipati,27.6515,85.3008
2023-12-10T00:00,8.3,94,7.5,863.2,4.4,171,Bhaisipati,27.6515,85.3008
2023-12-10T01:00,7.3,96,6.7,862.5,5.2,168,Bhaisipati,27.6515,85.3008
2023-12-10T02:00,6.9,98,6.5,861.8,6.6,171,Bhaisipati,27.6515,85.3008
2023-12-10T03:00,6.5,95,5.8,861.1,6.6,171,Bhaisipati,27.6515,85.3008
2023-12-10T04:00,6.3,95,5.6,860.7,6.6,171,Bhaisipati,27.6515,85.3008
2023-12-10T05:00,5.9,96,5.2,861.0,6.6,171,Bhaisipati,27.6515,85.3008
2023-12-10T06:00,5.6,100,5.6,861.4,6.9,171,Bhaisipati,27.6515,85.3008
2023-12-10T07:00,7.0,98,6.7,862.8,8.0,170,Bhaisipati,27.6515,85.3008
2023-12-10T08:00,12.3,83,9.4,865.9,5.5,157,Bhaisipati,27.6515,85.3008
2023-12-10T09:00,14.7,71,9.5,867.4,1.3,56,Bhaisipati,27.6515,85.3008
2023-12-10T10:00,16.1,64,9.3,867.4,2.5,352,Bhaisipati,27.6515,85.3008
2023-12-10T11:00,17.2,59,9.0,867.0,4.3,336,Bhaisipati,27.6515,85.3008
2023-12-10T12:00,17.2,60,9.5,866.0,6.8,335,Bhaisipati,27.6515,85.3008
2023-12-10T13:00,17.2,62,9.8,865.5,6.6,331,Bhaisipati,27.6515,85.3008
2023-12-10T14:00,16.8,64,9.8,865.1,6.4,333,Bhaisipati,27.6515,85.3008
2023-12-10T15:00,15.9,66,9.5,864.7,6.0,335,Bhaisipati,27.6515,85.3008
2023-12-10T16:00,14.5,77,10.5,864.3,2.6,344,Bhaisipati,27.6515,85.3008
2023-12-10T17:00,13.9,72,8.9,864.6,2.0,135,Bhaisipati,27.6515,85.3008
2023-12-10T18:00,12.5,86,10.2,865.0,1.1,162,Bhaisipati,27.6515,85.3008
2023-12-10T19:00,12.0,88,10.0,865.4,1.1,162,Bhaisipati,27.6515,85.3008
2023-12-10T20:00,12.2,89,10.3,866.0,0.4,180,Bhaisipati,27.6515,85.3008
2023-12-10T21:00,12.0,90,10.4,866.3,0.8,153,Bhaisipati,27.6515,85.3008
2023-12-10T22:00,11.6,91,10.2,866.2,1.9,158,Bhaisipati,27.6515,85.3008
2023-12-10T23:00,11.9,89,10.2,866.2,2.6,124,Bhaisipati,27.6515,85.3008
2023-12-11T00:00,11.5,89,9.8,865.7,2.3,129,Bhaisipati,27.6515,85.3008
2023-12-11T01:00,11.4,87,9.3,865.3,1.3,146,Bhaisipati,27.6515,85.3008
2023-12-11T02:00,10.0,89,8.3,864.3,1.5,166,Bhaisipati,27.6515,85.3008
2023-12-11T03:00,9.2,93,8.1,863.5,2.2,171,Bhaisipati,27.6515,85.3008
2023-12-11T04:00,7.9,96,7.3,863.1,4.0,170,Bhaisipati,27.6515,85.3008
2023-12-11T05:00,6.7,98,6.4,863.0,5.1,172,Bhaisipati,27.6515,85.3008
2023-12-11T06:00,8.3,96,7.7,864.8,5.4,172,Bhaisipati,27.6515,85.3008
2023-12-11T07:00,9.2,94,8.3,866.2,7.2,177,Bhaisipati,27.6515,85.3008
2023-12-11T08:00,11.2,95,10.4,868.0,5.1,176,Bhaisipati,27.6515,85.3008
2023-12-11T09:00,14.0,79,10.4,869.7,0.4,90,Bhaisipati,27.6515,85.3008
2023-12-11T10:00,15.6,67,9.4,869.6,0.8,27,Bhaisipati,27.6515,85.3008
2023-12-11T11:00,16.5,61,9.0,869.0,3.3,347,Bhaisipati,27.6515,85.3008
2023-12-11T12:00,16.9,60,9.0,868.2,4.0,333,Bhaisipati,27.6515,85.3008
2023-12-11T13:00,16.9,61,9.3,867.4,4.3,318,Bhaisipati,27.6515,85.3008
2023-12-11T14:00,16.5,64,9.5,866.6,4.8,318,Bhaisipati,27.6515,85.3008
2023-12-11T15:00,15.6,69,10.0,866.4,5.6,315,Bhaisipati,27.6515,85.3008
2023-12-11T16:00,14.4,78,10.5,866.5,4.0,333,Bhaisipati,27.6515,85.3008
2023-12-11T17:00,13.3,80,10.0,866.7,2.9,353,Bhaisipati,27.6515,85.3008
2023-12-11T18:00,12.2,91,10.8,866.8,2.1,149,Bhaisipati,27.6515,85.3008
2023-12-11T19:00,11.5,93,10.5,867.0,1.8,169,Bhaisipati,27.6515,85.3008
2023-12-11T20:00,11.3,94,10.3,867.2,1.8,169,Bhaisipati,27.6515,85.3008
2023-12-11T21:00,10.5,94,9.5,867.1,2.5,172,Bhaisipati,27.6515,85.3008
2023-12-11T22:00,9.9,93,8.8,866.8,2.5,172,Bhaisipati,27.6515,85.3008
2023-12-11T23:00,9.2,93,8.1,866.2,2.2,171,Bhaisipati,27.6515,85.3008
2023-12-12T00:00,8.7,94,7.8,865.6,2.2,171,Bhaisipati,27.6515,85.3008
2023-12-12T01:00,7.6,97,7.1,864.7,3.6,174,Bhaisipati,27.6515,85.3008
2023-12-12T02:00,6.5,100,6.4,863.5,5.1,176,Bhaisipati,27.6515,85.3008
2023-12-12T03:00,5.8,100,5.8,862.6,6.2,173,Bhaisipati,27.6515,85.3008
2023-12-12T04:00,5.0,100,5.0,862.3,6.9,174,Bhaisipati,27.6515,85.3008
2023-12-12T05:00,5.0,100,5.0,862.5,6.5,174,Bhaisipati,27.6515,85.3008
2023-12-12T06:00,5.4,100,5.4,863.1,6.9,171,Bhaisipati,27.6515,85.3008
2023-12-12T07:00,6.6,98,6.3,864.3,6.5,174,Bhaisipati,27.6515,85.3008
2023-12-12T08:00,11.5,86,9.3,867.3,5.1,176,Bhaisipati,27.6515,85.3008
2023-12-12T09:00,14.0,66,7.9,868.5,1.4,90,Bhaisipati,27.6515,85.3008
2023-12-12T10:00,15.3,61,7.8,868.0,0.7,90,Bhaisipati,27.6515,85.3008
2023-12-12T11:00,16.4,51,6.4,867.3,1.8,127,Bhaisipati,27.6515,85.3008
2023-12-12T12:00,17.2,45,5.0,866.4,3.7,169,Bhaisipati,27.6515,85.3008
2023-12-12T13:00,17.2,43,4.6,865.6,3.0,194,Bhaisipati,27.6515,85.3008
2023-12-12T14:00,16.5,47,5.1,865.1,3.1,225,Bhaisipati,27.6515,85.3008
2023-12-12T15:00,15.5,53,5.9,864.9,3.9,214,Bhaisipati,27.6515,85.3008
2023-12-12T16:00,14.0,60,6.5,864.9,2.4,297,Bhaisipati,27.6515,85.3008
2023-12-12T17:00,11.8,79,8.3,864.9,2.2,99,Bhaisipati,27.6515,85.3008
2023-12-12T18:00,11.1,89,9.3,864.7,0.7,180,Bhaisipati,27.6515,85.3008
2023-12-12T19:00,10.5,90,8.8,865.0,1.3,214,Bhaisipati,27.6515,85.3008
2023-12-12T20:00,9.9,89,8.1,865.4,1.5,194,Bhaisipati,27.6515,85.3008
2023-12-12T21:00,9.4,88,7.6,865.6,1.1,198,Bhaisipati,27.6515,85.3008
2023-12-12T22:00,8.6,89,6.8,865.2,1.5,194,Bhaisipati,27.6515,85.3008
2023-12-12T23:00,9.5,79,6.0,865.6,0.4,180,Bhaisipati,27.6515,85.3008
2023-12-13T00:00,9.4,83,6.6,865.6,0.5,135,Bhaisipati,27.6515,85.3008
2023-12-13T01:00,8.3,90,6.8,865.1,2.6,56,Bhaisipati,27.6515,85.3008
2023-12-13T02:00,7.6,94,6.7,864.1,3.1,144,Bhaisipati,27.6515,85.3008
2023-12-13T03:00,6.8,95,6.1,862.9,6.3,167,Bhaisipati,27.6515,85.3008
2023-12-13T04:00,6.1,97,5.6,862.2,7.1,165,Bhaisipati,27.6515,85.3008
2023-12-13T05:00,5.5,97,5.0,862.3,6.3,167,Bhaisipati,27.6515,85.3008
2023-12-13T06:00,6.0,98,5.7,863.5,7.3,169,Bhaisipati,27.6515,85.3008
2023-12-13T07:00,6.8,97,6.4,864.7,7.3,171,Bhaisipati,27.6515,85.3008
2023-12-13T08:00,9.8,95,9.0,867.3,3.3,174,Bhaisipati,27.6515,85.3008
2023-12-13T09:00,11.8,75,7.6,868.7,3.5,336,Bhaisipati,27.6515,85.3008
2023-12-13T10:00,13.0,69,7.4,868.5,2.8,320,Bhaisipati,27.6515,85.3008
2023-12-13T11:00,14.3,60,6.7,867.6,4.6,309,Bhaisipati,27.6515,85.3008
2023-12-13T12:00,14.5,55,5.6,866.6,4.6,288,Bhaisipati,27.6515,85.3008
2023-12-13T13:00,14.7,53,5.3,865.7,3.9,304,Bhaisipati,27.6515,85.3008
2023-12-13T14:00,14.8,55,5.7,865.1,6.5,326,Bhaisipati,27.6515,85.3008
2023-12-13T15:00,14.1,59,6.3,864.7,8.1,328,Bhaisipati,27.6515,85.3008
2023-12-13T16:00,12.7,71,7.6,864.6,3.9,326,Bhaisipati,27.6515,85.3008
2023-12-13T17:00,12.3,66,6.3,865.1,3.9,248,Bhaisipati,27.6515,85.3008
2023-12-13T18:00,11.0,80,7.8,865.4,2.9,210,Bhaisipati,27.6515,85.3008
2023-12-13T19:00,10.8,78,7.1,866.1,3.3,193,Bhaisipati,27.6515,85.3008
2023-12-13T20:00,10.4,77,6.6,866.3,3.2,180,Bhaisipati,27.6515,85.3008
2023-12-13T21:00,9.2,81,6.2,866.2,4.7,176,Bhaisipati,27.6515,85.3008
2023-12-13T22:00,8.2,86,6.0,866.1,5.8,176,Bhaisipati,27.6515,85.3008
2023-12-13T23:00,7.8,87,5.9,865.4,6.1,177,Bhaisipati,27.6515,85.3008
2023-12-14T00:00,7.7,87,5.7,864.8,6.1,177,Bhaisipati,27.6515,85.3008
2023-12-14T01:00,7.7,85,5.4,864.3,5.8,173,Bhaisipati,27.6515,85.3008
2023-12-14T02:00,7.9,82,5.0,864.0,5.4,172,Bhaisipati,27.6515,85.3008
2023-12-14T03:00,8.0,79,4.6,863.8,4.5,166,Bhaisipati,27.6515,85.3008
2023-12-14T04:00,8.1,76,4.2,863.8,4.1,165,Bhaisipati,27.6515,85.3008
2023-12-14T05:00,8.0,75,3.8,864.0,4.7,157,Bhaisipati,27.6515,85.3008
2023-12-14T06:00,5.3,92,4.2,864.1,5.6,165,Bhaisipati,27.6515,85.3008
2023-12-14T07:00,6.9,86,4.7,865.5,6.5,161,Bhaisipati,27.6515,85.3008
2023-12-14T08:00,11.3,73,6.6,868.4,5.5,148,Bhaisipati,27.6515,85.3008
2023-12-14T09:00,13.6,56,5.1,869.8,2.2,81,Bhaisipati,27.6515,85.3008
2023-12-14T10:00,15.0,52,5.4,869.8,3.1,45,Bhaisipati,27.6515,85.3008
2023-12-14T11:00,16.3,50,5.9,869.4,3.6,360,Bhaisipati,27.6515,85.3008
2023-12-14T12:00,16.9,50,6.4,868.5,6.2,339,Bhaisipati,27.6515,85.3008
2023-12-14T13:00,17.1,48,6.0,867.7,6.8,328,Bhaisipati,27.6515,85.3008
2023-12-14T14:00,16.7,49,6.0,867.2,7.2,323,Bhaisipati,27.6515,85.3008
2023-12-14T15:00,15.7,54,6.3,866.8,6.6,319,Bhaisipati,27.6515,85.3008
2023-12-14T16:00,13.7,69,8.2,866.4,3.6,315,Bhaisipati,27.6515,85.3008
2023-12-14T17:00,13.1,62,6.0,866.9,3.7,241,Bhaisipati,27.6515,85.3008
2023-12-14T18:00,12.7,67,6.8,867.8,3.1,249,Bhaisipati,27.6515,85.3008
2023-12-14T19:00,10.9,83,8.2,867.7,1.8,180,Bhaisipati,27.6515,85.3008
2023-12-14T20:00,10.5,83,7.7,868.0,1.5,166,Bhaisipati,27.6515,85.3008
2023-12-14T21:00,9.8,83,7.0,868.4,2.6,164,Bhaisipati,27.6515,85.3008
2023-12-14T22:00,9.2,85,6.7,868.2,3.3,167,Bhaisipati,27.6515,85.3008
2023-12-14T23:00,8.3,88,6.4,867.6,4.5,166,Bhaisipati,27.6515,85.3008
2023-12-15T00:00,7.5,91,6.1,866.9,4.4,171,Bhaisipati,27.6515,85.3008
2023-12-15T01:00,6.8,92,5.6,866.2,4.1,165,Bhaisipati,27.6515,85.3008
2023-12-15T02:00,6.6,91,5.3,865.8,4.6,162,Bhaisipati,27.6515,85.3008
2023-12-15T03:00,6.5,91,5.1,865.4,5.6,165,Bhaisipati,27.6515,85.3008
2023-12-15T04:00,6.2,91,4.9,865.5,5.4,172,Bhaisipati,27.6515,85.3008
2023-12-15T05:00,5.9,92,4.7,865.6,5.1,176,Bhaisipati,27.6515,85.3008
2023-12-15T06:00,4.5,100,4.5,865.9,5.1,172,Bhaisipati,27.6515,85.3008
2023-12-15T07:00,5.6,98,5.3,867.2,5.8,173,Bhaisipati,27.6515,85.3008
2023-12-15T08:00,10.8,84,8.2,870.3,4.5,194,Bhaisipati,27.6515,85.3008
2023-12-15T09:00,13.4,70,7.9,871.7,1.6,333,Bhaisipati,27.6515,85.3008
2023-12-15T10:00,14.6,66,8.3,871.6,4.0,350,Bhaisipati,27.6515,85.3008
2023-12-15T11:00,15.6,63,8.6,870.9,4.7,351,Bhaisipati,27.6515,85.3008
2023-12-15T12:00,16.3,61,8.8,870.2,6.3,347,Bhaisipati,27.6515,85.3008
2023-12-15T13:00,16.4,62,9.0,869.1,7.3,340,Bhaisipati,27.6515,85.3008
2023-12-15T14:00,16.0,62,8.8,868.3,7.2,333,Bhaisipati,27.6515,85.3008
2023-12-15T15:00,15.1,64,8.4,867.8,6.8,335,Bhaisipati,27.6515,85.3008
2023-12-15T16:00,13.2,75,8.8,867.3,3.8,343,Bhaisipati,27.6515,85.3008
2023-12-15T17:00,11.5,79,7.9,867.2,5.4,20,Bhaisipati,27.6515,85.3008
2023-12-15T18:00,12.6,69,7.1,868.3,2.3,141,Bhaisipati,27.6515,85.3008
2023-12-15T19:00,10.5,81,7.4,867.6,3.1,159,Bhaisipati,27.6515,85.3008
2023-12-15T20:00,9.8,84,7.3,867.2,3.1,159,Bhaisipati,27.6515,85.3008
2023-12-15T21:00,9.5,85,7.2,867.4,2.6,164,Bhaisipati,27.6515,85.3008
2023-12-15T22:00,8.9,87,6.9,867.1,1.8,169,Bhaisipati,27.6515,85.3008
2023-12-15T23:00,8.2,89,6.5,866.5,1.8,169,Bhaisipati,27.6515,85.3008
2023-12-16T00:00,7.7,90,6.2,866.2,1.5,166,Bhaisipati,27.6515,85.3008
2023-12-16T01:00,7.5,90,6.0,866.0,0.4,180,Bhaisipati,27.6515,85.3008
2023-12-16T02:00,7.2,90,5.6,865.7,1.6,153,Bhaisipati,27.6515,85.3008
2023-12-16T03:00,6.9,90,5.3,865.2,2.9,150,Bhaisipati,27.6515,85.3008
2023-12-16T04:00,6.8,89,5.1,865.0,2.7,157,Bhaisipati,27.6515,85.3008
2023-12-16T05:00,7.1,87,5.1,865.2,2.7,157,Bhaisipati,27.6515,85.3008
2023-12-16T06:00,5.2,100,5.1,864.8,5.2,168,Bhaisipati,27.6515,85.3008
2023-12-16T07:00,5.9,99,5.7,865.8,3.6,174,Bhaisipati,27.6515,85.3008
2023-12-16T08:00,10.6,88,8.7,868.5,2.4,153,Bhaisipati,27.6515,85.3008
2023-12-16T09:00,13.5,71,8.3,869.9,2.9,30,Bhaisipati,27.6515,85.3008
2023-12-16T10:00,15.1,65,8.6,869.7,4.0,5,Bhaisipati,27.6515,85.3008
2023-12-16T11:00,16.6,60,8.7,868.8,5.6,345,Bhaisipati,27.6515,85.3008
2023-12-16T12:00,17.4,58,9.0,868.1,6.4,333,Bhaisipati,27.6515,85.3008
2023-12-16T13:00,17.5,58,9.1,867.5,7.3,327,Bhaisipati,27.6515,85.3008
2023-12-16T14:00,17.0,58,8.7,867.1,7.3,327,Bhaisipati,27.6515,85.3008
2023-12-16T15:00,16.0,58,7.9,866.7,6.4,333,Bhaisipati,27.6515,85.3008
2023-12-16T16:00,13.9,73,9.0,866.2,3.3,347,Bhaisipati,27.6515,85.3008
2023-12-16T17:00,13.7,62,6.4,866.5,1.8,169,Bhaisipati,27.6515,85.3008
2023-12-16T18:00,11.7,81,8.6,866.0,2.2,180,Bhaisipati,27.6515,85.3008
2023-12-16T19:00,10.5,86,8.3,866.0,2.2,180,Bhaisipati,27.6515,85.3008
2023-12-16T20:00,9.6,89,7.9,866.4,2.5,180,Bhaisipati,27.6515,85.3008
2023-12-16T21:00,8.7,91,7.4,866.8,3.2,180,Bhaisipati,27.6515,85.3008
2023-12-16T22:00,7.9,93,6.9,866.4,3.6,180,Bhaisipati,27.6515,85.3008
2023-12-16T23:00,7.5,94,6.5,866.1,4.0,180,Bhaisipati,27.6515,85.3008
2023-12-17T00:00,7.2,93,6.2,865.5,4.3,180,Bhaisipati,27.6515,85.3008
2023-12-17T01:00,7.4,92,6.2,865.5,5.0,180,Bhaisipati,27.6515,85.3008
2023-12-17T02:00,7.2,91,5.8,865.4,4.7,180,Bhaisipati,27.6515,85.3008
2023-12-17T03:00,6.9,90,5.3,865.0,3.6,180,Bhaisipati,27.6515,85.3008
2023-12-17T04:00,6.5,88,4.6,864.6,4.0,175,Bhaisipati,27.6515,85.3008
2023-12-17T05:00,6.1,86,4.0,864.6,5.1,172,Bhaisipati,27.6515,85.3008
2023-12-17T06:00,6.6,87,4.7,865.5,5.1,172,Bhaisipati,27.6515,85.3008
2023-12-17T07:00,7.3,86,5.1,866.7,6.1,177,Bhaisipati,27.6515,85.3008
2023-12-17T08:00,11.6,73,6.9,869.5,4.5,166,Bhaisipati,27.6515,85.3008
2023-12-17T09:00,14.2,58,6.0,870.6,1.6,63,Bhaisipati,27.6515,85.3008
2023-12-17T10:00,15.7,54,6.3,870.5,2.1,31,Bhaisipati,27.6515,85.3008
2023-12-17T11:00,16.9,50,6.6,870.0,2.5,352,Bhaisipati,27.6515,85.3008
2023-12-17T12:00,17.5,50,6.9,869.1,4.9,324,Bhaisipati,27.6515,85.3008
2023-12-17T13:00,17.4,52,7.6,868.3,6.6,315,Bhaisipati,27.6515,85.3008
2023-12-17T14:00,16.9,57,8.3,867.7,6.9,309,Bhaisipati,27.6515,85.3008
2023-12-17T15:00,15.9,62,8.6,867.3,6.1,310,Bhaisipati,27.6515,85.3008
2023-12-17T16:00,13.9,77,10.0,867.0,3.3,311,Bhaisipati,27.6515,85.3008
2023-12-17T17:00,12.2,79,8.6,866.7,4.7,247,Bhaisipati,27.6515,85.3008
2023-12-17T18:00,11.0,83,8.3,866.8,2.6,196,Bhaisipati,27.6515,85.3008
2023-12-17T19:00,10.2,85,7.8,867.0,2.2,189,Bhaisipati,27.6515,85.3008
2023-12-17T20:00,9.8,84,7.3,867.5,2.5,188,Bhaisipati,27.6515,85.3008
2023-12-17T21:00,9.8,82,6.9,867.7,2.2,189,Bhaisipati,27.6515,85.3008
2023-12-17T22:00,9.5,82,6.5,867.6,2.2,180,Bhaisipati,27.6515,85.3008
2023-12-17T23:00,9.0,82,6.2,867.3,2.2,180,Bhaisipati,27.6515,85.3008
2023-12-18T00:00,8.9,82,6.0,867.0,2.5,180,Bhaisipati,27.6515,85.3008
2023-12-18T01:00,8.7,82,5.7,866.5,2.9,180,Bhaisipati,27.6515,85.3008
2023-12-18T02:00,8.5,82,5.5,866.1,2.9,180,Bhaisipati,27.6515,85.3008
2023-12-18T03:00,8.2,81,5.2,865.7,2.9,173,Bhaisipati,27.6515,85.3008
2023-12-18T04:00,8.0,81,5.0,865.3,2.9,173,Bhaisipati,27.6515,85.3008
2023-12-18T05:00,7.9,80,4.7,865.5,2.9,173,Bhaisipati,27.6515,85.3008
2023-12-18T06:00,7.3,86,5.1,866.5,1.8,169,Bhaisipati,27.6515,85.3008
2023-12-18T07:00,8.2,84,5.6,867.5,3.7,169,Bhaisipati,27.6515,85.3008
2023-12-18T08:00,11.5,79,8.1,869.5,4.6,141,Bhaisipati,27.6515,85.3008
2023-12-18T09:00,14.1,67,8.0,870.6,2.6,74,Bhaisipati,27.6515,85.3008
2023-12-18T10:00,15.9,59,7.9,870.7,3.1,21,Bhaisipati,27.6515,85.3008
2023-12-18T11:00,17.0,55,7.9,870.2,5.4,340,Bhaisipati,27.6515,85.3008
2023-12-18T12:00,17.4,54,8.0,869.3,7.1,330,Bhaisipati,27.6515,85.3008
2023-12-18T13:00,17.2,57,8.7,868.6,8.0,324,Bhaisipati,27.6515,85.3008
2023-12-18T14:00,16.6,61,8.9,867.9,8.0,324,Bhaisipati,27.6515,85.3008
2023-12-18T15:00,15.5,62,8.3,867.6,7.1,330,Bhaisipati,27.6515,85.3008
2023-12-18T16:00,13.5,74,9.0,867.0,3.2,360,Bhaisipati,27.6515,85.3008
2023-12-18T17:00,13.0,67,7.0,867.4,2.5,188,Bhaisipati,27.6515,85.3008
2023-12-18T18:00,10.3,81,7.1,867.4,2.2,180,Bhaisipati,27.6515,85.3008
2023-12-18T19:00,10.0,82,7.1,867.8,2.2,180,Bhaisipati,27.6515,85.3008
2023-12-18T20:00,9.3,86,7.1,868.0,1.1,180,Bhaisipati,27.6515,85.3008
2023-12-18T21:00,9.0,86,6.8,868.4,1.4,180,Bhaisipati,27.6515,85.3008
2023-12-18T22:00,8.5,87,6.5,868.1,2.9,180,Bhaisipati,27.6515,85.3008
2023-12-18T23:00,7.1,92,5.9,867.0,4.0,175,Bhaisipati,27.6515,85.3008
2023-12-19T00:00,5.7,93,4.7,866.0,4.7,176,Bhaisipati,27.6515,85.3008
2023-12-19T01:00,4.5,95,3.8,865.1,4.7,176,Bhaisipati,27.6515,85.3008
2023-12-19T02:00,3.7,99,3.6,864.4,4.7,176,Bhaisipati,27.6515,85.3008
2023-12-19T03:00,3.6,98,3.4,864.2,4.7,171,Bhaisipati,27.6515,85.3008
2023-12-19T04:00,3.6,95,2.8,864.0,4.4,171,Bhaisipati,27.6515,85.3008
2023-12-19T05:00,3.7,91,2.4,864.4,4.4,171,Bhaisipati,27.6515,85.3008
2023-12-19T06:00,4.0,93,2.9,865.4,3.7,169,Bhaisipati,27.6515,85.3008
2023-12-19T07:00,5.5,87,3.5,866.4,4.7,171,Bhaisipati,27.6515,85.3008
2023-12-19T08:00,10.5,73,5.8,869.9,4.2,160,Bhaisipati,27.6515,85.3008
2023-12-19T09:00,13.3,60,5.8,871.5,1.5,76,Bhaisipati,27.6515,85.3008
2023-12-19T10:00,14.9,57,6.5,871.4,3.0,346,Bhaisipati,27.6515,85.3008
2023-12-19T11:00,16.0,53,6.5,871.2,5.5,328,Bhaisipati,27.6515,85.3008
2023-12-19T12:00,16.4,52,6.6,870.3,7.5,325,Bhaisipati,27.6515,85.3008
2023-12-19T13:00,16.2,52,6.3,869.5,8.2,331,Bhaisipati,27.6515,85.3008
2023-12-19T14:00,15.9,51,5.9,868.9,7.9,336,Bhaisipati,27.6515,85.3008
2023-12-19T15:00,15.0,54,5.8,868.4,6.6,338,Bhaisipati,27.6515,85.3008
2023-12-19T16:00,13.0,71,8.0,868.0,3.4,342,Bhaisipati,27.6515,85.3008
2023-12-19T17:00,12.4,63,5.5,868.6,3.2,243,Bhaisipati,27.6515,85.3008
2023-12-19T18:00,10.3,77,6.5,868.5,1.8,191,Bhaisipati,27.6515,85.3008
2023-12-19T19:00,9.7,81,6.6,868.5,2.2,180,Bhaisipati,27.6515,85.3008
2023-12-19T20:00,9.3,82,6.4,868.9,2.2,171,Bhaisipati,27.6515,85.3008
2023-12-19T21:00,8.8,82,6.0,869.1,2.9,173,Bhaisipati,27.6515,85.3008
2023-12-19T22:00,8.3,83,5.7,868.9,2.2,171,Bhaisipati,27.6515,85.3008
2023-12-19T23:00,8.1,83,5.4,868.8,2.3,162,Bhaisipati,27.6515,85.3008
2023-12-20T00:00,8.1,82,5.3,868.5,3.0,166,Bhaisipati,27.6515,85.3008
2023-12-20T01:00,7.8,83,5.1,867.9,3.0,166,Bhaisipati,27.6515,85.3008
2023-12-20T02:00,7.5,84,4.9,867.5,3.0,166,Bhaisipati,27.6515,85.3008
2023-12-20T03:00,7.1,84,4.6,867.1,3.0,166,Bhaisipati,27.6515,85.3008
2023-12-20T04:00,6.5,86,4.3,867.0,3.1,159,Bhaisipati,27.6515,85.3008
2023-12-20T05:00,6.2,86,4.0,867.2,3.7,169,Bhaisipati,27.6515,85.3008
2023-12-20T06:00,7.0,85,4.7,868.1,3.2,153,Bhaisipati,27.6515,85.3008
2023-12-20T07:00,7.7,85,5.3,868.8,5.0,159,Bhaisipati,27.6515,85.3008
2023-12-20T08:00,11.5,75,7.2,870.9,6.0,155,Bhaisipati,27.6515,85.3008
2023-12-20T09:00,14.2,62,7.1,872.8,2.5,82,Bhaisipati,27.6515,85.3008
2023-12-20T10:00,15.8,56,7.0,872.8,2.9,30,Bhaisipati,27.6515,85.3008
2023-12-20T11:00,17.0,53,7.3,872.2,4.0,10,Bhaisipati,27.6515,85.3008
2023-12-20T12:00,17.9,50,7.5,871.2,4.7,360,Bhaisipati,27.6515,85.3008
2023-12-20T13:00,18.3,50,7.7,870.1,5.9,349,Bhaisipati,27.6515,85.3008
2023-12-20T14:00,17.9,53,8.1,869.5,6.5,341,Bhaisipati,27.6515,85.3008
2023-12-20T15:00,16.7,57,8.2,869.0,6.8,342,Bhaisipati,27.6515,85.3008
2023-12-20T16:00,14.2,76,10.0,868.0,3.9,338,Bhaisipati,27.6515,85.3008
2023-12-20T17:00,13.9,66,7.8,868.4,1.8,180,Bhaisipati,27.6515,85.3008
2023-12-20T18:00,11.3,80,8.1,867.8,1.8,180,Bhaisipati,27.6515,85.3008
2023-12-20T19:00,11.2,79,7.7,868.3,2.2,180,Bhaisipati,27.6515,85.3008
2023-12-20T20:00,11.0,78,7.2,868.6,2.5,172,Bhaisipati,27.6515,85.3008
2023-12-20T21:00,10.8,76,6.8,868.8,3.0,166,Bhaisipati,27.6515,85.3008
2023-12-20T22:00,10.6,74,6.3,868.5,3.7,169,Bhaisipati,27.6515,85.3008
2023-12-20T23:00,10.3,73,5.6,867.8,3.7,169,Bhaisipati,27.6515,85.3008
2023-12-21T00:00,9.7,73,5.1,867.3,2.9,173,Bhaisipati,27.6515,85.3008
2023-12-21T01:00,9.8,69,4.5,867.2,2.2,171,Bhaisipati,27.6515,85.3008
2023-12-21T02:00,9.6,68,4.1,866.3,3.3,167,Bhaisipati,27.6515,85.3008
2023-12-21T03:00,9.3,69,3.9,866.1,2.2,171,Bhaisipati,27.6515,85.3008
2023-12-21T04:00,9.5,66,3.4,865.9,3.4,162,Bhaisipati,27.6515,85.3008
2023-12-21T05:00,9.2,65,2.9,865.9,3.3,167,Bhaisipati,27.6515,85.3008
2023-12-21T06:00,8.8,64,2.4,866.5,3.1,159,Bhaisipati,27.6515,85.3008
2023-12-21T07:00,9.5,62,2.5,867.4,4.5,166,Bhaisipati,27.6515,85.3008
2023-12-21T08:00,12.8,63,6.0,869.8,5.2,164,Bhaisipati,27.6515,85.3008
2023-12-21T09:00,16.6,44,4.3,871.9,1.3,56,Bhaisipati,27.6515,85.3008
2023-12-21T10:00,17.9,40,4.2,871.9,3.7,11,Bhaisipati,27.6515,85.3008
2023-12-21T11:00,19.0,39,4.9,871.0,4.8,347,Bhaisipati,27.6515,85.3008
2023-12-21T12:00,19.4,41,5.8,870.2,6.4,344,Bhaisipati,27.6515,85.3008
2023-12-21T13:00,19.3,43,6.4,869.5,6.6,338,Bhaisipati,27.6515,85.3008
2023-12-21T14:00,18.7,46,6.8,868.9,6.9,332,Bhaisipati,27.6515,85.3008
2023-12-21T15:00,17.6,50,7.2,868.6,5.0,339,Bhaisipati,27.6515,85.3008
2023-12-21T16:00,15.2,69,9.5,867.8,4.7,360,Bhaisipati,27.6515,85.3008
2023-12-21T17:00,15.0,56,6.3,868.3,1.5,166,Bhaisipati,27.6515,85.3008
2023-12-21T18:00,11.6,72,6.8,867.3,2.5,172,Bhaisipati,27.6515,85.3008
2023-12-21T19:00,11.4,72,6.5,867.8,2.9,173,Bhaisipati,27.6515,85.3008
2023-12-21T20:00,11.0,73,6.4,868.0,2.9,180,Bhaisipati,27.6515,85.3008
2023-12-21T21:00,10.8,74,6.4,868.5,2.5,180,Bhaisipati,27.6515,85.3008
2023-12-21T22:00,10.5,75,6.3,868.5,2.5,180,Bhaisipati,27.6515,85.3008
2023-12-21T23:00,10.0,76,5.9,868.1,2.9,173,Bhaisipati,27.6515,85.3008
2023-12-22T00:00,9.9,75,5.6,867.5,3.3,174,Bhaisipati,27.6515,85.3008
2023-12-22T01:00,9.9,74,5.5,867.1,3.3,167,Bhaisipati,27.6515,85.3008
2023-12-22T02:00,9.7,74,5.4,866.7,2.9,173,Bhaisipati,27.6515,85.3008
2023-12-22T03:00,9.5,74,5.2,866.4,3.3,167,Bhaisipati,27.6515,85.3008
2023-12-22T04:00,9.0,75,4.9,866.1,3.0,166,Bhaisipati,27.6515,85.3008
2023-12-22T05:00,8.4,76,4.5,865.9,4.1,165,Bhaisipati,27.6515,85.3008
2023-12-22T06:00,7.4,83,4.7,866.3,4.6,162,Bhaisipati,27.6515,85.3008
2023-12-22T07:00,8.1,81,5.1,867.4,4.9,163,Bhaisipati,27.6515,85.3008
2023-12-22T08:00,12.0,75,7.7,869.9,5.4,160,Bhaisipati,27.6515,85.3008
2023-12-22T09:00,15.8,56,7.1,872.0,0.8,63,Bhaisipati,27.6515,85.3008
2023-12-22T10:00,17.1,53,7.5,872.2,4.3,355,Bhaisipati,27.6515,85.3008
2023-12-22T11:00,17.9,52,8.0,871.6,6.0,343,Bhaisipati,27.6515,85.3008
2023-12-22T12:00,18.3,51,8.1,870.6,7.1,336,Bhaisipati,27.6515,85.3008
2023-12-22T13:00,18.0,51,7.7,869.5,7.2,333,Bhaisipati,27.6515,85.3008
2023-12-22T14:00,17.6,52,7.6,869.0,6.7,324,Bhaisipati,27.6515,85.3008
2023-12-22T15:00,16.6,57,8.0,869.0,5.6,320,Bhaisipati,27.6515,85.3008
2023-12-22T16:00,14.8,74,10.2,868.6,3.5,336,Bhaisipati,27.6515,85.3008
2023-12-22T17:00,14.1,67,8.0,868.8,0.4,180,Bhaisipati,27.6515,85.3008
2023-12-22T18:00,11.6,78,7.9,868.5,1.8,169,Bhaisipati,27.6515,85.3008
2023-12-22T19:00,11.8,76,7.7,868.8,2.6,164,Bhaisipati,27.6515,85.3008
2023-12-22T20:00,11.5,77,7.6,869.1,3.3,167,Bhaisipati,27.6515,85.3008
2023-12-22T21:00,11.2,78,7.4,869.1,3.6,174,Bhaisipati,27.6515,85.3008
2023-12-22T22:00,10.5,81,7.4,869.6,4.3,180,Bhaisipati,27.6515,85.3008
2023-12-22T23:00,10.3,82,7.4,869.4,3.6,174,Bhaisipati,27.6515,85.3008
2023-12-23T00:00,10.0,83,7.2,868.8,3.7,169,Bhaisipati,27.6515,85.3008
2023-12-23T01:00,9.8,82,6.9,868.5,3.7,169,Bhaisipati,27.6515,85.3008
2023-12-23T02:00,9.5,81,6.5,868.0,3.3,167,Bhaisipati,27.6515,85.3008
2023-12-23T03:00,9.0,81,5.8,867.8,2.9,173,Bhaisipati,27.6515,85.3008
2023-12-23T04:00,9.0,77,5.2,868.1,2.5,172,Bhaisipati,27.6515,85.3008
2023-12-23T05:00,8.8,75,4.6,868.5,2.5,172,Bhaisipati,27.6515,85.3008
2023-12-23T06:00,8.9,77,5.2,869.5,2.3,162,Bhaisipati,27.6515,85.3008
2023-12-23T07:00,9.8,74,5.3,870.3,4.1,165,Bhaisipati,27.6515,85.3008
2023-12-23T08:00,12.9,71,7.8,872.5,4.0,170,Bhaisipati,27.6515,85.3008
2023-12-23T09:00,15.3,51,5.2,874.3,1.9,338,Bhaisipati,27.6515,85.3008
2023-12-23T10:00,15.3,54,6.0,874.0,2.6,344,Bhaisipati,27.6515,85.3008
2023-12-23T11:00,16.0,55,6.8,873.7,2.9,330,Bhaisipati,27.6515,85.3008
2023-12-23T12:00,16.9,51,6.7,873.1,7.2,342,Bhaisipati,27.6515,85.3008
2023-12-23T13:00,17.2,49,6.5,872.2,5.9,346,Bhaisipati,27.6515,85.3008
2023-12-23T14:00,17.3,48,6.3,871.7,6.0,343,Bhaisipati,27.6515,85.3008
2023-12-23T15:00,16.4,54,6.9,871.0,5.8,356,Bhaisipati,27.6515,85.3008
2023-12-23T16:00,14.1,76,9.9,870.3,4.9,17,Bhaisipati,27.6515,85.3008
2023-12-23T17:00,12.0,77,8.1,869.8,1.5,166,Bhaisipati,27.6515,85.3008
2023-12-23T18:00,11.4,78,7.8,870.5,1.5,166,Bhaisipati,27.6515,85.3008
2023-12-23T19:00,10.9,79,7.5,871.0,1.8,169,Bhaisipati,27.6515,85.3008
2023-12-23T20:00,10.5,79,7.1,871.4,2.5,172,Bhaisipati,27.6515,85.3008
2023-12-23T21:00,10.3,78,6.8,871.7,3.3,167,Bhaisipati,27.6515,85.3008
2023-12-23T22:00,10.2,78,6.6,871.7,4.1,165,Bhaisipati,27.6515,85.3008
2023-12-23T23:00,10.2,77,6.3,871.4,3.7,169,Bhaisipati,27.6515,85.3008
2023-12-24T00:00,10.2,75,6.0,870.5,3.7,169,Bhaisipati,27.6515,85.3008
2023-12-24T01:00,9.8,75,5.5,869.9,3.0,166,Bhaisipati,27.6515,85.3008
2023-12-24T02:00,9.3,74,5.0,869.3,3.0,166,Bhaisipati,27.6515,85.3008
2023-12-24T03:00,8.6,75,4.4,868.8,3.0,166,Bhaisipati,27.6515,85.3008
2023-12-24T04:00,10.8,61,3.7,870.3,2.2,171,Bhaisipati,27.6515,85.3008
2023-12-24T05:00,10.2,62,3.4,870.4,2.6,164,Bhaisipati,27.6515,85.3008
2023-12-24T06:00,7.7,72,3.1,870.0,2.5,172,Bhaisipati,27.6515,85.3008
2023-12-24T07:00,9.3,68,3.7,871.2,1.5,166,Bhaisipati,27.6515,85.3008
2023-12-24T08:00,12.1,68,6.3,873.2,2.5,172,Bhaisipati,27.6515,85.3008
2023-12-24T09:00,15.2,49,4.7,874.9,1.5,346,Bhaisipati,27.6515,85.3008
2023-12-24T10:00,16.6,41,3.4,874.7,4.7,328,Bhaisipati,27.6515,85.3008
2023-12-24T11:00,17.4,39,3.4,874.0,6.5,326,Bhaisipati,27.6515,85.3008
2023-12-24T12:00,18.1,39,3.9,873.0,7.6,329,Bhaisipati,27.6515,85.3008
2023-12-24T13:00,17.9,42,4.7,872.1,8.9,333,Bhaisipati,27.6515,85.3008
2023-12-24T14:00,17.3,45,5.2,871.4,8.4,335,Bhaisipati,27.6515,85.3008
2023-12-24T15:00,16.3,50,5.8,870.8,6.5,341,Bhaisipati,27.6515,85.3008
2023-12-24T16:00,13.9,73,9.2,869.9,4.7,4,Bhaisipati,27.6515,85.3008
2023-12-24T17:00,12.5,68,6.8,869.8,1.1,180,Bhaisipati,27.6515,85.3008
2023-12-24T18:00,11.7,72,6.9,870.0,2.9,180,Bhaisipati,27.6515,85.3008
2023-12-24T19:00,11.3,75,6.9,870.3,3.6,186,Bhaisipati,27.6515,85.3008
2023-12-24T20:00,10.3,78,6.6,870.2,2.9,173,Bhaisipati,27.6515,85.3008
2023-12-24T21:00,9.6,78,6.0,869.9,3.3,167,Bhaisipati,27.6515,85.3008
2023-12-24T22:00,9.5,75,5.3,870.2,3.8,163,Bhaisipati,27.6515,85.3008
2023-12-24T23:00,9.0,74,4.7,870.0,4.8,153,Bhaisipati,27.6515,85.3008
2023-12-25T00:00,8.9,72,4.2,869.3,5.3,152,Bhaisipati,27.6515,85.3008
2023-12-25T01:00,8.7,71,3.8,868.6,5.5,148,Bhaisipati,27.6515,85.3008
2023-12-25T02:00,8.4,71,3.4,868.2,5.3,152,Bhaisipati,27.6515,85.3008
2023-12-25T03:00,8.3,70,3.1,867.7,4.5,151,Bhaisipati,27.6515,85.3008
2023-12-25T04:00,8.1,69,2.9,867.6,3.9,158,Bhaisipati,27.6515,85.3008
2023-12-25T05:00,7.9,70,2.8,867.7,3.4,162,Bhaisipati,27.6515,85.3008
2023-12-25T06:00,6.6,77,2.9,868.4,5.0,159,Bhaisipati,27.6515,85.3008
2023-12-25T07:00,6.7,82,3.8,869.1,6.0,163,Bhaisipati,27.6515,85.3008
2023-12-25T08:00,10.9,76,6.8,871.7,5.8,150,Bhaisipati,27.6515,85.3008
2023-12-25T09:00,14.2,56,5.6,873.6,3.2,90,Bhaisipati,27.6515,85.3008
2023-12-25T10:00,15.8,48,5.0,873.7,3.6,37,Bhaisipati,27.6515,85.3008
2023-12-25T11:00,17.1,46,5.5,872.9,4.3,5,Bhaisipati,27.6515,85.3008
2023-12-25T12:00,17.6,46,5.8,871.9,6.6,338,Bhaisipati,27.6515,85.3008
2023-12-25T13:00,17.3,47,5.9,871.0,8.0,324,Bhaisipati,27.6515,85.3008
2023-12-25T14:00,16.6,50,6.0,870.3,7.9,317,Bhaisipati,27.6515,85.3008
2023-12-25T15:00,15.6,55,6.6,869.8,6.4,317,Bhaisipati,27.6515,85.3008
2023-12-25T16:00,14.1,69,8.4,869.3,3.4,328,Bhaisipati,27.6515,85.3008
2023-12-25T17:00,13.4,65,7.0,869.2,1.8,191,Bhaisipati,27.6515,85.3008
2023-12-25T18:00,11.5,78,7.8,868.7,1.4,180,Bhaisipati,27.6515,85.3008
2023-12-25T19:00,11.1,76,7.0,869.0,1.8,169,Bhaisipati,27.6515,85.3008
2023-12-25T20:00,10.4,77,6.6,868.9,2.3,162,Bhaisipati,27.6515,85.3008
2023-12-25T21:00,10.2,76,6.2,869.1,2.7,157,Bhaisipati,27.6515,85.3008
2023-12-25T22:00,9.9,76,5.9,869.2,3.4,162,Bhaisipati,27.6515,85.3008
2023-12-25T23:00,9.8,75,5.6,868.7,3.8,163,Bhaisipati,27.6515,85.3008
2023-12-26T00:00,9.7,74,5.3,868.2,3.8,163,Bhaisipati,27.6515,85.3008
2023-12-26T01:00,9.3,75,5.1,867.6,4.2,160,Bhaisipati,27.6515,85.3008
2023-12-26T02:00,9.1,73,4.6,867.3,4.7,157,Bhaisipati,27.6515,85.3008
2023-12-26T03:00,9.1,70,4.0,866.9,5.0,150,Bhaisipati,27.6515,85.3008
2023-12-26T04:00,9.0,69,3.5,866.8,4.8,153,Bhaisipati,27.6515,85.3008
2023-12-26T05:00,8.8,68,3.3,867.2,4.3,156,Bhaisipati,27.6515,85.3008
2023-12-26T06:00,7.4,80,4.1,867.7,4.6,162,Bhaisipati,27.6515,85.3008
2023-12-26T07:00,7.9,80,4.7,868.8,5.7,162,Bhaisipati,27.6515,85.3008
2023-12-26T08:00,11.7,75,7.4,871.3,5.6,153,Bhaisipati,27.6515,85.3008
2023-12-26T09:00,14.9,57,6.5,873.5,2.9,83,Bhaisipati,27.6515,85.3008
2023-12-26T10:00,16.3,52,6.4,873.5,3.8,41,Bhaisipati,27.6515,85.3008
2023-12-26T11:00,17.3,49,6.6,872.9,4.2,20,Bhaisipati,27.6515,85.3008
2023-12-26T12:00,18.1,48,6.9,872.0,5.4,356,Bhaisipati,27.6515,85.3008
2023-12-26T13:00,18.5,49,7.5,871.2,8.4,335,Bhaisipati,27.6515,85.3008
2023-12-26T14:00,17.5,55,8.3,870.8,8.9,328,Bhaisipati,27.6515,85.3008
2023-12-26T15:00,16.4,60,8.7,870.8,7.0,325,Bhaisipati,27.6515,85.3008
2023-12-26T16:00,14.6,74,9.9,870.5,3.2,333,Bhaisipati,27.6515,85.3008
2023-12-26T17:00,13.9,70,8.6,870.7,1.9,202,Bhaisipati,27.6515,85.3008
2023-12-26T18:00,11.3,81,8.1,869.8,1.8,180,Bhaisipati,27.6515,85.3008
2023-12-26T19:00,10.8,80,7.6,870.1,2.2,180,Bhaisipati,27.6515,85.3008
2023-12-26T20:00,10.8,78,7.1,870.5,0.8,153,Bhaisipati,27.6515,85.3008
2023-12-26T21:00,10.0,81,6.8,870.8,2.6,164,Bhaisipati,27.6515,85.3008
2023-12-26T22:00,9.8,80,6.6,870.9,2.5,172,Bhaisipati,27.6515,85.3008
2023-12-26T23:00,9.6,80,6.4,870.4,2.2,171,Bhaisipati,27.6515,85.3008
2023-12-27T00:00,9.5,80,6.3,869.7,3.3,167,Bhaisipati,27.6515,85.3008
2023-12-27T01:00,8.9,83,6.1,869.1,3.3,167,Bhaisipati,27.6515,85.3008
2023-12-27T02:00,8.0,87,6.0,868.1,4.5,166,Bhaisipati,27.6515,85.3008
2023-12-27T03:00,7.1,91,5.8,867.5,4.8,167,Bhaisipati,27.6515,85.3008
2023-12-27T04:00,6.4,94,5.5,867.2,4.4,171,Bhaisipati,27.6515,85.3008
2023-12-27T05:00,6.2,94,5.3,867.6,4.1,165,Bhaisipati,27.6515,85.3008
2023-12-27T06:00,6.4,93,5.4,868.9,4.4,171,Bhaisipati,27.6515,85.3008
2023-12-27T07:00,7.0,91,5.7,869.8,5.2,168,Bhaisipati,27.6515,85.3008
2023-12-27T08:00,11.7,80,8.3,872.9,4.5,166,Bhaisipati,27.6515,85.3008
2023-12-27T09:00,14.8,61,7.2,874.4,1.6,27,Bhaisipati,27.6515,85.3008
2023-12-27T10:00,16.3,56,7.4,874.9,3.6,6,Bhaisipati,27.6515,85.3008
2023-12-27T11:00,17.3,53,7.7,874.0,4.9,343,Bhaisipati,27.6515,85.3008
2023-12-27T12:00,18.0,53,8.4,873.1,7.0,339,Bhaisipati,27.6515,85.3008
2023-12-27T13:00,17.8,55,8.7,871.9,8.1,328,Bhaisipati,27.6515,85.3008
2023-12-27T14:00,17.1,56,8.3,871.1,8.3,326,Bhaisipati,27.6515,85.3008
2023-12-27T15:00,16.1,61,8.5,870.8,6.6,331,Bhaisipati,27.6515,85.3008
2023-12-27T16:00,14.6,71,9.4,870.3,3.2,360,Bhaisipati,27.6515,85.3008
2023-12-27T17:00,13.8,68,7.9,869.9,1.8,169,Bhaisipati,27.6515,85.3008
2023-12-27T18:00,12.5,83,9.7,869.8,0.4,180,Bhaisipati,27.6515,85.3008
2023-12-27T19:00,11.8,84,9.2,869.5,2.2,189,Bhaisipati,27.6515,85.3008
2023-12-27T20:00,12.3,79,8.7,870.1,1.1,180,Bhaisipati,27.6515,85.3008
2023-12-27T21:00,11.0,85,8.6,869.6,2.2,171,Bhaisipati,27.6515,85.3008
2023-12-27T22:00,10.5,86,8.2,869.3,1.8,169,Bhaisipati,27.6515,85.3008
2023-12-27T23:00,10.2,86,8.0,868.9,2.2,171,Bhaisipati,27.6515,85.3008
2023-12-28T00:00,9.8,86,7.7,868.4,2.5,172,Bhaisipati,27.6515,85.3008
2023-12-28T01:00,9.8,86,7.6,868.2,2.9,173,Bhaisipati,27.6515,85.3008
2023-12-28T02:00,9.3,88,7.4,867.6,2.5,172,Bhaisipati,27.6515,85.3008
2023-12-28T03:00,8.6,91,7.2,867.0,3.3,174,Bhaisipati,27.6515,85.3008
2023-12-28T04:00,7.3,96,6.7,866.3,3.6,174,Bhaisipati,27.6515,85.3008
2023-12-28T05:00,6.7,98,6.3,866.4,4.7,176,Bhaisipati,27.6515,85.3008
2023-12-28T06:00,6.9,97,6.4,867.3,4.7,176,Bhaisipati,27.6515,85.3008
2023-12-28T07:00,8.0,96,7.4,868.6,4.7,171,Bhaisipati,27.6515,85.3008
2023-12-28T08:00,12.0,81,8.8,871.4,4.9,163,Bhaisipati,27.6515,85.3008
2023-12-28T09:00,14.0,69,8.5,872.8,2.5,98,Bhaisipati,27.6515,85.3008
2023-12-28T10:00,14.9,66,8.6,873.0,3.1,54,Bhaisipati,27.6515,85.3008
2023-12-28T11:00,15.6,63,8.5,872.2,4.0,27,Bhaisipati,27.6515,85.3008
2023-12-28T12:00,16.4,59,8.3,871.4,5.1,4,Bhaisipati,27.6515,85.3008
2023-12-28T13:00,16.3,58,7.9,870.6,5.1,4,Bhaisipati,27.6515,85.3008
2023-12-28T14:00,16.1,58,7.8,870.0,4.7,360,Bhaisipati,27.6515,85.3008
2023-12-28T15:00,15.8,59,7.8,870.0,3.7,349,Bhaisipati,27.6515,85.3008
2023-12-28T16:00,15.2,68,9.3,869.9,1.5,14,Bhaisipati,27.6515,85.3008
2023-12-28T17:00,14.0,76,9.8,869.8,2.2,99,Bhaisipati,27.6515,85.3008
2023-12-28T18:00,11.4,89,9.6,869.4,3.7,191,Bhaisipati,27.6515,85.3008
2023-12-28T19:00,11.8,80,8.6,869.9,2.9,187,Bhaisipati,27.6515,85.3008
2023-12-28T20:00,10.0,86,7.8,869.6,1.5,166,Bhaisipati,27.6515,85.3008
2023-12-28T21:00,9.3,85,6.9,869.6,3.8,163,Bhaisipati,27.6515,85.3008
2023-12-28T22:00,9.2,83,6.4,869.5,4.1,165,Bhaisipati,27.6515,85.3008
2023-12-28T23:00,9.0,83,6.2,869.2,4.2,160,Bhaisipati,27.6515,85.3008
2023-12-29T00:00,8.7,83,5.9,868.7,3.8,163,Bhaisipati,27.6515,85.3008
2023-12-29T01:00,8.5,83,5.7,868.5,3.8,163,Bhaisipati,27.6515,85.3008
2023-12-29T02:00,8.2,82,5.4,868.0,3.9,158,Bhaisipati,27.6515,85.3008
2023-12-29T03:00,8.3,81,5.3,867.8,3.8,163,Bhaisipati,27.6515,85.3008
2023-12-29T04:00,8.1,82,5.3,867.6,3.8,163,Bhaisipati,27.6515,85.3008
2023-12-29T05:00,7.7,84,5.2,867.8,4.1,165,Bhaisipati,27.6515,85.3008
2023-12-29T06:00,7.7,86,5.5,868.7,4.2,160,Bhaisipati,27.6515,85.3008
2023-12-29T07:00,8.5,86,6.3,869.9,4.7,157,Bhaisipati,27.6515,85.3008
2023-12-29T08:00,11.8,82,8.8,872.0,5.8,150,Bhaisipati,27.6515,85.3008
2023-12-29T09:00,14.6,62,7.5,873.9,3.6,96,Bhaisipati,27.6515,85.3008
2023-12-29T10:00,16.0,55,7.0,873.7,3.9,56,Bhaisipati,27.6515,85.3008
2023-12-29T11:00,17.3,50,6.8,873.0,4.4,35,Bhaisipati,27.6515,85.3008
2023-12-29T12:00,18.1,48,6.9,871.8,6.4,16,Bhaisipati,27.6515,85.3008
2023-12-29T13:00,18.3,48,7.1,870.9,6.5,360,Bhaisipati,27.6515,85.3008
2023-12-29T14:00,17.9,50,7.4,870.2,6.4,344,Bhaisipati,27.6515,85.3008
2023-12-29T15:00,16.9,54,7.6,869.8,6.5,341,Bhaisipati,27.6515,85.3008
2023-12-29T16:00,14.7,72,9.7,869.2,3.1,339,Bhaisipati,27.6515,85.3008
2023-12-29T17:00,14.0,64,7.4,869.3,1.8,180,Bhaisipati,27.6515,85.3008
2023-12-29T18:00,11.8,74,7.4,868.8,1.8,169,Bhaisipati,27.6515,85.3008
2023-12-29T19:00,11.2,76,7.1,869.1,1.5,166,Bhaisipati,27.6515,85.3008
2023-12-29T20:00,10.8,76,6.7,869.4,1.5,166,Bhaisipati,27.6515,85.3008
2023-12-29T21:00,10.5,76,6.5,869.6,2.5,172,Bhaisipati,27.6515,85.3008
2023-12-29T22:00,10.1,78,6.4,869.2,2.5,172,Bhaisipati,27.6515,85.3008
2023-12-29T23:00,9.8,79,6.3,868.8,2.2,180,Bhaisipati,27.6515,85.3008
2023-12-30T00:00,9.4,80,6.1,868.4,2.5,172,Bhaisipati,27.6515,85.3008
2023-12-30T01:00,9.3,80,5.9,867.6,3.3,167,Bhaisipati,27.6515,85.3008
2023-12-30T02:00,9.2,79,5.7,867.2,3.4,162,Bhaisipati,27.6515,85.3008
2023-12-30T03:00,9.2,78,5.5,866.7,3.4,162,Bhaisipati,27.6515,85.3008
2023-12-30T04:00,9.1,77,5.4,866.6,3.4,162,Bhaisipati,27.6515,85.3008
2023-12-30T05:00,8.9,78,5.2,866.6,3.8,163,Bhaisipati,27.6515,85.3008
2023-12-30T06:00,7.5,86,5.3,867.0,4.0,170,Bhaisipati,27.6515,85.3008
2023-12-30T07:00,7.8,86,5.6,867.6,5.5,169,Bhaisipati,27.6515,85.3008
2023-12-30T08:00,11.5,79,8.1,869.8,5.9,166,Bhaisipati,27.6515,85.3008
2023-12-30T09:00,15.4,60,7.6,871.8,1.5,104,Bhaisipati,27.6515,85.3008
2023-12-30T10:00,16.9,54,7.5,872.1,2.2,351,Bhaisipati,27.6515,85.3008
2023-12-30T11:00,17.8,53,8.0,871.5,4.5,331,Bhaisipati,27.6515,85.3008
2023-12-30T12:00,18.1,51,7.9,870.6,5.1,321,Bhaisipati,27.6515,85.3008
2023-12-30T13:00,18.1,51,7.9,869.8,5.9,322,Bhaisipati,27.6515,85.3008
2023-12-30T14:00,17.6,56,8.6,869.1,6.6,331,Bhaisipati,27.6515,85.3008
2023-12-30T15:00,16.8,60,8.9,868.8,5.5,337,Bhaisipati,27.6515,85.3008
2023-12-30T16:00,15.0,77,11.0,868.6,3.0,346,Bhaisipati,27.6515,85.3008
2023-12-30T17:00,14.5,68,8.7,868.7,3.4,18,Bhaisipati,27.6515,85.3008
2023-12-30T18:00,12.3,77,8.5,868.4,3.0,166,Bhaisipati,27.6515,85.3008
2023-12-30T19:00,11.3,82,8.3,868.1,3.6,174,Bhaisipati,27.6515,85.3008
2023-12-30T20:00,10.5,85,8.1,868.0,3.6,174,Bhaisipati,27.6515,85.3008
2023-12-30T21:00,9.9,87,7.9,867.8,5.1,172,Bhaisipati,27.6515,85.3008
2023-12-30T22:00,9.4,89,7.6,867.3,4.7,171,Bhaisipati,27.6515,85.3008
2023-12-30T23:00,9.5,87,7.4,867.0,4.7,171,Bhaisipati,27.6515,85.3008
2023-12-31T00:00,9.6,85,7.2,866.8,4.5,166,Bhaisipati,27.6515,85.3008
2023-12-31T01:00,9.5,84,6.9,866.6,4.8,167,Bhaisipati,27.6515,85.3008
2023-12-31T02:00,9.2,84,6.6,866.1,4.8,167,Bhaisipati,27.6515,85.3008
2023-12-31T03:00,8.8,84,6.3,865.8,4.4,171,Bhaisipati,27.6515,85.3008
2023-12-31T04:00,8.3,85,6.1,865.8,3.7,169,Bhaisipati,27.6515,85.3008
2023-12-31T05:00,8.0,86,5.8,866.1,3.3,167,Bhaisipati,27.6515,85.3008
2023-12-31T06:00,7.0,92,5.8,867.2,4.5,166,Bhaisipati,27.6515,85.3008
2023-12-31T07:00,7.8,88,5.9,868.3,5.2,168,Bhaisipati,27.6515,85.3008
2023-12-31T08:00,11.5,79,8.0,870.4,5.4,160,Bhaisipati,27.6515,85.3008
2023-12-31T09:00,14.5,64,7.9,871.9,2.5,82,Bhaisipati,27.6515,85.3008
2023-12-31T10:00,16.0,60,8.3,871.8,2.7,23,Bhaisipati,27.6515,85.3008
2023-12-31T11:00,17.1,56,8.3,871.0,4.0,355,Bhaisipati,27.6515,85.3008
2023-12-31T12:00,17.8,53,8.2,870.1,5.2,335,Bhaisipati,27.6515,85.3008
2023-12-31T13:00,17.9,52,8.0,869.2,5.4,323,Bhaisipati,27.6515,85.3008
2023-12-31T14:00,17.4,55,8.4,868.5,5.9,322,Bhaisipati,27.6515,85.3008
2023-12-31T15:00,16.6,58,8.4,867.9,4.9,324,Bhaisipati,27.6515,85.3008
2023-12-31T16:00,14.9,79,11.2,867.5,3.7,331,Bhaisipati,27.6515,85.3008
2023-12-31T17:00,14.3,66,8.0,867.8,1.8,180,Bhaisipati,27.6515,85.3008
2023-12-31T18:00,11.3,84,8.6,867.6,1.1,180,Bhaisipati,27.6515,85.3008
2023-12-31T19:00,11.0,82,8.0,867.6,2.2,180,Bhaisipati,27.6515,85.3008
2023-12-31T20:00,10.5,83,7.8,867.7,2.2,180,Bhaisipati,27.6515,85.3008
2023-12-31T21:00,10.1,84,7.5,868.1,1.8,180,Bhaisipati,27.6515,85.3008
2023-12-31T22:00,9.8,84,7.3,867.7,2.9,173,Bhaisipati,27.6515,85.3008
2023-12-31T23:00,9.3,86,7.1,867.2,4.0,175,Bhaisipati,27.6515,85.3008
