timestamp,temperature,humidity,dew_point,pressure,wind_speed,wind_direction,station,latitude,longitude
2025-01-01T00:00,9.1,81,6.0,871.5,1.3,164,Ratnapark,27.7063,85.3152
2025-01-01T01:00,9.2,78,5.6,870.7,1.5,159,Ratnapark,27.7063,85.3152
2025-01-01T02:00,8.8,75,4.6,869.9,2.8,145,Ratnapark,27.7063,85.3152
2025-01-01T03:00,8.7,72,4.0,869.4,2.8,145,Ratnapark,27.7063,85.3152
2025-01-01T04:00,8.4,73,3.8,869.1,3.8,149,Ratnapark,27.7063,85.3152
2025-01-01T05:00,8.1,76,4.1,869.0,3.9,146,Ratnapark,27.7063,85.3152
2025-01-01T06:00,5.6,94,4.7,869.2,7.1,144,Ratnapark,27.7063,85.3152
2025-01-01T07:00,6.3,93,5.3,870.4,6.8,148,Ratnapark,27.7063,85.3152
2025-01-01T08:00,10.3,80,7.0,873.1,5.8,124,Ratnapark,27.7063,85.3152
2025-01-01T09:00,13.5,61,6.1,874.7,5.8,86,Ratnapark,27.7063,85.3152
2025-01-01T10:00,15.6,55,6.6,874.9,5.9,67,Ratnapark,27.7063,85.3152
2025-01-01T11:00,17.1,53,7.5,874.2,4.2,54,Ratnapark,27.7063,85.3152
2025-01-01T12:00,18.1,52,8.1,873.3,3.5,28,Ratnapark,27.7063,85.3152
2025-01-01T13:00,18.6,52,8.4,872.3,3.3,9,Ratnapark,27.7063,85.3152
2025-01-01T14:00,18.7,51,8.5,871.7,3.5,345,Ratnapark,27.7063,85.3152
2025-01-01T15:00,17.7,54,8.4,871.5,5.9,320,Ratnapark,27.7063,85.3152
2025-01-01T16:00,15.4,67,9.3,871.0,4.5,317,Ratnapark,27.7063,85.3152
2025-01-01T17:00,12.8,75,8.5,870.5,2.8,305,Ratnapark,27.7063,85.3152
2025-01-01T18:00,11.8,76,7.7,871.1,2.7,312,Ratnapark,27.7063,85.3152
2025-01-01T19:00,11.2,75,7.0,871.3,1.1,288,Ratnapark,27.7063,85.3152
2025-01-01T20:00,10.5,77,6.6,871.7,0.8,153,Ratnapark,27.7063,85.3152
2025-01-01T21:00,9.8,81,6.6,871.4,1.1,162,Ratnapark,27.7063,85.3152
2025-01-01T22:00,9.5,82,6.5,871.3,2.4,153,Ratnapark,27.7063,85.3152
2025-01-01T23:00,9.5,81,6.4,870.9,3.0,155,Ratnapark,27.7063,85.3152
2025-01-02T00:00,9.4,81,6.3,870.2,3.9,156,Ratnapark,27.7063,85.3152
2025-01-02T01:00,8.8,84,6.2,869.5,4.6,154,Ratnapark,27.7063,85.3152
2025-01-02T02:00,7.9,88,6.0,868.6,5.3,152,Ratnapark,27.7063,85.3152
2025-01-02T03:00,7.3,90,5.7,867.8,5.6,153,Ratnapark,27.7063,85.3152
2025-01-02T04:00,7.0,90,5.5,867.8,5.2,151,Ratnapark,27.7063,85.3152
2025-01-02T05:00,6.9,89,5.3,868.1,5.7,145,Ratnapark,27.7063,85.3152
2025-01-02T06:00,5.1,97,4.6,868.6,8.0,140,Ratnapark,27.7063,85.3152
2025-01-02T07:00,6.2,93,5.1,869.8,8.0,142,Ratnapark,27.7063,85.3152
2025-01-02T08:00,10.5,80,7.1,873.0,5.9,117,Ratnapark,27.7063,85.3152
2025-01-02T09:00,13.7,63,6.8,874.9,6.7,92,Ratnapark,27.7063,85.3152
2025-01-02T10:00,15.5,57,7.1,875.1,7.3,83,Ratnapark,27.7063,85.3152
2025-01-02T11:00,17.2,53,7.6,875.1,6.4,61,Ratnapark,27.7063,85.3152
2025-01-02T12:00,18.2,50,7.7,874.2,6.1,50,Ratnapark,27.7063,85.3152
2025-01-02T13:00,18.8,49,7.9,873.6,5.1,54,Ratnapark,27.7063,85.3152
2025-01-02T14:00,18.8,49,7.9,873.1,5.2,59,Ratnapark,27.7063,85.3152
2025-01-02T15:00,18.2,51,8.0,872.4,4.3,45,Ratnapark,27.7063,85.3152
2025-01-02T16:00,16.2,67,10.0,871.9,2.5,352,Ratnapark,27.7063,85.3152
2025-01-02T17:00,13.8,70,8.4,871.6,1.7,283,Ratnapark,27.7063,85.3152
2025-01-02T18:00,12.5,74,7.9,872.2,2.7,278,Ratnapark,27.7063,85.3152
2025-01-02T19:00,12.1,74,7.7,872.4,1.3,254,Ratnapark,27.7063,85.3152
2025-01-02T20:00,11.6,77,7.6,873.0,0.8,225,Ratnapark,27.7063,85.3152
2025-01-02T21:00,10.8,80,7.5,873.4,1.0,158,Ratnapark,27.7063,85.3152
2025-01-02T22:00,10.3,82,7.4,873.1,2.3,151,Ratnapark,27.7063,85.3152
2025-01-02T23:00,9.7,84,7.2,872.4,2.7,148,Ratnapark,27.7063,85.3152
2025-01-03T00:00,9.6,85,7.2,871.5,3.5,145,Ratnapark,27.7063,85.3152
2025-01-03T01:00,8.9,88,7.0,871.0,3.9,143,Ratnapark,27.7063,85.3152
2025-01-03T02:00,8.3,90,6.7,870.5,4.4,148,Ratnapark,27.7063,85.3152
2025-01-03T03:00,7.5,92,6.4,869.7,5.7,148,Ratnapark,27.7063,85.3152
2025-01-03T04:00,7.0,94,6.1,869.4,6.2,154,Ratnapark,27.7063,85.3152
2025-01-03T05:00,6.6,94,5.7,869.4,5.4,159,Ratnapark,27.7063,85.3152
2025-01-03T06:00,6.5,93,5.4,870.9,4.5,151,Ratnapark,27.7063,85.3152
2025-01-03T07:00,7.5,89,5.8,872.1,6.2,142,Ratnapark,27.7063,85.3152
2025-01-03T08:00,11.4,76,7.3,875.0,5.4,124,Ratnapark,27.7063,85.3152
2025-01-03T09:00,14.3,60,6.7,876.4,4.3,112,Ratnapark,27.7063,85.3152
2025-01-03T10:00,16.5,55,7.3,876.6,3.1,83,Ratnapark,27.7063,85.3152
2025-01-03T11:00,18.3,51,8.0,876.1,2.2,42,Ratnapark,27.7063,85.3152
2025-01-03T12:00,19.4,49,8.3,875.1,3.0,346,Ratnapark,27.7063,85.3152
2025-01-03T13:00,20.0,48,8.6,874.3,4.4,328,Ratnapark,27.7063,85.3152
2025-01-03T14:00,19.8,48,8.4,873.7,5.8,321,Ratnapark,27.7063,85.3152
2025-01-03T15:00,18.7,48,7.6,873.3,6.5,321,Ratnapark,27.7063,85.3152
2025-01-03T16:00,16.4,62,9.2,872.8,3.6,319,Ratnapark,27.7063,85.3152
2025-01-03T17:00,14.3,64,7.5,872.3,0.9,233,Ratnapark,27.7063,85.3152
2025-01-03T18:00,12.6,72,7.8,872.2,0.5,180,Ratnapark,27.7063,85.3152
2025-01-03T19:00,11.9,76,7.8,872.3,1.8,186,Ratnapark,27.7063,85.3152
2025-01-03T20:00,12.0,73,7.3,873.0,0.9,180,Ratnapark,27.7063,85.3152
2025-01-03T21:00,11.2,76,7.1,872.9,2.3,148,Ratnapark,27.7063,85.3152
2025-01-03T22:00,10.7,79,7.1,872.4,3.6,143,Ratnapark,27.7063,85.3152
2025-01-03T23:00,9.8,82,6.9,871.6,4.4,150,Ratnapark,27.7063,85.3152
2025-01-04T00:00,8.7,88,6.7,870.7,5.1,157,Ratnapark,27.7063,85.3152
2025-01-04T01:00,7.8,91,6.5,870.0,5.6,158,Ratnapark,27.7063,85.3152
2025-01-04T02:00,7.0,95,6.2,869.1,5.6,155,Ratnapark,27.7063,85.3152
2025-01-04T03:00,6.5,96,5.9,868.6,3.8,149,Ratnapark,27.7063,85.3152
2025-01-04T04:00,6.1,97,5.7,868.7,2.9,158,Ratnapark,27.7063,85.3152
2025-01-04T05:00,5.9,98,5.6,868.5,5.6,159,Ratnapark,27.7063,85.3152
2025-01-04T06:00,5.6,98,5.3,869.8,4.8,160,Ratnapark,27.7063,85.3152
2025-01-04T07:00,6.7,95,6.0,870.9,6.2,165,Ratnapark,27.7063,85.3152
2025-01-04T08:00,11.2,80,8.0,873.8,6.1,146,Ratnapark,27.7063,85.3152
2025-01-04T09:00,15.2,66,8.8,876.0,3.7,119,Ratnapark,27.7063,85.3152
2025-01-04T10:00,17.4,57,8.7,876.2,2.7,148,Ratnapark,27.7063,85.3152
2025-01-04T11:00,18.6,54,9.1,875.7,2.3,270,Ratnapark,27.7063,85.3152
2025-01-04T12:00,19.3,53,9.4,874.8,3.8,295,Ratnapark,27.7063,85.3152
2025-01-04T13:00,19.6,52,9.4,873.8,4.3,315,Ratnapark,27.7063,85.3152
2025-01-04T14:00,19.6,51,9.2,873.2,4.6,312,Ratnapark,27.7063,85.3152
2025-01-04T15:00,18.6,53,8.9,872.7,5.5,311,Ratnapark,27.7063,85.3152
2025-01-04T16:00,16.3,66,10.0,872.1,3.7,313,Ratnapark,27.7063,85.3152
2025-01-04T17:00,14.3,66,8.0,871.7,0.9,259,Ratnapark,27.7063,85.3152
2025-01-04T18:00,12.5,71,7.4,872.0,0.6,146,Ratnapark,27.7063,85.3152
2025-01-04T19:00,11.5,75,7.3,872.2,1.5,187,Ratnapark,27.7063,85.3152
2025-01-04T20:00,11.4,74,6.8,873.0,1.5,216,Ratnapark,27.7063,85.3152
2025-01-04T21:00,10.8,75,6.5,873.0,0.7,194,Ratnapark,27.7063,85.3152
2025-01-04T22:00,10.3,79,6.8,872.6,2.0,170,Ratnapark,27.7063,85.3152
2025-01-04T23:00,9.6,83,6.9,871.9,4.4,153,Ratnapark,27.7063,85.3152
2025-01-05T00:00,8.6,87,6.6,871.1,5.8,150,Ratnapark,27.7063,85.3152
2025-01-05T01:00,8.0,88,6.2,870.4,5.9,157,Ratnapark,27.7063,85.3152
2025-01-05T02:00,7.4,90,5.8,869.6,5.6,158,Ratnapark,27.7063,85.3152
2025-01-05T03:00,7.1,91,5.7,869.2,5.6,159,Ratnapark,27.7063,85.3152
2025-01-05T04:00,6.7,92,5.6,869.0,4.6,162,Ratnapark,27.7063,85.3152
2025-01-05T05:00,6.5,93,5.4,869.2,3.9,158,Ratnapark,27.7063,85.3152
2025-01-05T06:00,6.4,94,5.5,870.7,4.0,162,Ratnapark,27.7063,85.3152
2025-01-05T07:00,7.2,91,5.9,871.9,5.1,162,Ratnapark,27.7063,85.3152
2025-01-05T08:00,11.3,80,7.9,874.8,5.0,150,Ratnapark,27.7063,85.3152
2025-01-05T09:00,14.3,67,8.3,876.7,3.8,101,Ratnapark,27.7063,85.3152
2025-01-05T10:00,16.0,61,8.4,876.9,2.6,65,Ratnapark,27.7063,85.3152
2025-01-05T11:00,17.2,56,8.5,876.3,2.9,47,Ratnapark,27.7063,85.3152
2025-01-05T12:00,18.1,54,8.7,875.7,3.0,25,Ratnapark,27.7063,85.3152
2025-01-05T13:00,17.9,55,8.7,875.0,3.1,360,Ratnapark,27.7063,85.3152
2025-01-05T14:00,17.5,57,8.9,874.5,4.0,3,Ratnapark,27.7063,85.3152
2025-01-05T15:00,16.8,61,9.3,874.0,4.0,350,Ratnapark,27.7063,85.3152
2025-01-05T16:00,15.2,75,10.7,873.3,2.8,325,Ratnapark,27.7063,85.3152
2025-01-05T17:00,13.8,76,9.6,873.0,0.6,214,Ratnapark,27.7063,85.3152
2025-01-05T18:00,12.4,83,9.5,873.1,1.3,196,Ratnapark,27.7063,85.3152
2025-01-05T19:00,11.7,88,9.7,873.1,2.2,185,Ratnapark,27.7063,85.3152
2025-01-05T20:00,10.9,92,9.6,873.1,3.8,183,Ratnapark,27.7063,85.3152
2025-01-05T21:00,10.3,94,9.4,872.9,3.3,174,Ratnapark,27.7063,85.3152
2025-01-05T22:00,9.8,96,9.1,872.7,3.6,177,Ratnapark,27.7063,85.3152
2025-01-05T23:00,9.7,95,9.0,872.3,1.1,162,Ratnapark,27.7063,85.3152
2025-01-06T00:00,9.3,96,8.7,871.9,3.1,149,Ratnapark,27.7063,85.3152
2025-01-06T01:00,9.0,97,8.5,871.4,4.3,152,Ratnapark,27.7063,85.3152
2025-01-06T02:00,8.7,97,8.2,871.0,3.9,152,Ratnapark,27.7063,85.3152
2025-01-06T03:00,8.4,96,7.8,870.4,3.3,158,Ratnapark,27.7063,85.3152
2025-01-06T04:00,8.0,96,7.4,869.9,3.1,159,Ratnapark,27.7063,85.3152
2025-01-06T05:00,7.8,96,7.3,869.8,4.5,164,Ratnapark,27.7063,85.3152
2025-01-06T06:00,8.1,95,7.3,870.8,1.3,172,Ratnapark,27.7063,85.3152
2025-01-06T07:00,8.5,96,7.9,871.9,3.0,155,Ratnapark,27.7063,85.3152
2025-01-06T08:00,12.5,84,9.8,874.6,3.8,139,Ratnapark,27.7063,85.3152
2025-01-06T09:00,15.1,66,8.7,876.0,2.4,347,Ratnapark,27.7063,85.3152
2025-01-06T10:00,16.3,58,8.0,875.9,5.2,319,Ratnapark,27.7063,85.3152
2025-01-06T11:00,17.6,54,8.1,875.0,6.0,297,Ratnapark,27.7063,85.3152
2025-01-06T12:00,18.4,53,8.7,874.1,7.3,300,Ratnapark,27.7063,85.3152
2025-01-06T13:00,18.5,55,9.3,873.2,8.6,307,Ratnapark,27.7063,85.3152
2025-01-06T14:00,18.0,56,9.0,872.4,10.1,320,Ratnapark,27.7063,85.3152
2025-01-06T15:00,16.9,58,8.6,871.9,8.1,329,Ratnapark,27.7063,85.3152
2025-01-06T16:00,15.1,71,9.9,871.0,3.6,333,Ratnapark,27.7063,85.3152
2025-01-06T17:00,13.0,77,9.0,870.1,1.4,203,Ratnapark,27.7063,85.3152
2025-01-06T18:00,11.8,84,9.2,870.0,1.8,191,Ratnapark,27.7063,85.3152
2025-01-06T19:00,11.5,85,9.0,870.5,3.7,215,Ratnapark,27.7063,85.3152
2025-01-06T20:00,10.9,87,8.9,870.7,2.3,209,Ratnapark,27.7063,85.3152
2025-01-06T21:00,10.2,92,8.9,870.7,1.5,194,Ratnapark,27.7063,85.3152
2025-01-06T22:00,9.6,95,8.9,870.5,1.7,198,Ratnapark,27.7063,85.3152
2025-01-06T23:00,9.0,99,8.8,870.0,2.5,188,Ratnapark,27.7063,85.3152
2025-01-07T00:00,8.6,100,8.6,869.4,1.4,180,Ratnapark,27.7063,85.3152
2025-01-07T01:00,8.4,100,8.3,868.8,3.0,163,Ratnapark,27.7063,85.3152
2025-01-07T02:00,8.0,100,8.0,868.5,5.4,159,Ratnapark,27.7063,85.3152
2025-01-07T03:00,7.9,100,7.8,868.4,7.6,155,Ratnapark,27.7063,85.3152
2025-01-07T04:00,8.0,96,7.4,868.3,6.1,152,Ratnapark,27.7063,85.3152
2025-01-07T05:00,7.8,95,7.1,868.6,6.1,157,Ratnapark,27.7063,85.3152
2025-01-07T06:00,6.8,100,6.8,869.1,1.8,156,Ratnapark,27.7063,85.3152
2025-01-07T07:00,8.5,96,7.9,870.5,1.5,159,Ratnapark,27.7063,85.3152
2025-01-07T08:00,11.4,94,10.4,872.2,1.8,135,Ratnapark,27.7063,85.3152
2025-01-07T09:00,13.1,79,9.5,872.8,0.0,270,Ratnapark,27.7063,85.3152
2025-01-07T10:00,14.9,64,8.2,872.7,5.2,304,Ratnapark,27.7063,85.3152
2025-01-07T11:00,15.4,55,6.4,871.7,9.0,305,Ratnapark,27.7063,85.3152
2025-01-07T12:00,14.9,56,6.2,870.6,7.8,304,Ratnapark,27.7063,85.3152
2025-01-07T13:00,14.3,68,8.6,869.5,4.9,303,Ratnapark,27.7063,85.3152
2025-01-07T14:00,12.3,75,8.0,868.8,10.4,270,Ratnapark,27.7063,85.3152
2025-01-07T15:00,12.2,76,8.1,868.3,1.3,135,Ratnapark,27.7063,85.3152
2025-01-07T16:00,11.7,78,8.0,868.2,6.5,314,Ratnapark,27.7063,85.3152
2025-01-07T17:00,10.0,89,8.3,867.8,3.1,306,Ratnapark,27.7063,85.3152
2025-01-07T18:00,8.8,97,8.3,868.0,1.2,297,Ratnapark,27.7063,85.3152
2025-01-07T19:00,8.4,97,7.9,868.3,0.4,270,Ratnapark,27.7063,85.3152
2025-01-07T20:00,7.9,99,7.7,868.4,0.2,180,Ratnapark,27.7063,85.3152
2025-01-07T21:00,7.4,100,7.4,868.2,1.6,180,Ratnapark,27.7063,85.3152
2025-01-07T22:00,6.8,100,6.8,867.9,2.1,160,Ratnapark,27.7063,85.3152
2025-01-07T23:00,6.4,100,6.4,867.2,3.1,144,Ratnapark,27.7063,85.3152
2025-01-08T00:00,5.9,100,5.9,866.4,4.5,151,Ratnapark,27.7063,85.3152
2025-01-08T01:00,5.4,100,5.4,865.4,5.8,150,Ratnapark,27.7063,85.3152
2025-01-08T02:00,4.8,100,4.8,864.0,7.1,150,Ratnapark,27.7063,85.3152
2025-01-08T03:00,4.7,100,4.7,863.4,7.1,146,Ratnapark,27.7063,85.3152
2025-01-08T04:00,4.4,98,4.1,863.0,7.1,146,Ratnapark,27.7063,85.3152
2025-01-08T05:00,4.4,94,3.6,863.7,7.2,143,Ratnapark,27.7063,85.3152
2025-01-08T06:00,3.3,100,3.3,864.9,7.6,133,Ratnapark,27.7063,85.3152
2025-01-08T07:00,4.3,98,4.0,866.3,8.7,137,Ratnapark,27.7063,85.3152
2025-01-08T08:00,8.8,80,5.4,869.2,5.6,138,Ratnapark,27.7063,85.3152
2025-01-08T09:00,11.9,65,5.5,871.4,0.5,45,Ratnapark,27.7063,85.3152
2025-01-08T10:00,13.5,59,5.7,871.7,3.6,330,Ratnapark,27.7063,85.3152
2025-01-08T11:00,14.6,58,6.5,871.4,5.0,334,Ratnapark,27.7063,85.3152
2025-01-08T12:00,15.6,57,7.2,870.8,5.4,354,Ratnapark,27.7063,85.3152
2025-01-08T13:00,16.2,56,7.4,870.2,6.0,357,Ratnapark,27.7063,85.3152
2025-01-08T14:00,16.2,58,7.8,869.5,6.1,341,Ratnapark,27.7063,85.3152
2025-01-08T15:00,15.1,63,8.0,869.2,7.3,332,Ratnapark,27.7063,85.3152
2025-01-08T16:00,13.1,73,8.4,868.6,5.5,337,Ratnapark,27.7063,85.3152
2025-01-08T17:00,10.8,83,7.9,868.3,3.1,332,Ratnapark,27.7063,85.3152
2025-01-08T18:00,10.0,84,7.5,869.1,1.1,279,Ratnapark,27.7063,85.3152
2025-01-08T19:00,9.2,87,7.2,869.8,2.7,266,Ratnapark,27.7063,85.3152
2025-01-08T20:00,8.6,90,7.0,870.3,0.9,233,Ratnapark,27.7063,85.3152
2025-01-08T21:00,7.8,94,6.9,870.1,2.0,170,Ratnapark,27.7063,85.3152
2025-01-08T22:00,6.9,98,6.6,869.6,3.9,164,Ratnapark,27.7063,85.3152
2025-01-08T23:00,6.2,98,6.0,869.0,4.4,161,Ratnapark,27.7063,85.3152
2025-01-09T00:00,4.9,100,4.9,867.7,5.6,155,Ratnapark,27.7063,85.3152
2025-01-09T01:00,4.2,100,4.2,867.1,5.8,150,Ratnapark,27.7063,85.3152
2025-01-09T02:00,4.1,100,4.1,867.1,5.6,151,Ratnapark,27.7063,85.3152
2025-01-09T03:00,4.5,99,4.4,867.3,4.3,156,Ratnapark,27.7063,85.3152
2025-01-09T04:00,4.7,97,4.2,867.6,2.5,159,Ratnapark,27.7063,85.3152
2025-01-09T05:00,4.6,96,4.1,868.4,1.7,167,Ratnapark,27.7063,85.3152
2025-01-09T06:00,3.2,100,3.2,868.9,2.5,159,Ratnapark,27.7063,85.3152
2025-01-09T07:00,3.6,99,3.5,870.5,1.5,159,Ratnapark,27.7063,85.3152
2025-01-09T08:00,7.9,93,6.9,873.6,2.2,138,Ratnapark,27.7063,85.3152
2025-01-09T09:00,10.5,79,7.0,874.3,2.6,102,Ratnapark,27.7063,85.3152
2025-01-09T10:00,13.4,67,7.3,874.6,2.3,61,Ratnapark,27.7063,85.3152
2025-01-09T11:00,15.3,59,7.4,874.0,2.9,338,Ratnapark,27.7063,85.3152
2025-01-09T12:00,16.1,57,7.5,873.2,4.9,321,Ratnapark,27.7063,85.3152
2025-01-09T13:00,16.1,59,8.0,872.3,6.5,316,Ratnapark,27.7063,85.3152
2025-01-09T14:00,15.5,64,8.7,871.8,8.5,316,Ratnapark,27.7063,85.3152
2025-01-09T15:00,14.3,68,8.5,871.6,7.9,319,Ratnapark,27.7063,85.3152
2025-01-09T16:00,12.6,74,8.2,871.5,5.3,325,Ratnapark,27.7063,85.3152
2025-01-09T17:00,10.6,84,8.0,871.3,3.0,346,Ratnapark,27.7063,85.3152
2025-01-09T18:00,10.3,80,7.0,871.8,0.9,53,Ratnapark,27.7063,85.3152
2025-01-09T19:00,9.8,82,6.8,872.5,1.0,225,Ratnapark,27.7063,85.3152
2025-01-09T20:00,9.1,85,6.7,872.8,0.5,180,Ratnapark,27.7063,85.3152
2025-01-09T21:00,7.9,91,6.6,872.8,1.3,172,Ratnapark,27.7063,85.3152
2025-01-09T22:00,6.9,98,6.6,872.5,2.6,164,Ratnapark,27.7063,85.3152
2025-01-09T23:00,5.6,100,5.6,871.9,3.1,159,Ratnapark,27.7063,85.3152
2025-01-10T00:00,4.6,100,4.6,871.1,4.8,155,Ratnapark,27.7063,85.3152
2025-01-10T01:00,3.9,100,3.9,870.6,5.5,157,Ratnapark,27.7063,85.3152
2025-01-10T02:00,3.7,100,3.7,870.3,6.1,156,Ratnapark,27.7063,85.3152
2025-01-10T03:00,3.5,100,3.4,869.9,5.7,156,Ratnapark,27.7063,85.3152
2025-01-10T04:00,3.5,100,3.5,870.0,5.5,153,Ratnapark,27.7063,85.3152
2025-01-10T05:00,3.3,100,3.3,870.3,5.1,157,Ratnapark,27.7063,85.3152
2025-01-10T06:00,4.5,100,4.5,871.8,6.5,152,Ratnapark,27.7063,85.3152
2025-01-10T07:00,5.5,99,5.4,873.5,6.5,148,Ratnapark,27.7063,85.3152
2025-01-10T08:00,8.7,89,7.0,875.7,5.4,132,Ratnapark,27.7063,85.3152
2025-01-10T09:00,11.5,75,7.3,877.4,3.4,96,Ratnapark,27.7063,85.3152
2025-01-10T10:00,13.6,63,6.8,877.5,2.7,70,Ratnapark,27.7063,85.3152
2025-01-10T11:00,15.3,58,7.1,877.0,2.0,10,Ratnapark,27.7063,85.3152
2025-01-10T12:00,16.3,56,7.4,876.3,4.6,342,Ratnapark,27.7063,85.3152
2025-01-10T13:00,16.7,55,7.7,875.5,5.9,322,Ratnapark,27.7063,85.3152
2025-01-10T14:00,16.6,56,7.8,875.0,6.9,319,Ratnapark,27.7063,85.3152
2025-01-10T15:00,15.7,60,8.0,874.6,7.3,322,Ratnapark,27.7063,85.3152
2025-01-10T16:00,13.9,70,8.5,874.0,4.2,317,Ratnapark,27.7063,85.3152
2025-01-10T17:00,11.7,78,8.0,873.5,2.2,270,Ratnapark,27.7063,85.3152
2025-01-10T18:00,10.6,80,7.3,873.5,1.5,201,Ratnapark,27.7063,85.3152
2025-01-10T19:00,10.0,81,6.8,873.9,2.8,215,Ratnapark,27.7063,85.3152
2025-01-10T20:00,9.6,80,6.4,874.4,2.0,207,Ratnapark,27.7063,85.3152
2025-01-10T21:00,8.8,85,6.4,874.4,1.3,188,Ratnapark,27.7063,85.3152
2025-01-10T22:00,7.8,90,6.3,873.9,1.8,180,Ratnapark,27.7063,85.3152
2025-01-10T23:00,6.4,97,5.9,873.1,2.2,175,Ratnapark,27.7063,85.3152
2025-01-11T00:00,5.5,99,5.3,872.0,4.4,159,Ratnapark,27.7063,85.3152
2025-01-11T01:00,4.9,100,4.9,871.6,5.5,163,Ratnapark,27.7063,85.3152
2025-01-11T02:00,4.3,100,4.3,871.3,4.8,167,Ratnapark,27.7063,85.3152
2025-01-11T03:00,3.9,100,3.9,871.2,3.8,163,Ratnapark,27.7063,85.3152
2025-01-11T04:00,4.1,100,4.1,871.3,4.0,159,Ratnapark,27.7063,85.3152
2025-01-11T05:00,4.2,99,4.1,871.8,3.8,161,Ratnapark,27.7063,85.3152
2025-01-11T06:00,4.3,100,4.3,872.9,4.4,153,Ratnapark,27.7063,85.3152
2025-01-11T07:00,5.7,99,5.5,874.3,5.6,151,Ratnapark,27.7063,85.3152
2025-01-11T08:00,10.4,86,8.1,877.3,5.8,144,Ratnapark,27.7063,85.3152
2025-01-11T09:00,13.3,70,8.0,878.9,3.1,100,Ratnapark,27.7063,85.3152
2025-01-11T10:00,15.2,61,7.7,878.9,1.9,49,Ratnapark,27.7063,85.3152
2025-01-11T11:00,16.6,56,7.7,878.1,2.7,8,Ratnapark,27.7063,85.3152
2025-01-11T12:00,17.7,53,8.0,877.1,3.7,346,Ratnapark,27.7063,85.3152
2025-01-11T13:00,18.4,52,8.3,876.1,4.4,330,Ratnapark,27.7063,85.3152
2025-01-11T14:00,18.3,52,8.2,875.5,5.7,316,Ratnapark,27.7063,85.3152
2025-01-11T15:00,17.5,54,8.2,874.9,6.4,313,Ratnapark,27.7063,85.3152
2025-01-11T16:00,15.5,68,9.6,874.2,4.1,315,Ratnapark,27.7063,85.3152
2025-01-11T17:00,13.0,75,8.7,873.8,1.8,270,Ratnapark,27.7063,85.3152
2025-01-11T18:00,11.6,79,8.2,873.5,2.6,196,Ratnapark,27.7063,85.3152
2025-01-11T19:00,10.5,85,8.1,873.7,3.0,197,Ratnapark,27.7063,85.3152
2025-01-11T20:00,9.8,86,7.6,874.1,2.6,192,Ratnapark,27.7063,85.3152
2025-01-11T21:00,8.6,92,7.4,874.1,2.0,185,Ratnapark,27.7063,85.3152
2025-01-11T22:00,7.8,95,7.0,874.1,1.1,171,Ratnapark,27.7063,85.3152
2025-01-11T23:00,7.4,95,6.7,874.1,1.7,167,Ratnapark,27.7063,85.3152
2025-01-12T00:00,7.2,95,6.5,873.8,2.8,153,Ratnapark,27.7063,85.3152
2025-01-12T01:00,7.1,94,6.3,873.6,3.3,151,Ratnapark,27.7063,85.3152
2025-01-12T02:00,6.9,95,6.1,873.1,4.4,145,Ratnapark,27.7063,85.3152
2025-01-12T03:00,6.6,96,6.0,872.4,5.6,151,Ratnapark,27.7063,85.3152
2025-01-12T04:00,6.3,97,5.8,872.1,6.8,153,Ratnapark,27.7063,85.3152
2025-01-12T05:00,6.0,97,5.5,872.0,7.0,159,Ratnapark,27.7063,85.3152
2025-01-12T06:00,5.8,98,5.4,872.8,5.6,155,Ratnapark,27.7063,85.3152
2025-01-12T07:00,6.7,96,6.1,873.8,7.5,159,Ratnapark,27.7063,85.3152
2025-01-12T08:00,10.5,85,8.0,876.2,6.4,151,Ratnapark,27.7063,85.3152
2025-01-12T09:00,13.6,70,8.3,878.0,3.5,114,Ratnapark,27.7063,85.3152
2025-01-12T10:00,15.4,61,8.0,877.9,2.9,94,Ratnapark,27.7063,85.3152
2025-01-12T11:00,16.9,56,7.9,876.9,1.4,320,Ratnapark,27.7063,85.3152
2025-01-12T12:00,17.5,51,7.2,876.0,4.4,291,Ratnapark,27.7063,85.3152
2025-01-12T13:00,17.4,51,7.2,875.1,3.6,273,Ratnapark,27.7063,85.3152
2025-01-12T14:00,17.1,51,7.0,874.5,4.1,283,Ratnapark,27.7063,85.3152
2025-01-12T15:00,15.1,64,8.4,874.2,6.3,283,Ratnapark,27.7063,85.3152
2025-01-12T16:00,13.8,71,8.6,873.9,3.9,286,Ratnapark,27.7063,85.3152
2025-01-12T17:00,12.6,80,9.2,873.7,2.1,20,Ratnapark,27.7063,85.3152
2025-01-12T18:00,10.5,88,8.6,873.6,3.7,194,Ratnapark,27.7063,85.3152
2025-01-12T19:00,10.6,86,8.4,873.6,5.1,190,Ratnapark,27.7063,85.3152
2025-01-12T20:00,10.7,87,8.6,873.4,5.3,152,Ratnapark,27.7063,85.3152
2025-01-12T21:00,9.8,90,8.2,873.2,3.7,157,Ratnapark,27.7063,85.3152
2025-01-12T22:00,9.3,89,7.5,873.0,2.9,169,Ratnapark,27.7063,85.3152
2025-01-12T23:00,8.9,86,6.7,872.4,0.9,180,Ratnapark,27.7063,85.3152
2025-01-13T00:00,8.7,80,5.4,872.2,0.7,166,Ratnapark,27.7063,85.3152
2025-01-13T01:00,9.0,77,5.2,872.2,1.3,225,Ratnapark,27.7063,85.3152
2025-01-13T02:00,8.9,77,5.0,871.8,1.7,311,Ratnapark,27.7063,85.3152
2025-01-13T03:00,7.5,83,4.8,871.4,2.7,4,Ratnapark,27.7063,85.3152
2025-01-13T04:00,7.1,86,4.8,870.9,1.9,131,Ratnapark,27.7063,85.3152
2025-01-13T05:00,7.1,84,4.5,870.8,3.5,168,Ratnapark,27.7063,85.3152
2025-01-13T06:00,6.4,83,3.8,871.1,2.2,156,Ratnapark,27.7063,85.3152
2025-01-13T07:00,7.4,83,4.8,872.3,5.5,136,Ratnapark,27.7063,85.3152
2025-01-13T08:00,9.6,86,7.3,873.8,6.0,136,Ratnapark,27.7063,85.3152
2025-01-13T09:00,12.3,70,6.9,875.0,3.6,120,Ratnapark,27.7063,85.3152
2025-01-13T10:00,14.4,57,6.1,874.9,3.6,63,Ratnapark,27.7063,85.3152
2025-01-13T11:00,15.6,46,3.9,874.1,3.8,3,Ratnapark,27.7063,85.3152
2025-01-13T12:00,16.2,41,3.0,873.0,5.9,349,Ratnapark,27.7063,85.3152
2025-01-13T13:00,16.5,40,2.8,871.6,9.3,350,Ratnapark,27.7063,85.3152
2025-01-13T14:00,16.0,41,2.9,870.9,11.7,346,Ratnapark,27.7063,85.3152
2025-01-13T15:00,15.2,42,2.2,870.8,10.0,334,Ratnapark,27.7063,85.3152
2025-01-13T16:00,13.7,50,3.5,870.6,6.1,341,Ratnapark,27.7063,85.3152
2025-01-13T17:00,11.7,58,3.7,870.2,2.2,284,Ratnapark,27.7063,85.3152
2025-01-13T18:00,10.8,69,5.2,870.6,3.9,233,Ratnapark,27.7063,85.3152
2025-01-13T19:00,10.4,71,5.4,871.0,4.1,193,Ratnapark,27.7063,85.3152
2025-01-13T20:00,9.5,78,5.8,871.1,2.9,184,Ratnapark,27.7063,85.3152
2025-01-13T21:00,9.5,75,5.3,871.7,0.5,180,Ratnapark,27.7063,85.3152
2025-01-13T22:00,10.0,68,4.5,872.1,0.6,162,Ratnapark,27.7063,85.3152
2025-01-13T23:00,9.8,66,3.9,871.6,0.6,146,Ratnapark,27.7063,85.3152
2025-01-14T00:00,9.8,63,3.1,871.3,1.0,135,Ratnapark,27.7063,85.3152
2025-01-14T01:00,9.5,61,2.3,871.0,1.3,124,Ratnapark,27.7063,85.3152
2025-01-14T02:00,9.3,57,1.2,870.7,1.7,131,Ratnapark,27.7063,85.3152
2025-01-14T03:00,9.1,55,0.5,870.5,1.6,153,Ratnapark,27.7063,85.3152
2025-01-14T04:00,8.6,56,0.4,870.5,1.5,159,Ratnapark,27.7063,85.3152
2025-01-14T05:00,8.2,58,0.5,871.1,2.3,148,Ratnapark,27.7063,85.3152
2025-01-14T06:00,6.5,77,2.8,871.4,3.3,158,Ratnapark,27.7063,85.3152
2025-01-14T07:00,7.6,77,3.7,872.5,3.7,166,Ratnapark,27.7063,85.3152
2025-01-14T08:00,10.3,75,6.0,874.9,4.2,140,Ratnapark,27.7063,85.3152
2025-01-14T09:00,13.1,59,5.2,876.7,3.8,82,Ratnapark,27.7063,85.3152
2025-01-14T10:00,15.0,51,4.9,877.3,3.1,28,Ratnapark,27.7063,85.3152
2025-01-14T11:00,16.1,47,4.9,876.7,3.1,353,Ratnapark,27.7063,85.3152
2025-01-14T12:00,17.1,44,4.9,875.7,4.3,318,Ratnapark,27.7063,85.3152
2025-01-14T13:00,17.5,42,4.4,874.8,6.4,306,Ratnapark,27.7063,85.3152
2025-01-14T14:00,16.9,43,4.3,874.2,9.3,310,Ratnapark,27.7063,85.3152
2025-01-14T15:00,15.7,45,3.9,873.8,9.8,316,Ratnapark,27.7063,85.3152
2025-01-14T16:00,13.7,56,5.0,873.3,5.4,326,Ratnapark,27.7063,85.3152
2025-01-14T17:00,12.2,58,4.3,873.3,1.0,301,Ratnapark,27.7063,85.3152
2025-01-14T18:00,10.5,69,5.1,873.3,1.1,189,Ratnapark,27.7063,85.3152
2025-01-14T19:00,9.5,77,5.6,873.6,2.3,184,Ratnapark,27.7063,85.3152
2025-01-14T20:00,8.8,81,5.7,873.8,0.9,180,Ratnapark,27.7063,85.3152
2025-01-14T21:00,8.6,81,5.5,874.2,0.9,180,Ratnapark,27.7063,85.3152
2025-01-14T22:00,8.1,83,5.3,873.8,1.1,171,Ratnapark,27.7063,85.3152
2025-01-14T23:00,7.6,84,5.0,873.4,1.5,166,Ratnapark,27.7063,85.3152
2025-01-15T00:00,7.4,82,4.6,873.0,2.9,158,Ratnapark,27.7063,85.3152
2025-01-15T01:00,7.0,82,4.2,872.7,4.0,150,Ratnapark,27.7063,85.3152
2025-01-15T02:00,6.7,82,3.8,872.3,4.4,145,Ratnapark,27.7063,85.3152
2025-01-15T03:00,6.3,83,3.6,871.9,3.9,156,Ratnapark,27.7063,85.3152
2025-01-15T04:00,5.3,88,3.6,871.4,3.8,155,Ratnapark,27.7063,85.3152
2025-01-15T05:00,5.1,89,3.4,872.0,4.4,148,Ratnapark,27.7063,85.3152
2025-01-15T06:00,5.4,92,4.2,873.1,5.2,151,Ratnapark,27.7063,85.3152
2025-01-15T07:00,6.3,90,4.8,874.3,5.0,150,Ratnapark,27.7063,85.3152
2025-01-15T08:00,10.4,80,7.1,876.8,5.9,125,Ratnapark,27.7063,85.3152
2025-01-15T09:00,13.6,61,6.2,878.6,4.2,100,Ratnapark,27.7063,85.3152
2025-01-15T10:00,15.6,53,6.1,878.8,2.8,75,Ratnapark,27.7063,85.3152
2025-01-15T11:00,17.1,50,6.5,877.9,2.2,42,Ratnapark,27.7063,85.3152
2025-01-15T12:00,18.0,48,6.8,876.6,3.5,9,Ratnapark,27.7063,85.3152
2025-01-15T13:00,18.4,46,6.7,875.6,4.7,351,Ratnapark,27.7063,85.3152
2025-01-15T14:00,18.2,48,7.0,875.2,7.2,328,Ratnapark,27.7063,85.3152
2025-01-15T15:00,17.1,50,6.6,874.8,8.1,325,Ratnapark,27.7063,85.3152
2025-01-15T16:00,15.0,61,7.6,874.2,4.5,337,Ratnapark,27.7063,85.3152
2025-01-15T17:00,12.6,67,6.7,873.5,1.5,346,Ratnapark,27.7063,85.3152
2025-01-15T18:00,11.3,71,6.3,874.4,0.4,180,Ratnapark,27.7063,85.3152
2025-01-15T19:00,10.1,78,6.4,874.1,1.3,188,Ratnapark,27.7063,85.3152
2025-01-15T20:00,9.7,80,6.3,874.4,1.3,188,Ratnapark,27.7063,85.3152
2025-01-15T21:00,9.2,80,5.9,874.2,0.9,180,Ratnapark,27.7063,85.3152
2025-01-15T22:00,9.2,78,5.6,874.1,2.3,180,Ratnapark,27.7063,85.3152
2025-01-15T23:00,8.3,84,5.7,873.2,2.9,173,Ratnapark,27.7063,85.3152
2025-01-16T00:00,7.4,89,5.7,872.6,3.5,156,Ratnapark,27.7063,85.3152
2025-01-16T01:00,6.7,92,5.5,872.1,4.4,150,Ratnapark,27.7063,85.3152
2025-01-16T02:00,6.1,95,5.4,871.4,4.4,153,Ratnapark,27.7063,85.3152
2025-01-16T03:00,5.6,96,5.1,870.8,4.9,156,Ratnapark,27.7063,85.3152
2025-01-16T04:00,5.4,97,4.9,870.4,6.0,155,Ratnapark,27.7063,85.3152
2025-01-16T05:00,5.2,97,4.7,870.7,6.2,154,Ratnapark,27.7063,85.3152
2025-01-16T06:00,6.6,95,5.8,872.7,6.7,134,Ratnapark,27.7063,85.3152
2025-01-16T07:00,7.3,92,6.1,873.7,6.5,141,Ratnapark,27.7063,85.3152
2025-01-16T08:00,10.5,82,7.6,875.9,5.1,135,Ratnapark,27.7063,85.3152
2025-01-16T09:00,14.1,66,7.8,878.1,3.5,102,Ratnapark,27.7063,85.3152
2025-01-16T10:00,16.1,58,7.8,878.6,3.6,81,Ratnapark,27.7063,85.3152
2025-01-16T11:00,17.6,52,7.6,877.8,2.0,45,Ratnapark,27.7063,85.3152
2025-01-16T12:00,18.6,49,7.6,876.8,1.7,342,Ratnapark,27.7063,85.3152
2025-01-16T13:00,19.1,47,7.4,875.9,4.4,300,Ratnapark,27.7063,85.3152
2025-01-16T14:00,18.8,48,7.4,875.3,6.6,292,Ratnapark,27.7063,85.3152
2025-01-16T15:00,17.7,51,7.6,875.1,7.5,291,Ratnapark,27.7063,85.3152
2025-01-16T16:00,15.8,62,8.6,874.8,5.2,299,Ratnapark,27.7063,85.3152
2025-01-16T17:00,13.0,75,8.7,874.4,2.9,277,Ratnapark,27.7063,85.3152
2025-01-16T18:00,11.9,77,7.9,875.1,2.5,249,Ratnapark,27.7063,85.3152
2025-01-16T19:00,11.7,71,6.7,875.8,2.2,235,Ratnapark,27.7063,85.3152
2025-01-16T20:00,11.1,72,6.3,875.8,2.2,215,Ratnapark,27.7063,85.3152
2025-01-16T21:00,10.5,76,6.4,875.7,3.1,201,Ratnapark,27.7063,85.3152
2025-01-16T22:00,10.1,79,6.6,875.4,3.1,193,Ratnapark,27.7063,85.3152
2025-01-16T23:00,9.8,80,6.4,874.8,3.1,187,Ratnapark,27.7063,85.3152
2025-01-17T00:00,9.8,79,6.2,874.1,4.0,177,Ratnapark,27.7063,85.3152
2025-01-17T01:00,9.6,78,5.9,873.3,4.6,171,Ratnapark,27.7063,85.3152
2025-01-17T02:00,9.0,79,5.6,872.4,5.1,163,Ratnapark,27.7063,85.3152
2025-01-17T03:00,8.3,81,5.2,871.4,4.7,162,Ratnapark,27.7063,85.3152
2025-01-17T04:00,8.1,81,5.0,871.1,4.4,161,Ratnapark,27.7063,85.3152
2025-01-17T05:00,7.8,80,4.6,871.3,4.3,158,Ratnapark,27.7063,85.3152
2025-01-17T06:00,6.1,89,4.5,871.2,5.6,147,Ratnapark,27.7063,85.3152
2025-01-17T07:00,6.9,88,5.1,872.6,7.0,145,Ratnapark,27.7063,85.3152
2025-01-17T08:00,11.3,78,7.5,875.3,6.4,133,Ratnapark,27.7063,85.3152
2025-01-17T09:00,14.0,64,7.3,876.8,3.0,142,Ratnapark,27.7063,85.3152
2025-01-17T10:00,15.9,50,5.4,877.0,2.1,250,Ratnapark,27.7063,85.3152
2025-01-17T11:00,17.8,41,4.2,876.2,4.6,306,Ratnapark,27.7063,85.3152
2025-01-17T12:00,18.8,37,3.8,875.3,7.1,313,Ratnapark,27.7063,85.3152
2025-01-17T13:00,18.9,37,3.9,874.4,9.9,322,Ratnapark,27.7063,85.3152
2025-01-17T14:00,18.4,39,4.0,873.5,11.4,322,Ratnapark,27.7063,85.3152
2025-01-17T15:00,17.4,41,4.1,873.1,8.9,322,Ratnapark,27.7063,85.3152
2025-01-17T16:00,15.3,59,7.3,872.5,3.7,331,Ratnapark,27.7063,85.3152
2025-01-17T17:00,13.1,58,5.1,871.9,1.4,220,Ratnapark,27.7063,85.3152
2025-01-17T18:00,11.6,63,4.9,871.8,2.5,188,Ratnapark,27.7063,85.3152
2025-01-17T19:00,10.6,72,5.8,871.9,2.4,189,Ratnapark,27.7063,85.3152
2025-01-17T20:00,10.3,71,5.3,872.3,1.6,186,Ratnapark,27.7063,85.3152
2025-01-17T21:00,10.2,68,4.6,872.6,1.8,186,Ratnapark,27.7063,85.3152
2025-01-17T22:00,10.2,67,4.2,872.7,2.2,189,Ratnapark,27.7063,85.3152
2025-01-17T23:00,10.0,67,4.0,872.5,2.3,184,Ratnapark,27.7063,85.3152
2025-01-18T00:00,10.0,64,3.5,871.9,1.5,173,Ratnapark,27.7063,85.3152
2025-01-18T01:00,10.3,61,3.0,871.7,1.8,156,Ratnapark,27.7063,85.3152
2025-01-18T02:00,10.3,59,2.7,871.2,1.5,159,Ratnapark,27.7063,85.3152
2025-01-18T03:00,10.2,58,2.3,870.9,0.6,162,Ratnapark,27.7063,85.3152
2025-01-18T04:00,10.1,57,1.9,870.8,1.3,146,Ratnapark,27.7063,85.3152
2025-01-18T05:00,9.7,58,1.7,870.7,2.8,140,Ratnapark,27.7063,85.3152
2025-01-18T06:00,7.0,77,3.2,870.5,2.7,152,Ratnapark,27.7063,85.3152
2025-01-18T07:00,7.6,77,3.7,871.6,5.7,139,Ratnapark,27.7063,85.3152
2025-01-18T08:00,10.9,70,5.6,873.6,7.4,139,Ratnapark,27.7063,85.3152
2025-01-18T09:00,14.3,57,5.9,875.4,4.2,126,Ratnapark,27.7063,85.3152
2025-01-18T10:00,17.0,48,5.9,876.0,1.0,338,Ratnapark,27.7063,85.3152
2025-01-18T11:00,18.4,38,4.0,875.4,7.0,314,Ratnapark,27.7063,85.3152
2025-01-18T12:00,18.9,34,2.8,874.7,9.3,311,Ratnapark,27.7063,85.3152
2025-01-18T13:00,19.0,33,2.2,873.7,9.2,312,Ratnapark,27.7063,85.3152
2025-01-18T14:00,18.7,36,3.1,872.8,8.5,316,Ratnapark,27.7063,85.3152
2025-01-18T15:00,17.8,40,4.1,872.3,6.8,320,Ratnapark,27.7063,85.3152
2025-01-18T16:00,15.3,56,6.7,871.5,4.1,326,Ratnapark,27.7063,85.3152
2025-01-18T17:00,12.6,59,4.8,870.7,2.5,249,Ratnapark,27.7063,85.3152
2025-01-18T18:00,11.5,62,4.4,871.0,2.7,212,Ratnapark,27.7063,85.3152
2025-01-18T19:00,11.2,62,4.1,871.1,3.1,204,Ratnapark,27.7063,85.3152
2025-01-18T20:00,10.8,65,4.5,871.0,4.2,198,Ratnapark,27.7063,85.3152
2025-01-18T21:00,10.1,68,4.5,870.9,3.9,196,Ratnapark,27.7063,85.3152
2025-01-18T22:00,9.7,66,3.6,870.6,2.5,188,Ratnapark,27.7063,85.3152
2025-01-18T23:00,9.4,65,3.2,870.5,2.2,180,Ratnapark,27.7063,85.3152
2025-01-19T00:00,9.1,65,2.9,869.6,2.7,180,Ratnapark,27.7063,85.3152
2025-01-19T01:00,8.8,64,2.4,869.3,1.8,180,Ratnapark,27.7063,85.3152
2025-01-19T02:00,8.9,60,1.5,868.9,1.4,180,Ratnapark,27.7063,85.3152
2025-01-19T03:00,8.9,58,1.0,868.6,1.8,180,Ratnapark,27.7063,85.3152
2025-01-19T04:00,8.9,57,0.8,868.6,1.8,169,Ratnapark,27.7063,85.3152
2025-01-19T05:00,8.7,57,0.6,868.9,2.2,166,Ratnapark,27.7063,85.3152
2025-01-19T06:00,7.6,65,1.5,869.1,4.8,153,Ratnapark,27.7063,85.3152
2025-01-19T07:00,8.2,65,2.1,869.8,5.7,162,Ratnapark,27.7063,85.3152
2025-01-19T08:00,11.3,68,5.6,871.5,5.5,163,Ratnapark,27.7063,85.3152
2025-01-19T09:00,16.6,43,4.0,874.2,1.9,163,Ratnapark,27.7063,85.3152
2025-01-19T10:00,19.3,35,3.3,874.5,1.9,253,Ratnapark,27.7063,85.3152
2025-01-19T11:00,21.5,32,4.2,873.9,4.7,298,Ratnapark,27.7063,85.3152
2025-01-19T12:00,22.2,32,4.9,873.1,9.2,305,Ratnapark,27.7063,85.3152
2025-01-19T13:00,21.8,35,5.6,872.2,10.7,306,Ratnapark,27.7063,85.3152
2025-01-19T14:00,21.0,38,6.1,871.5,9.3,307,Ratnapark,27.7063,85.3152
2025-01-19T15:00,19.8,42,6.6,870.9,6.2,314,Ratnapark,27.7063,85.3152
2025-01-19T16:00,17.1,59,8.9,870.0,3.7,317,Ratnapark,27.7063,85.3152
2025-01-19T17:00,14.1,61,6.8,868.9,2.7,228,Ratnapark,27.7063,85.3152
2025-01-19T18:00,12.7,63,5.8,869.0,2.3,198,Ratnapark,27.7063,85.3152
2025-01-19T19:00,12.0,66,5.9,868.8,2.7,203,Ratnapark,27.7063,85.3152
2025-01-19T20:00,11.5,68,5.8,868.7,3.0,205,Ratnapark,27.7063,85.3152
2025-01-19T21:00,11.0,69,5.5,868.7,3.1,201,Ratnapark,27.7063,85.3152
2025-01-19T22:00,10.6,67,4.8,868.7,2.5,201,Ratnapark,27.7063,85.3152
2025-01-19T23:00,10.3,66,4.1,868.1,1.8,186,Ratnapark,27.7063,85.3152
2025-01-20T00:00,9.8,66,3.8,866.9,2.6,168,Ratnapark,27.7063,85.3152
2025-01-20T01:00,8.6,71,3.7,866.0,3.4,164,Ratnapark,27.7063,85.3152
2025-01-20T02:00,7.6,76,3.6,865.2,3.0,163,Ratnapark,27.7063,85.3152
2025-01-20T03:00,7.0,78,3.5,864.7,2.9,158,Ratnapark,27.7063,85.3152
2025-01-20T04:00,6.8,79,3.3,864.3,4.4,153,Ratnapark,27.7063,85.3152
2025-01-20T05:00,6.7,78,3.1,864.6,4.3,156,Ratnapark,27.7063,85.3152
2025-01-20T06:00,5.3,87,3.2,864.9,5.8,154,Ratnapark,27.7063,85.3152
2025-01-20T07:00,6.4,83,3.7,866.3,5.7,156,Ratnapark,27.7063,85.3152
2025-01-20T08:00,11.3,75,7.0,869.2,6.4,142,Ratnapark,27.7063,85.3152
2025-01-20T09:00,16.8,50,6.4,872.3,3.6,110,Ratnapark,27.7063,85.3152
2025-01-20T10:00,19.4,41,5.9,873.0,2.3,61,Ratnapark,27.7063,85.3152
2025-01-20T11:00,21.3,38,6.2,872.6,3.6,327,Ratnapark,27.7063,85.3152
2025-01-20T12:00,21.9,37,6.4,871.7,8.3,312,Ratnapark,27.7063,85.3152
2025-01-20T13:00,21.7,38,6.9,870.9,10.2,307,Ratnapark,27.7063,85.3152
2025-01-20T14:00,21.2,41,7.4,870.4,9.5,307,Ratnapark,27.7063,85.3152
2025-01-20T15:00,20.1,47,8.5,869.9,6.4,310,Ratnapark,27.7063,85.3152
2025-01-20T16:00,17.7,63,10.5,869.2,4.5,323,Ratnapark,27.7063,85.3152
2025-01-20T17:00,14.7,70,9.3,868.5,3.0,253,Ratnapark,27.7063,85.3152
2025-01-20T18:00,13.5,73,8.7,868.4,3.2,199,Ratnapark,27.7063,85.3152
2025-01-20T19:00,12.9,75,8.6,868.2,3.4,198,Ratnapark,27.7063,85.3152
2025-01-20T20:00,12.4,74,7.8,868.2,2.8,198,Ratnapark,27.7063,85.3152
2025-01-20T21:00,12.0,70,6.8,868.1,2.5,188,Ratnapark,27.7063,85.3152
2025-01-20T22:00,11.7,66,5.6,868.1,1.3,180,Ratnapark,27.7063,85.3152
2025-01-20T23:00,11.7,63,4.9,867.5,2.0,175,Ratnapark,27.7063,85.3152
2025-01-21T00:00,11.4,62,4.4,866.8,2.2,175,Ratnapark,27.7063,85.3152
2025-01-21T01:00,10.9,62,4.0,866.2,2.0,175,Ratnapark,27.7063,85.3152
2025-01-21T02:00,10.6,61,3.5,865.9,0.9,169,Ratnapark,27.7063,85.3152
2025-01-21T03:00,10.7,59,2.9,866.0,1.1,171,Ratnapark,27.7063,85.3152
2025-01-21T04:00,10.7,57,2.5,865.9,1.3,164,Ratnapark,27.7063,85.3152
2025-01-21T05:00,10.8,55,2.2,866.1,2.1,160,Ratnapark,27.7063,85.3152
2025-01-21T06:00,9.1,67,3.2,866.0,2.9,158,Ratnapark,27.7063,85.3152
2025-01-21T07:00,9.7,68,4.0,866.7,3.9,158,Ratnapark,27.7063,85.3152
2025-01-21T08:00,12.8,70,7.5,869.0,4.3,152,Ratnapark,27.7063,85.3152
2025-01-21T09:00,18.1,48,6.8,872.0,2.0,95,Ratnapark,27.7063,85.3152
2025-01-21T10:00,20.8,35,4.8,873.0,4.1,311,Ratnapark,27.7063,85.3152
2025-01-21T11:00,22.0,31,3.9,872.5,7.6,298,Ratnapark,27.7063,85.3152
2025-01-21T12:00,22.4,30,3.7,871.3,10.1,295,Ratnapark,27.7063,85.3152
2025-01-21T13:00,22.3,31,4.4,870.5,11.0,293,Ratnapark,27.7063,85.3152
2025-01-21T14:00,21.7,36,5.9,869.8,10.6,294,Ratnapark,27.7063,85.3152
2025-01-21T15:00,20.5,42,7.3,869.3,7.8,296,Ratnapark,27.7063,85.3152
2025-01-21T16:00,18.0,59,9.8,868.5,4.8,301,Ratnapark,27.7063,85.3152
2025-01-21T17:00,15.1,67,9.0,867.7,3.9,254,Ratnapark,27.7063,85.3152
2025-01-21T18:00,14.4,68,8.6,868.4,3.5,219,Ratnapark,27.7063,85.3152
2025-01-21T19:00,13.6,72,8.6,868.5,2.9,210,Ratnapark,27.7063,85.3152
2025-01-21T20:00,13.4,70,7.9,868.9,2.8,207,Ratnapark,27.7063,85.3152
2025-01-21T21:00,12.8,69,7.3,869.0,2.3,198,Ratnapark,27.7063,85.3152
2025-01-21T22:00,12.3,67,6.3,869.1,1.7,198,Ratnapark,27.7063,85.3152
2025-01-21T23:00,11.8,66,5.6,868.8,1.3,188,Ratnapark,27.7063,85.3152
2025-01-22T00:00,11.4,65,5.0,868.1,1.6,180,Ratnapark,27.7063,85.3152
2025-01-22T01:00,10.9,65,4.6,867.6,1.5,173,Ratnapark,27.7063,85.3152
2025-01-22T02:00,10.6,63,3.8,867.0,0.9,169,Ratnapark,27.7063,85.3152
2025-01-22T03:00,10.7,59,2.9,866.8,1.3,172,Ratnapark,27.7063,85.3152
2025-01-22T04:00,10.9,55,2.3,866.9,1.3,172,Ratnapark,27.7063,85.3152
2025-01-22T05:00,11.0,54,2.0,867.5,1.9,163,Ratnapark,27.7063,85.3152
2025-01-22T06:00,11.1,54,2.0,868.3,1.6,174,Ratnapark,27.7063,85.3152
2025-01-22T07:00,12.2,52,2.6,869.5,2.5,159,Ratnapark,27.7063,85.3152
2025-01-22T08:00,13.9,60,6.3,870.9,4.4,159,Ratnapark,27.7063,85.3152
2025-01-22T09:00,18.7,46,6.8,873.6,2.4,126,Ratnapark,27.7063,85.3152
2025-01-22T10:00,21.1,34,4.4,874.2,3.2,304,Ratnapark,27.7063,85.3152
2025-01-22T11:00,22.2,29,3.3,873.6,7.4,293,Ratnapark,27.7063,85.3152
2025-01-22T12:00,22.6,28,3.3,872.6,10.7,293,Ratnapark,27.7063,85.3152
2025-01-22T13:00,22.4,31,4.4,871.8,11.0,293,Ratnapark,27.7063,85.3152
2025-01-22T14:00,21.8,36,6.0,871.4,10.5,294,Ratnapark,27.7063,85.3152
2025-01-22T15:00,20.6,42,7.2,870.9,8.6,299,Ratnapark,27.7063,85.3152
2025-01-22T16:00,17.9,57,9.2,870.0,4.6,306,Ratnapark,27.7063,85.3152
2025-01-22T17:00,14.9,64,8.1,869.2,3.2,270,Ratnapark,27.7063,85.3152
2025-01-22T18:00,13.7,66,7.6,869.2,2.8,225,Ratnapark,27.7063,85.3152
2025-01-22T19:00,13.2,67,7.2,869.5,2.3,212,Ratnapark,27.7063,85.3152
2025-01-22T20:00,12.9,67,6.9,869.8,2.1,200,Ratnapark,27.7063,85.3152
2025-01-22T21:00,12.7,65,6.4,870.0,1.6,207,Ratnapark,27.7063,85.3152
2025-01-22T22:00,12.5,62,5.3,870.1,0.7,194,Ratnapark,27.7063,85.3152
2025-01-22T23:00,11.9,62,4.7,869.7,0.7,194,Ratnapark,27.7063,85.3152
2025-01-23T00:00,11.2,62,4.2,869.2,1.1,180,Ratnapark,27.7063,85.3152
2025-01-23T01:00,10.5,62,3.6,868.3,0.7,180,Ratnapark,27.7063,85.3152
2025-01-23T02:00,9.8,63,3.0,867.5,0.5,180,Ratnapark,27.7063,85.3152
2025-01-23T03:00,9.6,62,2.7,867.3,0.7,166,Ratnapark,27.7063,85.3152
2025-01-23T04:00,10.0,59,2.4,867.5,0.9,169,Ratnapark,27.7063,85.3152
2025-01-23T05:00,10.5,57,2.3,868.0,1.2,153,Ratnapark,27.7063,85.3152
2025-01-23T06:00,9.0,65,2.7,867.7,1.5,144,Ratnapark,27.7063,85.3152
2025-01-23T07:00,10.1,64,3.5,869.0,2.3,151,Ratnapark,27.7063,85.3152
2025-01-23T08:00,13.0,61,5.6,871.0,2.1,149,Ratnapark,27.7063,85.3152
2025-01-23T09:00,17.3,45,5.2,873.2,2.5,30,Ratnapark,27.7063,85.3152
2025-01-23T10:00,19.5,37,4.6,874.0,5.0,341,Ratnapark,27.7063,85.3152
2025-01-23T11:00,20.8,35,4.6,873.3,7.5,314,Ratnapark,27.7063,85.3152
2025-01-23T12:00,21.1,39,6.7,872.2,10.4,307,Ratnapark,27.7063,85.3152
2025-01-23T13:00,20.8,43,7.8,871.4,11.5,309,Ratnapark,27.7063,85.3152
2025-01-23T14:00,20.3,42,7.0,870.8,11.7,306,Ratnapark,27.7063,85.3152
2025-01-23T15:00,19.2,43,6.2,870.2,10.5,307,Ratnapark,27.7063,85.3152
2025-01-23T16:00,17.0,53,7.3,869.6,6.4,313,Ratnapark,27.7063,85.3152
2025-01-23T17:00,14.2,63,7.3,868.9,4.4,305,Ratnapark,27.7063,85.3152
2025-01-23T18:00,13.3,65,6.8,869.3,4.0,280,Ratnapark,27.7063,85.3152
2025-01-23T19:00,12.8,66,6.7,869.8,3.1,260,Ratnapark,27.7063,85.3152
2025-01-23T20:00,12.3,68,6.6,869.9,2.3,238,Ratnapark,27.7063,85.3152
2025-01-23T21:00,12.3,66,6.1,870.2,1.7,229,Ratnapark,27.7063,85.3152
2025-01-23T22:00,12.7,60,5.1,870.5,1.3,236,Ratnapark,27.7063,85.3152
2025-01-23T23:00,13.0,56,4.3,870.2,0.9,233,Ratnapark,27.7063,85.3152
2025-01-24T00:00,13.3,52,3.6,869.9,0.6,214,Ratnapark,27.7063,85.3152
2025-01-24T01:00,13.6,48,2.7,869.6,0.4,207,Ratnapark,27.7063,85.3152
2025-01-24T02:00,13.5,46,2.1,868.7,0.4,207,Ratnapark,27.7063,85.3152
2025-01-24T03:00,13.0,46,1.7,868.0,0.5,180,Ratnapark,27.7063,85.3152
2025-01-24T04:00,12.2,48,1.4,867.4,0.4,180,Ratnapark,27.7063,85.3152
2025-01-24T05:00,11.7,48,1.1,867.6,0.4,180,Ratnapark,27.7063,85.3152
2025-01-24T06:00,10.8,52,1.2,867.6,1.9,197,Ratnapark,27.7063,85.3152
2025-01-24T07:00,11.0,57,2.9,868.5,0.9,180,Ratnapark,27.7063,85.3152
2025-01-24T08:00,13.4,59,5.5,870.3,0.9,169,Ratnapark,27.7063,85.3152
2025-01-24T09:00,15.9,47,4.4,871.7,3.2,344,Ratnapark,27.7063,85.3152
2025-01-24T10:00,17.2,43,4.6,872.0,7.8,318,Ratnapark,27.7063,85.3152
2025-01-24T11:00,17.7,41,4.4,871.4,11.6,313,Ratnapark,27.7063,85.3152
2025-01-24T12:00,17.9,38,3.5,870.4,13.4,314,Ratnapark,27.7063,85.3152
2025-01-24T13:00,18.1,34,2.2,869.6,13.5,311,Ratnapark,27.7063,85.3152
2025-01-24T14:00,17.9,35,2.4,869.0,13.6,309,Ratnapark,27.7063,85.3152
2025-01-24T15:00,17.3,40,3.4,868.4,12.3,308,Ratnapark,27.7063,85.3152
2025-01-24T16:00,15.7,50,5.4,868.1,8.5,308,Ratnapark,27.7063,85.3152
2025-01-24T17:00,13.5,61,6.1,867.5,6.0,275,Ratnapark,27.7063,85.3152
2025-01-24T18:00,11.6,69,6.0,868.2,4.8,222,Ratnapark,27.7063,85.3152
2025-01-24T19:00,10.5,72,5.7,868.2,4.2,198,Ratnapark,27.7063,85.3152
2025-01-24T20:00,9.7,73,5.0,868.3,2.5,184,Ratnapark,27.7063,85.3152
2025-01-24T21:00,9.0,73,4.5,868.1,1.6,186,Ratnapark,27.7063,85.3152
2025-01-24T22:00,8.8,71,3.7,868.0,0.7,180,Ratnapark,27.7063,85.3152
2025-01-24T23:00,8.6,69,3.2,867.5,0.4,180,Ratnapark,27.7063,85.3152
2025-01-25T00:00,8.5,67,2.7,867.0,0.7,180,Ratnapark,27.7063,85.3152
2025-01-25T01:00,8.2,67,2.4,866.8,0.5,180,Ratnapark,27.7063,85.3152
2025-01-25T02:00,8.3,65,2.0,866.2,1.1,171,Ratnapark,27.7063,85.3152
2025-01-25T03:00,8.3,63,1.6,866.1,1.8,169,Ratnapark,27.7063,85.3152
2025-01-25T04:00,8.2,62,1.2,866.0,2.5,159,Ratnapark,27.7063,85.3152
2025-01-25T05:00,7.9,61,0.9,866.3,2.5,159,Ratnapark,27.7063,85.3152
2025-01-25T06:00,6.6,73,2.0,866.7,2.3,162,Ratnapark,27.7063,85.3152
2025-01-25T07:00,7.6,73,3.0,867.9,2.8,162,Ratnapark,27.7063,85.3152
2025-01-25T08:00,11.2,73,6.6,870.1,3.2,133,Ratnapark,27.7063,85.3152
2025-01-25T09:00,14.1,52,4.3,871.9,1.3,82,Ratnapark,27.7063,85.3152
2025-01-25T10:00,15.7,46,4.0,872.2,1.4,337,Ratnapark,27.7063,85.3152
2025-01-25T11:00,16.9,43,4.2,871.6,3.2,317,Ratnapark,27.7063,85.3152
2025-01-25T12:00,17.9,42,4.9,870.9,5.6,303,Ratnapark,27.7063,85.3152
2025-01-25T13:00,18.2,44,5.7,870.2,8.3,297,Ratnapark,27.7063,85.3152
2025-01-25T14:00,17.6,48,6.4,869.6,9.4,299,Ratnapark,27.7063,85.3152
2025-01-25T15:00,16.5,53,7.0,869.3,10.2,307,Ratnapark,27.7063,85.3152
2025-01-25T16:00,14.9,61,7.4,869.0,7.5,330,Ratnapark,27.7063,85.3152
2025-01-25T17:00,12.5,75,8.1,868.4,3.6,357,Ratnapark,27.7063,85.3152
2025-01-25T18:00,11.8,75,7.6,868.8,2.0,350,Ratnapark,27.7063,85.3152
2025-01-25T19:00,11.2,81,8.0,869.2,3.2,227,Ratnapark,27.7063,85.3152
2025-01-25T20:00,10.3,88,8.5,869.2,2.6,196,Ratnapark,27.7063,85.3152
2025-01-25T21:00,9.3,95,8.5,869.2,3.2,180,Ratnapark,27.7063,85.3152
2025-01-25T22:00,8.5,98,8.2,869.2,3.2,177,Ratnapark,27.7063,85.3152
2025-01-25T23:00,7.9,100,7.9,868.7,3.7,166,Ratnapark,27.7063,85.3152
2025-01-26T00:00,7.8,100,7.8,868.4,4.3,158,Ratnapark,27.7063,85.3152
2025-01-26T01:00,7.8,100,7.8,868.4,4.7,152,Ratnapark,27.7063,85.3152
2025-01-26T02:00,8.0,100,8.0,868.2,5.6,147,Ratnapark,27.7063,85.3152
2025-01-26T03:00,7.6,100,7.6,867.8,6.1,148,Ratnapark,27.7063,85.3152
2025-01-26T04:00,7.0,100,7.0,867.6,6.5,148,Ratnapark,27.7063,85.3152
2025-01-26T05:00,6.6,100,6.6,867.9,6.5,146,Ratnapark,27.7063,85.3152
2025-01-26T06:00,8.8,96,8.2,870.0,5.6,119,Ratnapark,27.7063,85.3152
2025-01-26T07:00,9.2,94,8.3,870.6,7.0,130,Ratnapark,27.7063,85.3152
2025-01-26T08:00,10.8,87,8.7,872.2,7.0,119,Ratnapark,27.7063,85.3152
2025-01-26T09:00,13.2,69,7.6,873.5,9.5,123,Ratnapark,27.7063,85.3152
2025-01-26T10:00,15.2,59,7.1,874.0,9.3,114,Ratnapark,27.7063,85.3152
2025-01-26T11:00,16.5,57,7.8,873.3,8.8,105,Ratnapark,27.7063,85.3152
2025-01-26T12:00,17.9,51,7.6,872.2,7.9,101,Ratnapark,27.7063,85.3152
2025-01-26T13:00,19.2,43,6.2,871.3,4.2,110,Ratnapark,27.7063,85.3152
2025-01-26T14:00,18.8,44,6.4,870.6,2.1,232,Ratnapark,27.7063,85.3152
2025-01-26T15:00,17.8,45,5.8,869.9,6.0,286,Ratnapark,27.7063,85.3152
2025-01-26T16:00,15.7,63,8.6,869.7,7.1,294,Ratnapark,27.7063,85.3152
2025-01-26T17:00,13.7,77,9.7,869.4,5.1,306,Ratnapark,27.7063,85.3152
2025-01-26T18:00,13.0,80,9.6,869.7,4.5,304,Ratnapark,27.7063,85.3152
2025-01-26T19:00,11.9,86,9.6,869.9,3.3,331,Ratnapark,27.7063,85.3152
2025-01-26T20:00,11.5,85,9.1,869.8,0.9,37,Ratnapark,27.7063,85.3152
2025-01-26T21:00,10.4,90,8.9,869.8,0.9,169,Ratnapark,27.7063,85.3152
2025-01-26T22:00,9.8,94,8.9,869.5,1.3,164,Ratnapark,27.7063,85.3152
2025-01-26T23:00,9.1,97,8.6,868.9,1.7,167,Ratnapark,27.7063,85.3152
2025-01-27T00:00,8.7,97,8.2,868.0,2.8,169,Ratnapark,27.7063,85.3152
2025-01-27T01:00,8.5,95,7.7,867.4,2.6,168,Ratnapark,27.7063,85.3152
2025-01-27T02:00,8.3,94,7.4,866.8,3.4,164,Ratnapark,27.7063,85.3152
2025-01-27T03:00,7.7,95,6.9,866.2,3.8,161,Ratnapark,27.7063,85.3152
2025-01-27T04:00,7.4,93,6.4,865.8,4.3,156,Ratnapark,27.7063,85.3152
2025-01-27T05:00,7.3,92,6.1,865.9,5.0,154,Ratnapark,27.7063,85.3152
2025-01-27T06:00,6.1,100,6.1,866.2,6.7,149,Ratnapark,27.7063,85.3152
2025-01-27T07:00,7.4,99,7.3,867.5,6.7,153,Ratnapark,27.7063,85.3152
2025-01-27T08:00,11.5,87,9.3,869.8,4.9,123,Ratnapark,27.7063,85.3152
2025-01-27T09:00,14.6,67,8.6,871.7,4.5,74,Ratnapark,27.7063,85.3152
2025-01-27T10:00,16.7,54,7.3,872.3,4.7,58,Ratnapark,27.7063,85.3152
2025-01-27T11:00,18.1,50,7.6,871.5,1.9,56,Ratnapark,27.7063,85.3152
2025-01-27T12:00,19.6,41,5.9,870.5,1.1,279,Ratnapark,27.7063,85.3152
2025-01-27T13:00,20.2,39,5.8,869.5,5.1,253,Ratnapark,27.7063,85.3152
2025-01-27T14:00,19.7,38,5.0,868.4,9.1,249,Ratnapark,27.7063,85.3152
2025-01-27T15:00,18.3,45,6.3,868.0,9.6,256,Ratnapark,27.7063,85.3152
2025-01-27T16:00,16.7,57,8.1,867.7,5.3,280,Ratnapark,27.7063,85.3152
2025-01-27T17:00,14.2,72,9.2,867.2,3.6,273,Ratnapark,27.7063,85.3152
2025-01-27T18:00,13.7,73,8.9,867.6,3.8,265,Ratnapark,27.7063,85.3152
2025-01-27T19:00,12.7,80,9.3,867.6,3.6,225,Ratnapark,27.7063,85.3152
2025-01-27T20:00,11.7,88,9.8,867.7,3.0,194,Ratnapark,27.7063,85.3152
2025-01-27T21:00,10.8,94,9.9,868.1,1.3,172,Ratnapark,27.7063,85.3152
2025-01-27T22:00,10.4,97,9.9,868.1,1.9,158,Ratnapark,27.7063,85.3152
2025-01-27T23:00,10.0,98,9.8,867.8,2.6,141,Ratnapark,27.7063,85.3152
2025-01-28T00:00,9.8,98,9.5,867.2,2.9,133,Ratnapark,27.7063,85.3152
2025-01-28T01:00,10.0,94,9.0,867.1,3.1,130,Ratnapark,27.7063,85.3152
2025-01-28T02:00,9.9,89,8.1,866.4,3.2,133,Ratnapark,27.7063,85.3152
2025-01-28T03:00,10.1,84,7.5,866.2,3.6,139,Ratnapark,27.7063,85.3152
2025-01-28T04:00,9.7,85,7.3,865.8,3.6,150,Ratnapark,27.7063,85.3152
2025-01-28T05:00,9.1,89,7.3,866.0,3.8,155,Ratnapark,27.7063,85.3152
2025-01-28T06:00,7.3,100,7.3,866.3,4.3,152,Ratnapark,27.7063,85.3152
2025-01-28T07:00,8.8,96,8.2,867.9,5.2,146,Ratnapark,27.7063,85.3152
2025-01-28T08:00,12.2,83,9.5,870.6,3.2,106,Ratnapark,27.7063,85.3152
2025-01-28T09:00,14.0,76,9.8,871.9,4.1,67,Ratnapark,27.7063,85.3152
2025-01-28T10:00,15.5,65,9.1,872.4,5.0,75,Ratnapark,27.7063,85.3152
2025-01-28T11:00,16.9,57,8.5,871.8,5.0,49,Ratnapark,27.7063,85.3152
2025-01-28T12:00,17.8,55,8.5,871.0,3.2,34,Ratnapark,27.7063,85.3152
2025-01-28T13:00,18.0,52,7.9,870.4,2.6,282,Ratnapark,27.7063,85.3152
2025-01-28T14:00,17.2,54,7.8,869.8,4.7,272,Ratnapark,27.7063,85.3152
2025-01-28T15:00,16.9,56,8.1,869.5,4.4,279,Ratnapark,27.7063,85.3152
2025-01-28T16:00,16.1,61,8.6,869.3,4.6,279,Ratnapark,27.7063,85.3152
2025-01-28T17:00,14.7,73,9.9,869.4,3.5,258,Ratnapark,27.7063,85.3152
2025-01-28T18:00,13.9,78,10.2,870.0,2.7,238,Ratnapark,27.7063,85.3152
2025-01-28T19:00,13.3,83,10.4,870.5,3.3,261,Ratnapark,27.7063,85.3152
2025-01-28T20:00,12.6,88,10.6,871.2,1.1,198,Ratnapark,27.7063,85.3152
2025-01-28T21:00,12.3,90,10.7,871.9,0.9,169,Ratnapark,27.7063,85.3152
2025-01-28T22:00,12.3,88,10.4,872.4,1.0,149,Ratnapark,27.7063,85.3152
2025-01-28T23:00,12.0,88,10.2,872.2,1.3,135,Ratnapark,27.7063,85.3152
2025-01-29T00:00,11.9,83,9.1,871.9,2.7,118,Ratnapark,27.7063,85.3152
2025-01-29T01:00,11.6,78,7.9,871.3,3.2,133,Ratnapark,27.7063,85.3152
2025-01-29T02:00,11.0,84,8.4,870.6,1.9,139,Ratnapark,27.7063,85.3152
2025-01-29T03:00,10.3,88,8.4,870.4,1.4,157,Ratnapark,27.7063,85.3152
2025-01-29T04:00,9.8,92,8.5,870.1,1.7,162,Ratnapark,27.7063,85.3152
2025-01-29T05:00,9.0,96,8.4,870.2,2.1,165,Ratnapark,27.7063,85.3152
2025-01-29T06:00,8.5,100,8.5,871.1,4.6,141,Ratnapark,27.7063,85.3152
2025-01-29T07:00,9.4,97,9.0,872.5,5.5,139,Ratnapark,27.7063,85.3152
2025-01-29T08:00,12.0,85,9.5,874.4,2.7,82,Ratnapark,27.7063,85.3152
2025-01-29T09:00,13.7,76,9.4,875.5,3.9,53,Ratnapark,27.7063,85.3152
2025-01-29T10:00,15.3,67,9.2,875.9,3.3,22,Ratnapark,27.7063,85.3152
2025-01-29T11:00,16.6,62,9.3,875.4,5.3,336,Ratnapark,27.7063,85.3152
2025-01-29T12:00,17.5,59,9.3,874.4,6.2,327,Ratnapark,27.7063,85.3152
2025-01-29T13:00,18.0,53,8.4,872.9,6.9,329,Ratnapark,27.7063,85.3152
2025-01-29T14:00,18.0,52,8.1,872.1,9.3,324,Ratnapark,27.7063,85.3152
2025-01-29T15:00,17.3,55,8.0,871.4,10.8,318,Ratnapark,27.7063,85.3152
2025-01-29T16:00,15.8,60,8.0,870.8,7.8,322,Ratnapark,27.7063,85.3152
2025-01-29T17:00,13.9,72,9.0,870.3,3.7,313,Ratnapark,27.7063,85.3152
2025-01-29T18:00,13.4,75,9.2,870.5,2.8,325,Ratnapark,27.7063,85.3152
2025-01-29T19:00,13.0,77,9.0,871.0,3.5,249,Ratnapark,27.7063,85.3152
2025-01-29T20:00,12.0,86,9.8,871.0,3.1,225,Ratnapark,27.7063,85.3152
2025-01-29T21:00,10.8,94,9.9,870.8,2.7,188,Ratnapark,27.7063,85.3152
2025-01-29T22:00,9.2,100,9.2,869.8,3.8,177,Ratnapark,27.7063,85.3152
2025-01-29T23:00,8.3,100,8.3,868.9,5.1,174,Ratnapark,27.7063,85.3152
2025-01-30T00:00,8.1,100,8.0,868.2,4.9,172,Ratnapark,27.7063,85.3152
2025-01-30T01:00,7.9,100,7.8,867.7,4.6,169,Ratnapark,27.7063,85.3152
2025-01-30T02:00,7.3,100,7.3,866.8,3.1,170,Ratnapark,27.7063,85.3152
2025-01-30T03:00,6.9,100,6.9,866.3,2.2,175,Ratnapark,27.7063,85.3152
2025-01-30T04:00,7.0,99,6.8,866.0,1.3,180,Ratnapark,27.7063,85.3152
2025-01-30T05:00,7.1,98,6.8,865.9,1.1,180,Ratnapark,27.7063,85.3152
2025-01-30T06:00,7.4,100,7.4,866.6,1.1,171,Ratnapark,27.7063,85.3152
2025-01-30T07:00,8.3,100,8.3,867.7,3.8,183,Ratnapark,27.7063,85.3152
2025-01-30T08:00,11.4,91,10.1,869.7,3.0,163,Ratnapark,27.7063,85.3152
2025-01-30T09:00,14.6,70,9.1,871.2,0.6,342,Ratnapark,27.7063,85.3152
2025-01-30T10:00,16.8,53,7.3,871.5,3.4,344,Ratnapark,27.7063,85.3152
2025-01-30T11:00,18.1,49,7.2,871.0,6.8,320,Ratnapark,27.7063,85.3152
2025-01-30T12:00,18.7,50,8.0,870.0,9.3,313,Ratnapark,27.7063,85.3152
2025-01-30T13:00,18.8,50,8.1,868.8,10.4,307,Ratnapark,27.7063,85.3152
2025-01-30T14:00,18.6,48,7.5,868.2,10.4,309,Ratnapark,27.7063,85.3152
2025-01-30T15:00,18.1,47,6.5,867.6,10.6,312,Ratnapark,27.7063,85.3152
2025-01-30T16:00,16.7,50,6.3,867.2,8.0,318,Ratnapark,27.7063,85.3152
2025-01-30T17:00,14.3,63,7.5,866.5,4.2,288,Ratnapark,27.7063,85.3152
2025-01-30T18:00,13.4,74,8.8,866.7,4.7,268,Ratnapark,27.7063,85.3152
2025-01-30T19:00,12.6,80,9.2,867.1,4.6,259,Ratnapark,27.7063,85.3152
2025-01-30T20:00,11.7,86,9.4,867.4,2.9,223,Ratnapark,27.7063,85.3152
2025-01-30T21:00,10.5,93,9.3,867.3,2.4,197,Ratnapark,27.7063,85.3152
2025-01-30T22:00,9.4,97,8.9,866.8,3.6,189,Ratnapark,27.7063,85.3152
2025-01-30T23:00,9.1,94,8.2,866.4,3.4,186,Ratnapark,27.7063,85.3152
2025-01-31T00:00,9.2,90,7.7,865.9,2.7,180,Ratnapark,27.7063,85.3152
2025-01-31T01:00,8.2,93,7.1,865.1,2.2,175,Ratnapark,27.7063,85.3152
2025-01-31T02:00,7.6,95,6.8,864.3,2.9,173,Ratnapark,27.7063,85.3152
2025-01-31T03:00,6.9,96,6.4,863.8,2.2,166,Ratnapark,27.7063,85.3152
2025-01-31T04:00,7.1,91,5.8,863.8,2.2,166,Ratnapark,27.7063,85.3152
2025-01-31T05:00,7.3,86,5.1,863.8,2.2,166,Ratnapark,27.7063,85.3152
2025-01-31T06:00,8.0,87,5.9,864.8,1.7,167,Ratnapark,27.7063,85.3152
2025-01-31T07:00,8.6,87,6.6,866.0,4.4,159,Ratnapark,27.7063,85.3152
2025-01-31T08:00,12.1,82,9.1,868.5,5.2,146,Ratnapark,27.7063,85.3152
2025-01-31T09:00,15.6,50,5.2,870.8,1.8,96,Ratnapark,27.7063,85.3152
2025-01-31T10:00,17.7,38,3.3,871.4,1.5,346,Ratnapark,27.7063,85.3152
2025-01-31T11:00,19.3,36,3.8,871.0,4.6,309,Ratnapark,27.7063,85.3152
2025-01-31T12:00,20.2,36,4.8,870.5,8.0,297,Ratnapark,27.7063,85.3152
2025-01-31T13:00,20.2,37,4.9,869.7,11.0,293,Ratnapark,27.7063,85.3152
2025-01-31T14:00,19.7,37,4.5,869.2,11.2,292,Ratnapark,27.7063,85.3152
2025-01-31T15:00,18.8,38,4.2,869.0,11.0,298,Ratnapark,27.7063,85.3152
2025-01-31T16:00,17.3,46,5.5,868.8,8.1,307,Ratnapark,27.7063,85.3152
2025-01-31T17:00,14.6,60,6.9,868.4,4.7,310,Ratnapark,27.7063,85.3152
2025-01-31T18:00,13.1,73,8.5,868.7,3.6,288,Ratnapark,27.7063,85.3152
2025-01-31T19:00,12.3,81,9.1,869.2,3.2,243,Ratnapark,27.7063,85.3152
2025-01-31T20:00,11.5,85,9.1,869.5,2.2,194,Ratnapark,27.7063,85.3152
2025-01-31T21:00,10.6,89,8.9,869.4,2.9,184,Ratnapark,27.7063,85.3152
2025-01-31T22:00,9.2,95,8.4,868.6,2.9,176,Ratnapark,27.7063,85.3152
2025-01-31T23:00,8.2,96,7.6,867.9,1.4,180,Ratnapark,27.7063,85.3152
2025-02-01T00:00,7.9,94,7.0,867.4,2.2,175,Ratnapark,27.7063,85.3152
2025-02-01T01:00,7.7,91,6.4,866.9,3.1,170,Ratnapark,27.7063,85.3152
2025-02-01T02:00,7.7,86,5.5,866.5,2.6,164,Ratnapark,27.7063,85.3152
2025-02-01T03:00,7.6,78,4.0,866.3,2.5,159,Ratnapark,27.7063,85.3152
2025-02-01T04:00,7.4,72,2.6,865.9,3.1,167,Ratnapark,27.7063,85.3152
2025-02-01T05:00,7.0,72,2.3,865.8,3.7,169,Ratnapark,27.7063,85.3152
2025-02-01T06:00,7.7,76,3.8,866.8,2.6,168,Ratnapark,27.7063,85.3152
2025-02-01T07:00,7.7,79,4.3,867.6,4.6,171,Ratnapark,27.7063,85.3152
2025-02-01T08:00,11.8,76,7.7,870.1,3.2,153,Ratnapark,27.7063,85.3152
2025-02-01T09:00,16.2,47,5.0,873.0,1.5,14,Ratnapark,27.7063,85.3152
2025-02-01T10:00,18.2,38,3.6,873.4,3.6,333,Ratnapark,27.7063,85.3152
2025-02-01T11:00,19.6,35,3.9,872.9,6.2,316,Ratnapark,27.7063,85.3152
2025-02-01T12:00,20.4,38,5.8,872.3,10.1,305,Ratnapark,27.7063,85.3152
2025-02-01T13:00,20.3,40,6.3,871.5,12.3,302,Ratnapark,27.7063,85.3152
2025-02-01T14:00,19.6,39,5.3,871.0,12.7,303,Ratnapark,27.7063,85.3152
2025-02-01T15:00,18.6,41,5.1,870.7,11.4,307,Ratnapark,27.7063,85.3152
2025-02-01T16:00,17.1,49,6.2,870.6,8.0,310,Ratnapark,27.7063,85.3152
2025-02-01T17:00,14.4,63,7.3,869.9,4.8,295,Ratnapark,27.7063,85.3152
2025-02-01T18:00,13.5,66,7.2,869.6,4.0,262,Ratnapark,27.7063,85.3152
2025-02-01T19:00,13.0,67,6.9,870.2,3.1,225,Ratnapark,27.7063,85.3152
2025-02-01T20:00,12.6,68,6.9,870.3,2.8,207,Ratnapark,27.7063,85.3152
2025-02-01T21:00,11.9,70,6.7,870.5,2.5,201,Ratnapark,27.7063,85.3152
2025-02-01T22:00,11.5,68,5.9,870.1,2.5,201,Ratnapark,27.7063,85.3152
2025-02-01T23:00,11.2,65,4.8,869.4,3.0,197,Ratnapark,27.7063,85.3152
2025-02-02T00:00,11.0,59,3.3,869.1,2.8,198,Ratnapark,27.7063,85.3152
2025-02-02T01:00,10.8,53,1.6,868.6,2.1,200,Ratnapark,27.7063,85.3152
2025-02-02T02:00,11.1,47,0.2,868.2,0.7,194,Ratnapark,27.7063,85.3152
2025-02-02T03:00,10.9,45,-0.5,868.0,0.4,180,Ratnapark,27.7063,85.3152
2025-02-02T04:00,10.4,45,-1.1,867.5,0.5,180,Ratnapark,27.7063,85.3152
2025-02-02T05:00,9.8,45,-1.5,867.6,0.9,169,Ratnapark,27.7063,85.3152
2025-02-02T06:00,8.1,55,-0.4,867.7,0.5,180,Ratnapark,27.7063,85.3152
2025-02-02T07:00,9.8,48,-0.6,869.4,2.3,162,Ratnapark,27.7063,85.3152
2025-02-02T08:00,12.5,54,3.4,871.1,4.8,153,Ratnapark,27.7063,85.3152
2025-02-02T09:00,16.4,33,-0.1,873.5,2.3,86,Ratnapark,27.7063,85.3152
2025-02-02T10:00,18.3,25,-2.4,873.6,3.5,321,Ratnapark,27.7063,85.3152
2025-02-02T11:00,19.4,22,-3.2,872.9,6.8,312,Ratnapark,27.7063,85.3152
2025-02-02T12:00,20.2,21,-2.8,872.0,9.7,312,Ratnapark,27.7063,85.3152
2025-02-02T13:00,20.2,22,-1.9,871.0,11.3,312,Ratnapark,27.7063,85.3152
2025-02-02T14:00,19.9,23,-1.9,870.2,12.4,312,Ratnapark,27.7063,85.3152
2025-02-02T15:00,19.0,25,-1.6,869.9,12.1,314,Ratnapark,27.7063,85.3152
2025-02-02T16:00,17.1,33,0.7,869.2,8.2,324,Ratnapark,27.7063,85.3152
2025-02-02T17:00,14.4,46,2.9,868.4,5.6,297,Ratnapark,27.7063,85.3152
2025-02-02T18:00,13.3,56,4.8,868.7,4.2,239,Ratnapark,27.7063,85.3152
2025-02-02T19:00,12.4,57,4.0,868.9,3.4,212,Ratnapark,27.7063,85.3152
2025-02-02T20:00,11.4,60,3.8,869.0,2.3,203,Ratnapark,27.7063,85.3152
2025-02-02T21:00,10.9,59,3.3,869.6,1.8,204,Ratnapark,27.7063,85.3152
2025-02-02T22:00,10.6,60,3.0,869.5,1.4,203,Ratnapark,27.7063,85.3152
2025-02-02T23:00,10.3,60,2.8,868.7,1.1,198,Ratnapark,27.7063,85.3152
2025-02-03T00:00,9.8,61,2.6,867.8,1.6,186,Ratnapark,27.7063,85.3152
2025-02-03T01:00,9.5,61,2.3,866.9,2.7,176,Ratnapark,27.7063,85.3152
2025-02-03T02:00,8.9,62,2.0,866.0,3.4,174,Ratnapark,27.7063,85.3152
2025-02-03T03:00,8.1,63,1.5,865.3,4.5,166,Ratnapark,27.7063,85.3152
2025-02-03T04:00,7.4,64,1.0,864.9,5.4,160,Ratnapark,27.7063,85.3152
2025-02-03T05:00,7.2,62,0.5,865.1,6.9,157,Ratnapark,27.7063,85.3152
2025-02-03T06:00,5.7,74,1.4,865.4,7.5,156,Ratnapark,27.7063,85.3152
2025-02-03T07:00,7.0,70,2.0,866.4,8.0,155,Ratnapark,27.7063,85.3152
2025-02-03T08:00,11.8,62,4.8,869.2,7.2,148,Ratnapark,27.7063,85.3152
2025-02-03T09:00,17.0,42,4.0,872.3,2.7,138,Ratnapark,27.7063,85.3152
2025-02-03T10:00,19.5,32,2.4,873.2,1.3,304,Ratnapark,27.7063,85.3152
2025-02-03T11:00,20.8,31,2.9,872.9,4.5,304,Ratnapark,27.7063,85.3152
2025-02-03T12:00,21.2,31,3.3,872.3,7.2,307,Ratnapark,27.7063,85.3152
2025-02-03T13:00,21.0,33,3.9,871.5,8.9,308,Ratnapark,27.7063,85.3152
2025-02-03T14:00,20.4,37,5.1,870.9,9.2,310,Ratnapark,27.7063,85.3152
2025-02-03T15:00,19.5,42,6.2,870.8,8.8,316,Ratnapark,27.7063,85.3152
2025-02-03T16:00,17.7,51,7.4,870.6,6.3,329,Ratnapark,27.7063,85.3152
2025-02-03T17:00,14.6,70,9.3,869.8,2.8,333,Ratnapark,27.7063,85.3152
2025-02-03T18:00,13.7,68,7.9,870.7,1.1,99,Ratnapark,27.7063,85.3152
2025-02-03T19:00,12.8,72,8.0,871.0,1.1,189,Ratnapark,27.7063,85.3152
2025-02-03T20:00,12.0,77,8.0,871.2,2.2,175,Ratnapark,27.7063,85.3152
2025-02-03T21:00,11.3,81,8.1,871.0,2.9,180,Ratnapark,27.7063,85.3152
2025-02-03T22:00,9.8,87,7.8,870.1,3.8,177,Ratnapark,27.7063,85.3152
2025-02-03T23:00,8.3,94,7.3,869.7,3.4,177,Ratnapark,27.7063,85.3152
2025-02-04T00:00,7.5,95,6.7,869.3,2.0,175,Ratnapark,27.7063,85.3152
2025-02-04T01:00,7.4,94,6.5,869.1,1.6,174,Ratnapark,27.7063,85.3152
2025-02-04T02:00,7.2,94,6.4,868.3,2.2,171,Ratnapark,27.7063,85.3152
2025-02-04T03:00,7.0,95,6.2,867.9,3.0,166,Ratnapark,27.7063,85.3152
2025-02-04T04:00,6.9,95,6.1,867.4,3.4,162,Ratnapark,27.7063,85.3152
2025-02-04T05:00,6.9,94,6.0,867.2,3.4,162,Ratnapark,27.7063,85.3152
2025-02-04T06:00,7.3,95,6.5,868.2,2.4,163,Ratnapark,27.7063,85.3152
2025-02-04T07:00,8.1,95,7.3,869.1,5.5,167,Ratnapark,27.7063,85.3152
2025-02-04T08:00,12.9,80,9.4,872.4,4.0,150,Ratnapark,27.7063,85.3152
2025-02-04T09:00,16.1,56,7.2,874.3,0.9,233,Ratnapark,27.7063,85.3152
2025-02-04T10:00,18.2,44,5.8,874.9,2.3,328,Ratnapark,27.7063,85.3152
2025-02-04T11:00,19.9,37,4.8,874.6,6.2,319,Ratnapark,27.7063,85.3152
2025-02-04T12:00,20.7,37,5.6,873.7,9.9,312,Ratnapark,27.7063,85.3152
2025-02-04T13:00,20.8,37,5.7,872.6,10.0,311,Ratnapark,27.7063,85.3152
2025-02-04T14:00,20.7,39,6.2,872.0,10.2,307,Ratnapark,27.7063,85.3152
2025-02-04T15:00,20.0,43,7.2,871.4,9.8,308,Ratnapark,27.7063,85.3152
2025-02-04T16:00,18.5,52,8.4,871.0,6.9,315,Ratnapark,27.7063,85.3152
2025-02-04T17:00,15.4,72,10.4,870.1,3.4,302,Ratnapark,27.7063,85.3152
2025-02-04T18:00,14.3,73,9.5,870.0,2.9,227,Ratnapark,27.7063,85.3152
2025-02-04T19:00,13.9,73,9.2,870.0,3.3,209,Ratnapark,27.7063,85.3152
2025-02-04T20:00,13.6,75,9.2,869.9,3.4,205,Ratnapark,27.7063,85.3152
2025-02-04T21:00,13.1,74,8.6,870.0,3.0,213,Ratnapark,27.7063,85.3152
2025-02-04T22:00,12.8,72,7.8,870.1,2.7,222,Ratnapark,27.7063,85.3152
2025-02-04T23:00,12.4,70,7.1,869.6,2.8,207,Ratnapark,27.7063,85.3152
2025-02-05T00:00,12.2,69,6.6,869.0,3.1,193,Ratnapark,27.7063,85.3152
2025-02-05T01:00,12.1,68,6.5,868.5,3.4,186,Ratnapark,27.7063,85.3152
2025-02-05T02:00,12.1,69,6.6,868.0,3.3,189,Ratnapark,27.7063,85.3152
2025-02-05T03:00,12.2,69,6.6,867.7,3.3,193,Ratnapark,27.7063,85.3152
2025-02-05T04:00,12.2,68,6.5,867.7,3.3,193,Ratnapark,27.7063,85.3152
2025-02-05T05:00,12.3,67,6.4,868.0,3.4,196,Ratnapark,27.7063,85.3152
2025-02-05T06:00,12.2,67,6.3,868.7,3.6,217,Ratnapark,27.7063,85.3152
2025-02-05T07:00,13.9,63,7.0,869.8,3.8,199,Ratnapark,27.7063,85.3152
2025-02-05T08:00,16.4,61,8.9,871.5,4.8,202,Ratnapark,27.7063,85.3152
2025-02-05T09:00,19.1,48,7.9,873.3,4.0,278,Ratnapark,27.7063,85.3152
2025-02-05T10:00,20.7,43,7.7,873.5,8.9,298,Ratnapark,27.7063,85.3152
2025-02-05T11:00,21.4,42,8.1,873.2,13.0,294,Ratnapark,27.7063,85.3152
2025-02-05T12:00,21.7,41,7.8,872.3,14.8,291,Ratnapark,27.7063,85.3152
2025-02-05T13:00,21.7,39,7.1,871.5,15.1,290,Ratnapark,27.7063,85.3152
2025-02-05T14:00,21.2,39,6.9,870.7,14.9,288,Ratnapark,27.7063,85.3152
2025-02-05T15:00,20.4,41,6.8,870.2,13.6,285,Ratnapark,27.7063,85.3152
2025-02-05T16:00,19.0,47,7.3,869.6,11.2,280,Ratnapark,27.7063,85.3152
2025-02-05T17:00,16.3,57,7.8,869.1,8.0,260,Ratnapark,27.7063,85.3152
2025-02-05T18:00,14.2,73,9.4,868.8,3.6,252,Ratnapark,27.7063,85.3152
2025-02-05T19:00,13.8,73,9.0,869.3,3.0,218,Ratnapark,27.7063,85.3152
2025-02-05T20:00,13.1,78,9.4,869.6,4.8,209,Ratnapark,27.7063,85.3152
2025-02-05T21:00,12.1,84,9.6,869.9,3.5,195,Ratnapark,27.7063,85.3152
2025-02-05T22:00,11.5,87,9.4,869.7,2.4,189,Ratnapark,27.7063,85.3152
2025-02-05T23:00,11.2,87,9.0,869.1,1.6,180,Ratnapark,27.7063,85.3152
2025-02-06T00:00,10.8,86,8.5,868.6,1.5,166,Ratnapark,27.7063,85.3152
2025-02-06T01:00,10.4,85,8.0,868.0,1.7,162,Ratnapark,27.7063,85.3152
2025-02-06T02:00,10.2,84,7.5,867.2,2.5,159,Ratnapark,27.7063,85.3152
2025-02-06T03:00,9.8,83,7.0,866.6,2.8,153,Ratnapark,27.7063,85.3152
2025-02-06T04:00,9.7,79,6.3,866.2,3.2,161,Ratnapark,27.7063,85.3152
2025-02-06T05:00,9.2,75,5.1,866.1,4.6,162,Ratnapark,27.7063,85.3152
2025-02-06T06:00,8.6,90,7.0,866.6,3.7,166,Ratnapark,27.7063,85.3152
2025-02-06T07:00,8.8,91,7.4,867.2,5.6,165,Ratnapark,27.7063,85.3152
2025-02-06T08:00,13.4,76,9.3,869.9,4.6,154,Ratnapark,27.7063,85.3152
2025-02-06T09:00,17.4,39,3.5,872.4,1.8,96,Ratnapark,27.7063,85.3152
2025-02-06T10:00,19.8,31,2.1,872.6,1.5,353,Ratnapark,27.7063,85.3152
2025-02-06T11:00,21.4,28,2.1,872.4,5.2,304,Ratnapark,27.7063,85.3152
2025-02-06T12:00,21.9,30,3.5,871.6,10.3,295,Ratnapark,27.7063,85.3152
2025-02-06T13:00,21.8,29,2.9,870.9,13.0,295,Ratnapark,27.7063,85.3152
2025-02-06T14:00,21.4,25,0.3,870.4,12.9,290,Ratnapark,27.7063,85.3152
2025-02-06T15:00,20.6,25,-0.1,869.7,11.0,291,Ratnapark,27.7063,85.3152
2025-02-06T16:00,19.1,33,2.4,869.2,8.1,291,Ratnapark,27.7063,85.3152
2025-02-06T17:00,15.7,55,6.8,868.6,4.2,275,Ratnapark,27.7063,85.3152
2025-02-06T18:00,14.6,57,6.3,869.1,3.9,236,Ratnapark,27.7063,85.3152
2025-02-06T19:00,14.1,63,7.3,869.9,3.9,242,Ratnapark,27.7063,85.3152
2025-02-06T20:00,13.4,73,8.6,870.0,3.8,225,Ratnapark,27.7063,85.3152
2025-02-06T21:00,12.4,74,7.9,869.9,3.1,211,Ratnapark,27.7063,85.3152
2025-02-06T22:00,12.1,64,5.4,869.6,3.8,199,Ratnapark,27.7063,85.3152
2025-02-06T23:00,11.4,56,3.0,869.1,3.1,190,Ratnapark,27.7063,85.3152
2025-02-07T00:00,10.6,58,2.6,868.2,2.4,189,Ratnapark,27.7063,85.3152
2025-02-07T01:00,10.1,56,1.8,867.6,2.0,185,Ratnapark,27.7063,85.3152
2025-02-07T02:00,9.8,54,1.1,867.1,2.5,184,Ratnapark,27.7063,85.3152
2025-02-07T03:00,8.9,57,0.8,866.3,1.3,172,Ratnapark,27.7063,85.3152
2025-02-07T04:00,8.1,59,0.5,865.8,1.4,157,Ratnapark,27.7063,85.3152
2025-02-07T05:00,7.4,63,0.8,865.8,3.1,159,Ratnapark,27.7063,85.3152
2025-02-07T06:00,8.7,69,3.3,867.1,2.4,171,Ratnapark,27.7063,85.3152
2025-02-07T07:00,9.6,63,2.8,867.9,3.8,163,Ratnapark,27.7063,85.3152
2025-02-07T08:00,12.8,61,5.5,870.1,5.0,161,Ratnapark,27.7063,85.3152
2025-02-07T09:00,16.8,35,1.3,872.4,0.8,135,Ratnapark,27.7063,85.3152
2025-02-07T10:00,19.3,24,-1.6,872.8,2.1,329,Ratnapark,27.7063,85.3152
2025-02-07T11:00,21.1,19,-3.4,872.4,6.7,322,Ratnapark,27.7063,85.3152
2025-02-07T12:00,21.8,23,-0.3,871.8,10.2,304,Ratnapark,27.7063,85.3152
2025-02-07T13:00,21.4,32,4.1,871.4,12.5,298,Ratnapark,27.7063,85.3152
2025-02-07T14:00,20.7,34,4.3,870.8,12.5,300,Ratnapark,27.7063,85.3152
2025-02-07T15:00,19.8,33,3.0,870.1,10.3,306,Ratnapark,27.7063,85.3152
2025-02-07T16:00,18.6,35,2.9,869.8,7.6,304,Ratnapark,27.7063,85.3152
2025-02-07T17:00,15.7,52,6.0,869.1,4.5,284,Ratnapark,27.7063,85.3152
2025-02-07T18:00,14.6,56,5.9,869.4,4.2,250,Ratnapark,27.7063,85.3152
2025-02-07T19:00,13.6,62,6.4,869.9,3.1,234,Ratnapark,27.7063,85.3152
2025-02-07T20:00,12.5,67,6.6,869.9,2.1,218,Ratnapark,27.7063,85.3152
2025-02-07T21:00,11.7,68,6.1,869.8,1.7,198,Ratnapark,27.7063,85.3152
2025-02-07T22:00,10.8,70,5.5,869.7,1.1,189,Ratnapark,27.7063,85.3152
2025-02-07T23:00,10.2,67,4.4,869.1,0.9,169,Ratnapark,27.7063,85.3152
2025-02-08T00:00,9.7,66,3.6,868.2,1.5,159,Ratnapark,27.7063,85.3152
2025-02-08T01:00,9.5,65,3.2,867.5,2.6,155,Ratnapark,27.7063,85.3152
2025-02-08T02:00,8.9,70,3.7,866.5,3.2,161,Ratnapark,27.7063,85.3152
2025-02-08T03:00,8.1,76,4.2,865.8,3.7,157,Ratnapark,27.7063,85.3152
2025-02-08T04:00,7.4,80,4.2,865.5,3.4,162,Ratnapark,27.7063,85.3152
2025-02-08T05:00,6.9,82,4.1,865.5,4.3,158,Ratnapark,27.7063,85.3152
2025-02-08T06:00,6.3,80,3.2,866.2,5.5,157,Ratnapark,27.7063,85.3152
2025-02-08T07:00,7.2,77,3.5,867.6,6.3,160,Ratnapark,27.7063,85.3152
2025-02-08T08:00,12.6,66,6.4,871.2,4.8,138,Ratnapark,27.7063,85.3152
2025-02-08T09:00,16.0,44,3.9,873.1,3.1,103,Ratnapark,27.7063,85.3152
2025-02-08T10:00,18.3,35,2.6,873.8,1.3,74,Ratnapark,27.7063,85.3152
2025-02-08T11:00,19.7,31,2.1,873.5,0.4,63,Ratnapark,27.7063,85.3152
2025-02-08T12:00,20.5,31,2.7,872.7,3.4,286,Ratnapark,27.7063,85.3152
2025-02-08T13:00,20.4,32,3.3,871.8,6.7,290,Ratnapark,27.7063,85.3152
2025-02-08T14:00,19.9,36,4.3,871.1,9.1,300,Ratnapark,27.7063,85.3152
2025-02-08T15:00,18.8,42,5.6,870.6,8.9,302,Ratnapark,27.7063,85.3152
2025-02-08T16:00,17.3,51,7.0,870.2,8.0,301,Ratnapark,27.7063,85.3152
2025-02-08T17:00,15.1,65,8.5,870.3,5.6,297,Ratnapark,27.7063,85.3152
2025-02-08T18:00,14.0,71,8.9,870.6,5.7,283,Ratnapark,27.7063,85.3152
2025-02-08T19:00,12.8,83,10.0,871.2,5.2,272,Ratnapark,27.7063,85.3152
2025-02-08T20:00,11.7,91,10.3,871.5,2.3,241,Ratnapark,27.7063,85.3152
2025-02-08T21:00,10.8,96,10.2,871.5,1.6,207,Ratnapark,27.7063,85.3152
2025-02-08T22:00,10.0,99,9.8,871.2,3.1,187,Ratnapark,27.7063,85.3152
2025-02-08T23:00,9.1,100,9.1,870.2,4.9,174,Ratnapark,27.7063,85.3152
2025-02-09T00:00,8.5,100,8.5,869.4,5.5,171,Ratnapark,27.7063,85.3152
2025-02-09T01:00,7.9,100,7.9,868.5,5.7,167,Ratnapark,27.7063,85.3152
2025-02-09T02:00,7.5,100,7.5,867.5,6.3,167,Ratnapark,27.7063,85.3152
2025-02-09T03:00,7.3,100,7.3,867.2,6.6,164,Ratnapark,27.7063,85.3152
2025-02-09T04:00,6.6,100,6.6,866.7,5.5,163,Ratnapark,27.7063,85.3152
2025-02-09T05:00,5.5,100,5.5,866.4,5.4,159,Ratnapark,27.7063,85.3152
2025-02-09T06:00,6.6,100,6.6,867.8,6.9,147,Ratnapark,27.7063,85.3152
2025-02-09T07:00,7.6,98,7.2,869.0,6.2,144,Ratnapark,27.7063,85.3152
2025-02-09T08:00,10.8,92,9.5,871.3,4.3,123,Ratnapark,27.7063,85.3152
2025-02-09T09:00,14.1,69,8.4,872.8,4.2,110,Ratnapark,27.7063,85.3152
2025-02-09T10:00,16.8,54,7.5,873.1,3.0,115,Ratnapark,27.7063,85.3152
2025-02-09T11:00,18.6,50,8.1,872.8,0.9,169,Ratnapark,27.7063,85.3152
2025-02-09T12:00,19.8,48,8.4,871.8,3.5,285,Ratnapark,27.7063,85.3152
2025-02-09T13:00,20.1,46,8.0,870.9,8.0,295,Ratnapark,27.7063,85.3152
2025-02-09T14:00,19.6,48,8.3,870.2,10.3,289,Ratnapark,27.7063,85.3152
2025-02-09T15:00,18.5,52,8.6,869.6,9.5,284,Ratnapark,27.7063,85.3152
2025-02-09T16:00,17.2,57,8.7,869.6,7.2,289,Ratnapark,27.7063,85.3152
2025-02-09T17:00,15.4,74,10.8,869.3,2.2,275,Ratnapark,27.7063,85.3152
2025-02-09T18:00,14.9,71,9.6,870.1,6.1,289,Ratnapark,27.7063,85.3152
2025-02-09T19:00,13.5,81,10.3,870.3,3.5,279,Ratnapark,27.7063,85.3152
2025-02-09T20:00,12.5,85,10.0,870.5,1.9,214,Ratnapark,27.7063,85.3152
2025-02-09T21:00,11.6,89,9.9,870.7,1.9,197,Ratnapark,27.7063,85.3152
2025-02-09T22:00,10.2,96,9.6,870.0,2.9,184,Ratnapark,27.7063,85.3152
2025-02-09T23:00,9.0,100,9.0,869.1,3.2,177,Ratnapark,27.7063,85.3152
2025-02-10T00:00,8.2,100,8.2,868.4,3.0,163,Ratnapark,27.7063,85.3152
2025-02-10T01:00,7.8,100,7.8,867.7,4.8,160,Ratnapark,27.7063,85.3152
2025-02-10T02:00,7.9,100,7.9,867.2,5.6,163,Ratnapark,27.7063,85.3152
2025-02-10T03:00,7.4,100,7.4,866.7,5.9,162,Ratnapark,27.7063,85.3152
2025-02-10T04:00,7.1,100,7.1,866.4,6.0,163,Ratnapark,27.7063,85.3152
2025-02-10T05:00,6.8,100,6.8,866.8,7.0,157,Ratnapark,27.7063,85.3152
2025-02-10T06:00,5.8,100,5.8,867.6,6.4,155,Ratnapark,27.7063,85.3152
2025-02-10T07:00,7.9,99,7.7,869.2,8.1,148,Ratnapark,27.7063,85.3152
2025-02-10T08:00,12.2,86,9.9,872.0,6.2,136,Ratnapark,27.7063,85.3152
2025-02-10T09:00,15.8,68,9.9,874.0,2.7,132,Ratnapark,27.7063,85.3152
2025-02-10T10:00,18.4,55,9.1,874.6,2.4,287,Ratnapark,27.7063,85.3152
2025-02-10T11:00,19.9,40,5.9,874.2,8.0,288,Ratnapark,27.7063,85.3152
2025-02-10T12:00,20.3,35,4.4,873.2,12.7,288,Ratnapark,27.7063,85.3152
2025-02-10T13:00,20.1,36,4.7,872.2,14.1,291,Ratnapark,27.7063,85.3152
2025-02-10T14:00,19.3,38,4.6,871.4,13.4,298,Ratnapark,27.7063,85.3152
2025-02-10T15:00,18.4,42,5.3,871.1,12.1,318,Ratnapark,27.7063,85.3152
2025-02-10T16:00,17.0,49,6.1,870.7,9.1,324,Ratnapark,27.7063,85.3152
2025-02-10T17:00,15.0,61,7.5,870.0,4.4,291,Ratnapark,27.7063,85.3152
2025-02-10T18:00,14.3,65,7.8,870.1,4.4,258,Ratnapark,27.7063,85.3152
2025-02-10T19:00,14.1,66,8.0,870.4,4.2,252,Ratnapark,27.7063,85.3152
2025-02-10T20:00,13.3,71,8.2,870.8,3.0,237,Ratnapark,27.7063,85.3152
2025-02-10T21:00,13.0,72,8.0,870.8,2.9,202,Ratnapark,27.7063,85.3152
2025-02-10T22:00,12.2,74,7.7,870.2,2.4,193,Ratnapark,27.7063,85.3152
2025-02-10T23:00,11.5,76,7.4,869.7,1.6,186,Ratnapark,27.7063,85.3152
2025-02-11T00:00,11.2,76,7.0,869.1,0.9,180,Ratnapark,27.7063,85.3152
2025-02-11T01:00,11.0,76,6.9,868.3,1.1,180,Ratnapark,27.7063,85.3152
2025-02-11T02:00,10.7,77,6.8,867.6,2.6,168,Ratnapark,27.7063,85.3152
2025-02-11T03:00,10.3,79,6.8,866.9,4.1,165,Ratnapark,27.7063,85.3152
2025-02-11T04:00,9.8,82,6.9,866.6,5.1,163,Ratnapark,27.7063,85.3152
2025-02-11T05:00,9.3,84,6.7,866.7,5.5,161,Ratnapark,27.7063,85.3152
2025-02-11T06:00,7.6,92,6.4,866.7,6.2,154,Ratnapark,27.7063,85.3152
2025-02-11T07:00,9.1,86,6.9,868.0,7.7,156,Ratnapark,27.7063,85.3152
2025-02-11T08:00,13.4,71,8.2,870.8,5.6,135,Ratnapark,27.7063,85.3152
2025-02-11T09:00,16.4,53,6.9,872.2,4.1,105,Ratnapark,27.7063,85.3152
2025-02-11T10:00,18.8,36,3.4,872.6,1.0,22,Ratnapark,27.7063,85.3152
2025-02-11T11:00,20.0,27,0.5,872.1,9.5,291,Ratnapark,27.7063,85.3152
2025-02-11T12:00,20.4,26,0.0,871.4,13.2,292,Ratnapark,27.7063,85.3152
2025-02-11T13:00,20.5,24,-0.8,870.6,12.7,293,Ratnapark,27.7063,85.3152
2025-02-11T14:00,20.3,27,0.8,869.6,11.9,288,Ratnapark,27.7063,85.3152
2025-02-11T15:00,19.6,29,0.9,869.0,12.5,285,Ratnapark,27.7063,85.3152
2025-02-11T16:00,18.4,34,2.4,868.8,9.5,291,Ratnapark,27.7063,85.3152
2025-02-11T17:00,16.0,50,5.6,868.0,4.2,277,Ratnapark,27.7063,85.3152
2025-02-11T18:00,14.7,63,7.8,868.4,4.3,237,Ratnapark,27.7063,85.3152
2025-02-11T19:00,13.7,74,9.1,868.7,7.1,214,Ratnapark,27.7063,85.3152
2025-02-11T20:00,12.8,84,10.1,869.0,6.4,220,Ratnapark,27.7063,85.3152
2025-02-11T21:00,12.1,86,9.8,869.1,5.2,207,Ratnapark,27.7063,85.3152
2025-02-11T22:00,11.7,86,9.4,869.1,4.4,192,Ratnapark,27.7063,85.3152
2025-02-11T23:00,10.7,89,8.9,868.5,4.0,180,Ratnapark,27.7063,85.3152
2025-02-12T00:00,9.7,91,8.3,867.6,4.1,178,Ratnapark,27.7063,85.3152
2025-02-12T01:00,8.7,94,7.8,866.6,3.7,169,Ratnapark,27.7063,85.3152
2025-02-12T02:00,8.8,92,7.6,866.1,4.7,162,Ratnapark,27.7063,85.3152
2025-02-12T03:00,9.1,89,7.4,865.9,4.8,155,Ratnapark,27.7063,85.3152
2025-02-12T04:00,8.9,88,7.1,865.7,5.6,147,Ratnapark,27.7063,85.3152
2025-02-12T05:00,8.9,88,7.0,866.0,5.5,148,Ratnapark,27.7063,85.3152
2025-02-12T06:00,7.6,100,7.6,866.0,5.2,158,Ratnapark,27.7063,85.3152
2025-02-12T07:00,9.4,97,8.9,867.4,6.5,157,Ratnapark,27.7063,85.3152
2025-02-12T08:00,13.3,82,10.3,870.3,4.5,124,Ratnapark,27.7063,85.3152
2025-02-12T09:00,15.7,62,8.5,871.7,4.2,95,Ratnapark,27.7063,85.3152
2025-02-12T10:00,17.9,41,4.4,872.1,3.8,73,Ratnapark,27.7063,85.3152
2025-02-12T11:00,19.5,32,2.2,871.6,3.6,288,Ratnapark,27.7063,85.3152
2025-02-12T12:00,20.0,28,1.0,870.7,9.5,284,Ratnapark,27.7063,85.3152
2025-02-12T13:00,19.9,28,1.1,869.6,11.2,280,Ratnapark,27.7063,85.3152
2025-02-12T14:00,19.4,29,1.0,869.1,14.1,276,Ratnapark,27.7063,85.3152
2025-02-12T15:00,18.6,29,0.2,868.6,13.5,271,Ratnapark,27.7063,85.3152
2025-02-12T16:00,17.2,41,3.9,868.6,13.0,272,Ratnapark,27.7063,85.3152
2025-02-12T17:00,15.0,56,6.3,868.7,9.4,278,Ratnapark,27.7063,85.3152
2025-02-12T18:00,13.5,67,7.5,869.5,3.8,259,Ratnapark,27.7063,85.3152
2025-02-12T19:00,13.0,74,8.5,869.4,5.2,221,Ratnapark,27.7063,85.3152
2025-02-12T20:00,12.8,77,8.8,869.7,5.7,217,Ratnapark,27.7063,85.3152
2025-02-12T21:00,12.6,77,8.7,870.0,4.8,228,Ratnapark,27.7063,85.3152
2025-02-12T22:00,12.0,80,8.6,869.9,2.8,225,Ratnapark,27.7063,85.3152
2025-02-12T23:00,11.5,80,8.2,869.2,0.7,166,Ratnapark,27.7063,85.3152
2025-02-13T00:00,11.4,79,7.8,868.4,3.4,155,Ratnapark,27.7063,85.3152
2025-02-13T01:00,10.5,83,7.8,867.4,4.6,159,Ratnapark,27.7063,85.3152
2025-02-13T02:00,9.5,88,7.6,866.3,5.0,159,Ratnapark,27.7063,85.3152
2025-02-13T03:00,9.0,89,7.4,865.7,5.8,154,Ratnapark,27.7063,85.3152
2025-02-13T04:00,8.9,88,7.0,865.3,5.9,153,Ratnapark,27.7063,85.3152
2025-02-13T05:00,8.8,85,6.4,865.3,5.5,157,Ratnapark,27.7063,85.3152
2025-02-13T06:00,7.7,93,6.6,865.1,5.9,160,Ratnapark,27.7063,85.3152
2025-02-13T07:00,9.0,88,7.2,866.3,7.9,160,Ratnapark,27.7063,85.3152
2025-02-13T08:00,13.0,73,8.2,868.8,5.7,134,Ratnapark,27.7063,85.3152
2025-02-13T09:00,15.4,55,6.3,870.4,5.2,115,Ratnapark,27.7063,85.3152
2025-02-13T10:00,17.4,47,6.0,870.5,3.7,113,Ratnapark,27.7063,85.3152
2025-02-13T11:00,18.9,42,5.8,870.4,2.0,260,Ratnapark,27.7063,85.3152
2025-02-13T12:00,20.1,33,3.3,869.4,9.1,285,Ratnapark,27.7063,85.3152
2025-02-13T13:00,20.0,33,3.4,868.2,12.2,284,Ratnapark,27.7063,85.3152
2025-02-13T14:00,19.3,37,4.2,867.3,13.6,282,Ratnapark,27.7063,85.3152
2025-02-13T15:00,18.3,39,4.1,866.9,11.3,278,Ratnapark,27.7063,85.3152
2025-02-13T16:00,16.9,44,4.4,866.8,10.3,277,Ratnapark,27.7063,85.3152
2025-02-13T17:00,14.8,56,6.0,866.9,6.9,295,Ratnapark,27.7063,85.3152
2025-02-13T18:00,13.3,70,8.0,867.9,5.8,268,Ratnapark,27.7063,85.3152
2025-02-13T19:00,12.4,78,8.8,868.0,3.0,237,Ratnapark,27.7063,85.3152
2025-02-13T20:00,11.7,83,8.9,868.2,1.5,187,Ratnapark,27.7063,85.3152
2025-02-13T21:00,10.9,89,9.1,868.2,0.2,180,Ratnapark,27.7063,85.3152
2025-02-13T22:00,10.6,89,8.8,867.9,0.9,191,Ratnapark,27.7063,85.3152
2025-02-13T23:00,10.2,90,8.6,867.4,1.7,193,Ratnapark,27.7063,85.3152
2025-02-14T00:00,9.6,93,8.4,866.5,1.8,180,Ratnapark,27.7063,85.3152
2025-02-14T01:00,8.5,98,8.2,865.3,3.3,171,Ratnapark,27.7063,85.3152
2025-02-14T02:00,7.5,100,7.5,864.1,3.7,169,Ratnapark,27.7063,85.3152
2025-02-14T03:00,6.8,100,6.8,863.8,4.9,163,Ratnapark,27.7063,85.3152
2025-02-14T04:00,6.7,100,6.7,863.5,5.6,165,Ratnapark,27.7063,85.3152
2025-02-14T05:00,6.2,100,6.2,863.2,5.9,162,Ratnapark,27.7063,85.3152
2025-02-14T06:00,6.3,100,6.3,864.1,7.0,154,Ratnapark,27.7063,85.3152
2025-02-14T07:00,8.0,99,7.8,865.8,7.5,153,Ratnapark,27.7063,85.3152
2025-02-14T08:00,11.8,83,9.1,868.3,5.6,123,Ratnapark,27.7063,85.3152
2025-02-14T09:00,14.6,65,8.0,869.4,5.2,110,Ratnapark,27.7063,85.3152
2025-02-14T10:00,16.9,54,7.5,869.8,3.8,109,Ratnapark,27.7063,85.3152
2025-02-14T11:00,18.8,48,7.5,869.2,0.8,207,Ratnapark,27.7063,85.3152
2025-02-14T12:00,20.0,41,6.4,868.2,4.9,272,Ratnapark,27.7063,85.3152
2025-02-14T13:00,20.0,42,6.8,867.3,11.2,282,Ratnapark,27.7063,85.3152
2025-02-14T14:00,19.0,50,8.3,866.6,12.3,282,Ratnapark,27.7063,85.3152
2025-02-14T15:00,18.1,52,8.0,866.3,11.0,284,Ratnapark,27.7063,85.3152
2025-02-14T16:00,16.7,54,7.3,866.1,9.9,291,Ratnapark,27.7063,85.3152
2025-02-14T17:00,14.9,63,7.9,866.2,7.5,290,Ratnapark,27.7063,85.3152
2025-02-14T18:00,13.4,74,8.9,866.9,8.5,277,Ratnapark,27.7063,85.3152
2025-02-14T19:00,12.5,81,9.3,867.3,4.6,279,Ratnapark,27.7063,85.3152
2025-02-14T20:00,11.8,88,9.8,867.9,1.2,219,Ratnapark,27.7063,85.3152
2025-02-14T21:00,11.0,92,9.7,868.0,0.8,153,Ratnapark,27.7063,85.3152
2025-02-14T22:00,10.2,96,9.6,867.6,2.2,156,Ratnapark,27.7063,85.3152
2025-02-14T23:00,9.6,99,9.4,867.5,1.8,180,Ratnapark,27.7063,85.3152
2025-02-15T00:00,9.1,100,9.1,866.9,1.7,167,Ratnapark,27.7063,85.3152
2025-02-15T01:00,8.7,100,8.7,866.2,3.8,161,Ratnapark,27.7063,85.3152
2025-02-15T02:00,8.4,100,8.4,865.7,4.8,165,Ratnapark,27.7063,85.3152
2025-02-15T03:00,8.0,100,8.0,865.1,7.1,153,Ratnapark,27.7063,85.3152
2025-02-15T04:00,7.7,100,7.7,865.0,8.0,152,Ratnapark,27.7063,85.3152
2025-02-15T05:00,7.6,100,7.6,865.5,7.7,152,Ratnapark,27.7063,85.3152
2025-02-15T06:00,7.6,99,7.4,866.6,7.5,145,Ratnapark,27.7063,85.3152
2025-02-15T07:00,8.8,93,7.7,868.2,7.7,139,Ratnapark,27.7063,85.3152
2025-02-15T08:00,11.4,80,8.0,870.3,5.2,117,Ratnapark,27.7063,85.3152
2025-02-15T09:00,13.7,65,7.3,871.5,5.8,106,Ratnapark,27.7063,85.3152
2025-02-15T10:00,16.1,51,6.1,871.7,5.5,101,Ratnapark,27.7063,85.3152
2025-02-15T11:00,17.6,45,5.4,871.1,6.3,85,Ratnapark,27.7063,85.3152
2025-02-15T12:00,18.0,45,5.7,869.9,4.2,50,Ratnapark,27.7063,85.3152
2025-02-15T13:00,18.5,43,5.7,869.3,4.0,278,Ratnapark,27.7063,85.3152
2025-02-15T14:00,18.1,45,6.1,868.8,6.7,275,Ratnapark,27.7063,85.3152
2025-02-15T15:00,17.0,49,6.3,868.2,7.7,281,Ratnapark,27.7063,85.3152
2025-02-15T16:00,15.8,52,5.9,868.1,7.9,274,Ratnapark,27.7063,85.3152
2025-02-15T17:00,14.7,54,5.6,868.1,6.4,259,Ratnapark,27.7063,85.3152
2025-02-15T18:00,13.5,70,8.1,868.5,5.5,238,Ratnapark,27.7063,85.3152
2025-02-15T19:00,12.5,78,8.8,868.7,4.2,234,Ratnapark,27.7063,85.3152
2025-02-15T20:00,12.0,81,8.8,869.0,2.3,238,Ratnapark,27.7063,85.3152
2025-02-15T21:00,11.2,87,9.1,869.1,0.9,191,Ratnapark,27.7063,85.3152
2025-02-15T22:00,10.6,89,8.8,869.0,3.4,174,Ratnapark,27.7063,85.3152
2025-02-15T23:00,9.9,91,8.5,868.4,2.9,133,Ratnapark,27.7063,85.3152
2025-02-16T00:00,9.6,93,8.6,868.3,1.6,186,Ratnapark,27.7063,85.3152
2025-02-16T01:00,9.1,95,8.3,867.3,4.2,149,Ratnapark,27.7063,85.3152
2025-02-16T02:00,8.1,99,8.0,866.5,5.2,146,Ratnapark,27.7063,85.3152
2025-02-16T03:00,7.3,100,7.3,865.9,5.1,148,Ratnapark,27.7063,85.3152
2025-02-16T04:00,7.3,97,6.8,865.7,6.6,145,Ratnapark,27.7063,85.3152
2025-02-16T05:00,6.8,97,6.4,865.8,6.8,153,Ratnapark,27.7063,85.3152
2025-02-16T06:00,6.3,100,6.3,866.5,6.0,155,Ratnapark,27.7063,85.3152
2025-02-16T07:00,7.7,97,7.2,868.0,6.6,145,Ratnapark,27.7063,85.3152
2025-02-16T08:00,12.3,73,7.6,870.8,3.9,127,Ratnapark,27.7063,85.3152
2025-02-16T09:00,14.7,58,6.4,872.1,2.2,76,Ratnapark,27.7063,85.3152
2025-02-16T10:00,16.5,50,5.9,872.4,3.7,313,Ratnapark,27.7063,85.3152
2025-02-16T11:00,18.0,42,5.0,872.2,6.8,310,Ratnapark,27.7063,85.3152
2025-02-16T12:00,18.7,41,5.1,871.2,9.9,303,Ratnapark,27.7063,85.3152
2025-02-16T13:00,19.0,39,4.6,870.2,11.3,295,Ratnapark,27.7063,85.3152
2025-02-16T14:00,18.8,39,4.4,869.6,11.7,299,Ratnapark,27.7063,85.3152
2025-02-16T15:00,17.9,43,5.0,869.4,9.0,313,Ratnapark,27.7063,85.3152
2025-02-16T16:00,17.2,44,4.9,869.4,6.0,327,Ratnapark,27.7063,85.3152
2025-02-16T17:00,15.8,63,8.7,869.4,0.5,270,Ratnapark,27.7063,85.3152
2025-02-16T18:00,14.4,65,7.8,870.2,3.3,283,Ratnapark,27.7063,85.3152
2025-02-16T19:00,13.4,67,7.5,870.9,4.0,234,Ratnapark,27.7063,85.3152
2025-02-16T20:00,12.3,77,8.3,871.2,2.2,204,Ratnapark,27.7063,85.3152
2025-02-16T21:00,11.5,82,8.5,871.4,0.5,180,Ratnapark,27.7063,85.3152
2025-02-16T22:00,11.0,83,8.2,871.4,2.1,160,Ratnapark,27.7063,85.3152
2025-02-16T23:00,10.8,83,8.0,871.3,2.8,162,Ratnapark,27.7063,85.3152
2025-02-17T00:00,10.0,87,7.9,870.9,2.9,169,Ratnapark,27.7063,85.3152
2025-02-17T01:00,9.1,90,7.6,870.2,3.9,158,Ratnapark,27.7063,85.3152
2025-02-17T02:00,8.6,92,7.4,869.5,4.9,152,Ratnapark,27.7063,85.3152
2025-02-17T03:00,8.3,93,7.3,869.2,5.8,150,Ratnapark,27.7063,85.3152
2025-02-17T04:00,7.8,94,7.0,869.0,6.4,148,Ratnapark,27.7063,85.3152
2025-02-17T05:00,7.3,95,6.6,869.3,6.2,147,Ratnapark,27.7063,85.3152
2025-02-17T06:00,7.1,100,7.1,870.1,5.9,157,Ratnapark,27.7063,85.3152
2025-02-17T07:00,8.2,96,7.6,871.7,4.8,151,Ratnapark,27.7063,85.3152
2025-02-17T08:00,13.1,77,9.2,874.5,3.2,117,Ratnapark,27.7063,85.3152
2025-02-17T09:00,14.7,67,8.6,875.2,2.6,102,Ratnapark,27.7063,85.3152
2025-02-17T10:00,16.3,58,8.0,875.4,1.7,302,Ratnapark,27.7063,85.3152
2025-02-17T11:00,17.1,51,6.8,875.0,6.5,283,Ratnapark,27.7063,85.3152
2025-02-17T12:00,17.4,48,6.3,874.2,9.1,292,Ratnapark,27.7063,85.3152
2025-02-17T13:00,17.5,47,6.1,873.3,9.3,298,Ratnapark,27.7063,85.3152
2025-02-17T14:00,17.4,47,6.0,872.7,9.6,298,Ratnapark,27.7063,85.3152
2025-02-17T15:00,17.1,50,6.4,872.3,7.6,295,Ratnapark,27.7063,85.3152
2025-02-17T16:00,16.2,54,6.9,872.1,7.3,287,Ratnapark,27.7063,85.3152
2025-02-17T17:00,14.4,65,7.9,871.9,6.4,297,Ratnapark,27.7063,85.3152
2025-02-17T18:00,13.4,76,9.2,872.0,5.7,252,Ratnapark,27.7063,85.3152
2025-02-17T19:00,12.6,82,9.6,872.6,4.7,254,Ratnapark,27.7063,85.3152
2025-02-17T20:00,12.5,83,9.7,873.0,3.2,297,Ratnapark,27.7063,85.3152
2025-02-17T21:00,11.7,88,9.7,873.0,0.4,207,Ratnapark,27.7063,85.3152
2025-02-17T22:00,11.2,88,9.4,872.8,2.2,185,Ratnapark,27.7063,85.3152
2025-02-17T23:00,10.3,93,9.3,871.9,2.7,180,Ratnapark,27.7063,85.3152
2025-02-18T00:00,9.1,98,8.9,870.6,2.7,172,Ratnapark,27.7063,85.3152
2025-02-18T01:00,8.1,100,8.1,869.1,3.5,156,Ratnapark,27.7063,85.3152
2025-02-18T02:00,7.5,100,7.5,868.5,4.1,157,Ratnapark,27.7063,85.3152
2025-02-18T03:00,7.4,99,7.2,868.1,4.6,159,Ratnapark,27.7063,85.3152
2025-02-18T04:00,7.3,97,6.8,867.9,6.4,158,Ratnapark,27.7063,85.3152
2025-02-18T05:00,7.0,97,6.5,868.1,6.2,165,Ratnapark,27.7063,85.3152
2025-02-18T06:00,7.0,100,7.0,869.4,5.3,162,Ratnapark,27.7063,85.3152
2025-02-18T07:00,9.4,92,8.2,871.3,5.8,150,Ratnapark,27.7063,85.3152
2025-02-18T08:00,12.7,81,9.5,873.3,5.5,113,Ratnapark,27.7063,85.3152
2025-02-18T09:00,14.7,66,8.5,874.4,5.8,110,Ratnapark,27.7063,85.3152
2025-02-18T10:00,16.8,54,7.4,874.8,3.9,124,Ratnapark,27.7063,85.3152
2025-02-18T11:00,18.2,45,6.2,874.0,0.9,101,Ratnapark,27.7063,85.3152
2025-02-18T12:00,19.1,41,5.4,873.2,5.8,272,Ratnapark,27.7063,85.3152
2025-02-18T13:00,18.5,46,6.5,872.5,9.7,259,Ratnapark,27.7063,85.3152
2025-02-18T14:00,18.2,48,7.0,871.5,8.0,280,Ratnapark,27.7063,85.3152
2025-02-18T15:00,17.5,51,7.2,871.2,8.6,286,Ratnapark,27.7063,85.3152
2025-02-18T16:00,16.3,54,6.9,871.1,8.6,285,Ratnapark,27.7063,85.3152
2025-02-18T17:00,14.9,60,7.2,871.2,6.4,306,Ratnapark,27.7063,85.3152
2025-02-18T18:00,11.9,88,9.9,871.2,5.1,312,Ratnapark,27.7063,85.3152
2025-02-18T19:00,11.4,93,10.3,871.7,4.8,323,Ratnapark,27.7063,85.3152
2025-02-18T20:00,11.2,94,10.3,871.9,2.8,45,Ratnapark,27.7063,85.3152
2025-02-18T21:00,10.9,94,10.0,872.3,5.5,107,Ratnapark,27.7063,85.3152
2025-02-18T22:00,10.5,97,10.1,872.2,3.6,99,Ratnapark,27.7063,85.3152
2025-02-18T23:00,10.1,97,9.7,871.7,4.6,135,Ratnapark,27.7063,85.3152
2025-02-19T00:00,8.8,100,8.8,870.2,6.7,153,Ratnapark,27.7063,85.3152
2025-02-19T01:00,8.0,100,8.0,869.1,7.1,159,Ratnapark,27.7063,85.3152
2025-02-19T02:00,7.2,100,7.2,868.1,6.0,153,Ratnapark,27.7063,85.3152
2025-02-19T03:00,6.9,100,6.9,867.3,6.1,156,Ratnapark,27.7063,85.3152
2025-02-19T04:00,6.6,100,6.6,867.1,5.5,157,Ratnapark,27.7063,85.3152
2025-02-19T05:00,6.1,100,6.1,867.1,6.3,156,Ratnapark,27.7063,85.3152
2025-02-19T06:00,6.7,100,6.7,868.3,7.9,147,Ratnapark,27.7063,85.3152
2025-02-19T07:00,8.6,99,8.4,870.0,7.8,143,Ratnapark,27.7063,85.3152
2025-02-19T08:00,12.5,90,10.8,872.6,4.5,127,Ratnapark,27.7063,85.3152
2025-02-19T09:00,15.2,65,8.8,874.0,3.1,87,Ratnapark,27.7063,85.3152
2025-02-19T10:00,17.5,48,6.3,874.1,1.4,140,Ratnapark,27.7063,85.3152
2025-02-19T11:00,18.9,40,4.9,873.6,3.7,284,Ratnapark,27.7063,85.3152
2025-02-19T12:00,19.6,36,4.1,872.6,8.0,286,Ratnapark,27.7063,85.3152
2025-02-19T13:00,19.4,37,4.4,871.6,10.8,285,Ratnapark,27.7063,85.3152
2025-02-19T14:00,19.3,37,4.1,870.9,9.8,294,Ratnapark,27.7063,85.3152
2025-02-19T15:00,18.8,37,4.0,870.4,9.4,301,Ratnapark,27.7063,85.3152
2025-02-19T16:00,17.8,44,5.3,870.1,9.4,302,Ratnapark,27.7063,85.3152
2025-02-19T17:00,16.2,51,6.0,870.1,6.0,299,Ratnapark,27.7063,85.3152
2025-02-19T18:00,14.8,63,7.9,870.5,1.9,209,Ratnapark,27.7063,85.3152
2025-02-19T19:00,13.9,66,7.6,870.9,2.7,200,Ratnapark,27.7063,85.3152
2025-02-19T20:00,13.5,70,8.1,871.4,2.6,214,Ratnapark,27.7063,85.3152
2025-02-19T21:00,12.9,71,7.8,871.6,1.9,202,Ratnapark,27.7063,85.3152
2025-02-19T22:00,12.3,75,8.0,871.5,1.1,189,Ratnapark,27.7063,85.3152
2025-02-19T23:00,12.0,74,7.5,871.4,0.4,180,Ratnapark,27.7063,85.3152
2025-02-20T00:00,11.3,77,7.4,870.8,2.2,156,Ratnapark,27.7063,85.3152
2025-02-20T01:00,10.8,79,7.3,870.4,2.1,165,Ratnapark,27.7063,85.3152
2025-02-20T02:00,10.3,81,7.2,870.0,3.5,152,Ratnapark,27.7063,85.3152
2025-02-20T03:00,10.3,80,7.0,869.9,5.5,131,Ratnapark,27.7063,85.3152
2025-02-20T04:00,10.1,79,6.6,870.0,6.6,125,Ratnapark,27.7063,85.3152
2025-02-20T05:00,9.8,79,6.4,870.4,6.4,130,Ratnapark,27.7063,85.3152
2025-02-20T06:00,9.1,89,7.4,871.5,7.0,136,Ratnapark,27.7063,85.3152
2025-02-20T07:00,10.8,83,8.1,872.9,7.4,135,Ratnapark,27.7063,85.3152
2025-02-20T08:00,13.9,71,8.7,875.1,5.6,111,Ratnapark,27.7063,85.3152
2025-02-20T09:00,16.4,62,9.1,876.3,4.8,103,Ratnapark,27.7063,85.3152
2025-02-20T10:00,18.5,43,5.8,876.3,0.5,180,Ratnapark,27.7063,85.3152
2025-02-20T11:00,19.8,33,3.1,876.1,4.8,285,Ratnapark,27.7063,85.3152
2025-02-20T12:00,19.8,36,4.2,875.4,9.9,295,Ratnapark,27.7063,85.3152
2025-02-20T13:00,19.2,41,5.5,874.5,10.8,296,Ratnapark,27.7063,85.3152
2025-02-20T14:00,19.2,41,5.5,873.8,9.5,299,Ratnapark,27.7063,85.3152
2025-02-20T15:00,18.9,40,5.1,873.3,8.6,306,Ratnapark,27.7063,85.3152
2025-02-20T16:00,18.2,42,5.2,873.1,10.8,306,Ratnapark,27.7063,85.3152
2025-02-20T17:00,16.6,51,6.4,872.8,8.4,312,Ratnapark,27.7063,85.3152
2025-02-20T18:00,14.6,67,8.6,873.2,6.2,253,Ratnapark,27.7063,85.3152
2025-02-20T19:00,13.9,72,8.9,873.6,4.6,259,Ratnapark,27.7063,85.3152
2025-02-20T20:00,13.3,75,9.0,873.8,1.5,256,Ratnapark,27.7063,85.3152
2025-02-20T21:00,12.9,75,8.6,873.8,0.9,180,Ratnapark,27.7063,85.3152
2025-02-20T22:00,12.5,78,8.7,873.6,2.5,184,Ratnapark,27.7063,85.3152
2025-02-20T23:00,11.5,83,8.6,873.1,0.6,162,Ratnapark,27.7063,85.3152
2025-02-21T00:00,10.8,84,8.2,872.8,0.6,162,Ratnapark,27.7063,85.3152
2025-02-21T01:00,10.7,81,7.7,872.6,3.0,123,Ratnapark,27.7063,85.3152
2025-02-21T02:00,10.8,80,7.4,872.1,4.5,137,Ratnapark,27.7063,85.3152
2025-02-21T03:00,9.8,84,7.2,871.8,5.0,131,Ratnapark,27.7063,85.3152
2025-02-21T04:00,9.2,87,7.1,871.3,4.4,153,Ratnapark,27.7063,85.3152
2025-02-21T05:00,8.4,92,7.1,870.9,6.0,153,Ratnapark,27.7063,85.3152
2025-02-21T06:00,8.4,94,7.5,872.0,4.3,156,Ratnapark,27.7063,85.3152
2025-02-21T07:00,9.3,94,8.4,873.0,4.3,152,Ratnapark,27.7063,85.3152
2025-02-21T08:00,13.7,72,8.8,875.5,2.0,135,Ratnapark,27.7063,85.3152
2025-02-21T09:00,15.8,58,7.5,876.5,3.7,317,Ratnapark,27.7063,85.3152
2025-02-21T10:00,17.0,49,6.2,876.6,8.7,294,Ratnapark,27.7063,85.3152
2025-02-21T11:00,17.5,49,6.5,876.1,10.0,291,Ratnapark,27.7063,85.3152
2025-02-21T12:00,17.8,45,5.8,875.1,11.3,292,Ratnapark,27.7063,85.3152
2025-02-21T13:00,18.2,40,4.3,874.0,12.2,287,Ratnapark,27.7063,85.3152
2025-02-21T14:00,18.3,40,4.5,873.3,12.6,287,Ratnapark,27.7063,85.3152
2025-02-21T15:00,17.8,43,4.9,872.7,11.8,293,Ratnapark,27.7063,85.3152
2025-02-21T16:00,16.9,46,5.4,872.1,11.5,314,Ratnapark,27.7063,85.3152
2025-02-21T17:00,15.2,55,6.3,871.8,7.8,334,Ratnapark,27.7063,85.3152
2025-02-21T18:00,14.3,63,7.5,872.2,4.8,304,Ratnapark,27.7063,85.3152
2025-02-21T19:00,14.1,66,7.9,872.5,4.0,273,Ratnapark,27.7063,85.3152
2025-02-21T20:00,13.4,70,8.1,872.8,4.2,295,Ratnapark,27.7063,85.3152
2025-02-21T21:00,12.9,73,8.1,873.0,2.4,283,Ratnapark,27.7063,85.3152
2025-02-21T22:00,12.4,74,7.8,872.9,1.7,238,Ratnapark,27.7063,85.3152
2025-02-21T23:00,11.7,76,7.6,872.2,1.6,207,Ratnapark,27.7063,85.3152
2025-02-22T00:00,11.0,78,7.4,871.3,0.4,180,Ratnapark,27.7063,85.3152
2025-02-22T01:00,10.7,79,7.2,870.7,2.3,157,Ratnapark,27.7063,85.3152
2025-02-22T02:00,10.3,82,7.3,869.7,4.7,162,Ratnapark,27.7063,85.3152
2025-02-22T03:00,9.1,88,7.3,868.9,6.4,162,Ratnapark,27.7063,85.3152
2025-02-22T04:00,8.4,91,7.0,868.7,7.6,152,Ratnapark,27.7063,85.3152
2025-02-22T05:00,8.1,91,6.7,868.9,8.1,145,Ratnapark,27.7063,85.3152
2025-02-22T06:00,8.6,91,7.2,869.8,7.6,153,Ratnapark,27.7063,85.3152
2025-02-22T07:00,10.6,84,8.0,871.7,7.6,158,Ratnapark,27.7063,85.3152
2025-02-22T08:00,15.1,66,8.9,874.6,4.1,135,Ratnapark,27.7063,85.3152
2025-02-22T09:00,17.4,50,6.7,875.7,1.8,96,Ratnapark,27.7063,85.3152
2025-02-22T10:00,19.1,35,3.3,876.0,0.2,180,Ratnapark,27.7063,85.3152
2025-02-22T11:00,20.1,28,1.2,875.7,2.7,270,Ratnapark,27.7063,85.3152
2025-02-22T12:00,20.6,28,1.3,874.9,4.9,262,Ratnapark,27.7063,85.3152
2025-02-22T13:00,20.7,30,2.5,874.0,6.8,268,Ratnapark,27.7063,85.3152
2025-02-22T14:00,20.3,33,3.4,873.4,8.3,276,Ratnapark,27.7063,85.3152
2025-02-22T15:00,19.8,35,3.8,873.0,9.6,284,Ratnapark,27.7063,85.3152
2025-02-22T16:00,18.6,37,3.6,872.7,9.3,298,Ratnapark,27.7063,85.3152
2025-02-22T17:00,16.6,48,5.5,872.4,6.3,285,Ratnapark,27.7063,85.3152
2025-02-22T18:00,14.8,57,6.4,873.0,6.1,258,Ratnapark,27.7063,85.3152
2025-02-22T19:00,13.6,69,8.0,873.1,3.0,256,Ratnapark,27.7063,85.3152
2025-02-22T20:00,13.0,69,7.5,873.2,1.0,202,Ratnapark,27.7063,85.3152
2025-02-22T21:00,12.6,67,6.6,873.2,1.3,188,Ratnapark,27.7063,85.3152
2025-02-22T22:00,11.9,70,6.6,873.0,1.1,180,Ratnapark,27.7063,85.3152
2025-02-22T23:00,11.6,70,6.4,872.7,1.6,180,Ratnapark,27.7063,85.3152
2025-02-23T00:00,11.2,72,6.3,872.2,3.5,156,Ratnapark,27.7063,85.3152
2025-02-23T01:00,10.8,72,6.1,871.9,5.2,146,Ratnapark,27.7063,85.3152
2025-02-23T02:00,10.3,73,5.6,871.4,6.0,141,Ratnapark,27.7063,85.3152
2025-02-23T03:00,9.9,73,5.3,871.0,6.9,139,Ratnapark,27.7063,85.3152
2025-02-23T04:00,9.2,76,5.2,870.8,6.9,143,Ratnapark,27.7063,85.3152
2025-02-23T05:00,8.6,79,5.1,871.0,6.6,145,Ratnapark,27.7063,85.3152
2025-02-23T06:00,8.7,74,4.3,871.9,7.6,153,Ratnapark,27.7063,85.3152
2025-02-23T07:00,10.3,72,5.4,873.6,6.7,149,Ratnapark,27.7063,85.3152
2025-02-23T08:00,14.0,59,6.1,875.9,4.5,113,Ratnapark,27.7063,85.3152
2025-02-23T09:00,16.0,54,6.6,876.6,4.9,107,Ratnapark,27.7063,85.3152
2025-02-23T10:00,17.4,46,5.7,876.8,3.9,106,Ratnapark,27.7063,85.3152
2025-02-23T11:00,18.5,40,4.8,876.3,2.6,124,Ratnapark,27.7063,85.3152
2025-02-23T12:00,19.2,38,4.5,875.3,3.1,193,Ratnapark,27.7063,85.3152
2025-02-23T13:00,18.5,40,4.5,874.5,9.4,274,Ratnapark,27.7063,85.3152
2025-02-23T14:00,17.5,43,4.8,873.7,7.0,274,Ratnapark,27.7063,85.3152
2025-02-23T15:00,16.8,46,5.0,873.3,1.5,330,Ratnapark,27.7063,85.3152
2025-02-23T16:00,16.1,48,5.1,873.0,4.0,216,Ratnapark,27.7063,85.3152
2025-02-23T17:00,14.8,57,6.4,873.1,4.9,219,Ratnapark,27.7063,85.3152
2025-02-23T18:00,14.5,56,6.0,873.9,5.5,234,Ratnapark,27.7063,85.3152
2025-02-23T19:00,13.6,65,7.2,874.4,2.0,207,Ratnapark,27.7063,85.3152
2025-02-23T20:00,12.8,72,8.0,874.5,0.6,198,Ratnapark,27.7063,85.3152
2025-02-23T21:00,12.4,70,7.2,874.5,0.7,166,Ratnapark,27.7063,85.3152
2025-02-23T22:00,11.7,73,7.0,874.5,1.9,146,Ratnapark,27.7063,85.3152
2025-02-23T23:00,11.1,73,6.4,873.8,2.4,153,Ratnapark,27.7063,85.3152
2025-02-24T00:00,10.4,76,6.4,873.2,3.1,149,Ratnapark,27.7063,85.3152
2025-02-24T01:00,9.5,81,6.4,872.7,4.0,159,Ratnapark,27.7063,85.3152
2025-02-24T02:00,8.3,87,6.3,871.9,3.4,164,Ratnapark,27.7063,85.3152
2025-02-24T03:00,7.6,91,6.2,871.3,2.6,164,Ratnapark,27.7063,85.3152
2025-02-24T04:00,7.4,91,6.1,871.3,2.6,164,Ratnapark,27.7063,85.3152
2025-02-24T05:00,7.2,91,5.9,871.8,3.6,153,Ratnapark,27.7063,85.3152
2025-02-24T06:00,8.5,88,6.6,873.2,2.3,162,Ratnapark,27.7063,85.3152
2025-02-24T07:00,10.2,81,7.1,874.7,4.7,148,Ratnapark,27.7063,85.3152
2025-02-24T08:00,13.6,63,6.8,877.1,2.8,79,Ratnapark,27.7063,85.3152
2025-02-24T09:00,15.3,57,6.9,878.2,4.1,347,Ratnapark,27.7063,85.3152
2025-02-24T10:00,16.6,50,6.2,878.1,3.8,311,Ratnapark,27.7063,85.3152
2025-02-24T11:00,17.4,45,5.4,877.7,6.3,288,Ratnapark,27.7063,85.3152
2025-02-24T12:00,17.4,46,5.8,876.7,7.9,290,Ratnapark,27.7063,85.3152
2025-02-24T13:00,17.2,51,7.0,875.5,7.5,262,Ratnapark,27.7063,85.3152
2025-02-24T14:00,17.2,51,7.1,874.4,8.7,292,Ratnapark,27.7063,85.3152
2025-02-24T15:00,15.1,61,7.7,873.7,8.6,311,Ratnapark,27.7063,85.3152
2025-02-24T16:00,14.4,64,7.7,873.6,0.2,180,Ratnapark,27.7063,85.3152
2025-02-24T17:00,13.9,69,8.2,873.5,2.7,172,Ratnapark,27.7063,85.3152
2025-02-24T18:00,13.8,60,6.1,874.4,7.8,241,Ratnapark,27.7063,85.3152
2025-02-24T19:00,13.1,65,6.7,875.1,6.5,267,Ratnapark,27.7063,85.3152
2025-02-24T20:00,12.2,73,7.5,875.6,4.8,312,Ratnapark,27.7063,85.3152
2025-02-24T21:00,11.3,82,8.4,875.4,2.0,333,Ratnapark,27.7063,85.3152
2025-02-24T22:00,11.0,86,8.7,875.4,1.8,270,Ratnapark,27.7063,85.3152
2025-02-24T23:00,10.3,86,8.1,874.7,1.5,225,Ratnapark,27.7063,85.3152
2025-02-25T00:00,9.9,87,7.9,874.1,0.7,180,Ratnapark,27.7063,85.3152
2025-02-25T01:00,9.3,89,7.5,873.3,0.6,162,Ratnapark,27.7063,85.3152
2025-02-25T02:00,9.0,88,7.2,872.2,2.0,153,Ratnapark,27.7063,85.3152
2025-02-25T03:00,8.9,87,6.9,871.8,2.9,158,Ratnapark,27.7063,85.3152
2025-02-25T04:00,8.5,87,6.5,871.5,2.3,162,Ratnapark,27.7063,85.3152
2025-02-25T05:00,8.1,87,6.0,871.9,2.6,146,Ratnapark,27.7063,85.3152
2025-02-25T06:00,8.2,85,5.9,873.1,3.6,147,Ratnapark,27.7063,85.3152
2025-02-25T07:00,10.1,75,5.9,874.8,4.6,159,Ratnapark,27.7063,85.3152
2025-02-25T08:00,13.2,59,5.3,877.0,2.4,107,Ratnapark,27.7063,85.3152
2025-02-25T09:00,15.5,52,5.8,878.2,0.6,34,Ratnapark,27.7063,85.3152
2025-02-25T10:00,17.2,49,6.4,878.7,0.7,14,Ratnapark,27.7063,85.3152
2025-02-25T11:00,19.2,44,6.7,878.1,0.8,297,Ratnapark,27.7063,85.3152
2025-02-25T12:00,20.8,35,4.9,877.6,7.8,296,Ratnapark,27.7063,85.3152
2025-02-25T13:00,20.6,38,5.8,876.9,9.9,291,Ratnapark,27.7063,85.3152
2025-02-25T14:00,20.4,39,6.1,876.1,9.7,298,Ratnapark,27.7063,85.3152
2025-02-25T15:00,19.7,44,6.9,875.8,10.2,298,Ratnapark,27.7063,85.3152
2025-02-25T16:00,18.7,46,6.7,875.7,10.5,303,Ratnapark,27.7063,85.3152
2025-02-25T17:00,17.6,49,6.8,875.9,6.6,292,Ratnapark,27.7063,85.3152
2025-02-25T18:00,16.2,66,9.7,876.8,3.6,210,Ratnapark,27.7063,85.3152
2025-02-25T19:00,14.6,77,10.7,876.6,2.2,189,Ratnapark,27.7063,85.3152
2025-02-25T20:00,13.4,82,10.3,876.6,1.3,196,Ratnapark,27.7063,85.3152
2025-02-25T21:00,13.2,79,9.5,877.0,1.4,203,Ratnapark,27.7063,85.3152
2025-02-25T22:00,13.1,74,8.6,876.9,0.4,180,Ratnapark,27.7063,85.3152
2025-02-25T23:00,12.3,78,8.5,876.2,1.4,180,Ratnapark,27.7063,85.3152
2025-02-26T00:00,11.5,81,8.3,875.6,1.3,188,Ratnapark,27.7063,85.3152
2025-02-26T01:00,11.4,78,7.7,875.4,0.8,207,Ratnapark,27.7063,85.3152
2025-02-26T02:00,11.6,74,7.2,875.3,0.8,207,Ratnapark,27.7063,85.3152
2025-02-26T03:00,11.1,75,6.9,874.7,2.0,117,Ratnapark,27.7063,85.3152
2025-02-26T04:00,10.4,79,6.9,873.9,3.6,123,Ratnapark,27.7063,85.3152
2025-02-26T05:00,9.8,81,6.7,874.0,3.1,144,Ratnapark,27.7063,85.3152
2025-02-26T06:00,9.3,86,7.1,875.2,3.6,150,Ratnapark,27.7063,85.3152
2025-02-26T07:00,10.8,82,7.8,876.4,4.7,152,Ratnapark,27.7063,85.3152
2025-02-26T08:00,14.7,63,7.7,878.8,2.5,111,Ratnapark,27.7063,85.3152
2025-02-26T09:00,17.4,53,7.6,879.7,1.3,56,Ratnapark,27.7063,85.3152
2025-02-26T10:00,19.3,42,6.0,880.1,2.0,333,Ratnapark,27.7063,85.3152
2025-02-26T11:00,21.0,35,5.1,879.3,3.4,317,Ratnapark,27.7063,85.3152
2025-02-26T12:00,22.1,35,5.8,878.6,6.4,306,Ratnapark,27.7063,85.3152
2025-02-26T13:00,22.2,36,6.4,877.1,8.4,305,Ratnapark,27.7063,85.3152
2025-02-26T14:00,21.7,38,6.7,875.9,9.3,306,Ratnapark,27.7063,85.3152
2025-02-26T15:00,20.6,41,7.1,875.4,11.1,317,Ratnapark,27.7063,85.3152
2025-02-26T16:00,19.5,45,7.4,875.1,7.9,315,Ratnapark,27.7063,85.3152
2025-02-26T17:00,18.3,52,8.2,874.9,5.6,299,Ratnapark,27.7063,85.3152
2025-02-26T18:00,16.5,64,9.6,874.6,4.5,217,Ratnapark,27.7063,85.3152
2025-02-26T19:00,14.8,78,11.0,875.0,7.1,232,Ratnapark,27.7063,85.3152
2025-02-26T20:00,14.0,84,11.4,875.6,5.1,238,Ratnapark,27.7063,85.3152
2025-02-26T21:00,12.9,92,11.6,875.7,1.9,197,Ratnapark,27.7063,85.3152
2025-02-26T22:00,12.4,93,11.4,876.1,2.6,231,Ratnapark,27.7063,85.3152
2025-02-26T23:00,12.3,90,10.7,876.0,0.7,194,Ratnapark,27.7063,85.3152
2025-02-27T00:00,11.9,92,10.7,874.6,3.7,157,Ratnapark,27.7063,85.3152
2025-02-27T01:00,11.2,95,10.4,873.6,2.5,159,Ratnapark,27.7063,85.3152
2025-02-27T02:00,10.8,95,10.1,873.0,1.7,167,Ratnapark,27.7063,85.3152
2025-02-27T03:00,10.8,94,9.8,872.4,3.7,157,Ratnapark,27.7063,85.3152
2025-02-27T04:00,10.2,95,9.5,872.1,4.2,160,Ratnapark,27.7063,85.3152
2025-02-27T05:00,9.6,97,9.1,872.0,5.5,148,Ratnapark,27.7063,85.3152
2025-02-27T06:00,8.9,100,8.9,872.4,5.6,151,Ratnapark,27.7063,85.3152
2025-02-27T07:00,11.3,94,10.4,874.2,5.5,134,Ratnapark,27.7063,85.3152
2025-02-27T08:00,15.0,78,11.3,876.3,4.9,94,Ratnapark,27.7063,85.3152
2025-02-27T09:00,17.3,65,10.7,877.4,3.9,112,Ratnapark,27.7063,85.3152
2025-02-27T10:00,19.2,55,10.0,877.8,0.6,288,Ratnapark,27.7063,85.3152
2025-02-27T11:00,20.2,50,9.4,877.2,4.8,283,Ratnapark,27.7063,85.3152
2025-02-27T12:00,20.8,47,9.1,876.0,6.5,264,Ratnapark,27.7063,85.3152
2025-02-27T13:00,21.0,47,9.1,874.8,8.2,262,Ratnapark,27.7063,85.3152
2025-02-27T14:00,20.7,47,9.0,873.7,9.7,268,Ratnapark,27.7063,85.3152
2025-02-27T15:00,20.5,47,8.8,873.1,8.9,284,Ratnapark,27.7063,85.3152
2025-02-27T16:00,20.1,45,7.9,873.0,10.4,298,Ratnapark,27.7063,85.3152
2025-02-27T17:00,18.4,53,8.6,872.9,10.2,288,Ratnapark,27.7063,85.3152
2025-02-27T18:00,15.6,77,11.5,873.2,6.7,273,Ratnapark,27.7063,85.3152
2025-02-27T19:00,14.8,84,12.0,873.4,4.5,247,Ratnapark,27.7063,85.3152
2025-02-27T20:00,14.1,87,12.1,873.8,2.9,227,Ratnapark,27.7063,85.3152
2025-02-27T21:00,13.2,92,12.0,873.6,3.3,209,Ratnapark,27.7063,85.3152
2025-02-27T22:00,12.1,98,11.7,873.0,1.5,187,Ratnapark,27.7063,85.3152
2025-02-27T23:00,11.1,100,11.1,872.3,3.2,177,Ratnapark,27.7063,85.3152
2025-02-28T00:00,10.3,100,10.3,871.7,2.8,169,Ratnapark,27.7063,85.3152
2025-02-28T01:00,9.9,100,9.9,870.8,2.3,176,Ratnapark,27.7063,85.3152
2025-02-28T02:00,9.2,100,9.2,869.9,2.5,172,Ratnapark,27.7063,85.3152
2025-02-28T03:00,9.1,100,9.1,869.4,2.7,172,Ratnapark,27.7063,85.3152
2025-02-28T04:00,8.7,100,8.7,869.1,4.6,159,Ratnapark,27.7063,85.3152
2025-02-28T05:00,8.9,100,8.9,869.7,6.1,152,Ratnapark,27.7063,85.3152
2025-02-28T06:00,8.9,100,8.9,870.6,3.5,152,Ratnapark,27.7063,85.3152
2025-02-28T07:00,11.3,96,10.8,872.7,6.0,143,Ratnapark,27.7063,85.3152
2025-02-28T08:00,15.3,77,11.2,875.1,4.9,129,Ratnapark,27.7063,85.3152
2025-02-28T09:00,17.5,59,9.5,876.2,2.1,52,Ratnapark,27.7063,85.3152
2025-02-28T10:00,19.3,49,8.4,876.8,7.0,302,Ratnapark,27.7063,85.3152
2025-02-28T11:00,18.5,51,8.2,876.1,6.5,304,Ratnapark,27.7063,85.3152
2025-02-28T12:00,17.0,56,8.2,875.4,6.3,268,Ratnapark,27.7063,85.3152
2025-02-28T13:00,17.3,60,9.5,874.6,10.8,307,Ratnapark,27.7063,85.3152
2025-02-28T14:00,15.3,69,9.7,873.7,7.0,314,Ratnapark,27.7063,85.3152
2025-02-28T15:00,15.6,66,9.3,873.4,6.0,277,Ratnapark,27.7063,85.3152
2025-02-28T16:00,14.7,75,10.3,873.5,3.5,279,Ratnapark,27.7063,85.3152
2025-02-28T17:00,13.5,85,11.0,873.1,4.9,73,Ratnapark,27.7063,85.3152
2025-02-28T18:00,13.6,75,9.3,873.6,5.3,225,Ratnapark,27.7063,85.3152
2025-02-28T19:00,13.5,76,9.3,874.5,3.3,261,Ratnapark,27.7063,85.3152
2025-02-28T20:00,12.6,83,9.8,874.4,3.6,147,Ratnapark,27.7063,85.3152
2025-02-28T21:00,12.6,85,10.1,873.9,4.8,151,Ratnapark,27.7063,85.3152
2025-02-28T22:00,12.1,89,10.4,873.4,4.8,160,Ratnapark,27.7063,85.3152
2025-02-28T23:00,11.3,93,10.2,872.3,4.2,168,Ratnapark,27.7063,85.3152
2025-03-01T00:00,10.9,91,9.5,871.3,3.2,164,Ratnapark,27.7063,85.3152
2025-03-01T01:00,10.8,86,8.6,870.6,2.8,165,Ratnapark,27.7063,85.3152
2025-03-01T02:00,10.4,84,7.9,870.2,2.5,150,Ratnapark,27.7063,85.3152
2025-03-01T03:00,10.8,81,7.7,870.4,3.5,102,Ratnapark,27.7063,85.3152
2025-03-01T04:00,10.9,80,7.6,870.2,2.6,102,Ratnapark,27.7063,85.3152
2025-03-01T05:00,10.3,81,7.2,870.6,0.4,153,Ratnapark,27.7063,85.3152
2025-03-01T06:00,9.6,95,8.9,870.5,6.9,113,Ratnapark,27.7063,85.3152
2025-03-01T07:00,11.2,93,10.1,871.9,8.4,115,Ratnapark,27.7063,85.3152
2025-03-01T08:00,14.3,78,10.5,874.1,5.1,135,Ratnapark,27.7063,85.3152
2025-03-01T09:00,17.1,60,9.2,874.9,4.7,99,Ratnapark,27.7063,85.3152
2025-03-01T10:00,19.2,47,7.5,874.8,1.3,56,Ratnapark,27.7063,85.3152
2025-03-01T11:00,19.9,42,6.8,874.3,8.0,304,Ratnapark,27.7063,85.3152
2025-03-01T12:00,19.8,42,6.6,873.2,10.5,295,Ratnapark,27.7063,85.3152
2025-03-01T13:00,19.8,42,6.5,872.1,9.2,320,Ratnapark,27.7063,85.3152
2025-03-01T14:00,20.1,41,6.3,871.3,9.8,301,Ratnapark,27.7063,85.3152
2025-03-01T15:00,19.2,43,6.4,870.3,6.2,300,Ratnapark,27.7063,85.3152
2025-03-01T16:00,18.6,46,6.9,870.0,8.4,317,Ratnapark,27.7063,85.3152
2025-03-01T17:00,16.6,64,9.9,869.3,3.4,335,Ratnapark,27.7063,85.3152
2025-03-01T18:00,14.2,68,8.4,869.8,0.9,180,Ratnapark,27.7063,85.3152
2025-03-01T19:00,13.3,72,8.4,870.1,0.7,166,Ratnapark,27.7063,85.3152
2025-03-01T20:00,12.9,73,8.3,870.3,2.1,165,Ratnapark,27.7063,85.3152
2025-03-01T21:00,12.6,74,8.1,870.2,1.6,180,Ratnapark,27.7063,85.3152
2025-03-01T22:00,12.4,74,8.0,869.9,1.8,174,Ratnapark,27.7063,85.3152
2025-03-01T23:00,12.0,75,7.8,868.9,2.4,163,Ratnapark,27.7063,85.3152
2025-03-02T00:00,11.2,78,7.5,867.9,2.2,156,Ratnapark,27.7063,85.3152
2025-03-02T01:00,10.6,79,7.1,866.9,1.0,158,Ratnapark,27.7063,85.3152
2025-03-02T02:00,10.3,78,6.7,865.8,0.6,146,Ratnapark,27.7063,85.3152
2025-03-02T03:00,10.1,78,6.5,865.0,1.0,149,Ratnapark,27.7063,85.3152
2025-03-02T04:00,10.0,77,6.2,864.8,1.2,153,Ratnapark,27.7063,85.3152
2025-03-02T05:00,10.1,77,6.2,865.1,1.8,156,Ratnapark,27.7063,85.3152
2025-03-02T06:00,10.2,75,6.1,866.1,1.1,162,Ratnapark,27.7063,85.3152
2025-03-02T07:00,12.5,72,7.6,867.9,4.8,149,Ratnapark,27.7063,85.3152
2025-03-02T08:00,15.7,57,7.2,869.8,4.5,90,Ratnapark,27.7063,85.3152
2025-03-02T09:00,18.0,43,5.3,870.8,5.1,54,Ratnapark,27.7063,85.3152
2025-03-02T10:00,19.7,37,4.6,870.9,4.1,2,Ratnapark,27.7063,85.3152
2025-03-02T11:00,21.1,34,4.5,870.4,7.0,316,Ratnapark,27.7063,85.3152
2025-03-02T12:00,22.0,31,4.1,869.4,9.9,305,Ratnapark,27.7063,85.3152
2025-03-02T13:00,22.2,31,4.1,868.3,11.9,308,Ratnapark,27.7063,85.3152
2025-03-02T14:00,22.0,31,4.3,867.4,12.1,308,Ratnapark,27.7063,85.3152
2025-03-02T15:00,21.6,32,4.1,866.9,10.7,305,Ratnapark,27.7063,85.3152
2025-03-02T16:00,20.6,37,5.5,866.8,9.1,304,Ratnapark,27.7063,85.3152
2025-03-02T17:00,18.1,51,7.9,866.4,6.5,293,Ratnapark,27.7063,85.3152
2025-03-02T18:00,16.3,54,6.9,867.0,5.9,268,Ratnapark,27.7063,85.3152
2025-03-02T19:00,15.6,57,7.0,867.6,5.7,235,Ratnapark,27.7063,85.3152
2025-03-02T20:00,14.3,66,8.1,867.8,4.4,207,Ratnapark,27.7063,85.3152
2025-03-02T21:00,13.4,74,8.9,868.3,5.1,198,Ratnapark,27.7063,85.3152
2025-03-02T22:00,12.5,80,9.2,868.5,2.4,189,Ratnapark,27.7063,85.3152
2025-03-02T23:00,12.1,80,8.7,868.2,0.9,180,Ratnapark,27.7063,85.3152
2025-03-03T00:00,12.0,77,8.0,867.7,1.3,172,Ratnapark,27.7063,85.3152
2025-03-03T01:00,11.8,75,7.5,867.0,1.9,151,Ratnapark,27.7063,85.3152
2025-03-03T02:00,11.2,77,7.4,865.9,2.9,150,Ratnapark,27.7063,85.3152
2025-03-03T03:00,10.9,79,7.4,865.6,3.5,152,Ratnapark,27.7063,85.3152
2025-03-03T04:00,10.2,82,7.3,865.3,4.2,149,Ratnapark,27.7063,85.3152
2025-03-03T05:00,9.5,86,7.3,865.7,4.8,146,Ratnapark,27.7063,85.3152
2025-03-03T06:00,10.2,85,7.8,867.2,2.9,150,Ratnapark,27.7063,85.3152
2025-03-03T07:00,12.8,77,8.9,869.1,5.6,130,Ratnapark,27.7063,85.3152
2025-03-03T08:00,16.0,58,7.8,871.0,3.9,103,Ratnapark,27.7063,85.3152
2025-03-03T09:00,18.6,44,6.1,871.9,3.0,65,Ratnapark,27.7063,85.3152
2025-03-03T10:00,21.0,34,4.4,872.1,2.4,351,Ratnapark,27.7063,85.3152
2025-03-03T11:00,22.6,32,5.1,871.9,5.1,318,Ratnapark,27.7063,85.3152
2025-03-03T12:00,23.4,32,5.7,870.6,9.9,307,Ratnapark,27.7063,85.3152
2025-03-03T13:00,23.4,36,7.4,869.9,12.6,298,Ratnapark,27.7063,85.3152
2025-03-03T14:00,22.9,36,7.0,869.0,11.8,295,Ratnapark,27.7063,85.3152
2025-03-03T15:00,22.2,36,6.4,868.5,10.8,302,Ratnapark,27.7063,85.3152
2025-03-03T16:00,21.1,39,6.5,868.5,10.2,304,Ratnapark,27.7063,85.3152
2025-03-03T17:00,18.7,49,7.8,868.0,7.0,310,Ratnapark,27.7063,85.3152
2025-03-03T18:00,16.9,64,9.9,868.2,5.3,282,Ratnapark,27.7063,85.3152
2025-03-03T19:00,16.1,68,10.2,868.5,6.1,246,Ratnapark,27.7063,85.3152
2025-03-03T20:00,14.9,74,10.3,868.9,4.5,223,Ratnapark,27.7063,85.3152
2025-03-03T21:00,14.0,77,10.0,869.0,2.7,212,Ratnapark,27.7063,85.3152
2025-03-03T22:00,13.4,78,9.7,869.1,2.3,198,Ratnapark,27.7063,85.3152
2025-03-03T23:00,12.8,79,9.3,868.3,2.2,194,Ratnapark,27.7063,85.3152
2025-03-04T00:00,12.5,78,8.7,867.8,2.7,188,Ratnapark,27.7063,85.3152
2025-03-04T01:00,12.0,77,8.2,866.9,2.0,180,Ratnapark,27.7063,85.3152
2025-03-04T02:00,11.7,76,7.6,866.1,0.7,166,Ratnapark,27.7063,85.3152
2025-03-04T03:00,11.6,73,7.0,865.6,1.3,164,Ratnapark,27.7063,85.3152
2025-03-04T04:00,11.5,72,6.7,865.6,2.5,159,Ratnapark,27.7063,85.3152
2025-03-04T05:00,11.1,74,6.6,865.6,2.8,153,Ratnapark,27.7063,85.3152
2025-03-04T06:00,11.5,79,8.1,866.8,3.3,158,Ratnapark,27.7063,85.3152
2025-03-04T07:00,12.8,80,9.5,868.2,5.8,150,Ratnapark,27.7063,85.3152
2025-03-04T08:00,16.7,61,9.2,870.6,2.3,135,Ratnapark,27.7063,85.3152
2025-03-04T09:00,19.3,49,8.2,871.7,2.4,287,Ratnapark,27.7063,85.3152
2025-03-04T10:00,21.1,35,5.1,872.3,9.2,291,Ratnapark,27.7063,85.3152
2025-03-04T11:00,21.7,34,5.4,872.1,15.8,289,Ratnapark,27.7063,85.3152
2025-03-04T12:00,21.9,31,3.9,871.1,16.2,291,Ratnapark,27.7063,85.3152
2025-03-04T13:00,22.3,31,4.6,870.5,16.0,299,Ratnapark,27.7063,85.3152
2025-03-04T14:00,22.4,32,4.7,869.6,15.9,301,Ratnapark,27.7063,85.3152
2025-03-04T15:00,21.7,33,4.8,869.1,14.8,296,Ratnapark,27.7063,85.3152
2025-03-04T16:00,19.9,42,6.6,868.7,14.4,285,Ratnapark,27.7063,85.3152
2025-03-04T17:00,17.8,55,8.6,868.4,7.5,294,Ratnapark,27.7063,85.3152
2025-03-04T18:00,16.5,63,9.4,868.2,4.9,278,Ratnapark,27.7063,85.3152
2025-03-04T19:00,15.6,69,9.8,868.6,4.0,275,Ratnapark,27.7063,85.3152
2025-03-04T20:00,15.1,67,8.9,868.8,3.9,236,Ratnapark,27.7063,85.3152
2025-03-04T21:00,14.7,64,8.1,868.9,3.5,215,Ratnapark,27.7063,85.3152
2025-03-04T22:00,14.0,66,7.8,868.4,4.0,207,Ratnapark,27.7063,85.3152
2025-03-04T23:00,13.0,70,7.8,867.5,4.4,210,Ratnapark,27.7063,85.3152
2025-03-05T00:00,12.2,74,7.7,866.6,3.9,208,Ratnapark,27.7063,85.3152
2025-03-05T01:00,11.3,77,7.5,865.8,2.3,203,Ratnapark,27.7063,85.3152
2025-03-05T02:00,10.8,77,6.9,864.9,1.1,189,Ratnapark,27.7063,85.3152
2025-03-05T03:00,10.6,75,6.3,864.2,1.3,172,Ratnapark,27.7063,85.3152
2025-03-05T04:00,10.0,76,5.9,863.7,1.1,171,Ratnapark,27.7063,85.3152
2025-03-05T05:00,9.9,75,5.6,863.6,1.9,163,Ratnapark,27.7063,85.3152
2025-03-05T06:00,11.0,74,6.6,864.6,2.2,180,Ratnapark,27.7063,85.3152
2025-03-05T07:00,13.2,69,7.6,866.1,3.0,163,Ratnapark,27.7063,85.3152
2025-03-05T08:00,15.7,51,5.6,867.9,2.0,85,Ratnapark,27.7063,85.3152
2025-03-05T09:00,17.9,38,3.6,868.5,2.6,344,Ratnapark,27.7063,85.3152
2025-03-05T10:00,19.8,32,2.6,869.1,4.2,313,Ratnapark,27.7063,85.3152
2025-03-05T11:00,21.4,29,2.9,868.4,5.4,296,Ratnapark,27.7063,85.3152
2025-03-05T12:00,22.4,30,4.0,867.7,9.0,282,Ratnapark,27.7063,85.3152
2025-03-05T13:00,22.5,31,4.4,866.8,11.5,279,Ratnapark,27.7063,85.3152
2025-03-05T14:00,22.2,30,3.7,866.2,11.7,280,Ratnapark,27.7063,85.3152
2025-03-05T15:00,21.4,32,3.9,865.6,10.9,277,Ratnapark,27.7063,85.3152
2025-03-05T16:00,19.7,41,6.0,865.5,9.5,268,Ratnapark,27.7063,85.3152
2025-03-05T17:00,17.4,55,8.3,865.5,7.6,278,Ratnapark,27.7063,85.3152
2025-03-05T18:00,15.4,71,10.1,866.5,7.5,294,Ratnapark,27.7063,85.3152
2025-03-05T19:00,14.6,77,10.5,867.1,5.9,293,Ratnapark,27.7063,85.3152
2025-03-05T20:00,13.9,80,10.5,867.6,6.8,305,Ratnapark,27.7063,85.3152
2025-03-05T21:00,12.8,87,10.7,867.7,5.3,305,Ratnapark,27.7063,85.3152
2025-03-05T22:00,11.8,94,10.9,867.3,1.1,189,Ratnapark,27.7063,85.3152
2025-03-05T23:00,11.2,98,10.9,866.8,2.6,164,Ratnapark,27.7063,85.3152
2025-03-06T00:00,10.9,99,10.8,866.7,4.3,158,Ratnapark,27.7063,85.3152
2025-03-06T01:00,10.4,99,10.3,866.0,6.2,163,Ratnapark,27.7063,85.3152
2025-03-06T02:00,9.8,100,9.8,865.2,7.4,151,Ratnapark,27.7063,85.3152
2025-03-06T03:00,9.1,100,9.1,864.4,7.6,149,Ratnapark,27.7063,85.3152
2025-03-06T04:00,8.7,100,8.7,864.4,7.1,146,Ratnapark,27.7063,85.3152
2025-03-06T05:00,8.2,100,8.2,864.4,7.6,144,Ratnapark,27.7063,85.3152
2025-03-06T06:00,9.0,100,9.0,866.2,7.9,133,Ratnapark,27.7063,85.3152
2025-03-06T07:00,11.0,92,9.8,868.0,8.7,120,Ratnapark,27.7063,85.3152
2025-03-06T08:00,14.3,73,9.5,870.4,6.8,115,Ratnapark,27.7063,85.3152
2025-03-06T09:00,16.8,63,9.8,871.7,7.5,107,Ratnapark,27.7063,85.3152
2025-03-06T10:00,19.1,54,9.5,872.2,7.7,118,Ratnapark,27.7063,85.3152
2025-03-06T11:00,20.9,46,8.7,872.2,8.1,122,Ratnapark,27.7063,85.3152
2025-03-06T12:00,22.7,38,7.5,871.6,6.7,124,Ratnapark,27.7063,85.3152
2025-03-06T13:00,23.3,35,6.8,870.9,2.7,132,Ratnapark,27.7063,85.3152
2025-03-06T14:00,22.8,35,6.5,870.7,4.3,253,Ratnapark,27.7063,85.3152
2025-03-06T15:00,21.0,43,7.8,870.3,7.8,255,Ratnapark,27.7063,85.3152
2025-03-06T16:00,19.3,51,9.0,869.9,7.2,251,Ratnapark,27.7063,85.3152
2025-03-06T17:00,17.6,61,9.9,869.9,6.8,245,Ratnapark,27.7063,85.3152
2025-03-06T18:00,15.5,77,11.5,870.6,5.0,235,Ratnapark,27.7063,85.3152
2025-03-06T19:00,15.0,80,11.5,871.1,4.2,265,Ratnapark,27.7063,85.3152
2025-03-06T20:00,14.7,81,11.4,871.5,4.5,272,Ratnapark,27.7063,85.3152
2025-03-06T21:00,14.3,82,11.2,871.4,3.3,279,Ratnapark,27.7063,85.3152
2025-03-06T22:00,14.0,83,11.2,871.2,2.3,356,Ratnapark,27.7063,85.3152
2025-03-06T23:00,13.8,85,11.3,870.6,2.2,66,Ratnapark,27.7063,85.3152
2025-03-07T00:00,13.2,90,11.6,869.7,2.3,119,Ratnapark,27.7063,85.3152
2025-03-07T01:00,13.0,92,11.8,869.2,0.5,135,Ratnapark,27.7063,85.3152
2025-03-07T02:00,12.6,96,11.9,868.2,0.6,124,Ratnapark,27.7063,85.3152
2025-03-07T03:00,12.5,95,11.8,867.7,0.3,45,Ratnapark,27.7063,85.3152
2025-03-07T04:00,12.6,95,11.9,867.9,1.7,302,Ratnapark,27.7063,85.3152
2025-03-07T05:00,12.2,96,11.6,867.7,0.6,198,Ratnapark,27.7063,85.3152
2025-03-07T06:00,12.0,100,12.0,868.0,1.7,162,Ratnapark,27.7063,85.3152
2025-03-07T07:00,12.9,92,11.5,868.9,2.7,122,Ratnapark,27.7063,85.3152
2025-03-07T08:00,14.0,85,11.6,870.0,2.2,48,Ratnapark,27.7063,85.3152
2025-03-07T09:00,15.8,74,11.1,870.7,2.2,14,Ratnapark,27.7063,85.3152
2025-03-07T10:00,16.4,72,11.4,870.6,1.8,315,Ratnapark,27.7063,85.3152
2025-03-07T11:00,17.1,69,11.4,870.5,3.6,273,Ratnapark,27.7063,85.3152
2025-03-07T12:00,17.1,69,11.4,869.9,5.5,259,Ratnapark,27.7063,85.3152
2025-03-07T13:00,16.1,75,11.8,868.8,6.7,251,Ratnapark,27.7063,85.3152
2025-03-07T14:00,16.1,76,11.9,868.0,6.7,262,Ratnapark,27.7063,85.3152
2025-03-07T15:00,16.0,76,11.8,867.8,5.9,281,Ratnapark,27.7063,85.3152
2025-03-07T16:00,15.5,77,11.5,867.6,5.0,285,Ratnapark,27.7063,85.3152
2025-03-07T17:00,14.7,83,11.9,867.4,3.7,305,Ratnapark,27.7063,85.3152
2025-03-07T18:00,14.0,90,12.4,867.8,4.6,288,Ratnapark,27.7063,85.3152
2025-03-07T19:00,13.5,92,12.2,868.4,2.6,286,Ratnapark,27.7063,85.3152
2025-03-07T20:00,13.6,92,12.2,868.9,2.2,346,Ratnapark,27.7063,85.3152
2025-03-07T21:00,13.3,95,12.5,868.9,1.5,14,Ratnapark,27.7063,85.3152
2025-03-07T22:00,13.1,95,12.3,868.7,2.3,321,Ratnapark,27.7063,85.3152
2025-03-07T23:00,12.9,92,11.6,868.3,1.6,84,Ratnapark,27.7063,85.3152
2025-03-08T00:00,12.8,92,11.6,868.0,1.7,77,Ratnapark,27.7063,85.3152
2025-03-08T01:00,12.8,92,11.5,867.4,3.6,90,Ratnapark,27.7063,85.3152
2025-03-08T02:00,12.4,91,11.0,866.7,2.4,126,Ratnapark,27.7063,85.3152
2025-03-08T03:00,11.9,97,11.4,866.1,2.3,119,Ratnapark,27.7063,85.3152
2025-03-08T04:00,11.2,88,9.4,866.1,2.8,79,Ratnapark,27.7063,85.3152
2025-03-08T05:00,11.0,94,10.0,866.3,5.2,84,Ratnapark,27.7063,85.3152
2025-03-08T06:00,11.0,97,10.6,866.3,2.6,146,Ratnapark,27.7063,85.3152
2025-03-08T07:00,11.5,98,11.2,867.6,2.2,81,Ratnapark,27.7063,85.3152
2025-03-08T08:00,12.1,93,11.0,868.8,5.6,33,Ratnapark,27.7063,85.3152
2025-03-08T09:00,13.7,83,10.9,869.6,1.8,45,Ratnapark,27.7063,85.3152
2025-03-08T10:00,16.1,66,9.8,869.8,2.0,333,Ratnapark,27.7063,85.3152
2025-03-08T11:00,16.9,61,9.2,869.6,3.6,279,Ratnapark,27.7063,85.3152
2025-03-08T12:00,17.9,54,8.5,869.0,5.2,286,Ratnapark,27.7063,85.3152
2025-03-08T13:00,18.5,53,8.6,868.4,6.5,294,Ratnapark,27.7063,85.3152
2025-03-08T14:00,18.4,53,8.6,867.9,6.5,298,Ratnapark,27.7063,85.3152
2025-03-08T15:00,17.5,56,8.7,867.7,5.2,314,Ratnapark,27.7063,85.3152
2025-03-08T16:00,17.2,56,8.4,867.8,2.9,4,Ratnapark,27.7063,85.3152
2025-03-08T17:00,16.8,61,9.2,868.0,1.0,135,Ratnapark,27.7063,85.3152
2025-03-08T18:00,15.3,76,11.0,868.7,4.5,185,Ratnapark,27.7063,85.3152
2025-03-08T19:00,14.1,82,11.1,868.8,3.8,177,Ratnapark,27.7063,85.3152
2025-03-08T20:00,13.1,89,11.4,869.1,3.5,171,Ratnapark,27.7063,85.3152
2025-03-08T21:00,12.0,94,11.1,869.3,2.7,160,Ratnapark,27.7063,85.3152
2025-03-08T22:00,11.6,93,10.5,869.2,4.3,152,Ratnapark,27.7063,85.3152
2025-03-08T23:00,11.7,90,10.1,869.3,4.0,150,Ratnapark,27.7063,85.3152
2025-03-09T00:00,11.8,87,9.7,869.4,4.0,144,Ratnapark,27.7063,85.3152
2025-03-09T01:00,11.6,86,9.3,868.9,4.2,144,Ratnapark,27.7063,85.3152
2025-03-09T02:00,10.8,88,9.0,868.6,3.7,157,Ratnapark,27.7063,85.3152
2025-03-09T03:00,10.1,91,8.7,868.2,3.2,161,Ratnapark,27.7063,85.3152
2025-03-09T04:00,9.7,92,8.5,868.2,3.5,156,Ratnapark,27.7063,85.3152
2025-03-09T05:00,9.6,91,8.3,869.0,4.9,147,Ratnapark,27.7063,85.3152
2025-03-09T06:00,10.7,91,9.3,870.0,6.1,146,Ratnapark,27.7063,85.3152
2025-03-09T07:00,12.9,86,10.5,871.8,6.2,128,Ratnapark,27.7063,85.3152
2025-03-09T08:00,15.4,73,10.5,874.1,4.7,92,Ratnapark,27.7063,85.3152
2025-03-09T09:00,16.8,66,10.4,875.1,3.7,101,Ratnapark,27.7063,85.3152
2025-03-09T10:00,18.1,56,9.3,875.8,1.8,174,Ratnapark,27.7063,85.3152
2025-03-09T11:00,18.7,56,9.8,875.6,3.7,215,Ratnapark,27.7063,85.3152
2025-03-09T12:00,18.6,57,9.9,875.1,3.8,225,Ratnapark,27.7063,85.3152
2025-03-09T13:00,18.9,58,10.4,874.5,3.6,237,Ratnapark,27.7063,85.3152
2025-03-09T14:00,18.6,57,9.9,873.9,3.1,234,Ratnapark,27.7063,85.3152
2025-03-09T15:00,18.3,60,10.5,873.4,4.8,209,Ratnapark,27.7063,85.3152
2025-03-09T16:00,18.2,62,10.7,873.3,6.0,197,Ratnapark,27.7063,85.3152
2025-03-09T17:00,17.0,69,11.3,873.5,4.7,203,Ratnapark,27.7063,85.3152
2025-03-09T18:00,15.5,83,12.7,874.0,4.5,180,Ratnapark,27.7063,85.3152
2025-03-09T19:00,14.4,89,12.7,874.3,4.8,160,Ratnapark,27.7063,85.3152
2025-03-09T20:00,13.5,93,12.3,874.3,3.0,163,Ratnapark,27.7063,85.3152
2025-03-09T21:00,12.7,95,11.8,874.6,2.7,160,Ratnapark,27.7063,85.3152
2025-03-09T22:00,12.7,93,11.6,875.1,3.1,152,Ratnapark,27.7063,85.3152
2025-03-09T23:00,12.5,92,11.3,875.0,3.5,145,Ratnapark,27.7063,85.3152
2025-03-10T00:00,12.4,91,11.0,874.8,2.9,150,Ratnapark,27.7063,85.3152
2025-03-10T01:00,12.0,90,10.3,874.0,3.1,144,Ratnapark,27.7063,85.3152
2025-03-10T02:00,12.0,86,9.7,873.6,2.2,138,Ratnapark,27.7063,85.3152
2025-03-10T03:00,12.1,83,9.3,873.4,2.1,149,Ratnapark,27.7063,85.3152
2025-03-10T04:00,12.1,83,9.3,873.4,3.0,155,Ratnapark,27.7063,85.3152
2025-03-10T05:00,11.5,87,9.5,873.2,4.2,160,Ratnapark,27.7063,85.3152
2025-03-10T06:00,10.3,98,10.0,874.0,4.3,165,Ratnapark,27.7063,85.3152
2025-03-10T07:00,13.3,90,11.7,876.1,5.2,149,Ratnapark,27.7063,85.3152
2025-03-10T08:00,16.5,75,12.2,878.3,3.8,90,Ratnapark,27.7063,85.3152
2025-03-10T09:00,18.0,69,12.2,878.8,4.1,77,Ratnapark,27.7063,85.3152
2025-03-10T10:00,19.5,61,11.7,879.1,1.9,68,Ratnapark,27.7063,85.3152
2025-03-10T11:00,20.6,56,11.4,878.7,1.9,49,Ratnapark,27.7063,85.3152
2025-03-10T12:00,20.7,56,11.5,877.6,2.1,218,Ratnapark,27.7063,85.3152
2025-03-10T13:00,20.3,57,11.6,876.8,5.6,253,Ratnapark,27.7063,85.3152
2025-03-10T14:00,19.6,61,11.9,875.8,5.1,260,Ratnapark,27.7063,85.3152
2025-03-10T15:00,18.7,65,12.0,875.1,3.5,249,Ratnapark,27.7063,85.3152
2025-03-10T16:00,17.9,71,12.5,874.8,5.6,268,Ratnapark,27.7063,85.3152
2025-03-10T17:00,16.7,78,12.9,874.5,4.0,306,Ratnapark,27.7063,85.3152
2025-03-10T18:00,13.9,98,13.6,874.7,4.3,315,Ratnapark,27.7063,85.3152
2025-03-10T19:00,13.8,97,13.3,874.8,3.5,255,Ratnapark,27.7063,85.3152
2025-03-10T20:00,14.4,95,13.5,875.3,0.6,198,Ratnapark,27.7063,85.3152
2025-03-10T21:00,13.9,95,13.1,875.1,0.9,180,Ratnapark,27.7063,85.3152
2025-03-10T22:00,13.6,93,12.5,874.3,1.2,153,Ratnapark,27.7063,85.3152
2025-03-10T23:00,13.2,91,11.7,873.1,2.4,163,Ratnapark,27.7063,85.3152
2025-03-11T00:00,12.9,91,11.4,872.8,2.4,171,Ratnapark,27.7063,85.3152
2025-03-11T01:00,12.2,91,10.8,872.2,0.5,180,Ratnapark,27.7063,85.3152
2025-03-11T02:00,12.5,86,10.3,871.8,1.3,172,Ratnapark,27.7063,85.3152
2025-03-11T03:00,12.7,85,10.2,871.3,3.2,142,Ratnapark,27.7063,85.3152
2025-03-11T04:00,12.5,88,10.5,871.2,5.2,146,Ratnapark,27.7063,85.3152
2025-03-11T05:00,11.7,91,10.3,871.3,4.1,157,Ratnapark,27.7063,85.3152
2025-03-11T06:00,11.3,99,11.2,872.0,5.8,146,Ratnapark,27.7063,85.3152
2025-03-11T07:00,13.5,96,12.8,873.7,6.8,140,Ratnapark,27.7063,85.3152
2025-03-11T08:00,16.7,79,13.0,876.0,3.3,112,Ratnapark,27.7063,85.3152
2025-03-11T09:00,18.5,68,12.6,876.7,1.3,172,Ratnapark,27.7063,85.3152
2025-03-11T10:00,20.0,61,12.3,876.6,1.8,307,Ratnapark,27.7063,85.3152
2025-03-11T11:00,20.9,58,12.2,875.4,2.6,282,Ratnapark,27.7063,85.3152
2025-03-11T12:00,21.0,57,12.2,874.3,4.9,246,Ratnapark,27.7063,85.3152
2025-03-11T13:00,20.8,56,11.8,873.2,6.5,231,Ratnapark,27.7063,85.3152
2025-03-11T14:00,20.5,55,11.1,872.4,8.5,228,Ratnapark,27.7063,85.3152
2025-03-11T15:00,19.3,60,11.3,872.2,9.4,238,Ratnapark,27.7063,85.3152
2025-03-11T16:00,18.7,64,11.7,871.8,7.7,231,Ratnapark,27.7063,85.3152
2025-03-11T17:00,18.0,68,12.1,871.8,6.2,224,Ratnapark,27.7063,85.3152
2025-03-11T18:00,16.5,84,13.8,871.7,5.5,216,Ratnapark,27.7063,85.3152
2025-03-11T19:00,15.4,92,14.2,871.5,4.8,169,Ratnapark,27.7063,85.3152
2025-03-11T20:00,14.1,98,13.8,871.0,6.2,150,Ratnapark,27.7063,85.3152
2025-03-11T21:00,13.0,100,13.0,870.8,4.8,158,Ratnapark,27.7063,85.3152
2025-03-11T22:00,12.3,100,12.3,870.2,5.0,159,Ratnapark,27.7063,85.3152
2025-03-11T23:00,12.1,100,12.1,869.4,5.2,158,Ratnapark,27.7063,85.3152
2025-03-12T00:00,11.7,100,11.7,868.7,5.6,155,Ratnapark,27.7063,85.3152
2025-03-12T01:00,11.4,99,11.3,868.0,5.8,154,Ratnapark,27.7063,85.3152
2025-03-12T02:00,11.5,98,11.1,867.4,6.1,152,Ratnapark,27.7063,85.3152
2025-03-12T03:00,11.5,97,11.1,866.8,6.9,147,Ratnapark,27.7063,85.3152
2025-03-12T04:00,11.3,98,11.0,866.7,6.7,149,Ratnapark,27.7063,85.3152
2025-03-12T05:00,11.1,98,10.8,867.1,6.7,144,Ratnapark,27.7063,85.3152
2025-03-12T06:00,11.0,100,11.0,868.0,7.6,137,Ratnapark,27.7063,85.3152
2025-03-12T07:00,13.4,96,12.8,869.6,7.4,119,Ratnapark,27.7063,85.3152
2025-03-12T08:00,15.8,86,13.5,871.2,6.5,96,Ratnapark,27.7063,85.3152
2025-03-12T09:00,18.1,70,12.5,871.9,7.0,113,Ratnapark,27.7063,85.3152
2025-03-12T10:00,20.2,60,12.1,872.0,4.0,117,Ratnapark,27.7063,85.3152
2025-03-12T11:00,20.7,59,12.4,871.7,3.1,183,Ratnapark,27.7063,85.3152
2025-03-12T12:00,21.3,58,12.6,870.3,4.3,185,Ratnapark,27.7063,85.3152
2025-03-12T13:00,21.1,58,12.5,869.4,4.9,216,Ratnapark,27.7063,85.3152
2025-03-12T14:00,20.0,59,11.8,868.6,5.3,242,Ratnapark,27.7063,85.3152
2025-03-12T15:00,19.8,61,12.0,868.2,7.1,240,Ratnapark,27.7063,85.3152
2025-03-12T16:00,18.5,67,12.1,868.0,7.0,252,Ratnapark,27.7063,85.3152
2025-03-12T17:00,17.7,72,12.6,867.9,5.7,233,Ratnapark,27.7063,85.3152
2025-03-12T18:00,15.0,91,13.5,868.4,7.4,266,Ratnapark,27.7063,85.3152
2025-03-12T19:00,14.6,96,14.0,868.1,4.4,232,Ratnapark,27.7063,85.3152
2025-03-12T20:00,14.1,97,13.7,868.4,3.2,164,Ratnapark,27.7063,85.3152
2025-03-12T21:00,13.5,97,13.1,868.0,3.6,162,Ratnapark,27.7063,85.3152
2025-03-12T22:00,13.6,95,12.7,868.2,4.0,159,Ratnapark,27.7063,85.3152
2025-03-12T23:00,12.9,97,12.5,867.8,3.9,156,Ratnapark,27.7063,85.3152
2025-03-13T00:00,13.1,94,12.1,867.8,5.7,136,Ratnapark,27.7063,85.3152
2025-03-13T01:00,12.8,93,11.7,867.0,7.9,153,Ratnapark,27.7063,85.3152
2025-03-13T02:00,11.9,97,11.4,866.3,8.9,148,Ratnapark,27.7063,85.3152
2025-03-13T03:00,11.5,97,11.1,865.5,8.9,161,Ratnapark,27.7063,85.3152
2025-03-13T04:00,11.3,96,10.7,865.6,6.6,158,Ratnapark,27.7063,85.3152
2025-03-13T05:00,11.4,95,10.6,866.0,5.8,160,Ratnapark,27.7063,85.3152
2025-03-13T06:00,11.0,100,11.0,866.9,7.7,149,Ratnapark,27.7063,85.3152
2025-03-13T07:00,13.2,96,12.6,868.5,7.0,145,Ratnapark,27.7063,85.3152
2025-03-13T08:00,16.2,83,13.3,870.5,3.5,125,Ratnapark,27.7063,85.3152
2025-03-13T09:00,19.1,70,13.4,871.4,1.8,114,Ratnapark,27.7063,85.3152
2025-03-13T10:00,21.1,56,12.1,871.3,5.2,272,Ratnapark,27.7063,85.3152
2025-03-13T11:00,22.0,48,10.5,870.7,9.9,274,Ratnapark,27.7063,85.3152
2025-03-13T12:00,21.6,47,9.9,870.0,13.4,275,Ratnapark,27.7063,85.3152
2025-03-13T13:00,20.6,50,10.0,869.2,9.9,273,Ratnapark,27.7063,85.3152
2025-03-13T14:00,19.8,55,10.6,868.3,12.5,285,Ratnapark,27.7063,85.3152
2025-03-13T15:00,17.1,72,12.1,868.0,7.9,281,Ratnapark,27.7063,85.3152
2025-03-13T16:00,16.3,74,11.8,868.1,3.9,323,Ratnapark,27.7063,85.3152
2025-03-13T17:00,15.7,78,11.8,867.8,2.5,262,Ratnapark,27.7063,85.3152
2025-03-13T18:00,13.6,93,12.5,866.9,6.0,177,Ratnapark,27.7063,85.3152
2025-03-13T19:00,13.0,98,12.7,867.7,0.3,135,Ratnapark,27.7063,85.3152
2025-03-13T20:00,12.4,100,12.4,867.7,2.7,172,Ratnapark,27.7063,85.3152
2025-03-13T21:00,12.1,100,12.0,867.4,3.1,170,Ratnapark,27.7063,85.3152
2025-03-13T22:00,11.3,100,11.2,866.6,6.0,171,Ratnapark,27.7063,85.3152
2025-03-13T23:00,10.8,98,10.6,865.7,7.6,168,Ratnapark,27.7063,85.3152
2025-03-14T00:00,10.3,98,10.0,865.3,6.4,164,Ratnapark,27.7063,85.3152
2025-03-14T01:00,10.2,96,9.6,864.9,5.6,159,Ratnapark,27.7063,85.3152
2025-03-14T02:00,10.1,94,9.3,864.4,5.4,159,Ratnapark,27.7063,85.3152
2025-03-14T03:00,10.0,94,9.0,864.2,6.4,155,Ratnapark,27.7063,85.3152
2025-03-14T04:00,10.0,93,8.9,864.6,6.9,147,Ratnapark,27.7063,85.3152
2025-03-14T05:00,10.1,91,8.7,865.3,7.3,144,Ratnapark,27.7063,85.3152
2025-03-14T06:00,11.1,90,9.5,866.8,7.2,143,Ratnapark,27.7063,85.3152
2025-03-14T07:00,14.3,82,11.3,869.2,8.1,145,Ratnapark,27.7063,85.3152
2025-03-14T08:00,18.1,68,12.0,872.0,4.2,144,Ratnapark,27.7063,85.3152
2025-03-14T09:00,21.3,47,9.5,873.4,0.9,270,Ratnapark,27.7063,85.3152
2025-03-14T10:00,22.7,36,6.7,873.6,10.1,290,Ratnapark,27.7063,85.3152
2025-03-14T11:00,23.2,33,6.2,873.4,13.8,301,Ratnapark,27.7063,85.3152
2025-03-14T12:00,23.3,31,5.3,872.6,15.3,300,Ratnapark,27.7063,85.3152
2025-03-14T13:00,23.6,30,4.8,871.9,13.8,296,Ratnapark,27.7063,85.3152
2025-03-14T14:00,23.7,30,4.9,871.0,14.4,300,Ratnapark,27.7063,85.3152
2025-03-14T15:00,22.9,32,5.3,870.4,13.2,300,Ratnapark,27.7063,85.3152
2025-03-14T16:00,22.1,35,6.1,870.2,11.0,294,Ratnapark,27.7063,85.3152
2025-03-14T17:00,20.1,48,8.6,869.8,5.8,286,Ratnapark,27.7063,85.3152
2025-03-14T18:00,18.3,59,10.1,869.7,4.2,258,Ratnapark,27.7063,85.3152
2025-03-14T19:00,17.8,60,9.9,870.3,3.7,219,Ratnapark,27.7063,85.3152
2025-03-14T20:00,17.4,62,10.0,870.9,4.2,250,Ratnapark,27.7063,85.3152
2025-03-14T21:00,17.3,59,9.3,871.4,2.2,228,Ratnapark,27.7063,85.3152
2025-03-14T22:00,16.3,62,9.0,870.9,1.5,201,Ratnapark,27.7063,85.3152
2025-03-14T23:00,15.2,65,8.8,870.1,1.7,198,Ratnapark,27.7063,85.3152
2025-03-15T00:00,14.8,67,8.8,869.4,3.4,183,Ratnapark,27.7063,85.3152
2025-03-15T01:00,13.6,74,9.1,868.3,3.4,174,Ratnapark,27.7063,85.3152
2025-03-15T02:00,12.6,79,9.0,867.5,2.2,166,Ratnapark,27.7063,85.3152
2025-03-15T03:00,12.5,77,8.6,867.4,3.9,152,Ratnapark,27.7063,85.3152
2025-03-15T04:00,12.5,75,8.1,867.7,5.5,144,Ratnapark,27.7063,85.3152
2025-03-15T05:00,12.1,74,7.7,868.3,5.8,144,Ratnapark,27.7063,85.3152
2025-03-15T06:00,12.5,80,9.2,869.2,3.8,161,Ratnapark,27.7063,85.3152
2025-03-15T07:00,15.2,77,11.1,871.4,5.5,148,Ratnapark,27.7063,85.3152
2025-03-15T08:00,19.5,57,10.9,874.0,4.2,140,Ratnapark,27.7063,85.3152
2025-03-15T09:00,22.1,42,8.7,875.0,1.5,135,Ratnapark,27.7063,85.3152
2025-03-15T10:00,24.4,31,6.0,875.3,5.2,284,Ratnapark,27.7063,85.3152
2025-03-15T11:00,25.3,28,5.3,875.3,14.4,285,Ratnapark,27.7063,85.3152
2025-03-15T12:00,24.8,29,5.5,874.8,16.0,284,Ratnapark,27.7063,85.3152
2025-03-15T13:00,25.0,30,6.1,874.2,14.5,281,Ratnapark,27.7063,85.3152
2025-03-15T14:00,24.4,33,7.0,873.8,15.7,285,Ratnapark,27.7063,85.3152
2025-03-15T15:00,23.8,33,6.5,873.1,14.3,294,Ratnapark,27.7063,85.3152
2025-03-15T16:00,22.5,38,7.4,873.0,12.6,308,Ratnapark,27.7063,85.3152
2025-03-15T17:00,20.4,51,9.9,872.3,4.5,293,Ratnapark,27.7063,85.3152
2025-03-15T18:00,18.5,57,9.8,872.2,4.1,209,Ratnapark,27.7063,85.3152
2025-03-15T19:00,17.4,66,10.9,872.2,3.6,198,Ratnapark,27.7063,85.3152
2025-03-15T20:00,17.1,67,11.0,872.8,1.5,187,Ratnapark,27.7063,85.3152
2025-03-15T21:00,16.4,68,10.6,872.9,2.5,184,Ratnapark,27.7063,85.3152
2025-03-15T22:00,15.9,68,10.1,872.7,2.5,180,Ratnapark,27.7063,85.3152
2025-03-15T23:00,15.6,67,9.6,872.1,3.4,177,Ratnapark,27.7063,85.3152
2025-03-16T00:00,15.1,71,9.8,871.6,2.4,167,Ratnapark,27.7063,85.3152
2025-03-16T01:00,14.4,72,9.5,870.7,3.0,155,Ratnapark,27.7063,85.3152
2025-03-16T02:00,14.1,73,9.4,869.8,3.7,145,Ratnapark,27.7063,85.3152
2025-03-16T03:00,13.6,73,8.8,869.3,3.2,142,Ratnapark,27.7063,85.3152
2025-03-16T04:00,13.8,68,8.1,869.2,3.4,155,Ratnapark,27.7063,85.3152
2025-03-16T05:00,13.6,67,7.6,869.2,3.8,155,Ratnapark,27.7063,85.3152
2025-03-16T06:00,14.7,70,9.2,870.4,4.0,159,Ratnapark,27.7063,85.3152
2025-03-16T07:00,16.9,66,10.4,871.9,6.0,155,Ratnapark,27.7063,85.3152
2025-03-16T08:00,20.5,47,8.6,874.0,4.9,152,Ratnapark,27.7063,85.3152
2025-03-16T09:00,23.0,38,7.7,875.0,1.9,131,Ratnapark,27.7063,85.3152
2025-03-16T10:00,24.4,31,6.1,875.1,7.9,270,Ratnapark,27.7063,85.3152
2025-03-16T11:00,24.6,28,4.7,874.8,19.8,278,Ratnapark,27.7063,85.3152
2025-03-16T12:00,23.5,35,7.0,874.2,21.1,287,Ratnapark,27.7063,85.3152
2025-03-16T13:00,21.7,42,8.3,873.5,4.5,263,Ratnapark,27.7063,85.3152
2025-03-16T14:00,19.5,55,10.3,872.9,13.4,256,Ratnapark,27.7063,85.3152
2025-03-16T15:00,19.2,59,11.0,872.5,6.0,261,Ratnapark,27.7063,85.3152
2025-03-16T16:00,19.2,56,10.1,872.0,3.3,319,Ratnapark,27.7063,85.3152
2025-03-16T17:00,18.4,70,12.8,871.4,1.0,329,Ratnapark,27.7063,85.3152
2025-03-16T18:00,18.4,58,10.1,870.7,5.2,258,Ratnapark,27.7063,85.3152
2025-03-16T19:00,16.8,68,10.9,870.5,2.8,220,Ratnapark,27.7063,85.3152
2025-03-16T20:00,16.0,70,10.6,871.2,1.3,135,Ratnapark,27.7063,85.3152
2025-03-16T21:00,14.9,70,9.5,870.9,4.4,145,Ratnapark,27.7063,85.3152
2025-03-16T22:00,13.4,76,9.3,870.0,5.4,154,Ratnapark,27.7063,85.3152
2025-03-16T23:00,12.8,79,9.2,869.0,5.5,157,Ratnapark,27.7063,85.3152
2025-03-17T00:00,12.7,77,8.8,868.6,4.9,152,Ratnapark,27.7063,85.3152
2025-03-17T01:00,12.7,75,8.4,868.2,4.8,146,Ratnapark,27.7063,85.3152
2025-03-17T02:00,12.4,75,8.1,867.8,5.1,141,Ratnapark,27.7063,85.3152
2025-03-17T03:00,12.3,74,7.7,867.5,4.8,146,Ratnapark,27.7063,85.3152
2025-03-17T04:00,12.1,73,7.5,867.4,4.1,146,Ratnapark,27.7063,85.3152
2025-03-17T05:00,12.0,73,7.3,867.4,5.0,154,Ratnapark,27.7063,85.3152
2025-03-17T06:00,13.3,75,9.0,868.6,2.9,158,Ratnapark,27.7063,85.3152
2025-03-17T07:00,16.0,70,10.5,870.3,4.2,144,Ratnapark,27.7063,85.3152
2025-03-17T08:00,20.0,48,8.6,872.7,2.6,102,Ratnapark,27.7063,85.3152
2025-03-17T09:00,21.9,35,5.7,873.5,4.8,333,Ratnapark,27.7063,85.3152
2025-03-17T10:00,21.9,32,4.4,873.7,4.9,276,Ratnapark,27.7063,85.3152
2025-03-17T11:00,21.6,34,4.9,873.1,7.2,307,Ratnapark,27.7063,85.3152
2025-03-17T12:00,23.3,31,5.4,872.6,10.7,295,Ratnapark,27.7063,85.3152
2025-03-17T13:00,24.1,28,4.5,871.6,11.6,296,Ratnapark,27.7063,85.3152
2025-03-17T14:00,24.2,25,2.7,870.5,14.3,299,Ratnapark,27.7063,85.3152
2025-03-17T15:00,23.1,25,2.2,870.0,13.8,296,Ratnapark,27.7063,85.3152
2025-03-17T16:00,22.1,27,2.0,869.9,12.4,300,Ratnapark,27.7063,85.3152
2025-03-17T17:00,19.9,36,4.4,869.7,8.6,296,Ratnapark,27.7063,85.3152
2025-03-17T18:00,18.1,52,8.0,869.7,4.1,257,Ratnapark,27.7063,85.3152
2025-03-17T19:00,17.4,54,8.1,870.4,3.8,225,Ratnapark,27.7063,85.3152
2025-03-17T20:00,16.6,54,7.3,871.4,4.9,303,Ratnapark,27.7063,85.3152
2025-03-17T21:00,14.8,65,8.3,871.2,2.8,27,Ratnapark,27.7063,85.3152
2025-03-17T22:00,14.5,64,7.8,870.6,1.1,171,Ratnapark,27.7063,85.3152
2025-03-17T23:00,14.3,64,7.6,869.7,1.8,180,Ratnapark,27.7063,85.3152
2025-03-18T00:00,13.9,63,7.1,869.1,1.8,186,Ratnapark,27.7063,85.3152
2025-03-18T01:00,13.3,63,6.3,868.0,1.6,174,Ratnapark,27.7063,85.3152
2025-03-18T02:00,12.5,64,5.8,867.1,1.3,172,Ratnapark,27.7063,85.3152
2025-03-18T03:00,11.9,64,5.3,866.4,1.5,166,Ratnapark,27.7063,85.3152
2025-03-18T04:00,11.6,64,5.0,866.5,2.7,152,Ratnapark,27.7063,85.3152
2025-03-18T05:00,11.4,62,4.5,866.5,3.0,155,Ratnapark,27.7063,85.3152
2025-03-18T06:00,9.9,86,7.6,866.8,5.0,154,Ratnapark,27.7063,85.3152
2025-03-18T07:00,13.6,73,8.8,869.2,5.6,140,Ratnapark,27.7063,85.3152
2025-03-18T08:00,17.7,49,6.9,871.3,3.3,84,Ratnapark,27.7063,85.3152
2025-03-18T09:00,20.0,39,5.5,872.1,1.4,360,Ratnapark,27.7063,85.3152
2025-03-18T10:00,21.7,30,3.6,872.3,3.9,307,Ratnapark,27.7063,85.3152
2025-03-18T11:00,23.1,27,2.9,872.1,6.8,312,Ratnapark,27.7063,85.3152
2025-03-18T12:00,23.9,27,3.6,871.6,9.0,307,Ratnapark,27.7063,85.3152
2025-03-18T13:00,24.1,28,4.4,870.9,11.3,306,Ratnapark,27.7063,85.3152
2025-03-18T14:00,23.9,29,4.7,870.2,12.5,305,Ratnapark,27.7063,85.3152
2025-03-18T15:00,23.4,29,4.3,870.0,12.7,303,Ratnapark,27.7063,85.3152
2025-03-18T16:00,22.4,30,4.2,869.9,12.2,303,Ratnapark,27.7063,85.3152
2025-03-18T17:00,20.6,37,5.3,869.9,9.4,296,Ratnapark,27.7063,85.3152
2025-03-18T18:00,18.5,46,6.5,870.6,8.2,280,Ratnapark,27.7063,85.3152
2025-03-18T19:00,17.4,52,7.5,871.1,5.3,278,Ratnapark,27.7063,85.3152
2025-03-18T20:00,16.6,59,8.5,871.5,3.5,261,Ratnapark,27.7063,85.3152
2025-03-18T21:00,16.0,62,8.7,871.8,3.3,276,Ratnapark,27.7063,85.3152
2025-03-18T22:00,15.3,63,8.3,871.8,2.1,218,Ratnapark,27.7063,85.3152
2025-03-18T23:00,14.5,66,8.2,871.2,2.6,205,Ratnapark,27.7063,85.3152
2025-03-19T00:00,14.0,68,8.2,870.7,3.5,195,Ratnapark,27.7063,85.3152
2025-03-19T01:00,13.3,71,8.1,869.8,3.6,183,Ratnapark,27.7063,85.3152
2025-03-19T02:00,12.7,72,7.8,869.1,2.3,180,Ratnapark,27.7063,85.3152
2025-03-19T03:00,12.2,72,7.4,868.5,2.0,170,Ratnapark,27.7063,85.3152
2025-03-19T04:00,11.7,73,7.0,868.5,2.5,159,Ratnapark,27.7063,85.3152
2025-03-19T05:00,11.5,73,6.7,869.0,3.7,151,Ratnapark,27.7063,85.3152
2025-03-19T06:00,13.0,70,7.7,870.6,3.1,159,Ratnapark,27.7063,85.3152
2025-03-19T07:00,15.4,67,9.4,872.4,6.1,148,Ratnapark,27.7063,85.3152
2025-03-19T08:00,19.1,48,8.0,874.4,3.0,123,Ratnapark,27.7063,85.3152
2025-03-19T09:00,21.7,36,6.1,875.4,0.8,63,Ratnapark,27.7063,85.3152
2025-03-19T10:00,24.2,26,3.3,875.9,2.2,318,Ratnapark,27.7063,85.3152
2025-03-19T11:00,25.8,25,4.0,875.6,6.2,285,Ratnapark,27.7063,85.3152
2025-03-19T12:00,26.2,26,5.2,875.2,9.7,280,Ratnapark,27.7063,85.3152
2025-03-19T13:00,26.1,27,5.4,874.6,11.7,280,Ratnapark,27.7063,85.3152
2025-03-19T14:00,26.0,24,3.6,874.0,11.6,286,Ratnapark,27.7063,85.3152
2025-03-19T15:00,25.3,22,2.3,873.5,11.1,282,Ratnapark,27.7063,85.3152
2025-03-19T16:00,23.8,27,3.5,873.3,10.3,281,Ratnapark,27.7063,85.3152
2025-03-19T17:00,21.8,37,6.5,873.4,6.0,280,Ratnapark,27.7063,85.3152
2025-03-19T18:00,20.0,48,8.8,873.6,4.3,255,Ratnapark,27.7063,85.3152
2025-03-19T19:00,18.8,55,9.6,874.6,3.3,234,Ratnapark,27.7063,85.3152
2025-03-19T20:00,18.1,57,9.4,874.7,4.0,201,Ratnapark,27.7063,85.3152
2025-03-19T21:00,16.7,64,9.8,874.7,2.9,187,Ratnapark,27.7063,85.3152
2025-03-19T22:00,15.8,67,9.7,874.2,2.0,180,Ratnapark,27.7063,85.3152
2025-03-19T23:00,15.2,68,9.4,874.0,2.3,184,Ratnapark,27.7063,85.3152
2025-03-20T00:00,14.8,68,9.0,874.0,2.2,194,Ratnapark,27.7063,85.3152
2025-03-20T01:00,14.9,64,8.3,873.6,2.0,190,Ratnapark,27.7063,85.3152
2025-03-20T02:00,14.9,63,7.8,873.3,2.9,180,Ratnapark,27.7063,85.3152
2025-03-20T03:00,14.4,64,7.7,872.8,2.4,167,Ratnapark,27.7063,85.3152
2025-03-20T04:00,14.0,63,7.1,872.7,2.4,163,Ratnapark,27.7063,85.3152
2025-03-20T05:00,13.7,62,6.6,872.7,2.5,159,Ratnapark,27.7063,85.3152
2025-03-20T06:00,13.7,69,8.1,873.3,5.5,163,Ratnapark,27.7063,85.3152
2025-03-20T07:00,16.2,64,9.5,875.1,5.9,160,Ratnapark,27.7063,85.3152
2025-03-20T08:00,20.8,40,6.6,877.5,2.6,164,Ratnapark,27.7063,85.3152
2025-03-20T09:00,23.3,28,3.9,878.2,3.4,238,Ratnapark,27.7063,85.3152
2025-03-20T10:00,24.8,24,2.7,878.3,5.8,256,Ratnapark,27.7063,85.3152
2025-03-20T11:00,24.9,28,5.1,877.8,11.8,279,Ratnapark,27.7063,85.3152
2025-03-20T12:00,24.7,31,6.4,877.2,12.8,286,Ratnapark,27.7063,85.3152
2025-03-20T13:00,24.6,28,5.0,876.1,13.6,299,Ratnapark,27.7063,85.3152
2025-03-20T14:00,24.5,27,4.1,875.0,14.2,300,Ratnapark,27.7063,85.3152
2025-03-20T15:00,24.0,29,4.7,874.1,12.9,305,Ratnapark,27.7063,85.3152
2025-03-20T16:00,23.1,30,4.6,873.7,12.3,307,Ratnapark,27.7063,85.3152
2025-03-20T17:00,21.2,36,5.5,873.3,9.1,308,Ratnapark,27.7063,85.3152
2025-03-20T18:00,19.9,40,5.9,873.0,6.4,254,Ratnapark,27.7063,85.3152
2025-03-20T19:00,18.9,44,6.3,873.4,6.2,224,Ratnapark,27.7063,85.3152
2025-03-20T20:00,18.0,50,7.3,874.1,5.7,204,Ratnapark,27.7063,85.3152
2025-03-20T21:00,16.9,56,8.1,874.3,5.2,205,Ratnapark,27.7063,85.3152
2025-03-20T22:00,16.5,58,8.1,874.4,4.2,211,Ratnapark,27.7063,85.3152
2025-03-20T23:00,16.2,58,7.8,874.2,3.3,209,Ratnapark,27.7063,85.3152
2025-03-21T00:00,15.6,61,8.1,873.8,2.6,214,Ratnapark,27.7063,85.3152
2025-03-21T01:00,15.8,59,7.7,873.5,1.5,194,Ratnapark,27.7063,85.3152
2025-03-21T02:00,15.3,58,7.2,872.7,2.9,184,Ratnapark,27.7063,85.3152
2025-03-21T03:00,15.0,58,6.7,872.2,4.2,187,Ratnapark,27.7063,85.3152
2025-03-21T04:00,14.6,58,6.5,872.0,5.0,180,Ratnapark,27.7063,85.3152
2025-03-21T05:00,13.7,62,6.5,871.9,4.3,178,Ratnapark,27.7063,85.3152
2025-03-21T06:00,12.6,75,8.2,872.1,4.4,161,Ratnapark,27.7063,85.3152
2025-03-21T07:00,15.9,66,9.5,874.5,5.9,137,Ratnapark,27.7063,85.3152
2025-03-21T08:00,20.0,44,7.4,876.8,3.5,105,Ratnapark,27.7063,85.3152
2025-03-21T09:00,22.3,32,4.8,877.3,2.6,231,Ratnapark,27.7063,85.3152
2025-03-21T10:00,23.3,29,4.2,877.4,9.0,264,Ratnapark,27.7063,85.3152
2025-03-21T11:00,22.7,35,6.4,876.8,13.5,260,Ratnapark,27.7063,85.3152
2025-03-21T12:00,23.2,32,5.8,876.1,10.3,277,Ratnapark,27.7063,85.3152
2025-03-21T13:00,20.6,44,7.9,874.8,13.9,222,Ratnapark,27.7063,85.3152
2025-03-21T14:00,21.6,38,6.7,873.6,13.3,261,Ratnapark,27.7063,85.3152
2025-03-21T15:00,19.9,48,8.6,872.9,10.0,300,Ratnapark,27.7063,85.3152
2025-03-21T16:00,19.8,46,8.0,872.6,8.8,296,Ratnapark,27.7063,85.3152
2025-03-21T17:00,18.6,53,8.8,872.4,6.0,265,Ratnapark,27.7063,85.3152
2025-03-21T18:00,15.5,78,11.6,872.4,3.8,275,Ratnapark,27.7063,85.3152
2025-03-21T19:00,15.0,84,12.4,872.6,3.4,180,Ratnapark,27.7063,85.3152
2025-03-21T20:00,14.3,89,12.5,873.2,0.4,180,Ratnapark,27.7063,85.3152
2025-03-21T21:00,13.5,89,11.8,873.2,2.2,156,Ratnapark,27.7063,85.3152
2025-03-21T22:00,14.1,81,10.9,873.1,1.8,180,Ratnapark,27.7063,85.3152
2025-03-21T23:00,13.5,80,10.1,872.7,0.6,162,Ratnapark,27.7063,85.3152
2025-03-22T00:00,13.5,73,8.8,872.6,0.9,180,Ratnapark,27.7063,85.3152
2025-03-22T01:00,13.2,72,8.3,871.7,2.5,176,Ratnapark,27.7063,85.3152
2025-03-22T02:00,12.6,75,8.3,870.8,3.8,163,Ratnapark,27.7063,85.3152
2025-03-22T03:00,11.9,79,8.3,870.1,3.8,155,Ratnapark,27.7063,85.3152
2025-03-22T04:00,11.4,81,8.3,870.0,4.3,163,Ratnapark,27.7063,85.3152
2025-03-22T05:00,10.9,82,8.0,869.9,5.8,164,Ratnapark,27.7063,85.3152
2025-03-22T06:00,12.3,75,8.0,870.8,3.6,160,Ratnapark,27.7063,85.3152
2025-03-22T07:00,15.3,65,8.8,873.4,4.8,135,Ratnapark,27.7063,85.3152
2025-03-22T08:00,18.6,48,7.3,875.4,4.0,80,Ratnapark,27.7063,85.3152
2025-03-22T09:00,21.0,36,5.3,876.2,1.3,8,Ratnapark,27.7063,85.3152
2025-03-22T10:00,22.4,28,2.8,876.5,5.6,303,Ratnapark,27.7063,85.3152
2025-03-22T11:00,22.9,27,3.0,876.1,9.9,289,Ratnapark,27.7063,85.3152
2025-03-22T12:00,23.1,29,4.0,875.2,7.6,278,Ratnapark,27.7063,85.3152
2025-03-22T13:00,19.1,49,8.1,874.5,14.6,236,Ratnapark,27.7063,85.3152
2025-03-22T14:00,20.4,39,5.8,873.7,3.8,262,Ratnapark,27.7063,85.3152
2025-03-22T15:00,20.3,37,5.2,873.5,7.5,259,Ratnapark,27.7063,85.3152
2025-03-22T16:00,18.7,43,6.0,873.4,7.7,267,Ratnapark,27.7063,85.3152
2025-03-22T17:00,17.6,51,7.3,873.4,6.7,289,Ratnapark,27.7063,85.3152
2025-03-22T18:00,16.2,63,9.2,874.0,0.7,194,Ratnapark,27.7063,85.3152
2025-03-22T19:00,15.4,69,9.7,874.7,1.9,331,Ratnapark,27.7063,85.3152
2025-03-22T20:00,14.8,70,9.4,875.2,2.4,63,Ratnapark,27.7063,85.3152
2025-03-22T21:00,14.2,73,9.4,874.9,2.2,132,Ratnapark,27.7063,85.3152
2025-03-22T22:00,13.3,76,9.2,874.1,3.9,158,Ratnapark,27.7063,85.3152
2025-03-22T23:00,12.1,84,9.4,873.5,4.6,159,Ratnapark,27.7063,85.3152
2025-03-23T00:00,11.4,87,9.4,872.8,4.0,162,Ratnapark,27.7063,85.3152
2025-03-23T01:00,11.1,87,9.0,872.2,5.2,153,Ratnapark,27.7063,85.3152
2025-03-23T02:00,10.9,86,8.6,871.4,6.5,150,Ratnapark,27.7063,85.3152
2025-03-23T03:00,10.8,85,8.4,871.2,5.6,158,Ratnapark,27.7063,85.3152
2025-03-23T04:00,10.2,88,8.3,871.0,4.2,160,Ratnapark,27.7063,85.3152
2025-03-23T05:00,9.8,89,8.1,871.4,2.9,158,Ratnapark,27.7063,85.3152
2025-03-23T06:00,9.7,93,8.7,872.7,4.7,152,Ratnapark,27.7063,85.3152
2025-03-23T07:00,13.7,74,9.1,875.5,5.1,126,Ratnapark,27.7063,85.3152
2025-03-23T08:00,16.5,56,7.6,876.9,3.5,105,Ratnapark,27.7063,85.3152
2025-03-23T09:00,18.7,44,6.2,877.4,1.7,32,Ratnapark,27.7063,85.3152
2025-03-23T10:00,20.3,37,5.2,877.5,4.6,329,Ratnapark,27.7063,85.3152
2025-03-23T11:00,21.3,33,4.3,877.0,8.6,307,Ratnapark,27.7063,85.3152
2025-03-23T12:00,21.8,30,3.5,876.0,9.9,297,Ratnapark,27.7063,85.3152
2025-03-23T13:00,22.0,29,2.9,874.9,6.4,288,Ratnapark,27.7063,85.3152
2025-03-23T14:00,21.5,29,2.7,874.2,9.7,269,Ratnapark,27.7063,85.3152
2025-03-23T15:00,20.8,33,4.0,873.9,10.9,264,Ratnapark,27.7063,85.3152
2025-03-23T16:00,20.1,35,4.0,873.8,10.8,275,Ratnapark,27.7063,85.3152
2025-03-23T17:00,19.4,36,3.9,873.7,9.3,288,Ratnapark,27.7063,85.3152
2025-03-23T18:00,17.2,48,6.0,874.1,3.6,243,Ratnapark,27.7063,85.3152
2025-03-23T19:00,16.2,57,7.6,873.9,2.5,210,Ratnapark,27.7063,85.3152
2025-03-23T20:00,15.1,64,8.3,874.1,0.4,180,Ratnapark,27.7063,85.3152
2025-03-23T21:00,14.3,68,8.4,874.1,1.1,171,Ratnapark,27.7063,85.3152
2025-03-23T22:00,14.1,67,8.2,874.0,0.9,180,Ratnapark,27.7063,85.3152
2025-03-23T23:00,14.5,63,7.6,874.1,0.7,180,Ratnapark,27.7063,85.3152
2025-03-24T00:00,14.9,58,6.7,874.1,1.4,140,Ratnapark,27.7063,85.3152
2025-03-24T01:00,14.0,60,6.3,873.5,3.3,126,Ratnapark,27.7063,85.3152
2025-03-24T02:00,13.4,60,5.7,872.8,3.8,121,Ratnapark,27.7063,85.3152
2025-03-24T03:00,12.9,60,5.3,872.4,3.3,139,Ratnapark,27.7063,85.3152
2025-03-24T04:00,12.3,61,5.1,872.3,2.6,155,Ratnapark,27.7063,85.3152
2025-03-24T05:00,11.8,63,5.0,872.7,2.3,157,Ratnapark,27.7063,85.3152
2025-03-24T06:00,11.6,69,6.0,873.6,2.3,148,Ratnapark,27.7063,85.3152
2025-03-24T07:00,15.5,58,7.1,876.4,4.7,106,Ratnapark,27.7063,85.3152
2025-03-24T08:00,17.6,45,5.4,877.8,3.1,62,Ratnapark,27.7063,85.3152
2025-03-24T09:00,19.1,44,6.4,878.1,2.3,328,Ratnapark,27.7063,85.3152
2025-03-24T10:00,20.5,40,6.3,877.9,6.6,305,Ratnapark,27.7063,85.3152
2025-03-24T11:00,21.7,36,5.8,877.3,10.3,305,Ratnapark,27.7063,85.3152
2025-03-24T12:00,22.6,33,5.6,876.6,11.9,312,Ratnapark,27.7063,85.3152
2025-03-24T13:00,23.2,33,5.9,875.6,11.8,313,Ratnapark,27.7063,85.3152
2025-03-24T14:00,23.4,34,6.8,874.7,10.6,313,Ratnapark,27.7063,85.3152
2025-03-24T15:00,22.8,37,7.4,874.1,11.0,311,Ratnapark,27.7063,85.3152
2025-03-24T16:00,21.7,40,7.5,874.0,11.5,318,Ratnapark,27.7063,85.3152
2025-03-24T17:00,20.4,43,7.5,873.7,8.1,325,Ratnapark,27.7063,85.3152
2025-03-24T18:00,19.0,56,10.1,873.6,2.8,255,Ratnapark,27.7063,85.3152
2025-03-24T19:00,18.4,53,8.8,874.0,4.2,258,Ratnapark,27.7063,85.3152
2025-03-24T20:00,17.6,56,8.8,874.3,4.0,249,Ratnapark,27.7063,85.3152
2025-03-24T21:00,16.9,58,8.6,874.5,3.6,221,Ratnapark,27.7063,85.3152
2025-03-24T22:00,16.2,61,8.6,874.0,2.4,193,Ratnapark,27.7063,85.3152
2025-03-24T23:00,15.7,61,8.2,873.2,2.4,189,Ratnapark,27.7063,85.3152
2025-03-25T00:00,15.1,63,8.1,872.2,2.0,180,Ratnapark,27.7063,85.3152
2025-03-25T01:00,14.3,66,8.1,871.3,0.9,180,Ratnapark,27.7063,85.3152
2025-03-25T02:00,14.2,65,7.8,870.7,0.4,153,Ratnapark,27.7063,85.3152
2025-03-25T03:00,14.2,63,7.3,870.2,1.0,149,Ratnapark,27.7063,85.3152
2025-03-25T04:00,13.8,64,7.2,869.9,1.7,148,Ratnapark,27.7063,85.3152
2025-03-25T05:00,13.3,66,7.1,869.8,2.8,145,Ratnapark,27.7063,85.3152
2025-03-25T06:00,12.3,75,7.9,870.2,3.5,152,Ratnapark,27.7063,85.3152
2025-03-25T07:00,16.1,66,9.7,872.6,3.6,143,Ratnapark,27.7063,85.3152
2025-03-25T08:00,19.2,48,8.0,874.0,1.2,63,Ratnapark,27.7063,85.3152
2025-03-25T09:00,21.3,40,7.2,874.5,3.8,319,Ratnapark,27.7063,85.3152
2025-03-25T10:00,23.0,34,6.5,874.5,6.4,310,Ratnapark,27.7063,85.3152
2025-03-25T11:00,24.3,33,7.1,874.0,7.8,310,Ratnapark,27.7063,85.3152
2025-03-25T12:00,25.0,33,7.8,873.1,8.9,312,Ratnapark,27.7063,85.3152
2025-03-25T13:00,25.2,33,7.9,872.0,10.7,318,Ratnapark,27.7063,85.3152
2025-03-25T14:00,25.3,33,7.6,871.0,11.9,325,Ratnapark,27.7063,85.3152
2025-03-25T15:00,24.9,33,7.7,870.4,12.4,321,Ratnapark,27.7063,85.3152
2025-03-25T16:00,23.9,37,8.3,870.0,11.7,317,Ratnapark,27.7063,85.3152
2025-03-25T17:00,22.4,42,8.9,869.7,8.8,309,Ratnapark,27.7063,85.3152
2025-03-25T18:00,20.6,50,9.7,869.6,5.4,256,Ratnapark,27.7063,85.3152
2025-03-25T19:00,19.4,52,9.4,869.8,5.2,221,Ratnapark,27.7063,85.3152
2025-03-25T20:00,18.4,55,9.1,870.0,3.5,204,Ratnapark,27.7063,85.3152
2025-03-25T21:00,17.5,56,8.8,869.9,2.3,198,Ratnapark,27.7063,85.3152
2025-03-25T22:00,17.3,59,9.2,870.0,1.4,203,Ratnapark,27.7063,85.3152
2025-03-25T23:00,17.5,55,8.3,869.5,0.6,198,Ratnapark,27.7063,85.3152
2025-03-26T00:00,17.3,54,8.0,869.0,0.5,180,Ratnapark,27.7063,85.3152
2025-03-26T01:00,17.1,55,8.0,868.3,0.7,166,Ratnapark,27.7063,85.3152
2025-03-26T02:00,16.6,57,8.0,867.6,1.2,141,Ratnapark,27.7063,85.3152
2025-03-26T03:00,16.0,59,8.0,866.9,1.8,143,Ratnapark,27.7063,85.3152
2025-03-26T04:00,15.1,63,8.0,866.7,3.6,143,Ratnapark,27.7063,85.3152
2025-03-26T05:00,14.8,63,7.9,867.0,4.1,146,Ratnapark,27.7063,85.3152
2025-03-26T06:00,15.6,63,8.6,868.5,4.0,144,Ratnapark,27.7063,85.3152
2025-03-26T07:00,17.9,59,9.7,870.3,6.0,119,Ratnapark,27.7063,85.3152
2025-03-26T08:00,20.7,47,8.8,872.0,5.0,90,Ratnapark,27.7063,85.3152
2025-03-26T09:00,22.8,39,8.2,872.6,3.7,79,Ratnapark,27.7063,85.3152
2025-03-26T10:00,24.6,36,8.6,872.8,3.4,16,Ratnapark,27.7063,85.3152
2025-03-26T11:00,25.9,33,8.5,872.2,7.4,337,Ratnapark,27.7063,85.3152
2025-03-26T12:00,26.7,31,8.4,871.5,9.0,301,Ratnapark,27.7063,85.3152
2025-03-26T13:00,26.3,34,9.2,870.3,10.9,286,Ratnapark,27.7063,85.3152
2025-03-26T14:00,25.9,35,9.2,869.7,8.8,275,Ratnapark,27.7063,85.3152
2025-03-26T15:00,25.5,34,8.6,869.1,6.7,262,Ratnapark,27.7063,85.3152
2025-03-26T16:00,24.8,37,9.0,868.8,10.0,261,Ratnapark,27.7063,85.3152
2025-03-26T17:00,23.3,43,9.9,868.6,7.4,252,Ratnapark,27.7063,85.3152
2025-03-26T18:00,21.9,49,10.7,868.9,6.5,231,Ratnapark,27.7063,85.3152
2025-03-26T19:00,20.1,58,11.6,868.7,7.9,200,Ratnapark,27.7063,85.3152
2025-03-26T20:00,18.7,65,12.0,869.0,6.4,191,Ratnapark,27.7063,85.3152
2025-03-26T21:00,17.8,70,12.2,868.6,3.6,189,Ratnapark,27.7063,85.3152
2025-03-26T22:00,17.7,69,11.9,868.9,0.7,180,Ratnapark,27.7063,85.3152
2025-03-26T23:00,17.8,67,11.7,868.6,0.7,180,Ratnapark,27.7063,85.3152
2025-03-27T00:00,17.7,67,11.5,868.0,1.3,172,Ratnapark,27.7063,85.3152
2025-03-27T01:00,17.2,68,11.4,867.3,2.7,152,Ratnapark,27.7063,85.3152
2025-03-27T02:00,17.1,66,10.8,866.6,3.9,143,Ratnapark,27.7063,85.3152
2025-03-27T03:00,16.9,66,10.5,866.1,5.3,142,Ratnapark,27.7063,85.3152
2025-03-27T04:00,15.9,70,10.4,865.7,7.0,138,Ratnapark,27.7063,85.3152
2025-03-27T05:00,15.1,73,10.3,865.9,7.4,135,Ratnapark,27.7063,85.3152
2025-03-27T06:00,15.6,73,10.8,866.8,8.3,147,Ratnapark,27.7063,85.3152
2025-03-27T07:00,18.3,64,11.4,868.8,6.9,118,Ratnapark,27.7063,85.3152
2025-03-27T08:00,21.4,51,10.9,870.4,7.3,97,Ratnapark,27.7063,85.3152
2025-03-27T09:00,23.7,44,10.8,870.9,7.2,102,Ratnapark,27.7063,85.3152
2025-03-27T10:00,25.6,40,10.9,871.2,5.1,98,Ratnapark,27.7063,85.3152
2025-03-27T11:00,27.1,36,10.9,870.6,2.2,95,Ratnapark,27.7063,85.3152
2025-03-27T12:00,28.4,33,10.6,869.7,2.6,295,Ratnapark,27.7063,85.3152
2025-03-27T13:00,28.9,31,10.0,868.7,8.7,302,Ratnapark,27.7063,85.3152
2025-03-27T14:00,28.6,31,9.9,868.2,12.1,300,Ratnapark,27.7063,85.3152
2025-03-27T15:00,27.6,33,10.0,867.7,12.6,299,Ratnapark,27.7063,85.3152
2025-03-27T16:00,26.6,35,9.9,867.7,12.3,299,Ratnapark,27.7063,85.3152
2025-03-27T17:00,25.1,41,11.0,867.7,10.4,293,Ratnapark,27.7063,85.3152
2025-03-27T18:00,23.4,49,12.0,867.5,6.2,260,Ratnapark,27.7063,85.3152
2025-03-27T19:00,21.9,57,13.1,868.0,5.1,225,Ratnapark,27.7063,85.3152
2025-03-27T20:00,20.7,65,14.0,868.0,2.4,189,Ratnapark,27.7063,85.3152
2025-03-27T21:00,19.6,71,14.2,868.1,2.3,180,Ratnapark,27.7063,85.3152
2025-03-27T22:00,19.5,71,14.1,868.2,4.0,170,Ratnapark,27.7063,85.3152
2025-03-27T23:00,19.3,68,13.2,867.7,5.4,165,Ratnapark,27.7063,85.3152
2025-03-28T00:00,18.7,68,12.8,867.2,5.1,163,Ratnapark,27.7063,85.3152
2025-03-28T01:00,17.9,71,12.6,866.1,4.5,166,Ratnapark,27.7063,85.3152
2025-03-28T02:00,17.2,73,12.3,865.2,4.5,166,Ratnapark,27.7063,85.3152
2025-03-28T03:00,16.6,74,11.9,864.7,5.3,162,Ratnapark,27.7063,85.3152
2025-03-28T04:00,15.9,76,11.7,864.9,5.6,158,Ratnapark,27.7063,85.3152
2025-03-28T05:00,15.5,77,11.4,865.4,5.9,157,Ratnapark,27.7063,85.3152
2025-03-28T06:00,15.7,80,12.3,866.1,5.8,160,Ratnapark,27.7063,85.3152
2025-03-28T07:00,19.8,66,13.3,869.1,3.7,133,Ratnapark,27.7063,85.3152
2025-03-28T08:00,22.7,51,11.9,870.6,0.6,18,Ratnapark,27.7063,85.3152
2025-03-28T09:00,24.7,41,10.6,871.2,2.8,305,Ratnapark,27.7063,85.3152
2025-03-28T10:00,26.7,35,9.8,871.4,6.7,290,Ratnapark,27.7063,85.3152
2025-03-28T11:00,27.8,33,10.2,871.2,11.5,297,Ratnapark,27.7063,85.3152
2025-03-28T12:00,27.9,32,9.7,870.6,15.7,300,Ratnapark,27.7063,85.3152
2025-03-28T13:00,27.9,30,8.6,870.1,14.8,303,Ratnapark,27.7063,85.3152
2025-03-28T14:00,28.1,28,7.7,869.2,13.4,299,Ratnapark,27.7063,85.3152
2025-03-28T15:00,27.5,27,7.1,868.6,13.2,292,Ratnapark,27.7063,85.3152
2025-03-28T16:00,26.4,29,6.9,868.4,12.9,283,Ratnapark,27.7063,85.3152
2025-03-28T17:00,24.6,34,7.6,868.1,11.1,277,Ratnapark,27.7063,85.3152
2025-03-28T18:00,22.9,47,11.1,867.9,10.3,283,Ratnapark,27.7063,85.3152
2025-03-28T19:00,22.3,52,12.1,868.6,4.2,263,Ratnapark,27.7063,85.3152
2025-03-28T20:00,21.7,55,12.2,868.9,3.2,207,Ratnapark,27.7063,85.3152
2025-03-28T21:00,20.8,58,12.2,868.6,3.5,189,Ratnapark,27.7063,85.3152
2025-03-28T22:00,19.4,63,12.2,867.8,4.0,185,Ratnapark,27.7063,85.3152
2025-03-28T23:00,18.4,67,12.1,867.0,3.8,185,Ratnapark,27.7063,85.3152
2025-03-29T00:00,17.8,67,11.6,866.2,4.9,172,Ratnapark,27.7063,85.3152
2025-03-29T01:00,17.5,65,10.7,865.5,5.4,160,Ratnapark,27.7063,85.3152
2025-03-29T02:00,17.2,62,9.9,864.8,5.4,154,Ratnapark,27.7063,85.3152
2025-03-29T03:00,16.6,63,9.6,864.3,6.2,147,Ratnapark,27.7063,85.3152
2025-03-29T04:00,16.2,64,9.4,864.4,6.5,146,Ratnapark,27.7063,85.3152
2025-03-29T05:00,15.8,65,9.2,864.8,6.4,148,Ratnapark,27.7063,85.3152
2025-03-29T06:00,16.0,67,9.8,865.5,7.1,146,Ratnapark,27.7063,85.3152
2025-03-29T07:00,18.9,61,11.1,868.0,7.1,135,Ratnapark,27.7063,85.3152
2025-03-29T08:00,22.4,47,10.5,870.2,5.1,100,Ratnapark,27.7063,85.3152
2025-03-29T09:00,25.6,29,6.1,871.1,3.3,81,Ratnapark,27.7063,85.3152
2025-03-29T10:00,28.1,19,2.6,871.7,1.0,338,Ratnapark,27.7063,85.3152
2025-03-29T11:00,29.5,18,2.5,871.1,5.3,282,Ratnapark,27.7063,85.3152
2025-03-29T12:00,30.2,18,3.0,870.6,11.3,277,Ratnapark,27.7063,85.3152
2025-03-29T13:00,30.1,16,1.6,869.9,14.1,274,Ratnapark,27.7063,85.3152
2025-03-29T14:00,29.4,16,1.3,869.4,13.2,276,Ratnapark,27.7063,85.3152
2025-03-29T15:00,28.3,19,2.3,869.0,11.9,281,Ratnapark,27.7063,85.3152
2025-03-29T16:00,26.7,23,4.0,869.0,11.4,286,Ratnapark,27.7063,85.3152
2025-03-29T17:00,24.7,29,5.7,868.8,8.2,299,Ratnapark,27.7063,85.3152
2025-03-29T18:00,23.0,39,8.4,868.9,7.2,284,Ratnapark,27.7063,85.3152
2025-03-29T19:00,22.1,43,8.8,869.6,6.3,263,Ratnapark,27.7063,85.3152
2025-03-29T20:00,21.4,46,9.2,870.2,4.8,239,Ratnapark,27.7063,85.3152
2025-03-29T21:00,20.9,48,9.5,870.7,3.4,245,Ratnapark,27.7063,85.3152
2025-03-29T22:00,20.2,51,9.7,871.0,2.7,238,Ratnapark,27.7063,85.3152
2025-03-29T23:00,19.5,53,9.7,870.4,3.3,209,Ratnapark,27.7063,85.3152
2025-03-30T00:00,18.7,56,9.8,869.4,3.8,197,Ratnapark,27.7063,85.3152
2025-03-30T01:00,18.1,58,9.7,868.3,3.5,189,Ratnapark,27.7063,85.3152
2025-03-30T02:00,17.5,60,9.5,867.4,3.1,183,Ratnapark,27.7063,85.3152
2025-03-30T03:00,17.0,60,9.2,866.8,3.6,174,Ratnapark,27.7063,85.3152
2025-03-30T04:00,16.4,61,8.8,866.8,4.1,165,Ratnapark,27.7063,85.3152
2025-03-30T05:00,15.7,62,8.5,867.1,5.2,158,Ratnapark,27.7063,85.3152
2025-03-30T06:00,15.3,71,10.1,868.1,6.5,156,Ratnapark,27.7063,85.3152
2025-03-30T07:00,19.4,58,10.9,870.9,6.9,139,Ratnapark,27.7063,85.3152
2025-03-30T08:00,23.3,42,9.5,873.1,4.8,112,Ratnapark,27.7063,85.3152
2025-03-30T09:00,25.7,33,8.1,874.2,2.7,122,Ratnapark,27.7063,85.3152
2025-03-30T10:00,27.5,26,6.2,874.7,1.4,180,Ratnapark,27.7063,85.3152
2025-03-30T11:00,28.8,22,5.0,874.6,3.5,231,Ratnapark,27.7063,85.3152
2025-03-30T12:00,29.5,22,5.3,874.1,6.5,268,Ratnapark,27.7063,85.3152
2025-03-30T13:00,29.3,25,7.4,873.5,10.4,281,Ratnapark,27.7063,85.3152
2025-03-30T14:00,28.6,26,7.3,872.5,12.0,282,Ratnapark,27.7063,85.3152
2025-03-30T15:00,27.7,24,5.5,872.0,11.9,284,Ratnapark,27.7063,85.3152
2025-03-30T16:00,26.4,25,4.8,871.8,11.5,292,Ratnapark,27.7063,85.3152
2025-03-30T17:00,24.5,28,4.9,871.5,8.9,298,Ratnapark,27.7063,85.3152
2025-03-30T18:00,23.0,36,7.0,871.7,8.2,289,Ratnapark,27.7063,85.3152
2025-03-30T19:00,22.0,39,7.5,872.4,5.3,258,Ratnapark,27.7063,85.3152
2025-03-30T20:00,21.0,43,7.9,873.0,2.7,228,Ratnapark,27.7063,85.3152
2025-03-30T21:00,20.0,46,7.9,873.2,1.5,210,Ratnapark,27.7063,85.3152
2025-03-30T22:00,19.1,49,8.3,872.8,2.1,200,Ratnapark,27.7063,85.3152
2025-03-30T23:00,18.6,51,8.2,872.2,2.9,191,Ratnapark,27.7063,85.3152
2025-03-31T00:00,17.9,52,7.9,871.4,3.3,193,Ratnapark,27.7063,85.3152
2025-03-31T01:00,17.4,52,7.5,870.3,3.5,189,Ratnapark,27.7063,85.3152
2025-03-31T02:00,16.8,52,6.9,869.3,3.4,177,Ratnapark,27.7063,85.3152
2025-03-31T03:00,16.2,52,6.3,868.7,3.8,169,Ratnapark,27.7063,85.3152
2025-03-31T04:00,15.6,52,5.9,868.5,5.0,159,Ratnapark,27.7063,85.3152
2025-03-31T05:00,15.0,54,5.7,868.8,5.4,159,Ratnapark,27.7063,85.3152
2025-03-31T06:00,14.8,67,8.7,870.0,4.1,167,Ratnapark,27.7063,85.3152
2025-03-31T07:00,19.2,58,10.7,873.0,3.6,160,Ratnapark,27.7063,85.3152
2025-03-31T08:00,22.1,42,8.6,874.4,0.3,45,Ratnapark,27.7063,85.3152
2025-03-31T09:00,24.0,36,7.9,875.0,2.9,317,Ratnapark,27.7063,85.3152
2025-03-31T10:00,25.8,30,7.1,875.2,5.4,307,Ratnapark,27.7063,85.3152
2025-03-31T11:00,27.1,27,6.5,874.7,8.3,303,Ratnapark,27.7063,85.3152
2025-03-31T12:00,27.8,26,6.6,874.2,11.3,297,Ratnapark,27.7063,85.3152
2025-03-31T13:00,28.1,25,6.4,873.3,13.2,292,Ratnapark,27.7063,85.3152
2025-03-31T14:00,27.8,24,5.2,872.2,13.7,295,Ratnapark,27.7063,85.3152
2025-03-31T15:00,27.2,22,3.8,871.6,13.4,303,Ratnapark,27.7063,85.3152
2025-03-31T16:00,26.1,25,4.3,871.2,12.5,300,Ratnapark,27.7063,85.3152
2025-03-31T17:00,24.5,29,5.3,870.7,9.0,296,Ratnapark,27.7063,85.3152
2025-03-31T18:00,22.9,36,7.1,870.4,5.6,277,Ratnapark,27.7063,85.3152
2025-03-31T19:00,21.5,43,8.4,870.8,3.8,245,Ratnapark,27.7063,85.3152
2025-03-31T20:00,20.7,47,8.9,871.1,4.9,234,Ratnapark,27.7063,85.3152
2025-03-31T21:00,20.3,45,8.0,871.5,4.7,242,Ratnapark,27.7063,85.3152
2025-03-31T22:00,19.7,46,7.7,871.3,3.5,235,Ratnapark,27.7063,85.3152
2025-03-31T23:00,18.9,48,7.8,870.6,2.7,217,Ratnapark,27.7063,85.3152
2025-04-01T00:00,18.1,51,7.8,869.8,2.7,200,Ratnapark,27.7063,85.3152
2025-04-01T01:00,17.1,56,8.2,868.8,1.3,196,Ratnapark,27.7063,85.3152
2025-04-01T02:00,16.8,56,7.9,868.3,1.3,180,Ratnapark,27.7063,85.3152
2025-04-01T03:00,16.1,58,7.8,867.9,2.4,163,Ratnapark,27.7063,85.3152
2025-04-01T04:00,15.9,57,7.3,868.2,3.2,153,Ratnapark,27.7063,85.3152
2025-04-01T05:00,15.4,57,7.0,868.6,3.6,153,Ratnapark,27.7063,85.3152
2025-04-01T06:00,15.6,62,8.3,869.3,5.2,158,Ratnapark,27.7063,85.3152
2025-04-01T07:00,18.6,56,9.7,871.5,5.8,144,Ratnapark,27.7063,85.3152
2025-04-01T08:00,22.0,39,7.5,873.3,2.7,118,Ratnapark,27.7063,85.3152
2025-04-01T09:00,24.4,27,4.0,874.1,0.2,90,Ratnapark,27.7063,85.3152
2025-04-01T10:00,26.4,17,-0.6,874.4,3.0,295,Ratnapark,27.7063,85.3152
2025-04-01T11:00,27.6,16,-0.7,874.3,6.4,297,Ratnapark,27.7063,85.3152
2025-04-01T12:00,28.1,17,0.8,873.7,9.6,298,Ratnapark,27.7063,85.3152
2025-04-01T13:00,28.4,15,-0.4,872.8,11.8,297,Ratnapark,27.7063,85.3152
2025-04-01T14:00,28.2,13,-2.8,871.9,12.6,294,Ratnapark,27.7063,85.3152
2025-04-01T15:00,27.5,13,-3.1,871.3,12.5,288,Ratnapark,27.7063,85.3152
2025-04-01T16:00,26.2,16,-1.5,870.9,11.8,283,Ratnapark,27.7063,85.3152
2025-04-01T17:00,24.3,21,0.5,870.4,8.6,278,Ratnapark,27.7063,85.3152
2025-04-01T18:00,23.0,29,3.9,870.9,7.1,254,Ratnapark,27.7063,85.3152
2025-04-01T19:00,21.7,35,5.5,871.4,6.1,230,Ratnapark,27.7063,85.3152
2025-04-01T20:00,20.3,41,6.6,871.7,4.4,210,Ratnapark,27.7063,85.3152
2025-04-01T21:00,19.1,45,6.9,871.5,3.3,186,Ratnapark,27.7063,85.3152
2025-04-01T22:00,17.9,49,7.1,871.3,2.5,184,Ratnapark,27.7063,85.3152
2025-04-01T23:00,17.4,48,6.3,870.9,0.4,180,Ratnapark,27.7063,85.3152
2025-04-02T00:00,17.4,45,5.4,870.4,1.3,180,Ratnapark,27.7063,85.3152
2025-04-02T01:00,17.4,44,5.0,870.0,2.4,167,Ratnapark,27.7063,85.3152
2025-04-02T02:00,16.9,45,4.8,869.6,3.2,161,Ratnapark,27.7063,85.3152
2025-04-02T03:00,16.2,46,4.6,869.3,4.0,150,Ratnapark,27.7063,85.3152
2025-04-02T04:00,16.4,45,4.3,869.6,4.9,147,Ratnapark,27.7063,85.3152
2025-04-02T05:00,15.4,47,4.2,869.6,5.6,149,Ratnapark,27.7063,85.3152
2025-04-02T06:00,15.5,49,5.0,870.4,5.9,153,Ratnapark,27.7063,85.3152
2025-04-02T07:00,19.5,41,5.8,873.2,5.5,128,Ratnapark,27.7063,85.3152
2025-04-02T08:00,22.6,31,4.7,875.1,4.0,93,Ratnapark,27.7063,85.3152
2025-04-02T09:00,24.7,24,2.9,875.7,1.9,41,Ratnapark,27.7063,85.3152
2025-04-02T10:00,26.3,20,1.6,875.9,3.0,335,Ratnapark,27.7063,85.3152
2025-04-02T11:00,27.8,17,0.9,875.7,5.2,299,Ratnapark,27.7063,85.3152
2025-04-02T12:00,28.3,17,1.3,875.2,9.4,293,Ratnapark,27.7063,85.3152
2025-04-02T13:00,27.8,19,2.3,874.4,11.3,295,Ratnapark,27.7063,85.3152
2025-04-02T14:00,27.8,19,2.2,873.6,11.8,294,Ratnapark,27.7063,85.3152
2025-04-02T15:00,26.5,20,1.8,872.8,12.3,302,Ratnapark,27.7063,85.3152
2025-04-02T16:00,25.3,21,1.3,872.5,10.5,294,Ratnapark,27.7063,85.3152
2025-04-02T17:00,24.2,22,1.4,872.5,8.4,279,Ratnapark,27.7063,85.3152
2025-04-02T18:00,23.1,28,3.8,873.0,7.4,276,Ratnapark,27.7063,85.3152
2025-04-02T19:00,22.3,32,4.6,873.5,4.4,243,Ratnapark,27.7063,85.3152
2025-04-02T20:00,21.5,34,5.1,873.9,4.2,230,Ratnapark,27.7063,85.3152
2025-04-02T21:00,20.2,38,5.4,873.8,3.6,221,Ratnapark,27.7063,85.3152
2025-04-02T22:00,19.3,40,5.2,873.5,2.3,209,Ratnapark,27.7063,85.3152
2025-04-02T23:00,18.5,40,4.6,873.0,2.1,211,Ratnapark,27.7063,85.3152
2025-04-03T00:00,18.2,39,3.9,872.4,2.1,200,Ratnapark,27.7063,85.3152
2025-04-03T01:00,17.9,39,3.7,872.0,2.4,197,Ratnapark,27.7063,85.3152
2025-04-03T02:00,16.9,40,3.3,871.2,2.2,189,Ratnapark,27.7063,85.3152
2025-04-03T03:00,16.7,39,2.6,870.8,2.7,184,Ratnapark,27.7063,85.3152
2025-04-03T04:00,16.3,38,1.8,871.0,2.7,176,Ratnapark,27.7063,85.3152
2025-04-03T05:00,15.4,38,1.0,871.3,1.7,162,Ratnapark,27.7063,85.3152
2025-04-03T06:00,17.0,39,3.0,872.3,3.8,177,Ratnapark,27.7063,85.3152
2025-04-03T07:00,19.8,35,3.8,874.7,2.6,155,Ratnapark,27.7063,85.3152
2025-04-03T08:00,23.1,19,-1.6,876.3,1.8,349,Ratnapark,27.7063,85.3152
2025-04-03T09:00,25.2,16,-2.5,876.8,5.4,312,Ratnapark,27.7063,85.3152
2025-04-03T10:00,26.5,17,-0.9,877.0,8.5,306,Ratnapark,27.7063,85.3152
2025-04-03T11:00,27.4,17,0.5,876.5,10.2,301,Ratnapark,27.7063,85.3152
2025-04-03T12:00,27.9,18,1.1,876.0,11.8,298,Ratnapark,27.7063,85.3152
2025-04-03T13:00,28.0,16,0.2,875.4,13.4,299,Ratnapark,27.7063,85.3152
2025-04-03T14:00,27.3,15,-1.4,874.2,14.4,300,Ratnapark,27.7063,85.3152
2025-04-03T15:00,26.8,15,-2.4,873.5,13.9,300,Ratnapark,27.7063,85.3152
2025-04-03T16:00,25.8,15,-2.7,872.7,12.9,295,Ratnapark,27.7063,85.3152
2025-04-03T17:00,24.4,17,-2.5,872.4,11.1,284,Ratnapark,27.7063,85.3152
2025-04-03T18:00,22.5,21,-0.7,873.0,8.1,275,Ratnapark,27.7063,85.3152
2025-04-03T19:00,22.0,22,-1.0,873.5,6.7,286,Ratnapark,27.7063,85.3152
2025-04-03T20:00,21.3,22,-1.6,874.0,6.8,270,Ratnapark,27.7063,85.3152
2025-04-03T21:00,20.8,23,-1.4,874.3,5.4,256,Ratnapark,27.7063,85.3152
2025-04-03T22:00,19.9,24,-1.1,874.1,3.6,237,Ratnapark,27.7063,85.3152
2025-04-03T23:00,19.3,26,-0.6,873.8,3.8,205,Ratnapark,27.7063,85.3152
2025-04-04T00:00,19.1,28,-0.0,873.3,3.0,194,Ratnapark,27.7063,85.3152
2025-04-04T01:00,18.7,29,0.1,872.6,2.7,188,Ratnapark,27.7063,85.3152
2025-04-04T02:00,17.9,30,0.1,871.6,2.0,175,Ratnapark,27.7063,85.3152
2025-04-04T03:00,16.9,31,-0.1,871.0,3.1,156,Ratnapark,27.7063,85.3152
2025-04-04T04:00,16.0,33,-0.4,870.7,5.2,149,Ratnapark,27.7063,85.3152
2025-04-04T05:00,15.0,35,-0.3,870.5,5.9,149,Ratnapark,27.7063,85.3152
2025-04-04T06:00,15.3,39,1.4,871.6,7.1,144,Ratnapark,27.7063,85.3152
2025-04-04T07:00,19.2,34,2.8,873.9,6.4,135,Ratnapark,27.7063,85.3152
2025-04-04T08:00,23.0,25,1.9,875.4,3.3,96,Ratnapark,27.7063,85.3152
2025-04-04T09:00,25.1,16,-2.9,875.7,3.0,303,Ratnapark,27.7063,85.3152
2025-04-04T10:00,26.5,13,-4.1,875.8,8.7,291,Ratnapark,27.7063,85.3152
2025-04-04T11:00,27.2,13,-3.2,875.0,11.1,292,Ratnapark,27.7063,85.3152
2025-04-04T12:00,27.6,14,-2.6,874.1,12.5,293,Ratnapark,27.7063,85.3152
2025-04-04T13:00,27.7,13,-3.1,873.3,13.5,295,Ratnapark,27.7063,85.3152
2025-04-04T14:00,27.3,13,-3.8,872.1,13.8,292,Ratnapark,27.7063,85.3152
2025-04-04T15:00,26.6,13,-3.9,871.5,13.8,284,Ratnapark,27.7063,85.3152
2025-04-04T16:00,25.6,14,-3.8,870.9,12.9,282,Ratnapark,27.7063,85.3152
2025-04-04T17:00,23.9,17,-2.7,870.5,11.6,282,Ratnapark,27.7063,85.3152
2025-04-04T18:00,22.7,19,-2.0,870.9,8.3,252,Ratnapark,27.7063,85.3152
2025-04-04T19:00,22.3,21,-1.3,871.7,5.7,238,Ratnapark,27.7063,85.3152
2025-04-04T20:00,21.4,23,-0.7,872.1,2.8,215,Ratnapark,27.7063,85.3152
2025-04-04T21:00,20.7,25,-0.2,872.4,2.9,202,Ratnapark,27.7063,85.3152
2025-04-04T22:00,19.8,27,0.1,871.8,0.9,169,Ratnapark,27.7063,85.3152
2025-04-04T23:00,19.6,27,0.1,871.2,3.8,161,Ratnapark,27.7063,85.3152
2025-04-05T00:00,18.4,29,0.0,870.1,5.8,146,Ratnapark,27.7063,85.3152
2025-04-05T01:00,17.7,30,-0.3,869.7,6.7,136,Ratnapark,27.7063,85.3152
2025-04-05T02:00,16.9,31,-0.5,869.3,7.3,138,Ratnapark,27.7063,85.3152
2025-04-05T03:00,16.5,32,-0.5,868.9,7.3,136,Ratnapark,27.7063,85.3152
2025-04-05T04:00,16.1,33,-0.4,869.0,7.1,139,Ratnapark,27.7063,85.3152
2025-04-05T05:00,15.7,34,-0.3,869.2,7.4,141,Ratnapark,27.7063,85.3152
2025-04-05T06:00,16.1,37,1.4,869.9,8.4,145,Ratnapark,27.7063,85.3152
2025-04-05T07:00,19.1,32,2.0,871.7,6.9,127,Ratnapark,27.7063,85.3152
2025-04-05T08:00,22.8,24,1.2,873.5,4.7,118,Ratnapark,27.7063,85.3152
2025-04-05T09:00,25.3,19,-0.1,874.1,1.6,84,Ratnapark,27.7063,85.3152
2025-04-05T10:00,26.9,17,-0.2,874.1,3.5,325,Ratnapark,27.7063,85.3152
2025-04-05T11:00,27.7,17,0.2,873.8,8.6,301,Ratnapark,27.7063,85.3152
2025-04-05T12:00,27.8,16,0.1,872.9,11.4,283,Ratnapark,27.7063,85.3152
2025-04-05T13:00,27.6,17,0.2,872.0,11.5,271,Ratnapark,27.7063,85.3152
2025-04-05T14:00,27.0,18,0.7,871.1,12.7,259,Ratnapark,27.7063,85.3152
2025-04-05T15:00,26.5,19,1.3,870.3,11.3,252,Ratnapark,27.7063,85.3152
2025-04-05T16:00,25.8,20,0.9,869.9,11.7,268,Ratnapark,27.7063,85.3152
2025-04-05T17:00,24.5,21,0.6,869.5,11.4,273,Ratnapark,27.7063,85.3152
2025-04-05T18:00,23.3,24,1.6,870.0,9.1,240,Ratnapark,27.7063,85.3152
2025-04-05T19:00,22.2,27,2.3,870.3,5.7,198,Ratnapark,27.7063,85.3152
2025-04-05T20:00,21.0,31,3.1,870.6,4.9,184,Ratnapark,27.7063,85.3152
2025-04-05T21:00,20.2,33,3.5,870.4,2.5,176,Ratnapark,27.7063,85.3152
2025-04-05T22:00,20.1,30,1.8,870.3,2.0,185,Ratnapark,27.7063,85.3152
2025-04-05T23:00,20.3,29,1.6,870.4,0.9,180,Ratnapark,27.7063,85.3152
2025-04-06T00:00,20.0,29,1.3,869.9,0.7,166,Ratnapark,27.7063,85.3152
2025-04-06T01:00,19.4,30,1.2,869.4,2.1,142,Ratnapark,27.7063,85.3152
2025-04-06T02:00,18.6,31,1.1,869.3,4.3,132,Ratnapark,27.7063,85.3152
2025-04-06T03:00,18.8,31,1.2,869.5,5.7,134,Ratnapark,27.7063,85.3152
2025-04-06T04:00,17.9,33,1.4,869.6,7.1,131,Ratnapark,27.7063,85.3152
2025-04-06T05:00,17.2,35,1.7,869.9,7.3,140,Ratnapark,27.7063,85.3152
2025-04-06T06:00,16.3,46,4.7,870.1,9.3,146,Ratnapark,27.7063,85.3152
2025-04-06T07:00,19.5,40,5.4,872.2,7.7,129,Ratnapark,27.7063,85.3152
2025-04-06T08:00,23.2,32,5.8,874.0,6.4,101,Ratnapark,27.7063,85.3152
2025-04-06T09:00,25.8,24,3.6,874.7,4.7,94,Ratnapark,27.7063,85.3152
2025-04-06T10:00,27.6,20,2.6,874.7,0.4,63,Ratnapark,27.7063,85.3152
2025-04-06T11:00,28.4,19,2.3,874.2,3.3,276,Ratnapark,27.7063,85.3152
2025-04-06T12:00,28.7,18,2.1,873.2,6.5,276,Ratnapark,27.7063,85.3152
2025-04-06T13:00,28.7,18,2.1,872.4,11.0,289,Ratnapark,27.7063,85.3152
2025-04-06T14:00,27.5,19,2.1,871.4,11.6,294,Ratnapark,27.7063,85.3152
2025-04-06T15:00,27.0,21,2.6,870.9,11.9,308,Ratnapark,27.7063,85.3152
2025-04-06T16:00,26.2,23,3.2,870.6,11.6,318,Ratnapark,27.7063,85.3152
2025-04-06T17:00,25.3,25,4.0,870.8,6.9,307,Ratnapark,27.7063,85.3152
2025-04-06T18:00,23.7,30,5.1,871.4,3.2,214,Ratnapark,27.7063,85.3152
2025-04-06T19:00,22.2,36,6.5,871.5,5.5,191,Ratnapark,27.7063,85.3152
2025-04-06T20:00,20.7,43,7.7,872.0,5.6,184,Ratnapark,27.7063,85.3152
2025-04-06T21:00,19.6,47,7.9,871.9,6.1,177,Ratnapark,27.7063,85.3152
2025-04-06T22:00,19.3,47,7.6,872.1,5.4,172,Ratnapark,27.7063,85.3152
2025-04-06T23:00,19.1,47,7.4,872.4,4.0,159,Ratnapark,27.7063,85.3152
2025-04-07T00:00,19.6,44,6.9,872.6,4.4,159,Ratnapark,27.7063,85.3152
2025-04-07T01:00,19.6,43,6.8,872.1,3.1,149,Ratnapark,27.7063,85.3152
2025-04-07T02:00,19.4,44,6.8,871.5,2.2,171,Ratnapark,27.7063,85.3152
2025-04-07T03:00,18.9,44,6.5,871.1,1.3,172,Ratnapark,27.7063,85.3152
2025-04-07T04:00,18.6,41,5.3,871.5,2.3,157,Ratnapark,27.7063,85.3152
2025-04-07T05:00,17.8,45,5.7,872.2,4.2,160,Ratnapark,27.7063,85.3152
2025-04-07T06:00,17.0,57,8.5,872.9,6.6,163,Ratnapark,27.7063,85.3152
2025-04-07T07:00,20.4,50,9.7,875.1,3.6,131,Ratnapark,27.7063,85.3152
2025-04-07T08:00,23.1,39,8.6,876.6,4.0,80,Ratnapark,27.7063,85.3152
2025-04-07T09:00,24.7,34,7.8,877.1,2.7,23,Ratnapark,27.7063,85.3152
2025-04-07T10:00,25.8,30,7.0,877.0,6.1,336,Ratnapark,27.7063,85.3152
2025-04-07T11:00,27.0,28,6.7,876.6,8.9,341,Ratnapark,27.7063,85.3152
2025-04-07T12:00,27.6,27,7.1,875.7,10.4,332,Ratnapark,27.7063,85.3152
2025-04-07T13:00,27.6,28,7.3,875.0,11.4,307,Ratnapark,27.7063,85.3152
2025-04-07T14:00,26.8,30,7.6,874.1,12.0,303,Ratnapark,27.7063,85.3152
2025-04-07T15:00,26.2,31,7.5,873.7,14.7,313,Ratnapark,27.7063,85.3152
2025-04-07T16:00,25.0,34,7.9,873.4,13.3,311,Ratnapark,27.7063,85.3152
2025-04-07T17:00,24.1,38,8.8,873.5,8.5,305,Ratnapark,27.7063,85.3152
2025-04-07T18:00,22.1,56,13.0,873.4,2.6,254,Ratnapark,27.7063,85.3152
2025-04-07T19:00,21.3,52,11.1,874.1,3.4,198,Ratnapark,27.7063,85.3152
2025-04-07T20:00,20.3,61,12.5,874.7,3.8,177,Ratnapark,27.7063,85.3152
2025-04-07T21:00,19.0,70,13.5,874.6,3.6,174,Ratnapark,27.7063,85.3152
2025-04-07T22:00,18.1,77,14.1,874.3,4.2,175,Ratnapark,27.7063,85.3152
2025-04-07T23:00,17.7,81,14.4,874.2,3.1,167,Ratnapark,27.7063,85.3152
2025-04-08T00:00,17.9,79,14.1,873.9,4.8,155,Ratnapark,27.7063,85.3152
2025-04-08T01:00,18.3,69,12.5,873.9,5.5,142,Ratnapark,27.7063,85.3152
2025-04-08T02:00,18.5,65,11.7,874.0,5.4,132,Ratnapark,27.7063,85.3152
2025-04-08T03:00,18.3,65,11.5,873.9,5.4,140,Ratnapark,27.7063,85.3152
2025-04-08T04:00,17.6,68,11.7,873.7,4.8,158,Ratnapark,27.7063,85.3152
2025-04-08T05:00,16.3,75,11.9,873.8,6.2,158,Ratnapark,27.7063,85.3152
2025-04-08T06:00,17.2,77,13.2,876.0,6.9,166,Ratnapark,27.7063,85.3152
2025-04-08T07:00,19.4,71,14.0,878.2,8.9,146,Ratnapark,27.7063,85.3152
2025-04-08T08:00,20.9,62,13.4,879.4,7.6,128,Ratnapark,27.7063,85.3152
2025-04-08T09:00,22.7,56,13.4,879.9,6.8,115,Ratnapark,27.7063,85.3152
2025-04-08T10:00,23.9,54,13.9,879.9,6.0,131,Ratnapark,27.7063,85.3152
2025-04-08T11:00,24.8,51,14.0,879.4,0.9,79,Ratnapark,27.7063,85.3152
2025-04-08T12:00,22.6,58,14.0,878.4,2.7,172,Ratnapark,27.7063,85.3152
2025-04-08T13:00,21.7,62,14.2,877.4,2.3,309,Ratnapark,27.7063,85.3152
2025-04-08T14:00,22.4,55,12.8,876.3,2.6,56,Ratnapark,27.7063,85.3152
2025-04-08T15:00,22.3,57,13.5,875.8,3.2,3,Ratnapark,27.7063,85.3152
2025-04-08T16:00,21.8,59,13.4,875.4,4.4,353,Ratnapark,27.7063,85.3152
2025-04-08T17:00,21.4,62,13.9,875.3,2.0,80,Ratnapark,27.7063,85.3152
2025-04-08T18:00,19.9,72,14.8,874.6,2.7,188,Ratnapark,27.7063,85.3152
2025-04-08T19:00,19.1,76,14.9,874.7,5.5,189,Ratnapark,27.7063,85.3152
2025-04-08T20:00,18.3,81,15.0,875.0,5.9,182,Ratnapark,27.7063,85.3152
2025-04-08T21:00,17.6,85,15.1,875.0,4.2,168,Ratnapark,27.7063,85.3152
2025-04-08T22:00,17.0,88,15.0,874.8,5.2,153,Ratnapark,27.7063,85.3152
2025-04-08T23:00,16.9,85,14.4,874.8,6.6,147,Ratnapark,27.7063,85.3152
2025-04-09T00:00,17.0,83,14.0,874.5,6.8,155,Ratnapark,27.7063,85.3152
2025-04-09T01:00,16.8,83,14.0,873.8,6.7,156,Ratnapark,27.7063,85.3152
2025-04-09T02:00,16.7,83,13.9,873.2,4.7,157,Ratnapark,27.7063,85.3152
2025-04-09T03:00,17.0,80,13.6,872.9,4.0,162,Ratnapark,27.7063,85.3152
2025-04-09T04:00,16.7,81,13.5,872.9,5.1,163,Ratnapark,27.7063,85.3152
2025-04-09T05:00,16.2,83,13.4,872.8,4.9,163,Ratnapark,27.7063,85.3152
2025-04-09T06:00,15.9,86,13.6,873.9,7.5,147,Ratnapark,27.7063,85.3152
2025-04-09T07:00,19.7,68,13.7,876.2,4.6,108,Ratnapark,27.7063,85.3152
2025-04-09T08:00,22.4,58,13.7,876.9,5.9,90,Ratnapark,27.7063,85.3152
2025-04-09T09:00,24.0,48,12.5,877.1,3.5,99,Ratnapark,27.7063,85.3152
2025-04-09T10:00,25.3,43,11.9,876.6,0.6,124,Ratnapark,27.7063,85.3152
2025-04-09T11:00,26.7,39,11.5,876.0,1.5,353,Ratnapark,27.7063,85.3152
2025-04-09T12:00,27.1,37,11.2,874.9,3.7,247,Ratnapark,27.7063,85.3152
2025-04-09T13:00,25.4,41,11.4,873.7,8.3,228,Ratnapark,27.7063,85.3152
2025-04-09T14:00,24.6,43,11.3,872.7,9.0,227,Ratnapark,27.7063,85.3152
2025-04-09T15:00,23.8,48,12.2,872.1,6.8,230,Ratnapark,27.7063,85.3152
2025-04-09T16:00,23.7,49,12.3,872.2,4.2,260,Ratnapark,27.7063,85.3152
2025-04-09T17:00,22.2,56,12.9,872.0,7.4,267,Ratnapark,27.7063,85.3152
2025-04-09T18:00,19.8,76,15.4,871.7,6.6,225,Ratnapark,27.7063,85.3152
2025-04-09T19:00,19.2,81,15.9,872.1,3.6,207,Ratnapark,27.7063,85.3152
2025-04-09T20:00,18.9,85,16.4,872.1,4.0,150,Ratnapark,27.7063,85.3152
2025-04-09T21:00,18.1,90,16.5,872.1,6.9,137,Ratnapark,27.7063,85.3152
2025-04-09T22:00,17.7,90,16.0,871.9,5.9,160,Ratnapark,27.7063,85.3152
2025-04-09T23:00,17.2,91,15.7,871.6,5.1,157,Ratnapark,27.7063,85.3152
2025-04-10T00:00,16.6,93,15.5,870.8,5.4,150,Ratnapark,27.7063,85.3152
2025-04-10T01:00,16.0,96,15.4,870.3,6.6,125,Ratnapark,27.7063,85.3152
2025-04-10T02:00,15.5,98,15.2,868.4,4.0,188,Ratnapark,27.7063,85.3152
2025-04-10T03:00,14.7,99,14.6,868.6,2.7,298,Ratnapark,27.7063,85.3152
2025-04-10T04:00,15.2,99,15.0,868.3,6.1,146,Ratnapark,27.7063,85.3152
2025-04-10T05:00,14.9,99,14.8,868.1,7.8,146,Ratnapark,27.7063,85.3152
2025-04-10T06:00,15.5,100,15.5,869.8,6.6,123,Ratnapark,27.7063,85.3152
2025-04-10T07:00,15.8,100,15.8,870.7,7.3,138,Ratnapark,27.7063,85.3152
2025-04-10T08:00,16.9,90,15.3,871.7,5.2,139,Ratnapark,27.7063,85.3152
2025-04-10T09:00,17.5,89,15.7,872.1,8.7,124,Ratnapark,27.7063,85.3152
2025-04-10T10:00,19.2,77,15.2,872.0,9.7,115,Ratnapark,27.7063,85.3152
2025-04-10T11:00,21.6,64,14.5,871.5,10.5,115,Ratnapark,27.7063,85.3152
2025-04-10T12:00,23.3,53,13.1,870.3,10.1,107,Ratnapark,27.7063,85.3152
2025-04-10T13:00,18.7,80,15.1,869.5,6.8,217,Ratnapark,27.7063,85.3152
2025-04-10T14:00,20.6,70,15.0,868.1,3.4,317,Ratnapark,27.7063,85.3152
2025-04-10T15:00,18.9,77,14.7,867.5,4.1,315,Ratnapark,27.7063,85.3152
2025-04-10T16:00,18.2,80,14.8,867.0,2.7,143,Ratnapark,27.7063,85.3152
2025-04-10T17:00,18.0,83,15.1,867.0,3.4,122,Ratnapark,27.7063,85.3152
2025-04-10T18:00,16.8,91,15.3,866.0,6.8,115,Ratnapark,27.7063,85.3152
2025-04-10T19:00,16.3,95,15.6,866.1,4.9,129,Ratnapark,27.7063,85.3152
2025-04-10T20:00,15.6,98,15.3,866.6,5.5,153,Ratnapark,27.7063,85.3152
2025-04-10T21:00,15.6,97,15.2,867.2,6.5,150,Ratnapark,27.7063,85.3152
2025-04-10T22:00,15.5,97,15.0,867.9,4.6,149,Ratnapark,27.7063,85.3152
2025-04-10T23:00,15.5,97,15.1,868.0,3.5,141,Ratnapark,27.7063,85.3152
2025-04-11T00:00,15.5,95,14.7,867.9,4.7,113,Ratnapark,27.7063,85.3152
2025-04-11T01:00,15.2,96,14.6,867.2,5.9,125,Ratnapark,27.7063,85.3152
2025-04-11T02:00,14.8,98,14.4,866.4,6.8,132,Ratnapark,27.7063,85.3152
2025-04-11T03:00,14.4,99,14.2,865.9,5.1,162,Ratnapark,27.7063,85.3152
2025-04-11T04:00,14.4,99,14.3,866.3,5.3,123,Ratnapark,27.7063,85.3152
2025-04-11T05:00,14.0,99,13.8,866.7,4.2,130,Ratnapark,27.7063,85.3152
2025-04-11T06:00,15.0,97,14.4,867.7,7.5,111,Ratnapark,27.7063,85.3152
2025-04-11T07:00,16.3,89,14.5,868.6,8.8,110,Ratnapark,27.7063,85.3152
2025-04-11T08:00,17.6,82,14.5,869.0,10.3,117,Ratnapark,27.7063,85.3152
2025-04-11T09:00,19.8,71,14.3,869.6,7.9,131,Ratnapark,27.7063,85.3152
2025-04-11T10:00,21.4,66,14.9,869.9,4.7,176,Ratnapark,27.7063,85.3152
2025-04-11T11:00,21.6,64,14.6,868.9,5.2,194,Ratnapark,27.7063,85.3152
2025-04-11T12:00,18.2,80,14.6,868.8,9.2,259,Ratnapark,27.7063,85.3152
2025-04-11T13:00,18.9,70,13.4,868.3,3.8,343,Ratnapark,27.7063,85.3152
2025-04-11T14:00,19.8,73,14.7,867.4,5.2,286,Ratnapark,27.7063,85.3152
2025-04-11T15:00,18.9,73,14.0,867.1,4.4,328,Ratnapark,27.7063,85.3152
2025-04-11T16:00,18.7,77,14.5,866.6,3.4,342,Ratnapark,27.7063,85.3152
2025-04-11T17:00,18.1,79,14.4,866.0,2.1,340,Ratnapark,27.7063,85.3152
2025-04-11T18:00,16.3,94,15.3,866.6,0.5,135,Ratnapark,27.7063,85.3152
2025-04-11T19:00,15.9,95,15.2,867.0,2.2,175,Ratnapark,27.7063,85.3152
2025-04-11T20:00,15.2,98,14.9,867.2,3.2,177,Ratnapark,27.7063,85.3152
2025-04-11T21:00,14.5,99,14.4,867.6,2.2,171,Ratnapark,27.7063,85.3152
2025-04-11T22:00,14.3,99,14.1,867.8,2.2,166,Ratnapark,27.7063,85.3152
2025-04-11T23:00,14.5,97,14.0,868.0,2.0,153,Ratnapark,27.7063,85.3152
2025-04-12T00:00,14.7,94,13.8,867.8,3.5,165,Ratnapark,27.7063,85.3152
2025-04-12T01:00,14.1,96,13.4,866.9,3.6,160,Ratnapark,27.7063,85.3152
2025-04-12T02:00,13.6,96,13.0,866.4,5.3,162,Ratnapark,27.7063,85.3152
2025-04-12T03:00,13.3,97,12.8,866.4,5.8,158,Ratnapark,27.7063,85.3152
2025-04-12T04:00,13.1,97,12.7,866.6,5.9,169,Ratnapark,27.7063,85.3152
2025-04-12T05:00,12.9,97,12.4,867.1,3.6,177,Ratnapark,27.7063,85.3152
2025-04-12T06:00,13.8,98,13.6,867.9,4.2,187,Ratnapark,27.7063,85.3152
2025-04-12T07:00,17.3,89,15.6,870.3,1.1,360,Ratnapark,27.7063,85.3152
2025-04-12T08:00,18.8,80,15.2,872.0,5.9,308,Ratnapark,27.7063,85.3152
2025-04-12T09:00,19.0,75,14.5,873.0,7.3,316,Ratnapark,27.7063,85.3152
2025-04-12T10:00,19.9,74,15.2,872.7,2.4,318,Ratnapark,27.7063,85.3152
2025-04-12T11:00,21.8,60,13.8,871.9,3.5,351,Ratnapark,27.7063,85.3152
2025-04-12T12:00,23.0,52,12.8,871.3,2.7,307,Ratnapark,27.7063,85.3152
2025-04-12T13:00,23.9,50,12.8,870.3,7.9,317,Ratnapark,27.7063,85.3152
2025-04-12T14:00,22.7,52,12.3,869.4,10.1,303,Ratnapark,27.7063,85.3152
2025-04-12T15:00,22.9,47,10.9,868.5,7.5,287,Ratnapark,27.7063,85.3152
2025-04-12T16:00,22.6,48,11.0,868.2,5.8,279,Ratnapark,27.7063,85.3152
2025-04-12T17:00,21.5,64,14.3,868.5,2.2,305,Ratnapark,27.7063,85.3152
2025-04-12T18:00,18.6,70,13.0,868.6,6.4,218,Ratnapark,27.7063,85.3152
2025-04-12T19:00,17.7,77,13.5,869.2,1.9,197,Ratnapark,27.7063,85.3152
2025-04-12T20:00,18.4,68,12.3,869.9,1.6,96,Ratnapark,27.7063,85.3152
2025-04-12T21:00,18.3,66,12.0,870.2,1.1,171,Ratnapark,27.7063,85.3152
2025-04-12T22:00,17.5,70,12.1,870.1,4.7,187,Ratnapark,27.7063,85.3152
2025-04-12T23:00,16.0,79,12.5,869.7,3.3,171,Ratnapark,27.7063,85.3152
2025-04-13T00:00,15.6,81,12.4,869.6,2.2,166,Ratnapark,27.7063,85.3152
2025-04-13T01:00,15.9,78,12.1,869.9,3.8,155,Ratnapark,27.7063,85.3152
2025-04-13T02:00,16.0,76,11.8,869.8,3.5,156,Ratnapark,27.7063,85.3152
2025-04-13T03:00,15.8,76,11.6,869.8,3.8,155,Ratnapark,27.7063,85.3152
2025-04-13T04:00,15.0,80,11.5,870.0,4.7,171,Ratnapark,27.7063,85.3152
2025-04-13T05:00,13.8,86,11.6,869.7,6.5,172,Ratnapark,27.7063,85.3152
2025-04-13T06:00,16.5,79,12.8,871.1,3.1,170,Ratnapark,27.7063,85.3152
2025-04-13T07:00,19.8,68,13.7,873.4,1.0,45,Ratnapark,27.7063,85.3152
2025-04-13T08:00,21.9,57,13.0,874.5,2.3,32,Ratnapark,27.7063,85.3152
2025-04-13T09:00,23.3,49,12.0,874.9,3.2,333,Ratnapark,27.7063,85.3152
2025-04-13T10:00,24.2,45,11.4,874.8,6.0,316,Ratnapark,27.7063,85.3152
2025-04-13T11:00,24.9,39,9.8,874.2,6.9,279,Ratnapark,27.7063,85.3152
2025-04-13T12:00,24.8,43,11.2,873.3,7.5,291,Ratnapark,27.7063,85.3152
2025-04-13T13:00,25.4,42,11.6,872.7,4.5,268,Ratnapark,27.7063,85.3152
2025-04-13T14:00,21.3,62,13.8,871.5,11.7,236,Ratnapark,27.7063,85.3152
2025-04-13T15:00,21.2,58,12.7,871.0,7.0,241,Ratnapark,27.7063,85.3152
2025-04-13T16:00,21.4,58,12.7,871.3,6.5,302,Ratnapark,27.7063,85.3152
2025-04-13T17:00,20.0,66,13.4,870.7,3.9,313,Ratnapark,27.7063,85.3152
2025-04-13T18:00,17.6,90,16.0,870.0,2.9,173,Ratnapark,27.7063,85.3152
2025-04-13T19:00,16.9,90,15.3,870.6,7.0,180,Ratnapark,27.7063,85.3152
2025-04-13T20:00,16.9,85,14.4,872.0,5.3,172,Ratnapark,27.7063,85.3152
2025-04-13T21:00,16.4,87,14.2,872.4,4.5,180,Ratnapark,27.7063,85.3152
2025-04-13T22:00,15.6,90,14.0,872.3,3.3,167,Ratnapark,27.7063,85.3152
2025-04-13T23:00,15.2,93,14.1,872.1,3.1,140,Ratnapark,27.7063,85.3152
2025-04-14T00:00,15.2,89,13.4,871.6,2.7,132,Ratnapark,27.7063,85.3152
2025-04-14T01:00,14.7,91,13.2,870.6,3.8,155,Ratnapark,27.7063,85.3152
2025-04-14T02:00,13.8,94,12.9,869.5,3.9,158,Ratnapark,27.7063,85.3152
2025-04-14T03:00,13.0,96,12.5,868.8,5.4,150,Ratnapark,27.7063,85.3152
2025-04-14T04:00,12.6,98,12.3,868.8,7.3,136,Ratnapark,27.7063,85.3152
2025-04-14T05:00,12.7,97,12.2,869.5,7.7,139,Ratnapark,27.7063,85.3152
2025-04-14T06:00,14.1,94,13.1,871.5,8.3,131,Ratnapark,27.7063,85.3152
2025-04-14T07:00,17.5,80,14.0,874.0,5.8,120,Ratnapark,27.7063,85.3152
2025-04-14T08:00,19.5,69,13.6,875.3,8.9,111,Ratnapark,27.7063,85.3152
2025-04-14T09:00,20.3,63,13.0,876.0,9.2,111,Ratnapark,27.7063,85.3152
2025-04-14T10:00,21.9,54,12.0,875.7,8.0,113,Ratnapark,27.7063,85.3152
2025-04-14T11:00,22.5,50,11.5,874.8,10.6,114,Ratnapark,27.7063,85.3152
2025-04-14T12:00,23.5,44,10.6,874.1,14.3,97,Ratnapark,27.7063,85.3152
2025-04-14T13:00,21.1,60,13.1,873.3,9.0,158,Ratnapark,27.7063,85.3152
2025-04-14T14:00,22.1,54,12.5,872.3,6.3,143,Ratnapark,27.7063,85.3152
2025-04-14T15:00,23.1,49,11.7,871.6,5.9,128,Ratnapark,27.7063,85.3152
2025-04-14T16:00,22.9,48,11.4,871.3,5.9,130,Ratnapark,27.7063,85.3152
2025-04-14T17:00,21.1,59,12.8,871.3,6.5,150,Ratnapark,27.7063,85.3152
2025-04-14T18:00,17.9,77,13.8,871.3,4.2,130,Ratnapark,27.7063,85.3152
2025-04-14T19:00,16.7,84,14.0,871.5,5.2,151,Ratnapark,27.7063,85.3152
2025-04-14T20:00,16.0,87,13.8,872.0,4.5,151,Ratnapark,27.7063,85.3152
2025-04-14T21:00,15.8,86,13.5,872.5,4.4,159,Ratnapark,27.7063,85.3152
2025-04-14T22:00,15.2,88,13.2,872.0,6.6,158,Ratnapark,27.7063,85.3152
2025-04-14T23:00,14.9,88,12.9,871.8,4.6,162,Ratnapark,27.7063,85.3152
2025-04-15T00:00,14.9,86,12.6,871.6,4.5,157,Ratnapark,27.7063,85.3152
2025-04-15T01:00,14.9,84,12.3,871.2,5.1,162,Ratnapark,27.7063,85.3152
2025-04-15T02:00,14.7,84,12.1,871.0,5.0,159,Ratnapark,27.7063,85.3152
2025-04-15T03:00,14.6,84,11.9,870.9,5.6,153,Ratnapark,27.7063,85.3152
2025-04-15T04:00,14.6,83,11.8,871.2,5.0,154,Ratnapark,27.7063,85.3152
2025-04-15T05:00,14.7,83,11.8,871.5,5.2,153,Ratnapark,27.7063,85.3152
2025-04-15T06:00,14.5,92,13.1,872.5,6.5,148,Ratnapark,27.7063,85.3152
2025-04-15T07:00,18.6,76,14.2,874.8,4.5,137,Ratnapark,27.7063,85.3152
2025-04-15T08:00,21.1,62,13.5,875.6,2.6,124,Ratnapark,27.7063,85.3152
2025-04-15T09:00,22.8,52,12.4,876.0,3.3,135,Ratnapark,27.7063,85.3152
2025-04-15T10:00,24.0,45,11.5,875.7,4.3,147,Ratnapark,27.7063,85.3152
2025-04-15T11:00,25.0,46,12.5,875.2,3.4,164,Ratnapark,27.7063,85.3152
2025-04-15T12:00,25.6,46,13.2,874.4,3.8,211,Ratnapark,27.7063,85.3152
2025-04-15T13:00,24.8,47,12.8,873.7,8.9,278,Ratnapark,27.7063,85.3152
2025-04-15T14:00,20.9,68,14.9,872.9,2.8,145,Ratnapark,27.7063,85.3152
2025-04-15T15:00,20.7,68,14.5,872.1,4.1,34,Ratnapark,27.7063,85.3152
2025-04-15T16:00,21.1,62,13.5,871.5,4.2,277,Ratnapark,27.7063,85.3152
2025-04-15T17:00,20.4,67,14.2,871.4,3.8,245,Ratnapark,27.7063,85.3152
2025-04-15T18:00,17.1,88,15.2,870.5,4.4,173,Ratnapark,27.7063,85.3152
2025-04-15T19:00,16.4,94,15.4,870.9,5.8,178,Ratnapark,27.7063,85.3152
2025-04-15T20:00,16.0,95,15.3,871.5,4.9,174,Ratnapark,27.7063,85.3152
2025-04-15T21:00,15.7,96,15.0,871.5,4.6,171,Ratnapark,27.7063,85.3152
2025-04-15T22:00,15.5,95,14.6,871.5,4.2,168,Ratnapark,27.7063,85.3152
2025-04-15T23:00,15.2,93,14.1,871.4,3.7,166,Ratnapark,27.7063,85.3152
2025-04-16T00:00,15.0,93,13.9,871.0,3.5,165,Ratnapark,27.7063,85.3152
2025-04-16T01:00,14.6,93,13.5,870.4,2.0,170,Ratnapark,27.7063,85.3152
2025-04-16T02:00,15.0,89,13.2,870.4,1.8,156,Ratnapark,27.7063,85.3152
2025-04-16T03:00,15.0,86,12.7,870.2,1.7,162,Ratnapark,27.7063,85.3152
2025-04-16T04:00,15.6,80,12.2,870.5,0.7,166,Ratnapark,27.7063,85.3152
2025-04-16T05:00,16.1,76,11.9,871.1,1.3,135,Ratnapark,27.7063,85.3152
2025-04-16T06:00,16.0,85,13.6,872.1,2.3,151,Ratnapark,27.7063,85.3152
2025-04-16T07:00,19.1,69,13.4,873.7,3.9,22,Ratnapark,27.7063,85.3152
2025-04-16T08:00,20.5,64,13.5,874.3,2.9,7,Ratnapark,27.7063,85.3152
2025-04-16T09:00,21.9,59,13.7,874.8,2.6,348,Ratnapark,27.7063,85.3152
2025-04-16T10:00,23.2,54,13.5,874.3,3.7,337,Ratnapark,27.7063,85.3152
2025-04-16T11:00,24.1,50,13.0,873.5,6.4,308,Ratnapark,27.7063,85.3152
2025-04-16T12:00,24.6,48,12.9,872.8,9.0,296,Ratnapark,27.7063,85.3152
2025-04-16T13:00,24.7,48,13.0,872.0,9.2,301,Ratnapark,27.7063,85.3152
2025-04-16T14:00,24.1,51,13.2,871.0,9.2,290,Ratnapark,27.7063,85.3152
2025-04-16T15:00,23.9,51,13.2,870.4,8.6,292,Ratnapark,27.7063,85.3152
2025-04-16T16:00,23.2,54,13.5,870.0,8.1,313,Ratnapark,27.7063,85.3152
2025-04-16T17:00,22.1,65,15.2,869.6,3.7,299,Ratnapark,27.7063,85.3152
2025-04-16T18:00,19.1,78,15.2,869.4,6.1,204,Ratnapark,27.7063,85.3152
2025-04-16T19:00,18.2,83,15.2,869.3,6.0,190,Ratnapark,27.7063,85.3152
2025-04-16T20:00,17.7,86,15.2,869.7,4.3,182,Ratnapark,27.7063,85.3152
2025-04-16T21:00,17.1,89,15.2,870.0,2.9,180,Ratnapark,27.7063,85.3152
2025-04-16T22:00,16.6,89,14.8,870.2,0.9,180,Ratnapark,27.7063,85.3152
2025-04-16T23:00,16.9,84,14.2,870.4,2.1,165,Ratnapark,27.7063,85.3152
2025-04-17T00:00,17.3,80,13.8,870.2,2.7,157,Ratnapark,27.7063,85.3152
2025-04-17T01:00,17.1,80,13.5,869.8,2.7,157,Ratnapark,27.7063,85.3152
2025-04-17T02:00,16.8,81,13.4,869.3,3.2,164,Ratnapark,27.7063,85.3152
2025-04-17T03:00,15.9,85,13.4,869.0,1.1,171,Ratnapark,27.7063,85.3152
2025-04-17T04:00,16.4,83,13.4,869.4,1.3,164,Ratnapark,27.7063,85.3152
2025-04-17T05:00,15.8,84,13.2,869.2,1.4,180,Ratnapark,27.7063,85.3152
2025-04-17T06:00,15.8,97,15.3,869.7,5.7,134,Ratnapark,27.7063,85.3152
2025-04-17T07:00,18.4,85,15.9,871.2,4.0,150,Ratnapark,27.7063,85.3152
2025-04-17T08:00,20.6,74,15.7,872.3,1.5,104,Ratnapark,27.7063,85.3152
2025-04-17T09:00,22.4,63,14.9,872.7,3.8,295,Ratnapark,27.7063,85.3152
2025-04-17T10:00,23.1,60,14.8,872.6,7.4,296,Ratnapark,27.7063,85.3152
2025-04-17T11:00,22.5,58,13.7,871.9,8.6,262,Ratnapark,27.7063,85.3152
2025-04-17T12:00,22.5,63,15.0,870.9,4.9,253,Ratnapark,27.7063,85.3152
2025-04-17T13:00,23.1,64,15.9,870.1,6.4,262,Ratnapark,27.7063,85.3152
2025-04-17T14:00,20.9,72,15.6,869.2,9.8,283,Ratnapark,27.7063,85.3152
2025-04-17T15:00,18.9,87,16.6,868.9,4.2,350,Ratnapark,27.7063,85.3152
2025-04-17T16:00,18.8,90,17.0,868.6,4.5,323,Ratnapark,27.7063,85.3152
2025-04-17T17:00,18.7,87,16.5,868.7,2.8,297,Ratnapark,27.7063,85.3152
2025-04-17T18:00,17.7,93,16.6,868.3,2.2,99,Ratnapark,27.7063,85.3152
2025-04-17T19:00,16.9,98,16.6,868.4,3.7,191,Ratnapark,27.7063,85.3152
2025-04-17T20:00,16.6,97,16.1,868.6,5.4,178,Ratnapark,27.7063,85.3152
2025-04-17T21:00,16.1,97,15.5,868.6,3.6,174,Ratnapark,27.7063,85.3152
2025-04-17T22:00,15.7,97,15.3,868.4,3.3,167,Ratnapark,27.7063,85.3152
2025-04-17T23:00,15.3,98,15.0,868.0,4.4,153,Ratnapark,27.7063,85.3152
2025-04-18T00:00,14.9,98,14.6,867.6,6.5,167,Ratnapark,27.7063,85.3152
2025-04-18T01:00,14.8,99,14.6,866.5,5.2,153,Ratnapark,27.7063,85.3152
2025-04-18T02:00,14.5,100,14.5,866.2,3.8,180,Ratnapark,27.7063,85.3152
2025-04-18T03:00,14.6,100,14.5,866.3,1.5,173,Ratnapark,27.7063,85.3152
2025-04-18T04:00,14.9,99,14.7,867.1,3.5,145,Ratnapark,27.7063,85.3152
2025-04-18T05:00,15.0,97,14.6,867.5,4.2,168,Ratnapark,27.7063,85.3152
2025-04-18T06:00,16.0,93,14.9,869.0,4.8,155,Ratnapark,27.7063,85.3152
2025-04-18T07:00,18.1,86,15.6,870.1,3.9,143,Ratnapark,27.7063,85.3152
2025-04-18T08:00,20.4,74,15.6,871.3,4.9,98,Ratnapark,27.7063,85.3152
2025-04-18T09:00,22.2,63,14.8,871.9,5.4,90,Ratnapark,27.7063,85.3152
2025-04-18T10:00,23.0,60,14.8,871.8,3.8,115,Ratnapark,27.7063,85.3152
2025-04-18T11:00,23.3,61,15.2,871.5,4.4,150,Ratnapark,27.7063,85.3152
2025-04-18T12:00,23.7,63,16.1,870.9,2.6,164,Ratnapark,27.7063,85.3152
2025-04-18T13:00,23.7,63,16.4,870.1,1.7,257,Ratnapark,27.7063,85.3152
2025-04-18T14:00,23.7,62,15.9,869.2,5.6,310,Ratnapark,27.7063,85.3152
2025-04-18T15:00,23.2,62,15.5,868.3,6.9,319,Ratnapark,27.7063,85.3152
2025-04-18T16:00,22.6,64,15.6,867.6,7.2,321,Ratnapark,27.7063,85.3152
2025-04-18T17:00,21.4,72,16.1,867.4,7.1,313,Ratnapark,27.7063,85.3152
2025-04-18T18:00,19.7,84,16.9,867.8,3.1,347,Ratnapark,27.7063,85.3152
2025-04-18T19:00,18.8,88,16.8,868.2,0.4,153,Ratnapark,27.7063,85.3152
2025-04-18T20:00,18.2,92,16.8,868.7,1.3,180,Ratnapark,27.7063,85.3152
2025-04-18T21:00,17.3,97,16.9,868.8,3.3,158,Ratnapark,27.7063,85.3152
2025-04-18T22:00,17.1,98,16.9,869.2,3.4,164,Ratnapark,27.7063,85.3152
2025-04-18T23:00,16.8,100,16.7,869.6,1.3,146,Ratnapark,27.7063,85.3152
2025-04-19T00:00,16.5,100,16.5,869.1,2.4,144,Ratnapark,27.7063,85.3152
2025-04-19T01:00,16.2,100,16.2,868.5,4.9,123,Ratnapark,27.7063,85.3152
2025-04-19T02:00,16.1,100,16.1,868.3,3.6,147,Ratnapark,27.7063,85.3152
2025-04-19T03:00,15.9,100,15.9,868.1,2.2,180,Ratnapark,27.7063,85.3152
2025-04-19T04:00,15.7,100,15.7,868.3,0.5,135,Ratnapark,27.7063,85.3152
2025-04-19T05:00,15.3,100,15.3,868.5,2.0,153,Ratnapark,27.7063,85.3152
2025-04-19T06:00,16.7,99,16.5,870.4,3.7,133,Ratnapark,27.7063,85.3152
2025-04-19T07:00,19.0,87,16.9,872.0,3.5,114,Ratnapark,27.7063,85.3152
2025-04-19T08:00,20.8,79,17.0,872.7,3.5,105,Ratnapark,27.7063,85.3152
2025-04-19T09:00,22.4,72,17.0,872.9,3.7,43,Ratnapark,27.7063,85.3152
2025-04-19T10:00,21.0,72,15.8,872.6,1.1,162,Ratnapark,27.7063,85.3152
2025-04-19T11:00,22.1,69,16.1,871.8,3.4,254,Ratnapark,27.7063,85.3152
2025-04-19T12:00,23.2,66,16.4,871.5,5.0,319,Ratnapark,27.7063,85.3152
2025-04-19T13:00,21.7,69,15.7,870.5,10.1,314,Ratnapark,27.7063,85.3152
2025-04-19T14:00,19.5,87,17.3,869.4,5.4,318,Ratnapark,27.7063,85.3152
2025-04-19T15:00,20.7,81,17.4,868.9,2.9,317,Ratnapark,27.7063,85.3152
2025-04-19T16:00,20.8,73,15.7,868.6,3.6,290,Ratnapark,27.7063,85.3152
2025-04-19T17:00,20.0,79,16.1,868.2,1.7,311,Ratnapark,27.7063,85.3152
2025-04-19T18:00,19.2,88,17.1,868.7,2.3,288,Ratnapark,27.7063,85.3152
2025-04-19T19:00,18.6,92,17.3,868.8,2.2,360,Ratnapark,27.7063,85.3152
2025-04-19T20:00,18.0,94,17.1,869.2,0.2,180,Ratnapark,27.7063,85.3152
2025-04-19T21:00,17.6,94,16.7,869.5,0.4,180,Ratnapark,27.7063,85.3152
2025-04-19T22:00,17.1,96,16.5,869.8,1.5,187,Ratnapark,27.7063,85.3152
2025-04-19T23:00,16.5,99,16.3,869.0,3.3,167,Ratnapark,27.7063,85.3152
2025-04-20T00:00,15.8,100,15.8,868.1,3.6,160,Ratnapark,27.7063,85.3152
2025-04-20T01:00,15.8,100,15.7,867.7,4.8,151,Ratnapark,27.7063,85.3152
2025-04-20T02:00,15.7,97,15.2,867.3,4.4,153,Ratnapark,27.7063,85.3152
2025-04-20T03:00,15.6,96,14.9,867.5,4.2,160,Ratnapark,27.7063,85.3152
2025-04-20T04:00,15.6,95,14.8,867.5,4.1,151,Ratnapark,27.7063,85.3152
2025-04-20T05:00,15.4,95,14.6,867.7,4.8,146,Ratnapark,27.7063,85.3152
2025-04-20T06:00,17.0,96,16.4,869.2,4.8,149,Ratnapark,27.7063,85.3152
2025-04-20T07:00,19.7,83,16.8,871.1,3.2,93,Ratnapark,27.7063,85.3152
2025-04-20T08:00,21.3,72,16.1,871.8,1.9,29,Ratnapark,27.7063,85.3152
2025-04-20T09:00,22.9,64,15.7,872.3,3.8,319,Ratnapark,27.7063,85.3152
2025-04-20T10:00,24.3,58,15.4,872.4,7.1,317,Ratnapark,27.7063,85.3152
2025-04-20T11:00,25.2,55,15.4,872.0,9.7,297,Ratnapark,27.7063,85.3152
2025-04-20T12:00,25.0,56,15.7,871.5,11.4,288,Ratnapark,27.7063,85.3152
2025-04-20T13:00,25.4,53,15.3,870.8,10.6,298,Ratnapark,27.7063,85.3152
2025-04-20T14:00,25.0,56,15.6,870.1,10.9,306,Ratnapark,27.7063,85.3152
2025-04-20T15:00,24.2,61,16.1,869.6,10.2,311,Ratnapark,27.7063,85.3152
2025-04-20T16:00,23.4,63,16.0,869.2,8.6,309,Ratnapark,27.7063,85.3152
2025-04-20T17:00,22.4,70,16.6,868.9,4.1,293,Ratnapark,27.7063,85.3152
2025-04-20T18:00,21.3,74,16.4,869.0,2.8,230,Ratnapark,27.7063,85.3152
2025-04-20T19:00,20.9,73,15.9,869.6,2.4,207,Ratnapark,27.7063,85.3152
2025-04-20T20:00,20.6,74,15.7,870.0,2.3,212,Ratnapark,27.7063,85.3152
2025-04-20T21:00,20.6,71,15.1,870.6,1.1,198,Ratnapark,27.7063,85.3152
2025-04-20T22:00,20.1,71,14.7,870.4,0.7,194,Ratnapark,27.7063,85.3152
2025-04-20T23:00,19.4,73,14.5,870.0,0.7,180,Ratnapark,27.7063,85.3152
2025-04-21T00:00,18.6,77,14.5,869.8,1.6,180,Ratnapark,27.7063,85.3152
2025-04-21T01:00,17.9,81,14.5,869.3,2.2,175,Ratnapark,27.7063,85.3152
2025-04-21T02:00,17.3,83,14.5,868.9,3.4,174,Ratnapark,27.7063,85.3152
2025-04-21T03:00,16.8,85,14.4,868.7,3.5,171,Ratnapark,27.7063,85.3152
2025-04-21T04:00,16.6,86,14.2,868.7,3.5,165,Ratnapark,27.7063,85.3152
2025-04-21T05:00,16.1,88,14.2,869.0,3.9,164,Ratnapark,27.7063,85.3152
2025-04-21T06:00,18.8,84,16.1,870.8,0.7,166,Ratnapark,27.7063,85.3152
2025-04-21T07:00,22.0,72,16.7,872.9,1.4,40,Ratnapark,27.7063,85.3152
2025-04-21T08:00,23.3,66,16.6,873.5,4.1,315,Ratnapark,27.7063,85.3152
2025-04-21T09:00,24.6,58,15.8,873.9,7.2,305,Ratnapark,27.7063,85.3152
2025-04-21T10:00,25.7,53,15.5,874.0,10.2,311,Ratnapark,27.7063,85.3152
2025-04-21T11:00,26.3,52,15.7,873.7,11.8,310,Ratnapark,27.7063,85.3152
2025-04-21T12:00,26.6,50,15.3,873.2,12.5,311,Ratnapark,27.7063,85.3152
2025-04-21T13:00,27.0,48,15.0,872.6,12.6,306,Ratnapark,27.7063,85.3152
2025-04-21T14:00,26.7,47,14.3,872.1,12.3,308,Ratnapark,27.7063,85.3152
2025-04-21T15:00,26.6,45,13.6,871.5,12.7,306,Ratnapark,27.7063,85.3152
2025-04-21T16:00,25.5,49,14.1,871.4,11.3,306,Ratnapark,27.7063,85.3152
2025-04-21T17:00,24.1,57,15.1,871.2,7.3,298,Ratnapark,27.7063,85.3152
2025-04-21T18:00,22.7,63,15.3,871.4,4.8,283,Ratnapark,27.7063,85.3152
2025-04-21T19:00,21.9,67,15.4,871.7,3.3,225,Ratnapark,27.7063,85.3152
2025-04-21T20:00,21.2,69,15.3,872.1,2.5,201,Ratnapark,27.7063,85.3152
2025-04-21T21:00,20.7,72,15.4,872.2,1.1,189,Ratnapark,27.7063,85.3152
2025-04-21T22:00,20.0,75,15.4,872.0,1.5,187,Ratnapark,27.7063,85.3152
2025-04-21T23:00,19.3,78,15.4,871.4,1.6,186,Ratnapark,27.7063,85.3152
2025-04-22T00:00,18.4,83,15.5,870.5,3.6,183,Ratnapark,27.7063,85.3152
2025-04-22T01:00,18.0,85,15.4,869.6,2.0,175,Ratnapark,27.7063,85.3152
2025-04-22T02:00,18.3,81,15.0,869.4,2.0,170,Ratnapark,27.7063,85.3152
2025-04-22T03:00,18.3,79,14.7,869.2,2.4,167,Ratnapark,27.7063,85.3152
2025-04-22T04:00,18.1,78,14.2,869.3,2.4,163,Ratnapark,27.7063,85.3152
2025-04-22T05:00,18.0,77,13.9,869.5,2.7,160,Ratnapark,27.7063,85.3152
2025-04-22T06:00,20.0,80,16.4,870.7,2.1,160,Ratnapark,27.7063,85.3152
2025-04-22T07:00,23.0,71,17.5,872.7,2.4,126,Ratnapark,27.7063,85.3152
2025-04-22T08:00,25.0,57,15.8,873.9,1.3,286,Ratnapark,27.7063,85.3152
2025-04-22T09:00,26.5,48,14.8,874.1,7.7,300,Ratnapark,27.7063,85.3152
2025-04-22T10:00,27.1,46,14.7,874.2,12.3,302,Ratnapark,27.7063,85.3152
2025-04-22T11:00,27.4,47,15.0,873.7,13.7,305,Ratnapark,27.7063,85.3152
2025-04-22T12:00,28.0,45,14.8,873.2,12.5,309,Ratnapark,27.7063,85.3152
2025-04-22T13:00,28.5,41,13.9,872.5,13.0,311,Ratnapark,27.7063,85.3152
2025-04-22T14:00,28.5,39,13.0,871.6,13.4,298,Ratnapark,27.7063,85.3152
2025-04-22T15:00,28.0,38,12.2,870.9,13.4,284,Ratnapark,27.7063,85.3152
2025-04-22T16:00,26.9,42,13.0,870.7,10.7,276,Ratnapark,27.7063,85.3152
2025-04-22T17:00,25.1,51,14.4,870.3,6.8,281,Ratnapark,27.7063,85.3152
2025-04-22T18:00,23.4,60,15.3,869.8,5.2,248,Ratnapark,27.7063,85.3152
2025-04-22T19:00,22.5,62,14.9,870.3,4.8,214,Ratnapark,27.7063,85.3152
2025-04-22T20:00,22.0,64,15.0,870.7,2.8,195,Ratnapark,27.7063,85.3152
2025-04-22T21:00,21.3,69,15.3,870.9,2.7,203,Ratnapark,27.7063,85.3152
2025-04-22T22:00,20.9,68,14.7,870.5,1.7,198,Ratnapark,27.7063,85.3152
2025-04-22T23:00,20.0,71,14.5,869.6,2.2,185,Ratnapark,27.7063,85.3152
2025-04-23T00:00,19.3,72,14.1,868.3,2.2,175,Ratnapark,27.7063,85.3152
2025-04-23T01:00,18.2,76,13.9,867.0,3.9,167,Ratnapark,27.7063,85.3152
2025-04-23T02:00,17.4,78,13.5,866.4,4.9,163,Ratnapark,27.7063,85.3152
2025-04-23T03:00,16.8,78,13.0,866.0,5.6,165,Ratnapark,27.7063,85.3152
2025-04-23T04:00,16.4,77,12.3,865.9,5.0,167,Ratnapark,27.7063,85.3152
2025-04-23T05:00,16.2,75,11.7,866.2,5.7,162,Ratnapark,27.7063,85.3152
2025-04-23T06:00,18.1,81,14.8,867.4,6.6,158,Ratnapark,27.7063,85.3152
2025-04-23T07:00,23.1,64,15.8,869.8,4.5,127,Ratnapark,27.7063,85.3152
2025-04-23T08:00,25.5,51,14.5,870.8,2.2,114,Ratnapark,27.7063,85.3152
2025-04-23T09:00,27.0,43,13.4,871.1,2.3,328,Ratnapark,27.7063,85.3152
2025-04-23T10:00,28.1,38,12.4,871.0,6.0,314,Ratnapark,27.7063,85.3152
2025-04-23T11:00,28.7,35,11.7,870.4,9.2,310,Ratnapark,27.7063,85.3152
2025-04-23T12:00,29.0,34,11.7,869.6,12.1,310,Ratnapark,27.7063,85.3152
2025-04-23T13:00,29.1,32,11.0,868.8,13.3,308,Ratnapark,27.7063,85.3152
2025-04-23T14:00,29.1,32,10.8,867.9,12.8,304,Ratnapark,27.7063,85.3152
2025-04-23T15:00,28.4,34,11.1,867.2,12.5,297,Ratnapark,27.7063,85.3152
2025-04-23T16:00,27.3,39,12.3,867.1,10.7,290,Ratnapark,27.7063,85.3152
2025-04-23T17:00,25.3,50,14.0,866.8,7.1,289,Ratnapark,27.7063,85.3152
2025-04-23T18:00,23.2,57,14.1,866.6,5.2,266,Ratnapark,27.7063,85.3152
2025-04-23T19:00,22.0,62,14.3,866.6,3.9,223,Ratnapark,27.7063,85.3152
2025-04-23T20:00,21.4,62,13.9,866.9,2.4,207,Ratnapark,27.7063,85.3152
2025-04-23T21:00,21.1,61,13.2,867.1,3.0,205,Ratnapark,27.7063,85.3152
2025-04-23T22:00,20.0,66,13.4,866.4,1.9,202,Ratnapark,27.7063,85.3152
2025-04-23T23:00,19.6,64,12.6,865.8,0.9,191,Ratnapark,27.7063,85.3152
2025-04-24T00:00,19.0,64,12.1,864.8,2.2,189,Ratnapark,27.7063,85.3152
2025-04-24T01:00,18.1,67,11.8,864.0,1.8,174,Ratnapark,27.7063,85.3152
2025-04-24T02:00,17.5,67,11.2,863.4,4.2,155,Ratnapark,27.7063,85.3152
2025-04-24T03:00,16.7,69,10.9,863.2,6.2,150,Ratnapark,27.7063,85.3152
2025-04-24T04:00,16.1,70,10.6,863.2,6.9,150,Ratnapark,27.7063,85.3152
2025-04-24T05:00,16.0,70,10.5,863.5,7.3,144,Ratnapark,27.7063,85.3152
2025-04-24T06:00,18.4,67,12.3,865.6,8.7,146,Ratnapark,27.7063,85.3152
2025-04-24T07:00,21.8,61,13.9,867.7,6.5,136,Ratnapark,27.7063,85.3152
2025-04-24T08:00,25.2,48,13.4,869.5,5.1,113,Ratnapark,27.7063,85.3152
2025-04-24T09:00,27.5,38,11.8,870.4,4.2,121,Ratnapark,27.7063,85.3152
2025-04-24T10:00,29.1,30,10.0,870.6,3.6,150,Ratnapark,27.7063,85.3152
2025-04-24T11:00,29.9,28,9.3,870.3,6.2,224,Ratnapark,27.7063,85.3152
2025-04-24T12:00,29.8,28,9.4,869.6,9.4,250,Ratnapark,27.7063,85.3152
2025-04-24T13:00,29.8,26,8.4,869.1,10.6,261,Ratnapark,27.7063,85.3152
2025-04-24T14:00,29.5,24,6.5,868.4,9.9,270,Ratnapark,27.7063,85.3152
2025-04-24T15:00,28.6,25,6.4,867.8,10.1,272,Ratnapark,27.7063,85.3152
2025-04-24T16:00,27.2,31,8.4,867.6,7.8,263,Ratnapark,27.7063,85.3152
2025-04-24T17:00,24.9,45,12.3,867.5,5.0,251,Ratnapark,27.7063,85.3152
2025-04-24T18:00,22.3,57,13.3,867.3,4.7,223,Ratnapark,27.7063,85.3152
2025-04-24T19:00,21.3,61,13.4,868.2,6.8,205,Ratnapark,27.7063,85.3152
2025-04-24T20:00,20.4,64,13.4,868.7,6.9,194,Ratnapark,27.7063,85.3152
2025-04-24T21:00,19.6,68,13.5,868.6,4.3,182,Ratnapark,27.7063,85.3152
2025-04-24T22:00,19.0,70,13.4,868.4,1.1,180,Ratnapark,27.7063,85.3152
2025-04-24T23:00,19.0,66,12.4,868.4,2.8,165,Ratnapark,27.7063,85.3152
2025-04-25T00:00,18.8,64,11.9,867.8,3.8,163,Ratnapark,27.7063,85.3152
2025-04-25T01:00,18.1,67,11.8,867.0,4.2,155,Ratnapark,27.7063,85.3152
2025-04-25T02:00,17.4,69,11.6,866.2,5.7,152,Ratnapark,27.7063,85.3152
2025-04-25T03:00,16.7,72,11.5,865.7,6.0,147,Ratnapark,27.7063,85.3152
2025-04-25T04:00,16.2,73,11.4,865.7,7.3,142,Ratnapark,27.7063,85.3152
2025-04-25T05:00,15.5,76,11.2,866.0,6.6,147,Ratnapark,27.7063,85.3152
2025-04-25T06:00,17.7,73,12.9,867.7,7.8,157,Ratnapark,27.7063,85.3152
2025-04-25T07:00,21.8,62,14.2,870.1,5.0,131,Ratnapark,27.7063,85.3152
2025-04-25T08:00,25.0,44,11.8,871.8,2.9,101,Ratnapark,27.7063,85.3152
2025-04-25T09:00,27.1,32,8.8,872.3,1.1,270,Ratnapark,27.7063,85.3152
2025-04-25T10:00,28.0,26,6.8,872.4,6.4,278,Ratnapark,27.7063,85.3152
2025-04-25T11:00,28.5,25,6.6,871.9,10.1,292,Ratnapark,27.7063,85.3152
2025-04-25T12:00,28.8,22,5.2,871.3,12.6,299,Ratnapark,27.7063,85.3152
2025-04-25T13:00,28.8,22,4.8,870.5,13.4,301,Ratnapark,27.7063,85.3152
2025-04-25T14:00,28.6,23,5.5,869.8,12.6,304,Ratnapark,27.7063,85.3152
2025-04-25T15:00,28.2,24,5.4,869.1,12.2,294,Ratnapark,27.7063,85.3152
2025-04-25T16:00,27.1,28,6.8,869.1,11.1,283,Ratnapark,27.7063,85.3152
2025-04-25T17:00,25.0,37,9.2,868.7,8.7,287,Ratnapark,27.7063,85.3152
2025-04-25T18:00,23.0,46,10.8,868.3,5.7,261,Ratnapark,27.7063,85.3152
2025-04-25T19:00,21.8,53,11.7,868.7,3.0,213,Ratnapark,27.7063,85.3152
2025-04-25T20:00,21.3,51,10.8,868.9,0.7,180,Ratnapark,27.7063,85.3152
2025-04-25T21:00,20.6,51,10.3,868.9,1.8,180,Ratnapark,27.7063,85.3152
2025-04-25T22:00,19.5,54,10.0,868.2,1.8,174,Ratnapark,27.7063,85.3152
2025-04-25T23:00,19.4,51,8.9,867.9,3.4,164,Ratnapark,27.7063,85.3152
2025-04-26T00:00,18.5,53,8.6,867.0,4.2,155,Ratnapark,27.7063,85.3152
2025-04-26T01:00,17.5,56,8.5,866.1,3.9,146,Ratnapark,27.7063,85.3152
2025-04-26T02:00,17.1,55,7.9,866.0,5.1,153,Ratnapark,27.7063,85.3152
2025-04-26T03:00,16.7,54,7.5,865.7,6.8,138,Ratnapark,27.7063,85.3152
2025-04-26T04:00,16.0,56,7.3,865.7,7.0,145,Ratnapark,27.7063,85.3152
2025-04-26T05:00,15.4,57,6.9,865.8,6.0,153,Ratnapark,27.7063,85.3152
2025-04-26T06:00,17.6,60,9.7,867.5,7.9,150,Ratnapark,27.7063,85.3152
2025-04-26T07:00,21.6,52,11.5,870.1,6.1,137,Ratnapark,27.7063,85.3152
2025-04-26T08:00,25.1,38,9.8,872.0,4.1,119,Ratnapark,27.7063,85.3152
2025-04-26T09:00,27.3,26,5.8,872.6,1.3,214,Ratnapark,27.7063,85.3152
2025-04-26T10:00,28.5,23,5.1,872.8,5.4,290,Ratnapark,27.7063,85.3152
2025-04-26T11:00,29.1,23,5.6,872.5,9.5,291,Ratnapark,27.7063,85.3152
2025-04-26T12:00,29.7,19,3.8,872.0,11.7,287,Ratnapark,27.7063,85.3152
2025-04-26T13:00,29.7,19,3.3,871.5,13.6,285,Ratnapark,27.7063,85.3152
2025-04-26T14:00,29.4,19,3.2,870.5,13.1,286,Ratnapark,27.7063,85.3152
2025-04-26T15:00,28.8,19,2.5,870.0,12.9,291,Ratnapark,27.7063,85.3152
2025-04-26T16:00,27.8,20,2.8,869.9,11.5,297,Ratnapark,27.7063,85.3152
2025-04-26T17:00,25.5,31,7.4,869.7,6.3,288,Ratnapark,27.7063,85.3152
2025-04-26T18:00,23.4,49,12.0,869.8,4.3,253,Ratnapark,27.7063,85.3152
2025-04-26T19:00,22.1,53,12.2,870.0,2.4,193,Ratnapark,27.7063,85.3152
2025-04-26T20:00,20.9,57,12.0,870.3,0.9,180,Ratnapark,27.7063,85.3152
2025-04-26T21:00,20.0,59,11.7,870.2,2.5,159,Ratnapark,27.7063,85.3152
2025-04-26T22:00,19.5,56,10.5,870.2,2.3,157,Ratnapark,27.7063,85.3152
2025-04-26T23:00,19.1,52,9.0,870.2,3.5,159,Ratnapark,27.7063,85.3152
2025-04-27T00:00,18.1,54,8.6,869.2,4.8,143,Ratnapark,27.7063,85.3152
2025-04-27T01:00,17.6,55,8.5,868.6,5.2,155,Ratnapark,27.7063,85.3152
2025-04-27T02:00,17.6,55,8.6,868.6,5.4,154,Ratnapark,27.7063,85.3152
2025-04-27T03:00,17.5,57,8.9,868.4,4.8,160,Ratnapark,27.7063,85.3152
2025-04-27T04:00,16.6,61,9.0,868.4,5.0,159,Ratnapark,27.7063,85.3152
2025-04-27T05:00,16.1,62,8.8,868.9,4.1,151,Ratnapark,27.7063,85.3152
2025-04-27T06:00,17.7,70,12.3,869.9,7.2,153,Ratnapark,27.7063,85.3152
2025-04-27T07:00,22.1,59,13.7,872.7,5.7,101,Ratnapark,27.7063,85.3152
2025-04-27T08:00,24.6,47,12.5,874.3,4.6,77,Ratnapark,27.7063,85.3152
2025-04-27T09:00,26.5,39,11.5,874.7,4.4,52,Ratnapark,27.7063,85.3152
2025-04-27T10:00,26.1,39,11.2,874.9,3.8,343,Ratnapark,27.7063,85.3152
2025-04-27T11:00,27.0,34,9.7,874.4,2.4,318,Ratnapark,27.7063,85.3152
2025-04-27T12:00,27.1,32,8.8,873.7,4.7,137,Ratnapark,27.7063,85.3152
2025-04-27T13:00,24.2,38,8.8,873.6,7.1,153,Ratnapark,27.7063,85.3152
2025-04-27T14:00,24.9,39,9.9,872.1,8.3,56,Ratnapark,27.7063,85.3152
2025-04-27T15:00,24.9,39,9.8,871.7,5.1,132,Ratnapark,27.7063,85.3152
2025-04-27T16:00,22.9,48,11.2,871.6,6.9,200,Ratnapark,27.7063,85.3152
2025-04-27T17:00,21.0,63,13.6,871.2,7.0,176,Ratnapark,27.7063,85.3152
2025-04-27T18:00,19.6,72,14.5,871.4,3.6,171,Ratnapark,27.7063,85.3152
2025-04-27T19:00,18.6,80,15.2,871.6,6.8,115,Ratnapark,27.7063,85.3152
2025-04-27T20:00,18.0,84,15.3,871.8,6.1,148,Ratnapark,27.7063,85.3152
2025-04-27T21:00,17.0,89,15.2,871.1,5.8,160,Ratnapark,27.7063,85.3152
2025-04-27T22:00,16.4,90,14.8,871.0,6.9,152,Ratnapark,27.7063,85.3152
2025-04-27T23:00,16.4,87,14.2,870.9,7.4,146,Ratnapark,27.7063,85.3152
2025-04-28T00:00,15.7,87,13.6,870.2,7.3,150,Ratnapark,27.7063,85.3152
2025-04-28T01:00,15.6,85,13.2,869.4,5.7,156,Ratnapark,27.7063,85.3152
2025-04-28T02:00,15.6,85,13.1,869.4,4.1,157,Ratnapark,27.7063,85.3152
2025-04-28T03:00,16.1,83,13.2,869.1,2.0,153,Ratnapark,27.7063,85.3152
2025-04-28T04:00,16.3,80,12.8,868.9,2.7,152,Ratnapark,27.7063,85.3152
2025-04-28T05:00,15.7,82,12.5,868.8,1.3,188,Ratnapark,27.7063,85.3152
2025-04-28T06:00,15.2,99,15.1,871.4,3.2,142,Ratnapark,27.7063,85.3152
2025-04-28T07:00,16.6,88,14.6,871.8,1.2,141,Ratnapark,27.7063,85.3152
2025-04-28T08:00,17.6,82,14.5,872.2,2.5,120,Ratnapark,27.7063,85.3152
2025-04-28T09:00,19.2,71,13.8,872.4,3.2,117,Ratnapark,27.7063,85.3152
2025-04-28T10:00,20.2,61,12.3,872.5,6.4,101,Ratnapark,27.7063,85.3152
2025-04-28T11:00,21.1,55,11.7,872.1,8.6,141,Ratnapark,27.7063,85.3152
2025-04-28T12:00,20.9,56,11.7,871.8,6.7,136,Ratnapark,27.7063,85.3152
2025-04-28T13:00,20.1,60,12.0,871.1,0.7,180,Ratnapark,27.7063,85.3152
2025-04-28T14:00,20.2,62,12.7,870.2,1.8,191,Ratnapark,27.7063,85.3152
2025-04-28T15:00,19.9,61,12.2,869.9,3.8,87,Ratnapark,27.7063,85.3152
2025-04-28T16:00,18.9,71,13.5,869.7,6.8,151,Ratnapark,27.7063,85.3152
2025-04-28T17:00,18.2,76,13.8,870.1,3.1,167,Ratnapark,27.7063,85.3152
2025-04-28T18:00,16.8,85,14.3,870.1,3.9,127,Ratnapark,27.7063,85.3152
2025-04-28T19:00,16.3,89,14.5,870.4,5.5,126,Ratnapark,27.7063,85.3152
2025-04-28T20:00,15.9,93,14.7,870.6,6.5,122,Ratnapark,27.7063,85.3152
2025-04-28T21:00,15.4,95,14.7,871.0,5.3,123,Ratnapark,27.7063,85.3152
2025-04-28T22:00,15.0,97,14.6,870.9,4.5,157,Ratnapark,27.7063,85.3152
2025-04-28T23:00,14.7,98,14.4,870.6,3.8,149,Ratnapark,27.7063,85.3152
2025-04-29T00:00,14.8,98,14.5,870.3,5.2,166,Ratnapark,27.7063,85.3152
2025-04-29T01:00,14.5,97,14.0,869.5,5.4,165,Ratnapark,27.7063,85.3152
2025-04-29T02:00,13.9,97,13.5,869.1,6.4,155,Ratnapark,27.7063,85.3152
2025-04-29T03:00,13.4,97,13.0,868.5,6.2,159,Ratnapark,27.7063,85.3152
2025-04-29T04:00,12.9,97,12.5,868.3,5.6,158,Ratnapark,27.7063,85.3152
2025-04-29T05:00,12.6,97,12.2,868.5,4.6,154,Ratnapark,27.7063,85.3152
2025-04-29T06:00,15.1,95,14.3,870.7,4.9,147,Ratnapark,27.7063,85.3152
2025-04-29T07:00,17.2,86,14.8,872.3,3.3,49,Ratnapark,27.7063,85.3152
2025-04-29T08:00,18.5,67,12.4,873.0,6.0,41,Ratnapark,27.7063,85.3152
2025-04-29T09:00,19.7,61,11.9,873.3,3.8,41,Ratnapark,27.7063,85.3152
2025-04-29T10:00,21.1,56,12.1,873.3,4.5,40,Ratnapark,27.7063,85.3152
2025-04-29T11:00,22.4,53,12.4,873.0,2.8,15,Ratnapark,27.7063,85.3152
2025-04-29T12:00,22.8,54,13.1,872.0,2.3,309,Ratnapark,27.7063,85.3152
2025-04-29T13:00,22.2,56,13.1,871.1,3.7,241,Ratnapark,27.7063,85.3152
2025-04-29T14:00,22.1,56,12.8,870.0,4.0,262,Ratnapark,27.7063,85.3152
2025-04-29T15:00,22.0,56,12.8,869.7,4.0,302,Ratnapark,27.7063,85.3152
2025-04-29T16:00,21.6,55,12.2,869.1,7.7,309,Ratnapark,27.7063,85.3152
2025-04-29T17:00,20.4,63,13.0,868.7,5.9,288,Ratnapark,27.7063,85.3152
2025-04-29T18:00,19.0,73,14.0,869.3,4.5,236,Ratnapark,27.7063,85.3152
2025-04-29T19:00,18.0,80,14.6,869.6,2.9,184,Ratnapark,27.7063,85.3152
2025-04-29T20:00,17.0,88,14.9,869.7,5.1,174,Ratnapark,27.7063,85.3152
2025-04-29T21:00,16.2,88,14.2,870.4,9.0,182,Ratnapark,27.7063,85.3152
2025-04-29T22:00,15.8,91,14.4,871.1,8.1,185,Ratnapark,27.7063,85.3152
2025-04-29T23:00,15.6,97,15.1,871.3,6.7,171,Ratnapark,27.7063,85.3152
2025-04-30T00:00,15.5,97,15.1,871.2,5.6,147,Ratnapark,27.7063,85.3152
2025-04-30T01:00,15.3,97,14.8,870.8,6.1,150,Ratnapark,27.7063,85.3152
2025-04-30T02:00,15.0,98,14.7,870.4,5.8,160,Ratnapark,27.7063,85.3152
2025-04-30T03:00,14.8,99,14.6,870.2,4.7,162,Ratnapark,27.7063,85.3152
2025-04-30T04:00,14.6,99,14.5,870.6,4.6,144,Ratnapark,27.7063,85.3152
2025-04-30T05:00,14.7,99,14.6,871.1,5.2,134,Ratnapark,27.7063,85.3152
2025-04-30T06:00,16.1,94,15.1,872.5,3.0,147,Ratnapark,27.7063,85.3152
2025-04-30T07:00,18.1,78,14.2,874.1,5.0,49,Ratnapark,27.7063,85.3152
2025-04-30T08:00,19.2,73,14.2,874.8,5.3,66,Ratnapark,27.7063,85.3152
2025-04-30T09:00,20.2,66,13.6,875.0,4.5,76,Ratnapark,27.7063,85.3152
2025-04-30T10:00,21.3,63,13.9,874.7,2.5,45,Ratnapark,27.7063,85.3152
2025-04-30T11:00,22.9,53,13.0,874.2,1.3,315,Ratnapark,27.7063,85.3152
2025-04-30T12:00,23.6,50,12.4,873.4,2.4,287,Ratnapark,27.7063,85.3152
2025-04-30T13:00,23.8,51,13.0,872.8,2.5,274,Ratnapark,27.7063,85.3152
2025-04-30T14:00,23.1,53,13.0,871.7,3.5,298,Ratnapark,27.7063,85.3152
2025-04-30T15:00,22.2,57,13.2,871.2,6.4,252,Ratnapark,27.7063,85.3152
2025-04-30T16:00,20.1,72,14.9,871.1,1.9,311,Ratnapark,27.7063,85.3152
2025-04-30T17:00,19.5,73,14.6,871.4,2.9,360,Ratnapark,27.7063,85.3152
2025-04-30T18:00,18.2,81,14.9,871.7,1.5,111,Ratnapark,27.7063,85.3152
2025-04-30T19:00,17.5,86,15.1,871.7,1.8,180,Ratnapark,27.7063,85.3152
2025-04-30T20:00,17.1,89,15.3,872.2,3.8,175,Ratnapark,27.7063,85.3152
2025-04-30T21:00,16.5,93,15.3,872.4,3.3,151,Ratnapark,27.7063,85.3152
2025-04-30T22:00,15.7,96,15.0,872.4,5.7,145,Ratnapark,27.7063,85.3152
2025-04-30T23:00,15.1,96,14.5,872.1,8.1,143,Ratnapark,27.7063,85.3152
2025-05-01T00:00,15.1,94,14.2,871.7,6.9,137,Ratnapark,27.7063,85.3152
2025-05-01T01:00,15.2,93,14.0,871.4,6.6,145,Ratnapark,27.7063,85.3152
2025-05-01T02:00,15.0,93,13.9,871.4,6.6,137,Ratnapark,27.7063,85.3152
2025-05-01T03:00,15.2,91,13.7,871.8,6.2,142,Ratnapark,27.7063,85.3152
2025-05-01T04:00,15.0,91,13.6,872.1,2.8,165,Ratnapark,27.7063,85.3152
2025-05-01T05:00,13.6,98,13.3,873.4,7.4,129,Ratnapark,27.7063,85.3152
2025-05-01T06:00,15.2,93,14.2,874.3,8.3,160,Ratnapark,27.7063,85.3152
2025-05-01T07:00,17.1,84,14.4,875.1,1.0,315,Ratnapark,27.7063,85.3152
2025-05-01T08:00,18.0,81,14.6,876.0,1.2,39,Ratnapark,27.7063,85.3152
2025-05-01T09:00,19.8,71,14.3,876.2,3.1,69,Ratnapark,27.7063,85.3152
2025-05-01T10:00,21.4,63,14.2,876.3,3.4,108,Ratnapark,27.7063,85.3152
2025-05-01T11:00,22.5,60,14.5,875.7,1.6,207,Ratnapark,27.7063,85.3152
2025-05-01T12:00,20.9,63,13.6,875.2,6.5,185,Ratnapark,27.7063,85.3152
2025-05-01T13:00,19.7,69,13.8,874.1,3.6,37,Ratnapark,27.7063,85.3152
2025-05-01T14:00,20.5,67,14.1,873.6,5.2,46,Ratnapark,27.7063,85.3152
2025-05-01T15:00,20.9,62,13.4,873.0,7.4,183,Ratnapark,27.7063,85.3152
2025-05-01T16:00,19.9,68,13.8,872.7,4.5,196,Ratnapark,27.7063,85.3152
2025-05-01T17:00,19.3,71,13.9,872.7,3.6,213,Ratnapark,27.7063,85.3152
2025-05-01T18:00,19.5,73,14.6,872.5,2.4,193,Ratnapark,27.7063,85.3152
2025-05-01T19:00,18.2,82,15.2,872.8,4.3,202,Ratnapark,27.7063,85.3152
2025-05-01T20:00,18.2,80,14.6,873.5,5.7,191,Ratnapark,27.7063,85.3152
2025-05-01T21:00,17.8,81,14.5,873.9,5.2,182,Ratnapark,27.7063,85.3152
2025-05-01T22:00,16.2,88,14.2,873.9,7.1,186,Ratnapark,27.7063,85.3152
2025-05-01T23:00,16.1,87,13.9,873.4,5.2,184,Ratnapark,27.7063,85.3152
2025-05-02T00:00,15.6,91,14.2,872.0,2.5,176,Ratnapark,27.7063,85.3152
2025-05-02T01:00,14.8,94,13.9,871.4,0.7,180,Ratnapark,27.7063,85.3152
2025-05-02T02:00,14.8,90,13.1,871.1,1.3,172,Ratnapark,27.7063,85.3152
2025-05-02T03:00,15.2,82,12.2,871.5,1.6,153,Ratnapark,27.7063,85.3152
2025-05-02T04:00,15.5,79,11.8,871.8,0.9,180,Ratnapark,27.7063,85.3152
2025-05-02T05:00,15.9,79,12.4,872.4,1.5,201,Ratnapark,27.7063,85.3152
2025-05-02T06:00,16.8,80,13.2,874.5,1.8,233,Ratnapark,27.7063,85.3152
2025-05-02T07:00,17.4,80,13.9,875.4,5.3,298,Ratnapark,27.7063,85.3152
2025-05-02T08:00,18.7,74,14.0,875.6,3.5,291,Ratnapark,27.7063,85.3152
2025-05-02T09:00,20.9,65,14.0,875.4,2.3,288,Ratnapark,27.7063,85.3152
2025-05-02T10:00,22.5,56,13.2,875.1,2.4,306,Ratnapark,27.7063,85.3152
2025-05-02T11:00,24.1,48,12.4,874.7,5.5,314,Ratnapark,27.7063,85.3152
2025-05-02T12:00,22.8,52,12.6,874.3,10.7,265,Ratnapark,27.7063,85.3152
2025-05-02T13:00,20.9,65,14.1,873.5,6.4,234,Ratnapark,27.7063,85.3152
2025-05-02T14:00,22.1,58,13.5,872.4,7.3,263,Ratnapark,27.7063,85.3152
2025-05-02T15:00,22.4,55,12.9,871.7,7.6,297,Ratnapark,27.7063,85.3152
2025-05-02T16:00,21.8,56,12.7,871.0,6.8,295,Ratnapark,27.7063,85.3152
2025-05-02T17:00,20.9,61,13.0,870.4,6.1,293,Ratnapark,27.7063,85.3152
2025-05-02T18:00,19.2,77,15.0,870.1,2.1,142,Ratnapark,27.7063,85.3152
2025-05-02T19:00,18.3,82,15.2,870.0,3.6,143,Ratnapark,27.7063,85.3152
2025-05-02T20:00,17.2,90,15.5,870.0,3.7,169,Ratnapark,27.7063,85.3152
2025-05-02T21:00,16.3,95,15.5,870.1,6.0,183,Ratnapark,27.7063,85.3152
2025-05-02T22:00,15.7,96,15.0,870.0,4.9,172,Ratnapark,27.7063,85.3152
2025-05-02T23:00,15.1,97,14.7,869.8,3.7,169,Ratnapark,27.7063,85.3152
2025-05-03T00:00,14.8,97,14.2,869.3,3.1,173,Ratnapark,27.7063,85.3152
2025-05-03T01:00,14.5,96,13.9,868.9,2.2,171,Ratnapark,27.7063,85.3152
2025-05-03T02:00,14.6,94,13.6,868.7,1.6,174,Ratnapark,27.7063,85.3152
2025-05-03T03:00,14.7,93,13.5,869.0,1.5,173,Ratnapark,27.7063,85.3152
2025-05-03T04:00,15.2,90,13.5,869.4,3.3,151,Ratnapark,27.7063,85.3152
2025-05-03T05:00,15.4,88,13.4,870.0,4.7,148,Ratnapark,27.7063,85.3152
2025-05-03T06:00,16.8,90,15.2,871.2,3.9,156,Ratnapark,27.7063,85.3152
2025-05-03T07:00,19.3,71,13.8,872.9,2.0,350,Ratnapark,27.7063,85.3152
2025-05-03T08:00,20.3,69,14.4,873.2,1.5,353,Ratnapark,27.7063,85.3152
2025-05-03T09:00,22.0,61,14.1,873.3,1.2,231,Ratnapark,27.7063,85.3152
2025-05-03T10:00,23.1,56,13.9,873.1,2.5,291,Ratnapark,27.7063,85.3152
2025-05-03T11:00,24.0,53,13.7,872.5,6.0,303,Ratnapark,27.7063,85.3152
2025-05-03T12:00,24.6,51,13.8,872.0,7.8,265,Ratnapark,27.7063,85.3152
2025-05-03T13:00,23.0,57,14.0,870.6,8.8,279,Ratnapark,27.7063,85.3152
2025-05-03T14:00,23.4,57,14.3,869.6,8.4,298,Ratnapark,27.7063,85.3152
2025-05-03T15:00,23.9,56,14.5,869.1,7.6,308,Ratnapark,27.7063,85.3152
2025-05-03T16:00,22.2,65,15.3,868.5,11.0,291,Ratnapark,27.7063,85.3152
2025-05-03T17:00,20.8,74,15.9,868.8,7.8,285,Ratnapark,27.7063,85.3152
2025-05-03T18:00,18.6,86,16.3,867.5,5.2,236,Ratnapark,27.7063,85.3152
2025-05-03T19:00,17.9,91,16.3,868.0,2.2,194,Ratnapark,27.7063,85.3152
2025-05-03T20:00,17.3,94,16.3,868.7,3.5,159,Ratnapark,27.7063,85.3152
2025-05-03T21:00,16.9,93,15.8,869.7,5.0,159,Ratnapark,27.7063,85.3152
2025-05-03T22:00,16.7,93,15.5,869.8,5.0,178,Ratnapark,27.7063,85.3152
2025-05-03T23:00,16.3,94,15.3,869.5,3.3,144,Ratnapark,27.7063,85.3152
2025-05-04T00:00,15.7,95,14.9,868.8,6.9,165,Ratnapark,27.7063,85.3152
2025-05-04T01:00,15.1,98,14.8,867.6,4.3,152,Ratnapark,27.7063,85.3152
2025-05-04T02:00,14.9,98,14.6,867.0,6.9,165,Ratnapark,27.7063,85.3152
2025-05-04T03:00,14.8,98,14.5,867.0,6.6,154,Ratnapark,27.7063,85.3152
2025-05-04T04:00,15.0,96,14.4,867.6,7.3,140,Ratnapark,27.7063,85.3152
2025-05-04T05:00,15.2,96,14.5,868.3,7.4,139,Ratnapark,27.7063,85.3152
2025-05-04T06:00,16.9,93,15.7,869.8,4.2,137,Ratnapark,27.7063,85.3152
2025-05-04T07:00,19.1,81,15.8,871.3,2.6,65,Ratnapark,27.7063,85.3152
2025-05-04T08:00,20.6,74,15.9,872.4,2.3,58,Ratnapark,27.7063,85.3152
2025-05-04T09:00,22.1,68,16.0,872.7,3.8,87,Ratnapark,27.7063,85.3152
2025-05-04T10:00,23.7,63,16.2,872.3,2.6,65,Ratnapark,27.7063,85.3152
2025-05-04T11:00,22.9,63,15.5,872.0,9.8,173,Ratnapark,27.7063,85.3152
2025-05-04T12:00,19.4,77,15.3,870.7,0.9,281,Ratnapark,27.7063,85.3152
2025-05-04T13:00,20.9,71,15.5,870.1,2.6,16,Ratnapark,27.7063,85.3152
2025-05-04T14:00,21.6,68,15.5,869.1,3.1,103,Ratnapark,27.7063,85.3152
2025-05-04T15:00,21.5,63,14.2,869.1,5.0,291,Ratnapark,27.7063,85.3152
2025-05-04T16:00,19.7,79,15.9,868.9,4.2,190,Ratnapark,27.7063,85.3152
2025-05-04T17:00,18.8,84,16.1,869.1,4.8,299,Ratnapark,27.7063,85.3152
2025-05-04T18:00,19.1,80,15.6,869.3,2.4,189,Ratnapark,27.7063,85.3152
2025-05-04T19:00,17.6,92,16.3,869.9,3.1,294,Ratnapark,27.7063,85.3152
2025-05-04T20:00,16.9,96,16.3,870.0,4.2,149,Ratnapark,27.7063,85.3152
2025-05-04T21:00,16.7,94,15.7,869.5,4.5,173,Ratnapark,27.7063,85.3152
2025-05-04T22:00,16.3,92,15.1,869.5,3.6,177,Ratnapark,27.7063,85.3152
2025-05-04T23:00,16.1,92,14.8,869.0,3.2,164,Ratnapark,27.7063,85.3152
2025-05-05T00:00,16.0,91,14.4,868.4,3.2,161,Ratnapark,27.7063,85.3152
2025-05-05T01:00,16.2,88,14.2,868.2,3.1,156,Ratnapark,27.7063,85.3152
2025-05-05T02:00,15.9,90,14.2,868.0,4.0,162,Ratnapark,27.7063,85.3152
2025-05-05T03:00,15.6,90,14.0,867.9,4.6,162,Ratnapark,27.7063,85.3152
2025-05-05T04:00,15.5,91,14.0,868.3,4.7,157,Ratnapark,27.7063,85.3152
2025-05-05T05:00,15.6,90,14.0,868.9,4.9,144,Ratnapark,27.7063,85.3152
2025-05-05T06:00,16.4,93,15.3,870.3,5.9,133,Ratnapark,27.7063,85.3152
2025-05-05T07:00,18.7,85,16.1,871.4,4.1,128,Ratnapark,27.7063,85.3152
2025-05-05T08:00,20.8,73,15.7,872.4,2.9,94,Ratnapark,27.7063,85.3152
2025-05-05T09:00,22.9,61,15.0,872.6,0.6,56,Ratnapark,27.7063,85.3152
2025-05-05T10:00,24.5,52,14.1,872.1,3.0,308,Ratnapark,27.7063,85.3152
2025-05-05T11:00,25.0,53,14.6,871.8,6.5,257,Ratnapark,27.7063,85.3152
2025-05-05T12:00,25.1,54,15.1,871.0,7.2,264,Ratnapark,27.7063,85.3152
2025-05-05T13:00,21.6,70,15.8,870.4,8.6,248,Ratnapark,27.7063,85.3152
2025-05-05T14:00,21.7,67,15.2,869.8,7.1,229,Ratnapark,27.7063,85.3152
2025-05-05T15:00,20.3,77,16.0,869.0,4.9,272,Ratnapark,27.7063,85.3152
2025-05-05T16:00,20.1,77,15.9,869.2,5.1,354,Ratnapark,27.7063,85.3152
2025-05-05T17:00,19.9,75,15.4,869.1,3.1,360,Ratnapark,27.7063,85.3152
2025-05-05T18:00,19.0,88,17.0,868.9,0.7,14,Ratnapark,27.7063,85.3152
2025-05-05T19:00,18.2,92,16.8,869.5,2.1,200,Ratnapark,27.7063,85.3152
2025-05-05T20:00,17.4,96,16.7,870.0,1.6,186,Ratnapark,27.7063,85.3152
2025-05-05T21:00,17.0,96,16.3,870.4,1.8,174,Ratnapark,27.7063,85.3152
2025-05-05T22:00,16.4,97,15.9,870.4,3.4,174,Ratnapark,27.7063,85.3152
2025-05-05T23:00,16.1,96,15.5,869.5,3.3,171,Ratnapark,27.7063,85.3152
2025-05-06T00:00,15.8,96,15.1,868.4,1.9,163,Ratnapark,27.7063,85.3152
2025-05-06T01:00,15.9,93,14.8,867.8,5.1,172,Ratnapark,27.7063,85.3152
2025-05-06T02:00,15.5,93,14.4,867.9,6.1,166,Ratnapark,27.7063,85.3152
2025-05-06T03:00,15.8,91,14.4,868.5,5.5,148,Ratnapark,27.7063,85.3152
2025-05-06T04:00,15.4,93,14.3,868.6,6.9,155,Ratnapark,27.7063,85.3152
2025-05-06T05:00,15.5,93,14.4,868.8,6.3,156,Ratnapark,27.7063,85.3152
2025-05-06T06:00,17.0,90,15.4,870.7,5.7,134,Ratnapark,27.7063,85.3152
2025-05-06T07:00,18.8,85,16.3,871.7,4.8,115,Ratnapark,27.7063,85.3152
2025-05-06T08:00,20.6,78,16.7,873.0,4.9,84,Ratnapark,27.7063,85.3152
2025-05-06T09:00,22.0,73,16.8,873.1,2.6,102,Ratnapark,27.7063,85.3152
2025-05-06T10:00,21.3,68,15.1,872.9,6.3,233,Ratnapark,27.7063,85.3152
2025-05-06T11:00,18.2,88,16.2,872.0,4.6,312,Ratnapark,27.7063,85.3152
2025-05-06T12:00,21.6,73,16.4,871.9,4.7,320,Ratnapark,27.7063,85.3152
2025-05-06T13:00,23.2,61,15.3,871.0,4.4,249,Ratnapark,27.7063,85.3152
2025-05-06T14:00,21.4,69,15.4,870.0,2.6,214,Ratnapark,27.7063,85.3152
2025-05-06T15:00,20.7,76,16.2,869.4,8.1,291,Ratnapark,27.7063,85.3152
2025-05-06T16:00,20.0,81,16.7,868.7,2.6,282,Ratnapark,27.7063,85.3152
2025-05-06T17:00,19.7,82,16.5,868.4,2.7,217,Ratnapark,27.7063,85.3152
2025-05-06T18:00,17.1,99,16.9,868.2,1.8,186,Ratnapark,27.7063,85.3152
2025-05-06T19:00,16.5,100,16.5,867.9,1.8,186,Ratnapark,27.7063,85.3152
2025-05-06T20:00,16.1,100,16.1,868.0,4.5,180,Ratnapark,27.7063,85.3152
2025-05-06T21:00,15.5,100,15.5,868.2,3.8,163,Ratnapark,27.7063,85.3152
2025-05-06T22:00,14.9,100,14.9,868.6,3.9,158,Ratnapark,27.7063,85.3152
2025-05-06T23:00,14.5,100,14.5,868.2,3.3,158,Ratnapark,27.7063,85.3152
2025-05-07T00:00,14.3,100,14.3,867.5,3.2,164,Ratnapark,27.7063,85.3152
2025-05-07T01:00,13.9,100,13.9,866.8,3.6,160,Ratnapark,27.7063,85.3152
2025-05-07T02:00,13.9,99,13.8,866.9,3.0,166,Ratnapark,27.7063,85.3152
2025-05-07T03:00,13.9,99,13.7,866.9,2.4,171,Ratnapark,27.7063,85.3152
2025-05-07T04:00,13.9,98,13.5,867.4,1.6,174,Ratnapark,27.7063,85.3152
2025-05-07T05:00,14.2,98,13.9,868.2,3.3,167,Ratnapark,27.7063,85.3152
2025-05-07T06:00,16.6,94,15.5,870.1,6.1,118,Ratnapark,27.7063,85.3152
2025-05-07T07:00,18.3,88,16.2,871.0,4.0,120,Ratnapark,27.7063,85.3152
2025-05-07T08:00,20.6,76,16.3,871.7,2.5,111,Ratnapark,27.7063,85.3152
2025-05-07T09:00,22.6,67,16.1,872.0,1.7,328,Ratnapark,27.7063,85.3152
2025-05-07T10:00,24.3,62,16.4,871.8,6.9,313,Ratnapark,27.7063,85.3152
2025-05-07T11:00,24.7,58,16.0,871.0,10.3,297,Ratnapark,27.7063,85.3152
2025-05-07T12:00,24.2,60,15.9,870.4,8.0,275,Ratnapark,27.7063,85.3152
2025-05-07T13:00,24.0,57,15.0,869.6,14.4,303,Ratnapark,27.7063,85.3152
2025-05-07T14:00,22.7,64,15.5,868.6,11.1,309,Ratnapark,27.7063,85.3152
2025-05-07T15:00,23.0,65,16.0,867.8,9.5,289,Ratnapark,27.7063,85.3152
2025-05-07T16:00,22.7,65,15.8,867.5,9.6,282,Ratnapark,27.7063,85.3152
2025-05-07T17:00,21.9,69,16.0,867.4,6.8,302,Ratnapark,27.7063,85.3152
2025-05-07T18:00,20.1,82,17.0,867.8,2.5,274,Ratnapark,27.7063,85.3152
2025-05-07T19:00,19.5,82,16.3,868.2,1.2,207,Ratnapark,27.7063,85.3152
2025-05-07T20:00,18.9,83,16.0,868.9,2.4,193,Ratnapark,27.7063,85.3152
2025-05-07T21:00,18.1,88,16.0,869.1,2.2,185,Ratnapark,27.7063,85.3152
2025-05-07T22:00,17.5,90,15.8,869.0,2.3,184,Ratnapark,27.7063,85.3152
2025-05-07T23:00,17.1,90,15.5,868.8,2.5,184,Ratnapark,27.7063,85.3152
2025-05-08T00:00,17.1,89,15.2,868.5,1.8,186,Ratnapark,27.7063,85.3152
2025-05-08T01:00,17.0,88,15.0,868.3,2.0,180,Ratnapark,27.7063,85.3152
2025-05-08T02:00,16.9,88,14.9,868.1,2.2,180,Ratnapark,27.7063,85.3152
2025-05-08T03:00,16.7,88,14.7,867.8,0.5,180,Ratnapark,27.7063,85.3152
2025-05-08T04:00,16.9,86,14.5,868.1,0.7,166,Ratnapark,27.7063,85.3152
2025-05-08T05:00,17.4,84,14.6,868.8,1.9,146,Ratnapark,27.7063,85.3152
2025-05-08T06:00,18.7,88,16.6,869.6,2.3,180,Ratnapark,27.7063,85.3152
2025-05-08T07:00,21.5,75,16.8,871.6,1.1,9,Ratnapark,27.7063,85.3152
2025-05-08T08:00,23.3,62,15.5,872.3,4.2,306,Ratnapark,27.7063,85.3152
2025-05-08T09:00,24.8,52,14.2,872.6,10.4,293,Ratnapark,27.7063,85.3152
2025-05-08T10:00,25.2,52,14.5,872.6,13.8,301,Ratnapark,27.7063,85.3152
2025-05-08T11:00,26.0,48,14.0,872.4,13.5,306,Ratnapark,27.7063,85.3152
2025-05-08T12:00,26.5,48,14.6,871.9,13.4,305,Ratnapark,27.7063,85.3152
2025-05-08T13:00,26.7,47,14.4,871.2,13.6,305,Ratnapark,27.7063,85.3152
2025-05-08T14:00,26.3,47,14.1,870.6,12.8,301,Ratnapark,27.7063,85.3152
2025-05-08T15:00,25.7,48,13.9,869.9,12.5,302,Ratnapark,27.7063,85.3152
2025-05-08T16:00,24.6,54,14.7,869.8,10.9,289,Ratnapark,27.7063,85.3152
2025-05-08T17:00,23.4,63,16.0,869.8,6.2,291,Ratnapark,27.7063,85.3152
2025-05-08T18:00,21.7,67,15.3,869.3,4.5,310,Ratnapark,27.7063,85.3152
2025-05-08T19:00,21.1,68,15.0,869.8,3.5,219,Ratnapark,27.7063,85.3152
2025-05-08T20:00,20.2,74,15.5,870.3,3.1,201,Ratnapark,27.7063,85.3152
2025-05-08T21:00,19.7,78,15.8,870.9,1.3,188,Ratnapark,27.7063,85.3152
2025-05-08T22:00,19.3,80,15.7,871.1,0.5,180,Ratnapark,27.7063,85.3152
2025-05-08T23:00,19.2,79,15.4,871.0,1.3,180,Ratnapark,27.7063,85.3152
2025-05-09T00:00,19.0,79,15.2,870.5,1.8,180,Ratnapark,27.7063,85.3152
2025-05-09T01:00,18.6,80,15.0,869.9,1.1,180,Ratnapark,27.7063,85.3152
2025-05-09T02:00,18.5,79,14.7,869.5,1.1,171,Ratnapark,27.7063,85.3152
2025-05-09T03:00,18.4,79,14.7,869.3,3.5,171,Ratnapark,27.7063,85.3152
2025-05-09T04:00,18.0,81,14.6,869.3,3.1,167,Ratnapark,27.7063,85.3152
2025-05-09T05:00,17.9,82,14.7,869.6,2.1,165,Ratnapark,27.7063,85.3152
2025-05-09T06:00,19.5,84,16.8,871.1,4.6,159,Ratnapark,27.7063,85.3152
2025-05-09T07:00,22.7,67,16.4,873.1,2.5,98,Ratnapark,27.7063,85.3152
2025-05-09T08:00,24.6,59,16.0,873.7,1.1,360,Ratnapark,27.7063,85.3152
2025-05-09T09:00,26.1,53,15.6,874.1,6.8,297,Ratnapark,27.7063,85.3152
2025-05-09T10:00,26.5,47,14.3,874.0,13.8,299,Ratnapark,27.7063,85.3152
2025-05-09T11:00,26.3,48,14.4,873.5,15.0,303,Ratnapark,27.7063,85.3152
2025-05-09T12:00,27.2,45,14.2,872.9,14.6,299,Ratnapark,27.7063,85.3152
2025-05-09T13:00,27.2,45,14.1,871.9,15.2,297,Ratnapark,27.7063,85.3152
2025-05-09T14:00,27.2,43,13.6,871.2,14.4,292,Ratnapark,27.7063,85.3152
2025-05-09T15:00,27.1,42,13.2,870.7,14.6,297,Ratnapark,27.7063,85.3152
2025-05-09T16:00,25.3,49,14.0,870.2,14.5,297,Ratnapark,27.7063,85.3152
2025-05-09T17:00,23.6,60,15.4,870.1,7.3,301,Ratnapark,27.7063,85.3152
2025-05-09T18:00,22.2,70,16.4,869.6,3.4,238,Ratnapark,27.7063,85.3152
2025-05-09T19:00,21.3,75,16.6,869.7,3.2,199,Ratnapark,27.7063,85.3152
2025-05-09T20:00,20.5,79,16.7,870.0,1.3,180,Ratnapark,27.7063,85.3152
2025-05-09T21:00,19.9,80,16.3,870.2,1.4,180,Ratnapark,27.7063,85.3152
2025-05-09T22:00,19.5,80,15.9,870.2,2.0,180,Ratnapark,27.7063,85.3152
2025-05-09T23:00,19.3,79,15.5,870.3,0.5,180,Ratnapark,27.7063,85.3152
2025-05-10T00:00,19.4,75,14.8,870.0,0.4,180,Ratnapark,27.7063,85.3152
2025-05-10T01:00,19.4,72,14.3,869.6,0.9,180,Ratnapark,27.7063,85.3152
2025-05-10T02:00,19.4,71,14.0,869.4,0.7,166,Ratnapark,27.7063,85.3152
2025-05-10T03:00,19.3,71,13.8,869.3,1.5,166,Ratnapark,27.7063,85.3152
2025-05-10T04:00,19.1,71,13.7,869.4,1.9,158,Ratnapark,27.7063,85.3152
2025-05-10T05:00,19.3,71,14.0,870.1,2.7,157,Ratnapark,27.7063,85.3152
2025-05-10T06:00,19.8,81,16.4,870.5,5.0,159,Ratnapark,27.7063,85.3152
2025-05-10T07:00,23.6,63,16.2,872.7,2.7,110,Ratnapark,27.7063,85.3152
2025-05-10T08:00,25.4,54,15.5,873.5,0.7,346,Ratnapark,27.7063,85.3152
2025-05-10T09:00,26.9,47,14.5,873.9,6.8,288,Ratnapark,27.7063,85.3152
2025-05-10T10:00,27.6,42,13.7,873.8,12.4,291,Ratnapark,27.7063,85.3152
2025-05-10T11:00,27.8,39,12.5,873.5,12.6,299,Ratnapark,27.7063,85.3152
2025-05-10T12:00,27.4,40,12.7,872.4,11.3,283,Ratnapark,27.7063,85.3152
2025-05-10T13:00,27.6,41,13.1,871.8,9.4,288,Ratnapark,27.7063,85.3152
2025-05-10T14:00,27.3,42,13.4,871.1,10.8,294,Ratnapark,27.7063,85.3152
2025-05-10T15:00,27.1,44,13.8,870.3,12.1,295,Ratnapark,27.7063,85.3152
2025-05-10T16:00,25.3,52,14.6,870.2,10.8,294,Ratnapark,27.7063,85.3152
2025-05-10T17:00,24.1,59,15.5,869.7,8.2,303,Ratnapark,27.7063,85.3152
2025-05-10T18:00,22.6,68,16.3,869.1,4.3,292,Ratnapark,27.7063,85.3152
2025-05-10T19:00,22.4,67,16.0,870.1,2.2,265,Ratnapark,27.7063,85.3152
2025-05-10T20:00,22.3,66,15.6,870.6,1.7,238,Ratnapark,27.7063,85.3152
2025-05-10T21:00,21.7,67,15.2,870.8,1.9,202,Ratnapark,27.7063,85.3152
2025-05-10T22:00,20.9,72,15.7,870.8,1.7,198,Ratnapark,27.7063,85.3152
2025-05-10T23:00,20.6,73,15.7,870.3,0.7,194,Ratnapark,27.7063,85.3152
2025-05-11T00:00,20.5,73,15.5,869.7,1.8,191,Ratnapark,27.7063,85.3152
2025-05-11T01:00,20.1,75,15.5,869.0,2.2,180,Ratnapark,27.7063,85.3152
2025-05-11T02:00,19.7,76,15.4,868.8,1.9,163,Ratnapark,27.7063,85.3152
2025-05-11T03:00,19.6,76,15.2,868.9,2.4,163,Ratnapark,27.7063,85.3152
2025-05-11T04:00,19.1,78,15.2,869.2,2.2,166,Ratnapark,27.7063,85.3152
2025-05-11T05:00,19.0,79,15.2,869.8,2.8,130,Ratnapark,27.7063,85.3152
2025-05-11T06:00,20.4,79,16.7,870.5,3.5,156,Ratnapark,27.7063,85.3152
2025-05-11T07:00,23.5,63,16.0,872.1,2.2,99,Ratnapark,27.7063,85.3152
2025-05-11T08:00,25.1,58,16.2,872.5,0.9,37,Ratnapark,27.7063,85.3152
2025-05-11T09:00,26.3,51,15.5,872.7,6.0,280,Ratnapark,27.7063,85.3152
2025-05-11T10:00,25.2,55,15.5,872.3,9.0,264,Ratnapark,27.7063,85.3152
2025-05-11T11:00,24.7,63,17.2,871.7,6.0,221,Ratnapark,27.7063,85.3152
2025-05-11T12:00,26.1,57,16.9,871.1,8.3,300,Ratnapark,27.7063,85.3152
2025-05-11T13:00,24.8,64,17.6,870.1,9.9,299,Ratnapark,27.7063,85.3152
2025-05-11T14:00,24.4,66,17.7,868.8,10.0,279,Ratnapark,27.7063,85.3152
2025-05-11T15:00,23.9,70,18.1,868.5,10.6,304,Ratnapark,27.7063,85.3152
2025-05-11T16:00,22.2,81,18.7,868.1,7.0,310,Ratnapark,27.7063,85.3152
2025-05-11T17:00,21.6,83,18.6,867.8,3.4,276,Ratnapark,27.7063,85.3152
2025-05-11T18:00,21.8,80,18.2,867.5,2.4,216,Ratnapark,27.7063,85.3152
2025-05-11T19:00,20.5,87,18.2,867.4,3.1,183,Ratnapark,27.7063,85.3152
2025-05-11T20:00,19.5,93,18.3,867.8,2.0,180,Ratnapark,27.7063,85.3152
2025-05-11T21:00,19.0,93,17.9,868.3,2.7,172,Ratnapark,27.7063,85.3152
2025-05-11T22:00,18.5,93,17.4,868.3,3.3,171,Ratnapark,27.7063,85.3152
2025-05-11T23:00,18.0,94,17.0,867.9,4.6,167,Ratnapark,27.7063,85.3152
2025-05-12T00:00,17.8,93,16.7,867.4,4.6,162,Ratnapark,27.7063,85.3152
2025-05-12T01:00,17.8,92,16.5,866.9,5.6,165,Ratnapark,27.7063,85.3152
2025-05-12T02:00,17.3,94,16.4,867.2,0.5,225,Ratnapark,27.7063,85.3152
2025-05-12T03:00,17.3,93,16.1,867.6,1.9,158,Ratnapark,27.7063,85.3152
2025-05-12T04:00,17.0,95,16.2,867.4,3.9,124,Ratnapark,27.7063,85.3152
2025-05-12T05:00,16.6,98,16.3,867.3,5.6,147,Ratnapark,27.7063,85.3152
2025-05-12T06:00,17.8,95,17.1,868.3,3.5,156,Ratnapark,27.7063,85.3152
2025-05-12T07:00,20.6,82,17.4,869.5,2.4,132,Ratnapark,27.7063,85.3152
2025-05-12T08:00,23.3,68,17.0,870.3,1.0,45,Ratnapark,27.7063,85.3152
2025-05-12T09:00,25.4,59,16.8,870.5,3.6,307,Ratnapark,27.7063,85.3152
2025-05-12T10:00,26.6,53,16.2,870.6,6.7,284,Ratnapark,27.7063,85.3152
2025-05-12T11:00,27.0,52,16.3,870.2,9.3,279,Ratnapark,27.7063,85.3152
2025-05-12T12:00,26.9,54,16.9,869.6,9.8,287,Ratnapark,27.7063,85.3152
2025-05-12T13:00,26.8,56,17.3,868.8,10.5,297,Ratnapark,27.7063,85.3152
2025-05-12T14:00,26.6,58,17.6,868.2,11.6,305,Ratnapark,27.7063,85.3152
2025-05-12T15:00,25.7,61,17.6,867.3,10.9,299,Ratnapark,27.7063,85.3152
2025-05-12T16:00,25.3,59,16.7,867.0,10.7,301,Ratnapark,27.7063,85.3152
2025-05-12T17:00,24.5,62,16.7,866.6,8.6,309,Ratnapark,27.7063,85.3152
2025-05-12T18:00,22.7,80,19.0,866.8,0.4,153,Ratnapark,27.7063,85.3152
2025-05-12T19:00,21.3,85,18.8,866.7,1.8,180,Ratnapark,27.7063,85.3152
2025-05-12T20:00,20.0,94,19.0,866.7,3.4,164,Ratnapark,27.7063,85.3152
2025-05-12T21:00,19.3,98,18.9,867.0,4.6,169,Ratnapark,27.7063,85.3152
2025-05-12T22:00,18.9,98,18.6,867.4,4.2,168,Ratnapark,27.7063,85.3152
2025-05-12T23:00,18.6,98,18.2,867.4,3.2,177,Ratnapark,27.7063,85.3152
2025-05-13T00:00,18.4,98,18.0,867.1,3.1,170,Ratnapark,27.7063,85.3152
2025-05-13T01:00,18.2,97,17.7,867.0,1.1,198,Ratnapark,27.7063,85.3152
2025-05-13T02:00,18.2,95,17.4,867.5,0.7,284,Ratnapark,27.7063,85.3152
2025-05-13T03:00,17.7,96,17.0,867.6,0.7,256,Ratnapark,27.7063,85.3152
2025-05-13T04:00,17.5,96,16.8,867.3,2.4,189,Ratnapark,27.7063,85.3152
2025-05-13T05:00,17.4,96,16.8,867.4,3.1,180,Ratnapark,27.7063,85.3152
2025-05-13T06:00,19.1,89,17.2,868.5,3.3,174,Ratnapark,27.7063,85.3152
2025-05-13T07:00,21.3,78,17.3,869.9,0.8,315,Ratnapark,27.7063,85.3152
2025-05-13T08:00,23.2,68,17.1,870.4,3.6,307,Ratnapark,27.7063,85.3152
2025-05-13T09:00,24.8,60,16.5,870.8,7.7,300,Ratnapark,27.7063,85.3152
2025-05-13T10:00,25.9,54,16.0,870.9,10.1,301,Ratnapark,27.7063,85.3152
2025-05-13T11:00,26.7,51,15.8,870.7,10.7,295,Ratnapark,27.7063,85.3152
2025-05-13T12:00,26.8,51,15.9,869.9,10.6,293,Ratnapark,27.7063,85.3152
2025-05-13T13:00,26.9,50,15.7,869.4,11.7,291,Ratnapark,27.7063,85.3152
2025-05-13T14:00,26.3,51,15.4,868.2,11.7,291,Ratnapark,27.7063,85.3152
2025-05-13T15:00,25.7,55,16.0,867.5,11.3,290,Ratnapark,27.7063,85.3152
2025-05-13T16:00,25.1,59,16.6,867.0,9.5,299,Ratnapark,27.7063,85.3152
2025-05-13T17:00,24.2,63,16.6,866.5,8.4,310,Ratnapark,27.7063,85.3152
2025-05-13T18:00,23.2,72,18.0,866.4,3.2,270,Ratnapark,27.7063,85.3152
2025-05-13T19:00,22.5,75,17.9,866.8,2.5,225,Ratnapark,27.7063,85.3152
2025-05-13T20:00,21.6,79,17.8,867.1,1.5,187,Ratnapark,27.7063,85.3152
2025-05-13T21:00,20.6,86,18.1,867.5,1.3,180,Ratnapark,27.7063,85.3152
2025-05-13T22:00,20.1,88,18.0,867.5,2.0,180,Ratnapark,27.7063,85.3152
2025-05-13T23:00,19.6,90,17.8,867.6,1.6,180,Ratnapark,27.7063,85.3152
2025-05-14T00:00,19.2,90,17.6,867.4,3.3,209,Ratnapark,27.7063,85.3152
2025-05-14T01:00,19.4,86,17.0,867.8,3.1,97,Ratnapark,27.7063,85.3152
2025-05-14T02:00,19.5,82,16.4,867.6,4.5,133,Ratnapark,27.7063,85.3152
2025-05-14T03:00,18.8,85,16.3,867.4,5.0,145,Ratnapark,27.7063,85.3152
2025-05-14T04:00,18.1,89,16.2,867.4,5.8,154,Ratnapark,27.7063,85.3152
2025-05-14T05:00,17.9,89,16.0,867.8,5.8,158,Ratnapark,27.7063,85.3152
2025-05-14T06:00,19.6,90,17.9,869.1,3.6,135,Ratnapark,27.7063,85.3152
2025-05-14T07:00,21.9,77,17.6,870.5,2.1,110,Ratnapark,27.7063,85.3152
2025-05-14T08:00,24.0,67,17.4,871.3,0.7,104,Ratnapark,27.7063,85.3152
2025-05-14T09:00,26.1,53,15.8,871.9,2.8,288,Ratnapark,27.7063,85.3152
2025-05-14T10:00,27.8,43,14.0,871.9,7.7,286,Ratnapark,27.7063,85.3152
2025-05-14T11:00,28.6,40,13.5,871.8,11.3,292,Ratnapark,27.7063,85.3152
2025-05-14T12:00,28.9,40,13.9,871.3,12.9,293,Ratnapark,27.7063,85.3152
2025-05-14T13:00,28.4,41,13.7,870.8,12.1,285,Ratnapark,27.7063,85.3152
2025-05-14T14:00,27.2,44,13.8,870.2,11.8,264,Ratnapark,27.7063,85.3152
2025-05-14T15:00,26.8,46,14.2,869.5,9.7,273,Ratnapark,27.7063,85.3152
2025-05-14T16:00,25.2,53,15.0,869.2,10.1,289,Ratnapark,27.7063,85.3152
2025-05-14T17:00,23.7,61,15.7,868.6,5.6,263,Ratnapark,27.7063,85.3152
2025-05-14T18:00,21.7,76,17.2,868.1,5.4,201,Ratnapark,27.7063,85.3152
2025-05-14T19:00,20.8,82,17.7,868.1,3.5,208,Ratnapark,27.7063,85.3152
2025-05-14T20:00,20.3,88,18.3,868.4,1.8,186,Ratnapark,27.7063,85.3152
2025-05-14T21:00,20.1,89,18.3,869.1,1.9,197,Ratnapark,27.7063,85.3152
2025-05-14T22:00,19.8,91,18.2,869.3,2.8,191,Ratnapark,27.7063,85.3152
2025-05-14T23:00,19.4,92,18.1,869.3,3.4,148,Ratnapark,27.7063,85.3152
2025-05-15T00:00,18.2,93,17.0,870.0,9.6,38,Ratnapark,27.7063,85.3152
2025-05-15T01:00,17.3,97,16.8,868.9,7.3,150,Ratnapark,27.7063,85.3152
2025-05-15T02:00,17.1,97,16.6,868.2,6.6,158,Ratnapark,27.7063,85.3152
2025-05-15T03:00,16.8,97,16.3,867.9,6.6,154,Ratnapark,27.7063,85.3152
2025-05-15T04:00,16.4,97,15.9,867.6,6.8,151,Ratnapark,27.7063,85.3152
2025-05-15T05:00,16.4,97,15.8,868.0,7.5,147,Ratnapark,27.7063,85.3152
2025-05-15T06:00,19.6,85,17.0,869.6,5.6,138,Ratnapark,27.7063,85.3152
2025-05-15T07:00,21.9,74,17.1,870.7,2.5,135,Ratnapark,27.7063,85.3152
2025-05-15T08:00,24.4,60,16.1,871.4,0.6,108,Ratnapark,27.7063,85.3152
2025-05-15T09:00,26.8,47,14.5,871.9,4.4,300,Ratnapark,27.7063,85.3152
2025-05-15T10:00,28.5,39,13.1,872.0,8.0,304,Ratnapark,27.7063,85.3152
2025-05-15T11:00,29.1,36,12.6,871.9,10.5,299,Ratnapark,27.7063,85.3152
2025-05-15T12:00,29.0,37,12.7,871.6,11.9,293,Ratnapark,27.7063,85.3152
2025-05-15T13:00,29.2,35,12.3,871.1,11.6,292,Ratnapark,27.7063,85.3152
2025-05-15T14:00,28.9,36,12.3,870.1,11.3,292,Ratnapark,27.7063,85.3152
2025-05-15T15:00,28.4,38,12.6,869.5,11.6,289,Ratnapark,27.7063,85.3152
2025-05-15T16:00,27.5,41,13.0,868.8,10.8,291,Ratnapark,27.7063,85.3152
2025-05-15T17:00,26.4,44,13.2,868.6,9.4,301,Ratnapark,27.7063,85.3152
2025-05-15T18:00,24.9,52,14.5,868.5,6.6,283,Ratnapark,27.7063,85.3152
2025-05-15T19:00,23.5,62,15.7,868.6,3.7,215,Ratnapark,27.7063,85.3152
2025-05-15T20:00,22.1,72,16.8,868.7,3.3,186,Ratnapark,27.7063,85.3152
2025-05-15T21:00,20.8,81,17.4,869.0,5.8,178,Ratnapark,27.7063,85.3152
2025-05-15T22:00,20.6,81,17.2,869.5,7.0,180,Ratnapark,27.7063,85.3152
2025-05-15T23:00,20.7,77,16.6,870.3,3.6,189,Ratnapark,27.7063,85.3152
2025-05-16T00:00,20.6,78,16.7,869.6,5.4,184,Ratnapark,27.7063,85.3152
2025-05-16T01:00,19.2,83,16.3,868.8,0.2,180,Ratnapark,27.7063,85.3152
2025-05-16T02:00,19.3,77,15.1,868.4,1.5,159,Ratnapark,27.7063,85.3152
2025-05-16T03:00,18.7,78,14.8,868.7,3.3,77,Ratnapark,27.7063,85.3152
2025-05-16T04:00,18.8,77,14.7,868.8,1.8,143,Ratnapark,27.7063,85.3152
2025-05-16T05:00,18.8,78,14.9,869.5,1.3,214,Ratnapark,27.7063,85.3152
2025-05-16T06:00,20.0,79,16.2,870.0,1.3,180,Ratnapark,27.7063,85.3152
2025-05-16T07:00,22.4,65,15.5,871.3,1.9,119,Ratnapark,27.7063,85.3152
2025-05-16T08:00,24.9,56,15.4,871.7,1.2,63,Ratnapark,27.7063,85.3152
2025-05-16T09:00,26.9,47,14.5,871.8,3.5,309,Ratnapark,27.7063,85.3152
2025-05-16T10:00,28.4,38,12.8,871.7,7.8,307,Ratnapark,27.7063,85.3152
2025-05-16T11:00,29.3,34,11.7,871.6,12.4,294,Ratnapark,27.7063,85.3152
2025-05-16T12:00,28.8,38,13.2,871.2,11.9,293,Ratnapark,27.7063,85.3152
2025-05-16T13:00,28.5,38,12.8,870.8,10.6,281,Ratnapark,27.7063,85.3152
2025-05-16T14:00,25.7,50,14.4,870.3,11.2,294,Ratnapark,27.7063,85.3152
2025-05-16T15:00,25.5,54,15.4,869.6,7.9,319,Ratnapark,27.7063,85.3152
2025-05-16T16:00,24.6,59,16.1,869.2,10.3,306,Ratnapark,27.7063,85.3152
2025-05-16T17:00,23.1,67,16.7,868.5,6.9,303,Ratnapark,27.7063,85.3152
2025-05-16T18:00,21.8,75,17.1,869.1,9.6,307,Ratnapark,27.7063,85.3152
2025-05-16T19:00,19.9,90,18.3,868.5,4.7,152,Ratnapark,27.7063,85.3152
2025-05-16T20:00,19.5,96,18.8,868.0,5.9,169,Ratnapark,27.7063,85.3152
2025-05-16T21:00,19.5,94,18.5,868.8,7.5,165,Ratnapark,27.7063,85.3152
2025-05-16T22:00,19.4,93,18.3,869.4,5.4,166,Ratnapark,27.7063,85.3152
2025-05-16T23:00,19.0,95,18.2,869.2,3.4,174,Ratnapark,27.7063,85.3152
2025-05-17T00:00,18.4,97,17.9,868.8,2.5,120,Ratnapark,27.7063,85.3152
2025-05-17T01:00,17.6,96,16.9,868.8,5.8,146,Ratnapark,27.7063,85.3152
2025-05-17T02:00,17.2,97,16.8,867.9,4.4,145,Ratnapark,27.7063,85.3152
2025-05-17T03:00,16.9,99,16.7,867.2,7.0,148,Ratnapark,27.7063,85.3152
2025-05-17T04:00,17.0,99,16.8,867.2,4.2,168,Ratnapark,27.7063,85.3152
2025-05-17T05:00,16.8,100,16.7,867.4,3.5,159,Ratnapark,27.7063,85.3152
2025-05-17T06:00,17.4,88,15.4,868.7,4.8,127,Ratnapark,27.7063,85.3152
2025-05-17T07:00,20.5,76,16.2,870.2,4.1,131,Ratnapark,27.7063,85.3152
2025-05-17T08:00,23.5,57,14.6,870.8,3.1,144,Ratnapark,27.7063,85.3152
2025-05-17T09:00,26.2,47,14.1,871.1,4.5,265,Ratnapark,27.7063,85.3152
2025-05-17T10:00,24.9,58,16.1,871.6,10.3,257,Ratnapark,27.7063,85.3152
2025-05-17T11:00,24.3,60,16.1,871.7,0.0,270,Ratnapark,27.7063,85.3152
2025-05-17T12:00,22.4,70,16.8,870.8,3.3,292,Ratnapark,27.7063,85.3152
2025-05-17T13:00,24.4,63,16.9,870.6,7.8,302,Ratnapark,27.7063,85.3152
2025-05-17T14:00,23.0,71,17.6,869.2,3.8,8,Ratnapark,27.7063,85.3152
2025-05-17T15:00,24.0,66,17.2,868.7,2.3,4,Ratnapark,27.7063,85.3152
2025-05-17T16:00,23.6,66,16.9,868.2,3.6,323,Ratnapark,27.7063,85.3152
2025-05-17T17:00,22.3,72,17.0,867.8,3.8,301,Ratnapark,27.7063,85.3152
2025-05-17T18:00,20.9,80,17.3,868.0,1.9,17,Ratnapark,27.7063,85.3152
2025-05-17T19:00,20.3,82,17.0,868.0,1.3,172,Ratnapark,27.7063,85.3152
2025-05-17T20:00,19.2,90,17.5,868.0,4.0,162,Ratnapark,27.7063,85.3152
2025-05-17T21:00,18.5,95,17.7,868.7,5.5,167,Ratnapark,27.7063,85.3152
2025-05-17T22:00,18.5,95,17.7,869.3,6.0,159,Ratnapark,27.7063,85.3152
2025-05-17T23:00,18.5,95,17.6,869.3,6.3,160,Ratnapark,27.7063,85.3152
2025-05-18T00:00,18.2,94,17.2,869.2,4.8,169,Ratnapark,27.7063,85.3152
2025-05-18T01:00,18.0,94,17.1,868.8,3.5,152,Ratnapark,27.7063,85.3152
2025-05-18T02:00,17.8,97,17.3,868.7,3.9,133,Ratnapark,27.7063,85.3152
2025-05-18T03:00,17.8,97,17.4,868.7,4.7,140,Ratnapark,27.7063,85.3152
2025-05-18T04:00,17.6,98,17.2,869.0,3.4,155,Ratnapark,27.7063,85.3152
2025-05-18T05:00,17.4,99,17.2,869.3,2.4,138,Ratnapark,27.7063,85.3152
2025-05-18T06:00,19.3,91,17.8,870.9,1.7,41,Ratnapark,27.7063,85.3152
2025-05-18T07:00,20.4,85,17.7,871.8,1.6,96,Ratnapark,27.7063,85.3152
2025-05-18T08:00,22.1,76,17.7,872.2,1.9,107,Ratnapark,27.7063,85.3152
2025-05-18T09:00,24.1,66,17.3,872.3,0.2,270,Ratnapark,27.7063,85.3152
2025-05-18T10:00,25.9,59,17.3,871.8,2.2,261,Ratnapark,27.7063,85.3152
2025-05-18T11:00,25.6,58,16.7,871.6,7.5,213,Ratnapark,27.7063,85.3152
2025-05-18T12:00,22.9,69,16.8,871.0,6.3,141,Ratnapark,27.7063,85.3152
2025-05-18T13:00,21.1,79,17.3,870.5,4.7,189,Ratnapark,27.7063,85.3152
2025-05-18T14:00,21.9,77,17.7,869.6,3.7,313,Ratnapark,27.7063,85.3152
2025-05-18T15:00,20.8,80,17.2,868.9,6.9,85,Ratnapark,27.7063,85.3152
2025-05-18T16:00,21.2,78,17.2,868.6,6.0,171,Ratnapark,27.7063,85.3152
2025-05-18T17:00,21.0,81,17.6,868.7,2.3,141,Ratnapark,27.7063,85.3152
2025-05-18T18:00,20.5,89,18.6,868.6,2.3,94,Ratnapark,27.7063,85.3152
2025-05-18T19:00,19.9,91,18.5,869.2,0.4,207,Ratnapark,27.7063,85.3152
2025-05-18T20:00,19.3,93,18.2,869.4,3.2,146,Ratnapark,27.7063,85.3152
2025-05-18T21:00,18.6,98,18.2,869.6,2.8,162,Ratnapark,27.7063,85.3152
2025-05-18T22:00,18.1,100,18.1,869.6,2.5,180,Ratnapark,27.7063,85.3152
2025-05-18T23:00,17.8,100,17.8,869.3,2.9,158,Ratnapark,27.7063,85.3152
2025-05-19T00:00,17.4,100,17.3,868.5,4.6,159,Ratnapark,27.7063,85.3152
2025-05-19T01:00,17.1,99,17.0,868.3,4.2,162,Ratnapark,27.7063,85.3152
2025-05-19T02:00,17.0,99,16.9,868.0,4.8,158,Ratnapark,27.7063,85.3152
2025-05-19T03:00,17.0,99,16.9,868.2,4.7,152,Ratnapark,27.7063,85.3152
2025-05-19T04:00,16.9,100,16.9,868.4,4.8,146,Ratnapark,27.7063,85.3152
2025-05-19T05:00,17.0,100,16.9,868.8,4.8,149,Ratnapark,27.7063,85.3152
2025-05-19T06:00,18.6,95,17.7,870.4,2.8,135,Ratnapark,27.7063,85.3152
2025-05-19T07:00,20.2,87,18.0,871.4,3.1,114,Ratnapark,27.7063,85.3152
2025-05-19T08:00,21.9,80,18.3,871.6,5.6,107,Ratnapark,27.7063,85.3152
2025-05-19T09:00,24.0,71,18.5,871.8,5.8,126,Ratnapark,27.7063,85.3152
2025-05-19T10:00,25.8,63,18.3,872.0,3.4,180,Ratnapark,27.7063,85.3152
2025-05-19T11:00,27.0,55,17.2,871.3,4.5,220,Ratnapark,27.7063,85.3152
2025-05-19T12:00,20.9,81,17.6,870.5,7.6,258,Ratnapark,27.7063,85.3152
2025-05-19T13:00,21.8,83,18.7,869.5,2.3,39,Ratnapark,27.7063,85.3152
2025-05-19T14:00,22.9,79,19.2,869.2,1.9,319,Ratnapark,27.7063,85.3152
2025-05-19T15:00,22.5,77,18.2,868.6,5.6,264,Ratnapark,27.7063,85.3152
2025-05-19T16:00,22.1,79,18.3,868.3,4.5,256,Ratnapark,27.7063,85.3152
2025-05-19T17:00,21.2,84,18.4,868.0,2.6,335,Ratnapark,27.7063,85.3152
2025-05-19T18:00,19.7,92,18.4,867.4,3.7,76,Ratnapark,27.7063,85.3152
2025-05-19T19:00,19.2,96,18.5,867.4,5.2,136,Ratnapark,27.7063,85.3152
2025-05-19T20:00,18.9,97,18.5,867.9,4.6,167,Ratnapark,27.7063,85.3152
2025-05-19T21:00,18.9,98,18.5,869.1,3.4,196,Ratnapark,27.7063,85.3152
2025-05-19T22:00,18.5,98,18.2,869.7,1.1,252,Ratnapark,27.7063,85.3152
2025-05-19T23:00,18.8,96,18.1,869.3,3.1,170,Ratnapark,27.7063,85.3152
2025-05-20T00:00,18.2,99,18.1,868.4,2.1,142,Ratnapark,27.7063,85.3152
2025-05-20T01:00,18.3,98,17.9,868.1,3.7,119,Ratnapark,27.7063,85.3152
2025-05-20T02:00,18.1,98,17.8,867.7,3.3,135,Ratnapark,27.7063,85.3152
2025-05-20T03:00,17.8,98,17.4,867.8,4.4,63,Ratnapark,27.7063,85.3152
2025-05-20T04:00,17.7,98,17.4,867.4,6.2,105,Ratnapark,27.7063,85.3152
2025-05-20T05:00,17.6,97,17.2,867.7,3.8,107,Ratnapark,27.7063,85.3152
2025-05-20T06:00,17.6,94,16.7,867.8,5.3,82,Ratnapark,27.7063,85.3152
2025-05-20T07:00,17.9,96,17.3,867.8,6.9,113,Ratnapark,27.7063,85.3152
2025-05-20T08:00,20.7,82,17.6,868.6,5.2,115,Ratnapark,27.7063,85.3152
2025-05-20T09:00,23.5,71,17.9,869.3,1.3,98,Ratnapark,27.7063,85.3152
2025-05-20T10:00,25.0,67,18.5,869.4,3.0,284,Ratnapark,27.7063,85.3152
2025-05-20T11:00,26.2,64,18.9,869.0,2.9,292,Ratnapark,27.7063,85.3152
2025-05-20T12:00,25.1,64,17.9,868.8,6.7,236,Ratnapark,27.7063,85.3152
2025-05-20T13:00,23.9,72,18.5,868.1,1.4,310,Ratnapark,27.7063,85.3152
2025-05-20T14:00,23.5,77,19.1,867.3,3.4,288,Ratnapark,27.7063,85.3152
2025-05-20T15:00,22.2,81,18.7,866.6,2.3,225,Ratnapark,27.7063,85.3152
2025-05-20T16:00,22.4,82,19.1,866.6,3.3,54,Ratnapark,27.7063,85.3152
2025-05-20T17:00,21.4,85,18.7,866.7,4.8,65,Ratnapark,27.7063,85.3152
2025-05-20T18:00,21.7,84,18.8,866.9,0.8,117,Ratnapark,27.7063,85.3152
2025-05-20T19:00,20.5,90,18.8,867.3,0.7,166,Ratnapark,27.7063,85.3152
2025-05-20T20:00,20.1,93,18.9,868.0,2.1,142,Ratnapark,27.7063,85.3152
2025-05-20T21:00,19.7,95,18.9,868.7,3.3,167,Ratnapark,27.7063,85.3152
2025-05-20T22:00,19.4,97,18.9,868.8,3.9,103,Ratnapark,27.7063,85.3152
2025-05-20T23:00,19.0,98,18.7,868.4,4.3,138,Ratnapark,27.7063,85.3152
2025-05-21T00:00,18.8,99,18.7,868.1,4.2,137,Ratnapark,27.7063,85.3152
2025-05-21T01:00,18.5,99,18.4,867.6,3.6,135,Ratnapark,27.7063,85.3152
2025-05-21T02:00,18.2,100,18.1,867.5,5.0,154,Ratnapark,27.7063,85.3152
2025-05-21T03:00,17.8,99,17.7,867.2,4.6,162,Ratnapark,27.7063,85.3152
2025-05-21T04:00,17.5,100,17.4,866.9,6.2,159,Ratnapark,27.7063,85.3152
2025-05-21T05:00,17.5,99,17.3,867.3,5.9,157,Ratnapark,27.7063,85.3152
2025-05-21T06:00,19.3,95,18.4,868.6,4.1,165,Ratnapark,27.7063,85.3152
2025-05-21T07:00,21.6,83,18.6,870.0,3.1,135,Ratnapark,27.7063,85.3152
2025-05-21T08:00,23.6,73,18.4,870.9,3.7,137,Ratnapark,27.7063,85.3152
2025-05-21T09:00,23.9,72,18.6,871.5,0.8,63,Ratnapark,27.7063,85.3152
2025-05-21T10:00,22.6,77,18.4,871.8,1.7,212,Ratnapark,27.7063,85.3152
2025-05-21T11:00,21.2,81,17.9,871.6,2.9,11,Ratnapark,27.7063,85.3152
2025-05-21T12:00,20.3,88,18.2,870.7,4.2,130,Ratnapark,27.7063,85.3152
2025-05-21T13:00,21.4,82,18.2,870.1,3.5,69,Ratnapark,27.7063,85.3152
2025-05-21T14:00,24.4,68,18.1,869.3,5.5,113,Ratnapark,27.7063,85.3152
2025-05-21T15:00,25.1,65,17.9,868.4,2.7,360,Ratnapark,27.7063,85.3152
2025-05-21T16:00,24.9,64,17.5,868.0,4.4,328,Ratnapark,27.7063,85.3152
2025-05-21T17:00,23.9,71,18.4,867.6,4.7,313,Ratnapark,27.7063,85.3152
2025-05-21T18:00,21.1,91,19.5,867.6,4.5,220,Ratnapark,27.7063,85.3152
2025-05-21T19:00,20.2,93,19.1,867.6,5.1,148,Ratnapark,27.7063,85.3152
2025-05-21T20:00,19.5,94,18.5,868.2,6.8,163,Ratnapark,27.7063,85.3152
2025-05-21T21:00,19.1,93,18.0,868.9,5.8,160,Ratnapark,27.7063,85.3152
2025-05-21T22:00,18.7,94,17.6,869.2,4.7,164,Ratnapark,27.7063,85.3152
2025-05-21T23:00,18.5,95,17.7,869.2,5.0,165,Ratnapark,27.7063,85.3152
2025-05-22T00:00,17.6,97,17.0,869.1,2.4,167,Ratnapark,27.7063,85.3152
2025-05-22T01:00,17.6,98,17.3,868.8,7.6,117,Ratnapark,27.7063,85.3152
2025-05-22T02:00,17.6,100,17.5,868.7,5.2,106,Ratnapark,27.7063,85.3152
2025-05-22T03:00,17.3,99,17.2,868.4,6.9,123,Ratnapark,27.7063,85.3152
2025-05-22T04:00,17.0,99,16.9,868.1,6.2,144,Ratnapark,27.7063,85.3152
2025-05-22T05:00,16.8,100,16.8,868.0,5.6,149,Ratnapark,27.7063,85.3152
2025-05-22T06:00,18.1,96,17.4,869.5,4.0,150,Ratnapark,27.7063,85.3152
2025-05-22T07:00,20.4,86,18.0,870.9,4.1,77,Ratnapark,27.7063,85.3152
2025-05-22T08:00,22.5,75,17.9,871.1,4.2,115,Ratnapark,27.7063,85.3152
2025-05-22T09:00,24.1,68,17.8,871.4,4.6,144,Ratnapark,27.7063,85.3152
2025-05-22T10:00,25.2,65,18.1,871.4,2.5,90,Ratnapark,27.7063,85.3152
2025-05-22T11:00,25.0,65,18.0,870.7,1.3,45,Ratnapark,27.7063,85.3152
2025-05-22T12:00,25.0,64,17.7,870.1,3.1,111,Ratnapark,27.7063,85.3152
2025-05-22T13:00,25.1,60,16.8,869.5,3.8,169,Ratnapark,27.7063,85.3152
2025-05-22T14:00,24.0,69,18.0,868.8,2.7,157,Ratnapark,27.7063,85.3152
2025-05-22T15:00,23.7,70,17.8,868.4,2.1,329,Ratnapark,27.7063,85.3152
2025-05-22T16:00,23.2,71,17.6,868.3,4.1,322,Ratnapark,27.7063,85.3152
2025-05-22T17:00,22.0,80,18.4,867.9,3.0,308,Ratnapark,27.7063,85.3152
2025-05-22T18:00,21.4,88,19.2,867.4,3.9,294,Ratnapark,27.7063,85.3152
2025-05-22T19:00,20.4,93,19.3,867.9,1.3,214,Ratnapark,27.7063,85.3152
2025-05-22T20:00,20.3,94,19.3,868.3,1.1,171,Ratnapark,27.7063,85.3152
2025-05-22T21:00,20.0,96,19.4,868.7,4.2,173,Ratnapark,27.7063,85.3152
2025-05-22T22:00,20.0,94,19.1,869.0,4.0,170,Ratnapark,27.7063,85.3152
2025-05-22T23:00,19.8,95,18.9,868.8,4.7,173,Ratnapark,27.7063,85.3152
2025-05-23T00:00,19.1,98,18.7,867.8,4.5,164,Ratnapark,27.7063,85.3152
2025-05-23T01:00,18.4,98,18.1,867.2,2.3,231,Ratnapark,27.7063,85.3152
2025-05-23T02:00,18.3,98,18.0,867.1,2.2,156,Ratnapark,27.7063,85.3152
2025-05-23T03:00,18.1,99,17.9,867.0,4.3,138,Ratnapark,27.7063,85.3152
2025-05-23T04:00,17.8,99,17.7,866.9,4.7,137,Ratnapark,27.7063,85.3152
2025-05-23T05:00,17.9,99,17.8,867.1,5.6,140,Ratnapark,27.7063,85.3152
2025-05-23T06:00,19.3,95,18.4,868.3,3.1,130,Ratnapark,27.7063,85.3152
2025-05-23T07:00,21.0,85,18.4,869.0,5.1,98,Ratnapark,27.7063,85.3152
2025-05-23T08:00,22.9,73,17.9,869.8,6.7,114,Ratnapark,27.7063,85.3152
2025-05-23T09:00,24.4,66,17.7,869.9,6.1,137,Ratnapark,27.7063,85.3152
2025-05-23T10:00,25.3,62,17.5,869.8,6.2,165,Ratnapark,27.7063,85.3152
2025-05-23T11:00,26.3,62,18.4,869.4,2.4,189,Ratnapark,27.7063,85.3152
2025-05-23T12:00,25.3,64,18.0,868.6,1.5,187,Ratnapark,27.7063,85.3152
2025-05-23T13:00,21.9,79,18.0,868.1,4.0,87,Ratnapark,27.7063,85.3152
2025-05-23T14:00,23.7,71,18.1,867.1,1.9,56,Ratnapark,27.7063,85.3152
2025-05-23T15:00,24.2,67,17.7,866.7,4.4,330,Ratnapark,27.7063,85.3152
2025-05-23T16:00,22.7,74,17.8,866.6,2.6,282,Ratnapark,27.7063,85.3152
2025-05-23T17:00,22.2,78,18.2,866.4,2.1,232,Ratnapark,27.7063,85.3152
2025-05-23T18:00,20.7,90,19.0,866.8,4.0,175,Ratnapark,27.7063,85.3152
2025-05-23T19:00,20.2,94,19.1,867.0,3.6,174,Ratnapark,27.7063,85.3152
2025-05-23T20:00,19.5,97,19.0,867.4,2.7,160,Ratnapark,27.7063,85.3152
2025-05-23T21:00,19.0,99,18.8,868.0,3.9,164,Ratnapark,27.7063,85.3152
2025-05-23T22:00,18.4,100,18.4,868.2,3.9,164,Ratnapark,27.7063,85.3152
2025-05-23T23:00,18.2,98,17.9,868.1,6.3,180,Ratnapark,27.7063,85.3152
2025-05-24T00:00,17.9,97,17.3,867.4,4.3,165,Ratnapark,27.7063,85.3152
2025-05-24T01:00,17.3,98,17.0,866.7,3.2,180,Ratnapark,27.7063,85.3152
2025-05-24T02:00,17.1,97,16.6,866.3,4.0,175,Ratnapark,27.7063,85.3152
2025-05-24T03:00,16.9,96,16.3,865.9,3.8,163,Ratnapark,27.7063,85.3152
2025-05-24T04:00,16.8,95,16.0,866.2,2.5,172,Ratnapark,27.7063,85.3152
2025-05-24T05:00,16.8,96,16.1,866.5,2.8,169,Ratnapark,27.7063,85.3152
2025-05-24T06:00,19.0,94,18.0,869.2,4.8,138,Ratnapark,27.7063,85.3152
2025-05-24T07:00,20.7,83,17.7,870.2,3.7,125,Ratnapark,27.7063,85.3152
2025-05-24T08:00,22.4,75,17.7,870.5,4.4,99,Ratnapark,27.7063,85.3152
2025-05-24T09:00,23.9,69,17.8,870.8,3.2,106,Ratnapark,27.7063,85.3152
2025-05-24T10:00,25.3,63,17.7,870.7,2.6,78,Ratnapark,27.7063,85.3152
2025-05-24T11:00,27.0,58,17.9,870.4,3.8,121,Ratnapark,27.7063,85.3152
2025-05-24T12:00,25.8,62,17.9,869.7,10.2,152,Ratnapark,27.7063,85.3152
2025-05-24T13:00,21.6,82,18.5,869.4,2.2,14,Ratnapark,27.7063,85.3152
2025-05-24T14:00,22.6,78,18.5,868.5,1.1,342,Ratnapark,27.7063,85.3152
2025-05-24T15:00,21.6,81,18.3,868.2,2.1,121,Ratnapark,27.7063,85.3152
2025-05-24T16:00,21.5,84,18.6,867.7,0.3,135,Ratnapark,27.7063,85.3152
2025-05-24T17:00,21.7,83,18.7,867.9,1.5,194,Ratnapark,27.7063,85.3152
2025-05-24T18:00,20.5,91,19.1,867.8,4.3,185,Ratnapark,27.7063,85.3152
2025-05-24T19:00,19.7,95,18.9,868.5,5.2,168,Ratnapark,27.7063,85.3152
2025-05-24T20:00,19.2,97,18.7,869.0,4.9,163,Ratnapark,27.7063,85.3152
2025-05-24T21:00,18.7,98,18.4,869.8,5.0,167,Ratnapark,27.7063,85.3152
2025-05-24T22:00,18.3,98,18.0,870.2,4.0,177,Ratnapark,27.7063,85.3152
2025-05-24T23:00,18.1,97,17.6,869.9,6.1,152,Ratnapark,27.7063,85.3152
2025-05-25T00:00,18.0,97,17.6,869.3,6.7,156,Ratnapark,27.7063,85.3152
2025-05-25T01:00,17.5,99,17.4,868.4,6.8,162,Ratnapark,27.7063,85.3152
2025-05-25T02:00,17.3,100,17.2,867.6,5.4,166,Ratnapark,27.7063,85.3152
2025-05-25T03:00,17.3,99,17.2,867.4,3.8,172,Ratnapark,27.7063,85.3152
2025-05-25T04:00,17.4,98,17.1,867.4,3.3,171,Ratnapark,27.7063,85.3152
2025-05-25T05:00,17.5,98,17.2,868.0,3.1,170,Ratnapark,27.7063,85.3152
2025-05-25T06:00,19.8,93,18.6,870.2,3.1,242,Ratnapark,27.7063,85.3152
2025-05-25T07:00,21.6,83,18.6,871.7,4.4,300,Ratnapark,27.7063,85.3152
2025-05-25T08:00,22.8,78,18.7,872.1,3.5,298,Ratnapark,27.7063,85.3152
2025-05-25T09:00,24.6,66,17.8,872.2,1.8,281,Ratnapark,27.7063,85.3152
2025-05-25T10:00,26.4,57,17.2,872.0,2.4,324,Ratnapark,27.7063,85.3152
2025-05-25T11:00,27.5,56,17.8,871.7,5.4,272,Ratnapark,27.7063,85.3152
2025-05-25T12:00,24.0,72,18.6,871.0,4.2,187,Ratnapark,27.7063,85.3152
2025-05-25T13:00,24.9,65,17.8,870.3,7.1,285,Ratnapark,27.7063,85.3152
2025-05-25T14:00,23.3,77,19.1,869.2,4.1,315,Ratnapark,27.7063,85.3152
2025-05-25T15:00,24.5,71,18.8,868.7,4.2,275,Ratnapark,27.7063,85.3152
2025-05-25T16:00,24.6,70,18.7,868.5,3.1,242,Ratnapark,27.7063,85.3152
2025-05-25T17:00,24.0,72,18.7,868.9,1.5,306,Ratnapark,27.7063,85.3152
2025-05-25T18:00,21.1,90,19.5,868.9,2.3,180,Ratnapark,27.7063,85.3152
2025-05-25T19:00,20.5,96,19.9,869.5,1.4,157,Ratnapark,27.7063,85.3152
2025-05-25T20:00,20.5,97,20.0,870.0,2.5,159,Ratnapark,27.7063,85.3152
2025-05-25T21:00,19.9,98,19.7,870.2,4.9,163,Ratnapark,27.7063,85.3152
2025-05-25T22:00,19.7,98,19.4,870.4,2.4,167,Ratnapark,27.7063,85.3152
2025-05-25T23:00,19.5,98,19.3,870.0,4.7,176,Ratnapark,27.7063,85.3152
2025-05-26T00:00,19.2,99,19.0,869.3,1.4,180,Ratnapark,27.7063,85.3152
2025-05-26T01:00,18.9,98,18.6,868.9,1.8,180,Ratnapark,27.7063,85.3152
2025-05-26T02:00,18.6,98,18.3,868.0,3.6,162,Ratnapark,27.7063,85.3152
2025-05-26T03:00,18.3,98,18.0,867.3,1.4,157,Ratnapark,27.7063,85.3152
2025-05-26T04:00,17.9,98,17.7,867.2,3.6,160,Ratnapark,27.7063,85.3152
2025-05-26T05:00,17.8,99,17.6,867.4,3.5,159,Ratnapark,27.7063,85.3152
2025-05-26T06:00,20.6,95,19.7,868.8,2.9,176,Ratnapark,27.7063,85.3152
2025-05-26T07:00,22.7,79,18.8,870.2,3.4,328,Ratnapark,27.7063,85.3152
2025-05-26T08:00,23.6,73,18.5,870.3,3.4,328,Ratnapark,27.7063,85.3152
2025-05-26T09:00,25.5,64,18.2,870.3,2.8,297,Ratnapark,27.7063,85.3152
2025-05-26T10:00,26.3,59,17.6,870.3,3.6,288,Ratnapark,27.7063,85.3152
2025-05-26T11:00,25.4,66,18.6,869.7,7.9,321,Ratnapark,27.7063,85.3152
2025-05-26T12:00,24.5,72,19.2,869.1,6.8,217,Ratnapark,27.7063,85.3152
2025-05-26T13:00,25.1,72,19.7,868.3,4.7,230,Ratnapark,27.7063,85.3152
2025-05-26T14:00,24.8,67,18.1,867.5,4.7,298,Ratnapark,27.7063,85.3152
2025-05-26T15:00,23.0,78,19.1,866.8,5.6,84,Ratnapark,27.7063,85.3152
2025-05-26T16:00,23.8,75,19.0,866.7,3.8,79,Ratnapark,27.7063,85.3152
2025-05-26T17:00,22.7,78,18.6,866.7,1.0,239,Ratnapark,27.7063,85.3152
2025-05-26T18:00,21.7,87,19.4,867.0,4.8,146,Ratnapark,27.7063,85.3152
2025-05-26T19:00,21.2,91,19.7,867.4,3.2,164,Ratnapark,27.7063,85.3152
2025-05-26T20:00,21.0,92,19.7,867.9,3.8,139,Ratnapark,27.7063,85.3152
2025-05-26T21:00,20.6,94,19.6,868.4,1.7,148,Ratnapark,27.7063,85.3152
2025-05-26T22:00,20.0,97,19.5,868.3,3.6,171,Ratnapark,27.7063,85.3152
2025-05-26T23:00,19.3,99,19.2,867.7,2.9,169,Ratnapark,27.7063,85.3152
2025-05-27T00:00,18.8,100,18.8,867.0,3.8,175,Ratnapark,27.7063,85.3152
2025-05-27T01:00,18.5,100,18.5,866.4,1.7,162,Ratnapark,27.7063,85.3152
2025-05-27T02:00,18.5,100,18.5,866.3,1.7,212,Ratnapark,27.7063,85.3152
2025-05-27T03:00,18.7,99,18.6,866.2,2.4,197,Ratnapark,27.7063,85.3152
2025-05-27T04:00,18.5,100,18.4,866.2,0.9,180,Ratnapark,27.7063,85.3152
2025-05-27T05:00,18.6,99,18.5,866.6,2.4,171,Ratnapark,27.7063,85.3152
2025-05-27T06:00,20.4,93,19.1,867.4,2.1,200,Ratnapark,27.7063,85.3152
2025-05-27T07:00,21.6,86,19.1,868.3,3.1,350,Ratnapark,27.7063,85.3152
2025-05-27T08:00,22.9,78,18.9,868.3,2.9,338,Ratnapark,27.7063,85.3152
2025-05-27T09:00,24.4,72,19.0,868.2,2.6,348,Ratnapark,27.7063,85.3152
2025-05-27T10:00,26.2,64,18.8,867.9,2.4,318,Ratnapark,27.7063,85.3152
2025-05-27T11:00,27.3,59,18.7,867.5,4.4,302,Ratnapark,27.7063,85.3152
2025-05-27T12:00,27.6,58,18.7,867.0,6.1,282,Ratnapark,27.7063,85.3152
2025-05-27T13:00,26.9,62,19.1,866.4,6.5,264,Ratnapark,27.7063,85.3152
2025-05-27T14:00,26.2,67,19.6,865.7,6.3,272,Ratnapark,27.7063,85.3152
2025-05-27T15:00,24.5,73,19.4,865.4,5.3,278,Ratnapark,27.7063,85.3152
2025-05-27T16:00,23.9,78,19.8,865.3,0.8,63,Ratnapark,27.7063,85.3152
2025-05-27T17:00,23.2,81,19.8,865.1,1.1,180,Ratnapark,27.7063,85.3152
2025-05-27T18:00,21.8,90,20.1,865.2,3.6,110,Ratnapark,27.7063,85.3152
2025-05-27T19:00,21.3,94,20.3,865.5,4.0,144,Ratnapark,27.7063,85.3152
2025-05-27T20:00,20.9,96,20.2,865.6,3.6,153,Ratnapark,27.7063,85.3152
2025-05-27T21:00,20.5,97,20.1,866.4,4.6,144,Ratnapark,27.7063,85.3152
2025-05-27T22:00,20.1,98,19.8,867.0,6.1,130,Ratnapark,27.7063,85.3152
2025-05-27T23:00,19.9,98,19.6,867.0,7.5,130,Ratnapark,27.7063,85.3152
2025-05-28T00:00,19.6,98,19.3,866.5,6.4,151,Ratnapark,27.7063,85.3152
2025-05-28T01:00,19.3,98,19.0,865.8,5.1,172,Ratnapark,27.7063,85.3152
2025-05-28T02:00,18.8,100,18.8,865.3,2.1,142,Ratnapark,27.7063,85.3152
2025-05-28T03:00,18.7,100,18.7,865.0,4.0,177,Ratnapark,27.7063,85.3152
2025-05-28T04:00,18.3,100,18.3,864.4,4.4,159,Ratnapark,27.7063,85.3152
2025-05-28T05:00,18.3,100,18.3,864.3,5.6,163,Ratnapark,27.7063,85.3152
2025-05-28T06:00,20.7,93,19.6,865.5,3.3,167,Ratnapark,27.7063,85.3152
2025-05-28T07:00,22.9,81,19.6,866.7,1.4,203,Ratnapark,27.7063,85.3152
2025-05-28T08:00,24.3,75,19.5,867.2,2.8,310,Ratnapark,27.7063,85.3152
2025-05-28T09:00,25.5,69,19.5,867.5,2.7,318,Ratnapark,27.7063,85.3152
2025-05-28T10:00,25.8,70,19.8,867.4,4.4,277,Ratnapark,27.7063,85.3152
2025-05-28T11:00,25.9,72,20.5,867.0,5.2,292,Ratnapark,27.7063,85.3152
2025-05-28T12:00,25.0,74,20.1,866.2,7.6,285,Ratnapark,27.7063,85.3152
2025-05-28T13:00,24.8,77,20.5,865.5,4.3,298,Ratnapark,27.7063,85.3152
2025-05-28T14:00,26.3,70,20.5,864.8,6.5,302,Ratnapark,27.7063,85.3152
2025-05-28T15:00,25.3,71,19.6,864.4,4.4,232,Ratnapark,27.7063,85.3152
2025-05-28T16:00,25.1,72,19.7,863.8,2.7,266,Ratnapark,27.7063,85.3152
2025-05-28T17:00,23.8,77,19.6,864.1,2.1,70,Ratnapark,27.7063,85.3152
2025-05-28T18:00,23.1,85,20.5,863.7,0.4,180,Ratnapark,27.7063,85.3152
2025-05-28T19:00,22.4,91,20.9,864.5,4.3,118,Ratnapark,27.7063,85.3152
2025-05-28T20:00,21.7,95,20.9,864.8,4.7,122,Ratnapark,27.7063,85.3152
2025-05-28T21:00,21.2,98,20.9,865.5,5.4,86,Ratnapark,27.7063,85.3152
2025-05-28T22:00,20.4,95,19.5,866.2,5.7,118,Ratnapark,27.7063,85.3152
2025-05-28T23:00,20.0,98,19.8,865.3,3.9,118,Ratnapark,27.7063,85.3152
2025-05-29T00:00,19.6,99,19.5,865.1,5.9,45,Ratnapark,27.7063,85.3152
2025-05-29T01:00,19.5,99,19.3,864.5,5.0,139,Ratnapark,27.7063,85.3152
2025-05-29T02:00,19.2,98,18.9,863.7,3.4,148,Ratnapark,27.7063,85.3152
2025-05-29T03:00,19.1,98,18.7,863.2,3.8,188,Ratnapark,27.7063,85.3152
2025-05-29T04:00,18.9,99,18.8,863.2,2.8,259,Ratnapark,27.7063,85.3152
2025-05-29T05:00,18.8,100,18.7,862.9,2.2,189,Ratnapark,27.7063,85.3152
2025-05-29T06:00,21.0,93,19.9,864.0,3.1,183,Ratnapark,27.7063,85.3152
2025-05-29T07:00,23.1,83,20.2,865.3,1.0,239,Ratnapark,27.7063,85.3152
2025-05-29T08:00,24.8,73,19.6,865.7,3.6,307,Ratnapark,27.7063,85.3152
2025-05-29T09:00,26.2,65,19.0,866.2,7.9,309,Ratnapark,27.7063,85.3152
2025-05-29T10:00,26.8,63,19.2,866.0,10.2,301,Ratnapark,27.7063,85.3152
2025-05-29T11:00,26.8,65,19.6,865.5,11.0,305,Ratnapark,27.7063,85.3152
2025-05-29T12:00,27.3,63,19.6,864.5,10.9,303,Ratnapark,27.7063,85.3152
2025-05-29T13:00,26.8,65,19.6,863.9,9.0,272,Ratnapark,27.7063,85.3152
2025-05-29T14:00,26.8,66,19.9,863.1,8.5,282,Ratnapark,27.7063,85.3152
2025-05-29T15:00,25.1,71,19.5,862.5,6.3,275,Ratnapark,27.7063,85.3152
2025-05-29T16:00,24.9,73,19.7,862.5,1.3,164,Ratnapark,27.7063,85.3152
2025-05-29T17:00,21.6,88,19.5,862.5,1.7,283,Ratnapark,27.7063,85.3152
2025-05-29T18:00,23.8,86,21.2,862.2,3.2,286,Ratnapark,27.7063,85.3152
2025-05-29T19:00,22.3,93,21.1,862.9,5.6,285,Ratnapark,27.7063,85.3152
2025-05-29T20:00,21.5,97,21.0,863.1,0.6,146,Ratnapark,27.7063,85.3152
2025-05-29T21:00,20.7,100,20.7,863.9,2.7,298,Ratnapark,27.7063,85.3152
2025-05-29T22:00,20.8,100,20.8,863.8,2.3,302,Ratnapark,27.7063,85.3152
2025-05-29T23:00,20.4,99,20.2,863.6,4.5,299,Ratnapark,27.7063,85.3152
2025-05-30T00:00,20.0,98,19.6,862.7,3.7,309,Ratnapark,27.7063,85.3152
2025-05-30T01:00,19.6,99,19.4,861.9,4.0,302,Ratnapark,27.7063,85.3152
2025-05-30T02:00,19.6,99,19.4,861.3,4.9,287,Ratnapark,27.7063,85.3152
2025-05-30T03:00,19.4,99,19.2,861.1,5.5,302,Ratnapark,27.7063,85.3152
2025-05-30T04:00,19.3,99,19.1,860.9,4.7,313,Ratnapark,27.7063,85.3152
2025-05-30T05:00,19.5,98,19.1,861.2,2.8,305,Ratnapark,27.7063,85.3152
2025-05-30T06:00,19.9,98,19.6,862.2,6.8,302,Ratnapark,27.7063,85.3152
2025-05-30T07:00,21.4,88,19.3,863.0,9.8,306,Ratnapark,27.7063,85.3152
2025-05-30T08:00,22.2,85,19.5,863.5,11.3,306,Ratnapark,27.7063,85.3152
2025-05-30T09:00,23.7,77,19.5,863.7,11.7,301,Ratnapark,27.7063,85.3152
2025-05-30T10:00,24.8,73,19.6,863.6,13.6,302,Ratnapark,27.7063,85.3152
2025-05-30T11:00,25.9,69,19.8,863.3,13.1,302,Ratnapark,27.7063,85.3152
2025-05-30T12:00,26.6,66,19.7,862.8,12.6,301,Ratnapark,27.7063,85.3152
2025-05-30T13:00,26.9,65,19.7,862.4,12.0,303,Ratnapark,27.7063,85.3152
2025-05-30T14:00,27.0,64,19.5,861.9,12.2,297,Ratnapark,27.7063,85.3152
2025-05-30T15:00,26.6,65,19.4,861.2,11.6,300,Ratnapark,27.7063,85.3152
2025-05-30T16:00,25.8,68,19.5,861.1,11.0,295,Ratnapark,27.7063,85.3152
2025-05-30T17:00,25.2,72,19.7,861.4,8.8,298,Ratnapark,27.7063,85.3152
2025-05-30T18:00,23.5,81,20.1,861.0,3.7,309,Ratnapark,27.7063,85.3152
2025-05-30T19:00,22.7,85,20.1,861.8,3.2,297,Ratnapark,27.7063,85.3152
2025-05-30T20:00,22.4,86,20.0,862.5,2.6,231,Ratnapark,27.7063,85.3152
2025-05-30T21:00,22.3,85,19.7,863.6,2.7,212,Ratnapark,27.7063,85.3152
2025-05-30T22:00,21.6,90,19.9,864.4,4.0,188,Ratnapark,27.7063,85.3152
2025-05-30T23:00,20.8,95,19.9,863.6,6.2,192,Ratnapark,27.7063,85.3152
2025-05-31T00:00,20.3,95,19.4,862.8,8.1,149,Ratnapark,27.7063,85.3152
2025-05-31T01:00,19.6,98,19.2,863.8,3.1,324,Ratnapark,27.7063,85.3152
2025-05-31T02:00,19.7,99,19.5,863.1,4.3,132,Ratnapark,27.7063,85.3152
2025-05-31T03:00,19.7,98,19.4,863.1,2.4,117,Ratnapark,27.7063,85.3152
2025-05-31T04:00,19.3,99,19.1,863.4,5.9,168,Ratnapark,27.7063,85.3152
2025-05-31T05:00,19.5,99,19.3,864.1,2.3,108,Ratnapark,27.7063,85.3152
2025-05-31T06:00,21.4,94,20.4,864.5,2.7,312,Ratnapark,27.7063,85.3152
2025-05-31T07:00,21.7,92,20.3,865.2,2.6,231,Ratnapark,27.7063,85.3152
2025-05-31T08:00,22.3,88,20.3,865.6,0.9,323,Ratnapark,27.7063,85.3152
2025-05-31T09:00,24.3,72,18.9,866.2,3.0,322,Ratnapark,27.7063,85.3152
2025-05-31T10:00,26.5,57,17.3,866.9,7.4,317,Ratnapark,27.7063,85.3152
2025-05-31T11:00,26.9,58,17.9,866.4,10.6,318,Ratnapark,27.7063,85.3152
2025-05-31T12:00,26.5,60,18.2,865.8,9.7,305,Ratnapark,27.7063,85.3152
2025-05-31T13:00,27.5,57,18.3,865.2,9.8,308,Ratnapark,27.7063,85.3152
2025-05-31T14:00,27.0,60,18.5,864.5,11.3,299,Ratnapark,27.7063,85.3152
2025-05-31T15:00,26.6,61,18.6,863.7,9.6,307,Ratnapark,27.7063,85.3152
2025-05-31T16:00,26.6,60,18.2,863.4,8.9,304,Ratnapark,27.7063,85.3152
2025-05-31T17:00,25.3,68,18.9,863.4,7.1,315,Ratnapark,27.7063,85.3152
2025-05-31T18:00,23.9,73,18.8,863.7,5.9,301,Ratnapark,27.7063,85.3152
2025-05-31T19:00,23.2,79,19.5,864.5,2.9,274,Ratnapark,27.7063,85.3152
2025-05-31T20:00,22.1,83,19.2,864.9,1.1,189,Ratnapark,27.7063,85.3152
2025-05-31T21:00,21.3,88,19.2,865.2,0.7,180,Ratnapark,27.7063,85.3152
2025-05-31T22:00,21.2,88,19.2,865.3,2.6,168,Ratnapark,27.7063,85.3152
2025-05-31T23:00,20.7,90,19.0,864.9,4.2,175,Ratnapark,27.7063,85.3152
2025-06-01T00:00,20.2,93,19.1,864.5,2.9,281,Ratnapark,27.7063,85.3152
2025-06-01T01:00,20.2,89,18.3,864.8,3.3,189,Ratnapark,27.7063,85.3152
2025-06-01T02:00,19.5,91,18.0,864.3,5.4,304,Ratnapark,27.7063,85.3152
2025-06-01T03:00,18.6,90,16.9,863.5,1.5,201,Ratnapark,27.7063,85.3152
2025-06-01T04:00,17.8,95,17.0,862.6,6.0,190,Ratnapark,27.7063,85.3152
2025-06-01T05:00,17.9,96,17.3,862.6,4.5,166,Ratnapark,27.7063,85.3152
2025-06-01T06:00,20.6,94,19.6,864.4,3.1,249,Ratnapark,27.7063,85.3152
2025-06-01T07:00,21.9,85,19.3,865.5,4.3,292,Ratnapark,27.7063,85.3152
2025-06-01T08:00,23.7,75,19.0,865.6,4.1,308,Ratnapark,27.7063,85.3152
2025-06-01T09:00,25.2,64,18.0,865.8,4.6,291,Ratnapark,27.7063,85.3152
2025-06-01T10:00,27.0,54,16.9,866.0,7.7,309,Ratnapark,27.7063,85.3152
2025-06-01T11:00,27.4,56,17.8,865.7,8.0,297,Ratnapark,27.7063,85.3152
2025-06-01T12:00,28.1,48,16.2,865.3,8.2,285,Ratnapark,27.7063,85.3152
2025-06-01T13:00,27.3,52,16.6,864.7,10.0,288,Ratnapark,27.7063,85.3152
2025-06-01T14:00,26.7,57,17.5,864.4,7.1,319,Ratnapark,27.7063,85.3152
2025-06-01T15:00,26.6,54,16.6,864.0,11.2,300,Ratnapark,27.7063,85.3152
2025-06-01T16:00,25.6,59,16.9,863.8,9.0,282,Ratnapark,27.7063,85.3152
2025-06-01T17:00,24.9,62,17.1,863.8,8.2,303,Ratnapark,27.7063,85.3152
2025-06-01T18:00,22.6,82,19.4,864.2,1.5,30,Ratnapark,27.7063,85.3152
2025-06-01T19:00,21.3,86,18.9,864.2,5.4,124,Ratnapark,27.7063,85.3152
2025-06-01T20:00,20.3,90,18.7,864.3,6.2,126,Ratnapark,27.7063,85.3152
2025-06-01T21:00,19.6,94,18.5,864.5,5.5,144,Ratnapark,27.7063,85.3152
2025-06-01T22:00,19.6,92,18.3,864.6,6.5,152,Ratnapark,27.7063,85.3152
2025-06-01T23:00,17.9,98,17.6,866.0,7.3,353,Ratnapark,27.7063,85.3152
2025-06-02T00:00,18.1,94,17.2,865.0,2.8,165,Ratnapark,27.7063,85.3152
2025-06-02T01:00,17.4,97,16.9,865.1,3.7,35,Ratnapark,27.7063,85.3152
2025-06-02T02:00,17.5,97,17.0,864.0,4.3,138,Ratnapark,27.7063,85.3152
2025-06-02T03:00,16.7,98,16.4,863.4,6.2,128,Ratnapark,27.7063,85.3152
2025-06-02T04:00,16.2,99,16.0,863.0,5.5,142,Ratnapark,27.7063,85.3152
2025-06-02T05:00,16.3,99,16.2,862.9,5.7,145,Ratnapark,27.7063,85.3152
2025-06-02T06:00,18.1,94,17.1,864.0,6.8,140,Ratnapark,27.7063,85.3152
2025-06-02T07:00,20.7,84,17.9,865.0,4.4,148,Ratnapark,27.7063,85.3152
2025-06-02T08:00,23.5,71,17.9,866.0,0.9,11,Ratnapark,27.7063,85.3152
2025-06-02T09:00,24.4,66,17.6,866.3,6.0,287,Ratnapark,27.7063,85.3152
2025-06-02T10:00,25.0,60,16.7,866.5,7.9,300,Ratnapark,27.7063,85.3152
2025-06-02T11:00,24.5,61,16.4,866.0,9.4,302,Ratnapark,27.7063,85.3152
2025-06-02T12:00,25.7,56,16.2,865.8,12.1,305,Ratnapark,27.7063,85.3152
2025-06-02T13:00,25.7,55,16.1,865.3,11.2,302,Ratnapark,27.7063,85.3152
2025-06-02T14:00,26.0,53,15.8,864.7,9.8,294,Ratnapark,27.7063,85.3152
2025-06-02T15:00,25.5,55,15.9,864.5,10.7,277,Ratnapark,27.7063,85.3152
2025-06-02T16:00,24.5,57,15.5,864.4,10.1,292,Ratnapark,27.7063,85.3152
2025-06-02T17:00,23.0,65,16.2,864.5,6.6,311,Ratnapark,27.7063,85.3152
2025-06-02T18:00,20.3,82,17.0,864.3,8.7,228,Ratnapark,27.7063,85.3152
2025-06-02T19:00,19.4,87,17.2,864.5,4.4,159,Ratnapark,27.7063,85.3152
2025-06-02T20:00,19.3,88,17.2,864.6,4.1,151,Ratnapark,27.7063,85.3152
2025-06-02T21:00,18.7,92,17.3,865.7,6.1,227,Ratnapark,27.7063,85.3152
2025-06-02T22:00,18.9,84,16.1,866.1,3.5,192,Ratnapark,27.7063,85.3152
2025-06-02T23:00,17.8,89,16.0,865.2,4.9,184,Ratnapark,27.7063,85.3152
2025-06-03T00:00,17.7,93,16.6,864.5,4.1,165,Ratnapark,27.7063,85.3152
2025-06-03T01:00,18.0,91,16.6,864.4,5.4,159,Ratnapark,27.7063,85.3152
2025-06-03T02:00,18.0,91,16.4,864.0,6.1,146,Ratnapark,27.7063,85.3152
2025-06-03T03:00,18.0,90,16.3,864.2,6.2,144,Ratnapark,27.7063,85.3152
2025-06-03T04:00,17.6,90,15.9,864.2,6.5,141,Ratnapark,27.7063,85.3152
2025-06-03T05:00,17.8,88,15.8,864.6,6.5,161,Ratnapark,27.7063,85.3152
2025-06-03T06:00,21.0,83,18.0,865.4,4.9,174,Ratnapark,27.7063,85.3152
2025-06-03T07:00,23.7,65,16.8,866.9,1.8,79,Ratnapark,27.7063,85.3152
2025-06-03T08:00,22.8,71,17.3,867.5,5.7,307,Ratnapark,27.7063,85.3152
2025-06-03T09:00,22.1,76,17.7,867.6,7.4,311,Ratnapark,27.7063,85.3152
2025-06-03T10:00,22.8,72,17.5,867.8,2.0,315,Ratnapark,27.7063,85.3152
2025-06-03T11:00,23.5,64,16.4,868.0,2.7,328,Ratnapark,27.7063,85.3152
2025-06-03T12:00,23.6,59,15.1,867.2,4.5,353,Ratnapark,27.7063,85.3152
2025-06-03T13:00,24.6,52,14.1,866.9,4.8,349,Ratnapark,27.7063,85.3152
2025-06-03T14:00,25.6,47,13.6,866.7,3.0,245,Ratnapark,27.7063,85.3152
2025-06-03T15:00,24.6,53,14.3,865.9,7.1,243,Ratnapark,27.7063,85.3152
2025-06-03T16:00,24.6,54,14.8,865.7,6.4,281,Ratnapark,27.7063,85.3152
2025-06-03T17:00,23.5,62,15.9,865.2,4.6,306,Ratnapark,27.7063,85.3152
2025-06-03T18:00,21.2,81,17.9,865.5,4.1,270,Ratnapark,27.7063,85.3152
2025-06-03T19:00,20.3,89,18.3,865.4,3.7,194,Ratnapark,27.7063,85.3152
2025-06-03T20:00,19.6,91,18.0,865.9,4.0,177,Ratnapark,27.7063,85.3152
2025-06-03T21:00,19.1,92,17.8,866.3,3.5,165,Ratnapark,27.7063,85.3152
2025-06-03T22:00,18.5,94,17.6,866.6,2.2,171,Ratnapark,27.7063,85.3152
2025-06-03T23:00,18.6,95,17.9,866.6,0.7,194,Ratnapark,27.7063,85.3152
2025-06-04T00:00,18.4,90,16.7,867.0,4.5,61,Ratnapark,27.7063,85.3152
2025-06-04T01:00,17.8,95,17.1,866.5,6.0,100,Ratnapark,27.7063,85.3152
2025-06-04T02:00,17.5,94,16.6,866.1,7.2,141,Ratnapark,27.7063,85.3152
2025-06-04T03:00,17.3,94,16.2,865.9,6.2,142,Ratnapark,27.7063,85.3152
2025-06-04T04:00,17.5,94,16.5,866.3,3.8,175,Ratnapark,27.7063,85.3152
2025-06-04T05:00,17.7,94,16.8,866.4,3.4,177,Ratnapark,27.7063,85.3152
2025-06-04T06:00,18.0,97,17.5,867.2,4.5,143,Ratnapark,27.7063,85.3152
2025-06-04T07:00,18.8,91,17.3,868.6,4.1,146,Ratnapark,27.7063,85.3152
2025-06-04T08:00,19.5,88,17.4,869.2,3.4,122,Ratnapark,27.7063,85.3152
2025-06-04T09:00,20.7,78,16.7,869.5,3.7,79,Ratnapark,27.7063,85.3152
2025-06-04T10:00,22.8,66,16.0,869.7,3.7,55,Ratnapark,27.7063,85.3152
2025-06-04T11:00,24.8,56,15.6,869.9,3.7,55,Ratnapark,27.7063,85.3152
2025-06-04T12:00,25.5,51,14.7,869.1,2.9,360,Ratnapark,27.7063,85.3152
2025-06-04T13:00,21.9,73,16.8,868.8,8.5,270,Ratnapark,27.7063,85.3152
2025-06-04T14:00,21.1,78,17.1,868.0,0.6,18,Ratnapark,27.7063,85.3152
2025-06-04T15:00,21.4,78,17.4,867.7,1.5,263,Ratnapark,27.7063,85.3152
2025-06-04T16:00,21.6,73,16.6,868.1,2.5,21,Ratnapark,27.7063,85.3152
2025-06-04T17:00,20.2,82,16.9,867.9,3.2,38,Ratnapark,27.7063,85.3152
2025-06-04T18:00,20.3,86,17.8,868.7,0.9,127,Ratnapark,27.7063,85.3152
2025-06-04T19:00,19.6,92,18.2,869.0,3.3,131,Ratnapark,27.7063,85.3152
2025-06-04T20:00,19.3,93,18.1,869.8,3.9,158,Ratnapark,27.7063,85.3152
2025-06-04T21:00,19.0,94,18.0,870.7,2.6,155,Ratnapark,27.7063,85.3152
2025-06-04T22:00,17.5,96,16.9,870.8,5.3,156,Ratnapark,27.7063,85.3152
2025-06-04T23:00,17.3,99,17.2,870.2,3.5,165,Ratnapark,27.7063,85.3152
2025-06-05T00:00,16.7,99,16.5,869.0,5.9,160,Ratnapark,27.7063,85.3152
2025-06-05T01:00,16.3,99,16.1,868.6,2.8,169,Ratnapark,27.7063,85.3152
2025-06-05T02:00,16.1,99,16.0,868.2,3.5,189,Ratnapark,27.7063,85.3152
2025-06-05T03:00,16.3,98,16.0,868.1,3.6,186,Ratnapark,27.7063,85.3152
2025-06-05T04:00,16.5,98,16.3,868.7,1.6,174,Ratnapark,27.7063,85.3152
2025-06-05T05:00,16.7,98,16.4,869.7,1.9,146,Ratnapark,27.7063,85.3152
2025-06-05T06:00,18.5,90,16.9,871.2,2.2,189,Ratnapark,27.7063,85.3152
2025-06-05T07:00,19.8,81,16.4,872.3,1.0,315,Ratnapark,27.7063,85.3152
2025-06-05T08:00,21.4,77,17.2,872.5,2.9,349,Ratnapark,27.7063,85.3152
2025-06-05T09:00,23.0,71,17.3,872.7,2.9,330,Ratnapark,27.7063,85.3152
2025-06-05T10:00,24.1,66,17.4,872.6,4.2,306,Ratnapark,27.7063,85.3152
2025-06-05T11:00,24.0,63,16.6,872.0,7.4,319,Ratnapark,27.7063,85.3152
2025-06-05T12:00,22.3,69,16.4,872.0,6.9,250,Ratnapark,27.7063,85.3152
2025-06-05T13:00,22.3,70,16.5,871.1,1.0,248,Ratnapark,27.7063,85.3152
2025-06-05T14:00,21.0,77,16.8,871.1,7.7,295,Ratnapark,27.7063,85.3152
2025-06-05T15:00,21.9,75,17.4,870.2,3.2,232,Ratnapark,27.7063,85.3152
2025-06-05T16:00,22.6,71,17.0,870.0,3.0,295,Ratnapark,27.7063,85.3152
2025-06-05T17:00,22.0,72,16.7,869.7,4.7,317,Ratnapark,27.7063,85.3152
2025-06-05T18:00,21.7,77,17.5,869.9,2.2,318,Ratnapark,27.7063,85.3152
2025-06-05T19:00,20.5,81,17.0,870.1,1.2,219,Ratnapark,27.7063,85.3152
2025-06-05T20:00,19.7,83,16.6,870.5,0.7,194,Ratnapark,27.7063,85.3152
2025-06-05T21:00,19.2,83,16.3,870.7,1.8,174,Ratnapark,27.7063,85.3152
2025-06-05T22:00,18.5,88,16.4,870.8,2.9,169,Ratnapark,27.7063,85.3152
2025-06-05T23:00,17.7,92,16.3,870.3,4.3,175,Ratnapark,27.7063,85.3152
2025-06-06T00:00,17.3,93,16.1,869.8,2.0,185,Ratnapark,27.7063,85.3152
2025-06-06T01:00,17.1,94,16.0,869.4,2.6,168,Ratnapark,27.7063,85.3152
2025-06-06T02:00,16.8,93,15.6,869.1,3.1,170,Ratnapark,27.7063,85.3152
2025-06-06T03:00,16.8,90,15.2,868.9,2.8,165,Ratnapark,27.7063,85.3152
2025-06-06T04:00,17.1,88,15.1,869.0,2.0,170,Ratnapark,27.7063,85.3152
2025-06-06T05:00,17.7,86,15.4,869.7,0.7,180,Ratnapark,27.7063,85.3152
2025-06-06T06:00,20.0,78,16.1,871.4,2.3,274,Ratnapark,27.7063,85.3152
2025-06-06T07:00,21.4,73,16.4,872.4,5.1,318,Ratnapark,27.7063,85.3152
2025-06-06T08:00,22.2,69,16.3,872.7,7.4,319,Ratnapark,27.7063,85.3152
2025-06-06T09:00,23.3,61,15.3,872.8,8.0,314,Ratnapark,27.7063,85.3152
2025-06-06T10:00,23.9,61,15.8,872.6,8.9,317,Ratnapark,27.7063,85.3152
2025-06-06T11:00,24.4,58,15.7,872.0,9.6,319,Ratnapark,27.7063,85.3152
2025-06-06T12:00,25.1,54,15.2,871.8,9.8,244,Ratnapark,27.7063,85.3152
2025-06-06T13:00,23.0,66,16.2,871.1,5.8,274,Ratnapark,27.7063,85.3152
2025-06-06T14:00,23.3,64,16.2,871.0,8.1,321,Ratnapark,27.7063,85.3152
2025-06-06T15:00,23.8,63,16.2,870.2,5.5,302,Ratnapark,27.7063,85.3152
2025-06-06T16:00,23.7,61,15.7,869.7,7.2,297,Ratnapark,27.7063,85.3152
2025-06-06T17:00,22.5,67,16.1,869.5,7.9,315,Ratnapark,27.7063,85.3152
2025-06-06T18:00,20.9,82,17.7,869.3,3.3,338,Ratnapark,27.7063,85.3152
2025-06-06T19:00,20.2,85,17.6,869.6,2.2,194,Ratnapark,27.7063,85.3152
2025-06-06T20:00,19.4,90,17.7,869.6,3.4,183,Ratnapark,27.7063,85.3152
2025-06-06T21:00,18.8,93,17.6,870.0,4.0,177,Ratnapark,27.7063,85.3152
2025-06-06T22:00,18.3,94,17.3,869.9,3.4,183,Ratnapark,27.7063,85.3152
2025-06-06T23:00,18.3,91,16.9,869.8,2.5,180,Ratnapark,27.7063,85.3152
2025-06-07T00:00,18.1,91,16.5,869.0,3.2,180,Ratnapark,27.7063,85.3152
2025-06-07T01:00,17.9,89,16.1,868.6,2.2,175,Ratnapark,27.7063,85.3152
2025-06-07T02:00,17.8,88,15.7,868.3,1.3,180,Ratnapark,27.7063,85.3152
2025-06-07T03:00,17.6,86,15.3,868.1,1.3,172,Ratnapark,27.7063,85.3152
2025-06-07T04:00,17.5,86,15.0,868.4,0.9,169,Ratnapark,27.7063,85.3152
2025-06-07T05:00,18.0,83,15.1,869.3,2.3,162,Ratnapark,27.7063,85.3152
2025-06-07T06:00,20.1,83,17.1,870.8,1.6,180,Ratnapark,27.7063,85.3152
2025-06-07T07:00,22.1,75,17.5,872.2,2.3,356,Ratnapark,27.7063,85.3152
2025-06-07T08:00,23.4,70,17.7,872.6,2.8,345,Ratnapark,27.7063,85.3152
2025-06-07T09:00,24.6,64,17.4,872.7,3.4,328,Ratnapark,27.7063,85.3152
2025-06-07T10:00,25.4,62,17.6,872.6,4.4,308,Ratnapark,27.7063,85.3152
2025-06-07T11:00,25.9,61,17.7,872.1,6.1,300,Ratnapark,27.7063,85.3152
2025-06-07T12:00,26.3,58,17.3,871.5,7.7,286,Ratnapark,27.7063,85.3152
2025-06-07T13:00,26.4,57,17.1,870.7,8.3,292,Ratnapark,27.7063,85.3152
2025-06-07T14:00,26.4,56,17.0,869.8,9.9,295,Ratnapark,27.7063,85.3152
2025-06-07T15:00,26.0,57,16.9,869.3,9.2,298,Ratnapark,27.7063,85.3152
2025-06-07T16:00,25.3,61,17.3,868.8,8.7,300,Ratnapark,27.7063,85.3152
2025-06-07T17:00,24.4,66,17.7,868.6,7.4,311,Ratnapark,27.7063,85.3152
2025-06-07T18:00,23.3,75,18.6,868.9,3.7,284,Ratnapark,27.7063,85.3152
2025-06-07T19:00,22.1,82,18.9,868.8,2.6,245,Ratnapark,27.7063,85.3152
2025-06-07T20:00,21.2,85,18.6,868.7,1.5,194,Ratnapark,27.7063,85.3152
2025-06-07T21:00,20.2,88,18.2,869.2,1.7,162,Ratnapark,27.7063,85.3152
2025-06-07T22:00,18.9,97,18.5,869.1,3.8,175,Ratnapark,27.7063,85.3152
2025-06-07T23:00,18.2,100,18.2,868.6,3.8,172,Ratnapark,27.7063,85.3152
2025-06-08T00:00,17.9,100,17.9,868.3,4.0,170,Ratnapark,27.7063,85.3152
2025-06-08T01:00,17.7,100,17.7,868.0,3.5,168,Ratnapark,27.7063,85.3152
2025-06-08T02:00,17.6,99,17.5,867.9,3.4,174,Ratnapark,27.7063,85.3152
2025-06-08T03:00,17.6,98,17.3,867.9,2.9,180,Ratnapark,27.7063,85.3152
2025-06-08T04:00,17.6,97,17.2,868.0,1.3,180,Ratnapark,27.7063,85.3152
2025-06-08T05:00,18.1,95,17.3,868.5,0.4,180,Ratnapark,27.7063,85.3152
2025-06-08T06:00,21.2,87,18.9,870.5,1.6,276,Ratnapark,27.7063,85.3152
2025-06-08T07:00,22.8,73,17.8,871.4,4.7,344,Ratnapark,27.7063,85.3152
2025-06-08T08:00,23.6,70,17.8,871.6,6.5,346,Ratnapark,27.7063,85.3152
2025-06-08T09:00,24.7,66,17.9,871.6,6.6,339,Ratnapark,27.7063,85.3152
2025-06-08T10:00,26.0,61,17.8,871.4,6.7,326,Ratnapark,27.7063,85.3152
2025-06-08T11:00,26.7,58,17.9,870.9,6.3,321,Ratnapark,27.7063,85.3152
2025-06-08T12:00,27.4,56,18.0,870.4,7.3,314,Ratnapark,27.7063,85.3152
2025-06-08T13:00,27.3,56,17.8,869.5,8.3,316,Ratnapark,27.7063,85.3152
2025-06-08T14:00,27.2,56,17.6,869.0,8.8,301,Ratnapark,27.7063,85.3152
2025-06-08T15:00,26.9,58,17.9,868.3,9.2,291,Ratnapark,27.7063,85.3152
2025-06-08T16:00,26.1,63,18.5,867.8,8.3,292,Ratnapark,27.7063,85.3152
2025-06-08T17:00,25.1,69,18.9,867.8,7.7,309,Ratnapark,27.7063,85.3152
2025-06-08T18:00,23.4,80,19.8,868.2,3.6,307,Ratnapark,27.7063,85.3152
2025-06-08T19:00,22.4,84,19.6,868.2,2.3,219,Ratnapark,27.7063,85.3152
2025-06-08T20:00,21.5,89,19.7,868.3,1.8,180,Ratnapark,27.7063,85.3152
2025-06-08T21:00,20.4,96,19.8,868.4,3.1,173,Ratnapark,27.7063,85.3152
2025-06-08T22:00,20.0,97,19.5,868.6,2.2,166,Ratnapark,27.7063,85.3152
2025-06-08T23:00,19.9,95,19.1,868.5,2.7,172,Ratnapark,27.7063,85.3152
2025-06-09T00:00,19.8,95,18.9,868.2,3.5,165,Ratnapark,27.7063,85.3152
2025-06-09T01:00,19.7,94,18.7,868.0,4.4,159,Ratnapark,27.7063,85.3152
2025-06-09T02:00,19.5,94,18.5,868.0,5.0,159,Ratnapark,27.7063,85.3152
2025-06-09T03:00,19.4,94,18.4,868.0,5.1,157,Ratnapark,27.7063,85.3152
2025-06-09T04:00,19.1,95,18.2,867.9,4.6,159,Ratnapark,27.7063,85.3152
2025-06-09T05:00,19.2,95,18.3,868.3,3.6,171,Ratnapark,27.7063,85.3152
2025-06-09T06:00,22.5,86,20.1,870.3,2.3,162,Ratnapark,27.7063,85.3152
2025-06-09T07:00,23.9,76,19.4,870.9,4.1,358,Ratnapark,27.7063,85.3152
2025-06-09T08:00,25.0,71,19.4,871.0,5.6,343,Ratnapark,27.7063,85.3152
2025-06-09T09:00,26.2,64,18.9,871.2,5.2,338,Ratnapark,27.7063,85.3152
2025-06-09T10:00,27.4,59,18.7,871.0,6.6,327,Ratnapark,27.7063,85.3152
2025-06-09T11:00,28.6,55,18.6,870.6,8.1,317,Ratnapark,27.7063,85.3152
2025-06-09T12:00,29.4,51,18.3,869.8,8.8,311,Ratnapark,27.7063,85.3152
2025-06-09T13:00,29.4,49,17.6,868.9,10.2,300,Ratnapark,27.7063,85.3152
2025-06-09T14:00,28.9,52,17.9,868.1,11.8,289,Ratnapark,27.7063,85.3152
2025-06-09T15:00,28.2,55,18.4,867.3,9.0,305,Ratnapark,27.7063,85.3152
2025-06-09T16:00,27.3,59,18.5,866.8,7.2,307,Ratnapark,27.7063,85.3152
2025-06-09T17:00,26.4,64,19.2,866.8,6.4,313,Ratnapark,27.7063,85.3152
2025-06-09T18:00,24.5,76,20.1,866.6,2.8,310,Ratnapark,27.7063,85.3152
2025-06-09T19:00,23.4,80,19.9,866.5,0.7,180,Ratnapark,27.7063,85.3152
2025-06-09T20:00,22.2,89,20.4,866.9,2.5,176,Ratnapark,27.7063,85.3152
2025-06-09T21:00,21.4,96,20.8,867.4,4.7,182,Ratnapark,27.7063,85.3152
2025-06-09T22:00,21.0,99,20.8,867.6,4.5,175,Ratnapark,27.7063,85.3152
2025-06-09T23:00,20.5,100,20.5,867.5,5.4,174,Ratnapark,27.7063,85.3152
2025-06-10T00:00,20.2,100,20.2,867.4,4.9,170,Ratnapark,27.7063,85.3152
2025-06-10T01:00,20.1,99,20.0,867.0,4.9,170,Ratnapark,27.7063,85.3152
2025-06-10T02:00,20.1,98,19.8,866.9,3.7,169,Ratnapark,27.7063,85.3152
2025-06-10T03:00,20.2,97,19.6,866.8,3.8,163,Ratnapark,27.7063,85.3152
2025-06-10T04:00,20.3,95,19.5,866.9,3.5,171,Ratnapark,27.7063,85.3152
2025-06-10T05:00,20.6,94,19.6,867.7,1.6,186,Ratnapark,27.7063,85.3152
2025-06-10T06:00,23.0,89,21.0,868.8,1.7,257,Ratnapark,27.7063,85.3152
2025-06-10T07:00,24.4,77,20.2,869.7,2.9,317,Ratnapark,27.7063,85.3152
2025-06-10T08:00,25.7,69,19.6,870.2,4.2,310,Ratnapark,27.7063,85.3152
2025-06-10T09:00,26.8,63,19.0,870.4,4.3,318,Ratnapark,27.7063,85.3152
2025-06-10T10:00,28.2,55,18.2,870.7,5.7,347,Ratnapark,27.7063,85.3152
2025-06-10T11:00,29.6,50,18.0,870.6,3.8,335,Ratnapark,27.7063,85.3152
2025-06-10T12:00,30.2,49,18.3,870.0,3.9,283,Ratnapark,27.7063,85.3152
2025-06-10T13:00,29.8,51,18.6,869.3,6.1,272,Ratnapark,27.7063,85.3152
2025-06-10T14:00,29.6,52,18.7,868.9,5.8,290,Ratnapark,27.7063,85.3152
2025-06-10T15:00,26.7,67,20.2,868.3,6.1,220,Ratnapark,27.7063,85.3152
2025-06-10T16:00,26.0,70,20.0,868.0,6.3,268,Ratnapark,27.7063,85.3152
2025-06-10T17:00,25.6,74,20.7,868.0,5.5,311,Ratnapark,27.7063,85.3152
2025-06-10T18:00,23.8,82,20.5,868.3,2.5,225,Ratnapark,27.7063,85.3152
2025-06-10T19:00,23.2,91,21.6,868.1,2.3,302,Ratnapark,27.7063,85.3152
2025-06-10T20:00,22.6,96,21.9,868.5,2.7,176,Ratnapark,27.7063,85.3152
2025-06-10T21:00,22.2,97,21.7,868.8,4.8,158,Ratnapark,27.7063,85.3152
2025-06-10T22:00,21.8,97,21.3,868.8,4.8,153,Ratnapark,27.7063,85.3152
2025-06-10T23:00,21.2,99,21.0,868.7,5.2,151,Ratnapark,27.7063,85.3152
2025-06-11T00:00,20.8,100,20.8,868.4,4.8,155,Ratnapark,27.7063,85.3152
2025-06-11T01:00,20.6,100,20.6,867.9,4.1,167,Ratnapark,27.7063,85.3152
2025-06-11T02:00,20.0,100,20.0,867.3,3.8,169,Ratnapark,27.7063,85.3152
2025-06-11T03:00,19.8,100,19.8,867.2,3.5,168,Ratnapark,27.7063,85.3152
2025-06-11T04:00,19.6,100,19.6,867.6,4.2,168,Ratnapark,27.7063,85.3152
2025-06-11T05:00,19.9,100,19.8,868.3,4.4,168,Ratnapark,27.7063,85.3152
2025-06-11T06:00,22.3,94,21.2,870.0,1.9,197,Ratnapark,27.7063,85.3152
2025-06-11T07:00,24.1,81,20.7,870.8,2.6,282,Ratnapark,27.7063,85.3152
2025-06-11T08:00,25.5,73,20.4,871.3,4.8,292,Ratnapark,27.7063,85.3152
2025-06-11T09:00,26.4,69,20.2,871.5,5.2,292,Ratnapark,27.7063,85.3152
2025-06-11T10:00,27.4,64,20.0,871.4,5.8,274,Ratnapark,27.7063,85.3152
2025-06-11T11:00,27.3,64,19.9,871.2,7.1,261,Ratnapark,27.7063,85.3152
2025-06-11T12:00,28.0,64,20.5,870.9,7.4,283,Ratnapark,27.7063,85.3152
2025-06-11T13:00,28.3,65,21.0,870.0,4.6,288,Ratnapark,27.7063,85.3152
2025-06-11T14:00,26.6,69,20.5,869.3,7.7,245,Ratnapark,27.7063,85.3152
2025-06-11T15:00,25.4,75,20.5,868.9,2.4,193,Ratnapark,27.7063,85.3152
2025-06-11T16:00,24.8,76,20.2,868.6,3.6,319,Ratnapark,27.7063,85.3152
2025-06-11T17:00,24.0,81,20.5,868.5,1.7,238,Ratnapark,27.7063,85.3152
2025-06-11T18:00,23.1,89,21.1,868.4,1.0,239,Ratnapark,27.7063,85.3152
2025-06-11T19:00,22.5,93,21.3,868.7,4.0,148,Ratnapark,27.7063,85.3152
2025-06-11T20:00,22.2,95,21.3,869.1,5.2,136,Ratnapark,27.7063,85.3152
2025-06-11T21:00,21.8,96,21.2,869.2,5.0,150,Ratnapark,27.7063,85.3152
2025-06-11T22:00,21.3,98,21.0,869.3,5.4,166,Ratnapark,27.7063,85.3152
2025-06-11T23:00,20.9,99,20.8,869.0,4.8,158,Ratnapark,27.7063,85.3152
2025-06-12T00:00,20.4,100,20.4,868.3,4.8,167,Ratnapark,27.7063,85.3152
2025-06-12T01:00,19.9,100,19.9,867.5,4.3,163,Ratnapark,27.7063,85.3152
2025-06-12T02:00,19.5,100,19.5,867.1,3.6,171,Ratnapark,27.7063,85.3152
2025-06-12T03:00,19.1,100,19.1,867.1,2.8,169,Ratnapark,27.7063,85.3152
2025-06-12T04:00,19.0,100,19.0,867.5,3.7,157,Ratnapark,27.7063,85.3152
2025-06-12T05:00,19.5,100,19.5,868.5,6.1,146,Ratnapark,27.7063,85.3152
2025-06-12T06:00,23.0,89,21.0,869.8,3.3,158,Ratnapark,27.7063,85.3152
2025-06-12T07:00,24.8,79,20.9,870.7,1.2,27,Ratnapark,27.7063,85.3152
2025-06-12T08:00,26.1,72,20.6,871.2,1.9,311,Ratnapark,27.7063,85.3152
2025-06-12T09:00,26.8,70,20.8,871.5,3.3,257,Ratnapark,27.7063,85.3152
2025-06-12T10:00,26.8,69,20.6,871.3,5.0,244,Ratnapark,27.7063,85.3152
2025-06-12T11:00,28.0,65,20.7,871.1,3.8,270,Ratnapark,27.7063,85.3152
2025-06-12T12:00,24.9,77,20.5,870.3,3.0,197,Ratnapark,27.7063,85.3152
2025-06-12T13:00,26.2,72,20.7,870.3,1.0,211,Ratnapark,27.7063,85.3152
2025-06-12T14:00,24.6,75,19.9,869.7,5.2,311,Ratnapark,27.7063,85.3152
2025-06-12T15:00,22.6,87,20.3,868.3,1.3,34,Ratnapark,27.7063,85.3152
2025-06-12T16:00,23.7,85,21.0,868.3,1.9,241,Ratnapark,27.7063,85.3152
2025-06-12T17:00,23.6,85,21.0,868.7,4.4,330,Ratnapark,27.7063,85.3152
2025-06-12T18:00,23.0,90,21.3,869.2,1.2,51,Ratnapark,27.7063,85.3152
2025-06-12T19:00,22.7,93,21.5,869.6,3.7,133,Ratnapark,27.7063,85.3152
2025-06-12T20:00,22.3,95,21.4,869.2,4.9,156,Ratnapark,27.7063,85.3152
2025-06-12T21:00,21.7,97,21.1,869.4,6.5,157,Ratnapark,27.7063,85.3152
2025-06-12T22:00,21.1,98,20.8,869.0,6.6,164,Ratnapark,27.7063,85.3152
2025-06-12T23:00,20.8,98,20.5,868.8,6.1,168,Ratnapark,27.7063,85.3152
2025-06-13T00:00,20.4,99,20.3,868.7,6.3,156,Ratnapark,27.7063,85.3152
2025-06-13T01:00,20.0,100,20.0,868.9,5.7,162,Ratnapark,27.7063,85.3152
2025-06-13T02:00,20.0,100,20.0,868.8,5.2,160,Ratnapark,27.7063,85.3152
2025-06-13T03:00,19.9,100,19.8,868.7,4.9,170,Ratnapark,27.7063,85.3152
2025-06-13T04:00,19.7,99,19.6,868.6,4.9,172,Ratnapark,27.7063,85.3152
2025-06-13T05:00,19.8,98,19.6,869.2,3.6,174,Ratnapark,27.7063,85.3152
2025-06-13T06:00,22.7,90,21.0,870.6,3.6,135,Ratnapark,27.7063,85.3152
2025-06-13T07:00,24.5,82,21.2,871.4,4.2,97,Ratnapark,27.7063,85.3152
2025-06-13T08:00,26.1,72,20.6,871.6,1.8,101,Ratnapark,27.7063,85.3152
2025-06-13T09:00,27.9,65,20.7,872.3,2.2,325,Ratnapark,27.7063,85.3152
2025-06-13T10:00,28.5,61,20.4,871.8,6.1,300,Ratnapark,27.7063,85.3152
2025-06-13T11:00,24.4,81,20.8,870.9,8.1,249,Ratnapark,27.7063,85.3152
2025-06-13T12:00,27.1,70,21.2,871.0,2.6,205,Ratnapark,27.7063,85.3152
2025-06-13T13:00,26.8,71,21.0,870.4,2.3,225,Ratnapark,27.7063,85.3152
2025-06-13T14:00,23.6,83,20.5,869.5,1.8,6,Ratnapark,27.7063,85.3152
2025-06-13T15:00,22.4,90,20.6,868.8,6.1,337,Ratnapark,27.7063,85.3152
2025-06-13T16:00,22.9,85,20.2,868.3,2.3,219,Ratnapark,27.7063,85.3152
2025-06-13T17:00,23.4,81,20.0,867.6,1.0,292,Ratnapark,27.7063,85.3152
2025-06-13T18:00,23.2,87,21.0,868.1,2.2,138,Ratnapark,27.7063,85.3152
2025-06-13T19:00,22.6,92,21.2,867.7,3.4,174,Ratnapark,27.7063,85.3152
2025-06-13T20:00,21.8,97,21.4,867.6,3.6,160,Ratnapark,27.7063,85.3152
2025-06-13T21:00,21.1,100,21.1,867.8,4.2,160,Ratnapark,27.7063,85.3152
2025-06-13T22:00,20.7,100,20.7,868.1,5.3,162,Ratnapark,27.7063,85.3152
2025-06-13T23:00,20.4,100,20.4,868.0,6.0,159,Ratnapark,27.7063,85.3152
2025-06-14T00:00,20.3,100,20.3,867.9,6.1,166,Ratnapark,27.7063,85.3152
2025-06-14T01:00,20.0,100,20.0,867.6,5.7,162,Ratnapark,27.7063,85.3152
2025-06-14T02:00,19.8,100,19.8,867.4,3.9,167,Ratnapark,27.7063,85.3152
2025-06-14T03:00,19.8,100,19.7,866.9,2.7,172,Ratnapark,27.7063,85.3152
2025-06-14T04:00,19.9,98,19.6,866.9,2.5,172,Ratnapark,27.7063,85.3152
2025-06-14T05:00,20.2,97,19.6,867.0,3.1,177,Ratnapark,27.7063,85.3152
2025-06-14T06:00,21.9,93,20.6,868.3,2.7,143,Ratnapark,27.7063,85.3152
2025-06-14T07:00,23.9,83,20.7,869.2,1.6,84,Ratnapark,27.7063,85.3152
2025-06-14T08:00,25.3,75,20.6,869.5,2.0,27,Ratnapark,27.7063,85.3152
2025-06-14T09:00,26.6,68,20.1,869.4,3.6,311,Ratnapark,27.7063,85.3152
2025-06-14T10:00,27.8,62,19.8,869.3,6.2,280,Ratnapark,27.7063,85.3152
2025-06-14T11:00,27.7,62,19.8,868.9,7.6,271,Ratnapark,27.7063,85.3152
2025-06-14T12:00,27.6,63,20.0,868.3,5.4,256,Ratnapark,27.7063,85.3152
2025-06-14T13:00,26.7,67,20.1,867.7,6.2,237,Ratnapark,27.7063,85.3152
2025-06-14T14:00,25.0,74,20.0,867.1,2.7,212,Ratnapark,27.7063,85.3152
2025-06-14T15:00,23.4,83,20.3,866.4,5.5,251,Ratnapark,27.7063,85.3152
2025-06-14T16:00,23.1,86,20.7,865.9,0.5,270,Ratnapark,27.7063,85.3152
2025-06-14T17:00,23.4,83,20.4,866.2,3.6,49,Ratnapark,27.7063,85.3152
2025-06-14T18:00,23.2,87,20.8,865.7,4.9,180,Ratnapark,27.7063,85.3152
2025-06-14T19:00,22.6,91,21.0,866.2,3.8,172,Ratnapark,27.7063,85.3152
2025-06-14T20:00,22.1,94,21.1,867.1,4.4,142,Ratnapark,27.7063,85.3152
2025-06-14T21:00,21.9,94,20.9,867.5,4.8,146,Ratnapark,27.7063,85.3152
2025-06-14T22:00,21.7,94,20.7,867.7,5.5,167,Ratnapark,27.7063,85.3152
2025-06-14T23:00,21.1,96,20.5,866.9,5.7,169,Ratnapark,27.7063,85.3152
2025-06-15T00:00,20.9,96,20.2,866.4,5.6,187,Ratnapark,27.7063,85.3152
2025-06-15T01:00,20.2,98,19.8,866.6,1.5,150,Ratnapark,27.7063,85.3152
2025-06-15T02:00,20.5,99,20.3,866.6,4.1,167,Ratnapark,27.7063,85.3152
2025-06-15T03:00,20.5,98,20.2,865.7,4.0,144,Ratnapark,27.7063,85.3152
2025-06-15T04:00,20.2,99,20.1,865.7,5.6,155,Ratnapark,27.7063,85.3152
2025-06-15T05:00,20.1,100,20.1,866.1,5.0,142,Ratnapark,27.7063,85.3152
2025-06-15T06:00,21.8,97,21.3,867.1,1.7,257,Ratnapark,27.7063,85.3152
2025-06-15T07:00,22.5,93,21.2,868.2,0.3,315,Ratnapark,27.7063,85.3152
2025-06-15T08:00,22.7,84,19.9,868.8,5.4,230,Ratnapark,27.7063,85.3152
2025-06-15T09:00,23.7,79,19.8,868.7,2.3,241,Ratnapark,27.7063,85.3152
2025-06-15T10:00,25.4,73,20.1,868.5,1.9,221,Ratnapark,27.7063,85.3152
2025-06-15T11:00,26.6,68,20.1,868.2,1.8,135,Ratnapark,27.7063,85.3152
2025-06-15T12:00,26.2,67,19.7,867.6,3.8,177,Ratnapark,27.7063,85.3152
2025-06-15T13:00,26.3,68,19.9,867.1,3.6,229,Ratnapark,27.7063,85.3152
2025-06-15T14:00,26.0,70,20.0,866.4,2.0,153,Ratnapark,27.7063,85.3152
2025-06-15T15:00,25.8,71,20.1,865.6,4.0,85,Ratnapark,27.7063,85.3152
2025-06-15T16:00,25.0,75,20.2,865.5,0.9,53,Ratnapark,27.7063,85.3152
2025-06-15T17:00,23.8,81,20.4,865.6,2.7,233,Ratnapark,27.7063,85.3152
2025-06-15T18:00,23.4,86,20.9,865.7,2.3,108,Ratnapark,27.7063,85.3152
2025-06-15T19:00,22.7,92,21.4,866.2,4.8,115,Ratnapark,27.7063,85.3152
2025-06-15T20:00,21.8,96,21.2,867.1,2.9,133,Ratnapark,27.7063,85.3152
2025-06-15T21:00,21.4,98,21.1,868.0,5.0,111,Ratnapark,27.7063,85.3152
2025-06-15T22:00,21.0,100,21.0,868.2,3.3,68,Ratnapark,27.7063,85.3152
2025-06-15T23:00,20.9,98,20.5,868.3,5.0,109,Ratnapark,27.7063,85.3152
2025-06-16T00:00,20.8,98,20.6,867.5,4.2,137,Ratnapark,27.7063,85.3152
2025-06-16T01:00,20.8,98,20.5,867.0,3.8,101,Ratnapark,27.7063,85.3152
2025-06-16T02:00,20.6,99,20.4,866.3,4.0,129,Ratnapark,27.7063,85.3152
2025-06-16T03:00,20.4,99,20.3,866.1,2.0,170,Ratnapark,27.7063,85.3152
2025-06-16T04:00,20.4,99,20.3,866.1,1.5,166,Ratnapark,27.7063,85.3152
2025-06-16T05:00,20.6,99,20.4,866.7,3.4,133,Ratnapark,27.7063,85.3152
2025-06-16T06:00,21.9,92,20.5,866.6,3.6,150,Ratnapark,27.7063,85.3152
2025-06-16T07:00,23.3,84,20.4,867.5,1.9,158,Ratnapark,27.7063,85.3152
2025-06-16T08:00,24.7,75,19.9,867.9,1.5,339,Ratnapark,27.7063,85.3152
2025-06-16T09:00,25.5,72,20.0,868.3,4.6,321,Ratnapark,27.7063,85.3152
2025-06-16T10:00,26.1,72,20.6,868.2,5.4,312,Ratnapark,27.7063,85.3152
2025-06-16T11:00,27.7,67,20.9,868.0,1.9,287,Ratnapark,27.7063,85.3152
2025-06-16T12:00,26.7,69,20.6,867.2,7.3,208,Ratnapark,27.7063,85.3152
2025-06-16T13:00,25.2,72,19.8,866.4,2.6,219,Ratnapark,27.7063,85.3152
2025-06-16T14:00,25.7,75,20.8,865.8,2.8,342,Ratnapark,27.7063,85.3152
2025-06-16T15:00,25.8,74,20.9,865.2,2.5,330,Ratnapark,27.7063,85.3152
2025-06-16T16:00,25.1,75,20.3,864.8,2.6,304,Ratnapark,27.7063,85.3152
2025-06-16T17:00,23.7,87,21.5,864.7,2.7,8,Ratnapark,27.7063,85.3152
2025-06-16T18:00,24.0,88,21.8,865.3,1.6,6,Ratnapark,27.7063,85.3152
2025-06-16T19:00,22.9,96,22.2,866.1,3.7,145,Ratnapark,27.7063,85.3152
2025-06-16T20:00,21.2,100,21.2,866.9,5.6,149,Ratnapark,27.7063,85.3152
2025-06-16T21:00,21.3,100,21.3,867.6,5.1,129,Ratnapark,27.7063,85.3152
2025-06-16T22:00,20.9,100,20.9,868.1,5.6,83,Ratnapark,27.7063,85.3152
2025-06-16T23:00,20.6,98,20.3,867.7,7.5,114,Ratnapark,27.7063,85.3152
2025-06-17T00:00,20.3,98,19.9,867.2,5.8,129,Ratnapark,27.7063,85.3152
2025-06-17T01:00,20.0,98,19.6,866.7,5.2,151,Ratnapark,27.7063,85.3152
2025-06-17T02:00,19.8,98,19.5,866.2,2.3,180,Ratnapark,27.7063,85.3152
2025-06-17T03:00,19.9,99,19.8,866.6,3.0,287,Ratnapark,27.7063,85.3152
2025-06-17T04:00,19.7,100,19.7,866.6,2.8,320,Ratnapark,27.7063,85.3152
2025-06-17T05:00,19.8,99,19.6,866.3,1.5,159,Ratnapark,27.7063,85.3152
2025-06-17T06:00,21.4,94,20.4,867.1,1.5,111,Ratnapark,27.7063,85.3152
2025-06-17T07:00,22.7,86,20.3,867.6,1.8,349,Ratnapark,27.7063,85.3152
2025-06-17T08:00,24.4,77,20.2,867.7,2.1,290,Ratnapark,27.7063,85.3152
2025-06-17T09:00,26.5,69,20.2,868.3,2.8,252,Ratnapark,27.7063,85.3152
2025-06-17T10:00,27.3,68,20.8,868.2,3.4,267,Ratnapark,27.7063,85.3152
2025-06-17T11:00,27.5,67,20.8,868.0,5.6,291,Ratnapark,27.7063,85.3152
2025-06-17T12:00,24.8,77,20.4,867.2,9.5,306,Ratnapark,27.7063,85.3152
2025-06-17T13:00,24.2,83,21.1,866.3,3.0,232,Ratnapark,27.7063,85.3152
2025-06-17T14:00,24.8,78,20.6,865.7,4.2,306,Ratnapark,27.7063,85.3152
2025-06-17T15:00,25.2,77,20.9,864.9,4.3,303,Ratnapark,27.7063,85.3152
2025-06-17T16:00,24.3,81,20.9,864.5,5.9,281,Ratnapark,27.7063,85.3152
2025-06-17T17:00,22.7,88,20.7,864.8,7.3,295,Ratnapark,27.7063,85.3152
2025-06-17T18:00,23.1,87,20.9,865.4,4.4,249,Ratnapark,27.7063,85.3152
2025-06-17T19:00,22.5,92,21.1,866.3,1.9,253,Ratnapark,27.7063,85.3152
2025-06-17T20:00,22.0,93,20.9,866.7,2.0,350,Ratnapark,27.7063,85.3152
2025-06-17T21:00,21.6,95,20.8,867.0,5.2,290,Ratnapark,27.7063,85.3152
2025-06-17T22:00,20.9,98,20.6,866.8,1.2,231,Ratnapark,27.7063,85.3152
2025-06-17T23:00,20.7,100,20.7,866.5,1.0,301,Ratnapark,27.7063,85.3152
2025-06-18T00:00,20.7,99,20.5,866.1,2.4,312,Ratnapark,27.7063,85.3152
2025-06-18T01:00,20.3,99,20.2,865.1,1.3,270,Ratnapark,27.7063,85.3152
2025-06-18T02:00,19.9,99,19.8,864.0,1.0,211,Ratnapark,27.7063,85.3152
2025-06-18T03:00,19.7,100,19.7,863.6,1.3,225,Ratnapark,27.7063,85.3152
2025-06-18T04:00,19.9,100,19.8,864.0,2.9,274,Ratnapark,27.7063,85.3152
2025-06-18T05:00,20.1,99,19.9,864.5,3.4,288,Ratnapark,27.7063,85.3152
2025-06-18T06:00,21.0,98,20.6,864.5,4.9,303,Ratnapark,27.7063,85.3152
2025-06-18T07:00,22.6,87,20.4,865.5,5.5,289,Ratnapark,27.7063,85.3152
2025-06-18T08:00,23.9,81,20.4,866.1,6.6,296,Ratnapark,27.7063,85.3152
2025-06-18T09:00,25.0,76,20.5,866.5,7.3,301,Ratnapark,27.7063,85.3152
2025-06-18T10:00,26.1,71,20.4,866.1,8.6,300,Ratnapark,27.7063,85.3152
2025-06-18T11:00,26.7,70,20.8,865.9,8.1,295,Ratnapark,27.7063,85.3152
2025-06-18T12:00,26.5,71,20.8,865.4,8.4,279,Ratnapark,27.7063,85.3152
2025-06-18T13:00,26.1,72,20.8,864.8,3.0,287,Ratnapark,27.7063,85.3152
2025-06-18T14:00,23.9,81,20.4,864.1,6.9,261,Ratnapark,27.7063,85.3152
2025-06-18T15:00,22.2,92,20.9,863.3,3.7,325,Ratnapark,27.7063,85.3152
2025-06-18T16:00,22.2,90,20.4,863.1,3.4,286,Ratnapark,27.7063,85.3152
2025-06-18T17:00,22.1,95,21.2,863.3,2.0,297,Ratnapark,27.7063,85.3152
2025-06-18T18:00,21.8,98,21.4,864.0,4.4,297,Ratnapark,27.7063,85.3152
2025-06-18T19:00,21.4,100,21.3,864.3,3.9,326,Ratnapark,27.7063,85.3152
2025-06-18T20:00,21.2,99,21.1,864.6,2.1,308,Ratnapark,27.7063,85.3152
2025-06-18T21:00,21.0,100,21.0,865.2,2.8,333,Ratnapark,27.7063,85.3152
2025-06-18T22:00,21.0,99,20.9,865.1,2.6,236,Ratnapark,27.7063,85.3152
2025-06-18T23:00,21.0,99,20.8,864.6,1.7,193,Ratnapark,27.7063,85.3152
2025-06-19T00:00,20.9,98,20.7,864.1,1.5,249,Ratnapark,27.7063,85.3152
2025-06-19T01:00,20.8,99,20.6,863.2,2.3,231,Ratnapark,27.7063,85.3152
2025-06-19T02:00,20.6,99,20.5,862.4,3.0,237,Ratnapark,27.7063,85.3152
2025-06-19T03:00,20.4,99,20.3,861.9,1.9,202,Ratnapark,27.7063,85.3152
2025-06-19T04:00,20.1,100,20.1,862.0,2.4,163,Ratnapark,27.7063,85.3152
2025-06-19T05:00,20.2,100,20.1,862.7,4.2,140,Ratnapark,27.7063,85.3152
2025-06-19T06:00,21.9,96,21.3,863.6,3.0,147,Ratnapark,27.7063,85.3152
2025-06-19T07:00,23.7,86,21.2,864.9,2.9,240,Ratnapark,27.7063,85.3152
2025-06-19T08:00,24.4,83,21.3,865.8,3.9,304,Ratnapark,27.7063,85.3152
2025-06-19T09:00,25.5,78,21.4,866.3,3.1,332,Ratnapark,27.7063,85.3152
2025-06-19T10:00,26.8,72,21.4,866.1,2.4,318,Ratnapark,27.7063,85.3152
2025-06-19T11:00,27.0,70,21.1,865.9,6.5,283,Ratnapark,27.7063,85.3152
2025-06-19T12:00,26.6,72,21.1,865.1,7.6,273,Ratnapark,27.7063,85.3152
2025-06-19T13:00,24.9,78,20.9,864.7,2.3,274,Ratnapark,27.7063,85.3152
2025-06-19T14:00,24.6,78,20.5,864.4,3.6,221,Ratnapark,27.7063,85.3152
2025-06-19T15:00,24.4,78,20.3,864.1,4.5,275,Ratnapark,27.7063,85.3152
2025-06-19T16:00,23.2,88,21.1,864.1,3.8,273,Ratnapark,27.7063,85.3152
2025-06-19T17:00,22.5,93,21.3,864.1,3.9,292,Ratnapark,27.7063,85.3152
2025-06-19T18:00,22.0,96,21.2,864.5,2.4,171,Ratnapark,27.7063,85.3152
2025-06-19T19:00,22.0,97,21.5,865.0,4.1,165,Ratnapark,27.7063,85.3152
2025-06-19T20:00,22.1,93,20.8,865.6,4.5,230,Ratnapark,27.7063,85.3152
2025-06-19T21:00,21.8,97,21.2,866.1,3.5,159,Ratnapark,27.7063,85.3152
2025-06-19T22:00,21.6,98,21.3,866.2,4.6,193,Ratnapark,27.7063,85.3152
2025-06-19T23:00,21.3,100,21.3,866.1,2.2,228,Ratnapark,27.7063,85.3152
2025-06-20T00:00,21.2,99,21.0,865.8,3.6,177,Ratnapark,27.7063,85.3152
2025-06-20T01:00,21.0,100,21.0,865.4,5.6,270,Ratnapark,27.7063,85.3152
2025-06-20T02:00,20.8,100,20.8,865.3,5.1,297,Ratnapark,27.7063,85.3152
2025-06-20T03:00,20.6,99,20.5,865.3,4.3,303,Ratnapark,27.7063,85.3152
2025-06-20T04:00,20.3,100,20.3,865.2,4.1,283,Ratnapark,27.7063,85.3152
2025-06-20T05:00,20.3,99,20.2,865.3,3.3,279,Ratnapark,27.7063,85.3152
2025-06-20T06:00,20.6,98,20.2,865.9,5.7,257,Ratnapark,27.7063,85.3152
2025-06-20T07:00,22.0,90,20.2,866.8,8.3,300,Ratnapark,27.7063,85.3152
2025-06-20T08:00,23.2,85,20.6,867.4,6.5,302,Ratnapark,27.7063,85.3152
2025-06-20T09:00,24.3,79,20.5,867.5,5.2,295,Ratnapark,27.7063,85.3152
2025-06-20T10:00,25.6,73,20.5,867.5,5.6,291,Ratnapark,27.7063,85.3152
2025-06-20T11:00,26.9,72,21.4,867.3,5.8,284,Ratnapark,27.7063,85.3152
2025-06-20T12:00,27.6,71,21.8,866.7,6.0,303,Ratnapark,27.7063,85.3152
2025-06-20T13:00,25.1,79,21.1,865.7,4.2,12,Ratnapark,27.7063,85.3152
2025-06-20T14:00,24.4,84,21.5,865.4,3.1,170,Ratnapark,27.7063,85.3152
2025-06-20T15:00,25.3,79,21.5,865.3,4.7,279,Ratnapark,27.7063,85.3152
2025-06-20T16:00,25.1,80,21.3,865.1,5.5,293,Ratnapark,27.7063,85.3152
2025-06-20T17:00,24.5,78,20.5,865.2,5.3,303,Ratnapark,27.7063,85.3152
2025-06-20T18:00,23.9,83,20.8,865.9,0.8,45,Ratnapark,27.7063,85.3152
2025-06-20T19:00,23.1,90,21.4,866.4,0.4,90,Ratnapark,27.7063,85.3152
2025-06-20T20:00,22.8,91,21.2,867.1,1.7,257,Ratnapark,27.7063,85.3152
2025-06-20T21:00,22.1,95,21.2,867.6,3.7,284,Ratnapark,27.7063,85.3152
2025-06-20T22:00,21.7,97,21.2,867.7,2.4,257,Ratnapark,27.7063,85.3152
2025-06-20T23:00,21.3,99,21.2,866.8,3.6,264,Ratnapark,27.7063,85.3152
2025-06-21T00:00,21.0,99,20.8,866.3,4.0,252,Ratnapark,27.7063,85.3152
2025-06-21T01:00,20.5,99,20.3,865.7,3.9,242,Ratnapark,27.7063,85.3152
2025-06-21T02:00,20.0,99,19.8,865.4,3.7,215,Ratnapark,27.7063,85.3152
2025-06-21T03:00,19.5,100,19.5,865.0,4.1,193,Ratnapark,27.7063,85.3152
2025-06-21T04:00,19.3,100,19.3,865.0,4.5,182,Ratnapark,27.7063,85.3152
2025-06-21T05:00,19.3,100,19.3,865.4,5.2,164,Ratnapark,27.7063,85.3152
2025-06-21T06:00,22.1,95,21.2,866.6,3.8,149,Ratnapark,27.7063,85.3152
2025-06-21T07:00,23.9,87,21.6,867.5,2.5,176,Ratnapark,27.7063,85.3152
2025-06-21T08:00,25.8,79,21.9,868.1,0.9,360,Ratnapark,27.7063,85.3152
2025-06-21T09:00,27.6,67,21.0,868.3,1.4,90,Ratnapark,27.7063,85.3152
2025-06-21T10:00,28.6,62,20.7,868.2,1.8,135,Ratnapark,27.7063,85.3152
2025-06-21T11:00,27.9,65,20.8,867.6,4.0,260,Ratnapark,27.7063,85.3152
2025-06-21T12:00,27.3,69,21.0,867.1,5.2,284,Ratnapark,27.7063,85.3152
2025-06-21T13:00,27.5,69,21.3,866.4,4.8,307,Ratnapark,27.7063,85.3152
2025-06-21T14:00,26.8,73,21.5,866.0,2.1,301,Ratnapark,27.7063,85.3152
2025-06-21T15:00,26.4,73,21.2,865.4,2.2,325,Ratnapark,27.7063,85.3152
2025-06-21T16:00,25.4,79,21.5,865.2,4.8,335,Ratnapark,27.7063,85.3152
2025-06-21T17:00,24.9,83,21.9,865.2,2.3,321,Ratnapark,27.7063,85.3152
2025-06-21T18:00,23.8,86,21.3,866.6,2.7,113,Ratnapark,27.7063,85.3152
2025-06-21T19:00,22.4,100,22.4,867.0,2.3,151,Ratnapark,27.7063,85.3152
2025-06-21T20:00,22.5,99,22.3,867.3,4.7,133,Ratnapark,27.7063,85.3152
2025-06-21T21:00,22.2,99,22.0,868.3,3.3,131,Ratnapark,27.7063,85.3152
2025-06-21T22:00,22.1,97,21.6,868.2,5.0,131,Ratnapark,27.7063,85.3152
2025-06-21T23:00,21.7,96,21.0,867.8,6.0,136,Ratnapark,27.7063,85.3152
2025-06-22T00:00,21.4,98,21.0,867.3,5.0,136,Ratnapark,27.7063,85.3152
2025-06-22T01:00,21.1,97,20.6,866.7,3.0,128,Ratnapark,27.7063,85.3152
2025-06-22T02:00,20.9,99,20.8,866.6,0.7,166,Ratnapark,27.7063,85.3152
2025-06-22T03:00,20.6,99,20.5,866.3,6.0,129,Ratnapark,27.7063,85.3152
2025-06-22T04:00,20.6,98,20.3,866.5,3.7,137,Ratnapark,27.7063,85.3152
2025-06-22T05:00,20.8,98,20.4,866.6,5.5,142,Ratnapark,27.7063,85.3152
2025-06-22T06:00,22.3,94,21.4,867.4,5.2,112,Ratnapark,27.7063,85.3152
2025-06-22T07:00,23.8,85,21.1,867.9,5.2,104,Ratnapark,27.7063,85.3152
2025-06-22T08:00,25.7,75,20.9,868.3,4.9,118,Ratnapark,27.7063,85.3152
2025-06-22T09:00,27.1,69,21.0,868.8,1.6,96,Ratnapark,27.7063,85.3152
2025-06-22T10:00,28.3,67,21.7,868.7,1.5,277,Ratnapark,27.7063,85.3152
2025-06-22T11:00,28.0,68,21.6,868.0,5.0,240,Ratnapark,27.7063,85.3152
2025-06-22T12:00,25.2,77,20.9,867.2,5.0,240,Ratnapark,27.7063,85.3152
2025-06-22T13:00,26.3,75,21.5,866.8,2.1,329,Ratnapark,27.7063,85.3152
2025-06-22T14:00,26.9,72,21.3,866.1,2.6,309,Ratnapark,27.7063,85.3152
2025-06-22T15:00,23.9,85,21.2,865.7,1.9,131,Ratnapark,27.7063,85.3152
2025-06-22T16:00,23.9,85,21.2,865.2,2.7,356,Ratnapark,27.7063,85.3152
2025-06-22T17:00,23.7,86,21.2,864.5,0.4,63,Ratnapark,27.7063,85.3152
2025-06-22T18:00,23.3,90,21.6,865.6,1.9,139,Ratnapark,27.7063,85.3152
2025-06-22T19:00,22.6,96,21.9,866.2,2.4,132,Ratnapark,27.7063,85.3152
2025-06-22T20:00,22.3,96,21.6,866.4,5.7,145,Ratnapark,27.7063,85.3152
2025-06-22T21:00,21.6,98,21.2,867.0,7.6,142,Ratnapark,27.7063,85.3152
2025-06-22T22:00,21.0,100,21.0,867.0,3.0,163,Ratnapark,27.7063,85.3152
2025-06-22T23:00,20.9,99,20.7,866.2,3.4,162,Ratnapark,27.7063,85.3152
2025-06-23T00:00,20.7,100,20.6,865.2,3.9,167,Ratnapark,27.7063,85.3152
2025-06-23T01:00,20.4,99,20.2,864.1,5.3,145,Ratnapark,27.7063,85.3152
2025-06-23T02:00,20.2,98,19.9,864.5,4.2,168,Ratnapark,27.7063,85.3152
2025-06-23T03:00,20.0,99,19.9,864.9,3.6,93,Ratnapark,27.7063,85.3152
2025-06-23T04:00,20.3,97,19.9,864.8,5.0,145,Ratnapark,27.7063,85.3152
2025-06-23T05:00,20.5,97,20.0,865.5,6.3,149,Ratnapark,27.7063,85.3152
2025-06-23T06:00,21.4,95,20.6,865.3,5.2,153,Ratnapark,27.7063,85.3152
2025-06-23T07:00,22.4,91,20.9,866.1,5.1,135,Ratnapark,27.7063,85.3152
2025-06-23T08:00,23.2,86,20.8,866.6,5.4,120,Ratnapark,27.7063,85.3152
2025-06-23T09:00,24.1,82,20.8,866.5,4.7,106,Ratnapark,27.7063,85.3152
2025-06-23T10:00,26.5,72,21.0,866.4,3.2,109,Ratnapark,27.7063,85.3152
2025-06-23T11:00,28.1,68,21.6,866.1,1.9,151,Ratnapark,27.7063,85.3152
2025-06-23T12:00,25.9,73,20.7,864.5,8.4,223,Ratnapark,27.7063,85.3152
2025-06-23T13:00,24.1,85,21.5,863.8,3.6,207,Ratnapark,27.7063,85.3152
2025-06-23T14:00,25.0,82,21.8,863.5,3.9,313,Ratnapark,27.7063,85.3152
2025-06-23T15:00,24.0,80,20.4,862.8,4.3,327,Ratnapark,27.7063,85.3152
2025-06-23T16:00,23.4,87,21.2,862.7,2.5,98,Ratnapark,27.7063,85.3152
2025-06-23T17:00,22.5,92,21.2,862.7,2.9,90,Ratnapark,27.7063,85.3152
2025-06-23T18:00,22.2,95,21.3,863.7,2.8,235,Ratnapark,27.7063,85.3152
2025-06-23T19:00,21.7,98,21.4,864.2,1.2,321,Ratnapark,27.7063,85.3152
2025-06-23T20:00,21.6,99,21.4,864.6,2.6,115,Ratnapark,27.7063,85.3152
2025-06-23T21:00,21.6,93,20.4,865.2,1.6,6,Ratnapark,27.7063,85.3152
2025-06-23T22:00,21.1,98,20.8,865.3,0.9,101,Ratnapark,27.7063,85.3152
2025-06-23T23:00,21.0,98,20.7,864.8,2.5,86,Ratnapark,27.7063,85.3152
2025-06-24T00:00,20.7,100,20.7,864.2,3.8,115,Ratnapark,27.7063,85.3152
2025-06-24T01:00,20.6,98,20.3,863.5,4.5,124,Ratnapark,27.7063,85.3152
2025-06-24T02:00,20.5,98,20.1,862.6,3.8,135,Ratnapark,27.7063,85.3152
2025-06-24T03:00,20.0,100,19.9,862.3,5.3,170,Ratnapark,27.7063,85.3152
2025-06-24T04:00,19.8,100,19.7,862.5,3.9,164,Ratnapark,27.7063,85.3152
2025-06-24T05:00,19.8,100,19.8,863.1,3.2,164,Ratnapark,27.7063,85.3152
2025-06-24T06:00,22.1,96,21.4,864.0,3.1,130,Ratnapark,27.7063,85.3152
2025-06-24T07:00,22.5,96,21.7,864.9,0.8,153,Ratnapark,27.7063,85.3152
2025-06-24T08:00,23.5,88,21.4,864.9,2.1,31,Ratnapark,27.7063,85.3152
2025-06-24T09:00,25.3,79,21.3,865.1,0.7,360,Ratnapark,27.7063,85.3152
2025-06-24T10:00,27.1,71,21.5,865.6,1.1,279,Ratnapark,27.7063,85.3152
2025-06-24T11:00,26.4,73,21.2,865.3,5.7,224,Ratnapark,27.7063,85.3152
2025-06-24T12:00,24.0,82,20.8,864.9,4.7,270,Ratnapark,27.7063,85.3152
2025-06-24T13:00,24.6,82,21.3,864.4,2.9,353,Ratnapark,27.7063,85.3152
2025-06-24T14:00,24.8,83,21.6,864.0,2.7,242,Ratnapark,27.7063,85.3152
2025-06-24T15:00,23.6,92,22.1,863.7,2.7,328,Ratnapark,27.7063,85.3152
2025-06-24T16:00,23.6,93,22.4,863.4,3.6,9,Ratnapark,27.7063,85.3152
2025-06-24T17:00,23.2,93,22.0,863.4,4.6,64,Ratnapark,27.7063,85.3152
2025-06-24T18:00,22.0,100,22.0,864.4,3.3,119,Ratnapark,27.7063,85.3152
2025-06-24T19:00,21.9,100,21.9,865.1,3.3,171,Ratnapark,27.7063,85.3152
2025-06-24T20:00,22.2,98,21.9,865.9,3.0,123,Ratnapark,27.7063,85.3152
2025-06-24T21:00,22.2,98,22.0,866.8,4.7,157,Ratnapark,27.7063,85.3152
2025-06-24T22:00,22.0,98,21.8,867.2,4.3,147,Ratnapark,27.7063,85.3152
2025-06-24T23:00,21.7,99,21.6,866.8,5.2,174,Ratnapark,27.7063,85.3152
2025-06-25T00:00,21.5,98,21.2,866.7,6.4,170,Ratnapark,27.7063,85.3152
2025-06-25T01:00,21.4,98,21.0,866.2,4.7,182,Ratnapark,27.7063,85.3152
2025-06-25T02:00,21.1,99,21.0,865.7,4.0,175,Ratnapark,27.7063,85.3152
2025-06-25T03:00,20.9,99,20.8,865.7,5.2,209,Ratnapark,27.7063,85.3152
2025-06-25T04:00,20.6,99,20.5,865.8,4.0,216,Ratnapark,27.7063,85.3152
2025-06-25T05:00,20.6,98,20.2,866.5,4.2,211,Ratnapark,27.7063,85.3152
2025-06-25T06:00,22.0,94,21.0,867.5,2.4,287,Ratnapark,27.7063,85.3152
2025-06-25T07:00,22.9,87,20.6,868.2,0.7,180,Ratnapark,27.7063,85.3152
2025-06-25T08:00,24.0,83,21.0,868.7,1.5,21,Ratnapark,27.7063,85.3152
2025-06-25T09:00,25.5,75,20.8,868.9,0.4,117,Ratnapark,27.7063,85.3152
2025-06-25T10:00,27.3,66,20.5,869.2,0.2,270,Ratnapark,27.7063,85.3152
2025-06-25T11:00,27.5,68,21.1,868.8,3.1,270,Ratnapark,27.7063,85.3152
2025-06-25T12:00,25.0,79,21.2,868.3,4.0,291,Ratnapark,27.7063,85.3152
2025-06-25T13:00,24.1,84,21.3,867.5,4.3,358,Ratnapark,27.7063,85.3152
2025-06-25T14:00,25.6,77,21.3,867.3,3.0,322,Ratnapark,27.7063,85.3152
2025-06-25T15:00,25.4,74,20.5,866.6,5.0,300,Ratnapark,27.7063,85.3152
2025-06-25T16:00,24.7,81,21.3,866.0,5.2,272,Ratnapark,27.7063,85.3152
2025-06-25T17:00,24.4,83,21.3,865.9,3.6,297,Ratnapark,27.7063,85.3152
2025-06-25T18:00,23.7,88,21.5,867.1,3.5,231,Ratnapark,27.7063,85.3152
2025-06-25T19:00,22.7,95,21.9,867.7,4.0,234,Ratnapark,27.7063,85.3152
2025-06-25T20:00,22.0,98,21.8,868.6,2.6,236,Ratnapark,27.7063,85.3152
2025-06-25T21:00,21.7,100,21.7,869.6,2.3,176,Ratnapark,27.7063,85.3152
2025-06-25T22:00,21.7,98,21.4,869.7,4.7,212,Ratnapark,27.7063,85.3152
2025-06-25T23:00,21.2,97,20.8,869.5,3.7,227,Ratnapark,27.7063,85.3152
2025-06-26T00:00,20.8,98,20.5,869.0,5.0,232,Ratnapark,27.7063,85.3152
2025-06-26T01:00,20.8,98,20.5,868.7,1.9,131,Ratnapark,27.7063,85.3152
2025-06-26T02:00,20.7,99,20.5,868.4,3.7,166,Ratnapark,27.7063,85.3152
2025-06-26T03:00,20.5,98,20.3,867.7,3.2,142,Ratnapark,27.7063,85.3152
2025-06-26T04:00,20.4,99,20.2,867.7,3.5,125,Ratnapark,27.7063,85.3152
2025-06-26T05:00,20.5,99,20.3,867.8,5.0,128,Ratnapark,27.7063,85.3152
2025-06-26T06:00,22.1,96,21.4,869.0,4.7,133,Ratnapark,27.7063,85.3152
2025-06-26T07:00,23.3,89,21.3,869.8,1.5,111,Ratnapark,27.7063,85.3152
2025-06-26T08:00,25.1,79,21.2,870.2,1.1,189,Ratnapark,27.7063,85.3152
2025-06-26T09:00,26.8,72,21.3,870.4,1.5,339,Ratnapark,27.7063,85.3152
2025-06-26T10:00,27.9,69,21.6,870.2,2.5,4,Ratnapark,27.7063,85.3152
2025-06-26T11:00,28.4,68,22.0,870.0,3.8,273,Ratnapark,27.7063,85.3152
2025-06-26T12:00,25.7,76,21.2,869.5,3.5,195,Ratnapark,27.7063,85.3152
2025-06-26T13:00,26.4,71,20.7,868.7,5.1,247,Ratnapark,27.7063,85.3152
2025-06-26T14:00,24.7,80,21.1,867.8,3.6,315,Ratnapark,27.7063,85.3152
2025-06-26T15:00,25.2,78,21.1,867.1,3.8,315,Ratnapark,27.7063,85.3152
2025-06-26T16:00,25.3,79,21.3,867.1,2.6,286,Ratnapark,27.7063,85.3152
2025-06-26T17:00,25.1,80,21.5,867.1,1.5,249,Ratnapark,27.7063,85.3152
2025-06-26T18:00,23.9,86,21.5,868.0,0.8,153,Ratnapark,27.7063,85.3152
2025-06-26T19:00,22.3,94,21.3,868.4,4.8,160,Ratnapark,27.7063,85.3152
2025-06-26T20:00,21.9,99,21.7,868.9,4.1,124,Ratnapark,27.7063,85.3152
2025-06-26T21:00,21.5,100,21.5,869.6,2.9,83,Ratnapark,27.7063,85.3152
2025-06-26T22:00,21.3,99,21.1,869.8,4.6,101,Ratnapark,27.7063,85.3152
2025-06-26T23:00,20.9,100,20.8,869.3,5.2,90,Ratnapark,27.7063,85.3152
2025-06-27T00:00,20.7,98,20.3,868.6,4.0,87,Ratnapark,27.7063,85.3152
2025-06-27T01:00,20.4,98,20.2,867.7,3.0,166,Ratnapark,27.7063,85.3152
2025-06-27T02:00,20.3,98,20.1,866.8,3.6,183,Ratnapark,27.7063,85.3152
2025-06-27T03:00,20.0,100,20.0,866.2,5.1,157,Ratnapark,27.7063,85.3152
2025-06-27T04:00,19.7,100,19.7,866.1,4.0,170,Ratnapark,27.7063,85.3152
2025-06-27T05:00,20.0,100,20.0,866.6,5.3,172,Ratnapark,27.7063,85.3152
2025-06-27T06:00,22.3,95,21.5,867.5,2.1,142,Ratnapark,27.7063,85.3152
2025-06-27T07:00,23.5,88,21.4,868.3,3.2,16,Ratnapark,27.7063,85.3152
2025-06-27T08:00,24.6,81,21.2,868.7,2.2,360,Ratnapark,27.7063,85.3152
2025-06-27T09:00,26.2,73,21.0,869.2,1.8,264,Ratnapark,27.7063,85.3152
2025-06-27T10:00,27.1,71,21.5,869.2,3.1,273,Ratnapark,27.7063,85.3152
2025-06-27T11:00,26.7,74,21.6,868.5,3.7,331,Ratnapark,27.7063,85.3152
2025-06-27T12:00,26.5,72,21.1,867.8,3.6,297,Ratnapark,27.7063,85.3152
2025-06-27T13:00,27.9,66,21.0,867.2,3.7,313,Ratnapark,27.7063,85.3152
2025-06-27T14:00,25.3,77,20.9,866.5,6.3,267,Ratnapark,27.7063,85.3152
2025-06-27T15:00,23.5,87,21.2,865.7,0.6,56,Ratnapark,27.7063,85.3152
2025-06-27T16:00,24.2,84,21.3,865.5,2.5,356,Ratnapark,27.7063,85.3152
2025-06-27T17:00,24.5,82,21.1,865.8,0.7,194,Ratnapark,27.7063,85.3152
2025-06-27T18:00,23.2,84,20.4,866.8,1.5,111,Ratnapark,27.7063,85.3152
2025-06-27T19:00,21.8,98,21.6,867.1,1.9,124,Ratnapark,27.7063,85.3152
2025-06-27T20:00,21.5,99,21.4,868.2,3.6,127,Ratnapark,27.7063,85.3152
2025-06-27T21:00,21.3,99,21.2,868.6,2.9,90,Ratnapark,27.7063,85.3152
2025-06-27T22:00,21.0,99,20.8,868.6,1.6,84,Ratnapark,27.7063,85.3152
2025-06-27T23:00,20.8,99,20.6,868.1,3.7,137,Ratnapark,27.7063,85.3152
2025-06-28T00:00,20.7,99,20.5,867.4,3.9,156,Ratnapark,27.7063,85.3152
2025-06-28T01:00,20.3,100,20.3,866.9,2.4,189,Ratnapark,27.7063,85.3152
2025-06-28T02:00,20.0,100,20.0,866.4,2.7,228,Ratnapark,27.7063,85.3152
2025-06-28T03:00,20.0,100,20.0,865.9,1.3,352,Ratnapark,27.7063,85.3152
2025-06-28T04:00,19.8,99,19.7,865.2,3.5,145,Ratnapark,27.7063,85.3152
2025-06-28T05:00,19.7,100,19.7,864.8,5.4,165,Ratnapark,27.7063,85.3152
2025-06-28T06:00,22.1,96,21.4,865.6,3.2,180,Ratnapark,27.7063,85.3152
2025-06-28T07:00,23.4,92,22.1,866.9,4.4,289,Ratnapark,27.7063,85.3152
2025-06-28T08:00,24.5,85,21.8,867.2,4.9,298,Ratnapark,27.7063,85.3152
2025-06-28T09:00,25.4,79,21.5,867.4,5.4,300,Ratnapark,27.7063,85.3152
2025-06-28T10:00,26.7,73,21.4,867.3,5.3,303,Ratnapark,27.7063,85.3152
2025-06-28T11:00,27.5,70,21.7,867.0,6.7,284,Ratnapark,27.7063,85.3152
2025-06-28T12:00,24.3,83,21.1,866.1,7.8,263,Ratnapark,27.7063,85.3152
2025-06-28T13:00,23.6,84,20.8,865.7,3.8,188,Ratnapark,27.7063,85.3152
2025-06-28T14:00,24.3,81,20.8,865.3,3.6,303,Ratnapark,27.7063,85.3152
2025-06-28T15:00,23.8,84,21.0,864.0,4.6,349,Ratnapark,27.7063,85.3152
2025-06-28T16:00,23.6,87,21.2,863.8,1.5,346,Ratnapark,27.7063,85.3152
2025-06-28T17:00,23.1,89,21.2,863.9,3.4,286,Ratnapark,27.7063,85.3152
2025-06-28T18:00,22.6,93,21.5,864.9,3.5,255,Ratnapark,27.7063,85.3152
2025-06-28T19:00,22.4,95,21.5,865.0,1.1,9,Ratnapark,27.7063,85.3152
2025-06-28T20:00,22.0,96,21.4,865.2,2.3,176,Ratnapark,27.7063,85.3152
2025-06-28T21:00,21.6,100,21.6,865.6,1.5,240,Ratnapark,27.7063,85.3152
2025-06-28T22:00,21.5,100,21.5,865.7,1.8,135,Ratnapark,27.7063,85.3152
2025-06-28T23:00,21.4,100,21.4,865.4,3.1,130,Ratnapark,27.7063,85.3152
2025-06-29T00:00,21.1,100,21.1,864.3,3.2,161,Ratnapark,27.7063,85.3152
2025-06-29T01:00,20.9,99,20.8,863.7,3.6,189,Ratnapark,27.7063,85.3152
2025-06-29T02:00,20.4,100,20.4,863.2,1.3,164,Ratnapark,27.7063,85.3152
2025-06-29T03:00,20.5,100,20.4,863.0,1.8,186,Ratnapark,27.7063,85.3152
2025-06-29T04:00,20.3,100,20.3,862.8,2.4,167,Ratnapark,27.7063,85.3152
2025-06-29T05:00,20.3,99,20.2,863.2,3.8,169,Ratnapark,27.7063,85.3152
2025-06-29T06:00,21.8,98,21.5,863.9,1.0,239,Ratnapark,27.7063,85.3152
2025-06-29T07:00,23.0,89,21.1,864.7,3.1,301,Ratnapark,27.7063,85.3152
2025-06-29T08:00,24.4,79,20.6,864.8,4.0,262,Ratnapark,27.7063,85.3152
2025-06-29T09:00,25.5,73,20.2,865.3,5.3,260,Ratnapark,27.7063,85.3152
2025-06-29T10:00,25.8,74,20.8,865.4,5.9,288,Ratnapark,27.7063,85.3152
2025-06-29T11:00,24.4,81,21.0,864.6,3.5,242,Ratnapark,27.7063,85.3152
2025-06-29T12:00,24.4,81,21.0,864.3,6.9,253,Ratnapark,27.7063,85.3152
2025-06-29T13:00,23.7,81,20.3,863.7,3.3,225,Ratnapark,27.7063,85.3152
2025-06-29T14:00,24.4,82,21.1,863.5,0.6,214,Ratnapark,27.7063,85.3152
2025-06-29T15:00,22.1,91,20.6,862.8,4.0,216,Ratnapark,27.7063,85.3152
2025-06-29T16:00,22.3,94,21.2,862.7,3.1,21,Ratnapark,27.7063,85.3152
2025-06-29T17:00,21.9,95,21.1,862.8,3.6,18,Ratnapark,27.7063,85.3152
2025-06-29T18:00,21.6,96,20.9,863.8,1.8,11,Ratnapark,27.7063,85.3152
2025-06-29T19:00,21.2,99,21.0,864.2,3.1,93,Ratnapark,27.7063,85.3152
2025-06-29T20:00,21.2,97,20.7,864.6,4.5,124,Ratnapark,27.7063,85.3152
2025-06-29T21:00,21.0,98,20.7,865.0,4.3,135,Ratnapark,27.7063,85.3152
2025-06-29T22:00,21.0,98,20.7,864.9,4.2,144,Ratnapark,27.7063,85.3152
2025-06-29T23:00,20.9,99,20.8,864.6,4.8,155,Ratnapark,27.7063,85.3152
2025-06-30T00:00,20.9,99,20.8,863.8,3.1,193,Ratnapark,27.7063,85.3152
2025-06-30T01:00,20.7,99,20.6,863.5,2.5,262,Ratnapark,27.7063,85.3152
2025-06-30T02:00,20.5,100,20.4,863.1,1.0,211,Ratnapark,27.7063,85.3152
2025-06-30T03:00,20.2,99,20.1,862.7,0.4,180,Ratnapark,27.7063,85.3152
2025-06-30T04:00,20.2,100,20.2,863.1,0.9,233,Ratnapark,27.7063,85.3152
2025-06-30T05:00,20.3,99,20.1,863.5,0.4,180,Ratnapark,27.7063,85.3152
2025-06-30T06:00,21.5,96,20.8,864.5,1.3,34,Ratnapark,27.7063,85.3152
2025-06-30T07:00,22.1,92,20.7,865.3,2.3,4,Ratnapark,27.7063,85.3152
2025-06-30T08:00,23.3,85,20.7,865.6,3.2,326,Ratnapark,27.7063,85.3152
2025-06-30T09:00,23.9,82,20.7,866.1,5.3,308,Ratnapark,27.7063,85.3152
2025-06-30T10:00,24.6,78,20.5,866.5,6.2,327,Ratnapark,27.7063,85.3152
2025-06-30T11:00,24.7,76,20.1,866.2,9.3,302,Ratnapark,27.7063,85.3152
2025-06-30T12:00,23.4,86,20.9,865.6,6.6,261,Ratnapark,27.7063,85.3152
2025-06-30T13:00,24.9,78,20.8,865.3,0.4,27,Ratnapark,27.7063,85.3152
2025-06-30T14:00,25.0,77,20.7,864.5,0.6,288,Ratnapark,27.7063,85.3152
2025-06-30T15:00,24.8,79,20.8,863.9,6.1,310,Ratnapark,27.7063,85.3152
2025-06-30T16:00,23.1,85,20.5,863.4,4.7,288,Ratnapark,27.7063,85.3152
2025-06-30T17:00,22.3,91,20.7,863.2,4.8,301,Ratnapark,27.7063,85.3152
2025-06-30T18:00,21.9,92,20.6,864.4,1.5,234,Ratnapark,27.7063,85.3152
2025-06-30T19:00,21.4,97,21.0,864.6,3.1,246,Ratnapark,27.7063,85.3152
2025-06-30T20:00,21.4,97,20.9,865.0,3.8,211,Ratnapark,27.7063,85.3152
2025-06-30T21:00,21.2,97,20.7,865.2,3.6,143,Ratnapark,27.7063,85.3152
2025-06-30T22:00,20.9,98,20.6,865.1,3.5,141,Ratnapark,27.7063,85.3152
2025-06-30T23:00,20.7,98,20.4,865.3,6.4,158,Ratnapark,27.7063,85.3152
2025-07-01T00:00,20.5,98,20.2,864.7,4.4,153,Ratnapark,27.7063,85.3152
2025-07-01T01:00,20.3,98,20.0,864.6,5.9,169,Ratnapark,27.7063,85.3152
2025-07-01T02:00,20.1,99,19.9,864.0,3.9,158,Ratnapark,27.7063,85.3152
2025-07-01T03:00,19.6,99,19.5,863.5,3.6,162,Ratnapark,27.7063,85.3152
2025-07-01T04:00,19.3,99,19.1,863.4,3.1,177,Ratnapark,27.7063,85.3152
2025-07-01T05:00,19.3,100,19.3,863.9,4.5,164,Ratnapark,27.7063,85.3152
2025-07-01T06:00,21.7,97,21.1,864.7,4.6,144,Ratnapark,27.7063,85.3152
2025-07-01T07:00,23.5,89,21.6,866.0,1.7,167,Ratnapark,27.7063,85.3152
2025-07-01T08:00,25.0,80,21.3,866.7,3.6,333,Ratnapark,27.7063,85.3152
2025-07-01T09:00,26.5,72,20.9,867.1,4.3,336,Ratnapark,27.7063,85.3152
2025-07-01T10:00,27.9,66,20.9,867.2,3.6,307,Ratnapark,27.7063,85.3152
2025-07-01T11:00,26.8,68,20.5,866.7,3.8,295,Ratnapark,27.7063,85.3152
2025-07-01T12:00,27.0,68,20.7,865.8,5.9,325,Ratnapark,27.7063,85.3152
2025-07-01T13:00,26.4,71,20.7,865.3,4.2,250,Ratnapark,27.7063,85.3152
2025-07-01T14:00,26.7,73,21.5,864.6,2.8,285,Ratnapark,27.7063,85.3152
2025-07-01T15:00,24.2,81,20.7,863.8,5.4,339,Ratnapark,27.7063,85.3152
2025-07-01T16:00,23.1,92,21.7,863.7,2.4,167,Ratnapark,27.7063,85.3152
2025-07-01T17:00,23.1,91,21.5,864.0,3.3,299,Ratnapark,27.7063,85.3152
2025-07-01T18:00,21.7,96,21.1,865.4,2.1,110,Ratnapark,27.7063,85.3152
2025-07-01T19:00,21.3,98,21.0,865.8,4.1,119,Ratnapark,27.7063,85.3152
2025-07-01T20:00,21.1,99,20.9,866.0,4.2,144,Ratnapark,27.7063,85.3152
2025-07-01T21:00,20.7,99,20.6,866.6,6.5,156,Ratnapark,27.7063,85.3152
2025-07-01T22:00,20.7,99,20.5,866.3,4.9,147,Ratnapark,27.7063,85.3152
2025-07-01T23:00,20.6,99,20.4,866.3,6.3,153,Ratnapark,27.7063,85.3152
2025-07-02T00:00,20.3,99,20.2,865.9,5.2,149,Ratnapark,27.7063,85.3152
2025-07-02T01:00,20.0,99,19.8,865.5,4.9,156,Ratnapark,27.7063,85.3152
2025-07-02T02:00,20.0,100,19.9,864.7,4.8,165,Ratnapark,27.7063,85.3152
2025-07-02T03:00,19.9,98,19.6,864.5,4.9,174,Ratnapark,27.7063,85.3152
2025-07-02T04:00,19.7,98,19.4,864.3,3.4,180,Ratnapark,27.7063,85.3152
2025-07-02T05:00,19.5,100,19.4,864.7,3.7,166,Ratnapark,27.7063,85.3152
2025-07-02T06:00,21.9,98,21.5,865.9,1.8,186,Ratnapark,27.7063,85.3152
2025-07-02T07:00,23.5,88,21.4,866.8,1.9,326,Ratnapark,27.7063,85.3152
2025-07-02T08:00,25.0,80,21.4,867.1,1.9,311,Ratnapark,27.7063,85.3152
2025-07-02T09:00,26.2,76,21.5,867.5,1.4,337,Ratnapark,27.7063,85.3152
2025-07-02T10:00,27.9,71,22.1,867.9,0.6,34,Ratnapark,27.7063,85.3152
2025-07-02T11:00,28.2,65,21.1,867.2,1.3,188,Ratnapark,27.7063,85.3152
2025-07-02T12:00,24.8,79,20.9,866.6,6.9,237,Ratnapark,27.7063,85.3152
2025-07-02T13:00,23.4,88,21.4,866.2,2.8,349,Ratnapark,27.7063,85.3152
2025-07-02T14:00,24.3,85,21.6,865.7,2.7,323,Ratnapark,27.7063,85.3152
2025-07-02T15:00,24.2,88,22.0,865.2,3.5,55,Ratnapark,27.7063,85.3152
2025-07-02T16:00,23.5,84,20.6,865.3,3.1,126,Ratnapark,27.7063,85.3152
2025-07-02T17:00,22.2,95,21.3,865.1,1.2,51,Ratnapark,27.7063,85.3152
2025-07-02T18:00,22.5,95,21.6,866.1,1.5,330,Ratnapark,27.7063,85.3152
2025-07-02T19:00,22.1,98,21.7,866.4,1.8,135,Ratnapark,27.7063,85.3152
2025-07-02T20:00,21.5,99,21.4,866.7,2.0,180,Ratnapark,27.7063,85.3152
2025-07-02T21:00,21.2,98,21.0,867.3,5.3,170,Ratnapark,27.7063,85.3152
2025-07-02T22:00,21.0,98,20.7,867.6,3.9,152,Ratnapark,27.7063,85.3152
2025-07-02T23:00,20.7,98,20.4,867.4,5.5,171,Ratnapark,27.7063,85.3152
2025-07-03T00:00,20.5,99,20.3,866.9,4.8,169,Ratnapark,27.7063,85.3152
2025-07-03T01:00,20.3,100,20.3,866.4,2.7,157,Ratnapark,27.7063,85.3152
2025-07-03T02:00,20.5,100,20.4,866.0,2.8,153,Ratnapark,27.7063,85.3152
2025-07-03T03:00,20.5,100,20.5,865.9,0.2,360,Ratnapark,27.7063,85.3152
2025-07-03T04:00,20.3,100,20.2,865.5,1.5,166,Ratnapark,27.7063,85.3152
2025-07-03T05:00,20.4,98,20.0,866.4,2.2,204,Ratnapark,27.7063,85.3152
2025-07-03T06:00,21.4,97,20.9,866.5,2.8,108,Ratnapark,27.7063,85.3152
2025-07-03T07:00,22.7,90,20.9,867.3,1.7,212,Ratnapark,27.7063,85.3152
2025-07-03T08:00,24.0,83,21.0,867.7,2.4,324,Ratnapark,27.7063,85.3152
2025-07-03T09:00,26.2,75,21.4,868.0,1.7,288,Ratnapark,27.7063,85.3152
2025-07-03T10:00,28.0,70,22.0,868.0,3.1,239,Ratnapark,27.7063,85.3152
2025-07-03T11:00,27.1,72,21.7,867.5,3.6,261,Ratnapark,27.7063,85.3152
2025-07-03T12:00,24.0,86,21.5,866.9,6.4,245,Ratnapark,27.7063,85.3152
2025-07-03T13:00,24.5,82,21.3,866.5,3.7,349,Ratnapark,27.7063,85.3152
2025-07-03T14:00,23.9,83,20.9,865.8,2.6,34,Ratnapark,27.7063,85.3152
2025-07-03T15:00,24.9,84,21.9,865.2,1.4,293,Ratnapark,27.7063,85.3152
2025-07-03T16:00,24.0,88,21.9,865.1,2.5,291,Ratnapark,27.7063,85.3152
2025-07-03T17:00,23.2,86,20.8,865.2,2.2,265,Ratnapark,27.7063,85.3152
2025-07-03T18:00,22.5,92,21.1,866.6,3.4,212,Ratnapark,27.7063,85.3152
2025-07-03T19:00,22.0,96,21.3,866.8,2.3,108,Ratnapark,27.7063,85.3152
2025-07-03T20:00,21.3,98,21.1,867.5,2.6,141,Ratnapark,27.7063,85.3152
2025-07-03T21:00,21.1,100,21.1,868.0,3.1,62,Ratnapark,27.7063,85.3152
2025-07-03T22:00,20.9,99,20.7,868.0,3.8,172,Ratnapark,27.7063,85.3152
2025-07-03T23:00,20.6,99,20.5,867.5,2.8,165,Ratnapark,27.7063,85.3152
2025-07-04T00:00,20.5,98,20.2,866.6,3.1,173,Ratnapark,27.7063,85.3152
2025-07-04T01:00,20.3,98,20.1,866.0,3.2,196,Ratnapark,27.7063,85.3152
2025-07-04T02:00,20.4,97,20.0,865.8,2.3,176,Ratnapark,27.7063,85.3152
2025-07-04T03:00,20.1,99,20.0,865.1,2.7,172,Ratnapark,27.7063,85.3152
2025-07-04T04:00,19.9,100,19.9,865.2,4.3,158,Ratnapark,27.7063,85.3152
2025-07-04T05:00,20.1,99,20.0,865.8,4.2,155,Ratnapark,27.7063,85.3152
2025-07-04T06:00,21.8,98,21.4,866.9,2.4,153,Ratnapark,27.7063,85.3152
2025-07-04T07:00,22.7,91,21.1,867.4,1.3,135,Ratnapark,27.7063,85.3152
2025-07-04T08:00,24.5,81,20.9,867.6,1.1,9,Ratnapark,27.7063,85.3152
2025-07-04T09:00,26.1,74,21.2,867.8,0.9,90,Ratnapark,27.7063,85.3152
2025-07-04T10:00,27.2,71,21.6,868.0,1.5,187,Ratnapark,27.7063,85.3152
2025-07-04T11:00,27.5,68,21.2,867.6,2.0,207,Ratnapark,27.7063,85.3152
2025-07-04T12:00,23.7,85,20.9,866.6,6.8,270,Ratnapark,27.7063,85.3152
2025-07-04T13:00,23.3,88,21.2,866.2,2.5,69,Ratnapark,27.7063,85.3152
2025-07-04T14:00,23.5,88,21.5,865.8,3.2,333,Ratnapark,27.7063,85.3152
2025-07-04T15:00,23.5,89,21.6,865.1,5.1,342,Ratnapark,27.7063,85.3152
2025-07-04T16:00,23.2,87,20.9,865.0,4.3,318,Ratnapark,27.7063,85.3152
2025-07-04T17:00,22.4,94,21.4,864.7,0.9,217,Ratnapark,27.7063,85.3152
2025-07-04T18:00,21.9,92,20.6,866.1,3.2,43,Ratnapark,27.7063,85.3152
2025-07-04T19:00,21.4,99,21.3,866.5,2.9,86,Ratnapark,27.7063,85.3152
2025-07-04T20:00,21.4,97,20.9,866.7,3.4,93,Ratnapark,27.7063,85.3152
2025-07-04T21:00,21.1,99,20.9,867.1,4.3,178,Ratnapark,27.7063,85.3152
2025-07-04T22:00,21.0,97,20.5,867.2,4.2,252,Ratnapark,27.7063,85.3152
2025-07-04T23:00,20.6,99,20.5,867.0,1.2,243,Ratnapark,27.7063,85.3152
2025-07-05T00:00,20.5,100,20.5,866.6,0.7,14,Ratnapark,27.7063,85.3152
2025-07-05T01:00,20.4,100,20.4,865.8,2.6,282,Ratnapark,27.7063,85.3152
2025-07-05T02:00,20.1,100,20.1,865.1,4.5,203,Ratnapark,27.7063,85.3152
2025-07-05T03:00,19.9,100,19.9,864.3,4.5,203,Ratnapark,27.7063,85.3152
2025-07-05T04:00,19.6,100,19.6,863.8,3.8,180,Ratnapark,27.7063,85.3152
2025-07-05T05:00,19.5,100,19.5,863.5,5.1,176,Ratnapark,27.7063,85.3152
2025-07-05T06:00,21.4,98,21.1,864.8,3.8,188,Ratnapark,27.7063,85.3152
2025-07-05T07:00,22.6,92,21.2,865.9,5.0,283,Ratnapark,27.7063,85.3152
2025-07-05T08:00,23.9,83,20.8,866.0,3.8,311,Ratnapark,27.7063,85.3152
2025-07-05T09:00,25.2,75,20.5,866.7,6.3,342,Ratnapark,27.7063,85.3152
2025-07-05T10:00,26.3,70,20.5,866.8,4.0,309,Ratnapark,27.7063,85.3152
2025-07-05T11:00,26.5,69,20.3,866.9,2.2,265,Ratnapark,27.7063,85.3152
2025-07-05T12:00,26.4,72,21.0,866.2,4.2,216,Ratnapark,27.7063,85.3152
2025-07-05T13:00,24.6,79,20.7,865.5,6.1,230,Ratnapark,27.7063,85.3152
2025-07-05T14:00,24.1,83,21.1,864.3,4.5,277,Ratnapark,27.7063,85.3152
2025-07-05T15:00,24.4,81,20.9,863.8,3.9,286,Ratnapark,27.7063,85.3152
2025-07-05T16:00,24.1,83,21.0,863.5,4.3,318,Ratnapark,27.7063,85.3152
2025-07-05T17:00,23.8,85,21.1,863.7,2.0,280,Ratnapark,27.7063,85.3152
2025-07-05T18:00,22.4,91,20.8,864.3,2.3,270,Ratnapark,27.7063,85.3152
2025-07-05T19:00,22.1,93,20.9,865.1,2.5,180,Ratnapark,27.7063,85.3152
2025-07-05T20:00,22.1,95,21.3,865.8,2.3,209,Ratnapark,27.7063,85.3152
2025-07-05T21:00,21.8,97,21.3,866.2,2.8,225,Ratnapark,27.7063,85.3152
2025-07-05T22:00,21.5,98,21.2,866.7,3.4,227,Ratnapark,27.7063,85.3152
2025-07-05T23:00,21.3,99,21.2,866.4,2.7,238,Ratnapark,27.7063,85.3152
2025-07-06T00:00,21.1,99,20.9,865.5,4.1,214,Ratnapark,27.7063,85.3152
2025-07-06T01:00,20.6,98,20.3,864.5,4.6,198,Ratnapark,27.7063,85.3152
2025-07-06T02:00,20.1,100,20.1,863.6,3.6,183,Ratnapark,27.7063,85.3152
2025-07-06T03:00,19.7,100,19.7,863.2,3.2,164,Ratnapark,27.7063,85.3152
2025-07-06T04:00,19.6,100,19.6,863.4,1.4,180,Ratnapark,27.7063,85.3152
2025-07-06T05:00,19.9,99,19.8,864.3,0.9,180,Ratnapark,27.7063,85.3152
2025-07-06T06:00,20.9,97,20.4,864.4,2.4,167,Ratnapark,27.7063,85.3152
2025-07-06T07:00,23.0,84,20.1,866.1,3.1,28,Ratnapark,27.7063,85.3152
2025-07-06T08:00,24.2,77,19.8,866.4,2.8,11,Ratnapark,27.7063,85.3152
2025-07-06T09:00,25.8,69,19.7,866.9,3.1,10,Ratnapark,27.7063,85.3152
2025-07-06T10:00,27.1,65,19.9,867.2,1.9,29,Ratnapark,27.7063,85.3152
2025-07-06T11:00,27.1,64,19.8,866.7,4.3,197,Ratnapark,27.7063,85.3152
2025-07-06T12:00,26.5,66,19.8,866.4,4.9,216,Ratnapark,27.7063,85.3152
2025-07-06T13:00,26.9,68,20.6,865.5,3.4,252,Ratnapark,27.7063,85.3152
2025-07-06T14:00,26.5,71,20.7,864.9,6.0,279,Ratnapark,27.7063,85.3152
2025-07-06T15:00,24.8,77,20.4,864.1,5.6,318,Ratnapark,27.7063,85.3152
2025-07-06T16:00,24.0,84,21.1,863.6,4.5,313,Ratnapark,27.7063,85.3152
2025-07-06T17:00,24.0,85,21.2,863.9,4.1,299,Ratnapark,27.7063,85.3152
2025-07-06T18:00,22.9,88,20.8,864.5,2.2,360,Ratnapark,27.7063,85.3152
2025-07-06T19:00,22.5,92,21.2,865.2,1.0,149,Ratnapark,27.7063,85.3152
2025-07-06T20:00,22.2,93,21.0,865.8,3.3,186,Ratnapark,27.7063,85.3152
2025-07-06T21:00,21.7,96,21.1,866.4,2.5,90,Ratnapark,27.7063,85.3152
2025-07-06T22:00,20.8,100,20.8,867.0,5.3,108,Ratnapark,27.7063,85.3152
2025-07-06T23:00,20.6,99,20.4,866.7,1.6,117,Ratnapark,27.7063,85.3152
2025-07-07T00:00,20.3,100,20.3,865.9,4.1,180,Ratnapark,27.7063,85.3152
2025-07-07T01:00,20.2,98,19.9,864.7,5.1,170,Ratnapark,27.7063,85.3152
2025-07-07T02:00,19.9,98,19.5,864.1,4.5,178,Ratnapark,27.7063,85.3152
2025-07-07T03:00,19.5,99,19.3,863.9,4.3,213,Ratnapark,27.7063,85.3152
2025-07-07T04:00,19.2,99,19.1,863.9,2.8,195,Ratnapark,27.7063,85.3152
2025-07-07T05:00,19.2,100,19.2,864.0,2.9,184,Ratnapark,27.7063,85.3152
2025-07-07T06:00,21.8,96,21.1,865.0,2.2,204,Ratnapark,27.7063,85.3152
2025-07-07T07:00,23.2,89,21.2,866.2,3.1,280,Ratnapark,27.7063,85.3152
2025-07-07T08:00,24.1,81,20.6,866.7,6.0,299,Ratnapark,27.7063,85.3152
2025-07-07T09:00,24.9,75,20.1,867.0,8.1,307,Ratnapark,27.7063,85.3152
2025-07-07T10:00,26.2,68,19.9,867.2,9.1,306,Ratnapark,27.7063,85.3152
2025-07-07T11:00,27.1,64,19.8,866.6,8.8,293,Ratnapark,27.7063,85.3152
2025-07-07T12:00,27.4,60,18.9,866.1,9.5,284,Ratnapark,27.7063,85.3152
2025-07-07T13:00,26.3,67,19.8,865.3,9.9,289,Ratnapark,27.7063,85.3152
2025-07-07T14:00,25.6,71,20.0,864.9,7.3,308,Ratnapark,27.7063,85.3152
2025-07-07T15:00,25.1,75,20.5,864.4,8.9,315,Ratnapark,27.7063,85.3152
2025-07-07T16:00,24.3,81,20.9,864.0,6.4,324,Ratnapark,27.7063,85.3152
2025-07-07T17:00,24.2,82,20.9,863.9,2.5,339,Ratnapark,27.7063,85.3152
2025-07-07T18:00,24.2,84,21.3,864.2,4.4,279,Ratnapark,27.7063,85.3152
2025-07-07T19:00,23.1,91,21.5,864.9,2.8,230,Ratnapark,27.7063,85.3152
2025-07-07T20:00,22.3,95,21.5,865.2,2.2,215,Ratnapark,27.7063,85.3152
2025-07-07T21:00,21.9,97,21.3,865.9,1.4,203,Ratnapark,27.7063,85.3152
2025-07-07T22:00,21.6,97,21.1,866.3,1.8,191,Ratnapark,27.7063,85.3152
2025-07-07T23:00,21.3,98,21.0,866.0,2.2,194,Ratnapark,27.7063,85.3152
2025-07-08T00:00,21.1,99,20.9,865.7,4.9,246,Ratnapark,27.7063,85.3152
2025-07-08T01:00,20.9,98,20.7,865.5,5.2,282,Ratnapark,27.7063,85.3152
2025-07-08T02:00,20.8,98,20.5,864.7,3.6,279,Ratnapark,27.7063,85.3152
2025-07-08T03:00,20.2,100,20.2,863.9,4.0,219,Ratnapark,27.7063,85.3152
2025-07-08T04:00,20.0,100,19.9,864.0,4.4,232,Ratnapark,27.7063,85.3152
2025-07-08T05:00,20.0,100,20.0,864.4,1.9,202,Ratnapark,27.7063,85.3152
2025-07-08T06:00,22.1,93,21.0,865.1,2.1,285,Ratnapark,27.7063,85.3152
2025-07-08T07:00,23.6,83,20.5,866.1,4.9,287,Ratnapark,27.7063,85.3152
2025-07-08T08:00,24.6,77,20.4,866.6,8.7,292,Ratnapark,27.7063,85.3152
2025-07-08T09:00,25.5,75,20.7,867.0,10.1,297,Ratnapark,27.7063,85.3152
2025-07-08T10:00,26.2,70,20.3,867.2,9.5,297,Ratnapark,27.7063,85.3152
2025-07-08T11:00,25.8,71,20.2,866.7,7.6,292,Ratnapark,27.7063,85.3152
2025-07-08T12:00,25.5,73,20.2,866.4,5.3,315,Ratnapark,27.7063,85.3152
2025-07-08T13:00,24.9,79,21.0,865.7,4.1,347,Ratnapark,27.7063,85.3152
2025-07-08T14:00,25.4,76,20.9,865.0,3.3,315,Ratnapark,27.7063,85.3152
2025-07-08T15:00,24.8,75,20.1,864.4,3.7,284,Ratnapark,27.7063,85.3152
2025-07-08T16:00,23.1,86,20.6,864.0,3.6,333,Ratnapark,27.7063,85.3152
2025-07-08T17:00,23.2,87,20.9,864.3,3.1,336,Ratnapark,27.7063,85.3152
2025-07-08T18:00,23.0,88,20.9,865.3,2.2,5,Ratnapark,27.7063,85.3152
2025-07-08T19:00,22.3,92,20.9,865.9,1.5,150,Ratnapark,27.7063,85.3152
2025-07-08T20:00,21.2,99,21.0,866.4,3.8,121,Ratnapark,27.7063,85.3152
2025-07-08T21:00,21.0,99,20.9,867.2,5.6,90,Ratnapark,27.7063,85.3152
2025-07-08T22:00,20.9,100,20.9,867.5,4.1,88,Ratnapark,27.7063,85.3152
2025-07-08T23:00,20.9,99,20.7,867.4,4.2,115,Ratnapark,27.7063,85.3152
2025-07-09T00:00,20.6,99,20.4,866.6,3.5,118,Ratnapark,27.7063,85.3152
2025-07-09T01:00,20.7,99,20.6,865.5,3.6,153,Ratnapark,27.7063,85.3152
2025-07-09T02:00,20.4,100,20.3,865.0,2.7,184,Ratnapark,27.7063,85.3152
2025-07-09T03:00,20.0,100,19.9,865.2,2.5,291,Ratnapark,27.7063,85.3152
2025-07-09T04:00,20.3,98,20.0,865.8,4.1,257,Ratnapark,27.7063,85.3152
2025-07-09T05:00,20.5,98,20.2,866.3,4.2,290,Ratnapark,27.7063,85.3152
2025-07-09T06:00,21.2,98,20.9,866.6,4.0,280,Ratnapark,27.7063,85.3152
2025-07-09T07:00,20.9,98,20.6,867.7,4.0,306,Ratnapark,27.7063,85.3152
2025-07-09T08:00,21.0,98,20.6,867.6,0.9,37,Ratnapark,27.7063,85.3152
2025-07-09T09:00,22.6,89,20.6,868.4,0.0,270,Ratnapark,27.7063,85.3152
2025-07-09T10:00,23.8,84,20.9,868.4,4.0,297,Ratnapark,27.7063,85.3152
2025-07-09T11:00,25.4,76,20.9,868.3,4.1,315,Ratnapark,27.7063,85.3152
2025-07-09T12:00,25.2,77,20.9,867.4,4.6,315,Ratnapark,27.7063,85.3152
2025-07-09T13:00,25.1,78,20.9,866.7,3.6,288,Ratnapark,27.7063,85.3152
2025-07-09T14:00,25.3,75,20.5,865.9,2.4,283,Ratnapark,27.7063,85.3152
2025-07-09T15:00,23.4,84,20.6,865.0,2.5,330,Ratnapark,27.7063,85.3152
2025-07-09T16:00,23.0,87,20.7,865.0,1.5,300,Ratnapark,27.7063,85.3152
2025-07-09T17:00,22.7,88,20.6,865.4,3.4,270,Ratnapark,27.7063,85.3152
2025-07-09T18:00,22.1,92,20.7,866.5,2.3,309,Ratnapark,27.7063,85.3152
2025-07-09T19:00,21.4,94,20.4,867.1,4.0,273,Ratnapark,27.7063,85.3152
2025-07-09T20:00,21.2,97,20.7,867.5,2.0,260,Ratnapark,27.7063,85.3152
2025-07-09T21:00,20.9,98,20.5,868.3,3.2,254,Ratnapark,27.7063,85.3152
2025-07-09T22:00,21.0,98,20.7,868.6,3.9,292,Ratnapark,27.7063,85.3152
2025-07-09T23:00,20.6,99,20.5,868.5,5.4,300,Ratnapark,27.7063,85.3152
2025-07-10T00:00,20.2,100,20.2,868.2,3.2,322,Ratnapark,27.7063,85.3152
2025-07-10T01:00,19.9,99,19.7,867.7,1.5,216,Ratnapark,27.7063,85.3152
2025-07-10T02:00,19.7,98,19.4,867.1,3.4,245,Ratnapark,27.7063,85.3152
2025-07-10T03:00,19.4,100,19.4,866.4,5.3,278,Ratnapark,27.7063,85.3152
2025-07-10T04:00,19.3,100,19.3,866.2,5.0,251,Ratnapark,27.7063,85.3152
2025-07-10T05:00,19.4,99,19.3,866.5,5.6,237,Ratnapark,27.7063,85.3152
2025-07-10T06:00,20.5,97,20.0,866.9,6.1,227,Ratnapark,27.7063,85.3152
2025-07-10T07:00,21.4,91,19.8,868.1,5.6,211,Ratnapark,27.7063,85.3152
2025-07-10T08:00,23.1,82,19.9,869.0,3.9,227,Ratnapark,27.7063,85.3152
2025-07-10T09:00,24.9,72,19.4,869.6,3.6,288,Ratnapark,27.7063,85.3152
2025-07-10T10:00,25.6,68,19.3,869.6,6.8,287,Ratnapark,27.7063,85.3152
2025-07-10T11:00,25.9,70,19.9,869.2,7.3,301,Ratnapark,27.7063,85.3152
2025-07-10T12:00,26.4,63,18.7,868.9,7.4,270,Ratnapark,27.7063,85.3152
2025-07-10T13:00,26.9,65,19.7,868.0,5.9,282,Ratnapark,27.7063,85.3152
2025-07-10T14:00,25.5,71,19.7,866.8,4.4,249,Ratnapark,27.7063,85.3152
2025-07-10T15:00,26.1,67,19.6,866.0,5.0,272,Ratnapark,27.7063,85.3152
2025-07-10T16:00,25.3,73,20.0,865.8,8.0,316,Ratnapark,27.7063,85.3152
2025-07-10T17:00,23.6,84,20.8,865.9,8.3,314,Ratnapark,27.7063,85.3152
2025-07-10T18:00,22.9,88,20.8,867.3,3.1,291,Ratnapark,27.7063,85.3152
2025-07-10T19:00,22.8,91,21.2,868.1,0.9,281,Ratnapark,27.7063,85.3152
2025-07-10T20:00,22.2,94,21.1,868.4,2.8,230,Ratnapark,27.7063,85.3152
2025-07-10T21:00,21.7,96,21.1,868.7,3.2,267,Ratnapark,27.7063,85.3152
2025-07-10T22:00,21.2,96,20.6,868.7,2.7,222,Ratnapark,27.7063,85.3152
2025-07-10T23:00,21.1,98,20.7,868.6,2.7,247,Ratnapark,27.7063,85.3152
2025-07-11T00:00,20.9,97,20.4,868.2,3.5,249,Ratnapark,27.7063,85.3152
2025-07-11T01:00,20.6,98,20.3,867.6,2.1,255,Ratnapark,27.7063,85.3152
2025-07-11T02:00,20.4,98,20.1,866.9,0.7,194,Ratnapark,27.7063,85.3152
2025-07-11T03:00,20.3,98,20.0,866.4,2.7,176,Ratnapark,27.7063,85.3152
2025-07-11T04:00,20.1,98,19.8,866.1,4.3,202,Ratnapark,27.7063,85.3152
2025-07-11T05:00,20.0,98,19.8,866.6,3.7,219,Ratnapark,27.7063,85.3152
2025-07-11T06:00,21.3,96,20.6,867.0,3.5,171,Ratnapark,27.7063,85.3152
2025-07-11T07:00,22.8,88,20.7,868.0,1.5,194,Ratnapark,27.7063,85.3152
2025-07-11T08:00,24.2,82,20.9,868.4,0.9,360,Ratnapark,27.7063,85.3152
2025-07-11T09:00,25.8,76,21.1,869.1,0.6,214,Ratnapark,27.7063,85.3152
2025-07-11T10:00,27.6,66,20.7,869.1,1.9,214,Ratnapark,27.7063,85.3152
2025-07-11T11:00,24.9,78,20.8,868.8,7.0,228,Ratnapark,27.7063,85.3152
2025-07-11T12:00,24.5,80,20.9,868.5,6.3,307,Ratnapark,27.7063,85.3152
2025-07-11T13:00,24.3,79,20.5,867.7,6.5,14,Ratnapark,27.7063,85.3152
2025-07-11T14:00,24.7,84,21.9,866.8,2.8,333,Ratnapark,27.7063,85.3152
2025-07-11T15:00,25.4,78,21.4,866.0,5.2,301,Ratnapark,27.7063,85.3152
2025-07-11T16:00,25.1,79,21.2,865.6,5.6,312,Ratnapark,27.7063,85.3152
2025-07-11T17:00,23.1,86,20.6,866.1,2.7,247,Ratnapark,27.7063,85.3152
2025-07-11T18:00,22.8,87,20.6,867.4,1.4,203,Ratnapark,27.7063,85.3152
2025-07-11T19:00,21.5,96,20.8,867.6,5.6,151,Ratnapark,27.7063,85.3152
2025-07-11T20:00,21.3,97,20.8,867.8,3.0,155,Ratnapark,27.7063,85.3152
2025-07-11T21:00,20.9,99,20.7,867.8,3.3,144,Ratnapark,27.7063,85.3152
2025-07-11T22:00,20.6,99,20.5,867.8,6.4,164,Ratnapark,27.7063,85.3152
2025-07-11T23:00,20.2,100,20.1,867.5,5.8,166,Ratnapark,27.7063,85.3152
2025-07-12T00:00,19.9,100,19.8,867.2,5.6,165,Ratnapark,27.7063,85.3152
2025-07-12T01:00,19.7,99,19.6,866.9,5.2,174,Ratnapark,27.7063,85.3152
2025-07-12T02:00,19.4,100,19.4,866.1,3.9,167,Ratnapark,27.7063,85.3152
2025-07-12T03:00,19.3,100,19.3,865.4,5.8,166,Ratnapark,27.7063,85.3152
2025-07-12T04:00,19.3,100,19.3,865.5,5.6,155,Ratnapark,27.7063,85.3152
2025-07-12T05:00,19.4,100,19.4,866.2,5.5,169,Ratnapark,27.7063,85.3152
2025-07-12T06:00,21.7,98,21.3,867.8,4.6,154,Ratnapark,27.7063,85.3152
2025-07-12T07:00,23.6,86,21.2,868.7,3.6,99,Ratnapark,27.7063,85.3152
2025-07-12T08:00,25.0,78,20.9,869.2,1.9,124,Ratnapark,27.7063,85.3152
2025-07-12T09:00,26.6,73,21.4,869.7,1.8,259,Ratnapark,27.7063,85.3152
2025-07-12T10:00,27.2,71,21.5,869.9,3.2,308,Ratnapark,27.7063,85.3152
2025-07-12T11:00,26.6,73,21.3,869.7,8.1,335,Ratnapark,27.7063,85.3152
2025-07-12T12:00,25.1,79,21.3,868.8,4.9,280,Ratnapark,27.7063,85.3152
2025-07-12T13:00,23.7,87,21.5,868.6,3.4,264,Ratnapark,27.7063,85.3152
2025-07-12T14:00,24.1,85,21.4,867.6,2.0,100,Ratnapark,27.7063,85.3152
2025-07-12T15:00,25.2,78,21.1,866.8,2.2,55,Ratnapark,27.7063,85.3152
2025-07-12T16:00,25.4,77,21.0,866.2,2.8,18,Ratnapark,27.7063,85.3152
2025-07-12T17:00,25.4,77,21.1,866.2,2.7,48,Ratnapark,27.7063,85.3152
2025-07-12T18:00,24.1,87,21.8,867.8,1.1,108,Ratnapark,27.7063,85.3152
2025-07-12T19:00,23.1,92,21.8,868.0,1.3,180,Ratnapark,27.7063,85.3152
2025-07-12T20:00,22.3,97,21.7,868.3,4.2,175,Ratnapark,27.7063,85.3152
2025-07-12T21:00,21.7,99,21.5,868.5,5.8,171,Ratnapark,27.7063,85.3152
2025-07-12T22:00,21.5,98,21.1,869.1,6.5,167,Ratnapark,27.7063,85.3152
2025-07-12T23:00,21.5,97,21.0,869.0,5.5,169,Ratnapark,27.7063,85.3152
2025-07-13T00:00,21.1,97,20.6,868.4,4.7,173,Ratnapark,27.7063,85.3152
2025-07-13T01:00,20.8,97,20.3,867.6,4.2,170,Ratnapark,27.7063,85.3152
2025-07-13T02:00,20.4,97,20.0,867.2,4.6,171,Ratnapark,27.7063,85.3152
2025-07-13T03:00,20.2,98,19.8,867.5,4.4,161,Ratnapark,27.7063,85.3152
2025-07-13T04:00,20.1,97,19.7,867.3,2.8,165,Ratnapark,27.7063,85.3152
2025-07-13T05:00,20.4,96,19.7,867.4,2.0,180,Ratnapark,27.7063,85.3152
2025-07-13T06:00,22.3,94,21.3,868.8,2.2,204,Ratnapark,27.7063,85.3152
2025-07-13T07:00,23.9,83,20.8,870.1,1.3,304,Ratnapark,27.7063,85.3152
2025-07-13T08:00,25.4,76,20.9,870.7,1.3,262,Ratnapark,27.7063,85.3152
2025-07-13T09:00,26.9,71,21.2,870.7,1.8,294,Ratnapark,27.7063,85.3152
2025-07-13T10:00,27.9,69,21.7,870.5,2.1,301,Ratnapark,27.7063,85.3152
2025-07-13T11:00,28.9,65,21.7,870.0,2.2,294,Ratnapark,27.7063,85.3152
2025-07-13T12:00,25.6,77,21.2,869.4,9.4,258,Ratnapark,27.7063,85.3152
2025-07-13T13:00,23.8,90,22.0,868.6,7.2,354,Ratnapark,27.7063,85.3152
2025-07-13T14:00,23.4,91,21.8,868.1,5.5,38,Ratnapark,27.7063,85.3152
2025-07-13T15:00,23.6,88,21.4,867.1,2.3,61,Ratnapark,27.7063,85.3152
2025-07-13T16:00,24.3,82,21.0,866.6,1.9,29,Ratnapark,27.7063,85.3152
2025-07-13T17:00,24.3,80,20.7,867.1,1.9,112,Ratnapark,27.7063,85.3152
2025-07-13T18:00,23.4,89,21.5,868.2,3.1,114,Ratnapark,27.7063,85.3152
2025-07-13T19:00,22.6,92,21.3,868.8,7.1,159,Ratnapark,27.7063,85.3152
2025-07-13T20:00,22.1,93,20.9,869.2,5.8,154,Ratnapark,27.7063,85.3152
2025-07-13T21:00,21.7,98,21.3,869.6,4.1,151,Ratnapark,27.7063,85.3152
2025-07-13T22:00,21.5,98,21.2,869.8,3.3,167,Ratnapark,27.7063,85.3152
2025-07-13T23:00,21.3,98,21.1,869.3,5.2,160,Ratnapark,27.7063,85.3152
2025-07-14T00:00,21.2,98,20.9,868.3,4.7,162,Ratnapark,27.7063,85.3152
2025-07-14T01:00,21.0,99,20.9,867.9,4.8,135,Ratnapark,27.7063,85.3152
2025-07-14T02:00,20.9,98,20.7,867.8,4.3,152,Ratnapark,27.7063,85.3152
2025-07-14T03:00,20.7,99,20.6,867.3,1.8,169,Ratnapark,27.7063,85.3152
2025-07-14T04:00,20.7,97,20.3,867.2,3.8,169,Ratnapark,27.7063,85.3152
2025-07-14T05:00,20.6,97,20.2,867.2,3.2,164,Ratnapark,27.7063,85.3152
2025-07-14T06:00,20.7,97,20.3,867.2,3.8,172,Ratnapark,27.7063,85.3152
2025-07-14T07:00,22.2,91,20.7,867.8,4.9,144,Ratnapark,27.7063,85.3152
2025-07-14T08:00,24.0,84,21.0,868.9,4.8,115,Ratnapark,27.7063,85.3152
2025-07-14T09:00,25.9,74,21.0,869.8,2.5,94,Ratnapark,27.7063,85.3152
2025-07-14T10:00,27.4,68,20.9,870.0,1.8,323,Ratnapark,27.7063,85.3152
2025-07-14T11:00,27.0,70,21.1,869.6,5.9,305,Ratnapark,27.7063,85.3152
2025-07-14T12:00,25.4,71,19.8,868.5,8.0,247,Ratnapark,27.7063,85.3152
2025-07-14T13:00,25.2,76,20.7,868.5,3.7,231,Ratnapark,27.7063,85.3152
2025-07-14T14:00,25.6,73,20.5,867.5,4.7,342,Ratnapark,27.7063,85.3152
2025-07-14T15:00,24.9,78,20.9,866.5,4.2,340,Ratnapark,27.7063,85.3152
2025-07-14T16:00,23.8,85,21.1,866.5,3.1,360,Ratnapark,27.7063,85.3152
2025-07-14T17:00,23.4,86,21.0,866.6,4.1,311,Ratnapark,27.7063,85.3152
2025-07-14T18:00,22.2,94,21.1,867.5,5.4,262,Ratnapark,27.7063,85.3152
2025-07-14T19:00,21.5,97,21.1,867.5,2.6,335,Ratnapark,27.7063,85.3152
2025-07-14T20:00,21.6,97,21.1,868.2,1.5,249,Ratnapark,27.7063,85.3152
2025-07-14T21:00,21.3,97,20.8,868.8,3.6,229,Ratnapark,27.7063,85.3152
2025-07-14T22:00,21.4,97,20.9,868.8,1.9,202,Ratnapark,27.7063,85.3152
2025-07-14T23:00,21.3,98,20.9,868.5,2.7,157,Ratnapark,27.7063,85.3152
2025-07-15T00:00,21.0,98,20.7,868.0,5.8,292,Ratnapark,27.7063,85.3152
2025-07-15T01:00,20.7,98,20.3,867.3,3.6,276,Ratnapark,27.7063,85.3152
2025-07-15T02:00,20.5,98,20.2,866.7,2.7,290,Ratnapark,27.7063,85.3152
2025-07-15T03:00,20.1,98,19.8,866.1,3.2,232,Ratnapark,27.7063,85.3152
2025-07-15T04:00,19.9,98,19.6,865.6,4.6,225,Ratnapark,27.7063,85.3152
2025-07-15T05:00,20.1,96,19.5,866.4,3.6,264,Ratnapark,27.7063,85.3152
2025-07-15T06:00,20.9,94,19.9,866.7,3.1,246,Ratnapark,27.7063,85.3152
2025-07-15T07:00,21.0,93,19.9,867.1,5.2,264,Ratnapark,27.7063,85.3152
2025-07-15T08:00,22.9,83,20.0,867.6,4.2,275,Ratnapark,27.7063,85.3152
2025-07-15T09:00,25.1,73,20.0,867.9,5.2,292,Ratnapark,27.7063,85.3152
2025-07-15T10:00,26.8,67,20.1,868.1,6.5,294,Ratnapark,27.7063,85.3152
2025-07-15T11:00,27.4,67,20.8,867.7,8.1,274,Ratnapark,27.7063,85.3152
2025-07-15T12:00,25.5,77,21.1,867.1,6.0,261,Ratnapark,27.7063,85.3152
2025-07-15T13:00,26.0,77,21.5,867.0,0.9,307,Ratnapark,27.7063,85.3152
2025-07-15T14:00,23.6,83,20.6,865.7,2.3,135,Ratnapark,27.7063,85.3152
2025-07-15T15:00,24.0,82,20.8,864.8,2.1,200,Ratnapark,27.7063,85.3152
2025-07-15T16:00,25.0,75,20.3,864.4,3.0,308,Ratnapark,27.7063,85.3152
2025-07-15T17:00,24.8,76,20.3,864.9,3.8,301,Ratnapark,27.7063,85.3152
2025-07-15T18:00,22.0,94,21.0,866.5,2.4,103,Ratnapark,27.7063,85.3152
2025-07-15T19:00,21.6,96,20.9,867.1,5.0,145,Ratnapark,27.7063,85.3152
2025-07-15T20:00,21.3,95,20.4,867.7,4.3,158,Ratnapark,27.7063,85.3152
2025-07-15T21:00,21.0,95,20.2,867.5,4.0,177,Ratnapark,27.7063,85.3152
2025-07-15T22:00,20.8,95,20.0,867.7,4.5,182,Ratnapark,27.7063,85.3152
2025-07-15T23:00,20.5,96,19.9,867.2,4.7,178,Ratnapark,27.7063,85.3152
2025-07-16T00:00,19.9,99,19.8,866.7,2.3,180,Ratnapark,27.7063,85.3152
2025-07-16T01:00,19.7,99,19.5,866.3,3.6,180,Ratnapark,27.7063,85.3152
2025-07-16T02:00,19.7,98,19.3,865.8,2.4,167,Ratnapark,27.7063,85.3152
2025-07-16T03:00,19.7,98,19.4,865.7,2.3,176,Ratnapark,27.7063,85.3152
2025-07-16T04:00,19.6,98,19.3,865.5,2.2,175,Ratnapark,27.7063,85.3152
2025-07-16T05:00,19.4,99,19.2,865.1,4.7,173,Ratnapark,27.7063,85.3152
2025-07-16T06:00,21.4,97,20.9,866.9,3.6,127,Ratnapark,27.7063,85.3152
2025-07-16T07:00,23.1,89,21.1,867.8,3.1,114,Ratnapark,27.7063,85.3152
2025-07-16T08:00,24.7,79,20.9,868.4,4.0,90,Ratnapark,27.7063,85.3152
2025-07-16T09:00,25.6,71,20.0,868.6,4.9,84,Ratnapark,27.7063,85.3152
2025-07-16T10:00,27.6,61,19.4,868.6,5.4,110,Ratnapark,27.7063,85.3152
2025-07-16T11:00,25.9,72,20.4,868.6,11.3,163,Ratnapark,27.7063,85.3152
2025-07-16T12:00,25.0,79,21.1,868.1,5.7,127,Ratnapark,27.7063,85.3152
2025-07-16T13:00,23.9,80,20.2,867.6,8.1,73,Ratnapark,27.7063,85.3152
2025-07-16T14:00,24.8,81,21.4,867.0,5.9,79,Ratnapark,27.7063,85.3152
2025-07-16T15:00,25.4,73,20.3,866.2,8.7,117,Ratnapark,27.7063,85.3152
2025-07-16T16:00,25.4,71,19.8,866.2,7.7,123,Ratnapark,27.7063,85.3152
2025-07-16T17:00,24.3,76,19.9,866.6,5.0,125,Ratnapark,27.7063,85.3152
2025-07-16T18:00,23.1,84,20.2,867.6,5.6,112,Ratnapark,27.7063,85.3152
2025-07-16T19:00,22.2,89,20.4,868.4,3.5,152,Ratnapark,27.7063,85.3152
2025-07-16T20:00,21.5,94,20.4,869.0,3.5,168,Ratnapark,27.7063,85.3152
2025-07-16T21:00,21.3,95,20.5,869.2,4.6,135,Ratnapark,27.7063,85.3152
2025-07-16T22:00,21.1,96,20.5,869.6,5.1,144,Ratnapark,27.7063,85.3152
2025-07-16T23:00,20.8,97,20.3,869.3,6.1,140,Ratnapark,27.7063,85.3152
2025-07-17T00:00,20.5,98,20.2,868.8,5.6,135,Ratnapark,27.7063,85.3152
2025-07-17T01:00,20.1,100,20.1,868.4,6.4,144,Ratnapark,27.7063,85.3152
2025-07-17T02:00,20.2,99,20.0,868.5,6.5,132,Ratnapark,27.7063,85.3152
2025-07-17T03:00,19.9,99,19.8,868.1,7.2,129,Ratnapark,27.7063,85.3152
2025-07-17T04:00,19.8,99,19.6,868.3,6.5,141,Ratnapark,27.7063,85.3152
2025-07-17T05:00,19.9,98,19.5,868.8,6.8,138,Ratnapark,27.7063,85.3152
2025-07-17T06:00,21.0,95,20.2,869.7,4.9,141,Ratnapark,27.7063,85.3152
2025-07-17T07:00,22.7,87,20.4,870.9,5.2,139,Ratnapark,27.7063,85.3152
2025-07-17T08:00,24.0,80,20.4,871.2,7.2,104,Ratnapark,27.7063,85.3152
2025-07-17T09:00,25.0,75,20.2,871.8,8.5,108,Ratnapark,27.7063,85.3152
2025-07-17T10:00,25.8,72,20.3,871.5,9.6,113,Ratnapark,27.7063,85.3152
2025-07-17T11:00,26.9,68,20.5,871.2,9.5,117,Ratnapark,27.7063,85.3152
2025-07-17T12:00,27.9,64,20.5,870.7,8.6,119,Ratnapark,27.7063,85.3152
2025-07-17T13:00,27.3,65,20.1,869.9,1.9,131,Ratnapark,27.7063,85.3152
2025-07-17T14:00,25.0,76,20.4,869.4,3.5,291,Ratnapark,27.7063,85.3152
2025-07-17T15:00,24.4,78,20.2,868.5,1.5,291,Ratnapark,27.7063,85.3152
2025-07-17T16:00,24.7,77,20.5,868.3,3.1,324,Ratnapark,27.7063,85.3152
2025-07-17T17:00,23.9,84,21.0,868.2,4.2,320,Ratnapark,27.7063,85.3152
2025-07-17T18:00,22.2,94,21.2,869.3,0.5,135,Ratnapark,27.7063,85.3152
2025-07-17T19:00,21.8,97,21.3,869.6,4.2,185,Ratnapark,27.7063,85.3152
2025-07-17T20:00,21.4,98,21.2,870.0,3.6,180,Ratnapark,27.7063,85.3152
2025-07-17T21:00,21.3,98,21.0,870.3,3.1,170,Ratnapark,27.7063,85.3152
2025-07-17T22:00,21.1,98,20.8,870.3,4.0,172,Ratnapark,27.7063,85.3152
2025-07-17T23:00,20.7,99,20.6,869.8,4.5,164,Ratnapark,27.7063,85.3152
2025-07-18T00:00,20.3,99,20.1,869.0,3.8,163,Ratnapark,27.7063,85.3152
2025-07-18T01:00,19.7,100,19.7,868.4,4.5,164,Ratnapark,27.7063,85.3152
2025-07-18T02:00,19.2,100,19.2,868.1,3.8,161,Ratnapark,27.7063,85.3152
2025-07-18T03:00,18.8,100,18.8,868.0,2.4,167,Ratnapark,27.7063,85.3152
2025-07-18T04:00,18.5,100,18.5,867.7,3.1,159,Ratnapark,27.7063,85.3152
2025-07-18T05:00,18.5,100,18.5,867.9,3.6,160,Ratnapark,27.7063,85.3152
2025-07-18T06:00,21.0,98,20.8,869.4,4.1,182,Ratnapark,27.7063,85.3152
2025-07-18T07:00,23.2,90,21.4,870.6,2.7,293,Ratnapark,27.7063,85.3152
2025-07-18T08:00,24.6,82,21.3,871.0,1.5,315,Ratnapark,27.7063,85.3152
2025-07-18T09:00,26.1,74,21.0,871.1,2.8,297,Ratnapark,27.7063,85.3152
2025-07-18T10:00,27.3,68,20.9,870.8,5.8,296,Ratnapark,27.7063,85.3152
2025-07-18T11:00,27.2,68,20.7,870.7,6.7,290,Ratnapark,27.7063,85.3152
2025-07-18T12:00,27.3,66,20.4,870.0,7.3,287,Ratnapark,27.7063,85.3152
2025-07-18T13:00,26.3,73,21.2,869.1,6.4,286,Ratnapark,27.7063,85.3152
2025-07-18T14:00,26.8,68,20.5,868.6,8.3,271,Ratnapark,27.7063,85.3152
2025-07-18T15:00,25.9,75,21.1,867.9,5.7,298,Ratnapark,27.7063,85.3152
2025-07-18T16:00,25.3,80,21.5,867.0,6.5,312,Ratnapark,27.7063,85.3152
2025-07-18T17:00,24.9,84,21.9,866.8,6.7,301,Ratnapark,27.7063,85.3152
2025-07-18T18:00,23.7,89,21.8,867.0,3.5,309,Ratnapark,27.7063,85.3152
2025-07-18T19:00,22.9,96,22.1,867.6,1.3,225,Ratnapark,27.7063,85.3152
2025-07-18T20:00,22.3,98,22.0,867.8,1.6,207,Ratnapark,27.7063,85.3152
2025-07-18T21:00,21.9,100,21.9,868.2,3.2,218,Ratnapark,27.7063,85.3152
2025-07-18T22:00,21.7,100,21.7,868.0,3.9,204,Ratnapark,27.7063,85.3152
2025-07-18T23:00,21.5,100,21.5,867.4,3.2,199,Ratnapark,27.7063,85.3152
2025-07-19T00:00,21.4,100,21.3,866.9,3.7,194,Ratnapark,27.7063,85.3152
2025-07-19T01:00,21.2,99,21.1,866.5,5.4,184,Ratnapark,27.7063,85.3152
2025-07-19T02:00,20.9,100,20.9,866.3,3.9,164,Ratnapark,27.7063,85.3152
2025-07-19T03:00,20.8,99,20.6,865.8,4.7,176,Ratnapark,27.7063,85.3152
2025-07-19T04:00,20.4,99,20.3,865.3,4.3,182,Ratnapark,27.7063,85.3152
2025-07-19T05:00,20.3,99,20.1,865.3,3.6,174,Ratnapark,27.7063,85.3152
2025-07-19T06:00,22.6,96,22.0,866.4,1.1,189,Ratnapark,27.7063,85.3152
2025-07-19T07:00,24.1,86,21.7,867.0,4.1,285,Ratnapark,27.7063,85.3152
2025-07-19T08:00,25.4,79,21.6,867.0,6.0,291,Ratnapark,27.7063,85.3152
2025-07-19T09:00,26.5,73,21.3,867.2,7.4,296,Ratnapark,27.7063,85.3152
2025-07-19T10:00,27.7,67,21.0,867.2,7.5,305,Ratnapark,27.7063,85.3152
2025-07-19T11:00,28.5,64,21.0,866.9,8.4,307,Ratnapark,27.7063,85.3152
2025-07-19T12:00,28.2,66,21.4,866.2,9.7,297,Ratnapark,27.7063,85.3152
2025-07-19T13:00,28.2,70,22.1,865.5,8.9,291,Ratnapark,27.7063,85.3152
2025-07-19T14:00,27.7,71,22.0,864.5,8.0,284,Ratnapark,27.7063,85.3152
2025-07-19T15:00,27.3,72,21.8,863.8,8.9,283,Ratnapark,27.7063,85.3152
2025-07-19T16:00,26.1,77,21.8,863.3,9.1,279,Ratnapark,27.7063,85.3152
2025-07-19T17:00,24.3,86,21.7,863.7,6.1,304,Ratnapark,27.7063,85.3152
2025-07-19T18:00,24.1,88,22.0,864.0,5.5,293,Ratnapark,27.7063,85.3152
2025-07-19T19:00,23.8,91,22.3,864.9,3.6,319,Ratnapark,27.7063,85.3152
2025-07-19T20:00,23.3,94,22.2,865.6,1.9,343,Ratnapark,27.7063,85.3152
2025-07-19T21:00,22.9,96,22.2,865.6,0.6,198,Ratnapark,27.7063,85.3152
2025-07-19T22:00,22.6,98,22.4,865.8,2.3,209,Ratnapark,27.7063,85.3152
2025-07-19T23:00,22.2,100,22.2,865.5,2.2,175,Ratnapark,27.7063,85.3152
2025-07-20T00:00,22.1,100,22.1,865.0,2.5,172,Ratnapark,27.7063,85.3152
2025-07-20T01:00,22.0,100,22.0,864.5,2.1,200,Ratnapark,27.7063,85.3152
2025-07-20T02:00,22.0,100,22.0,864.1,2.0,207,Ratnapark,27.7063,85.3152
2025-07-20T03:00,22.0,96,21.3,864.0,3.5,219,Ratnapark,27.7063,85.3152
2025-07-20T04:00,21.8,100,21.8,863.9,3.7,215,Ratnapark,27.7063,85.3152
2025-07-20T05:00,21.7,100,21.7,864.7,2.4,167,Ratnapark,27.7063,85.3152
2025-07-20T06:00,21.6,90,20.0,865.9,2.8,225,Ratnapark,27.7063,85.3152
2025-07-20T07:00,21.6,91,20.1,866.3,1.4,230,Ratnapark,27.7063,85.3152
2025-07-20T08:00,22.5,90,20.8,867.2,2.4,287,Ratnapark,27.7063,85.3152
2025-07-20T09:00,22.6,88,20.5,867.4,2.4,234,Ratnapark,27.7063,85.3152
2025-07-20T10:00,24.0,81,20.6,867.8,1.7,283,Ratnapark,27.7063,85.3152
2025-07-20T11:00,25.7,74,20.7,867.9,3.7,317,Ratnapark,27.7063,85.3152
2025-07-20T12:00,25.8,72,20.3,867.3,6.6,325,Ratnapark,27.7063,85.3152
2025-07-20T13:00,24.5,80,20.9,866.6,5.9,340,Ratnapark,27.7063,85.3152
2025-07-20T14:00,24.2,81,20.7,865.7,4.7,332,Ratnapark,27.7063,85.3152
2025-07-20T15:00,24.9,72,19.6,865.0,6.2,311,Ratnapark,27.7063,85.3152
2025-07-20T16:00,24.5,73,19.2,864.5,4.6,315,Ratnapark,27.7063,85.3152
2025-07-20T17:00,23.6,76,19.1,864.5,4.5,323,Ratnapark,27.7063,85.3152
2025-07-20T18:00,22.8,86,20.4,865.1,3.1,3,Ratnapark,27.7063,85.3152
2025-07-20T19:00,22.2,91,20.7,865.8,1.4,230,Ratnapark,27.7063,85.3152
2025-07-20T20:00,21.9,93,20.8,866.3,2.6,231,Ratnapark,27.7063,85.3152
2025-07-20T21:00,21.7,96,21.0,867.0,1.8,217,Ratnapark,27.7063,85.3152
2025-07-20T22:00,21.2,98,20.9,867.3,2.8,195,Ratnapark,27.7063,85.3152
2025-07-20T23:00,21.3,98,21.0,867.2,2.5,172,Ratnapark,27.7063,85.3152
2025-07-21T00:00,21.1,100,21.0,866.8,2.2,185,Ratnapark,27.7063,85.3152
2025-07-21T01:00,20.9,100,20.9,866.4,3.0,197,Ratnapark,27.7063,85.3152
2025-07-21T02:00,20.6,100,20.6,866.1,2.9,202,Ratnapark,27.7063,85.3152
2025-07-21T03:00,20.5,100,20.5,865.8,1.9,163,Ratnapark,27.7063,85.3152
2025-07-21T04:00,20.2,100,20.2,865.8,0.8,153,Ratnapark,27.7063,85.3152
2025-07-21T05:00,20.5,100,20.4,866.3,1.4,130,Ratnapark,27.7063,85.3152
2025-07-21T06:00,22.2,96,21.6,867.6,1.7,319,Ratnapark,27.7063,85.3152
2025-07-21T07:00,23.1,88,21.1,868.3,3.1,310,Ratnapark,27.7063,85.3152
2025-07-21T08:00,24.4,80,20.7,869.0,3.1,320,Ratnapark,27.7063,85.3152
2025-07-21T09:00,25.3,76,20.8,869.2,3.1,315,Ratnapark,27.7063,85.3152
2025-07-21T10:00,25.7,76,21.1,869.4,2.8,349,Ratnapark,27.7063,85.3152
2025-07-21T11:00,26.7,74,21.6,869.0,2.0,350,Ratnapark,27.7063,85.3152
2025-07-21T12:00,26.9,72,21.5,868.2,4.7,310,Ratnapark,27.7063,85.3152
2025-07-21T13:00,26.9,71,21.2,866.9,5.8,321,Ratnapark,27.7063,85.3152
2025-07-21T14:00,26.2,75,21.3,866.0,9.1,300,Ratnapark,27.7063,85.3152
2025-07-21T15:00,26.4,74,21.4,865.2,7.8,296,Ratnapark,27.7063,85.3152
2025-07-21T16:00,26.1,74,21.0,865.1,6.5,289,Ratnapark,27.7063,85.3152
2025-07-21T17:00,25.6,76,21.0,865.0,4.2,301,Ratnapark,27.7063,85.3152
2025-07-21T18:00,23.8,87,21.5,866.2,2.2,336,Ratnapark,27.7063,85.3152
2025-07-21T19:00,22.9,93,21.7,866.7,0.5,180,Ratnapark,27.7063,85.3152
2025-07-21T20:00,22.4,97,21.9,867.0,0.9,191,Ratnapark,27.7063,85.3152
2025-07-21T21:00,22.0,99,21.9,867.4,1.6,180,Ratnapark,27.7063,85.3152
2025-07-21T22:00,21.9,100,21.9,868.0,4.3,158,Ratnapark,27.7063,85.3152
2025-07-21T23:00,21.7,99,21.6,867.6,2.6,155,Ratnapark,27.7063,85.3152
2025-07-22T00:00,21.7,98,21.3,867.2,3.2,164,Ratnapark,27.7063,85.3152
2025-07-22T01:00,21.5,98,21.2,866.5,1.9,209,Ratnapark,27.7063,85.3152
2025-07-22T02:00,21.2,99,21.1,866.0,0.7,194,Ratnapark,27.7063,85.3152
2025-07-22T03:00,20.9,99,20.8,865.5,2.9,173,Ratnapark,27.7063,85.3152
2025-07-22T04:00,20.5,100,20.5,865.5,1.9,163,Ratnapark,27.7063,85.3152
2025-07-22T05:00,20.5,100,20.4,865.9,2.4,153,Ratnapark,27.7063,85.3152
2025-07-22T06:00,21.8,97,21.3,866.7,1.9,197,Ratnapark,27.7063,85.3152
2025-07-22T07:00,23.0,90,21.3,867.4,0.5,270,Ratnapark,27.7063,85.3152
2025-07-22T08:00,23.9,86,21.4,867.5,2.2,346,Ratnapark,27.7063,85.3152
2025-07-22T09:00,24.9,81,21.3,867.4,2.9,330,Ratnapark,27.7063,85.3152
2025-07-22T10:00,26.0,75,21.2,867.3,5.0,308,Ratnapark,27.7063,85.3152
2025-07-22T11:00,27.0,72,21.5,867.1,6.1,298,Ratnapark,27.7063,85.3152
2025-07-22T12:00,27.5,70,21.6,866.3,5.4,256,Ratnapark,27.7063,85.3152
2025-07-22T13:00,26.1,73,20.9,865.0,5.9,180,Ratnapark,27.7063,85.3152
2025-07-22T14:00,25.2,82,22.0,864.4,4.9,204,Ratnapark,27.7063,85.3152
2025-07-22T15:00,25.7,79,21.8,863.9,1.9,292,Ratnapark,27.7063,85.3152
2025-07-22T16:00,25.7,76,21.2,863.4,5.6,320,Ratnapark,27.7063,85.3152
2025-07-22T17:00,24.4,83,21.3,863.5,6.3,252,Ratnapark,27.7063,85.3152
2025-07-22T18:00,23.5,91,21.9,864.6,4.2,277,Ratnapark,27.7063,85.3152
2025-07-22T19:00,22.6,97,22.0,864.9,4.0,278,Ratnapark,27.7063,85.3152
2025-07-22T20:00,22.2,99,22.0,865.3,3.3,306,Ratnapark,27.7063,85.3152
2025-07-22T21:00,22.0,98,21.7,865.9,1.9,241,Ratnapark,27.7063,85.3152
2025-07-22T22:00,21.9,98,21.5,865.9,2.6,192,Ratnapark,27.7063,85.3152
2025-07-22T23:00,21.9,97,21.4,865.8,2.5,184,Ratnapark,27.7063,85.3152
2025-07-23T00:00,21.8,95,21.0,865.2,1.7,193,Ratnapark,27.7063,85.3152
2025-07-23T01:00,21.4,99,21.2,864.7,0.4,243,Ratnapark,27.7063,85.3152
2025-07-23T02:00,21.3,98,21.1,864.3,0.8,207,Ratnapark,27.7063,85.3152
2025-07-23T03:00,20.9,100,20.8,863.8,0.9,180,Ratnapark,27.7063,85.3152
2025-07-23T04:00,20.9,99,20.7,863.5,0.6,146,Ratnapark,27.7063,85.3152
2025-07-23T05:00,20.9,99,20.7,863.6,2.5,172,Ratnapark,27.7063,85.3152
2025-07-23T06:00,21.7,97,21.2,864.2,0.9,143,Ratnapark,27.7063,85.3152
2025-07-23T07:00,22.7,94,21.7,864.7,1.1,72,Ratnapark,27.7063,85.3152
2025-07-23T08:00,24.5,84,21.6,865.1,0.5,90,Ratnapark,27.7063,85.3152
2025-07-23T09:00,26.0,77,21.6,865.2,2.4,306,Ratnapark,27.7063,85.3152
2025-07-23T10:00,27.4,71,21.6,864.9,4.1,315,Ratnapark,27.7063,85.3152
2025-07-23T11:00,28.8,67,22.0,864.6,5.6,312,Ratnapark,27.7063,85.3152
2025-07-23T12:00,28.1,72,22.5,863.8,7.2,245,Ratnapark,27.7063,85.3152
2025-07-23T13:00,25.7,78,21.6,863.3,4.5,209,Ratnapark,27.7063,85.3152
2025-07-23T14:00,25.5,80,21.8,862.2,2.1,15,Ratnapark,27.7063,85.3152
2025-07-23T15:00,24.6,83,21.5,861.6,0.8,297,Ratnapark,27.7063,85.3152
2025-07-23T16:00,24.9,83,21.9,861.2,3.5,336,Ratnapark,27.7063,85.3152
2025-07-23T17:00,24.8,83,21.8,861.3,3.6,315,Ratnapark,27.7063,85.3152
2025-07-23T18:00,23.6,92,22.2,862.1,3.0,107,Ratnapark,27.7063,85.3152
2025-07-23T19:00,22.7,97,22.2,862.5,4.7,162,Ratnapark,27.7063,85.3152
2025-07-23T20:00,22.2,100,22.1,863.3,4.2,168,Ratnapark,27.7063,85.3152
2025-07-23T21:00,22.0,100,22.0,863.9,2.8,165,Ratnapark,27.7063,85.3152
2025-07-23T22:00,21.9,100,21.9,863.9,3.3,158,Ratnapark,27.7063,85.3152
2025-07-23T23:00,21.5,100,21.4,863.4,4.6,154,Ratnapark,27.7063,85.3152
2025-07-24T00:00,21.1,100,21.1,862.5,4.7,162,Ratnapark,27.7063,85.3152
2025-07-24T01:00,20.6,100,20.6,861.8,4.3,163,Ratnapark,27.7063,85.3152
2025-07-24T02:00,20.3,99,20.2,861.2,3.6,171,Ratnapark,27.7063,85.3152
2025-07-24T03:00,20.3,98,20.0,861.4,3.3,174,Ratnapark,27.7063,85.3152
2025-07-24T04:00,20.1,98,19.8,861.7,3.6,160,Ratnapark,27.7063,85.3152
2025-07-24T05:00,20.5,95,19.8,862.4,4.0,162,Ratnapark,27.7063,85.3152
2025-07-24T06:00,22.5,97,21.9,862.8,4.0,126,Ratnapark,27.7063,85.3152
2025-07-24T07:00,24.5,88,22.3,864.1,2.8,153,Ratnapark,27.7063,85.3152
2025-07-24T08:00,25.9,82,22.6,864.5,1.2,27,Ratnapark,27.7063,85.3152
2025-07-24T09:00,27.4,75,22.6,864.9,0.6,34,Ratnapark,27.7063,85.3152
2025-07-24T10:00,29.0,70,23.1,865.1,0.9,349,Ratnapark,27.7063,85.3152
2025-07-24T11:00,29.9,66,22.8,864.1,4.2,301,Ratnapark,27.7063,85.3152
2025-07-24T12:00,25.0,84,22.1,863.6,6.8,202,Ratnapark,27.7063,85.3152
2025-07-24T13:00,26.1,82,22.7,862.9,0.6,34,Ratnapark,27.7063,85.3152
2025-07-24T14:00,25.7,83,22.5,861.3,3.3,13,Ratnapark,27.7063,85.3152
2025-07-24T15:00,27.1,72,21.6,860.7,3.7,281,Ratnapark,27.7063,85.3152
2025-07-24T16:00,26.9,72,21.4,860.5,6.8,235,Ratnapark,27.7063,85.3152
2025-07-24T17:00,26.3,74,21.2,860.9,3.4,162,Ratnapark,27.7063,85.3152
2025-07-24T18:00,23.6,93,22.5,861.3,1.8,180,Ratnapark,27.7063,85.3152
2025-07-24T19:00,22.7,100,22.6,861.5,4.7,189,Ratnapark,27.7063,85.3152
2025-07-24T20:00,22.5,98,22.2,862.2,3.4,186,Ratnapark,27.7063,85.3152
2025-07-24T21:00,22.3,98,22.0,862.8,3.6,186,Ratnapark,27.7063,85.3152
2025-07-24T22:00,21.7,100,21.7,862.7,2.5,172,Ratnapark,27.7063,85.3152
2025-07-24T23:00,21.5,100,21.4,862.4,2.6,164,Ratnapark,27.7063,85.3152
2025-07-25T00:00,21.2,100,21.1,861.9,2.2,171,Ratnapark,27.7063,85.3152
2025-07-25T01:00,20.7,100,20.7,861.3,2.5,176,Ratnapark,27.7063,85.3152
2025-07-25T02:00,20.6,100,20.5,860.7,1.8,169,Ratnapark,27.7063,85.3152
2025-07-25T03:00,20.3,100,20.3,860.7,3.6,183,Ratnapark,27.7063,85.3152
2025-07-25T04:00,20.2,100,20.2,861.0,3.1,177,Ratnapark,27.7063,85.3152
2025-07-25T05:00,20.5,99,20.4,860.9,3.4,164,Ratnapark,27.7063,85.3152
2025-07-25T06:00,22.9,96,22.3,861.7,3.6,162,Ratnapark,27.7063,85.3152
2025-07-25T07:00,25.4,85,22.7,863.6,1.9,131,Ratnapark,27.7063,85.3152
2025-07-25T08:00,27.1,76,22.5,864.1,1.3,236,Ratnapark,27.7063,85.3152
2025-07-25T09:00,28.6,64,21.1,864.3,5.2,264,Ratnapark,27.7063,85.3152
2025-07-25T10:00,28.9,61,20.7,864.4,7.9,237,Ratnapark,27.7063,85.3152
2025-07-25T11:00,26.0,76,21.4,864.1,6.1,246,Ratnapark,27.7063,85.3152
2025-07-25T12:00,26.7,74,21.7,864.1,4.3,275,Ratnapark,27.7063,85.3152
2025-07-25T13:00,26.0,77,21.7,863.3,5.7,259,Ratnapark,27.7063,85.3152
2025-07-25T14:00,25.2,82,22.0,862.5,7.6,301,Ratnapark,27.7063,85.3152
2025-07-25T15:00,25.1,84,22.2,861.7,8.9,320,Ratnapark,27.7063,85.3152
2025-07-25T16:00,25.1,85,22.4,861.4,8.7,317,Ratnapark,27.7063,85.3152
2025-07-25T17:00,24.8,86,22.3,861.5,5.2,311,Ratnapark,27.7063,85.3152
2025-07-25T18:00,23.1,94,22.1,862.8,4.1,311,Ratnapark,27.7063,85.3152
2025-07-25T19:00,22.7,97,22.2,863.4,2.3,238,Ratnapark,27.7063,85.3152
2025-07-25T20:00,22.6,95,21.8,863.7,3.2,214,Ratnapark,27.7063,85.3152
2025-07-25T21:00,22.5,94,21.6,864.0,4.8,209,Ratnapark,27.7063,85.3152
2025-07-25T22:00,22.0,97,21.4,864.1,2.6,196,Ratnapark,27.7063,85.3152
2025-07-25T23:00,21.7,97,21.2,864.2,2.5,172,Ratnapark,27.7063,85.3152
2025-07-26T00:00,21.5,98,21.2,863.6,4.7,182,Ratnapark,27.7063,85.3152
2025-07-26T01:00,21.1,100,21.1,863.2,3.6,162,Ratnapark,27.7063,85.3152
2025-07-26T02:00,20.8,100,20.8,862.4,3.1,159,Ratnapark,27.7063,85.3152
2025-07-26T03:00,20.6,100,20.5,862.1,3.8,161,Ratnapark,27.7063,85.3152
2025-07-26T04:00,20.2,100,20.2,861.6,3.7,169,Ratnapark,27.7063,85.3152
2025-07-26T05:00,20.1,100,20.1,861.7,3.4,174,Ratnapark,27.7063,85.3152
2025-07-26T06:00,22.6,96,22.0,863.3,3.3,171,Ratnapark,27.7063,85.3152
2025-07-26T07:00,24.3,88,22.2,864.7,3.1,267,Ratnapark,27.7063,85.3152
2025-07-26T08:00,24.9,86,22.4,865.2,1.2,309,Ratnapark,27.7063,85.3152
2025-07-26T09:00,26.2,77,21.9,865.7,2.9,274,Ratnapark,27.7063,85.3152
2025-07-26T10:00,25.1,79,21.1,865.7,3.7,235,Ratnapark,27.7063,85.3152
2025-07-26T11:00,25.8,80,22.0,865.5,3.2,326,Ratnapark,27.7063,85.3152
2025-07-26T12:00,26.6,77,22.2,865.2,4.6,347,Ratnapark,27.7063,85.3152
2025-07-26T13:00,25.4,81,21.9,864.4,2.3,241,Ratnapark,27.7063,85.3152
2025-07-26T14:00,24.9,85,22.1,863.9,0.6,72,Ratnapark,27.7063,85.3152
2025-07-26T15:00,24.4,92,22.9,863.0,1.7,72,Ratnapark,27.7063,85.3152
2025-07-26T16:00,24.5,90,22.8,862.8,2.2,95,Ratnapark,27.7063,85.3152
2025-07-26T17:00,24.3,90,22.5,863.3,0.6,214,Ratnapark,27.7063,85.3152
2025-07-26T18:00,23.0,94,22.0,864.1,1.9,139,Ratnapark,27.7063,85.3152
2025-07-26T19:00,22.7,98,22.4,864.7,2.8,169,Ratnapark,27.7063,85.3152
2025-07-26T20:00,22.6,98,22.4,865.5,4.6,149,Ratnapark,27.7063,85.3152
2025-07-26T21:00,22.3,99,22.2,866.1,5.1,132,Ratnapark,27.7063,85.3152
2025-07-26T22:00,22.3,97,21.8,866.4,4.1,146,Ratnapark,27.7063,85.3152
2025-07-26T23:00,22.0,94,21.0,866.4,1.5,166,Ratnapark,27.7063,85.3152
2025-07-27T00:00,21.9,96,21.1,865.7,1.3,180,Ratnapark,27.7063,85.3152
2025-07-27T01:00,21.7,97,21.2,865.0,2.2,180,Ratnapark,27.7063,85.3152
2025-07-27T02:00,21.4,99,21.2,864.6,3.6,177,Ratnapark,27.7063,85.3152
2025-07-27T03:00,21.3,98,21.0,864.3,3.6,177,Ratnapark,27.7063,85.3152
2025-07-27T04:00,21.0,99,20.9,864.0,3.5,159,Ratnapark,27.7063,85.3152
2025-07-27T05:00,21.0,99,20.8,864.0,4.2,168,Ratnapark,27.7063,85.3152
2025-07-27T06:00,22.3,96,21.7,864.6,2.5,150,Ratnapark,27.7063,85.3152
2025-07-27T07:00,23.6,89,21.8,865.1,1.4,113,Ratnapark,27.7063,85.3152
2025-07-27T08:00,25.2,81,21.8,865.5,1.3,98,Ratnapark,27.7063,85.3152
2025-07-27T09:00,26.9,71,21.2,865.6,1.0,112,Ratnapark,27.7063,85.3152
2025-07-27T10:00,27.7,67,21.0,865.4,2.7,110,Ratnapark,27.7063,85.3152
2025-07-27T11:00,28.0,66,21.0,864.9,4.0,159,Ratnapark,27.7063,85.3152
2025-07-27T12:00,27.9,68,21.5,864.4,5.0,215,Ratnapark,27.7063,85.3152
2025-07-27T13:00,26.2,73,21.0,863.7,4.8,245,Ratnapark,27.7063,85.3152
2025-07-27T14:00,25.9,77,21.5,863.2,5.0,270,Ratnapark,27.7063,85.3152
2025-07-27T15:00,25.2,82,21.9,862.6,3.1,357,Ratnapark,27.7063,85.3152
2025-07-27T16:00,24.0,86,21.5,862.5,0.9,127,Ratnapark,27.7063,85.3152
2025-07-27T17:00,23.9,87,21.6,862.9,1.8,354,Ratnapark,27.7063,85.3152
2025-07-27T18:00,22.6,98,22.3,863.8,1.3,124,Ratnapark,27.7063,85.3152
2025-07-27T19:00,22.5,100,22.5,864.2,2.8,145,Ratnapark,27.7063,85.3152
2025-07-27T20:00,22.4,100,22.4,864.5,4.2,149,Ratnapark,27.7063,85.3152
2025-07-27T21:00,22.3,99,22.1,864.8,3.3,158,Ratnapark,27.7063,85.3152
2025-07-27T22:00,22.2,98,21.9,864.9,2.2,125,Ratnapark,27.7063,85.3152
2025-07-27T23:00,22.1,100,22.0,864.7,3.5,141,Ratnapark,27.7063,85.3152
2025-07-28T00:00,22.0,100,21.9,863.9,3.3,135,Ratnapark,27.7063,85.3152
2025-07-28T01:00,21.8,99,21.6,863.7,2.0,117,Ratnapark,27.7063,85.3152
2025-07-28T02:00,21.6,100,21.6,863.3,0.6,56,Ratnapark,27.7063,85.3152
2025-07-28T03:00,21.7,99,21.5,863.3,1.8,114,Ratnapark,27.7063,85.3152
2025-07-28T04:00,21.6,99,21.4,863.2,1.9,163,Ratnapark,27.7063,85.3152
2025-07-28T05:00,21.4,99,21.3,863.4,1.7,212,Ratnapark,27.7063,85.3152
2025-07-28T06:00,21.8,96,21.1,864.1,3.9,114,Ratnapark,27.7063,85.3152
2025-07-28T07:00,21.9,97,21.3,864.8,3.9,118,Ratnapark,27.7063,85.3152
2025-07-28T08:00,22.1,97,21.6,865.1,3.2,124,Ratnapark,27.7063,85.3152
2025-07-28T09:00,22.9,94,21.8,865.6,2.2,114,Ratnapark,27.7063,85.3152
2025-07-28T10:00,23.7,92,22.4,865.6,0.6,18,Ratnapark,27.7063,85.3152
2025-07-28T11:00,24.4,86,22.0,865.4,0.3,225,Ratnapark,27.7063,85.3152
2025-07-28T12:00,25.0,86,22.4,864.9,0.7,14,Ratnapark,27.7063,85.3152
2025-07-28T13:00,23.5,95,22.6,864.2,0.9,169,Ratnapark,27.7063,85.3152
2025-07-28T14:00,23.7,94,22.6,863.6,2.1,290,Ratnapark,27.7063,85.3152
2025-07-28T15:00,23.6,93,22.5,863.1,3.2,297,Ratnapark,27.7063,85.3152
2025-07-28T16:00,23.5,84,20.7,862.9,3.4,286,Ratnapark,27.7063,85.3152
2025-07-28T17:00,22.3,95,21.4,863.4,2.1,290,Ratnapark,27.7063,85.3152
2025-07-28T18:00,21.9,96,21.3,864.6,1.9,124,Ratnapark,27.7063,85.3152
2025-07-28T19:00,21.7,99,21.5,865.0,4.3,118,Ratnapark,27.7063,85.3152
2025-07-28T20:00,21.6,99,21.4,865.2,4.4,125,Ratnapark,27.7063,85.3152
2025-07-28T21:00,21.5,99,21.4,865.6,5.3,147,Ratnapark,27.7063,85.3152
2025-07-28T22:00,21.4,99,21.3,865.7,5.1,162,Ratnapark,27.7063,85.3152
2025-07-28T23:00,21.4,98,21.1,865.8,3.7,166,Ratnapark,27.7063,85.3152
2025-07-29T00:00,21.5,98,21.2,865.3,2.2,171,Ratnapark,27.7063,85.3152
2025-07-29T01:00,21.4,99,21.2,864.8,1.4,180,Ratnapark,27.7063,85.3152
2025-07-29T02:00,21.3,100,21.3,864.4,1.6,117,Ratnapark,27.7063,85.3152
2025-07-29T03:00,21.3,99,21.1,864.4,1.9,163,Ratnapark,27.7063,85.3152
2025-07-29T04:00,21.2,99,21.1,864.2,2.6,129,Ratnapark,27.7063,85.3152
2025-07-29T05:00,21.2,99,21.0,864.6,3.0,142,Ratnapark,27.7063,85.3152
2025-07-29T06:00,21.3,98,21.1,865.1,3.1,118,Ratnapark,27.7063,85.3152
2025-07-29T07:00,21.9,96,21.2,865.9,1.3,124,Ratnapark,27.7063,85.3152
2025-07-29T08:00,22.6,92,21.3,866.5,1.7,328,Ratnapark,27.7063,85.3152
2025-07-29T09:00,22.5,93,21.3,866.6,2.0,333,Ratnapark,27.7063,85.3152
2025-07-29T10:00,23.3,88,21.2,866.7,3.6,315,Ratnapark,27.7063,85.3152
2025-07-29T11:00,23.9,88,21.8,866.3,5.0,305,Ratnapark,27.7063,85.3152
2025-07-29T12:00,23.8,84,21.0,865.9,6.6,317,Ratnapark,27.7063,85.3152
2025-07-29T13:00,23.7,86,21.3,865.6,4.4,308,Ratnapark,27.7063,85.3152
2025-07-29T14:00,23.1,90,21.4,864.8,5.0,334,Ratnapark,27.7063,85.3152
2025-07-29T15:00,23.5,89,21.6,864.2,0.4,180,Ratnapark,27.7063,85.3152
2025-07-29T16:00,23.5,90,21.7,864.0,0.5,45,Ratnapark,27.7063,85.3152
2025-07-29T17:00,23.3,90,21.6,863.9,1.7,148,Ratnapark,27.7063,85.3152
2025-07-29T18:00,22.5,95,21.7,864.8,0.5,225,Ratnapark,27.7063,85.3152
2025-07-29T19:00,22.3,96,21.6,865.5,2.2,185,Ratnapark,27.7063,85.3152
2025-07-29T20:00,22.0,98,21.6,865.8,2.6,155,Ratnapark,27.7063,85.3152
2025-07-29T21:00,21.7,99,21.5,866.4,3.8,163,Ratnapark,27.7063,85.3152
2025-07-29T22:00,21.3,100,21.3,866.5,3.8,169,Ratnapark,27.7063,85.3152
2025-07-29T23:00,20.9,99,20.8,866.1,3.8,183,Ratnapark,27.7063,85.3152
2025-07-30T00:00,20.4,99,20.2,865.9,6.7,175,Ratnapark,27.7063,85.3152
2025-07-30T01:00,20.4,97,19.9,865.4,4.4,148,Ratnapark,27.7063,85.3152
2025-07-30T02:00,20.3,98,19.9,865.1,3.9,156,Ratnapark,27.7063,85.3152
2025-07-30T03:00,20.0,99,19.8,864.4,4.7,164,Ratnapark,27.7063,85.3152
2025-07-30T04:00,19.7,99,19.6,864.1,5.1,163,Ratnapark,27.7063,85.3152
2025-07-30T05:00,19.5,100,19.5,864.3,5.2,164,Ratnapark,27.7063,85.3152
2025-07-30T06:00,21.4,97,21.0,865.7,5.1,132,Ratnapark,27.7063,85.3152
2025-07-30T07:00,23.1,93,21.9,866.9,4.5,113,Ratnapark,27.7063,85.3152
2025-07-30T08:00,24.7,85,22.1,867.5,1.1,90,Ratnapark,27.7063,85.3152
2025-07-30T09:00,26.5,75,21.7,868.0,2.6,344,Ratnapark,27.7063,85.3152
2025-07-30T10:00,26.9,72,21.4,867.6,4.0,324,Ratnapark,27.7063,85.3152
2025-07-30T11:00,25.5,79,21.5,867.4,4.6,259,Ratnapark,27.7063,85.3152
2025-07-30T12:00,26.0,80,22.2,867.1,4.7,293,Ratnapark,27.7063,85.3152
2025-07-30T13:00,26.0,81,22.4,866.1,1.1,360,Ratnapark,27.7063,85.3152
2025-07-30T14:00,23.4,87,21.1,865.2,1.7,162,Ratnapark,27.7063,85.3152
2025-07-30T15:00,23.9,89,21.9,865.1,1.1,90,Ratnapark,27.7063,85.3152
2025-07-30T16:00,24.1,89,22.1,865.2,2.5,330,Ratnapark,27.7063,85.3152
2025-07-30T17:00,22.9,93,21.7,864.9,0.9,270,Ratnapark,27.7063,85.3152
2025-07-30T18:00,21.7,99,21.6,866.6,3.2,214,Ratnapark,27.7063,85.3152
2025-07-30T19:00,21.1,99,21.0,867.0,2.4,117,Ratnapark,27.7063,85.3152
2025-07-30T20:00,21.3,98,20.9,867.5,4.6,132,Ratnapark,27.7063,85.3152
2025-07-30T21:00,21.3,99,21.1,867.9,2.8,117,Ratnapark,27.7063,85.3152
2025-07-30T22:00,21.0,99,20.9,867.8,5.4,120,Ratnapark,27.7063,85.3152
2025-07-30T23:00,21.1,99,20.9,867.6,4.1,128,Ratnapark,27.7063,85.3152
2025-07-31T00:00,21.0,99,20.9,866.9,3.8,155,Ratnapark,27.7063,85.3152
2025-07-31T01:00,20.8,99,20.7,866.1,2.5,201,Ratnapark,27.7063,85.3152
2025-07-31T02:00,20.7,100,20.6,865.5,2.5,240,Ratnapark,27.7063,85.3152
2025-07-31T03:00,20.3,100,20.3,864.8,2.7,233,Ratnapark,27.7063,85.3152
2025-07-31T04:00,19.9,100,19.8,864.5,1.2,207,Ratnapark,27.7063,85.3152
2025-07-31T05:00,19.6,100,19.6,864.9,0.9,180,Ratnapark,27.7063,85.3152
2025-07-31T06:00,21.3,99,21.2,866.4,1.5,54,Ratnapark,27.7063,85.3152
2025-07-31T07:00,22.1,91,20.5,867.2,2.8,333,Ratnapark,27.7063,85.3152
2025-07-31T08:00,23.3,85,20.6,867.3,3.3,292,Ratnapark,27.7063,85.3152
2025-07-31T09:00,25.0,78,20.9,867.9,3.7,299,Ratnapark,27.7063,85.3152
2025-07-31T10:00,26.0,74,20.9,867.8,3.7,299,Ratnapark,27.7063,85.3152
2025-07-31T11:00,26.9,73,21.5,867.5,4.2,288,Ratnapark,27.7063,85.3152
2025-07-31T12:00,27.1,72,21.6,866.9,6.2,255,Ratnapark,27.7063,85.3152
2025-07-31T13:00,24.0,87,21.7,865.8,4.9,274,Ratnapark,27.7063,85.3152
2025-07-31T14:00,24.0,89,22.1,865.6,2.9,356,Ratnapark,27.7063,85.3152
2025-07-31T15:00,24.3,90,22.6,865.0,4.7,328,Ratnapark,27.7063,85.3152
2025-07-31T16:00,24.1,88,22.0,864.6,4.1,337,Ratnapark,27.7063,85.3152
2025-07-31T17:00,23.7,86,21.2,865.0,2.6,348,Ratnapark,27.7063,85.3152
2025-07-31T18:00,22.6,94,21.5,866.2,2.2,222,Ratnapark,27.7063,85.3152
2025-07-31T19:00,22.1,97,21.7,866.7,1.2,321,Ratnapark,27.7063,85.3152
2025-07-31T20:00,22.0,98,21.7,867.4,1.5,97,Ratnapark,27.7063,85.3152
2025-07-31T21:00,21.8,99,21.7,867.8,1.5,324,Ratnapark,27.7063,85.3152
2025-07-31T22:00,21.3,99,21.1,867.6,1.7,288,Ratnapark,27.7063,85.3152
2025-07-31T23:00,20.9,100,20.8,867.2,0.8,225,Ratnapark,27.7063,85.3152
2025-08-01T00:00,20.8,100,20.8,866.3,1.0,158,Ratnapark,27.7063,85.3152
2025-08-01T01:00,20.7,100,20.7,865.8,2.2,145,Ratnapark,27.7063,85.3152
2025-08-01T02:00,20.5,100,20.5,865.1,1.5,166,Ratnapark,27.7063,85.3152
2025-08-01T03:00,19.9,100,19.9,864.6,2.3,157,Ratnapark,27.7063,85.3152
2025-08-01T04:00,19.6,100,19.6,864.4,3.6,162,Ratnapark,27.7063,85.3152
2025-08-01T05:00,19.3,100,19.3,864.8,5.0,161,Ratnapark,27.7063,85.3152
2025-08-01T06:00,21.5,98,21.2,866.4,3.2,207,Ratnapark,27.7063,85.3152
2025-08-01T07:00,22.8,94,21.7,867.3,2.2,270,Ratnapark,27.7063,85.3152
2025-08-01T08:00,23.8,88,21.6,867.8,3.2,326,Ratnapark,27.7063,85.3152
2025-08-01T09:00,24.9,83,21.8,868.0,4.2,317,Ratnapark,27.7063,85.3152
2025-08-01T10:00,25.8,80,22.0,867.9,3.0,327,Ratnapark,27.7063,85.3152
2025-08-01T11:00,26.5,76,22.0,867.3,4.9,303,Ratnapark,27.7063,85.3152
2025-08-01T12:00,26.7,70,20.7,866.7,6.0,303,Ratnapark,27.7063,85.3152
2025-08-01T13:00,25.7,74,20.8,866.3,6.9,276,Ratnapark,27.7063,85.3152
2025-08-01T14:00,25.1,80,21.5,865.5,4.1,272,Ratnapark,27.7063,85.3152
2025-08-01T15:00,25.2,81,21.7,865.0,3.8,289,Ratnapark,27.7063,85.3152
2025-08-01T16:00,24.7,82,21.4,864.8,4.2,301,Ratnapark,27.7063,85.3152
2025-08-01T17:00,24.2,86,21.6,864.6,4.0,333,Ratnapark,27.7063,85.3152
2025-08-01T18:00,22.5,95,21.7,866.2,2.7,337,Ratnapark,27.7063,85.3152
2025-08-01T19:00,22.4,97,21.9,866.6,0.6,198,Ratnapark,27.7063,85.3152
2025-08-01T20:00,22.2,98,21.9,867.0,2.9,240,Ratnapark,27.7063,85.3152
2025-08-01T21:00,22.2,92,20.8,867.8,2.9,281,Ratnapark,27.7063,85.3152
2025-08-01T22:00,21.7,97,21.2,867.9,2.2,265,Ratnapark,27.7063,85.3152
2025-08-01T23:00,21.6,98,21.2,867.1,1.6,96,Ratnapark,27.7063,85.3152
2025-08-02T00:00,21.4,98,21.1,866.4,3.3,186,Ratnapark,27.7063,85.3152
2025-08-02T01:00,21.2,98,21.0,865.8,3.7,137,Ratnapark,27.7063,85.3152
2025-08-02T02:00,21.1,99,20.9,865.1,4.0,141,Ratnapark,27.7063,85.3152
2025-08-02T03:00,20.7,100,20.6,864.6,5.4,150,Ratnapark,27.7063,85.3152
2025-08-02T04:00,20.6,100,20.6,864.7,5.2,164,Ratnapark,27.7063,85.3152
2025-08-02T05:00,20.6,100,20.6,865.7,2.7,152,Ratnapark,27.7063,85.3152
2025-08-02T06:00,22.0,99,21.9,866.7,3.6,160,Ratnapark,27.7063,85.3152
2025-08-02T07:00,23.4,92,21.9,867.4,3.2,142,Ratnapark,27.7063,85.3152
2025-08-02T08:00,24.9,81,21.5,867.9,1.9,209,Ratnapark,27.7063,85.3152
2025-08-02T09:00,25.9,76,21.3,868.4,4.6,231,Ratnapark,27.7063,85.3152
2025-08-02T10:00,26.9,74,21.8,868.5,3.6,270,Ratnapark,27.7063,85.3152
2025-08-02T11:00,27.2,74,22.1,868.0,4.8,259,Ratnapark,27.7063,85.3152
2025-08-02T12:00,24.5,80,20.9,867.2,6.5,276,Ratnapark,27.7063,85.3152
2025-08-02T13:00,25.3,79,21.3,866.3,1.3,254,Ratnapark,27.7063,85.3152
2025-08-02T14:00,25.3,79,21.4,865.5,2.4,318,Ratnapark,27.7063,85.3152
2025-08-02T15:00,25.0,79,21.1,865.1,1.5,346,Ratnapark,27.7063,85.3152
2025-08-02T16:00,25.0,79,21.2,865.4,3.1,277,Ratnapark,27.7063,85.3152
2025-08-02T17:00,23.5,87,21.3,865.9,3.6,279,Ratnapark,27.7063,85.3152
2025-08-02T18:00,22.5,98,22.2,867.3,2.4,42,Ratnapark,27.7063,85.3152
2025-08-02T19:00,22.1,98,21.8,867.7,3.2,74,Ratnapark,27.7063,85.3152
2025-08-02T20:00,21.8,99,21.7,868.2,2.2,360,Ratnapark,27.7063,85.3152
2025-08-02T21:00,21.6,99,21.4,868.7,1.3,278,Ratnapark,27.7063,85.3152
2025-08-02T22:00,21.7,98,21.4,868.9,1.1,90,Ratnapark,27.7063,85.3152
2025-08-02T23:00,21.7,99,21.5,868.6,3.7,101,Ratnapark,27.7063,85.3152
2025-08-03T00:00,21.6,98,21.4,867.8,2.6,164,Ratnapark,27.7063,85.3152
2025-08-03T01:00,21.5,98,21.1,866.8,2.4,171,Ratnapark,27.7063,85.3152
2025-08-03T02:00,21.3,98,21.0,866.0,4.1,157,Ratnapark,27.7063,85.3152
2025-08-03T03:00,20.8,99,20.7,866.1,2.6,214,Ratnapark,27.7063,85.3152
2025-08-03T04:00,20.7,100,20.7,866.7,5.0,257,Ratnapark,27.7063,85.3152
2025-08-03T05:00,20.7,100,20.7,867.5,1.5,234,Ratnapark,27.7063,85.3152
2025-08-03T06:00,21.6,99,21.4,867.2,4.5,151,Ratnapark,27.7063,85.3152
2025-08-03T07:00,22.0,96,21.4,868.0,4.8,127,Ratnapark,27.7063,85.3152
2025-08-03T08:00,23.1,92,21.8,869.0,5.8,124,Ratnapark,27.7063,85.3152
2025-08-03T09:00,23.6,91,22.0,869.4,6.7,95,Ratnapark,27.7063,85.3152
2025-08-03T10:00,23.7,91,22.1,869.5,5.4,98,Ratnapark,27.7063,85.3152
2025-08-03T11:00,24.1,88,21.9,869.2,5.6,96,Ratnapark,27.7063,85.3152
2025-08-03T12:00,23.4,96,22.7,868.6,4.2,140,Ratnapark,27.7063,85.3152
2025-08-03T13:00,22.7,95,21.8,868.2,3.9,106,Ratnapark,27.7063,85.3152
2025-08-03T14:00,23.0,95,22.2,867.8,3.1,77,Ratnapark,27.7063,85.3152
2025-08-03T15:00,22.9,94,21.9,867.2,4.7,86,Ratnapark,27.7063,85.3152
2025-08-03T16:00,22.8,95,21.9,867.0,5.3,82,Ratnapark,27.7063,85.3152
2025-08-03T17:00,22.9,95,22.0,867.2,4.7,108,Ratnapark,27.7063,85.3152
2025-08-03T18:00,22.0,97,21.5,868.3,5.2,104,Ratnapark,27.7063,85.3152
2025-08-03T19:00,21.7,97,21.3,868.8,5.6,132,Ratnapark,27.7063,85.3152
2025-08-03T20:00,21.6,99,21.4,869.4,4.2,130,Ratnapark,27.7063,85.3152
2025-08-03T21:00,21.5,99,21.4,869.8,4.6,138,Ratnapark,27.7063,85.3152
2025-08-03T22:00,21.1,99,21.0,869.6,4.8,151,Ratnapark,27.7063,85.3152
2025-08-03T23:00,20.9,97,20.3,869.3,2.1,149,Ratnapark,27.7063,85.3152
2025-08-04T00:00,20.9,99,20.8,868.7,2.6,129,Ratnapark,27.7063,85.3152
2025-08-04T01:00,20.7,100,20.6,868.4,4.0,148,Ratnapark,27.7063,85.3152
2025-08-04T02:00,20.6,98,20.4,868.2,5.2,134,Ratnapark,27.7063,85.3152
2025-08-04T03:00,20.4,97,19.9,868.1,5.4,130,Ratnapark,27.7063,85.3152
2025-08-04T04:00,20.3,99,20.1,867.8,5.7,127,Ratnapark,27.7063,85.3152
2025-08-04T05:00,20.1,99,20.0,867.9,6.1,150,Ratnapark,27.7063,85.3152
2025-08-04T06:00,20.8,99,20.6,868.9,5.0,139,Ratnapark,27.7063,85.3152
2025-08-04T07:00,22.7,90,21.0,870.1,6.0,119,Ratnapark,27.7063,85.3152
2025-08-04T08:00,23.8,86,21.4,870.7,7.6,124,Ratnapark,27.7063,85.3152
2025-08-04T09:00,25.8,74,20.9,870.9,6.9,113,Ratnapark,27.7063,85.3152
2025-08-04T10:00,26.0,74,20.9,870.6,7.7,114,Ratnapark,27.7063,85.3152
2025-08-04T11:00,25.1,79,21.2,870.1,5.3,147,Ratnapark,27.7063,85.3152
2025-08-04T12:00,24.8,82,21.5,869.8,5.8,178,Ratnapark,27.7063,85.3152
2025-08-04T13:00,25.2,79,21.3,869.1,5.2,207,Ratnapark,27.7063,85.3152
2025-08-04T14:00,24.1,80,20.4,868.1,6.9,194,Ratnapark,27.7063,85.3152
2025-08-04T15:00,23.2,91,21.6,867.7,4.4,97,Ratnapark,27.7063,85.3152
2025-08-04T16:00,23.1,89,21.3,867.7,1.2,129,Ratnapark,27.7063,85.3152
2025-08-04T17:00,22.4,90,20.6,867.6,1.9,139,Ratnapark,27.7063,85.3152
2025-08-04T18:00,21.6,96,21.0,868.7,0.0,270,Ratnapark,27.7063,85.3152
2025-08-04T19:00,21.4,99,21.3,868.9,2.3,108,Ratnapark,27.7063,85.3152
2025-08-04T20:00,21.4,98,21.1,869.4,3.5,125,Ratnapark,27.7063,85.3152
2025-08-04T21:00,21.2,98,20.9,869.4,2.5,135,Ratnapark,27.7063,85.3152
2025-08-04T22:00,21.2,99,21.1,869.7,3.1,159,Ratnapark,27.7063,85.3152
2025-08-04T23:00,21.0,99,20.9,869.3,1.8,174,Ratnapark,27.7063,85.3152
2025-08-05T00:00,20.7,99,20.6,868.7,1.6,174,Ratnapark,27.7063,85.3152
2025-08-05T01:00,20.2,100,20.2,868.2,1.7,198,Ratnapark,27.7063,85.3152
2025-08-05T02:00,20.2,99,20.1,868.2,2.4,167,Ratnapark,27.7063,85.3152
2025-08-05T03:00,20.0,99,19.9,868.2,3.4,164,Ratnapark,27.7063,85.3152
2025-08-05T04:00,20.0,99,19.9,868.4,3.6,160,Ratnapark,27.7063,85.3152
2025-08-05T05:00,19.8,100,19.7,868.7,4.4,150,Ratnapark,27.7063,85.3152
2025-08-05T06:00,21.1,97,20.7,869.2,2.9,176,Ratnapark,27.7063,85.3152
2025-08-05T07:00,21.9,92,20.5,870.2,3.3,112,Ratnapark,27.7063,85.3152
2025-08-05T08:00,22.3,92,20.9,870.7,4.2,133,Ratnapark,27.7063,85.3152
2025-08-05T09:00,22.9,88,20.8,871.4,2.8,225,Ratnapark,27.7063,85.3152
2025-08-05T10:00,23.6,85,20.9,871.1,6.3,268,Ratnapark,27.7063,85.3152
2025-08-05T11:00,23.3,82,20.2,870.7,9.0,293,Ratnapark,27.7063,85.3152
2025-08-05T12:00,22.9,84,20.0,870.4,6.1,315,Ratnapark,27.7063,85.3152
2025-08-05T13:00,22.3,90,20.5,869.7,5.7,316,Ratnapark,27.7063,85.3152
2025-08-05T14:00,22.6,88,20.6,869.2,5.1,324,Ratnapark,27.7063,85.3152
2025-08-05T15:00,22.3,89,20.4,869.0,7.0,310,Ratnapark,27.7063,85.3152
2025-08-05T16:00,22.1,89,20.1,868.7,6.7,297,Ratnapark,27.7063,85.3152
2025-08-05T17:00,21.8,90,20.1,868.4,4.7,298,Ratnapark,27.7063,85.3152
2025-08-05T18:00,20.4,96,19.7,869.0,1.3,196,Ratnapark,27.7063,85.3152
2025-08-05T19:00,19.8,99,19.6,868.9,3.9,204,Ratnapark,27.7063,85.3152
2025-08-05T20:00,19.5,98,19.1,869.1,4.1,221,Ratnapark,27.7063,85.3152
2025-08-05T21:00,19.5,95,18.8,869.2,3.4,205,Ratnapark,27.7063,85.3152
2025-08-05T22:00,19.3,95,18.5,869.0,2.5,188,Ratnapark,27.7063,85.3152
2025-08-05T23:00,18.9,96,18.2,868.9,0.6,162,Ratnapark,27.7063,85.3152
2025-08-06T00:00,18.5,98,18.2,868.3,2.2,156,Ratnapark,27.7063,85.3152
2025-08-06T01:00,18.3,100,18.3,867.8,3.9,167,Ratnapark,27.7063,85.3152
2025-08-06T02:00,18.2,100,18.2,867.4,2.8,165,Ratnapark,27.7063,85.3152
2025-08-06T03:00,18.1,99,18.0,867.0,4.2,175,Ratnapark,27.7063,85.3152
2025-08-06T04:00,17.5,100,17.5,866.8,3.0,166,Ratnapark,27.7063,85.3152
2025-08-06T05:00,17.2,100,17.1,867.2,4.2,170,Ratnapark,27.7063,85.3152
2025-08-06T06:00,19.1,97,18.6,867.9,4.5,164,Ratnapark,27.7063,85.3152
2025-08-06T07:00,22.3,81,18.9,869.8,1.6,153,Ratnapark,27.7063,85.3152
2025-08-06T08:00,23.5,76,19.0,870.7,0.3,315,Ratnapark,27.7063,85.3152
2025-08-06T09:00,24.6,71,19.1,871.2,2.6,344,Ratnapark,27.7063,85.3152
2025-08-06T10:00,25.9,68,19.4,870.9,3.6,333,Ratnapark,27.7063,85.3152
2025-08-06T11:00,27.0,64,19.7,870.4,6.4,299,Ratnapark,27.7063,85.3152
2025-08-06T12:00,26.8,66,19.9,869.4,10.0,291,Ratnapark,27.7063,85.3152
2025-08-06T13:00,25.6,71,20.0,868.4,8.9,283,Ratnapark,27.7063,85.3152
2025-08-06T14:00,25.2,77,20.9,867.5,5.8,300,Ratnapark,27.7063,85.3152
2025-08-06T15:00,25.0,80,21.3,866.9,6.9,290,Ratnapark,27.7063,85.3152
2025-08-06T16:00,23.7,85,21.1,866.5,5.5,279,Ratnapark,27.7063,85.3152
2025-08-06T17:00,23.1,89,21.2,866.3,3.0,303,Ratnapark,27.7063,85.3152
2025-08-06T18:00,22.3,94,21.3,866.8,2.7,270,Ratnapark,27.7063,85.3152
2025-08-06T19:00,21.7,98,21.3,867.2,0.6,162,Ratnapark,27.7063,85.3152
2025-08-06T20:00,21.3,99,21.2,867.7,1.1,198,Ratnapark,27.7063,85.3152
2025-08-06T21:00,21.1,100,21.1,868.0,3.3,202,Ratnapark,27.7063,85.3152
2025-08-06T22:00,21.1,99,21.0,867.9,3.1,187,Ratnapark,27.7063,85.3152
2025-08-06T23:00,20.6,100,20.6,867.6,3.7,169,Ratnapark,27.7063,85.3152
2025-08-07T00:00,20.6,99,20.5,867.5,4.0,172,Ratnapark,27.7063,85.3152
2025-08-07T01:00,20.4,99,20.3,866.9,4.0,159,Ratnapark,27.7063,85.3152
2025-08-07T02:00,20.0,100,20.0,866.6,5.3,156,Ratnapark,27.7063,85.3152
2025-08-07T03:00,20.0,100,20.0,866.5,5.2,155,Ratnapark,27.7063,85.3152
2025-08-07T04:00,19.7,100,19.7,866.4,4.8,160,Ratnapark,27.7063,85.3152
2025-08-07T05:00,19.6,100,19.6,866.6,4.5,164,Ratnapark,27.7063,85.3152
2025-08-07T06:00,21.7,98,21.3,867.1,3.1,183,Ratnapark,27.7063,85.3152
2025-08-07T07:00,23.3,90,21.6,868.2,0.5,225,Ratnapark,27.7063,85.3152
2025-08-07T08:00,24.8,82,21.5,868.9,1.7,77,Ratnapark,27.7063,85.3152
2025-08-07T09:00,26.5,73,21.2,868.9,1.2,117,Ratnapark,27.7063,85.3152
2025-08-07T10:00,27.8,67,21.2,869.0,0.7,104,Ratnapark,27.7063,85.3152
2025-08-07T11:00,28.2,68,21.8,868.9,3.3,202,Ratnapark,27.7063,85.3152
2025-08-07T12:00,26.8,74,21.8,868.0,7.9,219,Ratnapark,27.7063,85.3152
2025-08-07T13:00,25.0,80,21.4,867.6,3.5,231,Ratnapark,27.7063,85.3152
2025-08-07T14:00,25.9,80,22.2,866.8,5.0,341,Ratnapark,27.7063,85.3152
2025-08-07T15:00,24.5,83,21.4,865.9,4.4,339,Ratnapark,27.7063,85.3152
2025-08-07T16:00,24.5,84,21.5,865.8,1.6,264,Ratnapark,27.7063,85.3152
2025-08-07T17:00,24.0,87,21.7,866.7,1.0,301,Ratnapark,27.7063,85.3152
2025-08-07T18:00,22.2,98,22.0,867.2,2.4,107,Ratnapark,27.7063,85.3152
2025-08-07T19:00,21.8,99,21.7,867.6,3.6,153,Ratnapark,27.7063,85.3152
2025-08-07T20:00,21.4,98,21.0,868.0,5.0,178,Ratnapark,27.7063,85.3152
2025-08-07T21:00,21.3,96,20.7,868.3,5.6,178,Ratnapark,27.7063,85.3152
2025-08-07T22:00,21.1,98,20.9,868.2,6.0,151,Ratnapark,27.7063,85.3152
2025-08-07T23:00,21.2,98,20.9,868.4,6.3,153,Ratnapark,27.7063,85.3152
2025-08-08T00:00,21.2,99,21.1,868.0,6.9,139,Ratnapark,27.7063,85.3152
2025-08-08T01:00,21.2,99,21.1,867.6,5.4,140,Ratnapark,27.7063,85.3152
2025-08-08T02:00,21.2,99,21.1,867.4,4.5,143,Ratnapark,27.7063,85.3152
2025-08-08T03:00,21.1,97,20.6,867.6,4.1,146,Ratnapark,27.7063,85.3152
2025-08-08T04:00,21.1,98,20.8,867.8,4.8,117,Ratnapark,27.7063,85.3152
2025-08-08T05:00,20.9,99,20.7,868.1,5.6,135,Ratnapark,27.7063,85.3152
2025-08-08T06:00,21.6,96,20.9,869.2,6.9,115,Ratnapark,27.7063,85.3152
2025-08-08T07:00,22.0,95,21.2,869.5,7.1,105,Ratnapark,27.7063,85.3152
2025-08-08T08:00,23.3,89,21.3,870.2,7.3,115,Ratnapark,27.7063,85.3152
2025-08-08T09:00,23.8,86,21.3,871.0,6.2,128,Ratnapark,27.7063,85.3152
2025-08-08T10:00,24.3,84,21.3,871.4,2.8,135,Ratnapark,27.7063,85.3152
2025-08-08T11:00,24.4,84,21.5,871.2,3.3,126,Ratnapark,27.7063,85.3152
2025-08-08T12:00,26.4,74,21.4,870.9,2.0,80,Ratnapark,27.7063,85.3152
2025-08-08T13:00,25.5,78,21.3,870.3,0.9,53,Ratnapark,27.7063,85.3152
2025-08-08T14:00,25.0,83,21.9,869.4,2.3,23,Ratnapark,27.7063,85.3152
2025-08-08T15:00,25.1,83,21.9,869.1,1.8,174,Ratnapark,27.7063,85.3152
2025-08-08T16:00,25.0,80,21.3,869.2,3.5,141,Ratnapark,27.7063,85.3152
2025-08-08T17:00,23.7,86,21.2,869.7,2.8,145,Ratnapark,27.7063,85.3152
2025-08-08T18:00,21.9,97,21.4,870.6,3.7,119,Ratnapark,27.7063,85.3152
2025-08-08T19:00,21.5,98,21.2,871.0,3.8,139,Ratnapark,27.7063,85.3152
2025-08-08T20:00,21.5,98,21.2,871.5,3.3,135,Ratnapark,27.7063,85.3152
2025-08-08T21:00,21.2,98,20.9,871.9,4.5,140,Ratnapark,27.7063,85.3152
2025-08-08T22:00,21.1,98,20.9,872.3,4.8,138,Ratnapark,27.7063,85.3152
2025-08-08T23:00,20.7,99,20.6,872.1,4.3,138,Ratnapark,27.7063,85.3152
2025-08-09T00:00,20.7,99,20.5,871.7,4.5,133,Ratnapark,27.7063,85.3152
2025-08-09T01:00,20.7,100,20.7,871.1,4.9,141,Ratnapark,27.7063,85.3152
2025-08-09T02:00,20.6,99,20.5,870.5,4.9,144,Ratnapark,27.7063,85.3152
2025-08-09T03:00,20.4,100,20.4,870.4,5.0,150,Ratnapark,27.7063,85.3152
2025-08-09T04:00,20.3,100,20.3,870.7,5.2,158,Ratnapark,27.7063,85.3152
2025-08-09T05:00,20.2,100,20.1,871.0,4.6,162,Ratnapark,27.7063,85.3152
2025-08-09T06:00,21.2,98,20.9,871.5,5.4,178,Ratnapark,27.7063,85.3152
2025-08-09T07:00,21.7,96,21.0,871.9,2.6,196,Ratnapark,27.7063,85.3152
2025-08-09T08:00,23.2,86,20.7,872.6,3.6,131,Ratnapark,27.7063,85.3152
2025-08-09T09:00,24.8,81,21.3,873.1,2.4,153,Ratnapark,27.7063,85.3152
2025-08-09T10:00,26.1,75,21.4,872.9,2.5,90,Ratnapark,27.7063,85.3152
2025-08-09T11:00,26.0,76,21.4,872.6,1.9,253,Ratnapark,27.7063,85.3152
2025-08-09T12:00,24.0,81,20.6,872.0,6.8,245,Ratnapark,27.7063,85.3152
2025-08-09T13:00,23.2,91,21.7,871.3,5.0,296,Ratnapark,27.7063,85.3152
2025-08-09T14:00,23.6,92,22.2,870.3,3.5,305,Ratnapark,27.7063,85.3152
2025-08-09T15:00,23.1,94,22.0,869.6,4.3,287,Ratnapark,27.7063,85.3152
2025-08-09T16:00,23.6,91,22.0,869.3,3.7,305,Ratnapark,27.7063,85.3152
2025-08-09T17:00,22.7,93,21.5,869.4,3.4,342,Ratnapark,27.7063,85.3152
2025-08-09T18:00,21.7,98,21.3,870.3,2.6,309,Ratnapark,27.7063,85.3152
2025-08-09T19:00,21.4,98,21.2,870.2,3.1,183,Ratnapark,27.7063,85.3152
2025-08-09T20:00,21.2,99,21.1,870.4,3.6,198,Ratnapark,27.7063,85.3152
2025-08-09T21:00,20.8,100,20.8,870.5,1.9,202,Ratnapark,27.7063,85.3152
2025-08-09T22:00,20.7,100,20.7,870.6,3.0,194,Ratnapark,27.7063,85.3152
2025-08-09T23:00,20.7,100,20.7,870.6,2.7,180,Ratnapark,27.7063,85.3152
2025-08-10T00:00,20.8,100,20.8,870.4,2.9,169,Ratnapark,27.7063,85.3152
2025-08-10T01:00,20.9,100,20.9,870.2,2.7,212,Ratnapark,27.7063,85.3152
2025-08-10T02:00,20.8,100,20.8,869.8,1.5,225,Ratnapark,27.7063,85.3152
2025-08-10T03:00,20.8,98,20.5,869.8,3.6,213,Ratnapark,27.7063,85.3152
2025-08-10T04:00,20.5,99,20.4,869.6,1.3,225,Ratnapark,27.7063,85.3152
2025-08-10T05:00,20.3,100,20.2,869.8,2.2,204,Ratnapark,27.7063,85.3152
2025-08-10T06:00,21.1,99,20.9,869.8,0.6,236,Ratnapark,27.7063,85.3152
2025-08-10T07:00,21.8,96,21.2,870.6,2.0,270,Ratnapark,27.7063,85.3152
2025-08-10T08:00,22.9,92,21.6,871.3,2.8,310,Ratnapark,27.7063,85.3152
2025-08-10T09:00,23.7,89,21.7,871.5,4.0,321,Ratnapark,27.7063,85.3152
2025-08-10T10:00,25.2,83,22.2,871.5,3.3,311,Ratnapark,27.7063,85.3152
2025-08-10T11:00,25.7,80,22.0,871.0,4.3,292,Ratnapark,27.7063,85.3152
2025-08-10T12:00,24.1,83,20.9,870.4,6.7,270,Ratnapark,27.7063,85.3152
2025-08-10T13:00,25.0,82,21.7,869.9,4.6,306,Ratnapark,27.7063,85.3152
2025-08-10T14:00,25.3,81,21.7,868.9,4.6,288,Ratnapark,27.7063,85.3152
2025-08-10T15:00,24.6,82,21.3,867.9,6.5,289,Ratnapark,27.7063,85.3152
2025-08-10T16:00,24.3,84,21.5,867.6,4.5,272,Ratnapark,27.7063,85.3152
2025-08-10T17:00,24.0,86,21.5,867.6,4.8,299,Ratnapark,27.7063,85.3152
2025-08-10T18:00,22.2,96,21.5,868.6,1.3,278,Ratnapark,27.7063,85.3152
2025-08-10T19:00,22.0,97,21.6,869.0,1.2,219,Ratnapark,27.7063,85.3152
2025-08-10T20:00,21.8,99,21.6,869.5,1.4,203,Ratnapark,27.7063,85.3152
2025-08-10T21:00,21.8,100,21.7,869.9,1.5,216,Ratnapark,27.7063,85.3152
2025-08-10T22:00,21.6,99,21.5,869.6,1.7,198,Ratnapark,27.7063,85.3152
2025-08-10T23:00,21.3,97,20.8,869.4,2.0,185,Ratnapark,27.7063,85.3152
2025-08-11T00:00,20.8,100,20.7,869.0,1.6,186,Ratnapark,27.7063,85.3152
2025-08-11T01:00,20.7,100,20.7,868.3,3.2,164,Ratnapark,27.7063,85.3152
2025-08-11T02:00,20.7,100,20.7,868.0,2.8,145,Ratnapark,27.7063,85.3152
2025-08-11T03:00,20.8,100,20.8,868.1,2.7,148,Ratnapark,27.7063,85.3152
2025-08-11T04:00,20.9,99,20.8,868.0,2.0,117,Ratnapark,27.7063,85.3152
2025-08-11T05:00,20.9,99,20.7,868.4,2.4,138,Ratnapark,27.7063,85.3152
2025-08-11T06:00,21.5,99,21.3,869.1,2.5,270,Ratnapark,27.7063,85.3152
2025-08-11T07:00,21.4,100,21.4,869.6,0.2,180,Ratnapark,27.7063,85.3152
2025-08-11T08:00,22.0,98,21.6,870.0,2.1,52,Ratnapark,27.7063,85.3152
2025-08-11T09:00,22.7,94,21.7,870.5,2.7,42,Ratnapark,27.7063,85.3152
2025-08-11T10:00,24.1,89,22.2,870.7,3.1,28,Ratnapark,27.7063,85.3152
2025-08-11T11:00,25.6,81,22.1,870.5,1.8,24,Ratnapark,27.7063,85.3152
2025-08-11T12:00,26.1,77,21.8,869.8,2.2,256,Ratnapark,27.7063,85.3152
2025-08-11T13:00,25.5,79,21.5,868.8,6.2,262,Ratnapark,27.7063,85.3152
2025-08-11T14:00,24.8,83,21.7,867.8,6.2,287,Ratnapark,27.7063,85.3152
2025-08-11T15:00,24.5,84,21.7,867.0,5.0,296,Ratnapark,27.7063,85.3152
2025-08-11T16:00,24.4,85,21.6,866.3,5.4,304,Ratnapark,27.7063,85.3152
2025-08-11T17:00,24.1,85,21.4,866.6,5.4,318,Ratnapark,27.7063,85.3152
2025-08-11T18:00,22.0,98,21.6,867.8,2.7,250,Ratnapark,27.7063,85.3152
2025-08-11T19:00,21.7,99,21.5,867.9,2.8,220,Ratnapark,27.7063,85.3152
2025-08-11T20:00,21.5,99,21.3,868.3,3.9,202,Ratnapark,27.7063,85.3152
2025-08-11T21:00,21.2,100,21.2,868.3,4.1,182,Ratnapark,27.7063,85.3152
2025-08-11T22:00,21.0,100,21.0,868.4,5.4,174,Ratnapark,27.7063,85.3152
2025-08-11T23:00,21.0,100,21.0,868.1,5.0,195,Ratnapark,27.7063,85.3152
2025-08-12T00:00,21.0,99,20.9,867.9,4.2,227,Ratnapark,27.7063,85.3152
2025-08-12T01:00,21.2,98,20.9,867.5,4.1,236,Ratnapark,27.7063,85.3152
2025-08-12T02:00,21.2,98,20.9,867.2,4.2,227,Ratnapark,27.7063,85.3152
2025-08-12T03:00,21.0,98,20.8,867.0,3.7,235,Ratnapark,27.7063,85.3152
2025-08-12T04:00,20.7,99,20.6,866.8,3.2,232,Ratnapark,27.7063,85.3152
2025-08-12T05:00,20.5,100,20.4,867.2,2.4,189,Ratnapark,27.7063,85.3152
2025-08-12T06:00,21.6,99,21.4,867.9,1.3,262,Ratnapark,27.7063,85.3152
2025-08-12T07:00,22.7,92,21.4,868.5,3.9,233,Ratnapark,27.7063,85.3152
2025-08-12T08:00,24.0,88,21.8,868.6,2.8,288,Ratnapark,27.7063,85.3152
2025-08-12T09:00,25.4,80,21.6,869.1,3.2,304,Ratnapark,27.7063,85.3152
2025-08-12T10:00,26.8,73,21.5,868.9,4.7,293,Ratnapark,27.7063,85.3152
2025-08-12T11:00,27.6,69,21.3,868.5,4.5,277,Ratnapark,27.7063,85.3152
2025-08-12T12:00,27.6,69,21.4,868.0,7.7,279,Ratnapark,27.7063,85.3152
2025-08-12T13:00,26.1,77,21.7,867.1,7.8,283,Ratnapark,27.7063,85.3152
2025-08-12T14:00,26.6,74,21.6,866.1,7.7,286,Ratnapark,27.7063,85.3152
2025-08-12T15:00,26.4,74,21.5,865.1,8.1,294,Ratnapark,27.7063,85.3152
2025-08-12T16:00,25.4,82,22.0,865.3,5.7,279,Ratnapark,27.7063,85.3152
2025-08-12T17:00,24.7,86,22.2,865.8,2.5,201,Ratnapark,27.7063,85.3152
2025-08-12T18:00,23.4,96,22.7,866.4,3.7,223,Ratnapark,27.7063,85.3152
2025-08-12T19:00,23.1,98,22.8,867.0,4.2,223,Ratnapark,27.7063,85.3152
2025-08-12T20:00,23.2,95,22.4,867.4,3.6,279,Ratnapark,27.7063,85.3152
2025-08-12T21:00,22.8,97,22.3,867.9,2.2,215,Ratnapark,27.7063,85.3152
2025-08-12T22:00,22.5,96,21.8,868.0,1.2,153,Ratnapark,27.7063,85.3152
2025-08-12T23:00,22.4,99,22.2,867.9,2.8,117,Ratnapark,27.7063,85.3152
2025-08-13T00:00,22.0,100,22.0,866.8,2.5,172,Ratnapark,27.7063,85.3152
2025-08-13T01:00,21.8,100,21.8,866.4,5.0,139,Ratnapark,27.7063,85.3152
2025-08-13T02:00,21.7,100,21.7,866.1,5.0,136,Ratnapark,27.7063,85.3152
2025-08-13T03:00,21.7,99,21.6,866.3,5.8,154,Ratnapark,27.7063,85.3152
2025-08-13T04:00,21.8,99,21.7,866.5,5.0,134,Ratnapark,27.7063,85.3152
2025-08-13T05:00,21.9,98,21.5,866.9,2.3,135,Ratnapark,27.7063,85.3152
2025-08-13T06:00,22.0,100,22.0,867.9,2.5,188,Ratnapark,27.7063,85.3152
2025-08-13T07:00,22.3,97,21.8,868.4,2.5,98,Ratnapark,27.7063,85.3152
2025-08-13T08:00,22.9,99,22.7,869.0,2.3,122,Ratnapark,27.7063,85.3152
2025-08-13T09:00,23.1,98,22.8,869.5,3.1,144,Ratnapark,27.7063,85.3152
2025-08-13T10:00,23.8,95,23.0,869.8,3.1,156,Ratnapark,27.7063,85.3152
2025-08-13T11:00,25.3,81,21.9,869.6,4.1,131,Ratnapark,27.7063,85.3152
2025-08-13T12:00,24.6,86,22.2,869.1,4.2,140,Ratnapark,27.7063,85.3152
2025-08-13T13:00,23.6,94,22.5,868.7,5.9,135,Ratnapark,27.7063,85.3152
2025-08-13T14:00,23.0,95,22.1,868.5,5.6,140,Ratnapark,27.7063,85.3152
2025-08-13T15:00,22.9,97,22.4,868.5,4.2,95,Ratnapark,27.7063,85.3152
2025-08-13T16:00,22.6,96,21.9,868.3,6.0,99,Ratnapark,27.7063,85.3152
2025-08-13T17:00,22.2,97,21.7,868.5,6.4,112,Ratnapark,27.7063,85.3152
2025-08-13T18:00,21.9,99,21.7,869.5,6.1,93,Ratnapark,27.7063,85.3152
2025-08-13T19:00,21.6,99,21.4,870.1,6.6,103,Ratnapark,27.7063,85.3152
2025-08-13T20:00,21.5,99,21.3,870.4,6.4,122,Ratnapark,27.7063,85.3152
2025-08-13T21:00,21.4,98,21.2,870.8,6.0,131,Ratnapark,27.7063,85.3152
2025-08-13T22:00,21.4,99,21.2,871.0,4.8,149,Ratnapark,27.7063,85.3152
2025-08-13T23:00,21.3,98,21.1,871.1,4.0,148,Ratnapark,27.7063,85.3152
2025-08-14T00:00,21.2,97,20.7,870.8,3.4,162,Ratnapark,27.7063,85.3152
2025-08-14T01:00,21.2,96,20.6,870.5,4.8,167,Ratnapark,27.7063,85.3152
2025-08-14T02:00,21.0,95,20.3,870.3,5.1,174,Ratnapark,27.7063,85.3152
2025-08-14T03:00,20.8,95,20.1,870.2,5.6,180,Ratnapark,27.7063,85.3152
2025-08-14T04:00,20.6,96,20.0,870.2,4.5,180,Ratnapark,27.7063,85.3152
2025-08-14T05:00,20.6,96,19.9,870.5,4.7,162,Ratnapark,27.7063,85.3152
2025-08-14T06:00,20.7,96,20.1,871.3,4.2,175,Ratnapark,27.7063,85.3152
2025-08-14T07:00,21.2,93,20.1,872.1,4.2,160,Ratnapark,27.7063,85.3152
2025-08-14T08:00,21.9,90,20.2,872.4,2.8,135,Ratnapark,27.7063,85.3152
2025-08-14T09:00,21.9,92,20.5,872.8,2.2,48,Ratnapark,27.7063,85.3152
2025-08-14T10:00,21.9,91,20.4,872.3,3.1,21,Ratnapark,27.7063,85.3152
2025-08-14T11:00,22.6,88,20.6,872.2,3.8,355,Ratnapark,27.7063,85.3152
2025-08-14T12:00,23.8,82,20.6,871.5,6.3,357,Ratnapark,27.7063,85.3152
2025-08-14T13:00,23.2,83,20.1,870.5,5.4,356,Ratnapark,27.7063,85.3152
2025-08-14T14:00,22.9,89,21.1,869.8,3.5,285,Ratnapark,27.7063,85.3152
2025-08-14T15:00,23.4,86,20.9,868.7,4.4,300,Ratnapark,27.7063,85.3152
2025-08-14T16:00,23.6,84,20.7,868.4,1.8,259,Ratnapark,27.7063,85.3152
2025-08-14T17:00,22.7,86,20.2,868.5,0.8,27,Ratnapark,27.7063,85.3152
2025-08-14T18:00,21.2,95,20.4,868.9,2.0,190,Ratnapark,27.7063,85.3152
2025-08-14T19:00,20.9,97,20.3,869.4,3.7,157,Ratnapark,27.7063,85.3152
2025-08-14T20:00,20.7,98,20.4,870.0,3.5,152,Ratnapark,27.7063,85.3152
2025-08-14T21:00,20.6,99,20.5,870.2,3.2,164,Ratnapark,27.7063,85.3152
2025-08-14T22:00,20.5,99,20.4,870.4,3.2,207,Ratnapark,27.7063,85.3152
2025-08-14T23:00,20.3,99,20.1,870.3,1.9,221,Ratnapark,27.7063,85.3152
2025-08-15T00:00,20.0,99,19.9,869.4,2.6,196,Ratnapark,27.7063,85.3152
2025-08-15T01:00,19.8,99,19.6,868.5,3.5,189,Ratnapark,27.7063,85.3152
2025-08-15T02:00,19.4,100,19.4,867.6,5.1,190,Ratnapark,27.7063,85.3152
2025-08-15T03:00,18.9,100,18.9,867.1,4.9,178,Ratnapark,27.7063,85.3152
2025-08-15T04:00,18.6,100,18.6,866.9,4.2,168,Ratnapark,27.7063,85.3152
2025-08-15T05:00,18.5,100,18.5,867.2,3.8,172,Ratnapark,27.7063,85.3152
2025-08-15T06:00,20.8,98,20.4,868.7,3.6,210,Ratnapark,27.7063,85.3152
2025-08-15T07:00,22.3,89,20.4,869.7,1.4,220,Ratnapark,27.7063,85.3152
2025-08-15T08:00,23.5,82,20.2,870.0,1.5,306,Ratnapark,27.7063,85.3152
2025-08-15T09:00,25.0,73,19.8,870.6,2.1,290,Ratnapark,27.7063,85.3152
2025-08-15T10:00,26.4,66,19.6,870.4,1.8,336,Ratnapark,27.7063,85.3152
2025-08-15T11:00,26.5,65,19.3,870.2,1.5,240,Ratnapark,27.7063,85.3152
2025-08-15T12:00,26.3,67,19.6,869.9,1.8,217,Ratnapark,27.7063,85.3152
2025-08-15T13:00,25.4,71,19.8,868.9,2.0,265,Ratnapark,27.7063,85.3152
2025-08-15T14:00,24.6,77,20.3,868.3,5.7,229,Ratnapark,27.7063,85.3152
2025-08-15T15:00,23.4,85,20.7,867.5,3.5,291,Ratnapark,27.7063,85.3152
2025-08-15T16:00,23.5,85,20.9,867.2,2.0,350,Ratnapark,27.7063,85.3152
2025-08-15T17:00,23.0,87,20.7,866.7,1.7,347,Ratnapark,27.7063,85.3152
2025-08-15T18:00,21.6,97,21.0,867.5,2.1,285,Ratnapark,27.7063,85.3152
2025-08-15T19:00,21.4,97,20.9,867.9,2.0,170,Ratnapark,27.7063,85.3152
2025-08-15T20:00,21.1,99,20.9,868.3,3.1,149,Ratnapark,27.7063,85.3152
2025-08-15T21:00,21.0,99,20.9,868.8,4.3,163,Ratnapark,27.7063,85.3152
2025-08-15T22:00,20.8,99,20.7,869.3,2.8,162,Ratnapark,27.7063,85.3152
2025-08-15T23:00,20.7,100,20.6,869.1,3.5,145,Ratnapark,27.7063,85.3152
2025-08-16T00:00,20.6,100,20.6,868.7,4.5,164,Ratnapark,27.7063,85.3152
2025-08-16T01:00,20.4,96,19.8,868.6,4.0,185,Ratnapark,27.7063,85.3152
2025-08-16T02:00,20.2,99,20.0,868.1,1.3,164,Ratnapark,27.7063,85.3152
2025-08-16T03:00,20.0,100,20.0,868.0,5.1,186,Ratnapark,27.7063,85.3152
2025-08-16T04:00,20.1,98,19.9,868.0,3.0,128,Ratnapark,27.7063,85.3152
2025-08-16T05:00,19.9,100,19.9,867.7,3.3,158,Ratnapark,27.7063,85.3152
2025-08-16T06:00,20.7,99,20.6,868.7,1.2,27,Ratnapark,27.7063,85.3152
2025-08-16T07:00,22.2,90,20.5,869.3,0.4,270,Ratnapark,27.7063,85.3152
2025-08-16T08:00,23.8,83,20.7,869.6,2.1,105,Ratnapark,27.7063,85.3152
2025-08-16T09:00,25.5,74,20.5,869.9,2.7,98,Ratnapark,27.7063,85.3152
2025-08-16T10:00,26.9,71,21.1,869.6,2.6,65,Ratnapark,27.7063,85.3152
2025-08-16T11:00,28.1,68,21.6,869.3,2.9,22,Ratnapark,27.7063,85.3152
2025-08-16T12:00,28.3,65,21.2,868.3,2.0,350,Ratnapark,27.7063,85.3152
2025-08-16T13:00,25.3,78,21.2,867.6,7.9,229,Ratnapark,27.7063,85.3152
2025-08-16T14:00,24.7,82,21.3,867.7,2.7,307,Ratnapark,27.7063,85.3152
2025-08-16T15:00,23.9,85,21.2,866.7,5.2,6,Ratnapark,27.7063,85.3152
2025-08-16T16:00,23.0,91,21.4,866.2,1.2,309,Ratnapark,27.7063,85.3152
2025-08-16T17:00,23.1,91,21.5,866.5,2.2,318,Ratnapark,27.7063,85.3152
2025-08-16T18:00,21.9,96,21.2,867.6,0.8,315,Ratnapark,27.7063,85.3152
2025-08-16T19:00,21.2,99,21.1,868.0,0.6,198,Ratnapark,27.7063,85.3152
2025-08-16T20:00,21.0,100,21.0,868.1,5.2,180,Ratnapark,27.7063,85.3152
2025-08-16T21:00,20.6,100,20.6,868.3,5.3,168,Ratnapark,27.7063,85.3152
2025-08-16T22:00,20.2,100,20.2,869.0,5.1,162,Ratnapark,27.7063,85.3152
2025-08-16T23:00,20.0,100,20.0,869.3,5.5,153,Ratnapark,27.7063,85.3152
2025-08-17T00:00,20.0,100,20.0,869.2,6.7,134,Ratnapark,27.7063,85.3152
2025-08-17T01:00,20.2,99,20.0,868.8,5.7,148,Ratnapark,27.7063,85.3152
2025-08-17T02:00,20.2,99,20.1,868.4,4.2,173,Ratnapark,27.7063,85.3152
2025-08-17T03:00,19.8,100,19.7,867.6,4.1,182,Ratnapark,27.7063,85.3152
2025-08-17T04:00,19.4,100,19.4,867.4,2.8,169,Ratnapark,27.7063,85.3152
2025-08-17T05:00,19.1,100,19.1,867.6,3.3,167,Ratnapark,27.7063,85.3152
2025-08-17T06:00,21.4,98,21.2,869.1,2.9,169,Ratnapark,27.7063,85.3152
2025-08-17T07:00,23.0,93,21.8,870.1,1.5,120,Ratnapark,27.7063,85.3152
2025-08-17T08:00,24.7,81,21.2,871.1,1.3,98,Ratnapark,27.7063,85.3152
2025-08-17T09:00,26.4,76,21.7,871.5,2.3,39,Ratnapark,27.7063,85.3152
2025-08-17T10:00,27.0,75,22.2,871.2,1.9,331,Ratnapark,27.7063,85.3152
2025-08-17T11:00,27.8,71,22.1,870.4,5.0,272,Ratnapark,27.7063,85.3152
2025-08-17T12:00,25.2,78,21.0,869.9,6.6,225,Ratnapark,27.7063,85.3152
2025-08-17T13:00,23.5,86,21.1,869.7,4.3,165,Ratnapark,27.7063,85.3152
2025-08-17T14:00,24.6,82,21.4,868.8,1.5,14,Ratnapark,27.7063,85.3152
2025-08-17T15:00,24.9,83,21.8,868.5,4.7,342,Ratnapark,27.7063,85.3152
2025-08-17T16:00,24.4,79,20.6,868.4,3.1,301,Ratnapark,27.7063,85.3152
2025-08-17T17:00,22.2,93,21.1,869.1,2.0,185,Ratnapark,27.7063,85.3152
2025-08-17T18:00,21.4,98,21.0,870.0,2.2,175,Ratnapark,27.7063,85.3152
2025-08-17T19:00,21.3,98,21.0,870.4,1.6,90,Ratnapark,27.7063,85.3152
2025-08-17T20:00,20.7,100,20.7,871.2,1.8,174,Ratnapark,27.7063,85.3152
2025-08-17T21:00,20.6,99,20.4,871.3,1.9,151,Ratnapark,27.7063,85.3152
2025-08-17T22:00,20.7,98,20.4,871.5,2.4,171,Ratnapark,27.7063,85.3152
2025-08-17T23:00,20.5,98,20.3,871.5,3.2,180,Ratnapark,27.7063,85.3152
2025-08-18T00:00,20.5,98,20.2,870.8,3.6,171,Ratnapark,27.7063,85.3152
2025-08-18T01:00,20.1,99,19.9,870.1,4.0,183,Ratnapark,27.7063,85.3152
2025-08-18T02:00,19.9,100,19.8,869.5,3.8,172,Ratnapark,27.7063,85.3152
2025-08-18T03:00,19.6,100,19.5,869.9,6.2,165,Ratnapark,27.7063,85.3152
2025-08-18T04:00,19.5,99,19.3,869.7,5.4,154,Ratnapark,27.7063,85.3152
2025-08-18T05:00,19.4,99,19.3,870.3,5.2,149,Ratnapark,27.7063,85.3152
2025-08-18T06:00,20.1,99,19.9,870.9,3.6,143,Ratnapark,27.7063,85.3152
2025-08-18T07:00,22.0,90,20.2,872.2,3.8,139,Ratnapark,27.7063,85.3152
2025-08-18T08:00,23.7,82,20.5,872.3,3.0,104,Ratnapark,27.7063,85.3152
2025-08-18T09:00,25.4,75,20.6,872.7,2.6,102,Ratnapark,27.7063,85.3152
2025-08-18T10:00,26.9,70,21.0,872.6,2.4,42,Ratnapark,27.7063,85.3152
2025-08-18T11:00,27.4,69,21.1,871.9,2.6,12,Ratnapark,27.7063,85.3152
2025-08-18T12:00,27.8,65,20.7,871.1,3.6,20,Ratnapark,27.7063,85.3152
2025-08-18T13:00,25.7,76,21.2,870.8,4.5,247,Ratnapark,27.7063,85.3152
2025-08-18T14:00,25.0,79,21.1,869.9,1.4,230,Ratnapark,27.7063,85.3152
2025-08-18T15:00,25.6,77,21.3,869.3,4.4,302,Ratnapark,27.7063,85.3152
2025-08-18T16:00,23.2,86,20.7,868.9,3.5,345,Ratnapark,27.7063,85.3152
2025-08-18T17:00,22.5,91,21.0,868.8,1.6,63,Ratnapark,27.7063,85.3152
2025-08-18T18:00,21.5,93,20.3,869.9,2.7,110,Ratnapark,27.7063,85.3152
2025-08-18T19:00,21.1,95,20.2,870.5,4.3,105,Ratnapark,27.7063,85.3152
2025-08-18T20:00,20.5,95,19.7,870.9,4.9,141,Ratnapark,27.7063,85.3152
2025-08-18T21:00,20.2,99,20.0,871.5,3.5,105,Ratnapark,27.7063,85.3152
2025-08-18T22:00,20.1,98,19.7,871.5,3.6,147,Ratnapark,27.7063,85.3152
2025-08-18T23:00,19.9,99,19.7,871.0,2.9,169,Ratnapark,27.7063,85.3152
2025-08-19T00:00,19.7,100,19.7,869.9,3.0,166,Ratnapark,27.7063,85.3152
2025-08-19T01:00,19.4,100,19.3,869.2,1.1,189,Ratnapark,27.7063,85.3152
2025-08-19T02:00,19.3,100,19.3,868.9,1.1,171,Ratnapark,27.7063,85.3152
2025-08-19T03:00,19.0,99,18.9,868.4,1.8,169,Ratnapark,27.7063,85.3152
2025-08-19T04:00,18.9,99,18.8,868.3,2.2,166,Ratnapark,27.7063,85.3152
2025-08-19T05:00,18.7,100,18.7,868.5,3.8,161,Ratnapark,27.7063,85.3152
2025-08-19T06:00,21.1,98,20.8,869.9,4.0,172,Ratnapark,27.7063,85.3152
2025-08-19T07:00,22.4,92,21.1,870.7,2.4,42,Ratnapark,27.7063,85.3152
2025-08-19T08:00,23.7,84,20.7,870.9,0.9,90,Ratnapark,27.7063,85.3152
2025-08-19T09:00,25.3,75,20.5,871.1,2.7,28,Ratnapark,27.7063,85.3152
2025-08-19T10:00,26.6,69,20.4,871.2,2.7,32,Ratnapark,27.7063,85.3152
2025-08-19T11:00,27.6,63,20.0,870.8,2.3,18,Ratnapark,27.7063,85.3152
2025-08-19T12:00,28.3,60,19.9,869.9,1.2,219,Ratnapark,27.7063,85.3152
2025-08-19T13:00,24.8,76,20.3,869.1,5.3,218,Ratnapark,27.7063,85.3152
2025-08-19T14:00,25.1,77,20.8,868.0,1.9,304,Ratnapark,27.7063,85.3152
2025-08-19T15:00,24.6,79,20.8,867.7,2.9,317,Ratnapark,27.7063,85.3152
2025-08-19T16:00,24.1,79,20.2,867.7,3.2,333,Ratnapark,27.7063,85.3152
2025-08-19T17:00,21.9,93,20.8,868.0,3.0,213,Ratnapark,27.7063,85.3152
2025-08-19T18:00,21.6,95,20.8,869.2,4.5,227,Ratnapark,27.7063,85.3152
2025-08-19T19:00,21.4,98,21.0,869.4,2.0,135,Ratnapark,27.7063,85.3152
2025-08-19T20:00,20.9,100,20.8,870.2,6.2,147,Ratnapark,27.7063,85.3152
2025-08-19T21:00,21.0,98,20.7,870.4,5.0,136,Ratnapark,27.7063,85.3152
2025-08-19T22:00,20.8,98,20.4,870.3,5.2,131,Ratnapark,27.7063,85.3152
2025-08-19T23:00,20.4,98,20.2,870.0,3.9,143,Ratnapark,27.7063,85.3152
2025-08-20T00:00,20.1,100,20.0,869.5,5.2,158,Ratnapark,27.7063,85.3152
2025-08-20T01:00,20.2,99,20.0,868.7,3.9,143,Ratnapark,27.7063,85.3152
2025-08-20T02:00,19.9,99,19.7,868.2,4.0,172,Ratnapark,27.7063,85.3152
2025-08-20T03:00,19.3,100,19.3,867.7,4.1,146,Ratnapark,27.7063,85.3152
2025-08-20T04:00,19.5,100,19.4,867.8,5.2,149,Ratnapark,27.7063,85.3152
2025-08-20T05:00,19.5,100,19.5,868.5,5.0,150,Ratnapark,27.7063,85.3152
2025-08-20T06:00,20.8,98,20.5,869.1,3.8,161,Ratnapark,27.7063,85.3152
2025-08-20T07:00,21.9,93,20.6,870.2,1.2,207,Ratnapark,27.7063,85.3152
2025-08-20T08:00,23.3,86,20.9,870.9,2.2,351,Ratnapark,27.7063,85.3152
2025-08-20T09:00,24.7,82,21.4,871.1,1.9,17,Ratnapark,27.7063,85.3152
2025-08-20T10:00,26.5,72,21.1,870.9,1.2,51,Ratnapark,27.7063,85.3152
2025-08-20T11:00,27.2,67,20.4,870.1,3.3,144,Ratnapark,27.7063,85.3152
2025-08-20T12:00,23.7,80,20.1,869.6,8.2,199,Ratnapark,27.7063,85.3152
2025-08-20T13:00,24.5,79,20.5,869.0,5.3,327,Ratnapark,27.7063,85.3152
2025-08-20T14:00,24.3,80,20.6,867.9,7.1,353,Ratnapark,27.7063,85.3152
2025-08-20T15:00,24.0,86,21.6,867.1,2.5,315,Ratnapark,27.7063,85.3152
2025-08-20T16:00,24.1,81,20.5,866.9,3.1,211,Ratnapark,27.7063,85.3152
2025-08-20T17:00,23.5,82,20.1,867.1,3.9,193,Ratnapark,27.7063,85.3152
2025-08-20T18:00,22.1,93,20.9,867.8,2.0,153,Ratnapark,27.7063,85.3152
2025-08-20T19:00,21.4,97,20.9,868.4,4.6,191,Ratnapark,27.7063,85.3152
2025-08-20T20:00,20.9,98,20.6,869.2,5.6,184,Ratnapark,27.7063,85.3152
2025-08-20T21:00,20.5,99,20.3,870.0,4.6,198,Ratnapark,27.7063,85.3152
2025-08-20T22:00,20.2,99,20.1,870.4,1.0,202,Ratnapark,27.7063,85.3152
2025-08-20T23:00,20.4,98,20.1,870.6,1.4,203,Ratnapark,27.7063,85.3152
2025-08-21T00:00,20.3,98,20.1,870.2,3.2,124,Ratnapark,27.7063,85.3152
2025-08-21T01:00,20.2,98,19.9,869.6,4.5,113,Ratnapark,27.7063,85.3152
2025-08-21T02:00,20.1,98,19.8,869.0,2.7,132,Ratnapark,27.7063,85.3152
2025-08-21T03:00,19.9,98,19.5,868.5,2.9,137,Ratnapark,27.7063,85.3152
2025-08-21T04:00,19.7,97,19.3,868.2,3.9,158,Ratnapark,27.7063,85.3152
2025-08-21T05:00,19.5,98,19.1,868.4,3.6,160,Ratnapark,27.7063,85.3152
2025-08-21T06:00,20.8,98,20.4,869.2,4.2,144,Ratnapark,27.7063,85.3152
2025-08-21T07:00,22.4,87,20.2,870.3,4.0,175,Ratnapark,27.7063,85.3152
2025-08-21T08:00,23.7,85,21.1,870.8,1.9,343,Ratnapark,27.7063,85.3152
2025-08-21T09:00,24.9,81,21.4,870.9,2.5,356,Ratnapark,27.7063,85.3152
2025-08-21T10:00,26.3,74,21.3,870.8,4.2,355,Ratnapark,27.7063,85.3152
2025-08-21T11:00,27.2,69,21.1,870.2,2.1,308,Ratnapark,27.7063,85.3152
2025-08-21T12:00,24.3,76,19.7,869.2,8.8,235,Ratnapark,27.7063,85.3152
2025-08-21T13:00,23.3,86,20.9,868.3,3.9,257,Ratnapark,27.7063,85.3152
2025-08-21T14:00,24.4,80,20.7,867.0,1.5,249,Ratnapark,27.7063,85.3152
2025-08-21T15:00,23.9,81,20.4,866.4,7.5,310,Ratnapark,27.7063,85.3152
2025-08-21T16:00,23.6,84,20.7,866.0,4.0,278,Ratnapark,27.7063,85.3152
2025-08-21T17:00,23.3,85,20.6,866.2,3.2,254,Ratnapark,27.7063,85.3152
2025-08-21T18:00,22.6,90,20.9,868.0,1.8,217,Ratnapark,27.7063,85.3152
2025-08-21T19:00,21.7,95,20.8,868.4,3.6,110,Ratnapark,27.7063,85.3152
2025-08-21T20:00,21.5,96,20.9,869.0,4.7,113,Ratnapark,27.7063,85.3152
2025-08-21T21:00,21.0,98,20.7,869.4,3.4,96,Ratnapark,27.7063,85.3152
2025-08-21T22:00,20.7,100,20.6,869.6,5.0,145,Ratnapark,27.7063,85.3152
2025-08-21T23:00,20.6,99,20.5,869.3,4.2,108,Ratnapark,27.7063,85.3152
2025-08-22T00:00,20.4,100,20.3,868.6,4.0,150,Ratnapark,27.7063,85.3152
2025-08-22T01:00,20.2,99,20.1,867.5,2.9,120,Ratnapark,27.7063,85.3152
2025-08-22T02:00,19.9,100,19.8,867.0,3.8,185,Ratnapark,27.7063,85.3152
2025-08-22T03:00,19.5,100,19.5,866.6,0.8,153,Ratnapark,27.7063,85.3152
2025-08-22T04:00,19.4,100,19.4,866.4,2.0,153,Ratnapark,27.7063,85.3152
2025-08-22T05:00,19.1,100,19.1,866.5,4.1,157,Ratnapark,27.7063,85.3152
2025-08-22T06:00,21.1,98,20.7,867.2,1.3,146,Ratnapark,27.7063,85.3152
2025-08-22T07:00,22.1,91,20.6,867.5,2.2,265,Ratnapark,27.7063,85.3152
2025-08-22T08:00,23.3,85,20.7,868.0,1.0,211,Ratnapark,27.7063,85.3152
2025-08-22T09:00,24.8,78,20.6,868.3,2.3,176,Ratnapark,27.7063,85.3152
2025-08-22T10:00,26.6,73,21.3,868.3,1.7,162,Ratnapark,27.7063,85.3152
2025-08-22T11:00,26.5,72,21.0,867.7,4.7,230,Ratnapark,27.7063,85.3152
2025-08-22T12:00,24.7,78,20.6,867.4,6.3,231,Ratnapark,27.7063,85.3152
2025-08-22T13:00,24.2,82,20.9,866.3,2.1,218,Ratnapark,27.7063,85.3152
2025-08-22T14:00,24.1,85,21.4,865.3,3.6,360,Ratnapark,27.7063,85.3152
2025-08-22T15:00,23.5,83,20.4,864.7,4.5,16,Ratnapark,27.7063,85.3152
2025-08-22T16:00,23.1,84,20.3,865.0,3.8,265,Ratnapark,27.7063,85.3152
2025-08-22T17:00,21.9,91,20.4,865.5,3.8,267,Ratnapark,27.7063,85.3152
2025-08-22T18:00,21.7,96,20.9,866.3,1.9,146,Ratnapark,27.7063,85.3152
2025-08-22T19:00,21.5,96,20.9,867.3,2.8,162,Ratnapark,27.7063,85.3152
2025-08-22T20:00,21.4,97,20.9,867.7,4.2,173,Ratnapark,27.7063,85.3152
2025-08-22T21:00,21.1,98,20.8,868.1,1.9,151,Ratnapark,27.7063,85.3152
2025-08-22T22:00,20.9,100,20.9,868.2,1.4,140,Ratnapark,27.7063,85.3152
2025-08-22T23:00,20.7,99,20.6,867.9,1.4,180,Ratnapark,27.7063,85.3152
2025-08-23T00:00,20.4,100,20.4,867.0,1.4,270,Ratnapark,27.7063,85.3152
2025-08-23T01:00,20.2,100,20.2,866.4,4.7,288,Ratnapark,27.7063,85.3152
2025-08-23T02:00,20.1,100,20.0,866.0,4.0,291,Ratnapark,27.7063,85.3152
2025-08-23T03:00,20.1,99,20.0,865.8,4.9,298,Ratnapark,27.7063,85.3152
2025-08-23T04:00,19.9,99,19.7,865.6,1.5,291,Ratnapark,27.7063,85.3152
2025-08-23T05:00,19.8,99,19.7,865.7,2.7,143,Ratnapark,27.7063,85.3152
2025-08-23T06:00,20.1,98,19.8,866.4,0.7,166,Ratnapark,27.7063,85.3152
2025-08-23T07:00,21.2,93,20.0,867.6,2.7,262,Ratnapark,27.7063,85.3152
2025-08-23T08:00,22.7,87,20.5,868.3,1.7,288,Ratnapark,27.7063,85.3152
2025-08-23T09:00,24.0,79,20.2,868.7,3.1,294,Ratnapark,27.7063,85.3152
2025-08-23T10:00,25.5,75,20.7,868.4,4.8,323,Ratnapark,27.7063,85.3152
2025-08-23T11:00,26.7,71,21.1,867.7,5.3,325,Ratnapark,27.7063,85.3152
2025-08-23T12:00,26.7,72,21.3,867.0,7.5,300,Ratnapark,27.7063,85.3152
2025-08-23T13:00,25.1,77,20.9,866.3,5.7,298,Ratnapark,27.7063,85.3152
2025-08-23T14:00,25.4,76,20.8,865.5,1.8,336,Ratnapark,27.7063,85.3152
2025-08-23T15:00,25.7,73,20.4,864.9,6.5,309,Ratnapark,27.7063,85.3152
2025-08-23T16:00,23.8,81,20.3,865.0,3.6,250,Ratnapark,27.7063,85.3152
2025-08-23T17:00,22.6,90,20.8,865.1,3.2,164,Ratnapark,27.7063,85.3152
2025-08-23T18:00,22.4,92,21.1,866.2,3.1,177,Ratnapark,27.7063,85.3152
2025-08-23T19:00,21.7,95,20.8,866.6,6.6,193,Ratnapark,27.7063,85.3152
2025-08-23T20:00,21.3,94,20.3,867.3,5.9,200,Ratnapark,27.7063,85.3152
2025-08-23T21:00,20.9,95,20.1,867.9,5.4,186,Ratnapark,27.7063,85.3152
2025-08-23T22:00,20.4,98,20.1,867.8,4.9,178,Ratnapark,27.7063,85.3152
2025-08-23T23:00,19.9,99,19.8,867.6,1.8,186,Ratnapark,27.7063,85.3152
2025-08-24T00:00,19.7,100,19.7,867.1,1.8,180,Ratnapark,27.7063,85.3152
2025-08-24T01:00,19.4,100,19.4,866.7,0.9,169,Ratnapark,27.7063,85.3152
2025-08-24T02:00,19.6,100,19.5,866.4,2.4,171,Ratnapark,27.7063,85.3152
2025-08-24T03:00,19.5,99,19.4,866.0,4.9,180,Ratnapark,27.7063,85.3152
2025-08-24T04:00,19.4,99,19.3,865.7,3.8,169,Ratnapark,27.7063,85.3152
2025-08-24T05:00,19.1,100,19.1,866.3,4.4,161,Ratnapark,27.7063,85.3152
2025-08-24T06:00,20.7,98,20.4,867.0,5.1,163,Ratnapark,27.7063,85.3152
2025-08-24T07:00,22.7,92,21.3,868.1,2.2,189,Ratnapark,27.7063,85.3152
2025-08-24T08:00,24.8,79,20.9,869.2,0.5,90,Ratnapark,27.7063,85.3152
2025-08-24T09:00,26.3,74,21.3,870.1,0.7,14,Ratnapark,27.7063,85.3152
2025-08-24T10:00,27.6,68,21.1,869.7,4.4,83,Ratnapark,27.7063,85.3152
2025-08-24T11:00,24.8,75,20.1,869.4,7.0,140,Ratnapark,27.7063,85.3152
2025-08-24T12:00,25.8,77,21.4,869.0,5.1,117,Ratnapark,27.7063,85.3152
2025-08-24T13:00,26.1,73,20.9,868.2,6.0,73,Ratnapark,27.7063,85.3152
2025-08-24T14:00,26.1,73,20.9,867.4,4.0,100,Ratnapark,27.7063,85.3152
2025-08-24T15:00,25.6,76,21.0,867.1,3.2,109,Ratnapark,27.7063,85.3152
2025-08-24T16:00,25.1,78,21.0,866.9,2.5,150,Ratnapark,27.7063,85.3152
2025-08-24T17:00,22.4,90,20.6,866.9,4.6,191,Ratnapark,27.7063,85.3152
2025-08-24T18:00,22.0,97,21.4,867.6,0.7,180,Ratnapark,27.7063,85.3152
2025-08-24T19:00,21.2,97,20.7,868.3,3.5,215,Ratnapark,27.7063,85.3152
2025-08-24T20:00,20.5,99,20.4,868.9,1.5,216,Ratnapark,27.7063,85.3152
2025-08-24T21:00,20.4,100,20.4,869.5,4.4,171,Ratnapark,27.7063,85.3152
2025-08-24T22:00,20.4,99,20.2,869.5,3.0,166,Ratnapark,27.7063,85.3152
2025-08-24T23:00,20.1,98,19.9,869.2,2.0,170,Ratnapark,27.7063,85.3152
2025-08-25T00:00,19.9,99,19.8,868.6,3.6,153,Ratnapark,27.7063,85.3152
2025-08-25T01:00,19.8,99,19.6,868.1,5.0,154,Ratnapark,27.7063,85.3152
2025-08-25T02:00,19.9,99,19.7,868.1,4.7,152,Ratnapark,27.7063,85.3152
2025-08-25T03:00,19.7,100,19.7,867.8,4.0,148,Ratnapark,27.7063,85.3152
2025-08-25T04:00,19.6,99,19.4,867.6,3.3,174,Ratnapark,27.7063,85.3152
2025-08-25T05:00,19.5,98,19.3,868.4,3.1,159,Ratnapark,27.7063,85.3152
2025-08-25T06:00,20.7,99,20.5,869.0,3.5,129,Ratnapark,27.7063,85.3152
2025-08-25T07:00,22.0,93,20.7,869.7,1.1,198,Ratnapark,27.7063,85.3152
2025-08-25T08:00,23.7,84,20.8,870.4,2.1,110,Ratnapark,27.7063,85.3152
2025-08-25T09:00,25.3,77,21.0,871.0,2.7,127,Ratnapark,27.7063,85.3152
2025-08-25T10:00,26.2,72,20.8,870.8,3.2,133,Ratnapark,27.7063,85.3152
2025-08-25T11:00,26.0,73,20.7,870.4,4.8,222,Ratnapark,27.7063,85.3152
2025-08-25T12:00,25.0,78,20.9,870.3,2.0,333,Ratnapark,27.7063,85.3152
2025-08-25T13:00,25.2,77,20.8,869.3,3.6,18,Ratnapark,27.7063,85.3152
2025-08-25T14:00,23.5,82,20.3,868.3,4.9,80,Ratnapark,27.7063,85.3152
2025-08-25T15:00,24.0,82,20.7,867.4,0.5,225,Ratnapark,27.7063,85.3152
2025-08-25T16:00,23.8,80,20.2,866.9,2.2,48,Ratnapark,27.7063,85.3152
2025-08-25T17:00,23.0,87,20.6,867.5,2.3,342,Ratnapark,27.7063,85.3152
2025-08-25T18:00,21.9,95,21.0,868.8,2.6,141,Ratnapark,27.7063,85.3152
2025-08-25T19:00,21.4,98,21.0,869.3,3.3,151,Ratnapark,27.7063,85.3152
2025-08-25T20:00,21.0,98,20.7,869.7,3.3,167,Ratnapark,27.7063,85.3152
2025-08-25T21:00,20.5,99,20.3,870.1,3.8,172,Ratnapark,27.7063,85.3152
2025-08-25T22:00,20.1,99,19.9,870.5,5.5,157,Ratnapark,27.7063,85.3152
2025-08-25T23:00,19.4,98,19.1,870.6,5.1,126,Ratnapark,27.7063,85.3152
2025-08-26T00:00,18.8,100,18.7,870.5,5.8,141,Ratnapark,27.7063,85.3152
2025-08-26T01:00,18.5,97,18.0,869.8,5.1,157,Ratnapark,27.7063,85.3152
2025-08-26T02:00,18.3,97,17.9,868.9,5.4,160,Ratnapark,27.7063,85.3152
2025-08-26T03:00,18.2,98,17.9,868.6,4.7,164,Ratnapark,27.7063,85.3152
2025-08-26T04:00,17.9,100,17.9,868.2,5.0,159,Ratnapark,27.7063,85.3152
2025-08-26T05:00,17.9,100,17.9,868.9,4.6,154,Ratnapark,27.7063,85.3152
2025-08-26T06:00,20.0,93,18.8,870.3,4.9,144,Ratnapark,27.7063,85.3152
2025-08-26T07:00,22.0,94,21.0,871.6,3.3,135,Ratnapark,27.7063,85.3152
2025-08-26T08:00,23.6,85,20.9,872.2,2.1,52,Ratnapark,27.7063,85.3152
2025-08-26T09:00,24.9,78,20.7,872.5,2.3,18,Ratnapark,27.7063,85.3152
2025-08-26T10:00,26.4,69,20.2,872.3,0.6,146,Ratnapark,27.7063,85.3152
2025-08-26T11:00,26.8,68,20.5,872.0,2.0,270,Ratnapark,27.7063,85.3152
2025-08-26T12:00,27.0,65,19.8,871.1,5.4,266,Ratnapark,27.7063,85.3152
2025-08-26T13:00,24.3,80,20.7,870.5,5.0,270,Ratnapark,27.7063,85.3152
2025-08-26T14:00,24.5,81,21.0,869.6,3.9,298,Ratnapark,27.7063,85.3152
2025-08-26T15:00,23.9,82,20.6,868.4,5.7,302,Ratnapark,27.7063,85.3152
2025-08-26T16:00,23.0,85,20.3,868.1,0.5,270,Ratnapark,27.7063,85.3152
2025-08-26T17:00,21.7,94,20.8,867.7,4.3,332,Ratnapark,27.7063,85.3152
2025-08-26T18:00,21.6,97,21.1,869.2,1.1,99,Ratnapark,27.7063,85.3152
2025-08-26T19:00,21.3,99,21.2,869.9,1.4,270,Ratnapark,27.7063,85.3152
2025-08-26T20:00,21.1,99,20.9,870.3,2.1,285,Ratnapark,27.7063,85.3152
2025-08-26T21:00,21.1,99,21.0,870.7,1.5,159,Ratnapark,27.7063,85.3152
2025-08-26T22:00,21.0,100,21.0,871.0,3.9,127,Ratnapark,27.7063,85.3152
2025-08-26T23:00,20.7,100,20.7,870.5,3.4,122,Ratnapark,27.7063,85.3152
2025-08-27T00:00,20.8,99,20.7,869.8,3.0,166,Ratnapark,27.7063,85.3152
2025-08-27T01:00,20.5,99,20.3,869.0,4.7,164,Ratnapark,27.7063,85.3152
2025-08-27T02:00,20.2,100,20.2,868.3,5.0,161,Ratnapark,27.7063,85.3152
2025-08-27T03:00,19.7,100,19.7,868.0,5.0,161,Ratnapark,27.7063,85.3152
2025-08-27T04:00,19.5,100,19.4,867.9,4.6,159,Ratnapark,27.7063,85.3152
2025-08-27T05:00,19.1,100,19.1,867.9,3.7,166,Ratnapark,27.7063,85.3152
2025-08-27T06:00,21.1,99,21.0,869.1,4.8,124,Ratnapark,27.7063,85.3152
2025-08-27T07:00,22.2,93,21.1,870.0,1.6,186,Ratnapark,27.7063,85.3152
2025-08-27T08:00,23.1,88,21.0,870.5,1.8,323,Ratnapark,27.7063,85.3152
2025-08-27T09:00,24.5,80,20.8,871.1,2.2,305,Ratnapark,27.7063,85.3152
2025-08-27T10:00,25.9,75,21.1,871.0,2.3,315,Ratnapark,27.7063,85.3152
2025-08-27T11:00,26.8,71,21.2,870.5,1.1,288,Ratnapark,27.7063,85.3152
2025-08-27T12:00,26.1,73,20.8,869.5,3.1,283,Ratnapark,27.7063,85.3152
2025-08-27T13:00,25.6,76,21.0,868.9,6.0,263,Ratnapark,27.7063,85.3152
2025-08-27T14:00,24.1,79,20.1,868.3,5.2,266,Ratnapark,27.7063,85.3152
2025-08-27T15:00,23.6,84,20.7,867.5,4.0,190,Ratnapark,27.7063,85.3152
2025-08-27T16:00,23.3,82,20.1,867.1,3.6,252,Ratnapark,27.7063,85.3152
2025-08-27T17:00,22.6,88,20.5,867.1,2.1,308,Ratnapark,27.7063,85.3152
2025-08-27T18:00,21.8,94,20.8,868.6,2.7,233,Ratnapark,27.7063,85.3152
2025-08-27T19:00,21.6,97,21.0,869.2,1.9,41,Ratnapark,27.7063,85.3152
2025-08-27T20:00,21.4,95,20.6,869.9,2.4,63,Ratnapark,27.7063,85.3152
2025-08-27T21:00,21.2,98,20.9,870.0,3.5,105,Ratnapark,27.7063,85.3152
2025-08-27T22:00,21.2,97,20.7,870.2,4.5,104,Ratnapark,27.7063,85.3152
2025-08-27T23:00,21.1,95,20.2,870.1,2.5,86,Ratnapark,27.7063,85.3152
2025-08-28T00:00,20.7,99,20.5,869.2,4.1,124,Ratnapark,27.7063,85.3152
2025-08-28T01:00,20.8,97,20.3,868.9,2.4,144,Ratnapark,27.7063,85.3152
2025-08-28T02:00,20.8,96,20.1,868.8,0.6,18,Ratnapark,27.7063,85.3152
2025-08-28T03:00,20.6,98,20.2,868.4,0.2,360,Ratnapark,27.7063,85.3152
2025-08-28T04:00,20.5,98,20.1,868.4,2.4,81,Ratnapark,27.7063,85.3152
2025-08-28T05:00,20.4,98,20.2,868.7,2.9,90,Ratnapark,27.7063,85.3152
2025-08-28T06:00,20.7,96,20.0,869.8,2.3,113,Ratnapark,27.7063,85.3152
2025-08-28T07:00,20.8,97,20.3,870.1,2.9,120,Ratnapark,27.7063,85.3152
2025-08-28T08:00,21.1,96,20.5,870.3,2.4,144,Ratnapark,27.7063,85.3152
2025-08-28T09:00,21.6,93,20.5,870.6,3.7,129,Ratnapark,27.7063,85.3152
2025-08-28T10:00,22.8,87,20.5,870.4,4.0,120,Ratnapark,27.7063,85.3152
2025-08-28T11:00,23.8,81,20.3,870.1,3.1,97,Ratnapark,27.7063,85.3152
2025-08-28T12:00,25.2,74,20.2,869.4,1.1,162,Ratnapark,27.7063,85.3152
2025-08-28T13:00,25.7,75,20.9,868.4,3.6,288,Ratnapark,27.7063,85.3152
2025-08-28T14:00,25.7,78,21.6,867.6,5.9,317,Ratnapark,27.7063,85.3152
2025-08-28T15:00,23.3,84,20.3,867.0,4.7,320,Ratnapark,27.7063,85.3152
2025-08-28T16:00,22.9,88,20.9,866.8,1.3,106,Ratnapark,27.7063,85.3152
2025-08-28T17:00,22.6,91,21.0,866.8,0.7,256,Ratnapark,27.7063,85.3152
2025-08-28T18:00,21.1,98,20.7,868.4,2.2,275,Ratnapark,27.7063,85.3152
2025-08-28T19:00,21.1,96,20.4,869.3,2.5,172,Ratnapark,27.7063,85.3152
2025-08-28T20:00,21.1,98,20.7,869.8,3.0,128,Ratnapark,27.7063,85.3152
2025-08-28T21:00,20.7,98,20.4,870.3,4.4,117,Ratnapark,27.7063,85.3152
2025-08-28T22:00,20.6,98,20.3,870.5,4.1,135,Ratnapark,27.7063,85.3152
2025-08-28T23:00,20.6,99,20.4,870.2,3.7,137,Ratnapark,27.7063,85.3152
2025-08-29T00:00,20.5,99,20.4,869.5,2.7,110,Ratnapark,27.7063,85.3152
2025-08-29T01:00,20.4,98,20.1,869.4,4.4,122,Ratnapark,27.7063,85.3152
2025-08-29T02:00,20.3,99,20.1,869.0,4.2,121,Ratnapark,27.7063,85.3152
2025-08-29T03:00,20.1,99,20.0,869.0,4.6,141,Ratnapark,27.7063,85.3152
2025-08-29T04:00,20.0,99,19.8,869.1,5.5,153,Ratnapark,27.7063,85.3152
2025-08-29T05:00,19.8,99,19.6,869.3,5.4,150,Ratnapark,27.7063,85.3152
2025-08-29T06:00,20.4,100,20.4,870.1,3.5,111,Ratnapark,27.7063,85.3152
2025-08-29T07:00,20.9,96,20.2,870.7,4.2,130,Ratnapark,27.7063,85.3152
2025-08-29T08:00,21.7,92,20.3,871.3,4.4,128,Ratnapark,27.7063,85.3152
2025-08-29T09:00,22.7,87,20.3,871.9,2.3,135,Ratnapark,27.7063,85.3152
2025-08-29T10:00,22.8,90,21.1,871.8,4.1,61,Ratnapark,27.7063,85.3152
2025-08-29T11:00,23.7,86,21.3,871.4,5.9,70,Ratnapark,27.7063,85.3152
2025-08-29T12:00,24.7,80,21.0,870.7,6.5,76,Ratnapark,27.7063,85.3152
2025-08-29T13:00,26.0,73,20.8,870.3,5.4,69,Ratnapark,27.7063,85.3152
2025-08-29T14:00,24.9,78,20.9,868.8,2.7,58,Ratnapark,27.7063,85.3152
2025-08-29T15:00,24.8,78,20.6,868.5,0.8,153,Ratnapark,27.7063,85.3152
2025-08-29T16:00,24.5,80,20.8,868.9,0.7,166,Ratnapark,27.7063,85.3152
2025-08-29T17:00,22.6,90,20.9,869.1,3.8,177,Ratnapark,27.7063,85.3152
2025-08-29T18:00,21.8,96,21.1,870.0,4.3,135,Ratnapark,27.7063,85.3152
2025-08-29T19:00,21.5,97,20.9,870.3,5.7,143,Ratnapark,27.7063,85.3152
2025-08-29T20:00,21.0,98,20.7,871.1,5.6,155,Ratnapark,27.7063,85.3152
2025-08-29T21:00,20.9,98,20.5,871.7,6.0,153,Ratnapark,27.7063,85.3152
2025-08-29T22:00,20.6,98,20.4,871.9,5.1,163,Ratnapark,27.7063,85.3152
2025-08-29T23:00,20.3,99,20.1,871.7,4.0,170,Ratnapark,27.7063,85.3152
2025-08-30T00:00,20.2,97,19.7,871.4,2.4,207,Ratnapark,27.7063,85.3152
2025-08-30T01:00,19.8,98,19.5,871.2,2.5,184,Ratnapark,27.7063,85.3152
2025-08-30T02:00,19.6,100,19.6,870.7,1.5,216,Ratnapark,27.7063,85.3152
2025-08-30T03:00,19.6,100,19.6,870.7,0.7,194,Ratnapark,27.7063,85.3152
2025-08-30T04:00,19.7,99,19.5,870.7,1.8,180,Ratnapark,27.7063,85.3152
2025-08-30T05:00,19.7,99,19.6,870.8,2.0,185,Ratnapark,27.7063,85.3152
2025-08-30T06:00,20.6,98,20.3,872.0,2.7,148,Ratnapark,27.7063,85.3152
2025-08-30T07:00,20.9,98,20.5,872.7,1.5,166,Ratnapark,27.7063,85.3152
2025-08-30T08:00,22.3,92,20.9,873.2,0.6,56,Ratnapark,27.7063,85.3152
2025-08-30T09:00,23.6,86,21.2,873.3,2.4,9,Ratnapark,27.7063,85.3152
2025-08-30T10:00,24.6,81,21.1,873.1,0.0,270,Ratnapark,27.7063,85.3152
2025-08-30T11:00,26.6,73,21.3,872.8,0.3,45,Ratnapark,27.7063,85.3152
2025-08-30T12:00,26.4,70,20.6,871.6,0.7,256,Ratnapark,27.7063,85.3152
2025-08-30T13:00,24.0,80,20.4,870.6,5.2,248,Ratnapark,27.7063,85.3152
2025-08-30T14:00,23.4,84,20.6,869.8,4.6,309,Ratnapark,27.7063,85.3152
2025-08-30T15:00,23.1,87,20.8,869.4,0.6,304,Ratnapark,27.7063,85.3152
2025-08-30T16:00,23.2,86,20.6,869.1,5.2,295,Ratnapark,27.7063,85.3152
2025-08-30T17:00,22.3,90,20.7,869.2,2.3,331,Ratnapark,27.7063,85.3152
2025-08-30T18:00,21.7,96,21.1,870.5,1.5,104,Ratnapark,27.7063,85.3152
2025-08-30T19:00,20.9,97,20.4,871.1,2.9,169,Ratnapark,27.7063,85.3152
2025-08-30T20:00,20.6,99,20.4,871.8,4.4,173,Ratnapark,27.7063,85.3152
2025-08-30T21:00,20.3,96,19.7,872.1,4.5,182,Ratnapark,27.7063,85.3152
2025-08-30T22:00,20.3,98,20.0,872.2,3.8,155,Ratnapark,27.7063,85.3152
2025-08-30T23:00,19.8,99,19.6,871.9,3.2,177,Ratnapark,27.7063,85.3152
2025-08-31T00:00,19.9,98,19.6,871.1,4.3,156,Ratnapark,27.7063,85.3152
2025-08-31T01:00,19.8,98,19.4,870.8,5.8,144,Ratnapark,27.7063,85.3152
2025-08-31T02:00,19.5,98,19.3,870.1,6.3,156,Ratnapark,27.7063,85.3152
2025-08-31T03:00,19.5,98,19.3,869.7,4.1,124,Ratnapark,27.7063,85.3152
2025-08-31T04:00,19.3,98,19.1,870.1,5.9,142,Ratnapark,27.7063,85.3152
2025-08-31T05:00,19.3,98,19.0,870.5,5.7,139,Ratnapark,27.7063,85.3152
2025-08-31T06:00,20.0,96,19.4,871.2,4.1,131,Ratnapark,27.7063,85.3152
2025-08-31T07:00,20.9,94,20.0,872.1,1.1,72,Ratnapark,27.7063,85.3152
2025-08-31T08:00,21.9,90,20.2,872.5,2.2,76,Ratnapark,27.7063,85.3152
2025-08-31T09:00,23.4,86,20.8,872.5,3.3,61,Ratnapark,27.7063,85.3152
2025-08-31T10:00,25.3,76,20.9,872.3,3.9,77,Ratnapark,27.7063,85.3152
2025-08-31T11:00,26.0,74,20.9,871.7,1.7,32,Ratnapark,27.7063,85.3152
2025-08-31T12:00,25.8,75,20.9,870.8,5.8,275,Ratnapark,27.7063,85.3152
2025-08-31T13:00,22.6,83,19.6,869.9,4.6,259,Ratnapark,27.7063,85.3152
2025-08-31T14:00,23.1,84,20.2,868.7,2.7,8,Ratnapark,27.7063,85.3152
2025-08-31T15:00,23.5,82,20.2,867.7,3.2,27,Ratnapark,27.7063,85.3152
2025-08-31T16:00,23.6,82,20.3,867.5,0.8,27,Ratnapark,27.7063,85.3152
2025-08-31T17:00,22.9,85,20.3,867.2,3.6,30,Ratnapark,27.7063,85.3152
2025-08-31T18:00,20.9,95,20.1,868.5,1.5,339,Ratnapark,27.7063,85.3152
2025-08-31T19:00,20.5,98,20.2,869.1,2.1,38,Ratnapark,27.7063,85.3152
2025-08-31T20:00,20.2,98,20.0,869.9,4.4,32,Ratnapark,27.7063,85.3152
2025-08-31T21:00,20.3,99,20.1,870.3,3.5,99,Ratnapark,27.7063,85.3152
2025-08-31T22:00,20.3,98,20.0,870.2,4.3,68,Ratnapark,27.7063,85.3152
2025-08-31T23:00,20.2,98,19.9,869.8,3.9,143,Ratnapark,27.7063,85.3152
2025-09-01T00:00,20.1,98,19.7,869.3,3.4,148,Ratnapark,27.7063,85.3152
2025-09-01T01:00,19.8,100,19.8,868.8,3.6,147,Ratnapark,27.7063,85.3152
2025-09-01T02:00,19.4,100,19.3,868.3,3.2,146,Ratnapark,27.7063,85.3152
2025-09-01T03:00,18.7,99,18.5,868.3,2.9,137,Ratnapark,27.7063,85.3152
2025-09-01T04:00,18.8,98,18.5,868.0,4.9,123,Ratnapark,27.7063,85.3152
2025-09-01T05:00,18.4,99,18.2,867.6,4.9,141,Ratnapark,27.7063,85.3152
2025-09-01T06:00,19.5,99,19.3,868.4,5.7,145,Ratnapark,27.7063,85.3152
2025-09-01T07:00,21.6,92,20.2,869.5,4.8,138,Ratnapark,27.7063,85.3152
2025-09-01T08:00,23.4,81,20.0,870.3,2.6,78,Ratnapark,27.7063,85.3152
2025-09-01T09:00,24.9,74,20.0,870.6,3.5,66,Ratnapark,27.7063,85.3152
2025-09-01T10:00,26.4,68,19.9,870.4,3.5,81,Ratnapark,27.7063,85.3152
2025-09-01T11:00,27.9,64,20.5,870.1,1.6,96,Ratnapark,27.7063,85.3152
2025-09-01T12:00,28.1,64,20.8,869.2,2.7,242,Ratnapark,27.7063,85.3152
2025-09-01T13:00,24.7,79,20.7,868.3,7.6,239,Ratnapark,27.7063,85.3152
2025-09-01T14:00,25.0,76,20.5,867.3,2.4,73,Ratnapark,27.7063,85.3152
2025-09-01T15:00,25.1,73,20.0,866.3,2.7,360,Ratnapark,27.7063,85.3152
2025-09-01T16:00,23.5,83,20.4,865.7,3.1,193,Ratnapark,27.7063,85.3152
2025-09-01T17:00,23.0,86,20.5,865.9,1.8,191,Ratnapark,27.7063,85.3152
2025-09-01T18:00,20.6,98,20.3,867.7,3.5,75,Ratnapark,27.7063,85.3152
2025-09-01T19:00,19.7,97,19.2,868.4,6.1,76,Ratnapark,27.7063,85.3152
2025-09-01T20:00,19.6,97,19.1,869.4,6.2,144,Ratnapark,27.7063,85.3152
2025-09-01T21:00,19.5,97,18.9,869.2,4.2,140,Ratnapark,27.7063,85.3152
2025-09-01T22:00,18.9,100,18.9,869.1,5.2,139,Ratnapark,27.7063,85.3152
2025-09-01T23:00,18.6,98,18.4,868.4,7.6,149,Ratnapark,27.7063,85.3152
2025-09-02T00:00,18.3,99,18.2,867.2,7.7,159,Ratnapark,27.7063,85.3152
2025-09-02T01:00,18.0,99,17.9,866.1,5.4,159,Ratnapark,27.7063,85.3152
2025-09-02T02:00,17.7,100,17.7,865.6,4.6,169,Ratnapark,27.7063,85.3152
2025-09-02T03:00,17.5,100,17.5,865.4,5.7,169,Ratnapark,27.7063,85.3152
2025-09-02T04:00,17.6,99,17.5,866.0,3.8,161,Ratnapark,27.7063,85.3152
2025-09-02T05:00,17.7,98,17.5,866.5,5.1,163,Ratnapark,27.7063,85.3152
2025-09-02T06:00,19.1,99,19.0,868.4,8.2,154,Ratnapark,27.7063,85.3152
2025-09-02T07:00,21.6,92,20.2,870.2,4.0,188,Ratnapark,27.7063,85.3152
2025-09-02T08:00,23.4,82,20.2,870.9,1.8,354,Ratnapark,27.7063,85.3152
2025-09-02T09:00,24.5,76,19.9,871.2,3.4,313,Ratnapark,27.7063,85.3152
2025-09-02T10:00,25.6,72,20.3,871.0,4.4,325,Ratnapark,27.7063,85.3152
2025-09-02T11:00,26.8,67,20.2,870.8,3.4,254,Ratnapark,27.7063,85.3152
2025-09-02T12:00,26.1,70,20.3,869.8,3.4,264,Ratnapark,27.7063,85.3152
2025-09-02T13:00,26.3,72,20.7,868.9,2.7,323,Ratnapark,27.7063,85.3152
2025-09-02T14:00,26.6,70,20.7,868.0,4.4,333,Ratnapark,27.7063,85.3152
2025-09-02T15:00,24.9,76,20.3,867.5,5.1,312,Ratnapark,27.7063,85.3152
2025-09-02T16:00,23.7,82,20.3,867.7,1.5,194,Ratnapark,27.7063,85.3152
2025-09-02T17:00,22.8,84,20.0,867.9,3.1,201,Ratnapark,27.7063,85.3152
2025-09-02T18:00,21.7,96,21.0,868.7,3.4,212,Ratnapark,27.7063,85.3152
2025-09-02T19:00,21.0,99,20.9,869.4,2.2,275,Ratnapark,27.7063,85.3152
2025-09-02T20:00,20.6,99,20.4,870.5,7.6,194,Ratnapark,27.7063,85.3152
2025-09-02T21:00,20.5,98,20.1,870.4,3.7,113,Ratnapark,27.7063,85.3152
2025-09-02T22:00,20.1,98,19.7,871.0,6.7,142,Ratnapark,27.7063,85.3152
2025-09-02T23:00,19.8,98,19.5,870.7,6.2,139,Ratnapark,27.7063,85.3152
2025-09-03T00:00,19.4,99,19.3,869.9,5.0,142,Ratnapark,27.7063,85.3152
2025-09-03T01:00,19.2,100,19.2,869.2,6.5,150,Ratnapark,27.7063,85.3152
2025-09-03T02:00,19.1,100,19.1,868.7,5.6,158,Ratnapark,27.7063,85.3152
2025-09-03T03:00,18.8,100,18.8,868.4,5.6,165,Ratnapark,27.7063,85.3152
2025-09-03T04:00,18.6,100,18.6,868.1,5.8,160,Ratnapark,27.7063,85.3152
2025-09-03T05:00,18.4,100,18.4,868.2,4.7,157,Ratnapark,27.7063,85.3152
2025-09-03T06:00,19.5,98,19.2,869.1,5.7,167,Ratnapark,27.7063,85.3152
2025-09-03T07:00,21.8,93,20.6,870.4,1.5,166,Ratnapark,27.7063,85.3152
2025-09-03T08:00,23.9,80,20.2,871.3,1.7,77,Ratnapark,27.7063,85.3152
2025-09-03T09:00,25.9,70,20.0,871.8,1.4,90,Ratnapark,27.7063,85.3152
2025-09-03T10:00,27.1,65,19.8,871.7,1.3,106,Ratnapark,27.7063,85.3152
2025-09-03T11:00,27.5,64,20.1,871.3,1.1,198,Ratnapark,27.7063,85.3152
2025-09-03T12:00,27.0,66,20.0,870.7,2.9,210,Ratnapark,27.7063,85.3152
2025-09-03T13:00,26.0,72,20.6,869.8,4.0,333,Ratnapark,27.7063,85.3152
2025-09-03T14:00,25.4,73,20.1,868.9,4.4,9,Ratnapark,27.7063,85.3152
2025-09-03T15:00,24.5,78,20.5,868.0,3.6,360,Ratnapark,27.7063,85.3152
2025-09-03T16:00,24.2,81,20.6,867.4,1.7,41,Ratnapark,27.7063,85.3152
2025-09-03T17:00,23.8,85,21.0,868.1,1.2,231,Ratnapark,27.7063,85.3152
2025-09-03T18:00,21.4,100,21.4,869.2,2.4,197,Ratnapark,27.7063,85.3152
2025-09-03T19:00,20.9,97,20.3,870.3,5.5,139,Ratnapark,27.7063,85.3152
2025-09-03T20:00,20.5,98,20.3,871.1,4.9,141,Ratnapark,27.7063,85.3152
2025-09-03T21:00,20.4,99,20.2,871.2,4.6,171,Ratnapark,27.7063,85.3152
2025-09-03T22:00,19.9,100,19.9,871.0,3.5,171,Ratnapark,27.7063,85.3152
2025-09-03T23:00,19.8,98,19.5,871.1,3.3,144,Ratnapark,27.7063,85.3152
2025-09-04T00:00,19.9,96,19.3,870.6,5.1,148,Ratnapark,27.7063,85.3152
2025-09-04T01:00,19.4,98,19.1,869.7,4.0,141,Ratnapark,27.7063,85.3152
2025-09-04T02:00,19.3,98,18.9,868.8,4.4,159,Ratnapark,27.7063,85.3152
2025-09-04T03:00,19.0,98,18.7,868.1,4.7,157,Ratnapark,27.7063,85.3152
2025-09-04T04:00,18.5,100,18.5,867.9,6.2,159,Ratnapark,27.7063,85.3152
2025-09-04T05:00,18.2,100,18.2,868.1,6.1,157,Ratnapark,27.7063,85.3152
2025-09-04T06:00,20.1,98,19.7,869.9,6.6,159,Ratnapark,27.7063,85.3152
2025-09-04T07:00,22.4,92,21.0,871.4,4.4,128,Ratnapark,27.7063,85.3152
2025-09-04T08:00,24.2,79,20.4,872.2,3.2,93,Ratnapark,27.7063,85.3152
2025-09-04T09:00,25.8,72,20.3,872.5,3.3,77,Ratnapark,27.7063,85.3152
2025-09-04T10:00,27.2,66,20.3,872.3,4.0,117,Ratnapark,27.7063,85.3152
2025-09-04T11:00,27.5,66,20.5,872.1,3.8,155,Ratnapark,27.7063,85.3152
2025-09-04T12:00,27.0,68,20.6,871.3,2.5,150,Ratnapark,27.7063,85.3152
2025-09-04T13:00,25.2,75,20.6,870.1,4.7,9,Ratnapark,27.7063,85.3152
2025-09-04T14:00,25.8,71,20.2,869.2,4.0,32,Ratnapark,27.7063,85.3152
2025-09-04T15:00,25.5,71,19.9,868.5,3.7,76,Ratnapark,27.7063,85.3152
2025-09-04T16:00,25.3,72,19.8,868.7,3.6,131,Ratnapark,27.7063,85.3152
2025-09-04T17:00,22.9,86,20.3,869.2,4.0,177,Ratnapark,27.7063,85.3152
2025-09-04T18:00,21.3,96,20.7,869.9,5.1,162,Ratnapark,27.7063,85.3152
2025-09-04T19:00,21.2,95,20.5,870.8,4.8,158,Ratnapark,27.7063,85.3152
2025-09-04T20:00,20.9,97,20.4,871.4,4.9,152,Ratnapark,27.7063,85.3152
2025-09-04T21:00,20.8,98,20.5,871.8,4.8,155,Ratnapark,27.7063,85.3152
2025-09-04T22:00,20.5,98,20.2,871.5,5.2,139,Ratnapark,27.7063,85.3152
2025-09-04T23:00,20.1,99,19.9,871.3,5.0,150,Ratnapark,27.7063,85.3152
2025-09-05T00:00,19.7,99,19.5,870.3,4.8,158,Ratnapark,27.7063,85.3152
2025-09-05T01:00,19.3,99,19.2,869.8,4.4,159,Ratnapark,27.7063,85.3152
2025-09-05T02:00,18.7,100,18.7,869.3,4.5,157,Ratnapark,27.7063,85.3152
2025-09-05T03:00,18.4,100,18.4,869.2,4.1,165,Ratnapark,27.7063,85.3152
2025-09-05T04:00,18.0,100,18.0,869.2,3.8,163,Ratnapark,27.7063,85.3152
2025-09-05T05:00,18.0,100,18.0,869.4,3.9,158,Ratnapark,27.7063,85.3152
2025-09-05T06:00,19.7,99,19.5,870.5,3.6,162,Ratnapark,27.7063,85.3152
2025-09-05T07:00,22.4,91,20.8,872.8,2.2,66,Ratnapark,27.7063,85.3152
2025-09-05T08:00,23.6,83,20.5,873.3,2.8,55,Ratnapark,27.7063,85.3152
2025-09-05T09:00,25.3,73,20.2,873.5,0.7,14,Ratnapark,27.7063,85.3152
2025-09-05T10:00,26.8,66,19.9,873.3,0.6,252,Ratnapark,27.7063,85.3152
2025-09-05T11:00,26.9,65,19.7,872.6,1.9,214,Ratnapark,27.7063,85.3152
2025-09-05T12:00,24.9,74,20.0,872.1,6.9,301,Ratnapark,27.7063,85.3152
2025-09-05T13:00,25.3,77,21.0,871.0,2.0,275,Ratnapark,27.7063,85.3152
2025-09-05T14:00,25.1,79,21.1,870.2,2.4,283,Ratnapark,27.7063,85.3152
2025-09-05T15:00,24.8,75,20.0,869.1,3.1,301,Ratnapark,27.7063,85.3152
2025-09-05T16:00,24.3,80,20.5,868.4,3.5,351,Ratnapark,27.7063,85.3152
2025-09-05T17:00,23.4,86,21.0,868.9,2.7,332,Ratnapark,27.7063,85.3152
2025-09-05T18:00,21.7,96,21.1,870.5,2.0,207,Ratnapark,27.7063,85.3152
2025-09-05T19:00,21.1,99,21.0,871.3,1.1,180,Ratnapark,27.7063,85.3152
2025-09-05T20:00,21.2,99,21.1,871.9,3.7,166,Ratnapark,27.7063,85.3152
2025-09-05T21:00,21.0,99,20.9,872.1,1.1,189,Ratnapark,27.7063,85.3152
2025-09-05T22:00,20.8,98,20.6,872.4,2.7,138,Ratnapark,27.7063,85.3152
2025-09-05T23:00,20.8,99,20.6,872.4,3.9,106,Ratnapark,27.7063,85.3152
2025-09-06T00:00,20.5,98,20.2,871.7,2.3,203,Ratnapark,27.7063,85.3152
2025-09-06T01:00,20.0,100,20.0,871.0,3.0,107,Ratnapark,27.7063,85.3152
2025-09-06T02:00,19.9,100,19.9,870.5,5.7,162,Ratnapark,27.7063,85.3152
2025-09-06T03:00,19.9,99,19.8,870.1,3.5,141,Ratnapark,27.7063,85.3152
2025-09-06T04:00,19.6,99,19.5,870.2,5.2,153,Ratnapark,27.7063,85.3152
2025-09-06T05:00,19.3,100,19.3,870.8,5.2,160,Ratnapark,27.7063,85.3152
2025-09-06T06:00,20.3,98,20.0,871.7,5.2,166,Ratnapark,27.7063,85.3152
2025-09-06T07:00,22.1,93,20.9,872.8,3.9,156,Ratnapark,27.7063,85.3152
2025-09-06T08:00,23.6,83,20.6,873.1,2.9,60,Ratnapark,27.7063,85.3152
2025-09-06T09:00,25.1,76,20.6,873.9,1.1,81,Ratnapark,27.7063,85.3152
2025-09-06T10:00,25.8,73,20.5,873.8,2.6,205,Ratnapark,27.7063,85.3152
2025-09-06T11:00,26.1,72,20.5,873.3,3.2,227,Ratnapark,27.7063,85.3152
2025-09-06T12:00,25.4,73,20.3,872.6,5.7,224,Ratnapark,27.7063,85.3152
2025-09-06T13:00,23.5,83,20.5,871.7,3.1,263,Ratnapark,27.7063,85.3152
2025-09-06T14:00,23.0,87,20.7,871.0,4.0,357,Ratnapark,27.7063,85.3152
2025-09-06T15:00,22.3,91,20.8,870.0,2.4,17,Ratnapark,27.7063,85.3152
2025-09-06T16:00,22.5,90,20.7,869.6,1.7,319,Ratnapark,27.7063,85.3152
2025-09-06T17:00,22.0,91,20.4,869.4,1.7,342,Ratnapark,27.7063,85.3152
2025-09-06T18:00,21.3,97,20.8,870.9,0.5,45,Ratnapark,27.7063,85.3152
2025-09-06T19:00,21.0,99,20.8,871.6,5.3,62,Ratnapark,27.7063,85.3152
2025-09-06T20:00,21.0,98,20.6,872.1,3.6,162,Ratnapark,27.7063,85.3152
2025-09-06T21:00,20.7,98,20.4,872.1,4.4,171,Ratnapark,27.7063,85.3152
2025-09-06T22:00,20.3,99,20.2,872.1,3.1,180,Ratnapark,27.7063,85.3152
2025-09-06T23:00,20.1,100,20.1,871.8,1.9,158,Ratnapark,27.7063,85.3152
2025-09-07T00:00,20.0,100,20.0,871.2,2.5,176,Ratnapark,27.7063,85.3152
2025-09-07T01:00,19.7,100,19.7,869.9,2.1,165,Ratnapark,27.7063,85.3152
2025-09-07T02:00,19.4,98,19.1,869.8,1.8,156,Ratnapark,27.7063,85.3152
2025-09-07T03:00,19.3,100,19.3,869.5,2.1,165,Ratnapark,27.7063,85.3152
2025-09-07T04:00,19.3,99,19.1,869.6,2.2,171,Ratnapark,27.7063,85.3152
2025-09-07T05:00,19.1,99,19.0,869.7,2.9,176,Ratnapark,27.7063,85.3152
2025-09-07T06:00,20.0,99,19.8,870.4,3.6,160,Ratnapark,27.7063,85.3152
2025-09-07T07:00,22.0,90,20.4,872.2,0.6,342,Ratnapark,27.7063,85.3152
2025-09-07T08:00,23.4,80,19.9,872.7,2.8,345,Ratnapark,27.7063,85.3152
2025-09-07T09:00,24.4,75,19.7,872.9,3.2,326,Ratnapark,27.7063,85.3152
2025-09-07T10:00,25.3,71,19.7,872.6,2.9,300,Ratnapark,27.7063,85.3152
2025-09-07T11:00,26.0,68,19.6,872.0,3.5,282,Ratnapark,27.7063,85.3152
2025-09-07T12:00,25.9,68,19.5,871.1,4.6,288,Ratnapark,27.7063,85.3152
2025-09-07T13:00,24.6,74,19.6,870.2,4.2,216,Ratnapark,27.7063,85.3152
2025-09-07T14:00,24.2,76,19.7,869.3,4.9,260,Ratnapark,27.7063,85.3152
2025-09-07T15:00,23.6,81,20.2,868.7,1.7,229,Ratnapark,27.7063,85.3152
2025-09-07T16:00,22.7,85,20.1,868.6,4.0,275,Ratnapark,27.7063,85.3152
2025-09-07T17:00,22.1,89,20.2,868.3,2.4,312,Ratnapark,27.7063,85.3152
2025-09-07T18:00,21.7,95,20.9,869.3,3.0,287,Ratnapark,27.7063,85.3152
2025-09-07T19:00,21.3,98,21.0,870.2,1.9,253,Ratnapark,27.7063,85.3152
2025-09-07T20:00,21.1,99,21.0,871.0,1.6,180,Ratnapark,27.7063,85.3152
2025-09-07T21:00,21.0,98,20.7,871.2,1.5,173,Ratnapark,27.7063,85.3152
2025-09-07T22:00,20.6,100,20.5,871.2,1.4,180,Ratnapark,27.7063,85.3152
2025-09-07T23:00,20.0,100,19.9,870.7,4.2,245,Ratnapark,27.7063,85.3152
2025-09-08T00:00,19.9,100,19.9,870.5,2.7,212,Ratnapark,27.7063,85.3152
2025-09-08T01:00,20.0,98,19.7,869.9,3.3,174,Ratnapark,27.7063,85.3152
2025-09-08T02:00,19.6,100,19.6,869.6,1.9,146,Ratnapark,27.7063,85.3152
2025-09-08T03:00,19.6,99,19.4,869.3,1.9,139,Ratnapark,27.7063,85.3152
2025-09-08T04:00,19.4,98,19.1,869.4,1.5,159,Ratnapark,27.7063,85.3152
2025-09-08T05:00,19.4,98,19.0,869.3,4.0,190,Ratnapark,27.7063,85.3152
2025-09-08T06:00,20.5,97,20.1,870.6,3.1,170,Ratnapark,27.7063,85.3152
2025-09-08T07:00,21.0,95,20.2,871.5,2.7,172,Ratnapark,27.7063,85.3152
2025-09-08T08:00,21.9,91,20.3,872.2,0.8,135,Ratnapark,27.7063,85.3152
2025-09-08T09:00,23.4,83,20.3,872.6,0.9,53,Ratnapark,27.7063,85.3152
2025-09-08T10:00,24.5,76,20.0,872.5,2.3,288,Ratnapark,27.7063,85.3152
2025-09-08T11:00,25.7,71,20.0,872.0,5.5,293,Ratnapark,27.7063,85.3152
2025-09-08T12:00,26.0,70,20.2,871.3,8.7,287,Ratnapark,27.7063,85.3152
2025-09-08T13:00,25.5,74,20.5,870.3,7.3,287,Ratnapark,27.7063,85.3152
2025-09-08T14:00,25.9,72,20.4,869.5,7.0,283,Ratnapark,27.7063,85.3152
2025-09-08T15:00,24.6,77,20.3,869.0,9.1,297,Ratnapark,27.7063,85.3152
2025-09-08T16:00,23.9,83,20.8,868.8,5.2,295,Ratnapark,27.7063,85.3152
2025-09-08T17:00,23.1,87,20.9,868.9,5.9,308,Ratnapark,27.7063,85.3152
2025-09-08T18:00,21.7,95,20.8,870.0,4.5,233,Ratnapark,27.7063,85.3152
2025-09-08T19:00,21.3,96,20.7,871.0,3.6,261,Ratnapark,27.7063,85.3152
2025-09-08T20:00,21.0,97,20.6,871.6,2.4,197,Ratnapark,27.7063,85.3152
2025-09-08T21:00,20.6,99,20.4,871.7,2.9,191,Ratnapark,27.7063,85.3152
2025-09-08T22:00,20.1,100,20.1,871.5,2.7,176,Ratnapark,27.7063,85.3152
2025-09-08T23:00,19.8,100,19.8,871.3,3.1,183,Ratnapark,27.7063,85.3152
2025-09-09T00:00,19.5,100,19.5,870.7,3.0,163,Ratnapark,27.7063,85.3152
2025-09-09T01:00,19.3,98,18.9,870.3,1.5,173,Ratnapark,27.7063,85.3152
2025-09-09T02:00,18.8,98,18.5,869.5,1.7,162,Ratnapark,27.7063,85.3152
2025-09-09T03:00,18.7,100,18.7,869.3,2.4,163,Ratnapark,27.7063,85.3152
2025-09-09T04:00,18.6,100,18.5,869.5,1.5,194,Ratnapark,27.7063,85.3152
2025-09-09T05:00,18.8,100,18.8,870.4,1.1,180,Ratnapark,27.7063,85.3152
2025-09-09T06:00,20.4,97,20.0,871.2,1.4,157,Ratnapark,27.7063,85.3152
2025-09-09T07:00,21.8,92,20.5,872.2,2.6,124,Ratnapark,27.7063,85.3152
2025-09-09T08:00,23.4,83,20.3,872.9,2.4,99,Ratnapark,27.7063,85.3152
2025-09-09T09:00,24.9,74,20.0,873.5,0.3,315,Ratnapark,27.7063,85.3152
2025-09-09T10:00,26.3,67,19.7,873.3,4.7,298,Ratnapark,27.7063,85.3152
2025-09-09T11:00,26.6,67,19.9,872.7,7.3,298,Ratnapark,27.7063,85.3152
2025-09-09T12:00,26.3,66,19.6,871.8,7.5,291,Ratnapark,27.7063,85.3152
2025-09-09T13:00,26.0,70,20.2,870.8,7.7,267,Ratnapark,27.7063,85.3152
2025-09-09T14:00,25.7,74,20.7,870.0,8.0,293,Ratnapark,27.7063,85.3152
2025-09-09T15:00,24.1,80,20.4,869.3,9.3,310,Ratnapark,27.7063,85.3152
2025-09-09T16:00,23.1,88,21.0,869.0,4.9,303,Ratnapark,27.7063,85.3152
2025-09-09T17:00,22.5,90,20.9,869.3,4.8,307,Ratnapark,27.7063,85.3152
2025-09-09T18:00,21.4,97,20.9,870.1,2.4,257,Ratnapark,27.7063,85.3152
2025-09-09T19:00,20.8,100,20.8,870.5,2.6,219,Ratnapark,27.7063,85.3152
2025-09-09T20:00,20.5,100,20.5,870.8,2.7,188,Ratnapark,27.7063,85.3152
2025-09-09T21:00,20.3,100,20.3,870.7,4.1,178,Ratnapark,27.7063,85.3152
2025-09-09T22:00,19.8,100,19.8,870.5,4.8,169,Ratnapark,27.7063,85.3152
2025-09-09T23:00,19.5,100,19.5,870.3,3.4,180,Ratnapark,27.7063,85.3152
2025-09-10T00:00,19.2,100,19.2,869.5,4.0,185,Ratnapark,27.7063,85.3152
2025-09-10T01:00,19.0,100,19.0,868.8,3.4,162,Ratnapark,27.7063,85.3152
2025-09-10T02:00,18.7,100,18.7,868.5,2.5,180,Ratnapark,27.7063,85.3152
2025-09-10T03:00,18.8,99,18.7,868.3,2.9,180,Ratnapark,27.7063,85.3152
2025-09-10T04:00,18.5,100,18.5,868.5,2.9,169,Ratnapark,27.7063,85.3152
2025-09-10T05:00,18.3,100,18.3,869.0,3.4,164,Ratnapark,27.7063,85.3152
2025-09-10T06:00,19.6,98,19.3,870.3,6.0,183,Ratnapark,27.7063,85.3152
2025-09-10T07:00,21.7,96,21.0,871.3,2.4,193,Ratnapark,27.7063,85.3152
2025-09-10T08:00,23.7,84,20.7,872.1,1.5,83,Ratnapark,27.7063,85.3152
2025-09-10T09:00,25.0,77,20.7,872.4,0.6,108,Ratnapark,27.7063,85.3152
2025-09-10T10:00,26.4,71,20.7,872.2,2.6,286,Ratnapark,27.7063,85.3152
2025-09-10T11:00,27.3,66,20.3,871.4,4.7,270,Ratnapark,27.7063,85.3152
2025-09-10T12:00,26.7,70,20.9,870.5,5.7,279,Ratnapark,27.7063,85.3152
2025-09-10T13:00,25.2,76,20.7,869.2,9.2,269,Ratnapark,27.7063,85.3152
2025-09-10T14:00,24.7,76,20.1,868.2,3.6,273,Ratnapark,27.7063,85.3152
2025-09-10T15:00,24.6,77,20.3,867.6,4.3,318,Ratnapark,27.7063,85.3152
2025-09-10T16:00,23.6,84,20.7,867.3,4.2,348,Ratnapark,27.7063,85.3152
2025-09-10T17:00,22.7,91,21.1,867.2,2.6,321,Ratnapark,27.7063,85.3152
2025-09-10T18:00,21.8,96,21.1,868.1,2.0,153,Ratnapark,27.7063,85.3152
2025-09-10T19:00,21.3,98,21.1,868.3,3.2,164,Ratnapark,27.7063,85.3152
2025-09-10T20:00,20.8,100,20.8,868.7,5.5,169,Ratnapark,27.7063,85.3152
2025-09-10T21:00,20.5,100,20.5,869.2,4.5,151,Ratnapark,27.7063,85.3152
2025-09-10T22:00,20.4,98,20.1,869.6,5.3,145,Ratnapark,27.7063,85.3152
2025-09-10T23:00,20.1,99,19.9,869.0,4.8,153,Ratnapark,27.7063,85.3152
2025-09-11T00:00,20.2,99,20.0,868.4,6.0,143,Ratnapark,27.7063,85.3152
2025-09-11T01:00,19.7,100,19.7,867.9,6.4,153,Ratnapark,27.7063,85.3152
2025-09-11T02:00,19.6,100,19.5,867.6,6.6,147,Ratnapark,27.7063,85.3152
2025-09-11T03:00,19.7,100,19.7,867.9,5.7,134,Ratnapark,27.7063,85.3152
2025-09-11T04:00,19.8,99,19.7,868.1,7.4,146,Ratnapark,27.7063,85.3152
2025-09-11T05:00,20.0,98,19.7,868.8,6.6,143,Ratnapark,27.7063,85.3152
2025-09-11T06:00,20.6,99,20.4,870.2,4.9,144,Ratnapark,27.7063,85.3152
2025-09-11T07:00,21.0,98,20.6,871.2,4.0,111,Ratnapark,27.7063,85.3152
2025-09-11T08:00,21.5,93,20.3,871.5,6.1,120,Ratnapark,27.7063,85.3152
2025-09-11T09:00,23.2,85,20.4,871.6,6.8,119,Ratnapark,27.7063,85.3152
2025-09-11T10:00,25.1,76,20.5,871.6,6.7,117,Ratnapark,27.7063,85.3152
2025-09-11T11:00,26.9,70,20.9,871.2,4.7,130,Ratnapark,27.7063,85.3152
2025-09-11T12:00,27.3,71,21.5,870.4,2.6,231,Ratnapark,27.7063,85.3152
2025-09-11T13:00,25.0,79,21.0,869.4,5.4,284,Ratnapark,27.7063,85.3152
2025-09-11T14:00,23.8,85,21.1,868.8,4.2,288,Ratnapark,27.7063,85.3152
2025-09-11T15:00,24.0,84,21.1,868.1,4.9,303,Ratnapark,27.7063,85.3152
2025-09-11T16:00,23.7,82,20.5,868.2,3.6,300,Ratnapark,27.7063,85.3152
2025-09-11T17:00,22.8,87,20.5,868.8,2.8,333,Ratnapark,27.7063,85.3152
2025-09-11T18:00,21.8,97,21.3,869.4,1.1,171,Ratnapark,27.7063,85.3152
2025-09-11T19:00,21.5,97,21.0,870.5,2.2,171,Ratnapark,27.7063,85.3152
2025-09-11T20:00,21.2,98,21.0,871.3,1.8,135,Ratnapark,27.7063,85.3152
2025-09-11T21:00,21.2,99,21.0,871.6,3.3,131,Ratnapark,27.7063,85.3152
2025-09-11T22:00,20.9,100,20.9,871.6,3.2,146,Ratnapark,27.7063,85.3152
2025-09-11T23:00,20.4,100,20.4,871.4,3.9,137,Ratnapark,27.7063,85.3152
2025-09-12T00:00,20.2,100,20.2,870.3,4.2,144,Ratnapark,27.7063,85.3152
2025-09-12T01:00,20.1,100,20.1,869.6,4.8,151,Ratnapark,27.7063,85.3152
2025-09-12T02:00,20.0,100,20.0,869.3,6.2,154,Ratnapark,27.7063,85.3152
2025-09-12T03:00,19.8,100,19.8,869.3,6.0,153,Ratnapark,27.7063,85.3152
2025-09-12T04:00,19.6,100,19.6,869.4,5.0,161,Ratnapark,27.7063,85.3152
2025-09-12T05:00,19.3,100,19.3,869.5,5.6,158,Ratnapark,27.7063,85.3152
2025-09-12T06:00,20.4,99,20.3,870.9,4.5,164,Ratnapark,27.7063,85.3152
2025-09-12T07:00,21.7,97,21.2,872.5,2.7,122,Ratnapark,27.7063,85.3152
2025-09-12T08:00,22.8,89,20.8,873.2,1.3,74,Ratnapark,27.7063,85.3152
2025-09-12T09:00,24.5,80,20.8,873.6,1.5,54,Ratnapark,27.7063,85.3152
2025-09-12T10:00,25.6,75,20.9,873.5,1.3,74,Ratnapark,27.7063,85.3152
2025-09-12T11:00,26.8,71,21.2,873.2,2.6,39,Ratnapark,27.7063,85.3152
2025-09-12T12:00,25.6,75,20.9,872.3,6.2,248,Ratnapark,27.7063,85.3152
2025-09-12T13:00,23.8,81,20.4,871.3,6.6,281,Ratnapark,27.7063,85.3152
2025-09-12T14:00,23.6,87,21.3,870.5,3.5,348,Ratnapark,27.7063,85.3152
2025-09-12T15:00,23.6,88,21.5,869.6,3.3,324,Ratnapark,27.7063,85.3152
2025-09-12T16:00,23.1,89,21.1,869.4,4.6,342,Ratnapark,27.7063,85.3152
2025-09-12T17:00,22.4,91,20.9,869.2,1.3,16,Ratnapark,27.7063,85.3152
2025-09-12T18:00,21.6,96,21.0,870.6,1.9,158,Ratnapark,27.7063,85.3152
2025-09-12T19:00,21.4,98,21.2,871.4,1.8,174,Ratnapark,27.7063,85.3152
2025-09-12T20:00,21.2,99,21.1,872.2,4.1,157,Ratnapark,27.7063,85.3152
2025-09-12T21:00,20.8,100,20.8,872.2,4.2,155,Ratnapark,27.7063,85.3152
2025-09-12T22:00,20.6,99,20.4,872.1,3.6,162,Ratnapark,27.7063,85.3152
2025-09-12T23:00,20.0,100,20.0,871.8,5.1,174,Ratnapark,27.7063,85.3152
2025-09-13T00:00,19.9,100,19.9,871.5,4.2,170,Ratnapark,27.7063,85.3152
2025-09-13T01:00,19.9,100,19.9,871.1,3.3,193,Ratnapark,27.7063,85.3152
2025-09-13T02:00,20.1,99,20.0,871.0,3.8,172,Ratnapark,27.7063,85.3152
2025-09-13T03:00,20.0,100,20.0,870.9,1.9,163,Ratnapark,27.7063,85.3152
2025-09-13T04:00,19.8,100,19.8,871.0,1.3,214,Ratnapark,27.7063,85.3152
2025-09-13T05:00,19.8,100,19.8,871.7,0.6,214,Ratnapark,27.7063,85.3152
2025-09-13T06:00,20.8,100,20.8,872.4,1.3,164,Ratnapark,27.7063,85.3152
2025-09-13T07:00,21.1,98,20.8,873.1,2.6,146,Ratnapark,27.7063,85.3152
2025-09-13T08:00,21.7,96,21.0,873.6,2.7,127,Ratnapark,27.7063,85.3152
2025-09-13T09:00,22.5,91,21.0,874.0,1.6,90,Ratnapark,27.7063,85.3152
2025-09-13T10:00,23.5,87,21.2,874.0,2.4,48,Ratnapark,27.7063,85.3152
2025-09-13T11:00,25.2,79,21.3,873.3,2.1,340,Ratnapark,27.7063,85.3152
2025-09-13T12:00,25.9,78,21.8,872.4,5.9,290,Ratnapark,27.7063,85.3152
2025-09-13T13:00,25.6,76,21.1,871.5,7.8,296,Ratnapark,27.7063,85.3152
2025-09-13T14:00,25.4,78,21.3,870.5,6.2,308,Ratnapark,27.7063,85.3152
2025-09-13T15:00,24.6,81,21.1,869.8,8.0,297,Ratnapark,27.7063,85.3152
2025-09-13T16:00,23.1,88,21.0,869.6,3.8,259,Ratnapark,27.7063,85.3152
2025-09-13T17:00,22.5,90,20.9,869.9,2.8,243,Ratnapark,27.7063,85.3152
2025-09-13T18:00,21.0,99,20.8,870.4,1.5,159,Ratnapark,27.7063,85.3152
2025-09-13T19:00,20.8,100,20.8,871.8,2.3,184,Ratnapark,27.7063,85.3152
2025-09-13T20:00,20.7,100,20.7,872.4,2.8,162,Ratnapark,27.7063,85.3152
2025-09-13T21:00,20.8,100,20.8,872.5,3.4,137,Ratnapark,27.7063,85.3152
2025-09-13T22:00,20.4,100,20.4,872.1,4.4,150,Ratnapark,27.7063,85.3152
2025-09-13T23:00,20.2,100,20.2,871.7,5.6,159,Ratnapark,27.7063,85.3152
2025-09-14T00:00,19.9,100,19.9,871.1,3.3,151,Ratnapark,27.7063,85.3152
2025-09-14T01:00,19.8,100,19.8,870.7,4.0,170,Ratnapark,27.7063,85.3152
2025-09-14T02:00,19.6,100,19.6,869.9,5.1,170,Ratnapark,27.7063,85.3152
2025-09-14T03:00,19.2,100,19.2,869.5,4.1,165,Ratnapark,27.7063,85.3152
2025-09-14T04:00,18.9,100,18.9,869.7,5.1,162,Ratnapark,27.7063,85.3152
2025-09-14T05:00,18.9,99,18.8,870.5,3.3,167,Ratnapark,27.7063,85.3152
2025-09-14T06:00,20.6,99,20.5,871.8,5.4,166,Ratnapark,27.7063,85.3152
2025-09-14T07:00,22.1,93,20.9,873.0,2.7,138,Ratnapark,27.7063,85.3152
2025-09-14T08:00,22.6,91,21.1,873.5,1.9,139,Ratnapark,27.7063,85.3152
2025-09-14T09:00,24.2,80,20.6,873.9,0.9,11,Ratnapark,27.7063,85.3152
2025-09-14T10:00,25.6,72,20.2,873.5,1.3,344,Ratnapark,27.7063,85.3152
2025-09-14T11:00,25.8,72,20.3,872.9,0.4,27,Ratnapark,27.7063,85.3152
2025-09-14T12:00,23.8,78,19.7,872.0,1.0,315,Ratnapark,27.7063,85.3152
2025-09-14T13:00,23.7,82,20.4,870.8,4.3,45,Ratnapark,27.7063,85.3152
2025-09-14T14:00,25.0,77,20.7,870.2,3.1,3,Ratnapark,27.7063,85.3152
2025-09-14T15:00,23.4,82,20.1,869.5,4.8,335,Ratnapark,27.7063,85.3152
2025-09-14T16:00,22.6,85,20.0,869.5,4.4,289,Ratnapark,27.7063,85.3152
2025-09-14T17:00,21.3,94,20.3,869.4,1.3,188,Ratnapark,27.7063,85.3152
2025-09-14T18:00,20.7,98,20.4,871.0,2.6,214,Ratnapark,27.7063,85.3152
2025-09-14T19:00,20.3,100,20.3,871.7,3.6,153,Ratnapark,27.7063,85.3152
2025-09-14T20:00,20.3,100,20.3,872.1,2.3,148,Ratnapark,27.7063,85.3152
2025-09-14T21:00,20.4,99,20.2,872.1,2.2,171,Ratnapark,27.7063,85.3152
2025-09-14T22:00,20.4,97,19.8,871.9,2.0,135,Ratnapark,27.7063,85.3152
2025-09-14T23:00,20.3,98,20.0,871.7,2.9,150,Ratnapark,27.7063,85.3152
2025-09-15T00:00,20.3,99,20.1,871.0,2.8,125,Ratnapark,27.7063,85.3152
2025-09-15T01:00,20.3,98,20.0,870.4,3.3,131,Ratnapark,27.7063,85.3152
2025-09-15T02:00,20.2,98,19.9,869.8,2.6,129,Ratnapark,27.7063,85.3152
2025-09-15T03:00,20.2,97,19.7,869.7,2.4,144,Ratnapark,27.7063,85.3152
2025-09-15T04:00,20.1,99,19.9,869.7,1.5,166,Ratnapark,27.7063,85.3152
2025-09-15T05:00,20.0,99,19.9,869.9,1.7,122,Ratnapark,27.7063,85.3152
2025-09-15T06:00,20.7,97,20.2,870.5,3.1,170,Ratnapark,27.7063,85.3152
2025-09-15T07:00,21.5,96,20.7,871.6,2.5,150,Ratnapark,27.7063,85.3152
2025-09-15T08:00,22.0,96,21.2,871.9,0.7,270,Ratnapark,27.7063,85.3152
2025-09-15T09:00,21.8,95,21.0,872.5,2.1,285,Ratnapark,27.7063,85.3152
2025-09-15T10:00,22.0,93,20.9,872.0,1.0,31,Ratnapark,27.7063,85.3152
2025-09-15T11:00,23.9,86,21.4,871.5,2.2,104,Ratnapark,27.7063,85.3152
2025-09-15T12:00,25.6,78,21.4,870.8,1.3,180,Ratnapark,27.7063,85.3152
2025-09-15T13:00,24.5,80,20.8,869.7,2.3,288,Ratnapark,27.7063,85.3152
2025-09-15T14:00,22.5,81,19.1,868.9,6.3,267,Ratnapark,27.7063,85.3152
2025-09-15T15:00,22.3,87,19.9,868.4,1.6,354,Ratnapark,27.7063,85.3152
2025-09-15T16:00,22.4,86,19.9,868.7,2.2,48,Ratnapark,27.7063,85.3152
2025-09-15T17:00,21.6,89,19.7,868.9,3.6,147,Ratnapark,27.7063,85.3152
2025-09-15T18:00,21.0,99,20.8,869.5,4.7,137,Ratnapark,27.7063,85.3152
2025-09-15T19:00,20.8,96,20.2,870.6,4.9,170,Ratnapark,27.7063,85.3152
2025-09-15T20:00,20.5,98,20.2,871.4,5.2,139,Ratnapark,27.7063,85.3152
2025-09-15T21:00,20.6,98,20.3,871.7,3.9,143,Ratnapark,27.7063,85.3152
2025-09-15T22:00,20.5,97,20.0,871.4,4.7,130,Ratnapark,27.7063,85.3152
2025-09-15T23:00,20.3,98,19.9,871.4,4.2,140,Ratnapark,27.7063,85.3152
2025-09-16T00:00,20.1,98,19.8,870.9,3.2,133,Ratnapark,27.7063,85.3152
2025-09-16T01:00,19.9,99,19.7,870.1,2.5,150,Ratnapark,27.7063,85.3152
2025-09-16T02:00,19.7,99,19.6,869.6,3.8,139,Ratnapark,27.7063,85.3152
2025-09-16T03:00,19.5,99,19.3,869.2,4.1,157,Ratnapark,27.7063,85.3152
2025-09-16T04:00,19.4,99,19.2,869.2,3.9,152,Ratnapark,27.7063,85.3152
2025-09-16T05:00,19.0,99,18.9,869.4,3.6,162,Ratnapark,27.7063,85.3152
2025-09-16T06:00,20.1,98,19.8,870.1,4.5,157,Ratnapark,27.7063,85.3152
2025-09-16T07:00,21.0,93,19.8,871.5,3.0,166,Ratnapark,27.7063,85.3152
2025-09-16T08:00,22.1,90,20.4,872.3,2.4,99,Ratnapark,27.7063,85.3152
2025-09-16T09:00,22.6,92,21.2,872.7,0.9,53,Ratnapark,27.7063,85.3152
2025-09-16T10:00,23.4,85,20.7,872.5,2.6,205,Ratnapark,27.7063,85.3152
2025-09-16T11:00,23.5,86,21.0,872.1,3.5,201,Ratnapark,27.7063,85.3152
2025-09-16T12:00,22.8,88,20.7,871.1,1.2,153,Ratnapark,27.7063,85.3152
2025-09-16T13:00,22.6,90,20.8,869.9,1.7,131,Ratnapark,27.7063,85.3152
2025-09-16T14:00,23.4,86,20.8,869.4,1.2,207,Ratnapark,27.7063,85.3152
2025-09-16T15:00,22.2,87,20.0,868.7,3.2,74,Ratnapark,27.7063,85.3152
2025-09-16T16:00,21.9,89,20.0,868.8,2.9,94,Ratnapark,27.7063,85.3152
2025-09-16T17:00,21.1,95,20.3,869.0,3.8,101,Ratnapark,27.7063,85.3152
2025-09-16T18:00,20.9,99,20.7,869.4,4.0,129,Ratnapark,27.7063,85.3152
2025-09-16T19:00,20.6,99,20.4,870.2,5.7,139,Ratnapark,27.7063,85.3152
2025-09-16T20:00,20.6,99,20.4,871.2,5.5,142,Ratnapark,27.7063,85.3152
2025-09-16T21:00,20.5,98,20.3,871.6,4.6,149,Ratnapark,27.7063,85.3152
2025-09-16T22:00,20.1,97,19.6,871.3,5.8,144,Ratnapark,27.7063,85.3152
2025-09-16T23:00,19.9,98,19.6,870.9,4.3,147,Ratnapark,27.7063,85.3152
2025-09-17T00:00,19.9,97,19.4,870.9,4.5,157,Ratnapark,27.7063,85.3152
2025-09-17T01:00,19.6,98,19.3,869.9,4.3,158,Ratnapark,27.7063,85.3152
2025-09-17T02:00,19.3,99,19.1,869.6,4.7,152,Ratnapark,27.7063,85.3152
2025-09-17T03:00,19.0,100,19.0,869.1,5.1,153,Ratnapark,27.7063,85.3152
2025-09-17T04:00,18.8,100,18.8,869.4,4.8,158,Ratnapark,27.7063,85.3152
2025-09-17T05:00,18.8,99,18.6,869.9,5.5,139,Ratnapark,27.7063,85.3152
2025-09-17T06:00,19.9,99,19.8,870.9,5.6,132,Ratnapark,27.7063,85.3152
2025-09-17T07:00,20.5,97,20.0,872.1,3.8,131,Ratnapark,27.7063,85.3152
2025-09-17T08:00,21.8,93,20.7,872.9,4.5,104,Ratnapark,27.7063,85.3152
2025-09-17T09:00,23.9,79,20.1,873.5,5.8,90,Ratnapark,27.7063,85.3152
2025-09-17T10:00,23.8,80,20.1,872.9,7.0,87,Ratnapark,27.7063,85.3152
2025-09-17T11:00,23.3,82,20.0,872.2,5.7,127,Ratnapark,27.7063,85.3152
2025-09-17T12:00,23.3,83,20.2,871.5,3.4,96,Ratnapark,27.7063,85.3152
2025-09-17T13:00,23.7,80,19.9,870.1,3.6,33,Ratnapark,27.7063,85.3152
2025-09-17T14:00,22.6,84,19.7,869.0,3.8,355,Ratnapark,27.7063,85.3152
2025-09-17T15:00,22.6,85,20.0,868.3,1.8,259,Ratnapark,27.7063,85.3152
2025-09-17T16:00,22.4,86,19.9,868.1,3.3,209,Ratnapark,27.7063,85.3152
2025-09-17T17:00,21.9,90,20.1,868.7,2.4,243,Ratnapark,27.7063,85.3152
2025-09-17T18:00,20.7,96,20.1,869.9,1.9,146,Ratnapark,27.7063,85.3152
2025-09-17T19:00,20.3,96,19.6,870.6,4.5,146,Ratnapark,27.7063,85.3152
2025-09-17T20:00,20.0,97,19.5,871.3,4.2,133,Ratnapark,27.7063,85.3152
2025-09-17T21:00,19.6,98,19.3,871.3,3.8,163,Ratnapark,27.7063,85.3152
2025-09-17T22:00,19.4,97,19.0,871.3,1.9,163,Ratnapark,27.7063,85.3152
2025-09-17T23:00,19.6,98,19.3,871.2,1.2,207,Ratnapark,27.7063,85.3152
2025-09-18T00:00,19.3,99,19.1,870.5,1.0,158,Ratnapark,27.7063,85.3152
2025-09-18T01:00,19.1,100,19.1,869.8,2.2,166,Ratnapark,27.7063,85.3152
2025-09-18T02:00,19.0,99,18.9,869.2,4.1,157,Ratnapark,27.7063,85.3152
2025-09-18T03:00,18.9,99,18.8,869.1,3.7,157,Ratnapark,27.7063,85.3152
2025-09-18T04:00,18.8,100,18.7,869.1,4.1,151,Ratnapark,27.7063,85.3152
2025-09-18T05:00,18.8,100,18.7,869.8,4.3,165,Ratnapark,27.7063,85.3152
2025-09-18T06:00,19.7,99,19.6,870.9,2.4,144,Ratnapark,27.7063,85.3152
2025-09-18T07:00,20.7,95,19.9,872.0,2.7,138,Ratnapark,27.7063,85.3152
2025-09-18T08:00,21.5,90,19.8,872.3,1.4,140,Ratnapark,27.7063,85.3152
2025-09-18T09:00,22.5,87,20.3,872.9,2.0,85,Ratnapark,27.7063,85.3152
2025-09-18T10:00,23.3,82,20.2,872.6,1.3,74,Ratnapark,27.7063,85.3152
2025-09-18T11:00,25.0,77,20.7,872.3,1.0,329,Ratnapark,27.7063,85.3152
2025-09-18T12:00,26.8,68,20.4,871.2,2.8,15,Ratnapark,27.7063,85.3152
2025-09-18T13:00,22.9,82,19.7,869.9,6.0,224,Ratnapark,27.7063,85.3152
2025-09-18T14:00,21.7,89,19.7,868.8,2.2,312,Ratnapark,27.7063,85.3152
2025-09-18T15:00,21.8,91,20.4,868.4,5.0,339,Ratnapark,27.7063,85.3152
2025-09-18T16:00,21.7,91,20.2,868.3,4.1,304,Ratnapark,27.7063,85.3152
2025-09-18T17:00,21.3,93,20.1,868.9,3.5,309,Ratnapark,27.7063,85.3152
2025-09-18T18:00,20.7,98,20.5,870.3,1.3,146,Ratnapark,27.7063,85.3152
2025-09-18T19:00,20.6,99,20.5,870.7,1.8,180,Ratnapark,27.7063,85.3152
2025-09-18T20:00,20.5,100,20.4,871.4,3.6,135,Ratnapark,27.7063,85.3152
2025-09-18T21:00,20.2,100,20.1,871.3,2.7,176,Ratnapark,27.7063,85.3152
2025-09-18T22:00,19.6,100,19.5,871.0,2.4,171,Ratnapark,27.7063,85.3152
2025-09-18T23:00,19.1,100,19.1,871.0,1.1,162,Ratnapark,27.7063,85.3152
2025-09-19T00:00,18.9,100,18.9,870.4,3.8,149,Ratnapark,27.7063,85.3152
2025-09-19T01:00,18.7,100,18.6,870.0,4.8,155,Ratnapark,27.7063,85.3152
2025-09-19T02:00,18.7,99,18.6,869.7,4.2,155,Ratnapark,27.7063,85.3152
2025-09-19T03:00,18.5,99,18.4,869.5,3.4,155,Ratnapark,27.7063,85.3152
2025-09-19T04:00,18.7,98,18.4,869.6,4.5,146,Ratnapark,27.7063,85.3152
2025-09-19T05:00,18.9,97,18.4,870.1,4.7,162,Ratnapark,27.7063,85.3152
2025-09-19T06:00,19.8,91,18.4,871.3,4.7,157,Ratnapark,27.7063,85.3152
2025-09-19T07:00,20.3,94,19.3,872.6,1.3,286,Ratnapark,27.7063,85.3152
2025-09-19T08:00,21.4,88,19.4,873.0,2.4,347,Ratnapark,27.7063,85.3152
2025-09-19T09:00,22.9,82,19.7,873.4,1.7,319,Ratnapark,27.7063,85.3152
2025-09-19T10:00,24.6,76,20.1,873.7,3.8,319,Ratnapark,27.7063,85.3152
2025-09-19T11:00,26.3,71,20.6,872.7,6.1,320,Ratnapark,27.7063,85.3152
2025-09-19T12:00,24.3,74,19.4,871.5,8.1,270,Ratnapark,27.7063,85.3152
2025-09-19T13:00,24.4,80,20.8,870.1,5.2,314,Ratnapark,27.7063,85.3152
2025-09-19T14:00,24.2,78,20.0,869.2,6.4,286,Ratnapark,27.7063,85.3152
2025-09-19T15:00,23.7,78,19.7,868.6,3.3,276,Ratnapark,27.7063,85.3152
2025-09-19T16:00,23.1,82,19.9,868.8,3.8,267,Ratnapark,27.7063,85.3152
2025-09-19T17:00,22.0,87,19.7,869.5,3.4,286,Ratnapark,27.7063,85.3152
2025-09-19T18:00,20.7,98,20.4,870.4,3.6,300,Ratnapark,27.7063,85.3152
2025-09-19T19:00,20.5,99,20.3,871.0,2.3,321,Ratnapark,27.7063,85.3152
2025-09-19T20:00,20.3,98,20.0,871.0,2.2,14,Ratnapark,27.7063,85.3152
2025-09-19T21:00,19.7,99,19.6,870.7,1.5,150,Ratnapark,27.7063,85.3152
2025-09-19T22:00,19.7,99,19.5,870.2,5.0,154,Ratnapark,27.7063,85.3152
2025-09-19T23:00,19.4,99,19.3,869.8,5.8,158,Ratnapark,27.7063,85.3152
2025-09-20T00:00,19.4,99,19.2,869.5,4.7,162,Ratnapark,27.7063,85.3152
2025-09-20T01:00,19.2,100,19.1,869.4,4.6,169,Ratnapark,27.7063,85.3152
2025-09-20T02:00,19.3,99,19.1,869.5,4.5,151,Ratnapark,27.7063,85.3152
2025-09-20T03:00,19.2,99,19.0,869.0,4.3,152,Ratnapark,27.7063,85.3152
2025-09-20T04:00,19.3,98,18.9,869.0,4.2,160,Ratnapark,27.7063,85.3152
2025-09-20T05:00,18.9,98,18.6,869.4,2.8,153,Ratnapark,27.7063,85.3152
2025-09-20T06:00,19.3,98,18.9,870.0,3.1,180,Ratnapark,27.7063,85.3152
2025-09-20T07:00,20.6,93,19.4,871.3,3.2,117,Ratnapark,27.7063,85.3152
2025-09-20T08:00,22.2,89,20.2,871.9,2.2,104,Ratnapark,27.7063,85.3152
2025-09-20T09:00,23.8,81,20.3,872.3,1.4,67,Ratnapark,27.7063,85.3152
2025-09-20T10:00,25.1,74,20.2,872.1,2.9,47,Ratnapark,27.7063,85.3152
2025-09-20T11:00,25.6,71,20.0,871.1,3.4,58,Ratnapark,27.7063,85.3152
2025-09-20T12:00,25.6,72,20.3,870.3,1.4,293,Ratnapark,27.7063,85.3152
2025-09-20T13:00,24.0,77,19.7,869.3,6.1,227,Ratnapark,27.7063,85.3152
2025-09-20T14:00,23.5,80,19.9,868.3,2.5,274,Ratnapark,27.7063,85.3152
2025-09-20T15:00,22.7,84,19.9,867.6,4.5,304,Ratnapark,27.7063,85.3152
2025-09-20T16:00,22.6,86,20.1,867.5,3.8,311,Ratnapark,27.7063,85.3152
2025-09-20T17:00,21.7,91,20.2,867.6,2.7,340,Ratnapark,27.7063,85.3152
2025-09-20T18:00,20.9,97,20.4,868.6,2.6,34,Ratnapark,27.7063,85.3152
2025-09-20T19:00,20.5,99,20.4,869.2,3.0,104,Ratnapark,27.7063,85.3152
2025-09-20T20:00,20.2,100,20.2,869.9,2.7,160,Ratnapark,27.7063,85.3152
2025-09-20T21:00,19.8,100,19.8,870.3,3.8,169,Ratnapark,27.7063,85.3152
2025-09-20T22:00,19.6,98,19.3,870.2,6.7,180,Ratnapark,27.7063,85.3152
2025-09-20T23:00,19.5,95,18.6,870.4,4.6,167,Ratnapark,27.7063,85.3152
2025-09-21T00:00,19.2,98,18.8,869.4,1.9,163,Ratnapark,27.7063,85.3152
2025-09-21T01:00,19.0,99,18.8,869.4,2.1,239,Ratnapark,27.7063,85.3152
2025-09-21T02:00,19.0,96,18.4,868.8,1.1,90,Ratnapark,27.7063,85.3152
2025-09-21T03:00,18.7,98,18.3,868.3,3.5,165,Ratnapark,27.7063,85.3152
2025-09-21T04:00,18.2,99,18.0,868.0,4.8,165,Ratnapark,27.7063,85.3152
2025-09-21T05:00,17.7,100,17.7,867.9,4.5,164,Ratnapark,27.7063,85.3152
2025-09-21T06:00,18.6,99,18.4,868.4,3.6,153,Ratnapark,27.7063,85.3152
2025-09-21T07:00,20.9,94,19.9,869.5,4.5,143,Ratnapark,27.7063,85.3152
2025-09-21T08:00,23.0,84,20.2,870.7,2.5,120,Ratnapark,27.7063,85.3152
2025-09-21T09:00,24.7,73,19.6,871.1,2.5,111,Ratnapark,27.7063,85.3152
2025-09-21T10:00,25.6,69,19.4,871.2,0.4,180,Ratnapark,27.7063,85.3152
2025-09-21T11:00,26.1,67,19.5,870.8,3.2,304,Ratnapark,27.7063,85.3152
2025-09-21T12:00,25.3,73,20.2,870.0,6.5,300,Ratnapark,27.7063,85.3152
2025-09-21T13:00,23.8,83,20.6,869.0,6.0,319,Ratnapark,27.7063,85.3152
2025-09-21T14:00,24.6,77,20.4,868.2,1.7,257,Ratnapark,27.7063,85.3152
2025-09-21T15:00,24.3,80,20.6,867.5,5.7,283,Ratnapark,27.7063,85.3152
2025-09-21T16:00,23.4,84,20.4,867.5,4.4,305,Ratnapark,27.7063,85.3152
2025-09-21T17:00,22.2,90,20.5,867.2,3.9,326,Ratnapark,27.7063,85.3152
2025-09-21T18:00,20.9,97,20.4,867.7,1.0,158,Ratnapark,27.7063,85.3152
2025-09-21T19:00,20.4,99,20.2,868.6,0.2,180,Ratnapark,27.7063,85.3152
2025-09-21T20:00,20.4,98,20.1,869.5,0.9,169,Ratnapark,27.7063,85.3152
2025-09-21T21:00,20.3,100,20.2,870.3,4.3,182,Ratnapark,27.7063,85.3152
2025-09-21T22:00,19.5,100,19.5,870.6,3.7,166,Ratnapark,27.7063,85.3152
2025-09-21T23:00,19.5,100,19.5,870.7,4.2,130,Ratnapark,27.7063,85.3152
2025-09-22T00:00,19.6,100,19.6,870.6,2.9,180,Ratnapark,27.7063,85.3152
2025-09-22T01:00,19.2,100,19.2,869.3,3.9,152,Ratnapark,27.7063,85.3152
2025-09-22T02:00,18.7,100,18.7,868.2,5.1,157,Ratnapark,27.7063,85.3152
2025-09-22T03:00,18.4,100,18.4,867.7,5.8,158,Ratnapark,27.7063,85.3152
2025-09-22T04:00,18.2,100,18.2,868.0,6.3,162,Ratnapark,27.7063,85.3152
2025-09-22T05:00,18.0,100,18.0,868.4,6.2,159,Ratnapark,27.7063,85.3152
2025-09-22T06:00,19.0,99,18.9,868.8,4.5,173,Ratnapark,27.7063,85.3152
2025-09-22T07:00,21.7,92,20.4,870.7,3.3,174,Ratnapark,27.7063,85.3152
2025-09-22T08:00,23.9,80,20.2,871.7,2.0,117,Ratnapark,27.7063,85.3152
2025-09-22T09:00,25.4,71,19.8,872.1,2.1,110,Ratnapark,27.7063,85.3152
2025-09-22T10:00,26.8,64,19.5,872.0,1.0,135,Ratnapark,27.7063,85.3152
2025-09-22T11:00,27.1,63,19.5,871.7,0.9,217,Ratnapark,27.7063,85.3152
2025-09-22T12:00,25.2,69,19.2,871.0,5.1,293,Ratnapark,27.7063,85.3152
2025-09-22T13:00,25.2,74,20.2,869.7,4.0,330,Ratnapark,27.7063,85.3152
2025-09-22T14:00,25.5,73,20.4,868.4,5.7,302,Ratnapark,27.7063,85.3152
2025-09-22T15:00,25.3,75,20.6,868.2,6.9,315,Ratnapark,27.7063,85.3152
2025-09-22T16:00,24.3,81,20.9,867.9,6.0,316,Ratnapark,27.7063,85.3152
2025-09-22T17:00,23.4,86,20.9,868.1,3.2,317,Ratnapark,27.7063,85.3152
2025-09-22T18:00,21.6,99,21.5,868.7,0.9,143,Ratnapark,27.7063,85.3152
2025-09-22T19:00,21.2,100,21.2,869.5,0.9,169,Ratnapark,27.7063,85.3152
2025-09-22T20:00,21.0,100,21.0,870.2,2.2,171,Ratnapark,27.7063,85.3152
2025-09-22T21:00,20.8,100,20.8,870.8,2.9,169,Ratnapark,27.7063,85.3152
2025-09-22T22:00,20.5,100,20.5,870.8,3.5,165,Ratnapark,27.7063,85.3152
2025-09-22T23:00,20.2,100,20.2,870.6,3.8,185,Ratnapark,27.7063,85.3152
2025-09-23T00:00,19.9,100,19.9,870.2,3.3,167,Ratnapark,27.7063,85.3152
2025-09-23T01:00,19.7,100,19.7,869.4,2.9,173,Ratnapark,27.7063,85.3152
2025-09-23T02:00,19.7,100,19.7,868.9,4.5,157,Ratnapark,27.7063,85.3152
2025-09-23T03:00,19.4,100,19.4,868.4,3.8,163,Ratnapark,27.7063,85.3152
2025-09-23T04:00,19.2,99,19.1,868.2,3.6,162,Ratnapark,27.7063,85.3152
2025-09-23T05:00,19.0,99,18.8,868.5,3.5,168,Ratnapark,27.7063,85.3152
2025-09-23T06:00,20.1,100,20.1,869.6,2.4,167,Ratnapark,27.7063,85.3152
2025-09-23T07:00,22.6,91,21.1,871.3,1.0,149,Ratnapark,27.7063,85.3152
2025-09-23T08:00,24.2,81,20.8,872.0,1.7,32,Ratnapark,27.7063,85.3152
2025-09-23T09:00,25.6,74,20.5,872.1,1.9,331,Ratnapark,27.7063,85.3152
2025-09-23T10:00,26.7,67,20.1,872.2,2.8,310,Ratnapark,27.7063,85.3152
2025-09-23T11:00,27.3,63,19.8,871.7,3.9,246,Ratnapark,27.7063,85.3152
2025-09-23T12:00,26.6,68,20.3,870.9,3.8,281,Ratnapark,27.7063,85.3152
2025-09-23T13:00,24.8,76,20.3,869.6,4.4,291,Ratnapark,27.7063,85.3152
2025-09-23T14:00,24.8,77,20.5,868.7,2.4,351,Ratnapark,27.7063,85.3152
2025-09-23T15:00,24.3,80,20.6,867.9,3.6,311,Ratnapark,27.7063,85.3152
2025-09-23T16:00,24.1,82,20.8,868.2,4.7,277,Ratnapark,27.7063,85.3152
2025-09-23T17:00,23.5,83,20.5,868.6,2.8,281,Ratnapark,27.7063,85.3152
2025-09-23T18:00,22.4,93,21.2,868.9,3.3,248,Ratnapark,27.7063,85.3152
2025-09-23T19:00,21.8,97,21.4,869.5,2.8,243,Ratnapark,27.7063,85.3152
2025-09-23T20:00,21.3,100,21.2,869.4,2.9,169,Ratnapark,27.7063,85.3152
2025-09-23T21:00,20.9,100,20.9,869.6,3.5,189,Ratnapark,27.7063,85.3152
2025-09-23T22:00,20.4,100,20.4,869.3,2.0,185,Ratnapark,27.7063,85.3152
2025-09-23T23:00,20.1,100,20.1,869.0,1.7,167,Ratnapark,27.7063,85.3152
2025-09-24T00:00,19.9,100,19.9,868.4,2.2,166,Ratnapark,27.7063,85.3152
2025-09-24T01:00,19.2,100,19.2,867.3,2.7,176,Ratnapark,27.7063,85.3152
2025-09-24T02:00,18.7,100,18.7,866.5,3.1,167,Ratnapark,27.7063,85.3152
2025-09-24T03:00,18.3,100,18.3,866.2,2.7,160,Ratnapark,27.7063,85.3152
2025-09-24T04:00,18.4,100,18.4,866.5,4.6,149,Ratnapark,27.7063,85.3152
2025-09-24T05:00,18.5,100,18.5,866.6,4.4,159,Ratnapark,27.7063,85.3152
2025-09-24T06:00,20.1,99,20.0,868.5,3.4,164,Ratnapark,27.7063,85.3152
2025-09-24T07:00,22.4,94,21.4,869.3,2.0,185,Ratnapark,27.7063,85.3152
2025-09-24T08:00,24.3,80,20.5,869.8,2.0,225,Ratnapark,27.7063,85.3152
2025-09-24T09:00,25.9,71,20.3,870.4,0.9,281,Ratnapark,27.7063,85.3152
2025-09-24T10:00,27.7,64,20.2,870.8,1.3,360,Ratnapark,27.7063,85.3152
2025-09-24T11:00,27.7,65,20.6,870.2,3.2,207,Ratnapark,27.7063,85.3152
2025-09-24T12:00,25.9,72,20.4,869.2,6.6,241,Ratnapark,27.7063,85.3152
2025-09-24T13:00,24.3,78,20.3,868.1,4.2,329,Ratnapark,27.7063,85.3152
2025-09-24T14:00,24.4,79,20.5,867.2,4.3,138,Ratnapark,27.7063,85.3152
2025-09-24T15:00,23.9,81,20.5,866.9,1.0,202,Ratnapark,27.7063,85.3152
2025-09-24T16:00,22.1,90,20.3,866.6,3.2,344,Ratnapark,27.7063,85.3152
2025-09-24T17:00,21.5,92,20.2,866.2,2.6,214,Ratnapark,27.7063,85.3152
2025-09-24T18:00,21.5,95,20.7,868.2,0.7,104,Ratnapark,27.7063,85.3152
2025-09-24T19:00,21.2,97,20.7,868.8,1.3,180,Ratnapark,27.7063,85.3152
2025-09-24T20:00,20.7,100,20.7,869.0,4.0,159,Ratnapark,27.7063,85.3152
2025-09-24T21:00,20.3,100,20.3,869.0,6.1,146,Ratnapark,27.7063,85.3152
2025-09-24T22:00,19.9,100,19.9,868.4,5.7,156,Ratnapark,27.7063,85.3152
2025-09-24T23:00,19.5,100,19.5,868.1,5.5,161,Ratnapark,27.7063,85.3152
2025-09-25T00:00,19.0,100,19.0,867.3,6.0,159,Ratnapark,27.7063,85.3152
2025-09-25T01:00,18.7,100,18.7,866.7,5.3,156,Ratnapark,27.7063,85.3152
2025-09-25T02:00,18.4,100,18.4,866.4,3.7,166,Ratnapark,27.7063,85.3152
2025-09-25T03:00,18.2,100,18.2,866.2,3.1,167,Ratnapark,27.7063,85.3152
2025-09-25T04:00,18.2,100,18.1,866.3,3.1,167,Ratnapark,27.7063,85.3152
2025-09-25T05:00,18.2,100,18.2,866.4,3.3,171,Ratnapark,27.7063,85.3152
2025-09-25T06:00,19.4,98,19.0,867.8,5.3,162,Ratnapark,27.7063,85.3152
2025-09-25T07:00,22.4,89,20.5,869.6,4.1,131,Ratnapark,27.7063,85.3152
2025-09-25T08:00,24.5,79,20.7,871.1,3.3,96,Ratnapark,27.7063,85.3152
2025-09-25T09:00,25.8,69,19.7,871.7,2.0,95,Ratnapark,27.7063,85.3152
2025-09-25T10:00,26.6,65,19.5,871.8,1.3,344,Ratnapark,27.7063,85.3152
2025-09-25T11:00,27.0,63,19.5,871.0,2.8,310,Ratnapark,27.7063,85.3152
2025-09-25T12:00,26.3,65,19.1,870.1,6.3,270,Ratnapark,27.7063,85.3152
2025-09-25T13:00,24.4,76,19.8,869.2,5.6,253,Ratnapark,27.7063,85.3152
2025-09-25T14:00,24.3,79,20.4,868.3,2.5,274,Ratnapark,27.7063,85.3152
2025-09-25T15:00,24.5,76,20.0,868.3,5.0,308,Ratnapark,27.7063,85.3152
2025-09-25T16:00,23.4,82,20.2,868.0,4.2,313,Ratnapark,27.7063,85.3152
2025-09-25T17:00,22.4,89,20.5,868.1,2.5,278,Ratnapark,27.7063,85.3152
2025-09-25T18:00,21.7,95,20.8,868.9,1.5,150,Ratnapark,27.7063,85.3152
2025-09-25T19:00,20.9,99,20.8,869.4,3.1,170,Ratnapark,27.7063,85.3152
2025-09-25T20:00,20.4,100,20.4,869.7,4.5,180,Ratnapark,27.7063,85.3152
2025-09-25T21:00,20.0,99,19.8,869.6,4.9,178,Ratnapark,27.7063,85.3152
2025-09-25T22:00,19.4,100,19.4,869.4,4.4,168,Ratnapark,27.7063,85.3152
2025-09-25T23:00,18.8,100,18.8,868.9,4.2,162,Ratnapark,27.7063,85.3152
2025-09-26T00:00,18.5,100,18.5,868.2,4.4,161,Ratnapark,27.7063,85.3152
2025-09-26T01:00,18.2,100,18.1,867.8,5.2,158,Ratnapark,27.7063,85.3152
2025-09-26T02:00,18.4,98,18.0,867.7,5.8,158,Ratnapark,27.7063,85.3152
2025-09-26T03:00,18.5,96,17.9,867.4,5.6,163,Ratnapark,27.7063,85.3152
2025-09-26T04:00,18.5,95,17.8,867.5,5.2,158,Ratnapark,27.7063,85.3152
2025-09-26T05:00,18.7,94,17.7,868.2,6.2,154,Ratnapark,27.7063,85.3152
2025-09-26T06:00,19.8,95,18.9,869.3,5.4,160,Ratnapark,27.7063,85.3152
2025-09-26T07:00,23.2,85,20.5,871.5,4.0,117,Ratnapark,27.7063,85.3152
2025-09-26T08:00,25.3,71,19.7,872.8,3.1,93,Ratnapark,27.7063,85.3152
2025-09-26T09:00,26.9,63,19.2,873.2,0.3,45,Ratnapark,27.7063,85.3152
2025-09-26T10:00,28.4,57,19.0,873.1,3.1,298,Ratnapark,27.7063,85.3152
2025-09-26T11:00,28.7,55,18.7,872.5,5.1,288,Ratnapark,27.7063,85.3152
2025-09-26T12:00,27.3,63,19.8,871.5,6.4,288,Ratnapark,27.7063,85.3152
2025-09-26T13:00,27.5,65,20.3,870.6,6.5,278,Ratnapark,27.7063,85.3152
2025-09-26T14:00,25.4,75,20.6,870.4,3.8,188,Ratnapark,27.7063,85.3152
2025-09-26T15:00,25.3,73,20.2,870.2,2.2,85,Ratnapark,27.7063,85.3152
2025-09-26T16:00,24.6,78,20.6,870.4,4.5,90,Ratnapark,27.7063,85.3152
2025-09-26T17:00,23.7,85,21.0,870.7,4.8,167,Ratnapark,27.7063,85.3152
2025-09-26T18:00,22.3,91,20.8,871.2,6.5,177,Ratnapark,27.7063,85.3152
2025-09-26T19:00,21.7,94,20.7,872.4,4.1,167,Ratnapark,27.7063,85.3152
2025-09-26T20:00,21.4,95,20.6,873.6,5.0,142,Ratnapark,27.7063,85.3152
2025-09-26T21:00,20.7,99,20.6,873.9,3.8,121,Ratnapark,27.7063,85.3152
2025-09-26T22:00,20.4,99,20.3,873.7,4.7,133,Ratnapark,27.7063,85.3152
2025-09-26T23:00,20.0,100,20.0,873.2,5.8,144,Ratnapark,27.7063,85.3152
2025-09-27T00:00,19.3,100,19.3,872.2,6.5,150,Ratnapark,27.7063,85.3152
2025-09-27T01:00,18.9,99,18.7,871.0,6.7,153,Ratnapark,27.7063,85.3152
2025-09-27T02:00,18.4,100,18.4,870.6,7.2,155,Ratnapark,27.7063,85.3152
2025-09-27T03:00,18.1,100,18.1,870.3,6.8,155,Ratnapark,27.7063,85.3152
2025-09-27T04:00,17.9,100,17.9,870.3,6.0,163,Ratnapark,27.7063,85.3152
2025-09-27T05:00,17.8,100,17.8,870.7,4.7,164,Ratnapark,27.7063,85.3152
2025-09-27T06:00,19.0,99,18.8,872.1,5.0,161,Ratnapark,27.7063,85.3152
2025-09-27T07:00,22.0,91,20.5,874.3,4.4,161,Ratnapark,27.7063,85.3152
2025-09-27T08:00,23.8,80,20.1,875.7,1.9,131,Ratnapark,27.7063,85.3152
2025-09-27T09:00,25.3,74,20.4,876.2,1.6,27,Ratnapark,27.7063,85.3152
2025-09-27T10:00,26.7,67,20.0,876.1,2.7,332,Ratnapark,27.7063,85.3152
2025-09-27T11:00,27.9,63,20.2,875.3,3.5,291,Ratnapark,27.7063,85.3152
2025-09-27T12:00,25.2,74,20.2,874.3,7.1,255,Ratnapark,27.7063,85.3152
2025-09-27T13:00,25.0,73,19.8,873.4,2.9,281,Ratnapark,27.7063,85.3152
2025-09-27T14:00,24.9,77,20.6,872.0,2.3,315,Ratnapark,27.7063,85.3152
2025-09-27T15:00,25.2,76,20.7,871.3,3.7,281,Ratnapark,27.7063,85.3152
2025-09-27T16:00,24.6,79,20.8,871.5,3.1,332,Ratnapark,27.7063,85.3152
2025-09-27T17:00,22.9,90,21.2,871.7,1.9,139,Ratnapark,27.7063,85.3152
2025-09-27T18:00,21.9,93,20.7,873.0,1.1,162,Ratnapark,27.7063,85.3152
2025-09-27T19:00,21.5,95,20.6,873.4,2.4,163,Ratnapark,27.7063,85.3152
2025-09-27T20:00,21.0,96,20.4,873.6,3.5,159,Ratnapark,27.7063,85.3152
2025-09-27T21:00,20.5,97,20.0,873.4,3.3,167,Ratnapark,27.7063,85.3152
2025-09-27T22:00,20.1,97,19.6,873.4,4.2,170,Ratnapark,27.7063,85.3152
2025-09-27T23:00,19.6,98,19.3,873.0,5.1,172,Ratnapark,27.7063,85.3152
2025-09-28T00:00,19.2,98,18.9,872.3,4.0,172,Ratnapark,27.7063,85.3152
2025-09-28T01:00,18.6,99,18.5,871.5,4.4,173,Ratnapark,27.7063,85.3152
2025-09-28T02:00,18.3,100,18.3,871.0,4.0,170,Ratnapark,27.7063,85.3152
2025-09-28T03:00,18.1,100,18.1,870.9,2.4,167,Ratnapark,27.7063,85.3152
2025-09-28T04:00,18.1,100,18.1,871.5,0.7,166,Ratnapark,27.7063,85.3152
2025-09-28T05:00,18.1,100,18.1,872.1,1.1,180,Ratnapark,27.7063,85.3152
2025-09-28T06:00,20.0,99,19.8,873.6,2.6,164,Ratnapark,27.7063,85.3152
2025-09-28T07:00,21.5,90,19.9,874.9,1.2,153,Ratnapark,27.7063,85.3152
2025-09-28T08:00,22.9,83,19.8,875.2,2.1,38,Ratnapark,27.7063,85.3152
2025-09-28T09:00,24.3,75,19.6,875.6,2.0,5,Ratnapark,27.7063,85.3152
2025-09-28T10:00,25.5,70,19.6,875.2,2.5,300,Ratnapark,27.7063,85.3152
2025-09-28T11:00,25.7,70,19.8,874.4,3.3,283,Ratnapark,27.7063,85.3152
2025-09-28T12:00,26.3,69,20.2,873.4,3.4,295,Ratnapark,27.7063,85.3152
2025-09-28T13:00,24.4,75,19.6,872.5,8.0,279,Ratnapark,27.7063,85.3152
2025-09-28T14:00,24.2,78,20.2,871.3,3.9,323,Ratnapark,27.7063,85.3152
2025-09-28T15:00,24.2,77,19.8,870.6,4.3,268,Ratnapark,27.7063,85.3152
2025-09-28T16:00,23.9,77,19.6,870.6,4.2,288,Ratnapark,27.7063,85.3152
2025-09-28T17:00,22.6,86,20.1,870.6,3.2,297,Ratnapark,27.7063,85.3152
2025-09-28T18:00,20.8,97,20.4,871.3,1.8,204,Ratnapark,27.7063,85.3152
2025-09-28T19:00,20.3,99,20.1,871.6,1.3,180,Ratnapark,27.7063,85.3152
2025-09-28T20:00,20.2,97,19.7,872.2,1.9,163,Ratnapark,27.7063,85.3152
2025-09-28T21:00,20.0,99,19.8,872.2,2.7,160,Ratnapark,27.7063,85.3152
2025-09-28T22:00,19.5,99,19.3,872.3,2.2,132,Ratnapark,27.7063,85.3152
2025-09-28T23:00,19.3,100,19.3,871.5,3.4,162,Ratnapark,27.7063,85.3152
2025-09-29T00:00,19.3,100,19.3,870.8,4.1,165,Ratnapark,27.7063,85.3152
2025-09-29T01:00,19.3,100,19.3,870.5,4.2,173,Ratnapark,27.7063,85.3152
2025-09-29T02:00,19.5,99,19.4,870.3,4.0,185,Ratnapark,27.7063,85.3152
2025-09-29T03:00,19.5,99,19.4,870.2,2.2,204,Ratnapark,27.7063,85.3152
2025-09-29T04:00,19.5,99,19.4,870.7,2.2,215,Ratnapark,27.7063,85.3152
2025-09-29T05:00,19.2,100,19.2,871.1,1.2,219,Ratnapark,27.7063,85.3152
2025-09-29T06:00,19.8,99,19.7,871.8,3.9,124,Ratnapark,27.7063,85.3152
2025-09-29T07:00,21.1,95,20.3,872.6,2.9,150,Ratnapark,27.7063,85.3152
2025-09-29T08:00,22.6,85,19.9,873.4,2.1,110,Ratnapark,27.7063,85.3152
2025-09-29T09:00,24.1,76,19.6,873.5,1.0,22,Ratnapark,27.7063,85.3152
2025-09-29T10:00,25.5,70,19.5,872.8,2.7,323,Ratnapark,27.7063,85.3152
2025-09-29T11:00,26.5,67,19.9,872.0,3.7,299,Ratnapark,27.7063,85.3152
2025-09-29T12:00,26.6,67,20.1,871.1,6.4,288,Ratnapark,27.7063,85.3152
2025-09-29T13:00,22.5,83,19.5,870.2,9.4,238,Ratnapark,27.7063,85.3152
2025-09-29T14:00,23.1,82,19.8,869.3,3.0,205,Ratnapark,27.7063,85.3152
2025-09-29T15:00,22.9,84,20.1,869.0,2.0,10,Ratnapark,27.7063,85.3152
2025-09-29T16:00,21.9,88,19.9,868.9,1.7,311,Ratnapark,27.7063,85.3152
2025-09-29T17:00,21.0,94,20.0,868.3,2.7,200,Ratnapark,27.7063,85.3152
2025-09-29T18:00,20.8,96,20.2,869.0,4.6,216,Ratnapark,27.7063,85.3152
2025-09-29T19:00,20.5,96,19.8,869.6,4.1,193,Ratnapark,27.7063,85.3152
2025-09-29T20:00,20.0,98,19.7,870.0,2.7,176,Ratnapark,27.7063,85.3152
2025-09-29T21:00,19.7,99,19.6,870.1,2.7,176,Ratnapark,27.7063,85.3152
2025-09-29T22:00,19.3,100,19.3,869.8,3.3,167,Ratnapark,27.7063,85.3152
2025-09-29T23:00,19.1,100,19.1,869.5,4.3,158,Ratnapark,27.7063,85.3152
2025-09-30T00:00,19.0,100,18.9,869.0,4.8,167,Ratnapark,27.7063,85.3152
2025-09-30T01:00,18.9,100,18.9,868.5,3.3,167,Ratnapark,27.7063,85.3152
2025-09-30T02:00,18.8,100,18.8,867.8,3.6,160,Ratnapark,27.7063,85.3152
2025-09-30T03:00,18.5,100,18.5,867.5,6.2,147,Ratnapark,27.7063,85.3152
2025-09-30T04:00,18.3,100,18.3,867.2,4.6,171,Ratnapark,27.7063,85.3152
2025-09-30T05:00,18.2,100,18.2,867.4,4.6,167,Ratnapark,27.7063,85.3152
2025-09-30T06:00,19.4,99,19.3,868.8,3.4,162,Ratnapark,27.7063,85.3152
2025-09-30T07:00,21.7,92,20.3,870.3,2.9,150,Ratnapark,27.7063,85.3152
2025-09-30T08:00,23.0,84,20.1,871.1,1.0,292,Ratnapark,27.7063,85.3152
2025-09-30T09:00,24.6,74,19.6,871.2,2.4,312,Ratnapark,27.7063,85.3152
2025-09-30T10:00,26.4,64,19.0,870.6,1.8,294,Ratnapark,27.7063,85.3152
2025-09-30T11:00,27.4,60,18.9,869.9,4.1,283,Ratnapark,27.7063,85.3152
2025-09-30T12:00,26.2,65,19.0,869.1,5.2,250,Ratnapark,27.7063,85.3152
2025-09-30T13:00,24.3,74,19.4,868.5,1.5,306,Ratnapark,27.7063,85.3152
2025-09-30T14:00,23.4,78,19.4,867.9,2.9,330,Ratnapark,27.7063,85.3152
2025-09-30T15:00,23.3,80,19.6,867.4,1.8,6,Ratnapark,27.7063,85.3152
2025-09-30T16:00,22.8,82,19.5,866.8,1.9,326,Ratnapark,27.7063,85.3152
2025-09-30T17:00,21.8,88,19.7,866.7,1.5,216,Ratnapark,27.7063,85.3152
2025-09-30T18:00,21.0,93,19.8,867.0,3.8,180,Ratnapark,27.7063,85.3152
2025-09-30T19:00,20.4,96,19.8,867.9,3.0,163,Ratnapark,27.7063,85.3152
2025-09-30T20:00,19.5,100,19.5,868.7,3.6,162,Ratnapark,27.7063,85.3152
2025-09-30T21:00,18.9,100,18.9,868.7,3.0,163,Ratnapark,27.7063,85.3152
2025-09-30T22:00,18.8,100,18.8,868.8,3.9,164,Ratnapark,27.7063,85.3152
2025-09-30T23:00,18.5,100,18.5,868.5,2.4,171,Ratnapark,27.7063,85.3152
2025-10-01T00:00,18.3,100,18.3,868.0,5.4,166,Ratnapark,27.7063,85.3152
2025-10-01T01:00,18.3,99,18.2,866.7,4.4,161,Ratnapark,27.7063,85.3152
2025-10-01T02:00,18.1,99,17.9,865.8,3.5,168,Ratnapark,27.7063,85.3152
2025-10-01T03:00,17.8,99,17.6,865.2,3.6,162,Ratnapark,27.7063,85.3152
2025-10-01T04:00,17.4,99,17.3,865.0,4.6,162,Ratnapark,27.7063,85.3152
2025-10-01T05:00,17.6,98,17.3,865.6,3.0,147,Ratnapark,27.7063,85.3152
2025-10-01T06:00,18.3,98,17.9,866.6,6.7,161,Ratnapark,27.7063,85.3152
2025-10-01T07:00,21.9,86,19.5,869.1,5.1,129,Ratnapark,27.7063,85.3152
2025-10-01T08:00,23.7,79,19.8,870.0,3.2,109,Ratnapark,27.7063,85.3152
2025-10-01T09:00,24.8,75,20.0,870.4,0.8,225,Ratnapark,27.7063,85.3152
2025-10-01T10:00,26.3,68,19.9,870.3,2.6,304,Ratnapark,27.7063,85.3152
2025-10-01T11:00,25.2,62,17.5,870.1,7.0,328,Ratnapark,27.7063,85.3152
2025-10-01T12:00,25.3,67,18.8,869.5,1.9,319,Ratnapark,27.7063,85.3152
2025-10-01T13:00,25.0,66,18.2,868.6,5.3,260,Ratnapark,27.7063,85.3152
2025-10-01T14:00,25.3,64,18.0,867.9,5.3,308,Ratnapark,27.7063,85.3152
2025-10-01T15:00,22.8,78,18.7,867.8,2.7,293,Ratnapark,27.7063,85.3152
2025-10-01T16:00,22.2,80,18.5,867.6,2.3,90,Ratnapark,27.7063,85.3152
2025-10-01T17:00,21.1,91,19.5,868.2,1.2,129,Ratnapark,27.7063,85.3152
2025-10-01T18:00,20.7,94,19.7,869.0,3.4,115,Ratnapark,27.7063,85.3152
2025-10-01T19:00,20.2,96,19.6,869.8,4.2,144,Ratnapark,27.7063,85.3152
2025-10-01T20:00,19.7,97,19.2,870.9,6.1,148,Ratnapark,27.7063,85.3152
2025-10-01T21:00,19.3,97,18.9,871.1,4.9,152,Ratnapark,27.7063,85.3152
2025-10-01T22:00,19.0,98,18.6,871.1,2.3,212,Ratnapark,27.7063,85.3152
2025-10-01T23:00,18.6,100,18.6,871.1,3.1,90,Ratnapark,27.7063,85.3152
2025-10-02T00:00,19.2,98,18.9,870.7,3.2,161,Ratnapark,27.7063,85.3152
2025-10-02T01:00,19.1,98,18.7,870.4,5.5,171,Ratnapark,27.7063,85.3152
2025-10-02T02:00,19.1,97,18.6,870.4,5.6,135,Ratnapark,27.7063,85.3152
2025-10-02T03:00,18.9,98,18.5,870.5,4.1,131,Ratnapark,27.7063,85.3152
2025-10-02T04:00,18.7,98,18.4,870.2,4.4,161,Ratnapark,27.7063,85.3152
2025-10-02T05:00,18.6,100,18.6,870.4,3.6,200,Ratnapark,27.7063,85.3152
2025-10-02T06:00,18.9,98,18.6,871.1,5.3,142,Ratnapark,27.7063,85.3152
2025-10-02T07:00,19.5,97,18.9,872.7,4.0,141,Ratnapark,27.7063,85.3152
2025-10-02T08:00,19.8,95,19.1,873.8,2.7,118,Ratnapark,27.7063,85.3152
2025-10-02T09:00,20.9,89,19.0,874.3,3.3,103,Ratnapark,27.7063,85.3152
2025-10-02T10:00,22.3,80,18.8,874.5,3.7,101,Ratnapark,27.7063,85.3152
2025-10-02T11:00,21.4,83,18.4,874.5,0.8,63,Ratnapark,27.7063,85.3152
2025-10-02T12:00,22.2,80,18.6,874.0,2.0,315,Ratnapark,27.7063,85.3152
2025-10-02T13:00,22.2,79,18.4,873.3,5.0,345,Ratnapark,27.7063,85.3152
2025-10-02T14:00,22.1,81,18.8,872.3,5.1,342,Ratnapark,27.7063,85.3152
2025-10-02T15:00,22.1,82,18.9,871.6,4.6,347,Ratnapark,27.7063,85.3152
2025-10-02T16:00,21.7,85,19.0,871.9,2.3,337,Ratnapark,27.7063,85.3152
2025-10-02T17:00,20.4,93,19.3,871.8,2.7,32,Ratnapark,27.7063,85.3152
2025-10-02T18:00,20.0,95,19.2,872.4,2.3,108,Ratnapark,27.7063,85.3152
2025-10-02T19:00,20.1,95,19.3,873.8,1.7,122,Ratnapark,27.7063,85.3152
2025-10-02T20:00,19.9,97,19.3,874.2,2.1,128,Ratnapark,27.7063,85.3152
2025-10-02T21:00,19.6,99,19.4,874.3,1.5,166,Ratnapark,27.7063,85.3152
2025-10-02T22:00,19.5,98,19.2,873.8,2.3,151,Ratnapark,27.7063,85.3152
2025-10-02T23:00,19.7,100,19.7,873.7,0.8,153,Ratnapark,27.7063,85.3152
2025-10-03T00:00,19.4,99,19.2,873.1,3.3,158,Ratnapark,27.7063,85.3152
2025-10-03T01:00,19.0,99,18.8,872.4,4.6,167,Ratnapark,27.7063,85.3152
2025-10-03T02:00,18.6,99,18.4,872.3,3.7,166,Ratnapark,27.7063,85.3152
2025-10-03T03:00,18.7,99,18.6,872.2,2.3,162,Ratnapark,27.7063,85.3152
2025-10-03T04:00,18.5,99,18.3,872.5,2.5,180,Ratnapark,27.7063,85.3152
2025-10-03T05:00,18.4,99,18.3,872.9,2.2,138,Ratnapark,27.7063,85.3152
2025-10-03T06:00,18.9,99,18.7,873.3,3.1,140,Ratnapark,27.7063,85.3152
2025-10-03T07:00,20.1,91,18.6,874.4,2.6,164,Ratnapark,27.7063,85.3152
2025-10-03T08:00,21.9,81,18.5,875.4,2.8,130,Ratnapark,27.7063,85.3152
2025-10-03T09:00,22.8,77,18.5,876.0,4.9,129,Ratnapark,27.7063,85.3152
2025-10-03T10:00,24.5,69,18.4,876.2,4.0,100,Ratnapark,27.7063,85.3152
2025-10-03T11:00,23.7,67,17.3,876.1,2.4,36,Ratnapark,27.7063,85.3152
2025-10-03T12:00,23.6,72,18.2,875.2,3.8,41,Ratnapark,27.7063,85.3152
2025-10-03T13:00,23.9,71,18.3,874.4,3.7,47,Ratnapark,27.7063,85.3152
2025-10-03T14:00,24.5,68,18.1,873.6,3.0,38,Ratnapark,27.7063,85.3152
2025-10-03T15:00,23.7,73,18.5,873.0,4.2,10,Ratnapark,27.7063,85.3152
2025-10-03T16:00,23.2,78,19.2,873.3,3.7,331,Ratnapark,27.7063,85.3152
2025-10-03T17:00,20.9,93,19.8,872.8,0.9,101,Ratnapark,27.7063,85.3152
2025-10-03T18:00,20.8,93,19.7,873.2,3.0,155,Ratnapark,27.7063,85.3152
2025-10-03T19:00,20.7,95,19.8,873.9,1.6,174,Ratnapark,27.7063,85.3152
2025-10-03T20:00,20.5,97,19.9,874.1,2.7,180,Ratnapark,27.7063,85.3152
2025-10-03T21:00,20.2,99,20.0,874.1,0.6,162,Ratnapark,27.7063,85.3152
2025-10-03T22:00,19.8,100,19.8,873.9,2.2,185,Ratnapark,27.7063,85.3152
2025-10-03T23:00,20.2,100,20.2,873.2,3.9,53,Ratnapark,27.7063,85.3152
2025-10-04T00:00,20.2,98,20.0,872.2,4.7,122,Ratnapark,27.7063,85.3152
2025-10-04T01:00,19.9,98,19.6,871.9,4.5,164,Ratnapark,27.7063,85.3152
2025-10-04T02:00,19.7,98,19.5,871.8,4.2,144,Ratnapark,27.7063,85.3152
2025-10-04T03:00,19.4,99,19.3,871.5,5.8,129,Ratnapark,27.7063,85.3152
2025-10-04T04:00,19.3,99,19.1,871.4,4.0,129,Ratnapark,27.7063,85.3152
2025-10-04T05:00,19.0,98,18.6,871.2,6.2,107,Ratnapark,27.7063,85.3152
2025-10-04T06:00,19.1,97,18.6,872.0,5.2,121,Ratnapark,27.7063,85.3152
2025-10-04T07:00,19.0,97,18.5,872.1,6.1,135,Ratnapark,27.7063,85.3152
2025-10-04T08:00,18.9,98,18.5,872.0,7.1,131,Ratnapark,27.7063,85.3152
2025-10-04T09:00,18.8,99,18.7,872.6,8.5,136,Ratnapark,27.7063,85.3152
2025-10-04T10:00,18.5,98,18.1,872.0,6.1,124,Ratnapark,27.7063,85.3152
2025-10-04T11:00,18.6,97,18.1,871.1,5.2,124,Ratnapark,27.7063,85.3152
2025-10-04T12:00,18.1,96,17.4,869.2,8.1,122,Ratnapark,27.7063,85.3152
2025-10-04T13:00,17.8,98,17.4,868.2,9.4,97,Ratnapark,27.7063,85.3152
2025-10-04T14:00,17.6,96,16.9,867.6,8.9,108,Ratnapark,27.7063,85.3152
2025-10-04T15:00,17.6,96,17.0,867.2,4.7,118,Ratnapark,27.7063,85.3152
2025-10-04T16:00,17.3,99,17.1,866.5,1.1,18,Ratnapark,27.7063,85.3152
2025-10-04T17:00,16.9,96,16.2,867.2,3.3,315,Ratnapark,27.7063,85.3152
2025-10-04T18:00,17.0,98,16.6,867.0,2.1,160,Ratnapark,27.7063,85.3152
2025-10-04T19:00,17.2,99,17.0,868.5,3.0,73,Ratnapark,27.7063,85.3152
2025-10-04T20:00,17.1,99,17.0,868.2,3.0,123,Ratnapark,27.7063,85.3152
2025-10-04T21:00,17.3,99,17.2,868.5,3.4,180,Ratnapark,27.7063,85.3152
2025-10-04T22:00,17.4,99,17.2,868.5,1.7,288,Ratnapark,27.7063,85.3152
2025-10-04T23:00,17.2,98,16.9,868.9,2.1,105,Ratnapark,27.7063,85.3152
2025-10-05T00:00,17.0,98,16.6,868.3,2.3,113,Ratnapark,27.7063,85.3152
2025-10-05T01:00,17.1,97,16.6,868.1,2.4,216,Ratnapark,27.7063,85.3152
2025-10-05T02:00,17.2,97,16.7,868.1,2.5,159,Ratnapark,27.7063,85.3152
2025-10-05T03:00,17.1,99,16.9,868.0,3.2,128,Ratnapark,27.7063,85.3152
2025-10-05T04:00,17.1,97,16.6,868.2,4.7,187,Ratnapark,27.7063,85.3152
2025-10-05T05:00,17.0,98,16.7,868.3,5.0,111,Ratnapark,27.7063,85.3152
2025-10-05T06:00,17.2,98,16.9,869.2,6.7,144,Ratnapark,27.7063,85.3152
2025-10-05T07:00,18.0,95,17.1,870.6,4.8,143,Ratnapark,27.7063,85.3152
2025-10-05T08:00,19.0,87,16.8,871.8,3.1,159,Ratnapark,27.7063,85.3152
2025-10-05T09:00,20.4,81,17.0,872.6,0.6,304,Ratnapark,27.7063,85.3152
2025-10-05T10:00,21.2,77,17.0,872.7,2.2,318,Ratnapark,27.7063,85.3152
2025-10-05T11:00,22.5,72,17.1,872.6,7.0,331,Ratnapark,27.7063,85.3152
2025-10-05T12:00,23.5,67,16.9,872.0,4.8,318,Ratnapark,27.7063,85.3152
2025-10-05T13:00,24.5,65,17.5,871.5,5.4,304,Ratnapark,27.7063,85.3152
2025-10-05T14:00,24.5,66,17.6,870.6,5.2,304,Ratnapark,27.7063,85.3152
2025-10-05T15:00,23.9,67,17.5,870.3,6.0,295,Ratnapark,27.7063,85.3152
2025-10-05T16:00,22.5,73,17.5,869.9,5.0,308,Ratnapark,27.7063,85.3152
2025-10-05T17:00,20.5,90,18.8,869.6,4.0,328,Ratnapark,27.7063,85.3152
2025-10-05T18:00,19.7,94,18.7,870.4,0.9,191,Ratnapark,27.7063,85.3152
2025-10-05T19:00,19.0,98,18.7,871.3,2.7,176,Ratnapark,27.7063,85.3152
2025-10-05T20:00,18.7,99,18.6,872.0,2.4,207,Ratnapark,27.7063,85.3152
2025-10-05T21:00,18.6,99,18.5,872.3,2.3,225,Ratnapark,27.7063,85.3152
2025-10-05T22:00,18.6,98,18.2,872.4,1.3,146,Ratnapark,27.7063,85.3152
2025-10-05T23:00,18.8,98,18.5,872.8,2.2,175,Ratnapark,27.7063,85.3152
2025-10-06T00:00,18.0,95,17.3,872.0,2.2,189,Ratnapark,27.7063,85.3152
2025-10-06T01:00,18.3,97,17.8,871.8,3.2,146,Ratnapark,27.7063,85.3152
2025-10-06T02:00,18.3,97,17.8,871.3,2.5,180,Ratnapark,27.7063,85.3152
2025-10-06T03:00,18.0,99,17.9,870.7,1.7,148,Ratnapark,27.7063,85.3152
2025-10-06T04:00,17.7,100,17.7,870.6,4.3,178,Ratnapark,27.7063,85.3152
2025-10-06T05:00,17.2,100,17.1,871.2,2.5,274,Ratnapark,27.7063,85.3152
2025-10-06T06:00,18.2,98,17.8,872.3,2.7,250,Ratnapark,27.7063,85.3152
2025-10-06T07:00,19.2,94,18.2,873.3,1.5,240,Ratnapark,27.7063,85.3152
2025-10-06T08:00,21.0,85,18.5,873.9,1.0,315,Ratnapark,27.7063,85.3152
2025-10-06T09:00,22.9,75,18.2,874.6,1.0,211,Ratnapark,27.7063,85.3152
2025-10-06T10:00,24.3,67,17.7,874.8,2.1,290,Ratnapark,27.7063,85.3152
2025-10-06T11:00,24.6,68,18.3,874.7,6.4,299,Ratnapark,27.7063,85.3152
2025-10-06T12:00,24.3,65,17.2,874.3,7.3,300,Ratnapark,27.7063,85.3152
2025-10-06T13:00,24.0,68,17.8,873.2,6.7,297,Ratnapark,27.7063,85.3152
2025-10-06T14:00,23.9,67,17.3,872.6,8.8,303,Ratnapark,27.7063,85.3152
2025-10-06T15:00,22.8,76,18.2,871.9,9.3,311,Ratnapark,27.7063,85.3152
2025-10-06T16:00,21.3,83,18.2,871.3,9.1,306,Ratnapark,27.7063,85.3152
2025-10-06T17:00,19.9,91,18.3,870.9,4.7,310,Ratnapark,27.7063,85.3152
2025-10-06T18:00,19.1,96,18.5,871.4,1.8,307,Ratnapark,27.7063,85.3152
2025-10-06T19:00,18.7,97,18.3,872.4,1.7,238,Ratnapark,27.7063,85.3152
2025-10-06T20:00,18.6,97,18.1,873.1,1.3,214,Ratnapark,27.7063,85.3152
2025-10-06T21:00,18.4,98,18.0,873.0,2.6,192,Ratnapark,27.7063,85.3152
2025-10-06T22:00,17.8,100,17.8,872.2,3.2,183,Ratnapark,27.7063,85.3152
2025-10-06T23:00,18.2,100,18.2,872.3,3.2,227,Ratnapark,27.7063,85.3152
2025-10-07T00:00,17.9,100,17.8,871.6,4.7,203,Ratnapark,27.7063,85.3152
2025-10-07T01:00,17.7,99,17.5,871.1,4.0,177,Ratnapark,27.7063,85.3152
2025-10-07T02:00,17.4,99,17.2,870.6,3.5,171,Ratnapark,27.7063,85.3152
2025-10-07T03:00,17.4,98,17.1,870.5,2.6,168,Ratnapark,27.7063,85.3152
2025-10-07T04:00,17.4,98,17.1,870.1,2.6,168,Ratnapark,27.7063,85.3152
2025-10-07T05:00,17.0,99,16.9,870.4,2.5,172,Ratnapark,27.7063,85.3152
2025-10-07T06:00,17.2,99,17.0,871.4,2.3,157,Ratnapark,27.7063,85.3152
2025-10-07T07:00,19.6,88,17.5,873.2,2.4,77,Ratnapark,27.7063,85.3152
2025-10-07T08:00,21.3,79,17.6,874.3,2.7,48,Ratnapark,27.7063,85.3152
2025-10-07T09:00,23.1,71,17.7,874.7,0.9,349,Ratnapark,27.7063,85.3152
2025-10-07T10:00,24.1,66,17.2,874.8,4.0,297,Ratnapark,27.7063,85.3152
2025-10-07T11:00,22.4,72,17.0,874.4,6.5,316,Ratnapark,27.7063,85.3152
2025-10-07T12:00,23.6,71,18.1,873.8,6.7,324,Ratnapark,27.7063,85.3152
2025-10-07T13:00,21.9,77,17.7,872.8,5.2,297,Ratnapark,27.7063,85.3152
2025-10-07T14:00,22.2,78,18.2,872.5,5.1,266,Ratnapark,27.7063,85.3152
2025-10-07T15:00,20.7,84,17.9,871.8,4.4,289,Ratnapark,27.7063,85.3152
2025-10-07T16:00,20.0,88,17.9,871.7,3.6,270,Ratnapark,27.7063,85.3152
2025-10-07T17:00,19.1,93,18.0,870.8,1.0,239,Ratnapark,27.7063,85.3152
2025-10-07T18:00,18.8,95,17.9,871.5,0.7,194,Ratnapark,27.7063,85.3152
2025-10-07T19:00,18.5,96,17.8,872.3,0.7,180,Ratnapark,27.7063,85.3152
2025-10-07T20:00,18.0,98,17.7,872.9,2.8,169,Ratnapark,27.7063,85.3152
2025-10-07T21:00,17.5,99,17.4,872.9,2.9,158,Ratnapark,27.7063,85.3152
2025-10-07T22:00,17.1,100,17.0,872.9,5.4,154,Ratnapark,27.7063,85.3152
2025-10-07T23:00,17.3,100,17.3,872.9,2.8,153,Ratnapark,27.7063,85.3152
2025-10-08T00:00,18.0,99,17.8,873.1,3.5,152,Ratnapark,27.7063,85.3152
2025-10-08T01:00,17.9,99,17.8,872.4,4.2,144,Ratnapark,27.7063,85.3152
2025-10-08T02:00,17.7,100,17.7,871.9,3.5,141,Ratnapark,27.7063,85.3152
2025-10-08T03:00,17.5,99,17.4,871.4,3.4,155,Ratnapark,27.7063,85.3152
2025-10-08T04:00,17.4,99,17.3,871.5,1.8,156,Ratnapark,27.7063,85.3152
2025-10-08T05:00,15.5,100,15.5,871.2,2.7,160,Ratnapark,27.7063,85.3152
2025-10-08T06:00,16.4,99,16.3,872.0,4.3,156,Ratnapark,27.7063,85.3152
2025-10-08T07:00,19.3,94,18.3,873.8,3.7,133,Ratnapark,27.7063,85.3152
2025-10-08T08:00,21.0,84,18.2,874.6,2.5,94,Ratnapark,27.7063,85.3152
2025-10-08T09:00,22.7,76,18.2,875.1,1.5,36,Ratnapark,27.7063,85.3152
2025-10-08T10:00,24.1,68,17.9,875.0,2.7,337,Ratnapark,27.7063,85.3152
2025-10-08T11:00,25.4,56,16.0,874.7,5.6,318,Ratnapark,27.7063,85.3152
2025-10-08T12:00,22.8,70,17.0,874.0,7.2,292,Ratnapark,27.7063,85.3152
2025-10-08T13:00,23.8,66,17.0,873.3,4.8,290,Ratnapark,27.7063,85.3152
2025-10-08T14:00,22.6,72,17.2,872.2,8.7,320,Ratnapark,27.7063,85.3152
2025-10-08T15:00,21.9,82,18.7,871.4,6.8,318,Ratnapark,27.7063,85.3152
2025-10-08T16:00,21.3,85,18.7,871.1,4.8,329,Ratnapark,27.7063,85.3152
2025-10-08T17:00,19.3,92,18.0,871.5,3.6,270,Ratnapark,27.7063,85.3152
2025-10-08T18:00,18.8,94,17.8,872.3,3.3,186,Ratnapark,27.7063,85.3152
2025-10-08T19:00,18.5,96,17.9,872.8,2.0,180,Ratnapark,27.7063,85.3152
2025-10-08T20:00,18.2,96,17.6,873.7,0.7,180,Ratnapark,27.7063,85.3152
2025-10-08T21:00,18.0,96,17.3,874.1,0.9,191,Ratnapark,27.7063,85.3152
2025-10-08T22:00,17.9,95,17.2,874.1,2.3,141,Ratnapark,27.7063,85.3152
2025-10-08T23:00,17.5,100,17.5,873.6,1.6,186,Ratnapark,27.7063,85.3152
2025-10-09T00:00,17.2,99,17.1,873.3,2.0,185,Ratnapark,27.7063,85.3152
2025-10-09T01:00,16.7,100,16.7,872.6,2.0,185,Ratnapark,27.7063,85.3152
2025-10-09T02:00,16.6,99,16.5,872.5,2.2,185,Ratnapark,27.7063,85.3152
2025-10-09T03:00,16.4,100,16.3,872.1,3.3,167,Ratnapark,27.7063,85.3152
2025-10-09T04:00,15.8,100,15.8,871.6,3.9,158,Ratnapark,27.7063,85.3152
2025-10-09T05:00,16.5,98,16.1,873.0,0.6,146,Ratnapark,27.7063,85.3152
2025-10-09T06:00,17.3,96,16.6,873.5,1.3,172,Ratnapark,27.7063,85.3152
2025-10-09T07:00,19.9,88,17.9,875.2,1.8,11,Ratnapark,27.7063,85.3152
2025-10-09T08:00,21.2,79,17.5,875.7,3.5,332,Ratnapark,27.7063,85.3152
2025-10-09T09:00,22.4,72,17.1,876.1,5.9,317,Ratnapark,27.7063,85.3152
2025-10-09T10:00,23.6,63,16.2,876.0,7.4,317,Ratnapark,27.7063,85.3152
2025-10-09T11:00,23.8,64,16.6,875.5,10.2,311,Ratnapark,27.7063,85.3152
2025-10-09T12:00,24.2,60,15.8,874.9,10.2,309,Ratnapark,27.7063,85.3152
2025-10-09T13:00,23.9,62,16.3,874.1,11.0,300,Ratnapark,27.7063,85.3152
2025-10-09T14:00,23.5,67,17.1,873.4,10.3,308,Ratnapark,27.7063,85.3152
2025-10-09T15:00,22.1,73,17.0,872.6,10.1,305,Ratnapark,27.7063,85.3152
2025-10-09T16:00,21.2,77,17.1,872.0,6.7,297,Ratnapark,27.7063,85.3152
2025-10-09T17:00,20.6,87,18.3,872.1,6.9,309,Ratnapark,27.7063,85.3152
2025-10-09T18:00,19.7,90,18.1,872.2,2.7,247,Ratnapark,27.7063,85.3152
2025-10-09T19:00,19.3,91,17.7,872.7,2.7,200,Ratnapark,27.7063,85.3152
2025-10-09T20:00,18.6,92,17.3,873.3,1.5,201,Ratnapark,27.7063,85.3152
2025-10-09T21:00,18.3,92,16.9,873.6,1.5,201,Ratnapark,27.7063,85.3152
2025-10-09T22:00,17.9,92,16.5,873.3,1.6,186,Ratnapark,27.7063,85.3152
2025-10-09T23:00,17.4,98,17.1,873.0,1.1,198,Ratnapark,27.7063,85.3152
2025-10-10T00:00,17.2,96,16.6,872.9,3.1,190,Ratnapark,27.7063,85.3152
2025-10-10T01:00,16.0,99,15.9,872.1,1.5,187,Ratnapark,27.7063,85.3152
2025-10-10T02:00,15.3,100,15.3,871.3,3.4,183,Ratnapark,27.7063,85.3152
2025-10-10T03:00,14.6,100,14.6,870.7,4.2,173,Ratnapark,27.7063,85.3152
2025-10-10T04:00,14.6,98,14.4,870.4,3.8,172,Ratnapark,27.7063,85.3152
2025-10-10T05:00,16.7,94,15.7,871.8,0.0,270,Ratnapark,27.7063,85.3152
2025-10-10T06:00,17.4,92,16.1,872.6,1.8,186,Ratnapark,27.7063,85.3152
2025-10-10T07:00,19.9,86,17.4,874.3,2.5,82,Ratnapark,27.7063,85.3152
2025-10-10T08:00,21.6,73,16.5,875.5,3.1,24,Ratnapark,27.7063,85.3152
2025-10-10T09:00,22.9,60,14.8,875.7,5.2,331,Ratnapark,27.7063,85.3152
2025-10-10T10:00,23.9,53,13.6,875.6,7.8,312,Ratnapark,27.7063,85.3152
2025-10-10T11:00,23.6,52,13.3,875.6,12.1,308,Ratnapark,27.7063,85.3152
2025-10-10T12:00,23.7,50,12.6,875.2,11.0,305,Ratnapark,27.7063,85.3152
2025-10-10T13:00,23.6,49,12.4,874.4,10.5,307,Ratnapark,27.7063,85.3152
2025-10-10T14:00,23.3,51,12.7,873.5,10.3,310,Ratnapark,27.7063,85.3152
2025-10-10T15:00,22.4,56,13.1,872.6,10.5,311,Ratnapark,27.7063,85.3152
2025-10-10T16:00,21.1,64,14.0,871.7,7.8,307,Ratnapark,27.7063,85.3152
2025-10-10T17:00,20.1,72,15.0,871.7,6.4,286,Ratnapark,27.7063,85.3152
2025-10-10T18:00,19.1,78,15.2,871.6,3.1,234,Ratnapark,27.7063,85.3152
2025-10-10T19:00,18.6,80,15.0,872.0,2.8,207,Ratnapark,27.7063,85.3152
2025-10-10T20:00,17.9,82,14.9,872.2,2.0,190,Ratnapark,27.7063,85.3152
2025-10-10T21:00,17.3,84,14.6,872.5,1.3,188,Ratnapark,27.7063,85.3152
2025-10-10T22:00,17.0,84,14.3,872.1,2.0,190,Ratnapark,27.7063,85.3152
2025-10-10T23:00,17.3,83,14.3,872.4,2.7,200,Ratnapark,27.7063,85.3152
2025-10-11T00:00,16.8,84,14.1,871.9,2.2,185,Ratnapark,27.7063,85.3152
2025-10-11T01:00,16.3,85,13.8,871.1,2.0,185,Ratnapark,27.7063,85.3152
2025-10-11T02:00,16.1,85,13.6,870.7,2.9,187,Ratnapark,27.7063,85.3152
2025-10-11T03:00,15.8,85,13.3,870.4,2.3,184,Ratnapark,27.7063,85.3152
2025-10-11T04:00,15.5,85,13.0,870.4,1.3,172,Ratnapark,27.7063,85.3152
2025-10-11T05:00,15.4,88,13.5,871.0,0.4,117,Ratnapark,27.7063,85.3152
2025-10-11T06:00,16.3,88,14.3,871.9,3.3,174,Ratnapark,27.7063,85.3152
2025-10-11T07:00,19.4,80,15.9,874.0,2.3,135,Ratnapark,27.7063,85.3152
2025-10-11T08:00,21.2,69,15.3,874.9,1.8,45,Ratnapark,27.7063,85.3152
2025-10-11T09:00,22.7,56,13.5,875.3,4.0,333,Ratnapark,27.7063,85.3152
2025-10-11T10:00,23.8,49,12.4,875.3,6.8,323,Ratnapark,27.7063,85.3152
2025-10-11T11:00,24.0,46,11.5,875.0,10.4,315,Ratnapark,27.7063,85.3152
2025-10-11T12:00,24.0,45,11.4,874.4,11.1,317,Ratnapark,27.7063,85.3152
2025-10-11T13:00,23.7,47,11.6,873.5,11.6,323,Ratnapark,27.7063,85.3152
2025-10-11T14:00,23.2,51,12.4,872.8,12.0,325,Ratnapark,27.7063,85.3152
2025-10-11T15:00,22.3,58,13.7,872.2,11.5,318,Ratnapark,27.7063,85.3152
2025-10-11T16:00,21.2,66,14.5,871.6,8.1,309,Ratnapark,27.7063,85.3152
2025-10-11T17:00,19.9,69,14.0,871.2,6.6,305,Ratnapark,27.7063,85.3152
2025-10-11T18:00,19.0,72,13.9,871.3,4.3,248,Ratnapark,27.7063,85.3152
2025-10-11T19:00,18.7,73,13.8,871.8,3.9,233,Ratnapark,27.7063,85.3152
2025-10-11T20:00,18.2,75,13.7,872.0,2.7,233,Ratnapark,27.7063,85.3152
2025-10-11T21:00,17.7,76,13.5,872.3,1.5,210,Ratnapark,27.7063,85.3152
2025-10-11T22:00,17.2,78,13.3,872.1,1.8,204,Ratnapark,27.7063,85.3152
2025-10-11T23:00,17.2,80,13.6,871.8,1.0,211,Ratnapark,27.7063,85.3152
2025-10-12T00:00,16.5,81,13.3,871.4,1.7,193,Ratnapark,27.7063,85.3152
2025-10-12T01:00,16.0,82,13.0,870.7,1.3,196,Ratnapark,27.7063,85.3152
2025-10-12T02:00,15.6,83,12.8,870.3,1.5,187,Ratnapark,27.7063,85.3152
2025-10-12T03:00,15.0,84,12.4,869.9,1.3,180,Ratnapark,27.7063,85.3152
2025-10-12T04:00,14.7,85,12.2,869.7,1.8,169,Ratnapark,27.7063,85.3152
2025-10-12T05:00,14.4,87,12.3,870.6,1.2,153,Ratnapark,27.7063,85.3152
2025-10-12T06:00,15.6,85,13.0,871.8,2.2,171,Ratnapark,27.7063,85.3152
2025-10-12T07:00,18.5,83,15.5,873.8,2.2,145,Ratnapark,27.7063,85.3152
2025-10-12T08:00,20.9,67,14.5,875.2,1.5,45,Ratnapark,27.7063,85.3152
2025-10-12T09:00,22.4,56,13.3,875.3,3.0,343,Ratnapark,27.7063,85.3152
2025-10-12T10:00,23.7,50,12.7,875.0,4.4,330,Ratnapark,27.7063,85.3152
2025-10-12T11:00,24.5,48,12.8,874.9,6.5,328,Ratnapark,27.7063,85.3152
2025-10-12T12:00,25.0,48,13.2,874.3,8.1,323,Ratnapark,27.7063,85.3152
2025-10-12T13:00,24.6,50,13.6,873.4,9.5,316,Ratnapark,27.7063,85.3152
2025-10-12T14:00,23.6,55,13.9,872.8,10.8,318,Ratnapark,27.7063,85.3152
2025-10-12T15:00,22.6,58,14.0,872.4,9.5,323,Ratnapark,27.7063,85.3152
2025-10-12T16:00,21.2,64,14.0,871.9,6.6,339,Ratnapark,27.7063,85.3152
2025-10-12T17:00,19.4,72,14.3,871.8,4.1,337,Ratnapark,27.7063,85.3152
2025-10-12T18:00,18.9,76,14.5,872.1,2.7,228,Ratnapark,27.7063,85.3152
2025-10-12T19:00,18.4,79,14.7,872.4,3.2,218,Ratnapark,27.7063,85.3152
2025-10-12T20:00,17.9,82,14.7,872.6,2.4,216,Ratnapark,27.7063,85.3152
2025-10-12T21:00,17.5,83,14.5,872.7,2.8,195,Ratnapark,27.7063,85.3152
2025-10-12T22:00,16.8,85,14.3,872.1,3.4,196,Ratnapark,27.7063,85.3152
2025-10-12T23:00,16.1,89,14.3,871.8,3.1,211,Ratnapark,27.7063,85.3152
2025-10-13T00:00,15.9,89,14.1,871.7,2.6,205,Ratnapark,27.7063,85.3152
2025-10-13T01:00,15.4,89,13.6,871.2,1.8,204,Ratnapark,27.7063,85.3152
2025-10-13T02:00,15.3,88,13.3,871.1,0.7,194,Ratnapark,27.7063,85.3152
2025-10-13T03:00,15.1,88,13.0,870.8,1.4,180,Ratnapark,27.7063,85.3152
2025-10-13T04:00,14.3,90,12.6,870.8,2.7,172,Ratnapark,27.7063,85.3152
2025-10-13T05:00,15.5,85,13.1,872.0,1.8,135,Ratnapark,27.7063,85.3152
2025-10-13T06:00,16.1,84,13.5,873.0,4.0,159,Ratnapark,27.7063,85.3152
2025-10-13T07:00,18.5,79,14.9,874.9,3.6,139,Ratnapark,27.7063,85.3152
2025-10-13T08:00,20.7,69,14.8,876.0,2.2,81,Ratnapark,27.7063,85.3152
2025-10-13T09:00,22.2,58,13.7,876.4,1.5,60,Ratnapark,27.7063,85.3152
2025-10-13T10:00,23.6,51,12.8,876.3,0.3,45,Ratnapark,27.7063,85.3152
2025-10-13T11:00,23.9,47,11.7,875.9,3.3,292,Ratnapark,27.7063,85.3152
2025-10-13T12:00,24.3,46,11.9,875.6,5.8,284,Ratnapark,27.7063,85.3152
2025-10-13T13:00,24.0,47,11.9,874.8,7.8,283,Ratnapark,27.7063,85.3152
2025-10-13T14:00,23.2,54,13.3,874.3,9.2,301,Ratnapark,27.7063,85.3152
2025-10-13T15:00,22.1,59,13.8,873.5,9.0,322,Ratnapark,27.7063,85.3152
2025-10-13T16:00,20.8,64,13.7,873.2,5.9,333,Ratnapark,27.7063,85.3152
2025-10-13T17:00,19.4,74,14.7,873.0,3.3,331,Ratnapark,27.7063,85.3152
2025-10-13T18:00,18.9,69,13.0,872.8,3.5,231,Ratnapark,27.7063,85.3152
2025-10-13T19:00,18.5,70,12.9,873.2,4.1,232,Ratnapark,27.7063,85.3152
2025-10-13T20:00,17.9,74,13.1,873.1,2.8,225,Ratnapark,27.7063,85.3152
2025-10-13T21:00,17.4,74,12.8,873.2,2.3,203,Ratnapark,27.7063,85.3152
2025-10-13T22:00,16.9,76,12.7,872.8,2.2,185,Ratnapark,27.7063,85.3152
2025-10-13T23:00,17.0,78,13.1,872.3,0.7,194,Ratnapark,27.7063,85.3152
2025-10-14T00:00,16.3,81,13.0,871.5,0.9,180,Ratnapark,27.7063,85.3152
2025-10-14T01:00,16.3,80,12.9,871.0,0.9,180,Ratnapark,27.7063,85.3152
2025-10-14T02:00,16.3,79,12.6,870.5,2.4,167,Ratnapark,27.7063,85.3152
2025-10-14T03:00,15.8,80,12.4,869.9,3.6,160,Ratnapark,27.7063,85.3152
2025-10-14T04:00,15.3,82,12.2,869.7,5.0,150,Ratnapark,27.7063,85.3152
2025-10-14T05:00,14.3,86,11.9,869.9,3.8,135,Ratnapark,27.7063,85.3152
2025-10-14T06:00,14.7,85,12.3,871.1,6.7,149,Ratnapark,27.7063,85.3152
2025-10-14T07:00,18.1,77,14.0,873.5,5.7,134,Ratnapark,27.7063,85.3152
2025-10-14T08:00,21.0,65,14.3,875.1,4.3,107,Ratnapark,27.7063,85.3152
2025-10-14T09:00,22.9,58,14.1,875.9,4.3,95,Ratnapark,27.7063,85.3152
2025-10-14T10:00,24.2,52,13.8,876.0,4.1,92,Ratnapark,27.7063,85.3152
2025-10-14T11:00,24.9,47,12.7,875.4,3.6,45,Ratnapark,27.7063,85.3152
2025-10-14T12:00,25.3,46,12.8,874.8,2.4,77,Ratnapark,27.7063,85.3152
2025-10-14T13:00,24.1,50,13.1,874.0,3.3,261,Ratnapark,27.7063,85.3152
2025-10-14T14:00,23.4,58,14.7,873.6,6.5,276,Ratnapark,27.7063,85.3152
2025-10-14T15:00,22.5,64,15.3,873.1,6.3,290,Ratnapark,27.7063,85.3152
2025-10-14T16:00,21.3,72,15.9,872.8,6.5,312,Ratnapark,27.7063,85.3152
2025-10-14T17:00,20.0,80,16.4,872.6,5.4,296,Ratnapark,27.7063,85.3152
2025-10-14T18:00,19.3,83,16.3,872.7,3.0,245,Ratnapark,27.7063,85.3152
2025-10-14T19:00,18.7,85,16.2,872.8,2.4,243,Ratnapark,27.7063,85.3152
2025-10-14T20:00,18.1,87,15.9,872.8,1.6,207,Ratnapark,27.7063,85.3152
2025-10-14T21:00,17.4,89,15.5,872.7,0.9,191,Ratnapark,27.7063,85.3152
2025-10-14T22:00,16.9,89,15.1,872.3,0.5,180,Ratnapark,27.7063,85.3152
2025-10-14T23:00,16.2,97,15.6,871.8,1.4,220,Ratnapark,27.7063,85.3152
2025-10-15T00:00,16.3,94,15.3,871.5,0.9,191,Ratnapark,27.7063,85.3152
2025-10-15T01:00,16.0,92,14.8,870.9,0.9,191,Ratnapark,27.7063,85.3152
2025-10-15T02:00,15.8,91,14.4,870.7,1.7,167,Ratnapark,27.7063,85.3152
2025-10-15T03:00,15.3,93,14.2,870.5,3.1,159,Ratnapark,27.7063,85.3152
2025-10-15T04:00,14.9,94,14.0,870.3,3.6,153,Ratnapark,27.7063,85.3152
2025-10-15T05:00,14.9,94,13.9,870.9,4.2,133,Ratnapark,27.7063,85.3152
2025-10-15T06:00,15.4,93,14.3,871.9,5.7,152,Ratnapark,27.7063,85.3152
2025-10-15T07:00,18.8,82,15.7,874.0,3.9,156,Ratnapark,27.7063,85.3152
2025-10-15T08:00,21.7,70,15.9,875.5,1.1,81,Ratnapark,27.7063,85.3152
2025-10-15T09:00,23.3,62,15.7,876.0,1.5,353,Ratnapark,27.7063,85.3152
2025-10-15T10:00,24.5,55,14.9,875.9,3.6,307,Ratnapark,27.7063,85.3152
2025-10-15T11:00,24.3,54,14.4,875.5,8.7,313,Ratnapark,27.7063,85.3152
2025-10-15T12:00,24.2,57,15.2,875.0,9.6,310,Ratnapark,27.7063,85.3152
2025-10-15T13:00,24.1,57,15.0,874.0,8.0,304,Ratnapark,27.7063,85.3152
2025-10-15T14:00,23.9,57,14.7,873.5,7.2,307,Ratnapark,27.7063,85.3152
2025-10-15T15:00,23.0,59,14.5,873.0,8.1,305,Ratnapark,27.7063,85.3152
2025-10-15T16:00,21.7,65,14.9,872.7,7.3,310,Ratnapark,27.7063,85.3152
2025-10-15T17:00,20.5,74,15.7,872.5,6.6,319,Ratnapark,27.7063,85.3152
2025-10-15T18:00,19.5,80,16.0,872.2,3.5,279,Ratnapark,27.7063,85.3152
2025-10-15T19:00,19.2,80,15.6,872.2,3.7,256,Ratnapark,27.7063,85.3152
2025-10-15T20:00,18.7,80,15.2,872.3,2.3,225,Ratnapark,27.7063,85.3152
2025-10-15T21:00,18.1,80,14.6,872.1,1.9,197,Ratnapark,27.7063,85.3152
2025-10-15T22:00,17.7,80,14.2,872.1,3.8,188,Ratnapark,27.7063,85.3152
2025-10-15T23:00,16.9,84,14.2,871.6,2.2,175,Ratnapark,27.7063,85.3152
2025-10-16T00:00,16.6,82,13.6,871.2,3.2,180,Ratnapark,27.7063,85.3152
2025-10-16T01:00,15.8,83,12.9,870.4,2.2,171,Ratnapark,27.7063,85.3152
2025-10-16T02:00,15.4,80,12.0,870.2,3.2,164,Ratnapark,27.7063,85.3152
2025-10-16T03:00,15.3,77,11.3,870.0,4.8,155,Ratnapark,27.7063,85.3152
2025-10-16T04:00,14.9,78,11.0,869.9,4.9,156,Ratnapark,27.7063,85.3152
2025-10-16T05:00,14.8,85,12.3,870.7,6.0,136,Ratnapark,27.7063,85.3152
2025-10-16T06:00,14.9,85,12.5,871.7,7.0,151,Ratnapark,27.7063,85.3152
2025-10-16T07:00,18.3,77,14.1,873.9,6.0,139,Ratnapark,27.7063,85.3152
2025-10-16T08:00,21.6,65,14.8,875.8,2.6,102,Ratnapark,27.7063,85.3152
2025-10-16T09:00,23.3,59,15.0,876.4,1.9,41,Ratnapark,27.7063,85.3152
2025-10-16T10:00,24.4,56,15.1,876.2,2.0,355,Ratnapark,27.7063,85.3152
2025-10-16T11:00,25.3,48,13.4,875.4,5.1,337,Ratnapark,27.7063,85.3152
2025-10-16T12:00,25.5,45,12.9,874.8,4.1,308,Ratnapark,27.7063,85.3152
2025-10-16T13:00,25.1,47,13.1,874.0,4.7,302,Ratnapark,27.7063,85.3152
2025-10-16T14:00,24.7,50,13.6,873.5,4.6,315,Ratnapark,27.7063,85.3152
2025-10-16T15:00,23.7,56,14.5,873.0,6.4,320,Ratnapark,27.7063,85.3152
2025-10-16T16:00,22.4,64,15.2,872.8,7.1,324,Ratnapark,27.7063,85.3152
2025-10-16T17:00,20.6,74,15.7,872.7,4.4,322,Ratnapark,27.7063,85.3152
2025-10-16T18:00,19.8,78,15.8,872.9,1.5,216,Ratnapark,27.7063,85.3152
2025-10-16T19:00,19.2,79,15.4,873.0,2.2,194,Ratnapark,27.7063,85.3152
2025-10-16T20:00,18.8,80,15.3,873.6,1.6,186,Ratnapark,27.7063,85.3152
2025-10-16T21:00,18.3,82,15.2,873.5,2.2,180,Ratnapark,27.7063,85.3152
2025-10-16T22:00,17.6,86,15.2,873.4,3.4,177,Ratnapark,27.7063,85.3152
2025-10-16T23:00,16.6,90,14.9,872.9,0.6,162,Ratnapark,27.7063,85.3152
2025-10-17T00:00,16.7,89,15.0,872.6,1.3,172,Ratnapark,27.7063,85.3152
2025-10-17T01:00,16.7,88,14.8,872.5,2.4,163,Ratnapark,27.7063,85.3152
2025-10-17T02:00,16.3,89,14.6,872.1,3.4,162,Ratnapark,27.7063,85.3152
2025-10-17T03:00,16.1,90,14.4,872.0,4.2,155,Ratnapark,27.7063,85.3152
2025-10-17T04:00,16.0,89,14.3,872.2,4.3,158,Ratnapark,27.7063,85.3152
2025-10-17T05:00,15.1,89,13.3,872.5,2.7,138,Ratnapark,27.7063,85.3152
2025-10-17T06:00,15.6,90,14.0,873.3,4.7,157,Ratnapark,27.7063,85.3152
2025-10-17T07:00,18.7,83,15.7,875.7,4.8,135,Ratnapark,27.7063,85.3152
2025-10-17T08:00,21.8,70,16.1,877.2,2.4,99,Ratnapark,27.7063,85.3152
2025-10-17T09:00,23.6,63,16.1,877.8,2.0,95,Ratnapark,27.7063,85.3152
2025-10-17T10:00,24.5,56,15.1,877.7,1.3,124,Ratnapark,27.7063,85.3152
2025-10-17T11:00,24.2,54,14.3,877.1,2.4,312,Ratnapark,27.7063,85.3152
2025-10-17T12:00,24.3,54,14.4,876.4,3.5,282,Ratnapark,27.7063,85.3152
2025-10-17T13:00,24.0,56,14.6,875.5,3.5,305,Ratnapark,27.7063,85.3152
2025-10-17T14:00,23.5,58,14.9,874.8,4.2,320,Ratnapark,27.7063,85.3152
2025-10-17T15:00,22.8,63,15.4,874.3,4.8,323,Ratnapark,27.7063,85.3152
2025-10-17T16:00,21.5,73,16.5,874.1,5.2,319,Ratnapark,27.7063,85.3152
2025-10-17T17:00,19.6,89,17.6,873.6,4.8,304,Ratnapark,27.7063,85.3152
2025-10-17T18:00,19.0,91,17.5,873.7,1.3,180,Ratnapark,27.7063,85.3152
2025-10-17T19:00,18.5,93,17.4,873.8,3.8,191,Ratnapark,27.7063,85.3152
2025-10-17T20:00,18.3,92,17.1,874.0,3.1,183,Ratnapark,27.7063,85.3152
2025-10-17T21:00,17.9,92,16.6,873.9,3.6,174,Ratnapark,27.7063,85.3152
2025-10-17T22:00,17.4,92,16.1,874.0,3.5,168,Ratnapark,27.7063,85.3152
2025-10-17T23:00,16.5,98,16.3,873.6,2.8,140,Ratnapark,27.7063,85.3152
2025-10-18T00:00,15.8,100,15.8,873.0,3.7,169,Ratnapark,27.7063,85.3152
2025-10-18T01:00,15.2,100,15.2,872.5,3.7,166,Ratnapark,27.7063,85.3152
2025-10-18T02:00,15.0,100,15.0,872.4,5.6,155,Ratnapark,27.7063,85.3152
2025-10-18T03:00,15.0,100,15.0,872.4,6.2,154,Ratnapark,27.7063,85.3152
2025-10-18T04:00,15.1,98,14.8,872.2,6.1,150,Ratnapark,27.7063,85.3152
2025-10-18T05:00,14.6,100,14.5,872.9,5.4,132,Ratnapark,27.7063,85.3152
2025-10-18T06:00,15.3,100,15.3,873.8,6.1,150,Ratnapark,27.7063,85.3152
2025-10-18T07:00,18.6,89,16.8,875.7,5.6,130,Ratnapark,27.7063,85.3152
2025-10-18T08:00,21.4,73,16.5,877.0,3.9,106,Ratnapark,27.7063,85.3152
2025-10-18T09:00,23.3,61,15.3,877.4,4.5,104,Ratnapark,27.7063,85.3152
2025-10-18T10:00,24.5,53,14.3,877.2,4.9,114,Ratnapark,27.7063,85.3152
2025-10-18T11:00,24.3,50,13.2,876.8,1.7,122,Ratnapark,27.7063,85.3152
2025-10-18T12:00,25.0,48,13.2,876.2,1.0,121,Ratnapark,27.7063,85.3152
2025-10-18T13:00,25.1,48,13.3,874.9,0.7,104,Ratnapark,27.7063,85.3152
2025-10-18T14:00,25.0,48,13.3,874.3,0.8,45,Ratnapark,27.7063,85.3152
2025-10-18T15:00,23.4,53,13.2,873.8,3.1,277,Ratnapark,27.7063,85.3152
2025-10-18T16:00,22.1,62,14.6,873.4,5.6,301,Ratnapark,27.7063,85.3152
2025-10-18T17:00,19.3,87,17.0,873.4,7.4,292,Ratnapark,27.7063,85.3152
2025-10-18T18:00,18.8,83,15.9,873.7,2.9,210,Ratnapark,27.7063,85.3152
2025-10-18T19:00,18.6,84,15.8,873.6,3.2,196,Ratnapark,27.7063,85.3152
2025-10-18T20:00,18.0,90,16.3,873.6,2.5,188,Ratnapark,27.7063,85.3152
2025-10-18T21:00,17.4,93,16.2,873.4,2.3,176,Ratnapark,27.7063,85.3152
2025-10-18T22:00,17.3,90,15.6,873.4,2.4,171,Ratnapark,27.7063,85.3152
2025-10-18T23:00,17.2,90,15.6,873.1,2.0,170,Ratnapark,27.7063,85.3152
2025-10-19T00:00,17.3,89,15.5,872.7,2.3,176,Ratnapark,27.7063,85.3152
2025-10-19T01:00,17.2,88,15.2,872.4,2.6,164,Ratnapark,27.7063,85.3152
2025-10-19T02:00,16.7,89,14.9,872.1,3.8,155,Ratnapark,27.7063,85.3152
2025-10-19T03:00,16.3,90,14.7,872.0,4.4,148,Ratnapark,27.7063,85.3152
2025-10-19T04:00,16.0,91,14.4,871.9,4.8,149,Ratnapark,27.7063,85.3152
2025-10-19T05:00,15.0,94,14.0,872.6,6.3,141,Ratnapark,27.7063,85.3152
2025-10-19T06:00,15.3,93,14.3,873.4,7.6,149,Ratnapark,27.7063,85.3152
2025-10-19T07:00,18.3,86,15.9,875.2,5.5,128,Ratnapark,27.7063,85.3152
2025-10-19T08:00,21.2,74,16.3,876.8,4.2,102,Ratnapark,27.7063,85.3152
2025-10-19T09:00,23.1,61,15.1,877.2,3.8,95,Ratnapark,27.7063,85.3152
2025-10-19T10:00,24.3,52,14.0,877.0,2.1,70,Ratnapark,27.7063,85.3152
2025-10-19T11:00,24.7,47,12.5,876.3,4.2,324,Ratnapark,27.7063,85.3152
2025-10-19T12:00,25.6,41,11.4,875.7,6.1,302,Ratnapark,27.7063,85.3152
2025-10-19T13:00,24.9,45,12.2,874.9,8.7,292,Ratnapark,27.7063,85.3152
2025-10-19T14:00,23.9,50,13.0,874.0,8.6,292,Ratnapark,27.7063,85.3152
2025-10-19T15:00,22.9,59,14.4,873.4,8.9,308,Ratnapark,27.7063,85.3152
2025-10-19T16:00,21.5,70,15.8,872.9,7.4,315,Ratnapark,27.7063,85.3152
2025-10-19T17:00,20.4,81,17.0,873.0,5.4,284,Ratnapark,27.7063,85.3152
2025-10-19T18:00,19.8,84,16.9,872.8,2.7,212,Ratnapark,27.7063,85.3152
2025-10-19T19:00,19.3,85,16.6,872.9,2.7,212,Ratnapark,27.7063,85.3152
2025-10-19T20:00,18.7,86,16.3,873.2,1.6,207,Ratnapark,27.7063,85.3152
2025-10-19T21:00,18.2,87,16.1,873.4,1.3,196,Ratnapark,27.7063,85.3152
2025-10-19T22:00,17.8,88,15.8,873.4,1.8,191,Ratnapark,27.7063,85.3152
2025-10-19T23:00,16.7,95,15.9,872.8,1.2,153,Ratnapark,27.7063,85.3152
2025-10-20T00:00,16.6,95,15.7,872.7,2.5,172,Ratnapark,27.7063,85.3152
2025-10-20T01:00,15.9,93,14.9,872.0,1.7,167,Ratnapark,27.7063,85.3152
2025-10-20T02:00,15.8,91,14.3,871.8,2.2,166,Ratnapark,27.7063,85.3152
2025-10-20T03:00,15.7,89,14.0,871.7,3.2,164,Ratnapark,27.7063,85.3152
2025-10-20T04:00,15.0,92,13.7,871.5,4.4,159,Ratnapark,27.7063,85.3152
2025-10-20T05:00,14.7,91,13.3,872.4,3.2,146,Ratnapark,27.7063,85.3152
2025-10-20T06:00,15.2,92,13.9,873.2,5.4,165,Ratnapark,27.7063,85.3152
2025-10-20T07:00,17.9,85,15.4,875.1,4.9,147,Ratnapark,27.7063,85.3152
2025-10-20T08:00,21.2,71,15.6,877.2,2.8,105,Ratnapark,27.7063,85.3152
2025-10-20T09:00,23.2,57,14.3,877.7,1.8,45,Ratnapark,27.7063,85.3152
2025-10-20T10:00,24.5,49,13.1,877.4,2.5,339,Ratnapark,27.7063,85.3152
2025-10-20T11:00,25.0,41,10.7,876.9,8.2,327,Ratnapark,27.7063,85.3152
2025-10-20T12:00,25.5,39,10.6,876.2,8.5,324,Ratnapark,27.7063,85.3152
2025-10-20T13:00,25.5,42,11.7,875.3,9.3,323,Ratnapark,27.7063,85.3152
2025-10-20T14:00,24.8,47,12.6,874.5,10.2,326,Ratnapark,27.7063,85.3152
2025-10-20T15:00,23.8,47,11.8,873.8,9.2,325,Ratnapark,27.7063,85.3152
2025-10-20T16:00,22.3,52,12.0,873.4,6.1,337,Ratnapark,27.7063,85.3152
2025-10-20T17:00,20.8,64,13.7,873.2,2.9,259,Ratnapark,27.7063,85.3152
2025-10-20T18:00,19.8,71,14.5,873.4,2.7,200,Ratnapark,27.7063,85.3152
2025-10-20T19:00,19.2,78,15.3,873.8,3.6,213,Ratnapark,27.7063,85.3152
2025-10-20T20:00,18.6,81,15.3,874.2,2.2,204,Ratnapark,27.7063,85.3152
2025-10-20T21:00,18.1,83,15.3,874.6,1.1,189,Ratnapark,27.7063,85.3152
2025-10-20T22:00,17.9,84,15.1,874.5,1.5,194,Ratnapark,27.7063,85.3152
2025-10-20T23:00,17.2,87,15.1,874.4,1.7,193,Ratnapark,27.7063,85.3152
2025-10-21T00:00,16.9,88,14.8,873.9,1.6,180,Ratnapark,27.7063,85.3152
2025-10-21T01:00,16.4,83,13.5,873.6,0.9,169,Ratnapark,27.7063,85.3152
2025-10-21T02:00,16.3,77,12.2,873.6,2.0,170,Ratnapark,27.7063,85.3152
2025-10-21T03:00,15.9,76,11.6,873.2,3.3,167,Ratnapark,27.7063,85.3152
2025-10-21T04:00,14.8,78,11.0,872.6,3.9,167,Ratnapark,27.7063,85.3152
2025-10-21T05:00,14.4,90,12.7,873.0,3.1,149,Ratnapark,27.7063,85.3152
2025-10-21T06:00,14.7,87,12.6,873.9,5.0,159,Ratnapark,27.7063,85.3152
2025-10-21T07:00,17.8,77,13.7,876.0,4.8,135,Ratnapark,27.7063,85.3152
2025-10-21T08:00,21.1,62,13.5,877.9,3.6,81,Ratnapark,27.7063,85.3152
2025-10-21T09:00,22.9,53,12.8,878.6,3.6,49,Ratnapark,27.7063,85.3152
2025-10-21T10:00,24.5,43,10.9,878.5,3.1,21,Ratnapark,27.7063,85.3152
2025-10-21T11:00,25.0,38,9.7,877.8,4.6,329,Ratnapark,27.7063,85.3152
2025-10-21T12:00,26.0,36,9.9,877.1,4.8,345,Ratnapark,27.7063,85.3152
2025-10-21T13:00,26.3,36,10.2,875.9,6.0,357,Ratnapark,27.7063,85.3152
2025-10-21T14:00,26.3,37,10.5,875.3,5.4,346,Ratnapark,27.7063,85.3152
2025-10-21T15:00,25.4,40,10.7,874.7,5.7,325,Ratnapark,27.7063,85.3152
2025-10-21T16:00,23.8,45,11.2,874.6,5.9,310,Ratnapark,27.7063,85.3152
2025-10-21T17:00,21.4,58,12.8,874.2,4.8,301,Ratnapark,27.7063,85.3152
2025-10-21T18:00,20.5,63,13.1,874.2,1.2,207,Ratnapark,27.7063,85.3152
2025-10-21T19:00,19.9,66,13.3,874.2,1.9,202,Ratnapark,27.7063,85.3152
2025-10-21T20:00,19.2,70,13.5,874.2,1.5,194,Ratnapark,27.7063,85.3152
2025-10-21T21:00,18.7,72,13.5,874.5,0.2,180,Ratnapark,27.7063,85.3152
2025-10-21T22:00,18.5,70,12.9,874.6,0.9,191,Ratnapark,27.7063,85.3152
2025-10-21T23:00,16.9,82,13.8,874.0,2.3,141,Ratnapark,27.7063,85.3152
2025-10-22T00:00,17.3,78,13.4,874.0,1.6,180,Ratnapark,27.7063,85.3152
2025-10-22T01:00,17.0,79,13.4,873.8,0.4,180,Ratnapark,27.7063,85.3152
2025-10-22T02:00,16.7,79,13.0,873.8,1.3,172,Ratnapark,27.7063,85.3152
2025-10-22T03:00,16.8,74,12.2,873.5,2.7,148,Ratnapark,27.7063,85.3152
2025-10-22T04:00,16.6,73,11.8,873.7,3.9,137,Ratnapark,27.7063,85.3152
2025-10-22T05:00,15.5,78,11.6,874.1,3.7,119,Ratnapark,27.7063,85.3152
2025-10-22T06:00,16.1,74,11.6,874.8,5.7,148,Ratnapark,27.7063,85.3152
2025-10-22T07:00,18.5,69,12.6,876.5,5.6,132,Ratnapark,27.7063,85.3152
2025-10-22T08:00,21.4,59,13.1,877.8,4.0,95,Ratnapark,27.7063,85.3152
2025-10-22T09:00,23.0,57,14.1,878.1,3.9,68,Ratnapark,27.7063,85.3152
2025-10-22T10:00,24.2,54,14.2,877.9,3.2,43,Ratnapark,27.7063,85.3152
2025-10-22T11:00,25.1,47,13.0,877.3,4.0,333,Ratnapark,27.7063,85.3152
2025-10-22T12:00,26.0,44,12.6,876.7,5.8,324,Ratnapark,27.7063,85.3152
2025-10-22T13:00,25.9,45,13.0,875.7,6.2,314,Ratnapark,27.7063,85.3152
2025-10-22T14:00,25.3,48,13.4,875.1,7.2,307,Ratnapark,27.7063,85.3152
2025-10-22T15:00,24.1,54,14.1,874.6,8.4,312,Ratnapark,27.7063,85.3152
2025-10-22T16:00,22.7,61,14.8,874.1,8.0,316,Ratnapark,27.7063,85.3152
2025-10-22T17:00,21.3,66,14.6,874.2,7.4,304,Ratnapark,27.7063,85.3152
2025-10-22T18:00,20.7,71,15.1,874.1,1.2,219,Ratnapark,27.7063,85.3152
2025-10-22T19:00,19.9,75,15.4,874.1,1.5,201,Ratnapark,27.7063,85.3152
2025-10-22T20:00,19.1,81,15.8,874.5,2.3,209,Ratnapark,27.7063,85.3152
2025-10-22T21:00,18.6,83,15.7,874.7,1.2,207,Ratnapark,27.7063,85.3152
2025-10-22T22:00,18.4,83,15.4,874.8,0.8,207,Ratnapark,27.7063,85.3152
2025-10-22T23:00,17.7,87,15.5,874.3,0.4,207,Ratnapark,27.7063,85.3152
2025-10-23T00:00,17.2,89,15.3,874.3,1.7,212,Ratnapark,27.7063,85.3152
2025-10-23T01:00,16.9,89,15.1,873.8,1.0,202,Ratnapark,27.7063,85.3152
2025-10-23T02:00,16.9,88,14.8,873.7,0.6,162,Ratnapark,27.7063,85.3152
2025-10-23T03:00,16.5,87,14.4,872.9,2.2,145,Ratnapark,27.7063,85.3152
2025-10-23T04:00,16.3,87,14.1,872.9,2.1,149,Ratnapark,27.7063,85.3152
2025-10-23T05:00,15.7,88,13.7,873.2,1.3,106,Ratnapark,27.7063,85.3152
2025-10-23T06:00,16.1,89,14.2,873.7,4.3,152,Ratnapark,27.7063,85.3152
2025-10-23T07:00,18.3,81,15.0,875.2,5.0,131,Ratnapark,27.7063,85.3152
2025-10-23T08:00,21.1,66,14.4,876.6,2.3,108,Ratnapark,27.7063,85.3152
2025-10-23T09:00,23.1,54,13.3,877.2,0.0,270,Ratnapark,27.7063,85.3152
2025-10-23T10:00,24.8,42,11.1,877.2,2.9,292,Ratnapark,27.7063,85.3152
2025-10-23T11:00,25.3,39,10.3,876.6,6.0,314,Ratnapark,27.7063,85.3152
2025-10-23T12:00,25.2,38,9.8,876.4,8.4,295,Ratnapark,27.7063,85.3152
2025-10-23T13:00,25.2,39,10.2,875.2,7.8,293,Ratnapark,27.7063,85.3152
2025-10-23T14:00,24.1,46,11.9,874.2,7.4,276,Ratnapark,27.7063,85.3152
2025-10-23T15:00,22.8,55,13.4,873.8,7.5,281,Ratnapark,27.7063,85.3152
2025-10-23T16:00,21.6,63,14.3,873.8,5.9,270,Ratnapark,27.7063,85.3152
2025-10-23T17:00,20.5,68,14.4,873.6,6.6,253,Ratnapark,27.7063,85.3152
2025-10-23T18:00,19.6,73,14.7,874.0,7.4,229,Ratnapark,27.7063,85.3152
2025-10-23T19:00,18.8,76,14.4,874.2,4.7,208,Ratnapark,27.7063,85.3152
2025-10-23T20:00,17.7,82,14.6,874.1,2.8,198,Ratnapark,27.7063,85.3152
2025-10-23T21:00,17.4,83,14.5,874.6,1.3,196,Ratnapark,27.7063,85.3152
2025-10-23T22:00,17.4,85,14.8,874.9,1.7,167,Ratnapark,27.7063,85.3152
2025-10-23T23:00,17.0,91,15.6,874.2,2.3,129,Ratnapark,27.7063,85.3152
2025-10-24T00:00,16.5,93,15.3,873.8,5.8,178,Ratnapark,27.7063,85.3152
2025-10-24T01:00,15.7,94,14.8,873.3,5.8,180,Ratnapark,27.7063,85.3152
2025-10-24T02:00,15.0,94,14.1,872.8,3.7,166,Ratnapark,27.7063,85.3152
2025-10-24T03:00,14.7,94,13.7,872.7,3.9,167,Ratnapark,27.7063,85.3152
2025-10-24T04:00,14.5,93,13.4,872.8,3.8,163,Ratnapark,27.7063,85.3152
2025-10-24T05:00,16.1,86,13.7,873.4,0.7,194,Ratnapark,27.7063,85.3152
2025-10-24T06:00,16.5,85,14.0,874.0,3.5,165,Ratnapark,27.7063,85.3152
2025-10-24T07:00,18.4,79,14.7,875.3,4.6,138,Ratnapark,27.7063,85.3152
2025-10-24T08:00,21.0,59,12.8,876.5,1.9,119,Ratnapark,27.7063,85.3152
2025-10-24T09:00,23.1,49,11.7,877.0,1.1,252,Ratnapark,27.7063,85.3152
2025-10-24T10:00,24.7,41,10.6,877.0,5.1,276,Ratnapark,27.7063,85.3152
2025-10-24T11:00,25.0,36,8.8,876.3,9.2,293,Ratnapark,27.7063,85.3152
2025-10-24T12:00,25.3,36,9.2,875.8,10.7,287,Ratnapark,27.7063,85.3152
2025-10-24T13:00,24.6,41,10.4,874.9,12.2,290,Ratnapark,27.7063,85.3152
2025-10-24T14:00,23.6,47,11.6,874.0,12.6,297,Ratnapark,27.7063,85.3152
2025-10-24T15:00,22.8,51,12.2,873.5,10.0,296,Ratnapark,27.7063,85.3152
2025-10-24T16:00,21.5,60,13.5,873.0,7.8,304,Ratnapark,27.7063,85.3152
2025-10-24T17:00,20.2,72,14.9,872.9,7.6,282,Ratnapark,27.7063,85.3152
2025-10-24T18:00,19.4,77,15.3,872.9,4.5,217,Ratnapark,27.7063,85.3152
2025-10-24T19:00,18.9,80,15.4,872.9,5.0,210,Ratnapark,27.7063,85.3152
2025-10-24T20:00,18.5,81,15.1,873.1,3.1,204,Ratnapark,27.7063,85.3152
2025-10-24T21:00,18.0,81,14.7,873.5,1.9,197,Ratnapark,27.7063,85.3152
2025-10-24T22:00,17.4,83,14.4,873.4,0.4,180,Ratnapark,27.7063,85.3152
2025-10-24T23:00,17.2,82,14.1,873.3,0.5,180,Ratnapark,27.7063,85.3152
2025-10-25T00:00,17.1,81,13.8,872.9,0.7,166,Ratnapark,27.7063,85.3152
2025-10-25T01:00,16.6,81,13.4,872.3,1.7,162,Ratnapark,27.7063,85.3152
2025-10-25T02:00,16.5,80,13.1,871.8,1.5,159,Ratnapark,27.7063,85.3152
2025-10-25T03:00,16.2,80,12.8,871.8,1.3,164,Ratnapark,27.7063,85.3152
2025-10-25T04:00,15.8,81,12.6,871.8,2.0,153,Ratnapark,27.7063,85.3152
2025-10-25T05:00,13.6,97,13.2,871.5,0.5,180,Ratnapark,27.7063,85.3152
2025-10-25T06:00,14.4,94,13.5,872.7,3.3,158,Ratnapark,27.7063,85.3152
2025-10-25T07:00,17.2,84,14.6,874.4,4.8,138,Ratnapark,27.7063,85.3152
2025-10-25T08:00,20.0,67,13.8,876.0,3.1,93,Ratnapark,27.7063,85.3152
2025-10-25T09:00,22.1,51,11.5,876.5,1.6,360,Ratnapark,27.7063,85.3152
2025-10-25T10:00,23.6,39,8.8,876.4,6.0,311,Ratnapark,27.7063,85.3152
2025-10-25T11:00,23.7,39,8.8,875.9,12.2,311,Ratnapark,27.7063,85.3152
2025-10-25T12:00,23.9,38,8.9,875.2,11.6,306,Ratnapark,27.7063,85.3152
2025-10-25T13:00,23.8,41,9.8,874.4,10.9,304,Ratnapark,27.7063,85.3152
2025-10-25T14:00,23.1,45,10.7,873.6,10.8,312,Ratnapark,27.7063,85.3152
2025-10-25T15:00,22.1,49,11.0,873.1,9.8,322,Ratnapark,27.7063,85.3152
2025-10-25T16:00,20.9,54,11.3,872.8,7.4,321,Ratnapark,27.7063,85.3152
2025-10-25T17:00,20.3,48,8.9,872.6,5.8,304,Ratnapark,27.7063,85.3152
2025-10-25T18:00,19.8,52,9.8,872.8,3.7,223,Ratnapark,27.7063,85.3152
2025-10-25T19:00,19.4,57,10.6,873.2,4.1,214,Ratnapark,27.7063,85.3152
2025-10-25T20:00,18.7,62,11.2,873.4,2.7,200,Ratnapark,27.7063,85.3152
2025-10-25T21:00,18.3,64,11.3,873.9,0.9,191,Ratnapark,27.7063,85.3152
2025-10-25T22:00,18.5,61,10.7,874.4,0.4,207,Ratnapark,27.7063,85.3152
2025-10-25T23:00,17.8,65,11.2,874.2,0.8,297,Ratnapark,27.7063,85.3152
2025-10-26T00:00,17.4,68,11.5,874.0,0.3,225,Ratnapark,27.7063,85.3152
2025-10-26T01:00,17.2,69,11.4,873.8,0.4,153,Ratnapark,27.7063,85.3152
2025-10-26T02:00,16.5,70,11.1,873.4,1.5,144,Ratnapark,27.7063,85.3152
2025-10-26T03:00,15.9,71,10.7,873.2,2.0,153,Ratnapark,27.7063,85.3152
2025-10-26T04:00,15.1,74,10.4,872.8,2.9,150,Ratnapark,27.7063,85.3152
2025-10-26T05:00,14.6,74,10.0,872.9,3.3,151,Ratnapark,27.7063,85.3152
2025-10-26T06:00,14.9,71,9.6,873.4,4.6,154,Ratnapark,27.7063,85.3152
2025-10-26T07:00,16.9,66,10.6,874.9,5.4,143,Ratnapark,27.7063,85.3152
2025-10-26T08:00,19.8,54,10.4,876.5,2.7,118,Ratnapark,27.7063,85.3152
2025-10-26T09:00,21.5,47,9.8,876.7,0.2,90,Ratnapark,27.7063,85.3152
2025-10-26T10:00,23.1,38,8.0,876.8,3.3,315,Ratnapark,27.7063,85.3152
2025-10-26T11:00,24.1,36,8.0,876.2,7.1,317,Ratnapark,27.7063,85.3152
2025-10-26T12:00,24.3,37,8.7,875.6,9.8,317,Ratnapark,27.7063,85.3152
2025-10-26T13:00,24.0,37,8.4,874.8,10.7,318,Ratnapark,27.7063,85.3152
2025-10-26T14:00,23.5,35,7.1,874.1,10.9,314,Ratnapark,27.7063,85.3152
2025-10-26T15:00,22.4,33,5.3,873.5,9.8,319,Ratnapark,27.7063,85.3152
2025-10-26T16:00,20.8,42,7.3,872.7,5.8,309,Ratnapark,27.7063,85.3152
2025-10-26T17:00,18.7,47,7.2,872.4,4.4,251,Ratnapark,27.7063,85.3152
2025-10-26T18:00,17.7,52,7.8,872.5,4.0,198,Ratnapark,27.7063,85.3152
2025-10-26T19:00,16.9,58,8.7,873.0,2.4,197,Ratnapark,27.7063,85.3152
2025-10-26T20:00,16.8,57,8.2,873.5,1.5,194,Ratnapark,27.7063,85.3152
2025-10-26T21:00,16.6,55,7.5,873.7,1.7,198,Ratnapark,27.7063,85.3152
2025-10-26T22:00,16.2,57,7.7,873.9,1.4,203,Ratnapark,27.7063,85.3152
2025-10-26T23:00,17.4,48,6.3,874.2,0.7,194,Ratnapark,27.7063,85.3152
2025-10-27T00:00,17.6,47,6.0,874.2,0.7,166,Ratnapark,27.7063,85.3152
2025-10-27T01:00,17.6,48,6.4,873.9,1.4,130,Ratnapark,27.7063,85.3152
2025-10-27T02:00,17.4,48,6.3,873.6,1.8,127,Ratnapark,27.7063,85.3152
2025-10-27T03:00,16.7,50,6.1,873.2,2.3,135,Ratnapark,27.7063,85.3152
2025-10-27T04:00,15.7,52,5.7,872.6,3.4,137,Ratnapark,27.7063,85.3152
2025-10-27T05:00,14.9,52,5.2,872.5,4.3,138,Ratnapark,27.7063,85.3152
2025-10-27T06:00,15.3,52,5.4,873.3,5.3,145,Ratnapark,27.7063,85.3152
2025-10-27T07:00,16.4,53,6.9,874.5,7.3,142,Ratnapark,27.7063,85.3152
2025-10-27T08:00,19.7,45,7.4,876.5,5.2,121,Ratnapark,27.7063,85.3152
2025-10-27T09:00,22.3,39,7.6,877.8,2.9,94,Ratnapark,27.7063,85.3152
2025-10-27T10:00,24.0,32,6.5,878.0,1.5,30,Ratnapark,27.7063,85.3152
2025-10-27T11:00,23.7,38,8.6,877.3,5.3,327,Ratnapark,27.7063,85.3152
2025-10-27T12:00,24.3,37,8.6,877.0,6.7,316,Ratnapark,27.7063,85.3152
2025-10-27T13:00,23.5,41,9.6,876.0,7.0,316,Ratnapark,27.7063,85.3152
2025-10-27T14:00,22.3,50,11.4,875.3,6.2,324,Ratnapark,27.7063,85.3152
2025-10-27T15:00,21.4,57,12.6,875.0,5.7,323,Ratnapark,27.7063,85.3152
2025-10-27T16:00,20.4,65,13.5,874.4,3.1,315,Ratnapark,27.7063,85.3152
2025-10-27T17:00,18.8,69,12.9,874.7,3.8,319,Ratnapark,27.7063,85.3152
2025-10-27T18:00,18.0,75,13.6,874.7,1.3,188,Ratnapark,27.7063,85.3152
2025-10-27T19:00,17.4,84,14.6,874.9,4.1,193,Ratnapark,27.7063,85.3152
2025-10-27T20:00,17.2,88,15.2,875.3,3.6,207,Ratnapark,27.7063,85.3152
2025-10-27T21:00,17.5,84,14.8,875.7,2.5,210,Ratnapark,27.7063,85.3152
2025-10-27T22:00,17.6,83,14.6,875.7,3.1,211,Ratnapark,27.7063,85.3152
2025-10-27T23:00,17.4,86,14.9,874.6,2.2,185,Ratnapark,27.7063,85.3152
2025-10-28T00:00,17.1,85,14.6,873.9,5.6,176,Ratnapark,27.7063,85.3152
2025-10-28T01:00,16.9,82,13.8,873.5,5.2,180,Ratnapark,27.7063,85.3152
2025-10-28T02:00,16.3,85,13.7,873.0,3.1,183,Ratnapark,27.7063,85.3152
2025-10-28T03:00,15.9,87,13.8,873.2,2.2,194,Ratnapark,27.7063,85.3152
2025-10-28T04:00,16.0,84,13.3,873.4,0.7,166,Ratnapark,27.7063,85.3152
2025-10-28T05:00,16.1,80,12.7,873.6,3.9,164,Ratnapark,27.7063,85.3152
2025-10-28T06:00,15.5,88,13.5,874.9,3.1,156,Ratnapark,27.7063,85.3152
2025-10-28T07:00,15.2,95,14.4,875.5,3.2,146,Ratnapark,27.7063,85.3152
2025-10-28T08:00,15.2,90,13.6,876.4,4.5,133,Ratnapark,27.7063,85.3152
2025-10-28T09:00,15.4,85,12.9,877.2,2.4,126,Ratnapark,27.7063,85.3152
2025-10-28T10:00,15.5,91,14.0,876.9,3.5,105,Ratnapark,27.7063,85.3152
2025-10-28T11:00,15.2,94,14.3,876.3,2.4,73,Ratnapark,27.7063,85.3152
2025-10-28T12:00,15.5,94,14.5,875.4,5.1,117,Ratnapark,27.7063,85.3152
2025-10-28T13:00,15.9,92,14.6,874.9,5.6,123,Ratnapark,27.7063,85.3152
2025-10-28T14:00,15.9,93,14.7,874.3,5.6,135,Ratnapark,27.7063,85.3152
2025-10-28T15:00,15.9,95,15.0,874.1,6.6,137,Ratnapark,27.7063,85.3152
2025-10-28T16:00,15.4,93,14.3,873.5,6.4,133,Ratnapark,27.7063,85.3152
2025-10-28T17:00,15.3,97,14.9,873.5,5.5,113,Ratnapark,27.7063,85.3152
2025-10-28T18:00,14.9,97,14.4,873.0,6.5,146,Ratnapark,27.7063,85.3152
2025-10-28T19:00,14.7,97,14.2,873.5,6.6,154,Ratnapark,27.7063,85.3152
2025-10-28T20:00,14.5,97,14.1,873.9,5.6,149,Ratnapark,27.7063,85.3152
2025-10-28T21:00,14.7,97,14.2,874.2,4.1,151,Ratnapark,27.7063,85.3152
2025-10-28T22:00,14.7,97,14.2,873.6,4.2,155,Ratnapark,27.7063,85.3152
2025-10-28T23:00,14.8,98,14.4,873.3,4.3,132,Ratnapark,27.7063,85.3152
2025-10-29T00:00,14.6,98,14.4,873.3,4.2,126,Ratnapark,27.7063,85.3152
2025-10-29T01:00,14.6,98,14.2,872.7,3.9,158,Ratnapark,27.7063,85.3152
2025-10-29T02:00,14.6,97,14.1,872.2,3.8,172,Ratnapark,27.7063,85.3152
2025-10-29T03:00,14.6,97,14.1,872.4,2.5,172,Ratnapark,27.7063,85.3152
2025-10-29T04:00,14.7,96,14.0,872.6,2.3,141,Ratnapark,27.7063,85.3152
2025-10-29T05:00,14.9,93,13.8,873.2,2.8,117,Ratnapark,27.7063,85.3152
2025-10-29T06:00,14.8,95,14.1,873.2,4.3,152,Ratnapark,27.7063,85.3152
2025-10-29T07:00,16.1,93,14.9,874.0,6.5,141,Ratnapark,27.7063,85.3152
2025-10-29T08:00,17.7,85,15.2,875.1,5.4,138,Ratnapark,27.7063,85.3152
2025-10-29T09:00,19.2,79,15.5,875.9,4.0,122,Ratnapark,27.7063,85.3152
2025-10-29T10:00,21.7,71,16.2,876.1,3.1,135,Ratnapark,27.7063,85.3152
2025-10-29T11:00,21.4,71,15.9,875.7,3.0,295,Ratnapark,27.7063,85.3152
2025-10-29T12:00,21.2,70,15.6,875.1,4.3,292,Ratnapark,27.7063,85.3152
2025-10-29T13:00,20.0,77,15.9,874.3,3.6,315,Ratnapark,27.7063,85.3152
2025-10-29T14:00,19.7,81,16.3,873.7,3.7,331,Ratnapark,27.7063,85.3152
2025-10-29T15:00,19.5,83,16.5,873.0,3.2,333,Ratnapark,27.7063,85.3152
2025-10-29T16:00,18.8,86,16.4,872.5,3.5,348,Ratnapark,27.7063,85.3152
2025-10-29T17:00,17.9,97,17.4,872.7,2.8,281,Ratnapark,27.7063,85.3152
2025-10-29T18:00,17.6,98,17.3,873.2,3.1,201,Ratnapark,27.7063,85.3152
2025-10-29T19:00,17.4,100,17.3,873.6,1.1,180,Ratnapark,27.7063,85.3152
2025-10-29T20:00,17.0,99,16.9,873.8,4.3,152,Ratnapark,27.7063,85.3152
2025-10-29T21:00,16.5,99,16.4,873.6,5.1,144,Ratnapark,27.7063,85.3152
2025-10-29T22:00,16.5,99,16.4,873.7,6.4,148,Ratnapark,27.7063,85.3152
2025-10-29T23:00,16.8,100,16.8,874.1,4.6,103,Ratnapark,27.7063,85.3152
2025-10-30T00:00,16.7,98,16.4,873.6,5.0,136,Ratnapark,27.7063,85.3152
2025-10-30T01:00,16.4,98,16.1,873.3,3.8,149,Ratnapark,27.7063,85.3152
2025-10-30T02:00,16.5,97,16.1,873.4,3.8,155,Ratnapark,27.7063,85.3152
2025-10-30T03:00,16.4,97,15.9,873.2,3.4,133,Ratnapark,27.7063,85.3152
2025-10-30T04:00,16.2,97,15.8,872.8,4.1,146,Ratnapark,27.7063,85.3152
2025-10-30T05:00,16.4,94,15.4,873.3,4.5,106,Ratnapark,27.7063,85.3152
2025-10-30T06:00,16.2,95,15.4,874.0,5.3,135,Ratnapark,27.7063,85.3152
2025-10-30T07:00,16.6,94,15.6,874.6,3.7,129,Ratnapark,27.7063,85.3152
2025-10-30T08:00,17.3,92,16.0,875.0,4.8,127,Ratnapark,27.7063,85.3152
2025-10-30T09:00,18.5,85,15.9,875.7,4.6,101,Ratnapark,27.7063,85.3152
2025-10-30T10:00,20.3,75,15.6,876.2,6.0,99,Ratnapark,27.7063,85.3152
2025-10-30T11:00,18.1,86,15.7,875.2,5.8,64,Ratnapark,27.7063,85.3152
2025-10-30T12:00,19.6,74,14.9,874.7,4.7,74,Ratnapark,27.7063,85.3152
2025-10-30T13:00,18.5,81,15.1,873.5,3.3,68,Ratnapark,27.7063,85.3152
2025-10-30T14:00,18.7,82,15.6,873.0,3.6,72,Ratnapark,27.7063,85.3152
2025-10-30T15:00,19.4,81,16.0,872.7,3.8,79,Ratnapark,27.7063,85.3152
2025-10-30T16:00,18.8,85,16.2,872.4,2.9,90,Ratnapark,27.7063,85.3152
2025-10-30T17:00,17.6,98,17.2,872.7,4.1,67,Ratnapark,27.7063,85.3152
2025-10-30T18:00,17.4,96,16.8,872.8,4.9,100,Ratnapark,27.7063,85.3152
2025-10-30T19:00,17.2,97,16.7,873.5,4.1,105,Ratnapark,27.7063,85.3152
2025-10-30T20:00,17.0,98,16.7,873.3,5.1,129,Ratnapark,27.7063,85.3152
2025-10-30T21:00,16.8,99,16.6,873.4,7.0,122,Ratnapark,27.7063,85.3152
2025-10-30T22:00,16.8,98,16.6,873.5,5.6,155,Ratnapark,27.7063,85.3152
2025-10-30T23:00,17.1,98,16.9,873.2,2.3,86,Ratnapark,27.7063,85.3152
2025-10-31T00:00,17.0,99,16.8,872.8,3.1,130,Ratnapark,27.7063,85.3152
2025-10-31T01:00,16.8,99,16.6,872.1,4.8,117,Ratnapark,27.7063,85.3152
2025-10-31T02:00,16.6,99,16.5,871.6,4.8,103,Ratnapark,27.7063,85.3152
2025-10-31T03:00,16.3,99,16.2,871.3,6.1,124,Ratnapark,27.7063,85.3152
2025-10-31T04:00,16.1,99,15.9,870.9,6.8,130,Ratnapark,27.7063,85.3152
2025-10-31T05:00,16.4,99,16.3,871.1,5.5,134,Ratnapark,27.7063,85.3152
2025-10-31T06:00,16.4,99,16.3,871.6,5.5,103,Ratnapark,27.7063,85.3152
2025-10-31T07:00,16.9,95,16.2,872.1,6.2,128,Ratnapark,27.7063,85.3152
2025-10-31T08:00,18.5,91,17.1,872.9,4.8,132,Ratnapark,27.7063,85.3152
2025-10-31T09:00,20.3,85,17.7,873.6,5.1,107,Ratnapark,27.7063,85.3152
2025-10-31T10:00,20.3,83,17.3,873.3,6.5,109,Ratnapark,27.7063,85.3152
2025-10-31T11:00,18.8,96,18.1,872.6,5.2,104,Ratnapark,27.7063,85.3152
2025-10-31T12:00,18.5,98,18.1,871.9,4.8,101,Ratnapark,27.7063,85.3152
2025-10-31T13:00,18.4,96,17.7,871.1,4.7,92,Ratnapark,27.7063,85.3152
2025-10-31T14:00,18.4,95,17.7,870.6,5.3,80,Ratnapark,27.7063,85.3152
2025-10-31T15:00,18.5,92,17.2,870.4,5.9,79,Ratnapark,27.7063,85.3152
2025-10-31T16:00,17.9,94,17.0,870.4,5.8,86,Ratnapark,27.7063,85.3152
2025-10-31T17:00,17.7,98,17.5,870.4,2.7,138,Ratnapark,27.7063,85.3152
2025-10-31T18:00,17.6,99,17.5,871.3,1.3,124,Ratnapark,27.7063,85.3152
2025-10-31T19:00,17.6,98,17.3,871.8,3.2,137,Ratnapark,27.7063,85.3152
2025-10-31T20:00,17.4,97,16.9,872.2,1.0,135,Ratnapark,27.7063,85.3152
2025-10-31T21:00,17.5,96,16.8,872.4,1.0,202,Ratnapark,27.7063,85.3152
2025-10-31T22:00,17.4,96,16.8,872.4,1.8,90,Ratnapark,27.7063,85.3152
2025-10-31T23:00,17.1,100,17.1,871.7,1.5,159,Ratnapark,27.7063,85.3152
2025-11-01T00:00,17.0,99,16.9,871.6,1.9,112,Ratnapark,27.7063,85.3152
2025-11-01T01:00,16.8,99,16.7,870.9,2.0,185,Ratnapark,27.7063,85.3152
2025-11-01T02:00,16.4,100,16.3,870.8,1.3,225,Ratnapark,27.7063,85.3152
2025-11-01T03:00,16.4,100,16.4,870.7,2.4,257,Ratnapark,27.7063,85.3152
2025-11-01T04:00,16.4,99,16.3,870.9,2.0,45,Ratnapark,27.7063,85.3152
2025-11-01T05:00,16.3,100,16.3,871.0,2.6,335,Ratnapark,27.7063,85.3152
2025-11-01T06:00,16.7,100,16.6,871.6,1.2,141,Ratnapark,27.7063,85.3152
2025-11-01T07:00,17.6,96,16.9,872.8,3.2,142,Ratnapark,27.7063,85.3152
2025-11-01T08:00,18.7,90,17.0,873.9,2.2,261,Ratnapark,27.7063,85.3152
2025-11-01T09:00,18.5,95,17.7,874.1,3.2,286,Ratnapark,27.7063,85.3152
2025-11-01T10:00,18.4,97,17.8,873.7,2.6,304,Ratnapark,27.7063,85.3152
2025-11-01T11:00,19.9,87,17.8,873.2,3.4,270,Ratnapark,27.7063,85.3152
2025-11-01T12:00,20.6,82,17.4,872.5,4.9,270,Ratnapark,27.7063,85.3152
2025-11-01T13:00,21.5,79,17.8,871.8,5.7,294,Ratnapark,27.7063,85.3152
2025-11-01T14:00,21.0,76,16.7,871.2,6.2,282,Ratnapark,27.7063,85.3152
2025-11-01T15:00,20.1,83,17.1,870.9,6.4,288,Ratnapark,27.7063,85.3152
2025-11-01T16:00,18.9,88,17.0,870.4,4.8,301,Ratnapark,27.7063,85.3152
2025-11-01T17:00,17.0,100,17.0,870.8,4.2,324,Ratnapark,27.7063,85.3152
2025-11-01T18:00,16.3,100,16.3,870.9,0.6,214,Ratnapark,27.7063,85.3152
2025-11-01T19:00,16.5,100,16.5,871.2,2.7,200,Ratnapark,27.7063,85.3152
2025-11-01T20:00,16.7,100,16.7,871.6,3.8,199,Ratnapark,27.7063,85.3152
2025-11-01T21:00,16.6,100,16.6,871.6,2.4,207,Ratnapark,27.7063,85.3152
2025-11-01T22:00,16.7,100,16.7,871.7,3.0,213,Ratnapark,27.7063,85.3152
2025-11-01T23:00,17.3,100,17.3,871.4,3.0,287,Ratnapark,27.7063,85.3152
2025-11-02T00:00,17.2,97,16.6,871.1,5.4,326,Ratnapark,27.7063,85.3152
2025-11-02T01:00,16.8,97,16.3,871.0,4.6,315,Ratnapark,27.7063,85.3152
2025-11-02T02:00,16.4,99,16.3,870.4,3.3,299,Ratnapark,27.7063,85.3152
2025-11-02T03:00,16.2,100,16.2,870.3,2.4,234,Ratnapark,27.7063,85.3152
2025-11-02T04:00,16.3,99,16.2,870.0,3.4,227,Ratnapark,27.7063,85.3152
2025-11-02T05:00,17.0,98,16.8,870.9,2.9,270,Ratnapark,27.7063,85.3152
2025-11-02T06:00,17.0,97,16.6,871.2,2.9,240,Ratnapark,27.7063,85.3152
2025-11-02T07:00,17.8,94,16.9,872.3,2.6,282,Ratnapark,27.7063,85.3152
2025-11-02T08:00,18.7,86,16.4,873.0,2.8,288,Ratnapark,27.7063,85.3152
2025-11-02T09:00,19.9,79,16.1,873.5,2.4,283,Ratnapark,27.7063,85.3152
2025-11-02T10:00,21.5,69,15.6,873.4,2.2,284,Ratnapark,27.7063,85.3152
2025-11-02T11:00,22.2,61,14.4,872.8,4.4,305,Ratnapark,27.7063,85.3152
2025-11-02T12:00,22.6,60,14.5,872.3,7.0,288,Ratnapark,27.7063,85.3152
2025-11-02T13:00,21.6,67,15.2,871.4,9.0,285,Ratnapark,27.7063,85.3152
2025-11-02T14:00,20.7,75,16.1,870.9,9.0,293,Ratnapark,27.7063,85.3152
2025-11-02T15:00,19.9,78,15.9,870.4,7.0,302,Ratnapark,27.7063,85.3152
2025-11-02T16:00,18.9,83,16.0,870.0,5.7,305,Ratnapark,27.7063,85.3152
2025-11-02T17:00,17.9,95,17.1,870.2,4.1,285,Ratnapark,27.7063,85.3152
2025-11-02T18:00,17.3,97,16.8,870.4,1.7,238,Ratnapark,27.7063,85.3152
2025-11-02T19:00,16.9,98,16.6,870.6,1.8,233,Ratnapark,27.7063,85.3152
2025-11-02T20:00,16.6,100,16.6,870.6,0.5,225,Ratnapark,27.7063,85.3152
2025-11-02T21:00,16.6,100,16.5,870.8,0.8,153,Ratnapark,27.7063,85.3152
2025-11-02T22:00,16.3,100,16.3,870.7,0.4,117,Ratnapark,27.7063,85.3152
2025-11-02T23:00,16.1,100,16.1,870.4,3.3,324,Ratnapark,27.7063,85.3152
2025-11-03T00:00,16.1,100,16.1,870.1,2.5,339,Ratnapark,27.7063,85.3152
2025-11-03T01:00,16.0,100,16.0,869.7,2.2,48,Ratnapark,27.7063,85.3152
2025-11-03T02:00,16.1,99,15.9,869.5,2.6,124,Ratnapark,27.7063,85.3152
2025-11-03T03:00,15.7,100,15.6,869.2,2.4,132,Ratnapark,27.7063,85.3152
2025-11-03T04:00,15.6,98,15.3,869.1,2.6,141,Ratnapark,27.7063,85.3152
2025-11-03T05:00,15.3,100,15.3,868.8,1.0,202,Ratnapark,27.7063,85.3152
2025-11-03T06:00,15.4,100,15.4,869.3,3.5,145,Ratnapark,27.7063,85.3152
2025-11-03T07:00,16.5,97,16.1,870.3,3.9,112,Ratnapark,27.7063,85.3152
2025-11-03T08:00,18.3,81,15.0,871.2,4.1,90,Ratnapark,27.7063,85.3152
2025-11-03T09:00,20.1,73,15.1,872.0,3.5,81,Ratnapark,27.7063,85.3152
2025-11-03T10:00,21.5,65,14.7,872.2,4.4,58,Ratnapark,27.7063,85.3152
2025-11-03T11:00,22.4,58,13.7,871.6,2.4,9,Ratnapark,27.7063,85.3152
2025-11-03T12:00,23.4,56,14.2,871.3,4.1,23,Ratnapark,27.7063,85.3152
2025-11-03T13:00,23.3,55,13.8,870.4,4.4,351,Ratnapark,27.7063,85.3152
2025-11-03T14:00,22.8,57,13.8,870.0,4.5,344,Ratnapark,27.7063,85.3152
2025-11-03T15:00,21.9,62,14.4,869.8,4.0,355,Ratnapark,27.7063,85.3152
2025-11-03T16:00,20.7,74,15.9,869.7,3.0,335,Ratnapark,27.7063,85.3152
2025-11-03T17:00,19.5,80,16.0,869.4,1.6,264,Ratnapark,27.7063,85.3152
2025-11-03T18:00,18.7,85,16.2,870.0,2.5,225,Ratnapark,27.7063,85.3152
2025-11-03T19:00,18.0,89,16.1,870.4,1.5,210,Ratnapark,27.7063,85.3152
2025-11-03T20:00,17.6,91,16.1,871.0,0.2,180,Ratnapark,27.7063,85.3152
2025-11-03T21:00,17.2,94,16.2,871.4,1.3,146,Ratnapark,27.7063,85.3152
2025-11-03T22:00,16.8,94,15.9,871.3,1.6,153,Ratnapark,27.7063,85.3152
2025-11-03T23:00,17.1,88,15.1,871.6,0.4,207,Ratnapark,27.7063,85.3152
2025-11-04T00:00,16.7,93,15.5,871.1,2.5,188,Ratnapark,27.7063,85.3152
2025-11-04T01:00,16.8,97,16.3,870.9,0.7,194,Ratnapark,27.7063,85.3152
2025-11-04T02:00,16.9,96,16.2,871.0,2.8,281,Ratnapark,27.7063,85.3152
2025-11-04T03:00,16.8,95,15.9,870.6,2.1,285,Ratnapark,27.7063,85.3152
2025-11-04T04:00,16.9,93,15.7,870.7,0.6,198,Ratnapark,27.7063,85.3152
2025-11-04T05:00,14.8,100,14.8,870.2,2.4,216,Ratnapark,27.7063,85.3152
2025-11-04T06:00,14.4,100,14.4,870.5,3.8,163,Ratnapark,27.7063,85.3152
2025-11-04T07:00,16.8,97,16.3,871.7,5.5,144,Ratnapark,27.7063,85.3152
2025-11-04T08:00,19.3,86,16.8,873.2,4.3,118,Ratnapark,27.7063,85.3152
2025-11-04T09:00,21.3,76,16.9,873.8,3.1,111,Ratnapark,27.7063,85.3152
2025-11-04T10:00,22.9,70,17.1,874.0,0.0,270,Ratnapark,27.7063,85.3152
2025-11-04T11:00,23.0,66,16.4,873.3,3.3,306,Ratnapark,27.7063,85.3152
2025-11-04T12:00,23.4,63,16.1,872.6,4.3,287,Ratnapark,27.7063,85.3152
2025-11-04T13:00,22.7,64,15.7,871.9,6.0,275,Ratnapark,27.7063,85.3152
2025-11-04T14:00,21.3,72,16.0,871.2,5.8,290,Ratnapark,27.7063,85.3152
2025-11-04T15:00,20.8,75,16.2,870.9,4.7,317,Ratnapark,27.7063,85.3152
2025-11-04T16:00,19.0,85,16.3,870.8,4.4,289,Ratnapark,27.7063,85.3152
2025-11-04T17:00,17.8,96,17.1,870.9,2.5,300,Ratnapark,27.7063,85.3152
2025-11-04T18:00,17.3,99,17.2,871.3,0.6,288,Ratnapark,27.7063,85.3152
2025-11-04T19:00,17.1,99,16.9,871.4,1.9,311,Ratnapark,27.7063,85.3152
2025-11-04T20:00,16.5,98,16.2,871.6,1.6,276,Ratnapark,27.7063,85.3152
2025-11-04T21:00,16.0,99,15.9,871.5,0.6,214,Ratnapark,27.7063,85.3152
2025-11-04T22:00,15.6,100,15.6,871.1,1.5,187,Ratnapark,27.7063,85.3152
2025-11-04T23:00,16.4,100,16.4,871.2,0.5,180,Ratnapark,27.7063,85.3152
2025-11-05T00:00,16.2,100,16.2,870.6,4.0,180,Ratnapark,27.7063,85.3152
2025-11-05T01:00,15.6,99,15.5,869.6,5.2,164,Ratnapark,27.7063,85.3152
2025-11-05T02:00,15.4,97,14.9,869.6,3.4,155,Ratnapark,27.7063,85.3152
2025-11-05T03:00,15.0,97,14.5,868.9,5.1,172,Ratnapark,27.7063,85.3152
2025-11-05T04:00,14.7,98,14.4,868.8,4.6,159,Ratnapark,27.7063,85.3152
2025-11-05T05:00,14.5,97,14.1,869.0,2.5,180,Ratnapark,27.7063,85.3152
2025-11-05T06:00,14.5,97,14.0,869.5,4.9,178,Ratnapark,27.7063,85.3152
2025-11-05T07:00,17.1,91,15.7,871.2,3.5,152,Ratnapark,27.7063,85.3152
2025-11-05T08:00,19.4,80,15.9,872.6,2.9,90,Ratnapark,27.7063,85.3152
2025-11-05T09:00,21.0,72,15.7,873.1,1.0,45,Ratnapark,27.7063,85.3152
2025-11-05T10:00,22.3,60,14.2,872.7,2.6,326,Ratnapark,27.7063,85.3152
2025-11-05T11:00,22.9,56,13.6,872.2,7.5,300,Ratnapark,27.7063,85.3152
2025-11-05T12:00,22.9,56,13.6,871.3,7.3,298,Ratnapark,27.7063,85.3152
2025-11-05T13:00,22.9,57,13.8,870.6,7.9,287,Ratnapark,27.7063,85.3152
2025-11-05T14:00,22.3,60,14.0,870.2,8.7,283,Ratnapark,27.7063,85.3152
2025-11-05T15:00,21.8,61,13.9,869.8,8.1,302,Ratnapark,27.7063,85.3152
2025-11-05T16:00,20.5,68,14.5,869.7,4.3,318,Ratnapark,27.7063,85.3152
2025-11-05T17:00,17.4,86,15.0,869.2,4.7,182,Ratnapark,27.7063,85.3152
2025-11-05T18:00,16.7,91,15.2,869.6,4.8,165,Ratnapark,27.7063,85.3152
2025-11-05T19:00,16.5,92,15.1,870.0,3.4,177,Ratnapark,27.7063,85.3152
2025-11-05T20:00,16.3,92,15.1,870.5,2.4,163,Ratnapark,27.7063,85.3152
2025-11-05T21:00,16.2,91,14.6,870.8,2.8,169,Ratnapark,27.7063,85.3152
2025-11-05T22:00,15.6,92,14.3,870.5,2.1,165,Ratnapark,27.7063,85.3152
2025-11-05T23:00,15.5,91,14.1,870.4,1.4,220,Ratnapark,27.7063,85.3152
2025-11-06T00:00,15.3,93,14.1,870.1,4.7,176,Ratnapark,27.7063,85.3152
2025-11-06T01:00,14.6,95,13.9,869.3,3.9,164,Ratnapark,27.7063,85.3152
2025-11-06T02:00,14.2,96,13.6,869.0,5.0,161,Ratnapark,27.7063,85.3152
2025-11-06T03:00,14.1,96,13.4,868.6,5.6,163,Ratnapark,27.7063,85.3152
2025-11-06T04:00,13.8,95,13.0,868.6,5.4,166,Ratnapark,27.7063,85.3152
2025-11-06T05:00,14.5,91,13.0,869.4,3.7,203,Ratnapark,27.7063,85.3152
2025-11-06T06:00,14.8,90,13.2,870.2,3.5,165,Ratnapark,27.7063,85.3152
2025-11-06T07:00,16.7,89,14.9,871.8,4.9,147,Ratnapark,27.7063,85.3152
2025-11-06T08:00,19.6,70,14.0,873.5,3.9,124,Ratnapark,27.7063,85.3152
2025-11-06T09:00,21.1,63,13.9,874.2,1.1,81,Ratnapark,27.7063,85.3152
2025-11-06T10:00,22.4,53,12.5,874.1,2.2,284,Ratnapark,27.7063,85.3152
2025-11-06T11:00,22.8,50,11.9,873.6,7.3,295,Ratnapark,27.7063,85.3152
2025-11-06T12:00,22.9,49,11.7,873.0,8.6,285,Ratnapark,27.7063,85.3152
2025-11-06T13:00,22.6,51,11.9,872.2,9.6,276,Ratnapark,27.7063,85.3152
2025-11-06T14:00,22.0,55,12.6,871.8,8.6,271,Ratnapark,27.7063,85.3152
2025-11-06T15:00,21.1,58,12.5,871.2,7.7,288,Ratnapark,27.7063,85.3152
2025-11-06T16:00,19.7,67,13.3,870.6,5.2,301,Ratnapark,27.7063,85.3152
2025-11-06T17:00,18.1,76,13.9,870.5,3.8,265,Ratnapark,27.7063,85.3152
2025-11-06T18:00,17.4,78,13.5,870.9,2.8,207,Ratnapark,27.7063,85.3152
2025-11-06T19:00,16.6,83,13.7,871.2,2.5,188,Ratnapark,27.7063,85.3152
2025-11-06T20:00,16.0,86,13.6,871.6,1.1,180,Ratnapark,27.7063,85.3152
2025-11-06T21:00,15.5,86,13.2,871.8,0.7,180,Ratnapark,27.7063,85.3152
2025-11-06T22:00,15.8,81,12.6,871.9,0.7,180,Ratnapark,27.7063,85.3152
2025-11-06T23:00,16.3,80,12.7,872.4,0.5,225,Ratnapark,27.7063,85.3152
2025-11-07T00:00,15.6,82,12.5,871.6,2.2,194,Ratnapark,27.7063,85.3152
2025-11-07T01:00,15.0,84,12.3,871.2,1.6,180,Ratnapark,27.7063,85.3152
2025-11-07T02:00,14.8,83,11.9,871.2,1.3,172,Ratnapark,27.7063,85.3152
2025-11-07T03:00,14.6,81,11.4,870.9,2.3,157,Ratnapark,27.7063,85.3152
2025-11-07T04:00,14.2,82,11.2,870.7,2.7,160,Ratnapark,27.7063,85.3152
2025-11-07T05:00,14.1,81,10.8,871.4,2.3,157,Ratnapark,27.7063,85.3152
2025-11-07T06:00,14.3,82,11.4,872.2,3.9,156,Ratnapark,27.7063,85.3152
2025-11-07T07:00,15.9,83,13.0,873.9,5.2,139,Ratnapark,27.7063,85.3152
2025-11-07T08:00,18.6,68,12.6,875.7,4.0,100,Ratnapark,27.7063,85.3152
2025-11-07T09:00,20.1,63,12.8,876.0,3.5,81,Ratnapark,27.7063,85.3152
2025-11-07T10:00,21.3,57,12.6,875.7,2.1,59,Ratnapark,27.7063,85.3152
2025-11-07T11:00,22.2,54,12.4,875.1,4.4,351,Ratnapark,27.7063,85.3152
2025-11-07T12:00,22.9,52,12.7,874.5,6.1,341,Ratnapark,27.7063,85.3152
2025-11-07T13:00,22.5,53,12.5,873.7,9.0,325,Ratnapark,27.7063,85.3152
2025-11-07T14:00,21.5,55,12.1,873.1,10.3,320,Ratnapark,27.7063,85.3152
2025-11-07T15:00,20.3,59,12.0,872.7,8.7,320,Ratnapark,27.7063,85.3152
2025-11-07T16:00,18.4,71,13.0,872.1,4.4,328,Ratnapark,27.7063,85.3152
2025-11-07T17:00,16.9,81,13.5,872.0,3.3,319,Ratnapark,27.7063,85.3152
2025-11-07T18:00,16.4,82,13.3,872.5,1.9,202,Ratnapark,27.7063,85.3152
2025-11-07T19:00,15.9,86,13.5,872.8,2.6,205,Ratnapark,27.7063,85.3152
2025-11-07T20:00,15.5,88,13.5,872.9,2.1,195,Ratnapark,27.7063,85.3152
2025-11-07T21:00,15.0,90,13.4,872.9,2.0,190,Ratnapark,27.7063,85.3152
2025-11-07T22:00,14.5,92,13.1,872.5,2.5,188,Ratnapark,27.7063,85.3152
2025-11-07T23:00,14.0,95,13.2,872.3,2.7,208,Ratnapark,27.7063,85.3152
2025-11-08T00:00,14.0,94,13.0,872.4,1.3,180,Ratnapark,27.7063,85.3152
2025-11-08T01:00,13.8,94,12.8,872.3,0.5,180,Ratnapark,27.7063,85.3152
2025-11-08T02:00,13.5,95,12.7,872.0,0.9,180,Ratnapark,27.7063,85.3152
2025-11-08T03:00,13.3,96,12.8,871.8,2.0,170,Ratnapark,27.7063,85.3152
2025-11-08T04:00,12.5,99,12.3,871.3,3.7,166,Ratnapark,27.7063,85.3152
2025-11-08T05:00,12.8,91,11.3,871.9,3.4,162,Ratnapark,27.7063,85.3152
2025-11-08T06:00,12.0,94,11.1,872.2,5.0,159,Ratnapark,27.7063,85.3152
2025-11-08T07:00,14.2,90,12.6,873.9,6.0,153,Ratnapark,27.7063,85.3152
2025-11-08T08:00,17.6,71,12.3,875.7,3.6,139,Ratnapark,27.7063,85.3152
2025-11-08T09:00,19.7,65,12.9,876.5,2.8,105,Ratnapark,27.7063,85.3152
2025-11-08T10:00,21.3,59,13.0,876.2,2.1,75,Ratnapark,27.7063,85.3152
2025-11-08T11:00,22.3,54,12.7,876.0,5.1,312,Ratnapark,27.7063,85.3152
2025-11-08T12:00,22.7,53,12.8,875.2,8.1,317,Ratnapark,27.7063,85.3152
2025-11-08T13:00,22.4,52,12.1,874.4,9.7,315,Ratnapark,27.7063,85.3152
2025-11-08T14:00,21.5,55,12.0,873.8,9.4,310,Ratnapark,27.7063,85.3152
2025-11-08T15:00,20.2,58,11.6,873.5,8.4,313,Ratnapark,27.7063,85.3152
2025-11-08T16:00,18.5,68,12.4,872.9,3.7,321,Ratnapark,27.7063,85.3152
2025-11-08T17:00,17.2,75,12.6,872.6,2.7,274,Ratnapark,27.7063,85.3152
2025-11-08T18:00,16.7,76,12.5,873.1,2.2,204,Ratnapark,27.7063,85.3152
2025-11-08T19:00,16.1,81,12.7,873.1,2.3,212,Ratnapark,27.7063,85.3152
2025-11-08T20:00,15.9,81,12.6,873.4,1.4,203,Ratnapark,27.7063,85.3152
2025-11-08T21:00,15.9,79,12.3,873.5,1.0,202,Ratnapark,27.7063,85.3152
2025-11-08T22:00,15.3,82,12.2,872.9,0.7,194,Ratnapark,27.7063,85.3152
2025-11-08T23:00,14.5,89,12.7,872.2,2.2,228,Ratnapark,27.7063,85.3152
2025-11-09T00:00,14.2,90,12.6,871.6,2.2,185,Ratnapark,27.7063,85.3152
2025-11-09T01:00,14.1,89,12.3,871.1,2.5,176,Ratnapark,27.7063,85.3152
2025-11-09T02:00,13.4,89,11.6,870.4,2.8,165,Ratnapark,27.7063,85.3152
2025-11-09T03:00,12.6,89,10.8,869.9,3.7,166,Ratnapark,27.7063,85.3152
2025-11-09T04:00,11.7,90,10.1,869.2,4.1,167,Ratnapark,27.7063,85.3152
2025-11-09T05:00,12.3,83,9.6,870.0,2.2,166,Ratnapark,27.7063,85.3152
2025-11-09T06:00,12.5,85,10.0,870.7,4.6,154,Ratnapark,27.7063,85.3152
2025-11-09T07:00,14.1,84,11.4,872.2,6.7,142,Ratnapark,27.7063,85.3152
2025-11-09T08:00,17.5,64,10.5,874.5,4.3,118,Ratnapark,27.7063,85.3152
2025-11-09T09:00,19.6,56,10.7,875.4,2.9,97,Ratnapark,27.7063,85.3152
2025-11-09T10:00,21.2,50,10.5,875.1,1.3,56,Ratnapark,27.7063,85.3152
2025-11-09T11:00,22.0,46,9.7,874.6,4.3,318,Ratnapark,27.7063,85.3152
2025-11-09T12:00,22.7,44,9.9,873.9,4.2,317,Ratnapark,27.7063,85.3152
2025-11-09T13:00,22.8,44,10.0,873.0,6.0,309,Ratnapark,27.7063,85.3152
2025-11-09T14:00,22.2,49,11.0,872.5,7.5,300,Ratnapark,27.7063,85.3152
2025-11-09T15:00,20.6,59,12.2,871.8,8.2,306,Ratnapark,27.7063,85.3152
2025-11-09T16:00,18.8,69,12.9,871.4,4.4,302,Ratnapark,27.7063,85.3152
2025-11-09T17:00,17.4,76,13.1,871.0,3.3,292,Ratnapark,27.7063,85.3152
2025-11-09T18:00,16.9,77,12.8,871.6,2.7,222,Ratnapark,27.7063,85.3152
2025-11-09T19:00,16.0,83,13.2,871.6,2.8,207,Ratnapark,27.7063,85.3152
2025-11-09T20:00,15.3,87,13.2,871.8,1.7,193,Ratnapark,27.7063,85.3152
2025-11-09T21:00,15.0,86,12.7,871.7,0.9,180,Ratnapark,27.7063,85.3152
2025-11-09T22:00,14.6,87,12.5,871.3,1.8,186,Ratnapark,27.7063,85.3152
2025-11-09T23:00,14.2,90,12.6,871.0,2.4,207,Ratnapark,27.7063,85.3152
2025-11-10T00:00,13.8,90,12.2,870.4,2.4,189,Ratnapark,27.7063,85.3152
2025-11-10T01:00,13.5,90,11.8,869.8,2.3,176,Ratnapark,27.7063,85.3152
2025-11-10T02:00,12.8,91,11.4,869.4,3.2,164,Ratnapark,27.7063,85.3152
2025-11-10T03:00,11.9,94,10.9,868.7,4.3,165,Ratnapark,27.7063,85.3152
2025-11-10T04:00,11.0,96,10.4,868.2,5.1,163,Ratnapark,27.7063,85.3152
2025-11-10T05:00,11.8,86,9.6,869.0,4.6,162,Ratnapark,27.7063,85.3152
2025-11-10T06:00,11.2,90,9.7,869.4,6.4,153,Ratnapark,27.7063,85.3152
2025-11-10T07:00,13.4,85,11.0,871.4,7.7,147,Ratnapark,27.7063,85.3152
2025-11-10T08:00,17.3,67,11.2,874.1,4.9,123,Ratnapark,27.7063,85.3152
2025-11-10T09:00,19.4,61,11.8,875.1,3.0,104,Ratnapark,27.7063,85.3152
2025-11-10T10:00,20.9,53,10.9,875.1,0.7,90,Ratnapark,27.7063,85.3152
2025-11-10T11:00,21.7,47,9.7,874.7,3.1,329,Ratnapark,27.7063,85.3152
2025-11-10T12:00,22.4,45,9.8,874.1,4.2,301,Ratnapark,27.7063,85.3152
2025-11-10T13:00,22.3,46,10.0,873.1,6.3,297,Ratnapark,27.7063,85.3152
2025-11-10T14:00,21.4,53,11.5,872.7,8.1,298,Ratnapark,27.7063,85.3152
2025-11-10T15:00,19.9,62,12.5,872.3,8.0,304,Ratnapark,27.7063,85.3152
2025-11-10T16:00,18.2,71,13.0,871.9,5.1,302,Ratnapark,27.7063,85.3152
2025-11-10T17:00,16.8,80,13.4,871.8,4.2,295,Ratnapark,27.7063,85.3152
2025-11-10T18:00,16.3,81,12.9,872.4,2.8,259,Ratnapark,27.7063,85.3152
2025-11-10T19:00,15.6,83,12.7,872.5,2.7,228,Ratnapark,27.7063,85.3152
2025-11-10T20:00,15.0,85,12.5,872.4,2.3,203,Ratnapark,27.7063,85.3152
2025-11-10T21:00,14.6,87,12.4,872.1,3.1,193,Ratnapark,27.7063,85.3152
2025-11-10T22:00,14.2,87,12.1,871.7,3.7,191,Ratnapark,27.7063,85.3152
2025-11-10T23:00,12.8,96,12.3,870.7,2.9,184,Ratnapark,27.7063,85.3152
2025-11-11T00:00,11.6,98,11.3,869.9,2.0,180,Ratnapark,27.7063,85.3152
2025-11-11T01:00,11.2,95,10.4,869.5,1.5,173,Ratnapark,27.7063,85.3152
2025-11-11T02:00,10.3,98,10.0,868.9,3.1,167,Ratnapark,27.7063,85.3152
2025-11-11T03:00,9.2,100,9.2,868.1,3.9,164,Ratnapark,27.7063,85.3152
2025-11-11T04:00,8.5,100,8.6,867.8,4.7,162,Ratnapark,27.7063,85.3152
2025-11-11T05:00,8.3,100,8.3,868.1,4.4,150,Ratnapark,27.7063,85.3152
2025-11-11T06:00,8.4,100,8.4,868.7,5.2,155,Ratnapark,27.7063,85.3152
2025-11-11T07:00,11.8,95,11.0,871.1,6.1,152,Ratnapark,27.7063,85.3152
2025-11-11T08:00,16.7,73,11.9,873.9,3.7,119,Ratnapark,27.7063,85.3152
2025-11-11T09:00,18.9,57,10.3,874.8,2.0,63,Ratnapark,27.7063,85.3152
2025-11-11T10:00,20.6,49,9.5,874.7,2.3,360,Ratnapark,27.7063,85.3152
2025-11-11T11:00,21.6,43,8.3,874.2,6.6,323,Ratnapark,27.7063,85.3152
2025-11-11T12:00,22.0,43,8.9,873.5,8.1,315,Ratnapark,27.7063,85.3152
2025-11-11T13:00,21.4,52,11.0,872.5,10.2,312,Ratnapark,27.7063,85.3152
2025-11-11T14:00,20.4,59,12.1,872.0,10.2,312,Ratnapark,27.7063,85.3152
2025-11-11T15:00,19.1,60,11.2,871.7,8.8,313,Ratnapark,27.7063,85.3152
2025-11-11T16:00,17.2,70,11.6,871.5,4.4,328,Ratnapark,27.7063,85.3152
2025-11-11T17:00,15.7,78,11.9,871.1,4.0,357,Ratnapark,27.7063,85.3152
2025-11-11T18:00,15.6,75,11.2,871.8,0.7,180,Ratnapark,27.7063,85.3152
2025-11-11T19:00,14.8,81,11.5,872.2,2.4,234,Ratnapark,27.7063,85.3152
2025-11-11T20:00,14.1,85,11.6,872.2,2.4,228,Ratnapark,27.7063,85.3152
2025-11-11T21:00,13.4,90,11.8,872.2,2.2,194,Ratnapark,27.7063,85.3152
2025-11-11T22:00,12.5,96,11.9,871.7,3.1,180,Ratnapark,27.7063,85.3152
2025-11-11T23:00,11.9,100,11.9,870.9,2.7,176,Ratnapark,27.7063,85.3152
2025-11-12T00:00,11.5,99,11.4,870.3,5.4,172,Ratnapark,27.7063,85.3152
2025-11-12T01:00,11.0,92,9.7,869.6,6.2,168,Ratnapark,27.7063,85.3152
2025-11-12T02:00,9.8,92,8.5,868.7,6.2,159,Ratnapark,27.7063,85.3152
2025-11-12T03:00,9.3,92,8.0,868.3,6.5,157,Ratnapark,27.7063,85.3152
2025-11-12T04:00,8.8,94,8.0,868.3,6.6,154,Ratnapark,27.7063,85.3152
2025-11-12T05:00,8.8,96,8.3,868.7,7.7,141,Ratnapark,27.7063,85.3152
2025-11-12T06:00,9.7,93,8.7,870.2,8.1,145,Ratnapark,27.7063,85.3152
2025-11-12T07:00,12.5,85,10.0,872.3,7.1,133,Ratnapark,27.7063,85.3152
2025-11-12T08:00,15.5,76,11.3,874.5,4.8,110,Ratnapark,27.7063,85.3152
2025-11-12T09:00,18.1,67,11.8,875.6,3.4,84,Ratnapark,27.7063,85.3152
2025-11-12T10:00,19.9,57,11.1,875.6,2.4,42,Ratnapark,27.7063,85.3152
2025-11-12T11:00,20.8,50,10.1,875.2,5.1,337,Ratnapark,27.7063,85.3152
2025-11-12T12:00,21.7,47,9.7,874.5,5.3,325,Ratnapark,27.7063,85.3152
2025-11-12T13:00,21.7,46,9.7,873.9,7.3,312,Ratnapark,27.7063,85.3152
2025-11-12T14:00,20.9,55,11.4,873.3,8.8,313,Ratnapark,27.7063,85.3152
2025-11-12T15:00,19.2,65,12.4,873.0,8.7,317,Ratnapark,27.7063,85.3152
2025-11-12T16:00,17.2,74,12.6,872.7,5.0,314,Ratnapark,27.7063,85.3152
2025-11-12T17:00,15.9,82,12.8,872.6,3.4,313,Ratnapark,27.7063,85.3152
2025-11-12T18:00,15.3,83,12.4,873.0,1.9,229,Ratnapark,27.7063,85.3152
2025-11-12T19:00,14.6,88,12.7,873.4,3.2,236,Ratnapark,27.7063,85.3152
2025-11-12T20:00,13.6,93,12.6,873.3,2.0,207,Ratnapark,27.7063,85.3152
2025-11-12T21:00,13.0,96,12.4,873.4,2.0,185,Ratnapark,27.7063,85.3152
2025-11-12T22:00,11.9,99,11.7,872.7,2.7,176,Ratnapark,27.7063,85.3152
2025-11-12T23:00,12.1,100,12.1,872.2,4.1,165,Ratnapark,27.7063,85.3152
2025-11-13T00:00,11.8,100,11.7,872.0,4.6,162,Ratnapark,27.7063,85.3152
2025-11-13T01:00,11.7,100,11.7,871.9,4.7,157,Ratnapark,27.7063,85.3152
2025-11-13T02:00,12.5,99,12.3,871.8,5.4,160,Ratnapark,27.7063,85.3152
2025-11-13T03:00,12.7,98,12.3,872.0,5.4,159,Ratnapark,27.7063,85.3152
2025-11-13T04:00,12.3,98,11.9,872.3,5.1,144,Ratnapark,27.7063,85.3152
2025-11-13T05:00,10.5,100,10.5,872.1,7.1,133,Ratnapark,27.7063,85.3152
2025-11-13T06:00,11.0,100,11.0,873.0,7.4,129,Ratnapark,27.7063,85.3152
2025-11-13T07:00,12.9,97,12.4,874.8,7.3,123,Ratnapark,27.7063,85.3152
2025-11-13T08:00,14.8,91,13.3,876.2,6.0,119,Ratnapark,27.7063,85.3152
2025-11-13T09:00,17.3,79,13.7,877.2,3.6,110,Ratnapark,27.7063,85.3152
2025-11-13T10:00,19.2,68,13.1,877.0,3.5,99,Ratnapark,27.7063,85.3152
2025-11-13T11:00,20.3,59,11.9,876.8,2.7,67,Ratnapark,27.7063,85.3152
2025-11-13T12:00,21.4,53,11.5,876.3,2.0,5,Ratnapark,27.7063,85.3152
2025-11-13T13:00,21.5,51,11.0,875.4,5.6,310,Ratnapark,27.7063,85.3152
2025-11-13T14:00,20.7,55,11.2,874.8,7.7,298,Ratnapark,27.7063,85.3152
2025-11-13T15:00,19.3,61,11.7,874.1,7.6,297,Ratnapark,27.7063,85.3152
2025-11-13T16:00,17.6,73,12.6,873.9,5.1,306,Ratnapark,27.7063,85.3152
2025-11-13T17:00,16.0,83,13.1,873.6,5.0,291,Ratnapark,27.7063,85.3152
2025-11-13T18:00,15.3,85,12.8,874.2,3.5,235,Ratnapark,27.7063,85.3152
2025-11-13T19:00,14.6,87,12.5,874.2,3.0,237,Ratnapark,27.7063,85.3152
2025-11-13T20:00,14.2,88,12.3,874.5,1.8,204,Ratnapark,27.7063,85.3152
2025-11-13T21:00,13.6,90,12.0,874.3,0.9,191,Ratnapark,27.7063,85.3152
2025-11-13T22:00,12.9,93,11.8,873.8,0.4,180,Ratnapark,27.7063,85.3152
2025-11-13T23:00,12.2,98,12.0,873.3,1.4,157,Ratnapark,27.7063,85.3152
2025-11-14T00:00,11.3,100,11.2,872.4,3.2,164,Ratnapark,27.7063,85.3152
2025-11-14T01:00,10.5,100,10.4,871.8,3.6,162,Ratnapark,27.7063,85.3152
2025-11-14T02:00,10.7,98,10.4,871.7,4.7,164,Ratnapark,27.7063,85.3152
2025-11-14T03:00,11.1,97,10.6,871.7,4.8,167,Ratnapark,27.7063,85.3152
2025-11-14T04:00,10.6,99,10.5,871.3,4.8,167,Ratnapark,27.7063,85.3152
2025-11-14T05:00,8.8,100,8.8,871.0,5.8,154,Ratnapark,27.7063,85.3152
2025-11-14T06:00,9.3,100,9.3,871.8,7.1,150,Ratnapark,27.7063,85.3152
2025-11-14T07:00,12.1,96,11.5,874.1,7.0,140,Ratnapark,27.7063,85.3152
2025-11-14T08:00,15.6,82,12.5,876.4,4.2,126,Ratnapark,27.7063,85.3152
2025-11-14T09:00,17.6,66,11.1,876.8,2.2,114,Ratnapark,27.7063,85.3152
2025-11-14T10:00,19.1,57,10.4,876.8,0.3,315,Ratnapark,27.7063,85.3152
2025-11-14T11:00,19.9,51,9.6,876.4,3.9,336,Ratnapark,27.7063,85.3152
2025-11-14T12:00,20.6,48,9.1,875.7,4.1,319,Ratnapark,27.7063,85.3152
2025-11-14T13:00,20.6,50,9.7,874.9,7.1,308,Ratnapark,27.7063,85.3152
2025-11-14T14:00,19.7,56,10.7,874.4,8.4,317,Ratnapark,27.7063,85.3152
2025-11-14T15:00,18.3,63,11.2,874.0,8.9,326,Ratnapark,27.7063,85.3152
2025-11-14T16:00,16.4,71,11.1,873.5,4.6,324,Ratnapark,27.7063,85.3152
2025-11-14T17:00,14.9,79,11.4,873.3,2.3,321,Ratnapark,27.7063,85.3152
2025-11-14T18:00,14.5,80,11.1,873.3,0.7,180,Ratnapark,27.7063,85.3152
2025-11-14T19:00,13.7,87,11.5,873.5,1.8,191,Ratnapark,27.7063,85.3152
2025-11-14T20:00,13.0,88,11.0,873.8,1.3,180,Ratnapark,27.7063,85.3152
2025-11-14T21:00,12.5,90,10.9,873.8,1.1,180,Ratnapark,27.7063,85.3152
2025-11-14T22:00,11.3,96,10.8,873.2,1.8,174,Ratnapark,27.7063,85.3152
2025-11-14T23:00,10.4,100,10.4,872.7,3.1,170,Ratnapark,27.7063,85.3152
2025-11-15T00:00,10.2,100,10.2,872.4,3.0,163,Ratnapark,27.7063,85.3152
2025-11-15T01:00,9.8,100,9.8,872.1,4.0,159,Ratnapark,27.7063,85.3152
2025-11-15T02:00,9.5,100,9.5,871.8,4.5,157,Ratnapark,27.7063,85.3152
2025-11-15T03:00,9.1,100,9.1,871.4,4.6,159,Ratnapark,27.7063,85.3152
2025-11-15T04:00,8.7,100,8.7,871.2,5.5,157,Ratnapark,27.7063,85.3152
2025-11-15T05:00,8.4,100,8.4,871.7,7.3,138,Ratnapark,27.7063,85.3152
2025-11-15T06:00,8.9,100,8.9,872.8,6.9,152,Ratnapark,27.7063,85.3152
2025-11-15T07:00,11.6,96,10.9,874.8,6.3,143,Ratnapark,27.7063,85.3152
2025-11-15T08:00,15.4,83,12.5,877.1,3.1,114,Ratnapark,27.7063,85.3152
2025-11-15T09:00,17.2,72,12.1,877.8,2.4,81,Ratnapark,27.7063,85.3152
2025-11-15T10:00,18.9,64,11.8,877.8,1.7,77,Ratnapark,27.7063,85.3152
2025-11-15T11:00,20.0,55,10.5,877.7,2.7,32,Ratnapark,27.7063,85.3152
2025-11-15T12:00,20.6,53,10.6,876.9,4.2,18,Ratnapark,27.7063,85.3152
2025-11-15T13:00,20.4,55,11.0,876.1,5.3,348,Ratnapark,27.7063,85.3152
2025-11-15T14:00,20.0,58,11.4,875.7,5.7,323,Ratnapark,27.7063,85.3152
2025-11-15T15:00,18.9,62,11.4,875.0,5.7,311,Ratnapark,27.7063,85.3152
2025-11-15T16:00,17.1,74,12.4,874.8,4.1,308,Ratnapark,27.7063,85.3152
2025-11-15T17:00,15.2,86,12.9,874.4,3.3,315,Ratnapark,27.7063,85.3152
2025-11-15T18:00,14.6,87,12.5,874.9,1.5,216,Ratnapark,27.7063,85.3152
2025-11-15T19:00,14.0,88,12.0,875.1,2.3,219,Ratnapark,27.7063,85.3152
2025-11-15T20:00,13.6,85,11.2,875.6,1.5,210,Ratnapark,27.7063,85.3152
2025-11-15T21:00,12.9,89,11.1,875.9,0.7,194,Ratnapark,27.7063,85.3152
2025-11-15T22:00,11.9,94,11.0,875.7,0.5,180,Ratnapark,27.7063,85.3152
2025-11-15T23:00,11.2,98,10.9,875.2,1.5,159,Ratnapark,27.7063,85.3152
2025-11-16T00:00,11.0,98,10.7,874.8,2.1,165,Ratnapark,27.7063,85.3152
2025-11-16T01:00,10.9,98,10.5,874.3,2.6,164,Ratnapark,27.7063,85.3152
2025-11-16T02:00,10.9,96,10.3,874.4,2.8,162,Ratnapark,27.7063,85.3152
2025-11-16T03:00,10.6,95,9.9,873.8,3.0,163,Ratnapark,27.7063,85.3152
2025-11-16T04:00,9.4,100,9.4,873.1,3.8,161,Ratnapark,27.7063,85.3152
2025-11-16T05:00,8.1,100,8.1,873.3,6.4,144,Ratnapark,27.7063,85.3152
2025-11-16T06:00,8.4,100,8.4,874.0,6.8,151,Ratnapark,27.7063,85.3152
2025-11-16T07:00,11.1,96,10.5,875.9,7.2,148,Ratnapark,27.7063,85.3152
2025-11-16T08:00,15.2,81,12.0,878.5,4.1,119,Ratnapark,27.7063,85.3152
2025-11-16T09:00,17.4,68,11.4,879.2,2.7,94,Ratnapark,27.7063,85.3152
2025-11-16T10:00,19.2,59,11.0,879.4,1.7,72,Ratnapark,27.7063,85.3152
2025-11-16T11:00,20.1,54,10.5,878.9,2.8,297,Ratnapark,27.7063,85.3152
2025-11-16T12:00,20.8,52,10.5,878.1,4.0,321,Ratnapark,27.7063,85.3152
2025-11-16T13:00,20.7,52,10.5,877.2,5.6,310,Ratnapark,27.7063,85.3152
2025-11-16T14:00,19.9,57,11.2,876.5,7.5,312,Ratnapark,27.7063,85.3152
2025-11-16T15:00,18.5,65,11.8,876.2,7.0,314,Ratnapark,27.7063,85.3152
2025-11-16T16:00,16.8,75,12.4,875.6,4.6,321,Ratnapark,27.7063,85.3152
2025-11-16T17:00,14.8,86,12.4,875.1,2.8,342,Ratnapark,27.7063,85.3152
2025-11-16T18:00,14.4,86,12.0,875.6,0.4,180,Ratnapark,27.7063,85.3152
2025-11-16T19:00,13.6,90,12.0,876.1,2.0,190,Ratnapark,27.7063,85.3152
2025-11-16T20:00,13.3,91,11.8,876.2,0.8,135,Ratnapark,27.7063,85.3152
2025-11-16T21:00,12.5,93,11.4,876.4,2.3,141,Ratnapark,27.7063,85.3152
2025-11-16T22:00,11.9,95,11.2,876.2,3.1,159,Ratnapark,27.7063,85.3152
2025-11-16T23:00,10.2,100,10.1,874.9,3.3,158,Ratnapark,27.7063,85.3152
2025-11-17T00:00,10.1,100,10.1,874.4,3.5,156,Ratnapark,27.7063,85.3152
2025-11-17T01:00,9.8,100,9.8,873.9,3.5,159,Ratnapark,27.7063,85.3152
2025-11-17T02:00,9.6,99,9.5,873.6,3.1,159,Ratnapark,27.7063,85.3152
2025-11-17T03:00,9.4,98,9.0,873.5,3.3,158,Ratnapark,27.7063,85.3152
2025-11-17T04:00,9.2,97,8.8,873.6,2.7,157,Ratnapark,27.7063,85.3152
2025-11-17T05:00,7.5,100,7.5,873.3,5.5,142,Ratnapark,27.7063,85.3152
2025-11-17T06:00,7.9,100,7.9,874.1,5.6,155,Ratnapark,27.7063,85.3152
2025-11-17T07:00,10.9,91,9.4,876.1,7.2,141,Ratnapark,27.7063,85.3152
2025-11-17T08:00,15.3,70,9.8,878.5,5.8,126,Ratnapark,27.7063,85.3152
2025-11-17T09:00,17.5,61,9.8,879.4,5.2,112,Ratnapark,27.7063,85.3152
2025-11-17T10:00,19.4,55,10.2,879.4,3.7,104,Ratnapark,27.7063,85.3152
2025-11-17T11:00,20.3,55,11.0,879.0,1.4,23,Ratnapark,27.7063,85.3152
2025-11-17T12:00,21.5,51,11.0,878.3,4.1,326,Ratnapark,27.7063,85.3152
2025-11-17T13:00,21.3,51,10.8,877.4,6.7,324,Ratnapark,27.7063,85.3152
2025-11-17T14:00,20.4,56,11.3,876.9,6.9,321,Ratnapark,27.7063,85.3152
2025-11-17T15:00,19.2,63,12.0,876.8,7.3,324,Ratnapark,27.7063,85.3152
2025-11-17T16:00,17.3,74,12.7,876.6,5.2,335,Ratnapark,27.7063,85.3152
2025-11-17T17:00,15.3,82,12.3,876.0,3.6,300,Ratnapark,27.7063,85.3152
2025-11-17T18:00,15.1,78,11.2,876.7,0.7,194,Ratnapark,27.7063,85.3152
2025-11-17T19:00,14.5,77,10.6,876.8,0.7,194,Ratnapark,27.7063,85.3152
2025-11-17T20:00,14.0,77,10.1,876.9,1.0,211,Ratnapark,27.7063,85.3152
2025-11-17T21:00,13.3,80,9.9,876.8,1.9,202,Ratnapark,27.7063,85.3152
2025-11-17T22:00,12.9,82,9.9,876.3,2.2,194,Ratnapark,27.7063,85.3152
2025-11-17T23:00,12.2,84,9.6,875.6,1.1,189,Ratnapark,27.7063,85.3152
2025-11-18T00:00,12.2,83,9.4,875.1,1.1,189,Ratnapark,27.7063,85.3152
2025-11-18T01:00,12.2,82,9.2,874.3,2.7,176,Ratnapark,27.7063,85.3152
2025-11-18T02:00,11.6,84,9.0,873.5,2.6,168,Ratnapark,27.7063,85.3152
2025-11-18T03:00,11.0,86,8.7,872.7,3.5,165,Ratnapark,27.7063,85.3152
2025-11-18T04:00,10.4,87,8.4,872.2,4.5,164,Ratnapark,27.7063,85.3152
2025-11-18T05:00,9.5,88,7.7,872.5,3.7,145,Ratnapark,27.7063,85.3152
2025-11-18T06:00,9.4,89,7.7,872.9,5.2,160,Ratnapark,27.7063,85.3152
2025-11-18T07:00,12.0,82,9.1,874.5,6.2,154,Ratnapark,27.7063,85.3152
2025-11-18T08:00,16.7,65,10.1,877.0,4.1,128,Ratnapark,27.7063,85.3152
2025-11-18T09:00,19.3,53,9.5,877.9,2.9,86,Ratnapark,27.7063,85.3152
2025-11-18T10:00,21.0,48,9.6,877.7,1.8,45,Ratnapark,27.7063,85.3152
2025-11-18T11:00,21.8,45,9.5,877.1,5.7,323,Ratnapark,27.7063,85.3152
2025-11-18T12:00,22.2,46,10.1,876.1,6.5,309,Ratnapark,27.7063,85.3152
2025-11-18T13:00,21.8,49,10.7,875.1,7.6,301,Ratnapark,27.7063,85.3152
2025-11-18T14:00,20.8,56,11.8,874.5,8.2,311,Ratnapark,27.7063,85.3152
2025-11-18T15:00,19.5,62,12.1,874.2,8.2,319,Ratnapark,27.7063,85.3152
2025-11-18T16:00,17.6,72,12.5,873.6,5.3,327,Ratnapark,27.7063,85.3152
2025-11-18T17:00,15.6,83,12.7,873.3,2.8,315,Ratnapark,27.7063,85.3152
2025-11-18T18:00,15.2,83,12.4,873.6,0.9,191,Ratnapark,27.7063,85.3152
2025-11-18T19:00,14.7,84,12.1,873.9,1.8,204,Ratnapark,27.7063,85.3152
2025-11-18T20:00,14.2,85,11.6,874.1,1.1,189,Ratnapark,27.7063,85.3152
2025-11-18T21:00,13.7,86,11.3,874.0,1.3,188,Ratnapark,27.7063,85.3152
2025-11-18T22:00,13.2,86,10.9,874.0,0.5,180,Ratnapark,27.7063,85.3152
2025-11-18T23:00,12.4,91,10.9,873.2,1.3,146,Ratnapark,27.7063,85.3152
2025-11-19T00:00,12.6,89,10.9,873.1,3.8,163,Ratnapark,27.7063,85.3152
2025-11-19T01:00,12.0,91,10.5,872.6,4.4,161,Ratnapark,27.7063,85.3152
2025-11-19T02:00,11.5,92,10.2,872.3,5.1,162,Ratnapark,27.7063,85.3152
2025-11-19T03:00,11.0,94,10.1,872.2,5.8,158,Ratnapark,27.7063,85.3152
2025-11-19T04:00,10.6,96,10.0,872.3,6.0,155,Ratnapark,27.7063,85.3152
2025-11-19T05:00,10.8,97,10.4,873.0,5.9,153,Ratnapark,27.7063,85.3152
2025-11-19T06:00,11.0,98,10.7,874.1,5.9,149,Ratnapark,27.7063,85.3152
2025-11-19T07:00,13.1,92,11.8,875.9,6.0,147,Ratnapark,27.7063,85.3152
2025-11-19T08:00,16.3,79,12.7,878.0,3.3,99,Ratnapark,27.7063,85.3152
2025-11-19T09:00,17.9,73,12.9,878.7,2.0,63,Ratnapark,27.7063,85.3152
2025-11-19T10:00,19.4,62,11.9,878.7,2.0,360,Ratnapark,27.7063,85.3152
2025-11-19T11:00,19.9,60,11.9,877.8,5.6,329,Ratnapark,27.7063,85.3152
2025-11-19T12:00,20.4,58,11.8,877.0,6.9,321,Ratnapark,27.7063,85.3152
2025-11-19T13:00,20.1,60,12.2,875.9,7.4,326,Ratnapark,27.7063,85.3152
2025-11-19T14:00,19.6,64,12.6,875.1,6.9,321,Ratnapark,27.7063,85.3152
2025-11-19T15:00,18.5,69,12.6,874.6,7.9,311,Ratnapark,27.7063,85.3152
2025-11-19T16:00,16.8,77,12.7,874.1,5.9,308,Ratnapark,27.7063,85.3152
2025-11-19T17:00,15.1,83,12.2,873.8,5.1,315,Ratnapark,27.7063,85.3152
2025-11-19T18:00,14.8,86,12.4,874.1,0.9,180,Ratnapark,27.7063,85.3152
2025-11-19T19:00,14.3,87,12.1,874.2,1.8,204,Ratnapark,27.7063,85.3152
2025-11-19T20:00,13.9,88,11.9,874.5,1.4,203,Ratnapark,27.7063,85.3152
2025-11-19T21:00,13.4,89,11.6,874.3,1.5,187,Ratnapark,27.7063,85.3152
2025-11-19T22:00,13.0,90,11.4,874.1,0.7,180,Ratnapark,27.7063,85.3152
2025-11-19T23:00,11.8,96,11.2,873.3,2.0,170,Ratnapark,27.7063,85.3152
2025-11-20T00:00,11.9,95,11.2,873.3,3.2,164,Ratnapark,27.7063,85.3152
2025-11-20T01:00,11.5,97,11.0,872.9,4.2,155,Ratnapark,27.7063,85.3152
2025-11-20T02:00,11.1,98,10.7,872.6,5.0,154,Ratnapark,27.7063,85.3152
2025-11-20T03:00,10.5,100,10.4,872.5,5.0,154,Ratnapark,27.7063,85.3152
2025-11-20T04:00,9.8,100,9.8,872.2,5.1,153,Ratnapark,27.7063,85.3152
2025-11-20T05:00,9.6,100,9.6,873.0,6.7,146,Ratnapark,27.7063,85.3152
2025-11-20T06:00,9.3,100,9.3,873.5,6.2,158,Ratnapark,27.7063,85.3152
2025-11-20T07:00,11.6,97,11.1,875.2,6.0,147,Ratnapark,27.7063,85.3152
2025-11-20T08:00,15.6,82,12.6,877.8,3.5,125,Ratnapark,27.7063,85.3152
2025-11-20T09:00,17.5,71,12.2,878.4,2.6,78,Ratnapark,27.7063,85.3152
2025-11-20T10:00,18.9,62,11.3,878.3,1.4,23,Ratnapark,27.7063,85.3152
2025-11-20T11:00,19.4,54,9.9,877.6,4.3,332,Ratnapark,27.7063,85.3152
2025-11-20T12:00,20.0,52,9.8,876.8,5.3,322,Ratnapark,27.7063,85.3152
2025-11-20T13:00,18.9,59,10.6,875.9,6.7,297,Ratnapark,27.7063,85.3152
2025-11-20T14:00,17.6,69,11.9,875.4,7.6,284,Ratnapark,27.7063,85.3152
2025-11-20T15:00,16.5,77,12.5,875.0,6.7,297,Ratnapark,27.7063,85.3152
2025-11-20T16:00,15.7,82,12.6,874.7,4.8,326,Ratnapark,27.7063,85.3152
2025-11-20T17:00,14.9,88,12.8,874.8,6.1,300,Ratnapark,27.7063,85.3152
2025-11-20T18:00,14.2,90,12.5,874.9,2.4,253,Ratnapark,27.7063,85.3152
2025-11-20T19:00,14.0,87,12.0,875.3,1.4,230,Ratnapark,27.7063,85.3152
2025-11-20T20:00,13.9,87,11.7,875.8,0.8,207,Ratnapark,27.7063,85.3152
2025-11-20T21:00,13.2,90,11.5,875.5,1.7,193,Ratnapark,27.7063,85.3152
2025-11-20T22:00,12.5,93,11.4,875.3,0.9,191,Ratnapark,27.7063,85.3152
2025-11-20T23:00,11.9,95,11.2,874.8,1.5,210,Ratnapark,27.7063,85.3152
2025-11-21T00:00,11.7,96,11.0,874.5,0.7,180,Ratnapark,27.7063,85.3152
2025-11-21T01:00,11.0,98,10.7,874.0,1.1,171,Ratnapark,27.7063,85.3152
2025-11-21T02:00,10.3,100,10.2,873.6,1.8,169,Ratnapark,27.7063,85.3152
2025-11-21T03:00,9.7,100,9.7,873.3,3.0,166,Ratnapark,27.7063,85.3152
2025-11-21T04:00,9.4,100,9.4,873.3,3.4,164,Ratnapark,27.7063,85.3152
2025-11-21T05:00,9.0,100,9.0,873.9,3.9,158,Ratnapark,27.7063,85.3152
2025-11-21T06:00,9.2,99,9.1,874.6,5.2,158,Ratnapark,27.7063,85.3152
2025-11-21T07:00,11.3,96,10.6,876.2,5.2,158,Ratnapark,27.7063,85.3152
2025-11-21T08:00,15.3,79,11.7,878.8,2.4,167,Ratnapark,27.7063,85.3152
2025-11-21T09:00,16.7,71,11.4,879.3,1.5,225,Ratnapark,27.7063,85.3152
2025-11-21T10:00,17.6,65,10.8,879.0,3.8,273,Ratnapark,27.7063,85.3152
2025-11-21T11:00,18.0,61,10.4,878.7,9.1,304,Ratnapark,27.7063,85.3152
2025-11-21T12:00,18.0,61,10.4,877.5,8.6,301,Ratnapark,27.7063,85.3152
2025-11-21T13:00,17.6,63,10.5,876.5,9.0,292,Ratnapark,27.7063,85.3152
2025-11-21T14:00,17.2,65,10.7,876.1,8.9,289,Ratnapark,27.7063,85.3152
2025-11-21T15:00,16.4,68,10.6,875.6,9.0,293,Ratnapark,27.7063,85.3152
2025-11-21T16:00,15.3,78,11.5,875.3,6.0,291,Ratnapark,27.7063,85.3152
2025-11-21T17:00,13.9,89,12.1,875.5,6.4,286,Ratnapark,27.7063,85.3152
2025-11-21T18:00,13.1,93,12.0,875.2,2.4,197,Ratnapark,27.7063,85.3152
2025-11-21T19:00,12.5,95,11.8,875.1,1.5,173,Ratnapark,27.7063,85.3152
2025-11-21T20:00,11.8,97,11.4,874.9,0.4,180,Ratnapark,27.7063,85.3152
2025-11-21T21:00,11.3,98,11.0,874.4,1.1,171,Ratnapark,27.7063,85.3152
2025-11-21T22:00,10.7,98,10.4,874.0,0.9,180,Ratnapark,27.7063,85.3152
2025-11-21T23:00,10.6,99,10.4,873.7,3.8,199,Ratnapark,27.7063,85.3152
2025-11-22T00:00,10.3,98,10.0,872.9,2.7,176,Ratnapark,27.7063,85.3152
2025-11-22T01:00,9.6,100,9.6,872.3,1.3,172,Ratnapark,27.7063,85.3152
2025-11-22T02:00,8.7,100,8.6,871.6,2.4,163,Ratnapark,27.7063,85.3152
2025-11-22T03:00,8.3,100,8.3,871.2,3.4,162,Ratnapark,27.7063,85.3152
2025-11-22T04:00,8.2,100,8.2,871.1,3.5,165,Ratnapark,27.7063,85.3152
2025-11-22T05:00,7.2,100,7.2,871.0,2.9,158,Ratnapark,27.7063,85.3152
2025-11-22T06:00,7.1,100,7.1,871.5,3.3,158,Ratnapark,27.7063,85.3152
2025-11-22T07:00,10.1,95,9.4,873.6,5.2,153,Ratnapark,27.7063,85.3152
2025-11-22T08:00,14.5,76,10.4,876.0,3.5,114,Ratnapark,27.7063,85.3152
2025-11-22T09:00,16.3,65,9.7,876.6,2.2,85,Ratnapark,27.7063,85.3152
2025-11-22T10:00,17.9,58,9.6,876.5,1.1,9,Ratnapark,27.7063,85.3152
2025-11-22T11:00,18.6,55,9.4,876.2,8.6,331,Ratnapark,27.7063,85.3152
2025-11-22T12:00,19.1,55,9.9,875.2,8.8,321,Ratnapark,27.7063,85.3152
2025-11-22T13:00,18.8,59,10.6,874.3,10.4,312,Ratnapark,27.7063,85.3152
2025-11-22T14:00,18.0,62,10.7,873.7,10.4,312,Ratnapark,27.7063,85.3152
2025-11-22T15:00,17.1,64,10.3,873.4,8.3,312,Ratnapark,27.7063,85.3152
2025-11-22T16:00,15.6,73,10.8,873.1,3.3,306,Ratnapark,27.7063,85.3152
2025-11-22T17:00,14.7,78,10.9,873.2,4.0,302,Ratnapark,27.7063,85.3152
2025-11-22T18:00,14.0,81,10.8,873.3,2.5,262,Ratnapark,27.7063,85.3152
2025-11-22T19:00,13.4,82,10.3,873.6,2.8,215,Ratnapark,27.7063,85.3152
2025-11-22T20:00,12.5,88,10.5,873.6,2.3,209,Ratnapark,27.7063,85.3152
2025-11-22T21:00,11.8,90,10.3,873.4,1.3,196,Ratnapark,27.7063,85.3152
2025-11-22T22:00,11.4,92,10.2,873.0,1.4,180,Ratnapark,27.7063,85.3152
2025-11-22T23:00,11.3,94,10.3,872.8,2.5,188,Ratnapark,27.7063,85.3152
2025-11-23T00:00,10.3,97,9.8,872.1,1.6,174,Ratnapark,27.7063,85.3152
2025-11-23T01:00,9.9,95,9.1,871.7,0.2,180,Ratnapark,27.7063,85.3152
2025-11-23T02:00,9.4,95,8.7,871.0,1.5,166,Ratnapark,27.7063,85.3152
2025-11-23T03:00,8.2,100,8.1,870.2,2.8,162,Ratnapark,27.7063,85.3152
2025-11-23T04:00,7.3,100,7.3,869.8,2.6,164,Ratnapark,27.7063,85.3152
2025-11-23T05:00,8.0,99,7.8,870.9,3.5,159,Ratnapark,27.7063,85.3152
2025-11-23T06:00,7.0,100,7.0,871.1,4.9,163,Ratnapark,27.7063,85.3152
2025-11-23T07:00,9.0,97,8.6,872.7,5.6,163,Ratnapark,27.7063,85.3152
2025-11-23T08:00,14.4,72,9.5,876.0,2.6,129,Ratnapark,27.7063,85.3152
2025-11-23T09:00,16.0,61,8.5,876.4,1.4,23,Ratnapark,27.7063,85.3152
2025-11-23T10:00,17.6,50,6.9,876.3,2.9,330,Ratnapark,27.7063,85.3152
2025-11-23T11:00,18.6,44,5.9,876.2,8.3,321,Ratnapark,27.7063,85.3152
2025-11-23T12:00,19.2,43,6.4,875.3,8.3,314,Ratnapark,27.7063,85.3152
2025-11-23T13:00,19.0,50,8.3,874.5,8.5,305,Ratnapark,27.7063,85.3152
2025-11-23T14:00,18.3,57,9.5,873.7,8.4,315,Ratnapark,27.7063,85.3152
2025-11-23T15:00,17.2,61,9.5,873.2,8.0,316,Ratnapark,27.7063,85.3152
2025-11-23T16:00,15.4,70,10.0,872.6,3.8,311,Ratnapark,27.7063,85.3152
2025-11-23T17:00,13.8,74,9.3,872.2,1.4,270,Ratnapark,27.7063,85.3152
2025-11-23T18:00,13.2,77,9.2,872.8,2.1,200,Ratnapark,27.7063,85.3152
2025-11-23T19:00,12.7,83,9.9,873.1,3.9,202,Ratnapark,27.7063,85.3152
2025-11-23T20:00,11.8,88,10.0,873.1,2.3,203,Ratnapark,27.7063,85.3152
2025-11-23T21:00,11.3,90,9.6,873.2,0.9,180,Ratnapark,27.7063,85.3152
2025-11-23T22:00,10.8,91,9.4,872.9,0.7,180,Ratnapark,27.7063,85.3152
2025-11-23T23:00,9.6,98,9.3,872.4,2.7,184,Ratnapark,27.7063,85.3152
2025-11-24T00:00,9.0,99,8.8,871.9,2.7,172,Ratnapark,27.7063,85.3152
2025-11-24T01:00,8.3,99,8.2,871.7,3.4,162,Ratnapark,27.7063,85.3152
2025-11-24T02:00,7.7,100,7.7,871.5,5.4,159,Ratnapark,27.7063,85.3152
2025-11-24T03:00,7.5,100,7.5,871.5,5.3,156,Ratnapark,27.7063,85.3152
2025-11-24T04:00,7.9,99,7.7,871.6,5.1,157,Ratnapark,27.7063,85.3152
2025-11-24T05:00,6.3,100,6.3,871.6,2.7,152,Ratnapark,27.7063,85.3152
2025-11-24T06:00,6.4,100,6.4,872.4,4.8,158,Ratnapark,27.7063,85.3152
2025-11-24T07:00,9.1,95,8.4,874.4,6.1,152,Ratnapark,27.7063,85.3152
2025-11-24T08:00,13.4,81,10.3,876.9,3.9,124,Ratnapark,27.7063,85.3152
2025-11-24T09:00,15.3,69,9.7,877.4,2.8,130,Ratnapark,27.7063,85.3152
2025-11-24T10:00,17.1,58,8.8,877.4,1.5,97,Ratnapark,27.7063,85.3152
2025-11-24T11:00,17.8,56,9.0,876.9,3.8,315,Ratnapark,27.7063,85.3152
2025-11-24T12:00,18.9,51,8.5,876.1,2.8,320,Ratnapark,27.7063,85.3152
2025-11-24T13:00,19.3,48,7.9,875.3,4.9,303,Ratnapark,27.7063,85.3152
2025-11-24T14:00,18.5,52,8.5,874.9,7.3,295,Ratnapark,27.7063,85.3152
2025-11-24T15:00,17.0,59,9.0,874.6,8.0,295,Ratnapark,27.7063,85.3152
2025-11-24T16:00,15.2,68,9.4,874.5,5.1,306,Ratnapark,27.7063,85.3152
2025-11-24T17:00,13.6,77,9.6,874.4,3.5,305,Ratnapark,27.7063,85.3152
2025-11-24T18:00,13.2,79,9.7,874.7,1.5,216,Ratnapark,27.7063,85.3152
2025-11-24T19:00,12.4,85,9.9,874.8,1.8,204,Ratnapark,27.7063,85.3152
2025-11-24T20:00,11.7,87,9.6,875.1,1.5,201,Ratnapark,27.7063,85.3152
2025-11-24T21:00,11.2,87,9.2,875.0,0.7,194,Ratnapark,27.7063,85.3152
2025-11-24T22:00,10.9,87,8.8,874.9,0.6,162,Ratnapark,27.7063,85.3152
2025-11-24T23:00,10.1,91,8.7,874.2,1.3,164,Ratnapark,27.7063,85.3152
2025-11-25T00:00,9.6,93,8.4,873.6,2.9,158,Ratnapark,27.7063,85.3152
2025-11-25T01:00,8.8,93,7.7,873.3,4.0,159,Ratnapark,27.7063,85.3152
2025-11-25T02:00,8.1,93,7.1,872.5,4.5,157,Ratnapark,27.7063,85.3152
2025-11-25T03:00,7.3,97,6.8,871.9,5.8,158,Ratnapark,27.7063,85.3152
2025-11-25T04:00,7.0,97,6.5,871.6,6.4,158,Ratnapark,27.7063,85.3152
2025-11-25T05:00,6.0,100,6.0,871.6,5.4,143,Ratnapark,27.7063,85.3152
2025-11-25T06:00,6.5,99,6.3,872.3,7.8,151,Ratnapark,27.7063,85.3152
2025-11-25T07:00,9.1,92,7.8,873.9,8.5,148,Ratnapark,27.7063,85.3152
2025-11-25T08:00,13.2,79,9.5,876.3,5.8,124,Ratnapark,27.7063,85.3152
2025-11-25T09:00,15.7,57,7.1,877.3,5.2,96,Ratnapark,27.7063,85.3152
2025-11-25T10:00,17.4,44,4.9,877.1,5.9,70,Ratnapark,27.7063,85.3152
2025-11-25T11:00,18.4,40,4.7,876.2,3.1,7,Ratnapark,27.7063,85.3152
2025-11-25T12:00,19.4,40,5.6,875.3,3.1,50,Ratnapark,27.7063,85.3152
2025-11-25T13:00,19.7,40,5.8,874.2,3.3,13,Ratnapark,27.7063,85.3152
2025-11-25T14:00,19.3,42,6.0,873.7,4.1,322,Ratnapark,27.7063,85.3152
2025-11-25T15:00,18.1,48,6.8,873.2,6.3,307,Ratnapark,27.7063,85.3152
2025-11-25T16:00,16.0,63,8.9,872.5,4.5,293,Ratnapark,27.7063,85.3152
2025-11-25T17:00,13.5,76,9.3,871.9,3.7,256,Ratnapark,27.7063,85.3152
2025-11-25T18:00,12.9,77,9.0,872.2,1.7,198,Ratnapark,27.7063,85.3152
2025-11-25T19:00,12.2,79,8.8,872.6,0.7,180,Ratnapark,27.7063,85.3152
2025-11-25T20:00,12.1,77,8.2,872.8,0.4,180,Ratnapark,27.7063,85.3152
2025-11-25T21:00,11.9,76,7.7,872.7,0.9,180,Ratnapark,27.7063,85.3152
2025-11-25T22:00,11.2,78,7.5,872.2,1.6,174,Ratnapark,27.7063,85.3152
2025-11-25T23:00,10.5,85,8.0,871.9,2.7,172,Ratnapark,27.7063,85.3152
2025-11-26T00:00,9.6,89,7.8,871.2,3.5,159,Ratnapark,27.7063,85.3152
2025-11-26T01:00,9.0,90,7.5,871.2,4.5,157,Ratnapark,27.7063,85.3152
2025-11-26T02:00,8.5,91,7.2,871.0,4.0,159,Ratnapark,27.7063,85.3152
2025-11-26T03:00,8.2,91,6.8,870.8,3.8,163,Ratnapark,27.7063,85.3152
2025-11-26T04:00,7.9,91,6.6,870.9,3.8,163,Ratnapark,27.7063,85.3152
2025-11-26T05:00,6.8,97,6.4,871.1,4.8,151,Ratnapark,27.7063,85.3152
2025-11-26T06:00,6.9,96,6.3,872.1,5.2,155,Ratnapark,27.7063,85.3152
2025-11-26T07:00,9.1,89,7.5,873.9,6.2,150,Ratnapark,27.7063,85.3152
2025-11-26T08:00,13.8,70,8.4,877.0,4.1,119,Ratnapark,27.7063,85.3152
2025-11-26T09:00,16.0,59,7.9,877.9,4.0,72,Ratnapark,27.7063,85.3152
2025-11-26T10:00,17.5,52,7.5,878.0,3.8,49,Ratnapark,27.7063,85.3152
2025-11-26T11:00,18.1,50,7.4,877.6,3.9,347,Ratnapark,27.7063,85.3152
2025-11-26T12:00,19.0,47,7.5,876.8,4.0,357,Ratnapark,27.7063,85.3152
2025-11-26T13:00,19.4,45,7.2,876.0,5.6,2,Ratnapark,27.7063,85.3152
2025-11-26T14:00,19.2,46,7.3,875.5,5.1,337,Ratnapark,27.7063,85.3152
2025-11-26T15:00,17.9,51,7.7,875.6,6.0,316,Ratnapark,27.7063,85.3152
2025-11-26T16:00,15.9,64,9.0,875.5,4.4,300,Ratnapark,27.7063,85.3152
2025-11-26T17:00,13.5,74,8.9,874.8,2.9,259,Ratnapark,27.7063,85.3152
2025-11-26T18:00,13.2,73,8.5,875.4,2.2,194,Ratnapark,27.7063,85.3152
2025-11-26T19:00,12.4,79,8.9,875.6,2.9,191,Ratnapark,27.7063,85.3152
2025-11-26T20:00,11.9,80,8.6,875.8,1.7,198,Ratnapark,27.7063,85.3152
2025-11-26T21:00,11.7,79,8.1,875.9,0.7,194,Ratnapark,27.7063,85.3152
2025-11-26T22:00,11.7,76,7.5,876.1,0.7,180,Ratnapark,27.7063,85.3152
2025-11-26T23:00,10.4,84,7.8,875.6,2.3,162,Ratnapark,27.7063,85.3152
2025-11-27T00:00,10.4,82,7.4,875.3,3.1,152,Ratnapark,27.7063,85.3152
2025-11-27T01:00,10.0,82,7.0,875.1,3.1,149,Ratnapark,27.7063,85.3152
2025-11-27T02:00,9.6,82,6.8,874.7,3.5,156,Ratnapark,27.7063,85.3152
2025-11-27T03:00,9.1,85,6.7,873.9,4.2,162,Ratnapark,27.7063,85.3152
2025-11-27T04:00,8.7,86,6.5,873.6,4.1,167,Ratnapark,27.7063,85.3152
2025-11-27T05:00,8.6,85,6.2,874.0,4.4,153,Ratnapark,27.7063,85.3152
2025-11-27T06:00,9.1,84,6.5,874.6,3.8,161,Ratnapark,27.7063,85.3152
2025-11-27T07:00,11.0,79,7.6,876.2,3.8,163,Ratnapark,27.7063,85.3152
2025-11-27T08:00,15.0,73,10.1,878.6,3.4,155,Ratnapark,27.7063,85.3152
2025-11-27T09:00,17.6,47,6.3,879.9,2.6,106,Ratnapark,27.7063,85.3152
2025-11-27T10:00,18.9,42,5.7,879.6,1.9,68,Ratnapark,27.7063,85.3152
2025-11-27T11:00,20.0,39,5.8,879.1,4.2,342,Ratnapark,27.7063,85.3152
2025-11-27T12:00,21.1,36,5.6,878.5,5.5,343,Ratnapark,27.7063,85.3152
2025-11-27T13:00,21.2,37,5.9,877.5,5.8,340,Ratnapark,27.7063,85.3152
2025-11-27T14:00,20.8,41,7.2,877.0,6.8,318,Ratnapark,27.7063,85.3152
2025-11-27T15:00,19.5,51,9.0,876.6,6.9,321,Ratnapark,27.7063,85.3152
2025-11-27T16:00,17.1,68,11.3,875.8,3.7,317,Ratnapark,27.7063,85.3152
2025-11-27T17:00,14.9,74,10.3,875.2,3.0,253,Ratnapark,27.7063,85.3152
2025-11-27T18:00,14.3,74,9.8,875.8,2.7,203,Ratnapark,27.7063,85.3152
2025-11-27T19:00,13.8,78,10.0,875.9,2.8,195,Ratnapark,27.7063,85.3152
2025-11-27T20:00,13.3,79,9.8,875.9,1.7,193,Ratnapark,27.7063,85.3152
2025-11-27T21:00,12.8,78,9.1,875.7,1.1,189,Ratnapark,27.7063,85.3152
2025-11-27T22:00,12.5,76,8.3,875.2,0.9,180,Ratnapark,27.7063,85.3152
2025-11-27T23:00,11.7,78,8.0,874.6,1.6,174,Ratnapark,27.7063,85.3152
2025-11-28T00:00,11.4,78,7.7,874.4,1.5,166,Ratnapark,27.7063,85.3152
2025-11-28T01:00,11.2,74,6.8,873.8,2.7,152,Ratnapark,27.7063,85.3152
2025-11-28T02:00,11.0,73,6.4,873.5,3.3,158,Ratnapark,27.7063,85.3152
2025-11-28T03:00,10.1,77,6.3,872.7,4.3,158,Ratnapark,27.7063,85.3152
2025-11-28T04:00,9.3,81,6.2,872.0,5.2,158,Ratnapark,27.7063,85.3152
2025-11-28T05:00,8.7,83,6.0,872.6,5.1,148,Ratnapark,27.7063,85.3152
2025-11-28T06:00,8.2,85,5.7,872.8,5.5,157,Ratnapark,27.7063,85.3152
2025-11-28T07:00,10.3,77,6.5,874.4,6.6,151,Ratnapark,27.7063,85.3152
2025-11-28T08:00,15.1,62,7.9,877.1,5.4,127,Ratnapark,27.7063,85.3152
2025-11-28T09:00,17.7,53,7.9,878.3,3.4,90,Ratnapark,27.7063,85.3152
2025-11-28T10:00,19.5,46,7.5,878.1,2.0,45,Ratnapark,27.7063,85.3152
2025-11-28T11:00,20.4,37,5.3,877.6,6.0,319,Ratnapark,27.7063,85.3152
2025-11-28T12:00,20.7,37,5.3,876.6,7.4,309,Ratnapark,27.7063,85.3152
2025-11-28T13:00,20.5,39,6.1,875.5,8.0,312,Ratnapark,27.7063,85.3152
2025-11-28T14:00,19.9,42,6.7,875.0,8.8,313,Ratnapark,27.7063,85.3152
2025-11-28T15:00,18.5,46,6.6,874.4,8.1,315,Ratnapark,27.7063,85.3152
2025-11-28T16:00,16.2,61,8.7,873.7,3.8,311,Ratnapark,27.7063,85.3152
2025-11-28T17:00,14.5,67,8.4,873.3,2.2,256,Ratnapark,27.7063,85.3152
2025-11-28T18:00,14.0,69,8.3,873.5,1.8,186,Ratnapark,27.7063,85.3152
2025-11-28T19:00,13.2,76,9.0,873.3,2.5,188,Ratnapark,27.7063,85.3152
2025-11-28T20:00,12.6,78,8.8,873.2,1.5,194,Ratnapark,27.7063,85.3152
2025-11-28T21:00,12.5,75,8.1,873.3,1.1,189,Ratnapark,27.7063,85.3152
2025-11-28T22:00,12.5,71,7.4,873.0,0.2,180,Ratnapark,27.7063,85.3152
2025-11-28T23:00,12.1,73,7.4,872.6,1.1,189,Ratnapark,27.7063,85.3152
2025-11-29T00:00,11.5,72,6.7,872.0,0.4,180,Ratnapark,27.7063,85.3152
2025-11-29T01:00,11.3,70,6.1,871.6,0.4,180,Ratnapark,27.7063,85.3152
2025-11-29T02:00,11.1,69,5.6,871.3,1.0,158,Ratnapark,27.7063,85.3152
2025-11-29T03:00,10.7,70,5.4,871.0,2.1,165,Ratnapark,27.7063,85.3152
2025-11-29T04:00,10.3,71,5.3,870.7,2.4,167,Ratnapark,27.7063,85.3152
2025-11-29T05:00,9.0,79,5.6,870.4,3.6,143,Ratnapark,27.7063,85.3152
2025-11-29T06:00,8.6,81,5.5,871.1,4.6,154,Ratnapark,27.7063,85.3152
2025-11-29T07:00,10.1,76,6.1,872.3,5.6,158,Ratnapark,27.7063,85.3152
2025-11-29T08:00,14.5,62,7.4,874.5,4.7,137,Ratnapark,27.7063,85.3152
2025-11-29T09:00,17.4,49,6.5,875.7,1.7,77,Ratnapark,27.7063,85.3152
2025-11-29T10:00,19.0,41,5.6,875.6,4.0,330,Ratnapark,27.7063,85.3152
2025-11-29T11:00,19.5,38,4.9,875.4,9.8,317,Ratnapark,27.7063,85.3152
2025-11-29T12:00,19.7,39,5.4,874.6,10.7,316,Ratnapark,27.7063,85.3152
2025-11-29T13:00,19.4,42,6.2,873.5,11.1,316,Ratnapark,27.7063,85.3152
2025-11-29T14:00,18.8,46,6.9,872.9,10.9,316,Ratnapark,27.7063,85.3152
2025-11-29T15:00,17.6,50,7.1,872.3,9.7,318,Ratnapark,27.7063,85.3152
2025-11-29T16:00,15.5,63,8.5,871.6,4.5,313,Ratnapark,27.7063,85.3152
2025-11-29T17:00,13.7,73,8.9,870.9,2.8,281,Ratnapark,27.7063,85.3152
2025-11-29T18:00,13.6,70,8.3,871.0,1.5,194,Ratnapark,27.7063,85.3152
2025-11-29T19:00,13.1,75,8.8,871.3,2.2,189,Ratnapark,27.7063,85.3152
2025-11-29T20:00,12.4,77,8.5,871.0,1.1,189,Ratnapark,27.7063,85.3152
2025-11-29T21:00,12.4,74,7.9,871.3,0.4,180,Ratnapark,27.7063,85.3152
2025-11-29T22:00,12.4,72,7.6,871.4,0.5,180,Ratnapark,27.7063,85.3152
2025-11-29T23:00,10.9,82,7.9,870.4,2.2,171,Ratnapark,27.7063,85.3152
2025-11-30T00:00,10.3,84,7.7,870.1,1.7,167,Ratnapark,27.7063,85.3152
2025-11-30T01:00,9.8,85,7.4,869.5,1.1,171,Ratnapark,27.7063,85.3152
2025-11-30T02:00,9.7,84,7.1,869.3,2.4,167,Ratnapark,27.7063,85.3152
2025-11-30T03:00,9.2,86,7.0,868.9,3.9,164,Ratnapark,27.7063,85.3152
2025-11-30T04:00,8.1,91,6.7,868.0,5.6,163,Ratnapark,27.7063,85.3152
2025-11-30T05:00,7.3,97,6.8,868.0,7.7,144,Ratnapark,27.7063,85.3152
2025-11-30T06:00,7.3,95,6.5,868.6,8.0,153,Ratnapark,27.7063,85.3152
2025-11-30T07:00,9.3,86,7.0,870.4,7.9,150,Ratnapark,27.7063,85.3152
2025-11-30T08:00,13.5,70,8.1,873.1,5.0,131,Ratnapark,27.7063,85.3152
2025-11-30T09:00,16.4,57,7.9,874.4,3.8,95,Ratnapark,27.7063,85.3152
2025-11-30T10:00,18.3,48,7.0,874.3,4.0,72,Ratnapark,27.7063,85.3152
2025-11-30T11:00,19.2,45,6.9,874.0,2.9,356,Ratnapark,27.7063,85.3152
2025-11-30T12:00,20.6,41,6.9,873.3,2.7,312,Ratnapark,27.7063,85.3152
2025-11-30T13:00,20.8,40,6.6,872.3,4.6,301,Ratnapark,27.7063,85.3152
2025-11-30T14:00,20.1,44,7.3,871.7,6.6,303,Ratnapark,27.7063,85.3152
2025-11-30T15:00,18.6,50,8.1,871.7,7.0,310,Ratnapark,27.7063,85.3152
2025-11-30T16:00,16.4,65,9.9,871.3,3.6,319,Ratnapark,27.7063,85.3152
2025-11-30T17:00,14.0,77,10.0,870.8,3.5,291,Ratnapark,27.7063,85.3152
2025-11-30T18:00,13.6,75,9.2,871.4,1.1,198,Ratnapark,27.7063,85.3152
2025-11-30T19:00,13.2,76,9.2,872.2,0.7,180,Ratnapark,27.7063,85.3152
2025-11-30T20:00,12.2,81,9.0,872.0,1.5,166,Ratnapark,27.7063,85.3152
2025-11-30T21:00,11.1,88,9.1,871.9,3.0,166,Ratnapark,27.7063,85.3152
2025-11-30T22:00,9.9,94,9.0,871.5,4.0,162,Ratnapark,27.7063,85.3152
2025-11-30T23:00,8.8,100,8.8,870.7,4.8,158,Ratnapark,27.7063,85.3152
2025-12-01T00:00,8.5,100,8.5,870.6,5.5,153,Ratnapark,27.7063,85.3152
2025-12-01T01:00,8.3,100,8.3,870.2,5.8,154,Ratnapark,27.7063,85.3152
2025-12-01T02:00,8.0,100,8.0,869.5,5.8,154,Ratnapark,27.7063,85.3152
2025-12-01T03:00,7.9,100,7.9,869.2,5.5,163,Ratnapark,27.7063,85.3152
2025-12-01T04:00,7.4,100,7.4,868.5,5.9,160,Ratnapark,27.7063,85.3152
2025-12-01T05:00,7.4,100,7.4,869.0,6.0,153,Ratnapark,27.7063,85.3152
2025-12-01T06:00,7.2,100,7.2,869.3,6.6,158,Ratnapark,27.7063,85.3152
2025-12-01T07:00,8.9,96,8.4,870.7,7.8,158,Ratnapark,27.7063,85.3152
2025-12-01T08:00,13.6,77,9.6,873.3,5.7,145,Ratnapark,27.7063,85.3152
2025-12-01T09:00,16.8,57,8.2,875.0,2.4,144,Ratnapark,27.7063,85.3152
2025-12-01T10:00,18.4,50,7.9,874.9,1.2,333,Ratnapark,27.7063,85.3152
2025-12-01T11:00,19.2,49,8.3,874.4,5.9,322,Ratnapark,27.7063,85.3152
2025-12-01T12:00,19.8,49,8.8,873.6,6.9,317,Ratnapark,27.7063,85.3152
2025-12-01T13:00,19.6,54,10.2,872.6,8.0,316,Ratnapark,27.7063,85.3152
2025-12-01T14:00,19.1,60,11.2,872.1,8.4,317,Ratnapark,27.7063,85.3152
2025-12-01T15:00,17.8,67,11.6,871.4,6.4,320,Ratnapark,27.7063,85.3152
2025-12-01T16:00,16.0,77,11.9,871.0,4.6,312,Ratnapark,27.7063,85.3152
2025-12-01T17:00,13.8,85,11.4,870.3,2.7,298,Ratnapark,27.7063,85.3152
2025-12-01T18:00,13.3,87,11.1,870.9,2.2,222,Ratnapark,27.7063,85.3152
2025-12-01T19:00,12.8,89,11.0,871.5,2.5,210,Ratnapark,27.7063,85.3152
2025-12-01T20:00,12.1,93,11.0,871.5,2.9,202,Ratnapark,27.7063,85.3152
2025-12-01T21:00,10.8,99,10.7,871.6,2.9,202,Ratnapark,27.7063,85.3152
2025-12-01T22:00,9.9,100,10.0,871.2,1.6,186,Ratnapark,27.7063,85.3152
2025-12-01T23:00,8.6,100,8.6,870.1,2.7,172,Ratnapark,27.7063,85.3152
2025-12-02T00:00,8.7,100,8.7,870.0,3.6,171,Ratnapark,27.7063,85.3152
2025-12-02T01:00,8.8,100,8.8,869.4,5.5,167,Ratnapark,27.7063,85.3152
2025-12-02T02:00,8.8,100,8.8,869.2,7.0,162,Ratnapark,27.7063,85.3152
2025-12-02T03:00,8.3,100,8.3,868.7,6.7,164,Ratnapark,27.7063,85.3152
2025-12-02T04:00,8.2,100,8.2,868.4,6.3,165,Ratnapark,27.7063,85.3152
2025-12-02T05:00,6.2,100,6.3,867.9,2.2,166,Ratnapark,27.7063,85.3152
2025-12-02T06:00,6.0,100,6.0,868.2,3.4,162,Ratnapark,27.7063,85.3152
2025-12-02T07:00,7.6,99,7.5,869.2,6.6,159,Ratnapark,27.7063,85.3152
2025-12-02T08:00,13.4,85,10.9,872.2,5.5,161,Ratnapark,27.7063,85.3152
2025-12-02T09:00,16.4,64,9.6,874.1,1.4,230,Ratnapark,27.7063,85.3152
2025-12-02T10:00,18.5,50,7.8,874.2,3.1,310,Ratnapark,27.7063,85.3152
2025-12-02T11:00,19.8,45,7.5,873.9,6.9,315,Ratnapark,27.7063,85.3152
2025-12-02T12:00,20.4,43,7.4,873.2,7.8,312,Ratnapark,27.7063,85.3152
2025-12-02T13:00,20.1,48,8.7,872.1,8.9,313,Ratnapark,27.7063,85.3152
2025-12-02T14:00,19.3,56,10.4,871.6,8.7,313,Ratnapark,27.7063,85.3152
2025-12-02T15:00,18.0,64,11.0,871.2,7.0,314,Ratnapark,27.7063,85.3152
2025-12-02T16:00,16.0,75,11.6,870.7,3.8,315,Ratnapark,27.7063,85.3152
2025-12-02T17:00,13.3,85,10.7,870.2,3.2,289,Ratnapark,27.7063,85.3152
2025-12-02T18:00,12.5,89,10.8,870.9,1.9,197,Ratnapark,27.7063,85.3152
2025-12-02T19:00,11.6,96,11.1,871.3,3.1,190,Ratnapark,27.7063,85.3152
2025-12-02T20:00,10.6,100,10.6,871.4,3.6,174,Ratnapark,27.7063,85.3152
2025-12-02T21:00,9.6,100,9.6,871.1,4.6,171,Ratnapark,27.7063,85.3152
2025-12-02T22:00,9.0,100,9.0,871.0,5.9,169,Ratnapark,27.7063,85.3152
2025-12-02T23:00,7.5,100,7.5,870.3,2.9,176,Ratnapark,27.7063,85.3152
2025-12-03T00:00,7.6,100,7.6,870.3,2.8,165,Ratnapark,27.7063,85.3152
2025-12-03T01:00,7.2,100,7.2,870.0,3.6,162,Ratnapark,27.7063,85.3152
2025-12-03T02:00,7.6,100,7.6,870.1,4.2,160,Ratnapark,27.7063,85.3152
2025-12-03T03:00,7.6,100,7.6,870.0,4.8,160,Ratnapark,27.7063,85.3152
2025-12-03T04:00,7.7,100,7.7,869.8,5.0,159,Ratnapark,27.7063,85.3152
2025-12-03T05:00,5.4,100,5.4,868.9,1.0,158,Ratnapark,27.7063,85.3152
2025-12-03T06:00,5.5,100,5.5,869.6,4.8,167,Ratnapark,27.7063,85.3152
2025-12-03T07:00,7.6,99,7.4,871.2,6.6,158,Ratnapark,27.7063,85.3152
2025-12-03T08:00,13.1,86,10.8,874.7,5.1,153,Ratnapark,27.7063,85.3152
2025-12-03T09:00,16.0,65,9.3,876.6,0.9,90,Ratnapark,27.7063,85.3152
2025-12-03T10:00,17.9,49,7.1,876.7,2.4,343,Ratnapark,27.7063,85.3152
2025-12-03T11:00,19.2,43,6.2,876.6,6.5,316,Ratnapark,27.7063,85.3152
2025-12-03T12:00,19.7,43,6.7,875.8,7.4,313,Ratnapark,27.7063,85.3152
2025-12-03T13:00,19.7,48,8.3,875.0,8.3,309,Ratnapark,27.7063,85.3152
2025-12-03T14:00,18.9,58,10.5,874.5,8.6,301,Ratnapark,27.7063,85.3152
2025-12-03T15:00,17.6,67,11.3,874.2,7.8,296,Ratnapark,27.7063,85.3152
2025-12-03T16:00,15.7,75,11.3,873.8,4.6,309,Ratnapark,27.7063,85.3152
2025-12-03T17:00,13.6,80,10.2,873.4,2.4,318,Ratnapark,27.7063,85.3152
2025-12-03T18:00,13.1,81,9.8,874.0,1.9,202,Ratnapark,27.7063,85.3152
2025-12-03T19:00,12.5,86,10.2,874.2,2.6,214,Ratnapark,27.7063,85.3152
2025-12-03T20:00,12.1,86,9.9,874.2,2.3,219,Ratnapark,27.7063,85.3152
2025-12-03T21:00,11.8,88,10.0,874.2,2.7,200,Ratnapark,27.7063,85.3152
2025-12-03T22:00,10.9,93,9.8,873.6,3.6,189,Ratnapark,27.7063,85.3152
2025-12-03T23:00,9.9,97,9.4,872.7,2.7,172,Ratnapark,27.7063,85.3152
2025-12-04T00:00,8.9,97,8.5,871.9,4.0,177,Ratnapark,27.7063,85.3152
2025-12-04T01:00,8.2,98,7.9,871.4,2.2,171,Ratnapark,27.7063,85.3152
2025-12-04T02:00,7.3,99,7.2,870.6,3.3,167,Ratnapark,27.7063,85.3152
2025-12-04T03:00,6.9,99,6.7,869.9,4.3,165,Ratnapark,27.7063,85.3152
2025-12-04T04:00,6.1,100,6.1,869.2,4.6,162,Ratnapark,27.7063,85.3152
2025-12-04T05:00,5.1,100,5.1,869.5,5.3,145,Ratnapark,27.7063,85.3152
2025-12-04T06:00,6.2,100,6.1,870.6,6.1,150,Ratnapark,27.7063,85.3152
2025-12-04T07:00,8.2,98,8.0,872.1,7.2,152,Ratnapark,27.7063,85.3152
2025-12-04T08:00,12.5,86,10.2,874.7,5.7,131,Ratnapark,27.7063,85.3152
2025-12-04T09:00,15.3,67,9.1,876.4,3.0,107,Ratnapark,27.7063,85.3152
2025-12-04T10:00,17.4,50,6.9,876.4,2.7,62,Ratnapark,27.7063,85.3152
2025-12-04T11:00,18.7,45,6.6,876.1,3.2,3,Ratnapark,27.7063,85.3152
2025-12-04T12:00,19.6,41,6.0,875.6,3.9,13,Ratnapark,27.7063,85.3152
2025-12-04T13:00,19.7,40,5.7,874.9,3.9,344,Ratnapark,27.7063,85.3152
2025-12-04T14:00,19.1,42,5.8,874.6,5.0,319,Ratnapark,27.7063,85.3152
2025-12-04T15:00,17.8,50,7.3,874.2,6.5,309,Ratnapark,27.7063,85.3152
2025-12-04T16:00,15.5,69,9.9,873.8,3.7,309,Ratnapark,27.7063,85.3152
2025-12-04T17:00,13.5,77,9.6,873.4,3.2,289,Ratnapark,27.7063,85.3152
2025-12-04T18:00,13.2,77,9.2,874.2,2.6,236,Ratnapark,27.7063,85.3152
2025-12-04T19:00,12.6,79,9.1,874.6,2.5,240,Ratnapark,27.7063,85.3152
2025-12-04T20:00,11.8,83,8.9,874.7,2.1,211,Ratnapark,27.7063,85.3152
2025-12-04T21:00,11.0,87,9.0,874.8,1.7,193,Ratnapark,27.7063,85.3152
2025-12-04T22:00,9.4,96,8.8,874.0,2.0,180,Ratnapark,27.7063,85.3152
2025-12-04T23:00,8.2,100,8.1,873.5,3.9,158,Ratnapark,27.7063,85.3152
2025-12-05T00:00,7.7,100,7.7,873.3,4.2,160,Ratnapark,27.7063,85.3152
2025-12-05T01:00,7.4,100,7.4,872.9,4.9,163,Ratnapark,27.7063,85.3152
2025-12-05T02:00,7.1,100,7.1,872.7,5.5,161,Ratnapark,27.7063,85.3152
2025-12-05T03:00,6.6,100,6.6,872.3,5.8,160,Ratnapark,27.7063,85.3152
2025-12-05T04:00,6.2,100,6.2,871.9,5.4,159,Ratnapark,27.7063,85.3152
2025-12-05T05:00,6.7,100,6.7,872.9,6.5,141,Ratnapark,27.7063,85.3152
2025-12-05T06:00,7.1,100,7.1,873.5,7.5,150,Ratnapark,27.7063,85.3152
2025-12-05T07:00,8.9,98,8.6,875.3,8.0,144,Ratnapark,27.7063,85.3152
2025-12-05T08:00,11.9,89,10.1,877.6,5.5,131,Ratnapark,27.7063,85.3152
2025-12-05T09:00,14.7,74,10.2,878.8,3.6,93,Ratnapark,27.7063,85.3152
2025-12-05T10:00,16.8,62,9.4,878.7,3.4,72,Ratnapark,27.7063,85.3152
2025-12-05T11:00,17.9,55,8.8,878.0,2.7,8,Ratnapark,27.7063,85.3152
2025-12-05T12:00,18.9,51,8.4,877.2,4.1,331,Ratnapark,27.7063,85.3152
2025-12-05T13:00,19.0,50,8.3,876.4,7.3,314,Ratnapark,27.7063,85.3152
2025-12-05T14:00,18.2,54,8.7,875.9,9.0,317,Ratnapark,27.7063,85.3152
2025-12-05T15:00,16.7,60,9.0,875.1,7.8,323,Ratnapark,27.7063,85.3152
2025-12-05T16:00,14.6,72,9.7,874.4,4.5,323,Ratnapark,27.7063,85.3152
2025-12-05T17:00,12.8,83,10.0,873.7,2.8,285,Ratnapark,27.7063,85.3152
2025-12-05T18:00,12.2,85,9.7,874.0,1.9,209,Ratnapark,27.7063,85.3152
2025-12-05T19:00,11.7,87,9.6,874.5,2.9,227,Ratnapark,27.7063,85.3152
2025-12-05T20:00,11.3,87,9.2,874.5,1.9,214,Ratnapark,27.7063,85.3152
2025-12-05T21:00,10.7,90,9.1,874.4,1.9,197,Ratnapark,27.7063,85.3152
2025-12-05T22:00,9.5,97,9.0,873.6,3.1,187,Ratnapark,27.7063,85.3152
2025-12-05T23:00,8.1,100,8.1,872.9,1.7,167,Ratnapark,27.7063,85.3152
2025-12-06T00:00,7.3,100,7.3,872.1,2.0,170,Ratnapark,27.7063,85.3152
2025-12-06T01:00,6.6,100,6.6,871.7,2.7,157,Ratnapark,27.7063,85.3152
2025-12-06T02:00,6.2,100,6.2,871.5,5.2,155,Ratnapark,27.7063,85.3152
2025-12-06T03:00,6.0,100,6.0,871.0,5.5,161,Ratnapark,27.7063,85.3152
2025-12-06T04:00,5.5,100,5.5,870.5,5.4,160,Ratnapark,27.7063,85.3152
2025-12-06T05:00,5.8,100,5.8,871.0,7.3,144,Ratnapark,27.7063,85.3152
2025-12-06T06:00,6.3,100,6.3,871.8,6.6,154,Ratnapark,27.7063,85.3152
2025-12-06T07:00,8.0,100,7.9,872.9,7.4,151,Ratnapark,27.7063,85.3152
2025-12-06T08:00,12.7,87,10.6,875.9,6.2,136,Ratnapark,27.7063,85.3152
2025-12-06T09:00,15.5,70,10.1,877.4,3.3,96,Ratnapark,27.7063,85.3152
2025-12-06T10:00,17.5,58,9.2,877.4,3.2,63,Ratnapark,27.7063,85.3152
2025-12-06T11:00,18.5,52,8.5,876.8,1.6,63,Ratnapark,27.7063,85.3152
2025-12-06T12:00,19.5,51,9.0,876.0,1.8,323,Ratnapark,27.7063,85.3152
2025-12-06T13:00,19.7,50,8.9,875.2,3.9,294,Ratnapark,27.7063,85.3152
2025-12-06T14:00,19.0,51,8.5,874.7,7.1,294,Ratnapark,27.7063,85.3152
2025-12-06T15:00,17.3,55,8.2,874.4,8.6,307,Ratnapark,27.7063,85.3152
2025-12-06T16:00,15.2,66,8.9,873.9,4.8,331,Ratnapark,27.7063,85.3152
2025-12-06T17:00,13.3,76,9.2,873.4,2.3,299,Ratnapark,27.7063,85.3152
2025-12-06T18:00,12.7,77,8.7,873.6,0.6,198,Ratnapark,27.7063,85.3152
2025-12-06T19:00,11.9,82,9.0,873.9,2.6,205,Ratnapark,27.7063,85.3152
2025-12-06T20:00,11.4,84,8.8,874.0,1.4,203,Ratnapark,27.7063,85.3152
2025-12-06T21:00,11.3,84,8.6,873.8,1.4,180,Ratnapark,27.7063,85.3152
2025-12-06T22:00,10.8,87,8.6,872.9,4.0,175,Ratnapark,27.7063,85.3152
2025-12-06T23:00,9.1,95,8.3,872.1,2.4,171,Ratnapark,27.7063,85.3152
2025-12-07T00:00,8.9,94,7.9,872.3,1.6,180,Ratnapark,27.7063,85.3152
2025-12-07T01:00,8.9,92,7.7,872.6,0.6,162,Ratnapark,27.7063,85.3152
2025-12-07T02:00,8.9,92,7.7,872.5,3.2,153,Ratnapark,27.7063,85.3152
2025-12-07T03:00,8.2,95,7.4,871.8,5.1,153,Ratnapark,27.7063,85.3152
2025-12-07T04:00,7.6,97,7.2,871.3,5.7,156,Ratnapark,27.7063,85.3152
2025-12-07T05:00,7.1,99,6.9,871.2,6.1,137,Ratnapark,27.7063,85.3152
2025-12-07T06:00,7.7,96,7.1,871.7,7.7,150,Ratnapark,27.7063,85.3152
2025-12-07T07:00,9.3,92,8.0,873.0,7.9,153,Ratnapark,27.7063,85.3152
2025-12-07T08:00,13.1,79,9.4,875.4,5.3,147,Ratnapark,27.7063,85.3152
2025-12-07T09:00,15.8,62,8.5,877.0,1.7,131,Ratnapark,27.7063,85.3152
2025-12-07T10:00,17.2,55,8.2,877.1,0.5,45,Ratnapark,27.7063,85.3152
2025-12-07T11:00,17.8,54,8.5,876.5,2.7,8,Ratnapark,27.7063,85.3152
2025-12-07T12:00,18.7,52,8.6,875.8,4.0,355,Ratnapark,27.7063,85.3152
2025-12-07T13:00,18.9,52,8.9,875.0,5.2,335,Ratnapark,27.7063,85.3152
2025-12-07T14:00,18.5,55,9.3,874.2,6.2,324,Ratnapark,27.7063,85.3152
2025-12-07T15:00,17.4,60,9.6,873.7,5.7,323,Ratnapark,27.7063,85.3152
2025-12-07T16:00,15.4,73,10.6,873.4,3.7,309,Ratnapark,27.7063,85.3152
2025-12-07T17:00,13.7,83,10.8,872.9,3.5,298,Ratnapark,27.7063,85.3152
2025-12-07T18:00,13.0,85,10.5,873.4,0.5,180,Ratnapark,27.7063,85.3152
2025-12-07T19:00,12.6,88,10.6,873.5,2.9,187,Ratnapark,27.7063,85.3152
2025-12-07T20:00,12.0,91,10.7,873.5,2.5,188,Ratnapark,27.7063,85.3152
2025-12-07T21:00,11.6,92,10.4,873.3,1.6,180,Ratnapark,27.7063,85.3152
2025-12-07T22:00,10.9,93,9.8,873.1,1.6,180,Ratnapark,27.7063,85.3152
2025-12-07T23:00,9.4,99,9.2,872.4,3.0,163,Ratnapark,27.7063,85.3152
2025-12-08T00:00,8.7,99,8.5,871.9,3.9,164,Ratnapark,27.7063,85.3152
2025-12-08T01:00,8.1,100,8.1,871.4,4.8,155,Ratnapark,27.7063,85.3152
2025-12-08T02:00,7.6,100,7.6,870.9,6.1,157,Ratnapark,27.7063,85.3152
2025-12-08T03:00,7.1,100,7.1,870.5,6.2,159,Ratnapark,27.7063,85.3152
2025-12-08T04:00,6.7,100,6.7,870.1,6.3,156,Ratnapark,27.7063,85.3152
2025-12-08T05:00,7.0,100,7.0,870.6,6.4,144,Ratnapark,27.7063,85.3152
2025-12-08T06:00,7.3,100,7.3,871.3,6.4,153,Ratnapark,27.7063,85.3152
2025-12-08T07:00,8.9,97,8.4,872.5,6.9,157,Ratnapark,27.7063,85.3152
2025-12-08T08:00,13.2,81,10.1,875.2,5.8,141,Ratnapark,27.7063,85.3152
2025-12-08T09:00,15.9,65,9.3,876.6,3.5,114,Ratnapark,27.7063,85.3152
2025-12-08T10:00,17.7,55,8.6,876.9,0.6,18,Ratnapark,27.7063,85.3152
2025-12-08T11:00,18.8,49,8.0,876.2,5.0,325,Ratnapark,27.7063,85.3152
2025-12-08T12:00,19.5,49,8.5,875.4,6.2,314,Ratnapark,27.7063,85.3152
2025-12-08T13:00,19.3,54,9.6,874.5,7.8,312,Ratnapark,27.7063,85.3152
2025-12-08T14:00,18.7,59,10.6,873.9,8.5,302,Ratnapark,27.7063,85.3152
2025-12-08T15:00,17.5,65,10.8,873.5,8.1,305,Ratnapark,27.7063,85.3152
2025-12-08T16:00,15.6,74,11.0,873.1,4.5,317,Ratnapark,27.7063,85.3152
2025-12-08T17:00,13.5,82,10.4,872.5,3.6,297,Ratnapark,27.7063,85.3152
2025-12-08T18:00,13.2,79,9.5,873.3,1.4,220,Ratnapark,27.7063,85.3152
2025-12-08T19:00,12.7,80,9.4,873.8,3.0,213,Ratnapark,27.7063,85.3152
2025-12-08T20:00,12.1,85,9.7,873.9,3.1,201,Ratnapark,27.7063,85.3152
2025-12-08T21:00,11.4,88,9.5,873.5,2.6,192,Ratnapark,27.7063,85.3152
2025-12-08T22:00,10.9,90,9.3,873.1,2.7,188,Ratnapark,27.7063,85.3152
2025-12-08T23:00,9.5,97,9.1,872.1,3.1,187,Ratnapark,27.7063,85.3152
2025-12-09T00:00,8.3,100,8.3,871.4,2.5,180,Ratnapark,27.7063,85.3152
2025-12-09T01:00,6.8,100,6.8,870.6,2.8,165,Ratnapark,27.7063,85.3152
2025-12-09T02:00,5.8,100,5.8,869.8,5.1,148,Ratnapark,27.7063,85.3152
2025-12-09T03:00,5.3,100,5.3,869.2,6.4,151,Ratnapark,27.7063,85.3152
2025-12-09T04:00,5.2,100,5.2,868.6,5.7,156,Ratnapark,27.7063,85.3152
2025-12-09T05:00,6.2,100,6.2,870.0,3.5,141,Ratnapark,27.7063,85.3152
2025-12-09T06:00,6.3,100,6.3,870.1,5.2,158,Ratnapark,27.7063,85.3152
2025-12-09T07:00,7.8,99,7.6,871.4,7.3,160,Ratnapark,27.7063,85.3152
2025-12-09T08:00,12.6,86,10.3,874.3,6.1,157,Ratnapark,27.7063,85.3152
2025-12-09T09:00,16.4,60,8.7,876.3,1.5,166,Ratnapark,27.7063,85.3152
2025-12-09T10:00,18.7,49,7.8,876.1,2.2,275,Ratnapark,27.7063,85.3152
2025-12-09T11:00,19.6,44,7.0,875.5,5.6,299,Ratnapark,27.7063,85.3152
2025-12-09T12:00,20.3,40,6.1,874.6,6.2,296,Ratnapark,27.7063,85.3152
2025-12-09T13:00,20.0,42,6.8,873.7,6.6,283,Ratnapark,27.7063,85.3152
2025-12-09T14:00,18.6,54,9.2,873.5,9.5,291,Ratnapark,27.7063,85.3152
2025-12-09T15:00,16.8,65,10.1,873.3,10.1,310,Ratnapark,27.7063,85.3152
2025-12-09T16:00,14.8,75,10.4,872.9,6.5,336,Ratnapark,27.7063,85.3152
2025-12-09T17:00,12.5,84,9.8,872.2,1.3,326,Ratnapark,27.7063,85.3152
2025-12-09T18:00,11.7,88,9.7,872.5,0.4,153,Ratnapark,27.7063,85.3152
2025-12-09T19:00,11.2,89,9.5,873.0,0.9,180,Ratnapark,27.7063,85.3152
2025-12-09T20:00,10.7,90,9.1,872.9,1.3,172,Ratnapark,27.7063,85.3152
2025-12-09T21:00,10.3,90,8.7,872.6,2.3,151,Ratnapark,27.7063,85.3152
2025-12-09T22:00,10.2,88,8.4,872.5,2.7,157,Ratnapark,27.7063,85.3152
2025-12-09T23:00,8.9,95,8.2,872.0,3.8,135,Ratnapark,27.7063,85.3152
2025-12-10T00:00,8.7,95,7.9,871.9,2.7,157,Ratnapark,27.7063,85.3152
2025-12-10T01:00,8.3,95,7.5,871.9,3.0,155,Ratnapark,27.7063,85.3152
2025-12-10T02:00,7.8,95,7.1,871.4,3.4,155,Ratnapark,27.7063,85.3152
2025-12-10T03:00,7.2,97,6.7,870.8,4.7,152,Ratnapark,27.7063,85.3152
2025-12-10T04:00,6.7,98,6.4,870.5,5.7,152,Ratnapark,27.7063,85.3152
2025-12-10T05:00,5.0,100,5.0,870.4,6.0,139,Ratnapark,27.7063,85.3152
2025-12-10T06:00,5.5,99,5.4,871.3,5.9,160,Ratnapark,27.7063,85.3152
2025-12-10T07:00,7.5,93,6.5,872.8,9.3,148,Ratnapark,27.7063,85.3152
2025-12-10T08:00,12.0,77,8.1,875.6,7.5,134,Ratnapark,27.7063,85.3152
2025-12-10T09:00,14.8,62,7.5,877.0,4.4,117,Ratnapark,27.7063,85.3152
2025-12-10T10:00,16.9,57,8.3,877.3,2.4,81,Ratnapark,27.7063,85.3152
2025-12-10T11:00,18.2,51,7.9,877.0,1.8,11,Ratnapark,27.7063,85.3152
2025-12-10T12:00,19.1,47,7.5,876.1,2.9,353,Ratnapark,27.7063,85.3152
2025-12-10T13:00,18.9,47,7.3,875.0,4.1,331,Ratnapark,27.7063,85.3152
2025-12-10T14:00,18.4,49,7.3,874.6,5.9,313,Ratnapark,27.7063,85.3152
2025-12-10T15:00,17.0,54,7.5,874.2,7.3,310,Ratnapark,27.7063,85.3152
2025-12-10T16:00,14.8,68,8.9,874.1,3.7,317,Ratnapark,27.7063,85.3152
2025-12-10T17:00,12.8,71,7.6,873.7,2.3,342,Ratnapark,27.7063,85.3152
2025-12-10T18:00,12.1,74,7.5,873.6,0.4,180,Ratnapark,27.7063,85.3152
2025-12-10T19:00,11.5,79,7.9,873.8,1.3,188,Ratnapark,27.7063,85.3152
2025-12-10T20:00,11.2,80,7.8,873.8,0.9,191,Ratnapark,27.7063,85.3152
2025-12-10T21:00,10.9,81,7.7,873.5,1.5,194,Ratnapark,27.7063,85.3152
2025-12-10T22:00,10.3,83,7.5,873.4,0.7,194,Ratnapark,27.7063,85.3152
2025-12-10T23:00,9.3,89,7.5,872.9,0.9,191,Ratnapark,27.7063,85.3152
2025-12-11T00:00,9.4,88,7.5,872.4,0.7,180,Ratnapark,27.7063,85.3152
2025-12-11T01:00,9.2,89,7.5,871.7,4.0,162,Ratnapark,27.7063,85.3152
2025-12-11T02:00,8.3,93,7.3,871.0,5.2,160,Ratnapark,27.7063,85.3152
2025-12-11T03:00,7.6,95,6.8,870.0,5.3,162,Ratnapark,27.7063,85.3152
2025-12-11T04:00,7.2,94,6.4,869.6,5.4,160,Ratnapark,27.7063,85.3152
2025-12-11T05:00,6.7,97,6.2,869.6,8.0,136,Ratnapark,27.7063,85.3152
2025-12-11T06:00,7.3,90,5.7,870.2,7.3,149,Ratnapark,27.7063,85.3152
2025-12-11T07:00,8.6,83,5.8,871.5,7.2,153,Ratnapark,27.7063,85.3152
2025-12-11T08:00,12.8,67,6.9,873.9,6.5,141,Ratnapark,27.7063,85.3152
2025-12-11T09:00,16.3,53,6.6,875.8,3.9,114,Ratnapark,27.7063,85.3152
2025-12-11T10:00,18.3,47,6.7,875.9,2.5,69,Ratnapark,27.7063,85.3152
2025-12-11T11:00,19.2,43,6.4,875.5,2.5,360,Ratnapark,27.7063,85.3152
2025-12-11T12:00,19.9,41,6.3,874.7,4.2,340,Ratnapark,27.7063,85.3152
2025-12-11T13:00,20.0,41,6.2,873.7,5.3,322,Ratnapark,27.7063,85.3152
2025-12-11T14:00,19.3,44,6.8,872.9,6.8,307,Ratnapark,27.7063,85.3152
2025-12-11T15:00,17.7,54,8.3,872.7,6.7,301,Ratnapark,27.7063,85.3152
2025-12-11T16:00,15.2,74,10.6,872.0,2.6,286,Ratnapark,27.7063,85.3152
2025-12-11T17:00,13.2,74,8.8,871.7,1.9,248,Ratnapark,27.7063,85.3152
2025-12-11T18:00,12.4,75,8.1,872.1,1.7,212,Ratnapark,27.7063,85.3152
2025-12-11T19:00,11.8,76,7.7,872.4,1.8,204,Ratnapark,27.7063,85.3152
2025-12-11T20:00,11.6,75,7.3,872.6,0.2,180,Ratnapark,27.7063,85.3152
2025-12-11T21:00,11.4,74,7.0,872.5,0.7,166,Ratnapark,27.7063,85.3152
2025-12-11T22:00,11.3,73,6.6,872.2,1.3,146,Ratnapark,27.7063,85.3152
2025-12-11T23:00,10.0,81,6.9,871.3,2.4,153,Ratnapark,27.7063,85.3152
2025-12-12T00:00,9.7,82,6.9,870.7,2.1,165,Ratnapark,27.7063,85.3152
2025-12-12T01:00,9.1,84,6.6,870.3,1.9,158,Ratnapark,27.7063,85.3152
2025-12-12T02:00,9.0,83,6.4,870.2,2.1,160,Ratnapark,27.7063,85.3152
2025-12-12T03:00,8.8,83,6.0,870.0,2.1,160,Ratnapark,27.7063,85.3152
2025-12-12T04:00,8.9,80,5.7,870.1,3.0,155,Ratnapark,27.7063,85.3152
2025-12-12T05:00,7.4,87,5.4,870.1,5.3,135,Ratnapark,27.7063,85.3152
2025-12-12T06:00,7.2,88,5.3,870.7,6.2,150,Ratnapark,27.7063,85.3152
2025-12-12T07:00,8.2,84,5.7,871.8,7.1,150,Ratnapark,27.7063,85.3152
2025-12-12T08:00,12.1,72,7.3,874.2,6.4,135,Ratnapark,27.7063,85.3152
2025-12-12T09:00,15.2,57,6.9,875.9,4.5,97,Ratnapark,27.7063,85.3152
2025-12-12T10:00,17.1,48,6.0,876.0,3.9,66,Ratnapark,27.7063,85.3152
2025-12-12T11:00,18.1,48,6.9,875.5,3.6,360,Ratnapark,27.7063,85.3152
2025-12-12T12:00,18.8,46,7.0,874.7,5.3,336,Ratnapark,27.7063,85.3152
2025-12-12T13:00,18.8,47,7.2,874.0,6.5,326,Ratnapark,27.7063,85.3152
2025-12-12T14:00,18.2,49,7.4,873.3,7.3,322,Ratnapark,27.7063,85.3152
2025-12-12T15:00,17.1,52,7.3,873.1,6.9,321,Ratnapark,27.7063,85.3152
2025-12-12T16:00,14.8,67,8.8,872.4,3.7,321,Ratnapark,27.7063,85.3152
2025-12-12T17:00,12.9,72,7.9,872.2,2.4,297,Ratnapark,27.7063,85.3152
2025-12-12T18:00,12.2,72,7.3,872.5,0.5,180,Ratnapark,27.7063,85.3152
2025-12-12T19:00,11.7,75,7.4,872.7,2.0,185,Ratnapark,27.7063,85.3152
2025-12-12T20:00,11.2,77,7.2,873.0,1.6,186,Ratnapark,27.7063,85.3152
2025-12-12T21:00,10.9,76,6.8,872.9,1.5,187,Ratnapark,27.7063,85.3152
2025-12-12T22:00,10.6,74,6.2,872.5,0.7,194,Ratnapark,27.7063,85.3152
2025-12-12T23:00,9.5,81,6.3,872.0,1.8,174,Ratnapark,27.7063,85.3152
2025-12-13T00:00,9.5,80,6.1,871.6,1.3,164,Ratnapark,27.7063,85.3152
2025-12-13T01:00,9.0,80,5.7,871.5,2.2,156,Ratnapark,27.7063,85.3152
2025-12-13T02:00,9.1,79,5.6,871.5,3.1,149,Ratnapark,27.7063,85.3152
2025-12-13T03:00,8.9,80,5.7,871.1,4.3,156,Ratnapark,27.7063,85.3152
2025-12-13T04:00,8.2,84,5.7,870.6,4.3,163,Ratnapark,27.7063,85.3152
2025-12-13T05:00,7.3,88,5.4,870.9,4.4,148,Ratnapark,27.7063,85.3152
2025-12-13T06:00,7.3,89,5.5,871.4,5.0,154,Ratnapark,27.7063,85.3152
2025-12-13T07:00,8.5,87,6.4,872.4,6.1,152,Ratnapark,27.7063,85.3152
2025-12-13T08:00,12.5,75,8.3,875.2,5.9,135,Ratnapark,27.7063,85.3152
2025-12-13T09:00,15.7,61,8.1,877.3,4.5,92,Ratnapark,27.7063,85.3152
2025-12-13T10:00,17.6,52,7.5,877.2,4.3,75,Ratnapark,27.7063,85.3152
2025-12-13T11:00,18.7,48,7.6,876.8,3.8,49,Ratnapark,27.7063,85.3152
2025-12-13T12:00,19.7,45,7.5,875.9,4.0,8,Ratnapark,27.7063,85.3152
2025-12-13T13:00,19.7,47,7.9,875.2,6.5,328,Ratnapark,27.7063,85.3152
2025-12-13T14:00,18.7,52,8.5,874.4,8.2,319,Ratnapark,27.7063,85.3152
2025-12-13T15:00,17.3,59,9.2,874.1,6.6,325,Ratnapark,27.7063,85.3152
2025-12-13T16:00,15.0,75,10.6,873.5,3.3,311,Ratnapark,27.7063,85.3152
2025-12-13T17:00,13.3,75,8.9,873.1,2.6,295,Ratnapark,27.7063,85.3152
2025-12-13T18:00,12.7,74,8.2,873.6,2.3,198,Ratnapark,27.7063,85.3152
2025-12-13T19:00,12.1,78,8.4,874.0,2.4,193,Ratnapark,27.7063,85.3152
2025-12-13T20:00,11.6,80,8.2,874.4,1.5,187,Ratnapark,27.7063,85.3152
2025-12-13T21:00,11.3,79,7.8,874.4,1.5,187,Ratnapark,27.7063,85.3152
2025-12-13T22:00,11.1,79,7.5,873.7,0.9,180,Ratnapark,27.7063,85.3152
2025-12-13T23:00,10.0,84,7.5,872.8,3.7,145,Ratnapark,27.7063,85.3152
2025-12-14T00:00,9.7,87,7.6,872.3,5.5,163,Ratnapark,27.7063,85.3152
2025-12-14T01:00,8.8,90,7.3,871.8,3.9,167,Ratnapark,27.7063,85.3152
2025-12-14T02:00,8.3,91,7.0,871.5,3.1,159,Ratnapark,27.7063,85.3152
2025-12-14T03:00,8.4,91,7.1,871.7,4.0,162,Ratnapark,27.7063,85.3152
2025-12-14T04:00,8.2,91,6.8,871.4,4.0,162,Ratnapark,27.7063,85.3152
2025-12-14T05:00,6.8,95,6.1,871.6,6.2,136,Ratnapark,27.7063,85.3152
2025-12-14T06:00,7.2,94,6.3,872.6,5.2,160,Ratnapark,27.7063,85.3152
2025-12-14T07:00,8.6,92,7.3,873.8,6.2,158,Ratnapark,27.7063,85.3152
2025-12-14T08:00,12.8,80,9.4,876.5,6.0,141,Ratnapark,27.7063,85.3152
2025-12-14T09:00,16.2,65,9.6,878.6,3.7,101,Ratnapark,27.7063,85.3152
2025-12-14T10:00,18.2,52,8.1,878.4,3.2,43,Ratnapark,27.7063,85.3152
2025-12-14T11:00,19.2,47,7.6,877.7,4.7,351,Ratnapark,27.7063,85.3152
2025-12-14T12:00,19.8,47,8.1,876.6,5.2,344,Ratnapark,27.7063,85.3152
2025-12-14T13:00,19.8,49,8.8,875.6,5.8,324,Ratnapark,27.7063,85.3152
2025-12-14T14:00,19.1,53,9.3,874.8,7.4,313,Ratnapark,27.7063,85.3152
2025-12-14T15:00,17.9,57,9.3,874.2,6.0,309,Ratnapark,27.7063,85.3152
2025-12-14T16:00,15.5,73,10.6,873.5,3.3,299,Ratnapark,27.7063,85.3152
2025-12-14T17:00,13.5,73,8.7,873.1,2.8,281,Ratnapark,27.7063,85.3152
2025-12-14T18:00,12.9,73,8.2,873.4,1.6,207,Ratnapark,27.7063,85.3152
2025-12-14T19:00,12.4,76,8.3,873.7,1.6,207,Ratnapark,27.7063,85.3152
2025-12-14T20:00,12.0,77,8.1,874.1,1.9,221,Ratnapark,27.7063,85.3152
2025-12-14T21:00,11.4,80,8.0,873.9,1.4,203,Ratnapark,27.7063,85.3152
2025-12-14T22:00,11.1,80,7.8,873.5,0.4,207,Ratnapark,27.7063,85.3152
2025-12-14T23:00,9.7,86,7.5,872.5,1.9,158,Ratnapark,27.7063,85.3152
2025-12-15T00:00,9.7,86,7.5,872.5,0.9,180,Ratnapark,27.7063,85.3152
2025-12-15T01:00,9.9,82,7.0,872.6,0.7,180,Ratnapark,27.7063,85.3152
2025-12-15T02:00,10.2,78,6.6,872.3,1.2,153,Ratnapark,27.7063,85.3152
2025-12-15T03:00,9.6,79,6.1,871.4,2.8,145,Ratnapark,27.7063,85.3152
2025-12-15T04:00,9.3,80,6.0,871.1,2.9,150,Ratnapark,27.7063,85.3152
2025-12-15T05:00,7.3,91,6.0,870.9,5.0,131,Ratnapark,27.7063,85.3152
2025-12-15T06:00,6.9,94,6.0,871.4,5.9,149,Ratnapark,27.7063,85.3152
2025-12-15T07:00,8.1,92,6.9,872.7,6.4,151,Ratnapark,27.7063,85.3152
2025-12-15T08:00,12.4,77,8.5,875.5,6.1,133,Ratnapark,27.7063,85.3152
2025-12-15T09:00,15.5,59,7.5,877.2,4.5,92,Ratnapark,27.7063,85.3152
2025-12-15T10:00,17.5,48,6.2,877.1,4.2,59,Ratnapark,27.7063,85.3152
2025-12-15T11:00,18.4,44,5.9,876.5,4.3,5,Ratnapark,27.7063,85.3152
2025-12-15T12:00,19.2,43,6.2,875.6,5.0,345,Ratnapark,27.7063,85.3152
2025-12-15T13:00,19.1,45,6.8,874.7,5.8,324,Ratnapark,27.7063,85.3152
2025-12-15T14:00,18.5,48,7.3,874.4,8.0,318,Ratnapark,27.7063,85.3152
2025-12-15T15:00,17.1,54,7.7,873.7,7.8,310,Ratnapark,27.7063,85.3152
2025-12-15T16:00,14.7,69,9.0,873.0,4.0,330,Ratnapark,27.7063,85.3152
2025-12-15T17:00,12.6,75,8.2,872.4,2.5,300,Ratnapark,27.7063,85.3152
2025-12-15T18:00,12.3,73,7.6,873.0,0.9,191,Ratnapark,27.7063,85.3152
2025-12-15T19:00,11.9,75,7.7,873.1,1.7,198,Ratnapark,27.7063,85.3152
2025-12-15T20:00,11.7,74,7.3,873.3,0.7,194,Ratnapark,27.7063,85.3152
2025-12-15T21:00,11.5,73,6.7,873.1,0.2,180,Ratnapark,27.7063,85.3152
2025-12-15T22:00,11.3,71,6.3,872.8,0.5,180,Ratnapark,27.7063,85.3152
2025-12-15T23:00,9.9,79,6.4,871.9,1.5,150,Ratnapark,27.7063,85.3152
2025-12-16T00:00,9.5,80,6.1,871.5,2.9,133,Ratnapark,27.7063,85.3152
2025-12-16T01:00,9.4,78,5.8,871.4,3.7,129,Ratnapark,27.7063,85.3152
2025-12-16T02:00,9.0,78,5.3,870.6,3.8,139,Ratnapark,27.7063,85.3152
2025-12-16T03:00,8.5,80,5.3,870.1,4.6,144,Ratnapark,27.7063,85.3152
2025-12-16T04:00,7.8,84,5.2,869.4,5.8,146,Ratnapark,27.7063,85.3152
2025-12-16T05:00,6.2,94,5.2,869.4,8.2,130,Ratnapark,27.7063,85.3152
2025-12-16T06:00,6.4,93,5.3,870.2,7.0,140,Ratnapark,27.7063,85.3152
2025-12-16T07:00,7.7,89,6.1,871.2,7.5,140,Ratnapark,27.7063,85.3152
2025-12-16T08:00,11.6,75,7.3,873.7,7.3,113,Ratnapark,27.7063,85.3152
2025-12-16T09:00,14.4,59,6.5,875.1,7.0,94,Ratnapark,27.7063,85.3152
2025-12-16T10:00,16.1,53,6.5,875.0,6.7,87,Ratnapark,27.7063,85.3152
2025-12-16T11:00,17.1,54,7.6,874.5,3.4,87,Ratnapark,27.7063,85.3152
2025-12-16T12:00,18.3,50,7.8,874.0,3.7,51,Ratnapark,27.7063,85.3152
2025-12-16T13:00,18.8,48,7.7,873.1,4.5,47,Ratnapark,27.7063,85.3152
2025-12-16T14:00,18.8,48,7.7,872.5,3.6,33,Ratnapark,27.7063,85.3152
2025-12-16T15:00,17.8,53,8.1,872.4,3.5,348,Ratnapark,27.7063,85.3152
2025-12-16T16:00,15.4,70,9.9,872.0,3.4,317,Ratnapark,27.7063,85.3152
2025-12-16T17:00,13.3,76,9.1,871.6,2.9,300,Ratnapark,27.7063,85.3152
2025-12-16T18:00,12.7,75,8.4,872.3,1.1,252,Ratnapark,27.7063,85.3152
2025-12-16T19:00,12.2,75,7.8,872.7,0.6,198,Ratnapark,27.7063,85.3152
2025-12-16T20:00,12.1,72,7.3,873.1,0.8,153,Ratnapark,27.7063,85.3152
2025-12-16T21:00,11.9,72,7.0,873.1,1.2,141,Ratnapark,27.7063,85.3152
2025-12-16T22:00,11.3,73,6.7,872.6,3.5,129,Ratnapark,27.7063,85.3152
2025-12-16T23:00,9.1,86,6.8,871.6,4.2,130,Ratnapark,27.7063,85.3152
2025-12-17T00:00,8.7,85,6.3,871.6,3.2,137,Ratnapark,27.7063,85.3152
2025-12-17T01:00,8.8,78,5.3,871.5,4.1,128,Ratnapark,27.7063,85.3152
2025-12-17T02:00,8.7,74,4.4,871.1,3.9,137,Ratnapark,27.7063,85.3152
2025-12-17T03:00,8.2,76,4.2,870.5,3.8,139,Ratnapark,27.7063,85.3152
2025-12-17T04:00,7.9,78,4.2,870.4,5.4,140,Ratnapark,27.7063,85.3152
2025-12-17T05:00,5.9,90,4.3,870.0,8.8,133,Ratnapark,27.7063,85.3152
2025-12-17T06:00,6.1,88,4.2,870.9,6.8,143,Ratnapark,27.7063,85.3152
2025-12-17T07:00,7.3,84,4.7,872.2,6.6,137,Ratnapark,27.7063,85.3152
2025-12-17T08:00,11.2,69,5.8,874.8,5.9,117,Ratnapark,27.7063,85.3152
2025-12-17T09:00,14.4,55,5.5,876.9,4.8,103,Ratnapark,27.7063,85.3152
2025-12-17T10:00,16.2,51,6.0,876.9,4.4,102,Ratnapark,27.7063,85.3152
2025-12-17T11:00,17.2,49,6.3,876.1,5.4,86,Ratnapark,27.7063,85.3152
2025-12-17T12:00,18.2,47,6.9,875.6,2.9,43,Ratnapark,27.7063,85.3152
2025-12-17T13:00,18.7,47,7.3,875.1,5.2,6,Ratnapark,27.7063,85.3152
2025-12-17T14:00,18.5,48,7.2,874.6,5.9,11,Ratnapark,27.7063,85.3152
2025-12-17T15:00,17.8,50,7.3,874.6,4.4,12,Ratnapark,27.7063,85.3152
2025-12-17T16:00,15.4,67,9.2,874.4,3.3,351,Ratnapark,27.7063,85.3152
2025-12-17T17:00,13.5,67,7.6,874.0,1.1,288,Ratnapark,27.7063,85.3152
2025-12-17T18:00,12.9,68,7.2,874.4,0.4,180,Ratnapark,27.7063,85.3152
2025-12-17T19:00,12.0,70,6.7,874.2,1.9,163,Ratnapark,27.7063,85.3152
2025-12-17T20:00,11.8,68,6.2,874.1,2.2,166,Ratnapark,27.7063,85.3152
2025-12-17T21:00,11.4,69,6.0,873.8,3.0,166,Ratnapark,27.7063,85.3152
2025-12-17T22:00,10.3,73,5.6,873.4,0.9,180,Ratnapark,27.7063,85.3152
2025-12-17T23:00,8.0,86,5.8,872.6,0.4,180,Ratnapark,27.7063,85.3152
2025-12-18T00:00,8.6,79,5.3,872.6,1.5,166,Ratnapark,27.7063,85.3152
2025-12-18T01:00,8.8,77,5.0,872.1,3.8,155,Ratnapark,27.7063,85.3152
2025-12-18T02:00,8.1,81,4.9,871.4,4.9,156,Ratnapark,27.7063,85.3152
2025-12-18T03:00,7.1,85,4.8,870.9,5.0,159,Ratnapark,27.7063,85.3152
2025-12-18T04:00,6.5,88,4.6,870.5,4.8,160,Ratnapark,27.7063,85.3152
2025-12-18T05:00,5.2,93,4.2,870.4,6.3,145,Ratnapark,27.7063,85.3152
2025-12-18T06:00,5.6,90,4.0,871.6,4.0,159,Ratnapark,27.7063,85.3152
2025-12-18T07:00,7.1,87,5.0,873.0,5.4,159,Ratnapark,27.7063,85.3152
2025-12-18T08:00,12.3,73,7.5,876.1,6.3,143,Ratnapark,27.7063,85.3152
2025-12-18T09:00,16.2,56,7.4,878.2,3.3,103,Ratnapark,27.7063,85.3152
2025-12-18T10:00,18.0,50,7.4,878.2,1.9,41,Ratnapark,27.7063,85.3152
2025-12-18T11:00,18.5,49,7.5,877.5,5.1,356,Ratnapark,27.7063,85.3152
2025-12-18T12:00,19.5,46,7.4,876.5,4.9,352,Ratnapark,27.7063,85.3152
2025-12-18T13:00,19.5,45,7.3,875.8,6.4,338,Ratnapark,27.7063,85.3152
2025-12-18T14:00,18.9,47,7.4,875.1,6.5,332,Ratnapark,27.7063,85.3152
2025-12-18T15:00,17.9,53,8.1,874.4,4.8,326,Ratnapark,27.7063,85.3152
2025-12-18T16:00,15.2,71,10.0,873.2,3.4,317,Ratnapark,27.7063,85.3152
2025-12-18T17:00,13.1,70,7.8,872.6,1.4,247,Ratnapark,27.7063,85.3152
2025-12-18T18:00,12.4,72,7.4,872.9,1.2,207,Ratnapark,27.7063,85.3152
2025-12-18T19:00,11.8,72,6.9,873.0,0.4,207,Ratnapark,27.7063,85.3152
2025-12-18T20:00,11.4,73,6.7,872.9,1.0,202,Ratnapark,27.7063,85.3152
2025-12-18T21:00,10.9,75,6.5,872.6,1.4,203,Ratnapark,27.7063,85.3152
2025-12-18T22:00,10.5,75,6.3,872.1,1.5,194,Ratnapark,27.7063,85.3152
2025-12-18T23:00,9.2,84,6.5,871.1,1.6,186,Ratnapark,27.7063,85.3152
2025-12-19T00:00,9.4,81,6.2,871.2,0.2,180,Ratnapark,27.7063,85.3152
2025-12-19T01:00,9.1,79,5.7,870.7,1.3,164,Ratnapark,27.7063,85.3152
2025-12-19T02:00,9.0,79,5.6,870.2,2.7,157,Ratnapark,27.7063,85.3152
2025-12-19T03:00,8.9,80,5.6,869.9,3.4,155,Ratnapark,27.7063,85.3152
2025-12-19T04:00,8.3,83,5.5,869.3,4.3,152,Ratnapark,27.7063,85.3152
2025-12-19T05:00,6.5,92,5.3,869.0,6.6,143,Ratnapark,27.7063,85.3152
2025-12-19T06:00,6.3,92,5.1,869.5,3.5,156,Ratnapark,27.7063,85.3152
2025-12-19T07:00,7.6,89,6.0,870.9,4.2,160,Ratnapark,27.7063,85.3152
2025-12-19T08:00,12.3,78,8.5,873.7,5.1,129,Ratnapark,27.7063,85.3152
2025-12-19T09:00,15.4,57,6.9,875.6,3.9,62,Ratnapark,27.7063,85.3152
2025-12-19T10:00,17.2,47,5.6,875.1,4.4,35,Ratnapark,27.7063,85.3152
2025-12-19T11:00,17.6,47,6.1,874.6,6.1,355,Ratnapark,27.7063,85.3152
2025-12-19T12:00,18.2,46,6.5,873.7,6.8,335,Ratnapark,27.7063,85.3152
2025-12-19T13:00,18.2,49,7.4,872.6,7.0,331,Ratnapark,27.7063,85.3152
2025-12-19T14:00,17.7,52,7.7,871.8,7.5,327,Ratnapark,27.7063,85.3152
2025-12-19T15:00,16.5,56,7.8,871.3,6.6,317,Ratnapark,27.7063,85.3152
2025-12-19T16:00,14.4,71,9.2,870.7,3.6,333,Ratnapark,27.7063,85.3152
2025-12-19T17:00,11.7,74,7.3,870.0,3.4,342,Ratnapark,27.7063,85.3152
2025-12-19T18:00,11.4,72,6.6,870.1,0.9,191,Ratnapark,27.7063,85.3152
2025-12-19T19:00,10.9,76,6.9,870.1,2.5,188,Ratnapark,27.7063,85.3152
2025-12-19T20:00,10.3,80,7.0,870.0,0.9,180,Ratnapark,27.7063,85.3152
2025-12-19T21:00,10.2,79,6.8,870.4,0.2,180,Ratnapark,27.7063,85.3152
2025-12-19T22:00,10.2,78,6.5,870.6,0.9,169,Ratnapark,27.7063,85.3152
2025-12-19T23:00,8.7,87,6.7,869.9,0.7,166,Ratnapark,27.7063,85.3152
2025-12-20T00:00,8.7,86,6.5,869.3,2.6,141,Ratnapark,27.7063,85.3152
2025-12-20T01:00,8.3,87,6.3,868.8,3.3,135,Ratnapark,27.7063,85.3152
2025-12-20T02:00,7.9,88,6.0,868.3,4.1,135,Ratnapark,27.7063,85.3152
2025-12-20T03:00,7.4,88,5.6,868.1,5.1,135,Ratnapark,27.7063,85.3152
2025-12-20T04:00,7.1,89,5.4,867.6,6.1,148,Ratnapark,27.7063,85.3152
2025-12-20T05:00,6.2,96,5.6,867.7,7.1,142,Ratnapark,27.7063,85.3152
2025-12-20T06:00,6.3,96,5.7,868.9,3.5,152,Ratnapark,27.7063,85.3152
2025-12-20T07:00,7.6,93,6.6,870.6,4.3,132,Ratnapark,27.7063,85.3152
2025-12-20T08:00,11.7,77,7.8,873.0,5.1,126,Ratnapark,27.7063,85.3152
2025-12-20T09:00,14.0,66,7.9,874.3,4.5,104,Ratnapark,27.7063,85.3152
2025-12-20T10:00,15.7,60,8.1,874.3,3.7,67,Ratnapark,27.7063,85.3152
2025-12-20T11:00,16.3,59,8.2,873.7,3.6,41,Ratnapark,27.7063,85.3152
2025-12-20T12:00,17.8,53,8.0,872.9,3.9,28,Ratnapark,27.7063,85.3152
2025-12-20T13:00,17.7,53,8.1,872.2,4.7,2,Ratnapark,27.7063,85.3152
2025-12-20T14:00,17.3,56,8.5,871.7,5.5,333,Ratnapark,27.7063,85.3152
2025-12-20T15:00,16.1,63,9.2,871.5,5.9,320,Ratnapark,27.7063,85.3152
2025-12-20T16:00,14.1,77,10.1,871.1,3.4,328,Ratnapark,27.7063,85.3152
2025-12-20T17:00,11.5,87,9.4,870.8,3.4,313,Ratnapark,27.7063,85.3152
2025-12-20T18:00,11.4,83,8.7,871.5,0.6,198,Ratnapark,27.7063,85.3152
2025-12-20T19:00,10.9,83,8.1,871.6,0.5,90,Ratnapark,27.7063,85.3152
2025-12-20T20:00,10.2,86,7.9,871.4,2.3,119,Ratnapark,27.7063,85.3152
2025-12-20T21:00,9.9,88,7.9,871.4,3.3,144,Ratnapark,27.7063,85.3152
2025-12-20T22:00,9.4,89,7.7,870.8,3.1,156,Ratnapark,27.7063,85.3152
2025-12-20T23:00,8.7,93,7.6,870.6,3.7,145,Ratnapark,27.7063,85.3152
2025-12-21T00:00,8.7,92,7.5,870.3,3.4,148,Ratnapark,27.7063,85.3152
2025-12-21T01:00,8.7,92,7.4,870.0,3.1,156,Ratnapark,27.7063,85.3152
2025-12-21T02:00,8.3,92,7.1,870.1,2.6,146,Ratnapark,27.7063,85.3152
2025-12-21T03:00,8.4,90,6.9,870.1,3.4,148,Ratnapark,27.7063,85.3152
2025-12-21T04:00,8.2,91,6.8,869.5,4.7,152,Ratnapark,27.7063,85.3152
2025-12-21T05:00,6.9,97,6.5,869.0,7.4,146,Ratnapark,27.7063,85.3152
2025-12-21T06:00,6.9,96,6.3,870.0,4.2,162,Ratnapark,27.7063,85.3152
2025-12-21T07:00,7.8,95,7.1,871.4,4.4,161,Ratnapark,27.7063,85.3152
2025-12-21T08:00,12.0,82,9.1,874.1,5.0,131,Ratnapark,27.7063,85.3152
2025-12-21T09:00,15.2,64,8.4,875.9,3.5,66,Ratnapark,27.7063,85.3152
2025-12-21T10:00,17.2,54,7.9,876.0,3.1,21,Ratnapark,27.7063,85.3152
2025-12-21T11:00,17.7,55,8.5,875.6,6.2,345,Ratnapark,27.7063,85.3152
2025-12-21T12:00,18.4,54,8.8,874.9,5.8,340,Ratnapark,27.7063,85.3152
2025-12-21T13:00,18.5,55,9.3,874.3,7.1,324,Ratnapark,27.7063,85.3152
2025-12-21T14:00,17.6,58,9.1,873.9,7.9,317,Ratnapark,27.7063,85.3152
2025-12-21T15:00,16.3,60,8.6,873.9,6.0,323,Ratnapark,27.7063,85.3152
2025-12-21T16:00,14.3,72,9.3,873.4,3.1,336,Ratnapark,27.7063,85.3152
2025-12-21T17:00,12.5,80,9.1,873.0,2.9,313,Ratnapark,27.7063,85.3152
2025-12-21T18:00,12.3,79,8.7,873.4,1.2,207,Ratnapark,27.7063,85.3152
2025-12-21T19:00,12.0,81,8.7,873.5,2.2,194,Ratnapark,27.7063,85.3152
2025-12-21T20:00,11.7,83,8.9,873.4,2.7,184,Ratnapark,27.7063,85.3152
2025-12-21T21:00,11.0,87,9.0,873.8,1.3,180,Ratnapark,27.7063,85.3152
2025-12-21T22:00,10.8,87,8.7,873.7,1.5,166,Ratnapark,27.7063,85.3152
2025-12-21T23:00,9.8,92,8.6,873.5,1.3,172,Ratnapark,27.7063,85.3152
2025-12-22T00:00,9.5,92,8.2,873.3,0.9,180,Ratnapark,27.7063,85.3152
2025-12-22T01:00,9.1,92,7.8,873.0,1.7,162,Ratnapark,27.7063,85.3152
2025-12-22T02:00,9.2,90,7.7,872.6,2.2,166,Ratnapark,27.7063,85.3152
2025-12-22T03:00,8.8,90,7.2,872.0,1.7,167,Ratnapark,27.7063,85.3152
2025-12-22T04:00,8.6,90,7.1,871.6,1.5,166,Ratnapark,27.7063,85.3152
2025-12-22T05:00,7.0,98,6.7,870.8,1.9,163,Ratnapark,27.7063,85.3152
2025-12-22T06:00,6.6,99,6.5,871.0,1.3,164,Ratnapark,27.7063,85.3152
2025-12-22T07:00,7.3,99,7.1,871.7,3.9,156,Ratnapark,27.7063,85.3152
2025-12-22T08:00,11.6,88,9.8,874.4,5.7,152,Ratnapark,27.7063,85.3152
2025-12-22T09:00,14.6,70,9.3,876.2,1.6,84,Ratnapark,27.7063,85.3152
2025-12-22T10:00,16.1,62,8.9,875.9,2.5,339,Ratnapark,27.7063,85.3152
2025-12-22T11:00,16.6,59,8.6,875.2,6.3,329,Ratnapark,27.7063,85.3152
2025-12-22T12:00,17.4,57,8.7,874.4,7.2,325,Ratnapark,27.7063,85.3152
2025-12-22T13:00,17.5,57,9.0,873.6,8.2,322,Ratnapark,27.7063,85.3152
2025-12-22T14:00,17.0,58,8.8,872.7,8.2,324,Ratnapark,27.7063,85.3152
2025-12-22T15:00,15.8,61,8.3,872.1,6.7,329,Ratnapark,27.7063,85.3152
2025-12-22T16:00,14.0,72,9.1,871.2,3.2,333,Ratnapark,27.7063,85.3152
2025-12-22T17:00,12.0,82,9.0,870.4,2.0,333,Ratnapark,27.7063,85.3152
2025-12-22T18:00,11.7,81,8.6,870.8,0.7,194,Ratnapark,27.7063,85.3152
2025-12-22T19:00,11.5,83,8.8,870.8,3.0,194,Ratnapark,27.7063,85.3152
2025-12-22T20:00,11.0,85,8.7,870.7,2.8,191,Ratnapark,27.7063,85.3152
2025-12-22T21:00,10.2,87,8.2,870.5,1.1,189,Ratnapark,27.7063,85.3152
2025-12-22T22:00,10.0,86,7.7,870.3,0.7,180,Ratnapark,27.7063,85.3152
2025-12-22T23:00,8.9,92,7.7,869.9,0.9,191,Ratnapark,27.7063,85.3152
2025-12-23T00:00,8.9,90,7.4,869.8,0.5,180,Ratnapark,27.7063,85.3152
2025-12-23T01:00,8.7,90,7.1,869.6,1.5,159,Ratnapark,27.7063,85.3152
2025-12-23T02:00,8.7,89,7.0,869.4,2.7,160,Ratnapark,27.7063,85.3152
2025-12-23T03:00,8.6,89,6.8,868.8,2.9,169,Ratnapark,27.7063,85.3152
2025-12-23T04:00,8.2,90,6.7,868.5,3.3,167,Ratnapark,27.7063,85.3152
2025-12-23T05:00,6.6,98,6.3,868.0,1.5,150,Ratnapark,27.7063,85.3152
2025-12-23T06:00,6.5,98,6.2,868.1,3.5,165,Ratnapark,27.7063,85.3152
2025-12-23T07:00,7.1,99,6.9,869.1,5.0,159,Ratnapark,27.7063,85.3152
2025-12-23T08:00,11.4,89,9.6,871.4,5.3,147,Ratnapark,27.7063,85.3152
2025-12-23T09:00,14.5,70,9.0,872.9,1.8,101,Ratnapark,27.7063,85.3152
2025-12-23T10:00,16.7,55,7.6,872.9,1.9,343,Ratnapark,27.7063,85.3152
2025-12-23T11:00,17.7,50,7.0,872.8,6.3,336,Ratnapark,27.7063,85.3152
2025-12-23T12:00,18.3,48,7.1,872.1,7.2,328,Ratnapark,27.7063,85.3152
2025-12-23T13:00,18.1,53,8.3,871.2,8.4,320,Ratnapark,27.7063,85.3152
2025-12-23T14:00,17.5,58,9.1,870.7,8.8,319,Ratnapark,27.7063,85.3152
2025-12-23T15:00,16.2,63,9.1,870.1,6.9,321,Ratnapark,27.7063,85.3152
2025-12-23T16:00,13.7,75,9.4,869.4,4.4,328,Ratnapark,27.7063,85.3152
2025-12-23T17:00,11.1,86,8.9,868.4,1.9,22,Ratnapark,27.7063,85.3152
2025-12-23T18:00,10.7,87,8.6,868.6,0.2,180,Ratnapark,27.7063,85.3152
2025-12-23T19:00,10.3,89,8.6,868.6,4.5,185,Ratnapark,27.7063,85.3152
2025-12-23T20:00,9.4,94,8.4,868.3,4.7,178,Ratnapark,27.7063,85.3152
2025-12-23T21:00,8.6,94,7.7,867.9,3.3,174,Ratnapark,27.7063,85.3152
2025-12-23T22:00,8.2,92,7.0,867.5,2.4,171,Ratnapark,27.7063,85.3152
2025-12-23T23:00,7.5,98,7.2,867.7,1.1,180,Ratnapark,27.7063,85.3152
2025-12-24T00:00,6.9,98,6.7,867.1,3.5,168,Ratnapark,27.7063,85.3152
2025-12-24T01:00,6.4,99,6.3,866.6,5.6,155,Ratnapark,27.7063,85.3152
2025-12-24T02:00,6.0,100,6.0,866.6,5.2,155,Ratnapark,27.7063,85.3152
2025-12-24T03:00,5.5,100,5.5,866.0,5.5,157,Ratnapark,27.7063,85.3152
2025-12-24T04:00,5.7,100,5.7,866.1,6.1,156,Ratnapark,27.7063,85.3152
2025-12-24T05:00,5.6,100,5.6,866.7,5.2,164,Ratnapark,27.7063,85.3152
2025-12-24T06:00,5.7,100,5.7,867.5,5.6,159,Ratnapark,27.7063,85.3152
2025-12-24T07:00,6.8,99,6.7,869.0,7.4,151,Ratnapark,27.7063,85.3152
2025-12-24T08:00,9.8,85,7.5,871.1,6.9,143,Ratnapark,27.7063,85.3152
2025-12-24T09:00,12.0,74,7.6,872.4,5.4,127,Ratnapark,27.7063,85.3152
2025-12-24T10:00,14.6,61,7.2,872.7,3.2,87,Ratnapark,27.7063,85.3152
2025-12-24T11:00,15.5,56,6.7,872.4,4.0,21,Ratnapark,27.7063,85.3152
2025-12-24T12:00,16.7,51,6.6,871.8,3.3,22,Ratnapark,27.7063,85.3152
2025-12-24T13:00,17.2,51,6.9,871.0,3.4,6,Ratnapark,27.7063,85.3152
2025-12-24T14:00,16.9,54,7.6,870.5,5.1,337,Ratnapark,27.7063,85.3152
2025-12-24T15:00,15.4,65,8.7,870.1,6.4,324,Ratnapark,27.7063,85.3152
2025-12-24T16:00,13.1,78,9.4,869.7,5.6,318,Ratnapark,27.7063,85.3152
2025-12-24T17:00,11.0,90,9.4,869.3,3.1,336,Ratnapark,27.7063,85.3152
2025-12-24T18:00,10.6,91,9.2,869.7,0.5,180,Ratnapark,27.7063,85.3152
2025-12-24T19:00,10.0,95,9.2,870.1,2.0,190,Ratnapark,27.7063,85.3152
2025-12-24T20:00,9.1,100,9.1,870.4,2.3,184,Ratnapark,27.7063,85.3152
2025-12-24T21:00,8.5,100,8.5,870.2,2.7,176,Ratnapark,27.7063,85.3152
2025-12-24T22:00,7.7,100,7.7,869.7,4.5,164,Ratnapark,27.7063,85.3152
2025-12-24T23:00,7.3,100,7.3,869.5,4.6,154,Ratnapark,27.7063,85.3152
2025-12-25T00:00,7.2,100,7.2,869.1,5.5,157,Ratnapark,27.7063,85.3152
2025-12-25T01:00,7.2,100,7.2,868.8,5.8,150,Ratnapark,27.7063,85.3152
2025-12-25T02:00,7.1,100,7.1,868.6,5.6,147,Ratnapark,27.7063,85.3152
2025-12-25T03:00,7.1,99,7.0,868.5,6.5,148,Ratnapark,27.7063,85.3152
2025-12-25T04:00,6.8,100,6.8,868.4,6.7,146,Ratnapark,27.7063,85.3152
2025-12-25T05:00,6.2,100,6.2,868.8,6.8,140,Ratnapark,27.7063,85.3152
2025-12-25T06:00,6.6,100,6.5,869.4,6.4,128,Ratnapark,27.7063,85.3152
2025-12-25T07:00,7.2,98,7.0,870.6,8.0,140,Ratnapark,27.7063,85.3152
2025-12-25T08:00,9.5,92,8.3,872.5,5.5,142,Ratnapark,27.7063,85.3152
2025-12-25T09:00,12.0,85,9.5,873.9,3.5,99,Ratnapark,27.7063,85.3152
2025-12-25T10:00,14.5,72,9.5,874.2,4.5,74,Ratnapark,27.7063,85.3152
2025-12-25T11:00,15.6,65,9.1,873.9,3.5,351,Ratnapark,27.7063,85.3152
2025-12-25T12:00,16.6,60,8.9,873.1,4.3,343,Ratnapark,27.7063,85.3152
2025-12-25T13:00,17.2,55,8.0,872.6,5.4,320,Ratnapark,27.7063,85.3152
2025-12-25T14:00,16.6,56,7.8,872.3,7.1,300,Ratnapark,27.7063,85.3152
2025-12-25T15:00,15.1,65,8.6,872.0,7.6,304,Ratnapark,27.7063,85.3152
2025-12-25T16:00,13.3,75,9.0,871.8,5.2,311,Ratnapark,27.7063,85.3152
2025-12-25T17:00,11.5,86,9.3,871.5,4.3,318,Ratnapark,27.7063,85.3152
2025-12-25T18:00,11.3,87,9.2,872.0,0.5,180,Ratnapark,27.7063,85.3152
2025-12-25T19:00,10.7,89,8.9,871.9,0.7,180,Ratnapark,27.7063,85.3152
2025-12-25T20:00,9.8,91,8.4,872.0,1.1,180,Ratnapark,27.7063,85.3152
2025-12-25T21:00,9.2,93,8.0,872.3,0.6,162,Ratnapark,27.7063,85.3152
2025-12-25T22:00,8.1,99,8.0,871.7,1.0,158,Ratnapark,27.7063,85.3152
2025-12-25T23:00,7.9,100,7.9,871.4,2.8,162,Ratnapark,27.7063,85.3152
2025-12-26T00:00,7.4,100,7.4,870.5,4.2,162,Ratnapark,27.7063,85.3152
2025-12-26T01:00,7.2,100,7.1,870.6,2.3,162,Ratnapark,27.7063,85.3152
2025-12-26T02:00,7.0,100,7.0,870.3,2.7,157,Ratnapark,27.7063,85.3152
2025-12-26T03:00,6.7,100,6.7,869.9,4.3,156,Ratnapark,27.7063,85.3152
2025-12-26T04:00,6.7,100,6.7,869.4,5.2,149,Ratnapark,27.7063,85.3152
2025-12-26T05:00,5.9,100,5.9,868.8,7.8,148,Ratnapark,27.7063,85.3152
2025-12-26T06:00,5.5,100,5.5,869.2,6.3,153,Ratnapark,27.7063,85.3152
2025-12-26T07:00,6.0,100,5.9,870.3,6.5,148,Ratnapark,27.7063,85.3152
2025-12-26T08:00,10.1,92,8.8,873.1,6.0,129,Ratnapark,27.7063,85.3152
2025-12-26T09:00,13.3,75,9.0,875.3,3.1,77,Ratnapark,27.7063,85.3152
2025-12-26T10:00,15.2,65,8.6,875.4,3.5,35,Ratnapark,27.7063,85.3152
2025-12-26T11:00,15.8,63,8.7,874.6,2.9,353,Ratnapark,27.7063,85.3152
2025-12-26T12:00,17.0,57,8.5,873.6,3.2,344,Ratnapark,27.7063,85.3152
2025-12-26T13:00,17.5,56,8.7,872.6,5.0,330,Ratnapark,27.7063,85.3152
2025-12-26T14:00,17.4,58,9.1,872.2,6.7,308,Ratnapark,27.7063,85.3152
2025-12-26T15:00,16.2,61,8.8,871.6,8.0,301,Ratnapark,27.7063,85.3152
2025-12-26T16:00,14.0,70,8.6,871.2,5.2,311,Ratnapark,27.7063,85.3152
2025-12-26T17:00,12.4,77,8.5,871.2,4.7,320,Ratnapark,27.7063,85.3152
2025-12-26T18:00,11.3,82,8.3,871.0,0.7,180,Ratnapark,27.7063,85.3152
2025-12-26T19:00,10.6,84,8.1,871.2,2.5,201,Ratnapark,27.7063,85.3152
2025-12-26T20:00,10.0,88,8.1,871.5,3.2,232,Ratnapark,27.7063,85.3152
2025-12-26T21:00,9.7,89,8.0,871.7,1.1,198,Ratnapark,27.7063,85.3152
2025-12-26T22:00,9.3,92,8.0,871.0,2.2,175,Ratnapark,27.7063,85.3152
2025-12-26T23:00,7.8,99,7.7,870.1,3.2,164,Ratnapark,27.7063,85.3152
2025-12-27T00:00,6.6,100,6.6,869.2,3.0,166,Ratnapark,27.7063,85.3152
2025-12-27T01:00,5.6,100,5.6,868.4,4.7,157,Ratnapark,27.7063,85.3152
2025-12-27T02:00,5.5,100,5.5,868.3,5.9,160,Ratnapark,27.7063,85.3152
2025-12-27T03:00,5.1,100,5.1,867.5,6.1,161,Ratnapark,27.7063,85.3152
2025-12-27T04:00,4.8,100,4.8,867.2,5.6,163,Ratnapark,27.7063,85.3152
2025-12-27T05:00,4.8,100,4.8,867.6,7.8,148,Ratnapark,27.7063,85.3152
2025-12-27T06:00,5.3,100,5.3,868.3,5.2,166,Ratnapark,27.7063,85.3152
2025-12-27T07:00,6.0,100,6.0,869.6,5.0,159,Ratnapark,27.7063,85.3152
2025-12-27T08:00,11.0,89,9.3,872.8,5.4,132,Ratnapark,27.7063,85.3152
2025-12-27T09:00,13.9,75,9.6,874.4,3.6,108,Ratnapark,27.7063,85.3152
2025-12-27T10:00,15.8,66,9.3,874.5,1.0,31,Ratnapark,27.7063,85.3152
2025-12-27T11:00,16.4,61,8.9,874.1,3.7,337,Ratnapark,27.7063,85.3152
2025-12-27T12:00,17.5,56,8.7,873.7,4.8,331,Ratnapark,27.7063,85.3152
2025-12-27T13:00,17.7,56,8.9,872.9,6.4,315,Ratnapark,27.7063,85.3152
2025-12-27T14:00,17.4,59,9.3,872.3,7.1,306,Ratnapark,27.7063,85.3152
2025-12-27T15:00,16.1,64,9.2,871.7,7.0,305,Ratnapark,27.7063,85.3152
2025-12-27T16:00,14.1,73,9.3,871.4,4.7,313,Ratnapark,27.7063,85.3152
2025-12-27T17:00,11.7,85,9.2,871.0,2.9,330,Ratnapark,27.7063,85.3152
2025-12-27T18:00,11.3,84,8.7,871.4,1.0,202,Ratnapark,27.7063,85.3152
2025-12-27T19:00,10.6,85,8.3,871.7,2.1,200,Ratnapark,27.7063,85.3152
2025-12-27T20:00,10.1,87,8.0,871.8,1.8,186,Ratnapark,27.7063,85.3152
2025-12-27T21:00,9.2,92,7.9,871.5,2.9,180,Ratnapark,27.7063,85.3152
2025-12-27T22:00,7.8,98,7.5,870.6,3.4,174,Ratnapark,27.7063,85.3152
2025-12-27T23:00,6.4,100,6.4,869.7,2.5,172,Ratnapark,27.7063,85.3152
2025-12-28T00:00,5.4,100,5.4,868.9,4.2,160,Ratnapark,27.7063,85.3152
2025-12-28T01:00,4.7,100,4.7,868.3,5.9,153,Ratnapark,27.7063,85.3152
2025-12-28T02:00,4.8,100,4.8,868.3,5.2,158,Ratnapark,27.7063,85.3152
2025-12-28T03:00,4.5,100,4.5,868.1,4.8,160,Ratnapark,27.7063,85.3152
2025-12-28T04:00,4.5,100,4.5,867.8,5.5,157,Ratnapark,27.7063,85.3152
2025-12-28T05:00,4.6,100,4.6,868.2,5.1,153,Ratnapark,27.7063,85.3152
2025-12-28T06:00,4.6,100,4.6,868.9,5.5,157,Ratnapark,27.7063,85.3152
2025-12-28T07:00,5.6,100,5.5,870.1,6.2,158,Ratnapark,27.7063,85.3152
2025-12-28T08:00,10.6,88,8.8,873.3,5.6,155,Ratnapark,27.7063,85.3152
2025-12-28T09:00,13.9,73,9.1,875.1,2.2,114,Ratnapark,27.7063,85.3152
2025-12-28T10:00,16.0,64,9.3,875.1,0.4,27,Ratnapark,27.7063,85.3152
2025-12-28T11:00,16.7,60,8.9,874.9,4.2,335,Ratnapark,27.7063,85.3152
2025-12-28T12:00,17.5,56,8.6,874.0,6.2,327,Ratnapark,27.7063,85.3152
2025-12-28T13:00,17.5,55,8.5,873.2,7.6,315,Ratnapark,27.7063,85.3152
2025-12-28T14:00,17.0,58,8.5,872.3,8.6,311,Ratnapark,27.7063,85.3152
2025-12-28T15:00,15.6,63,8.7,872.0,8.2,306,Ratnapark,27.7063,85.3152
2025-12-28T16:00,13.7,75,9.2,871.4,5.0,308,Ratnapark,27.7063,85.3152
2025-12-28T17:00,11.4,89,9.6,871.1,3.2,286,Ratnapark,27.7063,85.3152
2025-12-28T18:00,10.8,91,9.4,871.4,1.3,188,Ratnapark,27.7063,85.3152
2025-12-28T19:00,10.2,94,9.3,871.3,4.2,192,Ratnapark,27.7063,85.3152
2025-12-28T20:00,9.4,97,8.9,871.3,3.6,186,Ratnapark,27.7063,85.3152
2025-12-28T21:00,8.5,98,8.2,871.0,2.5,180,Ratnapark,27.7063,85.3152
2025-12-28T22:00,7.4,99,7.3,869.9,2.4,171,Ratnapark,27.7063,85.3152
2025-12-28T23:00,6.3,100,6.4,869.4,2.6,168,Ratnapark,27.7063,85.3152
2025-12-29T00:00,4.7,100,4.7,868.2,2.7,160,Ratnapark,27.7063,85.3152
2025-12-29T01:00,4.2,100,4.2,867.7,4.2,160,Ratnapark,27.7063,85.3152
2025-12-29T02:00,3.9,100,3.9,867.1,6.3,156,Ratnapark,27.7063,85.3152
2025-12-29T03:00,3.9,100,4.0,866.7,7.3,157,Ratnapark,27.7063,85.3152
2025-12-29T04:00,4.5,100,4.5,867.0,7.3,157,Ratnapark,27.7063,85.3152
2025-12-29T05:00,3.3,100,3.3,866.9,7.0,151,Ratnapark,27.7063,85.3152
2025-12-29T06:00,3.3,100,3.4,867.3,7.3,149,Ratnapark,27.7063,85.3152
2025-12-29T07:00,4.3,99,4.2,868.7,6.9,150,Ratnapark,27.7063,85.3152
2025-12-29T08:00,8.7,95,7.9,871.7,5.7,143,Ratnapark,27.7063,85.3152
2025-12-29T09:00,12.7,78,9.0,873.9,3.8,98,Ratnapark,27.7063,85.3152
2025-12-29T10:00,15.2,62,7.9,873.9,4.3,85,Ratnapark,27.7063,85.3152
2025-12-29T11:00,16.0,59,8.1,873.2,4.2,5,Ratnapark,27.7063,85.3152
2025-12-29T12:00,17.1,58,8.7,872.6,3.9,338,Ratnapark,27.7063,85.3152
2025-12-29T13:00,17.0,61,9.3,872.1,5.1,333,Ratnapark,27.7063,85.3152
2025-12-29T14:00,16.3,66,9.9,871.6,6.1,320,Ratnapark,27.7063,85.3152
2025-12-29T15:00,15.2,72,10.1,870.8,6.8,318,Ratnapark,27.7063,85.3152
2025-12-29T16:00,13.3,80,10.0,870.3,5.4,320,Ratnapark,27.7063,85.3152
2025-12-29T17:00,10.8,94,10.0,870.0,5.5,314,Ratnapark,27.7063,85.3152
2025-12-29T18:00,10.1,98,9.7,870.7,2.7,228,Ratnapark,27.7063,85.3152
2025-12-29T19:00,9.4,100,9.4,870.7,4.5,187,Ratnapark,27.7063,85.3152
2025-12-29T20:00,8.9,100,8.9,870.7,2.2,185,Ratnapark,27.7063,85.3152
2025-12-29T21:00,8.4,100,8.4,870.2,2.3,176,Ratnapark,27.7063,85.3152
2025-12-29T22:00,7.3,100,7.4,869.2,5.6,165,Ratnapark,27.7063,85.3152
2025-12-29T23:00,7.3,100,7.3,869.1,2.7,180,Ratnapark,27.7063,85.3152
2025-12-30T00:00,6.8,100,6.8,868.3,4.2,168,Ratnapark,27.7063,85.3152
2025-12-30T01:00,6.7,100,6.7,868.1,4.6,171,Ratnapark,27.7063,85.3152
2025-12-30T02:00,6.6,100,6.6,868.0,2.5,172,Ratnapark,27.7063,85.3152
2025-12-30T03:00,6.3,100,6.3,866.8,4.6,159,Ratnapark,27.7063,85.3152
2025-12-30T04:00,5.7,100,5.6,865.5,7.4,157,Ratnapark,27.7063,85.3152
2025-12-30T05:00,4.0,100,4.0,865.1,4.5,166,Ratnapark,27.7063,85.3152
2025-12-30T06:00,3.7,100,3.7,865.5,4.2,155,Ratnapark,27.7063,85.3152
2025-12-30T07:00,5.3,99,5.1,866.8,5.6,159,Ratnapark,27.7063,85.3152
2025-12-30T08:00,10.0,79,6.6,869.5,5.1,132,Ratnapark,27.7063,85.3152
2025-12-30T09:00,12.7,65,6.3,871.1,2.1,110,Ratnapark,27.7063,85.3152
2025-12-30T10:00,14.8,58,6.6,871.2,2.2,360,Ratnapark,27.7063,85.3152
2025-12-30T11:00,15.4,59,7.3,870.2,6.8,338,Ratnapark,27.7063,85.3152
2025-12-30T12:00,15.9,56,7.3,869.0,6.6,331,Ratnapark,27.7063,85.3152
2025-12-30T13:00,16.5,56,7.6,868.3,7.0,328,Ratnapark,27.7063,85.3152
2025-12-30T14:00,15.6,62,8.3,867.7,9.7,315,Ratnapark,27.7063,85.3152
2025-12-30T15:00,13.9,71,8.7,867.1,8.4,313,Ratnapark,27.7063,85.3152
2025-12-30T16:00,12.0,80,8.6,867.2,6.1,326,Ratnapark,27.7063,85.3152
2025-12-30T17:00,9.6,95,8.8,866.5,5.9,348,Ratnapark,27.7063,85.3152
2025-12-30T18:00,8.8,99,8.6,867.2,1.4,203,Ratnapark,27.7063,85.3152
2025-12-30T19:00,8.3,100,8.3,867.7,3.8,191,Ratnapark,27.7063,85.3152
2025-12-30T20:00,8.1,100,8.0,868.0,4.9,156,Ratnapark,27.7063,85.3152
2025-12-30T21:00,7.5,100,7.5,867.9,4.3,147,Ratnapark,27.7063,85.3152
2025-12-30T22:00,7.2,100,7.1,868.1,3.7,151,Ratnapark,27.7063,85.3152
2025-12-30T23:00,8.0,100,8.1,869.1,2.3,135,Ratnapark,27.7063,85.3152
2025-12-31T00:00,8.1,98,7.9,869.0,5.1,113,Ratnapark,27.7063,85.3152
2025-12-31T01:00,7.9,99,7.8,868.9,4.2,130,Ratnapark,27.7063,85.3152
2025-12-31T02:00,7.5,100,7.5,868.7,4.7,118,Ratnapark,27.7063,85.3152
2025-12-31T03:00,7.3,100,7.2,868.4,5.4,120,Ratnapark,27.7063,85.3152
2025-12-31T04:00,7.1,100,7.1,867.7,6.5,129,Ratnapark,27.7063,85.3152
2025-12-31T05:00,5.6,100,5.6,867.5,8.6,123,Ratnapark,27.7063,85.3152
2025-12-31T06:00,5.6,100,5.6,867.5,8.5,128,Ratnapark,27.7063,85.3152
2025-12-31T07:00,6.0,100,6.0,868.0,7.5,136,Ratnapark,27.7063,85.3152
2025-12-31T08:00,9.2,88,7.2,870.2,6.7,126,Ratnapark,27.7063,85.3152
2025-12-31T09:00,12.5,73,7.7,871.8,6.4,106,Ratnapark,27.7063,85.3152
2025-12-31T10:00,15.0,60,7.3,872.1,5.6,90,Ratnapark,27.7063,85.3152
2025-12-31T11:00,16.0,55,6.9,871.3,3.7,35,Ratnapark,27.7063,85.3152
2025-12-31T12:00,17.4,50,6.9,870.4,4.6,13,Ratnapark,27.7063,85.3152
2025-12-31T13:00,17.8,49,6.8,869.3,4.1,358,Ratnapark,27.7063,85.3152
2025-12-31T14:00,17.4,52,7.5,868.6,5.9,322,Ratnapark,27.7063,85.3152
2025-12-31T15:00,15.7,64,8.9,868.2,8.0,316,Ratnapark,27.7063,85.3152
2025-12-31T16:00,13.6,74,9.0,867.7,6.2,324,Ratnapark,27.7063,85.3152
2025-12-31T17:00,11.4,86,9.1,867.3,4.0,302,Ratnapark,27.7063,85.3152
2025-12-31T18:00,10.4,89,8.7,868.2,2.5,266,Ratnapark,27.7063,85.3152
2025-12-31T19:00,9.8,90,8.3,868.4,1.4,203,Ratnapark,27.7063,85.3152
2025-12-31T20:00,9.3,94,8.4,868.7,1.8,174,Ratnapark,27.7063,85.3152
2025-12-31T21:00,8.5,96,7.9,868.5,2.8,169,Ratnapark,27.7063,85.3152
2025-12-31T22:00,7.7,97,7.2,867.8,2.8,165,Ratnapark,27.7063,85.3152
2025-12-31T23:00,7.0,99,6.9,867.5,2.4,171,Ratnapark,27.7063,85.3152
