timestamp,temperature,humidity,dew_point,pressure,wind_speed,wind_direction,station,latitude,longitude
2021-01-01T00:00,5.2,69,-0.1,869.1,3.3,174,Ratnapark,27.7063,85.3152
2021-01-01T01:00,4.7,64,-1.5,868.3,3.0,166,Ratnapark,27.7063,85.3152
2021-01-01T02:00,3.9,62,-2.8,867.7,3.1,159,Ratnapark,27.7063,85.3152
2021-01-01T03:00,3.6,57,-4.1,867.5,2.3,162,Ratnapark,27.7063,85.3152
2021-01-01T04:00,3.6,52,-5.4,867.5,2.3,162,Ratnapark,27.7063,85.3152
2021-01-01T05:00,3.8,68,-1.5,868.3,3.5,156,Ratnapark,27.7063,85.3152
2021-01-01T06:00,4.0,64,-2.1,868.8,3.9,158,Ratnapark,27.7063,85.3152
2021-01-01T07:00,5.8,57,-2.0,870.3,5.0,159,Ratnapark,27.7063,85.3152
2021-01-01T08:00,11.1,50,1.0,873.8,5.8,150,Ratnapark,27.7063,85.3152
2021-01-01T09:00,15.4,31,-1.5,876.3,1.5,104,Ratnapark,27.7063,85.3152
2021-01-01T10:00,17.2,24,-3.6,876.4,2.6,344,Ratnapark,27.7063,85.3152
2021-01-01T11:00,18.6,20,-4.5,876.2,4.9,324,Ratnapark,27.7063,85.3152
2021-01-01T12:00,19.4,20,-4.5,875.4,7.2,307,Ratnapark,27.7063,85.3152
2021-01-01T13:00,19.2,23,-2.7,874.5,9.2,312,Ratnapark,27.7063,85.3152
2021-01-01T14:00,18.2,30,0.5,873.7,10.4,316,Ratnapark,27.7063,85.3152
2021-01-01T15:00,16.9,39,2.7,873.3,9.4,320,Ratnapark,27.7063,85.3152
2021-01-01T16:00,14.0,55,5.2,872.4,4.7,328,Ratnapark,27.7063,85.3152
2021-01-01T17:00,12.5,60,5.0,872.3,6.9,351,Ratnapark,27.7063,85.3152
2021-01-01T18:00,11.9,62,4.8,872.3,1.8,127,Ratnapark,27.7063,85.3152
2021-01-01T19:00,9.4,73,4.9,871.5,3.3,167,Ratnapark,27.7063,85.3152
2021-01-01T20:00,7.8,80,4.6,871.0,2.5,172,Ratnapark,27.7063,85.3152
2021-01-01T21:00,7.5,80,4.4,871.0,1.5,166,Ratnapark,27.7063,85.3152
2021-01-01T22:00,6.6,84,4.0,870.5,2.6,164,Ratnapark,27.7063,85.3152
2021-01-01T23:00,5.4,88,3.6,869.5,3.3,167,Ratnapark,27.7063,85.3152
2021-01-02T00:00,5.1,87,3.2,869.2,2.6,164,Ratnapark,27.7063,85.3152
2021-01-02T01:00,4.7,86,2.5,868.7,3.1,159,Ratnapark,27.7063,85.3152
2021-01-02T02:00,4.6,82,1.8,868.3,3.9,158,Ratnapark,27.7063,85.3152
2021-01-02T03:00,4.2,81,1.2,868.0,4.2,160,Ratnapark,27.7063,85.3152
2021-01-02T04:00,4.0,80,0.8,867.8,4.2,160,Ratnapark,27.7063,85.3152
2021-01-02T05:00,4.4,86,2.3,868.7,4.0,153,Ratnapark,27.7063,85.3152
2021-01-02T06:00,4.3,85,2.0,868.9,4.0,153,Ratnapark,27.7063,85.3152
2021-01-02T07:00,5.7,80,2.5,870.2,5.2,164,Ratnapark,27.7063,85.3152
2021-01-02T08:00,11.0,64,4.5,873.6,4.5,151,Ratnapark,27.7063,85.3152
2021-01-02T09:00,15.3,40,1.8,876.0,1.6,63,Ratnapark,27.7063,85.3152
2021-01-02T10:00,17.4,28,-1.5,876.0,3.1,324,Ratnapark,27.7063,85.3152
2021-01-02T11:00,18.9,21,-4.0,875.7,5.9,322,Ratnapark,27.7063,85.3152
2021-01-02T12:00,19.5,21,-3.3,874.8,8.1,328,Ratnapark,27.7063,85.3152
2021-01-02T13:00,19.6,24,-1.6,874.1,8.4,329,Ratnapark,27.7063,85.3152
2021-01-02T14:00,19.2,27,-0.2,873.2,9.1,326,Ratnapark,27.7063,85.3152
2021-01-02T15:00,17.9,33,1.4,872.7,9.1,326,Ratnapark,27.7063,85.3152
2021-01-02T16:00,14.8,47,3.6,871.9,5.0,330,Ratnapark,27.7063,85.3152
2021-01-02T17:00,14.1,44,2.2,871.8,3.2,333,Ratnapark,27.7063,85.3152
2021-01-02T18:00,13.2,46,2.0,871.8,2.5,188,Ratnapark,27.7063,85.3152
2021-01-02T19:00,12.4,49,2.0,872.2,3.9,202,Ratnapark,27.7063,85.3152
2021-01-02T20:00,10.7,56,2.2,871.9,3.8,197,Ratnapark,27.7063,85.3152
2021-01-02T21:00,8.4,66,2.4,871.0,3.6,180,Ratnapark,27.7063,85.3152
2021-01-02T22:00,6.8,74,2.5,870.2,4.4,171,Ratnapark,27.7063,85.3152
2021-01-02T23:00,6.3,76,2.5,869.7,3.6,174,Ratnapark,27.7063,85.3152
2021-01-03T00:00,5.9,76,2.0,868.9,2.5,172,Ratnapark,27.7063,85.3152
2021-01-03T01:00,6.0,68,0.4,868.4,2.2,171,Ratnapark,27.7063,85.3152
2021-01-03T02:00,6.0,60,-1.1,867.8,2.9,173,Ratnapark,27.7063,85.3152
2021-01-03T03:00,6.2,54,-2.4,867.6,2.9,173,Ratnapark,27.7063,85.3152
2021-01-03T04:00,6.1,51,-3.3,867.2,2.5,172,Ratnapark,27.7063,85.3152
2021-01-03T05:00,5.9,59,-1.4,867.4,3.0,166,Ratnapark,27.7063,85.3152
2021-01-03T06:00,6.1,57,-1.7,868.0,2.2,171,Ratnapark,27.7063,85.3152
2021-01-03T07:00,7.5,54,-1.2,869.4,3.1,159,Ratnapark,27.7063,85.3152
2021-01-03T08:00,12.7,48,2.1,872.5,4.3,156,Ratnapark,27.7063,85.3152
2021-01-03T09:00,17.6,30,-0.1,874.7,0.0,270,Ratnapark,27.7063,85.3152
2021-01-03T10:00,19.3,25,-1.3,874.7,4.8,318,Ratnapark,27.7063,85.3152
2021-01-03T11:00,20.7,22,-1.5,874.5,7.6,315,Ratnapark,27.7063,85.3152
2021-01-03T12:00,21.5,22,-0.9,874.0,9.2,312,Ratnapark,27.7063,85.3152
2021-01-03T13:00,21.5,24,0.3,873.1,9.9,314,Ratnapark,27.7063,85.3152
2021-01-03T14:00,20.6,29,2.0,872.6,10.7,318,Ratnapark,27.7063,85.3152
2021-01-03T15:00,19.1,35,3.4,872.2,10.0,322,Ratnapark,27.7063,85.3152
2021-01-03T16:00,16.1,48,5.1,871.5,5.2,335,Ratnapark,27.7063,85.3152
2021-01-03T17:00,15.4,47,4.2,871.3,6.1,298,Ratnapark,27.7063,85.3152
2021-01-03T18:00,14.6,51,4.5,872.1,4.3,275,Ratnapark,27.7063,85.3152
2021-01-03T19:00,12.6,63,5.7,871.8,3.9,202,Ratnapark,27.7063,85.3152
2021-01-03T20:00,11.8,64,5.2,871.8,3.8,197,Ratnapark,27.7063,85.3152
2021-01-03T21:00,11.5,68,5.7,872.3,4.0,207,Ratnapark,27.7063,85.3152
2021-01-03T22:00,11.3,66,5.1,872.2,2.5,188,Ratnapark,27.7063,85.3152
2021-01-03T23:00,11.4,62,4.3,871.4,2.5,180,Ratnapark,27.7063,85.3152
2021-01-04T00:00,11.0,60,3.6,870.8,1.4,180,Ratnapark,27.7063,85.3152
2021-01-04T01:00,11.3,55,2.5,870.9,2.2,189,Ratnapark,27.7063,85.3152
2021-01-04T02:00,11.4,54,2.3,870.8,2.5,188,Ratnapark,27.7063,85.3152
2021-01-04T03:00,11.2,53,2.0,870.4,3.7,191,Ratnapark,27.7063,85.3152
2021-01-04T04:00,11.9,49,1.4,870.4,2.5,180,Ratnapark,27.7063,85.3152
2021-01-04T05:00,14.2,49,3.6,873.5,8.4,301,Ratnapark,27.7063,85.3152
2021-01-04T06:00,13.8,52,4.0,874.1,1.9,202,Ratnapark,27.7063,85.3152
2021-01-04T07:00,12.6,64,5.9,874.1,3.2,153,Ratnapark,27.7063,85.3152
2021-01-04T08:00,13.9,64,7.2,875.1,5.2,164,Ratnapark,27.7063,85.3152
2021-01-04T09:00,16.3,59,8.3,876.3,4.3,138,Ratnapark,27.7063,85.3152
2021-01-04T10:00,18.5,51,8.1,876.6,2.9,97,Ratnapark,27.7063,85.3152
2021-01-04T11:00,20.9,42,7.6,876.7,5.8,356,Ratnapark,27.7063,85.3152
2021-01-04T12:00,21.4,40,7.1,875.8,8.7,322,Ratnapark,27.7063,85.3152
2021-01-04T13:00,20.3,43,7.3,875.0,8.2,319,Ratnapark,27.7063,85.3152
2021-01-04T14:00,19.7,44,7.1,874.6,5.9,308,Ratnapark,27.7063,85.3152
2021-01-04T15:00,19.0,46,7.2,874.4,4.6,309,Ratnapark,27.7063,85.3152
2021-01-04T16:00,17.0,68,11.1,873.8,3.3,276,Ratnapark,27.7063,85.3152
2021-01-04T17:00,15.3,65,8.8,872.8,4.0,207,Ratnapark,27.7063,85.3152
2021-01-04T18:00,14.2,66,7.9,872.9,2.2,189,Ratnapark,27.7063,85.3152
2021-01-04T19:00,14.0,66,7.8,873.1,4.6,219,Ratnapark,27.7063,85.3152
2021-01-04T20:00,13.8,68,7.9,873.3,5.6,220,Ratnapark,27.7063,85.3152
2021-01-04T21:00,14.1,64,7.5,873.5,6.6,229,Ratnapark,27.7063,85.3152
2021-01-04T22:00,14.1,62,6.9,873.8,6.8,252,Ratnapark,27.7063,85.3152
2021-01-04T23:00,14.3,60,6.8,874.0,6.4,254,Ratnapark,27.7063,85.3152
2021-01-05T00:00,13.6,65,7.1,873.3,5.0,210,Ratnapark,27.7063,85.3152
2021-01-05T01:00,13.5,60,5.9,873.3,3.9,214,Ratnapark,27.7063,85.3152
2021-01-05T02:00,13.6,58,5.5,873.1,3.8,197,Ratnapark,27.7063,85.3152
2021-01-05T03:00,13.1,58,4.9,872.9,2.9,187,Ratnapark,27.7063,85.3152
2021-01-05T04:00,13.0,57,4.7,873.2,3.2,207,Ratnapark,27.7063,85.3152
2021-01-05T05:00,12.7,63,5.9,872.7,2.6,164,Ratnapark,27.7063,85.3152
2021-01-05T06:00,12.5,62,5.4,873.0,1.8,169,Ratnapark,27.7063,85.3152
2021-01-05T07:00,13.8,66,7.5,874.8,3.2,207,Ratnapark,27.7063,85.3152
2021-01-05T08:00,15.9,66,9.7,876.7,4.8,257,Ratnapark,27.7063,85.3152
2021-01-05T09:00,17.0,47,5.5,877.6,4.0,297,Ratnapark,27.7063,85.3152
2021-01-05T10:00,18.5,41,4.9,877.8,9.0,307,Ratnapark,27.7063,85.3152
2021-01-05T11:00,18.9,39,4.7,877.3,12.0,311,Ratnapark,27.7063,85.3152
2021-01-05T12:00,19.0,39,4.6,876.6,12.8,310,Ratnapark,27.7063,85.3152
2021-01-05T13:00,17.8,43,4.9,875.5,10.2,302,Ratnapark,27.7063,85.3152
2021-01-05T14:00,18.1,42,5.1,875.0,7.6,301,Ratnapark,27.7063,85.3152
2021-01-05T15:00,17.4,46,5.5,874.7,4.1,285,Ratnapark,27.7063,85.3152
2021-01-05T16:00,15.7,70,10.3,873.9,2.4,207,Ratnapark,27.7063,85.3152
2021-01-05T17:00,14.7,61,7.3,872.7,2.9,180,Ratnapark,27.7063,85.3152
2021-01-05T18:00,13.9,60,6.4,872.7,1.8,180,Ratnapark,27.7063,85.3152
2021-01-05T19:00,13.3,63,6.4,872.7,0.7,180,Ratnapark,27.7063,85.3152
2021-01-05T20:00,13.3,66,7.0,873.2,1.5,194,Ratnapark,27.7063,85.3152
2021-01-05T21:00,12.5,69,6.9,873.4,2.7,203,Ratnapark,27.7063,85.3152
2021-01-05T22:00,12.8,67,6.8,873.4,3.9,214,Ratnapark,27.7063,85.3152
2021-01-05T23:00,15.2,53,5.7,874.5,5.5,238,Ratnapark,27.7063,85.3152
2021-01-06T00:00,15.6,51,5.6,874.3,4.8,257,Ratnapark,27.7063,85.3152
2021-01-06T01:00,15.4,52,5.6,873.7,4.4,261,Ratnapark,27.7063,85.3152
2021-01-06T02:00,15.3,52,5.5,873.0,4.1,225,Ratnapark,27.7063,85.3152
2021-01-06T03:00,14.6,54,5.4,872.2,4.7,203,Ratnapark,27.7063,85.3152
2021-01-06T04:00,14.6,53,5.2,872.2,4.1,195,Ratnapark,27.7063,85.3152
2021-01-06T05:00,14.5,55,5.5,872.8,6.1,320,Ratnapark,27.7063,85.3152
2021-01-06T06:00,14.6,54,5.5,873.2,4.1,218,Ratnapark,27.7063,85.3152
2021-01-06T07:00,14.6,54,5.3,873.5,1.1,162,Ratnapark,27.7063,85.3152
2021-01-06T08:00,16.0,54,6.7,874.5,0.8,117,Ratnapark,27.7063,85.3152
2021-01-06T09:00,18.0,44,5.7,875.5,3.8,343,Ratnapark,27.7063,85.3152
2021-01-06T10:00,19.7,39,5.5,875.3,7.7,323,Ratnapark,27.7063,85.3152
2021-01-06T11:00,20.9,37,5.6,874.7,10.5,311,Ratnapark,27.7063,85.3152
2021-01-06T12:00,21.5,36,5.7,873.6,12.6,307,Ratnapark,27.7063,85.3152
2021-01-06T13:00,21.6,36,5.9,872.5,13.3,308,Ratnapark,27.7063,85.3152
2021-01-06T14:00,21.1,38,6.4,872.0,13.8,309,Ratnapark,27.7063,85.3152
2021-01-06T15:00,20.1,42,6.9,871.5,12.5,309,Ratnapark,27.7063,85.3152
2021-01-06T16:00,18.0,49,7.3,870.9,8.1,315,Ratnapark,27.7063,85.3152
2021-01-06T17:00,14.3,66,7.9,869.6,10.9,304,Ratnapark,27.7063,85.3152
2021-01-06T18:00,14.3,66,7.9,869.9,8.5,282,Ratnapark,27.7063,85.3152
2021-01-06T19:00,16.0,59,8.1,871.4,6.1,242,Ratnapark,27.7063,85.3152
2021-01-06T20:00,15.7,62,8.6,871.7,5.7,235,Ratnapark,27.7063,85.3152
2021-01-06T21:00,14.9,66,8.7,871.6,5.1,225,Ratnapark,27.7063,85.3152
2021-01-06T22:00,15.0,65,8.6,871.8,4.8,222,Ratnapark,27.7063,85.3152
2021-01-06T23:00,11.9,75,7.6,870.2,5.0,210,Ratnapark,27.7063,85.3152
2021-01-07T00:00,9.8,82,6.8,868.8,4.5,194,Ratnapark,27.7063,85.3152
2021-01-07T01:00,9.1,83,6.4,868.0,2.9,180,Ratnapark,27.7063,85.3152
2021-01-07T02:00,8.9,83,6.1,867.2,2.2,180,Ratnapark,27.7063,85.3152
2021-01-07T03:00,8.4,83,5.6,866.5,1.8,169,Ratnapark,27.7063,85.3152
2021-01-07T04:00,8.7,80,5.4,866.6,2.2,171,Ratnapark,27.7063,85.3152
2021-01-07T05:00,10.8,72,5.9,867.9,2.6,164,Ratnapark,27.7063,85.3152
2021-01-07T06:00,9.4,76,5.4,867.7,4.2,160,Ratnapark,27.7063,85.3152
2021-01-07T07:00,10.9,77,7.0,869.3,3.4,162,Ratnapark,27.7063,85.3152
2021-01-07T08:00,15.5,63,8.4,872.2,3.5,156,Ratnapark,27.7063,85.3152
2021-01-07T09:00,18.2,45,6.2,873.7,2.3,39,Ratnapark,27.7063,85.3152
2021-01-07T10:00,19.8,39,5.3,873.8,5.6,320,Ratnapark,27.7063,85.3152
2021-01-07T11:00,20.8,32,3.5,873.2,9.5,307,Ratnapark,27.7063,85.3152
2021-01-07T12:00,21.2,30,2.8,872.4,11.9,305,Ratnapark,27.7063,85.3152
2021-01-07T13:00,21.2,28,2.1,871.7,12.3,308,Ratnapark,27.7063,85.3152
2021-01-07T14:00,20.9,27,1.4,871.1,11.2,310,Ratnapark,27.7063,85.3152
2021-01-07T15:00,20.0,32,2.6,870.6,9.7,309,Ratnapark,27.7063,85.3152
2021-01-07T16:00,17.1,48,6.0,869.6,5.2,304,Ratnapark,27.7063,85.3152
2021-01-07T17:00,15.0,49,4.5,869.1,10.0,291,Ratnapark,27.7063,85.3152
2021-01-07T18:00,13.5,58,5.4,869.2,8.8,282,Ratnapark,27.7063,85.3152
2021-01-07T19:00,14.6,56,5.8,870.4,7.2,264,Ratnapark,27.7063,85.3152
2021-01-07T20:00,14.3,59,6.3,870.7,4.2,211,Ratnapark,27.7063,85.3152
2021-01-07T21:00,10.3,77,6.4,869.0,4.0,190,Ratnapark,27.7063,85.3152
2021-01-07T22:00,9.5,79,6.0,868.7,3.3,186,Ratnapark,27.7063,85.3152
2021-01-07T23:00,9.5,77,5.6,868.4,2.5,180,Ratnapark,27.7063,85.3152
2021-01-08T00:00,10.3,72,5.5,868.5,1.4,180,Ratnapark,27.7063,85.3152
2021-01-08T01:00,12.0,64,5.3,869.0,0.7,180,Ratnapark,27.7063,85.3152
2021-01-08T02:00,12.6,58,4.6,868.8,0.4,180,Ratnapark,27.7063,85.3152
2021-01-08T03:00,12.5,56,4.0,868.6,2.2,189,Ratnapark,27.7063,85.3152
2021-01-08T04:00,12.3,55,3.5,868.6,2.5,188,Ratnapark,27.7063,85.3152
2021-01-08T05:00,12.0,59,4.1,868.7,2.5,188,Ratnapark,27.7063,85.3152
2021-01-08T06:00,8.3,71,3.4,867.6,1.5,166,Ratnapark,27.7063,85.3152
2021-01-08T07:00,9.5,73,5.0,869.1,1.8,169,Ratnapark,27.7063,85.3152
2021-01-08T08:00,14.0,60,6.4,872.1,0.8,153,Ratnapark,27.7063,85.3152
2021-01-08T09:00,17.0,46,5.2,873.8,3.9,326,Ratnapark,27.7063,85.3152
2021-01-08T10:00,18.7,35,2.8,874.1,7.1,319,Ratnapark,27.7063,85.3152
2021-01-08T11:00,19.9,30,1.9,873.6,9.9,314,Ratnapark,27.7063,85.3152
2021-01-08T12:00,20.3,31,2.6,872.9,11.5,311,Ratnapark,27.7063,85.3152
2021-01-08T13:00,20.0,36,4.7,872.0,11.7,317,Ratnapark,27.7063,85.3152
2021-01-08T14:00,19.6,40,5.6,871.6,11.2,318,Ratnapark,27.7063,85.3152
2021-01-08T15:00,18.6,45,6.3,871.1,10.0,319,Ratnapark,27.7063,85.3152
2021-01-08T16:00,16.2,54,6.9,870.0,5.8,330,Ratnapark,27.7063,85.3152
2021-01-08T17:00,14.0,57,5.6,869.2,8.7,315,Ratnapark,27.7063,85.3152
2021-01-08T18:00,14.7,54,5.6,870.3,5.2,254,Ratnapark,27.7063,85.3152
2021-01-08T19:00,13.6,60,5.9,870.7,3.5,204,Ratnapark,27.7063,85.3152
2021-01-08T20:00,11.0,75,6.7,870.1,3.7,191,Ratnapark,27.7063,85.3152
2021-01-08T21:00,9.6,84,7.0,869.8,3.2,180,Ratnapark,27.7063,85.3152
2021-01-08T22:00,8.6,89,6.9,869.3,2.9,180,Ratnapark,27.7063,85.3152
2021-01-08T23:00,7.9,92,6.7,868.7,2.9,173,Ratnapark,27.7063,85.3152
2021-01-09T00:00,7.3,95,6.5,867.9,2.9,173,Ratnapark,27.7063,85.3152
2021-01-09T01:00,8.0,94,7.1,868.3,1.4,180,Ratnapark,27.7063,85.3152
2021-01-09T02:00,10.7,87,8.6,869.4,1.4,180,Ratnapark,27.7063,85.3152
2021-01-09T03:00,8.1,91,6.7,868.0,1.5,166,Ratnapark,27.7063,85.3152
2021-01-09T04:00,6.9,93,5.8,867.2,2.5,172,Ratnapark,27.7063,85.3152
2021-01-09T05:00,7.4,100,7.4,867.6,1.8,169,Ratnapark,27.7063,85.3152
2021-01-09T06:00,7.3,97,6.8,867.8,1.5,166,Ratnapark,27.7063,85.3152
2021-01-09T07:00,7.9,91,6.6,868.4,1.1,162,Ratnapark,27.7063,85.3152
2021-01-09T08:00,12.0,75,7.7,870.7,1.5,166,Ratnapark,27.7063,85.3152
2021-01-09T09:00,17.0,43,4.5,873.1,2.6,326,Ratnapark,27.7063,85.3152
2021-01-09T10:00,19.4,30,1.3,873.4,6.2,306,Ratnapark,27.7063,85.3152
2021-01-09T11:00,21.3,24,0.1,872.8,9.9,303,Ratnapark,27.7063,85.3152
2021-01-09T12:00,21.7,25,1.0,871.8,12.6,301,Ratnapark,27.7063,85.3152
2021-01-09T13:00,21.2,31,3.4,871.0,13.8,303,Ratnapark,27.7063,85.3152
2021-01-09T14:00,20.5,36,5.0,870.4,12.6,307,Ratnapark,27.7063,85.3152
2021-01-09T15:00,19.3,42,6.0,869.9,10.4,314,Ratnapark,27.7063,85.3152
2021-01-09T16:00,17.0,55,7.9,869.4,5.2,326,Ratnapark,27.7063,85.3152
2021-01-09T17:00,15.1,60,7.4,868.7,7.7,332,Ratnapark,27.7063,85.3152
2021-01-09T18:00,15.2,59,7.3,869.4,2.7,203,Ratnapark,27.7063,85.3152
2021-01-09T19:00,11.5,75,7.1,868.1,1.8,191,Ratnapark,27.7063,85.3152
2021-01-09T20:00,10.0,83,7.3,867.9,2.5,188,Ratnapark,27.7063,85.3152
2021-01-09T21:00,9.5,85,7.1,867.9,3.3,193,Ratnapark,27.7063,85.3152
2021-01-09T22:00,9.0,86,6.8,867.7,3.3,186,Ratnapark,27.7063,85.3152
2021-01-09T23:00,8.7,85,6.4,867.3,1.8,180,Ratnapark,27.7063,85.3152
2021-01-10T00:00,8.4,85,5.9,867.0,2.2,180,Ratnapark,27.7063,85.3152
2021-01-10T01:00,8.0,84,5.5,866.7,2.2,171,Ratnapark,27.7063,85.3152
2021-01-10T02:00,7.7,83,5.0,866.1,2.2,171,Ratnapark,27.7063,85.3152
2021-01-10T03:00,7.9,80,4.7,865.6,3.0,166,Ratnapark,27.7063,85.3152
2021-01-10T04:00,7.6,79,4.2,865.6,2.6,164,Ratnapark,27.7063,85.3152
2021-01-10T05:00,7.4,86,5.3,865.9,6.2,159,Ratnapark,27.7063,85.3152
2021-01-10T06:00,7.4,84,4.8,866.4,3.3,167,Ratnapark,27.7063,85.3152
2021-01-10T07:00,9.9,73,5.3,868.0,2.3,162,Ratnapark,27.7063,85.3152
2021-01-10T08:00,14.0,63,7.0,870.2,3.4,162,Ratnapark,27.7063,85.3152
2021-01-10T09:00,18.4,42,5.3,872.5,1.5,315,Ratnapark,27.7063,85.3152
2021-01-10T10:00,20.3,35,4.2,872.9,6.1,315,Ratnapark,27.7063,85.3152
2021-01-10T11:00,21.4,31,3.7,872.4,10.2,309,Ratnapark,27.7063,85.3152
2021-01-10T12:00,21.7,33,4.6,871.6,11.8,308,Ratnapark,27.7063,85.3152
2021-01-10T13:00,21.4,36,5.9,870.6,12.4,306,Ratnapark,27.7063,85.3152
2021-01-10T14:00,20.6,41,7.0,870.0,11.4,305,Ratnapark,27.7063,85.3152
2021-01-10T15:00,19.7,45,7.4,869.3,9.8,306,Ratnapark,27.7063,85.3152
2021-01-10T16:00,17.3,58,8.9,868.4,4.9,306,Ratnapark,27.7063,85.3152
2021-01-10T17:00,16.8,48,5.8,868.6,7.6,289,Ratnapark,27.7063,85.3152
2021-01-10T18:00,16.0,51,5.9,869.0,4.1,225,Ratnapark,27.7063,85.3152
2021-01-10T19:00,12.8,64,6.2,868.4,3.4,198,Ratnapark,27.7063,85.3152
2021-01-10T20:00,11.0,74,6.4,868.0,3.7,191,Ratnapark,27.7063,85.3152
2021-01-10T21:00,10.2,79,6.8,868.0,3.6,186,Ratnapark,27.7063,85.3152
2021-01-10T22:00,9.8,86,7.6,868.0,4.1,195,Ratnapark,27.7063,85.3152
2021-01-10T23:00,11.1,82,8.1,868.5,4.0,207,Ratnapark,27.7063,85.3152
2021-01-11T00:00,9.7,88,7.8,867.5,2.9,187,Ratnapark,27.7063,85.3152
2021-01-11T01:00,8.3,92,7.2,866.5,3.3,174,Ratnapark,27.7063,85.3152
2021-01-11T02:00,8.1,94,7.2,865.9,2.5,172,Ratnapark,27.7063,85.3152
2021-01-11T03:00,8.0,95,7.2,865.8,2.6,164,Ratnapark,27.7063,85.3152
2021-01-11T04:00,7.7,94,6.9,865.5,2.6,164,Ratnapark,27.7063,85.3152
2021-01-11T05:00,6.8,100,6.8,865.6,5.2,164,Ratnapark,27.7063,85.3152
2021-01-11T06:00,5.8,100,5.8,865.7,6.2,159,Ratnapark,27.7063,85.3152
2021-01-11T07:00,6.7,98,6.5,866.9,7.8,158,Ratnapark,27.7063,85.3152
2021-01-11T08:00,12.7,73,8.0,870.6,6.4,142,Ratnapark,27.7063,85.3152
2021-01-11T09:00,16.1,54,6.7,872.8,3.8,107,Ratnapark,27.7063,85.3152
2021-01-11T10:00,18.0,45,5.8,873.1,2.3,51,Ratnapark,27.7063,85.3152
2021-01-11T11:00,19.6,40,5.5,872.7,3.8,343,Ratnapark,27.7063,85.3152
2021-01-11T12:00,20.3,40,6.1,871.7,6.9,317,Ratnapark,27.7063,85.3152
2021-01-11T13:00,20.2,43,7.1,870.9,8.2,308,Ratnapark,27.7063,85.3152
2021-01-11T14:00,19.4,49,8.3,870.4,8.3,304,Ratnapark,27.7063,85.3152
2021-01-11T15:00,18.0,57,9.3,870.0,8.1,302,Ratnapark,27.7063,85.3152
2021-01-11T16:00,16.2,67,10.0,869.8,5.9,313,Ratnapark,27.7063,85.3152
2021-01-11T17:00,12.8,79,9.3,869.1,9.2,312,Ratnapark,27.7063,85.3152
2021-01-11T18:00,12.9,77,8.9,869.9,5.6,320,Ratnapark,27.7063,85.3152
2021-01-11T19:00,12.8,77,8.9,870.5,2.3,162,Ratnapark,27.7063,85.3152
2021-01-11T20:00,12.0,81,8.9,870.7,1.6,153,Ratnapark,27.7063,85.3152
2021-01-11T21:00,9.9,92,8.6,869.9,2.9,150,Ratnapark,27.7063,85.3152
2021-01-11T22:00,9.9,94,9.0,870.2,3.1,144,Ratnapark,27.7063,85.3152
2021-01-11T23:00,10.3,93,9.2,870.4,3.8,131,Ratnapark,27.7063,85.3152
2021-01-12T00:00,10.1,94,9.2,870.0,4.1,142,Ratnapark,27.7063,85.3152
2021-01-12T01:00,9.7,96,9.1,869.4,4.2,149,Ratnapark,27.7063,85.3152
2021-01-12T02:00,9.2,97,8.7,868.9,3.9,158,Ratnapark,27.7063,85.3152
2021-01-12T03:00,8.9,98,8.5,868.3,4.3,156,Ratnapark,27.7063,85.3152
2021-01-12T04:00,8.4,98,8.2,867.9,4.6,162,Ratnapark,27.7063,85.3152
2021-01-12T05:00,8.0,99,7.8,868.2,5.2,155,Ratnapark,27.7063,85.3152
2021-01-12T06:00,7.1,98,6.8,868.0,6.6,158,Ratnapark,27.7063,85.3152
2021-01-12T07:00,7.7,81,4.6,868.7,7.8,158,Ratnapark,27.7063,85.3152
2021-01-12T08:00,11.2,57,3.1,871.1,4.6,135,Ratnapark,27.7063,85.3152
2021-01-12T09:00,13.8,50,3.5,872.4,4.8,103,Ratnapark,27.7063,85.3152
2021-01-12T10:00,15.7,46,4.2,872.5,4.0,85,Ratnapark,27.7063,85.3152
2021-01-12T11:00,17.4,41,4.1,872.2,3.3,49,Ratnapark,27.7063,85.3152
2021-01-12T12:00,18.3,37,3.5,871.3,4.0,355,Ratnapark,27.7063,85.3152
2021-01-12T13:00,18.3,38,3.7,870.5,6.8,328,Ratnapark,27.7063,85.3152
2021-01-12T14:00,17.6,49,6.7,869.7,8.0,324,Ratnapark,27.7063,85.3152
2021-01-12T15:00,16.2,62,9.0,869.1,9.2,329,Ratnapark,27.7063,85.3152
2021-01-12T16:00,14.2,70,8.9,868.9,8.8,325,Ratnapark,27.7063,85.3152
2021-01-12T17:00,11.8,80,8.4,868.5,6.1,332,Ratnapark,27.7063,85.3152
2021-01-12T18:00,10.3,88,8.5,868.5,3.8,343,Ratnapark,27.7063,85.3152
2021-01-12T19:00,9.6,93,8.5,869.0,3.3,6,Ratnapark,27.7063,85.3152
2021-01-12T20:00,9.3,95,8.6,869.2,1.8,37,Ratnapark,27.7063,85.3152
2021-01-12T21:00,8.8,98,8.5,869.1,2.3,108,Ratnapark,27.7063,85.3152
2021-01-12T22:00,8.8,98,8.5,869.0,1.5,104,Ratnapark,27.7063,85.3152
2021-01-12T23:00,8.4,100,8.4,868.7,2.5,98,Ratnapark,27.7063,85.3152
2021-01-13T00:00,7.8,100,7.8,868.0,1.5,135,Ratnapark,27.7063,85.3152
2021-01-13T01:00,7.5,100,7.5,867.6,2.0,135,Ratnapark,27.7063,85.3152
2021-01-13T02:00,7.2,99,7.1,867.4,2.3,141,Ratnapark,27.7063,85.3152
2021-01-13T03:00,7.2,100,7.1,867.1,3.5,156,Ratnapark,27.7063,85.3152
2021-01-13T04:00,6.5,100,6.4,866.6,3.4,162,Ratnapark,27.7063,85.3152
2021-01-13T05:00,7.6,99,7.4,867.5,5.4,143,Ratnapark,27.7063,85.3152
2021-01-13T06:00,7.0,98,6.7,867.8,4.2,149,Ratnapark,27.7063,85.3152
2021-01-13T07:00,7.8,89,6.2,868.7,5.8,158,Ratnapark,27.7063,85.3152
2021-01-13T08:00,11.0,69,5.5,871.0,3.7,101,Ratnapark,27.7063,85.3152
2021-01-13T09:00,12.9,62,5.7,871.8,3.6,84,Ratnapark,27.7063,85.3152
2021-01-13T10:00,14.7,53,5.2,872.2,2.9,60,Ratnapark,27.7063,85.3152
2021-01-13T11:00,15.9,48,4.8,871.5,2.8,40,Ratnapark,27.7063,85.3152
2021-01-13T12:00,16.5,45,4.6,870.5,3.8,17,Ratnapark,27.7063,85.3152
2021-01-13T13:00,16.5,47,5.0,869.9,5.2,348,Ratnapark,27.7063,85.3152
2021-01-13T14:00,16.1,51,5.9,869.0,5.7,342,Ratnapark,27.7063,85.3152
2021-01-13T15:00,14.9,60,7.1,868.4,6.9,321,Ratnapark,27.7063,85.3152
2021-01-13T16:00,13.2,74,8.6,868.3,7.1,300,Ratnapark,27.7063,85.3152
2021-01-13T17:00,10.5,88,8.6,867.7,6.5,304,Ratnapark,27.7063,85.3152
2021-01-13T18:00,10.2,91,8.8,868.4,4.1,315,Ratnapark,27.7063,85.3152
2021-01-13T19:00,10.2,89,8.4,869.2,3.7,281,Ratnapark,27.7063,85.3152
2021-01-13T20:00,9.8,91,8.4,870.0,1.6,27,Ratnapark,27.7063,85.3152
2021-01-13T21:00,9.5,93,8.3,870.3,1.1,90,Ratnapark,27.7063,85.3152
2021-01-13T22:00,9.4,93,8.2,870.3,0.5,135,Ratnapark,27.7063,85.3152
2021-01-13T23:00,8.6,97,8.1,869.9,2.9,90,Ratnapark,27.7063,85.3152
2021-01-14T00:00,8.4,98,8.1,869.5,1.5,135,Ratnapark,27.7063,85.3152
2021-01-14T01:00,8.2,98,7.8,869.3,1.6,153,Ratnapark,27.7063,85.3152
2021-01-14T02:00,7.3,99,7.1,868.9,1.8,143,Ratnapark,27.7063,85.3152
2021-01-14T03:00,7.1,98,6.8,868.4,1.9,158,Ratnapark,27.7063,85.3152
2021-01-14T04:00,6.2,99,6.1,867.9,1.1,162,Ratnapark,27.7063,85.3152
2021-01-14T05:00,6.0,100,6.0,868.4,2.9,150,Ratnapark,27.7063,85.3152
2021-01-14T06:00,5.9,99,5.8,868.3,3.7,151,Ratnapark,27.7063,85.3152
2021-01-14T07:00,6.6,97,6.1,869.2,5.2,164,Ratnapark,27.7063,85.3152
2021-01-14T08:00,10.4,78,6.7,872.1,2.0,45,Ratnapark,27.7063,85.3152
2021-01-14T09:00,12.7,62,5.6,873.3,3.2,27,Ratnapark,27.7063,85.3152
2021-01-14T10:00,14.5,53,5.1,873.4,2.7,23,Ratnapark,27.7063,85.3152
2021-01-14T11:00,16.0,48,5.1,872.8,4.7,4,Ratnapark,27.7063,85.3152
2021-01-14T12:00,17.0,45,5.1,872.0,4.7,356,Ratnapark,27.7063,85.3152
2021-01-14T13:00,17.4,45,5.3,870.9,5.2,344,Ratnapark,27.7063,85.3152
2021-01-14T14:00,16.9,50,6.4,870.4,6.8,328,Ratnapark,27.7063,85.3152
2021-01-14T15:00,15.5,58,7.4,870.0,7.9,317,Ratnapark,27.7063,85.3152
2021-01-14T16:00,13.9,67,7.9,869.7,7.9,330,Ratnapark,27.7063,85.3152
2021-01-14T17:00,11.4,83,8.6,869.1,6.4,322,Ratnapark,27.7063,85.3152
2021-01-14T18:00,10.9,83,8.1,869.5,3.4,302,Ratnapark,27.7063,85.3152
2021-01-14T19:00,9.8,89,8.0,869.4,4.0,350,Ratnapark,27.7063,85.3152
2021-01-14T20:00,9.9,87,7.8,870.1,2.7,67,Ratnapark,27.7063,85.3152
2021-01-14T21:00,8.6,94,7.7,869.5,1.5,166,Ratnapark,27.7063,85.3152
2021-01-14T22:00,7.7,97,7.2,869.1,2.4,153,Ratnapark,27.7063,85.3152
2021-01-14T23:00,7.1,97,6.7,868.4,1.9,158,Ratnapark,27.7063,85.3152
2021-01-15T00:00,7.2,97,6.8,867.9,2.3,162,Ratnapark,27.7063,85.3152
2021-01-15T01:00,6.7,100,6.6,867.0,3.3,167,Ratnapark,27.7063,85.3152
2021-01-15T02:00,6.0,100,5.9,866.4,1.1,162,Ratnapark,27.7063,85.3152
2021-01-15T03:00,6.1,98,5.7,866.3,2.3,141,Ratnapark,27.7063,85.3152
2021-01-15T04:00,6.5,94,5.6,866.4,2.7,157,Ratnapark,27.7063,85.3152
2021-01-15T05:00,6.6,97,6.1,867.0,3.3,167,Ratnapark,27.7063,85.3152
2021-01-15T06:00,6.7,95,6.0,867.2,2.4,153,Ratnapark,27.7063,85.3152
2021-01-15T07:00,7.6,92,6.4,868.4,1.6,153,Ratnapark,27.7063,85.3152
2021-01-15T08:00,11.6,76,7.5,871.1,2.3,72,Ratnapark,27.7063,85.3152
2021-01-15T09:00,13.7,65,7.3,872.1,3.1,45,Ratnapark,27.7063,85.3152
2021-01-15T10:00,15.8,56,7.1,872.3,2.1,31,Ratnapark,27.7063,85.3152
2021-01-15T11:00,17.4,51,7.1,872.1,5.0,339,Ratnapark,27.7063,85.3152
2021-01-15T12:00,17.8,51,7.5,871.5,9.2,334,Ratnapark,27.7063,85.3152
2021-01-15T13:00,17.5,53,7.8,870.7,11.6,334,Ratnapark,27.7063,85.3152
2021-01-15T14:00,16.9,54,7.5,870.0,11.6,330,Ratnapark,27.7063,85.3152
2021-01-15T15:00,16.0,58,7.8,869.4,10.8,323,Ratnapark,27.7063,85.3152
2021-01-15T16:00,14.4,65,7.9,869.0,8.8,325,Ratnapark,27.7063,85.3152
2021-01-15T17:00,11.6,79,8.0,868.2,5.2,335,Ratnapark,27.7063,85.3152
2021-01-15T18:00,10.5,84,7.8,868.4,4.7,356,Ratnapark,27.7063,85.3152
2021-01-15T19:00,9.5,89,7.8,868.6,5.1,8,Ratnapark,27.7063,85.3152
2021-01-15T20:00,9.5,89,7.7,868.8,2.3,72,Ratnapark,27.7063,85.3152
2021-01-15T21:00,8.5,93,7.4,868.4,1.3,124,Ratnapark,27.7063,85.3152
2021-01-15T22:00,7.1,97,6.7,867.4,2.8,140,Ratnapark,27.7063,85.3152
2021-01-15T23:00,6.8,98,6.6,866.9,1.9,158,Ratnapark,27.7063,85.3152
2021-01-16T00:00,6.5,98,6.2,866.2,2.4,153,Ratnapark,27.7063,85.3152
2021-01-16T01:00,6.2,99,6.1,865.7,2.7,157,Ratnapark,27.7063,85.3152
2021-01-16T02:00,5.4,100,5.4,864.8,3.2,153,Ratnapark,27.7063,85.3152
2021-01-16T03:00,5.2,100,5.2,864.5,2.7,157,Ratnapark,27.7063,85.3152
2021-01-16T04:00,5.3,97,4.9,864.6,1.9,158,Ratnapark,27.7063,85.3152
2021-01-16T05:00,5.8,97,5.4,865.2,2.6,164,Ratnapark,27.7063,85.3152
2021-01-16T06:00,5.6,96,5.0,865.7,1.6,153,Ratnapark,27.7063,85.3152
2021-01-16T07:00,7.1,88,5.3,867.1,3.5,156,Ratnapark,27.7063,85.3152
2021-01-16T08:00,11.5,67,5.7,869.5,3.1,111,Ratnapark,27.7063,85.3152
2021-01-16T09:00,13.6,58,5.6,870.5,1.1,342,Ratnapark,27.7063,85.3152
2021-01-16T10:00,15.4,52,5.5,870.7,5.6,315,Ratnapark,27.7063,85.3152
2021-01-16T11:00,16.6,48,5.6,869.9,7.7,319,Ratnapark,27.7063,85.3152
2021-01-16T12:00,17.3,47,5.8,869.1,9.4,317,Ratnapark,27.7063,85.3152
2021-01-16T13:00,17.6,48,6.4,868.2,9.7,315,Ratnapark,27.7063,85.3152
2021-01-16T14:00,17.2,51,7.0,867.7,9.7,315,Ratnapark,27.7063,85.3152
2021-01-16T15:00,16.2,55,7.1,867.2,9.4,320,Ratnapark,27.7063,85.3152
2021-01-16T16:00,14.5,63,7.5,867.1,9.4,328,Ratnapark,27.7063,85.3152
2021-01-16T17:00,11.8,77,8.0,866.8,5.2,348,Ratnapark,27.7063,85.3152
2021-01-16T18:00,10.7,85,8.2,867.2,3.7,349,Ratnapark,27.7063,85.3152
2021-01-16T19:00,10.0,89,8.3,867.7,3.4,18,Ratnapark,27.7063,85.3152
2021-01-16T20:00,9.4,93,8.3,868.1,3.3,41,Ratnapark,27.7063,85.3152
2021-01-16T21:00,9.0,96,8.3,868.3,2.7,67,Ratnapark,27.7063,85.3152
2021-01-16T22:00,9.3,93,8.3,868.5,3.1,111,Ratnapark,27.7063,85.3152
2021-01-16T23:00,9.7,91,8.2,868.7,3.4,108,Ratnapark,27.7063,85.3152
2021-01-17T00:00,9.9,89,8.2,868.9,2.9,90,Ratnapark,27.7063,85.3152
2021-01-17T01:00,10.1,88,8.2,869.2,4.0,90,Ratnapark,27.7063,85.3152
2021-01-17T02:00,9.6,91,8.2,868.8,3.3,96,Ratnapark,27.7063,85.3152
2021-01-17T03:00,8.7,96,8.0,868.4,3.3,96,Ratnapark,27.7063,85.3152
2021-01-17T04:00,8.4,97,7.9,868.6,3.4,108,Ratnapark,27.7063,85.3152
2021-01-17T05:00,8.9,96,8.3,870.0,3.1,111,Ratnapark,27.7063,85.3152
2021-01-17T06:00,9.2,95,8.4,870.7,3.7,101,Ratnapark,27.7063,85.3152
2021-01-17T07:00,9.7,93,8.5,872.0,4.4,99,Ratnapark,27.7063,85.3152
2021-01-17T08:00,11.3,83,8.5,873.6,5.9,79,Ratnapark,27.7063,85.3152
2021-01-17T09:00,13.1,70,7.7,874.8,8.3,88,Ratnapark,27.7063,85.3152
2021-01-17T10:00,14.7,59,6.9,875.4,8.3,92,Ratnapark,27.7063,85.3152
2021-01-17T11:00,16.2,51,6.0,875.1,7.2,96,Ratnapark,27.7063,85.3152
2021-01-17T12:00,17.5,44,5.2,874.4,6.8,90,Ratnapark,27.7063,85.3152
2021-01-17T13:00,18.4,40,4.6,873.5,5.8,86,Ratnapark,27.7063,85.3152
2021-01-17T14:00,18.3,41,4.7,873.2,3.1,54,Ratnapark,27.7063,85.3152
2021-01-17T15:00,17.3,45,5.1,872.9,4.8,333,Ratnapark,27.7063,85.3152
2021-01-17T16:00,15.3,59,7.4,872.5,6.8,328,Ratnapark,27.7063,85.3152
2021-01-17T17:00,11.4,85,8.9,871.6,6.8,328,Ratnapark,27.7063,85.3152
2021-01-17T18:00,11.4,85,9.0,872.3,1.8,217,Ratnapark,27.7063,85.3152
2021-01-17T19:00,9.9,92,8.7,871.9,1.8,169,Ratnapark,27.7063,85.3152
2021-01-17T20:00,8.6,96,8.0,871.5,2.5,172,Ratnapark,27.7063,85.3152
2021-01-17T21:00,8.2,97,7.8,871.5,2.2,180,Ratnapark,27.7063,85.3152
2021-01-17T22:00,8.1,96,7.5,871.7,2.2,180,Ratnapark,27.7063,85.3152
2021-01-17T23:00,7.6,96,7.0,871.5,1.5,166,Ratnapark,27.7063,85.3152
2021-01-18T00:00,7.3,95,6.6,871.2,2.3,162,Ratnapark,27.7063,85.3152
2021-01-18T01:00,7.0,94,6.1,870.7,3.1,159,Ratnapark,27.7063,85.3152
2021-01-18T02:00,6.9,91,5.6,870.4,2.7,157,Ratnapark,27.7063,85.3152
2021-01-18T03:00,6.9,89,5.1,870.0,2.7,157,Ratnapark,27.7063,85.3152
2021-01-18T04:00,6.6,88,4.8,869.7,3.2,153,Ratnapark,27.7063,85.3152
2021-01-18T05:00,6.2,91,4.9,869.7,3.1,159,Ratnapark,27.7063,85.3152
2021-01-18T06:00,6.3,90,4.7,870.1,3.7,151,Ratnapark,27.7063,85.3152
2021-01-18T07:00,7.8,82,5.0,871.5,6.0,147,Ratnapark,27.7063,85.3152
2021-01-18T08:00,12.7,61,5.4,874.4,4.4,99,Ratnapark,27.7063,85.3152
2021-01-18T09:00,15.3,50,5.0,875.9,4.1,45,Ratnapark,27.7063,85.3152
2021-01-18T10:00,17.0,45,5.1,876.1,4.3,360,Ratnapark,27.7063,85.3152
2021-01-18T11:00,18.3,42,5.1,875.4,5.7,342,Ratnapark,27.7063,85.3152
2021-01-18T12:00,19.2,39,5.1,874.4,9.1,326,Ratnapark,27.7063,85.3152
2021-01-18T13:00,19.1,42,5.9,873.4,11.5,316,Ratnapark,27.7063,85.3152
2021-01-18T14:00,18.5,46,6.6,872.5,10.2,315,Ratnapark,27.7063,85.3152
2021-01-18T15:00,17.6,50,7.0,871.9,9.7,309,Ratnapark,27.7063,85.3152
2021-01-18T16:00,16.1,55,7.1,871.5,9.4,313,Ratnapark,27.7063,85.3152
2021-01-18T17:00,13.3,66,7.0,870.2,6.7,306,Ratnapark,27.7063,85.3152
2021-01-18T18:00,12.8,66,6.7,870.8,5.4,307,Ratnapark,27.7063,85.3152
2021-01-18T19:00,11.3,76,7.2,870.6,5.6,297,Ratnapark,27.7063,85.3152
2021-01-18T20:00,10.0,87,7.9,870.1,7.2,264,Ratnapark,27.7063,85.3152
2021-01-18T21:00,9.2,91,7.8,869.8,7.1,240,Ratnapark,27.7063,85.3152
2021-01-18T22:00,9.4,89,7.8,869.8,5.5,212,Ratnapark,27.7063,85.3152
2021-01-18T23:00,8.3,92,7.1,868.9,4.4,189,Ratnapark,27.7063,85.3152
2021-01-19T00:00,7.6,93,6.6,867.9,4.7,184,Ratnapark,27.7063,85.3152
2021-01-19T01:00,7.2,94,6.3,867.2,3.6,174,Ratnapark,27.7063,85.3152
2021-01-19T02:00,6.9,94,6.1,866.3,2.2,180,Ratnapark,27.7063,85.3152
2021-01-19T03:00,6.7,95,5.9,865.8,1.4,180,Ratnapark,27.7063,85.3152
2021-01-19T04:00,6.5,94,5.7,865.7,1.1,180,Ratnapark,27.7063,85.3152
2021-01-19T05:00,7.0,98,6.7,866.5,3.6,174,Ratnapark,27.7063,85.3152
2021-01-19T06:00,6.7,97,6.2,866.9,2.2,171,Ratnapark,27.7063,85.3152
2021-01-19T07:00,7.6,92,6.5,867.8,2.5,172,Ratnapark,27.7063,85.3152
2021-01-19T08:00,12.1,74,7.6,870.4,2.0,135,Ratnapark,27.7063,85.3152
2021-01-19T09:00,13.9,66,7.7,871.7,2.7,337,Ratnapark,27.7063,85.3152
2021-01-19T10:00,15.5,56,6.8,872.1,5.9,322,Ratnapark,27.7063,85.3152
2021-01-19T11:00,16.7,48,5.7,871.4,7.7,319,Ratnapark,27.7063,85.3152
2021-01-19T12:00,17.6,45,5.6,870.5,11.2,315,Ratnapark,27.7063,85.3152
2021-01-19T13:00,17.7,48,6.4,869.5,13.5,312,Ratnapark,27.7063,85.3152
2021-01-19T14:00,17.3,47,6.0,869.0,13.1,307,Ratnapark,27.7063,85.3152
2021-01-19T15:00,16.6,48,5.5,868.5,11.2,303,Ratnapark,27.7063,85.3152
2021-01-19T16:00,15.3,53,5.6,868.2,9.0,293,Ratnapark,27.7063,85.3152
2021-01-19T17:00,12.5,64,6.0,867.6,7.3,259,Ratnapark,27.7063,85.3152
2021-01-19T18:00,11.4,72,6.6,867.8,6.2,260,Ratnapark,27.7063,85.3152
2021-01-19T19:00,11.3,76,7.1,868.4,6.1,267,Ratnapark,27.7063,85.3152
2021-01-19T20:00,11.7,75,7.3,869.2,3.8,221,Ratnapark,27.7063,85.3152
2021-01-19T21:00,9.2,89,7.5,868.3,3.3,186,Ratnapark,27.7063,85.3152
2021-01-19T22:00,9.0,91,7.6,868.1,2.5,180,Ratnapark,27.7063,85.3152
2021-01-19T23:00,8.5,94,7.5,867.5,1.8,180,Ratnapark,27.7063,85.3152
2021-01-20T00:00,7.9,96,7.3,866.6,1.5,166,Ratnapark,27.7063,85.3152
2021-01-20T01:00,7.5,95,6.8,866.0,1.8,169,Ratnapark,27.7063,85.3152
2021-01-20T02:00,6.9,95,6.2,865.1,2.2,171,Ratnapark,27.7063,85.3152
2021-01-20T03:00,6.7,95,5.9,864.4,2.2,171,Ratnapark,27.7063,85.3152
2021-01-20T04:00,6.4,94,5.5,864.3,1.8,169,Ratnapark,27.7063,85.3152
2021-01-20T05:00,6.5,94,5.6,865.5,2.6,164,Ratnapark,27.7063,85.3152
2021-01-20T06:00,5.9,96,5.3,865.6,2.3,162,Ratnapark,27.7063,85.3152
2021-01-20T07:00,6.9,93,5.9,866.8,3.3,167,Ratnapark,27.7063,85.3152
2021-01-20T08:00,11.6,72,6.8,869.5,1.8,169,Ratnapark,27.7063,85.3152
2021-01-20T09:00,13.2,62,6.0,870.7,2.5,278,Ratnapark,27.7063,85.3152
2021-01-20T10:00,14.6,54,5.4,871.1,3.7,299,Ratnapark,27.7063,85.3152
2021-01-20T11:00,15.8,47,4.6,870.4,6.1,320,Ratnapark,27.7063,85.3152
2021-01-20T12:00,16.5,46,4.8,869.4,9.0,323,Ratnapark,27.7063,85.3152
2021-01-20T13:00,16.5,51,6.4,868.6,11.5,314,Ratnapark,27.7063,85.3152
2021-01-20T14:00,16.0,53,6.5,868.0,11.1,299,Ratnapark,27.7063,85.3152
2021-01-20T15:00,15.1,55,6.0,867.7,8.7,300,Ratnapark,27.7063,85.3152
2021-01-20T16:00,14.3,55,5.4,867.5,6.4,286,Ratnapark,27.7063,85.3152
2021-01-20T17:00,11.7,70,6.4,867.1,4.2,290,Ratnapark,27.7063,85.3152
2021-01-20T18:00,10.4,81,7.3,867.5,4.2,290,Ratnapark,27.7063,85.3152
2021-01-20T19:00,10.1,85,7.8,867.9,4.7,270,Ratnapark,27.7063,85.3152
2021-01-20T20:00,9.9,89,8.2,868.2,3.7,241,Ratnapark,27.7063,85.3152
2021-01-20T21:00,9.2,93,8.0,868.0,3.1,201,Ratnapark,27.7063,85.3152
2021-01-20T22:00,8.9,94,7.9,867.7,1.1,180,Ratnapark,27.7063,85.3152
2021-01-20T23:00,8.6,95,7.9,867.2,0.8,153,Ratnapark,27.7063,85.3152
2021-01-21T00:00,8.1,99,7.9,866.5,1.3,146,Ratnapark,27.7063,85.3152
2021-01-21T01:00,7.7,100,7.7,865.7,2.4,153,Ratnapark,27.7063,85.3152
2021-01-21T02:00,7.2,100,7.2,864.6,3.9,158,Ratnapark,27.7063,85.3152
2021-01-21T03:00,6.8,100,6.8,864.0,5.2,164,Ratnapark,27.7063,85.3152
2021-01-21T04:00,6.6,100,6.6,863.7,4.9,163,Ratnapark,27.7063,85.3152
2021-01-21T05:00,6.3,100,6.3,864.0,5.6,153,Ratnapark,27.7063,85.3152
2021-01-21T06:00,6.4,99,6.3,864.6,7.2,153,Ratnapark,27.7063,85.3152
2021-01-21T07:00,7.2,93,6.2,865.9,6.3,156,Ratnapark,27.7063,85.3152
2021-01-21T08:00,9.0,80,5.7,867.7,4.5,151,Ratnapark,27.7063,85.3152
2021-01-21T09:00,10.0,73,5.4,868.6,4.0,153,Ratnapark,27.7063,85.3152
2021-01-21T10:00,11.8,66,5.6,869.2,5.7,162,Ratnapark,27.7063,85.3152
2021-01-21T11:00,13.8,57,5.3,868.9,5.8,173,Ratnapark,27.7063,85.3152
2021-01-21T12:00,15.5,49,4.8,868.6,4.2,200,Ratnapark,27.7063,85.3152
2021-01-21T13:00,16.1,47,4.9,868.1,4.5,241,Ratnapark,27.7063,85.3152
2021-01-21T14:00,15.9,49,5.2,867.7,4.9,253,Ratnapark,27.7063,85.3152
2021-01-21T15:00,15.4,52,5.5,867.8,4.7,274,Ratnapark,27.7063,85.3152
2021-01-21T16:00,14.3,57,5.9,868.0,4.4,305,Ratnapark,27.7063,85.3152
2021-01-21T17:00,12.3,68,6.6,867.8,4.9,343,Ratnapark,27.7063,85.3152
2021-01-21T18:00,10.7,80,7.4,868.4,4.6,342,Ratnapark,27.7063,85.3152
2021-01-21T19:00,9.7,88,7.8,869.1,4.5,14,Ratnapark,27.7063,85.3152
2021-01-21T20:00,9.3,88,7.4,869.6,3.2,117,Ratnapark,27.7063,85.3152
2021-01-21T21:00,8.8,87,6.7,869.8,2.8,130,Ratnapark,27.7063,85.3152
2021-01-21T22:00,7.4,93,6.3,869.2,3.9,124,Ratnapark,27.7063,85.3152
2021-01-21T23:00,7.3,91,5.9,868.9,3.7,119,Ratnapark,27.7063,85.3152
2021-01-22T00:00,7.1,91,5.7,868.6,3.8,131,Ratnapark,27.7063,85.3152
2021-01-22T01:00,6.6,95,5.8,868.1,4.0,153,Ratnapark,27.7063,85.3152
2021-01-22T02:00,5.8,99,5.6,867.6,3.6,143,Ratnapark,27.7063,85.3152
2021-01-22T03:00,5.1,100,5.1,867.3,4.1,135,Ratnapark,27.7063,85.3152
2021-01-22T04:00,4.5,100,4.5,867.0,5.2,168,Ratnapark,27.7063,85.3152
2021-01-22T05:00,5.2,98,4.9,868.1,4.9,163,Ratnapark,27.7063,85.3152
2021-01-22T06:00,4.7,99,4.5,868.0,4.7,157,Ratnapark,27.7063,85.3152
2021-01-22T07:00,6.0,91,4.6,869.1,5.4,110,Ratnapark,27.7063,85.3152
2021-01-22T08:00,10.4,70,5.3,872.1,5.1,86,Ratnapark,27.7063,85.3152
2021-01-22T09:00,12.7,60,5.1,873.4,5.8,83,Ratnapark,27.7063,85.3152
2021-01-22T10:00,14.7,52,4.8,873.9,3.7,61,Ratnapark,27.7063,85.3152
2021-01-22T11:00,16.2,46,4.6,873.5,3.6,37,Ratnapark,27.7063,85.3152
2021-01-22T12:00,17.2,43,4.6,872.7,4.4,9,Ratnapark,27.7063,85.3152
2021-01-22T13:00,17.5,44,5.0,871.8,6.0,343,Ratnapark,27.7063,85.3152
2021-01-22T14:00,17.2,47,5.8,871.1,6.9,321,Ratnapark,27.7063,85.3152
2021-01-22T15:00,16.2,53,6.7,870.5,7.6,315,Ratnapark,27.7063,85.3152
2021-01-22T16:00,14.6,61,7.1,870.2,8.2,322,Ratnapark,27.7063,85.3152
2021-01-22T17:00,12.1,71,7.0,869.8,6.1,332,Ratnapark,27.7063,85.3152
2021-01-22T18:00,11.0,77,7.0,870.0,4.9,343,Ratnapark,27.7063,85.3152
2021-01-22T19:00,9.7,84,7.2,870.0,4.7,351,Ratnapark,27.7063,85.3152
2021-01-22T20:00,9.1,88,7.1,870.2,4.2,31,Ratnapark,27.7063,85.3152
2021-01-22T21:00,8.3,91,6.9,870.1,2.1,121,Ratnapark,27.7063,85.3152
2021-01-22T22:00,7.2,96,6.6,869.4,2.6,146,Ratnapark,27.7063,85.3152
2021-01-22T23:00,6.9,97,6.5,868.9,2.4,153,Ratnapark,27.7063,85.3152
2021-01-23T00:00,6.6,100,6.6,868.2,1.6,153,Ratnapark,27.7063,85.3152
2021-01-23T01:00,6.0,100,6.0,867.5,1.6,153,Ratnapark,27.7063,85.3152
2021-01-23T02:00,5.8,100,5.8,867.1,1.6,153,Ratnapark,27.7063,85.3152
2021-01-23T03:00,5.5,100,5.5,866.6,1.5,166,Ratnapark,27.7063,85.3152
2021-01-23T04:00,5.6,98,5.3,866.5,2.3,162,Ratnapark,27.7063,85.3152
2021-01-23T05:00,4.6,100,4.6,866.4,3.5,156,Ratnapark,27.7063,85.3152
2021-01-23T06:00,4.7,99,4.6,866.9,2.7,157,Ratnapark,27.7063,85.3152
2021-01-23T07:00,6.0,95,5.2,867.7,4.7,157,Ratnapark,27.7063,85.3152
2021-01-23T08:00,11.3,72,6.5,870.8,3.4,122,Ratnapark,27.7063,85.3152
2021-01-23T09:00,13.8,61,6.4,872.2,1.3,34,Ratnapark,27.7063,85.3152
2021-01-23T10:00,15.8,52,5.9,872.8,3.9,326,Ratnapark,27.7063,85.3152
2021-01-23T11:00,17.4,45,5.3,872.2,7.4,321,Ratnapark,27.7063,85.3152
2021-01-23T12:00,18.3,41,5.0,871.5,9.9,316,Ratnapark,27.7063,85.3152
2021-01-23T13:00,18.4,42,5.2,870.9,11.5,314,Ratnapark,27.7063,85.3152
2021-01-23T14:00,18.0,45,5.8,870.4,12.0,314,Ratnapark,27.7063,85.3152
2021-01-23T15:00,16.9,50,6.3,869.8,11.2,318,Ratnapark,27.7063,85.3152
2021-01-23T16:00,15.2,56,6.3,869.4,9.0,331,Ratnapark,27.7063,85.3152
2021-01-23T17:00,12.2,68,6.6,868.1,5.8,356,Ratnapark,27.7063,85.3152
2021-01-23T18:00,10.5,77,6.6,868.5,6.9,332,Ratnapark,27.7063,85.3152
2021-01-23T19:00,10.3,82,7.3,869.4,6.2,339,Ratnapark,27.7063,85.3152
2021-01-23T20:00,10.2,86,8.0,870.0,4.2,31,Ratnapark,27.7063,85.3152
2021-01-23T21:00,7.8,98,7.5,869.1,2.1,121,Ratnapark,27.7063,85.3152
2021-01-23T22:00,7.2,100,7.2,868.6,1.9,158,Ratnapark,27.7063,85.3152
2021-01-23T23:00,6.4,100,6.4,868.0,1.8,169,Ratnapark,27.7063,85.3152
2021-01-24T00:00,5.2,100,5.2,867.0,1.5,166,Ratnapark,27.7063,85.3152
2021-01-24T01:00,4.5,100,4.5,866.2,1.5,166,Ratnapark,27.7063,85.3152
2021-01-24T02:00,3.7,100,3.7,865.3,1.5,166,Ratnapark,27.7063,85.3152
2021-01-24T03:00,3.8,100,3.8,865.0,1.1,162,Ratnapark,27.7063,85.3152
2021-01-24T04:00,4.2,100,4.2,865.2,1.1,162,Ratnapark,27.7063,85.3152
2021-01-24T05:00,5.4,100,5.4,866.8,0.7,180,Ratnapark,27.7063,85.3152
2021-01-24T06:00,5.4,100,5.4,866.9,1.6,153,Ratnapark,27.7063,85.3152
2021-01-24T07:00,6.5,98,6.2,868.2,2.7,157,Ratnapark,27.7063,85.3152
2021-01-24T08:00,11.5,80,8.3,871.3,1.5,104,Ratnapark,27.7063,85.3152
2021-01-24T09:00,14.0,63,7.0,872.5,3.4,328,Ratnapark,27.7063,85.3152
2021-01-24T10:00,15.9,49,5.2,873.0,6.7,324,Ratnapark,27.7063,85.3152
2021-01-24T11:00,17.2,44,4.9,872.4,8.9,320,Ratnapark,27.7063,85.3152
2021-01-24T12:00,18.0,44,5.4,871.8,10.2,315,Ratnapark,27.7063,85.3152
2021-01-24T13:00,18.2,46,6.3,871.2,12.0,311,Ratnapark,27.7063,85.3152
2021-01-24T14:00,17.7,46,6.0,870.8,12.1,307,Ratnapark,27.7063,85.3152
2021-01-24T15:00,16.8,47,5.4,870.6,11.1,306,Ratnapark,27.7063,85.3152
2021-01-24T16:00,15.3,53,5.9,870.4,9.4,317,Ratnapark,27.7063,85.3152
2021-01-24T17:00,11.6,69,6.1,869.8,6.2,353,Ratnapark,27.7063,85.3152
2021-01-24T18:00,10.6,74,6.1,870.2,5.6,15,Ratnapark,27.7063,85.3152
2021-01-24T19:00,10.9,73,6.2,870.8,5.1,356,Ratnapark,27.7063,85.3152
2021-01-24T20:00,10.4,77,6.5,871.1,3.9,34,Ratnapark,27.7063,85.3152
2021-01-24T21:00,9.9,79,6.5,871.2,2.4,117,Ratnapark,27.7063,85.3152
2021-01-24T22:00,9.4,81,6.3,871.1,1.8,143,Ratnapark,27.7063,85.3152
2021-01-24T23:00,9.2,81,6.1,871.0,1.4,180,Ratnapark,27.7063,85.3152
2021-01-25T00:00,9.1,79,5.7,870.7,1.5,166,Ratnapark,27.7063,85.3152
2021-01-25T01:00,7.4,83,4.7,869.4,3.3,174,Ratnapark,27.7063,85.3152
2021-01-25T02:00,4.8,89,3.1,867.4,4.0,175,Ratnapark,27.7063,85.3152
2021-01-25T03:00,3.8,90,2.3,866.3,3.3,174,Ratnapark,27.7063,85.3152
2021-01-25T04:00,3.5,87,1.6,866.0,2.5,172,Ratnapark,27.7063,85.3152
2021-01-25T05:00,4.3,81,1.3,867.4,2.5,180,Ratnapark,27.7063,85.3152
2021-01-25T06:00,5.0,74,0.7,868.4,1.1,180,Ratnapark,27.7063,85.3152
2021-01-25T07:00,6.2,73,1.8,869.7,1.1,162,Ratnapark,27.7063,85.3152
2021-01-25T08:00,10.9,57,2.6,872.6,1.8,90,Ratnapark,27.7063,85.3152
2021-01-25T09:00,13.0,43,0.8,873.7,1.5,315,Ratnapark,27.7063,85.3152
2021-01-25T10:00,14.8,35,-0.7,874.2,4.2,301,Ratnapark,27.7063,85.3152
2021-01-25T11:00,16.0,31,-1.2,873.9,5.5,302,Ratnapark,27.7063,85.3152
2021-01-25T12:00,16.8,30,-1.0,873.3,6.4,308,Ratnapark,27.7063,85.3152
2021-01-25T13:00,17.1,31,-0.3,872.6,7.6,315,Ratnapark,27.7063,85.3152
2021-01-25T14:00,17.0,34,0.8,872.0,8.7,308,Ratnapark,27.7063,85.3152
2021-01-25T15:00,16.0,39,2.1,871.5,9.8,306,Ratnapark,27.7063,85.3152
2021-01-25T16:00,14.3,47,3.0,871.1,9.2,318,Ratnapark,27.7063,85.3152
2021-01-25T17:00,10.8,61,3.6,870.4,8.8,325,Ratnapark,27.7063,85.3152
2021-01-25T18:00,10.0,67,4.0,870.8,5.7,325,Ratnapark,27.7063,85.3152
2021-01-25T19:00,8.5,76,4.6,870.9,6.5,326,Ratnapark,27.7063,85.3152
2021-01-25T20:00,10.0,69,4.6,871.9,5.6,310,Ratnapark,27.7063,85.3152
2021-01-25T21:00,9.3,72,4.6,871.6,3.6,186,Ratnapark,27.7063,85.3152
2021-01-25T22:00,5.3,88,3.5,869.4,5.8,176,Ratnapark,27.7063,85.3152
2021-01-25T23:00,4.8,89,3.2,868.5,4.4,171,Ratnapark,27.7063,85.3152
2021-01-26T00:00,4.2,90,2.7,867.6,3.0,166,Ratnapark,27.7063,85.3152
2021-01-26T01:00,3.8,88,2.0,867.2,2.2,171,Ratnapark,27.7063,85.3152
2021-01-26T02:00,3.4,85,1.1,866.2,1.8,169,Ratnapark,27.7063,85.3152
2021-01-26T03:00,3.3,80,0.2,865.6,2.2,171,Ratnapark,27.7063,85.3152
2021-01-26T04:00,3.1,79,-0.2,865.5,3.0,166,Ratnapark,27.7063,85.3152
2021-01-26T05:00,2.7,89,1.1,866.3,2.2,171,Ratnapark,27.7063,85.3152
2021-01-26T06:00,2.9,86,0.7,866.9,1.8,169,Ratnapark,27.7063,85.3152
2021-01-26T07:00,4.9,76,1.0,868.7,2.5,172,Ratnapark,27.7063,85.3152
2021-01-26T08:00,10.6,58,2.6,872.5,1.1,270,Ratnapark,27.7063,85.3152
2021-01-26T09:00,12.6,43,0.3,873.5,3.3,319,Ratnapark,27.7063,85.3152
2021-01-26T10:00,14.6,34,-1.2,874.2,3.2,333,Ratnapark,27.7063,85.3152
2021-01-26T11:00,16.4,30,-1.3,873.9,5.4,340,Ratnapark,27.7063,85.3152
2021-01-26T12:00,17.5,30,-0.3,873.0,6.8,328,Ratnapark,27.7063,85.3152
2021-01-26T13:00,17.9,31,0.7,872.1,8.7,318,Ratnapark,27.7063,85.3152
2021-01-26T14:00,17.7,34,1.6,871.4,10.4,316,Ratnapark,27.7063,85.3152
2021-01-26T15:00,16.7,38,2.5,870.7,10.9,316,Ratnapark,27.7063,85.3152
2021-01-26T16:00,15.0,45,3.0,870.2,8.5,324,Ratnapark,27.7063,85.3152
2021-01-26T17:00,11.1,59,3.3,869.0,9.1,326,Ratnapark,27.7063,85.3152
2021-01-26T18:00,9.6,64,3.2,869.1,8.2,311,Ratnapark,27.7063,85.3152
2021-01-26T19:00,9.2,70,4.1,870.1,6.6,292,Ratnapark,27.7063,85.3152
2021-01-26T20:00,9.7,72,5.0,870.5,4.3,228,Ratnapark,27.7063,85.3152
2021-01-26T21:00,8.4,79,4.9,870.2,3.3,186,Ratnapark,27.7063,85.3152
2021-01-26T22:00,6.0,86,3.9,868.8,3.6,180,Ratnapark,27.7063,85.3152
2021-01-26T23:00,4.7,89,3.1,867.6,4.0,175,Ratnapark,27.7063,85.3152
2021-01-27T00:00,4.5,87,2.4,866.8,3.7,169,Ratnapark,27.7063,85.3152
2021-01-27T01:00,4.0,82,1.2,865.9,3.0,166,Ratnapark,27.7063,85.3152
2021-01-27T02:00,3.6,72,-0.9,865.1,2.2,171,Ratnapark,27.7063,85.3152
2021-01-27T03:00,3.2,66,-2.5,864.7,1.8,169,Ratnapark,27.7063,85.3152
2021-01-27T04:00,6.4,47,-4.2,866.3,1.1,162,Ratnapark,27.7063,85.3152
2021-01-27T05:00,4.3,67,-1.3,866.0,4.1,165,Ratnapark,27.7063,85.3152
2021-01-27T06:00,3.7,69,-1.6,866.6,2.3,162,Ratnapark,27.7063,85.3152
2021-01-27T07:00,6.2,66,0.2,868.5,2.1,149,Ratnapark,27.7063,85.3152
2021-01-27T08:00,10.8,45,-0.8,871.5,3.5,114,Ratnapark,27.7063,85.3152
2021-01-27T09:00,13.3,36,-1.6,872.9,2.9,60,Ratnapark,27.7063,85.3152
2021-01-27T10:00,15.8,29,-2.2,873.7,4.0,360,Ratnapark,27.7063,85.3152
2021-01-27T11:00,17.8,23,-3.5,873.7,6.3,329,Ratnapark,27.7063,85.3152
2021-01-27T12:00,18.8,23,-2.9,873.1,8.7,315,Ratnapark,27.7063,85.3152
2021-01-27T13:00,18.9,27,-0.7,872.4,11.1,306,Ratnapark,27.7063,85.3152
2021-01-27T14:00,18.1,33,1.4,872.0,12.2,304,Ratnapark,27.7063,85.3152
2021-01-27T15:00,16.9,37,1.9,871.5,10.8,307,Ratnapark,27.7063,85.3152
2021-01-27T16:00,15.1,43,2.6,871.3,8.2,319,Ratnapark,27.7063,85.3152
2021-01-27T17:00,10.4,65,4.1,869.9,8.4,335,Ratnapark,27.7063,85.3152
2021-01-27T18:00,8.3,81,5.3,870.3,7.3,340,Ratnapark,27.7063,85.3152
2021-01-27T19:00,9.4,79,6.0,871.5,3.3,257,Ratnapark,27.7063,85.3152
2021-01-27T20:00,7.7,86,5.6,870.9,2.6,164,Ratnapark,27.7063,85.3152
2021-01-27T21:00,5.5,92,4.3,869.9,3.3,167,Ratnapark,27.7063,85.3152
2021-01-27T22:00,5.2,89,3.6,869.5,2.6,164,Ratnapark,27.7063,85.3152
2021-01-27T23:00,4.6,85,2.2,868.8,2.2,171,Ratnapark,27.7063,85.3152
2021-01-28T00:00,3.7,78,0.2,867.7,3.3,167,Ratnapark,27.7063,85.3152
2021-01-28T01:00,2.5,75,-1.5,866.5,4.5,166,Ratnapark,27.7063,85.3152
2021-01-28T02:00,2.2,71,-2.5,865.9,4.9,163,Ratnapark,27.7063,85.3152
2021-01-28T03:00,2.3,66,-3.4,865.9,3.9,158,Ratnapark,27.7063,85.3152
2021-01-28T04:00,2.5,61,-4.3,866.1,3.2,153,Ratnapark,27.7063,85.3152
2021-01-28T05:00,2.4,76,-1.3,867.2,3.5,156,Ratnapark,27.7063,85.3152
2021-01-28T06:00,3.0,67,-2.5,868.1,3.2,153,Ratnapark,27.7063,85.3152
2021-01-28T07:00,4.8,60,-2.4,869.9,6.0,155,Ratnapark,27.7063,85.3152
2021-01-28T08:00,10.9,46,-0.2,873.6,4.8,138,Ratnapark,27.7063,85.3152
2021-01-28T09:00,13.7,40,0.3,875.1,3.1,111,Ratnapark,27.7063,85.3152
2021-01-28T10:00,16.3,32,-0.4,875.9,0.7,90,Ratnapark,27.7063,85.3152
2021-01-28T11:00,17.9,28,-1.0,875.5,3.1,315,Ratnapark,27.7063,85.3152
2021-01-28T12:00,18.7,25,-1.7,874.5,7.4,309,Ratnapark,27.7063,85.3152
2021-01-28T13:00,18.6,28,-0.3,873.9,9.7,309,Ratnapark,27.7063,85.3152
2021-01-28T14:00,18.3,32,1.2,873.2,9.7,309,Ratnapark,27.7063,85.3152
2021-01-28T15:00,17.4,35,1.9,872.5,9.5,299,Ratnapark,27.7063,85.3152
2021-01-28T16:00,15.7,40,2.2,872.0,7.4,299,Ratnapark,27.7063,85.3152
2021-01-28T17:00,12.1,52,2.5,870.9,7.9,313,Ratnapark,27.7063,85.3152
2021-01-28T18:00,12.5,49,2.0,872.0,5.4,307,Ratnapark,27.7063,85.3152
2021-01-28T19:00,11.6,55,2.7,872.4,4.8,283,Ratnapark,27.7063,85.3152
2021-01-28T20:00,10.3,62,3.3,872.2,1.4,180,Ratnapark,27.7063,85.3152
2021-01-28T21:00,6.3,83,3.6,870.4,2.6,164,Ratnapark,27.7063,85.3152
2021-01-28T22:00,5.6,90,4.0,870.4,1.9,158,Ratnapark,27.7063,85.3152
2021-01-28T23:00,4.5,96,3.8,869.5,2.6,164,Ratnapark,27.7063,85.3152
2021-01-29T00:00,3.9,96,3.3,868.6,3.4,162,Ratnapark,27.7063,85.3152
2021-01-29T01:00,3.4,97,3.0,868.0,4.3,156,Ratnapark,27.7063,85.3152
2021-01-29T02:00,3.1,96,2.5,867.3,4.8,153,Ratnapark,27.7063,85.3152
2021-01-29T03:00,2.8,94,2.0,866.8,5.2,155,Ratnapark,27.7063,85.3152
2021-01-29T04:00,2.3,95,1.6,866.1,4.7,157,Ratnapark,27.7063,85.3152
2021-01-29T05:00,2.0,96,1.4,866.6,5.2,155,Ratnapark,27.7063,85.3152
2021-01-29T06:00,2.4,94,1.5,867.0,5.5,157,Ratnapark,27.7063,85.3152
2021-01-29T07:00,4.4,84,1.9,868.5,7.6,155,Ratnapark,27.7063,85.3152
2021-01-29T08:00,10.8,61,3.5,872.3,6.1,135,Ratnapark,27.7063,85.3152
2021-01-29T09:00,13.8,44,1.7,874.0,6.1,135,Ratnapark,27.7063,85.3152
2021-01-29T10:00,15.8,34,-0.1,874.6,5.8,158,Ratnapark,27.7063,85.3152
2021-01-29T11:00,17.0,25,-3.1,874.2,6.5,177,Ratnapark,27.7063,85.3152
2021-01-29T12:00,17.6,22,-4.2,873.4,6.8,180,Ratnapark,27.7063,85.3152
2021-01-29T13:00,17.7,22,-4.2,872.5,5.8,184,Ratnapark,27.7063,85.3152
2021-01-29T14:00,17.2,23,-4.1,871.4,4.8,193,Ratnapark,27.7063,85.3152
2021-01-29T15:00,16.1,26,-3.3,870.7,4.2,200,Ratnapark,27.7063,85.3152
2021-01-29T16:00,14.8,34,-1.1,870.3,5.5,212,Ratnapark,27.7063,85.3152
2021-01-29T17:00,11.0,58,3.1,869.4,6.6,229,Ratnapark,27.7063,85.3152
2021-01-29T18:00,9.7,62,2.8,869.5,5.5,247,Ratnapark,27.7063,85.3152
2021-01-29T19:00,8.2,70,3.1,869.5,7.1,255,Ratnapark,27.7063,85.3152
2021-01-29T20:00,8.5,76,4.5,870.1,5.5,247,Ratnapark,27.7063,85.3152
2021-01-29T21:00,9.0,78,5.4,870.7,0.7,180,Ratnapark,27.7063,85.3152
2021-01-29T22:00,8.5,83,5.9,870.2,1.4,180,Ratnapark,27.7063,85.3152
2021-01-29T23:00,6.4,92,5.2,869.1,2.2,180,Ratnapark,27.7063,85.3152
2021-01-30T00:00,5.3,96,4.7,868.1,1.4,180,Ratnapark,27.7063,85.3152
2021-01-30T01:00,4.8,99,4.7,867.5,1.8,180,Ratnapark,27.7063,85.3152
2021-01-30T02:00,5.0,100,4.9,866.9,2.2,171,Ratnapark,27.7063,85.3152
2021-01-30T03:00,4.2,100,4.2,866.1,2.9,173,Ratnapark,27.7063,85.3152
2021-01-30T04:00,3.8,100,3.8,865.8,3.7,169,Ratnapark,27.7063,85.3152
2021-01-30T05:00,3.4,95,2.6,866.0,3.0,166,Ratnapark,27.7063,85.3152
2021-01-30T06:00,3.0,95,2.3,866.5,2.2,171,Ratnapark,27.7063,85.3152
2021-01-30T07:00,5.3,90,3.7,868.3,1.8,169,Ratnapark,27.7063,85.3152
2021-01-30T08:00,8.8,62,1.9,870.5,2.1,59,Ratnapark,27.7063,85.3152
2021-01-30T09:00,10.9,44,-0.9,871.3,2.7,23,Ratnapark,27.7063,85.3152
2021-01-30T10:00,12.7,40,-0.6,871.9,4.0,360,Ratnapark,27.7063,85.3152
2021-01-30T11:00,14.3,35,-0.8,871.8,5.1,352,Ratnapark,27.7063,85.3152
2021-01-30T12:00,15.6,31,-1.4,871.1,7.1,336,Ratnapark,27.7063,85.3152
2021-01-30T13:00,15.9,30,-1.5,870.4,9.4,320,Ratnapark,27.7063,85.3152
2021-01-30T14:00,15.1,36,0.2,869.9,10.2,302,Ratnapark,27.7063,85.3152
2021-01-30T15:00,14.5,39,0.7,869.3,10.2,302,Ratnapark,27.7063,85.3152
2021-01-30T16:00,13.4,43,1.1,869.0,9.9,303,Ratnapark,27.7063,85.3152
2021-01-30T17:00,10.5,62,3.5,868.7,6.9,313,Ratnapark,27.7063,85.3152
2021-01-30T18:00,9.1,74,4.8,869.2,6.1,315,Ratnapark,27.7063,85.3152
2021-01-30T19:00,7.2,88,5.3,869.2,6.4,313,Ratnapark,27.7063,85.3152
2021-01-30T20:00,7.7,84,5.2,870.2,2.5,188,Ratnapark,27.7063,85.3152
2021-01-30T21:00,5.2,95,4.5,868.9,2.3,162,Ratnapark,27.7063,85.3152
2021-01-30T22:00,4.8,95,4.1,868.8,1.1,162,Ratnapark,27.7063,85.3152
2021-01-30T23:00,4.1,95,3.4,868.2,1.5,166,Ratnapark,27.7063,85.3152
2021-01-31T00:00,3.3,97,2.8,867.3,2.6,164,Ratnapark,27.7063,85.3152
2021-01-31T01:00,2.8,95,2.1,866.7,3.1,159,Ratnapark,27.7063,85.3152
2021-01-31T02:00,2.6,91,1.3,866.2,3.1,159,Ratnapark,27.7063,85.3152
2021-01-31T03:00,2.3,90,0.8,865.6,2.7,157,Ratnapark,27.7063,85.3152
2021-01-31T04:00,2.3,87,0.4,865.3,2.7,157,Ratnapark,27.7063,85.3152
2021-01-31T05:00,1.8,90,0.4,865.9,2.6,164,Ratnapark,27.7063,85.3152
2021-01-31T06:00,2.0,89,0.3,866.8,2.4,153,Ratnapark,27.7063,85.3152
2021-01-31T07:00,4.0,80,0.9,868.8,5.8,150,Ratnapark,27.7063,85.3152
2021-01-31T08:00,9.2,57,1.2,872.3,4.7,90,Ratnapark,27.7063,85.3152
2021-01-31T09:00,11.7,47,0.6,873.5,6.0,73,Ratnapark,27.7063,85.3152
2021-01-31T10:00,13.7,38,-0.3,874.1,5.8,86,Ratnapark,27.7063,85.3152
2021-01-31T11:00,15.2,34,-0.6,874.0,4.7,86,Ratnapark,27.7063,85.3152
2021-01-31T12:00,16.1,32,-0.5,873.3,3.3,84,Ratnapark,27.7063,85.3152
2021-01-31T13:00,16.6,31,-0.4,872.5,1.6,117,Ratnapark,27.7063,85.3152
2021-01-31T14:00,16.6,30,-1.2,871.9,1.9,248,Ratnapark,27.7063,85.3152
2021-01-31T15:00,15.7,32,-1.1,871.7,6.6,261,Ratnapark,27.7063,85.3152
2021-01-31T16:00,13.9,39,0.2,871.4,8.3,270,Ratnapark,27.7063,85.3152
2021-01-31T17:00,10.5,59,2.8,870.7,7.2,267,Ratnapark,27.7063,85.3152
2021-01-31T18:00,9.6,65,3.4,871.2,4.7,274,Ratnapark,27.7063,85.3152
2021-01-31T19:00,8.7,74,4.3,871.9,5.5,293,Ratnapark,27.7063,85.3152
2021-01-31T20:00,9.2,72,4.5,873.0,5.5,302,Ratnapark,27.7063,85.3152
2021-01-31T21:00,9.0,74,4.6,873.1,2.0,135,Ratnapark,27.7063,85.3152
2021-01-31T22:00,8.2,77,4.4,872.7,1.5,166,Ratnapark,27.7063,85.3152
2021-01-31T23:00,6.5,83,3.9,871.8,2.2,171,Ratnapark,27.7063,85.3152
2021-02-01T00:00,6.3,83,3.7,871.2,1.1,162,Ratnapark,27.7063,85.3152
2021-02-01T01:00,6.3,83,3.6,870.8,1.9,158,Ratnapark,27.7063,85.3152
2021-02-01T02:00,6.0,83,3.3,870.2,1.8,169,Ratnapark,27.7063,85.3152
2021-02-01T03:00,6.4,79,3.0,870.0,3.4,148,Ratnapark,27.7063,85.3152
2021-02-01T04:00,4.8,81,1.8,869.2,4.4,145,Ratnapark,27.7063,85.3152
2021-02-01T05:00,3.9,88,2.1,869.6,3.0,166,Ratnapark,27.7063,85.3152
2021-02-01T06:00,3.4,87,1.5,869.9,3.5,156,Ratnapark,27.7063,85.3152
2021-02-01T07:00,6.3,76,2.5,871.9,4.1,142,Ratnapark,27.7063,85.3152
2021-02-01T08:00,10.3,54,1.5,874.4,4.0,90,Ratnapark,27.7063,85.3152
2021-02-01T09:00,12.4,46,1.1,875.7,5.0,69,Ratnapark,27.7063,85.3152
2021-02-01T10:00,14.2,43,1.6,876.0,4.7,81,Ratnapark,27.7063,85.3152
2021-02-01T11:00,15.5,39,1.7,875.8,3.3,84,Ratnapark,27.7063,85.3152
2021-02-01T12:00,16.9,33,0.4,874.9,1.8,90,Ratnapark,27.7063,85.3152
2021-02-01T13:00,17.7,31,0.2,873.8,1.3,304,Ratnapark,27.7063,85.3152
2021-02-01T14:00,17.3,30,-0.3,873.1,5.5,281,Ratnapark,27.7063,85.3152
2021-02-01T15:00,15.8,34,0.0,872.6,7.3,279,Ratnapark,27.7063,85.3152
2021-02-01T16:00,14.2,41,1.2,872.3,7.9,286,Ratnapark,27.7063,85.3152
2021-02-01T17:00,11.8,55,3.0,871.9,6.5,251,Ratnapark,27.7063,85.3152
2021-02-01T18:00,10.3,59,2.6,872.2,5.6,285,Ratnapark,27.7063,85.3152
2021-02-01T19:00,8.7,71,3.8,872.5,8.2,322,Ratnapark,27.7063,85.3152
2021-02-01T20:00,10.6,60,3.1,873.8,5.2,25,Ratnapark,27.7063,85.3152
2021-02-01T21:00,10.1,60,2.7,873.4,3.4,108,Ratnapark,27.7063,85.3152
2021-02-01T22:00,9.2,62,2.4,873.0,3.8,131,Ratnapark,27.7063,85.3152
2021-02-01T23:00,8.6,63,2.0,872.3,3.3,139,Ratnapark,27.7063,85.3152
2021-02-02T00:00,7.1,68,1.5,871.2,3.6,143,Ratnapark,27.7063,85.3152
2021-02-02T01:00,5.8,71,0.9,870.1,4.2,149,Ratnapark,27.7063,85.3152
2021-02-02T02:00,4.9,73,0.6,869.3,5.2,146,Ratnapark,27.7063,85.3152
2021-02-02T03:00,4.5,74,0.3,868.7,5.4,143,Ratnapark,27.7063,85.3152
2021-02-02T04:00,4.5,74,0.2,868.5,4.7,148,Ratnapark,27.7063,85.3152
2021-02-02T05:00,4.0,79,0.8,869.1,5.3,152,Ratnapark,27.7063,85.3152
2021-02-02T06:00,4.1,79,0.8,869.7,3.9,146,Ratnapark,27.7063,85.3152
2021-02-02T07:00,5.9,73,1.5,871.5,6.1,140,Ratnapark,27.7063,85.3152
2021-02-02T08:00,10.9,53,1.8,874.8,5.4,94,Ratnapark,27.7063,85.3152
2021-02-02T09:00,13.7,42,0.9,876.0,7.3,81,Ratnapark,27.7063,85.3152
2021-02-02T10:00,15.5,37,0.8,876.4,6.8,93,Ratnapark,27.7063,85.3152
2021-02-02T11:00,17.0,35,1.3,876.1,4.9,107,Ratnapark,27.7063,85.3152
2021-02-02T12:00,17.8,34,1.6,875.5,3.1,126,Ratnapark,27.7063,85.3152
2021-02-02T13:00,18.2,33,1.8,874.5,1.8,143,Ratnapark,27.7063,85.3152
2021-02-02T14:00,18.1,34,1.8,873.9,1.0,225,Ratnapark,27.7063,85.3152
2021-02-02T15:00,17.3,35,1.5,873.8,4.3,265,Ratnapark,27.7063,85.3152
2021-02-02T16:00,15.7,41,2.4,873.5,6.5,276,Ratnapark,27.7063,85.3152
2021-02-02T17:00,12.0,56,3.4,872.3,8.7,246,Ratnapark,27.7063,85.3152
2021-02-02T18:00,10.4,62,3.4,872.4,7.4,256,Ratnapark,27.7063,85.3152
2021-02-02T19:00,10.1,64,3.6,873.1,6.8,252,Ratnapark,27.7063,85.3152
2021-02-02T20:00,11.5,59,3.8,874.1,4.1,232,Ratnapark,27.7063,85.3152
2021-02-02T21:00,11.4,62,4.4,874.3,2.2,171,Ratnapark,27.7063,85.3152
2021-02-02T22:00,11.0,65,4.6,874.4,2.1,149,Ratnapark,27.7063,85.3152
2021-02-02T23:00,10.3,68,4.6,873.7,2.3,162,Ratnapark,27.7063,85.3152
2021-02-03T00:00,9.1,72,4.3,872.7,3.1,159,Ratnapark,27.7063,85.3152
2021-02-03T01:00,6.4,82,3.6,870.8,4.2,160,Ratnapark,27.7063,85.3152
2021-02-03T02:00,5.1,87,3.1,869.6,4.3,156,Ratnapark,27.7063,85.3152
2021-02-03T03:00,5.1,86,2.9,869.1,3.1,159,Ratnapark,27.7063,85.3152
2021-02-03T04:00,4.7,87,2.7,868.8,2.7,157,Ratnapark,27.7063,85.3152
2021-02-03T05:00,3.5,92,2.3,868.9,3.9,158,Ratnapark,27.7063,85.3152
2021-02-03T06:00,3.1,91,1.7,869.4,3.9,158,Ratnapark,27.7063,85.3152
2021-02-03T07:00,5.3,78,1.8,871.2,4.6,162,Ratnapark,27.7063,85.3152
2021-02-03T08:00,12.2,53,2.9,875.1,2.6,124,Ratnapark,27.7063,85.3152
2021-02-03T09:00,14.7,41,1.7,876.5,2.5,8,Ratnapark,27.7063,85.3152
2021-02-03T10:00,16.2,37,1.6,876.7,3.5,336,Ratnapark,27.7063,85.3152
2021-02-03T11:00,17.6,33,0.9,876.3,4.1,322,Ratnapark,27.7063,85.3152
2021-02-03T12:00,18.5,30,0.7,875.5,5.1,309,Ratnapark,27.7063,85.3152
2021-02-03T13:00,18.8,30,0.9,874.7,6.1,298,Ratnapark,27.7063,85.3152
2021-02-03T14:00,18.7,31,1.3,874.3,7.6,295,Ratnapark,27.7063,85.3152
2021-02-03T15:00,17.8,34,1.7,873.8,9.2,296,Ratnapark,27.7063,85.3152
2021-02-03T16:00,16.4,38,1.9,873.5,9.0,307,Ratnapark,27.7063,85.3152
2021-02-03T17:00,12.7,49,2.4,871.9,9.8,294,Ratnapark,27.7063,85.3152
2021-02-03T18:00,11.1,55,2.4,872.1,8.7,294,Ratnapark,27.7063,85.3152
2021-02-03T19:00,11.4,56,2.8,872.9,7.6,275,Ratnapark,27.7063,85.3152
2021-02-03T20:00,12.4,51,2.5,874.1,5.6,255,Ratnapark,27.7063,85.3152
2021-02-03T21:00,11.8,53,2.7,874.3,2.2,180,Ratnapark,27.7063,85.3152
2021-02-03T22:00,9.7,63,2.9,873.3,2.5,172,Ratnapark,27.7063,85.3152
2021-02-03T23:00,7.5,73,2.9,872.0,2.9,173,Ratnapark,27.7063,85.3152
2021-02-04T00:00,6.1,79,2.7,870.8,3.0,166,Ratnapark,27.7063,85.3152
2021-02-04T01:00,5.8,79,2.5,870.4,3.4,162,Ratnapark,27.7063,85.3152
2021-02-04T02:00,5.4,79,2.1,869.9,2.6,164,Ratnapark,27.7063,85.3152
2021-02-04T03:00,5.1,79,1.7,869.3,2.3,162,Ratnapark,27.7063,85.3152
2021-02-04T04:00,4.6,79,1.4,869.1,1.9,158,Ratnapark,27.7063,85.3152
2021-02-04T05:00,4.2,83,1.6,869.4,3.9,158,Ratnapark,27.7063,85.3152
2021-02-04T06:00,3.8,84,1.3,869.8,3.9,158,Ratnapark,27.7063,85.3152
2021-02-04T07:00,5.9,74,1.7,871.5,5.3,152,Ratnapark,27.7063,85.3152
2021-02-04T08:00,12.4,52,2.9,875.1,4.7,122,Ratnapark,27.7063,85.3152
2021-02-04T09:00,15.2,39,1.4,876.5,1.9,68,Ratnapark,27.7063,85.3152
2021-02-04T10:00,17.1,32,0.3,876.7,4.2,329,Ratnapark,27.7063,85.3152
2021-02-04T11:00,18.5,27,-0.7,876.3,7.4,309,Ratnapark,27.7063,85.3152
2021-02-04T12:00,19.3,26,-0.9,875.4,10.4,304,Ratnapark,27.7063,85.3152
2021-02-04T13:00,19.4,28,0.3,874.8,12.2,304,Ratnapark,27.7063,85.3152
2021-02-04T14:00,19.1,28,-0.1,874.2,12.5,303,Ratnapark,27.7063,85.3152
2021-02-04T15:00,18.4,28,-0.4,873.8,11.2,303,Ratnapark,27.7063,85.3152
2021-02-04T16:00,17.0,34,1.0,873.4,7.0,305,Ratnapark,27.7063,85.3152
2021-02-04T17:00,14.4,39,0.6,872.5,8.0,306,Ratnapark,27.7063,85.3152
2021-02-04T18:00,14.8,36,-0.3,873.4,5.7,288,Ratnapark,27.7063,85.3152
2021-02-04T19:00,14.3,38,0.3,873.8,6.5,276,Ratnapark,27.7063,85.3152
2021-02-04T20:00,12.3,49,1.8,873.5,6.9,261,Ratnapark,27.7063,85.3152
2021-02-04T21:00,13.3,47,2.2,874.3,5.7,235,Ratnapark,27.7063,85.3152
2021-02-04T22:00,12.5,51,2.7,873.9,5.2,214,Ratnapark,27.7063,85.3152
2021-02-04T23:00,12.1,52,2.6,873.4,4.1,195,Ratnapark,27.7063,85.3152
2021-02-05T00:00,10.3,58,2.3,871.8,3.6,186,Ratnapark,27.7063,85.3152
2021-02-05T01:00,9.1,60,1.8,870.8,2.5,180,Ratnapark,27.7063,85.3152
2021-02-05T02:00,9.3,57,1.2,870.5,2.2,180,Ratnapark,27.7063,85.3152
2021-02-05T03:00,8.4,59,0.9,869.8,1.1,162,Ratnapark,27.7063,85.3152
2021-02-05T04:00,7.3,64,0.9,869.2,3.4,148,Ratnapark,27.7063,85.3152
2021-02-05T05:00,6.4,70,1.3,869.6,6.6,151,Ratnapark,27.7063,85.3152
2021-02-05T06:00,6.0,72,1.4,869.9,3.9,158,Ratnapark,27.7063,85.3152
2021-02-05T07:00,8.4,65,2.2,871.7,1.9,158,Ratnapark,27.7063,85.3152
2021-02-05T08:00,13.4,50,3.1,874.9,2.1,329,Ratnapark,27.7063,85.3152
2021-02-05T09:00,15.0,44,2.7,876.0,7.9,300,Ratnapark,27.7063,85.3152
2021-02-05T10:00,16.2,39,2.4,876.2,11.0,302,Ratnapark,27.7063,85.3152
2021-02-05T11:00,16.9,37,2.0,876.1,13.8,303,Ratnapark,27.7063,85.3152
2021-02-05T12:00,16.3,38,1.9,875.0,14.4,307,Ratnapark,27.7063,85.3152
2021-02-05T13:00,15.3,45,3.5,874.3,11.5,321,Ratnapark,27.7063,85.3152
2021-02-05T14:00,15.0,47,3.7,873.6,10.2,321,Ratnapark,27.7063,85.3152
2021-02-05T15:00,14.6,47,3.4,873.2,8.0,342,Ratnapark,27.7063,85.3152
2021-02-05T16:00,13.6,49,3.1,872.9,7.2,342,Ratnapark,27.7063,85.3152
2021-02-05T17:00,10.4,84,7.7,872.6,2.1,329,Ratnapark,27.7063,85.3152
2021-02-05T18:00,9.8,92,8.5,872.5,1.5,135,Ratnapark,27.7063,85.3152
2021-02-05T19:00,9.6,93,8.6,872.6,3.1,144,Ratnapark,27.7063,85.3152
2021-02-05T20:00,9.4,93,8.4,872.9,4.0,117,Ratnapark,27.7063,85.3152
2021-02-05T21:00,9.1,91,7.7,872.1,9.0,95,Ratnapark,27.7063,85.3152
2021-02-05T22:00,8.5,89,6.8,871.7,8.4,100,Ratnapark,27.7063,85.3152
2021-02-05T23:00,7.3,93,6.3,871.1,6.1,130,Ratnapark,27.7063,85.3152
2021-02-06T00:00,6.5,96,5.8,870.2,4.4,145,Ratnapark,27.7063,85.3152
2021-02-06T01:00,6.9,96,6.3,869.9,4.6,141,Ratnapark,27.7063,85.3152
2021-02-06T02:00,7.2,94,6.3,869.4,7.4,129,Ratnapark,27.7063,85.3152
2021-02-06T03:00,7.3,92,6.2,869.3,8.4,130,Ratnapark,27.7063,85.3152
2021-02-06T04:00,6.9,91,5.5,869.0,7.9,120,Ratnapark,27.7063,85.3152
2021-02-06T05:00,5.5,95,4.8,868.4,5.7,145,Ratnapark,27.7063,85.3152
2021-02-06T06:00,5.2,95,4.4,868.9,4.7,157,Ratnapark,27.7063,85.3152
2021-02-06T07:00,6.2,94,5.3,870.1,5.7,162,Ratnapark,27.7063,85.3152
2021-02-06T08:00,10.2,77,6.3,872.6,4.3,132,Ratnapark,27.7063,85.3152
2021-02-06T09:00,12.6,56,4.0,873.9,4.6,141,Ratnapark,27.7063,85.3152
2021-02-06T10:00,14.1,49,3.7,874.0,2.4,153,Ratnapark,27.7063,85.3152
2021-02-06T11:00,15.1,47,4.0,873.4,0.5,135,Ratnapark,27.7063,85.3152
2021-02-06T12:00,13.8,53,4.2,872.1,6.1,208,Ratnapark,27.7063,85.3152
2021-02-06T13:00,10.0,73,5.4,871.5,5.0,249,Ratnapark,27.7063,85.3152
2021-02-06T14:00,10.9,70,5.7,870.8,4.1,315,Ratnapark,27.7063,85.3152
2021-02-06T15:00,10.0,74,5.6,870.3,3.3,41,Ratnapark,27.7063,85.3152
2021-02-06T16:00,9.3,77,5.4,870.1,4.0,27,Ratnapark,27.7063,85.3152
2021-02-06T17:00,8.3,87,6.2,869.9,1.6,153,Ratnapark,27.7063,85.3152
2021-02-06T18:00,7.4,95,6.6,869.7,2.9,180,Ratnapark,27.7063,85.3152
2021-02-06T19:00,7.3,93,6.3,870.3,1.8,169,Ratnapark,27.7063,85.3152
2021-02-06T20:00,5.6,95,4.9,869.9,4.4,145,Ratnapark,27.7063,85.3152
2021-02-06T21:00,5.4,95,4.7,869.7,3.4,162,Ratnapark,27.7063,85.3152
2021-02-06T22:00,4.2,96,3.6,869.3,3.3,167,Ratnapark,27.7063,85.3152
2021-02-06T23:00,3.8,96,3.3,869.0,2.2,171,Ratnapark,27.7063,85.3152
2021-02-07T00:00,3.6,96,3.0,868.4,1.5,166,Ratnapark,27.7063,85.3152
2021-02-07T01:00,3.3,96,2.7,867.6,1.5,166,Ratnapark,27.7063,85.3152
2021-02-07T02:00,3.5,96,2.9,867.3,2.3,162,Ratnapark,27.7063,85.3152
2021-02-07T03:00,2.9,98,2.5,867.1,2.2,171,Ratnapark,27.7063,85.3152
2021-02-07T04:00,2.7,98,2.4,867.1,1.5,166,Ratnapark,27.7063,85.3152
2021-02-07T05:00,3.3,91,2.0,867.6,2.6,164,Ratnapark,27.7063,85.3152
2021-02-07T06:00,5.2,79,1.9,869.4,3.7,151,Ratnapark,27.7063,85.3152
2021-02-07T07:00,6.2,79,2.8,870.8,3.1,144,Ratnapark,27.7063,85.3152
2021-02-07T08:00,9.0,74,4.7,872.8,3.4,122,Ratnapark,27.7063,85.3152
2021-02-07T09:00,11.4,52,1.8,874.6,0.5,315,Ratnapark,27.7063,85.3152
2021-02-07T10:00,13.6,45,1.8,875.1,1.6,297,Ratnapark,27.7063,85.3152
2021-02-07T11:00,15.5,40,1.8,875.0,3.5,294,Ratnapark,27.7063,85.3152
2021-02-07T12:00,16.9,35,1.4,874.0,7.8,283,Ratnapark,27.7063,85.3152
2021-02-07T13:00,17.3,33,0.9,873.2,8.4,295,Ratnapark,27.7063,85.3152
2021-02-07T14:00,17.1,33,0.5,872.8,9.3,306,Ratnapark,27.7063,85.3152
2021-02-07T15:00,16.1,34,0.1,872.6,9.0,323,Ratnapark,27.7063,85.3152
2021-02-07T16:00,14.9,37,0.5,872.4,6.8,328,Ratnapark,27.7063,85.3152
2021-02-07T17:00,13.4,41,0.5,872.5,6.6,299,Ratnapark,27.7063,85.3152
2021-02-07T18:00,13.0,41,-0.1,873.0,5.7,288,Ratnapark,27.7063,85.3152
2021-02-07T19:00,12.5,43,0.2,873.5,6.0,287,Ratnapark,27.7063,85.3152
2021-02-07T20:00,11.9,46,0.5,873.9,4.1,285,Ratnapark,27.7063,85.3152
2021-02-07T21:00,11.2,49,0.9,873.9,0.4,180,Ratnapark,27.7063,85.3152
2021-02-07T22:00,8.2,61,1.2,872.7,2.7,157,Ratnapark,27.7063,85.3152
2021-02-07T23:00,5.5,74,1.2,871.3,4.5,151,Ratnapark,27.7063,85.3152
2021-02-08T00:00,4.3,80,1.2,870.2,4.3,156,Ratnapark,27.7063,85.3152
2021-02-08T01:00,4.4,79,1.1,869.7,3.7,151,Ratnapark,27.7063,85.3152
2021-02-08T02:00,3.9,81,0.9,869.0,5.0,159,Ratnapark,27.7063,85.3152
2021-02-08T03:00,3.1,84,0.7,868.2,4.9,163,Ratnapark,27.7063,85.3152
2021-02-08T04:00,3.0,85,0.6,868.1,4.1,165,Ratnapark,27.7063,85.3152
2021-02-08T05:00,3.2,88,1.4,868.6,3.8,163,Ratnapark,27.7063,85.3152
2021-02-08T06:00,3.6,88,1.9,869.5,4.3,156,Ratnapark,27.7063,85.3152
2021-02-08T07:00,6.0,81,2.9,871.3,6.3,149,Ratnapark,27.7063,85.3152
2021-02-08T08:00,12.0,57,3.6,874.9,4.4,125,Ratnapark,27.7063,85.3152
2021-02-08T09:00,15.0,43,2.5,876.2,1.8,101,Ratnapark,27.7063,85.3152
2021-02-08T10:00,17.1,37,2.2,876.6,1.9,292,Ratnapark,27.7063,85.3152
2021-02-08T11:00,18.8,30,0.9,876.1,6.0,303,Ratnapark,27.7063,85.3152
2021-02-08T12:00,19.7,27,0.1,875.3,8.4,310,Ratnapark,27.7063,85.3152
2021-02-08T13:00,20.2,25,-0.3,874.2,8.7,315,Ratnapark,27.7063,85.3152
2021-02-08T14:00,20.2,25,-0.4,873.6,8.4,320,Ratnapark,27.7063,85.3152
2021-02-08T15:00,19.5,26,-0.5,873.1,8.2,322,Ratnapark,27.7063,85.3152
2021-02-08T16:00,17.6,35,2.1,872.8,5.4,318,Ratnapark,27.7063,85.3152
2021-02-08T17:00,14.6,40,1.0,871.5,8.4,310,Ratnapark,27.7063,85.3152
2021-02-08T18:00,15.2,33,-1.0,872.4,5.4,262,Ratnapark,27.7063,85.3152
2021-02-08T19:00,14.0,37,-0.5,872.3,4.2,211,Ratnapark,27.7063,85.3152
2021-02-08T20:00,10.4,52,0.8,871.0,4.0,190,Ratnapark,27.7063,85.3152
2021-02-08T21:00,8.5,61,1.4,870.1,4.3,185,Ratnapark,27.7063,85.3152
2021-02-08T22:00,7.5,66,1.5,869.7,3.6,180,Ratnapark,27.7063,85.3152
2021-02-08T23:00,7.0,67,1.3,869.2,3.3,174,Ratnapark,27.7063,85.3152
2021-02-09T00:00,6.6,66,0.6,868.5,3.0,166,Ratnapark,27.7063,85.3152
2021-02-09T01:00,6.4,63,-0.2,867.6,4.2,160,Ratnapark,27.7063,85.3152
2021-02-09T02:00,6.3,61,-0.7,866.9,5.6,153,Ratnapark,27.7063,85.3152
2021-02-09T03:00,6.1,60,-1.0,866.5,5.6,153,Ratnapark,27.7063,85.3152
2021-02-09T04:00,6.1,60,-1.2,866.6,5.7,145,Ratnapark,27.7063,85.3152
2021-02-09T05:00,6.0,59,-1.5,867.2,5.3,152,Ratnapark,27.7063,85.3152
2021-02-09T06:00,5.7,60,-1.5,867.4,4.8,153,Ratnapark,27.7063,85.3152
2021-02-09T07:00,7.3,61,0.3,869.1,5.5,157,Ratnapark,27.7063,85.3152
2021-02-09T08:00,13.5,48,2.8,872.8,5.2,124,Ratnapark,27.7063,85.3152
2021-02-09T09:00,16.8,37,1.8,874.5,6.9,96,Ratnapark,27.7063,85.3152
2021-02-09T10:00,18.9,33,2.2,875.1,7.3,99,Ratnapark,27.7063,85.3152
2021-02-09T11:00,20.4,31,2.9,874.9,6.4,106,Ratnapark,27.7063,85.3152
2021-02-09T12:00,21.3,32,3.8,874.1,5.0,111,Ratnapark,27.7063,85.3152
2021-02-09T13:00,21.4,33,4.3,873.1,2.0,135,Ratnapark,27.7063,85.3152
2021-02-09T14:00,21.0,33,3.9,872.4,2.2,270,Ratnapark,27.7063,85.3152
2021-02-09T15:00,20.1,35,4.0,871.8,5.2,304,Ratnapark,27.7063,85.3152
2021-02-09T16:00,18.3,48,6.9,871.5,7.0,305,Ratnapark,27.7063,85.3152
2021-02-09T17:00,14.2,71,8.9,870.1,10.0,300,Ratnapark,27.7063,85.3152
2021-02-09T18:00,12.5,77,8.5,870.4,7.6,295,Ratnapark,27.7063,85.3152
2021-02-09T19:00,11.1,83,8.3,870.6,8.3,288,Ratnapark,27.7063,85.3152
2021-02-09T20:00,12.4,75,8.2,872.0,6.3,294,Ratnapark,27.7063,85.3152
2021-02-09T21:00,12.7,74,8.2,872.3,4.9,306,Ratnapark,27.7063,85.3152
2021-02-09T22:00,12.3,75,8.0,871.8,2.4,207,Ratnapark,27.7063,85.3152
2021-02-09T23:00,11.7,75,7.5,871.2,1.8,169,Ratnapark,27.7063,85.3152
2021-02-10T00:00,8.8,84,6.3,869.0,2.6,164,Ratnapark,27.7063,85.3152
2021-02-10T01:00,7.1,89,5.5,867.5,2.9,173,Ratnapark,27.7063,85.3152
2021-02-10T02:00,6.8,89,5.1,866.7,1.9,158,Ratnapark,27.7063,85.3152
2021-02-10T03:00,6.3,91,5.0,866.3,2.6,164,Ratnapark,27.7063,85.3152
2021-02-10T04:00,6.3,89,4.7,866.4,1.1,162,Ratnapark,27.7063,85.3152
2021-02-10T05:00,6.0,95,5.2,866.8,2.3,162,Ratnapark,27.7063,85.3152
2021-02-10T06:00,5.4,98,5.1,867.0,2.4,153,Ratnapark,27.7063,85.3152
2021-02-10T07:00,7.4,91,6.0,868.3,4.7,157,Ratnapark,27.7063,85.3152
2021-02-10T08:00,13.1,69,7.5,871.7,4.1,128,Ratnapark,27.7063,85.3152
2021-02-10T09:00,15.5,55,6.4,872.9,3.3,77,Ratnapark,27.7063,85.3152
2021-02-10T10:00,17.3,45,5.3,873.3,3.1,54,Ratnapark,27.7063,85.3152
2021-02-10T11:00,18.4,39,4.4,873.0,3.9,22,Ratnapark,27.7063,85.3152
2021-02-10T12:00,19.2,37,4.1,872.1,4.7,351,Ratnapark,27.7063,85.3152
2021-02-10T13:00,19.0,38,4.2,871.3,6.5,326,Ratnapark,27.7063,85.3152
2021-02-10T14:00,18.4,40,4.7,870.8,9.2,318,Ratnapark,27.7063,85.3152
2021-02-10T15:00,17.3,47,5.8,870.5,10.7,318,Ratnapark,27.7063,85.3152
2021-02-10T16:00,15.9,52,6.1,870.4,8.4,329,Ratnapark,27.7063,85.3152
2021-02-10T17:00,13.9,68,8.1,869.7,6.8,328,Ratnapark,27.7063,85.3152
2021-02-10T18:00,12.7,72,7.8,869.7,5.8,330,Ratnapark,27.7063,85.3152
2021-02-10T19:00,11.6,75,7.3,870.1,6.5,326,Ratnapark,27.7063,85.3152
2021-02-10T20:00,11.2,81,8.0,870.4,6.3,301,Ratnapark,27.7063,85.3152
2021-02-10T21:00,11.6,79,8.1,870.8,3.8,197,Ratnapark,27.7063,85.3152
2021-02-10T22:00,10.3,84,7.8,870.4,1.5,166,Ratnapark,27.7063,85.3152
2021-02-10T23:00,8.1,92,6.8,869.3,2.5,172,Ratnapark,27.7063,85.3152
2021-02-11T00:00,7.6,93,6.6,868.7,2.5,172,Ratnapark,27.7063,85.3152
2021-02-11T01:00,6.9,96,6.2,867.5,2.2,171,Ratnapark,27.7063,85.3152
2021-02-11T02:00,6.7,96,6.1,866.6,1.8,169,Ratnapark,27.7063,85.3152
2021-02-11T03:00,6.5,97,6.0,866.3,1.9,158,Ratnapark,27.7063,85.3152
2021-02-11T04:00,5.9,98,5.6,866.1,2.6,164,Ratnapark,27.7063,85.3152
2021-02-11T05:00,5.6,100,5.6,867.1,2.9,180,Ratnapark,27.7063,85.3152
2021-02-11T06:00,6.2,100,6.2,867.9,0.8,153,Ratnapark,27.7063,85.3152
2021-02-11T07:00,7.8,97,7.4,869.2,6.0,147,Ratnapark,27.7063,85.3152
2021-02-11T08:00,12.6,78,8.9,872.3,2.9,97,Ratnapark,27.7063,85.3152
2021-02-11T09:00,14.8,68,9.1,873.1,1.1,72,Ratnapark,27.7063,85.3152
2021-02-11T10:00,16.6,59,8.6,873.5,2.9,7,Ratnapark,27.7063,85.3152
2021-02-11T11:00,18.0,52,7.9,873.5,5.2,335,Ratnapark,27.7063,85.3152
2021-02-11T12:00,19.0,43,6.3,872.6,8.6,327,Ratnapark,27.7063,85.3152
2021-02-11T13:00,19.5,39,5.1,871.8,9.3,324,Ratnapark,27.7063,85.3152
2021-02-11T14:00,19.2,40,5.1,871.1,10.2,318,Ratnapark,27.7063,85.3152
2021-02-11T15:00,18.3,45,6.0,870.7,9.9,314,Ratnapark,27.7063,85.3152
2021-02-11T16:00,17.2,50,6.8,870.3,8.2,319,Ratnapark,27.7063,85.3152
2021-02-11T17:00,14.9,55,6.0,869.8,7.2,307,Ratnapark,27.7063,85.3152
2021-02-11T18:00,14.8,54,5.6,870.9,5.6,310,Ratnapark,27.7063,85.3152
2021-02-11T19:00,14.0,65,7.5,871.6,6.8,295,Ratnapark,27.7063,85.3152
2021-02-11T20:00,13.2,74,8.7,871.8,4.8,283,Ratnapark,27.7063,85.3152
2021-02-11T21:00,12.3,80,9.0,871.7,1.1,180,Ratnapark,27.7063,85.3152
2021-02-11T22:00,11.5,83,8.8,871.7,0.8,153,Ratnapark,27.7063,85.3152
2021-02-11T23:00,9.2,91,7.7,870.4,2.7,157,Ratnapark,27.7063,85.3152
2021-02-12T00:00,7.5,95,6.8,869.5,3.4,162,Ratnapark,27.7063,85.3152
2021-02-12T01:00,7.5,96,6.9,869.1,3.2,153,Ratnapark,27.7063,85.3152
2021-02-12T02:00,7.3,97,6.9,868.4,3.4,162,Ratnapark,27.7063,85.3152
2021-02-12T03:00,6.3,100,6.2,867.9,3.4,162,Ratnapark,27.7063,85.3152
2021-02-12T04:00,5.7,100,5.7,868.0,3.4,162,Ratnapark,27.7063,85.3152
2021-02-12T05:00,5.8,100,5.8,868.4,5.5,157,Ratnapark,27.7063,85.3152
2021-02-12T06:00,5.7,100,5.7,869.2,5.5,157,Ratnapark,27.7063,85.3152
2021-02-12T07:00,8.6,94,7.6,871.0,6.4,153,Ratnapark,27.7063,85.3152
2021-02-12T08:00,13.1,77,9.3,873.6,3.3,131,Ratnapark,27.7063,85.3152
2021-02-12T09:00,15.3,67,9.2,874.7,0.4,180,Ratnapark,27.7063,85.3152
2021-02-12T10:00,16.8,60,9.0,875.2,2.6,304,Ratnapark,27.7063,85.3152
2021-02-12T11:00,18.1,52,8.0,875.0,3.7,299,Ratnapark,27.7063,85.3152
2021-02-12T12:00,18.7,47,7.3,874.1,6.0,303,Ratnapark,27.7063,85.3152
2021-02-12T13:00,19.1,45,7.0,873.2,7.3,303,Ratnapark,27.7063,85.3152
2021-02-12T14:00,18.8,48,7.6,872.3,9.9,314,Ratnapark,27.7063,85.3152
2021-02-12T15:00,17.9,53,8.0,871.9,10.5,322,Ratnapark,27.7063,85.3152
2021-02-12T16:00,17.0,55,7.9,871.6,8.4,310,Ratnapark,27.7063,85.3152
2021-02-12T17:00,14.4,66,8.1,870.5,6.6,311,Ratnapark,27.7063,85.3152
2021-02-12T18:00,12.8,73,8.2,870.4,6.7,306,Ratnapark,27.7063,85.3152
2021-02-12T19:00,13.9,67,7.9,871.4,3.7,241,Ratnapark,27.7063,85.3152
2021-02-12T20:00,13.4,71,8.2,871.7,3.3,193,Ratnapark,27.7063,85.3152
2021-02-12T21:00,12.1,78,8.3,871.6,2.2,189,Ratnapark,27.7063,85.3152
2021-02-12T22:00,11.0,84,8.5,871.6,1.1,180,Ratnapark,27.7063,85.3152
2021-02-12T23:00,11.2,84,8.6,871.8,1.5,166,Ratnapark,27.7063,85.3152
2021-02-13T00:00,8.8,93,7.8,870.3,2.4,153,Ratnapark,27.7063,85.3152
2021-02-13T01:00,8.3,97,7.8,869.6,1.8,169,Ratnapark,27.7063,85.3152
2021-02-13T02:00,7.4,99,7.2,868.8,2.2,171,Ratnapark,27.7063,85.3152
2021-02-13T03:00,6.9,99,6.7,868.3,3.0,166,Ratnapark,27.7063,85.3152
2021-02-13T04:00,6.6,98,6.4,868.0,3.4,162,Ratnapark,27.7063,85.3152
2021-02-13T05:00,5.9,100,5.9,868.7,4.7,157,Ratnapark,27.7063,85.3152
2021-02-13T06:00,6.1,99,6.0,869.3,4.3,156,Ratnapark,27.7063,85.3152
2021-02-13T07:00,8.6,91,7.2,871.4,5.8,150,Ratnapark,27.7063,85.3152
2021-02-13T08:00,13.7,71,8.5,874.3,4.0,95,Ratnapark,27.7063,85.3152
2021-02-13T09:00,15.5,62,8.4,874.9,2.5,90,Ratnapark,27.7063,85.3152
2021-02-13T10:00,17.3,55,8.3,875.2,1.3,34,Ratnapark,27.7063,85.3152
2021-02-13T11:00,18.6,49,7.7,874.9,3.4,342,Ratnapark,27.7063,85.3152
2021-02-13T12:00,19.2,46,7.5,874.1,5.2,335,Ratnapark,27.7063,85.3152
2021-02-13T13:00,19.6,46,7.6,873.4,7.2,307,Ratnapark,27.7063,85.3152
2021-02-13T14:00,19.0,50,8.2,872.6,8.3,304,Ratnapark,27.7063,85.3152
2021-02-13T15:00,18.2,54,8.8,872.1,8.0,297,Ratnapark,27.7063,85.3152
2021-02-13T16:00,17.4,57,8.9,872.0,7.6,295,Ratnapark,27.7063,85.3152
2021-02-13T17:00,15.7,69,9.9,871.4,6.9,261,Ratnapark,27.7063,85.3152
2021-02-13T18:00,14.2,72,9.1,871.6,5.6,255,Ratnapark,27.7063,85.3152
2021-02-13T19:00,13.4,78,9.7,872.2,5.8,274,Ratnapark,27.7063,85.3152
2021-02-13T20:00,13.9,75,9.6,873.2,5.0,270,Ratnapark,27.7063,85.3152
2021-02-13T21:00,13.7,78,10.0,873.4,4.0,280,Ratnapark,27.7063,85.3152
2021-02-13T22:00,13.1,83,10.2,873.2,2.5,180,Ratnapark,27.7063,85.3152
2021-02-13T23:00,12.5,87,10.4,873.0,0.7,180,Ratnapark,27.7063,85.3152
2021-02-14T00:00,11.3,93,10.2,872.0,1.1,162,Ratnapark,27.7063,85.3152
2021-02-14T01:00,10.3,97,9.9,871.2,1.8,169,Ratnapark,27.7063,85.3152
2021-02-14T02:00,10.4,98,10.1,870.4,2.2,171,Ratnapark,27.7063,85.3152
2021-02-14T03:00,10.0,100,10.0,869.6,3.3,167,Ratnapark,27.7063,85.3152
2021-02-14T04:00,8.8,99,8.7,869.0,1.8,169,Ratnapark,27.7063,85.3152
2021-02-14T05:00,8.7,100,8.7,869.8,1.5,166,Ratnapark,27.7063,85.3152
2021-02-14T06:00,8.3,99,8.2,870.1,2.4,153,Ratnapark,27.7063,85.3152
2021-02-14T07:00,10.4,93,9.3,871.8,5.1,135,Ratnapark,27.7063,85.3152
2021-02-14T08:00,14.0,77,10.1,874.0,4.7,94,Ratnapark,27.7063,85.3152
2021-02-14T09:00,16.1,64,9.2,874.8,4.7,94,Ratnapark,27.7063,85.3152
2021-02-14T10:00,17.5,55,8.4,874.8,3.6,84,Ratnapark,27.7063,85.3152
2021-02-14T11:00,18.7,49,7.8,874.5,1.3,56,Ratnapark,27.7063,85.3152
2021-02-14T12:00,19.1,48,8.0,873.5,3.1,249,Ratnapark,27.7063,85.3152
2021-02-14T13:00,18.2,52,8.2,872.6,5.4,278,Ratnapark,27.7063,85.3152
2021-02-14T14:00,16.8,63,9.6,872.0,8.0,306,Ratnapark,27.7063,85.3152
2021-02-14T15:00,16.1,67,10.0,871.3,7.9,313,Ratnapark,27.7063,85.3152
2021-02-14T16:00,14.3,79,10.7,870.9,7.1,300,Ratnapark,27.7063,85.3152
2021-02-14T17:00,14.4,76,10.2,870.6,5.9,308,Ratnapark,27.7063,85.3152
2021-02-14T18:00,12.7,84,10.1,870.2,4.8,297,Ratnapark,27.7063,85.3152
2021-02-14T19:00,13.4,78,9.6,871.1,4.5,256,Ratnapark,27.7063,85.3152
2021-02-14T20:00,13.0,80,9.7,871.4,4.3,222,Ratnapark,27.7063,85.3152
2021-02-14T21:00,11.1,89,9.4,870.7,4.0,190,Ratnapark,27.7063,85.3152
2021-02-14T22:00,10.1,93,9.0,870.3,3.3,186,Ratnapark,27.7063,85.3152
2021-02-14T23:00,9.9,94,8.9,870.4,1.5,166,Ratnapark,27.7063,85.3152
2021-02-15T00:00,8.9,96,8.4,869.5,1.1,162,Ratnapark,27.7063,85.3152
2021-02-15T01:00,8.7,97,8.2,869.1,2.3,162,Ratnapark,27.7063,85.3152
2021-02-15T02:00,8.4,97,7.9,868.3,2.2,171,Ratnapark,27.7063,85.3152
2021-02-15T03:00,8.1,98,7.7,867.6,2.2,171,Ratnapark,27.7063,85.3152
2021-02-15T04:00,7.9,98,7.5,867.2,2.3,162,Ratnapark,27.7063,85.3152
2021-02-15T05:00,8.4,99,8.3,868.1,2.3,162,Ratnapark,27.7063,85.3152
2021-02-15T06:00,7.9,99,7.8,868.0,3.4,162,Ratnapark,27.7063,85.3152
2021-02-15T07:00,9.3,96,8.7,869.2,5.2,155,Ratnapark,27.7063,85.3152
2021-02-15T08:00,14.0,76,9.8,872.1,1.9,112,Ratnapark,27.7063,85.3152
2021-02-15T09:00,15.8,67,9.7,873.0,2.8,310,Ratnapark,27.7063,85.3152
2021-02-15T10:00,17.3,58,8.9,873.5,6.6,311,Ratnapark,27.7063,85.3152
2021-02-15T11:00,18.5,51,8.1,873.3,8.8,305,Ratnapark,27.7063,85.3152
2021-02-15T12:00,19.0,49,8.1,872.2,9.4,310,Ratnapark,27.7063,85.3152
2021-02-15T13:00,18.0,52,7.9,871.2,6.2,260,Ratnapark,27.7063,85.3152
2021-02-15T14:00,16.4,61,8.7,870.3,9.8,242,Ratnapark,27.7063,85.3152
2021-02-15T15:00,15.9,66,9.6,869.9,5.9,223,Ratnapark,27.7063,85.3152
2021-02-15T16:00,14.4,73,9.6,870.0,7.3,261,Ratnapark,27.7063,85.3152
2021-02-15T17:00,13.6,78,9.7,869.5,4.0,297,Ratnapark,27.7063,85.3152
2021-02-15T18:00,12.5,82,9.6,870.0,6.7,306,Ratnapark,27.7063,85.3152
2021-02-15T19:00,11.1,93,10.0,870.2,3.7,331,Ratnapark,27.7063,85.3152
2021-02-15T20:00,11.3,91,9.8,870.7,4.9,306,Ratnapark,27.7063,85.3152
2021-02-15T21:00,9.4,96,8.8,869.9,3.3,167,Ratnapark,27.7063,85.3152
2021-02-15T22:00,8.3,98,8.1,869.2,2.7,157,Ratnapark,27.7063,85.3152
2021-02-15T23:00,8.0,99,7.9,868.8,2.1,149,Ratnapark,27.7063,85.3152
2021-02-16T00:00,7.2,99,7.1,867.7,3.2,153,Ratnapark,27.7063,85.3152
2021-02-16T01:00,6.6,100,6.5,867.0,4.0,153,Ratnapark,27.7063,85.3152
2021-02-16T02:00,5.9,100,5.9,866.2,4.3,156,Ratnapark,27.7063,85.3152
2021-02-16T03:00,6.0,99,5.8,866.1,4.3,156,Ratnapark,27.7063,85.3152
2021-02-16T04:00,6.4,93,5.3,866.0,4.0,153,Ratnapark,27.7063,85.3152
2021-02-16T05:00,5.6,100,5.6,866.2,3.8,163,Ratnapark,27.7063,85.3152
2021-02-16T06:00,5.6,100,5.6,866.8,4.2,160,Ratnapark,27.7063,85.3152
2021-02-16T07:00,8.1,94,7.2,868.6,6.0,155,Ratnapark,27.7063,85.3152
2021-02-16T08:00,14.0,71,8.8,872.3,4.5,104,Ratnapark,27.7063,85.3152
2021-02-16T09:00,16.2,57,7.6,873.5,2.6,74,Ratnapark,27.7063,85.3152
2021-02-16T10:00,18.2,43,5.4,873.9,1.8,307,Ratnapark,27.7063,85.3152
2021-02-16T11:00,19.5,31,1.9,873.7,8.8,282,Ratnapark,27.7063,85.3152
2021-02-16T12:00,19.4,34,3.2,873.0,13.0,268,Ratnapark,27.7063,85.3152
2021-02-16T13:00,18.5,39,4.4,872.1,10.1,297,Ratnapark,27.7063,85.3152
2021-02-16T14:00,17.6,41,4.2,871.9,12.5,303,Ratnapark,27.7063,85.3152
2021-02-16T15:00,16.2,45,4.4,871.5,10.7,303,Ratnapark,27.7063,85.3152
2021-02-16T16:00,15.4,48,4.4,870.8,6.6,299,Ratnapark,27.7063,85.3152
2021-02-16T17:00,13.0,70,7.7,869.1,7.6,278,Ratnapark,27.7063,85.3152
2021-02-16T18:00,12.0,71,6.9,869.7,5.8,248,Ratnapark,27.7063,85.3152
2021-02-16T19:00,12.6,67,6.6,870.8,3.1,201,Ratnapark,27.7063,85.3152
2021-02-16T20:00,10.3,79,6.8,870.5,3.3,193,Ratnapark,27.7063,85.3152
2021-02-16T21:00,9.7,83,6.9,871.1,6.4,232,Ratnapark,27.7063,85.3152
2021-02-16T22:00,11.5,79,7.9,872.2,6.6,299,Ratnapark,27.7063,85.3152
2021-02-16T23:00,11.9,79,8.4,872.3,5.4,266,Ratnapark,27.7063,85.3152
2021-02-17T00:00,9.5,87,7.4,870.6,4.3,180,Ratnapark,27.7063,85.3152
2021-02-17T01:00,7.5,92,6.3,869.4,4.0,175,Ratnapark,27.7063,85.3152
2021-02-17T02:00,7.1,92,5.9,868.5,2.5,172,Ratnapark,27.7063,85.3152
2021-02-17T03:00,6.9,92,5.7,867.9,1.8,169,Ratnapark,27.7063,85.3152
2021-02-17T04:00,6.5,93,5.5,867.7,2.3,162,Ratnapark,27.7063,85.3152
2021-02-17T05:00,6.8,94,5.9,868.0,4.2,160,Ratnapark,27.7063,85.3152
2021-02-17T06:00,6.3,95,5.5,868.2,3.9,158,Ratnapark,27.7063,85.3152
2021-02-17T07:00,8.7,87,6.7,870.1,4.7,157,Ratnapark,27.7063,85.3152
2021-02-17T08:00,14.5,60,6.8,873.7,2.7,113,Ratnapark,27.7063,85.3152
2021-02-17T09:00,16.5,49,5.8,874.8,2.5,360,Ratnapark,27.7063,85.3152
2021-02-17T10:00,17.9,42,4.9,875.3,5.2,335,Ratnapark,27.7063,85.3152
2021-02-17T11:00,19.1,36,3.8,875.2,5.6,310,Ratnapark,27.7063,85.3152
2021-02-17T12:00,19.9,33,3.0,874.3,6.7,286,Ratnapark,27.7063,85.3152
2021-02-17T13:00,20.1,31,2.3,873.4,9.2,281,Ratnapark,27.7063,85.3152
2021-02-17T14:00,19.1,33,2.3,872.6,10.6,288,Ratnapark,27.7063,85.3152
2021-02-17T15:00,18.3,35,2.6,872.1,9.7,272,Ratnapark,27.7063,85.3152
2021-02-17T16:00,17.1,40,3.2,871.9,8.6,237,Ratnapark,27.7063,85.3152
2021-02-17T17:00,14.7,46,3.2,870.8,7.2,233,Ratnapark,27.7063,85.3152
2021-02-17T18:00,12.3,65,6.0,870.7,6.1,208,Ratnapark,27.7063,85.3152
2021-02-17T19:00,10.8,80,7.5,871.1,5.2,192,Ratnapark,27.7063,85.3152
2021-02-17T20:00,10.3,91,8.9,871.5,3.6,180,Ratnapark,27.7063,85.3152
2021-02-17T21:00,9.0,96,8.4,871.7,4.7,157,Ratnapark,27.7063,85.3152
2021-02-17T22:00,8.2,99,8.1,871.9,5.8,158,Ratnapark,27.7063,85.3152
2021-02-17T23:00,7.8,99,7.7,871.5,3.9,158,Ratnapark,27.7063,85.3152
2021-02-18T00:00,7.7,99,7.6,871.3,4.7,157,Ratnapark,27.7063,85.3152
2021-02-18T01:00,7.3,99,7.2,870.9,5.2,155,Ratnapark,27.7063,85.3152
2021-02-18T02:00,7.2,98,6.9,870.6,4.2,160,Ratnapark,27.7063,85.3152
2021-02-18T03:00,7.3,96,6.7,870.4,3.5,156,Ratnapark,27.7063,85.3152
2021-02-18T04:00,7.2,95,6.5,870.5,3.5,156,Ratnapark,27.7063,85.3152
2021-02-18T05:00,6.2,100,6.2,870.2,5.0,159,Ratnapark,27.7063,85.3152
2021-02-18T06:00,6.2,99,6.1,870.8,4.7,157,Ratnapark,27.7063,85.3152
2021-02-18T07:00,8.2,97,7.7,872.6,5.5,157,Ratnapark,27.7063,85.3152
2021-02-18T08:00,13.4,75,9.0,876.0,3.7,119,Ratnapark,27.7063,85.3152
2021-02-18T09:00,15.4,56,6.7,877.2,2.2,90,Ratnapark,27.7063,85.3152
2021-02-18T10:00,16.8,48,5.6,877.8,2.2,9,Ratnapark,27.7063,85.3152
2021-02-18T11:00,17.9,43,5.1,877.6,2.6,326,Ratnapark,27.7063,85.3152
2021-02-18T12:00,18.3,43,5.6,876.7,2.9,60,Ratnapark,27.7063,85.3152
2021-02-18T13:00,14.9,59,7.0,875.4,6.2,201,Ratnapark,27.7063,85.3152
2021-02-18T14:00,15.0,58,6.8,874.9,5.6,310,Ratnapark,27.7063,85.3152
2021-02-18T15:00,15.0,56,6.2,874.8,3.2,207,Ratnapark,27.7063,85.3152
2021-02-18T16:00,14.4,58,6.3,874.3,6.6,248,Ratnapark,27.7063,85.3152
2021-02-18T17:00,13.6,62,6.5,873.1,6.3,167,Ratnapark,27.7063,85.3152
2021-02-18T18:00,11.9,66,5.9,873.1,3.8,163,Ratnapark,27.7063,85.3152
2021-02-18T19:00,10.8,76,6.8,873.4,2.6,164,Ratnapark,27.7063,85.3152
2021-02-18T20:00,9.3,87,7.3,873.4,1.5,166,Ratnapark,27.7063,85.3152
2021-02-18T21:00,8.4,90,6.9,873.4,0.4,180,Ratnapark,27.7063,85.3152
2021-02-18T22:00,8.0,89,6.3,873.7,0.7,180,Ratnapark,27.7063,85.3152
2021-02-18T23:00,7.3,91,5.9,873.3,1.1,162,Ratnapark,27.7063,85.3152
2021-02-19T00:00,6.9,91,5.5,873.1,1.5,166,Ratnapark,27.7063,85.3152
2021-02-19T01:00,6.9,89,5.2,872.7,2.7,157,Ratnapark,27.7063,85.3152
2021-02-19T02:00,6.8,88,5.0,872.5,2.7,157,Ratnapark,27.7063,85.3152
2021-02-19T03:00,6.6,89,4.8,872.2,2.9,150,Ratnapark,27.7063,85.3152
2021-02-19T04:00,6.6,88,4.7,872.1,3.6,143,Ratnapark,27.7063,85.3152
2021-02-19T05:00,6.4,92,5.2,872.0,4.0,153,Ratnapark,27.7063,85.3152
2021-02-19T06:00,6.4,91,5.0,872.7,4.0,153,Ratnapark,27.7063,85.3152
2021-02-19T07:00,9.2,82,6.3,875.1,6.2,144,Ratnapark,27.7063,85.3152
2021-02-19T08:00,14.3,58,6.3,878.2,4.3,95,Ratnapark,27.7063,85.3152
2021-02-19T09:00,16.2,48,5.2,879.0,5.2,78,Ratnapark,27.7063,85.3152
2021-02-19T10:00,17.6,41,4.1,879.2,6.5,87,Ratnapark,27.7063,85.3152
2021-02-19T11:00,18.4,36,3.2,879.0,7.1,120,Ratnapark,27.7063,85.3152
2021-02-19T12:00,18.9,34,2.5,877.9,7.1,131,Ratnapark,27.7063,85.3152
2021-02-19T13:00,19.0,33,2.1,876.8,7.9,133,Ratnapark,27.7063,85.3152
2021-02-19T14:00,18.6,35,2.7,876.1,7.1,131,Ratnapark,27.7063,85.3152
2021-02-19T15:00,17.1,41,3.8,875.6,8.4,137,Ratnapark,27.7063,85.3152
2021-02-19T16:00,16.0,47,4.6,875.2,6.6,171,Ratnapark,27.7063,85.3152
2021-02-19T17:00,14.0,69,8.5,875.4,5.6,315,Ratnapark,27.7063,85.3152
2021-02-19T18:00,11.5,78,7.8,875.3,5.1,98,Ratnapark,27.7063,85.3152
2021-02-19T19:00,10.9,83,8.2,875.6,5.2,115,Ratnapark,27.7063,85.3152
2021-02-19T20:00,10.1,85,7.6,875.3,3.6,143,Ratnapark,27.7063,85.3152
2021-02-19T21:00,9.0,88,7.0,874.8,3.4,162,Ratnapark,27.7063,85.3152
2021-02-19T22:00,7.9,92,6.6,874.0,3.7,169,Ratnapark,27.7063,85.3152
2021-02-19T23:00,6.9,94,6.1,873.4,4.1,165,Ratnapark,27.7063,85.3152
2021-02-20T00:00,6.5,94,5.6,873.1,3.9,158,Ratnapark,27.7063,85.3152
2021-02-20T01:00,6.4,92,5.3,872.7,3.4,162,Ratnapark,27.7063,85.3152
2021-02-20T02:00,6.6,90,5.1,872.4,2.3,162,Ratnapark,27.7063,85.3152
2021-02-20T03:00,6.6,89,4.9,872.0,1.5,166,Ratnapark,27.7063,85.3152
2021-02-20T04:00,6.7,87,4.7,871.9,1.9,158,Ratnapark,27.7063,85.3152
2021-02-20T05:00,6.0,93,5.0,871.9,2.7,157,Ratnapark,27.7063,85.3152
2021-02-20T06:00,6.0,91,4.7,872.6,2.9,150,Ratnapark,27.7063,85.3152
2021-02-20T07:00,9.2,83,6.4,875.0,5.1,141,Ratnapark,27.7063,85.3152
2021-02-20T08:00,14.5,52,4.8,878.0,5.2,74,Ratnapark,27.7063,85.3152
2021-02-20T09:00,16.3,43,3.8,878.6,4.3,48,Ratnapark,27.7063,85.3152
2021-02-20T10:00,17.8,39,3.8,879.0,3.2,27,Ratnapark,27.7063,85.3152
2021-02-20T11:00,19.1,37,4.0,878.7,4.0,5,Ratnapark,27.7063,85.3152
2021-02-20T12:00,20.0,36,4.4,877.5,5.8,338,Ratnapark,27.7063,85.3152
2021-02-20T13:00,20.9,33,4.0,876.4,6.6,331,Ratnapark,27.7063,85.3152
2021-02-20T14:00,21.0,32,3.6,875.7,8.7,322,Ratnapark,27.7063,85.3152
2021-02-20T15:00,20.0,31,2.5,875.4,12.0,311,Ratnapark,27.7063,85.3152
2021-02-20T16:00,18.4,33,1.6,875.4,11.3,307,Ratnapark,27.7063,85.3152
2021-02-20T17:00,15.1,45,3.3,874.2,8.2,285,Ratnapark,27.7063,85.3152
2021-02-20T18:00,15.9,31,-1.2,874.9,4.3,228,Ratnapark,27.7063,85.3152
2021-02-20T19:00,15.1,33,-1.2,875.2,3.4,198,Ratnapark,27.7063,85.3152
2021-02-20T20:00,13.1,40,-0.4,874.8,2.2,189,Ratnapark,27.7063,85.3152
2021-02-20T21:00,10.4,51,0.6,873.6,4.0,190,Ratnapark,27.7063,85.3152
2021-02-20T22:00,9.0,58,1.1,872.9,4.3,180,Ratnapark,27.7063,85.3152
2021-02-20T23:00,8.2,60,1.0,872.5,3.6,180,Ratnapark,27.7063,85.3152
2021-02-21T00:00,8.5,59,0.8,872.3,1.8,180,Ratnapark,27.7063,85.3152
2021-02-21T01:00,11.6,44,-0.3,873.2,1.1,180,Ratnapark,27.7063,85.3152
2021-02-21T02:00,11.9,42,-0.7,872.9,1.1,180,Ratnapark,27.7063,85.3152
2021-02-21T03:00,11.7,42,-0.9,872.6,1.1,162,Ratnapark,27.7063,85.3152
2021-02-21T04:00,10.6,45,-1.0,872.2,2.7,157,Ratnapark,27.7063,85.3152
2021-02-21T05:00,6.9,64,0.7,870.8,3.1,159,Ratnapark,27.7063,85.3152
2021-02-21T06:00,6.5,66,0.7,871.2,4.5,151,Ratnapark,27.7063,85.3152
2021-02-21T07:00,9.5,60,2.1,873.4,5.8,158,Ratnapark,27.7063,85.3152
2021-02-21T08:00,15.2,41,1.9,876.8,2.8,130,Ratnapark,27.7063,85.3152
2021-02-21T09:00,17.7,34,1.5,877.8,1.8,37,Ratnapark,27.7063,85.3152
2021-02-21T10:00,19.6,30,1.3,877.9,3.8,319,Ratnapark,27.7063,85.3152
2021-02-21T11:00,21.0,28,1.5,877.6,7.4,317,Ratnapark,27.7063,85.3152
2021-02-21T12:00,21.5,28,2.0,876.7,11.5,311,Ratnapark,27.7063,85.3152
2021-02-21T13:00,21.6,28,2.2,875.8,11.2,315,Ratnapark,27.7063,85.3152
2021-02-21T14:00,21.7,26,1.1,874.7,10.0,308,Ratnapark,27.7063,85.3152
2021-02-21T15:00,21.1,26,0.9,874.0,10.1,297,Ratnapark,27.7063,85.3152
2021-02-21T16:00,19.7,32,2.5,873.3,8.2,293,Ratnapark,27.7063,85.3152
2021-02-21T17:00,16.6,46,4.8,872.5,7.9,270,Ratnapark,27.7063,85.3152
2021-02-21T18:00,16.9,38,2.4,873.3,6.8,328,Ratnapark,27.7063,85.3152
2021-02-21T19:00,16.4,39,2.5,874.0,7.4,317,Ratnapark,27.7063,85.3152
2021-02-21T20:00,15.7,42,2.8,874.1,3.2,207,Ratnapark,27.7063,85.3152
2021-02-21T21:00,11.1,61,3.8,872.5,4.6,198,Ratnapark,27.7063,85.3152
2021-02-21T22:00,9.8,68,4.1,871.9,4.9,197,Ratnapark,27.7063,85.3152
2021-02-21T23:00,9.6,69,4.1,871.8,1.8,169,Ratnapark,27.7063,85.3152
2021-02-22T00:00,10.4,64,3.9,872.2,2.3,162,Ratnapark,27.7063,85.3152
2021-02-22T01:00,12.3,56,3.6,872.8,2.6,164,Ratnapark,27.7063,85.3152
2021-02-22T02:00,11.7,57,3.4,872.2,3.1,159,Ratnapark,27.7063,85.3152
2021-02-22T03:00,9.9,63,3.3,870.8,3.9,158,Ratnapark,27.7063,85.3152
2021-02-22T04:00,7.7,72,3.0,869.6,4.8,153,Ratnapark,27.7063,85.3152
2021-02-22T05:00,7.8,74,3.4,869.9,4.3,156,Ratnapark,27.7063,85.3152
2021-02-22T06:00,7.6,74,3.3,870.2,5.2,155,Ratnapark,27.7063,85.3152
2021-02-22T07:00,9.9,69,4.5,871.7,6.9,152,Ratnapark,27.7063,85.3152
2021-02-22T08:00,15.7,46,4.2,875.2,4.5,104,Ratnapark,27.7063,85.3152
2021-02-22T09:00,18.2,41,4.8,876.0,4.4,81,Ratnapark,27.7063,85.3152
2021-02-22T10:00,20.0,37,4.9,876.4,3.3,49,Ratnapark,27.7063,85.3152
2021-02-22T11:00,21.3,34,4.7,876.0,2.9,360,Ratnapark,27.7063,85.3152
2021-02-22T12:00,22.1,31,4.2,875.1,4.3,312,Ratnapark,27.7063,85.3152
2021-02-22T13:00,22.4,30,3.8,874.0,6.8,295,Ratnapark,27.7063,85.3152
2021-02-22T14:00,22.1,30,3.6,873.4,9.0,293,Ratnapark,27.7063,85.3152
2021-02-22T15:00,21.2,32,3.9,872.8,10.5,301,Ratnapark,27.7063,85.3152
2021-02-22T16:00,19.9,37,4.9,872.5,9.8,298,Ratnapark,27.7063,85.3152
2021-02-22T17:00,16.4,57,8.0,871.4,8.7,277,Ratnapark,27.7063,85.3152
2021-02-22T18:00,14.3,63,7.2,871.4,7.6,270,Ratnapark,27.7063,85.3152
2021-02-22T19:00,13.2,70,7.9,871.6,7.6,267,Ratnapark,27.7063,85.3152
2021-02-22T20:00,12.7,76,8.5,871.8,7.0,249,Ratnapark,27.7063,85.3152
2021-02-22T21:00,13.7,72,8.6,872.8,5.2,236,Ratnapark,27.7063,85.3152
2021-02-22T22:00,14.0,71,8.8,873.2,3.9,236,Ratnapark,27.7063,85.3152
2021-02-22T23:00,13.6,75,9.2,872.8,2.8,220,Ratnapark,27.7063,85.3152
2021-02-23T00:00,13.0,78,9.2,872.1,1.4,180,Ratnapark,27.7063,85.3152
2021-02-23T01:00,9.7,89,8.0,869.8,3.0,166,Ratnapark,27.7063,85.3152
2021-02-23T02:00,8.7,93,7.7,868.9,3.3,167,Ratnapark,27.7063,85.3152
2021-02-23T03:00,8.6,94,7.7,868.4,2.3,162,Ratnapark,27.7063,85.3152
2021-02-23T04:00,8.1,96,7.5,868.0,3.3,167,Ratnapark,27.7063,85.3152
2021-02-23T05:00,7.3,100,7.3,868.3,5.2,168,Ratnapark,27.7063,85.3152
2021-02-23T06:00,7.0,100,7.0,868.8,4.6,162,Ratnapark,27.7063,85.3152
2021-02-23T07:00,10.5,89,8.8,871.0,6.0,155,Ratnapark,27.7063,85.3152
2021-02-23T08:00,15.8,66,9.4,874.0,4.1,105,Ratnapark,27.7063,85.3152
2021-02-23T09:00,18.2,53,8.5,874.8,4.7,86,Ratnapark,27.7063,85.3152
2021-02-23T10:00,19.9,44,7.2,875.1,3.6,84,Ratnapark,27.7063,85.3152
2021-02-23T11:00,21.2,39,6.6,874.7,1.1,90,Ratnapark,27.7063,85.3152
2021-02-23T12:00,22.2,36,6.4,873.7,3.1,291,Ratnapark,27.7063,85.3152
2021-02-23T13:00,22.5,35,6.3,872.8,8.4,280,Ratnapark,27.7063,85.3152
2021-02-23T14:00,21.5,40,7.3,872.2,10.0,283,Ratnapark,27.7063,85.3152
2021-02-23T15:00,20.5,44,7.8,871.5,9.6,290,Ratnapark,27.7063,85.3152
2021-02-23T16:00,19.4,49,8.3,871.1,9.3,283,Ratnapark,27.7063,85.3152
2021-02-23T17:00,18.2,51,8.0,870.8,6.6,257,Ratnapark,27.7063,85.3152
2021-02-23T18:00,15.8,66,9.4,870.8,4.7,261,Ratnapark,27.7063,85.3152
2021-02-23T19:00,14.6,76,10.4,871.0,5.8,248,Ratnapark,27.7063,85.3152
2021-02-23T20:00,14.1,81,10.8,871.1,6.2,249,Ratnapark,27.7063,85.3152
2021-02-23T21:00,13.8,83,11.0,871.3,6.5,270,Ratnapark,27.7063,85.3152
2021-02-23T22:00,14.0,83,11.1,871.5,5.4,290,Ratnapark,27.7063,85.3152
2021-02-23T23:00,13.7,85,11.2,871.0,5.9,281,Ratnapark,27.7063,85.3152
2021-02-24T00:00,14.3,81,11.2,870.8,4.5,241,Ratnapark,27.7063,85.3152
2021-02-24T01:00,13.2,87,11.1,869.7,3.7,209,Ratnapark,27.7063,85.3152
2021-02-24T02:00,11.2,94,10.3,868.0,3.3,186,Ratnapark,27.7063,85.3152
2021-02-24T03:00,10.7,96,10.2,867.2,1.8,169,Ratnapark,27.7063,85.3152
2021-02-24T04:00,10.2,97,9.7,866.7,2.3,162,Ratnapark,27.7063,85.3152
2021-02-24T05:00,9.3,100,9.3,866.8,2.6,164,Ratnapark,27.7063,85.3152
2021-02-24T06:00,9.0,100,9.0,866.9,5.5,157,Ratnapark,27.7063,85.3152
2021-02-24T07:00,11.6,93,10.4,868.7,6.6,158,Ratnapark,27.7063,85.3152
2021-02-24T08:00,15.9,73,11.0,871.5,2.6,124,Ratnapark,27.7063,85.3152
2021-02-24T09:00,18.1,61,10.3,872.2,0.5,315,Ratnapark,27.7063,85.3152
2021-02-24T10:00,19.9,52,9.7,872.5,6.0,295,Ratnapark,27.7063,85.3152
2021-02-24T11:00,20.4,48,9.0,872.2,9.2,291,Ratnapark,27.7063,85.3152
2021-02-24T12:00,21.0,50,10.0,871.5,10.1,287,Ratnapark,27.7063,85.3152
2021-02-24T13:00,20.7,52,10.6,871.1,9.7,285,Ratnapark,27.7063,85.3152
2021-02-24T14:00,20.0,55,10.6,870.4,8.4,277,Ratnapark,27.7063,85.3152
2021-02-24T15:00,19.1,57,10.4,869.9,7.4,299,Ratnapark,27.7063,85.3152
2021-02-24T16:00,18.3,61,10.7,869.6,8.0,297,Ratnapark,27.7063,85.3152
2021-02-24T17:00,17.3,68,11.3,869.2,4.7,293,Ratnapark,27.7063,85.3152
2021-02-24T18:00,15.4,82,12.3,868.9,5.4,278,Ratnapark,27.7063,85.3152
2021-02-24T19:00,15.1,83,12.2,869.6,5.1,266,Ratnapark,27.7063,85.3152
2021-02-24T20:00,15.7,77,11.7,870.4,3.9,248,Ratnapark,27.7063,85.3152
2021-02-24T21:00,15.3,79,11.7,870.8,3.3,257,Ratnapark,27.7063,85.3152
2021-02-24T22:00,14.7,83,11.8,870.5,4.6,288,Ratnapark,27.7063,85.3152
2021-02-24T23:00,14.4,84,11.7,870.2,4.1,285,Ratnapark,27.7063,85.3152
2021-02-25T00:00,12.7,93,11.6,868.8,3.2,207,Ratnapark,27.7063,85.3152
2021-02-25T01:00,11.9,96,11.3,867.4,2.3,162,Ratnapark,27.7063,85.3152
2021-02-25T02:00,11.1,98,10.8,866.2,2.3,162,Ratnapark,27.7063,85.3152
2021-02-25T03:00,10.3,99,10.2,865.1,3.4,162,Ratnapark,27.7063,85.3152
2021-02-25T04:00,9.3,100,9.3,864.4,3.4,162,Ratnapark,27.7063,85.3152
2021-02-25T05:00,9.5,100,9.5,864.8,5.3,152,Ratnapark,27.7063,85.3152
2021-02-25T06:00,9.9,99,9.8,865.7,6.4,153,Ratnapark,27.7063,85.3152
2021-02-25T07:00,12.3,95,11.6,867.7,6.4,137,Ratnapark,27.7063,85.3152
2021-02-25T08:00,15.7,80,12.3,869.7,5.6,105,Ratnapark,27.7063,85.3152
2021-02-25T09:00,17.9,65,11.2,870.3,6.0,115,Ratnapark,27.7063,85.3152
2021-02-25T10:00,20.0,52,10.0,870.7,1.5,104,Ratnapark,27.7063,85.3152
2021-02-25T11:00,21.7,44,9.1,870.5,4.8,318,Ratnapark,27.7063,85.3152
2021-02-25T12:00,22.8,42,9.0,869.5,9.6,304,Ratnapark,27.7063,85.3152
2021-02-25T13:00,22.7,43,9.6,868.7,11.4,288,Ratnapark,27.7063,85.3152
2021-02-25T14:00,22.0,45,9.5,868.0,11.8,282,Ratnapark,27.7063,85.3152
2021-02-25T15:00,20.8,49,9.7,867.8,11.5,274,Ratnapark,27.7063,85.3152
2021-02-25T16:00,19.5,54,10.0,867.7,10.1,274,Ratnapark,27.7063,85.3152
2021-02-25T17:00,17.6,64,10.7,867.6,6.2,277,Ratnapark,27.7063,85.3152
2021-02-25T18:00,16.0,77,12.0,867.5,4.1,255,Ratnapark,27.7063,85.3152
2021-02-25T19:00,15.0,81,11.8,867.6,0.7,180,Ratnapark,27.7063,85.3152
2021-02-25T20:00,13.8,86,11.5,867.3,1.5,166,Ratnapark,27.7063,85.3152
2021-02-25T21:00,12.8,90,11.2,867.1,1.8,169,Ratnapark,27.7063,85.3152
2021-02-25T22:00,12.4,91,11.0,866.8,1.8,169,Ratnapark,27.7063,85.3152
2021-02-25T23:00,11.8,94,10.8,866.1,2.5,172,Ratnapark,27.7063,85.3152
2021-02-26T00:00,11.1,96,10.6,865.0,3.3,167,Ratnapark,27.7063,85.3152
2021-02-26T01:00,10.4,98,10.1,864.0,3.8,163,Ratnapark,27.7063,85.3152
2021-02-26T02:00,9.9,98,9.6,863.0,3.8,163,Ratnapark,27.7063,85.3152
2021-02-26T03:00,9.6,98,9.3,862.4,4.6,162,Ratnapark,27.7063,85.3152
2021-02-26T04:00,9.3,98,9.0,862.4,4.6,162,Ratnapark,27.7063,85.3152
2021-02-26T05:00,9.6,98,9.3,863.0,5.2,155,Ratnapark,27.7063,85.3152
2021-02-26T06:00,9.9,98,9.6,863.8,4.7,157,Ratnapark,27.7063,85.3152
2021-02-26T07:00,13.0,89,11.2,866.0,6.0,147,Ratnapark,27.7063,85.3152
2021-02-26T08:00,16.7,76,12.5,868.3,5.2,106,Ratnapark,27.7063,85.3152
2021-02-26T09:00,18.7,63,11.4,869.6,5.2,115,Ratnapark,27.7063,85.3152
2021-02-26T10:00,20.2,55,10.8,869.9,4.4,125,Ratnapark,27.7063,85.3152
2021-02-26T11:00,20.8,52,10.4,869.5,3.2,117,Ratnapark,27.7063,85.3152
2021-02-26T12:00,21.6,49,10.4,868.9,0.8,153,Ratnapark,27.7063,85.3152
2021-02-26T13:00,21.9,49,10.6,868.0,2.5,262,Ratnapark,27.7063,85.3152
2021-02-26T14:00,21.2,52,10.9,867.3,5.5,259,Ratnapark,27.7063,85.3152
2021-02-26T15:00,20.4,53,10.5,867.0,5.8,277,Ratnapark,27.7063,85.3152
2021-02-26T16:00,19.2,57,10.6,867.0,9.1,304,Ratnapark,27.7063,85.3152
2021-02-26T17:00,18.3,56,9.3,866.7,5.2,286,Ratnapark,27.7063,85.3152
2021-02-26T18:00,16.4,69,10.7,866.8,4.8,283,Ratnapark,27.7063,85.3152
2021-02-26T19:00,15.8,75,11.4,867.6,3.6,233,Ratnapark,27.7063,85.3152
2021-02-26T20:00,15.0,80,11.6,867.9,2.5,180,Ratnapark,27.7063,85.3152
2021-02-26T21:00,14.4,84,11.7,868.0,2.1,149,Ratnapark,27.7063,85.3152
2021-02-26T22:00,13.6,88,11.6,867.7,2.8,140,Ratnapark,27.7063,85.3152
2021-02-26T23:00,12.8,92,11.5,867.1,2.1,149,Ratnapark,27.7063,85.3152
2021-02-27T00:00,12.5,94,11.6,866.4,1.8,169,Ratnapark,27.7063,85.3152
2021-02-27T01:00,11.6,97,11.1,865.3,1.8,180,Ratnapark,27.7063,85.3152
2021-02-27T02:00,11.0,97,10.6,864.6,1.1,162,Ratnapark,27.7063,85.3152
2021-02-27T03:00,10.4,98,10.1,863.7,1.5,166,Ratnapark,27.7063,85.3152
2021-02-27T04:00,9.9,98,9.7,863.3,0.8,153,Ratnapark,27.7063,85.3152
2021-02-27T05:00,10.7,97,10.2,864.0,1.6,153,Ratnapark,27.7063,85.3152
2021-02-27T06:00,10.3,97,9.8,864.3,3.1,159,Ratnapark,27.7063,85.3152
2021-02-27T07:00,12.9,89,11.0,866.3,3.9,158,Ratnapark,27.7063,85.3152
2021-02-27T08:00,16.5,74,12.0,868.4,1.3,124,Ratnapark,27.7063,85.3152
2021-02-27T09:00,18.6,64,11.7,869.5,2.2,270,Ratnapark,27.7063,85.3152
2021-02-27T10:00,20.5,53,10.6,869.9,5.8,292,Ratnapark,27.7063,85.3152
2021-02-27T11:00,21.3,48,9.9,869.6,9.2,301,Ratnapark,27.7063,85.3152
2021-02-27T12:00,21.8,47,10.0,869.2,12.2,304,Ratnapark,27.7063,85.3152
2021-02-27T13:00,21.6,47,9.7,868.4,13.7,300,Ratnapark,27.7063,85.3152
2021-02-27T14:00,21.2,47,9.3,867.8,11.6,292,Ratnapark,27.7063,85.3152
2021-02-27T15:00,20.3,51,9.7,867.3,10.2,280,Ratnapark,27.7063,85.3152
2021-02-27T16:00,18.9,58,10.5,867.1,8.7,277,Ratnapark,27.7063,85.3152
2021-02-27T17:00,17.8,62,10.3,867.1,6.0,287,Ratnapark,27.7063,85.3152
2021-02-27T18:00,15.9,72,10.9,867.3,4.0,270,Ratnapark,27.7063,85.3152
2021-02-27T19:00,15.2,80,11.8,867.7,4.7,261,Ratnapark,27.7063,85.3152
2021-02-27T20:00,15.9,75,11.4,868.6,4.4,325,Ratnapark,27.7063,85.3152
2021-02-27T21:00,14.1,87,11.9,868.0,1.8,143,Ratnapark,27.7063,85.3152
2021-02-27T22:00,14.2,87,12.1,868.2,2.6,146,Ratnapark,27.7063,85.3152
2021-02-27T23:00,14.5,92,13.2,868.3,2.3,288,Ratnapark,27.7063,85.3152
2021-02-28T00:00,14.7,90,13.1,867.9,1.3,34,Ratnapark,27.7063,85.3152
2021-02-28T01:00,13.7,96,13.1,866.7,1.8,169,Ratnapark,27.7063,85.3152
2021-02-28T02:00,12.8,97,12.4,865.6,2.6,164,Ratnapark,27.7063,85.3152
2021-02-28T03:00,12.3,98,11.9,865.0,1.8,169,Ratnapark,27.7063,85.3152
2021-02-28T04:00,11.7,99,11.6,864.7,1.5,166,Ratnapark,27.7063,85.3152
2021-02-28T05:00,11.4,98,11.1,865.2,2.6,164,Ratnapark,27.7063,85.3152
2021-02-28T06:00,10.8,99,10.7,865.5,3.3,167,Ratnapark,27.7063,85.3152
2021-02-28T07:00,13.1,95,12.3,867.4,4.2,160,Ratnapark,27.7063,85.3152
2021-02-28T08:00,16.4,82,13.3,869.5,2.2,99,Ratnapark,27.7063,85.3152
2021-02-28T09:00,18.3,71,12.9,870.6,1.9,338,Ratnapark,27.7063,85.3152
2021-02-28T10:00,19.9,58,11.3,870.8,7.2,307,Ratnapark,27.7063,85.3152
2021-02-28T11:00,20.9,52,10.7,870.9,10.8,307,Ratnapark,27.7063,85.3152
2021-02-28T12:00,21.6,47,9.9,870.4,13.1,307,Ratnapark,27.7063,85.3152
2021-02-28T13:00,21.8,46,9.7,869.5,13.8,309,Ratnapark,27.7063,85.3152
2021-02-28T14:00,21.6,45,9.2,868.9,13.3,308,Ratnapark,27.7063,85.3152
2021-02-28T15:00,20.8,47,9.0,868.6,13.8,313,Ratnapark,27.7063,85.3152
2021-02-28T16:00,20.0,49,9.1,868.5,11.0,302,Ratnapark,27.7063,85.3152
2021-02-28T17:00,18.4,57,9.6,868.6,7.5,305,Ratnapark,27.7063,85.3152
2021-02-28T18:00,15.8,71,10.7,868.5,6.3,301,Ratnapark,27.7063,85.3152
2021-02-28T19:00,17.0,63,10.0,869.9,4.5,284,Ratnapark,27.7063,85.3152
2021-02-28T20:00,15.2,73,10.3,869.7,0.7,180,Ratnapark,27.7063,85.3152
2021-02-28T21:00,13.4,82,10.4,869.1,3.3,174,Ratnapark,27.7063,85.3152
2021-02-28T22:00,12.7,83,9.9,868.9,3.3,174,Ratnapark,27.7063,85.3152
2021-02-28T23:00,12.1,84,9.5,868.3,2.5,172,Ratnapark,27.7063,85.3152
2021-03-01T00:00,11.5,84,9.0,867.6,2.9,173,Ratnapark,27.7063,85.3152
2021-03-01T01:00,10.9,85,8.4,866.8,3.3,167,Ratnapark,27.7063,85.3152
2021-03-01T02:00,10.7,83,8.0,866.1,3.8,163,Ratnapark,27.7063,85.3152
2021-03-01T03:00,10.4,83,7.6,865.6,3.8,163,Ratnapark,27.7063,85.3152
2021-03-01T04:00,10.0,83,7.2,865.5,3.9,158,Ratnapark,27.7063,85.3152
2021-03-01T05:00,9.9,87,7.9,866.3,3.7,151,Ratnapark,27.7063,85.3152
2021-03-01T06:00,10.1,85,7.8,867.2,4.2,149,Ratnapark,27.7063,85.3152
2021-03-01T07:00,13.6,73,8.8,869.5,5.5,148,Ratnapark,27.7063,85.3152
2021-03-01T08:00,18.0,56,9.2,871.8,4.5,104,Ratnapark,27.7063,85.3152
2021-03-01T09:00,20.3,43,7.2,872.9,2.9,90,Ratnapark,27.7063,85.3152
2021-03-01T10:00,22.1,34,5.4,873.6,0.5,45,Ratnapark,27.7063,85.3152
2021-03-01T11:00,23.5,29,4.3,873.6,3.6,270,Ratnapark,27.7063,85.3152
2021-03-01T12:00,24.2,29,4.9,873.1,8.3,275,Ratnapark,27.7063,85.3152
2021-03-01T13:00,24.1,31,5.8,872.3,10.8,274,Ratnapark,27.7063,85.3152
2021-03-01T14:00,23.6,30,5.2,871.6,12.0,286,Ratnapark,27.7063,85.3152
2021-03-01T15:00,22.6,33,5.5,871.3,12.6,294,Ratnapark,27.7063,85.3152
2021-03-01T16:00,20.8,42,7.3,871.1,12.3,291,Ratnapark,27.7063,85.3152
2021-03-01T17:00,18.9,50,8.3,871.2,6.8,295,Ratnapark,27.7063,85.3152
2021-03-01T18:00,16.8,61,9.3,871.0,5.2,304,Ratnapark,27.7063,85.3152
2021-03-01T19:00,15.2,74,10.6,871.2,7.3,290,Ratnapark,27.7063,85.3152
2021-03-01T20:00,16.7,66,10.2,872.3,4.7,279,Ratnapark,27.7063,85.3152
2021-03-01T21:00,16.1,68,10.1,872.5,1.5,194,Ratnapark,27.7063,85.3152
2021-03-01T22:00,15.5,69,9.8,872.2,1.9,202,Ratnapark,27.7063,85.3152
2021-03-01T23:00,14.9,68,9.1,871.6,1.1,180,Ratnapark,27.7063,85.3152
2021-03-02T00:00,12.0,79,8.5,869.8,1.8,169,Ratnapark,27.7063,85.3152
2021-03-02T01:00,10.3,86,8.0,868.2,3.4,162,Ratnapark,27.7063,85.3152
2021-03-02T02:00,10.0,85,7.5,867.4,3.1,159,Ratnapark,27.7063,85.3152
2021-03-02T03:00,9.7,82,6.8,866.8,3.2,153,Ratnapark,27.7063,85.3152
2021-03-02T04:00,9.3,80,6.0,866.4,4.5,151,Ratnapark,27.7063,85.3152
2021-03-02T05:00,9.2,78,5.6,867.0,5.2,155,Ratnapark,27.7063,85.3152
2021-03-02T06:00,9.3,75,5.1,867.6,5.8,150,Ratnapark,27.7063,85.3152
2021-03-02T07:00,12.9,63,6.1,869.8,8.4,137,Ratnapark,27.7063,85.3152
2021-03-02T08:00,16.8,48,5.6,872.1,8.8,125,Ratnapark,27.7063,85.3152
2021-03-02T09:00,18.7,32,1.5,873.0,9.4,133,Ratnapark,27.7063,85.3152
2021-03-02T10:00,20.1,26,-0.3,873.3,9.1,146,Ratnapark,27.7063,85.3152
2021-03-02T11:00,21.1,23,-1.0,873.2,8.4,160,Ratnapark,27.7063,85.3152
2021-03-02T12:00,21.6,23,-0.5,872.4,8.0,175,Ratnapark,27.7063,85.3152
2021-03-02T13:00,21.7,23,-0.2,871.5,8.8,192,Ratnapark,27.7063,85.3152
2021-03-02T14:00,21.2,24,-0.0,870.6,10.8,206,Ratnapark,27.7063,85.3152
2021-03-02T15:00,19.7,30,1.7,870.2,11.6,216,Ratnapark,27.7063,85.3152
2021-03-02T16:00,18.2,35,2.6,870.1,9.7,222,Ratnapark,27.7063,85.3152
2021-03-02T17:00,16.2,39,2.1,869.8,6.1,220,Ratnapark,27.7063,85.3152
2021-03-02T18:00,13.3,49,2.8,869.6,5.5,212,Ratnapark,27.7063,85.3152
2021-03-02T19:00,13.1,49,2.5,870.5,4.2,211,Ratnapark,27.7063,85.3152
2021-03-02T20:00,13.3,43,1.1,871.3,4.3,222,Ratnapark,27.7063,85.3152
2021-03-02T21:00,13.5,42,0.9,871.5,4.6,252,Ratnapark,27.7063,85.3152
2021-03-02T22:00,13.6,42,0.8,871.5,2.8,230,Ratnapark,27.7063,85.3152
2021-03-02T23:00,13.3,43,0.9,871.0,1.5,194,Ratnapark,27.7063,85.3152
2021-03-03T00:00,12.7,45,1.0,870.2,1.8,169,Ratnapark,27.7063,85.3152
2021-03-03T01:00,10.4,55,1.7,868.6,3.3,167,Ratnapark,27.7063,85.3152
2021-03-03T02:00,8.7,63,2.1,867.1,3.3,167,Ratnapark,27.7063,85.3152
2021-03-03T03:00,7.8,68,2.2,866.5,3.8,163,Ratnapark,27.7063,85.3152
2021-03-03T04:00,7.6,68,2.1,866.4,3.9,158,Ratnapark,27.7063,85.3152
2021-03-03T05:00,7.1,73,2.6,867.1,4.6,162,Ratnapark,27.7063,85.3152
2021-03-03T06:00,8.0,68,2.5,868.0,3.5,156,Ratnapark,27.7063,85.3152
2021-03-03T07:00,11.8,59,4.1,870.6,5.9,137,Ratnapark,27.7063,85.3152
2021-03-03T08:00,15.9,44,3.8,872.8,5.1,86,Ratnapark,27.7063,85.3152
2021-03-03T09:00,18.1,36,2.9,873.9,5.4,94,Ratnapark,27.7063,85.3152
2021-03-03T10:00,20.0,32,2.8,874.1,4.1,105,Ratnapark,27.7063,85.3152
2021-03-03T11:00,21.2,30,3.0,873.9,2.6,146,Ratnapark,27.7063,85.3152
2021-03-03T12:00,22.1,29,3.1,873.3,3.9,214,Ratnapark,27.7063,85.3152
2021-03-03T13:00,22.3,28,3.1,872.5,6.5,236,Ratnapark,27.7063,85.3152
2021-03-03T14:00,22.5,27,2.7,871.8,8.9,238,Ratnapark,27.7063,85.3152
2021-03-03T15:00,21.1,31,3.1,871.3,10.5,248,Ratnapark,27.7063,85.3152
2021-03-03T16:00,19.2,39,4.9,870.9,10.3,245,Ratnapark,27.7063,85.3152
2021-03-03T17:00,17.6,46,5.8,871.0,7.4,227,Ratnapark,27.7063,85.3152
2021-03-03T18:00,15.1,56,6.3,870.7,4.4,215,Ratnapark,27.7063,85.3152
2021-03-03T19:00,13.5,64,6.9,871.1,5.4,217,Ratnapark,27.7063,85.3152
2021-03-03T20:00,12.9,69,7.4,871.4,4.6,198,Ratnapark,27.7063,85.3152
2021-03-03T21:00,12.5,68,6.8,871.4,3.7,191,Ratnapark,27.7063,85.3152
2021-03-03T22:00,11.9,72,7.0,871.2,2.5,188,Ratnapark,27.7063,85.3152
2021-03-03T23:00,11.6,70,6.3,870.7,1.1,180,Ratnapark,27.7063,85.3152
2021-03-04T00:00,10.8,73,6.1,869.9,1.1,180,Ratnapark,27.7063,85.3152
2021-03-04T01:00,11.1,69,5.6,869.4,0.4,180,Ratnapark,27.7063,85.3152
2021-03-04T02:00,11.6,66,5.4,868.8,0.7,180,Ratnapark,27.7063,85.3152
2021-03-04T03:00,10.7,70,5.4,867.9,1.1,180,Ratnapark,27.7063,85.3152
2021-03-04T04:00,9.5,75,5.4,867.5,1.4,180,Ratnapark,27.7063,85.3152
2021-03-04T05:00,8.5,86,6.4,867.9,2.9,173,Ratnapark,27.7063,85.3152
2021-03-04T06:00,9.4,82,6.5,868.8,1.8,169,Ratnapark,27.7063,85.3152
2021-03-04T07:00,13.0,70,7.6,871.2,4.2,149,Ratnapark,27.7063,85.3152
2021-03-04T08:00,15.7,56,7.1,872.7,4.2,110,Ratnapark,27.7063,85.3152
2021-03-04T09:00,17.4,50,6.9,873.5,2.6,106,Ratnapark,27.7063,85.3152
2021-03-04T10:00,19.3,44,6.7,873.9,2.0,315,Ratnapark,27.7063,85.3152
2021-03-04T11:00,20.9,38,6.0,873.6,9.2,315,Ratnapark,27.7063,85.3152
2021-03-04T12:00,21.6,35,5.5,872.8,13.1,302,Ratnapark,27.7063,85.3152
2021-03-04T13:00,21.1,35,5.1,871.9,13.5,286,Ratnapark,27.7063,85.3152
2021-03-04T14:00,20.6,34,4.3,871.2,12.0,286,Ratnapark,27.7063,85.3152
2021-03-04T15:00,19.4,39,5.3,870.6,11.4,305,Ratnapark,27.7063,85.3152
2021-03-04T16:00,18.1,47,6.5,870.3,10.9,314,Ratnapark,27.7063,85.3152
2021-03-04T17:00,16.9,51,6.7,870.1,7.8,283,Ratnapark,27.7063,85.3152
2021-03-04T18:00,16.1,55,7.2,870.5,6.5,270,Ratnapark,27.7063,85.3152
2021-03-04T19:00,16.1,57,7.6,871.0,7.6,270,Ratnapark,27.7063,85.3152
2021-03-04T20:00,15.6,62,8.2,871.3,5.8,274,Ratnapark,27.7063,85.3152
2021-03-04T21:00,14.6,68,8.7,871.3,4.9,287,Ratnapark,27.7063,85.3152
2021-03-04T22:00,14.5,70,9.1,871.5,3.7,299,Ratnapark,27.7063,85.3152
2021-03-04T23:00,12.7,79,9.1,870.7,6.6,338,Ratnapark,27.7063,85.3152
2021-03-05T00:00,12.9,77,8.9,870.3,4.6,51,Ratnapark,27.7063,85.3152
2021-03-05T01:00,11.8,82,8.7,869.0,3.9,146,Ratnapark,27.7063,85.3152
2021-03-05T02:00,10.5,87,8.5,867.6,4.1,165,Ratnapark,27.7063,85.3152
2021-03-05T03:00,9.9,90,8.3,866.8,4.2,160,Ratnapark,27.7063,85.3152
2021-03-05T04:00,9.2,92,8.0,866.4,5.8,158,Ratnapark,27.7063,85.3152
2021-03-05T05:00,8.6,94,7.8,866.3,6.6,151,Ratnapark,27.7063,85.3152
2021-03-05T06:00,8.4,95,7.6,866.7,6.3,149,Ratnapark,27.7063,85.3152
2021-03-05T07:00,12.4,78,8.8,869.1,7.4,137,Ratnapark,27.7063,85.3152
2021-03-05T08:00,16.2,62,9.0,871.2,6.8,115,Ratnapark,27.7063,85.3152
2021-03-05T09:00,18.6,51,8.1,872.3,3.9,124,Ratnapark,27.7063,85.3152
2021-03-05T10:00,20.4,34,4.0,872.6,6.0,295,Ratnapark,27.7063,85.3152
2021-03-05T11:00,21.1,30,2.7,872.2,12.4,296,Ratnapark,27.7063,85.3152
2021-03-05T12:00,20.8,31,3.2,871.4,14.5,293,Ratnapark,27.7063,85.3152
2021-03-05T13:00,20.4,33,3.6,870.8,13.7,297,Ratnapark,27.7063,85.3152
2021-03-05T14:00,19.6,35,3.9,870.2,12.0,286,Ratnapark,27.7063,85.3152
2021-03-05T15:00,18.9,38,4.1,869.7,9.6,290,Ratnapark,27.7063,85.3152
2021-03-05T16:00,18.3,39,4.2,869.1,8.7,287,Ratnapark,27.7063,85.3152
2021-03-05T17:00,17.1,43,4.3,868.9,8.2,285,Ratnapark,27.7063,85.3152
2021-03-05T18:00,14.9,58,6.6,869.3,4.6,315,Ratnapark,27.7063,85.3152
2021-03-05T19:00,15.6,52,5.7,870.4,4.7,328,Ratnapark,27.7063,85.3152
2021-03-05T20:00,14.0,59,6.1,870.1,4.2,110,Ratnapark,27.7063,85.3152
2021-03-05T21:00,12.7,64,5.9,869.6,4.1,142,Ratnapark,27.7063,85.3152
2021-03-05T22:00,12.1,66,5.8,869.2,5.0,150,Ratnapark,27.7063,85.3152
2021-03-05T23:00,11.4,68,5.7,868.4,5.4,143,Ratnapark,27.7063,85.3152
2021-03-06T00:00,10.9,70,5.5,868.0,6.4,142,Ratnapark,27.7063,85.3152
2021-03-06T01:00,10.3,73,5.7,867.2,6.1,152,Ratnapark,27.7063,85.3152
2021-03-06T02:00,9.7,77,5.9,866.4,5.0,150,Ratnapark,27.7063,85.3152
2021-03-06T03:00,9.4,79,5.8,865.9,5.3,152,Ratnapark,27.7063,85.3152
2021-03-06T04:00,9.3,77,5.4,866.1,5.6,153,Ratnapark,27.7063,85.3152
2021-03-06T05:00,9.0,87,6.9,866.3,6.0,155,Ratnapark,27.7063,85.3152
2021-03-06T06:00,9.1,85,6.7,867.0,5.8,158,Ratnapark,27.7063,85.3152
2021-03-06T07:00,13.0,70,7.6,869.6,6.6,151,Ratnapark,27.7063,85.3152
2021-03-06T08:00,16.5,56,7.6,871.7,5.4,132,Ratnapark,27.7063,85.3152
2021-03-06T09:00,18.0,46,6.2,872.7,4.1,142,Ratnapark,27.7063,85.3152
2021-03-06T10:00,19.6,39,5.3,873.0,3.4,162,Ratnapark,27.7063,85.3152
2021-03-06T11:00,20.7,35,4.7,872.6,2.9,187,Ratnapark,27.7063,85.3152
2021-03-06T12:00,21.2,34,4.6,871.9,3.1,216,Ratnapark,27.7063,85.3152
2021-03-06T13:00,21.6,33,4.6,871.1,5.6,243,Ratnapark,27.7063,85.3152
2021-03-06T14:00,21.1,34,4.5,870.2,8.2,241,Ratnapark,27.7063,85.3152
2021-03-06T15:00,20.0,38,5.4,870.0,9.5,241,Ratnapark,27.7063,85.3152
2021-03-06T16:00,18.5,46,6.6,869.9,9.0,247,Ratnapark,27.7063,85.3152
2021-03-06T17:00,16.7,64,9.8,870.0,7.1,210,Ratnapark,27.7063,85.3152
2021-03-06T18:00,15.7,70,10.2,870.2,4.7,212,Ratnapark,27.7063,85.3152
2021-03-06T19:00,14.8,76,10.7,870.4,3.7,209,Ratnapark,27.7063,85.3152
2021-03-06T20:00,14.0,83,11.1,870.9,4.0,190,Ratnapark,27.7063,85.3152
2021-03-06T21:00,13.5,87,11.3,871.1,2.5,172,Ratnapark,27.7063,85.3152
2021-03-06T22:00,13.1,89,11.3,871.0,3.3,167,Ratnapark,27.7063,85.3152
2021-03-06T23:00,12.3,92,11.0,870.3,3.4,162,Ratnapark,27.7063,85.3152
2021-03-07T00:00,11.3,95,10.6,869.4,3.7,169,Ratnapark,27.7063,85.3152
2021-03-07T01:00,10.2,98,9.9,868.1,2.9,180,Ratnapark,27.7063,85.3152
2021-03-07T02:00,9.7,98,9.3,867.4,1.8,180,Ratnapark,27.7063,85.3152
2021-03-07T03:00,9.4,97,9.0,867.1,2.2,171,Ratnapark,27.7063,85.3152
2021-03-07T04:00,9.2,97,8.7,867.1,3.0,166,Ratnapark,27.7063,85.3152
2021-03-07T05:00,9.2,97,8.8,867.7,3.7,169,Ratnapark,27.7063,85.3152
2021-03-07T06:00,9.5,94,8.6,868.7,4.1,165,Ratnapark,27.7063,85.3152
2021-03-07T07:00,13.6,78,9.9,871.7,4.7,157,Ratnapark,27.7063,85.3152
2021-03-07T08:00,15.8,70,10.4,873.3,3.7,169,Ratnapark,27.7063,85.3152
2021-03-07T09:00,16.5,65,9.8,874.2,1.8,191,Ratnapark,27.7063,85.3152
2021-03-07T10:00,17.6,58,9.3,874.6,1.8,127,Ratnapark,27.7063,85.3152
2021-03-07T11:00,19.0,52,8.9,874.4,0.8,27,Ratnapark,27.7063,85.3152
2021-03-07T12:00,19.4,49,8.4,873.6,2.9,277,Ratnapark,27.7063,85.3152
2021-03-07T13:00,19.1,50,8.4,872.8,6.9,276,Ratnapark,27.7063,85.3152
2021-03-07T14:00,18.4,54,8.9,872.0,8.4,277,Ratnapark,27.7063,85.3152
2021-03-07T15:00,17.0,62,9.7,871.5,5.8,277,Ratnapark,27.7063,85.3152
2021-03-07T16:00,15.7,74,11.1,871.7,5.5,293,Ratnapark,27.7063,85.3152
2021-03-07T17:00,14.6,86,12.3,871.7,3.4,342,Ratnapark,27.7063,85.3152
2021-03-07T18:00,13.8,97,13.3,871.9,1.8,307,Ratnapark,27.7063,85.3152
2021-03-07T19:00,13.4,100,13.4,872.5,2.3,252,Ratnapark,27.7063,85.3152
2021-03-07T20:00,13.5,100,13.5,873.3,1.3,304,Ratnapark,27.7063,85.3152
2021-03-07T21:00,13.2,99,13.1,873.8,2.2,360,Ratnapark,27.7063,85.3152
2021-03-07T22:00,13.2,99,13.0,873.8,1.1,72,Ratnapark,27.7063,85.3152
2021-03-07T23:00,12.0,100,12.0,872.7,2.6,146,Ratnapark,27.7063,85.3152
2021-03-08T00:00,11.5,100,11.5,871.9,3.1,159,Ratnapark,27.7063,85.3152
2021-03-08T01:00,11.3,100,11.3,870.9,3.8,163,Ratnapark,27.7063,85.3152
2021-03-08T02:00,10.9,100,10.9,869.9,4.6,162,Ratnapark,27.7063,85.3152
2021-03-08T03:00,10.6,100,10.5,869.6,4.6,162,Ratnapark,27.7063,85.3152
2021-03-08T04:00,10.1,99,10.0,869.5,4.1,165,Ratnapark,27.7063,85.3152
2021-03-08T05:00,9.9,99,9.8,869.9,4.2,160,Ratnapark,27.7063,85.3152
2021-03-08T06:00,9.8,99,9.7,870.6,3.4,162,Ratnapark,27.7063,85.3152
2021-03-08T07:00,12.7,95,11.8,872.7,4.3,156,Ratnapark,27.7063,85.3152
2021-03-08T08:00,16.3,78,12.5,875.2,2.1,121,Ratnapark,27.7063,85.3152
2021-03-08T09:00,18.3,65,11.6,876.0,2.4,333,Ratnapark,27.7063,85.3152
2021-03-08T10:00,20.2,53,10.3,876.6,7.1,311,Ratnapark,27.7063,85.3152
2021-03-08T11:00,21.1,49,10.1,876.3,9.7,297,Ratnapark,27.7063,85.3152
2021-03-08T12:00,21.2,50,10.3,875.6,11.4,294,Ratnapark,27.7063,85.3152
2021-03-08T13:00,20.5,55,11.1,874.7,9.5,281,Ratnapark,27.7063,85.3152
2021-03-08T14:00,18.5,64,11.5,873.9,8.1,291,Ratnapark,27.7063,85.3152
2021-03-08T15:00,17.1,72,12.1,873.6,6.7,234,Ratnapark,27.7063,85.3152
2021-03-08T16:00,17.0,74,12.3,873.4,4.2,290,Ratnapark,27.7063,85.3152
2021-03-08T17:00,16.6,81,13.4,872.9,4.3,294,Ratnapark,27.7063,85.3152
2021-03-08T18:00,14.6,80,11.2,872.3,4.2,200,Ratnapark,27.7063,85.3152
2021-03-08T19:00,13.4,86,11.0,871.9,2.5,172,Ratnapark,27.7063,85.3152
2021-03-08T20:00,12.7,87,10.6,872.0,1.8,169,Ratnapark,27.7063,85.3152
2021-03-08T21:00,12.2,83,9.5,872.0,1.8,169,Ratnapark,27.7063,85.3152
2021-03-08T22:00,11.9,79,8.4,871.7,2.2,180,Ratnapark,27.7063,85.3152
2021-03-08T23:00,12.4,74,7.8,871.8,3.3,193,Ratnapark,27.7063,85.3152
2021-03-09T00:00,15.1,60,7.5,872.9,4.3,228,Ratnapark,27.7063,85.3152
2021-03-09T01:00,14.9,61,7.6,872.2,2.3,198,Ratnapark,27.7063,85.3152
2021-03-09T02:00,13.3,69,7.7,870.7,1.1,180,Ratnapark,27.7063,85.3152
2021-03-09T03:00,12.6,73,7.8,870.1,1.1,180,Ratnapark,27.7063,85.3152
2021-03-09T04:00,13.9,66,7.8,870.9,0.7,180,Ratnapark,27.7063,85.3152
2021-03-09T05:00,13.8,68,8.0,871.3,0.0,270,Ratnapark,27.7063,85.3152
2021-03-09T06:00,11.1,83,8.2,870.7,1.8,169,Ratnapark,27.7063,85.3152
2021-03-09T07:00,15.3,67,9.2,873.3,2.5,172,Ratnapark,27.7063,85.3152
2021-03-09T08:00,18.4,54,9.0,875.0,1.3,326,Ratnapark,27.7063,85.3152
2021-03-09T09:00,20.4,47,8.8,875.7,7.6,295,Ratnapark,27.7063,85.3152
2021-03-09T10:00,21.9,39,7.3,876.1,12.4,292,Ratnapark,27.7063,85.3152
2021-03-09T11:00,22.4,36,6.5,875.8,14.8,293,Ratnapark,27.7063,85.3152
2021-03-09T12:00,22.3,35,5.9,875.0,14.7,295,Ratnapark,27.7063,85.3152
2021-03-09T13:00,22.0,36,6.2,874.0,13.4,301,Ratnapark,27.7063,85.3152
2021-03-09T14:00,21.7,36,6.1,873.3,13.7,297,Ratnapark,27.7063,85.3152
2021-03-09T15:00,20.9,39,6.5,872.8,11.3,297,Ratnapark,27.7063,85.3152
2021-03-09T16:00,19.9,45,7.6,872.7,9.9,303,Ratnapark,27.7063,85.3152
2021-03-09T17:00,18.0,53,8.3,871.8,5.4,290,Ratnapark,27.7063,85.3152
2021-03-09T18:00,16.1,60,8.5,871.6,4.5,256,Ratnapark,27.7063,85.3152
2021-03-09T19:00,14.9,68,9.0,871.9,6.1,242,Ratnapark,27.7063,85.3152
2021-03-09T20:00,14.5,71,9.3,872.5,7.2,252,Ratnapark,27.7063,85.3152
2021-03-09T21:00,14.7,70,9.3,872.9,6.4,243,Ratnapark,27.7063,85.3152
2021-03-09T22:00,16.9,61,9.3,873.8,4.9,253,Ratnapark,27.7063,85.3152
2021-03-09T23:00,16.6,62,9.3,873.1,2.8,220,Ratnapark,27.7063,85.3152
2021-03-10T00:00,13.4,76,9.3,871.0,1.8,180,Ratnapark,27.7063,85.3152
2021-03-10T01:00,11.4,85,9.0,869.7,2.5,180,Ratnapark,27.7063,85.3152
2021-03-10T02:00,10.9,87,8.7,869.0,2.5,172,Ratnapark,27.7063,85.3152
2021-03-10T03:00,10.7,87,8.7,869.0,2.2,171,Ratnapark,27.7063,85.3152
2021-03-10T04:00,10.2,89,8.5,869.1,2.6,164,Ratnapark,27.7063,85.3152
2021-03-10T05:00,10.4,91,9.0,870.1,3.5,156,Ratnapark,27.7063,85.3152
2021-03-10T06:00,10.6,91,9.1,871.0,4.2,160,Ratnapark,27.7063,85.3152
2021-03-10T07:00,14.9,73,10.1,873.7,4.3,156,Ratnapark,27.7063,85.3152
2021-03-10T08:00,18.4,57,9.6,875.7,2.3,72,Ratnapark,27.7063,85.3152
2021-03-10T09:00,20.1,51,9.7,876.4,5.3,298,Ratnapark,27.7063,85.3152
2021-03-10T10:00,21.4,44,8.6,876.8,10.0,291,Ratnapark,27.7063,85.3152
2021-03-10T11:00,21.6,45,9.1,876.4,12.2,294,Ratnapark,27.7063,85.3152
2021-03-10T12:00,22.0,44,9.1,875.2,12.1,300,Ratnapark,27.7063,85.3152
2021-03-10T13:00,20.8,49,9.8,874.2,12.3,267,Ratnapark,27.7063,85.3152
2021-03-10T14:00,20.2,53,10.2,873.2,9.7,268,Ratnapark,27.7063,85.3152
2021-03-10T15:00,19.7,52,9.6,872.7,10.5,297,Ratnapark,27.7063,85.3152
2021-03-10T16:00,18.5,58,10.0,872.7,10.7,315,Ratnapark,27.7063,85.3152
2021-03-10T17:00,17.9,65,11.1,871.7,7.4,313,Ratnapark,27.7063,85.3152
2021-03-10T18:00,16.2,75,11.9,872.2,5.4,312,Ratnapark,27.7063,85.3152
2021-03-10T19:00,14.4,88,12.4,872.2,5.3,242,Ratnapark,27.7063,85.3152
2021-03-10T20:00,13.5,92,12.2,872.3,6.1,230,Ratnapark,27.7063,85.3152
2021-03-10T21:00,13.1,93,12.0,872.4,4.8,207,Ratnapark,27.7063,85.3152
2021-03-10T22:00,12.6,94,11.6,872.0,3.3,186,Ratnapark,27.7063,85.3152
2021-03-10T23:00,12.1,93,11.0,871.5,1.8,180,Ratnapark,27.7063,85.3152
2021-03-11T00:00,11.7,90,10.2,870.8,1.1,180,Ratnapark,27.7063,85.3152
2021-03-11T01:00,11.3,88,9.4,870.0,1.1,162,Ratnapark,27.7063,85.3152
2021-03-11T02:00,11.1,86,8.9,869.6,2.3,162,Ratnapark,27.7063,85.3152
2021-03-11T03:00,11.1,85,8.7,869.6,3.4,162,Ratnapark,27.7063,85.3152
2021-03-11T04:00,10.9,86,8.6,870.0,3.9,158,Ratnapark,27.7063,85.3152
2021-03-11T05:00,10.9,93,9.8,870.7,3.4,162,Ratnapark,27.7063,85.3152
2021-03-11T06:00,11.5,91,10.1,871.7,3.4,162,Ratnapark,27.7063,85.3152
2021-03-11T07:00,15.5,76,11.3,874.4,3.7,151,Ratnapark,27.7063,85.3152
2021-03-11T08:00,18.7,59,10.6,876.5,1.4,360,Ratnapark,27.7063,85.3152
2021-03-11T09:00,20.5,48,9.2,877.4,7.1,300,Ratnapark,27.7063,85.3152
2021-03-11T10:00,21.6,42,8.2,878.0,11.3,292,Ratnapark,27.7063,85.3152
2021-03-11T11:00,21.7,42,8.3,877.9,11.4,298,Ratnapark,27.7063,85.3152
2021-03-11T12:00,22.2,36,6.5,876.9,13.2,292,Ratnapark,27.7063,85.3152
2021-03-11T13:00,21.5,44,8.7,876.1,11.1,245,Ratnapark,27.7063,85.3152
2021-03-11T14:00,21.9,39,7.3,875.3,11.8,301,Ratnapark,27.7063,85.3152
2021-03-11T15:00,21.2,37,5.9,874.8,12.6,273,Ratnapark,27.7063,85.3152
2021-03-11T16:00,19.7,48,8.4,874.6,9.5,245,Ratnapark,27.7063,85.3152
2021-03-11T17:00,18.6,53,8.9,873.9,7.6,301,Ratnapark,27.7063,85.3152
2021-03-11T18:00,16.0,67,9.9,873.4,6.2,280,Ratnapark,27.7063,85.3152
2021-03-11T19:00,16.1,67,10.1,874.2,5.9,256,Ratnapark,27.7063,85.3152
2021-03-11T20:00,15.8,69,10.1,874.6,4.2,211,Ratnapark,27.7063,85.3152
2021-03-11T21:00,13.6,79,10.1,874.2,2.9,180,Ratnapark,27.7063,85.3152
2021-03-11T22:00,12.8,83,9.9,874.0,2.2,171,Ratnapark,27.7063,85.3152
2021-03-11T23:00,12.4,82,9.4,873.8,1.5,166,Ratnapark,27.7063,85.3152
2021-03-12T00:00,11.9,82,8.9,873.3,2.9,173,Ratnapark,27.7063,85.3152
2021-03-12T01:00,11.5,81,8.4,872.5,3.3,167,Ratnapark,27.7063,85.3152
2021-03-12T02:00,11.1,81,8.0,871.8,3.7,169,Ratnapark,27.7063,85.3152
2021-03-12T03:00,11.4,78,7.7,871.9,3.3,167,Ratnapark,27.7063,85.3152
2021-03-12T04:00,11.1,79,7.6,872.1,4.2,160,Ratnapark,27.7063,85.3152
2021-03-12T05:00,14.9,69,9.2,874.6,1.8,169,Ratnapark,27.7063,85.3152
2021-03-12T06:00,13.8,74,9.2,874.8,1.1,180,Ratnapark,27.7063,85.3152
2021-03-12T07:00,16.9,65,10.2,876.9,0.0,270,Ratnapark,27.7063,85.3152
2021-03-12T08:00,18.7,58,10.3,878.1,3.9,326,Ratnapark,27.7063,85.3152
2021-03-12T09:00,20.2,50,9.5,879.1,7.2,307,Ratnapark,27.7063,85.3152
2021-03-12T10:00,21.9,41,8.1,879.9,9.4,302,Ratnapark,27.7063,85.3152
2021-03-12T11:00,23.2,35,6.7,879.5,9.8,294,Ratnapark,27.7063,85.3152
2021-03-12T12:00,23.9,31,6.0,878.5,12.0,291,Ratnapark,27.7063,85.3152
2021-03-12T13:00,24.1,31,6.1,877.6,13.4,294,Ratnapark,27.7063,85.3152
2021-03-12T14:00,23.7,33,6.3,876.7,12.1,297,Ratnapark,27.7063,85.3152
2021-03-12T15:00,22.2,39,7.8,876.1,12.4,300,Ratnapark,27.7063,85.3152
2021-03-12T16:00,21.2,45,8.6,875.8,11.6,296,Ratnapark,27.7063,85.3152
2021-03-12T17:00,20.1,51,9.7,875.6,6.5,289,Ratnapark,27.7063,85.3152
2021-03-12T18:00,18.0,59,9.9,875.8,4.9,253,Ratnapark,27.7063,85.3152
2021-03-12T19:00,16.9,65,10.2,876.3,5.2,254,Ratnapark,27.7063,85.3152
2021-03-12T20:00,16.4,69,10.7,876.4,4.7,274,Ratnapark,27.7063,85.3152
2021-03-12T21:00,15.7,76,11.5,876.2,6.7,254,Ratnapark,27.7063,85.3152
2021-03-12T22:00,15.5,76,11.3,876.1,5.4,228,Ratnapark,27.7063,85.3152
2021-03-12T23:00,14.6,81,11.3,875.5,2.9,187,Ratnapark,27.7063,85.3152
2021-03-13T00:00,13.8,84,11.2,874.8,2.2,180,Ratnapark,27.7063,85.3152
2021-03-13T01:00,13.0,87,11.0,874.0,2.2,180,Ratnapark,27.7063,85.3152
2021-03-13T02:00,12.2,90,10.7,873.0,1.5,166,Ratnapark,27.7063,85.3152
2021-03-13T03:00,11.6,92,10.4,872.3,2.7,157,Ratnapark,27.7063,85.3152
2021-03-13T04:00,11.0,94,10.1,872.1,3.8,163,Ratnapark,27.7063,85.3152
2021-03-13T05:00,9.2,100,9.2,871.5,4.2,160,Ratnapark,27.7063,85.3152
2021-03-13T06:00,9.9,97,9.4,872.1,5.2,155,Ratnapark,27.7063,85.3152
2021-03-13T07:00,15.3,74,10.7,875.4,5.2,146,Ratnapark,27.7063,85.3152
2021-03-13T08:00,18.9,56,10.0,877.4,1.9,112,Ratnapark,27.7063,85.3152
2021-03-13T09:00,20.6,47,9.0,878.0,4.0,297,Ratnapark,27.7063,85.3152
2021-03-13T10:00,21.6,39,7.2,878.3,6.9,298,Ratnapark,27.7063,85.3152
2021-03-13T11:00,21.7,40,7.3,877.7,7.2,297,Ratnapark,27.7063,85.3152
2021-03-13T12:00,21.7,39,7.3,876.8,7.8,257,Ratnapark,27.7063,85.3152
2021-03-13T13:00,19.1,56,10.1,875.7,10.9,224,Ratnapark,27.7063,85.3152
2021-03-13T14:00,17.4,64,10.5,874.8,7.9,294,Ratnapark,27.7063,85.3152
2021-03-13T15:00,17.2,68,11.2,874.2,6.4,308,Ratnapark,27.7063,85.3152
2021-03-13T16:00,16.4,72,11.3,873.9,7.2,297,Ratnapark,27.7063,85.3152
2021-03-13T17:00,14.9,84,12.1,872.8,6.1,315,Ratnapark,27.7063,85.3152
2021-03-13T18:00,14.1,94,13.1,872.6,1.4,360,Ratnapark,27.7063,85.3152
2021-03-13T19:00,13.5,99,13.3,872.4,1.6,153,Ratnapark,27.7063,85.3152
2021-03-13T20:00,13.1,100,13.0,872.2,2.5,180,Ratnapark,27.7063,85.3152
2021-03-13T21:00,12.5,99,12.3,871.9,2.3,162,Ratnapark,27.7063,85.3152
2021-03-13T22:00,11.9,99,11.7,871.5,1.8,180,Ratnapark,27.7063,85.3152
2021-03-13T23:00,11.1,98,10.8,870.6,1.4,180,Ratnapark,27.7063,85.3152
2021-03-14T00:00,10.6,98,10.3,869.9,1.1,180,Ratnapark,27.7063,85.3152
2021-03-14T01:00,10.0,98,9.7,869.0,0.7,180,Ratnapark,27.7063,85.3152
2021-03-14T02:00,9.4,97,9.0,868.3,1.4,180,Ratnapark,27.7063,85.3152
2021-03-14T03:00,9.4,97,8.9,868.2,1.1,162,Ratnapark,27.7063,85.3152
2021-03-14T04:00,9.8,94,8.9,868.3,1.5,166,Ratnapark,27.7063,85.3152
2021-03-14T05:00,12.7,81,9.4,870.0,3.6,143,Ratnapark,27.7063,85.3152
2021-03-14T06:00,12.2,81,9.1,870.2,5.1,135,Ratnapark,27.7063,85.3152
2021-03-14T07:00,14.6,72,9.7,872.0,3.9,124,Ratnapark,27.7063,85.3152
2021-03-14T08:00,16.6,64,9.7,873.1,3.6,90,Ratnapark,27.7063,85.3152
2021-03-14T09:00,18.8,56,9.9,874.1,1.6,63,Ratnapark,27.7063,85.3152
2021-03-14T10:00,19.9,54,10.2,874.3,3.0,284,Ratnapark,27.7063,85.3152
2021-03-14T11:00,19.0,58,10.5,874.0,6.4,297,Ratnapark,27.7063,85.3152
2021-03-14T12:00,19.7,57,11.0,873.5,7.1,319,Ratnapark,27.7063,85.3152
2021-03-14T13:00,20.5,54,10.9,872.6,6.9,309,Ratnapark,27.7063,85.3152
2021-03-14T14:00,20.9,52,10.7,871.7,8.9,291,Ratnapark,27.7063,85.3152
2021-03-14T15:00,20.7,53,10.9,871.1,10.3,299,Ratnapark,27.7063,85.3152
2021-03-14T16:00,19.9,57,11.3,870.9,10.6,305,Ratnapark,27.7063,85.3152
2021-03-14T17:00,18.2,66,11.7,870.9,7.3,281,Ratnapark,27.7063,85.3152
2021-03-14T18:00,16.2,79,12.5,870.7,4.0,270,Ratnapark,27.7063,85.3152
2021-03-14T19:00,15.3,84,12.7,870.9,6.6,279,Ratnapark,27.7063,85.3152
2021-03-14T20:00,14.4,88,12.5,871.3,7.2,297,Ratnapark,27.7063,85.3152
2021-03-14T21:00,14.5,87,12.4,871.8,6.6,315,Ratnapark,27.7063,85.3152
2021-03-14T22:00,15.5,83,12.7,872.4,4.9,287,Ratnapark,27.7063,85.3152
2021-03-14T23:00,15.1,86,12.8,871.8,3.6,233,Ratnapark,27.7063,85.3152
2021-03-15T00:00,14.5,89,12.7,871.1,2.6,196,Ratnapark,27.7063,85.3152
2021-03-15T01:00,11.7,97,11.2,869.1,2.5,180,Ratnapark,27.7063,85.3152
2021-03-15T02:00,11.3,99,11.1,868.3,2.2,171,Ratnapark,27.7063,85.3152
2021-03-15T03:00,11.0,99,10.8,867.9,2.3,162,Ratnapark,27.7063,85.3152
2021-03-15T04:00,10.2,99,10.1,867.2,3.1,159,Ratnapark,27.7063,85.3152
2021-03-15T05:00,9.4,100,9.4,867.6,4.2,160,Ratnapark,27.7063,85.3152
2021-03-15T06:00,9.6,97,9.2,868.2,5.3,152,Ratnapark,27.7063,85.3152
2021-03-15T07:00,14.9,84,12.1,871.1,5.9,137,Ratnapark,27.7063,85.3152
2021-03-15T08:00,18.2,68,12.2,872.8,4.9,126,Ratnapark,27.7063,85.3152
2021-03-15T09:00,20.5,57,11.8,873.7,2.2,189,Ratnapark,27.7063,85.3152
2021-03-15T10:00,22.6,48,11.1,874.3,4.7,270,Ratnapark,27.7063,85.3152
2021-03-15T11:00,23.6,41,9.5,874.3,7.8,283,Ratnapark,27.7063,85.3152
2021-03-15T12:00,24.0,38,8.8,873.5,10.7,284,Ratnapark,27.7063,85.3152
2021-03-15T13:00,23.6,38,8.5,872.8,12.9,297,Ratnapark,27.7063,85.3152
2021-03-15T14:00,23.3,34,6.6,872.0,13.6,310,Ratnapark,27.7063,85.3152
2021-03-15T15:00,22.7,36,7.0,871.6,13.0,304,Ratnapark,27.7063,85.3152
2021-03-15T16:00,21.2,45,8.7,871.4,11.3,307,Ratnapark,27.7063,85.3152
2021-03-15T17:00,19.6,48,8.4,870.5,5.0,291,Ratnapark,27.7063,85.3152
2021-03-15T18:00,16.4,62,9.1,870.2,6.6,261,Ratnapark,27.7063,85.3152
2021-03-15T19:00,15.4,67,9.3,870.7,6.3,239,Ratnapark,27.7063,85.3152
2021-03-15T20:00,14.6,74,10.1,871.0,6.7,234,Ratnapark,27.7063,85.3152
2021-03-15T21:00,15.0,74,10.4,871.6,6.4,243,Ratnapark,27.7063,85.3152
2021-03-15T22:00,16.1,70,10.6,872.2,4.9,234,Ratnapark,27.7063,85.3152
2021-03-15T23:00,15.3,75,10.8,871.6,2.2,189,Ratnapark,27.7063,85.3152
2021-03-16T00:00,15.0,76,10.8,871.0,1.1,180,Ratnapark,27.7063,85.3152
2021-03-16T01:00,12.4,87,10.4,869.3,1.8,169,Ratnapark,27.7063,85.3152
2021-03-16T02:00,11.8,90,10.2,868.4,2.5,172,Ratnapark,27.7063,85.3152
2021-03-16T03:00,11.4,92,10.1,867.9,2.6,164,Ratnapark,27.7063,85.3152
2021-03-16T04:00,10.8,94,9.8,867.5,2.6,164,Ratnapark,27.7063,85.3152
2021-03-16T05:00,11.0,95,10.2,868.5,3.0,166,Ratnapark,27.7063,85.3152
2021-03-16T06:00,11.3,94,10.4,869.2,4.7,157,Ratnapark,27.7063,85.3152
2021-03-16T07:00,16.1,75,11.7,872.1,4.4,145,Ratnapark,27.7063,85.3152
2021-03-16T08:00,19.1,61,11.4,873.7,0.7,360,Ratnapark,27.7063,85.3152
2021-03-16T09:00,20.9,52,10.6,874.4,5.3,298,Ratnapark,27.7063,85.3152
2021-03-16T10:00,22.3,43,9.0,874.8,7.6,301,Ratnapark,27.7063,85.3152
2021-03-16T11:00,23.4,36,7.3,874.7,11.3,297,Ratnapark,27.7063,85.3152
2021-03-16T12:00,23.3,37,7.8,873.9,12.6,290,Ratnapark,27.7063,85.3152
2021-03-16T13:00,22.8,39,8.3,872.8,9.7,274,Ratnapark,27.7063,85.3152
2021-03-16T14:00,22.6,40,8.3,872.2,10.1,274,Ratnapark,27.7063,85.3152
2021-03-16T15:00,21.6,41,7.6,871.7,10.8,285,Ratnapark,27.7063,85.3152
2021-03-16T16:00,20.1,47,8.4,871.4,9.7,297,Ratnapark,27.7063,85.3152
2021-03-16T17:00,19.4,54,9.7,871.1,6.0,295,Ratnapark,27.7063,85.3152
2021-03-16T18:00,16.8,68,10.8,870.7,5.5,281,Ratnapark,27.7063,85.3152
2021-03-16T19:00,16.2,71,10.9,871.3,5.0,240,Ratnapark,27.7063,85.3152
2021-03-16T20:00,16.1,69,10.5,871.7,3.7,209,Ratnapark,27.7063,85.3152
2021-03-16T21:00,14.5,76,10.4,871.3,1.4,180,Ratnapark,27.7063,85.3152
2021-03-16T22:00,13.3,82,10.2,870.9,1.1,162,Ratnapark,27.7063,85.3152
2021-03-16T23:00,12.6,84,9.9,870.1,2.2,171,Ratnapark,27.7063,85.3152
2021-03-17T00:00,12.3,84,9.6,869.4,2.2,171,Ratnapark,27.7063,85.3152
2021-03-17T01:00,11.8,86,9.5,868.5,1.8,169,Ratnapark,27.7063,85.3152
2021-03-17T02:00,11.4,88,9.5,867.8,2.2,171,Ratnapark,27.7063,85.3152
2021-03-17T03:00,11.1,89,9.4,867.4,3.0,166,Ratnapark,27.7063,85.3152
2021-03-17T04:00,10.9,90,9.3,867.2,3.9,158,Ratnapark,27.7063,85.3152
2021-03-17T05:00,10.9,92,9.7,867.7,5.0,159,Ratnapark,27.7063,85.3152
2021-03-17T06:00,11.4,89,9.6,868.4,5.5,157,Ratnapark,27.7063,85.3152
2021-03-17T07:00,16.5,68,10.6,871.3,5.7,125,Ratnapark,27.7063,85.3152
2021-03-17T08:00,19.6,53,9.7,873.0,5.5,101,Ratnapark,27.7063,85.3152
2021-03-17T09:00,21.4,45,8.9,873.8,2.2,90,Ratnapark,27.7063,85.3152
2021-03-17T10:00,23.1,39,8.2,874.1,1.1,270,Ratnapark,27.7063,85.3152
2021-03-17T11:00,24.0,34,7.1,873.9,4.7,266,Ratnapark,27.7063,85.3152
2021-03-17T12:00,24.6,33,7.1,873.2,8.0,275,Ratnapark,27.7063,85.3152
2021-03-17T13:00,24.3,34,7.3,872.6,10.5,276,Ratnapark,27.7063,85.3152
2021-03-17T14:00,23.5,35,7.1,871.7,9.4,277,Ratnapark,27.7063,85.3152
2021-03-17T15:00,22.4,37,7.0,871.2,11.3,261,Ratnapark,27.7063,85.3152
2021-03-17T16:00,21.7,40,7.7,871.2,9.7,272,Ratnapark,27.7063,85.3152
2021-03-17T17:00,20.5,42,7.1,870.9,6.8,270,Ratnapark,27.7063,85.3152
2021-03-17T18:00,17.4,55,8.4,870.4,5.5,238,Ratnapark,27.7063,85.3152
2021-03-17T19:00,16.3,62,8.9,870.7,4.6,219,Ratnapark,27.7063,85.3152
2021-03-17T20:00,15.2,70,9.8,870.7,5.2,214,Ratnapark,27.7063,85.3152
2021-03-17T21:00,16.9,59,8.9,871.8,4.2,211,Ratnapark,27.7063,85.3152
2021-03-17T22:00,17.4,58,9.1,872.3,3.8,221,Ratnapark,27.7063,85.3152
2021-03-17T23:00,16.9,61,9.3,871.9,2.3,198,Ratnapark,27.7063,85.3152
2021-03-18T00:00,16.0,65,9.5,871.3,2.6,196,Ratnapark,27.7063,85.3152
2021-03-18T01:00,14.8,72,9.7,870.2,1.8,180,Ratnapark,27.7063,85.3152
2021-03-18T02:00,12.4,83,9.6,868.8,3.2,180,Ratnapark,27.7063,85.3152
2021-03-18T03:00,12.6,82,9.6,868.6,3.0,166,Ratnapark,27.7063,85.3152
2021-03-18T04:00,11.9,85,9.5,868.5,3.0,166,Ratnapark,27.7063,85.3152
2021-03-18T05:00,11.3,90,9.7,868.8,4.0,170,Ratnapark,27.7063,85.3152
2021-03-18T06:00,11.8,87,9.7,869.6,4.2,160,Ratnapark,27.7063,85.3152
2021-03-18T07:00,16.8,67,10.6,872.7,4.4,125,Ratnapark,27.7063,85.3152
2021-03-18T08:00,19.9,50,9.2,874.4,2.6,74,Ratnapark,27.7063,85.3152
2021-03-18T09:00,21.9,42,8.5,875.0,1.5,346,Ratnapark,27.7063,85.3152
2021-03-18T10:00,23.4,35,7.3,875.2,3.4,288,Ratnapark,27.7063,85.3152
2021-03-18T11:00,24.7,31,6.5,874.8,7.2,273,Ratnapark,27.7063,85.3152
2021-03-18T12:00,25.2,33,8.0,874.0,10.8,272,Ratnapark,27.7063,85.3152
2021-03-18T13:00,22.0,46,10.0,873.3,11.7,252,Ratnapark,27.7063,85.3152
2021-03-18T14:00,22.3,44,9.4,872.3,6.5,289,Ratnapark,27.7063,85.3152
2021-03-18T15:00,21.4,46,9.4,872.1,7.4,299,Ratnapark,27.7063,85.3152
2021-03-18T16:00,20.2,51,9.7,871.9,4.3,275,Ratnapark,27.7063,85.3152
2021-03-18T17:00,20.5,45,8.3,871.4,5.3,298,Ratnapark,27.7063,85.3152
2021-03-18T18:00,18.1,56,9.3,871.1,5.5,281,Ratnapark,27.7063,85.3152
2021-03-18T19:00,17.1,61,9.6,871.6,6.8,288,Ratnapark,27.7063,85.3152
2021-03-18T20:00,16.1,66,9.8,871.7,7.3,279,Ratnapark,27.7063,85.3152
2021-03-18T21:00,16.0,67,9.9,872.3,7.2,273,Ratnapark,27.7063,85.3152
2021-03-18T22:00,17.6,59,9.5,872.9,4.7,238,Ratnapark,27.7063,85.3152
2021-03-18T23:00,16.3,65,9.7,872.2,4.0,207,Ratnapark,27.7063,85.3152
2021-03-19T00:00,15.0,71,9.7,871.3,2.5,188,Ratnapark,27.7063,85.3152
2021-03-19T01:00,14.2,74,9.7,870.3,2.2,180,Ratnapark,27.7063,85.3152
2021-03-19T02:00,13.7,76,9.5,869.3,1.8,180,Ratnapark,27.7063,85.3152
2021-03-19T03:00,12.4,81,9.3,868.3,2.9,180,Ratnapark,27.7063,85.3152
2021-03-19T04:00,11.9,82,9.0,868.1,1.8,180,Ratnapark,27.7063,85.3152
2021-03-19T05:00,11.6,87,9.6,868.6,2.6,164,Ratnapark,27.7063,85.3152
2021-03-19T06:00,13.3,78,9.6,870.0,3.2,153,Ratnapark,27.7063,85.3152
2021-03-19T07:00,17.5,63,10.4,872.5,4.6,129,Ratnapark,27.7063,85.3152
2021-03-19T08:00,20.3,51,9.8,874.1,3.3,84,Ratnapark,27.7063,85.3152
2021-03-19T09:00,22.2,44,9.2,874.6,3.1,324,Ratnapark,27.7063,85.3152
2021-03-19T10:00,24.0,34,7.2,874.7,8.4,301,Ratnapark,27.7063,85.3152
2021-03-19T11:00,25.2,28,5.5,874.3,12.2,294,Ratnapark,27.7063,85.3152
2021-03-19T12:00,25.4,28,5.6,873.6,14.0,296,Ratnapark,27.7063,85.3152
2021-03-19T13:00,24.8,28,5.3,872.4,13.9,295,Ratnapark,27.7063,85.3152
2021-03-19T14:00,24.8,28,5.1,871.6,12.9,297,Ratnapark,27.7063,85.3152
2021-03-19T15:00,23.9,30,5.4,870.8,11.9,305,Ratnapark,27.7063,85.3152
2021-03-19T16:00,23.0,33,5.7,870.5,10.0,308,Ratnapark,27.7063,85.3152
2021-03-19T17:00,21.4,41,7.6,870.4,5.5,293,Ratnapark,27.7063,85.3152
2021-03-19T18:00,18.5,52,8.3,870.0,6.6,279,Ratnapark,27.7063,85.3152
2021-03-19T19:00,18.3,51,8.1,870.9,5.4,274,Ratnapark,27.7063,85.3152
2021-03-19T20:00,17.7,57,9.1,871.4,5.8,292,Ratnapark,27.7063,85.3152
2021-03-19T21:00,16.8,65,10.2,871.2,6.4,308,Ratnapark,27.7063,85.3152
2021-03-19T22:00,16.8,67,10.6,870.8,7.4,299,Ratnapark,27.7063,85.3152
2021-03-19T23:00,18.1,60,10.3,870.9,4.6,225,Ratnapark,27.7063,85.3152
2021-03-20T00:00,17.6,62,10.3,870.5,3.2,207,Ratnapark,27.7063,85.3152
2021-03-20T01:00,14.4,76,10.3,868.7,2.2,189,Ratnapark,27.7063,85.3152
2021-03-20T02:00,14.1,77,10.2,868.1,2.5,180,Ratnapark,27.7063,85.3152
2021-03-20T03:00,14.0,77,10.0,867.9,2.2,180,Ratnapark,27.7063,85.3152
2021-03-20T04:00,13.8,76,9.7,867.9,2.2,171,Ratnapark,27.7063,85.3152
2021-03-20T05:00,13.0,84,10.4,867.6,3.9,158,Ratnapark,27.7063,85.3152
2021-03-20T06:00,13.1,83,10.4,868.2,4.6,162,Ratnapark,27.7063,85.3152
2021-03-20T07:00,18.0,64,11.1,870.8,4.2,149,Ratnapark,27.7063,85.3152
2021-03-20T08:00,20.7,51,10.3,872.2,1.1,72,Ratnapark,27.7063,85.3152
2021-03-20T09:00,22.5,42,9.1,872.8,5.4,290,Ratnapark,27.7063,85.3152
2021-03-20T10:00,23.0,38,7.9,873.2,6.1,315,Ratnapark,27.7063,85.3152
2021-03-20T11:00,24.5,33,7.0,872.9,9.8,294,Ratnapark,27.7063,85.3152
2021-03-20T12:00,24.6,31,6.2,871.8,9.4,302,Ratnapark,27.7063,85.3152
2021-03-20T13:00,24.9,27,4.5,870.6,11.1,295,Ratnapark,27.7063,85.3152
2021-03-20T14:00,23.7,32,5.9,869.6,13.7,293,Ratnapark,27.7063,85.3152
2021-03-20T15:00,22.4,39,7.7,869.3,9.6,250,Ratnapark,27.7063,85.3152
2021-03-20T16:00,19.9,53,10.1,869.1,7.7,233,Ratnapark,27.7063,85.3152
2021-03-20T17:00,20.0,44,7.3,868.5,3.8,287,Ratnapark,27.7063,85.3152
2021-03-20T18:00,17.6,52,7.6,868.2,5.2,254,Ratnapark,27.7063,85.3152
2021-03-20T19:00,16.9,56,8.0,868.8,5.4,266,Ratnapark,27.7063,85.3152
2021-03-20T20:00,17.7,52,7.7,869.7,4.8,243,Ratnapark,27.7063,85.3152
2021-03-20T21:00,17.4,54,8.1,870.2,3.8,229,Ratnapark,27.7063,85.3152
2021-03-20T22:00,14.8,67,8.7,869.0,3.0,194,Ratnapark,27.7063,85.3152
2021-03-20T23:00,13.4,73,8.6,868.0,3.2,180,Ratnapark,27.7063,85.3152
2021-03-21T00:00,12.7,76,8.6,867.5,2.2,171,Ratnapark,27.7063,85.3152
2021-03-21T01:00,11.9,79,8.5,866.8,3.0,166,Ratnapark,27.7063,85.3152
2021-03-21T02:00,11.3,81,8.1,866.0,3.3,167,Ratnapark,27.7063,85.3152
2021-03-21T03:00,11.1,79,7.7,865.8,3.4,162,Ratnapark,27.7063,85.3152
2021-03-21T04:00,11.1,78,7.4,866.1,3.9,158,Ratnapark,27.7063,85.3152
2021-03-21T05:00,10.9,84,8.3,866.5,4.7,157,Ratnapark,27.7063,85.3152
2021-03-21T06:00,12.0,79,8.4,867.7,5.0,150,Ratnapark,27.7063,85.3152
2021-03-21T07:00,17.5,58,9.2,871.3,4.2,121,Ratnapark,27.7063,85.3152
2021-03-21T08:00,20.7,44,8.0,873.0,3.1,36,Ratnapark,27.7063,85.3152
2021-03-21T09:00,22.5,36,6.9,873.6,5.7,305,Ratnapark,27.7063,85.3152
2021-03-21T10:00,23.8,29,4.7,873.7,9.5,295,Ratnapark,27.7063,85.3152
2021-03-21T11:00,24.6,26,3.6,873.4,10.4,290,Ratnapark,27.7063,85.3152
2021-03-21T12:00,25.1,24,3.4,872.6,10.2,288,Ratnapark,27.7063,85.3152
2021-03-21T13:00,25.2,24,3.3,871.8,11.2,291,Ratnapark,27.7063,85.3152
2021-03-21T14:00,24.8,25,3.4,870.8,12.2,289,Ratnapark,27.7063,85.3152
2021-03-21T15:00,23.9,27,3.7,870.4,12.8,292,Ratnapark,27.7063,85.3152
2021-03-21T16:00,23.1,29,4.0,870.4,12.6,294,Ratnapark,27.7063,85.3152
2021-03-21T17:00,21.6,34,5.0,870.0,7.4,293,Ratnapark,27.7063,85.3152
2021-03-21T18:00,18.5,43,5.6,869.5,5.8,263,Ratnapark,27.7063,85.3152
2021-03-21T19:00,17.6,44,5.1,870.2,5.5,247,Ratnapark,27.7063,85.3152
2021-03-21T20:00,16.0,49,5.2,870.4,5.4,217,Ratnapark,27.7063,85.3152
2021-03-21T21:00,14.9,54,5.7,870.5,5.2,205,Ratnapark,27.7063,85.3152
2021-03-21T22:00,15.1,53,5.7,870.9,4.8,207,Ratnapark,27.7063,85.3152
2021-03-21T23:00,16.1,50,5.6,871.4,3.9,202,Ratnapark,27.7063,85.3152
2021-03-22T00:00,18.3,43,5.5,872.1,2.6,196,Ratnapark,27.7063,85.3152
2021-03-22T01:00,18.4,44,5.8,871.9,2.3,198,Ratnapark,27.7063,85.3152
2021-03-22T02:00,18.3,44,5.9,871.5,1.1,198,Ratnapark,27.7063,85.3152
2021-03-22T03:00,18.0,46,6.1,871.2,1.4,180,Ratnapark,27.7063,85.3152
2021-03-22T04:00,14.5,58,6.3,870.0,3.4,162,Ratnapark,27.7063,85.3152
2021-03-22T05:00,13.0,70,7.6,869.8,6.8,155,Ratnapark,27.7063,85.3152
2021-03-22T06:00,14.6,65,8.1,871.4,3.7,151,Ratnapark,27.7063,85.3152
2021-03-22T07:00,18.7,50,8.2,874.3,5.2,124,Ratnapark,27.7063,85.3152
2021-03-22T08:00,21.5,40,7.3,875.9,5.1,98,Ratnapark,27.7063,85.3152
2021-03-22T09:00,23.5,33,6.2,876.6,0.8,27,Ratnapark,27.7063,85.3152
2021-03-22T10:00,24.8,28,5.2,877.0,4.6,288,Ratnapark,27.7063,85.3152
2021-03-22T11:00,25.9,27,5.7,876.9,9.0,275,Ratnapark,27.7063,85.3152
2021-03-22T12:00,25.8,30,6.7,876.2,12.0,279,Ratnapark,27.7063,85.3152
2021-03-22T13:00,25.4,30,6.6,875.6,10.9,297,Ratnapark,27.7063,85.3152
2021-03-22T14:00,25.1,30,6.4,874.4,11.5,309,Ratnapark,27.7063,85.3152
2021-03-22T15:00,24.5,29,5.4,874.0,13.0,294,Ratnapark,27.7063,85.3152
2021-03-22T16:00,23.6,31,5.3,873.5,11.1,295,Ratnapark,27.7063,85.3152
2021-03-22T17:00,22.4,34,5.6,872.8,9.4,302,Ratnapark,27.7063,85.3152
2021-03-22T18:00,19.5,41,6.0,872.3,5.8,277,Ratnapark,27.7063,85.3152
2021-03-22T19:00,17.9,46,6.3,872.4,6.6,248,Ratnapark,27.7063,85.3152
2021-03-22T20:00,16.7,51,6.4,872.5,6.9,223,Ratnapark,27.7063,85.3152
2021-03-22T21:00,17.2,47,5.8,873.3,6.6,229,Ratnapark,27.7063,85.3152
2021-03-22T22:00,17.3,47,5.8,873.6,6.5,236,Ratnapark,27.7063,85.3152
2021-03-22T23:00,18.9,43,5.9,874.3,5.7,235,Ratnapark,27.7063,85.3152
2021-03-23T00:00,20.0,40,6.1,874.4,4.6,225,Ratnapark,27.7063,85.3152
2021-03-23T01:00,19.6,42,6.3,873.9,3.4,212,Ratnapark,27.7063,85.3152
2021-03-23T02:00,18.7,44,6.4,873.1,1.1,180,Ratnapark,27.7063,85.3152
2021-03-23T03:00,14.9,60,7.1,871.2,2.3,162,Ratnapark,27.7063,85.3152
2021-03-23T04:00,14.0,63,7.0,871.0,4.0,153,Ratnapark,27.7063,85.3152
2021-03-23T05:00,14.1,65,7.6,872.3,4.0,153,Ratnapark,27.7063,85.3152
2021-03-23T06:00,14.8,63,7.9,873.2,5.5,157,Ratnapark,27.7063,85.3152
2021-03-23T07:00,18.9,52,8.9,875.8,5.1,135,Ratnapark,27.7063,85.3152
2021-03-23T08:00,22.3,40,8.2,877.4,2.9,83,Ratnapark,27.7063,85.3152
2021-03-23T09:00,24.7,28,4.8,878.0,4.3,312,Ratnapark,27.7063,85.3152
2021-03-23T10:00,26.0,24,4.0,878.0,8.5,298,Ratnapark,27.7063,85.3152
2021-03-23T11:00,26.7,23,3.7,877.7,11.3,292,Ratnapark,27.7063,85.3152
2021-03-23T12:00,26.9,23,3.9,876.9,13.8,277,Ratnapark,27.7063,85.3152
2021-03-23T13:00,26.3,23,3.6,875.8,13.7,267,Ratnapark,27.7063,85.3152
2021-03-23T14:00,25.8,23,3.2,875.1,13.9,280,Ratnapark,27.7063,85.3152
2021-03-23T15:00,25.3,22,2.3,874.2,12.9,297,Ratnapark,27.7063,85.3152
2021-03-23T16:00,24.2,24,2.4,873.7,12.4,300,Ratnapark,27.7063,85.3152
2021-03-23T17:00,22.8,28,3.1,873.3,8.7,287,Ratnapark,27.7063,85.3152
2021-03-23T18:00,19.9,34,3.5,872.7,5.9,256,Ratnapark,27.7063,85.3152
2021-03-23T19:00,19.7,36,4.3,873.6,5.9,256,Ratnapark,27.7063,85.3152
2021-03-23T20:00,18.8,44,6.2,873.8,5.6,255,Ratnapark,27.7063,85.3152
2021-03-23T21:00,18.4,49,7.4,874.1,5.3,242,Ratnapark,27.7063,85.3152
2021-03-23T22:00,17.4,55,8.2,873.6,5.9,232,Ratnapark,27.7063,85.3152
2021-03-23T23:00,16.6,59,8.6,873.1,6.4,218,Ratnapark,27.7063,85.3152
2021-03-24T00:00,17.5,56,8.5,873.2,5.2,214,Ratnapark,27.7063,85.3152
2021-03-24T01:00,19.8,47,8.1,873.7,2.6,214,Ratnapark,27.7063,85.3152
2021-03-24T02:00,19.8,47,8.1,873.2,1.9,202,Ratnapark,27.7063,85.3152
2021-03-24T03:00,17.9,53,8.2,871.9,3.0,194,Ratnapark,27.7063,85.3152
2021-03-24T04:00,16.3,58,7.9,871.1,4.0,190,Ratnapark,27.7063,85.3152
2021-03-24T05:00,14.9,68,9.0,871.7,3.7,169,Ratnapark,27.7063,85.3152
2021-03-24T06:00,15.5,71,10.2,872.5,2.5,172,Ratnapark,27.7063,85.3152
2021-03-24T07:00,20.3,48,8.8,875.4,1.1,180,Ratnapark,27.7063,85.3152
2021-03-24T08:00,22.2,40,7.8,876.2,2.0,315,Ratnapark,27.7063,85.3152
2021-03-24T09:00,23.7,30,5.1,876.9,7.5,287,Ratnapark,27.7063,85.3152
2021-03-24T10:00,24.4,28,4.8,876.9,11.4,294,Ratnapark,27.7063,85.3152
2021-03-24T11:00,25.1,26,4.2,876.5,11.9,295,Ratnapark,27.7063,85.3152
2021-03-24T12:00,25.7,24,3.6,875.4,12.8,302,Ratnapark,27.7063,85.3152
2021-03-24T13:00,25.4,25,3.9,874.3,16.8,298,Ratnapark,27.7063,85.3152
2021-03-24T14:00,24.0,28,4.2,873.3,16.3,288,Ratnapark,27.7063,85.3152
2021-03-24T15:00,23.4,25,2.5,872.5,13.4,290,Ratnapark,27.7063,85.3152
2021-03-24T16:00,22.3,28,3.0,872.0,11.4,298,Ratnapark,27.7063,85.3152
2021-03-24T17:00,21.2,32,3.7,871.3,8.5,306,Ratnapark,27.7063,85.3152
2021-03-24T18:00,17.8,42,4.8,870.5,6.5,304,Ratnapark,27.7063,85.3152
2021-03-24T19:00,17.4,46,5.6,871.0,7.5,287,Ratnapark,27.7063,85.3152
2021-03-24T20:00,16.6,49,5.8,871.0,7.1,255,Ratnapark,27.7063,85.3152
2021-03-24T21:00,16.0,51,5.8,870.9,7.1,246,Ratnapark,27.7063,85.3152
2021-03-24T22:00,15.7,54,6.3,870.9,7.1,246,Ratnapark,27.7063,85.3152
2021-03-24T23:00,14.9,60,7.2,870.3,6.5,236,Ratnapark,27.7063,85.3152
2021-03-25T00:00,13.8,66,7.5,869.3,6.1,230,Ratnapark,27.7063,85.3152
2021-03-25T01:00,13.8,66,7.6,869.0,5.9,227,Ratnapark,27.7063,85.3152
2021-03-25T02:00,15.1,60,7.3,869.1,4.6,219,Ratnapark,27.7063,85.3152
2021-03-25T03:00,14.6,60,7.0,868.4,3.7,191,Ratnapark,27.7063,85.3152
2021-03-25T04:00,14.3,60,6.7,868.3,2.9,173,Ratnapark,27.7063,85.3152
2021-03-25T05:00,13.6,65,7.2,868.7,4.3,180,Ratnapark,27.7063,85.3152
2021-03-25T06:00,13.7,70,8.3,869.3,1.5,166,Ratnapark,27.7063,85.3152
2021-03-25T07:00,18.9,43,5.9,872.5,1.1,90,Ratnapark,27.7063,85.3152
2021-03-25T08:00,21.0,35,4.8,873.4,2.2,9,Ratnapark,27.7063,85.3152
2021-03-25T09:00,23.0,21,-0.8,874.0,2.8,320,Ratnapark,27.7063,85.3152
2021-03-25T10:00,24.2,16,-3.0,874.4,6.1,298,Ratnapark,27.7063,85.3152
2021-03-25T11:00,24.9,19,-0.2,874.2,9.6,290,Ratnapark,27.7063,85.3152
2021-03-25T12:00,25.0,20,0.6,873.3,12.9,293,Ratnapark,27.7063,85.3152
2021-03-25T13:00,24.9,21,0.8,872.4,13.7,297,Ratnapark,27.7063,85.3152
2021-03-25T14:00,24.6,21,0.7,871.4,12.9,297,Ratnapark,27.7063,85.3152
2021-03-25T15:00,23.7,23,1.4,870.7,12.7,299,Ratnapark,27.7063,85.3152
2021-03-25T16:00,22.8,25,1.9,870.4,12.4,296,Ratnapark,27.7063,85.3152
2021-03-25T17:00,21.3,26,1.2,870.1,10.5,297,Ratnapark,27.7063,85.3152
2021-03-25T18:00,18.6,34,2.3,869.9,7.0,282,Ratnapark,27.7063,85.3152
2021-03-25T19:00,17.1,41,3.7,870.2,5.8,270,Ratnapark,27.7063,85.3152
2021-03-25T20:00,15.8,46,4.2,870.4,6.8,267,Ratnapark,27.7063,85.3152
2021-03-25T21:00,15.3,48,4.2,870.8,7.7,259,Ratnapark,27.7063,85.3152
2021-03-25T22:00,17.8,37,2.9,872.0,3.2,207,Ratnapark,27.7063,85.3152
2021-03-25T23:00,17.1,38,2.8,871.7,1.1,198,Ratnapark,27.7063,85.3152
2021-03-26T00:00,17.1,38,2.5,870.9,0.4,180,Ratnapark,27.7063,85.3152
2021-03-26T01:00,17.1,38,2.5,870.3,1.4,180,Ratnapark,27.7063,85.3152
2021-03-26T02:00,17.1,38,2.7,870.0,1.8,169,Ratnapark,27.7063,85.3152
2021-03-26T03:00,16.8,40,3.0,869.5,3.2,153,Ratnapark,27.7063,85.3152
2021-03-26T04:00,15.4,44,3.3,869.1,5.0,150,Ratnapark,27.7063,85.3152
2021-03-26T05:00,12.0,60,4.4,868.2,5.8,158,Ratnapark,27.7063,85.3152
2021-03-26T06:00,13.2,59,5.4,868.9,3.5,156,Ratnapark,27.7063,85.3152
2021-03-26T07:00,17.9,40,4.2,871.6,3.4,122,Ratnapark,27.7063,85.3152
2021-03-26T08:00,20.8,31,3.2,873.1,2.3,39,Ratnapark,27.7063,85.3152
2021-03-26T09:00,23.1,25,2.0,873.9,5.6,315,Ratnapark,27.7063,85.3152
2021-03-26T10:00,25.0,21,1.3,874.3,9.0,299,Ratnapark,27.7063,85.3152
2021-03-26T11:00,26.3,20,1.2,873.9,11.6,296,Ratnapark,27.7063,85.3152
2021-03-26T12:00,26.8,19,1.5,872.9,12.7,295,Ratnapark,27.7063,85.3152
2021-03-26T13:00,26.9,19,1.3,872.0,13.2,296,Ratnapark,27.7063,85.3152
2021-03-26T14:00,26.5,20,1.7,871.3,12.7,295,Ratnapark,27.7063,85.3152
2021-03-26T15:00,25.6,22,2.6,870.7,12.2,294,Ratnapark,27.7063,85.3152
2021-03-26T16:00,24.1,26,3.4,870.4,11.0,289,Ratnapark,27.7063,85.3152
2021-03-26T17:00,22.0,34,5.5,870.4,6.9,279,Ratnapark,27.7063,85.3152
2021-03-26T18:00,18.8,47,7.3,870.0,6.0,287,Ratnapark,27.7063,85.3152
2021-03-26T19:00,19.3,43,6.5,871.3,3.9,248,Ratnapark,27.7063,85.3152
2021-03-26T20:00,16.6,55,7.6,871.2,3.0,194,Ratnapark,27.7063,85.3152
2021-03-26T21:00,14.8,64,8.2,870.8,3.3,186,Ratnapark,27.7063,85.3152
2021-03-26T22:00,14.2,67,8.2,870.6,2.2,189,Ratnapark,27.7063,85.3152
2021-03-26T23:00,13.6,69,8.1,869.9,0.7,180,Ratnapark,27.7063,85.3152
2021-03-27T00:00,13.1,71,7.9,869.4,1.8,169,Ratnapark,27.7063,85.3152
2021-03-27T01:00,12.8,71,7.7,868.6,3.9,158,Ratnapark,27.7063,85.3152
2021-03-27T02:00,12.3,72,7.4,868.0,4.3,156,Ratnapark,27.7063,85.3152
2021-03-27T03:00,12.0,72,7.2,867.8,3.4,162,Ratnapark,27.7063,85.3152
2021-03-27T04:00,11.7,73,7.0,867.7,3.1,159,Ratnapark,27.7063,85.3152
2021-03-27T05:00,11.2,81,8.0,868.3,3.9,158,Ratnapark,27.7063,85.3152
2021-03-27T06:00,12.9,73,8.1,869.6,5.8,150,Ratnapark,27.7063,85.3152
2021-03-27T07:00,18.0,53,8.2,872.9,5.5,122,Ratnapark,27.7063,85.3152
2021-03-27T08:00,20.8,43,7.9,874.3,5.6,117,Ratnapark,27.7063,85.3152
2021-03-27T09:00,23.0,35,6.8,875.1,4.1,128,Ratnapark,27.7063,85.3152
2021-03-27T10:00,24.7,30,6.1,875.3,1.8,127,Ratnapark,27.7063,85.3152
2021-03-27T11:00,26.1,27,5.5,874.6,2.4,297,Ratnapark,27.7063,85.3152
2021-03-27T12:00,26.8,26,5.5,873.8,8.1,302,Ratnapark,27.7063,85.3152
2021-03-27T13:00,27.0,24,4.9,873.0,12.3,302,Ratnapark,27.7063,85.3152
2021-03-27T14:00,26.5,26,5.2,872.0,13.0,298,Ratnapark,27.7063,85.3152
2021-03-27T15:00,25.5,29,6.1,871.3,12.7,299,Ratnapark,27.7063,85.3152
2021-03-27T16:00,24.2,33,6.8,870.9,11.2,291,Ratnapark,27.7063,85.3152
2021-03-27T17:00,22.6,35,6.3,870.3,7.7,281,Ratnapark,27.7063,85.3152
2021-03-27T18:00,18.9,49,8.0,869.6,6.7,254,Ratnapark,27.7063,85.3152
2021-03-27T19:00,18.3,51,7.9,870.3,5.0,240,Ratnapark,27.7063,85.3152
2021-03-27T20:00,16.6,59,8.6,870.5,4.6,219,Ratnapark,27.7063,85.3152
2021-03-27T21:00,15.7,64,8.9,870.7,3.3,193,Ratnapark,27.7063,85.3152
2021-03-27T22:00,14.6,70,9.1,870.3,0.4,180,Ratnapark,27.7063,85.3152
2021-03-27T23:00,14.0,71,8.9,869.8,0.7,180,Ratnapark,27.7063,85.3152
2021-03-28T00:00,13.7,72,8.8,869.3,1.5,166,Ratnapark,27.7063,85.3152
2021-03-28T01:00,13.0,75,8.7,868.3,2.2,171,Ratnapark,27.7063,85.3152
2021-03-28T02:00,12.2,79,8.6,867.6,3.0,166,Ratnapark,27.7063,85.3152
2021-03-28T03:00,11.8,80,8.5,867.1,4.3,156,Ratnapark,27.7063,85.3152
2021-03-28T04:00,11.8,80,8.4,867.5,4.2,160,Ratnapark,27.7063,85.3152
2021-03-28T05:00,11.5,84,9.0,868.0,5.0,159,Ratnapark,27.7063,85.3152
2021-03-28T06:00,12.8,78,9.1,869.1,6.0,155,Ratnapark,27.7063,85.3152
2021-03-28T07:00,18.6,54,9.0,872.3,4.5,119,Ratnapark,27.7063,85.3152
2021-03-28T08:00,20.9,44,8.2,873.5,1.3,124,Ratnapark,27.7063,85.3152
2021-03-28T09:00,22.7,39,8.0,874.1,4.4,305,Ratnapark,27.7063,85.3152
2021-03-28T10:00,24.0,35,7.6,874.3,7.1,311,Ratnapark,27.7063,85.3152
2021-03-28T11:00,25.3,30,6.6,873.7,7.5,305,Ratnapark,27.7063,85.3152
2021-03-28T12:00,26.2,27,5.8,872.6,8.0,297,Ratnapark,27.7063,85.3152
2021-03-28T13:00,26.5,26,5.6,871.6,10.6,288,Ratnapark,27.7063,85.3152
2021-03-28T14:00,25.0,26,4.4,870.5,9.9,280,Ratnapark,27.7063,85.3152
2021-03-28T15:00,24.5,28,4.9,869.7,8.9,291,Ratnapark,27.7063,85.3152
2021-03-28T16:00,23.9,30,5.2,869.4,10.1,272,Ratnapark,27.7063,85.3152
2021-03-28T17:00,22.6,31,4.6,869.3,8.4,245,Ratnapark,27.7063,85.3152
2021-03-28T18:00,20.2,39,5.9,869.1,5.5,238,Ratnapark,27.7063,85.3152
2021-03-28T19:00,18.2,50,7.7,869.2,5.6,225,Ratnapark,27.7063,85.3152
2021-03-28T20:00,16.7,59,8.6,869.2,3.6,186,Ratnapark,27.7063,85.3152
2021-03-28T21:00,15.7,62,8.4,869.2,0.7,180,Ratnapark,27.7063,85.3152
2021-03-28T22:00,15.0,65,8.5,869.1,1.1,162,Ratnapark,27.7063,85.3152
2021-03-28T23:00,14.8,64,8.1,868.9,1.8,169,Ratnapark,27.7063,85.3152
2021-03-29T00:00,14.8,63,7.8,868.5,1.8,169,Ratnapark,27.7063,85.3152
2021-03-29T01:00,14.1,66,7.8,868.1,1.8,169,Ratnapark,27.7063,85.3152
2021-03-29T02:00,14.1,65,7.6,867.7,1.8,169,Ratnapark,27.7063,85.3152
2021-03-29T03:00,14.6,62,7.5,867.7,2.7,157,Ratnapark,27.7063,85.3152
2021-03-29T04:00,14.8,61,7.3,867.8,3.7,151,Ratnapark,27.7063,85.3152
2021-03-29T05:00,13.6,70,8.2,867.9,5.2,155,Ratnapark,27.7063,85.3152
2021-03-29T06:00,14.1,69,8.5,868.7,5.7,162,Ratnapark,27.7063,85.3152
2021-03-29T07:00,19.3,50,8.7,871.6,3.3,139,Ratnapark,27.7063,85.3152
2021-03-29T08:00,21.5,41,7.6,872.6,2.1,301,Ratnapark,27.7063,85.3152
2021-03-29T09:00,23.0,36,7.1,873.2,7.3,290,Ratnapark,27.7063,85.3152
2021-03-29T10:00,23.8,32,6.1,873.2,10.4,290,Ratnapark,27.7063,85.3152
2021-03-29T11:00,23.8,34,6.9,872.6,11.3,287,Ratnapark,27.7063,85.3152
2021-03-29T12:00,23.8,35,7.3,871.7,10.5,276,Ratnapark,27.7063,85.3152
2021-03-29T13:00,23.3,37,7.8,870.4,9.7,268,Ratnapark,27.7063,85.3152
2021-03-29T14:00,23.5,36,7.7,869.1,10.1,270,Ratnapark,27.7063,85.3152
2021-03-29T15:00,23.4,36,7.5,867.9,10.3,282,Ratnapark,27.7063,85.3152
2021-03-29T16:00,22.5,38,7.6,867.3,10.5,286,Ratnapark,27.7063,85.3152
2021-03-29T17:00,21.1,43,8.1,866.7,9.0,247,Ratnapark,27.7063,85.3152
2021-03-29T18:00,20.1,50,9.2,866.5,4.2,211,Ratnapark,27.7063,85.3152
2021-03-29T19:00,19.4,56,10.3,866.6,2.4,207,Ratnapark,27.7063,85.3152
2021-03-29T20:00,18.4,61,10.7,867.2,4.6,288,Ratnapark,27.7063,85.3152
2021-03-29T21:00,17.4,67,11.2,867.6,4.1,15,Ratnapark,27.7063,85.3152
2021-03-29T22:00,16.9,72,11.8,867.2,3.2,90,Ratnapark,27.7063,85.3152
2021-03-29T23:00,15.9,80,12.4,866.6,3.4,122,Ratnapark,27.7063,85.3152
2021-03-30T00:00,15.2,86,12.8,866.0,4.0,153,Ratnapark,27.7063,85.3152
2021-03-30T01:00,14.6,89,12.8,865.2,4.6,129,Ratnapark,27.7063,85.3152
2021-03-30T02:00,14.1,91,12.7,864.6,5.4,110,Ratnapark,27.7063,85.3152
2021-03-30T03:00,13.5,91,12.1,864.2,6.0,123,Ratnapark,27.7063,85.3152
2021-03-30T04:00,13.1,92,11.8,864.1,6.1,135,Ratnapark,27.7063,85.3152
2021-03-30T05:00,13.4,84,10.7,863.2,5.9,137,Ratnapark,27.7063,85.3152
2021-03-30T06:00,14.2,80,10.8,863.8,7.9,137,Ratnapark,27.7063,85.3152
2021-03-30T07:00,17.2,64,10.3,865.6,5.8,120,Ratnapark,27.7063,85.3152
2021-03-30T08:00,19.9,53,10.1,866.9,3.9,112,Ratnapark,27.7063,85.3152
2021-03-30T09:00,22.0,44,9.3,867.6,2.9,263,Ratnapark,27.7063,85.3152
2021-03-30T10:00,23.5,38,8.2,867.8,8.6,272,Ratnapark,27.7063,85.3152
2021-03-30T11:00,24.0,35,7.8,867.3,9.7,272,Ratnapark,27.7063,85.3152
2021-03-30T12:00,24.2,34,7.3,866.7,10.5,274,Ratnapark,27.7063,85.3152
2021-03-30T13:00,24.2,34,7.2,865.7,12.1,287,Ratnapark,27.7063,85.3152
2021-03-30T14:00,23.7,36,7.7,864.6,11.8,297,Ratnapark,27.7063,85.3152
2021-03-30T15:00,23.0,38,8.1,864.1,12.0,303,Ratnapark,27.7063,85.3152
2021-03-30T16:00,22.0,43,8.8,863.7,9.7,309,Ratnapark,27.7063,85.3152
2021-03-30T17:00,20.5,55,11.2,863.4,2.5,262,Ratnapark,27.7063,85.3152
2021-03-30T18:00,17.9,75,13.4,863.5,1.1,270,Ratnapark,27.7063,85.3152
2021-03-30T19:00,17.2,83,14.4,863.4,5.4,98,Ratnapark,27.7063,85.3152
2021-03-30T20:00,16.2,88,14.3,863.5,5.0,111,Ratnapark,27.7063,85.3152
2021-03-30T21:00,15.5,86,13.2,863.5,5.2,124,Ratnapark,27.7063,85.3152
2021-03-30T22:00,14.6,88,12.7,862.7,5.0,159,Ratnapark,27.7063,85.3152
2021-03-30T23:00,13.8,91,12.4,861.9,5.6,153,Ratnapark,27.7063,85.3152
2021-03-31T00:00,13.4,92,12.0,860.8,6.3,149,Ratnapark,27.7063,85.3152
2021-03-31T01:00,13.0,92,11.7,859.8,7.0,159,Ratnapark,27.7063,85.3152
2021-03-31T02:00,12.6,93,11.5,858.4,6.5,161,Ratnapark,27.7063,85.3152
2021-03-31T03:00,12.3,94,11.4,857.8,5.6,165,Ratnapark,27.7063,85.3152
2021-03-31T04:00,11.9,95,11.2,857.3,4.1,165,Ratnapark,27.7063,85.3152
2021-03-31T05:00,12.0,98,11.7,857.9,4.9,163,Ratnapark,27.7063,85.3152
2021-03-31T06:00,12.9,96,12.3,859.2,4.8,167,Ratnapark,27.7063,85.3152
2021-03-31T07:00,17.1,80,13.6,862.7,3.4,212,Ratnapark,27.7063,85.3152
2021-03-31T08:00,18.6,70,13.0,864.2,5.0,270,Ratnapark,27.7063,85.3152
2021-03-31T09:00,19.9,66,13.3,864.9,5.4,274,Ratnapark,27.7063,85.3152
2021-03-31T10:00,21.0,61,13.2,865.2,4.9,234,Ratnapark,27.7063,85.3152
2021-03-31T11:00,22.8,55,13.2,865.0,5.9,227,Ratnapark,27.7063,85.3152
2021-03-31T12:00,19.3,74,14.6,864.0,7.8,214,Ratnapark,27.7063,85.3152
2021-03-31T13:00,19.6,75,15.0,863.4,2.4,333,Ratnapark,27.7063,85.3152
2021-03-31T14:00,18.4,78,14.5,862.3,3.1,315,Ratnapark,27.7063,85.3152
2021-03-31T15:00,18.0,83,15.1,862.1,1.8,11,Ratnapark,27.7063,85.3152
2021-03-31T16:00,18.3,79,14.5,862.1,2.5,90,Ratnapark,27.7063,85.3152
2021-03-31T17:00,18.2,82,15.1,861.8,4.9,253,Ratnapark,27.7063,85.3152
2021-03-31T18:00,16.5,93,15.4,862.1,3.4,198,Ratnapark,27.7063,85.3152
2021-03-31T19:00,16.0,97,15.6,862.1,1.6,243,Ratnapark,27.7063,85.3152
2021-03-31T20:00,15.8,99,15.6,862.5,1.3,214,Ratnapark,27.7063,85.3152
2021-03-31T21:00,15.2,99,15.0,862.8,0.8,153,Ratnapark,27.7063,85.3152
2021-03-31T22:00,15.3,97,14.8,862.0,5.3,118,Ratnapark,27.7063,85.3152
2021-03-31T23:00,14.8,96,14.2,861.8,5.2,124,Ratnapark,27.7063,85.3152
2021-04-01T00:00,13.8,97,13.4,861.4,2.8,130,Ratnapark,27.7063,85.3152
2021-04-01T01:00,13.4,97,12.9,861.0,3.1,144,Ratnapark,27.7063,85.3152
2021-04-01T02:00,13.4,96,12.7,860.5,4.3,138,Ratnapark,27.7063,85.3152
2021-04-01T03:00,13.3,96,12.7,860.2,5.9,128,Ratnapark,27.7063,85.3152
2021-04-01T04:00,13.0,96,12.4,860.1,6.6,131,Ratnapark,27.7063,85.3152
2021-04-01T05:00,12.9,96,12.3,860.9,4.9,126,Ratnapark,27.7063,85.3152
2021-04-01T06:00,13.7,93,12.7,861.8,6.6,131,Ratnapark,27.7063,85.3152
2021-04-01T07:00,16.0,84,13.3,863.7,6.0,115,Ratnapark,27.7063,85.3152
2021-04-01T08:00,18.2,74,13.4,864.9,7.4,104,Ratnapark,27.7063,85.3152
2021-04-01T09:00,20.7,55,11.3,865.8,7.4,119,Ratnapark,27.7063,85.3152
2021-04-01T10:00,22.3,40,7.9,866.3,2.5,188,Ratnapark,27.7063,85.3152
2021-04-01T11:00,23.4,30,4.9,866.3,4.7,266,Ratnapark,27.7063,85.3152
2021-04-01T12:00,23.3,29,4.1,865.9,7.2,267,Ratnapark,27.7063,85.3152
2021-04-01T13:00,22.8,30,4.1,865.2,4.8,283,Ratnapark,27.7063,85.3152
2021-04-01T14:00,21.7,34,5.3,864.6,8.4,301,Ratnapark,27.7063,85.3152
2021-04-01T15:00,20.8,43,7.8,864.2,6.9,309,Ratnapark,27.7063,85.3152
2021-04-01T16:00,19.4,48,8.3,864.0,6.3,301,Ratnapark,27.7063,85.3152
2021-04-01T17:00,18.4,53,8.5,863.5,8.7,253,Ratnapark,27.7063,85.3152
2021-04-01T18:00,16.5,62,9.2,863.6,3.6,225,Ratnapark,27.7063,85.3152
2021-04-01T19:00,15.9,68,10.0,864.2,2.7,247,Ratnapark,27.7063,85.3152
2021-04-01T20:00,15.7,71,10.4,865.0,0.7,180,Ratnapark,27.7063,85.3152
2021-04-01T21:00,14.2,80,10.8,864.4,3.1,144,Ratnapark,27.7063,85.3152
2021-04-01T22:00,13.4,84,10.8,864.1,3.7,151,Ratnapark,27.7063,85.3152
2021-04-01T23:00,12.8,86,10.6,863.7,4.0,153,Ratnapark,27.7063,85.3152
2021-04-02T00:00,12.0,90,10.4,863.3,3.8,163,Ratnapark,27.7063,85.3152
2021-04-02T01:00,11.3,92,10.1,862.9,4.5,166,Ratnapark,27.7063,85.3152
2021-04-02T02:00,10.6,93,9.5,862.4,5.2,164,Ratnapark,27.7063,85.3152
2021-04-02T03:00,10.2,91,8.8,862.3,4.7,157,Ratnapark,27.7063,85.3152
2021-04-02T04:00,10.2,85,7.8,862.5,5.3,152,Ratnapark,27.7063,85.3152
2021-04-02T05:00,9.7,87,7.6,863.4,5.2,155,Ratnapark,27.7063,85.3152
2021-04-02T06:00,11.9,75,7.6,865.1,8.3,146,Ratnapark,27.7063,85.3152
2021-04-02T07:00,16.7,59,8.7,868.3,5.6,117,Ratnapark,27.7063,85.3152
2021-04-02T08:00,19.3,46,7.5,869.7,4.8,103,Ratnapark,27.7063,85.3152
2021-04-02T09:00,21.4,35,5.3,870.5,3.6,84,Ratnapark,27.7063,85.3152
2021-04-02T10:00,22.9,29,3.8,870.6,4.0,63,Ratnapark,27.7063,85.3152
2021-04-02T11:00,24.3,25,2.8,870.4,1.3,326,Ratnapark,27.7063,85.3152
2021-04-02T12:00,24.9,23,2.2,869.8,6.6,261,Ratnapark,27.7063,85.3152
2021-04-02T13:00,25.1,22,2.1,869.0,10.8,255,Ratnapark,27.7063,85.3152
2021-04-02T14:00,24.4,23,2.2,868.3,12.2,256,Ratnapark,27.7063,85.3152
2021-04-02T15:00,23.2,29,3.9,867.9,12.6,239,Ratnapark,27.7063,85.3152
2021-04-02T16:00,22.2,33,5.0,867.9,10.4,236,Ratnapark,27.7063,85.3152
2021-04-02T17:00,20.5,39,6.1,867.7,4.0,190,Ratnapark,27.7063,85.3152
2021-04-02T18:00,17.8,51,7.6,867.9,4.7,86,Ratnapark,27.7063,85.3152
2021-04-02T19:00,16.0,65,9.4,868.0,7.3,101,Ratnapark,27.7063,85.3152
2021-04-02T20:00,15.0,67,8.9,868.8,8.6,112,Ratnapark,27.7063,85.3152
2021-04-02T21:00,13.9,68,8.2,868.7,5.4,127,Ratnapark,27.7063,85.3152
2021-04-02T22:00,13.1,71,8.0,868.2,5.1,141,Ratnapark,27.7063,85.3152
2021-04-02T23:00,12.3,75,7.9,867.7,5.0,150,Ratnapark,27.7063,85.3152
2021-04-03T00:00,11.4,78,7.8,866.7,4.7,157,Ratnapark,27.7063,85.3152
2021-04-03T01:00,10.7,81,7.5,865.9,5.6,153,Ratnapark,27.7063,85.3152
2021-04-03T02:00,10.1,82,7.3,865.1,6.5,161,Ratnapark,27.7063,85.3152
2021-04-03T03:00,9.7,82,6.8,864.7,6.6,158,Ratnapark,27.7063,85.3152
2021-04-03T04:00,9.5,80,6.2,864.9,7.2,153,Ratnapark,27.7063,85.3152
2021-04-03T05:00,9.9,73,5.2,865.7,6.5,161,Ratnapark,27.7063,85.3152
2021-04-03T06:00,11.9,64,5.3,867.3,7.9,156,Ratnapark,27.7063,85.3152
2021-04-03T07:00,17.5,49,6.7,870.9,6.6,131,Ratnapark,27.7063,85.3152
2021-04-03T08:00,20.4,36,4.8,872.6,8.4,115,Ratnapark,27.7063,85.3152
2021-04-03T09:00,22.1,25,1.0,873.4,6.6,119,Ratnapark,27.7063,85.3152
2021-04-03T10:00,23.3,20,-1.0,873.8,3.1,159,Ratnapark,27.7063,85.3152
2021-04-03T11:00,24.2,18,-1.5,873.6,6.0,237,Ratnapark,27.7063,85.3152
2021-04-03T12:00,24.6,18,-1.6,873.1,8.6,248,Ratnapark,27.7063,85.3152
2021-04-03T13:00,24.4,17,-2.1,872.3,9.0,254,Ratnapark,27.7063,85.3152
2021-04-03T14:00,24.6,15,-3.5,871.3,9.6,257,Ratnapark,27.7063,85.3152
2021-04-03T15:00,23.8,14,-5.0,870.6,13.2,253,Ratnapark,27.7063,85.3152
2021-04-03T16:00,22.4,17,-3.6,870.6,13.8,250,Ratnapark,27.7063,85.3152
2021-04-03T17:00,20.9,20,-3.0,870.2,8.0,262,Ratnapark,27.7063,85.3152
2021-04-03T18:00,18.7,26,-1.1,869.8,6.3,257,Ratnapark,27.7063,85.3152
2021-04-03T19:00,19.4,22,-3.1,870.9,4.7,261,Ratnapark,27.7063,85.3152
2021-04-03T20:00,19.6,24,-1.5,871.4,3.6,135,Ratnapark,27.7063,85.3152
2021-04-03T21:00,18.1,29,-0.4,870.9,2.5,172,Ratnapark,27.7063,85.3152
2021-04-03T22:00,13.7,42,0.8,868.9,5.0,180,Ratnapark,27.7063,85.3152
2021-04-03T23:00,13.1,40,-0.1,868.4,3.3,174,Ratnapark,27.7063,85.3152
2021-04-04T00:00,12.6,40,-0.6,867.7,3.0,166,Ratnapark,27.7063,85.3152
2021-04-04T01:00,12.0,39,-1.5,867.0,2.3,162,Ratnapark,27.7063,85.3152
2021-04-04T02:00,11.5,38,-2.2,866.5,3.9,146,Ratnapark,27.7063,85.3152
2021-04-04T03:00,11.7,36,-2.9,866.5,4.1,142,Ratnapark,27.7063,85.3152
2021-04-04T04:00,11.4,36,-3.1,866.6,4.3,138,Ratnapark,27.7063,85.3152
2021-04-04T05:00,10.8,41,-1.9,867.3,4.9,144,Ratnapark,27.7063,85.3152
2021-04-04T06:00,12.4,41,-0.6,868.9,7.1,135,Ratnapark,27.7063,85.3152
2021-04-04T07:00,17.5,33,1.1,872.2,7.5,107,Ratnapark,27.7063,85.3152
2021-04-04T08:00,20.4,24,-0.6,873.7,8.7,97,Ratnapark,27.7063,85.3152
2021-04-04T09:00,22.3,21,-1.3,874.2,8.3,108,Ratnapark,27.7063,85.3152
2021-04-04T10:00,23.6,18,-1.9,874.5,6.6,119,Ratnapark,27.7063,85.3152
2021-04-04T11:00,24.6,17,-1.7,874.1,4.6,129,Ratnapark,27.7063,85.3152
2021-04-04T12:00,25.2,17,-1.7,873.2,4.0,153,Ratnapark,27.7063,85.3152
2021-04-04T13:00,25.1,17,-1.6,872.1,5.2,236,Ratnapark,27.7063,85.3152
2021-04-04T14:00,24.9,16,-2.6,871.1,8.8,258,Ratnapark,27.7063,85.3152
2021-04-04T15:00,24.4,19,-1.1,870.6,7.9,246,Ratnapark,27.7063,85.3152
2021-04-04T16:00,23.5,21,-0.1,870.3,9.1,279,Ratnapark,27.7063,85.3152
2021-04-04T17:00,21.5,33,4.7,870.1,4.7,266,Ratnapark,27.7063,85.3152
2021-04-04T18:00,19.9,29,1.5,870.2,5.4,233,Ratnapark,27.7063,85.3152
2021-04-04T19:00,16.6,43,3.9,869.3,3.7,191,Ratnapark,27.7063,85.3152
2021-04-04T20:00,18.7,31,1.3,870.9,1.8,180,Ratnapark,27.7063,85.3152
2021-04-04T21:00,18.5,31,1.0,871.3,1.5,166,Ratnapark,27.7063,85.3152
2021-04-04T22:00,18.3,31,0.7,871.2,1.1,162,Ratnapark,27.7063,85.3152
2021-04-04T23:00,18.5,29,-0.0,871.2,2.1,149,Ratnapark,27.7063,85.3152
2021-04-05T00:00,13.4,44,1.3,868.7,5.5,148,Ratnapark,27.7063,85.3152
2021-04-05T01:00,12.6,45,1.1,868.5,6.0,155,Ratnapark,27.7063,85.3152
2021-04-05T02:00,12.3,46,0.9,868.4,7.4,133,Ratnapark,27.7063,85.3152
2021-04-05T03:00,13.2,40,-0.1,869.0,5.4,138,Ratnapark,27.7063,85.3152
2021-04-05T04:00,12.7,41,-0.2,869.2,5.2,146,Ratnapark,27.7063,85.3152
2021-04-05T05:00,12.1,44,0.3,869.6,5.0,159,Ratnapark,27.7063,85.3152
2021-04-05T06:00,13.6,46,2.1,871.3,6.0,155,Ratnapark,27.7063,85.3152
2021-04-05T07:00,18.8,36,3.3,874.6,4.8,132,Ratnapark,27.7063,85.3152
2021-04-05T08:00,21.4,29,2.8,875.9,4.9,126,Ratnapark,27.7063,85.3152
2021-04-05T09:00,23.1,27,3.3,876.2,3.8,139,Ratnapark,27.7063,85.3152
2021-04-05T10:00,24.4,25,3.0,876.5,2.6,196,Ratnapark,27.7063,85.3152
2021-04-05T11:00,25.5,23,2.9,876.2,3.2,243,Ratnapark,27.7063,85.3152
2021-04-05T12:00,26.2,22,3.0,875.4,4.1,255,Ratnapark,27.7063,85.3152
2021-04-05T13:00,26.9,20,2.3,874.4,6.5,267,Ratnapark,27.7063,85.3152
2021-04-05T14:00,26.5,20,1.7,873.3,9.2,259,Ratnapark,27.7063,85.3152
2021-04-05T15:00,25.1,24,2.9,872.8,11.4,252,Ratnapark,27.7063,85.3152
2021-04-05T16:00,23.2,32,5.8,872.7,12.0,237,Ratnapark,27.7063,85.3152
2021-04-05T17:00,21.7,35,5.5,872.4,8.5,234,Ratnapark,27.7063,85.3152
2021-04-05T18:00,18.8,47,7.4,871.8,4.5,209,Ratnapark,27.7063,85.3152
2021-04-05T19:00,17.3,55,8.3,871.9,4.0,190,Ratnapark,27.7063,85.3152
2021-04-05T20:00,15.8,62,8.6,871.6,2.9,180,Ratnapark,27.7063,85.3152
2021-04-05T21:00,14.6,68,8.7,871.4,1.1,180,Ratnapark,27.7063,85.3152
2021-04-05T22:00,14.1,68,8.2,871.0,1.6,153,Ratnapark,27.7063,85.3152
2021-04-05T23:00,14.0,66,7.7,870.7,3.1,159,Ratnapark,27.7063,85.3152
2021-04-06T00:00,13.7,65,7.3,870.2,3.1,159,Ratnapark,27.7063,85.3152
2021-04-06T01:00,13.2,67,7.1,869.4,3.3,167,Ratnapark,27.7063,85.3152
2021-04-06T02:00,12.5,69,7.0,868.8,3.0,166,Ratnapark,27.7063,85.3152
2021-04-06T03:00,12.4,69,6.8,868.6,3.0,166,Ratnapark,27.7063,85.3152
2021-04-06T04:00,12.4,67,6.5,869.0,3.9,158,Ratnapark,27.7063,85.3152
2021-04-06T05:00,11.6,74,7.0,868.8,4.7,157,Ratnapark,27.7063,85.3152
2021-04-06T06:00,13.5,68,7.6,870.4,6.8,155,Ratnapark,27.7063,85.3152
2021-04-06T07:00,19.1,50,8.5,873.9,5.0,120,Ratnapark,27.7063,85.3152
2021-04-06T08:00,21.6,38,6.8,874.9,3.1,111,Ratnapark,27.7063,85.3152
2021-04-06T09:00,23.2,34,6.5,875.6,1.1,72,Ratnapark,27.7063,85.3152
2021-04-06T10:00,24.5,32,6.5,875.7,1.6,333,Ratnapark,27.7063,85.3152
2021-04-06T11:00,26.2,27,5.5,875.0,5.1,321,Ratnapark,27.7063,85.3152
2021-04-06T12:00,26.7,25,4.9,874.0,10.6,305,Ratnapark,27.7063,85.3152
2021-04-06T13:00,26.1,27,5.9,873.4,12.8,286,Ratnapark,27.7063,85.3152
2021-04-06T14:00,25.4,32,7.4,872.7,12.3,273,Ratnapark,27.7063,85.3152
2021-04-06T15:00,24.4,36,8.2,872.4,11.7,259,Ratnapark,27.7063,85.3152
2021-04-06T16:00,23.6,39,8.6,872.3,11.2,249,Ratnapark,27.7063,85.3152
2021-04-06T17:00,22.9,38,7.7,872.0,7.9,294,Ratnapark,27.7063,85.3152
2021-04-06T18:00,19.2,53,9.3,871.3,6.6,279,Ratnapark,27.7063,85.3152
2021-04-06T19:00,20.5,43,7.6,872.9,4.7,266,Ratnapark,27.7063,85.3152
2021-04-06T20:00,19.8,45,7.7,873.0,0.4,180,Ratnapark,27.7063,85.3152
2021-04-06T21:00,17.0,59,8.9,872.0,1.4,180,Ratnapark,27.7063,85.3152
2021-04-06T22:00,15.6,64,8.9,871.3,2.6,164,Ratnapark,27.7063,85.3152
2021-04-06T23:00,15.2,66,8.8,871.2,2.9,173,Ratnapark,27.7063,85.3152
2021-04-07T00:00,14.3,70,8.9,870.8,2.2,171,Ratnapark,27.7063,85.3152
2021-04-07T01:00,14.1,69,8.5,870.3,1.5,166,Ratnapark,27.7063,85.3152
2021-04-07T02:00,14.4,65,8.0,869.7,3.1,159,Ratnapark,27.7063,85.3152
2021-04-07T03:00,14.5,63,7.6,869.4,4.7,157,Ratnapark,27.7063,85.3152
2021-04-07T04:00,13.8,66,7.5,869.4,5.2,164,Ratnapark,27.7063,85.3152
2021-04-07T05:00,13.1,72,8.1,869.8,4.4,171,Ratnapark,27.7063,85.3152
2021-04-07T06:00,14.4,70,8.9,871.4,7.0,159,Ratnapark,27.7063,85.3152
2021-04-07T07:00,19.9,51,9.4,874.9,5.1,135,Ratnapark,27.7063,85.3152
2021-04-07T08:00,21.9,48,10.3,875.9,4.2,149,Ratnapark,27.7063,85.3152
2021-04-07T09:00,23.6,41,9.6,876.5,2.3,198,Ratnapark,27.7063,85.3152
2021-04-07T10:00,25.2,35,8.8,876.6,3.3,264,Ratnapark,27.7063,85.3152
2021-04-07T11:00,26.3,31,7.9,876.2,6.7,286,Ratnapark,27.7063,85.3152
2021-04-07T12:00,26.7,29,7.4,875.4,11.9,305,Ratnapark,27.7063,85.3152
2021-04-07T13:00,26.1,32,8.2,874.5,16.7,303,Ratnapark,27.7063,85.3152
2021-04-07T14:00,23.8,42,10.2,873.2,13.4,250,Ratnapark,27.7063,85.3152
2021-04-07T15:00,24.0,41,10.1,872.6,9.7,292,Ratnapark,27.7063,85.3152
2021-04-07T16:00,23.5,40,9.2,872.2,9.9,303,Ratnapark,27.7063,85.3152
2021-04-07T17:00,22.0,43,8.9,871.7,6.8,295,Ratnapark,27.7063,85.3152
2021-04-07T18:00,18.7,58,10.3,870.9,6.9,276,Ratnapark,27.7063,85.3152
2021-04-07T19:00,20.2,46,8.3,872.1,4.7,247,Ratnapark,27.7063,85.3152
2021-04-07T20:00,17.2,61,9.6,871.0,2.5,188,Ratnapark,27.7063,85.3152
2021-04-07T21:00,16.5,62,9.2,870.9,3.0,194,Ratnapark,27.7063,85.3152
2021-04-07T22:00,16.0,64,9.1,870.6,3.3,186,Ratnapark,27.7063,85.3152
2021-04-07T23:00,15.8,64,9.0,870.1,2.9,187,Ratnapark,27.7063,85.3152
2021-04-08T00:00,15.4,66,9.0,869.2,2.9,187,Ratnapark,27.7063,85.3152
2021-04-08T01:00,14.8,68,9.1,868.6,2.5,188,Ratnapark,27.7063,85.3152
2021-04-08T02:00,14.4,71,9.2,868.1,2.5,188,Ratnapark,27.7063,85.3152
2021-04-08T03:00,14.7,70,9.2,868.0,1.4,180,Ratnapark,27.7063,85.3152
2021-04-08T04:00,17.2,58,8.9,869.4,0.7,180,Ratnapark,27.7063,85.3152
2021-04-08T05:00,18.9,56,10.0,870.5,1.8,191,Ratnapark,27.7063,85.3152
2021-04-08T06:00,17.7,74,13.0,870.8,2.1,149,Ratnapark,27.7063,85.3152
2021-04-08T07:00,20.9,51,10.3,872.9,2.4,117,Ratnapark,27.7063,85.3152
2021-04-08T08:00,22.6,43,9.4,873.5,3.3,311,Ratnapark,27.7063,85.3152
2021-04-08T09:00,24.4,32,6.6,873.9,10.1,297,Ratnapark,27.7063,85.3152
2021-04-08T10:00,25.6,27,5.4,873.9,13.4,294,Ratnapark,27.7063,85.3152
2021-04-08T11:00,26.7,25,5.3,873.6,13.7,297,Ratnapark,27.7063,85.3152
2021-04-08T12:00,26.8,25,5.2,872.9,14.8,271,Ratnapark,27.7063,85.3152
2021-04-08T13:00,25.0,39,9.9,872.4,16.0,262,Ratnapark,27.7063,85.3152
2021-04-08T14:00,24.8,37,9.2,871.8,15.3,289,Ratnapark,27.7063,85.3152
2021-04-08T15:00,23.4,43,10.0,871.1,12.1,258,Ratnapark,27.7063,85.3152
2021-04-08T16:00,23.2,42,9.6,870.9,11.6,277,Ratnapark,27.7063,85.3152
2021-04-08T17:00,22.7,42,9.1,870.2,11.0,311,Ratnapark,27.7063,85.3152
2021-04-08T18:00,19.9,52,9.7,869.8,5.7,305,Ratnapark,27.7063,85.3152
2021-04-08T19:00,18.3,60,10.5,870.1,7.8,292,Ratnapark,27.7063,85.3152
2021-04-08T20:00,17.9,61,10.3,870.6,7.2,243,Ratnapark,27.7063,85.3152
2021-04-08T21:00,16.8,64,10.0,870.7,6.2,201,Ratnapark,27.7063,85.3152
2021-04-08T22:00,16.0,66,9.7,870.4,2.9,180,Ratnapark,27.7063,85.3152
2021-04-08T23:00,15.7,65,9.2,870.0,2.5,180,Ratnapark,27.7063,85.3152
2021-04-09T00:00,15.6,64,8.8,869.6,2.9,180,Ratnapark,27.7063,85.3152
2021-04-09T01:00,14.7,67,8.6,868.7,1.8,180,Ratnapark,27.7063,85.3152
2021-04-09T02:00,15.0,63,7.9,868.2,1.4,180,Ratnapark,27.7063,85.3152
2021-04-09T03:00,16.8,52,6.9,868.9,1.1,180,Ratnapark,27.7063,85.3152
2021-04-09T04:00,19.3,42,6.1,870.3,1.1,180,Ratnapark,27.7063,85.3152
2021-04-09T05:00,16.9,51,6.7,869.9,4.0,190,Ratnapark,27.7063,85.3152
2021-04-09T06:00,17.6,67,11.3,870.9,1.8,191,Ratnapark,27.7063,85.3152
2021-04-09T07:00,21.6,43,8.4,873.7,2.6,344,Ratnapark,27.7063,85.3152
2021-04-09T08:00,23.2,37,7.7,874.6,5.5,328,Ratnapark,27.7063,85.3152
2021-04-09T09:00,25.0,27,4.7,875.2,7.4,309,Ratnapark,27.7063,85.3152
2021-04-09T10:00,26.3,20,1.6,875.3,9.5,295,Ratnapark,27.7063,85.3152
2021-04-09T11:00,26.9,21,2.8,875.0,12.0,291,Ratnapark,27.7063,85.3152
2021-04-09T12:00,27.0,24,4.5,874.2,13.1,291,Ratnapark,27.7063,85.3152
2021-04-09T13:00,26.6,24,4.2,873.1,13.9,287,Ratnapark,27.7063,85.3152
2021-04-09T14:00,26.0,25,4.6,872.3,13.4,290,Ratnapark,27.7063,85.3152
2021-04-09T15:00,25.5,26,4.5,871.4,12.4,300,Ratnapark,27.7063,85.3152
2021-04-09T16:00,24.6,27,4.2,870.7,12.9,306,Ratnapark,27.7063,85.3152
2021-04-09T17:00,22.9,35,6.6,870.4,8.3,275,Ratnapark,27.7063,85.3152
2021-04-09T18:00,18.9,54,9.4,869.5,7.6,275,Ratnapark,27.7063,85.3152
2021-04-09T19:00,18.8,52,8.8,870.5,5.5,238,Ratnapark,27.7063,85.3152
2021-04-09T20:00,17.0,60,9.1,870.9,3.0,194,Ratnapark,27.7063,85.3152
2021-04-09T21:00,16.6,64,9.6,871.5,2.9,187,Ratnapark,27.7063,85.3152
2021-04-09T22:00,15.8,71,10.5,871.6,2.9,187,Ratnapark,27.7063,85.3152
2021-04-09T23:00,16.8,63,9.7,872.3,1.8,191,Ratnapark,27.7063,85.3152
2021-04-10T00:00,16.8,61,9.3,871.8,2.3,198,Ratnapark,27.7063,85.3152
2021-04-10T01:00,15.4,67,9.3,870.5,4.4,189,Ratnapark,27.7063,85.3152
2021-04-10T02:00,14.4,70,8.9,869.8,3.7,191,Ratnapark,27.7063,85.3152
2021-04-10T03:00,13.9,71,8.7,869.6,3.2,180,Ratnapark,27.7063,85.3152
2021-04-10T04:00,14.0,68,8.1,870.1,2.5,180,Ratnapark,27.7063,85.3152
2021-04-10T05:00,13.6,69,8.1,870.3,3.8,163,Ratnapark,27.7063,85.3152
2021-04-10T06:00,16.1,63,9.0,872.0,2.3,162,Ratnapark,27.7063,85.3152
2021-04-10T07:00,20.5,47,8.9,874.6,1.8,101,Ratnapark,27.7063,85.3152
2021-04-10T08:00,22.7,33,5.5,875.7,6.1,310,Ratnapark,27.7063,85.3152
2021-04-10T09:00,24.5,23,1.7,876.4,13.8,303,Ratnapark,27.7063,85.3152
2021-04-10T10:00,25.3,21,1.4,876.5,15.4,303,Ratnapark,27.7063,85.3152
2021-04-10T11:00,26.3,19,0.5,876.2,13.7,300,Ratnapark,27.7063,85.3152
2021-04-10T12:00,26.7,19,1.0,875.5,13.3,303,Ratnapark,27.7063,85.3152
2021-04-10T13:00,26.8,20,1.9,874.8,13.4,301,Ratnapark,27.7063,85.3152
2021-04-10T14:00,26.5,20,1.8,873.8,13.2,299,Ratnapark,27.7063,85.3152
2021-04-10T15:00,25.8,21,1.5,873.0,13.0,298,Ratnapark,27.7063,85.3152
2021-04-10T16:00,24.8,22,1.5,872.5,12.3,302,Ratnapark,27.7063,85.3152
2021-04-10T17:00,23.1,28,3.6,872.3,8.0,297,Ratnapark,27.7063,85.3152
2021-04-10T18:00,19.6,38,5.0,871.1,6.6,283,Ratnapark,27.7063,85.3152
2021-04-10T19:00,18.1,46,6.2,871.2,9.0,268,Ratnapark,27.7063,85.3152
2021-04-10T20:00,17.9,46,6.0,871.6,7.9,246,Ratnapark,27.7063,85.3152
2021-04-10T21:00,17.4,47,5.9,871.9,6.4,223,Ratnapark,27.7063,85.3152
2021-04-10T22:00,17.6,46,5.8,872.2,4.5,209,Ratnapark,27.7063,85.3152
2021-04-10T23:00,18.6,42,5.4,872.6,2.4,207,Ratnapark,27.7063,85.3152
2021-04-11T00:00,20.2,37,5.0,873.0,2.4,207,Ratnapark,27.7063,85.3152
2021-04-11T01:00,20.1,37,5.0,872.4,2.4,207,Ratnapark,27.7063,85.3152
2021-04-11T02:00,19.9,36,4.5,872.0,2.2,189,Ratnapark,27.7063,85.3152
2021-04-11T03:00,19.4,36,4.0,871.4,1.1,162,Ratnapark,27.7063,85.3152
2021-04-11T04:00,14.3,52,4.7,869.8,5.2,146,Ratnapark,27.7063,85.3152
2021-04-11T05:00,14.0,56,5.5,870.5,7.6,155,Ratnapark,27.7063,85.3152
2021-04-11T06:00,16.7,51,6.6,872.4,4.2,149,Ratnapark,27.7063,85.3152
2021-04-11T07:00,20.8,39,6.3,875.2,4.7,113,Ratnapark,27.7063,85.3152
2021-04-11T08:00,23.3,31,5.0,876.2,4.3,85,Ratnapark,27.7063,85.3152
2021-04-11T09:00,25.1,23,2.4,876.8,2.8,40,Ratnapark,27.7063,85.3152
2021-04-11T10:00,26.5,18,0.5,876.9,3.0,346,Ratnapark,27.7063,85.3152
2021-04-11T11:00,27.5,17,-0.1,876.6,4.7,302,Ratnapark,27.7063,85.3152
2021-04-11T12:00,28.2,17,1.0,875.9,9.1,279,Ratnapark,27.7063,85.3152
2021-04-11T13:00,28.0,19,2.2,875.0,12.7,278,Ratnapark,27.7063,85.3152
2021-04-11T14:00,27.5,19,2.1,874.1,14.1,289,Ratnapark,27.7063,85.3152
2021-04-11T15:00,26.7,20,1.9,873.4,13.0,289,Ratnapark,27.7063,85.3152
2021-04-11T16:00,25.7,21,1.9,872.9,11.8,293,Ratnapark,27.7063,85.3152
2021-04-11T17:00,24.2,24,2.2,873.0,8.5,282,Ratnapark,27.7063,85.3152
2021-04-11T18:00,19.9,35,4.0,871.7,7.6,262,Ratnapark,27.7063,85.3152
2021-04-11T19:00,18.8,38,4.2,872.1,6.7,234,Ratnapark,27.7063,85.3152
2021-04-11T20:00,18.2,37,3.2,872.6,4.7,203,Ratnapark,27.7063,85.3152
2021-04-11T21:00,17.0,38,2.7,872.6,3.3,193,Ratnapark,27.7063,85.3152
2021-04-11T22:00,15.9,40,2.1,872.3,2.2,180,Ratnapark,27.7063,85.3152
2021-04-11T23:00,15.8,38,1.6,872.1,1.8,180,Ratnapark,27.7063,85.3152
2021-04-12T00:00,16.7,34,0.6,872.3,0.7,180,Ratnapark,27.7063,85.3152
2021-04-12T01:00,15.6,37,0.9,871.4,2.2,171,Ratnapark,27.7063,85.3152
2021-04-12T02:00,16.2,34,0.3,871.5,2.2,171,Ratnapark,27.7063,85.3152
2021-04-12T03:00,15.1,37,0.5,870.9,3.8,163,Ratnapark,27.7063,85.3152
2021-04-12T04:00,14.1,41,0.9,870.7,6.0,147,Ratnapark,27.7063,85.3152
2021-04-12T05:00,14.2,48,3.3,871.5,7.2,153,Ratnapark,27.7063,85.3152
2021-04-12T06:00,17.2,44,4.9,873.4,3.4,148,Ratnapark,27.7063,85.3152
2021-04-12T07:00,21.7,33,4.7,876.1,3.9,124,Ratnapark,27.7063,85.3152
2021-04-12T08:00,24.1,27,3.7,877.1,2.3,51,Ratnapark,27.7063,85.3152
2021-04-12T09:00,25.8,22,2.7,877.6,3.3,319,Ratnapark,27.7063,85.3152
2021-04-12T10:00,26.8,19,1.3,877.5,7.1,285,Ratnapark,27.7063,85.3152
2021-04-12T11:00,27.4,18,1.1,877.2,9.7,285,Ratnapark,27.7063,85.3152
2021-04-12T12:00,28.1,18,1.5,876.5,12.7,285,Ratnapark,27.7063,85.3152
2021-04-12T13:00,27.5,18,0.9,875.3,13.8,285,Ratnapark,27.7063,85.3152
2021-04-12T14:00,26.9,18,0.3,874.3,13.3,283,Ratnapark,27.7063,85.3152
2021-04-12T15:00,26.0,19,0.3,873.5,12.8,281,Ratnapark,27.7063,85.3152
2021-04-12T16:00,25.4,20,0.6,873.0,11.8,290,Ratnapark,27.7063,85.3152
2021-04-12T17:00,23.9,22,0.9,872.9,8.3,272,Ratnapark,27.7063,85.3152
2021-04-12T18:00,20.0,30,1.8,871.9,6.5,251,Ratnapark,27.7063,85.3152
2021-04-12T19:00,19.6,30,1.7,872.5,5.9,223,Ratnapark,27.7063,85.3152
2021-04-12T20:00,16.9,37,2.0,871.9,3.7,191,Ratnapark,27.7063,85.3152
2021-04-12T21:00,16.6,31,-0.4,872.1,2.9,187,Ratnapark,27.7063,85.3152
2021-04-12T22:00,15.9,32,-0.7,872.0,3.3,186,Ratnapark,27.7063,85.3152
2021-04-12T23:00,15.5,33,-0.8,871.6,1.4,180,Ratnapark,27.7063,85.3152
2021-04-13T00:00,15.0,35,-0.5,870.8,3.3,167,Ratnapark,27.7063,85.3152
2021-04-13T01:00,14.5,36,-0.5,870.2,4.1,165,Ratnapark,27.7063,85.3152
2021-04-13T02:00,14.5,35,-0.9,869.8,4.6,162,Ratnapark,27.7063,85.3152
2021-04-13T03:00,14.3,35,-0.8,869.4,4.7,157,Ratnapark,27.7063,85.3152
2021-04-13T04:00,14.1,37,-0.4,869.4,5.3,152,Ratnapark,27.7063,85.3152
2021-04-13T05:00,13.8,45,2.1,870.3,8.5,152,Ratnapark,27.7063,85.3152
2021-04-13T06:00,17.2,39,3.0,872.3,5.0,150,Ratnapark,27.7063,85.3152
2021-04-13T07:00,21.4,32,3.8,874.9,5.2,115,Ratnapark,27.7063,85.3152
2021-04-13T08:00,24.1,25,2.9,875.9,5.8,97,Ratnapark,27.7063,85.3152
2021-04-13T09:00,25.6,22,2.4,876.8,1.5,135,Ratnapark,27.7063,85.3152
2021-04-13T10:00,26.4,20,1.7,876.7,3.2,243,Ratnapark,27.7063,85.3152
2021-04-13T11:00,27.0,20,1.8,876.3,4.7,266,Ratnapark,27.7063,85.3152
2021-04-13T12:00,27.6,19,2.1,875.5,7.0,282,Ratnapark,27.7063,85.3152
2021-04-13T13:00,27.5,20,2.3,874.5,10.5,266,Ratnapark,27.7063,85.3152
2021-04-13T14:00,26.5,21,2.4,873.2,6.6,299,Ratnapark,27.7063,85.3152
2021-04-13T15:00,26.3,21,2.4,872.3,8.0,297,Ratnapark,27.7063,85.3152
2021-04-13T16:00,23.8,28,4.0,872.3,8.1,201,Ratnapark,27.7063,85.3152
2021-04-13T17:00,23.0,32,5.6,871.9,7.6,155,Ratnapark,27.7063,85.3152
2021-04-13T18:00,20.4,40,6.3,871.3,5.4,200,Ratnapark,27.7063,85.3152
2021-04-13T19:00,19.0,43,6.2,871.2,4.4,189,Ratnapark,27.7063,85.3152
2021-04-13T20:00,17.1,50,6.4,870.7,1.8,169,Ratnapark,27.7063,85.3152
2021-04-13T21:00,16.2,54,7.0,870.9,0.7,180,Ratnapark,27.7063,85.3152
2021-04-13T22:00,16.6,48,5.6,871.1,1.5,166,Ratnapark,27.7063,85.3152
2021-04-13T23:00,15.7,49,5.0,870.4,3.3,167,Ratnapark,27.7063,85.3152
2021-04-14T00:00,16.1,44,3.9,870.3,3.3,167,Ratnapark,27.7063,85.3152
2021-04-14T01:00,15.3,46,3.9,869.6,3.0,166,Ratnapark,27.7063,85.3152
2021-04-14T02:00,14.9,47,3.7,869.0,2.3,162,Ratnapark,27.7063,85.3152
2021-04-14T03:00,14.5,49,3.8,868.9,3.4,162,Ratnapark,27.7063,85.3152
2021-04-14T04:00,14.3,51,4.2,869.0,4.6,162,Ratnapark,27.7063,85.3152
2021-04-14T05:00,14.1,57,5.8,869.2,6.1,152,Ratnapark,27.7063,85.3152
2021-04-14T06:00,17.8,49,6.8,871.4,4.1,142,Ratnapark,27.7063,85.3152
2021-04-14T07:00,22.1,38,7.2,873.8,4.7,113,Ratnapark,27.7063,85.3152
2021-04-14T08:00,24.3,29,5.3,874.7,5.4,70,Ratnapark,27.7063,85.3152
2021-04-14T09:00,26.0,26,5.2,875.5,2.6,344,Ratnapark,27.7063,85.3152
2021-04-14T10:00,27.3,24,5.1,875.7,4.7,302,Ratnapark,27.7063,85.3152
2021-04-14T11:00,28.1,23,5.1,875.3,6.3,294,Ratnapark,27.7063,85.3152
2021-04-14T12:00,28.8,22,5.0,874.7,8.9,291,Ratnapark,27.7063,85.3152
2021-04-14T13:00,28.5,23,5.6,873.9,13.4,264,Ratnapark,27.7063,85.3152
2021-04-14T14:00,26.2,26,5.3,873.2,12.2,246,Ratnapark,27.7063,85.3152
2021-04-14T15:00,25.0,29,6.0,872.8,14.0,244,Ratnapark,27.7063,85.3152
2021-04-14T16:00,24.3,32,6.6,872.3,8.1,257,Ratnapark,27.7063,85.3152
2021-04-14T17:00,24.4,32,6.5,871.4,6.6,283,Ratnapark,27.7063,85.3152
2021-04-14T18:00,21.5,42,8.0,870.7,6.6,261,Ratnapark,27.7063,85.3152
2021-04-14T19:00,21.5,38,6.6,871.1,3.1,201,Ratnapark,27.7063,85.3152
2021-04-14T20:00,18.3,51,7.9,870.1,2.5,180,Ratnapark,27.7063,85.3152
2021-04-14T21:00,17.6,51,7.2,870.5,2.5,180,Ratnapark,27.7063,85.3152
2021-04-14T22:00,16.7,53,7.2,870.6,1.8,180,Ratnapark,27.7063,85.3152
2021-04-14T23:00,16.3,54,7.0,870.4,1.8,169,Ratnapark,27.7063,85.3152
2021-04-15T00:00,15.9,56,7.1,869.8,2.5,180,Ratnapark,27.7063,85.3152
2021-04-15T01:00,16.0,55,6.9,869.5,3.3,186,Ratnapark,27.7063,85.3152
2021-04-15T02:00,18.2,44,5.9,869.9,1.4,180,Ratnapark,27.7063,85.3152
2021-04-15T03:00,21.0,34,4.7,870.8,1.8,169,Ratnapark,27.7063,85.3152
2021-04-15T04:00,19.1,39,4.9,870.4,3.3,167,Ratnapark,27.7063,85.3152
2021-04-15T05:00,15.8,59,7.8,869.5,4.0,175,Ratnapark,27.7063,85.3152
2021-04-15T06:00,18.3,63,11.1,871.2,1.5,194,Ratnapark,27.7063,85.3152
2021-04-15T07:00,22.1,43,8.8,873.6,4.8,318,Ratnapark,27.7063,85.3152
2021-04-15T08:00,22.8,44,9.9,874.5,9.8,298,Ratnapark,27.7063,85.3152
2021-04-15T09:00,22.2,49,11.0,875.0,7.2,270,Ratnapark,27.7063,85.3152
2021-04-15T10:00,24.5,41,10.2,874.9,4.1,285,Ratnapark,27.7063,85.3152
2021-04-15T11:00,26.1,33,8.4,874.4,7.2,297,Ratnapark,27.7063,85.3152
2021-04-15T12:00,26.9,30,7.9,873.3,15.5,316,Ratnapark,27.7063,85.3152
2021-04-15T13:00,26.4,29,6.9,872.5,16.0,279,Ratnapark,27.7063,85.3152
2021-04-15T14:00,23.9,36,7.9,871.5,13.4,246,Ratnapark,27.7063,85.3152
2021-04-15T15:00,23.2,39,8.7,871.0,8.1,257,Ratnapark,27.7063,85.3152
2021-04-15T16:00,23.1,39,8.4,870.9,8.6,285,Ratnapark,27.7063,85.3152
2021-04-15T17:00,23.5,40,9.0,869.6,5.1,266,Ratnapark,27.7063,85.3152
2021-04-15T18:00,20.8,55,11.4,869.1,6.1,230,Ratnapark,27.7063,85.3152
2021-04-15T19:00,19.3,60,11.4,869.3,4.9,197,Ratnapark,27.7063,85.3152
2021-04-15T20:00,18.0,62,10.6,869.3,2.9,180,Ratnapark,27.7063,85.3152
2021-04-15T21:00,16.7,69,10.9,869.5,2.5,172,Ratnapark,27.7063,85.3152
2021-04-15T22:00,16.1,71,10.9,869.6,1.8,169,Ratnapark,27.7063,85.3152
2021-04-15T23:00,16.2,70,10.6,869.5,2.5,180,Ratnapark,27.7063,85.3152
2021-04-16T00:00,16.2,67,10.1,869.1,1.4,180,Ratnapark,27.7063,85.3152
2021-04-16T01:00,16.3,65,9.6,868.5,1.5,166,Ratnapark,27.7063,85.3152
2021-04-16T02:00,15.9,65,9.3,867.9,1.1,162,Ratnapark,27.7063,85.3152
2021-04-16T03:00,15.7,64,9.0,868.0,1.5,166,Ratnapark,27.7063,85.3152
2021-04-16T04:00,15.1,66,8.8,868.1,1.8,169,Ratnapark,27.7063,85.3152
2021-04-16T05:00,14.0,73,9.3,869.1,1.1,162,Ratnapark,27.7063,85.3152
2021-04-16T06:00,16.6,64,9.8,870.9,2.6,164,Ratnapark,27.7063,85.3152
2021-04-16T07:00,20.5,50,9.8,873.3,1.9,112,Ratnapark,27.7063,85.3152
2021-04-16T08:00,22.6,43,9.4,873.9,1.0,45,Ratnapark,27.7063,85.3152
2021-04-16T09:00,24.2,38,8.8,874.3,3.8,287,Ratnapark,27.7063,85.3152
2021-04-16T10:00,25.6,33,8.3,874.4,7.7,281,Ratnapark,27.7063,85.3152
2021-04-16T11:00,23.1,39,8.3,873.9,14.0,252,Ratnapark,27.7063,85.3152
2021-04-16T12:00,24.6,32,7.0,873.4,9.3,254,Ratnapark,27.7063,85.3152
2021-04-16T13:00,23.4,40,9.0,872.6,8.8,251,Ratnapark,27.7063,85.3152
2021-04-16T14:00,24.0,36,7.9,871.6,3.2,333,Ratnapark,27.7063,85.3152
2021-04-16T15:00,22.2,39,7.6,871.2,7.0,249,Ratnapark,27.7063,85.3152
2021-04-16T16:00,20.8,46,8.8,871.0,4.0,85,Ratnapark,27.7063,85.3152
2021-04-16T17:00,21.0,52,10.8,870.6,2.6,56,Ratnapark,27.7063,85.3152
2021-04-16T18:00,20.0,57,11.2,870.9,1.0,225,Ratnapark,27.7063,85.3152
2021-04-16T19:00,19.4,59,11.3,871.1,0.7,180,Ratnapark,27.7063,85.3152
2021-04-16T20:00,17.3,70,11.8,870.6,2.5,172,Ratnapark,27.7063,85.3152
2021-04-16T21:00,16.5,71,11.3,870.8,3.3,167,Ratnapark,27.7063,85.3152
2021-04-16T22:00,15.6,75,11.1,871.1,5.2,168,Ratnapark,27.7063,85.3152
2021-04-16T23:00,14.9,80,11.5,871.5,2.7,157,Ratnapark,27.7063,85.3152
2021-04-17T00:00,14.7,85,12.1,871.1,2.6,146,Ratnapark,27.7063,85.3152
2021-04-17T01:00,14.8,84,12.2,870.8,6.6,151,Ratnapark,27.7063,85.3152
2021-04-17T02:00,14.5,85,11.9,870.5,6.3,149,Ratnapark,27.7063,85.3152
2021-04-17T03:00,13.5,89,11.8,870.2,5.2,155,Ratnapark,27.7063,85.3152
2021-04-17T04:00,12.9,92,11.7,870.3,4.8,153,Ratnapark,27.7063,85.3152
2021-04-17T05:00,12.7,94,11.8,870.2,7.9,137,Ratnapark,27.7063,85.3152
2021-04-17T06:00,14.7,85,12.2,871.8,7.8,146,Ratnapark,27.7063,85.3152
2021-04-17T07:00,17.5,67,11.4,873.8,5.9,133,Ratnapark,27.7063,85.3152
2021-04-17T08:00,19.9,57,11.0,875.0,5.4,90,Ratnapark,27.7063,85.3152
2021-04-17T09:00,22.4,48,11.0,875.6,2.9,60,Ratnapark,27.7063,85.3152
2021-04-17T10:00,24.1,44,11.1,875.6,3.8,319,Ratnapark,27.7063,85.3152
2021-04-17T11:00,25.8,39,10.9,875.3,9.7,309,Ratnapark,27.7063,85.3152
2021-04-17T12:00,22.0,60,13.9,874.4,10.7,213,Ratnapark,27.7063,85.3152
2021-04-17T13:00,20.9,63,13.7,873.8,12.1,240,Ratnapark,27.7063,85.3152
2021-04-17T14:00,20.6,61,12.8,872.9,6.7,286,Ratnapark,27.7063,85.3152
2021-04-17T15:00,20.9,59,12.5,872.8,9.0,286,Ratnapark,27.7063,85.3152
2021-04-17T16:00,20.6,59,12.2,872.5,7.4,284,Ratnapark,27.7063,85.3152
2021-04-17T17:00,20.1,60,12.1,871.8,5.8,292,Ratnapark,27.7063,85.3152
2021-04-17T18:00,18.8,65,12.1,871.8,0.5,135,Ratnapark,27.7063,85.3152
2021-04-17T19:00,16.9,78,13.0,871.8,2.1,149,Ratnapark,27.7063,85.3152
2021-04-17T20:00,16.1,77,12.2,871.7,2.6,164,Ratnapark,27.7063,85.3152
2021-04-17T21:00,15.2,81,12.0,871.4,3.3,174,Ratnapark,27.7063,85.3152
2021-04-17T22:00,14.0,88,12.0,871.1,2.9,173,Ratnapark,27.7063,85.3152
2021-04-17T23:00,13.6,90,11.9,871.2,2.9,180,Ratnapark,27.7063,85.3152
2021-04-18T00:00,13.8,88,11.9,871.2,3.2,180,Ratnapark,27.7063,85.3152
2021-04-18T01:00,14.5,85,11.9,871.5,4.3,228,Ratnapark,27.7063,85.3152
2021-04-18T02:00,14.6,84,12.0,872.0,5.1,262,Ratnapark,27.7063,85.3152
2021-04-18T03:00,14.4,84,11.8,871.6,4.9,253,Ratnapark,27.7063,85.3152
2021-04-18T04:00,12.7,91,11.3,870.5,4.0,190,Ratnapark,27.7063,85.3152
2021-04-18T05:00,15.9,81,12.5,872.7,5.2,236,Ratnapark,27.7063,85.3152
2021-04-18T06:00,16.5,80,13.0,873.1,3.6,217,Ratnapark,27.7063,85.3152
2021-04-18T07:00,18.8,63,11.6,874.1,5.2,286,Ratnapark,27.7063,85.3152
2021-04-18T08:00,20.6,53,10.8,875.1,10.1,297,Ratnapark,27.7063,85.3152
2021-04-18T09:00,22.0,47,10.2,875.3,13.0,298,Ratnapark,27.7063,85.3152
2021-04-18T10:00,23.1,41,9.1,875.0,14.7,298,Ratnapark,27.7063,85.3152
2021-04-18T11:00,24.0,35,7.6,874.5,13.7,288,Ratnapark,27.7063,85.3152
2021-04-18T12:00,24.4,31,6.2,873.7,13.5,279,Ratnapark,27.7063,85.3152
2021-04-18T13:00,23.8,36,8.0,873.0,13.7,275,Ratnapark,27.7063,85.3152
2021-04-18T14:00,22.9,42,9.4,872.0,14.8,293,Ratnapark,27.7063,85.3152
2021-04-18T15:00,21.0,52,10.7,871.4,12.2,317,Ratnapark,27.7063,85.3152
2021-04-18T16:00,19.9,54,10.3,870.9,11.8,310,Ratnapark,27.7063,85.3152
2021-04-18T17:00,20.8,45,8.4,870.2,10.3,299,Ratnapark,27.7063,85.3152
2021-04-18T18:00,18.8,52,8.7,870.0,7.2,297,Ratnapark,27.7063,85.3152
2021-04-18T19:00,18.0,58,9.5,870.8,4.8,297,Ratnapark,27.7063,85.3152
2021-04-18T20:00,17.9,58,9.5,870.9,0.8,153,Ratnapark,27.7063,85.3152
2021-04-18T21:00,15.7,69,10.0,869.7,2.7,157,Ratnapark,27.7063,85.3152
2021-04-18T22:00,14.6,73,9.9,868.6,3.8,163,Ratnapark,27.7063,85.3152
2021-04-18T23:00,13.4,78,9.7,867.4,5.5,169,Ratnapark,27.7063,85.3152
2021-04-19T00:00,12.7,79,9.2,866.2,5.9,166,Ratnapark,27.7063,85.3152
2021-04-19T01:00,12.2,79,8.7,865.5,5.7,162,Ratnapark,27.7063,85.3152
2021-04-19T02:00,11.8,79,8.3,864.8,4.6,162,Ratnapark,27.7063,85.3152
2021-04-19T03:00,11.8,78,8.0,864.6,4.9,163,Ratnapark,27.7063,85.3152
2021-04-19T04:00,11.7,78,7.9,864.6,3.8,163,Ratnapark,27.7063,85.3152
2021-04-19T05:00,11.4,83,8.7,865.3,6.0,155,Ratnapark,27.7063,85.3152
2021-04-19T06:00,14.4,73,9.6,867.2,7.1,150,Ratnapark,27.7063,85.3152
2021-04-19T07:00,19.4,53,9.6,869.9,5.0,111,Ratnapark,27.7063,85.3152
2021-04-19T08:00,21.5,46,9.4,870.7,4.7,99,Ratnapark,27.7063,85.3152
2021-04-19T09:00,23.0,40,8.6,871.0,2.5,98,Ratnapark,27.7063,85.3152
2021-04-19T10:00,24.3,36,8.4,871.0,2.1,239,Ratnapark,27.7063,85.3152
2021-04-19T11:00,25.2,33,7.8,871.1,7.3,250,Ratnapark,27.7063,85.3152
2021-04-19T12:00,25.5,32,7.4,870.7,9.8,264,Ratnapark,27.7063,85.3152
2021-04-19T13:00,24.9,34,7.9,870.1,11.3,261,Ratnapark,27.7063,85.3152
2021-04-19T14:00,24.3,37,8.7,869.3,9.0,272,Ratnapark,27.7063,85.3152
2021-04-19T15:00,24.0,38,8.8,868.8,8.4,280,Ratnapark,27.7063,85.3152
2021-04-19T16:00,23.1,41,9.2,868.4,9.2,296,Ratnapark,27.7063,85.3152
2021-04-19T17:00,21.9,46,9.6,868.0,8.3,304,Ratnapark,27.7063,85.3152
2021-04-19T18:00,19.3,57,10.6,867.4,5.3,298,Ratnapark,27.7063,85.3152
2021-04-19T19:00,18.8,61,11.1,868.0,4.8,243,Ratnapark,27.7063,85.3152
2021-04-19T20:00,18.3,62,11.0,868.6,5.8,248,Ratnapark,27.7063,85.3152
2021-04-19T21:00,19.2,54,9.7,869.0,2.3,141,Ratnapark,27.7063,85.3152
2021-04-19T22:00,16.2,67,10.2,867.5,3.3,167,Ratnapark,27.7063,85.3152
2021-04-19T23:00,15.3,71,10.0,866.9,4.1,165,Ratnapark,27.7063,85.3152
2021-04-20T00:00,14.1,76,9.9,865.8,4.6,162,Ratnapark,27.7063,85.3152
2021-04-20T01:00,13.3,78,9.5,865.1,4.9,163,Ratnapark,27.7063,85.3152
2021-04-20T02:00,12.9,75,8.7,864.9,4.9,163,Ratnapark,27.7063,85.3152
2021-04-20T03:00,13.0,71,7.9,865.1,4.1,165,Ratnapark,27.7063,85.3152
2021-04-20T04:00,13.1,68,7.4,865.5,3.9,158,Ratnapark,27.7063,85.3152
2021-04-20T05:00,13.4,66,7.1,866.0,4.3,156,Ratnapark,27.7063,85.3152
2021-04-20T06:00,16.3,59,8.3,867.9,6.0,155,Ratnapark,27.7063,85.3152
2021-04-20T07:00,21.3,47,9.5,870.5,4.2,110,Ratnapark,27.7063,85.3152
2021-04-20T08:00,23.8,36,7.9,871.5,3.2,63,Ratnapark,27.7063,85.3152
2021-04-20T09:00,25.5,32,7.5,872.0,2.4,333,Ratnapark,27.7063,85.3152
2021-04-20T10:00,27.0,27,6.3,872.1,6.9,298,Ratnapark,27.7063,85.3152
2021-04-20T11:00,27.7,25,5.7,871.8,12.6,290,Ratnapark,27.7063,85.3152
2021-04-20T12:00,27.7,25,6.2,871.4,14.8,288,Ratnapark,27.7063,85.3152
2021-04-20T13:00,27.4,26,6.2,870.8,13.7,288,Ratnapark,27.7063,85.3152
2021-04-20T14:00,27.4,26,6.0,870.0,13.2,296,Ratnapark,27.7063,85.3152
2021-04-20T15:00,26.9,27,6.2,869.6,11.7,288,Ratnapark,27.7063,85.3152
2021-04-20T16:00,25.8,29,6.2,869.5,9.4,266,Ratnapark,27.7063,85.3152
2021-04-20T17:00,24.6,33,7.3,869.4,8.7,263,Ratnapark,27.7063,85.3152
2021-04-20T18:00,20.9,47,9.3,869.0,6.3,246,Ratnapark,27.7063,85.3152
2021-04-20T19:00,19.5,57,10.7,869.1,5.9,227,Ratnapark,27.7063,85.3152
2021-04-20T20:00,18.4,62,11.0,869.6,3.8,197,Ratnapark,27.7063,85.3152
2021-04-20T21:00,17.5,64,10.7,869.6,2.2,189,Ratnapark,27.7063,85.3152
2021-04-20T22:00,17.2,64,10.3,869.8,1.1,180,Ratnapark,27.7063,85.3152
2021-04-20T23:00,16.8,65,10.2,869.8,2.2,171,Ratnapark,27.7063,85.3152
2021-04-21T00:00,16.4,66,10.0,869.2,2.6,164,Ratnapark,27.7063,85.3152
2021-04-21T01:00,16.6,63,9.5,869.0,3.1,159,Ratnapark,27.7063,85.3152
2021-04-21T02:00,16.0,64,9.1,868.4,3.4,162,Ratnapark,27.7063,85.3152
2021-04-21T03:00,15.8,65,9.1,868.3,3.5,156,Ratnapark,27.7063,85.3152
2021-04-21T04:00,15.3,67,9.2,868.5,3.9,158,Ratnapark,27.7063,85.3152
2021-04-21T05:00,15.1,72,10.1,869.0,2.9,173,Ratnapark,27.7063,85.3152
2021-04-21T06:00,18.4,61,10.8,871.7,3.5,204,Ratnapark,27.7063,85.3152
2021-04-21T07:00,22.1,47,10.1,874.4,8.5,306,Ratnapark,27.7063,85.3152
2021-04-21T08:00,22.0,45,9.6,875.7,16.2,307,Ratnapark,27.7063,85.3152
2021-04-21T09:00,19.9,57,11.2,876.0,11.4,305,Ratnapark,27.7063,85.3152
2021-04-21T10:00,20.4,57,11.7,876.0,9.4,310,Ratnapark,27.7063,85.3152
2021-04-21T11:00,21.8,47,9.9,875.7,8.4,317,Ratnapark,27.7063,85.3152
2021-04-21T12:00,22.5,43,9.2,875.4,9.5,323,Ratnapark,27.7063,85.3152
2021-04-21T13:00,23.4,37,8.0,874.2,6.9,351,Ratnapark,27.7063,85.3152
2021-04-21T14:00,24.7,31,6.6,873.4,6.5,6,Ratnapark,27.7063,85.3152
2021-04-21T15:00,24.4,31,6.0,872.8,0.4,90,Ratnapark,27.7063,85.3152
2021-04-21T16:00,23.3,34,6.5,872.9,7.1,255,Ratnapark,27.7063,85.3152
2021-04-21T17:00,21.0,47,9.3,872.8,4.8,333,Ratnapark,27.7063,85.3152
2021-04-21T18:00,20.3,48,8.8,873.0,0.8,153,Ratnapark,27.7063,85.3152
2021-04-21T19:00,18.3,59,10.0,872.1,3.8,131,Ratnapark,27.7063,85.3152
2021-04-21T20:00,17.4,59,9.3,871.9,4.8,153,Ratnapark,27.7063,85.3152
2021-04-21T21:00,16.2,63,9.2,871.5,4.1,165,Ratnapark,27.7063,85.3152
2021-04-21T22:00,16.2,63,9.1,871.4,4.7,157,Ratnapark,27.7063,85.3152
2021-04-21T23:00,15.5,66,9.2,871.0,3.3,174,Ratnapark,27.7063,85.3152
2021-04-22T00:00,14.8,69,9.1,870.3,1.4,180,Ratnapark,27.7063,85.3152
2021-04-22T01:00,15.3,70,9.8,870.4,2.5,188,Ratnapark,27.7063,85.3152
2021-04-22T02:00,17.2,58,8.8,870.9,1.5,166,Ratnapark,27.7063,85.3152
2021-04-22T03:00,15.4,69,9.8,871.9,5.2,254,Ratnapark,27.7063,85.3152
2021-04-22T04:00,15.4,71,10.2,871.6,2.2,171,Ratnapark,27.7063,85.3152
2021-04-22T05:00,15.6,66,9.2,871.4,4.4,189,Ratnapark,27.7063,85.3152
2021-04-22T06:00,15.0,87,12.8,872.7,2.3,219,Ratnapark,27.7063,85.3152
2021-04-22T07:00,15.5,86,13.2,874.4,1.1,90,Ratnapark,27.7063,85.3152
2021-04-22T08:00,16.9,74,12.2,875.5,5.5,58,Ratnapark,27.7063,85.3152
2021-04-22T09:00,17.1,76,12.8,875.9,8.1,77,Ratnapark,27.7063,85.3152
2021-04-22T10:00,18.3,65,11.5,875.8,11.9,93,Ratnapark,27.7063,85.3152
2021-04-22T11:00,21.9,44,9.1,875.5,13.1,99,Ratnapark,27.7063,85.3152
2021-04-22T12:00,22.8,41,8.9,874.9,6.6,112,Ratnapark,27.7063,85.3152
2021-04-22T13:00,23.3,38,8.1,874.0,2.6,286,Ratnapark,27.7063,85.3152
2021-04-22T14:00,22.9,35,6.7,872.8,9.4,317,Ratnapark,27.7063,85.3152
2021-04-22T15:00,21.0,42,7.5,872.5,15.6,308,Ratnapark,27.7063,85.3152
2021-04-22T16:00,19.9,49,8.8,871.9,8.3,268,Ratnapark,27.7063,85.3152
2021-04-22T17:00,20.6,41,6.9,871.9,6.4,308,Ratnapark,27.7063,85.3152
2021-04-22T18:00,17.8,55,8.6,871.1,7.1,294,Ratnapark,27.7063,85.3152
2021-04-22T19:00,16.5,60,8.7,871.5,7.2,270,Ratnapark,27.7063,85.3152
2021-04-22T20:00,15.8,60,8.0,872.0,7.2,264,Ratnapark,27.7063,85.3152
2021-04-22T21:00,15.5,62,8.2,872.0,8.0,265,Ratnapark,27.7063,85.3152
2021-04-22T22:00,15.4,61,7.9,871.6,6.5,236,Ratnapark,27.7063,85.3152
2021-04-22T23:00,13.8,68,7.9,870.6,7.0,215,Ratnapark,27.7063,85.3152
2021-04-23T00:00,13.5,67,7.6,870.0,6.9,219,Ratnapark,27.7063,85.3152
2021-04-23T01:00,14.0,62,6.8,869.7,7.4,227,Ratnapark,27.7063,85.3152
2021-04-23T02:00,14.5,57,6.2,869.5,7.4,241,Ratnapark,27.7063,85.3152
2021-04-23T03:00,15.6,52,5.7,869.8,7.4,256,Ratnapark,27.7063,85.3152
2021-04-23T04:00,16.6,47,5.4,870.4,6.0,245,Ratnapark,27.7063,85.3152
2021-04-23T05:00,16.6,52,6.6,870.6,4.2,211,Ratnapark,27.7063,85.3152
2021-04-23T06:00,16.3,68,10.4,871.0,0.4,180,Ratnapark,27.7063,85.3152
2021-04-23T07:00,19.6,46,7.5,872.8,2.7,23,Ratnapark,27.7063,85.3152
2021-04-23T08:00,21.6,37,6.4,873.4,4.8,318,Ratnapark,27.7063,85.3152
2021-04-23T09:00,23.5,31,5.2,874.1,7.8,304,Ratnapark,27.7063,85.3152
2021-04-23T10:00,24.6,29,5.2,874.1,10.5,308,Ratnapark,27.7063,85.3152
2021-04-23T11:00,25.2,29,6.1,873.8,12.2,315,Ratnapark,27.7063,85.3152
2021-04-23T12:00,25.5,30,6.5,873.2,13.0,314,Ratnapark,27.7063,85.3152
2021-04-23T13:00,25.7,30,6.6,872.5,13.6,310,Ratnapark,27.7063,85.3152
2021-04-23T14:00,25.4,30,6.4,871.5,12.6,307,Ratnapark,27.7063,85.3152
2021-04-23T15:00,25.1,29,5.8,870.8,11.7,304,Ratnapark,27.7063,85.3152
2021-04-23T16:00,24.2,32,6.2,870.6,12.2,304,Ratnapark,27.7063,85.3152
2021-04-23T17:00,22.6,37,7.3,870.0,8.9,310,Ratnapark,27.7063,85.3152
2021-04-23T18:00,19.5,46,7.5,869.6,5.9,313,Ratnapark,27.7063,85.3152
2021-04-23T19:00,18.2,52,8.1,869.8,7.6,289,Ratnapark,27.7063,85.3152
2021-04-23T20:00,17.7,54,8.4,870.2,7.4,247,Ratnapark,27.7063,85.3152
2021-04-23T21:00,17.5,53,7.9,870.6,6.4,232,Ratnapark,27.7063,85.3152
2021-04-23T22:00,20.0,42,6.7,872.0,5.6,225,Ratnapark,27.7063,85.3152
2021-04-23T23:00,18.7,47,7.2,871.3,4.1,218,Ratnapark,27.7063,85.3152
2021-04-24T00:00,15.9,59,7.9,869.2,4.4,189,Ratnapark,27.7063,85.3152
2021-04-24T01:00,15.3,61,7.8,868.4,2.2,171,Ratnapark,27.7063,85.3152
2021-04-24T02:00,14.4,64,7.7,867.3,4.2,160,Ratnapark,27.7063,85.3152
2021-04-24T03:00,13.5,68,7.7,867.0,5.5,157,Ratnapark,27.7063,85.3152
2021-04-24T04:00,13.3,67,7.4,867.2,4.7,157,Ratnapark,27.7063,85.3152
2021-04-24T05:00,13.4,74,8.9,868.0,4.0,170,Ratnapark,27.7063,85.3152
2021-04-24T06:00,16.9,63,9.8,870.3,1.8,180,Ratnapark,27.7063,85.3152
2021-04-24T07:00,22.6,42,9.0,873.4,1.9,292,Ratnapark,27.7063,85.3152
2021-04-24T08:00,24.4,30,5.8,874.4,11.4,294,Ratnapark,27.7063,85.3152
2021-04-24T09:00,25.2,29,5.7,875.1,16.7,295,Ratnapark,27.7063,85.3152
2021-04-24T10:00,25.4,30,6.4,875.1,15.3,297,Ratnapark,27.7063,85.3152
2021-04-24T11:00,25.8,28,5.7,874.8,15.8,297,Ratnapark,27.7063,85.3152
2021-04-24T12:00,25.8,28,6.1,874.4,16.5,302,Ratnapark,27.7063,85.3152
2021-04-24T13:00,25.5,29,6.3,873.5,10.7,290,Ratnapark,27.7063,85.3152
2021-04-24T14:00,26.0,28,6.2,872.7,11.8,293,Ratnapark,27.7063,85.3152
2021-04-24T15:00,25.2,29,6.1,872.2,12.3,310,Ratnapark,27.7063,85.3152
2021-04-24T16:00,24.1,32,6.2,871.8,8.4,301,Ratnapark,27.7063,85.3152
2021-04-24T17:00,23.7,34,7.0,871.1,6.6,299,Ratnapark,27.7063,85.3152
2021-04-24T18:00,19.8,49,8.8,870.0,7.6,251,Ratnapark,27.7063,85.3152
2021-04-24T19:00,19.0,50,8.3,870.6,5.5,212,Ratnapark,27.7063,85.3152
2021-04-24T20:00,18.5,49,7.7,870.8,5.9,218,Ratnapark,27.7063,85.3152
2021-04-24T21:00,18.1,49,7.2,871.1,6.7,216,Ratnapark,27.7063,85.3152
2021-04-24T22:00,17.2,52,7.1,870.8,6.6,209,Ratnapark,27.7063,85.3152
2021-04-24T23:00,17.7,48,6.6,870.7,4.1,195,Ratnapark,27.7063,85.3152
2021-04-25T00:00,16.8,51,6.6,869.7,3.7,191,Ratnapark,27.7063,85.3152
2021-04-25T01:00,19.7,40,5.6,870.6,1.1,180,Ratnapark,27.7063,85.3152
2021-04-25T02:00,15.2,56,6.6,868.2,3.6,186,Ratnapark,27.7063,85.3152
2021-04-25T03:00,14.9,57,6.5,868.1,4.4,189,Ratnapark,27.7063,85.3152
2021-04-25T04:00,17.1,47,5.8,869.5,1.1,180,Ratnapark,27.7063,85.3152
2021-04-25T05:00,18.3,46,6.4,870.9,3.6,180,Ratnapark,27.7063,85.3152
2021-04-25T06:00,19.4,66,12.8,871.8,1.8,191,Ratnapark,27.7063,85.3152
2021-04-25T07:00,23.4,33,6.2,874.2,2.0,315,Ratnapark,27.7063,85.3152
2021-04-25T08:00,25.1,27,4.9,874.8,5.9,313,Ratnapark,27.7063,85.3152
2021-04-25T09:00,26.7,21,2.3,875.3,9.9,303,Ratnapark,27.7063,85.3152
2021-04-25T10:00,27.8,18,1.0,875.3,12.1,297,Ratnapark,27.7063,85.3152
2021-04-25T11:00,28.4,16,-0.1,875.1,12.3,285,Ratnapark,27.7063,85.3152
2021-04-25T12:00,28.5,16,-0.2,874.4,12.2,272,Ratnapark,27.7063,85.3152
2021-04-25T13:00,28.4,15,-0.3,873.8,12.2,272,Ratnapark,27.7063,85.3152
2021-04-25T14:00,27.9,16,0.1,872.9,11.9,275,Ratnapark,27.7063,85.3152
2021-04-25T15:00,27.2,17,0.0,872.0,12.1,280,Ratnapark,27.7063,85.3152
2021-04-25T16:00,26.2,19,0.6,871.7,10.4,272,Ratnapark,27.7063,85.3152
2021-04-25T17:00,25.2,25,3.8,871.3,7.3,290,Ratnapark,27.7063,85.3152
2021-04-25T18:00,21.2,39,6.7,870.0,7.4,256,Ratnapark,27.7063,85.3152
2021-04-25T19:00,19.7,43,6.8,870.1,5.2,205,Ratnapark,27.7063,85.3152
2021-04-25T20:00,19.0,44,6.5,870.6,3.6,186,Ratnapark,27.7063,85.3152
2021-04-25T21:00,17.8,54,8.5,870.4,4.0,180,Ratnapark,27.7063,85.3152
2021-04-25T22:00,17.0,61,9.5,870.2,4.0,180,Ratnapark,27.7063,85.3152
2021-04-25T23:00,16.3,63,9.3,869.7,3.2,180,Ratnapark,27.7063,85.3152
2021-04-26T00:00,15.9,64,9.1,869.0,2.2,171,Ratnapark,27.7063,85.3152
2021-04-26T01:00,15.5,65,9.0,868.3,1.1,180,Ratnapark,27.7063,85.3152
2021-04-26T02:00,15.6,64,8.8,867.9,3.4,162,Ratnapark,27.7063,85.3152
2021-04-26T03:00,16.1,57,7.4,868.2,6.6,135,Ratnapark,27.7063,85.3152
2021-04-26T04:00,15.5,53,6.0,868.1,7.7,131,Ratnapark,27.7063,85.3152
2021-04-26T05:00,15.7,54,6.4,869.0,7.6,135,Ratnapark,27.7063,85.3152
2021-04-26T06:00,18.7,50,8.0,871.2,7.9,133,Ratnapark,27.7063,85.3152
2021-04-26T07:00,21.8,41,8.0,873.1,8.2,119,Ratnapark,27.7063,85.3152
2021-04-26T08:00,24.4,31,6.0,874.1,8.7,114,Ratnapark,27.7063,85.3152
2021-04-26T09:00,26.0,26,4.9,874.6,7.8,124,Ratnapark,27.7063,85.3152
2021-04-26T10:00,27.2,24,4.6,874.6,5.7,145,Ratnapark,27.7063,85.3152
2021-04-26T11:00,28.2,22,4.4,874.2,4.5,166,Ratnapark,27.7063,85.3152
2021-04-26T12:00,28.9,22,4.8,873.6,3.4,198,Ratnapark,27.7063,85.3152
2021-04-26T13:00,29.2,22,5.1,872.7,5.4,266,Ratnapark,27.7063,85.3152
2021-04-26T14:00,29.0,23,5.9,871.8,9.3,283,Ratnapark,27.7063,85.3152
2021-04-26T15:00,28.1,26,6.8,871.1,11.4,283,Ratnapark,27.7063,85.3152
2021-04-26T16:00,26.9,28,6.9,870.7,11.3,277,Ratnapark,27.7063,85.3152
2021-04-26T17:00,25.5,32,7.8,870.7,8.8,261,Ratnapark,27.7063,85.3152
2021-04-26T18:00,22.3,42,8.9,870.2,5.0,249,Ratnapark,27.7063,85.3152
2021-04-26T19:00,20.6,53,10.6,870.3,6.0,237,Ratnapark,27.7063,85.3152
2021-04-26T20:00,19.1,59,11.0,870.4,3.9,202,Ratnapark,27.7063,85.3152
2021-04-26T21:00,18.0,64,11.0,870.5,1.8,180,Ratnapark,27.7063,85.3152
2021-04-26T22:00,17.0,68,11.2,870.1,0.7,180,Ratnapark,27.7063,85.3152
2021-04-26T23:00,16.9,66,10.4,870.0,0.7,180,Ratnapark,27.7063,85.3152
2021-04-27T00:00,16.5,64,9.6,869.3,1.1,180,Ratnapark,27.7063,85.3152
2021-04-27T01:00,16.1,62,8.9,868.8,3.0,166,Ratnapark,27.7063,85.3152
2021-04-27T02:00,15.9,62,8.6,868.2,4.0,170,Ratnapark,27.7063,85.3152
2021-04-27T03:00,16.0,60,8.3,868.3,5.5,157,Ratnapark,27.7063,85.3152
2021-04-27T04:00,15.7,61,8.3,868.6,6.5,146,Ratnapark,27.7063,85.3152
2021-04-27T05:00,16.0,67,9.9,869.1,6.5,161,Ratnapark,27.7063,85.3152
2021-04-27T06:00,19.3,56,10.2,871.6,6.0,155,Ratnapark,27.7063,85.3152
2021-04-27T07:00,23.3,43,9.8,873.8,6.2,111,Ratnapark,27.7063,85.3152
2021-04-27T08:00,25.5,36,9.2,875.0,6.3,103,Ratnapark,27.7063,85.3152
2021-04-27T09:00,27.1,30,8.2,875.4,2.5,98,Ratnapark,27.7063,85.3152
2021-04-27T10:00,28.4,26,7.2,875.3,2.6,286,Ratnapark,27.7063,85.3152
2021-04-27T11:00,29.5,25,7.1,874.9,7.6,278,Ratnapark,27.7063,85.3152
2021-04-27T12:00,29.8,24,7.3,874.3,10.8,274,Ratnapark,27.7063,85.3152
2021-04-27T13:00,29.4,24,6.6,873.5,15.2,265,Ratnapark,27.7063,85.3152
2021-04-27T14:00,26.6,33,8.9,872.9,13.5,228,Ratnapark,27.7063,85.3152
2021-04-27T15:00,27.1,30,8.2,872.5,3.7,241,Ratnapark,27.7063,85.3152
2021-04-27T16:00,25.7,31,7.4,872.4,1.6,153,Ratnapark,27.7063,85.3152
2021-04-27T17:00,24.1,40,9.5,872.2,8.0,162,Ratnapark,27.7063,85.3152
2021-04-27T18:00,22.2,48,10.6,871.7,3.8,163,Ratnapark,27.7063,85.3152
2021-04-27T19:00,20.8,52,10.7,871.7,3.4,162,Ratnapark,27.7063,85.3152
2021-04-27T20:00,19.2,59,11.1,871.5,3.1,159,Ratnapark,27.7063,85.3152
2021-04-27T21:00,18.0,64,11.1,871.3,2.7,157,Ratnapark,27.7063,85.3152
2021-04-27T22:00,17.2,66,10.7,871.2,3.5,156,Ratnapark,27.7063,85.3152
2021-04-27T23:00,16.6,66,10.3,871.0,4.2,160,Ratnapark,27.7063,85.3152
2021-04-28T00:00,16.4,65,9.9,870.4,3.1,159,Ratnapark,27.7063,85.3152
2021-04-28T01:00,16.4,64,9.5,870.3,3.8,163,Ratnapark,27.7063,85.3152
2021-04-28T02:00,16.1,64,9.3,870.0,4.2,160,Ratnapark,27.7063,85.3152
2021-04-28T03:00,16.0,63,9.1,870.1,4.2,160,Ratnapark,27.7063,85.3152
2021-04-28T04:00,16.0,63,8.9,870.5,4.0,153,Ratnapark,27.7063,85.3152
2021-04-28T05:00,16.3,63,9.3,871.2,4.8,153,Ratnapark,27.7063,85.3152
2021-04-28T06:00,19.1,58,10.6,873.3,6.4,142,Ratnapark,27.7063,85.3152
2021-04-28T07:00,23.3,45,10.7,875.8,5.4,110,Ratnapark,27.7063,85.3152
2021-04-28T08:00,25.7,34,8.9,876.6,3.7,79,Ratnapark,27.7063,85.3152
2021-04-28T09:00,27.3,30,8.0,877.1,2.9,330,Ratnapark,27.7063,85.3152
2021-04-28T10:00,28.7,26,7.5,877.0,8.4,277,Ratnapark,27.7063,85.3152
2021-04-28T11:00,28.7,26,7.3,876.5,10.7,303,Ratnapark,27.7063,85.3152
2021-04-28T12:00,28.1,25,6.5,875.9,9.8,294,Ratnapark,27.7063,85.3152
2021-04-28T13:00,26.9,31,8.6,875.0,11.2,230,Ratnapark,27.7063,85.3152
2021-04-28T14:00,27.5,30,8.3,874.3,9.6,290,Ratnapark,27.7063,85.3152
2021-04-28T15:00,27.0,29,7.4,873.6,10.3,299,Ratnapark,27.7063,85.3152
2021-04-28T16:00,26.0,31,7.8,873.2,8.4,301,Ratnapark,27.7063,85.3152
2021-04-28T17:00,25.5,33,8.2,872.5,6.0,253,Ratnapark,27.7063,85.3152
2021-04-28T18:00,22.4,47,10.6,871.6,5.1,219,Ratnapark,27.7063,85.3152
2021-04-28T19:00,20.7,53,10.7,871.6,4.2,200,Ratnapark,27.7063,85.3152
2021-04-28T20:00,19.8,53,10.0,872.1,2.5,188,Ratnapark,27.7063,85.3152
2021-04-28T21:00,18.7,58,10.3,872.3,2.2,171,Ratnapark,27.7063,85.3152
2021-04-28T22:00,17.7,61,10.2,872.1,2.5,172,Ratnapark,27.7063,85.3152
2021-04-28T23:00,17.1,62,9.9,871.8,2.5,172,Ratnapark,27.7063,85.3152
2021-04-29T00:00,17.2,60,9.4,871.7,1.5,166,Ratnapark,27.7063,85.3152
2021-04-29T01:00,17.3,60,9.3,871.3,3.0,166,Ratnapark,27.7063,85.3152
2021-04-29T02:00,18.0,56,9.0,871.4,3.7,169,Ratnapark,27.7063,85.3152
2021-04-29T03:00,17.9,57,9.2,871.2,4.8,167,Ratnapark,27.7063,85.3152
2021-04-29T04:00,18.1,55,8.8,871.5,5.2,155,Ratnapark,27.7063,85.3152
2021-04-29T05:00,17.2,61,9.5,872.2,4.9,163,Ratnapark,27.7063,85.3152
2021-04-29T06:00,19.6,56,10.7,874.2,7.1,165,Ratnapark,27.7063,85.3152
2021-04-29T07:00,22.8,49,11.6,876.3,6.0,163,Ratnapark,27.7063,85.3152
2021-04-29T08:00,23.4,48,11.9,877.0,4.8,117,Ratnapark,27.7063,85.3152
2021-04-29T09:00,23.2,52,12.9,877.4,6.2,126,Ratnapark,27.7063,85.3152
2021-04-29T10:00,25.9,40,11.4,877.4,2.6,326,Ratnapark,27.7063,85.3152
2021-04-29T11:00,21.9,64,14.8,877.0,9.1,146,Ratnapark,27.7063,85.3152
2021-04-29T12:00,23.0,54,13.2,876.5,4.7,4,Ratnapark,27.7063,85.3152
2021-04-29T13:00,21.5,60,13.3,875.3,7.2,87,Ratnapark,27.7063,85.3152
2021-04-29T14:00,23.4,52,13.1,874.3,1.5,194,Ratnapark,27.7063,85.3152
2021-04-29T15:00,23.0,51,12.4,873.4,0.8,243,Ratnapark,27.7063,85.3152
2021-04-29T16:00,23.5,48,11.9,873.0,3.6,264,Ratnapark,27.7063,85.3152
2021-04-29T17:00,22.9,46,10.8,872.1,4.8,103,Ratnapark,27.7063,85.3152
2021-04-29T18:00,20.6,60,12.5,871.3,3.4,148,Ratnapark,27.7063,85.3152
2021-04-29T19:00,19.3,66,12.8,871.6,4.3,156,Ratnapark,27.7063,85.3152
2021-04-29T20:00,18.3,72,13.2,871.5,2.9,150,Ratnapark,27.7063,85.3152
2021-04-29T21:00,18.0,73,13.0,871.6,4.3,175,Ratnapark,27.7063,85.3152
2021-04-29T22:00,17.2,75,12.7,871.7,2.9,187,Ratnapark,27.7063,85.3152
2021-04-29T23:00,17.4,72,12.3,871.5,0.4,180,Ratnapark,27.7063,85.3152
2021-04-30T00:00,17.2,68,11.2,871.1,1.8,169,Ratnapark,27.7063,85.3152
2021-04-30T01:00,16.9,68,10.8,870.6,4.1,165,Ratnapark,27.7063,85.3152
2021-04-30T02:00,16.1,71,10.8,869.8,3.1,159,Ratnapark,27.7063,85.3152
2021-04-30T03:00,15.8,72,10.8,869.8,4.9,163,Ratnapark,27.7063,85.3152
2021-04-30T04:00,15.4,82,12.3,870.9,6.4,142,Ratnapark,27.7063,85.3152
2021-04-30T05:00,15.2,87,13.1,871.9,2.3,162,Ratnapark,27.7063,85.3152
2021-04-30T06:00,16.8,86,14.5,873.2,1.5,135,Ratnapark,27.7063,85.3152
2021-04-30T07:00,19.9,62,12.5,875.0,2.5,135,Ratnapark,27.7063,85.3152
2021-04-30T08:00,22.0,55,12.4,875.7,2.4,117,Ratnapark,27.7063,85.3152
2021-04-30T09:00,22.8,56,13.5,876.3,1.6,63,Ratnapark,27.7063,85.3152
2021-04-30T10:00,23.7,53,13.7,876.5,1.6,333,Ratnapark,27.7063,85.3152
2021-04-30T11:00,24.1,53,14.0,876.0,6.0,335,Ratnapark,27.7063,85.3152
2021-04-30T12:00,22.7,56,13.5,875.1,6.5,354,Ratnapark,27.7063,85.3152
2021-04-30T13:00,22.6,56,13.5,874.1,3.8,163,Ratnapark,27.7063,85.3152
2021-04-30T14:00,21.1,64,14.0,872.7,1.1,288,Ratnapark,27.7063,85.3152
2021-04-30T15:00,21.8,61,13.9,871.6,3.3,41,Ratnapark,27.7063,85.3152
2021-04-30T16:00,22.4,55,12.8,871.0,6.2,111,Ratnapark,27.7063,85.3152
2021-04-30T17:00,21.8,63,14.5,871.4,2.3,162,Ratnapark,27.7063,85.3152
2021-04-30T18:00,20.6,67,14.2,871.4,2.7,113,Ratnapark,27.7063,85.3152
2021-04-30T19:00,18.8,76,14.4,871.2,4.8,132,Ratnapark,27.7063,85.3152
2021-04-30T20:00,18.1,79,14.5,871.5,6.0,147,Ratnapark,27.7063,85.3152
2021-04-30T21:00,17.0,85,14.4,871.2,5.9,142,Ratnapark,27.7063,85.3152
2021-04-30T22:00,16.1,87,14.0,870.7,6.4,153,Ratnapark,27.7063,85.3152
2021-04-30T23:00,15.2,89,13.4,870.2,7.1,165,Ratnapark,27.7063,85.3152
2021-05-01T00:00,14.2,93,13.1,869.6,4.8,167,Ratnapark,27.7063,85.3152
2021-05-01T01:00,13.6,94,12.7,869.3,4.3,156,Ratnapark,27.7063,85.3152
2021-05-01T02:00,14.2,90,12.5,869.6,6.0,147,Ratnapark,27.7063,85.3152
2021-05-01T03:00,14.2,88,12.2,869.6,7.7,143,Ratnapark,27.7063,85.3152
2021-05-01T04:00,14.3,90,12.7,870.4,6.0,155,Ratnapark,27.7063,85.3152
2021-05-01T05:00,14.8,93,13.6,870.7,3.1,159,Ratnapark,27.7063,85.3152
2021-05-01T06:00,16.2,94,15.2,871.7,3.4,162,Ratnapark,27.7063,85.3152
2021-05-01T07:00,19.9,71,14.5,873.8,3.5,114,Ratnapark,27.7063,85.3152
2021-05-01T08:00,22.0,58,13.4,874.7,6.4,106,Ratnapark,27.7063,85.3152
2021-05-01T09:00,23.8,49,12.4,875.2,4.5,104,Ratnapark,27.7063,85.3152
2021-05-01T10:00,25.8,42,11.8,875.3,3.1,126,Ratnapark,27.7063,85.3152
2021-05-01T11:00,22.1,61,14.3,874.5,12.4,216,Ratnapark,27.7063,85.3152
2021-05-01T12:00,23.6,49,12.1,873.8,3.3,193,Ratnapark,27.7063,85.3152
2021-05-01T13:00,24.3,47,12.2,873.0,4.8,312,Ratnapark,27.7063,85.3152
2021-05-01T14:00,23.0,53,13.0,872.6,1.8,180,Ratnapark,27.7063,85.3152
2021-05-01T15:00,21.3,64,14.2,871.8,4.1,15,Ratnapark,27.7063,85.3152
2021-05-01T16:00,20.8,66,14.2,871.3,4.7,356,Ratnapark,27.7063,85.3152
2021-05-01T17:00,20.5,65,13.6,871.5,2.8,220,Ratnapark,27.7063,85.3152
2021-05-01T18:00,18.8,79,15.1,871.7,3.8,229,Ratnapark,27.7063,85.3152
2021-05-01T19:00,17.8,83,14.9,871.6,2.5,188,Ratnapark,27.7063,85.3152
2021-05-01T20:00,17.2,84,14.4,871.7,2.3,162,Ratnapark,27.7063,85.3152
2021-05-01T21:00,16.5,87,14.3,871.4,3.4,162,Ratnapark,27.7063,85.3152
2021-05-01T22:00,15.8,89,14.1,871.5,4.6,162,Ratnapark,27.7063,85.3152
2021-05-01T23:00,15.4,90,13.9,871.2,5.4,160,Ratnapark,27.7063,85.3152
2021-05-02T00:00,15.1,91,13.7,870.6,5.7,162,Ratnapark,27.7063,85.3152
2021-05-02T01:00,14.9,91,13.4,870.3,6.4,153,Ratnapark,27.7063,85.3152
2021-05-02T02:00,14.9,90,13.3,870.0,5.4,160,Ratnapark,27.7063,85.3152
2021-05-02T03:00,14.6,91,13.1,870.0,3.3,167,Ratnapark,27.7063,85.3152
2021-05-02T04:00,14.4,91,12.9,870.5,2.9,173,Ratnapark,27.7063,85.3152
2021-05-02T05:00,14.7,98,14.4,871.8,0.4,180,Ratnapark,27.7063,85.3152
2021-05-02T06:00,16.2,95,15.4,873.1,3.1,135,Ratnapark,27.7063,85.3152
2021-05-02T07:00,17.6,86,15.3,874.2,4.2,110,Ratnapark,27.7063,85.3152
2021-05-02T08:00,18.4,82,15.3,875.2,3.9,112,Ratnapark,27.7063,85.3152
2021-05-02T09:00,19.4,78,15.4,875.5,2.6,74,Ratnapark,27.7063,85.3152
2021-05-02T10:00,20.4,73,15.4,875.4,2.6,34,Ratnapark,27.7063,85.3152
2021-05-02T11:00,22.1,65,15.2,875.2,5.4,4,Ratnapark,27.7063,85.3152
2021-05-02T12:00,22.8,60,14.6,874.3,7.7,349,Ratnapark,27.7063,85.3152
2021-05-02T13:00,21.7,64,14.6,873.0,9.5,299,Ratnapark,27.7063,85.3152
2021-05-02T14:00,22.2,61,14.2,871.7,8.3,268,Ratnapark,27.7063,85.3152
2021-05-02T15:00,22.5,60,14.2,870.9,7.3,290,Ratnapark,27.7063,85.3152
2021-05-02T16:00,22.4,58,13.6,870.4,7.6,289,Ratnapark,27.7063,85.3152
2021-05-02T17:00,20.0,72,14.8,869.9,6.0,303,Ratnapark,27.7063,85.3152
2021-05-02T18:00,17.9,86,15.5,869.5,4.1,232,Ratnapark,27.7063,85.3152
2021-05-02T19:00,17.7,86,15.3,870.2,1.6,207,Ratnapark,27.7063,85.3152
2021-05-02T20:00,16.6,92,15.2,870.3,1.4,180,Ratnapark,27.7063,85.3152
2021-05-02T21:00,16.5,92,15.3,870.7,2.2,180,Ratnapark,27.7063,85.3152
2021-05-02T22:00,15.7,97,15.1,870.4,2.5,172,Ratnapark,27.7063,85.3152
2021-05-02T23:00,15.3,97,14.9,870.4,2.6,164,Ratnapark,27.7063,85.3152
2021-05-03T00:00,14.9,97,14.5,869.9,2.2,171,Ratnapark,27.7063,85.3152
2021-05-03T01:00,14.9,97,14.5,869.5,0.7,180,Ratnapark,27.7063,85.3152
2021-05-03T02:00,14.9,96,14.2,869.0,0.7,180,Ratnapark,27.7063,85.3152
2021-05-03T03:00,14.5,96,13.8,868.8,1.4,180,Ratnapark,27.7063,85.3152
2021-05-03T04:00,14.3,95,13.5,868.7,1.4,180,Ratnapark,27.7063,85.3152
2021-05-03T05:00,14.3,98,14.0,869.1,4.2,160,Ratnapark,27.7063,85.3152
2021-05-03T06:00,17.1,90,15.5,870.9,2.5,172,Ratnapark,27.7063,85.3152
2021-05-03T07:00,19.4,77,15.2,872.6,3.0,284,Ratnapark,27.7063,85.3152
2021-05-03T08:00,20.4,71,15.0,872.9,3.9,292,Ratnapark,27.7063,85.3152
2021-05-03T09:00,22.0,63,14.7,873.4,7.3,279,Ratnapark,27.7063,85.3152
2021-05-03T10:00,23.0,60,14.7,873.0,8.1,283,Ratnapark,27.7063,85.3152
2021-05-03T11:00,22.8,62,15.1,872.7,7.6,265,Ratnapark,27.7063,85.3152
2021-05-03T12:00,21.5,65,14.6,871.5,6.2,306,Ratnapark,27.7063,85.3152
2021-05-03T13:00,21.7,64,14.5,870.9,8.9,302,Ratnapark,27.7063,85.3152
2021-05-03T14:00,20.8,69,15.0,870.3,9.7,312,Ratnapark,27.7063,85.3152
2021-05-03T15:00,19.5,80,15.9,869.6,4.8,283,Ratnapark,27.7063,85.3152
2021-05-03T16:00,19.8,76,15.3,868.8,3.7,281,Ratnapark,27.7063,85.3152
2021-05-03T17:00,20.2,73,15.1,868.8,3.3,257,Ratnapark,27.7063,85.3152
2021-05-03T18:00,18.2,87,16.0,869.1,2.3,321,Ratnapark,27.7063,85.3152
2021-05-03T19:00,17.4,92,16.0,869.3,2.3,198,Ratnapark,27.7063,85.3152
2021-05-03T20:00,16.9,94,15.9,869.4,1.1,162,Ratnapark,27.7063,85.3152
2021-05-03T21:00,16.2,95,15.4,869.5,2.5,180,Ratnapark,27.7063,85.3152
2021-05-03T22:00,15.4,96,14.8,869.6,3.3,174,Ratnapark,27.7063,85.3152
2021-05-03T23:00,14.8,97,14.3,869.3,2.5,172,Ratnapark,27.7063,85.3152
2021-05-04T00:00,14.5,97,14.1,868.9,2.2,171,Ratnapark,27.7063,85.3152
2021-05-04T01:00,14.3,98,14.0,868.5,2.6,164,Ratnapark,27.7063,85.3152
2021-05-04T02:00,14.3,98,14.0,868.4,2.2,171,Ratnapark,27.7063,85.3152
2021-05-04T03:00,14.0,100,14.0,868.6,1.8,169,Ratnapark,27.7063,85.3152
2021-05-04T04:00,14.1,100,14.0,868.5,1.1,162,Ratnapark,27.7063,85.3152
2021-05-04T05:00,14.6,97,14.1,868.3,2.2,171,Ratnapark,27.7063,85.3152
2021-05-04T06:00,16.9,89,15.0,869.9,2.5,172,Ratnapark,27.7063,85.3152
2021-05-04T07:00,19.2,76,14.8,871.7,1.5,256,Ratnapark,27.7063,85.3152
2021-05-04T08:00,20.0,73,15.0,872.3,0.8,297,Ratnapark,27.7063,85.3152
2021-05-04T09:00,21.3,70,15.5,872.9,0.7,360,Ratnapark,27.7063,85.3152
2021-05-04T10:00,22.6,67,16.1,873.1,1.1,18,Ratnapark,27.7063,85.3152
2021-05-04T11:00,22.8,68,16.6,872.2,3.3,49,Ratnapark,27.7063,85.3152
2021-05-04T12:00,19.8,88,17.7,871.2,1.8,191,Ratnapark,27.7063,85.3152
2021-05-04T13:00,19.0,85,16.3,870.8,1.8,349,Ratnapark,27.7063,85.3152
2021-05-04T14:00,18.4,89,16.5,870.0,2.0,315,Ratnapark,27.7063,85.3152
2021-05-04T15:00,18.1,91,16.6,869.3,2.8,220,Ratnapark,27.7063,85.3152
2021-05-04T16:00,18.6,88,16.5,868.9,1.5,346,Ratnapark,27.7063,85.3152
2021-05-04T17:00,18.6,82,15.4,869.1,1.4,90,Ratnapark,27.7063,85.3152
2021-05-04T18:00,18.3,85,15.7,869.6,1.0,225,Ratnapark,27.7063,85.3152
2021-05-04T19:00,16.7,95,16.0,869.7,3.6,233,Ratnapark,27.7063,85.3152
2021-05-04T20:00,17.1,95,16.3,871.1,2.6,236,Ratnapark,27.7063,85.3152
2021-05-04T21:00,16.9,97,16.4,871.4,2.0,225,Ratnapark,27.7063,85.3152
2021-05-04T22:00,16.8,98,16.4,871.6,1.3,124,Ratnapark,27.7063,85.3152
2021-05-04T23:00,16.5,97,16.1,870.9,5.2,124,Ratnapark,27.7063,85.3152
2021-05-05T00:00,16.3,97,15.9,870.3,4.6,135,Ratnapark,27.7063,85.3152
2021-05-05T01:00,16.0,98,15.7,869.7,4.3,156,Ratnapark,27.7063,85.3152
2021-05-05T02:00,16.0,98,15.7,869.6,5.1,141,Ratnapark,27.7063,85.3152
2021-05-05T03:00,15.7,98,15.4,869.3,5.9,137,Ratnapark,27.7063,85.3152
2021-05-05T04:00,15.7,97,15.2,869.7,5.9,128,Ratnapark,27.7063,85.3152
2021-05-05T05:00,15.5,97,15.0,870.4,6.8,122,Ratnapark,27.7063,85.3152
2021-05-05T06:00,16.2,97,15.7,871.0,7.2,127,Ratnapark,27.7063,85.3152
2021-05-05T07:00,16.8,95,15.9,871.7,7.7,127,Ratnapark,27.7063,85.3152
2021-05-05T08:00,17.2,94,16.2,872.3,7.2,127,Ratnapark,27.7063,85.3152
2021-05-05T09:00,17.5,93,16.4,872.7,8.4,97,Ratnapark,27.7063,85.3152
2021-05-05T10:00,17.3,94,16.4,872.4,8.4,59,Ratnapark,27.7063,85.3152
2021-05-05T11:00,17.2,93,16.1,872.0,1.5,14,Ratnapark,27.7063,85.3152
2021-05-05T12:00,17.1,94,16.1,871.5,2.6,236,Ratnapark,27.7063,85.3152
2021-05-05T13:00,16.9,95,16.1,870.5,2.4,243,Ratnapark,27.7063,85.3152
2021-05-05T14:00,17.1,94,16.1,869.3,4.6,129,Ratnapark,27.7063,85.3152
2021-05-05T15:00,18.3,82,15.3,868.9,4.7,148,Ratnapark,27.7063,85.3152
2021-05-05T16:00,19.2,74,14.3,868.7,3.8,139,Ratnapark,27.7063,85.3152
2021-05-05T17:00,18.8,84,16.0,868.4,3.2,117,Ratnapark,27.7063,85.3152
2021-05-05T18:00,17.1,91,15.7,868.3,4.0,117,Ratnapark,27.7063,85.3152
2021-05-05T19:00,16.0,95,15.3,869.0,3.6,143,Ratnapark,27.7063,85.3152
2021-05-05T20:00,15.5,97,15.0,869.5,3.5,156,Ratnapark,27.7063,85.3152
2021-05-05T21:00,15.2,97,14.7,870.2,4.2,160,Ratnapark,27.7063,85.3152
2021-05-05T22:00,14.8,98,14.5,870.5,3.1,159,Ratnapark,27.7063,85.3152
2021-05-05T23:00,14.6,98,14.3,870.2,2.7,157,Ratnapark,27.7063,85.3152
2021-05-06T00:00,14.5,98,14.2,869.8,3.9,158,Ratnapark,27.7063,85.3152
2021-05-06T01:00,14.2,98,14.0,869.3,3.9,158,Ratnapark,27.7063,85.3152
2021-05-06T02:00,14.0,98,13.8,869.1,3.2,153,Ratnapark,27.7063,85.3152
2021-05-06T03:00,14.1,98,13.8,869.2,4.2,149,Ratnapark,27.7063,85.3152
2021-05-06T04:00,13.9,99,13.7,869.7,3.6,143,Ratnapark,27.7063,85.3152
2021-05-06T05:00,14.3,96,13.7,870.2,1.8,143,Ratnapark,27.7063,85.3152
2021-05-06T06:00,15.9,93,14.8,871.9,4.1,128,Ratnapark,27.7063,85.3152
2021-05-06T07:00,17.8,85,15.2,873.5,5.2,106,Ratnapark,27.7063,85.3152
2021-05-06T08:00,19.2,81,15.9,874.2,4.6,108,Ratnapark,27.7063,85.3152
2021-05-06T09:00,20.5,78,16.6,874.6,2.3,72,Ratnapark,27.7063,85.3152
2021-05-06T10:00,21.6,74,16.9,874.7,3.0,14,Ratnapark,27.7063,85.3152
2021-05-06T11:00,22.4,72,17.2,874.4,4.8,42,Ratnapark,27.7063,85.3152
2021-05-06T12:00,19.7,84,17.0,873.3,5.4,270,Ratnapark,27.7063,85.3152
2021-05-06T13:00,19.3,84,16.6,872.8,6.6,319,Ratnapark,27.7063,85.3152
2021-05-06T14:00,19.7,79,15.9,872.2,4.7,9,Ratnapark,27.7063,85.3152
2021-05-06T15:00,20.6,75,16.1,871.6,3.6,354,Ratnapark,27.7063,85.3152
2021-05-06T16:00,20.3,74,15.6,870.9,2.4,27,Ratnapark,27.7063,85.3152
2021-05-06T17:00,20.0,68,13.8,871.1,2.3,252,Ratnapark,27.7063,85.3152
2021-05-06T18:00,16.8,87,14.6,870.0,4.8,207,Ratnapark,27.7063,85.3152
2021-05-06T19:00,16.2,91,14.7,870.6,2.9,180,Ratnapark,27.7063,85.3152
2021-05-06T20:00,15.7,95,15.0,871.2,3.3,174,Ratnapark,27.7063,85.3152
2021-05-06T21:00,15.2,98,14.8,871.4,4.5,166,Ratnapark,27.7063,85.3152
2021-05-06T22:00,14.7,99,14.6,871.7,4.4,171,Ratnapark,27.7063,85.3152
2021-05-06T23:00,14.5,98,14.2,871.6,3.6,180,Ratnapark,27.7063,85.3152
2021-05-07T00:00,14.7,99,14.5,871.5,1.8,180,Ratnapark,27.7063,85.3152
2021-05-07T01:00,15.3,98,15.0,871.8,2.3,198,Ratnapark,27.7063,85.3152
2021-05-07T02:00,15.0,98,14.7,871.4,1.1,180,Ratnapark,27.7063,85.3152
2021-05-07T03:00,14.8,98,14.4,871.2,1.1,180,Ratnapark,27.7063,85.3152
2021-05-07T04:00,14.6,98,14.3,871.2,0.4,180,Ratnapark,27.7063,85.3152
2021-05-07T05:00,14.5,99,14.3,871.4,2.3,162,Ratnapark,27.7063,85.3152
2021-05-07T06:00,17.0,92,15.7,872.9,1.5,166,Ratnapark,27.7063,85.3152
2021-05-07T07:00,18.8,81,15.6,874.2,3.6,135,Ratnapark,27.7063,85.3152
2021-05-07T08:00,20.2,75,15.7,874.9,2.1,121,Ratnapark,27.7063,85.3152
2021-05-07T09:00,21.1,75,16.5,875.4,1.1,72,Ratnapark,27.7063,85.3152
2021-05-07T10:00,21.3,77,17.0,875.7,2.6,286,Ratnapark,27.7063,85.3152
2021-05-07T11:00,20.2,79,16.5,875.7,4.5,284,Ratnapark,27.7063,85.3152
2021-05-07T12:00,18.8,85,16.3,874.7,4.1,345,Ratnapark,27.7063,85.3152
2021-05-07T13:00,19.2,87,17.0,874.3,5.1,356,Ratnapark,27.7063,85.3152
2021-05-07T14:00,19.1,84,16.4,873.2,2.9,300,Ratnapark,27.7063,85.3152
2021-05-07T15:00,18.8,85,16.3,871.6,0.8,207,Ratnapark,27.7063,85.3152
2021-05-07T16:00,20.0,75,15.5,870.8,1.1,198,Ratnapark,27.7063,85.3152
2021-05-07T17:00,20.6,66,14.0,870.7,1.8,323,Ratnapark,27.7063,85.3152
2021-05-07T18:00,19.8,69,13.8,870.5,1.1,162,Ratnapark,27.7063,85.3152
2021-05-07T19:00,17.3,84,14.5,870.3,3.3,167,Ratnapark,27.7063,85.3152
2021-05-07T20:00,16.5,90,14.9,870.8,4.2,160,Ratnapark,27.7063,85.3152
2021-05-07T21:00,16.2,95,15.4,871.6,3.8,163,Ratnapark,27.7063,85.3152
2021-05-07T22:00,16.3,97,15.8,872.4,2.9,173,Ratnapark,27.7063,85.3152
2021-05-07T23:00,15.7,99,15.5,872.4,1.6,153,Ratnapark,27.7063,85.3152
2021-05-08T00:00,15.5,99,15.4,872.0,0.8,153,Ratnapark,27.7063,85.3152
2021-05-08T01:00,15.0,100,15.0,871.2,1.8,180,Ratnapark,27.7063,85.3152
2021-05-08T02:00,14.9,100,14.8,870.6,1.8,169,Ratnapark,27.7063,85.3152
2021-05-08T03:00,15.2,99,15.1,870.6,3.6,225,Ratnapark,27.7063,85.3152
2021-05-08T04:00,14.3,100,14.3,870.4,2.7,203,Ratnapark,27.7063,85.3152
2021-05-08T05:00,15.3,95,14.5,871.8,2.7,337,Ratnapark,27.7063,85.3152
2021-05-08T06:00,16.0,95,15.3,872.8,3.6,307,Ratnapark,27.7063,85.3152
2021-05-08T07:00,17.9,87,15.6,873.7,4.0,297,Ratnapark,27.7063,85.3152
2021-05-08T08:00,19.9,77,15.7,874.5,2.6,326,Ratnapark,27.7063,85.3152
2021-05-08T09:00,21.8,65,14.9,874.9,4.9,306,Ratnapark,27.7063,85.3152
2021-05-08T10:00,23.4,58,14.7,875.2,7.1,311,Ratnapark,27.7063,85.3152
2021-05-08T11:00,23.6,60,15.3,874.7,8.1,283,Ratnapark,27.7063,85.3152
2021-05-08T12:00,23.0,63,15.6,873.8,2.9,277,Ratnapark,27.7063,85.3152
2021-05-08T13:00,21.1,70,15.3,872.8,7.2,264,Ratnapark,27.7063,85.3152
2021-05-08T14:00,22.3,56,13.1,872.2,11.2,274,Ratnapark,27.7063,85.3152
2021-05-08T15:00,21.4,66,14.9,871.3,8.1,291,Ratnapark,27.7063,85.3152
2021-05-08T16:00,20.8,68,14.7,870.7,8.9,313,Ratnapark,27.7063,85.3152
2021-05-08T17:00,19.7,75,15.0,870.2,7.4,317,Ratnapark,27.7063,85.3152
2021-05-08T18:00,17.2,89,15.4,869.5,5.3,298,Ratnapark,27.7063,85.3152
2021-05-08T19:00,16.2,94,15.2,869.9,2.2,180,Ratnapark,27.7063,85.3152
2021-05-08T20:00,15.7,95,14.9,870.2,1.5,166,Ratnapark,27.7063,85.3152
2021-05-08T21:00,15.3,96,14.7,870.3,2.9,173,Ratnapark,27.7063,85.3152
2021-05-08T22:00,14.6,97,14.2,870.1,3.0,166,Ratnapark,27.7063,85.3152
2021-05-08T23:00,14.0,98,13.6,869.7,3.7,169,Ratnapark,27.7063,85.3152
2021-05-09T00:00,13.5,98,13.2,868.9,3.4,162,Ratnapark,27.7063,85.3152
2021-05-09T01:00,13.5,98,13.1,868.6,2.5,172,Ratnapark,27.7063,85.3152
2021-05-09T02:00,13.8,97,13.4,869.0,2.3,162,Ratnapark,27.7063,85.3152
2021-05-09T03:00,14.9,95,14.2,869.4,1.1,198,Ratnapark,27.7063,85.3152
2021-05-09T04:00,14.8,94,13.9,869.2,1.9,202,Ratnapark,27.7063,85.3152
2021-05-09T05:00,14.8,96,14.2,869.8,1.8,191,Ratnapark,27.7063,85.3152
2021-05-09T06:00,16.5,91,15.0,870.6,1.8,169,Ratnapark,27.7063,85.3152
2021-05-09T07:00,18.6,80,15.0,872.1,1.5,346,Ratnapark,27.7063,85.3152
2021-05-09T08:00,20.3,71,14.9,873.0,4.9,324,Ratnapark,27.7063,85.3152
2021-05-09T09:00,21.4,64,14.3,873.5,7.2,307,Ratnapark,27.7063,85.3152
2021-05-09T10:00,22.4,60,14.1,873.5,8.1,315,Ratnapark,27.7063,85.3152
2021-05-09T11:00,21.9,62,14.3,872.9,12.0,279,Ratnapark,27.7063,85.3152
2021-05-09T12:00,21.9,62,14.3,871.9,8.1,291,Ratnapark,27.7063,85.3152
2021-05-09T13:00,21.8,63,14.3,871.1,10.0,300,Ratnapark,27.7063,85.3152
2021-05-09T14:00,21.4,64,14.3,869.7,8.6,292,Ratnapark,27.7063,85.3152
2021-05-09T15:00,21.2,63,13.9,868.9,8.0,288,Ratnapark,27.7063,85.3152
2021-05-09T16:00,21.1,66,14.5,868.4,5.2,295,Ratnapark,27.7063,85.3152
2021-05-09T17:00,19.3,77,15.2,868.1,5.8,300,Ratnapark,27.7063,85.3152
2021-05-09T18:00,17.9,86,15.5,868.2,4.3,265,Ratnapark,27.7063,85.3152
2021-05-09T19:00,16.7,91,15.2,868.6,3.5,204,Ratnapark,27.7063,85.3152
2021-05-09T20:00,15.8,94,14.9,869.1,3.3,174,Ratnapark,27.7063,85.3152
2021-05-09T21:00,15.6,96,15.0,869.2,2.2,171,Ratnapark,27.7063,85.3152
2021-05-09T22:00,15.2,98,14.9,869.1,1.1,162,Ratnapark,27.7063,85.3152
2021-05-09T23:00,14.8,98,14.5,868.7,1.1,162,Ratnapark,27.7063,85.3152
2021-05-10T00:00,14.4,98,14.1,867.8,1.4,180,Ratnapark,27.7063,85.3152
2021-05-10T01:00,14.3,98,14.0,867.3,1.5,166,Ratnapark,27.7063,85.3152
2021-05-10T02:00,13.8,98,13.5,866.7,1.1,180,Ratnapark,27.7063,85.3152
2021-05-10T03:00,13.6,97,13.2,866.5,1.8,180,Ratnapark,27.7063,85.3152
2021-05-10T04:00,13.8,98,13.5,866.6,1.8,169,Ratnapark,27.7063,85.3152
2021-05-10T05:00,13.8,99,13.7,867.7,2.3,162,Ratnapark,27.7063,85.3152
2021-05-10T06:00,16.3,92,15.0,869.6,3.2,153,Ratnapark,27.7063,85.3152
2021-05-10T07:00,18.0,84,15.2,871.0,2.7,157,Ratnapark,27.7063,85.3152
2021-05-10T08:00,19.7,77,15.5,871.5,0.8,27,Ratnapark,27.7063,85.3152
2021-05-10T09:00,21.2,72,16.0,872.0,2.9,353,Ratnapark,27.7063,85.3152
2021-05-10T10:00,22.4,67,16.0,872.0,6.1,357,Ratnapark,27.7063,85.3152
2021-05-10T11:00,22.2,70,16.5,871.4,4.8,283,Ratnapark,27.7063,85.3152
2021-05-10T12:00,20.8,74,16.0,870.5,4.4,351,Ratnapark,27.7063,85.3152
2021-05-10T13:00,21.0,71,15.4,869.6,7.6,315,Ratnapark,27.7063,85.3152
2021-05-10T14:00,22.3,66,15.7,868.6,4.0,297,Ratnapark,27.7063,85.3152
2021-05-10T15:00,20.9,72,15.7,868.0,5.5,293,Ratnapark,27.7063,85.3152
2021-05-10T16:00,20.9,71,15.6,867.3,2.9,263,Ratnapark,27.7063,85.3152
2021-05-10T17:00,20.1,76,15.7,867.8,2.3,231,Ratnapark,27.7063,85.3152
2021-05-10T18:00,19.3,81,16.0,867.9,2.3,219,Ratnapark,27.7063,85.3152
2021-05-10T19:00,17.5,93,16.3,867.8,2.6,164,Ratnapark,27.7063,85.3152
2021-05-10T20:00,17.0,95,16.3,868.5,2.7,157,Ratnapark,27.7063,85.3152
2021-05-10T21:00,16.3,97,15.9,869.0,2.5,180,Ratnapark,27.7063,85.3152
2021-05-10T22:00,16.4,97,16.0,869.7,2.3,141,Ratnapark,27.7063,85.3152
2021-05-10T23:00,16.0,99,15.8,869.4,2.5,135,Ratnapark,27.7063,85.3152
2021-05-11T00:00,15.8,99,15.6,868.4,3.5,156,Ratnapark,27.7063,85.3152
2021-05-11T01:00,15.2,99,15.0,867.7,3.1,144,Ratnapark,27.7063,85.3152
2021-05-11T02:00,14.8,99,14.6,867.2,2.7,157,Ratnapark,27.7063,85.3152
2021-05-11T03:00,14.4,99,14.2,867.0,4.9,163,Ratnapark,27.7063,85.3152
2021-05-11T04:00,14.2,98,13.9,867.0,3.4,162,Ratnapark,27.7063,85.3152
2021-05-11T05:00,14.5,99,14.3,866.8,4.4,145,Ratnapark,27.7063,85.3152
2021-05-11T06:00,16.7,93,15.6,868.3,4.9,144,Ratnapark,27.7063,85.3152
2021-05-11T07:00,18.8,82,15.8,869.9,1.4,90,Ratnapark,27.7063,85.3152
2021-05-11T08:00,20.3,73,15.2,870.4,2.7,337,Ratnapark,27.7063,85.3152
2021-05-11T09:00,21.7,67,15.2,870.8,5.2,286,Ratnapark,27.7063,85.3152
2021-05-11T10:00,23.0,65,16.0,870.9,7.3,303,Ratnapark,27.7063,85.3152
2021-05-11T11:00,20.9,72,15.7,870.2,6.1,273,Ratnapark,27.7063,85.3152
2021-05-11T12:00,20.9,72,15.6,869.3,5.8,266,Ratnapark,27.7063,85.3152
2021-05-11T13:00,20.7,74,15.8,868.5,6.1,298,Ratnapark,27.7063,85.3152
2021-05-11T14:00,20.4,75,15.7,867.9,3.0,346,Ratnapark,27.7063,85.3152
2021-05-11T15:00,20.2,75,15.6,866.9,7.7,311,Ratnapark,27.7063,85.3152
2021-05-11T16:00,18.7,87,16.5,866.4,5.6,285,Ratnapark,27.7063,85.3152
2021-05-11T17:00,18.4,86,16.0,866.4,5.6,315,Ratnapark,27.7063,85.3152
2021-05-11T18:00,16.4,96,15.8,865.9,3.2,180,Ratnapark,27.7063,85.3152
2021-05-11T19:00,15.9,98,15.6,866.4,2.7,157,Ratnapark,27.7063,85.3152
2021-05-11T20:00,15.5,98,15.3,866.9,4.6,162,Ratnapark,27.7063,85.3152
2021-05-11T21:00,15.2,98,14.9,867.1,4.7,157,Ratnapark,27.7063,85.3152
2021-05-11T22:00,15.0,97,14.6,867.3,3.8,163,Ratnapark,27.7063,85.3152
2021-05-11T23:00,14.8,98,14.5,867.2,3.2,153,Ratnapark,27.7063,85.3152
2021-05-12T00:00,15.0,97,14.6,867.0,4.3,156,Ratnapark,27.7063,85.3152
2021-05-12T01:00,15.7,95,14.9,866.8,4.3,132,Ratnapark,27.7063,85.3152
2021-05-12T02:00,15.1,97,14.6,866.4,3.8,139,Ratnapark,27.7063,85.3152
2021-05-12T03:00,14.7,99,14.6,865.7,2.3,162,Ratnapark,27.7063,85.3152
2021-05-12T04:00,14.8,99,14.6,865.9,1.3,146,Ratnapark,27.7063,85.3152
2021-05-12T05:00,15.0,99,14.8,866.2,5.4,138,Ratnapark,27.7063,85.3152
2021-05-12T06:00,16.2,96,15.5,867.0,4.1,135,Ratnapark,27.7063,85.3152
2021-05-12T07:00,17.8,87,15.6,868.0,3.4,122,Ratnapark,27.7063,85.3152
2021-05-12T08:00,19.2,80,15.6,868.5,5.2,115,Ratnapark,27.7063,85.3152
2021-05-12T09:00,19.7,77,15.6,869.2,4.2,121,Ratnapark,27.7063,85.3152
2021-05-12T10:00,19.5,79,15.8,869.1,2.3,129,Ratnapark,27.7063,85.3152
2021-05-12T11:00,18.8,83,15.8,869.0,1.4,90,Ratnapark,27.7063,85.3152
2021-05-12T12:00,19.3,80,15.8,868.6,2.7,67,Ratnapark,27.7063,85.3152
2021-05-12T13:00,18.5,84,15.7,867.8,5.1,309,Ratnapark,27.7063,85.3152
2021-05-12T14:00,19.2,83,16.3,867.0,4.1,345,Ratnapark,27.7063,85.3152
2021-05-12T15:00,20.8,71,15.2,866.3,4.6,18,Ratnapark,27.7063,85.3152
2021-05-12T16:00,21.3,65,14.5,865.5,0.5,135,Ratnapark,27.7063,85.3152
2021-05-12T17:00,19.6,71,14.2,865.3,4.1,75,Ratnapark,27.7063,85.3152
2021-05-12T18:00,17.2,84,14.5,865.0,5.2,106,Ratnapark,27.7063,85.3152
2021-05-12T19:00,16.6,89,14.7,865.2,4.1,128,Ratnapark,27.7063,85.3152
2021-05-12T20:00,15.9,94,14.9,865.6,3.3,139,Ratnapark,27.7063,85.3152
2021-05-12T21:00,15.5,96,14.8,866.1,3.4,148,Ratnapark,27.7063,85.3152
2021-05-12T22:00,15.0,97,14.6,866.2,3.1,159,Ratnapark,27.7063,85.3152
2021-05-12T23:00,14.6,99,14.5,865.9,2.7,157,Ratnapark,27.7063,85.3152
2021-05-13T00:00,14.7,99,14.6,865.8,4.1,142,Ratnapark,27.7063,85.3152
2021-05-13T01:00,14.9,99,14.8,865.6,5.1,141,Ratnapark,27.7063,85.3152
2021-05-13T02:00,14.9,99,14.8,865.6,4.8,138,Ratnapark,27.7063,85.3152
2021-05-13T03:00,14.6,99,14.5,865.5,2.6,146,Ratnapark,27.7063,85.3152
2021-05-13T04:00,14.7,98,14.4,865.5,3.8,131,Ratnapark,27.7063,85.3152
2021-05-13T05:00,15.1,97,14.6,867.0,5.2,146,Ratnapark,27.7063,85.3152
2021-05-13T06:00,16.0,92,14.7,867.7,5.4,127,Ratnapark,27.7063,85.3152
2021-05-13T07:00,16.6,90,15.0,868.6,4.4,125,Ratnapark,27.7063,85.3152
2021-05-13T08:00,17.8,85,15.3,869.2,4.1,105,Ratnapark,27.7063,85.3152
2021-05-13T09:00,18.3,85,15.8,869.3,4.4,99,Ratnapark,27.7063,85.3152
2021-05-13T10:00,19.7,83,16.8,869.5,2.4,63,Ratnapark,27.7063,85.3152
2021-05-13T11:00,20.7,78,16.8,869.2,4.4,55,Ratnapark,27.7063,85.3152
2021-05-13T12:00,21.8,74,17.0,868.8,2.6,16,Ratnapark,27.7063,85.3152
2021-05-13T13:00,20.3,76,16.0,867.8,7.9,309,Ratnapark,27.7063,85.3152
2021-05-13T14:00,19.0,84,16.3,867.3,4.1,322,Ratnapark,27.7063,85.3152
2021-05-13T15:00,19.4,81,16.0,866.6,7.4,309,Ratnapark,27.7063,85.3152
2021-05-13T16:00,19.1,83,16.2,865.9,3.5,336,Ratnapark,27.7063,85.3152
2021-05-13T17:00,18.7,82,15.5,865.6,0.8,333,Ratnapark,27.7063,85.3152
2021-05-13T18:00,18.0,85,15.4,865.7,0.5,225,Ratnapark,27.7063,85.3152
2021-05-13T19:00,16.5,92,15.3,865.8,3.3,221,Ratnapark,27.7063,85.3152
2021-05-13T20:00,15.2,97,14.7,866.0,2.2,189,Ratnapark,27.7063,85.3152
2021-05-13T21:00,14.6,99,14.4,866.1,2.2,180,Ratnapark,27.7063,85.3152
2021-05-13T22:00,14.6,99,14.5,866.3,1.8,169,Ratnapark,27.7063,85.3152
2021-05-13T23:00,14.1,100,14.0,865.9,1.4,180,Ratnapark,27.7063,85.3152
2021-05-14T00:00,13.7,100,13.7,865.5,0.7,180,Ratnapark,27.7063,85.3152
2021-05-14T01:00,13.7,100,13.6,864.9,1.4,180,Ratnapark,27.7063,85.3152
2021-05-14T02:00,13.3,100,13.3,864.6,1.8,180,Ratnapark,27.7063,85.3152
2021-05-14T03:00,13.7,99,13.6,864.8,3.1,201,Ratnapark,27.7063,85.3152
2021-05-14T04:00,14.0,99,13.8,865.0,2.2,189,Ratnapark,27.7063,85.3152
2021-05-14T05:00,14.2,98,13.9,865.6,1.1,162,Ratnapark,27.7063,85.3152
2021-05-14T06:00,15.9,93,14.7,867.1,0.7,180,Ratnapark,27.7063,85.3152
2021-05-14T07:00,17.1,85,14.6,868.0,2.0,315,Ratnapark,27.7063,85.3152
2021-05-14T08:00,18.6,78,14.6,868.6,2.8,320,Ratnapark,27.7063,85.3152
2021-05-14T09:00,20.2,70,14.4,869.3,4.4,305,Ratnapark,27.7063,85.3152
2021-05-14T10:00,21.5,65,14.7,869.0,6.6,311,Ratnapark,27.7063,85.3152
2021-05-14T11:00,22.2,61,14.3,868.3,9.4,310,Ratnapark,27.7063,85.3152
2021-05-14T12:00,22.3,59,14.0,867.7,12.1,300,Ratnapark,27.7063,85.3152
2021-05-14T13:00,21.2,65,14.4,867.0,12.1,297,Ratnapark,27.7063,85.3152
2021-05-14T14:00,21.6,60,13.4,866.4,11.3,307,Ratnapark,27.7063,85.3152
2021-05-14T15:00,21.0,67,14.6,865.9,12.5,311,Ratnapark,27.7063,85.3152
2021-05-14T16:00,20.0,73,15.0,865.6,8.9,302,Ratnapark,27.7063,85.3152
2021-05-14T17:00,19.3,75,14.8,865.4,8.4,310,Ratnapark,27.7063,85.3152
2021-05-14T18:00,16.9,90,15.3,864.6,5.0,240,Ratnapark,27.7063,85.3152
2021-05-14T19:00,16.0,93,14.9,864.6,3.3,193,Ratnapark,27.7063,85.3152
2021-05-14T20:00,15.5,95,14.7,864.9,2.2,180,Ratnapark,27.7063,85.3152
2021-05-14T21:00,15.1,96,14.4,865.6,2.5,180,Ratnapark,27.7063,85.3152
2021-05-14T22:00,14.6,96,14.0,865.9,1.8,180,Ratnapark,27.7063,85.3152
2021-05-14T23:00,14.8,94,13.8,866.1,1.4,180,Ratnapark,27.7063,85.3152
2021-05-15T00:00,14.7,93,13.6,865.9,1.4,180,Ratnapark,27.7063,85.3152
2021-05-15T01:00,14.6,93,13.4,865.7,1.5,194,Ratnapark,27.7063,85.3152
2021-05-15T02:00,14.7,91,13.3,865.6,1.4,180,Ratnapark,27.7063,85.3152
2021-05-15T03:00,14.4,92,13.1,865.3,1.4,180,Ratnapark,27.7063,85.3152
2021-05-15T04:00,14.2,92,13.0,865.7,1.4,180,Ratnapark,27.7063,85.3152
2021-05-15T05:00,14.8,88,12.9,866.3,2.2,171,Ratnapark,27.7063,85.3152
2021-05-15T06:00,17.8,82,14.7,868.7,3.0,166,Ratnapark,27.7063,85.3152
2021-05-15T07:00,20.5,68,14.3,870.3,1.9,68,Ratnapark,27.7063,85.3152
2021-05-15T08:00,21.8,65,14.9,870.8,2.6,56,Ratnapark,27.7063,85.3152
2021-05-15T09:00,23.5,57,14.6,871.3,1.3,326,Ratnapark,27.7063,85.3152
2021-05-15T10:00,25.0,48,13.3,871.5,6.9,279,Ratnapark,27.7063,85.3152
2021-05-15T11:00,25.8,45,12.8,871.5,10.5,276,Ratnapark,27.7063,85.3152
2021-05-15T12:00,25.6,45,12.9,870.9,11.7,281,Ratnapark,27.7063,85.3152
2021-05-15T13:00,25.5,46,13.1,870.2,11.0,289,Ratnapark,27.7063,85.3152
2021-05-15T14:00,24.9,50,13.6,869.4,10.2,288,Ratnapark,27.7063,85.3152
2021-05-15T15:00,24.3,53,14.3,868.8,9.0,293,Ratnapark,27.7063,85.3152
2021-05-15T16:00,23.6,59,15.2,868.5,7.7,311,Ratnapark,27.7063,85.3152
2021-05-15T17:00,22.7,63,15.2,868.4,7.6,315,Ratnapark,27.7063,85.3152
2021-05-15T18:00,19.1,81,15.8,867.6,6.9,264,Ratnapark,27.7063,85.3152
2021-05-15T19:00,18.1,84,15.4,867.7,5.4,217,Ratnapark,27.7063,85.3152
2021-05-15T20:00,17.6,86,15.1,868.1,3.7,191,Ratnapark,27.7063,85.3152
2021-05-15T21:00,17.1,87,14.9,868.5,2.2,171,Ratnapark,27.7063,85.3152
2021-05-15T22:00,16.2,90,14.5,868.5,1.1,180,Ratnapark,27.7063,85.3152
2021-05-15T23:00,15.9,88,13.9,868.5,1.1,180,Ratnapark,27.7063,85.3152
2021-05-16T00:00,15.8,86,13.4,867.9,1.4,180,Ratnapark,27.7063,85.3152
2021-05-16T01:00,15.5,85,13.1,867.5,1.4,180,Ratnapark,27.7063,85.3152
2021-05-16T02:00,15.2,85,12.8,867.2,1.4,180,Ratnapark,27.7063,85.3152
2021-05-16T03:00,15.2,84,12.5,867.5,1.8,180,Ratnapark,27.7063,85.3152
2021-05-16T04:00,15.1,83,12.3,867.9,1.8,169,Ratnapark,27.7063,85.3152
2021-05-16T05:00,15.9,79,12.3,868.8,4.0,153,Ratnapark,27.7063,85.3152
2021-05-16T06:00,18.8,74,14.0,870.8,5.2,155,Ratnapark,27.7063,85.3152
2021-05-16T07:00,22.4,58,13.6,872.9,2.6,106,Ratnapark,27.7063,85.3152
2021-05-16T08:00,23.8,54,14.1,873.2,2.9,330,Ratnapark,27.7063,85.3152
2021-05-16T09:00,25.3,48,13.6,873.4,6.3,301,Ratnapark,27.7063,85.3152
2021-05-16T10:00,26.3,43,12.6,873.5,10.2,288,Ratnapark,27.7063,85.3152
2021-05-16T11:00,26.8,41,12.5,873.2,12.0,291,Ratnapark,27.7063,85.3152
2021-05-16T12:00,26.9,42,12.7,872.8,12.7,295,Ratnapark,27.7063,85.3152
2021-05-16T13:00,26.7,42,12.8,872.0,11.4,298,Ratnapark,27.7063,85.3152
2021-05-16T14:00,26.5,43,12.9,871.2,10.0,296,Ratnapark,27.7063,85.3152
2021-05-16T15:00,26.1,46,13.7,870.6,9.5,295,Ratnapark,27.7063,85.3152
2021-05-16T16:00,25.2,52,14.6,870.4,8.9,297,Ratnapark,27.7063,85.3152
2021-05-16T17:00,24.6,54,14.6,870.1,7.4,299,Ratnapark,27.7063,85.3152
2021-05-16T18:00,21.6,69,15.6,869.3,6.9,276,Ratnapark,27.7063,85.3152
2021-05-16T19:00,21.7,64,14.6,870.0,5.2,236,Ratnapark,27.7063,85.3152
2021-05-16T20:00,20.8,67,14.5,870.6,4.3,204,Ratnapark,27.7063,85.3152
2021-05-16T21:00,19.1,76,14.7,870.5,4.5,194,Ratnapark,27.7063,85.3152
2021-05-16T22:00,18.9,75,14.4,870.7,2.9,187,Ratnapark,27.7063,85.3152
2021-05-16T23:00,18.4,77,14.2,870.4,1.8,191,Ratnapark,27.7063,85.3152
2021-05-17T00:00,17.4,81,14.2,869.5,2.2,189,Ratnapark,27.7063,85.3152
2021-05-17T01:00,17.0,82,14.0,869.0,2.9,187,Ratnapark,27.7063,85.3152
2021-05-17T02:00,16.7,82,13.7,868.7,2.2,189,Ratnapark,27.7063,85.3152
2021-05-17T03:00,16.6,81,13.4,868.6,2.2,180,Ratnapark,27.7063,85.3152
2021-05-17T04:00,16.4,81,13.1,868.5,2.2,189,Ratnapark,27.7063,85.3152
2021-05-17T05:00,17.5,83,14.5,869.6,2.2,180,Ratnapark,27.7063,85.3152
2021-05-17T06:00,20.8,73,15.7,871.5,0.4,180,Ratnapark,27.7063,85.3152
2021-05-17T07:00,23.0,63,15.6,872.7,2.6,326,Ratnapark,27.7063,85.3152
2021-05-17T08:00,24.3,58,15.4,873.3,6.1,310,Ratnapark,27.7063,85.3152
2021-05-17T09:00,25.7,52,15.0,873.6,9.2,309,Ratnapark,27.7063,85.3152
2021-05-17T10:00,26.7,47,14.6,873.7,11.2,303,Ratnapark,27.7063,85.3152
2021-05-17T11:00,27.3,45,14.2,873.4,11.7,304,Ratnapark,27.7063,85.3152
2021-05-17T12:00,27.7,44,14.4,872.8,12.5,311,Ratnapark,27.7063,85.3152
2021-05-17T13:00,27.7,46,14.9,872.3,13.0,316,Ratnapark,27.7063,85.3152
2021-05-17T14:00,26.7,49,15.1,871.2,12.7,317,Ratnapark,27.7063,85.3152
2021-05-17T15:00,25.4,54,15.6,870.6,11.9,325,Ratnapark,27.7063,85.3152
2021-05-17T16:00,25.3,56,16.0,870.2,11.0,322,Ratnapark,27.7063,85.3152
2021-05-17T17:00,24.2,62,16.4,870.2,5.9,313,Ratnapark,27.7063,85.3152
2021-05-17T18:00,22.3,77,18.1,869.5,4.5,331,Ratnapark,27.7063,85.3152
2021-05-17T19:00,22.2,73,17.0,870.0,3.4,238,Ratnapark,27.7063,85.3152
2021-05-17T20:00,20.1,83,17.1,869.6,2.9,187,Ratnapark,27.7063,85.3152
2021-05-17T21:00,20.0,82,16.9,869.7,2.9,173,Ratnapark,27.7063,85.3152
2021-05-17T22:00,19.9,83,16.9,869.8,5.9,166,Ratnapark,27.7063,85.3152
2021-05-17T23:00,20.1,82,16.9,870.1,5.1,176,Ratnapark,27.7063,85.3152
2021-05-18T00:00,19.7,87,17.5,870.0,2.7,157,Ratnapark,27.7063,85.3152
2021-05-18T01:00,19.4,92,18.0,869.4,4.8,153,Ratnapark,27.7063,85.3152
2021-05-18T02:00,19.2,94,18.2,869.3,4.1,165,Ratnapark,27.7063,85.3152
2021-05-18T03:00,19.0,96,18.4,869.0,1.9,202,Ratnapark,27.7063,85.3152
2021-05-18T04:00,19.3,91,17.8,869.2,3.6,233,Ratnapark,27.7063,85.3152
2021-05-18T05:00,19.0,95,18.2,869.9,2.3,198,Ratnapark,27.7063,85.3152
2021-05-18T06:00,19.2,91,17.7,870.7,2.2,189,Ratnapark,27.7063,85.3152
2021-05-18T07:00,19.3,84,16.5,871.2,1.1,162,Ratnapark,27.7063,85.3152
2021-05-18T08:00,19.5,84,16.8,871.3,2.7,157,Ratnapark,27.7063,85.3152
2021-05-18T09:00,20.3,79,16.5,871.8,2.6,146,Ratnapark,27.7063,85.3152
2021-05-18T10:00,21.4,73,16.3,871.9,1.1,90,Ratnapark,27.7063,85.3152
2021-05-18T11:00,23.1,65,16.1,871.9,1.9,338,Ratnapark,27.7063,85.3152
2021-05-18T12:00,25.0,57,16.0,871.7,4.1,315,Ratnapark,27.7063,85.3152
2021-05-18T13:00,25.9,56,16.6,871.3,7.1,315,Ratnapark,27.7063,85.3152
2021-05-18T14:00,25.4,60,17.2,870.5,11.5,309,Ratnapark,27.7063,85.3152
2021-05-18T15:00,24.4,68,18.0,869.4,12.9,306,Ratnapark,27.7063,85.3152
2021-05-18T16:00,23.3,71,17.8,868.8,11.2,312,Ratnapark,27.7063,85.3152
2021-05-18T17:00,21.7,71,16.2,868.6,9.2,315,Ratnapark,27.7063,85.3152
2021-05-18T18:00,20.8,77,16.6,868.5,3.6,307,Ratnapark,27.7063,85.3152
2021-05-18T19:00,20.3,80,16.6,868.8,3.3,229,Ratnapark,27.7063,85.3152
2021-05-18T20:00,19.0,87,16.8,868.9,2.2,189,Ratnapark,27.7063,85.3152
2021-05-18T21:00,18.6,89,16.7,868.9,3.2,180,Ratnapark,27.7063,85.3152
2021-05-18T22:00,18.4,90,16.6,868.6,3.2,180,Ratnapark,27.7063,85.3152
2021-05-18T23:00,17.2,94,16.2,867.9,1.8,180,Ratnapark,27.7063,85.3152
2021-05-19T00:00,16.9,91,15.4,867.5,1.4,180,Ratnapark,27.7063,85.3152
2021-05-19T01:00,16.6,89,14.8,867.2,1.1,180,Ratnapark,27.7063,85.3152
2021-05-19T02:00,16.5,88,14.6,866.8,0.7,180,Ratnapark,27.7063,85.3152
2021-05-19T03:00,16.2,90,14.5,866.4,1.1,180,Ratnapark,27.7063,85.3152
2021-05-19T04:00,16.4,88,14.4,866.5,1.4,180,Ratnapark,27.7063,85.3152
2021-05-19T05:00,18.2,87,16.0,868.0,1.8,191,Ratnapark,27.7063,85.3152
2021-05-19T06:00,19.4,78,15.5,869.1,2.0,225,Ratnapark,27.7063,85.3152
2021-05-19T07:00,19.7,74,14.8,870.1,2.9,270,Ratnapark,27.7063,85.3152
2021-05-19T08:00,20.0,73,14.9,870.6,3.1,306,Ratnapark,27.7063,85.3152
2021-05-19T09:00,20.8,69,14.9,871.0,4.7,302,Ratnapark,27.7063,85.3152
2021-05-19T10:00,21.1,68,14.9,871.1,5.3,298,Ratnapark,27.7063,85.3152
2021-05-19T11:00,21.5,67,15.0,871.1,8.4,313,Ratnapark,27.7063,85.3152
2021-05-19T12:00,21.2,68,15.0,870.6,7.3,303,Ratnapark,27.7063,85.3152
2021-05-19T13:00,21.0,68,14.8,870.0,4.8,283,Ratnapark,27.7063,85.3152
2021-05-19T14:00,21.0,69,15.1,869.2,4.5,284,Ratnapark,27.7063,85.3152
2021-05-19T15:00,21.0,69,15.1,868.7,3.6,264,Ratnapark,27.7063,85.3152
2021-05-19T16:00,20.5,72,15.3,868.2,3.6,270,Ratnapark,27.7063,85.3152
2021-05-19T17:00,18.8,90,17.2,867.4,6.2,173,Ratnapark,27.7063,85.3152
2021-05-19T18:00,18.6,90,16.9,867.0,4.7,176,Ratnapark,27.7063,85.3152
2021-05-19T19:00,17.6,94,16.7,866.7,3.3,174,Ratnapark,27.7063,85.3152
2021-05-19T20:00,17.3,97,16.8,866.9,1.8,180,Ratnapark,27.7063,85.3152
2021-05-19T21:00,17.8,95,17.0,867.3,0.7,180,Ratnapark,27.7063,85.3152
2021-05-19T22:00,18.0,95,17.1,868.2,2.7,203,Ratnapark,27.7063,85.3152
2021-05-19T23:00,17.8,96,17.2,868.1,3.6,143,Ratnapark,27.7063,85.3152
2021-05-20T00:00,17.7,97,17.2,867.9,5.0,159,Ratnapark,27.7063,85.3152
2021-05-20T01:00,17.8,95,17.0,867.7,5.4,143,Ratnapark,27.7063,85.3152
2021-05-20T02:00,17.6,95,16.8,867.3,4.9,144,Ratnapark,27.7063,85.3152
2021-05-20T03:00,17.4,95,16.5,867.1,5.2,146,Ratnapark,27.7063,85.3152
2021-05-20T04:00,17.2,94,16.3,867.3,6.1,140,Ratnapark,27.7063,85.3152
2021-05-20T05:00,17.0,94,16.0,867.0,6.9,137,Ratnapark,27.7063,85.3152
2021-05-20T06:00,17.5,94,16.6,867.9,5.4,127,Ratnapark,27.7063,85.3152
2021-05-20T07:00,18.3,93,17.2,869.1,4.7,90,Ratnapark,27.7063,85.3152
2021-05-20T08:00,18.4,93,17.3,869.4,4.6,108,Ratnapark,27.7063,85.3152
2021-05-20T09:00,18.5,94,17.5,869.8,7.1,120,Ratnapark,27.7063,85.3152
2021-05-20T10:00,18.5,95,17.6,869.9,7.9,106,Ratnapark,27.7063,85.3152
2021-05-20T11:00,18.6,95,17.7,869.9,7.4,133,Ratnapark,27.7063,85.3152
2021-05-20T12:00,19.2,93,18.0,869.9,7.3,99,Ratnapark,27.7063,85.3152
2021-05-20T13:00,19.8,92,18.4,869.5,4.9,126,Ratnapark,27.7063,85.3152
2021-05-20T14:00,20.9,86,18.5,869.2,6.0,123,Ratnapark,27.7063,85.3152
2021-05-20T15:00,21.2,84,18.3,868.8,3.8,73,Ratnapark,27.7063,85.3152
2021-05-20T16:00,20.6,85,18.0,868.2,6.3,103,Ratnapark,27.7063,85.3152
2021-05-20T17:00,19.2,89,17.4,868.2,4.1,142,Ratnapark,27.7063,85.3152
2021-05-20T18:00,18.3,95,17.5,868.5,3.6,90,Ratnapark,27.7063,85.3152
2021-05-20T19:00,17.6,97,17.1,868.4,4.3,114,Ratnapark,27.7063,85.3152
2021-05-20T20:00,17.2,96,16.6,868.7,5.4,138,Ratnapark,27.7063,85.3152
2021-05-20T21:00,17.2,94,16.3,868.4,5.4,143,Ratnapark,27.7063,85.3152
2021-05-20T22:00,16.9,94,16.0,867.9,7.0,145,Ratnapark,27.7063,85.3152
2021-05-20T23:00,16.4,95,15.6,867.0,7.6,149,Ratnapark,27.7063,85.3152
2021-05-21T00:00,16.2,96,15.6,867.0,5.2,155,Ratnapark,27.7063,85.3152
2021-05-21T01:00,16.6,96,16.0,867.2,3.6,143,Ratnapark,27.7063,85.3152
2021-05-21T02:00,16.6,96,16.0,866.3,5.9,137,Ratnapark,27.7063,85.3152
2021-05-21T03:00,16.7,95,15.9,865.9,7.1,156,Ratnapark,27.7063,85.3152
2021-05-21T04:00,17.0,94,16.0,866.0,6.7,144,Ratnapark,27.7063,85.3152
2021-05-21T05:00,16.4,96,15.7,866.9,2.6,164,Ratnapark,27.7063,85.3152
2021-05-21T06:00,18.4,94,17.4,868.6,3.7,151,Ratnapark,27.7063,85.3152
2021-05-21T07:00,20.9,78,16.9,870.9,2.4,27,Ratnapark,27.7063,85.3152
2021-05-21T08:00,21.8,75,17.1,871.3,4.9,73,Ratnapark,27.7063,85.3152
2021-05-21T09:00,23.1,73,18.0,871.6,8.3,90,Ratnapark,27.7063,85.3152
2021-05-21T10:00,24.3,71,18.7,871.5,6.5,93,Ratnapark,27.7063,85.3152
2021-05-21T11:00,25.6,67,19.1,871.2,4.7,67,Ratnapark,27.7063,85.3152
2021-05-21T12:00,26.7,62,18.8,870.1,3.9,34,Ratnapark,27.7063,85.3152
2021-05-21T13:00,27.0,59,18.3,869.3,1.3,34,Ratnapark,27.7063,85.3152
2021-05-21T14:00,24.9,70,19.0,868.3,5.2,236,Ratnapark,27.7063,85.3152
2021-05-21T15:00,23.5,80,19.9,867.8,5.8,270,Ratnapark,27.7063,85.3152
2021-05-21T16:00,22.7,85,20.1,867.3,4.7,279,Ratnapark,27.7063,85.3152
2021-05-21T17:00,22.0,86,19.5,866.9,5.1,274,Ratnapark,27.7063,85.3152
2021-05-21T18:00,20.7,93,19.5,867.0,2.1,211,Ratnapark,27.7063,85.3152
2021-05-21T19:00,20.0,98,19.6,867.5,1.1,198,Ratnapark,27.7063,85.3152
2021-05-21T20:00,19.7,99,19.5,868.1,1.1,162,Ratnapark,27.7063,85.3152
2021-05-21T21:00,19.6,99,19.4,868.7,1.8,127,Ratnapark,27.7063,85.3152
2021-05-21T22:00,19.3,98,19.0,869.1,1.3,124,Ratnapark,27.7063,85.3152
2021-05-21T23:00,19.0,97,18.5,868.9,2.8,130,Ratnapark,27.7063,85.3152
2021-05-22T00:00,18.8,96,18.2,868.7,2.1,149,Ratnapark,27.7063,85.3152
2021-05-22T01:00,18.8,97,18.2,868.1,1.8,143,Ratnapark,27.7063,85.3152
2021-05-22T02:00,18.6,97,18.0,867.5,2.6,146,Ratnapark,27.7063,85.3152
2021-05-22T03:00,18.1,98,17.8,866.5,1.4,180,Ratnapark,27.7063,85.3152
2021-05-22T04:00,17.4,99,17.2,866.1,0.7,180,Ratnapark,27.7063,85.3152
2021-05-22T05:00,17.8,98,17.4,866.7,4.9,163,Ratnapark,27.7063,85.3152
2021-05-22T06:00,19.3,96,18.6,868.0,2.7,157,Ratnapark,27.7063,85.3152
2021-05-22T07:00,21.2,87,18.9,869.5,1.0,45,Ratnapark,27.7063,85.3152
2021-05-22T08:00,23.1,76,18.7,870.2,0.4,90,Ratnapark,27.7063,85.3152
2021-05-22T09:00,24.6,69,18.5,870.5,2.9,277,Ratnapark,27.7063,85.3152
2021-05-22T10:00,25.6,64,18.4,870.4,5.8,277,Ratnapark,27.7063,85.3152
2021-05-22T11:00,25.8,64,18.4,870.2,8.0,278,Ratnapark,27.7063,85.3152
2021-05-22T12:00,25.7,64,18.3,869.5,7.8,292,Ratnapark,27.7063,85.3152
2021-05-22T13:00,25.8,63,18.3,868.7,7.9,300,Ratnapark,27.7063,85.3152
2021-05-22T14:00,25.6,66,18.7,867.8,9.7,292,Ratnapark,27.7063,85.3152
2021-05-22T15:00,25.1,68,18.8,867.3,9.5,295,Ratnapark,27.7063,85.3152
2021-05-22T16:00,24.6,70,18.7,866.8,8.9,302,Ratnapark,27.7063,85.3152
2021-05-22T17:00,23.5,73,18.3,866.9,6.1,320,Ratnapark,27.7063,85.3152
2021-05-22T18:00,21.1,87,18.8,866.0,5.1,315,Ratnapark,27.7063,85.3152
2021-05-22T19:00,21.1,84,18.2,866.8,3.8,253,Ratnapark,27.7063,85.3152
2021-05-22T20:00,19.8,91,18.3,866.9,2.2,189,Ratnapark,27.7063,85.3152
2021-05-22T21:00,19.2,94,18.2,867.5,1.1,180,Ratnapark,27.7063,85.3152
2021-05-22T22:00,18.6,96,18.0,867.8,1.4,180,Ratnapark,27.7063,85.3152
2021-05-22T23:00,18.2,97,17.7,867.5,0.4,180,Ratnapark,27.7063,85.3152
2021-05-23T00:00,18.1,97,17.7,867.1,0.7,180,Ratnapark,27.7063,85.3152
2021-05-23T01:00,17.7,98,17.4,866.5,0.7,180,Ratnapark,27.7063,85.3152
2021-05-23T02:00,17.6,98,17.3,866.2,0.7,180,Ratnapark,27.7063,85.3152
2021-05-23T03:00,17.4,98,17.0,866.3,0.7,180,Ratnapark,27.7063,85.3152
2021-05-23T04:00,17.6,97,17.2,866.6,1.5,166,Ratnapark,27.7063,85.3152
2021-05-23T05:00,17.1,99,17.0,867.0,3.5,156,Ratnapark,27.7063,85.3152
2021-05-23T06:00,20.7,89,18.8,869.1,2.9,150,Ratnapark,27.7063,85.3152
2021-05-23T07:00,23.0,78,18.9,870.4,2.3,342,Ratnapark,27.7063,85.3152
2021-05-23T08:00,24.4,69,18.4,870.9,5.4,312,Ratnapark,27.7063,85.3152
2021-05-23T09:00,25.5,64,18.2,871.3,7.5,305,Ratnapark,27.7063,85.3152
2021-05-23T10:00,26.2,62,18.3,871.4,8.9,302,Ratnapark,27.7063,85.3152
2021-05-23T11:00,26.4,62,18.5,871.1,9.5,299,Ratnapark,27.7063,85.3152
2021-05-23T12:00,26.6,62,18.7,870.5,10.0,291,Ratnapark,27.7063,85.3152
2021-05-23T13:00,25.7,68,19.3,869.7,8.4,280,Ratnapark,27.7063,85.3152
2021-05-23T14:00,25.6,69,19.5,869.0,7.7,298,Ratnapark,27.7063,85.3152
2021-05-23T15:00,24.8,72,19.5,868.2,7.1,300,Ratnapark,27.7063,85.3152
2021-05-23T16:00,24.1,77,19.8,867.6,8.3,304,Ratnapark,27.7063,85.3152
2021-05-23T17:00,24.1,76,19.6,867.3,7.1,294,Ratnapark,27.7063,85.3152
2021-05-23T18:00,22.1,87,19.9,867.2,4.2,290,Ratnapark,27.7063,85.3152
2021-05-23T19:00,22.1,85,19.5,868.0,3.5,246,Ratnapark,27.7063,85.3152
2021-05-23T20:00,21.9,86,19.4,868.9,2.4,207,Ratnapark,27.7063,85.3152
2021-05-23T21:00,20.9,90,19.3,869.2,0.7,180,Ratnapark,27.7063,85.3152
2021-05-23T22:00,19.8,96,19.2,869.1,1.1,162,Ratnapark,27.7063,85.3152
2021-05-23T23:00,19.5,97,19.0,868.8,2.7,157,Ratnapark,27.7063,85.3152
2021-05-24T00:00,18.9,98,18.6,868.2,4.3,156,Ratnapark,27.7063,85.3152
2021-05-24T01:00,18.4,99,18.3,867.5,4.5,151,Ratnapark,27.7063,85.3152
2021-05-24T02:00,18.1,99,18.0,867.2,2.7,157,Ratnapark,27.7063,85.3152
2021-05-24T03:00,17.9,99,17.8,867.1,1.5,166,Ratnapark,27.7063,85.3152
2021-05-24T04:00,17.8,99,17.6,867.2,2.7,157,Ratnapark,27.7063,85.3152
2021-05-24T05:00,18.3,99,18.1,868.0,6.8,148,Ratnapark,27.7063,85.3152
2021-05-24T06:00,20.7,93,19.5,869.7,4.6,141,Ratnapark,27.7063,85.3152
2021-05-24T07:00,22.9,83,19.8,870.9,3.0,104,Ratnapark,27.7063,85.3152
2021-05-24T08:00,24.3,78,20.3,871.0,1.8,53,Ratnapark,27.7063,85.3152
2021-05-24T09:00,25.8,73,20.6,871.3,1.9,338,Ratnapark,27.7063,85.3152
2021-05-24T10:00,26.5,70,20.5,871.1,4.3,318,Ratnapark,27.7063,85.3152
2021-05-24T11:00,27.5,64,20.2,870.7,4.8,297,Ratnapark,27.7063,85.3152
2021-05-24T12:00,28.0,63,20.2,870.0,5.7,288,Ratnapark,27.7063,85.3152
2021-05-24T13:00,25.6,68,19.4,869.3,5.4,180,Ratnapark,27.7063,85.3152
2021-05-24T14:00,25.3,69,19.3,868.7,5.0,201,Ratnapark,27.7063,85.3152
2021-05-24T15:00,24.3,72,18.9,867.9,1.5,256,Ratnapark,27.7063,85.3152
2021-05-24T16:00,23.2,77,19.0,867.6,3.0,166,Ratnapark,27.7063,85.3152
2021-05-24T17:00,23.0,85,20.3,867.1,2.3,108,Ratnapark,27.7063,85.3152
2021-05-24T18:00,21.7,94,20.8,867.3,3.5,114,Ratnapark,27.7063,85.3152
2021-05-24T19:00,21.1,97,20.6,867.4,3.3,139,Ratnapark,27.7063,85.3152
2021-05-24T20:00,20.2,98,19.9,867.7,2.7,157,Ratnapark,27.7063,85.3152
2021-05-24T21:00,19.5,98,19.2,867.7,1.8,169,Ratnapark,27.7063,85.3152
2021-05-24T22:00,19.3,98,18.9,867.7,2.9,173,Ratnapark,27.7063,85.3152
2021-05-24T23:00,18.5,99,18.4,867.2,3.7,169,Ratnapark,27.7063,85.3152
2021-05-25T00:00,18.0,99,17.8,866.7,4.8,153,Ratnapark,27.7063,85.3152
2021-05-25T01:00,17.8,99,17.7,865.9,5.5,157,Ratnapark,27.7063,85.3152
2021-05-25T02:00,17.6,99,17.5,865.6,4.8,153,Ratnapark,27.7063,85.3152
2021-05-25T03:00,17.4,99,17.3,865.4,4.0,153,Ratnapark,27.7063,85.3152
2021-05-25T04:00,17.5,99,17.4,865.3,3.4,162,Ratnapark,27.7063,85.3152
2021-05-25T05:00,18.4,98,18.0,865.2,5.6,165,Ratnapark,27.7063,85.3152
2021-05-25T06:00,21.2,89,19.4,866.7,5.4,172,Ratnapark,27.7063,85.3152
2021-05-25T07:00,23.7,81,20.2,868.1,2.9,150,Ratnapark,27.7063,85.3152
2021-05-25T08:00,24.4,73,19.3,869.1,4.9,126,Ratnapark,27.7063,85.3152
2021-05-25T09:00,25.1,67,18.6,869.4,6.5,90,Ratnapark,27.7063,85.3152
2021-05-25T10:00,25.6,66,18.7,869.2,6.6,81,Ratnapark,27.7063,85.3152
2021-05-25T11:00,25.6,68,19.3,868.9,5.4,98,Ratnapark,27.7063,85.3152
2021-05-25T12:00,24.8,73,19.6,868.2,3.4,162,Ratnapark,27.7063,85.3152
2021-05-25T13:00,24.1,76,19.5,867.5,3.6,276,Ratnapark,27.7063,85.3152
2021-05-25T14:00,23.0,83,20.0,866.6,5.6,297,Ratnapark,27.7063,85.3152
2021-05-25T15:00,23.0,82,19.7,865.9,8.4,301,Ratnapark,27.7063,85.3152
2021-05-25T16:00,21.9,87,19.7,865.8,8.7,312,Ratnapark,27.7063,85.3152
2021-05-25T17:00,21.0,93,19.8,865.6,2.2,279,Ratnapark,27.7063,85.3152
2021-05-25T18:00,20.5,96,19.8,865.8,2.8,140,Ratnapark,27.7063,85.3152
2021-05-25T19:00,20.2,98,19.8,865.9,1.1,180,Ratnapark,27.7063,85.3152
2021-05-25T20:00,20.0,99,19.8,866.7,3.2,243,Ratnapark,27.7063,85.3152
2021-05-25T21:00,19.9,99,19.7,867.1,2.8,230,Ratnapark,27.7063,85.3152
2021-05-25T22:00,19.7,99,19.6,867.0,1.8,191,Ratnapark,27.7063,85.3152
2021-05-25T23:00,19.6,99,19.4,866.3,1.8,180,Ratnapark,27.7063,85.3152
2021-05-26T00:00,19.4,99,19.2,865.3,2.5,180,Ratnapark,27.7063,85.3152
2021-05-26T01:00,19.0,99,18.8,864.4,2.5,172,Ratnapark,27.7063,85.3152
2021-05-26T02:00,19.0,99,18.8,863.7,2.9,180,Ratnapark,27.7063,85.3152
2021-05-26T03:00,18.9,99,18.8,863.7,0.7,180,Ratnapark,27.7063,85.3152
2021-05-26T04:00,19.0,99,18.8,863.8,0.4,180,Ratnapark,27.7063,85.3152
2021-05-26T05:00,19.1,99,19.0,864.3,0.8,117,Ratnapark,27.7063,85.3152
2021-05-26T06:00,19.8,97,19.2,865.3,1.5,194,Ratnapark,27.7063,85.3152
2021-05-26T07:00,20.4,93,19.2,866.6,0.5,45,Ratnapark,27.7063,85.3152
2021-05-26T08:00,20.6,89,18.8,867.3,1.4,360,Ratnapark,27.7063,85.3152
2021-05-26T09:00,20.8,88,18.8,867.6,1.8,349,Ratnapark,27.7063,85.3152
2021-05-26T10:00,20.7,91,19.1,867.6,2.8,320,Ratnapark,27.7063,85.3152
2021-05-26T11:00,21.6,88,19.5,867.5,5.7,305,Ratnapark,27.7063,85.3152
2021-05-26T12:00,21.5,88,19.4,866.9,5.4,323,Ratnapark,27.7063,85.3152
2021-05-26T13:00,21.8,86,19.3,866.0,5.7,325,Ratnapark,27.7063,85.3152
2021-05-26T14:00,21.5,84,18.7,865.2,5.7,305,Ratnapark,27.7063,85.3152
2021-05-26T15:00,21.3,84,18.5,864.5,5.5,302,Ratnapark,27.7063,85.3152
2021-05-26T16:00,21.0,84,18.2,864.2,4.7,293,Ratnapark,27.7063,85.3152
2021-05-26T17:00,19.6,92,18.3,864.1,1.1,360,Ratnapark,27.7063,85.3152
2021-05-26T18:00,19.3,95,18.5,864.4,1.8,169,Ratnapark,27.7063,85.3152
2021-05-26T19:00,19.2,97,18.7,865.2,3.7,151,Ratnapark,27.7063,85.3152
2021-05-26T20:00,19.2,98,18.8,865.9,4.6,162,Ratnapark,27.7063,85.3152
2021-05-26T21:00,19.1,97,18.6,866.4,4.0,170,Ratnapark,27.7063,85.3152
2021-05-26T22:00,19.0,98,18.7,866.6,2.5,180,Ratnapark,27.7063,85.3152
2021-05-26T23:00,18.8,99,18.7,866.1,1.8,169,Ratnapark,27.7063,85.3152
2021-05-27T00:00,18.6,99,18.5,865.2,2.2,180,Ratnapark,27.7063,85.3152
2021-05-27T01:00,18.5,99,18.4,864.6,1.5,166,Ratnapark,27.7063,85.3152
2021-05-27T02:00,18.5,99,18.4,864.3,1.1,198,Ratnapark,27.7063,85.3152
2021-05-27T03:00,18.5,98,18.2,864.1,3.3,229,Ratnapark,27.7063,85.3152
2021-05-27T04:00,18.4,98,18.1,864.2,2.9,173,Ratnapark,27.7063,85.3152
2021-05-27T05:00,18.6,95,17.9,864.5,3.3,167,Ratnapark,27.7063,85.3152
2021-05-27T06:00,19.0,96,18.4,865.4,3.4,148,Ratnapark,27.7063,85.3152
2021-05-27T07:00,19.6,93,18.5,866.2,2.9,150,Ratnapark,27.7063,85.3152
2021-05-27T08:00,20.0,93,18.9,866.7,3.3,131,Ratnapark,27.7063,85.3152
2021-05-27T09:00,20.4,93,19.2,867.2,3.8,107,Ratnapark,27.7063,85.3152
2021-05-27T10:00,20.9,90,19.1,867.7,5.1,86,Ratnapark,27.7063,85.3152
2021-05-27T11:00,20.6,91,19.2,867.6,3.8,73,Ratnapark,27.7063,85.3152
2021-05-27T12:00,20.6,94,19.6,866.8,4.4,351,Ratnapark,27.7063,85.3152
2021-05-27T13:00,20.1,96,19.4,865.8,3.8,319,Ratnapark,27.7063,85.3152
2021-05-27T14:00,20.1,97,19.5,864.8,5.4,262,Ratnapark,27.7063,85.3152
2021-05-27T15:00,20.4,93,19.2,864.4,3.3,264,Ratnapark,27.7063,85.3152
2021-05-27T16:00,20.6,92,19.3,864.7,2.9,353,Ratnapark,27.7063,85.3152
2021-05-27T17:00,20.3,97,19.7,865.5,2.5,98,Ratnapark,27.7063,85.3152
2021-05-27T18:00,19.7,98,19.4,866.1,3.8,73,Ratnapark,27.7063,85.3152
2021-05-27T19:00,19.3,98,18.9,866.2,4.2,110,Ratnapark,27.7063,85.3152
2021-05-27T20:00,19.1,97,18.6,865.6,2.7,157,Ratnapark,27.7063,85.3152
2021-05-27T21:00,19.0,97,18.5,866.1,6.3,156,Ratnapark,27.7063,85.3152
2021-05-27T22:00,19.0,97,18.5,866.2,4.3,138,Ratnapark,27.7063,85.3152
2021-05-27T23:00,18.8,97,18.2,866.4,5.4,94,Ratnapark,27.7063,85.3152
2021-05-28T00:00,18.5,96,17.9,866.5,6.0,107,Ratnapark,27.7063,85.3152
2021-05-28T01:00,18.3,95,17.5,865.4,6.4,128,Ratnapark,27.7063,85.3152
2021-05-28T02:00,18.2,95,17.4,865.2,7.6,109,Ratnapark,27.7063,85.3152
2021-05-28T03:00,18.0,95,17.2,864.9,8.2,128,Ratnapark,27.7063,85.3152
2021-05-28T04:00,18.0,94,17.1,864.8,8.8,125,Ratnapark,27.7063,85.3152
2021-05-28T05:00,17.8,96,17.1,864.7,6.0,147,Ratnapark,27.7063,85.3152
2021-05-28T06:00,18.2,95,17.4,865.3,6.9,152,Ratnapark,27.7063,85.3152
2021-05-28T07:00,18.8,93,17.7,866.7,7.9,106,Ratnapark,27.7063,85.3152
2021-05-28T08:00,18.4,94,17.4,867.0,8.6,123,Ratnapark,27.7063,85.3152
2021-05-28T09:00,18.2,95,17.5,866.9,11.4,162,Ratnapark,27.7063,85.3152
2021-05-28T10:00,19.4,91,17.9,867.4,10.5,128,Ratnapark,27.7063,85.3152
2021-05-28T11:00,20.4,90,18.6,867.5,11.4,118,Ratnapark,27.7063,85.3152
2021-05-28T12:00,21.1,87,18.9,867.4,8.9,130,Ratnapark,27.7063,85.3152
2021-05-28T13:00,20.7,89,18.9,867.3,7.6,90,Ratnapark,27.7063,85.3152
2021-05-28T14:00,21.3,88,19.3,867.8,9.6,124,Ratnapark,27.7063,85.3152
2021-05-28T15:00,20.6,92,19.2,867.4,7.4,133,Ratnapark,27.7063,85.3152
2021-05-28T16:00,20.3,89,18.4,867.4,9.5,115,Ratnapark,27.7063,85.3152
2021-05-28T17:00,18.3,90,16.6,867.5,8.6,147,Ratnapark,27.7063,85.3152
2021-05-28T18:00,18.5,92,17.1,868.0,5.8,150,Ratnapark,27.7063,85.3152
2021-05-28T19:00,18.5,94,17.4,868.9,3.4,122,Ratnapark,27.7063,85.3152
2021-05-28T20:00,18.1,94,17.2,868.9,6.0,115,Ratnapark,27.7063,85.3152
2021-05-28T21:00,18.0,94,17.0,868.8,6.2,111,Ratnapark,27.7063,85.3152
2021-05-28T22:00,17.7,94,16.7,869.0,6.5,146,Ratnapark,27.7063,85.3152
2021-05-28T23:00,17.8,94,16.9,868.9,5.4,160,Ratnapark,27.7063,85.3152
2021-05-29T00:00,18.0,94,17.0,868.7,3.9,124,Ratnapark,27.7063,85.3152
2021-05-29T01:00,17.8,95,17.0,868.7,8.0,100,Ratnapark,27.7063,85.3152
2021-05-29T02:00,17.8,95,17.0,868.2,11.0,113,Ratnapark,27.7063,85.3152
2021-05-29T03:00,18.2,93,17.0,867.7,12.2,114,Ratnapark,27.7063,85.3152
2021-05-29T04:00,18.0,93,16.9,868.6,10.7,123,Ratnapark,27.7063,85.3152
2021-05-29T05:00,17.7,95,17.0,868.7,9.8,126,Ratnapark,27.7063,85.3152
2021-05-29T06:00,18.7,92,17.4,869.4,9.0,143,Ratnapark,27.7063,85.3152
2021-05-29T07:00,20.2,89,18.2,871.2,4.2,110,Ratnapark,27.7063,85.3152
2021-05-29T08:00,21.4,84,18.5,871.9,7.2,84,Ratnapark,27.7063,85.3152
2021-05-29T09:00,22.7,78,18.7,872.4,10.1,84,Ratnapark,27.7063,85.3152
2021-05-29T10:00,23.6,74,18.7,872.1,11.4,101,Ratnapark,27.7063,85.3152
2021-05-29T11:00,25.4,68,19.1,871.8,11.5,110,Ratnapark,27.7063,85.3152
2021-05-29T12:00,26.0,70,20.2,871.2,10.5,128,Ratnapark,27.7063,85.3152
2021-05-29T13:00,25.8,72,20.4,870.5,9.9,136,Ratnapark,27.7063,85.3152
2021-05-29T14:00,26.0,74,20.9,869.8,6.8,148,Ratnapark,27.7063,85.3152
2021-05-29T15:00,25.0,78,21.0,869.0,3.2,117,Ratnapark,27.7063,85.3152
2021-05-29T16:00,24.5,79,20.7,868.5,2.3,108,Ratnapark,27.7063,85.3152
2021-05-29T17:00,22.8,82,19.5,868.6,3.2,27,Ratnapark,27.7063,85.3152
2021-05-29T18:00,22.0,86,19.6,868.5,3.3,41,Ratnapark,27.7063,85.3152
2021-05-29T19:00,20.0,93,18.8,868.1,4.9,126,Ratnapark,27.7063,85.3152
2021-05-29T20:00,20.0,93,18.8,868.2,3.9,146,Ratnapark,27.7063,85.3152
2021-05-29T21:00,19.6,95,18.7,868.8,5.0,150,Ratnapark,27.7063,85.3152
2021-05-29T22:00,19.3,96,18.6,869.2,3.9,146,Ratnapark,27.7063,85.3152
2021-05-29T23:00,19.2,96,18.5,869.3,4.3,138,Ratnapark,27.7063,85.3152
2021-05-30T00:00,19.0,96,18.4,869.1,5.1,135,Ratnapark,27.7063,85.3152
2021-05-30T01:00,18.9,96,18.3,868.6,5.6,140,Ratnapark,27.7063,85.3152
2021-05-30T02:00,18.5,98,18.2,867.9,5.5,148,Ratnapark,27.7063,85.3152
2021-05-30T03:00,18.1,99,18.0,867.5,6.3,149,Ratnapark,27.7063,85.3152
2021-05-30T04:00,17.6,99,17.5,867.4,6.0,147,Ratnapark,27.7063,85.3152
2021-05-30T05:00,17.6,100,17.5,867.7,6.6,139,Ratnapark,27.7063,85.3152
2021-05-30T06:00,19.7,94,18.6,869.0,5.3,118,Ratnapark,27.7063,85.3152
2021-05-30T07:00,21.6,83,18.6,870.0,6.2,100,Ratnapark,27.7063,85.3152
2021-05-30T08:00,23.0,74,18.1,870.1,9.3,103,Ratnapark,27.7063,85.3152
2021-05-30T09:00,24.5,69,18.4,870.6,10.4,104,Ratnapark,27.7063,85.3152
2021-05-30T10:00,25.5,66,18.7,870.3,9.7,117,Ratnapark,27.7063,85.3152
2021-05-30T11:00,26.0,66,19.2,869.9,8.2,119,Ratnapark,27.7063,85.3152
2021-05-30T12:00,26.6,67,19.9,869.3,5.6,117,Ratnapark,27.7063,85.3152
2021-05-30T13:00,26.0,72,20.5,868.4,2.1,121,Ratnapark,27.7063,85.3152
2021-05-30T14:00,24.4,77,20.1,867.6,2.7,113,Ratnapark,27.7063,85.3152
2021-05-30T15:00,24.0,77,19.7,867.1,1.8,323,Ratnapark,27.7063,85.3152
2021-05-30T16:00,23.2,81,19.8,866.4,5.2,326,Ratnapark,27.7063,85.3152
2021-05-30T17:00,22.7,84,19.9,866.6,3.7,299,Ratnapark,27.7063,85.3152
2021-05-30T18:00,21.0,95,20.3,865.9,4.3,275,Ratnapark,27.7063,85.3152
2021-05-30T19:00,20.3,97,19.8,866.0,2.9,210,Ratnapark,27.7063,85.3152
2021-05-30T20:00,19.6,99,19.4,866.5,2.2,189,Ratnapark,27.7063,85.3152
2021-05-30T21:00,19.3,99,19.2,867.0,0.7,180,Ratnapark,27.7063,85.3152
2021-05-30T22:00,19.2,100,19.1,867.2,1.1,180,Ratnapark,27.7063,85.3152
2021-05-30T23:00,18.6,100,18.6,866.6,1.8,180,Ratnapark,27.7063,85.3152
2021-05-31T00:00,18.9,99,18.7,866.0,2.6,214,Ratnapark,27.7063,85.3152
2021-05-31T01:00,18.9,98,18.6,866.0,2.5,172,Ratnapark,27.7063,85.3152
2021-05-31T02:00,18.6,99,18.5,865.3,1.8,180,Ratnapark,27.7063,85.3152
2021-05-31T03:00,18.9,98,18.6,865.4,2.4,207,Ratnapark,27.7063,85.3152
2021-05-31T04:00,18.8,98,18.5,865.7,2.3,231,Ratnapark,27.7063,85.3152
2021-05-31T05:00,19.4,98,19.1,866.5,2.8,230,Ratnapark,27.7063,85.3152
2021-05-31T06:00,20.0,96,19.3,866.7,1.6,243,Ratnapark,27.7063,85.3152
2021-05-31T07:00,20.7,94,19.7,867.5,4.8,312,Ratnapark,27.7063,85.3152
2021-05-31T08:00,21.6,93,20.5,867.8,5.9,317,Ratnapark,27.7063,85.3152
2021-05-31T09:00,22.8,89,20.8,868.1,4.9,287,Ratnapark,27.7063,85.3152
2021-05-31T10:00,24.4,75,19.6,867.8,6.2,306,Ratnapark,27.7063,85.3152
2021-05-31T11:00,26.3,64,19.0,867.4,5.5,302,Ratnapark,27.7063,85.3152
2021-05-31T12:00,26.8,63,19.1,867.2,8.8,289,Ratnapark,27.7063,85.3152
2021-05-31T13:00,24.4,76,19.9,866.5,7.4,293,Ratnapark,27.7063,85.3152
2021-05-31T14:00,24.6,77,20.3,865.8,9.2,296,Ratnapark,27.7063,85.3152
2021-05-31T15:00,23.9,82,20.6,865.3,6.4,308,Ratnapark,27.7063,85.3152
2021-05-31T16:00,23.9,79,20.1,865.3,6.4,313,Ratnapark,27.7063,85.3152
2021-05-31T17:00,22.1,88,20.0,865.5,6.7,324,Ratnapark,27.7063,85.3152
2021-05-31T18:00,21.0,96,20.4,865.9,1.5,346,Ratnapark,27.7063,85.3152
2021-05-31T19:00,20.2,96,19.6,866.3,1.8,143,Ratnapark,27.7063,85.3152
2021-05-31T20:00,20.0,97,19.5,866.7,2.3,162,Ratnapark,27.7063,85.3152
2021-05-31T21:00,19.7,98,19.3,867.1,1.8,143,Ratnapark,27.7063,85.3152
2021-05-31T22:00,19.5,99,19.3,867.9,1.4,180,Ratnapark,27.7063,85.3152
2021-05-31T23:00,19.5,98,19.2,867.9,1.4,180,Ratnapark,27.7063,85.3152
2021-06-01T00:00,19.4,99,19.2,867.7,1.8,259,Ratnapark,27.7063,85.3152
2021-06-01T01:00,19.2,99,19.1,867.3,1.5,256,Ratnapark,27.7063,85.3152
2021-06-01T02:00,18.8,99,18.7,866.8,1.8,259,Ratnapark,27.7063,85.3152
2021-06-01T03:00,18.5,99,18.4,866.4,2.3,231,Ratnapark,27.7063,85.3152
2021-06-01T04:00,18.3,99,18.2,865.8,2.5,188,Ratnapark,27.7063,85.3152
2021-06-01T05:00,18.7,99,18.5,866.9,2.2,189,Ratnapark,27.7063,85.3152
2021-06-01T06:00,20.1,95,19.2,867.5,2.4,153,Ratnapark,27.7063,85.3152
2021-06-01T07:00,21.9,87,19.7,868.8,1.5,14,Ratnapark,27.7063,85.3152
2021-06-01T08:00,23.5,79,19.7,869.3,4.1,308,Ratnapark,27.7063,85.3152
2021-06-01T09:00,24.9,72,19.4,869.7,7.3,303,Ratnapark,27.7063,85.3152
2021-06-01T10:00,25.5,69,19.5,869.9,11.8,293,Ratnapark,27.7063,85.3152
2021-06-01T11:00,24.1,78,20.0,869.9,10.5,297,Ratnapark,27.7063,85.3152
2021-06-01T12:00,24.8,72,19.5,869.4,8.6,303,Ratnapark,27.7063,85.3152
2021-06-01T13:00,23.9,82,20.6,868.9,11.8,297,Ratnapark,27.7063,85.3152
2021-06-01T14:00,23.2,90,21.4,868.3,8.7,312,Ratnapark,27.7063,85.3152
2021-06-01T15:00,23.6,83,20.4,867.5,6.4,308,Ratnapark,27.7063,85.3152
2021-06-01T16:00,23.9,75,19.1,866.6,1.5,346,Ratnapark,27.7063,85.3152
2021-06-01T17:00,22.7,80,19.1,867.5,4.7,328,Ratnapark,27.7063,85.3152
2021-06-01T18:00,21.0,93,19.8,867.0,3.4,18,Ratnapark,27.7063,85.3152
2021-06-01T19:00,20.5,94,19.4,867.2,1.8,180,Ratnapark,27.7063,85.3152
2021-06-01T20:00,20.1,95,19.3,867.5,1.9,202,Ratnapark,27.7063,85.3152
2021-06-01T21:00,19.2,97,18.7,867.8,1.5,194,Ratnapark,27.7063,85.3152
2021-06-01T22:00,19.1,97,18.6,868.3,2.2,189,Ratnapark,27.7063,85.3152
2021-06-01T23:00,18.9,97,18.4,867.9,2.2,189,Ratnapark,27.7063,85.3152
2021-06-02T00:00,18.8,99,18.6,867.5,1.5,166,Ratnapark,27.7063,85.3152
2021-06-02T01:00,18.6,99,18.4,867.3,0.8,153,Ratnapark,27.7063,85.3152
2021-06-02T02:00,18.7,99,18.6,867.5,1.0,135,Ratnapark,27.7063,85.3152
2021-06-02T03:00,18.8,99,18.6,867.6,1.6,153,Ratnapark,27.7063,85.3152
2021-06-02T04:00,18.4,99,18.2,867.5,0.4,180,Ratnapark,27.7063,85.3152
2021-06-02T05:00,18.7,98,18.4,868.3,2.4,207,Ratnapark,27.7063,85.3152
2021-06-02T06:00,19.5,95,18.7,869.1,2.6,286,Ratnapark,27.7063,85.3152
2021-06-02T07:00,21.0,87,18.8,869.6,2.8,310,Ratnapark,27.7063,85.3152
2021-06-02T08:00,22.5,79,18.7,870.1,3.9,304,Ratnapark,27.7063,85.3152
2021-06-02T09:00,23.7,71,18.2,870.7,5.9,313,Ratnapark,27.7063,85.3152
2021-06-02T10:00,24.6,67,18.2,870.8,8.9,302,Ratnapark,27.7063,85.3152
2021-06-02T11:00,24.8,68,18.5,870.6,9.9,303,Ratnapark,27.7063,85.3152
2021-06-02T12:00,25.5,64,18.2,869.9,9.7,301,Ratnapark,27.7063,85.3152
2021-06-02T13:00,25.7,61,17.7,869.4,11.9,305,Ratnapark,27.7063,85.3152
2021-06-02T14:00,25.3,64,18.0,868.9,11.6,306,Ratnapark,27.7063,85.3152
2021-06-02T15:00,24.8,67,18.2,868.6,10.3,306,Ratnapark,27.7063,85.3152
2021-06-02T16:00,24.2,70,18.3,868.3,9.7,309,Ratnapark,27.7063,85.3152
2021-06-02T17:00,23.0,74,18.1,868.5,10.0,322,Ratnapark,27.7063,85.3152
2021-06-02T18:00,21.4,82,18.2,868.7,4.1,322,Ratnapark,27.7063,85.3152
2021-06-02T19:00,21.2,80,17.7,869.5,3.4,238,Ratnapark,27.7063,85.3152
2021-06-02T20:00,20.0,86,17.7,869.6,3.4,212,Ratnapark,27.7063,85.3152
2021-06-02T21:00,18.9,92,17.5,869.6,2.9,187,Ratnapark,27.7063,85.3152
2021-06-02T22:00,18.1,94,17.2,869.5,2.5,188,Ratnapark,27.7063,85.3152
2021-06-02T23:00,17.7,96,17.0,868.9,2.2,189,Ratnapark,27.7063,85.3152
2021-06-03T00:00,17.5,97,16.9,868.6,1.8,180,Ratnapark,27.7063,85.3152
2021-06-03T01:00,17.3,97,16.8,868.1,1.4,180,Ratnapark,27.7063,85.3152
2021-06-03T02:00,17.2,97,16.8,867.7,1.4,180,Ratnapark,27.7063,85.3152
2021-06-03T03:00,16.9,98,16.6,867.4,1.1,162,Ratnapark,27.7063,85.3152
2021-06-03T04:00,16.7,98,16.4,867.6,0.7,180,Ratnapark,27.7063,85.3152
2021-06-03T05:00,17.2,98,16.9,868.1,1.9,158,Ratnapark,27.7063,85.3152
2021-06-03T06:00,20.6,88,18.5,870.3,2.3,141,Ratnapark,27.7063,85.3152
2021-06-03T07:00,22.4,76,18.0,871.2,1.5,45,Ratnapark,27.7063,85.3152
2021-06-03T08:00,23.6,71,18.0,871.7,3.2,333,Ratnapark,27.7063,85.3152
2021-06-03T09:00,24.7,65,17.8,871.9,6.1,310,Ratnapark,27.7063,85.3152
2021-06-03T10:00,25.6,61,17.6,871.9,8.2,308,Ratnapark,27.7063,85.3152
2021-06-03T11:00,26.0,60,17.7,871.7,10.4,304,Ratnapark,27.7063,85.3152
2021-06-03T12:00,26.1,60,17.6,871.4,10.6,298,Ratnapark,27.7063,85.3152
2021-06-03T13:00,25.9,61,17.8,870.8,10.3,295,Ratnapark,27.7063,85.3152
2021-06-03T14:00,25.5,62,17.7,870.4,11.1,306,Ratnapark,27.7063,85.3152
2021-06-03T15:00,25.0,66,18.2,869.9,10.6,305,Ratnapark,27.7063,85.3152
2021-06-03T16:00,24.3,71,18.7,869.8,10.0,311,Ratnapark,27.7063,85.3152
2021-06-03T17:00,23.4,78,19.3,869.7,9.6,304,Ratnapark,27.7063,85.3152
2021-06-03T18:00,22.0,85,19.5,869.9,4.7,302,Ratnapark,27.7063,85.3152
2021-06-03T19:00,21.4,88,19.3,870.7,4.3,275,Ratnapark,27.7063,85.3152
2021-06-03T20:00,21.3,88,19.3,871.7,1.8,191,Ratnapark,27.7063,85.3152
2021-06-03T21:00,19.6,95,18.8,871.3,1.5,166,Ratnapark,27.7063,85.3152
2021-06-03T22:00,19.2,96,18.5,871.1,1.8,180,Ratnapark,27.7063,85.3152
2021-06-03T23:00,18.7,98,18.3,870.4,2.2,171,Ratnapark,27.7063,85.3152
2021-06-04T00:00,18.1,98,17.8,869.7,1.5,166,Ratnapark,27.7063,85.3152
2021-06-04T01:00,17.7,98,17.4,869.0,0.7,180,Ratnapark,27.7063,85.3152
2021-06-04T02:00,17.5,98,17.1,868.9,0.7,180,Ratnapark,27.7063,85.3152
2021-06-04T03:00,17.3,99,17.1,868.8,0.4,180,Ratnapark,27.7063,85.3152
2021-06-04T04:00,17.1,99,17.0,868.9,0.4,180,Ratnapark,27.7063,85.3152
2021-06-04T05:00,17.1,97,16.7,868.9,2.3,162,Ratnapark,27.7063,85.3152
2021-06-04T06:00,20.6,89,18.7,871.0,1.5,166,Ratnapark,27.7063,85.3152
2021-06-04T07:00,22.5,82,19.2,872.2,4.1,308,Ratnapark,27.7063,85.3152
2021-06-04T08:00,23.1,81,19.6,872.4,7.7,298,Ratnapark,27.7063,85.3152
2021-06-04T09:00,23.7,80,20.0,872.8,8.9,297,Ratnapark,27.7063,85.3152
2021-06-04T10:00,25.0,70,19.1,872.7,9.0,299,Ratnapark,27.7063,85.3152
2021-06-04T11:00,25.6,65,18.6,872.4,9.6,304,Ratnapark,27.7063,85.3152
2021-06-04T12:00,26.3,61,18.3,872.0,10.8,300,Ratnapark,27.7063,85.3152
2021-06-04T13:00,25.8,64,18.5,871.2,11.1,299,Ratnapark,27.7063,85.3152
2021-06-04T14:00,25.9,64,18.6,870.4,9.2,301,Ratnapark,27.7063,85.3152
2021-06-04T15:00,25.3,68,18.9,869.5,9.7,297,Ratnapark,27.7063,85.3152
2021-06-04T16:00,24.7,71,19.1,869.1,9.0,293,Ratnapark,27.7063,85.3152
2021-06-04T17:00,24.0,75,19.2,868.9,5.9,322,Ratnapark,27.7063,85.3152
2021-06-04T18:00,22.2,88,20.1,868.3,5.2,304,Ratnapark,27.7063,85.3152
2021-06-04T19:00,22.5,80,18.9,869.1,2.8,230,Ratnapark,27.7063,85.3152
2021-06-04T20:00,20.4,91,18.8,868.9,1.9,202,Ratnapark,27.7063,85.3152
2021-06-04T21:00,19.6,94,18.6,869.0,1.8,191,Ratnapark,27.7063,85.3152
2021-06-04T22:00,19.1,95,18.3,869.1,1.4,180,Ratnapark,27.7063,85.3152
2021-06-04T23:00,18.8,96,18.2,868.6,0.4,180,Ratnapark,27.7063,85.3152
2021-06-05T00:00,18.5,97,18.0,868.2,0.7,180,Ratnapark,27.7063,85.3152
2021-06-05T01:00,18.4,97,17.9,867.7,0.7,180,Ratnapark,27.7063,85.3152
2021-06-05T02:00,18.3,98,17.9,867.3,1.1,180,Ratnapark,27.7063,85.3152
2021-06-05T03:00,18.1,98,17.8,867.1,1.4,180,Ratnapark,27.7063,85.3152
2021-06-05T04:00,17.9,98,17.6,867.3,0.7,180,Ratnapark,27.7063,85.3152
2021-06-05T05:00,18.0,98,17.6,868.1,1.1,162,Ratnapark,27.7063,85.3152
2021-06-05T06:00,20.9,91,19.4,870.2,2.5,315,Ratnapark,27.7063,85.3152
2021-06-05T07:00,22.1,86,19.6,870.9,3.3,319,Ratnapark,27.7063,85.3152
2021-06-05T08:00,23.6,79,19.7,871.1,4.8,318,Ratnapark,27.7063,85.3152
2021-06-05T09:00,25.2,70,19.4,871.4,6.5,304,Ratnapark,27.7063,85.3152
2021-06-05T10:00,26.4,64,19.1,871.6,8.5,298,Ratnapark,27.7063,85.3152
2021-06-05T11:00,27.0,60,18.4,871.5,10.5,297,Ratnapark,27.7063,85.3152
2021-06-05T12:00,26.9,59,18.1,870.7,10.9,297,Ratnapark,27.7063,85.3152
2021-06-05T13:00,26.8,61,18.6,870.1,11.3,307,Ratnapark,27.7063,85.3152
2021-06-05T14:00,25.9,66,19.1,869.1,11.2,310,Ratnapark,27.7063,85.3152
2021-06-05T15:00,25.9,65,18.7,868.6,10.3,295,Ratnapark,27.7063,85.3152
2021-06-05T16:00,25.0,70,19.0,868.4,10.1,305,Ratnapark,27.7063,85.3152
2021-06-05T17:00,23.9,76,19.3,868.0,9.2,301,Ratnapark,27.7063,85.3152
2021-06-05T18:00,22.3,85,19.6,867.8,3.7,299,Ratnapark,27.7063,85.3152
2021-06-05T19:00,21.9,84,19.2,868.6,4.3,275,Ratnapark,27.7063,85.3152
2021-06-05T20:00,21.4,87,19.2,869.3,3.1,216,Ratnapark,27.7063,85.3152
2021-06-05T21:00,21.2,88,19.2,869.8,3.2,243,Ratnapark,27.7063,85.3152
2021-06-05T22:00,20.9,91,19.3,870.0,2.5,225,Ratnapark,27.7063,85.3152
2021-06-05T23:00,20.2,94,19.3,869.5,2.6,196,Ratnapark,27.7063,85.3152
2021-06-06T00:00,19.6,97,19.1,868.7,3.2,207,Ratnapark,27.7063,85.3152
2021-06-06T01:00,19.3,98,19.0,868.1,3.2,207,Ratnapark,27.7063,85.3152
2021-06-06T02:00,18.7,100,18.6,867.5,3.3,193,Ratnapark,27.7063,85.3152
2021-06-06T03:00,18.5,100,18.5,867.2,2.2,180,Ratnapark,27.7063,85.3152
2021-06-06T04:00,18.5,99,18.4,867.5,2.2,180,Ratnapark,27.7063,85.3152
2021-06-06T05:00,19.2,98,18.8,868.4,3.0,166,Ratnapark,27.7063,85.3152
2021-06-06T06:00,20.9,93,19.7,869.3,3.4,148,Ratnapark,27.7063,85.3152
2021-06-06T07:00,22.9,82,19.6,870.3,0.7,90,Ratnapark,27.7063,85.3152
2021-06-06T08:00,24.5,73,19.4,870.5,5.2,286,Ratnapark,27.7063,85.3152
2021-06-06T09:00,25.5,68,19.3,870.8,8.4,301,Ratnapark,27.7063,85.3152
2021-06-06T10:00,26.3,66,19.4,870.5,11.9,295,Ratnapark,27.7063,85.3152
2021-06-06T11:00,26.1,67,19.5,870.0,12.9,288,Ratnapark,27.7063,85.3152
2021-06-06T12:00,25.8,70,19.8,869.2,13.4,290,Ratnapark,27.7063,85.3152
2021-06-06T13:00,25.6,69,19.5,868.3,12.7,299,Ratnapark,27.7063,85.3152
2021-06-06T14:00,25.1,73,20.0,867.6,12.5,303,Ratnapark,27.7063,85.3152
2021-06-06T15:00,24.6,76,20.0,867.0,12.3,308,Ratnapark,27.7063,85.3152
2021-06-06T16:00,23.7,81,20.2,866.8,10.5,311,Ratnapark,27.7063,85.3152
2021-06-06T17:00,23.1,86,20.7,866.4,7.5,305,Ratnapark,27.7063,85.3152
2021-06-06T18:00,21.9,94,20.8,866.5,3.6,323,Ratnapark,27.7063,85.3152
2021-06-06T19:00,21.4,95,20.6,866.9,4.3,294,Ratnapark,27.7063,85.3152
2021-06-06T20:00,20.3,98,19.9,867.0,1.4,180,Ratnapark,27.7063,85.3152
2021-06-06T21:00,19.9,99,19.7,867.5,2.2,180,Ratnapark,27.7063,85.3152
2021-06-06T22:00,19.8,96,19.2,868.3,4.3,265,Ratnapark,27.7063,85.3152
2021-06-06T23:00,20.4,95,19.6,868.7,4.7,293,Ratnapark,27.7063,85.3152
2021-06-07T00:00,19.8,98,19.5,868.3,2.6,304,Ratnapark,27.7063,85.3152
2021-06-07T01:00,19.5,99,19.3,867.4,1.5,166,Ratnapark,27.7063,85.3152
2021-06-07T02:00,18.9,99,18.8,866.5,2.2,180,Ratnapark,27.7063,85.3152
2021-06-07T03:00,18.5,100,18.5,866.1,2.2,171,Ratnapark,27.7063,85.3152
2021-06-07T04:00,18.3,99,18.2,865.9,2.6,164,Ratnapark,27.7063,85.3152
2021-06-07T05:00,19.1,97,18.6,866.6,3.2,180,Ratnapark,27.7063,85.3152
2021-06-07T06:00,20.9,93,19.6,867.6,2.2,171,Ratnapark,27.7063,85.3152
2021-06-07T07:00,22.8,86,20.3,868.4,0.5,45,Ratnapark,27.7063,85.3152
2021-06-07T08:00,24.6,76,20.0,868.8,3.6,315,Ratnapark,27.7063,85.3152
2021-06-07T09:00,26.2,64,18.8,869.2,8.3,304,Ratnapark,27.7063,85.3152
2021-06-07T10:00,27.0,58,18.2,869.2,11.1,306,Ratnapark,27.7063,85.3152
2021-06-07T11:00,27.4,57,18.1,868.7,12.0,303,Ratnapark,27.7063,85.3152
2021-06-07T12:00,27.5,58,18.5,868.0,11.4,298,Ratnapark,27.7063,85.3152
2021-06-07T13:00,27.5,59,18.7,867.1,10.8,300,Ratnapark,27.7063,85.3152
2021-06-07T14:00,27.2,61,18.9,866.5,9.5,295,Ratnapark,27.7063,85.3152
2021-06-07T15:00,26.8,63,19.2,865.8,9.3,298,Ratnapark,27.7063,85.3152
2021-06-07T16:00,25.9,67,19.4,865.7,9.2,301,Ratnapark,27.7063,85.3152
2021-06-07T17:00,25.0,73,19.8,865.0,8.1,302,Ratnapark,27.7063,85.3152
2021-06-07T18:00,23.2,84,20.4,865.1,3.8,311,Ratnapark,27.7063,85.3152
2021-06-07T19:00,23.2,80,19.6,866.1,4.0,280,Ratnapark,27.7063,85.3152
2021-06-07T20:00,22.1,86,19.6,866.5,2.9,210,Ratnapark,27.7063,85.3152
2021-06-07T21:00,20.7,94,19.7,866.7,3.2,207,Ratnapark,27.7063,85.3152
2021-06-07T22:00,20.5,95,19.6,867.0,2.7,203,Ratnapark,27.7063,85.3152
2021-06-07T23:00,20.3,95,19.4,867.0,2.7,203,Ratnapark,27.7063,85.3152
2021-06-08T00:00,19.9,96,19.2,866.3,2.2,171,Ratnapark,27.7063,85.3152
2021-06-08T01:00,19.3,96,18.6,865.4,2.4,207,Ratnapark,27.7063,85.3152
2021-06-08T02:00,18.7,97,18.2,864.3,1.4,180,Ratnapark,27.7063,85.3152
2021-06-08T03:00,18.5,98,18.1,864.0,1.4,180,Ratnapark,27.7063,85.3152
2021-06-08T04:00,18.3,98,17.9,864.0,1.1,162,Ratnapark,27.7063,85.3152
2021-06-08T05:00,17.6,99,17.5,864.0,3.4,162,Ratnapark,27.7063,85.3152
2021-06-08T06:00,21.6,86,19.2,866.2,3.3,131,Ratnapark,27.7063,85.3152
2021-06-08T07:00,23.8,75,19.1,867.4,3.4,72,Ratnapark,27.7063,85.3152
2021-06-08T08:00,25.2,67,18.6,867.7,3.6,323,Ratnapark,27.7063,85.3152
2021-06-08T09:00,26.0,64,18.6,868.1,6.5,304,Ratnapark,27.7063,85.3152
2021-06-08T10:00,26.7,63,19.0,868.2,7.6,289,Ratnapark,27.7063,85.3152
2021-06-08T11:00,26.5,66,19.8,867.8,6.9,279,Ratnapark,27.7063,85.3152
2021-06-08T12:00,26.3,68,19.9,867.2,7.8,257,Ratnapark,27.7063,85.3152
2021-06-08T13:00,26.3,66,19.4,866.2,8.0,297,Ratnapark,27.7063,85.3152
2021-06-08T14:00,26.4,63,18.8,865.7,8.4,295,Ratnapark,27.7063,85.3152
2021-06-08T15:00,25.4,69,19.4,865.0,8.3,288,Ratnapark,27.7063,85.3152
2021-06-08T16:00,24.3,73,19.3,864.7,8.8,289,Ratnapark,27.7063,85.3152
2021-06-08T17:00,23.3,82,20.1,864.6,3.0,346,Ratnapark,27.7063,85.3152
2021-06-08T18:00,22.4,91,20.9,864.3,2.5,172,Ratnapark,27.7063,85.3152
2021-06-08T19:00,21.0,95,20.1,864.2,2.7,157,Ratnapark,27.7063,85.3152
2021-06-08T20:00,20.8,95,20.0,865.0,3.2,180,Ratnapark,27.7063,85.3152
2021-06-08T21:00,20.4,97,19.9,865.6,2.9,173,Ratnapark,27.7063,85.3152
2021-06-08T22:00,20.3,98,19.9,866.0,4.0,170,Ratnapark,27.7063,85.3152
2021-06-08T23:00,20.2,98,19.8,865.8,3.3,174,Ratnapark,27.7063,85.3152
2021-06-09T00:00,19.9,98,19.6,865.5,2.9,180,Ratnapark,27.7063,85.3152
2021-06-09T01:00,19.7,96,19.1,864.9,3.4,162,Ratnapark,27.7063,85.3152
2021-06-09T02:00,19.6,97,19.1,864.0,4.8,153,Ratnapark,27.7063,85.3152
2021-06-09T03:00,19.5,97,19.0,863.4,5.8,158,Ratnapark,27.7063,85.3152
2021-06-09T04:00,19.2,98,18.8,863.2,4.0,170,Ratnapark,27.7063,85.3152
2021-06-09T05:00,19.9,98,19.5,864.7,2.9,180,Ratnapark,27.7063,85.3152
2021-06-09T06:00,21.2,93,20.1,866.1,2.3,129,Ratnapark,27.7063,85.3152
2021-06-09T07:00,22.1,88,20.0,866.9,3.7,101,Ratnapark,27.7063,85.3152
2021-06-09T08:00,23.2,79,19.4,867.2,4.1,105,Ratnapark,27.7063,85.3152
2021-06-09T09:00,24.9,71,19.2,867.6,5.1,86,Ratnapark,27.7063,85.3152
2021-06-09T10:00,26.1,64,18.9,867.7,6.2,80,Ratnapark,27.7063,85.3152
2021-06-09T11:00,27.6,62,19.6,867.7,4.4,81,Ratnapark,27.7063,85.3152
2021-06-09T12:00,27.6,63,19.9,867.1,1.1,90,Ratnapark,27.7063,85.3152
2021-06-09T13:00,26.4,69,20.2,866.4,4.1,308,Ratnapark,27.7063,85.3152
2021-06-09T14:00,25.2,74,20.1,865.3,5.4,318,Ratnapark,27.7063,85.3152
2021-06-09T15:00,24.8,77,20.5,864.5,4.8,333,Ratnapark,27.7063,85.3152
2021-06-09T16:00,25.1,75,20.4,864.3,4.3,318,Ratnapark,27.7063,85.3152
2021-06-09T17:00,23.9,82,20.7,865.0,5.6,310,Ratnapark,27.7063,85.3152
2021-06-09T18:00,23.0,86,20.6,865.3,3.0,284,Ratnapark,27.7063,85.3152
2021-06-09T19:00,21.7,95,20.9,865.7,2.6,254,Ratnapark,27.7063,85.3152
2021-06-09T20:00,21.0,98,20.7,865.8,0.7,180,Ratnapark,27.7063,85.3152
2021-06-09T21:00,20.8,99,20.6,866.2,2.3,162,Ratnapark,27.7063,85.3152
2021-06-09T22:00,20.4,98,20.1,866.5,4.2,160,Ratnapark,27.7063,85.3152
2021-06-09T23:00,20.0,98,19.7,866.2,5.3,152,Ratnapark,27.7063,85.3152
2021-06-10T00:00,19.7,99,19.5,865.7,4.8,153,Ratnapark,27.7063,85.3152
2021-06-10T01:00,19.7,99,19.5,865.4,4.8,138,Ratnapark,27.7063,85.3152
2021-06-10T02:00,19.8,99,19.6,864.6,4.6,135,Ratnapark,27.7063,85.3152
2021-06-10T03:00,19.6,100,19.6,864.2,2.9,150,Ratnapark,27.7063,85.3152
2021-06-10T04:00,19.2,100,19.2,864.2,1.8,180,Ratnapark,27.7063,85.3152
2021-06-10T05:00,19.9,99,19.7,865.1,2.6,146,Ratnapark,27.7063,85.3152
2021-06-10T06:00,21.1,92,19.8,866.0,3.8,107,Ratnapark,27.7063,85.3152
2021-06-10T07:00,22.4,85,19.8,866.4,6.1,118,Ratnapark,27.7063,85.3152
2021-06-10T08:00,23.8,76,19.3,866.6,6.0,115,Ratnapark,27.7063,85.3152
2021-06-10T09:00,25.4,68,19.0,867.1,5.2,124,Ratnapark,27.7063,85.3152
2021-06-10T10:00,26.2,64,18.9,867.3,3.6,174,Ratnapark,27.7063,85.3152
2021-06-10T11:00,25.9,67,19.4,867.2,4.8,257,Ratnapark,27.7063,85.3152
2021-06-10T12:00,25.6,74,20.6,866.5,2.6,304,Ratnapark,27.7063,85.3152
2021-06-10T13:00,24.4,78,20.4,865.5,6.9,298,Ratnapark,27.7063,85.3152
2021-06-10T14:00,23.3,82,20.1,864.8,5.1,315,Ratnapark,27.7063,85.3152
2021-06-10T15:00,23.0,87,20.7,864.2,3.7,331,Ratnapark,27.7063,85.3152
2021-06-10T16:00,23.1,85,20.4,863.8,2.3,321,Ratnapark,27.7063,85.3152
2021-06-10T17:00,22.4,90,20.6,864.4,3.0,346,Ratnapark,27.7063,85.3152
2021-06-10T18:00,21.7,95,20.8,864.5,1.8,53,Ratnapark,27.7063,85.3152
2021-06-10T19:00,20.8,98,20.5,864.5,2.6,124,Ratnapark,27.7063,85.3152
2021-06-10T20:00,20.6,98,20.2,864.8,4.5,151,Ratnapark,27.7063,85.3152
2021-06-10T21:00,20.1,98,19.8,865.1,4.2,160,Ratnapark,27.7063,85.3152
2021-06-10T22:00,19.6,100,19.6,865.1,2.2,171,Ratnapark,27.7063,85.3152
2021-06-10T23:00,19.4,100,19.4,864.7,1.1,162,Ratnapark,27.7063,85.3152
2021-06-11T00:00,19.1,100,19.1,864.2,0.4,180,Ratnapark,27.7063,85.3152
2021-06-11T01:00,19.3,99,19.2,863.6,1.9,158,Ratnapark,27.7063,85.3152
2021-06-11T02:00,18.9,100,18.9,862.9,3.8,163,Ratnapark,27.7063,85.3152
2021-06-11T03:00,18.6,100,18.6,862.6,2.6,164,Ratnapark,27.7063,85.3152
2021-06-11T04:00,18.4,100,18.3,862.4,1.1,162,Ratnapark,27.7063,85.3152
2021-06-11T05:00,18.7,99,18.5,863.4,2.2,171,Ratnapark,27.7063,85.3152
2021-06-11T06:00,20.4,93,19.2,864.3,1.6,153,Ratnapark,27.7063,85.3152
2021-06-11T07:00,22.2,85,19.6,865.1,0.7,180,Ratnapark,27.7063,85.3152
2021-06-11T08:00,24.1,78,19.9,865.7,1.1,162,Ratnapark,27.7063,85.3152
2021-06-11T09:00,25.8,70,19.9,866.3,1.3,236,Ratnapark,27.7063,85.3152
2021-06-11T10:00,26.9,68,20.5,866.8,3.4,302,Ratnapark,27.7063,85.3152
2021-06-11T11:00,26.3,75,21.5,866.2,5.9,284,Ratnapark,27.7063,85.3152
2021-06-11T12:00,24.5,80,20.8,865.1,5.6,285,Ratnapark,27.7063,85.3152
2021-06-11T13:00,23.7,87,21.4,864.6,0.8,207,Ratnapark,27.7063,85.3152
2021-06-11T14:00,23.2,86,20.6,864.4,6.5,180,Ratnapark,27.7063,85.3152
2021-06-11T15:00,22.2,91,20.6,864.1,2.6,214,Ratnapark,27.7063,85.3152
2021-06-11T16:00,21.7,90,19.9,864.1,3.2,333,Ratnapark,27.7063,85.3152
2021-06-11T17:00,21.9,91,20.3,863.7,2.9,330,Ratnapark,27.7063,85.3152
2021-06-11T18:00,21.4,94,20.3,864.3,2.6,16,Ratnapark,27.7063,85.3152
2021-06-11T19:00,20.9,97,20.5,864.8,1.5,166,Ratnapark,27.7063,85.3152
2021-06-11T20:00,20.6,99,20.4,865.3,2.2,189,Ratnapark,27.7063,85.3152
2021-06-11T21:00,20.5,99,20.3,865.7,3.2,153,Ratnapark,27.7063,85.3152
2021-06-11T22:00,20.3,99,20.1,865.7,3.6,135,Ratnapark,27.7063,85.3152
2021-06-11T23:00,20.1,99,20.0,865.4,2.8,140,Ratnapark,27.7063,85.3152
2021-06-12T00:00,20.0,99,19.9,865.0,1.8,143,Ratnapark,27.7063,85.3152
2021-06-12T01:00,19.8,99,19.7,864.4,1.8,191,Ratnapark,27.7063,85.3152
2021-06-12T02:00,19.6,99,19.5,863.8,2.5,172,Ratnapark,27.7063,85.3152
2021-06-12T03:00,19.5,99,19.4,863.6,1.8,191,Ratnapark,27.7063,85.3152
2021-06-12T04:00,19.3,100,19.2,863.8,1.4,180,Ratnapark,27.7063,85.3152
2021-06-12T05:00,19.8,99,19.7,864.0,3.2,153,Ratnapark,27.7063,85.3152
2021-06-12T06:00,20.4,96,19.8,865.1,1.8,143,Ratnapark,27.7063,85.3152
2021-06-12T07:00,20.6,94,19.6,866.2,1.0,225,Ratnapark,27.7063,85.3152
2021-06-12T08:00,21.0,90,19.3,867.0,2.5,278,Ratnapark,27.7063,85.3152
2021-06-12T09:00,21.2,88,19.1,867.4,3.6,323,Ratnapark,27.7063,85.3152
2021-06-12T10:00,21.2,88,19.2,867.4,4.7,337,Ratnapark,27.7063,85.3152
2021-06-12T11:00,22.0,85,19.3,867.5,6.3,336,Ratnapark,27.7063,85.3152
2021-06-12T12:00,22.3,86,19.8,866.7,6.0,327,Ratnapark,27.7063,85.3152
2021-06-12T13:00,22.0,87,19.6,865.9,5.4,307,Ratnapark,27.7063,85.3152
2021-06-12T14:00,22.7,83,19.7,865.5,4.1,308,Ratnapark,27.7063,85.3152
2021-06-12T15:00,22.8,83,19.7,865.0,3.5,336,Ratnapark,27.7063,85.3152
2021-06-12T16:00,22.9,82,19.7,864.6,2.8,320,Ratnapark,27.7063,85.3152
2021-06-12T17:00,21.9,85,19.3,865.0,1.1,90,Ratnapark,27.7063,85.3152
2021-06-12T18:00,21.1,93,20.0,865.3,2.3,72,Ratnapark,27.7063,85.3152
2021-06-12T19:00,20.8,97,20.3,865.8,2.6,124,Ratnapark,27.7063,85.3152
2021-06-12T20:00,20.6,98,20.3,866.5,2.6,106,Ratnapark,27.7063,85.3152
2021-06-12T21:00,20.5,99,20.3,867.0,2.8,130,Ratnapark,27.7063,85.3152
2021-06-12T22:00,20.4,99,20.3,867.0,3.9,112,Ratnapark,27.7063,85.3152
2021-06-12T23:00,20.3,99,20.1,866.9,4.8,117,Ratnapark,27.7063,85.3152
2021-06-13T00:00,20.2,99,20.0,866.4,4.3,114,Ratnapark,27.7063,85.3152
2021-06-13T01:00,20.0,99,19.8,866.0,3.6,96,Ratnapark,27.7063,85.3152
2021-06-13T02:00,19.8,99,19.6,865.4,3.4,122,Ratnapark,27.7063,85.3152
2021-06-13T03:00,19.7,99,19.5,865.0,2.7,157,Ratnapark,27.7063,85.3152
2021-06-13T04:00,19.4,99,19.3,864.6,2.9,173,Ratnapark,27.7063,85.3152
2021-06-13T05:00,19.9,98,19.6,865.3,2.5,135,Ratnapark,27.7063,85.3152
2021-06-13T06:00,20.4,97,19.9,865.9,1.6,117,Ratnapark,27.7063,85.3152
2021-06-13T07:00,21.4,93,20.2,866.9,2.5,90,Ratnapark,27.7063,85.3152
2021-06-13T08:00,22.3,88,20.2,867.3,3.6,45,Ratnapark,27.7063,85.3152
2021-06-13T09:00,22.4,82,19.2,867.4,4.8,42,Ratnapark,27.7063,85.3152
2021-06-13T10:00,22.7,83,19.6,867.2,5.6,40,Ratnapark,27.7063,85.3152
2021-06-13T11:00,24.9,77,20.6,867.5,5.2,25,Ratnapark,27.7063,85.3152
2021-06-13T12:00,24.9,75,20.2,866.6,4.4,55,Ratnapark,27.7063,85.3152
2021-06-13T13:00,24.0,78,19.9,865.6,1.1,90,Ratnapark,27.7063,85.3152
2021-06-13T14:00,23.1,84,20.3,864.9,2.5,8,Ratnapark,27.7063,85.3152
2021-06-13T15:00,22.7,86,20.3,864.4,3.6,45,Ratnapark,27.7063,85.3152
2021-06-13T16:00,23.1,84,20.2,863.9,4.6,72,Ratnapark,27.7063,85.3152
2021-06-13T17:00,21.9,91,20.5,864.6,2.6,16,Ratnapark,27.7063,85.3152
2021-06-13T18:00,21.4,95,20.6,864.8,2.3,51,Ratnapark,27.7063,85.3152
2021-06-13T19:00,21.2,97,20.8,865.2,1.9,112,Ratnapark,27.7063,85.3152
2021-06-13T20:00,21.1,98,20.7,865.6,2.4,117,Ratnapark,27.7063,85.3152
2021-06-13T21:00,21.0,98,20.6,866.2,4.0,117,Ratnapark,27.7063,85.3152
2021-06-13T22:00,20.9,97,20.4,866.4,4.2,110,Ratnapark,27.7063,85.3152
2021-06-13T23:00,20.7,98,20.3,865.9,3.3,103,Ratnapark,27.7063,85.3152
2021-06-14T00:00,20.4,98,20.2,865.1,1.6,117,Ratnapark,27.7063,85.3152
2021-06-14T01:00,20.2,99,20.0,864.7,1.8,169,Ratnapark,27.7063,85.3152
2021-06-14T02:00,20.0,99,19.8,864.0,1.5,166,Ratnapark,27.7063,85.3152
2021-06-14T03:00,19.8,99,19.6,863.5,2.8,140,Ratnapark,27.7063,85.3152
2021-06-14T04:00,19.6,98,19.2,863.1,4.3,138,Ratnapark,27.7063,85.3152
2021-06-14T05:00,19.3,98,18.9,863.1,4.8,153,Ratnapark,27.7063,85.3152
2021-06-14T06:00,21.2,90,19.6,864.2,3.8,139,Ratnapark,27.7063,85.3152
2021-06-14T07:00,22.5,84,19.8,865.3,2.7,113,Ratnapark,27.7063,85.3152
2021-06-14T08:00,22.2,88,20.2,865.4,3.8,49,Ratnapark,27.7063,85.3152
2021-06-14T09:00,22.0,91,20.4,865.5,2.7,23,Ratnapark,27.7063,85.3152
2021-06-14T10:00,22.9,85,20.2,865.7,2.9,360,Ratnapark,27.7063,85.3152
2021-06-14T11:00,23.7,79,19.9,865.5,4.8,347,Ratnapark,27.7063,85.3152
2021-06-14T12:00,23.8,82,20.4,864.3,3.9,338,Ratnapark,27.7063,85.3152
2021-06-14T13:00,23.9,82,20.6,863.4,2.8,320,Ratnapark,27.7063,85.3152
2021-06-14T14:00,24.6,77,20.4,863.1,0.5,45,Ratnapark,27.7063,85.3152
2021-06-14T15:00,25.0,77,20.6,862.9,1.4,270,Ratnapark,27.7063,85.3152
2021-06-14T16:00,23.3,86,20.8,862.6,3.0,166,Ratnapark,27.7063,85.3152
2021-06-14T17:00,22.9,86,20.5,862.3,1.4,360,Ratnapark,27.7063,85.3152
2021-06-14T18:00,22.0,94,21.1,862.5,2.8,40,Ratnapark,27.7063,85.3152
2021-06-14T19:00,21.7,97,21.2,862.7,3.7,79,Ratnapark,27.7063,85.3152
2021-06-14T20:00,21.6,96,20.8,863.1,4.8,103,Ratnapark,27.7063,85.3152
2021-06-14T21:00,21.2,95,20.5,863.4,4.9,107,Ratnapark,27.7063,85.3152
2021-06-14T22:00,20.9,95,20.1,863.4,4.7,113,Ratnapark,27.7063,85.3152
2021-06-14T23:00,20.7,95,19.9,862.8,5.2,115,Ratnapark,27.7063,85.3152
2021-06-15T00:00,20.5,96,19.9,862.3,4.8,117,Ratnapark,27.7063,85.3152
2021-06-15T01:00,20.4,97,19.9,861.6,3.8,107,Ratnapark,27.7063,85.3152
2021-06-15T02:00,20.4,97,19.9,861.1,4.0,100,Ratnapark,27.7063,85.3152
2021-06-15T03:00,20.3,98,19.9,860.8,3.4,122,Ratnapark,27.7063,85.3152
2021-06-15T04:00,20.2,98,19.9,860.6,3.3,131,Ratnapark,27.7063,85.3152
2021-06-15T05:00,20.2,97,19.8,860.8,6.4,106,Ratnapark,27.7063,85.3152
2021-06-15T06:00,20.5,96,19.9,861.1,6.6,119,Ratnapark,27.7063,85.3152
2021-06-15T07:00,21.0,95,20.1,861.8,5.4,127,Ratnapark,27.7063,85.3152
2021-06-15T08:00,21.2,94,20.2,862.1,5.2,115,Ratnapark,27.7063,85.3152
2021-06-15T09:00,21.5,93,20.3,862.4,6.8,115,Ratnapark,27.7063,85.3152
2021-06-15T10:00,22.1,90,20.5,862.7,6.8,87,Ratnapark,27.7063,85.3152
2021-06-15T11:00,23.8,79,19.9,862.7,7.6,82,Ratnapark,27.7063,85.3152
2021-06-15T12:00,22.4,90,20.6,862.1,5.1,86,Ratnapark,27.7063,85.3152
2021-06-15T13:00,23.2,88,21.1,861.8,5.2,102,Ratnapark,27.7063,85.3152
2021-06-15T14:00,22.6,88,20.6,861.4,6.1,93,Ratnapark,27.7063,85.3152
2021-06-15T15:00,22.4,91,20.9,861.4,6.1,87,Ratnapark,27.7063,85.3152
2021-06-15T16:00,22.2,91,20.7,861.5,6.5,87,Ratnapark,27.7063,85.3152
2021-06-15T17:00,21.7,93,20.6,862.1,8.1,111,Ratnapark,27.7063,85.3152
2021-06-15T18:00,21.3,93,20.0,862.8,7.2,108,Ratnapark,27.7063,85.3152
2021-06-15T19:00,20.8,95,20.0,863.2,6.8,108,Ratnapark,27.7063,85.3152
2021-06-15T20:00,20.6,95,19.8,863.4,6.4,133,Ratnapark,27.7063,85.3152
2021-06-15T21:00,20.4,97,19.8,863.7,5.6,130,Ratnapark,27.7063,85.3152
2021-06-15T22:00,20.2,98,19.8,863.4,5.2,146,Ratnapark,27.7063,85.3152
2021-06-15T23:00,19.9,98,19.6,862.7,4.8,167,Ratnapark,27.7063,85.3152
2021-06-16T00:00,20.0,98,19.6,862.5,3.8,163,Ratnapark,27.7063,85.3152
2021-06-16T01:00,19.9,98,19.6,862.3,2.3,162,Ratnapark,27.7063,85.3152
2021-06-16T02:00,19.7,99,19.5,862.1,3.6,135,Ratnapark,27.7063,85.3152
2021-06-16T03:00,19.7,98,19.4,862.0,4.5,151,Ratnapark,27.7063,85.3152
2021-06-16T04:00,19.4,98,19.1,862.0,2.5,172,Ratnapark,27.7063,85.3152
2021-06-16T05:00,19.5,99,19.4,863.1,1.1,108,Ratnapark,27.7063,85.3152
2021-06-16T06:00,20.2,97,19.7,863.9,3.3,103,Ratnapark,27.7063,85.3152
2021-06-16T07:00,20.6,94,19.7,864.5,3.1,126,Ratnapark,27.7063,85.3152
2021-06-16T08:00,21.3,91,19.7,864.8,3.3,103,Ratnapark,27.7063,85.3152
2021-06-16T09:00,24.1,78,20.1,865.6,4.5,76,Ratnapark,27.7063,85.3152
2021-06-16T10:00,25.3,75,20.6,865.8,2.8,50,Ratnapark,27.7063,85.3152
2021-06-16T11:00,24.4,81,20.9,865.6,2.3,342,Ratnapark,27.7063,85.3152
2021-06-16T12:00,23.8,83,20.8,865.1,5.6,320,Ratnapark,27.7063,85.3152
2021-06-16T13:00,23.1,88,21.0,864.4,3.1,291,Ratnapark,27.7063,85.3152
2021-06-16T14:00,23.3,87,20.9,864.1,5.2,286,Ratnapark,27.7063,85.3152
2021-06-16T15:00,22.2,92,20.8,863.9,8.4,317,Ratnapark,27.7063,85.3152
2021-06-16T16:00,21.9,91,20.4,864.1,6.9,313,Ratnapark,27.7063,85.3152
2021-06-16T17:00,21.7,93,20.5,864.3,3.4,328,Ratnapark,27.7063,85.3152
2021-06-16T18:00,21.2,95,20.4,864.6,2.6,326,Ratnapark,27.7063,85.3152
2021-06-16T19:00,20.6,98,20.4,865.1,3.1,324,Ratnapark,27.7063,85.3152
2021-06-16T20:00,20.3,100,20.2,865.4,1.9,292,Ratnapark,27.7063,85.3152
2021-06-16T21:00,20.1,100,20.1,866.1,1.1,162,Ratnapark,27.7063,85.3152
2021-06-16T22:00,20.0,100,19.9,866.0,2.2,279,Ratnapark,27.7063,85.3152
2021-06-16T23:00,19.7,100,19.7,865.5,2.5,278,Ratnapark,27.7063,85.3152
2021-06-17T00:00,19.6,99,19.5,865.0,1.8,217,Ratnapark,27.7063,85.3152
2021-06-17T01:00,19.5,99,19.4,864.5,1.8,191,Ratnapark,27.7063,85.3152
2021-06-17T02:00,19.4,100,19.4,863.9,2.0,225,Ratnapark,27.7063,85.3152
2021-06-17T03:00,19.4,100,19.3,863.8,1.8,259,Ratnapark,27.7063,85.3152
2021-06-17T04:00,19.3,99,19.1,863.4,1.8,169,Ratnapark,27.7063,85.3152
2021-06-17T05:00,19.3,99,19.1,863.6,4.7,171,Ratnapark,27.7063,85.3152
2021-06-17T06:00,20.6,95,19.8,864.6,3.3,131,Ratnapark,27.7063,85.3152
2021-06-17T07:00,21.4,91,19.8,865.7,2.2,90,Ratnapark,27.7063,85.3152
2021-06-17T08:00,22.2,88,20.1,866.2,2.9,120,Ratnapark,27.7063,85.3152
2021-06-17T09:00,23.9,83,20.8,866.6,2.6,74,Ratnapark,27.7063,85.3152
2021-06-17T10:00,25.1,79,21.3,866.8,4.2,20,Ratnapark,27.7063,85.3152
2021-06-17T11:00,24.6,80,20.9,866.4,5.3,28,Ratnapark,27.7063,85.3152
2021-06-17T12:00,24.5,82,21.2,866.1,6.5,360,Ratnapark,27.7063,85.3152
2021-06-17T13:00,24.0,82,20.6,865.7,7.4,321,Ratnapark,27.7063,85.3152
2021-06-17T14:00,23.1,84,20.2,865.4,8.7,300,Ratnapark,27.7063,85.3152
2021-06-17T15:00,22.6,86,20.1,865.1,6.2,306,Ratnapark,27.7063,85.3152
2021-06-17T16:00,22.8,82,19.6,865.0,3.5,294,Ratnapark,27.7063,85.3152
2021-06-17T17:00,22.4,84,19.6,864.9,3.8,311,Ratnapark,27.7063,85.3152
2021-06-17T18:00,21.6,91,20.1,865.0,1.5,346,Ratnapark,27.7063,85.3152
2021-06-17T19:00,20.6,94,19.6,865.3,2.4,207,Ratnapark,27.7063,85.3152
2021-06-17T20:00,20.6,97,20.1,866.2,1.5,194,Ratnapark,27.7063,85.3152
2021-06-17T21:00,20.4,97,19.9,866.8,0.4,180,Ratnapark,27.7063,85.3152
2021-06-17T22:00,20.0,98,19.7,866.7,1.1,162,Ratnapark,27.7063,85.3152
2021-06-17T23:00,19.7,98,19.4,866.3,2.6,164,Ratnapark,27.7063,85.3152
2021-06-18T00:00,19.3,99,19.2,865.6,1.9,158,Ratnapark,27.7063,85.3152
2021-06-18T01:00,19.4,99,19.3,865.2,3.2,153,Ratnapark,27.7063,85.3152
2021-06-18T02:00,19.0,100,19.0,864.5,1.8,180,Ratnapark,27.7063,85.3152
2021-06-18T03:00,19.0,99,18.9,864.1,0.7,180,Ratnapark,27.7063,85.3152
2021-06-18T04:00,19.0,99,18.8,864.2,0.4,180,Ratnapark,27.7063,85.3152
2021-06-18T05:00,19.6,99,19.5,864.8,0.8,153,Ratnapark,27.7063,85.3152
2021-06-18T06:00,20.7,94,19.6,865.7,0.8,153,Ratnapark,27.7063,85.3152
2021-06-18T07:00,21.8,88,19.8,866.4,0.5,135,Ratnapark,27.7063,85.3152
2021-06-18T08:00,23.4,80,19.9,867.1,2.3,39,Ratnapark,27.7063,85.3152
2021-06-18T09:00,24.4,79,20.6,867.4,1.9,68,Ratnapark,27.7063,85.3152
2021-06-18T10:00,24.5,81,21.1,867.2,2.8,50,Ratnapark,27.7063,85.3152
2021-06-18T11:00,24.6,78,20.5,867.1,6.6,49,Ratnapark,27.7063,85.3152
2021-06-18T12:00,25.1,79,21.2,866.8,6.8,72,Ratnapark,27.7063,85.3152
2021-06-18T13:00,24.9,80,21.3,866.2,4.7,99,Ratnapark,27.7063,85.3152
2021-06-18T14:00,24.7,81,21.3,865.7,7.4,104,Ratnapark,27.7063,85.3152
2021-06-18T15:00,25.0,79,21.2,865.6,8.0,108,Ratnapark,27.7063,85.3152
2021-06-18T16:00,23.2,85,20.4,865.2,8.2,131,Ratnapark,27.7063,85.3152
2021-06-18T17:00,23.7,82,20.3,864.7,5.5,79,Ratnapark,27.7063,85.3152
2021-06-18T18:00,22.3,88,20.2,865.1,3.3,103,Ratnapark,27.7063,85.3152
2021-06-18T19:00,21.5,89,19.6,866.0,5.0,120,Ratnapark,27.7063,85.3152
2021-06-18T20:00,21.2,95,20.3,866.6,2.3,141,Ratnapark,27.7063,85.3152
2021-06-18T21:00,20.9,95,20.1,867.0,3.3,131,Ratnapark,27.7063,85.3152
2021-06-18T22:00,20.8,96,20.1,867.2,3.6,135,Ratnapark,27.7063,85.3152
2021-06-18T23:00,20.5,98,20.1,866.7,3.6,127,Ratnapark,27.7063,85.3152
2021-06-19T00:00,20.3,98,20.1,866.1,4.8,103,Ratnapark,27.7063,85.3152
2021-06-19T01:00,20.2,98,19.9,865.8,5.9,101,Ratnapark,27.7063,85.3152
2021-06-19T02:00,19.9,97,19.4,865.2,7.8,103,Ratnapark,27.7063,85.3152
2021-06-19T03:00,19.7,96,19.1,865.2,8.0,108,Ratnapark,27.7063,85.3152
2021-06-19T04:00,19.6,96,19.0,865.3,9.1,108,Ratnapark,27.7063,85.3152
2021-06-19T05:00,19.3,96,18.7,865.5,6.1,135,Ratnapark,27.7063,85.3152
2021-06-19T06:00,20.0,93,18.9,866.0,6.2,126,Ratnapark,27.7063,85.3152
2021-06-19T07:00,21.1,89,19.2,867.0,6.0,115,Ratnapark,27.7063,85.3152
2021-06-19T08:00,22.3,83,19.4,867.6,6.2,100,Ratnapark,27.7063,85.3152
2021-06-19T09:00,24.1,76,19.7,868.3,5.2,102,Ratnapark,27.7063,85.3152
2021-06-19T10:00,25.7,73,20.5,868.3,3.6,53,Ratnapark,27.7063,85.3152
2021-06-19T11:00,25.1,73,19.9,867.9,8.5,78,Ratnapark,27.7063,85.3152
2021-06-19T12:00,22.6,84,19.8,867.5,13.8,110,Ratnapark,27.7063,85.3152
2021-06-19T13:00,21.8,87,19.5,866.8,10.0,111,Ratnapark,27.7063,85.3152
2021-06-19T14:00,22.3,82,19.2,866.6,11.0,101,Ratnapark,27.7063,85.3152
2021-06-19T15:00,22.0,85,19.4,866.0,11.5,94,Ratnapark,27.7063,85.3152
2021-06-19T16:00,21.9,83,19.0,865.7,10.2,100,Ratnapark,27.7063,85.3152
2021-06-19T17:00,22.7,76,18.3,865.2,4.5,76,Ratnapark,27.7063,85.3152
2021-06-19T18:00,21.6,83,18.6,865.2,3.6,90,Ratnapark,27.7063,85.3152
2021-06-19T19:00,21.0,84,18.2,865.8,4.0,100,Ratnapark,27.7063,85.3152
2021-06-19T20:00,20.5,89,18.7,866.3,2.6,106,Ratnapark,27.7063,85.3152
2021-06-19T21:00,20.3,94,19.3,866.8,2.3,108,Ratnapark,27.7063,85.3152
2021-06-19T22:00,20.1,94,19.1,866.7,3.5,114,Ratnapark,27.7063,85.3152
2021-06-19T23:00,19.8,95,18.9,865.8,4.3,138,Ratnapark,27.7063,85.3152
2021-06-20T00:00,19.6,96,19.0,864.9,3.5,156,Ratnapark,27.7063,85.3152
2021-06-20T01:00,19.5,98,19.1,864.4,2.7,157,Ratnapark,27.7063,85.3152
2021-06-20T02:00,19.4,97,18.9,864.3,5.9,133,Ratnapark,27.7063,85.3152
2021-06-20T03:00,19.4,97,18.9,864.4,5.9,128,Ratnapark,27.7063,85.3152
2021-06-20T04:00,19.4,97,18.9,864.7,4.6,129,Ratnapark,27.7063,85.3152
2021-06-20T05:00,19.2,96,18.5,864.2,5.6,135,Ratnapark,27.7063,85.3152
2021-06-20T06:00,19.9,94,18.9,865.3,6.0,123,Ratnapark,27.7063,85.3152
2021-06-20T07:00,20.5,91,19.0,866.2,8.1,111,Ratnapark,27.7063,85.3152
2021-06-20T08:00,20.9,89,19.0,866.6,9.3,106,Ratnapark,27.7063,85.3152
2021-06-20T09:00,22.0,83,19.1,866.9,9.8,118,Ratnapark,27.7063,85.3152
2021-06-20T10:00,22.8,80,19.2,867.1,10.0,116,Ratnapark,27.7063,85.3152
2021-06-20T11:00,23.0,81,19.6,867.1,8.7,120,Ratnapark,27.7063,85.3152
2021-06-20T12:00,23.0,80,19.3,866.5,8.2,128,Ratnapark,27.7063,85.3152
2021-06-20T13:00,23.3,77,19.0,866.2,8.1,122,Ratnapark,27.7063,85.3152
2021-06-20T14:00,23.1,82,19.9,865.9,6.2,111,Ratnapark,27.7063,85.3152
2021-06-20T15:00,22.1,90,20.3,865.6,5.0,120,Ratnapark,27.7063,85.3152
2021-06-20T16:00,21.9,90,20.2,865.6,3.4,108,Ratnapark,27.7063,85.3152
2021-06-20T17:00,21.7,92,20.4,865.7,2.2,90,Ratnapark,27.7063,85.3152
2021-06-20T18:00,21.3,95,20.5,866.1,3.7,101,Ratnapark,27.7063,85.3152
2021-06-20T19:00,20.8,96,20.1,866.6,4.2,121,Ratnapark,27.7063,85.3152
2021-06-20T20:00,20.6,96,20.0,867.0,3.4,122,Ratnapark,27.7063,85.3152
2021-06-20T21:00,20.4,97,19.9,867.5,4.0,117,Ratnapark,27.7063,85.3152
2021-06-20T22:00,20.2,97,19.7,867.4,4.1,135,Ratnapark,27.7063,85.3152
2021-06-20T23:00,20.0,98,19.6,866.8,3.7,119,Ratnapark,27.7063,85.3152
2021-06-21T00:00,19.8,98,19.5,866.2,3.6,135,Ratnapark,27.7063,85.3152
2021-06-21T01:00,19.5,98,19.3,865.5,4.8,117,Ratnapark,27.7063,85.3152
2021-06-21T02:00,19.4,98,19.1,865.1,4.8,132,Ratnapark,27.7063,85.3152
2021-06-21T03:00,19.3,98,19.0,864.8,5.5,122,Ratnapark,27.7063,85.3152
2021-06-21T04:00,19.2,98,18.9,864.9,7.1,120,Ratnapark,27.7063,85.3152
2021-06-21T05:00,19.2,98,18.8,864.9,3.4,148,Ratnapark,27.7063,85.3152
2021-06-21T06:00,20.5,94,19.5,866.0,5.5,122,Ratnapark,27.7063,85.3152
2021-06-21T07:00,22.2,84,19.4,867.2,6.8,108,Ratnapark,27.7063,85.3152
2021-06-21T08:00,23.4,77,19.2,867.6,10.2,98,Ratnapark,27.7063,85.3152
2021-06-21T09:00,24.6,73,19.3,868.0,11.6,106,Ratnapark,27.7063,85.3152
2021-06-21T10:00,26.2,66,19.2,868.3,11.8,121,Ratnapark,27.7063,85.3152
2021-06-21T11:00,25.7,67,19.2,868.1,9.5,143,Ratnapark,27.7063,85.3152
2021-06-21T12:00,26.6,64,19.3,867.9,7.7,143,Ratnapark,27.7063,85.3152
2021-06-21T13:00,26.7,63,19.0,867.3,6.1,118,Ratnapark,27.7063,85.3152
2021-06-21T14:00,26.7,62,18.7,866.8,4.8,77,Ratnapark,27.7063,85.3152
2021-06-21T15:00,26.0,65,18.9,866.2,5.9,79,Ratnapark,27.7063,85.3152
2021-06-21T16:00,25.7,67,19.0,865.7,4.7,81,Ratnapark,27.7063,85.3152
2021-06-21T17:00,23.9,78,19.9,866.0,2.3,342,Ratnapark,27.7063,85.3152
2021-06-21T18:00,23.1,90,21.4,866.4,1.8,307,Ratnapark,27.7063,85.3152
2021-06-21T19:00,22.7,87,20.4,866.9,0.5,315,Ratnapark,27.7063,85.3152
2021-06-21T20:00,22.2,89,20.2,867.1,1.8,143,Ratnapark,27.7063,85.3152
2021-06-21T21:00,21.3,94,20.4,867.3,2.6,124,Ratnapark,27.7063,85.3152
2021-06-21T22:00,21.0,95,20.2,867.5,2.4,117,Ratnapark,27.7063,85.3152
2021-06-21T23:00,20.6,97,20.0,867.0,3.6,127,Ratnapark,27.7063,85.3152
2021-06-22T00:00,20.1,98,19.8,866.3,4.6,141,Ratnapark,27.7063,85.3152
2021-06-22T01:00,19.9,99,19.7,865.9,4.2,149,Ratnapark,27.7063,85.3152
2021-06-22T02:00,19.6,99,19.5,865.3,3.6,135,Ratnapark,27.7063,85.3152
2021-06-22T03:00,19.4,100,19.3,865.2,4.3,138,Ratnapark,27.7063,85.3152
2021-06-22T04:00,19.2,100,19.2,865.3,5.2,146,Ratnapark,27.7063,85.3152
2021-06-22T05:00,19.6,98,19.2,865.9,5.3,152,Ratnapark,27.7063,85.3152
2021-06-22T06:00,21.1,94,20.1,867.0,3.4,148,Ratnapark,27.7063,85.3152
2021-06-22T07:00,22.9,86,20.5,868.4,5.4,86,Ratnapark,27.7063,85.3152
2021-06-22T08:00,23.8,81,20.3,868.8,8.0,100,Ratnapark,27.7063,85.3152
2021-06-22T09:00,25.3,73,20.0,869.1,7.1,105,Ratnapark,27.7063,85.3152
2021-06-22T10:00,26.6,68,20.2,869.0,6.5,96,Ratnapark,27.7063,85.3152
2021-06-22T11:00,28.1,64,20.7,868.9,3.2,90,Ratnapark,27.7063,85.3152
2021-06-22T12:00,27.1,71,21.3,867.9,1.8,180,Ratnapark,27.7063,85.3152
2021-06-22T13:00,26.2,77,21.9,867.2,2.4,297,Ratnapark,27.7063,85.3152
2021-06-22T14:00,25.2,76,20.7,866.6,3.3,347,Ratnapark,27.7063,85.3152
2021-06-22T15:00,24.4,83,21.3,866.2,1.8,360,Ratnapark,27.7063,85.3152
2021-06-22T16:00,23.9,84,21.0,866.1,2.1,31,Ratnapark,27.7063,85.3152
2021-06-22T17:00,22.7,90,21.0,867.1,3.6,315,Ratnapark,27.7063,85.3152
2021-06-22T18:00,21.9,94,20.9,867.9,0.7,360,Ratnapark,27.7063,85.3152
2021-06-22T19:00,21.7,96,20.9,868.1,1.6,153,Ratnapark,27.7063,85.3152
2021-06-22T20:00,21.2,96,20.6,868.6,1.6,207,Ratnapark,27.7063,85.3152
2021-06-22T21:00,21.1,98,20.7,869.2,3.2,153,Ratnapark,27.7063,85.3152
2021-06-22T22:00,21.3,97,20.8,869.2,3.1,111,Ratnapark,27.7063,85.3152
2021-06-22T23:00,21.0,98,20.8,868.9,3.9,124,Ratnapark,27.7063,85.3152
2021-06-23T00:00,20.9,96,20.3,868.2,4.3,138,Ratnapark,27.7063,85.3152
2021-06-23T01:00,20.6,97,20.2,867.9,3.1,144,Ratnapark,27.7063,85.3152
2021-06-23T02:00,20.2,99,20.0,867.9,1.3,146,Ratnapark,27.7063,85.3152
2021-06-23T03:00,20.2,99,20.1,867.3,2.9,120,Ratnapark,27.7063,85.3152
2021-06-23T04:00,19.9,100,19.8,867.2,5.6,165,Ratnapark,27.7063,85.3152
2021-06-23T05:00,20.7,98,20.3,867.6,5.6,135,Ratnapark,27.7063,85.3152
2021-06-23T06:00,21.6,94,20.6,868.5,3.5,156,Ratnapark,27.7063,85.3152
2021-06-23T07:00,22.7,90,21.1,869.6,2.3,108,Ratnapark,27.7063,85.3152
2021-06-23T08:00,23.8,89,21.9,870.0,2.6,74,Ratnapark,27.7063,85.3152
2021-06-23T09:00,24.3,89,22.3,870.2,2.2,81,Ratnapark,27.7063,85.3152
2021-06-23T10:00,25.0,88,22.9,870.4,3.6,90,Ratnapark,27.7063,85.3152
2021-06-23T11:00,24.4,89,22.4,869.9,4.3,95,Ratnapark,27.7063,85.3152
2021-06-23T12:00,25.3,86,22.8,869.1,5.8,94,Ratnapark,27.7063,85.3152
2021-06-23T13:00,25.8,83,22.7,868.3,3.9,112,Ratnapark,27.7063,85.3152
2021-06-23T14:00,25.9,83,22.8,867.9,0.7,270,Ratnapark,27.7063,85.3152
2021-06-23T15:00,24.1,88,22.0,867.7,0.0,270,Ratnapark,27.7063,85.3152
2021-06-23T16:00,23.0,92,21.5,867.5,2.6,164,Ratnapark,27.7063,85.3152
2021-06-23T17:00,22.1,92,20.7,868.0,2.8,230,Ratnapark,27.7063,85.3152
2021-06-23T18:00,22.0,93,20.8,868.3,1.8,217,Ratnapark,27.7063,85.3152
2021-06-23T19:00,21.6,93,20.5,868.1,0.4,270,Ratnapark,27.7063,85.3152
2021-06-23T20:00,21.3,98,20.9,868.6,1.5,346,Ratnapark,27.7063,85.3152
2021-06-23T21:00,21.0,98,20.6,869.2,3.1,135,Ratnapark,27.7063,85.3152
2021-06-23T22:00,21.0,98,20.6,869.5,4.7,148,Ratnapark,27.7063,85.3152
2021-06-23T23:00,20.8,96,20.1,869.1,4.7,148,Ratnapark,27.7063,85.3152
2021-06-24T00:00,20.4,97,19.9,868.4,4.1,142,Ratnapark,27.7063,85.3152
2021-06-24T01:00,20.1,98,19.7,867.8,3.4,148,Ratnapark,27.7063,85.3152
2021-06-24T02:00,19.8,99,19.6,867.3,2.6,146,Ratnapark,27.7063,85.3152
2021-06-24T03:00,19.6,99,19.5,866.8,3.2,153,Ratnapark,27.7063,85.3152
2021-06-24T04:00,19.5,99,19.3,866.6,2.9,150,Ratnapark,27.7063,85.3152
2021-06-24T05:00,20.0,99,19.9,867.3,2.8,130,Ratnapark,27.7063,85.3152
2021-06-24T06:00,21.1,94,20.1,867.9,2.6,106,Ratnapark,27.7063,85.3152
2021-06-24T07:00,22.1,92,20.7,868.6,3.8,107,Ratnapark,27.7063,85.3152
2021-06-24T08:00,23.5,87,21.3,868.8,4.2,110,Ratnapark,27.7063,85.3152
2021-06-24T09:00,25.0,81,21.5,869.0,1.6,117,Ratnapark,27.7063,85.3152
2021-06-24T10:00,26.1,80,22.3,869.0,1.8,360,Ratnapark,27.7063,85.3152
2021-06-24T11:00,26.1,80,22.4,868.7,4.6,321,Ratnapark,27.7063,85.3152
2021-06-24T12:00,25.3,79,21.4,868.0,6.0,327,Ratnapark,27.7063,85.3152
2021-06-24T13:00,24.2,83,21.2,867.1,5.9,308,Ratnapark,27.7063,85.3152
2021-06-24T14:00,23.6,84,20.7,866.6,6.6,279,Ratnapark,27.7063,85.3152
2021-06-24T15:00,22.3,92,20.9,865.6,4.1,255,Ratnapark,27.7063,85.3152
2021-06-24T16:00,22.8,86,20.3,865.7,3.9,304,Ratnapark,27.7063,85.3152
2021-06-24T17:00,21.6,95,20.8,866.2,2.2,9,Ratnapark,27.7063,85.3152
2021-06-24T18:00,21.4,95,20.6,866.2,2.2,81,Ratnapark,27.7063,85.3152
2021-06-24T19:00,20.6,99,20.5,866.6,2.3,141,Ratnapark,27.7063,85.3152
2021-06-24T20:00,20.4,100,20.4,866.9,3.4,148,Ratnapark,27.7063,85.3152
2021-06-24T21:00,20.1,100,20.0,867.2,3.8,163,Ratnapark,27.7063,85.3152
2021-06-24T22:00,19.8,100,19.7,867.3,3.4,162,Ratnapark,27.7063,85.3152
2021-06-24T23:00,19.4,99,19.3,866.9,4.1,165,Ratnapark,27.7063,85.3152
2021-06-25T00:00,19.3,99,19.2,866.3,2.7,157,Ratnapark,27.7063,85.3152
2021-06-25T01:00,19.2,99,19.1,865.8,1.6,153,Ratnapark,27.7063,85.3152
2021-06-25T02:00,19.2,99,19.1,865.1,2.1,149,Ratnapark,27.7063,85.3152
2021-06-25T03:00,19.3,99,19.2,865.0,2.7,157,Ratnapark,27.7063,85.3152
2021-06-25T04:00,19.1,99,19.0,865.4,3.1,159,Ratnapark,27.7063,85.3152
2021-06-25T05:00,19.7,97,19.2,865.9,3.7,151,Ratnapark,27.7063,85.3152
2021-06-25T06:00,20.6,95,19.8,866.4,3.6,135,Ratnapark,27.7063,85.3152
2021-06-25T07:00,22.2,88,20.1,867.4,5.2,106,Ratnapark,27.7063,85.3152
2021-06-25T08:00,24.1,79,20.1,868.0,3.3,84,Ratnapark,27.7063,85.3152
2021-06-25T09:00,25.2,76,20.8,868.1,3.1,36,Ratnapark,27.7063,85.3152
2021-06-25T10:00,25.9,75,21.1,868.0,4.0,355,Ratnapark,27.7063,85.3152
2021-06-25T11:00,26.1,76,21.5,867.6,5.7,342,Ratnapark,27.7063,85.3152
2021-06-25T12:00,26.0,75,21.3,866.8,5.2,344,Ratnapark,27.7063,85.3152
2021-06-25T13:00,25.7,75,20.9,866.3,3.9,338,Ratnapark,27.7063,85.3152
2021-06-25T14:00,24.4,79,20.4,865.7,5.8,330,Ratnapark,27.7063,85.3152
2021-06-25T15:00,22.5,90,20.9,865.2,7.1,300,Ratnapark,27.7063,85.3152
2021-06-25T16:00,22.1,95,21.2,865.3,6.4,297,Ratnapark,27.7063,85.3152
2021-06-25T17:00,21.6,96,20.8,865.5,3.6,270,Ratnapark,27.7063,85.3152
2021-06-25T18:00,21.4,98,21.1,865.8,2.0,225,Ratnapark,27.7063,85.3152
2021-06-25T19:00,21.5,93,20.3,866.6,1.9,292,Ratnapark,27.7063,85.3152
2021-06-25T20:00,21.3,95,20.5,867.0,0.5,315,Ratnapark,27.7063,85.3152
2021-06-25T21:00,21.1,98,20.8,867.6,1.5,135,Ratnapark,27.7063,85.3152
2021-06-25T22:00,20.9,98,20.6,867.4,3.6,127,Ratnapark,27.7063,85.3152
2021-06-25T23:00,20.6,99,20.4,866.9,4.2,121,Ratnapark,27.7063,85.3152
2021-06-26T00:00,20.5,99,20.3,866.4,4.9,126,Ratnapark,27.7063,85.3152
2021-06-26T01:00,20.4,98,20.0,866.1,5.4,127,Ratnapark,27.7063,85.3152
2021-06-26T02:00,20.4,97,20.0,866.0,4.1,128,Ratnapark,27.7063,85.3152
2021-06-26T03:00,20.2,97,19.7,865.8,3.7,119,Ratnapark,27.7063,85.3152
2021-06-26T04:00,20.1,98,19.7,865.9,3.3,139,Ratnapark,27.7063,85.3152
2021-06-26T05:00,19.8,100,19.7,866.6,2.5,135,Ratnapark,27.7063,85.3152
2021-06-26T06:00,20.4,97,19.8,867.5,4.1,105,Ratnapark,27.7063,85.3152
2021-06-26T07:00,21.2,93,20.1,868.4,6.4,117,Ratnapark,27.7063,85.3152
2021-06-26T08:00,22.8,85,20.2,868.8,7.4,119,Ratnapark,27.7063,85.3152
2021-06-26T09:00,24.5,79,20.6,869.6,5.4,143,Ratnapark,27.7063,85.3152
2021-06-26T10:00,26.1,74,21.1,869.8,2.2,171,Ratnapark,27.7063,85.3152
2021-06-26T11:00,26.2,79,22.2,869.7,2.2,279,Ratnapark,27.7063,85.3152
2021-06-26T12:00,24.2,82,20.9,868.8,5.2,286,Ratnapark,27.7063,85.3152
2021-06-26T13:00,23.2,87,20.9,868.3,4.3,312,Ratnapark,27.7063,85.3152
2021-06-26T14:00,23.3,86,20.8,867.8,5.1,8,Ratnapark,27.7063,85.3152
2021-06-26T15:00,23.9,81,20.4,867.3,4.1,15,Ratnapark,27.7063,85.3152
2021-06-26T16:00,23.6,81,20.2,867.3,2.9,30,Ratnapark,27.7063,85.3152
2021-06-26T17:00,21.0,94,20.0,867.6,0.5,45,Ratnapark,27.7063,85.3152
2021-06-26T18:00,21.0,95,20.2,868.3,0.7,180,Ratnapark,27.7063,85.3152
2021-06-26T19:00,20.5,97,20.0,868.6,0.0,270,Ratnapark,27.7063,85.3152
2021-06-26T20:00,20.2,99,20.1,868.9,1.1,108,Ratnapark,27.7063,85.3152
2021-06-26T21:00,20.1,99,20.0,869.6,3.1,135,Ratnapark,27.7063,85.3152
2021-06-26T22:00,19.9,100,19.8,869.8,4.4,145,Ratnapark,27.7063,85.3152
2021-06-26T23:00,19.4,100,19.4,869.5,3.9,158,Ratnapark,27.7063,85.3152
2021-06-27T00:00,19.3,99,19.2,869.1,4.5,151,Ratnapark,27.7063,85.3152
2021-06-27T01:00,19.2,99,19.1,868.8,4.3,156,Ratnapark,27.7063,85.3152
2021-06-27T02:00,19.2,99,19.0,868.7,4.7,157,Ratnapark,27.7063,85.3152
2021-06-27T03:00,19.3,98,18.9,869.0,4.5,151,Ratnapark,27.7063,85.3152
2021-06-27T04:00,19.3,98,19.0,869.2,3.4,148,Ratnapark,27.7063,85.3152
2021-06-27T05:00,19.4,99,19.2,869.3,3.4,148,Ratnapark,27.7063,85.3152
2021-06-27T06:00,20.7,96,20.1,870.3,4.4,125,Ratnapark,27.7063,85.3152
2021-06-27T07:00,22.5,86,20.1,871.5,6.8,122,Ratnapark,27.7063,85.3152
2021-06-27T08:00,24.5,76,19.9,872.1,6.0,123,Ratnapark,27.7063,85.3152
2021-06-27T09:00,26.0,71,20.3,872.4,2.9,90,Ratnapark,27.7063,85.3152
2021-06-27T10:00,26.6,72,21.2,872.5,1.8,191,Ratnapark,27.7063,85.3152
2021-06-27T11:00,26.8,75,22.1,872.4,2.5,270,Ratnapark,27.7063,85.3152
2021-06-27T12:00,25.5,80,21.8,871.4,4.6,309,Ratnapark,27.7063,85.3152
2021-06-27T13:00,25.0,87,22.7,870.7,1.1,18,Ratnapark,27.7063,85.3152
2021-06-27T14:00,24.3,92,22.9,869.9,2.5,270,Ratnapark,27.7063,85.3152
2021-06-27T15:00,23.3,90,21.6,869.4,6.0,303,Ratnapark,27.7063,85.3152
2021-06-27T16:00,22.9,88,20.8,869.3,5.1,321,Ratnapark,27.7063,85.3152
2021-06-27T17:00,22.7,91,21.2,870.1,3.2,333,Ratnapark,27.7063,85.3152
2021-06-27T18:00,22.6,85,19.9,870.6,2.1,301,Ratnapark,27.7063,85.3152
2021-06-27T19:00,21.7,95,20.8,870.7,2.3,39,Ratnapark,27.7063,85.3152
2021-06-27T20:00,21.4,96,20.8,870.6,0.0,270,Ratnapark,27.7063,85.3152
2021-06-27T21:00,21.0,98,20.7,870.8,0.8,153,Ratnapark,27.7063,85.3152
2021-06-27T22:00,20.6,99,20.5,870.8,1.1,180,Ratnapark,27.7063,85.3152
2021-06-27T23:00,20.3,100,20.3,870.4,1.5,166,Ratnapark,27.7063,85.3152
2021-06-28T00:00,20.1,100,20.0,870.2,1.5,166,Ratnapark,27.7063,85.3152
2021-06-28T01:00,20.0,99,19.9,869.9,1.8,191,Ratnapark,27.7063,85.3152
2021-06-28T02:00,19.9,99,19.8,869.5,2.2,189,Ratnapark,27.7063,85.3152
2021-06-28T03:00,19.7,100,19.6,869.0,2.2,171,Ratnapark,27.7063,85.3152
2021-06-28T04:00,19.4,100,19.3,868.7,2.5,172,Ratnapark,27.7063,85.3152
2021-06-28T05:00,19.7,99,19.5,869.1,1.8,180,Ratnapark,27.7063,85.3152
2021-06-28T06:00,20.9,95,20.1,869.8,1.5,284,Ratnapark,27.7063,85.3152
2021-06-28T07:00,22.0,89,20.2,870.7,2.8,310,Ratnapark,27.7063,85.3152
2021-06-28T08:00,23.3,83,20.3,870.9,5.1,315,Ratnapark,27.7063,85.3152
2021-06-28T09:00,24.5,78,20.4,871.2,6.3,301,Ratnapark,27.7063,85.3152
2021-06-28T10:00,25.6,73,20.4,871.0,7.1,300,Ratnapark,27.7063,85.3152
2021-06-28T11:00,26.2,70,20.4,870.7,7.4,293,Ratnapark,27.7063,85.3152
2021-06-28T12:00,25.9,73,20.6,869.5,9.3,283,Ratnapark,27.7063,85.3152
2021-06-28T13:00,25.7,81,22.2,868.6,8.7,294,Ratnapark,27.7063,85.3152
2021-06-28T14:00,25.7,86,23.2,868.0,10.2,293,Ratnapark,27.7063,85.3152
2021-06-28T15:00,24.7,82,21.4,867.8,8.9,291,Ratnapark,27.7063,85.3152
2021-06-28T16:00,23.0,89,21.0,867.3,6.4,313,Ratnapark,27.7063,85.3152
2021-06-28T17:00,22.3,94,21.4,867.5,6.4,317,Ratnapark,27.7063,85.3152
2021-06-28T18:00,21.8,98,21.5,868.0,2.6,286,Ratnapark,27.7063,85.3152
2021-06-28T19:00,21.3,100,21.3,868.0,2.5,225,Ratnapark,27.7063,85.3152
2021-06-28T20:00,20.6,100,20.6,868.1,2.2,189,Ratnapark,27.7063,85.3152
2021-06-28T21:00,20.3,100,20.3,868.2,1.8,180,Ratnapark,27.7063,85.3152
2021-06-28T22:00,20.4,99,20.3,868.2,1.1,162,Ratnapark,27.7063,85.3152
2021-06-28T23:00,20.3,99,20.2,867.9,2.2,180,Ratnapark,27.7063,85.3152
2021-06-29T00:00,19.7,100,19.6,867.0,1.8,180,Ratnapark,27.7063,85.3152
2021-06-29T01:00,19.7,99,19.6,866.4,1.1,180,Ratnapark,27.7063,85.3152
2021-06-29T02:00,19.7,99,19.6,865.8,1.8,169,Ratnapark,27.7063,85.3152
2021-06-29T03:00,19.7,100,19.7,865.5,2.9,180,Ratnapark,27.7063,85.3152
2021-06-29T04:00,19.5,99,19.4,865.8,0.7,180,Ratnapark,27.7063,85.3152
2021-06-29T05:00,20.2,98,19.9,865.7,4.0,207,Ratnapark,27.7063,85.3152
2021-06-29T06:00,21.4,96,20.8,866.2,1.8,281,Ratnapark,27.7063,85.3152
2021-06-29T07:00,22.6,88,20.6,867.0,5.1,309,Ratnapark,27.7063,85.3152
2021-06-29T08:00,24.0,80,20.4,867.3,5.5,293,Ratnapark,27.7063,85.3152
2021-06-29T09:00,25.0,77,20.6,867.5,5.8,300,Ratnapark,27.7063,85.3152
2021-06-29T10:00,26.5,70,20.6,867.7,7.4,293,Ratnapark,27.7063,85.3152
2021-06-29T11:00,26.4,71,20.8,867.4,10.0,283,Ratnapark,27.7063,85.3152
2021-06-29T12:00,26.0,74,21.1,866.9,10.5,297,Ratnapark,27.7063,85.3152
2021-06-29T13:00,25.4,81,21.8,866.1,10.1,297,Ratnapark,27.7063,85.3152
2021-06-29T14:00,24.7,92,23.3,865.8,6.5,304,Ratnapark,27.7063,85.3152
2021-06-29T15:00,24.3,96,23.7,865.3,6.6,299,Ratnapark,27.7063,85.3152
2021-06-29T16:00,23.0,99,22.8,864.7,2.4,297,Ratnapark,27.7063,85.3152
2021-06-29T17:00,22.9,94,21.8,865.4,4.3,294,Ratnapark,27.7063,85.3152
2021-06-29T18:00,22.6,93,21.3,865.7,1.5,284,Ratnapark,27.7063,85.3152
2021-06-29T19:00,22.3,96,21.6,865.9,0.8,117,Ratnapark,27.7063,85.3152
2021-06-29T20:00,22.1,98,21.8,866.1,2.7,157,Ratnapark,27.7063,85.3152
2021-06-29T21:00,22.1,97,21.7,866.1,3.3,167,Ratnapark,27.7063,85.3152
2021-06-29T22:00,22.0,97,21.5,866.0,3.2,153,Ratnapark,27.7063,85.3152
2021-06-29T23:00,21.7,97,21.3,865.5,4.4,145,Ratnapark,27.7063,85.3152
2021-06-30T00:00,21.6,98,21.3,864.7,5.4,138,Ratnapark,27.7063,85.3152
2021-06-30T01:00,21.5,98,21.2,863.9,7.2,127,Ratnapark,27.7063,85.3152
2021-06-30T02:00,21.5,97,21.0,863.6,6.7,106,Ratnapark,27.7063,85.3152
2021-06-30T03:00,21.4,97,20.9,863.0,3.7,79,Ratnapark,27.7063,85.3152
2021-06-30T04:00,21.1,99,21.0,863.2,1.8,360,Ratnapark,27.7063,85.3152
2021-06-30T05:00,21.2,99,21.0,863.5,2.5,98,Ratnapark,27.7063,85.3152
2021-06-30T06:00,21.7,96,21.1,863.9,3.1,159,Ratnapark,27.7063,85.3152
2021-06-30T07:00,22.2,95,21.3,864.4,2.7,67,Ratnapark,27.7063,85.3152
2021-06-30T08:00,22.7,94,21.7,865.0,2.2,9,Ratnapark,27.7063,85.3152
2021-06-30T09:00,22.7,95,21.9,865.0,4.1,308,Ratnapark,27.7063,85.3152
2021-06-30T10:00,22.5,98,22.2,864.8,6.1,298,Ratnapark,27.7063,85.3152
2021-06-30T11:00,22.8,99,22.7,864.6,5.0,291,Ratnapark,27.7063,85.3152
2021-06-30T12:00,23.7,97,23.2,864.8,1.6,297,Ratnapark,27.7063,85.3152
2021-06-30T13:00,23.5,97,23.0,864.4,0.5,315,Ratnapark,27.7063,85.3152
2021-06-30T14:00,23.9,97,23.4,864.1,1.5,135,Ratnapark,27.7063,85.3152
2021-06-30T15:00,23.8,95,23.0,863.7,2.5,188,Ratnapark,27.7063,85.3152
2021-06-30T16:00,23.4,94,22.3,863.2,4.0,185,Ratnapark,27.7063,85.3152
2021-06-30T17:00,22.6,93,21.4,863.1,6.0,123,Ratnapark,27.7063,85.3152
2021-06-30T18:00,22.1,95,21.3,863.6,6.3,114,Ratnapark,27.7063,85.3152
2021-06-30T19:00,21.8,96,21.2,864.2,5.3,118,Ratnapark,27.7063,85.3152
2021-06-30T20:00,21.5,98,21.1,864.2,6.4,128,Ratnapark,27.7063,85.3152
2021-06-30T21:00,21.4,98,21.1,864.4,6.6,119,Ratnapark,27.7063,85.3152
2021-06-30T22:00,21.3,98,21.0,864.4,8.2,119,Ratnapark,27.7063,85.3152
2021-06-30T23:00,21.1,98,20.7,864.0,7.6,109,Ratnapark,27.7063,85.3152
2021-07-01T00:00,21.0,97,20.5,863.5,6.9,99,Ratnapark,27.7063,85.3152
2021-07-01T01:00,20.8,97,20.2,862.5,4.6,129,Ratnapark,27.7063,85.3152
2021-07-01T02:00,20.8,97,20.3,861.8,5.2,115,Ratnapark,27.7063,85.3152
2021-07-01T03:00,20.6,97,20.1,861.2,4.7,356,Ratnapark,27.7063,85.3152
2021-07-01T04:00,20.5,98,20.1,861.5,5.2,236,Ratnapark,27.7063,85.3152
2021-07-01T05:00,20.8,96,20.1,862.4,6.7,126,Ratnapark,27.7063,85.3152
2021-07-01T06:00,20.9,95,20.1,862.9,9.5,127,Ratnapark,27.7063,85.3152
2021-07-01T07:00,21.0,95,20.2,863.9,8.9,137,Ratnapark,27.7063,85.3152
2021-07-01T08:00,20.9,96,20.3,864.4,7.6,121,Ratnapark,27.7063,85.3152
2021-07-01T09:00,21.0,97,20.5,865.1,8.4,115,Ratnapark,27.7063,85.3152
2021-07-01T10:00,21.3,96,20.6,865.3,8.4,130,Ratnapark,27.7063,85.3152
2021-07-01T11:00,22.0,93,20.8,865.5,7.9,129,Ratnapark,27.7063,85.3152
2021-07-01T12:00,22.3,92,20.8,865.2,6.6,131,Ratnapark,27.7063,85.3152
2021-07-01T13:00,22.6,91,21.1,864.8,5.8,120,Ratnapark,27.7063,85.3152
2021-07-01T14:00,23.0,91,21.5,864.3,6.5,109,Ratnapark,27.7063,85.3152
2021-07-01T15:00,23.1,91,21.5,863.9,6.3,103,Ratnapark,27.7063,85.3152
2021-07-01T16:00,22.7,93,21.5,863.3,5.8,97,Ratnapark,27.7063,85.3152
2021-07-01T17:00,22.6,87,20.3,863.2,1.5,76,Ratnapark,27.7063,85.3152
2021-07-01T18:00,22.2,92,20.8,863.2,2.9,120,Ratnapark,27.7063,85.3152
2021-07-01T19:00,21.3,95,20.5,863.5,5.4,132,Ratnapark,27.7063,85.3152
2021-07-01T20:00,21.2,96,20.5,864.1,6.6,131,Ratnapark,27.7063,85.3152
2021-07-01T21:00,21.2,96,20.6,864.4,7.9,133,Ratnapark,27.7063,85.3152
2021-07-01T22:00,21.0,96,20.4,864.4,8.4,133,Ratnapark,27.7063,85.3152
2021-07-01T23:00,20.7,97,20.2,863.7,10.7,130,Ratnapark,27.7063,85.3152
2021-07-02T00:00,20.7,96,20.1,862.8,11.0,113,Ratnapark,27.7063,85.3152
2021-07-02T01:00,20.6,97,20.0,862.6,4.0,185,Ratnapark,27.7063,85.3152
2021-07-02T02:00,20.4,98,20.1,862.7,5.7,325,Ratnapark,27.7063,85.3152
2021-07-02T03:00,20.2,99,20.0,862.6,3.2,333,Ratnapark,27.7063,85.3152
2021-07-02T04:00,20.0,99,19.8,862.5,2.6,254,Ratnapark,27.7063,85.3152
2021-07-02T05:00,20.1,98,19.8,863.1,6.3,121,Ratnapark,27.7063,85.3152
2021-07-02T06:00,20.3,97,19.8,863.4,5.6,135,Ratnapark,27.7063,85.3152
2021-07-02T07:00,20.7,95,19.9,864.1,7.7,152,Ratnapark,27.7063,85.3152
2021-07-02T08:00,21.2,93,20.1,864.7,7.7,139,Ratnapark,27.7063,85.3152
2021-07-02T09:00,21.1,93,19.9,864.7,11.6,116,Ratnapark,27.7063,85.3152
2021-07-02T10:00,20.5,92,19.2,864.6,17.3,111,Ratnapark,27.7063,85.3152
2021-07-02T11:00,20.4,93,19.2,864.5,10.5,82,Ratnapark,27.7063,85.3152
2021-07-02T12:00,20.3,95,19.4,864.6,10.7,78,Ratnapark,27.7063,85.3152
2021-07-02T13:00,20.2,95,19.5,864.5,11.2,75,Ratnapark,27.7063,85.3152
2021-07-02T14:00,20.4,93,19.1,864.2,7.7,79,Ratnapark,27.7063,85.3152
2021-07-02T15:00,20.7,91,19.1,864.0,5.6,135,Ratnapark,27.7063,85.3152
2021-07-02T16:00,20.7,90,19.0,863.7,0.7,270,Ratnapark,27.7063,85.3152
2021-07-02T17:00,21.1,92,19.8,863.8,7.7,118,Ratnapark,27.7063,85.3152
2021-07-02T18:00,20.5,94,19.5,863.8,10.9,107,Ratnapark,27.7063,85.3152
2021-07-02T19:00,19.9,95,19.1,864.7,9.0,85,Ratnapark,27.7063,85.3152
2021-07-02T20:00,19.6,95,18.9,865.4,7.1,105,Ratnapark,27.7063,85.3152
2021-07-02T21:00,19.4,96,18.8,866.3,10.4,110,Ratnapark,27.7063,85.3152
2021-07-02T22:00,19.4,95,18.6,866.3,6.9,99,Ratnapark,27.7063,85.3152
2021-07-02T23:00,19.0,97,18.5,866.3,5.3,118,Ratnapark,27.7063,85.3152
2021-07-03T00:00,19.0,97,18.4,865.7,6.9,141,Ratnapark,27.7063,85.3152
2021-07-03T01:00,18.9,98,18.5,865.1,6.2,144,Ratnapark,27.7063,85.3152
2021-07-03T02:00,18.9,98,18.5,863.9,9.0,127,Ratnapark,27.7063,85.3152
2021-07-03T03:00,18.8,97,18.3,863.7,7.1,150,Ratnapark,27.7063,85.3152
2021-07-03T04:00,18.9,97,18.4,864.7,2.8,140,Ratnapark,27.7063,85.3152
2021-07-03T05:00,19.5,97,18.9,864.6,5.4,138,Ratnapark,27.7063,85.3152
2021-07-03T06:00,19.9,95,19.2,865.4,8.0,126,Ratnapark,27.7063,85.3152
2021-07-03T07:00,20.6,93,19.4,866.9,8.1,122,Ratnapark,27.7063,85.3152
2021-07-03T08:00,20.5,94,19.5,867.7,8.8,145,Ratnapark,27.7063,85.3152
2021-07-03T09:00,20.2,95,19.4,867.7,9.4,108,Ratnapark,27.7063,85.3152
2021-07-03T10:00,20.3,95,19.5,867.8,9.0,113,Ratnapark,27.7063,85.3152
2021-07-03T11:00,20.8,91,19.3,867.9,9.3,118,Ratnapark,27.7063,85.3152
2021-07-03T12:00,21.6,88,19.5,867.7,7.4,141,Ratnapark,27.7063,85.3152
2021-07-03T13:00,23.1,81,19.6,867.0,6.6,119,Ratnapark,27.7063,85.3152
2021-07-03T14:00,24.9,74,19.9,866.1,7.7,101,Ratnapark,27.7063,85.3152
2021-07-03T15:00,25.7,70,19.8,865.6,5.8,112,Ratnapark,27.7063,85.3152
2021-07-03T16:00,25.4,72,19.9,865.4,5.6,130,Ratnapark,27.7063,85.3152
2021-07-03T17:00,24.9,70,18.9,865.0,2.2,270,Ratnapark,27.7063,85.3152
2021-07-03T18:00,23.7,76,19.3,865.5,2.6,196,Ratnapark,27.7063,85.3152
2021-07-03T19:00,21.6,88,19.5,866.3,3.4,162,Ratnapark,27.7063,85.3152
2021-07-03T20:00,21.5,90,19.8,867.6,3.4,148,Ratnapark,27.7063,85.3152
2021-07-03T21:00,21.2,93,19.9,868.0,3.4,162,Ratnapark,27.7063,85.3152
2021-07-03T22:00,20.7,96,20.1,867.7,2.3,129,Ratnapark,27.7063,85.3152
2021-07-03T23:00,20.4,97,19.9,867.1,1.1,162,Ratnapark,27.7063,85.3152
2021-07-04T00:00,20.2,98,19.9,866.2,3.8,163,Ratnapark,27.7063,85.3152
2021-07-04T01:00,19.7,99,19.5,865.5,1.8,169,Ratnapark,27.7063,85.3152
2021-07-04T02:00,19.9,99,19.7,865.7,2.9,150,Ratnapark,27.7063,85.3152
2021-07-04T03:00,20.0,99,19.8,865.8,2.6,164,Ratnapark,27.7063,85.3152
2021-07-04T04:00,20.0,98,19.8,866.5,2.1,149,Ratnapark,27.7063,85.3152
2021-07-04T05:00,20.3,96,19.7,867.0,4.7,171,Ratnapark,27.7063,85.3152
2021-07-04T06:00,20.8,96,20.1,867.9,1.4,360,Ratnapark,27.7063,85.3152
2021-07-04T07:00,21.1,91,19.5,869.0,1.1,18,Ratnapark,27.7063,85.3152
2021-07-04T08:00,21.3,93,20.1,869.2,5.2,115,Ratnapark,27.7063,85.3152
2021-07-04T09:00,21.3,93,20.2,869.6,6.9,118,Ratnapark,27.7063,85.3152
2021-07-04T10:00,21.4,94,20.3,869.7,5.9,104,Ratnapark,27.7063,85.3152
2021-07-04T11:00,22.2,90,20.5,869.8,4.2,110,Ratnapark,27.7063,85.3152
2021-07-04T12:00,23.3,85,20.7,869.2,1.0,135,Ratnapark,27.7063,85.3152
2021-07-04T13:00,24.0,81,20.6,868.3,2.5,90,Ratnapark,27.7063,85.3152
2021-07-04T14:00,25.0,75,20.3,867.8,2.6,146,Ratnapark,27.7063,85.3152
2021-07-04T15:00,26.2,71,20.5,867.5,1.1,252,Ratnapark,27.7063,85.3152
2021-07-04T16:00,25.5,73,20.4,867.2,4.8,283,Ratnapark,27.7063,85.3152
2021-07-04T17:00,23.3,87,20.9,867.4,3.3,319,Ratnapark,27.7063,85.3152
2021-07-04T18:00,22.6,90,20.9,867.5,2.4,333,Ratnapark,27.7063,85.3152
2021-07-04T19:00,22.2,93,20.9,868.3,1.1,108,Ratnapark,27.7063,85.3152
2021-07-04T20:00,21.6,96,20.9,869.1,1.6,153,Ratnapark,27.7063,85.3152
2021-07-04T21:00,21.1,99,20.9,869.4,1.6,153,Ratnapark,27.7063,85.3152
2021-07-04T22:00,20.9,100,20.9,869.4,1.4,180,Ratnapark,27.7063,85.3152
2021-07-04T23:00,20.7,100,20.7,869.2,1.8,191,Ratnapark,27.7063,85.3152
2021-07-05T00:00,20.5,100,20.5,868.2,2.2,189,Ratnapark,27.7063,85.3152
2021-07-05T01:00,20.4,100,20.4,867.9,1.8,169,Ratnapark,27.7063,85.3152
2021-07-05T02:00,20.4,100,20.3,867.7,1.6,153,Ratnapark,27.7063,85.3152
2021-07-05T03:00,20.4,100,20.3,867.7,2.8,140,Ratnapark,27.7063,85.3152
2021-07-05T04:00,20.4,99,20.3,867.8,2.6,164,Ratnapark,27.7063,85.3152
2021-07-05T05:00,20.3,98,19.9,867.8,3.3,186,Ratnapark,27.7063,85.3152
2021-07-05T06:00,21.1,96,20.5,868.5,1.1,198,Ratnapark,27.7063,85.3152
2021-07-05T07:00,21.9,91,20.4,869.6,2.0,135,Ratnapark,27.7063,85.3152
2021-07-05T08:00,21.9,93,20.7,869.7,4.1,128,Ratnapark,27.7063,85.3152
2021-07-05T09:00,21.9,94,20.8,870.0,6.2,144,Ratnapark,27.7063,85.3152
2021-07-05T10:00,22.1,92,20.7,870.1,4.9,107,Ratnapark,27.7063,85.3152
2021-07-05T11:00,21.9,90,20.2,869.9,5.2,106,Ratnapark,27.7063,85.3152
2021-07-05T12:00,22.0,90,20.4,869.3,3.1,111,Ratnapark,27.7063,85.3152
2021-07-05T13:00,23.7,84,20.8,868.4,4.0,90,Ratnapark,27.7063,85.3152
2021-07-05T14:00,25.7,73,20.5,867.8,1.1,72,Ratnapark,27.7063,85.3152
2021-07-05T15:00,26.3,69,20.1,867.2,2.2,261,Ratnapark,27.7063,85.3152
2021-07-05T16:00,25.6,72,20.2,867.0,5.3,242,Ratnapark,27.7063,85.3152
2021-07-05T17:00,23.1,92,21.7,867.0,3.6,276,Ratnapark,27.7063,85.3152
2021-07-05T18:00,22.6,93,21.3,867.4,2.0,225,Ratnapark,27.7063,85.3152
2021-07-05T19:00,21.9,98,21.6,868.1,1.3,214,Ratnapark,27.7063,85.3152
2021-07-05T20:00,21.7,99,21.6,868.6,3.3,186,Ratnapark,27.7063,85.3152
2021-07-05T21:00,21.8,98,21.4,869.0,2.2,189,Ratnapark,27.7063,85.3152
2021-07-05T22:00,21.6,99,21.4,868.9,1.3,214,Ratnapark,27.7063,85.3152
2021-07-05T23:00,21.3,100,21.2,868.4,1.1,198,Ratnapark,27.7063,85.3152
2021-07-06T00:00,21.0,99,20.9,867.8,1.4,180,Ratnapark,27.7063,85.3152
2021-07-06T01:00,20.8,100,20.7,867.2,1.5,166,Ratnapark,27.7063,85.3152
2021-07-06T02:00,20.6,100,20.6,866.7,2.7,157,Ratnapark,27.7063,85.3152
2021-07-06T03:00,20.5,100,20.4,866.6,3.2,153,Ratnapark,27.7063,85.3152
2021-07-06T04:00,20.3,100,20.3,866.7,1.8,169,Ratnapark,27.7063,85.3152
2021-07-06T05:00,20.9,98,20.7,867.0,2.2,171,Ratnapark,27.7063,85.3152
2021-07-06T06:00,21.8,95,21.0,867.2,2.0,135,Ratnapark,27.7063,85.3152
2021-07-06T07:00,22.9,89,21.0,868.0,0.5,45,Ratnapark,27.7063,85.3152
2021-07-06T08:00,24.0,84,21.1,868.3,3.1,306,Ratnapark,27.7063,85.3152
2021-07-06T09:00,25.3,78,21.1,868.6,3.1,306,Ratnapark,27.7063,85.3152
2021-07-06T10:00,26.8,70,20.9,868.5,3.9,292,Ratnapark,27.7063,85.3152
2021-07-06T11:00,27.5,71,21.7,868.1,5.9,284,Ratnapark,27.7063,85.3152
2021-07-06T12:00,26.6,82,23.2,867.5,8.5,282,Ratnapark,27.7063,85.3152
2021-07-06T13:00,25.3,88,23.2,866.4,7.5,305,Ratnapark,27.7063,85.3152
2021-07-06T14:00,25.5,91,23.8,865.9,6.3,301,Ratnapark,27.7063,85.3152
2021-07-06T15:00,24.7,93,23.5,865.6,5.9,308,Ratnapark,27.7063,85.3152
2021-07-06T16:00,23.9,88,21.7,865.6,6.1,298,Ratnapark,27.7063,85.3152
2021-07-06T17:00,22.7,93,21.5,865.5,3.5,294,Ratnapark,27.7063,85.3152
2021-07-06T18:00,22.4,95,21.6,865.7,0.8,297,Ratnapark,27.7063,85.3152
2021-07-06T19:00,22.1,99,21.9,866.1,1.1,108,Ratnapark,27.7063,85.3152
2021-07-06T20:00,21.6,100,21.6,866.5,1.5,166,Ratnapark,27.7063,85.3152
2021-07-06T21:00,21.4,100,21.4,867.0,2.2,171,Ratnapark,27.7063,85.3152
2021-07-06T22:00,21.3,100,21.3,867.2,2.2,171,Ratnapark,27.7063,85.3152
2021-07-06T23:00,21.4,99,21.3,867.0,1.1,162,Ratnapark,27.7063,85.3152
2021-07-07T00:00,21.6,99,21.4,866.5,2.9,210,Ratnapark,27.7063,85.3152
2021-07-07T01:00,21.5,99,21.4,865.7,2.3,198,Ratnapark,27.7063,85.3152
2021-07-07T02:00,21.3,100,21.2,865.0,2.4,207,Ratnapark,27.7063,85.3152
2021-07-07T03:00,21.2,99,21.0,865.2,1.8,169,Ratnapark,27.7063,85.3152
2021-07-07T04:00,21.3,98,21.0,865.5,1.1,180,Ratnapark,27.7063,85.3152
2021-07-07T05:00,20.8,98,20.6,865.6,3.3,167,Ratnapark,27.7063,85.3152
2021-07-07T06:00,21.8,95,21.0,866.2,3.6,180,Ratnapark,27.7063,85.3152
2021-07-07T07:00,23.8,85,21.1,867.1,1.8,191,Ratnapark,27.7063,85.3152
2021-07-07T08:00,24.9,78,20.9,867.7,0.4,360,Ratnapark,27.7063,85.3152
2021-07-07T09:00,25.7,76,21.1,868.3,0.5,135,Ratnapark,27.7063,85.3152
2021-07-07T10:00,26.7,74,21.8,868.7,0.7,180,Ratnapark,27.7063,85.3152
2021-07-07T11:00,26.6,78,22.5,868.4,2.4,243,Ratnapark,27.7063,85.3152
2021-07-07T12:00,24.5,83,21.5,867.6,5.1,274,Ratnapark,27.7063,85.3152
2021-07-07T13:00,24.4,83,21.4,866.5,3.6,276,Ratnapark,27.7063,85.3152
2021-07-07T14:00,24.4,83,21.3,865.6,1.6,333,Ratnapark,27.7063,85.3152
2021-07-07T15:00,25.2,79,21.3,865.4,1.4,90,Ratnapark,27.7063,85.3152
2021-07-07T16:00,24.4,84,21.5,865.5,0.4,180,Ratnapark,27.7063,85.3152
2021-07-07T17:00,23.8,87,21.5,865.3,2.9,360,Ratnapark,27.7063,85.3152
2021-07-07T18:00,23.3,92,21.8,865.8,4.7,113,Ratnapark,27.7063,85.3152
2021-07-07T19:00,22.5,95,21.7,865.7,4.6,129,Ratnapark,27.7063,85.3152
2021-07-07T20:00,21.8,98,21.4,865.8,2.7,157,Ratnapark,27.7063,85.3152
2021-07-07T21:00,21.5,98,21.2,866.6,3.2,153,Ratnapark,27.7063,85.3152
2021-07-07T22:00,21.4,97,21.0,867.1,3.8,139,Ratnapark,27.7063,85.3152
2021-07-07T23:00,21.8,98,21.4,867.5,5.1,135,Ratnapark,27.7063,85.3152
2021-07-08T00:00,21.8,97,21.3,867.4,4.3,132,Ratnapark,27.7063,85.3152
2021-07-08T01:00,21.5,98,21.2,866.7,4.4,99,Ratnapark,27.7063,85.3152
2021-07-08T02:00,21.3,98,21.1,866.1,4.6,135,Ratnapark,27.7063,85.3152
2021-07-08T03:00,21.3,98,20.9,866.0,5.8,112,Ratnapark,27.7063,85.3152
2021-07-08T04:00,21.3,97,20.8,866.0,4.7,86,Ratnapark,27.7063,85.3152
2021-07-08T05:00,21.2,96,20.5,867.2,6.8,115,Ratnapark,27.7063,85.3152
2021-07-08T06:00,21.7,94,20.8,867.9,5.8,120,Ratnapark,27.7063,85.3152
2021-07-08T07:00,22.7,91,21.1,868.8,5.6,140,Ratnapark,27.7063,85.3152
2021-07-08T08:00,22.7,90,21.0,869.1,6.4,128,Ratnapark,27.7063,85.3152
2021-07-08T09:00,23.1,90,21.5,869.4,6.3,114,Ratnapark,27.7063,85.3152
2021-07-08T10:00,22.9,90,21.3,869.5,8.4,97,Ratnapark,27.7063,85.3152
2021-07-08T11:00,23.0,90,21.2,869.4,8.2,105,Ratnapark,27.7063,85.3152
2021-07-08T12:00,23.6,86,21.2,869.3,8.8,102,Ratnapark,27.7063,85.3152
2021-07-08T13:00,24.0,86,21.5,868.6,7.5,107,Ratnapark,27.7063,85.3152
2021-07-08T14:00,24.1,84,21.2,867.8,6.8,93,Ratnapark,27.7063,85.3152
2021-07-08T15:00,24.4,82,21.1,867.4,7.0,78,Ratnapark,27.7063,85.3152
2021-07-08T16:00,24.0,81,20.6,867.1,7.6,90,Ratnapark,27.7063,85.3152
2021-07-08T17:00,23.2,85,20.5,867.1,4.4,81,Ratnapark,27.7063,85.3152
2021-07-08T18:00,22.3,90,20.7,867.1,3.7,119,Ratnapark,27.7063,85.3152
2021-07-08T19:00,21.5,94,20.6,866.9,5.1,135,Ratnapark,27.7063,85.3152
2021-07-08T20:00,21.0,96,20.4,867.2,4.6,141,Ratnapark,27.7063,85.3152
2021-07-08T21:00,20.5,98,20.1,867.7,3.7,151,Ratnapark,27.7063,85.3152
2021-07-08T22:00,20.1,98,19.8,867.9,3.5,156,Ratnapark,27.7063,85.3152
2021-07-08T23:00,19.9,99,19.7,867.8,3.2,153,Ratnapark,27.7063,85.3152
2021-07-09T00:00,19.8,99,19.7,867.5,2.9,150,Ratnapark,27.7063,85.3152
2021-07-09T01:00,19.9,99,19.7,867.1,3.6,143,Ratnapark,27.7063,85.3152
2021-07-09T02:00,19.7,99,19.5,866.7,2.7,157,Ratnapark,27.7063,85.3152
2021-07-09T03:00,19.7,99,19.6,866.5,1.8,169,Ratnapark,27.7063,85.3152
2021-07-09T04:00,19.6,100,19.6,866.8,1.8,169,Ratnapark,27.7063,85.3152
2021-07-09T05:00,19.2,99,19.0,866.8,2.2,189,Ratnapark,27.7063,85.3152
2021-07-09T06:00,20.8,95,20.0,867.8,0.0,270,Ratnapark,27.7063,85.3152
2021-07-09T07:00,22.3,87,20.0,868.5,2.5,82,Ratnapark,27.7063,85.3152
2021-07-09T08:00,24.1,78,20.1,869.2,2.9,90,Ratnapark,27.7063,85.3152
2021-07-09T09:00,25.7,73,20.5,869.6,2.3,72,Ratnapark,27.7063,85.3152
2021-07-09T10:00,26.4,73,21.1,869.9,2.4,27,Ratnapark,27.7063,85.3152
2021-07-09T11:00,27.2,71,21.6,869.3,4.3,360,Ratnapark,27.7063,85.3152
2021-07-09T12:00,27.4,73,22.1,868.7,4.4,351,Ratnapark,27.7063,85.3152
2021-07-09T13:00,27.0,81,23.5,867.3,4.0,333,Ratnapark,27.7063,85.3152
2021-07-09T14:00,24.7,83,21.7,866.6,4.2,329,Ratnapark,27.7063,85.3152
2021-07-09T15:00,23.4,88,21.4,866.2,3.6,276,Ratnapark,27.7063,85.3152
2021-07-09T16:00,23.0,87,20.8,866.0,3.6,264,Ratnapark,27.7063,85.3152
2021-07-09T17:00,23.1,90,21.4,866.6,2.3,288,Ratnapark,27.7063,85.3152
2021-07-09T18:00,22.7,95,21.8,867.0,1.5,225,Ratnapark,27.7063,85.3152
2021-07-09T19:00,22.0,99,21.8,867.0,0.4,180,Ratnapark,27.7063,85.3152
2021-07-09T20:00,21.7,100,21.6,867.2,3.4,162,Ratnapark,27.7063,85.3152
2021-07-09T21:00,21.5,99,21.4,867.8,4.2,160,Ratnapark,27.7063,85.3152
2021-07-09T22:00,21.1,100,21.0,868.2,3.8,163,Ratnapark,27.7063,85.3152
2021-07-09T23:00,20.8,99,20.6,868.7,3.7,169,Ratnapark,27.7063,85.3152
2021-07-10T00:00,20.6,99,20.4,868.3,3.3,131,Ratnapark,27.7063,85.3152
2021-07-10T01:00,20.8,98,20.4,868.0,2.9,150,Ratnapark,27.7063,85.3152
2021-07-10T02:00,20.6,98,20.3,867.4,3.4,148,Ratnapark,27.7063,85.3152
2021-07-10T03:00,20.5,99,20.3,866.9,2.6,164,Ratnapark,27.7063,85.3152
2021-07-10T04:00,20.4,99,20.3,866.8,0.8,153,Ratnapark,27.7063,85.3152
2021-07-10T05:00,20.5,99,20.3,866.7,4.2,149,Ratnapark,27.7063,85.3152
2021-07-10T06:00,21.8,94,20.8,867.5,2.8,130,Ratnapark,27.7063,85.3152
2021-07-10T07:00,22.8,91,21.3,868.4,1.8,79,Ratnapark,27.7063,85.3152
2021-07-10T08:00,24.0,89,22.1,868.9,2.1,59,Ratnapark,27.7063,85.3152
2021-07-10T09:00,25.1,85,22.4,869.1,2.2,81,Ratnapark,27.7063,85.3152
2021-07-10T10:00,26.0,83,22.9,869.2,1.6,117,Ratnapark,27.7063,85.3152
2021-07-10T11:00,26.2,86,23.8,868.7,1.9,112,Ratnapark,27.7063,85.3152
2021-07-10T12:00,26.3,91,24.7,867.9,0.8,27,Ratnapark,27.7063,85.3152
2021-07-10T13:00,25.2,100,25.2,867.1,1.8,191,Ratnapark,27.7063,85.3152
2021-07-10T14:00,24.4,100,24.4,866.8,3.0,194,Ratnapark,27.7063,85.3152
2021-07-10T15:00,23.8,97,23.3,866.9,4.0,260,Ratnapark,27.7063,85.3152
2021-07-10T16:00,23.0,88,20.8,866.8,3.6,307,Ratnapark,27.7063,85.3152
2021-07-10T17:00,22.8,90,21.1,867.0,1.5,256,Ratnapark,27.7063,85.3152
2021-07-10T18:00,21.9,98,21.5,867.4,1.3,56,Ratnapark,27.7063,85.3152
2021-07-10T19:00,21.5,100,21.4,868.0,4.0,90,Ratnapark,27.7063,85.3152
2021-07-10T20:00,21.4,98,21.1,868.4,5.6,117,Ratnapark,27.7063,85.3152
2021-07-10T21:00,21.5,98,21.1,869.1,5.6,140,Ratnapark,27.7063,85.3152
2021-07-10T22:00,21.4,98,21.1,869.6,5.1,141,Ratnapark,27.7063,85.3152
2021-07-10T23:00,21.2,99,21.0,869.7,4.3,138,Ratnapark,27.7063,85.3152
2021-07-11T00:00,21.3,95,20.4,869.6,4.9,144,Ratnapark,27.7063,85.3152
2021-07-11T01:00,21.1,93,20.0,869.0,4.1,135,Ratnapark,27.7063,85.3152
2021-07-11T02:00,20.9,96,20.2,868.6,4.2,121,Ratnapark,27.7063,85.3152
2021-07-11T03:00,20.7,98,20.4,868.6,5.0,120,Ratnapark,27.7063,85.3152
2021-07-11T04:00,20.9,97,20.4,869.0,3.9,112,Ratnapark,27.7063,85.3152
2021-07-11T05:00,20.6,97,20.1,868.8,5.0,111,Ratnapark,27.7063,85.3152
2021-07-11T06:00,21.0,96,20.4,869.4,4.8,117,Ratnapark,27.7063,85.3152
2021-07-11T07:00,21.5,95,20.6,870.4,4.0,95,Ratnapark,27.7063,85.3152
2021-07-11T08:00,22.0,91,20.5,870.8,5.5,67,Ratnapark,27.7063,85.3152
2021-07-11T09:00,22.4,89,20.5,871.1,9.4,88,Ratnapark,27.7063,85.3152
2021-07-11T10:00,22.1,93,20.9,871.5,7.3,110,Ratnapark,27.7063,85.3152
2021-07-11T11:00,22.9,92,21.6,871.6,6.3,103,Ratnapark,27.7063,85.3152
2021-07-11T12:00,23.4,93,22.2,871.4,7.6,90,Ratnapark,27.7063,85.3152
2021-07-11T13:00,22.7,90,20.9,870.7,1.9,68,Ratnapark,27.7063,85.3152
2021-07-11T14:00,23.0,87,20.7,870.0,1.8,90,Ratnapark,27.7063,85.3152
2021-07-11T15:00,23.7,82,20.5,869.3,1.0,45,Ratnapark,27.7063,85.3152
2021-07-11T16:00,24.1,81,20.7,869.2,2.3,321,Ratnapark,27.7063,85.3152
2021-07-11T17:00,23.7,85,21.1,869.3,3.1,315,Ratnapark,27.7063,85.3152
2021-07-11T18:00,22.9,93,21.6,869.1,1.8,259,Ratnapark,27.7063,85.3152
2021-07-11T19:00,21.6,96,21.0,869.5,3.1,144,Ratnapark,27.7063,85.3152
2021-07-11T20:00,21.6,95,20.8,870.3,2.7,157,Ratnapark,27.7063,85.3152
2021-07-11T21:00,21.1,97,20.6,870.7,2.1,149,Ratnapark,27.7063,85.3152
2021-07-11T22:00,21.2,97,20.7,871.3,2.4,153,Ratnapark,27.7063,85.3152
2021-07-11T23:00,21.2,95,20.5,871.4,3.1,144,Ratnapark,27.7063,85.3152
2021-07-12T00:00,21.0,96,20.3,871.2,2.3,162,Ratnapark,27.7063,85.3152
2021-07-12T01:00,20.8,98,20.4,871.0,3.2,180,Ratnapark,27.7063,85.3152
2021-07-12T02:00,20.8,98,20.5,870.9,3.1,144,Ratnapark,27.7063,85.3152
2021-07-12T03:00,20.6,98,20.2,870.7,3.7,151,Ratnapark,27.7063,85.3152
2021-07-12T04:00,20.5,98,20.1,870.7,2.8,140,Ratnapark,27.7063,85.3152
2021-07-12T05:00,20.4,98,20.1,870.7,3.9,112,Ratnapark,27.7063,85.3152
2021-07-12T06:00,20.9,97,20.4,871.6,0.4,180,Ratnapark,27.7063,85.3152
2021-07-12T07:00,21.8,89,19.9,872.5,1.6,27,Ratnapark,27.7063,85.3152
2021-07-12T08:00,22.7,89,20.8,873.0,1.8,37,Ratnapark,27.7063,85.3152
2021-07-12T09:00,24.2,86,21.8,873.3,4.2,31,Ratnapark,27.7063,85.3152
2021-07-12T10:00,25.3,81,21.9,873.5,7.1,49,Ratnapark,27.7063,85.3152
2021-07-12T11:00,25.8,75,21.1,873.0,9.3,77,Ratnapark,27.7063,85.3152
2021-07-12T12:00,26.1,69,19.9,872.1,8.3,88,Ratnapark,27.7063,85.3152
2021-07-12T13:00,26.9,66,20.0,870.9,6.9,99,Ratnapark,27.7063,85.3152
2021-07-12T14:00,26.5,69,20.3,870.1,3.7,169,Ratnapark,27.7063,85.3152
2021-07-12T15:00,24.9,79,21.0,869.5,6.1,220,Ratnapark,27.7063,85.3152
2021-07-12T16:00,24.2,83,21.0,869.2,4.7,266,Ratnapark,27.7063,85.3152
2021-07-12T17:00,23.2,89,21.3,869.5,1.8,360,Ratnapark,27.7063,85.3152
2021-07-12T18:00,22.8,90,21.1,870.1,1.9,22,Ratnapark,27.7063,85.3152
2021-07-12T19:00,22.2,97,21.7,870.1,3.1,69,Ratnapark,27.7063,85.3152
2021-07-12T20:00,21.8,99,21.7,870.7,1.8,101,Ratnapark,27.7063,85.3152
2021-07-12T21:00,21.6,100,21.5,871.2,3.2,117,Ratnapark,27.7063,85.3152
2021-07-12T22:00,21.3,99,21.2,871.5,3.6,127,Ratnapark,27.7063,85.3152
2021-07-12T23:00,21.1,100,21.1,871.1,3.6,135,Ratnapark,27.7063,85.3152
2021-07-13T00:00,20.9,99,20.8,870.7,3.6,143,Ratnapark,27.7063,85.3152
2021-07-13T01:00,20.7,98,20.4,870.1,2.7,157,Ratnapark,27.7063,85.3152
2021-07-13T02:00,20.5,99,20.3,869.7,3.2,153,Ratnapark,27.7063,85.3152
2021-07-13T03:00,20.5,98,20.1,869.3,2.3,129,Ratnapark,27.7063,85.3152
2021-07-13T04:00,20.4,98,20.0,869.5,1.1,162,Ratnapark,27.7063,85.3152
2021-07-13T05:00,20.1,99,19.9,869.3,1.3,146,Ratnapark,27.7063,85.3152
2021-07-13T06:00,21.2,94,20.2,870.1,0.0,270,Ratnapark,27.7063,85.3152
2021-07-13T07:00,22.4,89,20.5,871.1,2.6,16,Ratnapark,27.7063,85.3152
2021-07-13T08:00,23.9,81,20.4,871.2,3.1,54,Ratnapark,27.7063,85.3152
2021-07-13T09:00,25.8,73,20.5,871.4,2.6,56,Ratnapark,27.7063,85.3152
2021-07-13T10:00,26.9,70,20.9,871.2,2.9,7,Ratnapark,27.7063,85.3152
2021-07-13T11:00,27.8,67,21.2,870.9,1.3,304,Ratnapark,27.7063,85.3152
2021-07-13T12:00,25.9,78,21.7,869.9,6.2,263,Ratnapark,27.7063,85.3152
2021-07-13T13:00,25.2,81,21.8,869.4,7.7,281,Ratnapark,27.7063,85.3152
2021-07-13T14:00,24.1,90,22.3,868.7,5.0,270,Ratnapark,27.7063,85.3152
2021-07-13T15:00,22.9,91,21.4,868.0,3.7,241,Ratnapark,27.7063,85.3152
2021-07-13T16:00,22.7,90,21.0,868.0,3.0,166,Ratnapark,27.7063,85.3152
2021-07-13T17:00,22.8,86,20.2,868.5,0.7,360,Ratnapark,27.7063,85.3152
2021-07-13T18:00,22.3,91,20.8,869.1,1.5,256,Ratnapark,27.7063,85.3152
2021-07-13T19:00,22.0,95,21.2,869.6,0.8,153,Ratnapark,27.7063,85.3152
2021-07-13T20:00,21.8,97,21.4,869.9,2.1,121,Ratnapark,27.7063,85.3152
2021-07-13T21:00,21.6,96,21.0,870.2,1.0,135,Ratnapark,27.7063,85.3152
2021-07-13T22:00,21.4,96,20.7,870.6,0.5,135,Ratnapark,27.7063,85.3152
2021-07-13T23:00,21.3,96,20.6,870.3,1.0,135,Ratnapark,27.7063,85.3152
2021-07-14T00:00,21.0,97,20.5,870.0,1.3,124,Ratnapark,27.7063,85.3152
2021-07-14T01:00,20.8,98,20.4,869.6,1.4,90,Ratnapark,27.7063,85.3152
2021-07-14T02:00,20.7,98,20.3,869.5,3.3,96,Ratnapark,27.7063,85.3152
2021-07-14T03:00,20.6,97,20.2,869.2,3.8,73,Ratnapark,27.7063,85.3152
2021-07-14T04:00,20.5,98,20.1,869.0,3.6,90,Ratnapark,27.7063,85.3152
2021-07-14T05:00,20.3,98,20.1,868.6,3.4,162,Ratnapark,27.7063,85.3152
2021-07-14T06:00,21.2,95,20.4,868.9,4.1,135,Ratnapark,27.7063,85.3152
2021-07-14T07:00,22.3,90,20.6,869.8,5.5,113,Ratnapark,27.7063,85.3152
2021-07-14T08:00,23.8,85,21.2,870.4,6.8,108,Ratnapark,27.7063,85.3152
2021-07-14T09:00,25.2,79,21.2,870.7,5.9,101,Ratnapark,27.7063,85.3152
2021-07-14T10:00,25.9,75,21.1,870.5,4.0,80,Ratnapark,27.7063,85.3152
2021-07-14T11:00,26.9,72,21.5,870.3,3.1,36,Ratnapark,27.7063,85.3152
2021-07-14T12:00,27.2,72,21.7,869.9,3.2,63,Ratnapark,27.7063,85.3152
2021-07-14T13:00,26.1,79,22.2,869.2,4.3,95,Ratnapark,27.7063,85.3152
2021-07-14T14:00,24.6,88,22.5,868.6,0.8,207,Ratnapark,27.7063,85.3152
2021-07-14T15:00,23.6,86,21.0,868.1,5.0,291,Ratnapark,27.7063,85.3152
2021-07-14T16:00,22.3,89,20.4,868.1,3.9,292,Ratnapark,27.7063,85.3152
2021-07-14T17:00,22.6,92,21.3,868.2,2.5,262,Ratnapark,27.7063,85.3152
2021-07-14T18:00,22.0,93,20.7,868.5,1.9,248,Ratnapark,27.7063,85.3152
2021-07-14T19:00,21.7,96,21.1,868.9,1.6,117,Ratnapark,27.7063,85.3152
2021-07-14T20:00,21.5,98,21.2,869.5,2.7,113,Ratnapark,27.7063,85.3152
2021-07-14T21:00,21.4,99,21.2,870.0,3.1,111,Ratnapark,27.7063,85.3152
2021-07-14T22:00,21.2,99,21.1,870.2,2.8,130,Ratnapark,27.7063,85.3152
2021-07-14T23:00,21.2,95,20.4,869.9,2.7,157,Ratnapark,27.7063,85.3152
2021-07-15T00:00,20.8,96,20.1,869.7,2.1,149,Ratnapark,27.7063,85.3152
2021-07-15T01:00,20.8,97,20.3,869.4,1.8,169,Ratnapark,27.7063,85.3152
2021-07-15T02:00,20.7,98,20.3,869.2,2.3,141,Ratnapark,27.7063,85.3152
2021-07-15T03:00,20.7,98,20.3,869.0,2.3,129,Ratnapark,27.7063,85.3152
2021-07-15T04:00,20.6,98,20.3,869.0,2.7,113,Ratnapark,27.7063,85.3152
2021-07-15T05:00,20.6,98,20.2,868.9,5.2,124,Ratnapark,27.7063,85.3152
2021-07-15T06:00,21.1,96,20.4,869.9,5.0,111,Ratnapark,27.7063,85.3152
2021-07-15T07:00,21.6,94,20.6,870.6,4.5,104,Ratnapark,27.7063,85.3152
2021-07-15T08:00,22.0,95,21.1,870.9,4.7,94,Ratnapark,27.7063,85.3152
2021-07-15T09:00,22.5,94,21.4,871.2,5.4,82,Ratnapark,27.7063,85.3152
2021-07-15T10:00,23.0,91,21.4,871.4,5.2,74,Ratnapark,27.7063,85.3152
2021-07-15T11:00,23.9,87,21.5,871.3,4.2,59,Ratnapark,27.7063,85.3152
2021-07-15T12:00,24.2,86,21.7,870.9,4.4,351,Ratnapark,27.7063,85.3152
2021-07-15T13:00,24.1,84,21.2,870.3,7.3,327,Ratnapark,27.7063,85.3152
2021-07-15T14:00,22.6,91,21.1,869.5,5.7,342,Ratnapark,27.7063,85.3152
2021-07-15T15:00,22.3,91,20.8,869.0,5.7,18,Ratnapark,27.7063,85.3152
2021-07-15T16:00,22.2,93,21.1,868.9,3.9,34,Ratnapark,27.7063,85.3152
2021-07-15T17:00,22.5,89,20.6,869.7,2.6,326,Ratnapark,27.7063,85.3152
2021-07-15T18:00,21.7,96,21.0,869.7,2.1,329,Ratnapark,27.7063,85.3152
2021-07-15T19:00,21.2,99,21.1,869.5,1.9,338,Ratnapark,27.7063,85.3152
2021-07-15T20:00,20.8,100,20.7,869.6,1.1,162,Ratnapark,27.7063,85.3152
2021-07-15T21:00,20.6,100,20.5,870.0,2.3,162,Ratnapark,27.7063,85.3152
2021-07-15T22:00,20.2,99,20.1,870.1,3.5,156,Ratnapark,27.7063,85.3152
2021-07-15T23:00,20.1,99,20.0,869.8,4.2,160,Ratnapark,27.7063,85.3152
2021-07-16T00:00,20.0,100,19.9,869.7,4.0,153,Ratnapark,27.7063,85.3152
2021-07-16T01:00,19.8,99,19.7,870.0,3.2,153,Ratnapark,27.7063,85.3152
2021-07-16T02:00,20.0,99,19.9,870.3,3.5,156,Ratnapark,27.7063,85.3152
2021-07-16T03:00,20.1,99,19.9,870.4,3.3,167,Ratnapark,27.7063,85.3152
2021-07-16T04:00,20.2,98,20.0,870.7,3.5,204,Ratnapark,27.7063,85.3152
2021-07-16T05:00,20.1,99,19.9,870.9,2.9,210,Ratnapark,27.7063,85.3152
2021-07-16T06:00,20.8,98,20.4,871.7,2.7,247,Ratnapark,27.7063,85.3152
2021-07-16T07:00,21.1,94,20.2,872.3,2.3,288,Ratnapark,27.7063,85.3152
2021-07-16T08:00,21.3,93,20.1,872.4,2.7,293,Ratnapark,27.7063,85.3152
2021-07-16T09:00,22.3,87,20.0,872.8,2.9,330,Ratnapark,27.7063,85.3152
2021-07-16T10:00,23.5,81,20.1,872.7,6.0,327,Ratnapark,27.7063,85.3152
2021-07-16T11:00,24.2,81,20.7,872.5,7.1,319,Ratnapark,27.7063,85.3152
2021-07-16T12:00,25.2,75,20.4,871.8,7.6,315,Ratnapark,27.7063,85.3152
2021-07-16T13:00,25.5,73,20.4,871.0,8.3,304,Ratnapark,27.7063,85.3152
2021-07-16T14:00,25.5,74,20.4,870.1,8.7,308,Ratnapark,27.7063,85.3152
2021-07-16T15:00,25.0,75,20.3,869.4,8.7,308,Ratnapark,27.7063,85.3152
2021-07-16T16:00,24.4,79,20.6,869.3,8.0,297,Ratnapark,27.7063,85.3152
2021-07-16T17:00,22.9,88,20.8,869.7,4.7,293,Ratnapark,27.7063,85.3152
2021-07-16T18:00,22.3,92,21.0,869.8,2.2,261,Ratnapark,27.7063,85.3152
2021-07-16T19:00,21.9,98,21.5,869.9,1.3,214,Ratnapark,27.7063,85.3152
2021-07-16T20:00,21.2,99,21.1,869.9,1.8,191,Ratnapark,27.7063,85.3152
2021-07-16T21:00,20.8,100,20.7,870.2,2.2,171,Ratnapark,27.7063,85.3152
2021-07-16T22:00,20.7,100,20.6,870.3,3.8,163,Ratnapark,27.7063,85.3152
2021-07-16T23:00,20.6,99,20.4,870.0,3.9,158,Ratnapark,27.7063,85.3152
2021-07-17T00:00,20.4,100,20.3,869.6,3.0,166,Ratnapark,27.7063,85.3152
2021-07-17T01:00,20.4,100,20.3,869.3,2.3,162,Ratnapark,27.7063,85.3152
2021-07-17T02:00,20.6,99,20.4,868.7,1.8,169,Ratnapark,27.7063,85.3152
2021-07-17T03:00,20.3,100,20.3,868.2,1.4,180,Ratnapark,27.7063,85.3152
2021-07-17T04:00,20.0,100,20.0,868.2,1.8,180,Ratnapark,27.7063,85.3152
2021-07-17T05:00,20.3,99,20.2,868.2,3.2,153,Ratnapark,27.7063,85.3152
2021-07-17T06:00,21.7,95,20.9,869.2,2.2,171,Ratnapark,27.7063,85.3152
2021-07-17T07:00,22.8,88,20.7,870.1,0.8,207,Ratnapark,27.7063,85.3152
2021-07-17T08:00,23.4,83,20.3,870.0,2.0,45,Ratnapark,27.7063,85.3152
2021-07-17T09:00,24.2,77,20.0,870.4,2.3,72,Ratnapark,27.7063,85.3152
2021-07-17T10:00,25.3,72,19.9,870.3,2.5,90,Ratnapark,27.7063,85.3152
2021-07-17T11:00,25.3,74,20.4,870.0,1.6,153,Ratnapark,27.7063,85.3152
2021-07-17T12:00,24.4,80,20.7,869.0,0.8,297,Ratnapark,27.7063,85.3152
2021-07-17T13:00,23.8,86,21.3,868.5,2.6,326,Ratnapark,27.7063,85.3152
2021-07-17T14:00,23.1,89,21.1,868.0,4.6,315,Ratnapark,27.7063,85.3152
2021-07-17T15:00,22.5,93,21.3,867.5,1.1,270,Ratnapark,27.7063,85.3152
2021-07-17T16:00,22.5,92,21.2,867.2,0.4,270,Ratnapark,27.7063,85.3152
2021-07-17T17:00,22.2,93,21.1,867.9,4.3,312,Ratnapark,27.7063,85.3152
2021-07-17T18:00,21.9,97,21.3,868.1,0.5,135,Ratnapark,27.7063,85.3152
2021-07-17T19:00,21.6,98,21.3,868.1,5.4,160,Ratnapark,27.7063,85.3152
2021-07-17T20:00,21.4,97,20.9,868.0,5.1,141,Ratnapark,27.7063,85.3152
2021-07-17T21:00,21.5,96,20.8,868.4,5.9,142,Ratnapark,27.7063,85.3152
2021-07-17T22:00,21.4,96,20.8,868.7,5.0,150,Ratnapark,27.7063,85.3152
2021-07-17T23:00,21.1,98,20.8,868.6,2.3,162,Ratnapark,27.7063,85.3152
2021-07-18T00:00,21.3,97,20.8,868.2,1.9,158,Ratnapark,27.7063,85.3152
2021-07-18T01:00,21.3,96,20.6,867.6,1.5,166,Ratnapark,27.7063,85.3152
2021-07-18T02:00,20.9,98,20.6,867.0,0.8,153,Ratnapark,27.7063,85.3152
2021-07-18T03:00,20.8,98,20.6,866.7,1.3,124,Ratnapark,27.7063,85.3152
2021-07-18T04:00,20.6,99,20.5,866.5,3.4,148,Ratnapark,27.7063,85.3152
2021-07-18T05:00,19.9,100,19.9,866.8,4.7,171,Ratnapark,27.7063,85.3152
2021-07-18T06:00,20.9,98,20.5,867.6,3.2,117,Ratnapark,27.7063,85.3152
2021-07-18T07:00,21.9,94,20.9,868.7,2.6,74,Ratnapark,27.7063,85.3152
2021-07-18T08:00,22.7,89,20.9,868.7,3.1,36,Ratnapark,27.7063,85.3152
2021-07-18T09:00,23.8,83,20.8,869.0,1.5,14,Ratnapark,27.7063,85.3152
2021-07-18T10:00,25.2,74,20.3,869.3,1.8,259,Ratnapark,27.7063,85.3152
2021-07-18T11:00,25.8,71,20.1,869.0,4.6,288,Ratnapark,27.7063,85.3152
2021-07-18T12:00,25.0,76,20.5,868.2,6.1,298,Ratnapark,27.7063,85.3152
2021-07-18T13:00,24.8,81,21.4,867.7,6.2,306,Ratnapark,27.7063,85.3152
2021-07-18T14:00,24.7,81,21.1,867.1,4.7,302,Ratnapark,27.7063,85.3152
2021-07-18T15:00,24.4,83,21.4,866.7,5.4,318,Ratnapark,27.7063,85.3152
2021-07-18T16:00,22.7,93,21.5,866.4,6.7,324,Ratnapark,27.7063,85.3152
2021-07-18T17:00,23.1,85,20.5,866.3,1.8,90,Ratnapark,27.7063,85.3152
2021-07-18T18:00,22.1,95,21.3,866.2,3.2,117,Ratnapark,27.7063,85.3152
2021-07-18T19:00,21.6,95,20.8,866.3,3.2,153,Ratnapark,27.7063,85.3152
2021-07-18T20:00,21.4,96,20.8,866.6,4.5,151,Ratnapark,27.7063,85.3152
2021-07-18T21:00,21.0,97,20.5,867.0,4.5,166,Ratnapark,27.7063,85.3152
2021-07-18T22:00,20.9,97,20.5,867.3,3.6,180,Ratnapark,27.7063,85.3152
2021-07-18T23:00,20.8,98,20.5,867.1,2.6,214,Ratnapark,27.7063,85.3152
2021-07-19T00:00,20.7,98,20.4,866.6,2.4,207,Ratnapark,27.7063,85.3152
2021-07-19T01:00,20.5,99,20.4,866.0,1.8,180,Ratnapark,27.7063,85.3152
2021-07-19T02:00,20.5,100,20.5,865.1,2.6,146,Ratnapark,27.7063,85.3152
2021-07-19T03:00,20.4,99,20.2,864.5,5.5,148,Ratnapark,27.7063,85.3152
2021-07-19T04:00,20.4,98,20.1,864.8,4.8,167,Ratnapark,27.7063,85.3152
2021-07-19T05:00,20.4,98,20.0,865.6,4.0,180,Ratnapark,27.7063,85.3152
2021-07-19T06:00,21.5,93,20.4,866.5,2.2,189,Ratnapark,27.7063,85.3152
2021-07-19T07:00,22.4,90,20.6,867.1,1.1,180,Ratnapark,27.7063,85.3152
2021-07-19T08:00,23.5,87,21.1,867.5,1.1,90,Ratnapark,27.7063,85.3152
2021-07-19T09:00,24.6,85,21.9,868.0,3.6,6,Ratnapark,27.7063,85.3152
2021-07-19T10:00,25.6,82,22.3,868.0,5.4,356,Ratnapark,27.7063,85.3152
2021-07-19T11:00,25.1,81,21.5,867.5,7.6,335,Ratnapark,27.7063,85.3152
2021-07-19T12:00,23.9,85,21.2,866.7,8.7,315,Ratnapark,27.7063,85.3152
2021-07-19T13:00,23.9,84,21.0,866.0,9.8,306,Ratnapark,27.7063,85.3152
2021-07-19T14:00,23.2,88,21.1,865.1,7.1,315,Ratnapark,27.7063,85.3152
2021-07-19T15:00,23.1,91,21.5,864.4,1.6,333,Ratnapark,27.7063,85.3152
2021-07-19T16:00,23.1,90,21.4,864.3,1.5,256,Ratnapark,27.7063,85.3152
2021-07-19T17:00,22.5,91,21.0,864.8,1.9,248,Ratnapark,27.7063,85.3152
2021-07-19T18:00,22.4,95,21.6,865.0,2.6,214,Ratnapark,27.7063,85.3152
2021-07-19T19:00,21.8,98,21.5,865.6,3.2,207,Ratnapark,27.7063,85.3152
2021-07-19T20:00,21.7,99,21.5,865.9,2.7,203,Ratnapark,27.7063,85.3152
2021-07-19T21:00,21.4,99,21.3,866.0,3.3,174,Ratnapark,27.7063,85.3152
2021-07-19T22:00,21.3,99,21.2,866.1,3.3,186,Ratnapark,27.7063,85.3152
2021-07-19T23:00,21.3,99,21.1,865.9,4.0,185,Ratnapark,27.7063,85.3152
2021-07-20T00:00,21.0,99,20.9,865.8,4.1,218,Ratnapark,27.7063,85.3152
2021-07-20T01:00,20.9,95,20.0,865.6,3.1,216,Ratnapark,27.7063,85.3152
2021-07-20T02:00,20.9,96,20.3,865.2,1.3,214,Ratnapark,27.7063,85.3152
2021-07-20T03:00,20.6,99,20.4,864.5,1.9,68,Ratnapark,27.7063,85.3152
2021-07-20T04:00,20.4,99,20.2,864.5,6.6,139,Ratnapark,27.7063,85.3152
2021-07-20T05:00,21.0,97,20.5,864.5,5.6,140,Ratnapark,27.7063,85.3152
2021-07-20T06:00,21.9,94,20.8,865.7,7.1,139,Ratnapark,27.7063,85.3152
2021-07-20T07:00,23.2,86,20.7,866.9,4.6,135,Ratnapark,27.7063,85.3152
2021-07-20T08:00,23.7,86,21.3,867.4,3.3,96,Ratnapark,27.7063,85.3152
2021-07-20T09:00,24.6,88,22.5,867.8,6.3,59,Ratnapark,27.7063,85.3152
2021-07-20T10:00,24.7,85,22.0,867.8,7.4,61,Ratnapark,27.7063,85.3152
2021-07-20T11:00,24.1,84,21.2,867.3,8.2,75,Ratnapark,27.7063,85.3152
2021-07-20T12:00,24.3,87,21.9,866.5,7.6,93,Ratnapark,27.7063,85.3152
2021-07-20T13:00,23.9,87,21.7,865.7,3.5,156,Ratnapark,27.7063,85.3152
2021-07-20T14:00,23.5,87,21.2,865.3,4.2,211,Ratnapark,27.7063,85.3152
2021-07-20T15:00,23.4,85,20.7,864.8,2.2,189,Ratnapark,27.7063,85.3152
2021-07-20T16:00,23.1,88,21.1,864.7,3.3,84,Ratnapark,27.7063,85.3152
2021-07-20T17:00,22.8,93,21.6,864.7,2.2,351,Ratnapark,27.7063,85.3152
2021-07-20T18:00,22.3,97,21.8,864.8,3.3,311,Ratnapark,27.7063,85.3152
2021-07-20T19:00,21.7,100,21.7,865.1,1.9,248,Ratnapark,27.7063,85.3152
2021-07-20T20:00,21.8,99,21.7,865.5,1.9,158,Ratnapark,27.7063,85.3152
2021-07-20T21:00,21.8,99,21.6,866.1,3.5,156,Ratnapark,27.7063,85.3152
2021-07-20T22:00,21.8,98,21.5,866.3,2.7,157,Ratnapark,27.7063,85.3152
2021-07-20T23:00,21.6,97,21.0,866.1,2.6,164,Ratnapark,27.7063,85.3152
2021-07-21T00:00,21.4,97,20.9,865.6,1.5,166,Ratnapark,27.7063,85.3152
2021-07-21T01:00,21.3,97,20.8,865.2,1.6,153,Ratnapark,27.7063,85.3152
2021-07-21T02:00,21.0,98,20.6,864.7,2.0,135,Ratnapark,27.7063,85.3152
2021-07-21T03:00,20.9,97,20.4,864.2,3.8,131,Ratnapark,27.7063,85.3152
2021-07-21T04:00,20.8,97,20.3,864.4,4.1,135,Ratnapark,27.7063,85.3152
2021-07-21T05:00,20.8,98,20.5,864.2,4.9,126,Ratnapark,27.7063,85.3152
2021-07-21T06:00,21.6,95,20.8,864.8,6.3,121,Ratnapark,27.7063,85.3152
2021-07-21T07:00,22.7,88,20.7,865.8,6.3,114,Ratnapark,27.7063,85.3152
2021-07-21T08:00,23.9,84,21.0,866.5,1.8,101,Ratnapark,27.7063,85.3152
2021-07-21T09:00,24.8,84,21.9,866.7,2.3,342,Ratnapark,27.7063,85.3152
2021-07-21T10:00,25.3,85,22.6,866.4,6.2,339,Ratnapark,27.7063,85.3152
2021-07-21T11:00,26.0,80,22.3,866.0,7.2,333,Ratnapark,27.7063,85.3152
2021-07-21T12:00,25.6,80,21.9,864.8,6.6,351,Ratnapark,27.7063,85.3152
2021-07-21T13:00,25.2,79,21.2,864.2,5.6,345,Ratnapark,27.7063,85.3152
2021-07-21T14:00,24.4,82,21.2,863.8,4.3,312,Ratnapark,27.7063,85.3152
2021-07-21T15:00,23.6,85,20.9,863.2,4.0,270,Ratnapark,27.7063,85.3152
2021-07-21T16:00,23.3,90,21.5,862.9,3.2,270,Ratnapark,27.7063,85.3152
2021-07-21T17:00,22.3,93,21.1,863.4,4.3,294,Ratnapark,27.7063,85.3152
2021-07-21T18:00,21.9,96,21.3,863.6,2.0,225,Ratnapark,27.7063,85.3152
2021-07-21T19:00,21.7,98,21.4,864.0,3.3,167,Ratnapark,27.7063,85.3152
2021-07-21T20:00,21.6,99,21.4,864.6,4.7,157,Ratnapark,27.7063,85.3152
2021-07-21T21:00,21.5,98,21.1,865.0,4.9,163,Ratnapark,27.7063,85.3152
2021-07-21T22:00,21.2,97,20.7,864.9,4.5,151,Ratnapark,27.7063,85.3152
2021-07-21T23:00,21.1,97,20.5,864.7,4.7,148,Ratnapark,27.7063,85.3152
2021-07-22T00:00,21.1,97,20.6,864.5,4.3,156,Ratnapark,27.7063,85.3152
2021-07-22T01:00,20.9,97,20.5,863.9,3.5,156,Ratnapark,27.7063,85.3152
2021-07-22T02:00,20.7,98,20.3,863.6,2.3,141,Ratnapark,27.7063,85.3152
2021-07-22T03:00,20.5,97,20.0,863.2,3.8,163,Ratnapark,27.7063,85.3152
2021-07-22T04:00,20.3,97,19.9,863.6,3.8,163,Ratnapark,27.7063,85.3152
2021-07-22T05:00,20.5,98,20.1,864.0,5.6,135,Ratnapark,27.7063,85.3152
2021-07-22T06:00,21.2,97,20.8,864.5,6.3,121,Ratnapark,27.7063,85.3152
2021-07-22T07:00,22.0,94,21.0,865.1,6.3,114,Ratnapark,27.7063,85.3152
2021-07-22T08:00,23.4,86,20.9,865.9,7.2,108,Ratnapark,27.7063,85.3152
2021-07-22T09:00,25.2,79,21.3,866.4,5.7,108,Ratnapark,27.7063,85.3152
2021-07-22T10:00,26.2,74,21.3,866.3,4.7,90,Ratnapark,27.7063,85.3152
2021-07-22T11:00,27.2,70,21.1,866.0,2.9,83,Ratnapark,27.7063,85.3152
2021-07-22T12:00,27.6,68,21.2,865.4,1.8,37,Ratnapark,27.7063,85.3152
2021-07-22T13:00,27.7,68,21.2,864.2,1.4,360,Ratnapark,27.7063,85.3152
2021-07-22T14:00,26.8,71,21.1,863.3,1.9,292,Ratnapark,27.7063,85.3152
2021-07-22T15:00,25.5,79,21.5,862.5,3.8,287,Ratnapark,27.7063,85.3152
2021-07-22T16:00,25.5,77,21.3,862.3,2.3,288,Ratnapark,27.7063,85.3152
2021-07-22T17:00,23.7,86,21.2,862.5,2.5,315,Ratnapark,27.7063,85.3152
2021-07-22T18:00,23.0,94,22.0,863.1,1.5,225,Ratnapark,27.7063,85.3152
2021-07-22T19:00,22.5,97,21.9,863.6,2.2,180,Ratnapark,27.7063,85.3152
2021-07-22T20:00,22.2,97,21.7,864.2,2.5,180,Ratnapark,27.7063,85.3152
2021-07-22T21:00,22.0,98,21.7,865.1,2.6,196,Ratnapark,27.7063,85.3152
2021-07-22T22:00,21.8,98,21.5,865.6,2.1,211,Ratnapark,27.7063,85.3152
2021-07-22T23:00,21.5,98,21.1,865.5,0.7,180,Ratnapark,27.7063,85.3152
2021-07-23T00:00,21.4,97,20.8,865.0,2.2,180,Ratnapark,27.7063,85.3152
2021-07-23T01:00,21.0,97,20.5,864.3,3.7,169,Ratnapark,27.7063,85.3152
2021-07-23T02:00,20.6,98,20.3,863.8,3.2,180,Ratnapark,27.7063,85.3152
2021-07-23T03:00,19.9,99,19.8,863.2,2.5,188,Ratnapark,27.7063,85.3152
2021-07-23T04:00,19.5,99,19.4,863.3,1.8,169,Ratnapark,27.7063,85.3152
2021-07-23T05:00,19.8,98,19.6,863.1,1.9,158,Ratnapark,27.7063,85.3152
2021-07-23T06:00,21.7,93,20.6,864.2,2.5,172,Ratnapark,27.7063,85.3152
2021-07-23T07:00,23.7,84,20.8,865.4,1.3,304,Ratnapark,27.7063,85.3152
2021-07-23T08:00,24.9,79,21.1,866.3,3.6,315,Ratnapark,27.7063,85.3152
2021-07-23T09:00,26.0,77,21.6,866.9,3.1,315,Ratnapark,27.7063,85.3152
2021-07-23T10:00,26.3,79,22.4,867.2,4.8,318,Ratnapark,27.7063,85.3152
2021-07-23T11:00,25.8,78,21.7,866.7,6.9,313,Ratnapark,27.7063,85.3152
2021-07-23T12:00,25.1,81,21.7,865.6,9.7,315,Ratnapark,27.7063,85.3152
2021-07-23T13:00,24.9,82,21.7,864.7,9.5,295,Ratnapark,27.7063,85.3152
2021-07-23T14:00,24.8,88,22.8,864.0,5.8,266,Ratnapark,27.7063,85.3152
2021-07-23T15:00,24.4,90,22.6,863.4,4.5,241,Ratnapark,27.7063,85.3152
2021-07-23T16:00,23.8,87,21.5,863.2,4.0,260,Ratnapark,27.7063,85.3152
2021-07-23T17:00,23.7,89,21.8,863.4,4.0,297,Ratnapark,27.7063,85.3152
2021-07-23T18:00,22.6,97,22.0,863.8,3.1,291,Ratnapark,27.7063,85.3152
2021-07-23T19:00,22.3,97,21.8,864.5,0.8,153,Ratnapark,27.7063,85.3152
2021-07-23T20:00,21.7,99,21.5,864.6,2.2,189,Ratnapark,27.7063,85.3152
2021-07-23T21:00,21.3,99,21.1,864.7,1.8,180,Ratnapark,27.7063,85.3152
2021-07-23T22:00,20.9,99,20.7,864.9,2.2,180,Ratnapark,27.7063,85.3152
2021-07-23T23:00,20.5,99,20.4,864.6,0.7,180,Ratnapark,27.7063,85.3152
2021-07-24T00:00,20.2,99,20.0,864.4,1.1,162,Ratnapark,27.7063,85.3152
2021-07-24T01:00,20.0,99,19.9,863.9,2.5,172,Ratnapark,27.7063,85.3152
2021-07-24T02:00,19.8,98,19.5,863.6,2.5,172,Ratnapark,27.7063,85.3152
2021-07-24T03:00,19.5,99,19.3,863.6,1.8,169,Ratnapark,27.7063,85.3152
2021-07-24T04:00,19.7,98,19.4,864.2,1.4,180,Ratnapark,27.7063,85.3152
2021-07-24T05:00,19.9,98,19.5,864.6,3.6,186,Ratnapark,27.7063,85.3152
2021-07-24T06:00,21.0,96,20.3,865.2,3.3,193,Ratnapark,27.7063,85.3152
2021-07-24T07:00,22.3,91,20.8,866.1,1.3,214,Ratnapark,27.7063,85.3152
2021-07-24T08:00,23.7,87,21.5,866.7,0.7,90,Ratnapark,27.7063,85.3152
2021-07-24T09:00,25.2,80,21.6,867.2,2.3,129,Ratnapark,27.7063,85.3152
2021-07-24T10:00,26.4,79,22.4,867.7,2.3,162,Ratnapark,27.7063,85.3152
2021-07-24T11:00,26.4,84,23.4,867.4,4.0,207,Ratnapark,27.7063,85.3152
2021-07-24T12:00,25.9,84,23.0,867.0,4.6,252,Ratnapark,27.7063,85.3152
2021-07-24T13:00,25.5,80,21.8,866.1,5.1,315,Ratnapark,27.7063,85.3152
2021-07-24T14:00,24.6,88,22.4,865.5,7.1,345,Ratnapark,27.7063,85.3152
2021-07-24T15:00,24.4,89,22.5,864.9,6.6,338,Ratnapark,27.7063,85.3152
2021-07-24T16:00,24.5,87,22.2,864.2,3.6,315,Ratnapark,27.7063,85.3152
2021-07-24T17:00,25.0,82,21.7,864.6,3.3,283,Ratnapark,27.7063,85.3152
2021-07-24T18:00,23.4,94,22.4,865.0,3.3,311,Ratnapark,27.7063,85.3152
2021-07-24T19:00,22.7,98,22.3,865.4,2.3,288,Ratnapark,27.7063,85.3152
2021-07-24T20:00,22.5,98,22.2,865.9,2.2,270,Ratnapark,27.7063,85.3152
2021-07-24T21:00,22.1,99,22.0,866.5,3.2,270,Ratnapark,27.7063,85.3152
2021-07-24T22:00,21.8,100,21.8,866.9,2.6,214,Ratnapark,27.7063,85.3152
2021-07-24T23:00,21.9,98,21.7,867.0,2.9,173,Ratnapark,27.7063,85.3152
2021-07-25T00:00,21.8,98,21.5,866.4,2.9,180,Ratnapark,27.7063,85.3152
2021-07-25T01:00,21.7,99,21.5,865.7,3.3,186,Ratnapark,27.7063,85.3152
2021-07-25T02:00,21.8,98,21.5,865.6,2.9,180,Ratnapark,27.7063,85.3152
2021-07-25T03:00,21.8,98,21.5,865.4,2.5,180,Ratnapark,27.7063,85.3152
2021-07-25T04:00,21.9,98,21.5,865.7,2.5,188,Ratnapark,27.7063,85.3152
2021-07-25T05:00,21.6,98,21.2,865.6,1.9,202,Ratnapark,27.7063,85.3152
2021-07-25T06:00,22.1,96,21.3,866.4,1.6,207,Ratnapark,27.7063,85.3152
2021-07-25T07:00,22.3,94,21.3,867.1,2.2,189,Ratnapark,27.7063,85.3152
2021-07-25T08:00,22.6,96,21.9,867.2,0.4,270,Ratnapark,27.7063,85.3152
2021-07-25T09:00,23.6,98,23.3,867.3,0.8,27,Ratnapark,27.7063,85.3152
2021-07-25T10:00,25.0,99,24.8,867.0,1.0,315,Ratnapark,27.7063,85.3152
2021-07-25T11:00,26.0,94,25.0,866.8,1.4,270,Ratnapark,27.7063,85.3152
2021-07-25T12:00,26.3,97,25.8,866.2,4.1,255,Ratnapark,27.7063,85.3152
2021-07-25T13:00,25.6,100,25.6,865.4,4.9,253,Ratnapark,27.7063,85.3152
2021-07-25T14:00,24.7,99,24.4,864.7,4.0,243,Ratnapark,27.7063,85.3152
2021-07-25T15:00,24.4,100,24.4,864.6,3.5,294,Ratnapark,27.7063,85.3152
2021-07-25T16:00,24.0,94,22.9,864.7,3.9,304,Ratnapark,27.7063,85.3152
2021-07-25T17:00,23.3,91,21.7,865.1,3.6,323,Ratnapark,27.7063,85.3152
2021-07-25T18:00,23.3,91,21.7,865.0,2.1,301,Ratnapark,27.7063,85.3152
2021-07-25T19:00,22.8,97,22.3,865.5,0.8,117,Ratnapark,27.7063,85.3152
2021-07-25T20:00,22.5,98,22.2,866.1,1.9,158,Ratnapark,27.7063,85.3152
2021-07-25T21:00,22.3,98,22.0,866.4,3.6,180,Ratnapark,27.7063,85.3152
2021-07-25T22:00,22.2,98,21.9,866.6,4.0,170,Ratnapark,27.7063,85.3152
2021-07-25T23:00,22.1,99,21.9,866.5,3.7,169,Ratnapark,27.7063,85.3152
2021-07-26T00:00,21.9,99,21.7,865.9,4.1,135,Ratnapark,27.7063,85.3152
2021-07-26T01:00,21.8,98,21.5,865.4,4.1,142,Ratnapark,27.7063,85.3152
2021-07-26T02:00,21.5,99,21.3,864.9,4.2,121,Ratnapark,27.7063,85.3152
2021-07-26T03:00,21.3,99,21.2,864.5,4.6,141,Ratnapark,27.7063,85.3152
2021-07-26T04:00,21.3,99,21.1,864.5,4.1,135,Ratnapark,27.7063,85.3152
2021-07-26T05:00,21.1,98,20.9,864.2,2.5,172,Ratnapark,27.7063,85.3152
2021-07-26T06:00,21.5,98,21.2,864.5,2.4,153,Ratnapark,27.7063,85.3152
2021-07-26T07:00,22.1,96,21.5,865.2,0.7,180,Ratnapark,27.7063,85.3152
2021-07-26T08:00,22.6,93,21.4,865.5,0.0,270,Ratnapark,27.7063,85.3152
2021-07-26T09:00,23.4,94,22.4,866.0,1.1,360,Ratnapark,27.7063,85.3152
2021-07-26T10:00,24.1,96,23.4,866.0,2.2,351,Ratnapark,27.7063,85.3152
2021-07-26T11:00,23.9,100,23.9,865.6,3.6,360,Ratnapark,27.7063,85.3152
2021-07-26T12:00,24.3,91,22.8,865.1,5.2,348,Ratnapark,27.7063,85.3152
2021-07-26T13:00,23.9,88,21.7,864.2,5.6,345,Ratnapark,27.7063,85.3152
2021-07-26T14:00,24.9,84,22.1,863.6,6.2,353,Ratnapark,27.7063,85.3152
2021-07-26T15:00,24.5,84,21.7,863.2,7.3,351,Ratnapark,27.7063,85.3152
2021-07-26T16:00,23.7,86,21.3,862.9,5.7,342,Ratnapark,27.7063,85.3152
2021-07-26T17:00,23.4,88,21.3,863.1,3.7,299,Ratnapark,27.7063,85.3152
2021-07-26T18:00,22.7,94,21.7,863.3,4.1,322,Ratnapark,27.7063,85.3152
2021-07-26T19:00,22.2,99,22.0,863.5,3.1,324,Ratnapark,27.7063,85.3152
2021-07-26T20:00,21.9,100,21.9,863.6,1.6,243,Ratnapark,27.7063,85.3152
2021-07-26T21:00,21.7,100,21.7,863.6,2.9,173,Ratnapark,27.7063,85.3152
2021-07-26T22:00,21.8,99,21.6,863.7,2.1,149,Ratnapark,27.7063,85.3152
2021-07-26T23:00,21.6,100,21.5,863.3,2.6,304,Ratnapark,27.7063,85.3152
2021-07-27T00:00,21.4,100,21.4,862.7,3.1,216,Ratnapark,27.7063,85.3152
2021-07-27T01:00,21.3,99,21.2,862.0,3.1,216,Ratnapark,27.7063,85.3152
2021-07-27T02:00,21.0,100,21.0,861.7,1.5,194,Ratnapark,27.7063,85.3152
2021-07-27T03:00,20.9,100,20.9,861.6,2.1,211,Ratnapark,27.7063,85.3152
2021-07-27T04:00,20.8,100,20.7,861.4,2.6,196,Ratnapark,27.7063,85.3152
2021-07-27T05:00,21.1,99,20.9,862.0,3.4,198,Ratnapark,27.7063,85.3152
2021-07-27T06:00,22.0,96,21.2,862.5,3.6,174,Ratnapark,27.7063,85.3152
2021-07-27T07:00,23.2,90,21.5,863.2,3.1,144,Ratnapark,27.7063,85.3152
2021-07-27T08:00,24.2,84,21.3,863.5,5.4,110,Ratnapark,27.7063,85.3152
2021-07-27T09:00,25.3,78,21.1,863.9,4.8,132,Ratnapark,27.7063,85.3152
2021-07-27T10:00,26.7,73,21.3,864.2,4.0,153,Ratnapark,27.7063,85.3152
2021-07-27T11:00,27.1,73,21.7,864.1,3.1,159,Ratnapark,27.7063,85.3152
2021-07-27T12:00,25.8,78,21.7,863.3,6.4,142,Ratnapark,27.7063,85.3152
2021-07-27T13:00,25.3,80,21.7,862.7,3.0,104,Ratnapark,27.7063,85.3152
2021-07-27T14:00,24.6,84,21.7,862.1,1.5,45,Ratnapark,27.7063,85.3152
2021-07-27T15:00,24.2,83,21.1,861.7,2.9,353,Ratnapark,27.7063,85.3152
2021-07-27T16:00,23.7,86,21.1,861.5,2.4,333,Ratnapark,27.7063,85.3152
2021-07-27T17:00,23.7,85,21.1,862.3,2.8,50,Ratnapark,27.7063,85.3152
2021-07-27T18:00,22.8,94,21.7,862.0,2.2,99,Ratnapark,27.7063,85.3152
2021-07-27T19:00,21.6,97,21.1,862.7,2.9,150,Ratnapark,27.7063,85.3152
2021-07-27T20:00,21.8,97,21.3,863.7,2.6,164,Ratnapark,27.7063,85.3152
2021-07-27T21:00,21.5,97,21.1,864.2,2.9,150,Ratnapark,27.7063,85.3152
2021-07-27T22:00,21.3,98,21.0,864.3,1.9,158,Ratnapark,27.7063,85.3152
2021-07-27T23:00,21.0,99,20.8,864.0,2.1,149,Ratnapark,27.7063,85.3152
2021-07-28T00:00,20.9,99,20.7,863.4,3.4,148,Ratnapark,27.7063,85.3152
2021-07-28T01:00,20.7,98,20.4,862.6,4.7,157,Ratnapark,27.7063,85.3152
2021-07-28T02:00,20.7,98,20.3,862.3,5.0,159,Ratnapark,27.7063,85.3152
2021-07-28T03:00,20.6,98,20.2,862.3,6.0,155,Ratnapark,27.7063,85.3152
2021-07-28T04:00,20.5,98,20.1,862.6,4.7,157,Ratnapark,27.7063,85.3152
2021-07-28T05:00,20.4,99,20.3,862.7,2.5,172,Ratnapark,27.7063,85.3152
2021-07-28T06:00,21.5,96,20.9,863.5,3.1,201,Ratnapark,27.7063,85.3152
2021-07-28T07:00,23.0,88,20.9,864.3,2.2,171,Ratnapark,27.7063,85.3152
2021-07-28T08:00,24.2,82,21.0,864.8,0.8,63,Ratnapark,27.7063,85.3152
2021-07-28T09:00,26.0,76,21.4,865.4,1.5,14,Ratnapark,27.7063,85.3152
2021-07-28T10:00,27.0,74,22.0,865.4,2.3,309,Ratnapark,27.7063,85.3152
2021-07-28T11:00,26.6,80,22.8,865.1,1.3,304,Ratnapark,27.7063,85.3152
2021-07-28T12:00,25.8,90,24.1,864.3,3.1,234,Ratnapark,27.7063,85.3152
2021-07-28T13:00,25.3,88,23.2,863.6,5.8,263,Ratnapark,27.7063,85.3152
2021-07-28T14:00,24.2,84,21.4,863.4,7.2,267,Ratnapark,27.7063,85.3152
2021-07-28T15:00,23.4,88,21.2,863.0,2.8,310,Ratnapark,27.7063,85.3152
2021-07-28T16:00,23.2,90,21.5,862.9,4.5,29,Ratnapark,27.7063,85.3152
2021-07-28T17:00,23.3,89,21.3,862.9,0.8,63,Ratnapark,27.7063,85.3152
2021-07-28T18:00,22.7,96,22.0,863.6,2.9,90,Ratnapark,27.7063,85.3152
2021-07-28T19:00,22.3,98,22.0,864.2,2.5,180,Ratnapark,27.7063,85.3152
2021-07-28T20:00,22.1,99,21.9,864.4,3.6,127,Ratnapark,27.7063,85.3152
2021-07-28T21:00,21.8,99,21.6,864.5,3.7,119,Ratnapark,27.7063,85.3152
2021-07-28T22:00,21.5,98,21.2,864.9,5.4,138,Ratnapark,27.7063,85.3152
2021-07-28T23:00,21.2,98,20.9,864.3,5.2,164,Ratnapark,27.7063,85.3152
2021-07-29T00:00,20.8,98,20.4,863.5,4.2,160,Ratnapark,27.7063,85.3152
2021-07-29T01:00,20.8,97,20.2,862.9,4.0,153,Ratnapark,27.7063,85.3152
2021-07-29T02:00,20.4,97,19.9,862.3,4.6,162,Ratnapark,27.7063,85.3152
2021-07-29T03:00,20.2,97,19.6,861.9,5.2,155,Ratnapark,27.7063,85.3152
2021-07-29T04:00,20.4,95,19.6,862.3,5.3,152,Ratnapark,27.7063,85.3152
2021-07-29T05:00,20.5,96,19.8,862.4,5.2,155,Ratnapark,27.7063,85.3152
2021-07-29T06:00,22.0,90,20.3,863.5,6.3,149,Ratnapark,27.7063,85.3152
2021-07-29T07:00,22.9,89,20.9,864.7,2.7,113,Ratnapark,27.7063,85.3152
2021-07-29T08:00,24.5,81,20.9,865.4,1.1,360,Ratnapark,27.7063,85.3152
2021-07-29T09:00,25.3,76,20.7,865.6,3.7,331,Ratnapark,27.7063,85.3152
2021-07-29T10:00,26.7,72,21.2,865.6,2.3,321,Ratnapark,27.7063,85.3152
2021-07-29T11:00,27.6,69,21.4,865.2,2.3,342,Ratnapark,27.7063,85.3152
2021-07-29T12:00,27.4,72,21.8,864.3,2.7,293,Ratnapark,27.7063,85.3152
2021-07-29T13:00,25.6,80,21.9,863.5,6.6,261,Ratnapark,27.7063,85.3152
2021-07-29T14:00,24.5,85,21.8,862.9,4.9,253,Ratnapark,27.7063,85.3152
2021-07-29T15:00,23.6,90,21.8,862.9,3.3,276,Ratnapark,27.7063,85.3152
2021-07-29T16:00,22.7,92,21.2,863.2,4.2,290,Ratnapark,27.7063,85.3152
2021-07-29T17:00,22.9,90,21.3,863.5,3.2,243,Ratnapark,27.7063,85.3152
2021-07-29T18:00,22.6,94,21.5,864.0,1.9,248,Ratnapark,27.7063,85.3152
2021-07-29T19:00,22.1,98,21.7,864.8,1.9,292,Ratnapark,27.7063,85.3152
2021-07-29T20:00,21.9,99,21.7,865.2,1.5,225,Ratnapark,27.7063,85.3152
2021-07-29T21:00,21.7,100,21.6,865.4,2.1,211,Ratnapark,27.7063,85.3152
2021-07-29T22:00,21.4,99,21.3,865.4,1.6,207,Ratnapark,27.7063,85.3152
2021-07-29T23:00,20.9,99,20.8,864.8,1.4,180,Ratnapark,27.7063,85.3152
2021-07-30T00:00,20.7,99,20.5,864.3,1.5,194,Ratnapark,27.7063,85.3152
2021-07-30T01:00,20.1,100,20.1,863.9,2.2,189,Ratnapark,27.7063,85.3152
2021-07-30T02:00,20.2,99,20.0,863.8,2.2,180,Ratnapark,27.7063,85.3152
2021-07-30T03:00,20.4,98,20.0,863.7,2.6,214,Ratnapark,27.7063,85.3152
2021-07-30T04:00,20.0,98,19.7,863.7,3.3,229,Ratnapark,27.7063,85.3152
2021-07-30T05:00,20.2,98,19.9,863.5,5.8,263,Ratnapark,27.7063,85.3152
2021-07-30T06:00,20.9,95,20.1,864.6,5.4,274,Ratnapark,27.7063,85.3152
2021-07-30T07:00,21.8,90,20.1,865.6,5.2,282,Ratnapark,27.7063,85.3152
2021-07-30T08:00,23.3,83,20.3,866.2,5.4,290,Ratnapark,27.7063,85.3152
2021-07-30T09:00,24.6,76,20.1,866.6,4.4,305,Ratnapark,27.7063,85.3152
2021-07-30T10:00,25.5,73,20.3,866.5,4.5,331,Ratnapark,27.7063,85.3152
2021-07-30T11:00,26.6,71,21.0,866.2,3.1,315,Ratnapark,27.7063,85.3152
2021-07-30T12:00,26.7,73,21.5,865.9,4.0,270,Ratnapark,27.7063,85.3152
2021-07-30T13:00,25.8,76,21.4,865.1,5.1,278,Ratnapark,27.7063,85.3152
2021-07-30T14:00,24.9,80,21.3,864.6,6.9,279,Ratnapark,27.7063,85.3152
2021-07-30T15:00,23.7,86,21.3,864.2,7.3,281,Ratnapark,27.7063,85.3152
2021-07-30T16:00,22.8,89,20.9,863.7,4.5,299,Ratnapark,27.7063,85.3152
2021-07-30T17:00,22.6,92,21.3,863.9,2.2,270,Ratnapark,27.7063,85.3152
2021-07-30T18:00,22.2,95,21.4,864.5,1.6,333,Ratnapark,27.7063,85.3152
2021-07-30T19:00,21.9,98,21.6,864.9,2.0,135,Ratnapark,27.7063,85.3152
2021-07-30T20:00,21.8,98,21.4,865.3,3.0,166,Ratnapark,27.7063,85.3152
2021-07-30T21:00,21.6,98,21.2,865.7,2.5,172,Ratnapark,27.7063,85.3152
2021-07-30T22:00,21.7,98,21.3,866.3,2.5,172,Ratnapark,27.7063,85.3152
2021-07-30T23:00,21.4,98,21.1,865.7,1.5,166,Ratnapark,27.7063,85.3152
2021-07-31T00:00,21.2,99,21.1,865.3,0.8,153,Ratnapark,27.7063,85.3152
2021-07-31T01:00,21.1,99,21.0,864.8,1.6,153,Ratnapark,27.7063,85.3152
2021-07-31T02:00,20.8,99,20.7,864.1,1.1,198,Ratnapark,27.7063,85.3152
2021-07-31T03:00,20.4,100,20.3,863.7,2.6,196,Ratnapark,27.7063,85.3152
2021-07-31T04:00,20.0,99,19.9,863.4,0.7,180,Ratnapark,27.7063,85.3152
2021-07-31T05:00,20.1,98,19.8,864.0,5.4,143,Ratnapark,27.7063,85.3152
2021-07-31T06:00,21.1,94,20.1,864.5,4.9,163,Ratnapark,27.7063,85.3152
2021-07-31T07:00,23.3,84,20.5,865.3,2.6,164,Ratnapark,27.7063,85.3152
2021-07-31T08:00,24.6,78,20.5,866.1,2.8,130,Ratnapark,27.7063,85.3152
2021-07-31T09:00,25.7,73,20.6,866.8,3.9,146,Ratnapark,27.7063,85.3152
2021-07-31T10:00,26.5,73,21.3,867.1,5.4,138,Ratnapark,27.7063,85.3152
2021-07-31T11:00,25.2,79,21.3,866.9,4.9,126,Ratnapark,27.7063,85.3152
2021-07-31T12:00,26.4,78,22.3,866.4,3.7,79,Ratnapark,27.7063,85.3152
2021-07-31T13:00,26.5,80,22.8,865.7,4.3,90,Ratnapark,27.7063,85.3152
2021-07-31T14:00,25.2,88,23.0,865.2,5.0,120,Ratnapark,27.7063,85.3152
2021-07-31T15:00,24.9,84,21.9,864.6,5.1,129,Ratnapark,27.7063,85.3152
2021-07-31T16:00,24.6,85,21.8,864.4,5.6,135,Ratnapark,27.7063,85.3152
2021-07-31T17:00,23.8,86,21.3,864.6,4.5,104,Ratnapark,27.7063,85.3152
2021-07-31T18:00,23.1,89,21.2,865.1,5.4,82,Ratnapark,27.7063,85.3152
2021-07-31T19:00,22.4,92,21.1,865.7,6.8,115,Ratnapark,27.7063,85.3152
2021-07-31T20:00,22.0,94,21.0,866.4,4.2,121,Ratnapark,27.7063,85.3152
2021-07-31T21:00,21.4,95,20.6,866.7,3.3,131,Ratnapark,27.7063,85.3152
2021-07-31T22:00,21.3,96,20.7,866.9,3.1,135,Ratnapark,27.7063,85.3152
2021-07-31T23:00,21.3,97,20.8,866.6,3.6,127,Ratnapark,27.7063,85.3152
2021-08-01T00:00,21.2,98,20.8,866.1,4.2,110,Ratnapark,27.7063,85.3152
2021-08-01T01:00,21.0,98,20.7,865.3,4.0,117,Ratnapark,27.7063,85.3152
2021-08-01T02:00,20.9,98,20.6,864.8,4.1,128,Ratnapark,27.7063,85.3152
2021-08-01T03:00,20.8,98,20.5,864.4,4.1,135,Ratnapark,27.7063,85.3152
2021-08-01T04:00,20.7,98,20.4,864.6,4.1,135,Ratnapark,27.7063,85.3152
2021-08-01T05:00,20.4,98,20.0,864.7,5.6,135,Ratnapark,27.7063,85.3152
2021-08-01T06:00,21.1,95,20.4,865.2,5.6,130,Ratnapark,27.7063,85.3152
2021-08-01T07:00,22.5,89,20.6,865.9,6.4,117,Ratnapark,27.7063,85.3152
2021-08-01T08:00,24.4,79,20.5,866.4,8.2,113,Ratnapark,27.7063,85.3152
2021-08-01T09:00,25.7,72,20.2,866.7,9.7,117,Ratnapark,27.7063,85.3152
2021-08-01T10:00,26.4,72,21.0,866.7,8.5,126,Ratnapark,27.7063,85.3152
2021-08-01T11:00,27.4,73,22.1,866.7,6.9,118,Ratnapark,27.7063,85.3152
2021-08-01T12:00,27.1,77,22.6,866.0,7.1,135,Ratnapark,27.7063,85.3152
2021-08-01T13:00,26.4,78,22.4,865.3,4.8,132,Ratnapark,27.7063,85.3152
2021-08-01T14:00,26.1,80,22.4,864.2,3.2,90,Ratnapark,27.7063,85.3152
2021-08-01T15:00,26.0,80,22.3,863.6,2.4,117,Ratnapark,27.7063,85.3152
2021-08-01T16:00,24.8,87,22.4,863.6,0.7,180,Ratnapark,27.7063,85.3152
2021-08-01T17:00,23.8,83,20.8,863.8,1.8,191,Ratnapark,27.7063,85.3152
2021-08-01T18:00,22.7,91,21.2,864.8,0.8,63,Ratnapark,27.7063,85.3152
2021-08-01T19:00,22.2,96,21.4,865.5,1.8,90,Ratnapark,27.7063,85.3152
2021-08-01T20:00,22.0,96,21.3,866.2,2.6,124,Ratnapark,27.7063,85.3152
2021-08-01T21:00,21.6,97,21.0,866.5,3.3,131,Ratnapark,27.7063,85.3152
2021-08-01T22:00,21.3,96,20.7,866.5,4.3,132,Ratnapark,27.7063,85.3152
2021-08-01T23:00,21.2,97,20.6,866.0,4.8,138,Ratnapark,27.7063,85.3152
2021-08-02T00:00,21.0,98,20.6,865.6,3.3,131,Ratnapark,27.7063,85.3152
2021-08-02T01:00,21.0,96,20.4,865.1,2.5,135,Ratnapark,27.7063,85.3152
2021-08-02T02:00,20.8,97,20.3,864.7,2.0,135,Ratnapark,27.7063,85.3152
2021-08-02T03:00,20.7,97,20.2,864.6,3.8,131,Ratnapark,27.7063,85.3152
2021-08-02T04:00,20.6,98,20.3,864.8,3.9,146,Ratnapark,27.7063,85.3152
2021-08-02T05:00,20.4,98,20.1,864.8,3.9,146,Ratnapark,27.7063,85.3152
2021-08-02T06:00,21.2,97,20.7,865.5,4.3,132,Ratnapark,27.7063,85.3152
2021-08-02T07:00,23.1,88,20.9,866.3,6.9,129,Ratnapark,27.7063,85.3152
2021-08-02T08:00,25.0,76,20.5,867.0,8.5,118,Ratnapark,27.7063,85.3152
2021-08-02T09:00,25.9,76,21.3,867.8,6.1,130,Ratnapark,27.7063,85.3152
2021-08-02T10:00,26.7,77,22.4,867.7,3.1,135,Ratnapark,27.7063,85.3152
2021-08-02T11:00,26.1,85,23.3,867.4,3.9,124,Ratnapark,27.7063,85.3152
2021-08-02T12:00,25.1,92,23.7,866.6,4.5,119,Ratnapark,27.7063,85.3152
2021-08-02T13:00,25.3,90,23.5,865.9,1.9,202,Ratnapark,27.7063,85.3152
2021-08-02T14:00,24.7,87,22.4,865.7,3.8,253,Ratnapark,27.7063,85.3152
2021-08-02T15:00,23.9,85,21.2,865.4,3.7,281,Ratnapark,27.7063,85.3152
2021-08-02T16:00,23.8,84,20.9,865.4,1.8,323,Ratnapark,27.7063,85.3152
2021-08-02T17:00,22.9,87,20.6,865.7,0.7,180,Ratnapark,27.7063,85.3152
2021-08-02T18:00,22.4,91,20.9,866.2,0.5,135,Ratnapark,27.7063,85.3152
2021-08-02T19:00,22.0,95,21.2,866.7,0.5,225,Ratnapark,27.7063,85.3152
2021-08-02T20:00,21.7,98,21.3,867.2,1.1,198,Ratnapark,27.7063,85.3152
2021-08-02T21:00,21.5,98,21.1,867.5,3.5,156,Ratnapark,27.7063,85.3152
2021-08-02T22:00,21.3,97,20.9,867.5,3.5,156,Ratnapark,27.7063,85.3152
2021-08-02T23:00,20.8,98,20.4,867.4,2.9,173,Ratnapark,27.7063,85.3152
2021-08-03T00:00,20.5,100,20.4,867.0,3.3,167,Ratnapark,27.7063,85.3152
2021-08-03T01:00,20.5,99,20.3,866.5,2.9,173,Ratnapark,27.7063,85.3152
2021-08-03T02:00,20.3,99,20.1,866.1,1.9,158,Ratnapark,27.7063,85.3152
2021-08-03T03:00,20.1,99,19.9,865.9,3.0,166,Ratnapark,27.7063,85.3152
2021-08-03T04:00,20.1,99,19.9,866.1,2.7,157,Ratnapark,27.7063,85.3152
2021-08-03T05:00,20.0,99,19.9,865.9,1.1,198,Ratnapark,27.7063,85.3152
2021-08-03T06:00,21.4,95,20.7,866.7,1.8,233,Ratnapark,27.7063,85.3152
2021-08-03T07:00,23.0,88,20.8,867.6,1.3,214,Ratnapark,27.7063,85.3152
2021-08-03T08:00,24.8,77,20.5,868.4,2.1,121,Ratnapark,27.7063,85.3152
2021-08-03T09:00,26.1,70,20.1,868.8,2.9,120,Ratnapark,27.7063,85.3152
2021-08-03T10:00,27.1,67,20.4,868.9,0.0,270,Ratnapark,27.7063,85.3152
2021-08-03T11:00,27.2,70,21.3,868.4,1.4,270,Ratnapark,27.7063,85.3152
2021-08-03T12:00,27.0,75,22.2,867.4,3.9,292,Ratnapark,27.7063,85.3152
2021-08-03T13:00,25.6,83,22.4,866.6,8.4,295,Ratnapark,27.7063,85.3152
2021-08-03T14:00,24.1,89,22.2,866.0,6.9,321,Ratnapark,27.7063,85.3152
2021-08-03T15:00,23.4,93,22.2,865.8,2.5,315,Ratnapark,27.7063,85.3152
2021-08-03T16:00,23.3,93,22.0,865.9,2.3,252,Ratnapark,27.7063,85.3152
2021-08-03T17:00,22.8,89,20.9,866.4,4.0,275,Ratnapark,27.7063,85.3152
2021-08-03T18:00,21.9,93,20.8,866.3,1.6,297,Ratnapark,27.7063,85.3152
2021-08-03T19:00,21.8,96,21.1,866.8,0.8,153,Ratnapark,27.7063,85.3152
2021-08-03T20:00,21.7,98,21.3,867.5,2.9,180,Ratnapark,27.7063,85.3152
2021-08-03T21:00,21.6,99,21.4,868.2,1.6,153,Ratnapark,27.7063,85.3152
2021-08-03T22:00,21.5,100,21.4,868.5,1.9,158,Ratnapark,27.7063,85.3152
2021-08-03T23:00,21.6,99,21.5,868.4,2.3,129,Ratnapark,27.7063,85.3152
2021-08-04T00:00,21.5,99,21.4,867.8,2.3,141,Ratnapark,27.7063,85.3152
2021-08-04T01:00,21.2,100,21.2,867.4,1.1,162,Ratnapark,27.7063,85.3152
2021-08-04T02:00,21.1,96,20.5,867.2,0.8,153,Ratnapark,27.7063,85.3152
2021-08-04T03:00,21.0,97,20.5,867.1,1.9,158,Ratnapark,27.7063,85.3152
2021-08-04T04:00,20.9,98,20.5,867.1,2.5,135,Ratnapark,27.7063,85.3152
2021-08-04T05:00,20.8,98,20.4,866.8,2.8,140,Ratnapark,27.7063,85.3152
2021-08-04T06:00,21.6,96,20.9,867.6,5.1,129,Ratnapark,27.7063,85.3152
2021-08-04T07:00,23.1,88,21.0,868.6,5.8,120,Ratnapark,27.7063,85.3152
2021-08-04T08:00,24.5,84,21.6,869.4,4.9,107,Ratnapark,27.7063,85.3152
2021-08-04T09:00,25.6,83,22.4,869.7,5.2,102,Ratnapark,27.7063,85.3152
2021-08-04T10:00,25.8,85,23.1,869.8,5.4,110,Ratnapark,27.7063,85.3152
2021-08-04T11:00,25.0,85,22.4,869.2,5.2,115,Ratnapark,27.7063,85.3152
2021-08-04T12:00,24.7,88,22.5,868.3,4.4,81,Ratnapark,27.7063,85.3152
2021-08-04T13:00,25.0,85,22.3,868.0,2.6,34,Ratnapark,27.7063,85.3152
2021-08-04T14:00,24.4,89,22.5,867.2,1.0,225,Ratnapark,27.7063,85.3152
2021-08-04T15:00,23.9,92,22.5,866.9,2.4,207,Ratnapark,27.7063,85.3152
2021-08-04T16:00,23.6,88,21.6,866.8,4.1,285,Ratnapark,27.7063,85.3152
2021-08-04T17:00,22.9,91,21.3,866.9,2.3,198,Ratnapark,27.7063,85.3152
2021-08-04T18:00,22.2,94,21.3,867.1,1.6,117,Ratnapark,27.7063,85.3152
2021-08-04T19:00,21.9,97,21.5,867.7,4.2,121,Ratnapark,27.7063,85.3152
2021-08-04T20:00,21.9,98,21.5,867.9,4.2,121,Ratnapark,27.7063,85.3152
2021-08-04T21:00,21.6,98,21.2,868.4,4.1,128,Ratnapark,27.7063,85.3152
2021-08-04T22:00,21.4,99,21.2,868.1,4.6,129,Ratnapark,27.7063,85.3152
2021-08-04T23:00,21.3,98,21.0,867.9,4.6,135,Ratnapark,27.7063,85.3152
2021-08-05T00:00,21.1,97,20.6,867.2,3.9,146,Ratnapark,27.7063,85.3152
2021-08-05T01:00,20.6,99,20.4,866.6,2.2,171,Ratnapark,27.7063,85.3152
2021-08-05T02:00,20.6,99,20.4,865.7,1.8,191,Ratnapark,27.7063,85.3152
2021-08-05T03:00,20.4,100,20.3,865.5,1.5,166,Ratnapark,27.7063,85.3152
2021-08-05T04:00,20.4,99,20.3,865.5,2.1,149,Ratnapark,27.7063,85.3152
2021-08-05T05:00,20.4,99,20.2,866.2,4.1,142,Ratnapark,27.7063,85.3152
2021-08-05T06:00,20.9,94,19.9,866.4,3.6,143,Ratnapark,27.7063,85.3152
2021-08-05T07:00,21.4,95,20.5,866.9,3.1,135,Ratnapark,27.7063,85.3152
2021-08-05T08:00,22.5,90,20.8,867.6,3.4,108,Ratnapark,27.7063,85.3152
2021-08-05T09:00,23.8,84,20.9,868.0,3.7,101,Ratnapark,27.7063,85.3152
2021-08-05T10:00,25.2,79,21.3,868.4,3.3,103,Ratnapark,27.7063,85.3152
2021-08-05T11:00,26.6,76,22.0,868.5,2.6,56,Ratnapark,27.7063,85.3152
2021-08-05T12:00,27.1,75,22.3,868.0,3.3,41,Ratnapark,27.7063,85.3152
2021-08-05T13:00,26.9,74,21.8,866.9,4.3,24,Ratnapark,27.7063,85.3152
2021-08-05T14:00,25.7,76,21.0,865.8,3.9,326,Ratnapark,27.7063,85.3152
2021-08-05T15:00,24.2,82,21.0,865.5,8.0,275,Ratnapark,27.7063,85.3152
2021-08-05T16:00,22.9,91,21.3,865.5,6.3,294,Ratnapark,27.7063,85.3152
2021-08-05T17:00,22.2,90,20.5,865.4,4.1,315,Ratnapark,27.7063,85.3152
2021-08-05T18:00,21.6,96,20.9,865.6,1.1,198,Ratnapark,27.7063,85.3152
2021-08-05T19:00,21.1,98,20.8,866.0,3.8,163,Ratnapark,27.7063,85.3152
2021-08-05T20:00,20.8,98,20.4,866.2,4.2,160,Ratnapark,27.7063,85.3152
2021-08-05T21:00,20.6,97,20.2,866.5,3.7,169,Ratnapark,27.7063,85.3152
2021-08-05T22:00,20.6,97,20.2,866.7,2.9,173,Ratnapark,27.7063,85.3152
2021-08-05T23:00,20.4,99,20.2,866.4,1.8,169,Ratnapark,27.7063,85.3152
2021-08-06T00:00,20.4,99,20.2,866.0,2.3,162,Ratnapark,27.7063,85.3152
2021-08-06T01:00,20.3,98,20.0,865.5,3.4,162,Ratnapark,27.7063,85.3152
2021-08-06T02:00,20.2,98,19.8,865.1,3.7,169,Ratnapark,27.7063,85.3152
2021-08-06T03:00,19.9,98,19.6,864.7,4.1,165,Ratnapark,27.7063,85.3152
2021-08-06T04:00,19.9,98,19.6,864.9,5.2,155,Ratnapark,27.7063,85.3152
2021-08-06T05:00,19.4,99,19.3,864.9,5.5,157,Ratnapark,27.7063,85.3152
2021-08-06T06:00,20.9,97,20.4,866.1,5.0,159,Ratnapark,27.7063,85.3152
2021-08-06T07:00,23.6,85,20.9,867.7,3.1,135,Ratnapark,27.7063,85.3152
2021-08-06T08:00,25.2,76,20.6,868.4,3.2,117,Ratnapark,27.7063,85.3152
2021-08-06T09:00,26.3,71,20.7,868.9,3.1,111,Ratnapark,27.7063,85.3152
2021-08-06T10:00,26.6,72,21.1,869.1,1.8,191,Ratnapark,27.7063,85.3152
2021-08-06T11:00,26.3,77,21.8,869.0,4.2,290,Ratnapark,27.7063,85.3152
2021-08-06T12:00,25.4,75,20.6,868.0,6.9,321,Ratnapark,27.7063,85.3152
2021-08-06T13:00,24.9,81,21.3,866.6,7.4,321,Ratnapark,27.7063,85.3152
2021-08-06T14:00,25.3,80,21.5,865.7,6.6,299,Ratnapark,27.7063,85.3152
2021-08-06T15:00,24.9,79,21.0,865.5,6.8,288,Ratnapark,27.7063,85.3152
2021-08-06T16:00,23.9,87,21.6,865.8,3.1,234,Ratnapark,27.7063,85.3152
2021-08-06T17:00,24.6,79,20.8,866.0,5.6,297,Ratnapark,27.7063,85.3152
2021-08-06T18:00,22.9,93,21.7,866.1,3.6,225,Ratnapark,27.7063,85.3152
2021-08-06T19:00,22.8,91,21.3,866.9,1.4,180,Ratnapark,27.7063,85.3152
2021-08-06T20:00,22.2,96,21.5,867.5,1.8,180,Ratnapark,27.7063,85.3152
2021-08-06T21:00,21.9,98,21.5,868.0,2.4,153,Ratnapark,27.7063,85.3152
2021-08-06T22:00,21.6,98,21.3,868.3,3.8,139,Ratnapark,27.7063,85.3152
2021-08-06T23:00,21.4,98,21.1,868.0,2.9,150,Ratnapark,27.7063,85.3152
2021-08-07T00:00,21.2,99,21.0,867.4,3.2,153,Ratnapark,27.7063,85.3152
2021-08-07T01:00,21.0,99,20.8,866.6,4.7,148,Ratnapark,27.7063,85.3152
2021-08-07T02:00,20.9,97,20.4,866.3,4.3,156,Ratnapark,27.7063,85.3152
2021-08-07T03:00,20.7,97,20.3,866.0,3.8,131,Ratnapark,27.7063,85.3152
2021-08-07T04:00,20.6,98,20.2,866.4,3.7,151,Ratnapark,27.7063,85.3152
2021-08-07T05:00,20.6,98,20.2,866.3,3.3,167,Ratnapark,27.7063,85.3152
2021-08-07T06:00,21.8,95,21.0,867.6,3.0,166,Ratnapark,27.7063,85.3152
2021-08-07T07:00,23.2,88,21.1,869.1,1.5,166,Ratnapark,27.7063,85.3152
2021-08-07T08:00,24.5,84,21.6,870.1,1.6,153,Ratnapark,27.7063,85.3152
2021-08-07T09:00,25.5,83,22.4,870.4,1.4,90,Ratnapark,27.7063,85.3152
2021-08-07T10:00,26.4,83,23.3,870.6,2.3,141,Ratnapark,27.7063,85.3152
2021-08-07T11:00,26.5,87,24.2,870.0,3.7,151,Ratnapark,27.7063,85.3152
2021-08-07T12:00,27.0,92,25.6,869.2,0.8,153,Ratnapark,27.7063,85.3152
2021-08-07T13:00,26.0,100,26.0,868.0,3.4,288,Ratnapark,27.7063,85.3152
2021-08-07T14:00,25.0,100,25.0,867.3,5.4,312,Ratnapark,27.7063,85.3152
2021-08-07T15:00,24.0,89,22.1,867.0,4.7,302,Ratnapark,27.7063,85.3152
2021-08-07T16:00,23.0,89,21.1,867.2,5.2,286,Ratnapark,27.7063,85.3152
2021-08-07T17:00,23.2,91,21.7,867.7,3.6,307,Ratnapark,27.7063,85.3152
2021-08-07T18:00,22.4,96,21.6,868.1,2.2,360,Ratnapark,27.7063,85.3152
2021-08-07T19:00,22.0,99,21.8,868.7,0.7,90,Ratnapark,27.7063,85.3152
2021-08-07T20:00,21.3,100,21.3,868.9,1.5,166,Ratnapark,27.7063,85.3152
2021-08-07T21:00,21.2,100,21.1,869.5,2.9,173,Ratnapark,27.7063,85.3152
2021-08-07T22:00,20.9,100,20.8,869.7,2.5,180,Ratnapark,27.7063,85.3152
2021-08-07T23:00,20.7,99,20.5,869.4,2.3,162,Ratnapark,27.7063,85.3152
2021-08-08T00:00,20.7,99,20.6,868.6,2.5,172,Ratnapark,27.7063,85.3152
2021-08-08T01:00,20.4,99,20.3,867.8,2.7,157,Ratnapark,27.7063,85.3152
2021-08-08T02:00,20.4,98,20.1,867.5,3.0,166,Ratnapark,27.7063,85.3152
2021-08-08T03:00,20.1,99,20.0,867.6,1.1,162,Ratnapark,27.7063,85.3152
2021-08-08T04:00,20.3,99,20.2,868.4,0.7,180,Ratnapark,27.7063,85.3152
2021-08-08T05:00,20.3,98,19.9,868.4,1.8,169,Ratnapark,27.7063,85.3152
2021-08-08T06:00,20.9,98,20.5,869.2,1.8,217,Ratnapark,27.7063,85.3152
2021-08-08T07:00,21.9,93,20.6,869.9,2.2,171,Ratnapark,27.7063,85.3152
2021-08-08T08:00,22.5,90,20.7,870.3,0.5,45,Ratnapark,27.7063,85.3152
2021-08-08T09:00,23.1,84,20.3,870.5,0.7,360,Ratnapark,27.7063,85.3152
2021-08-08T10:00,23.9,81,20.3,870.9,2.1,149,Ratnapark,27.7063,85.3152
2021-08-08T11:00,24.6,79,20.7,870.6,2.2,99,Ratnapark,27.7063,85.3152
2021-08-08T12:00,25.6,79,21.7,870.0,5.9,79,Ratnapark,27.7063,85.3152
2021-08-08T13:00,25.6,80,21.8,869.1,6.0,73,Ratnapark,27.7063,85.3152
2021-08-08T14:00,25.6,79,21.7,868.6,1.8,79,Ratnapark,27.7063,85.3152
2021-08-08T15:00,25.2,80,21.6,868.3,3.3,311,Ratnapark,27.7063,85.3152
2021-08-08T16:00,23.9,85,21.3,868.2,3.6,315,Ratnapark,27.7063,85.3152
2021-08-08T17:00,22.8,87,20.4,868.5,2.6,16,Ratnapark,27.7063,85.3152
2021-08-08T18:00,22.4,92,21.1,869.1,2.1,31,Ratnapark,27.7063,85.3152
2021-08-08T19:00,22.1,95,21.3,869.7,2.3,108,Ratnapark,27.7063,85.3152
2021-08-08T20:00,21.9,96,21.3,870.5,2.4,117,Ratnapark,27.7063,85.3152
2021-08-08T21:00,21.7,97,21.1,870.7,1.4,90,Ratnapark,27.7063,85.3152
2021-08-08T22:00,21.5,96,20.7,870.8,2.9,120,Ratnapark,27.7063,85.3152
2021-08-08T23:00,21.2,97,20.6,870.3,3.1,135,Ratnapark,27.7063,85.3152
2021-08-09T00:00,20.9,98,20.6,869.7,3.6,135,Ratnapark,27.7063,85.3152
2021-08-09T01:00,20.6,99,20.4,869.1,2.9,150,Ratnapark,27.7063,85.3152
2021-08-09T02:00,20.6,98,20.3,868.9,3.2,153,Ratnapark,27.7063,85.3152
2021-08-09T03:00,20.6,98,20.4,868.4,3.9,146,Ratnapark,27.7063,85.3152
2021-08-09T04:00,20.6,98,20.4,868.5,4.6,129,Ratnapark,27.7063,85.3152
2021-08-09T05:00,20.6,98,20.3,868.2,5.9,128,Ratnapark,27.7063,85.3152
2021-08-09T06:00,21.2,95,20.5,869.2,6.4,128,Ratnapark,27.7063,85.3152
2021-08-09T07:00,22.4,90,20.7,869.9,5.2,124,Ratnapark,27.7063,85.3152
2021-08-09T08:00,23.2,86,20.8,870.6,5.2,102,Ratnapark,27.7063,85.3152
2021-08-09T09:00,23.9,83,20.8,870.9,6.6,77,Ratnapark,27.7063,85.3152
2021-08-09T10:00,25.0,79,21.1,870.7,9.3,74,Ratnapark,27.7063,85.3152
2021-08-09T11:00,26.3,74,21.4,870.3,9.1,81,Ratnapark,27.7063,85.3152
2021-08-09T12:00,26.6,74,21.6,869.6,7.2,93,Ratnapark,27.7063,85.3152
2021-08-09T13:00,26.1,79,22.2,868.9,6.1,130,Ratnapark,27.7063,85.3152
2021-08-09T14:00,25.8,81,22.3,868.0,1.4,90,Ratnapark,27.7063,85.3152
2021-08-09T15:00,25.2,85,22.5,867.4,1.8,169,Ratnapark,27.7063,85.3152
2021-08-09T16:00,24.5,92,23.2,867.1,2.2,189,Ratnapark,27.7063,85.3152
2021-08-09T17:00,23.0,89,21.2,867.2,3.1,45,Ratnapark,27.7063,85.3152
2021-08-09T18:00,22.5,94,21.5,867.2,2.9,60,Ratnapark,27.7063,85.3152
2021-08-09T19:00,22.2,96,21.6,867.8,3.1,135,Ratnapark,27.7063,85.3152
2021-08-09T20:00,21.8,98,21.4,868.2,2.3,141,Ratnapark,27.7063,85.3152
2021-08-09T21:00,21.4,99,21.2,868.7,2.5,135,Ratnapark,27.7063,85.3152
2021-08-09T22:00,21.3,99,21.1,868.6,3.2,117,Ratnapark,27.7063,85.3152
2021-08-09T23:00,21.2,99,21.1,868.3,3.8,131,Ratnapark,27.7063,85.3152
2021-08-10T00:00,20.9,99,20.8,867.6,5.6,135,Ratnapark,27.7063,85.3152
2021-08-10T01:00,20.8,98,20.5,867.1,6.1,135,Ratnapark,27.7063,85.3152
2021-08-10T02:00,20.6,99,20.4,866.7,5.1,141,Ratnapark,27.7063,85.3152
2021-08-10T03:00,20.4,99,20.2,866.3,4.1,135,Ratnapark,27.7063,85.3152
2021-08-10T04:00,20.2,99,20.0,866.3,5.4,132,Ratnapark,27.7063,85.3152
2021-08-10T05:00,20.4,98,20.0,866.2,5.6,117,Ratnapark,27.7063,85.3152
2021-08-10T06:00,21.1,95,20.3,866.8,7.4,129,Ratnapark,27.7063,85.3152
2021-08-10T07:00,22.5,89,20.6,867.7,7.0,145,Ratnapark,27.7063,85.3152
2021-08-10T08:00,24.6,80,20.8,868.0,4.3,185,Ratnapark,27.7063,85.3152
2021-08-10T09:00,26.6,68,20.2,868.7,5.2,164,Ratnapark,27.7063,85.3152
2021-08-10T10:00,26.7,69,20.6,868.8,3.7,119,Ratnapark,27.7063,85.3152
2021-08-10T11:00,26.0,76,21.4,868.4,4.8,103,Ratnapark,27.7063,85.3152
2021-08-10T12:00,26.0,79,22.0,867.7,6.8,90,Ratnapark,27.7063,85.3152
2021-08-10T13:00,25.6,81,22.0,866.6,5.5,113,Ratnapark,27.7063,85.3152
2021-08-10T14:00,26.0,81,22.4,865.6,2.4,153,Ratnapark,27.7063,85.3152
2021-08-10T15:00,26.0,82,22.7,865.0,1.1,18,Ratnapark,27.7063,85.3152
2021-08-10T16:00,25.7,83,22.6,864.9,2.6,34,Ratnapark,27.7063,85.3152
2021-08-10T17:00,24.0,82,20.7,865.1,1.8,180,Ratnapark,27.7063,85.3152
2021-08-10T18:00,23.2,91,21.7,865.3,2.6,304,Ratnapark,27.7063,85.3152
2021-08-10T19:00,22.3,96,21.7,865.7,2.1,301,Ratnapark,27.7063,85.3152
2021-08-10T20:00,21.8,98,21.5,866.0,0.8,207,Ratnapark,27.7063,85.3152
2021-08-10T21:00,21.3,99,21.2,866.7,1.8,169,Ratnapark,27.7063,85.3152
2021-08-10T22:00,21.0,100,21.0,867.0,2.7,157,Ratnapark,27.7063,85.3152
2021-08-10T23:00,20.8,99,20.7,867.0,2.4,153,Ratnapark,27.7063,85.3152
2021-08-11T00:00,21.0,98,20.7,866.7,2.4,153,Ratnapark,27.7063,85.3152
2021-08-11T01:00,20.9,99,20.7,866.4,2.6,164,Ratnapark,27.7063,85.3152
2021-08-11T02:00,20.7,99,20.5,866.0,2.3,141,Ratnapark,27.7063,85.3152
2021-08-11T03:00,20.6,99,20.4,865.8,3.9,146,Ratnapark,27.7063,85.3152
2021-08-11T04:00,20.4,98,20.1,865.8,4.2,149,Ratnapark,27.7063,85.3152
2021-08-11T05:00,20.9,98,20.6,865.9,3.6,143,Ratnapark,27.7063,85.3152
2021-08-11T06:00,21.9,95,21.1,866.8,4.5,119,Ratnapark,27.7063,85.3152
2021-08-11T07:00,23.1,89,21.2,867.8,7.7,101,Ratnapark,27.7063,85.3152
2021-08-11T08:00,24.7,82,21.3,868.1,9.6,110,Ratnapark,27.7063,85.3152
2021-08-11T09:00,26.2,76,21.6,868.5,7.3,110,Ratnapark,27.7063,85.3152
2021-08-11T10:00,27.4,74,22.3,868.4,4.1,142,Ratnapark,27.7063,85.3152
2021-08-11T11:00,27.6,78,23.4,868.1,2.7,247,Ratnapark,27.7063,85.3152
2021-08-11T12:00,26.2,91,24.7,867.4,5.4,250,Ratnapark,27.7063,85.3152
2021-08-11T13:00,24.8,95,24.0,867.1,5.4,233,Ratnapark,27.7063,85.3152
2021-08-11T14:00,24.0,86,21.5,866.6,6.2,306,Ratnapark,27.7063,85.3152
2021-08-11T15:00,23.6,90,21.8,866.1,6.4,308,Ratnapark,27.7063,85.3152
2021-08-11T16:00,23.1,92,21.7,865.8,5.9,308,Ratnapark,27.7063,85.3152
2021-08-11T17:00,22.6,93,21.4,866.7,4.8,318,Ratnapark,27.7063,85.3152
2021-08-11T18:00,22.0,98,21.6,867.0,2.1,31,Ratnapark,27.7063,85.3152
2021-08-11T19:00,21.8,98,21.5,867.4,2.5,135,Ratnapark,27.7063,85.3152
2021-08-11T20:00,21.7,99,21.5,867.8,4.5,151,Ratnapark,27.7063,85.3152
2021-08-11T21:00,21.6,98,21.3,868.3,5.1,135,Ratnapark,27.7063,85.3152
2021-08-11T22:00,21.7,95,20.9,868.7,4.8,132,Ratnapark,27.7063,85.3152
2021-08-11T23:00,21.6,96,21.0,868.3,3.9,112,Ratnapark,27.7063,85.3152
2021-08-12T00:00,21.3,98,20.9,867.7,4.2,121,Ratnapark,27.7063,85.3152
2021-08-12T01:00,21.2,98,21.0,867.5,4.8,138,Ratnapark,27.7063,85.3152
2021-08-12T02:00,21.2,98,21.0,867.3,4.1,128,Ratnapark,27.7063,85.3152
2021-08-12T03:00,21.1,99,20.9,867.2,4.1,135,Ratnapark,27.7063,85.3152
2021-08-12T04:00,21.0,96,20.4,867.9,2.6,124,Ratnapark,27.7063,85.3152
2021-08-12T05:00,20.9,98,20.5,867.4,5.4,132,Ratnapark,27.7063,85.3152
2021-08-12T06:00,21.8,96,21.1,868.4,4.8,132,Ratnapark,27.7063,85.3152
2021-08-12T07:00,23.2,90,21.4,869.9,6.3,103,Ratnapark,27.7063,85.3152
2021-08-12T08:00,23.9,89,21.9,870.5,6.5,96,Ratnapark,27.7063,85.3152
2021-08-12T09:00,24.6,86,22.1,870.9,6.8,90,Ratnapark,27.7063,85.3152
2021-08-12T10:00,25.3,80,21.7,870.6,8.0,95,Ratnapark,27.7063,85.3152
2021-08-12T11:00,26.4,75,21.6,870.2,8.8,109,Ratnapark,27.7063,85.3152
2021-08-12T12:00,27.2,75,22.3,869.8,7.7,127,Ratnapark,27.7063,85.3152
2021-08-12T13:00,27.2,77,22.9,868.8,7.4,119,Ratnapark,27.7063,85.3152
2021-08-12T14:00,26.2,83,23.1,868.2,7.7,139,Ratnapark,27.7063,85.3152
2021-08-12T15:00,24.7,87,22.4,867.6,6.5,161,Ratnapark,27.7063,85.3152
2021-08-12T16:00,24.0,89,22.1,867.8,3.4,148,Ratnapark,27.7063,85.3152
2021-08-12T17:00,23.1,88,21.0,867.8,3.1,315,Ratnapark,27.7063,85.3152
2021-08-12T18:00,22.1,96,21.4,867.9,1.1,288,Ratnapark,27.7063,85.3152
2021-08-12T19:00,22.0,98,21.7,868.4,0.8,153,Ratnapark,27.7063,85.3152
2021-08-12T20:00,21.8,98,21.5,868.8,3.8,131,Ratnapark,27.7063,85.3152
2021-08-12T21:00,21.9,98,21.6,869.1,4.0,117,Ratnapark,27.7063,85.3152
2021-08-12T22:00,22.0,97,21.4,868.9,3.6,127,Ratnapark,27.7063,85.3152
2021-08-12T23:00,21.8,98,21.4,868.5,2.8,130,Ratnapark,27.7063,85.3152
2021-08-13T00:00,21.4,99,21.3,867.9,1.9,158,Ratnapark,27.7063,85.3152
2021-08-13T01:00,21.4,97,20.8,867.6,4.1,128,Ratnapark,27.7063,85.3152
2021-08-13T02:00,21.1,96,20.4,867.1,3.5,114,Ratnapark,27.7063,85.3152
2021-08-13T03:00,20.7,98,20.3,866.5,2.6,124,Ratnapark,27.7063,85.3152
2021-08-13T04:00,20.4,99,20.2,866.0,3.9,158,Ratnapark,27.7063,85.3152
2021-08-13T05:00,21.2,98,20.8,866.9,5.1,129,Ratnapark,27.7063,85.3152
2021-08-13T06:00,21.6,96,21.0,867.6,5.4,110,Ratnapark,27.7063,85.3152
2021-08-13T07:00,22.0,93,20.9,867.9,6.2,97,Ratnapark,27.7063,85.3152
2021-08-13T08:00,22.7,91,21.2,868.5,6.6,99,Ratnapark,27.7063,85.3152
2021-08-13T09:00,23.6,89,21.6,868.9,7.4,104,Ratnapark,27.7063,85.3152
2021-08-13T10:00,24.0,88,21.8,869.0,7.6,90,Ratnapark,27.7063,85.3152
2021-08-13T11:00,24.9,82,21.6,868.7,9.7,94,Ratnapark,27.7063,85.3152
2021-08-13T12:00,24.4,82,21.2,867.9,11.4,101,Ratnapark,27.7063,85.3152
2021-08-13T13:00,25.0,79,21.0,867.0,10.5,121,Ratnapark,27.7063,85.3152
2021-08-13T14:00,25.5,76,20.9,866.4,5.4,143,Ratnapark,27.7063,85.3152
2021-08-13T15:00,24.9,78,20.9,865.7,3.6,180,Ratnapark,27.7063,85.3152
2021-08-13T16:00,24.5,81,21.1,865.4,2.2,279,Ratnapark,27.7063,85.3152
2021-08-13T17:00,23.1,89,21.2,865.8,3.3,354,Ratnapark,27.7063,85.3152
2021-08-13T18:00,22.6,95,21.7,866.0,1.8,101,Ratnapark,27.7063,85.3152
2021-08-13T19:00,22.4,96,21.8,866.3,2.1,121,Ratnapark,27.7063,85.3152
2021-08-13T20:00,22.1,98,21.7,866.6,2.6,146,Ratnapark,27.7063,85.3152
2021-08-13T21:00,21.9,98,21.5,866.7,2.4,153,Ratnapark,27.7063,85.3152
2021-08-13T22:00,21.6,98,21.4,866.3,2.1,149,Ratnapark,27.7063,85.3152
2021-08-13T23:00,21.3,98,21.1,866.0,3.3,139,Ratnapark,27.7063,85.3152
2021-08-14T00:00,21.3,96,20.7,865.7,4.4,145,Ratnapark,27.7063,85.3152
2021-08-14T01:00,21.2,97,20.6,865.1,3.9,146,Ratnapark,27.7063,85.3152
2021-08-14T02:00,20.9,97,20.4,864.7,4.2,149,Ratnapark,27.7063,85.3152
2021-08-14T03:00,20.7,98,20.4,864.3,5.4,132,Ratnapark,27.7063,85.3152
2021-08-14T04:00,20.5,98,20.3,864.2,6.6,112,Ratnapark,27.7063,85.3152
2021-08-14T05:00,20.9,98,20.5,864.1,5.4,132,Ratnapark,27.7063,85.3152
2021-08-14T06:00,21.7,95,20.9,864.7,9.0,119,Ratnapark,27.7063,85.3152
2021-08-14T07:00,22.5,91,20.9,865.6,9.7,112,Ratnapark,27.7063,85.3152
2021-08-14T08:00,22.3,94,21.3,865.8,8.8,99,Ratnapark,27.7063,85.3152
2021-08-14T09:00,22.8,92,21.5,866.1,5.4,127,Ratnapark,27.7063,85.3152
2021-08-14T10:00,22.1,97,21.5,866.0,0.4,180,Ratnapark,27.7063,85.3152
2021-08-14T11:00,21.9,98,21.6,865.9,2.1,149,Ratnapark,27.7063,85.3152
2021-08-14T12:00,22.2,95,21.4,865.6,5.0,120,Ratnapark,27.7063,85.3152
2021-08-14T13:00,22.4,94,21.4,865.5,4.8,132,Ratnapark,27.7063,85.3152
2021-08-14T14:00,22.7,91,21.2,864.9,6.0,123,Ratnapark,27.7063,85.3152
2021-08-14T15:00,23.3,88,21.2,864.3,4.4,125,Ratnapark,27.7063,85.3152
2021-08-14T16:00,23.7,84,20.9,864.2,1.6,153,Ratnapark,27.7063,85.3152
2021-08-14T17:00,22.6,87,20.4,863.9,2.2,351,Ratnapark,27.7063,85.3152
2021-08-14T18:00,22.1,94,21.1,863.8,2.6,124,Ratnapark,27.7063,85.3152
2021-08-14T19:00,21.4,96,20.7,864.1,3.8,131,Ratnapark,27.7063,85.3152
2021-08-14T20:00,21.3,97,20.7,865.1,3.6,143,Ratnapark,27.7063,85.3152
2021-08-14T21:00,21.3,97,20.7,865.8,3.8,131,Ratnapark,27.7063,85.3152
2021-08-14T22:00,21.2,97,20.7,865.9,3.8,139,Ratnapark,27.7063,85.3152
2021-08-14T23:00,21.2,96,20.6,865.8,3.6,143,Ratnapark,27.7063,85.3152
2021-08-15T00:00,21.1,96,20.4,865.5,3.5,156,Ratnapark,27.7063,85.3152
2021-08-15T01:00,20.9,96,20.3,865.0,2.8,140,Ratnapark,27.7063,85.3152
2021-08-15T02:00,20.7,97,20.2,864.8,3.3,139,Ratnapark,27.7063,85.3152
2021-08-15T03:00,20.6,97,20.2,864.8,3.6,143,Ratnapark,27.7063,85.3152
2021-08-15T04:00,20.7,96,20.1,864.7,3.8,139,Ratnapark,27.7063,85.3152
2021-08-15T05:00,20.7,96,20.1,864.7,7.9,120,Ratnapark,27.7063,85.3152
2021-08-15T06:00,20.9,96,20.3,865.5,7.5,125,Ratnapark,27.7063,85.3152
2021-08-15T07:00,21.1,96,20.4,866.2,8.2,119,Ratnapark,27.7063,85.3152
2021-08-15T08:00,21.2,96,20.5,866.8,8.2,113,Ratnapark,27.7063,85.3152
2021-08-15T09:00,21.5,95,20.7,867.4,7.6,115,Ratnapark,27.7063,85.3152
2021-08-15T10:00,22.0,94,20.9,867.9,3.9,124,Ratnapark,27.7063,85.3152
2021-08-15T11:00,22.5,94,21.6,868.0,1.3,56,Ratnapark,27.7063,85.3152
2021-08-15T12:00,22.9,94,22.0,867.8,2.3,18,Ratnapark,27.7063,85.3152
2021-08-15T13:00,23.3,90,21.6,867.2,4.1,345,Ratnapark,27.7063,85.3152
2021-08-15T14:00,24.0,85,21.4,866.8,6.6,315,Ratnapark,27.7063,85.3152
2021-08-15T15:00,23.5,86,21.0,865.9,5.7,325,Ratnapark,27.7063,85.3152
2021-08-15T16:00,22.7,92,21.3,866.0,5.4,312,Ratnapark,27.7063,85.3152
2021-08-15T17:00,22.6,90,20.8,866.2,5.0,339,Ratnapark,27.7063,85.3152
2021-08-15T18:00,21.6,97,21.1,866.5,2.6,326,Ratnapark,27.7063,85.3152
2021-08-15T19:00,21.3,99,21.1,867.2,0.8,153,Ratnapark,27.7063,85.3152
2021-08-15T20:00,21.1,98,20.9,867.8,2.0,135,Ratnapark,27.7063,85.3152
2021-08-15T21:00,21.2,98,20.8,868.6,2.7,157,Ratnapark,27.7063,85.3152
2021-08-15T22:00,20.7,98,20.5,868.8,2.9,150,Ratnapark,27.7063,85.3152
2021-08-15T23:00,20.6,99,20.5,869.0,2.3,141,Ratnapark,27.7063,85.3152
2021-08-16T00:00,20.5,99,20.4,868.8,1.6,153,Ratnapark,27.7063,85.3152
2021-08-16T01:00,20.3,99,20.2,868.5,0.7,180,Ratnapark,27.7063,85.3152
2021-08-16T02:00,20.1,100,20.1,868.0,0.7,180,Ratnapark,27.7063,85.3152
2021-08-16T03:00,20.2,99,20.1,868.0,1.5,194,Ratnapark,27.7063,85.3152
2021-08-16T04:00,19.9,100,19.8,867.8,1.1,180,Ratnapark,27.7063,85.3152
2021-08-16T05:00,20.2,99,20.1,868.3,1.8,180,Ratnapark,27.7063,85.3152
2021-08-16T06:00,20.9,97,20.4,869.2,1.4,180,Ratnapark,27.7063,85.3152
2021-08-16T07:00,22.4,88,20.3,870.0,1.5,76,Ratnapark,27.7063,85.3152
2021-08-16T08:00,23.9,80,20.3,870.9,1.5,14,Ratnapark,27.7063,85.3152
2021-08-16T09:00,25.2,74,20.1,871.2,2.9,330,Ratnapark,27.7063,85.3152
2021-08-16T10:00,26.5,68,20.2,871.2,4.6,309,Ratnapark,27.7063,85.3152
2021-08-16T11:00,26.7,69,20.5,870.8,7.3,281,Ratnapark,27.7063,85.3152
2021-08-16T12:00,26.4,76,21.8,870.3,6.8,288,Ratnapark,27.7063,85.3152
2021-08-16T13:00,26.3,78,22.2,869.2,5.8,300,Ratnapark,27.7063,85.3152
2021-08-16T14:00,25.7,79,21.7,868.5,5.4,307,Ratnapark,27.7063,85.3152
2021-08-16T15:00,24.7,83,21.6,868.2,4.1,308,Ratnapark,27.7063,85.3152
2021-08-16T16:00,23.6,88,21.5,868.0,2.6,304,Ratnapark,27.7063,85.3152
2021-08-16T17:00,22.7,89,20.8,868.7,3.7,331,Ratnapark,27.7063,85.3152
2021-08-16T18:00,22.0,94,21.0,869.3,1.9,22,Ratnapark,27.7063,85.3152
2021-08-16T19:00,22.0,96,21.3,870.0,1.9,158,Ratnapark,27.7063,85.3152
2021-08-16T20:00,21.8,97,21.4,870.7,1.6,153,Ratnapark,27.7063,85.3152
2021-08-16T21:00,21.7,98,21.3,871.0,2.4,153,Ratnapark,27.7063,85.3152
2021-08-16T22:00,21.5,98,21.3,871.4,3.3,167,Ratnapark,27.7063,85.3152
2021-08-16T23:00,21.4,98,21.1,871.0,2.9,173,Ratnapark,27.7063,85.3152
2021-08-17T00:00,21.2,99,21.0,870.5,2.2,180,Ratnapark,27.7063,85.3152
2021-08-17T01:00,21.1,99,20.9,870.2,3.2,207,Ratnapark,27.7063,85.3152
2021-08-17T02:00,21.0,98,20.8,869.9,3.1,201,Ratnapark,27.7063,85.3152
2021-08-17T03:00,21.0,98,20.6,869.8,3.0,194,Ratnapark,27.7063,85.3152
2021-08-17T04:00,20.9,98,20.5,869.8,2.4,207,Ratnapark,27.7063,85.3152
2021-08-17T05:00,20.8,96,20.1,870.0,2.6,236,Ratnapark,27.7063,85.3152
2021-08-17T06:00,21.4,94,20.4,870.4,2.9,270,Ratnapark,27.7063,85.3152
2021-08-17T07:00,22.3,91,20.7,871.0,2.4,297,Ratnapark,27.7063,85.3152
2021-08-17T08:00,23.8,84,20.8,871.3,1.1,108,Ratnapark,27.7063,85.3152
2021-08-17T09:00,25.5,74,20.6,871.6,3.6,135,Ratnapark,27.7063,85.3152
2021-08-17T10:00,26.7,67,20.1,871.3,3.1,135,Ratnapark,27.7063,85.3152
2021-08-17T11:00,26.4,68,20.0,871.1,3.7,169,Ratnapark,27.7063,85.3152
2021-08-17T12:00,25.3,76,20.9,870.4,2.4,207,Ratnapark,27.7063,85.3152
2021-08-17T13:00,23.7,88,21.6,869.5,1.3,236,Ratnapark,27.7063,85.3152
2021-08-17T14:00,23.8,90,22.1,868.8,1.0,225,Ratnapark,27.7063,85.3152
2021-08-17T15:00,23.4,92,22.0,868.5,2.6,236,Ratnapark,27.7063,85.3152
2021-08-17T16:00,22.8,89,20.9,868.5,1.9,248,Ratnapark,27.7063,85.3152
2021-08-17T17:00,21.9,93,20.8,868.3,1.3,326,Ratnapark,27.7063,85.3152
2021-08-17T18:00,22.0,94,21.0,868.7,1.4,180,Ratnapark,27.7063,85.3152
2021-08-17T19:00,21.8,96,21.2,869.4,2.4,117,Ratnapark,27.7063,85.3152
2021-08-17T20:00,21.5,98,21.3,870.0,3.4,148,Ratnapark,27.7063,85.3152
2021-08-17T21:00,21.4,99,21.2,870.5,3.1,144,Ratnapark,27.7063,85.3152
2021-08-17T22:00,21.2,99,21.1,870.3,2.9,173,Ratnapark,27.7063,85.3152
2021-08-17T23:00,21.1,99,21.0,869.9,1.8,169,Ratnapark,27.7063,85.3152
2021-08-18T00:00,21.0,100,20.9,869.4,1.8,217,Ratnapark,27.7063,85.3152
2021-08-18T01:00,20.9,99,20.8,868.6,1.4,180,Ratnapark,27.7063,85.3152
2021-08-18T02:00,20.8,98,20.5,868.1,0.5,135,Ratnapark,27.7063,85.3152
2021-08-18T03:00,20.8,98,20.5,868.1,2.0,135,Ratnapark,27.7063,85.3152
2021-08-18T04:00,20.8,98,20.4,868.1,1.9,112,Ratnapark,27.7063,85.3152
2021-08-18T05:00,20.8,97,20.2,868.3,2.6,106,Ratnapark,27.7063,85.3152
2021-08-18T06:00,21.2,94,20.2,869.0,3.3,96,Ratnapark,27.7063,85.3152
2021-08-18T07:00,21.9,92,20.5,869.7,4.4,99,Ratnapark,27.7063,85.3152
2021-08-18T08:00,22.5,88,20.4,869.9,5.2,106,Ratnapark,27.7063,85.3152
2021-08-18T09:00,23.6,82,20.3,870.1,6.1,118,Ratnapark,27.7063,85.3152
2021-08-18T10:00,24.1,79,20.3,870.0,5.4,127,Ratnapark,27.7063,85.3152
2021-08-18T11:00,24.5,81,21.0,869.6,4.6,141,Ratnapark,27.7063,85.3152
2021-08-18T12:00,25.2,83,22.1,868.9,5.1,135,Ratnapark,27.7063,85.3152
2021-08-18T13:00,25.5,84,22.7,868.3,1.9,158,Ratnapark,27.7063,85.3152
2021-08-18T14:00,25.3,89,23.3,867.4,1.1,342,Ratnapark,27.7063,85.3152
2021-08-18T15:00,24.5,88,22.3,866.8,3.2,333,Ratnapark,27.7063,85.3152
2021-08-18T16:00,23.4,89,21.5,866.8,4.1,322,Ratnapark,27.7063,85.3152
2021-08-18T17:00,22.9,89,21.0,866.8,4.3,294,Ratnapark,27.7063,85.3152
2021-08-18T18:00,22.1,95,21.2,867.2,1.3,214,Ratnapark,27.7063,85.3152
2021-08-18T19:00,21.9,97,21.4,867.9,0.5,45,Ratnapark,27.7063,85.3152
2021-08-18T20:00,21.8,95,21.0,868.4,1.1,72,Ratnapark,27.7063,85.3152
2021-08-18T21:00,21.7,97,21.2,868.6,2.2,81,Ratnapark,27.7063,85.3152
2021-08-18T22:00,21.6,96,20.9,868.6,4.0,117,Ratnapark,27.7063,85.3152
2021-08-18T23:00,21.2,97,20.8,868.3,4.8,132,Ratnapark,27.7063,85.3152
2021-08-19T00:00,21.1,97,20.6,867.6,3.8,139,Ratnapark,27.7063,85.3152
2021-08-19T01:00,21.0,98,20.7,867.2,3.1,135,Ratnapark,27.7063,85.3152
2021-08-19T02:00,20.8,99,20.7,867.0,4.3,132,Ratnapark,27.7063,85.3152
2021-08-19T03:00,20.7,99,20.6,866.6,4.7,113,Ratnapark,27.7063,85.3152
2021-08-19T04:00,20.6,99,20.5,866.8,4.1,105,Ratnapark,27.7063,85.3152
2021-08-19T05:00,20.9,95,20.1,867.2,3.7,101,Ratnapark,27.7063,85.3152
2021-08-19T06:00,21.2,95,20.5,868.2,3.8,107,Ratnapark,27.7063,85.3152
2021-08-19T07:00,22.2,89,20.4,869.0,4.4,99,Ratnapark,27.7063,85.3152
2021-08-19T08:00,22.6,90,20.9,869.4,6.1,93,Ratnapark,27.7063,85.3152
2021-08-19T09:00,23.7,87,21.5,869.9,6.9,96,Ratnapark,27.7063,85.3152
2021-08-19T10:00,24.7,86,22.2,870.1,6.2,80,Ratnapark,27.7063,85.3152
2021-08-19T11:00,25.5,81,22.0,869.7,5.2,74,Ratnapark,27.7063,85.3152
2021-08-19T12:00,26.7,75,22.0,868.9,6.2,80,Ratnapark,27.7063,85.3152
2021-08-19T13:00,25.8,76,21.3,868.2,7.6,95,Ratnapark,27.7063,85.3152
2021-08-19T14:00,25.0,79,21.1,867.3,6.8,108,Ratnapark,27.7063,85.3152
2021-08-19T15:00,25.3,78,21.2,866.8,4.7,113,Ratnapark,27.7063,85.3152
2021-08-19T16:00,25.2,80,21.5,866.9,3.7,119,Ratnapark,27.7063,85.3152
2021-08-19T17:00,24.1,84,21.2,866.9,4.2,110,Ratnapark,27.7063,85.3152
2021-08-19T18:00,22.5,93,21.4,867.2,3.9,124,Ratnapark,27.7063,85.3152
2021-08-19T19:00,22.2,93,21.1,868.5,2.9,150,Ratnapark,27.7063,85.3152
2021-08-19T20:00,22.0,94,21.0,869.4,3.4,162,Ratnapark,27.7063,85.3152
2021-08-19T21:00,21.7,95,20.8,869.8,2.7,157,Ratnapark,27.7063,85.3152
2021-08-19T22:00,21.5,96,20.8,869.8,1.6,153,Ratnapark,27.7063,85.3152
2021-08-19T23:00,21.3,97,20.8,869.7,3.3,167,Ratnapark,27.7063,85.3152
2021-08-20T00:00,21.0,98,20.6,869.2,2.1,149,Ratnapark,27.7063,85.3152
2021-08-20T01:00,20.9,98,20.6,869.0,2.3,141,Ratnapark,27.7063,85.3152
2021-08-20T02:00,20.8,99,20.6,868.4,4.8,132,Ratnapark,27.7063,85.3152
2021-08-20T03:00,20.7,98,20.4,868.2,5.9,128,Ratnapark,27.7063,85.3152
2021-08-20T04:00,20.6,98,20.3,868.7,4.9,126,Ratnapark,27.7063,85.3152
2021-08-20T05:00,20.6,97,20.2,868.9,4.4,125,Ratnapark,27.7063,85.3152
2021-08-20T06:00,21.1,97,20.6,869.7,4.3,132,Ratnapark,27.7063,85.3152
2021-08-20T07:00,22.6,88,20.6,870.6,6.4,117,Ratnapark,27.7063,85.3152
2021-08-20T08:00,24.1,80,20.4,871.3,7.5,107,Ratnapark,27.7063,85.3152
2021-08-20T09:00,25.1,79,21.2,871.9,6.6,112,Ratnapark,27.7063,85.3152
2021-08-20T10:00,25.6,83,22.4,872.0,5.4,127,Ratnapark,27.7063,85.3152
2021-08-20T11:00,26.0,86,23.5,871.7,6.0,115,Ratnapark,27.7063,85.3152
2021-08-20T12:00,25.0,88,22.9,871.1,7.1,131,Ratnapark,27.7063,85.3152
2021-08-20T13:00,24.7,91,23.2,870.4,7.1,139,Ratnapark,27.7063,85.3152
2021-08-20T14:00,24.7,91,23.2,870.0,5.1,129,Ratnapark,27.7063,85.3152
2021-08-20T15:00,24.4,94,23.4,869.5,4.8,132,Ratnapark,27.7063,85.3152
2021-08-20T16:00,23.6,92,22.2,869.7,4.8,132,Ratnapark,27.7063,85.3152
2021-08-20T17:00,23.1,87,20.8,870.1,0.8,153,Ratnapark,27.7063,85.3152
2021-08-20T18:00,22.5,93,21.2,870.4,2.8,130,Ratnapark,27.7063,85.3152
2021-08-20T19:00,22.0,94,20.9,871.4,3.9,146,Ratnapark,27.7063,85.3152
2021-08-20T20:00,21.7,94,20.7,872.3,3.4,148,Ratnapark,27.7063,85.3152
2021-08-20T21:00,21.5,96,20.7,872.6,2.5,135,Ratnapark,27.7063,85.3152
2021-08-20T22:00,21.3,97,20.8,872.9,2.5,135,Ratnapark,27.7063,85.3152
2021-08-20T23:00,21.1,97,20.7,872.7,2.9,150,Ratnapark,27.7063,85.3152
2021-08-21T00:00,21.0,98,20.6,872.2,4.3,132,Ratnapark,27.7063,85.3152
2021-08-21T01:00,20.9,96,20.3,871.7,3.6,135,Ratnapark,27.7063,85.3152
2021-08-21T02:00,21.0,96,20.3,871.4,3.1,126,Ratnapark,27.7063,85.3152
2021-08-21T03:00,20.8,98,20.4,871.3,2.5,135,Ratnapark,27.7063,85.3152
2021-08-21T04:00,20.7,96,20.1,871.5,1.3,146,Ratnapark,27.7063,85.3152
2021-08-21T05:00,20.6,95,19.7,871.5,2.8,130,Ratnapark,27.7063,85.3152
2021-08-21T06:00,21.0,95,20.1,872.3,3.9,112,Ratnapark,27.7063,85.3152
2021-08-21T07:00,21.2,94,20.2,872.8,4.3,114,Ratnapark,27.7063,85.3152
2021-08-21T08:00,21.7,93,20.4,873.4,5.4,98,Ratnapark,27.7063,85.3152
2021-08-21T09:00,22.5,93,21.3,874.1,5.1,86,Ratnapark,27.7063,85.3152
2021-08-21T10:00,22.9,93,21.7,874.1,6.5,71,Ratnapark,27.7063,85.3152
2021-08-21T11:00,23.4,87,21.2,873.7,6.8,72,Ratnapark,27.7063,85.3152
2021-08-21T12:00,24.5,82,21.3,873.0,8.6,75,Ratnapark,27.7063,85.3152
2021-08-21T13:00,24.1,83,21.0,872.0,5.8,90,Ratnapark,27.7063,85.3152
2021-08-21T14:00,25.1,81,21.6,871.2,2.9,83,Ratnapark,27.7063,85.3152
2021-08-21T15:00,24.9,82,21.7,870.8,1.3,304,Ratnapark,27.7063,85.3152
2021-08-21T16:00,23.9,84,21.0,870.7,3.1,291,Ratnapark,27.7063,85.3152
2021-08-21T17:00,22.7,87,20.4,870.8,4.6,309,Ratnapark,27.7063,85.3152
2021-08-21T18:00,22.0,93,20.9,871.1,3.6,315,Ratnapark,27.7063,85.3152
2021-08-21T19:00,21.8,94,20.7,871.9,2.9,330,Ratnapark,27.7063,85.3152
2021-08-21T20:00,21.5,95,20.7,872.3,1.8,307,Ratnapark,27.7063,85.3152
2021-08-21T21:00,21.5,94,20.5,872.9,2.2,279,Ratnapark,27.7063,85.3152
2021-08-21T22:00,21.2,96,20.5,873.0,2.2,279,Ratnapark,27.7063,85.3152
2021-08-21T23:00,21.0,98,20.8,872.7,2.6,236,Ratnapark,27.7063,85.3152
2021-08-22T00:00,20.9,97,20.4,872.1,3.4,252,Ratnapark,27.7063,85.3152
2021-08-22T01:00,20.7,97,20.2,871.5,2.7,247,Ratnapark,27.7063,85.3152
2021-08-22T02:00,20.9,96,20.3,871.2,3.0,256,Ratnapark,27.7063,85.3152
2021-08-22T03:00,20.8,96,20.1,871.0,3.1,249,Ratnapark,27.7063,85.3152
2021-08-22T04:00,20.6,97,20.1,870.7,3.2,270,Ratnapark,27.7063,85.3152
2021-08-22T05:00,20.6,97,20.1,870.5,2.5,225,Ratnapark,27.7063,85.3152
2021-08-22T06:00,20.9,96,20.3,871.3,3.1,249,Ratnapark,27.7063,85.3152
2021-08-22T07:00,21.3,96,20.6,871.9,2.9,263,Ratnapark,27.7063,85.3152
2021-08-22T08:00,21.5,90,19.8,872.2,1.9,292,Ratnapark,27.7063,85.3152
2021-08-22T09:00,22.1,91,20.6,872.7,1.9,68,Ratnapark,27.7063,85.3152
2021-08-22T10:00,22.2,93,21.1,872.1,2.9,90,Ratnapark,27.7063,85.3152
2021-08-22T11:00,22.5,90,20.9,871.6,2.3,72,Ratnapark,27.7063,85.3152
2021-08-22T12:00,22.7,88,20.7,870.8,2.1,329,Ratnapark,27.7063,85.3152
2021-08-22T13:00,22.8,86,20.4,869.9,3.8,311,Ratnapark,27.7063,85.3152
2021-08-22T14:00,23.0,87,20.7,869.1,4.5,299,Ratnapark,27.7063,85.3152
2021-08-22T15:00,23.4,84,20.5,868.5,4.4,305,Ratnapark,27.7063,85.3152
2021-08-22T16:00,23.4,83,20.3,868.5,5.1,309,Ratnapark,27.7063,85.3152
2021-08-22T17:00,22.7,90,20.9,868.3,4.2,301,Ratnapark,27.7063,85.3152
2021-08-22T18:00,21.4,97,21.0,868.4,2.6,286,Ratnapark,27.7063,85.3152
2021-08-22T19:00,21.0,96,20.4,869.1,2.5,262,Ratnapark,27.7063,85.3152
2021-08-22T20:00,21.0,98,20.8,869.6,3.1,249,Ratnapark,27.7063,85.3152
2021-08-22T21:00,20.7,99,20.6,869.5,0.4,180,Ratnapark,27.7063,85.3152
2021-08-22T22:00,20.3,100,20.3,869.2,1.4,180,Ratnapark,27.7063,85.3152
2021-08-22T23:00,20.2,100,20.2,868.9,2.2,180,Ratnapark,27.7063,85.3152
2021-08-23T00:00,20.2,100,20.1,868.2,1.8,180,Ratnapark,27.7063,85.3152
2021-08-23T01:00,20.1,100,20.1,867.7,1.5,194,Ratnapark,27.7063,85.3152
2021-08-23T02:00,20.2,98,19.9,867.4,2.3,198,Ratnapark,27.7063,85.3152
2021-08-23T03:00,20.3,97,19.7,867.1,1.6,207,Ratnapark,27.7063,85.3152
2021-08-23T04:00,20.3,98,20.0,867.3,1.8,169,Ratnapark,27.7063,85.3152
2021-08-23T05:00,20.3,98,20.0,867.4,1.8,191,Ratnapark,27.7063,85.3152
2021-08-23T06:00,20.9,97,20.3,868.3,2.6,196,Ratnapark,27.7063,85.3152
2021-08-23T07:00,21.5,94,20.5,869.1,1.6,243,Ratnapark,27.7063,85.3152
2021-08-23T08:00,21.9,93,20.8,869.6,2.3,321,Ratnapark,27.7063,85.3152
2021-08-23T09:00,22.2,87,19.9,869.9,2.3,321,Ratnapark,27.7063,85.3152
2021-08-23T10:00,22.7,88,20.6,869.9,2.2,9,Ratnapark,27.7063,85.3152
2021-08-23T11:00,22.5,90,20.8,869.6,3.1,324,Ratnapark,27.7063,85.3152
2021-08-23T12:00,22.2,92,20.8,868.9,4.4,325,Ratnapark,27.7063,85.3152
2021-08-23T13:00,21.7,96,21.1,867.7,4.1,315,Ratnapark,27.7063,85.3152
2021-08-23T14:00,22.1,93,20.8,866.9,5.2,304,Ratnapark,27.7063,85.3152
2021-08-23T15:00,22.4,91,20.8,866.2,5.0,330,Ratnapark,27.7063,85.3152
2021-08-23T16:00,22.6,90,20.9,866.5,4.5,346,Ratnapark,27.7063,85.3152
2021-08-23T17:00,21.2,95,20.5,867.1,1.8,281,Ratnapark,27.7063,85.3152
2021-08-23T18:00,20.9,99,20.7,867.6,1.8,270,Ratnapark,27.7063,85.3152
2021-08-23T19:00,20.8,99,20.7,868.3,2.2,279,Ratnapark,27.7063,85.3152
2021-08-23T20:00,20.6,99,20.5,868.6,1.6,207,Ratnapark,27.7063,85.3152
2021-08-23T21:00,20.4,99,20.3,869.0,1.8,191,Ratnapark,27.7063,85.3152
2021-08-23T22:00,20.3,100,20.2,869.0,1.6,153,Ratnapark,27.7063,85.3152
2021-08-23T23:00,20.1,100,20.1,868.7,1.4,180,Ratnapark,27.7063,85.3152
2021-08-24T00:00,20.0,100,20.0,868.1,1.4,180,Ratnapark,27.7063,85.3152
2021-08-24T01:00,20.0,100,19.9,867.4,2.2,180,Ratnapark,27.7063,85.3152
2021-08-24T02:00,20.0,99,19.8,867.0,1.4,180,Ratnapark,27.7063,85.3152
2021-08-24T03:00,20.0,99,19.9,866.8,1.4,180,Ratnapark,27.7063,85.3152
2021-08-24T04:00,19.8,100,19.8,866.8,0.7,180,Ratnapark,27.7063,85.3152
2021-08-24T05:00,19.8,99,19.7,866.8,3.2,153,Ratnapark,27.7063,85.3152
2021-08-24T06:00,20.8,98,20.4,867.7,4.0,153,Ratnapark,27.7063,85.3152
2021-08-24T07:00,22.5,91,20.9,868.8,4.9,126,Ratnapark,27.7063,85.3152
2021-08-24T08:00,23.4,84,20.6,869.3,4.5,151,Ratnapark,27.7063,85.3152
2021-08-24T09:00,23.0,87,20.8,869.8,4.6,231,Ratnapark,27.7063,85.3152
2021-08-24T10:00,22.6,89,20.7,870.0,3.6,270,Ratnapark,27.7063,85.3152
2021-08-24T11:00,22.0,91,20.5,869.5,5.4,278,Ratnapark,27.7063,85.3152
2021-08-24T12:00,21.7,91,20.2,868.6,4.2,301,Ratnapark,27.7063,85.3152
2021-08-24T13:00,22.1,90,20.4,867.6,3.9,338,Ratnapark,27.7063,85.3152
2021-08-24T14:00,23.6,82,20.4,866.7,5.4,318,Ratnapark,27.7063,85.3152
2021-08-24T15:00,24.3,78,20.2,865.8,6.9,313,Ratnapark,27.7063,85.3152
2021-08-24T16:00,23.8,81,20.3,865.5,6.7,324,Ratnapark,27.7063,85.3152
2021-08-24T17:00,22.7,89,20.8,865.6,3.6,307,Ratnapark,27.7063,85.3152
2021-08-24T18:00,21.8,95,21.0,865.7,1.8,233,Ratnapark,27.7063,85.3152
2021-08-24T19:00,21.1,99,20.9,866.4,1.8,191,Ratnapark,27.7063,85.3152
2021-08-24T20:00,20.7,100,20.7,866.7,1.1,180,Ratnapark,27.7063,85.3152
2021-08-24T21:00,20.5,100,20.5,866.9,1.1,162,Ratnapark,27.7063,85.3152
2021-08-24T22:00,20.4,100,20.3,866.9,2.6,164,Ratnapark,27.7063,85.3152
2021-08-24T23:00,20.2,100,20.1,866.6,4.2,160,Ratnapark,27.7063,85.3152
2021-08-25T00:00,20.2,99,20.1,865.9,4.3,156,Ratnapark,27.7063,85.3152
2021-08-25T01:00,20.4,98,20.1,865.4,4.5,151,Ratnapark,27.7063,85.3152
2021-08-25T02:00,20.4,98,20.1,864.9,4.7,157,Ratnapark,27.7063,85.3152
2021-08-25T03:00,20.4,98,20.1,864.6,5.1,141,Ratnapark,27.7063,85.3152
2021-08-25T04:00,20.4,98,20.1,864.5,5.7,145,Ratnapark,27.7063,85.3152
2021-08-25T05:00,20.8,97,20.2,864.8,5.2,124,Ratnapark,27.7063,85.3152
2021-08-25T06:00,20.9,97,20.4,865.0,4.0,95,Ratnapark,27.7063,85.3152
2021-08-25T07:00,21.2,95,20.5,865.7,1.0,135,Ratnapark,27.7063,85.3152
2021-08-25T08:00,21.4,95,20.6,865.9,4.0,90,Ratnapark,27.7063,85.3152
2021-08-25T09:00,21.9,93,20.7,866.3,3.2,117,Ratnapark,27.7063,85.3152
2021-08-25T10:00,22.3,91,20.7,866.6,2.3,129,Ratnapark,27.7063,85.3152
2021-08-25T11:00,22.0,93,20.9,866.2,5.0,90,Ratnapark,27.7063,85.3152
2021-08-25T12:00,21.6,94,20.7,865.5,4.8,117,Ratnapark,27.7063,85.3152
2021-08-25T13:00,21.8,92,20.5,864.1,2.6,146,Ratnapark,27.7063,85.3152
2021-08-25T14:00,22.5,90,20.8,863.2,1.8,217,Ratnapark,27.7063,85.3152
2021-08-25T15:00,23.3,86,20.9,862.9,0.7,180,Ratnapark,27.7063,85.3152
2021-08-25T16:00,23.7,83,20.6,863.2,1.6,117,Ratnapark,27.7063,85.3152
2021-08-25T17:00,23.2,89,21.2,863.2,2.0,315,Ratnapark,27.7063,85.3152
2021-08-25T18:00,21.7,96,21.0,863.4,3.4,288,Ratnapark,27.7063,85.3152
2021-08-25T19:00,21.3,98,20.9,863.8,3.3,276,Ratnapark,27.7063,85.3152
2021-08-25T20:00,21.2,100,21.2,864.2,3.8,287,Ratnapark,27.7063,85.3152
2021-08-25T21:00,21.0,100,21.0,864.4,1.1,180,Ratnapark,27.7063,85.3152
2021-08-25T22:00,21.2,99,21.1,864.7,2.2,180,Ratnapark,27.7063,85.3152
2021-08-25T23:00,21.2,99,21.1,864.4,2.3,162,Ratnapark,27.7063,85.3152
2021-08-26T00:00,21.3,98,21.0,863.9,3.4,212,Ratnapark,27.7063,85.3152
2021-08-26T01:00,20.6,100,20.6,863.1,0.7,180,Ratnapark,27.7063,85.3152
2021-08-26T02:00,21.0,99,20.9,862.9,3.8,139,Ratnapark,27.7063,85.3152
2021-08-26T03:00,20.9,99,20.8,862.4,2.5,172,Ratnapark,27.7063,85.3152
2021-08-26T04:00,20.8,99,20.7,862.6,3.2,207,Ratnapark,27.7063,85.3152
2021-08-26T05:00,20.7,99,20.6,863.0,2.9,173,Ratnapark,27.7063,85.3152
2021-08-26T06:00,21.3,98,20.9,863.6,3.5,114,Ratnapark,27.7063,85.3152
2021-08-26T07:00,22.1,94,21.0,864.5,4.9,107,Ratnapark,27.7063,85.3152
2021-08-26T08:00,23.1,87,20.9,864.9,5.6,117,Ratnapark,27.7063,85.3152
2021-08-26T09:00,24.1,83,21.0,865.4,7.2,117,Ratnapark,27.7063,85.3152
2021-08-26T10:00,25.0,81,21.5,865.9,7.8,124,Ratnapark,27.7063,85.3152
2021-08-26T11:00,24.7,83,21.6,865.8,9.0,113,Ratnapark,27.7063,85.3152
2021-08-26T12:00,23.7,86,21.2,865.5,9.9,123,Ratnapark,27.7063,85.3152
2021-08-26T13:00,24.4,91,22.7,864.9,6.3,121,Ratnapark,27.7063,85.3152
2021-08-26T14:00,23.9,92,22.5,864.1,7.0,125,Ratnapark,27.7063,85.3152
2021-08-26T15:00,23.6,93,22.4,863.9,5.7,162,Ratnapark,27.7063,85.3152
2021-08-26T16:00,23.3,94,22.2,864.0,4.7,171,Ratnapark,27.7063,85.3152
2021-08-26T17:00,22.5,92,21.2,864.3,4.9,144,Ratnapark,27.7063,85.3152
2021-08-26T18:00,22.1,96,21.4,864.7,4.9,144,Ratnapark,27.7063,85.3152
2021-08-26T19:00,21.6,97,21.1,865.3,5.8,150,Ratnapark,27.7063,85.3152
2021-08-26T20:00,21.4,97,20.8,865.9,5.3,152,Ratnapark,27.7063,85.3152
2021-08-26T21:00,21.4,96,20.8,866.4,5.7,145,Ratnapark,27.7063,85.3152
2021-08-26T22:00,21.3,97,20.8,866.6,5.1,141,Ratnapark,27.7063,85.3152
2021-08-26T23:00,21.2,97,20.7,866.6,5.6,130,Ratnapark,27.7063,85.3152
2021-08-27T00:00,21.0,98,20.6,865.7,6.2,126,Ratnapark,27.7063,85.3152
2021-08-27T01:00,20.9,97,20.5,865.2,6.1,140,Ratnapark,27.7063,85.3152
2021-08-27T02:00,20.7,98,20.3,865.2,5.5,148,Ratnapark,27.7063,85.3152
2021-08-27T03:00,20.7,98,20.3,865.3,3.6,143,Ratnapark,27.7063,85.3152
2021-08-27T04:00,20.7,97,20.2,865.7,5.9,137,Ratnapark,27.7063,85.3152
2021-08-27T05:00,21.1,95,20.3,866.9,6.1,130,Ratnapark,27.7063,85.3152
2021-08-27T06:00,21.0,96,20.4,868.0,6.9,129,Ratnapark,27.7063,85.3152
2021-08-27T07:00,21.3,96,20.6,868.7,6.9,137,Ratnapark,27.7063,85.3152
2021-08-27T08:00,21.5,95,20.7,869.2,7.2,127,Ratnapark,27.7063,85.3152
2021-08-27T09:00,22.5,89,20.6,869.8,9.4,122,Ratnapark,27.7063,85.3152
2021-08-27T10:00,23.6,83,20.5,870.5,5.3,152,Ratnapark,27.7063,85.3152
2021-08-27T11:00,24.0,80,20.4,870.3,3.5,114,Ratnapark,27.7063,85.3152
2021-08-27T12:00,23.3,82,20.1,869.8,3.0,104,Ratnapark,27.7063,85.3152
2021-08-27T13:00,23.6,81,20.1,869.0,2.9,120,Ratnapark,27.7063,85.3152
2021-08-27T14:00,24.0,79,20.2,868.8,1.0,135,Ratnapark,27.7063,85.3152
2021-08-27T15:00,23.4,81,20.0,868.2,3.1,45,Ratnapark,27.7063,85.3152
2021-08-27T16:00,23.3,81,19.8,867.9,2.6,344,Ratnapark,27.7063,85.3152
2021-08-27T17:00,22.4,88,20.4,867.5,1.9,22,Ratnapark,27.7063,85.3152
2021-08-27T18:00,22.1,90,20.4,867.5,1.6,153,Ratnapark,27.7063,85.3152
2021-08-27T19:00,20.8,95,19.9,867.8,2.6,164,Ratnapark,27.7063,85.3152
2021-08-27T20:00,20.2,95,19.4,868.1,2.2,171,Ratnapark,27.7063,85.3152
2021-08-27T21:00,20.1,96,19.4,868.4,1.4,180,Ratnapark,27.7063,85.3152
2021-08-27T22:00,19.9,96,19.3,868.4,2.5,225,Ratnapark,27.7063,85.3152
2021-08-27T23:00,19.6,97,19.1,868.3,2.3,219,Ratnapark,27.7063,85.3152
2021-08-28T00:00,19.5,98,19.2,867.9,1.1,180,Ratnapark,27.7063,85.3152
2021-08-28T01:00,19.7,98,19.4,867.5,0.4,180,Ratnapark,27.7063,85.3152
2021-08-28T02:00,19.8,96,19.2,867.1,1.9,202,Ratnapark,27.7063,85.3152
2021-08-28T03:00,19.6,97,19.1,866.8,2.5,180,Ratnapark,27.7063,85.3152
2021-08-28T04:00,19.5,98,19.1,867.1,2.3,141,Ratnapark,27.7063,85.3152
2021-08-28T05:00,19.6,99,19.4,866.7,3.0,256,Ratnapark,27.7063,85.3152
2021-08-28T06:00,20.0,98,19.7,867.4,1.5,256,Ratnapark,27.7063,85.3152
2021-08-28T07:00,20.6,94,19.6,868.0,0.4,270,Ratnapark,27.7063,85.3152
2021-08-28T08:00,20.9,93,19.8,868.3,2.7,113,Ratnapark,27.7063,85.3152
2021-08-28T09:00,21.6,92,20.2,868.7,4.2,110,Ratnapark,27.7063,85.3152
2021-08-28T10:00,22.1,90,20.3,869.1,6.4,106,Ratnapark,27.7063,85.3152
2021-08-28T11:00,22.1,88,20.1,868.8,5.4,94,Ratnapark,27.7063,85.3152
2021-08-28T12:00,21.8,89,19.9,868.4,5.6,105,Ratnapark,27.7063,85.3152
2021-08-28T13:00,22.0,90,20.3,868.0,4.7,113,Ratnapark,27.7063,85.3152
2021-08-28T14:00,22.1,90,20.3,867.3,5.6,105,Ratnapark,27.7063,85.3152
2021-08-28T15:00,22.4,85,19.7,866.9,5.0,90,Ratnapark,27.7063,85.3152
2021-08-28T16:00,22.4,86,19.9,867.0,3.9,68,Ratnapark,27.7063,85.3152
2021-08-28T17:00,21.8,92,20.5,866.7,3.3,131,Ratnapark,27.7063,85.3152
2021-08-28T18:00,21.3,94,20.3,866.9,3.8,131,Ratnapark,27.7063,85.3152
2021-08-28T19:00,21.0,95,20.3,867.7,3.3,139,Ratnapark,27.7063,85.3152
2021-08-28T20:00,21.0,96,20.4,868.6,3.4,148,Ratnapark,27.7063,85.3152
2021-08-28T21:00,20.8,95,20.0,868.9,3.1,144,Ratnapark,27.7063,85.3152
2021-08-28T22:00,20.6,96,19.9,869.1,4.3,138,Ratnapark,27.7063,85.3152
2021-08-28T23:00,20.4,96,19.7,868.7,4.6,129,Ratnapark,27.7063,85.3152
2021-08-29T00:00,20.2,96,19.6,868.2,4.6,135,Ratnapark,27.7063,85.3152
2021-08-29T01:00,20.1,95,19.4,867.7,4.4,145,Ratnapark,27.7063,85.3152
2021-08-29T02:00,20.1,94,19.2,867.3,3.4,148,Ratnapark,27.7063,85.3152
2021-08-29T03:00,20.2,94,19.2,867.3,2.6,146,Ratnapark,27.7063,85.3152
2021-08-29T04:00,20.1,95,19.3,867.2,2.8,130,Ratnapark,27.7063,85.3152
2021-08-29T05:00,19.8,95,18.9,867.2,5.6,130,Ratnapark,27.7063,85.3152
2021-08-29T06:00,20.1,95,19.2,867.9,6.7,126,Ratnapark,27.7063,85.3152
2021-08-29T07:00,20.9,90,19.3,868.9,7.2,117,Ratnapark,27.7063,85.3152
2021-08-29T08:00,21.9,83,18.9,869.7,8.5,102,Ratnapark,27.7063,85.3152
2021-08-29T09:00,21.5,87,19.3,870.1,6.5,93,Ratnapark,27.7063,85.3152
2021-08-29T10:00,21.5,88,19.5,870.3,7.2,87,Ratnapark,27.7063,85.3152
2021-08-29T11:00,21.6,87,19.4,870.1,6.5,84,Ratnapark,27.7063,85.3152
2021-08-29T12:00,21.5,90,19.8,869.7,5.4,94,Ratnapark,27.7063,85.3152
2021-08-29T13:00,21.9,90,20.1,869.3,4.3,95,Ratnapark,27.7063,85.3152
2021-08-29T14:00,21.8,90,20.1,868.4,3.8,73,Ratnapark,27.7063,85.3152
2021-08-29T15:00,22.0,89,20.1,867.8,2.3,72,Ratnapark,27.7063,85.3152
2021-08-29T16:00,22.3,86,19.9,867.7,3.3,131,Ratnapark,27.7063,85.3152
2021-08-29T17:00,22.2,86,19.7,868.4,0.8,333,Ratnapark,27.7063,85.3152
2021-08-29T18:00,21.1,95,20.4,869.0,1.5,135,Ratnapark,27.7063,85.3152
2021-08-29T19:00,20.9,95,20.0,870.0,1.0,135,Ratnapark,27.7063,85.3152
2021-08-29T20:00,20.4,96,19.7,870.7,2.1,121,Ratnapark,27.7063,85.3152
2021-08-29T21:00,20.1,97,19.6,871.0,2.0,135,Ratnapark,27.7063,85.3152
2021-08-29T22:00,19.9,98,19.6,871.1,2.1,149,Ratnapark,27.7063,85.3152
2021-08-29T23:00,19.8,98,19.4,871.0,2.6,124,Ratnapark,27.7063,85.3152
2021-08-30T00:00,19.7,97,19.2,870.4,4.3,114,Ratnapark,27.7063,85.3152
2021-08-30T01:00,19.6,98,19.2,870.3,4.3,114,Ratnapark,27.7063,85.3152
2021-08-30T02:00,19.4,98,19.1,869.8,3.7,119,Ratnapark,27.7063,85.3152
2021-08-30T03:00,19.3,98,19.0,869.6,3.3,131,Ratnapark,27.7063,85.3152
2021-08-30T04:00,19.3,97,18.9,869.7,3.6,143,Ratnapark,27.7063,85.3152
2021-08-30T05:00,19.2,98,18.8,869.8,3.0,166,Ratnapark,27.7063,85.3152
2021-08-30T06:00,19.9,95,19.2,870.9,3.7,119,Ratnapark,27.7063,85.3152
2021-08-30T07:00,20.3,95,19.4,871.7,4.6,108,Ratnapark,27.7063,85.3152
2021-08-30T08:00,20.8,93,19.6,872.4,4.8,103,Ratnapark,27.7063,85.3152
2021-08-30T09:00,21.1,92,19.7,872.9,5.0,111,Ratnapark,27.7063,85.3152
2021-08-30T10:00,21.8,88,19.8,872.9,4.5,119,Ratnapark,27.7063,85.3152
2021-08-30T11:00,22.8,84,20.0,872.5,1.5,76,Ratnapark,27.7063,85.3152
2021-08-30T12:00,23.4,84,20.5,871.8,3.0,346,Ratnapark,27.7063,85.3152
2021-08-30T13:00,23.9,79,20.1,870.8,4.0,350,Ratnapark,27.7063,85.3152
2021-08-30T14:00,24.2,80,20.4,870.0,2.6,344,Ratnapark,27.7063,85.3152
2021-08-30T15:00,23.8,84,20.9,869.6,1.8,11,Ratnapark,27.7063,85.3152
2021-08-30T16:00,23.0,86,20.6,869.6,1.5,104,Ratnapark,27.7063,85.3152
2021-08-30T17:00,22.0,90,20.4,870.2,1.6,153,Ratnapark,27.7063,85.3152
2021-08-30T18:00,21.4,94,20.4,870.7,2.0,135,Ratnapark,27.7063,85.3152
2021-08-30T19:00,21.2,94,20.3,872.0,1.0,135,Ratnapark,27.7063,85.3152
2021-08-30T20:00,21.0,91,19.5,872.8,1.3,146,Ratnapark,27.7063,85.3152
2021-08-30T21:00,20.4,95,19.5,872.8,2.1,149,Ratnapark,27.7063,85.3152
2021-08-30T22:00,20.0,95,19.2,872.8,1.8,169,Ratnapark,27.7063,85.3152
2021-08-30T23:00,19.7,97,19.2,872.6,2.7,157,Ratnapark,27.7063,85.3152
2021-08-31T00:00,19.4,97,18.9,871.9,3.9,158,Ratnapark,27.7063,85.3152
2021-08-31T01:00,19.2,98,19.0,871.6,3.1,159,Ratnapark,27.7063,85.3152
2021-08-31T02:00,19.1,98,18.7,871.6,3.1,159,Ratnapark,27.7063,85.3152
2021-08-31T03:00,19.1,98,18.8,871.5,2.2,180,Ratnapark,27.7063,85.3152
2021-08-31T04:00,18.9,99,18.7,871.5,2.3,162,Ratnapark,27.7063,85.3152
2021-08-31T05:00,19.0,98,18.7,871.9,2.8,140,Ratnapark,27.7063,85.3152
2021-08-31T06:00,19.7,97,19.2,872.7,3.6,127,Ratnapark,27.7063,85.3152
2021-08-31T07:00,21.1,90,19.4,873.7,5.1,98,Ratnapark,27.7063,85.3152
2021-08-31T08:00,23.1,80,19.5,874.2,6.6,112,Ratnapark,27.7063,85.3152
2021-08-31T09:00,24.8,74,19.9,875.0,6.8,115,Ratnapark,27.7063,85.3152
2021-08-31T10:00,26.0,70,20.2,874.7,6.4,117,Ratnapark,27.7063,85.3152
2021-08-31T11:00,26.6,71,20.8,874.2,7.4,129,Ratnapark,27.7063,85.3152
2021-08-31T12:00,25.8,76,21.1,873.5,4.2,149,Ratnapark,27.7063,85.3152
2021-08-31T13:00,25.0,80,21.4,872.3,2.1,329,Ratnapark,27.7063,85.3152
2021-08-31T14:00,23.8,84,21.0,871.6,2.6,304,Ratnapark,27.7063,85.3152
2021-08-31T15:00,23.0,85,20.4,871.0,5.1,315,Ratnapark,27.7063,85.3152
2021-08-31T16:00,22.4,89,20.4,870.8,5.6,310,Ratnapark,27.7063,85.3152
2021-08-31T17:00,21.3,95,20.4,871.4,3.8,311,Ratnapark,27.7063,85.3152
2021-08-31T18:00,20.8,98,20.5,871.5,1.3,214,Ratnapark,27.7063,85.3152
2021-08-31T19:00,20.5,100,20.4,872.4,1.3,146,Ratnapark,27.7063,85.3152
2021-08-31T20:00,20.5,100,20.5,873.0,1.5,135,Ratnapark,27.7063,85.3152
2021-08-31T21:00,20.4,99,20.3,873.1,2.1,149,Ratnapark,27.7063,85.3152
2021-08-31T22:00,20.1,99,20.0,873.2,2.2,171,Ratnapark,27.7063,85.3152
2021-08-31T23:00,19.8,99,19.7,873.1,1.4,180,Ratnapark,27.7063,85.3152
2021-09-01T00:00,19.7,99,19.5,873.0,2.1,211,Ratnapark,27.7063,85.3152
2021-09-01T01:00,19.6,98,19.4,872.6,2.3,198,Ratnapark,27.7063,85.3152
2021-09-01T02:00,19.4,99,19.2,872.1,0.7,180,Ratnapark,27.7063,85.3152
2021-09-01T03:00,19.3,98,19.0,872.0,1.4,180,Ratnapark,27.7063,85.3152
2021-09-01T04:00,19.0,98,18.8,871.9,1.1,180,Ratnapark,27.7063,85.3152
2021-09-01T05:00,19.0,100,19.0,872.0,1.1,162,Ratnapark,27.7063,85.3152
2021-09-01T06:00,19.9,97,19.4,872.5,1.8,191,Ratnapark,27.7063,85.3152
2021-09-01T07:00,21.6,88,19.6,873.4,2.1,239,Ratnapark,27.7063,85.3152
2021-09-01T08:00,22.9,82,19.7,874.1,1.8,281,Ratnapark,27.7063,85.3152
2021-09-01T09:00,24.7,74,19.7,874.2,3.1,306,Ratnapark,27.7063,85.3152
2021-09-01T10:00,25.7,70,19.9,874.0,5.6,310,Ratnapark,27.7063,85.3152
2021-09-01T11:00,26.2,69,20.0,873.3,7.2,288,Ratnapark,27.7063,85.3152
2021-09-01T12:00,25.8,72,20.4,872.4,8.6,285,Ratnapark,27.7063,85.3152
2021-09-01T13:00,25.7,76,21.2,871.4,6.5,289,Ratnapark,27.7063,85.3152
2021-09-01T14:00,24.9,78,20.7,870.0,7.1,294,Ratnapark,27.7063,85.3152
2021-09-01T15:00,24.6,79,20.8,869.5,8.7,294,Ratnapark,27.7063,85.3152
2021-09-01T16:00,23.7,83,20.7,869.2,8.2,293,Ratnapark,27.7063,85.3152
2021-09-01T17:00,22.1,90,20.3,869.6,4.6,309,Ratnapark,27.7063,85.3152
2021-09-01T18:00,20.9,98,20.6,869.7,1.8,191,Ratnapark,27.7063,85.3152
2021-09-01T19:00,20.9,99,20.7,870.6,1.1,180,Ratnapark,27.7063,85.3152
2021-09-01T20:00,20.2,100,20.2,870.8,1.8,191,Ratnapark,27.7063,85.3152
2021-09-01T21:00,20.2,99,20.1,871.2,1.1,180,Ratnapark,27.7063,85.3152
2021-09-01T22:00,19.9,99,19.8,871.2,1.4,180,Ratnapark,27.7063,85.3152
2021-09-01T23:00,19.8,100,19.7,871.1,0.7,180,Ratnapark,27.7063,85.3152
2021-09-02T00:00,19.5,99,19.4,870.7,2.2,180,Ratnapark,27.7063,85.3152
2021-09-02T01:00,19.9,99,19.8,870.3,2.1,211,Ratnapark,27.7063,85.3152
2021-09-02T02:00,19.6,100,19.5,869.7,1.9,202,Ratnapark,27.7063,85.3152
2021-09-02T03:00,19.8,100,19.7,869.5,1.5,194,Ratnapark,27.7063,85.3152
2021-09-02T04:00,19.8,99,19.6,869.5,1.9,202,Ratnapark,27.7063,85.3152
2021-09-02T05:00,20.1,99,20.0,869.8,2.6,236,Ratnapark,27.7063,85.3152
2021-09-02T06:00,20.5,98,20.3,870.4,3.6,264,Ratnapark,27.7063,85.3152
2021-09-02T07:00,21.8,94,20.7,871.2,3.8,311,Ratnapark,27.7063,85.3152
2021-09-02T08:00,22.9,89,20.9,872.0,4.3,312,Ratnapark,27.7063,85.3152
2021-09-02T09:00,23.9,86,21.5,872.3,6.0,303,Ratnapark,27.7063,85.3152
2021-09-02T10:00,24.6,77,20.3,872.1,5.9,317,Ratnapark,27.7063,85.3152
2021-09-02T11:00,25.1,74,20.1,871.6,5.5,337,Ratnapark,27.7063,85.3152
2021-09-02T12:00,25.3,71,19.7,871.1,5.6,15,Ratnapark,27.7063,85.3152
2021-09-02T13:00,24.6,74,19.6,869.9,3.1,36,Ratnapark,27.7063,85.3152
2021-09-02T14:00,23.3,82,20.0,869.2,4.1,308,Ratnapark,27.7063,85.3152
2021-09-02T15:00,22.3,87,20.1,868.8,6.0,287,Ratnapark,27.7063,85.3152
2021-09-02T16:00,22.0,89,20.1,868.6,1.6,297,Ratnapark,27.7063,85.3152
2021-09-02T17:00,21.3,95,20.4,868.8,4.4,325,Ratnapark,27.7063,85.3152
2021-09-02T18:00,20.7,99,20.6,869.1,1.8,323,Ratnapark,27.7063,85.3152
2021-09-02T19:00,20.6,98,20.3,869.7,1.5,135,Ratnapark,27.7063,85.3152
2021-09-02T20:00,20.2,99,20.1,870.3,1.8,169,Ratnapark,27.7063,85.3152
2021-09-02T21:00,20.4,99,20.3,870.4,2.1,149,Ratnapark,27.7063,85.3152
2021-09-02T22:00,19.9,100,19.8,870.2,3.3,174,Ratnapark,27.7063,85.3152
2021-09-02T23:00,20.1,100,20.0,870.2,1.1,180,Ratnapark,27.7063,85.3152
2021-09-03T00:00,20.1,98,19.8,869.6,0.7,180,Ratnapark,27.7063,85.3152
2021-09-03T01:00,19.9,100,19.9,869.1,3.5,156,Ratnapark,27.7063,85.3152
2021-09-03T02:00,19.9,99,19.7,868.5,3.6,135,Ratnapark,27.7063,85.3152
2021-09-03T03:00,19.8,98,19.6,868.1,4.0,175,Ratnapark,27.7063,85.3152
2021-09-03T04:00,19.9,98,19.6,868.3,3.6,143,Ratnapark,27.7063,85.3152
2021-09-03T05:00,19.7,97,19.3,868.5,4.2,149,Ratnapark,27.7063,85.3152
2021-09-03T06:00,20.3,97,19.8,869.2,3.4,148,Ratnapark,27.7063,85.3152
2021-09-03T07:00,20.9,95,20.0,870.1,2.8,130,Ratnapark,27.7063,85.3152
2021-09-03T08:00,21.1,91,19.6,870.5,2.3,129,Ratnapark,27.7063,85.3152
2021-09-03T09:00,21.5,92,20.1,870.9,5.0,111,Ratnapark,27.7063,85.3152
2021-09-03T10:00,21.7,91,20.1,870.9,1.6,63,Ratnapark,27.7063,85.3152
2021-09-03T11:00,22.0,92,20.7,870.4,1.3,326,Ratnapark,27.7063,85.3152
2021-09-03T12:00,23.0,91,21.5,869.6,2.6,344,Ratnapark,27.7063,85.3152
2021-09-03T13:00,23.4,85,20.7,868.4,5.0,330,Ratnapark,27.7063,85.3152
2021-09-03T14:00,23.6,80,20.0,867.1,5.9,317,Ratnapark,27.7063,85.3152
2021-09-03T15:00,24.1,78,20.0,866.6,7.1,311,Ratnapark,27.7063,85.3152
2021-09-03T16:00,23.6,80,20.0,866.8,6.4,313,Ratnapark,27.7063,85.3152
2021-09-03T17:00,22.1,88,20.0,867.1,4.1,345,Ratnapark,27.7063,85.3152
2021-09-03T18:00,21.3,92,20.0,867.5,2.5,315,Ratnapark,27.7063,85.3152
2021-09-03T19:00,21.0,96,20.3,868.2,1.5,346,Ratnapark,27.7063,85.3152
2021-09-03T20:00,20.6,99,20.4,868.7,0.7,180,Ratnapark,27.7063,85.3152
2021-09-03T21:00,20.1,99,20.0,869.1,0.7,180,Ratnapark,27.7063,85.3152
2021-09-03T22:00,19.9,100,19.9,869.2,1.5,166,Ratnapark,27.7063,85.3152
2021-09-03T23:00,19.7,100,19.6,869.0,1.5,166,Ratnapark,27.7063,85.3152
2021-09-04T00:00,19.4,99,19.3,868.7,2.4,153,Ratnapark,27.7063,85.3152
2021-09-04T01:00,19.7,99,19.5,868.1,2.3,141,Ratnapark,27.7063,85.3152
2021-09-04T02:00,19.6,99,19.4,867.4,2.7,157,Ratnapark,27.7063,85.3152
2021-09-04T03:00,19.2,99,19.0,866.8,2.3,162,Ratnapark,27.7063,85.3152
2021-09-04T04:00,19.1,99,19.0,866.9,1.9,158,Ratnapark,27.7063,85.3152
2021-09-04T05:00,19.6,99,19.5,867.6,1.8,169,Ratnapark,27.7063,85.3152
2021-09-04T06:00,20.5,96,19.8,868.5,2.3,141,Ratnapark,27.7063,85.3152
2021-09-04T07:00,21.8,88,19.8,869.4,3.3,103,Ratnapark,27.7063,85.3152
2021-09-04T08:00,23.4,81,19.9,870.2,2.2,81,Ratnapark,27.7063,85.3152
2021-09-04T09:00,24.6,79,20.7,870.8,1.8,360,Ratnapark,27.7063,85.3152
2021-09-04T10:00,25.7,78,21.5,870.7,4.5,346,Ratnapark,27.7063,85.3152
2021-09-04T11:00,25.7,81,22.2,870.1,5.4,323,Ratnapark,27.7063,85.3152
2021-09-04T12:00,25.8,79,21.9,869.5,7.2,307,Ratnapark,27.7063,85.3152
2021-09-04T13:00,25.9,76,21.4,868.3,7.3,303,Ratnapark,27.7063,85.3152
2021-09-04T14:00,24.3,81,20.8,867.0,7.4,317,Ratnapark,27.7063,85.3152
2021-09-04T15:00,24.3,80,20.7,865.8,4.7,328,Ratnapark,27.7063,85.3152
2021-09-04T16:00,24.4,80,20.7,865.5,5.6,315,Ratnapark,27.7063,85.3152
2021-09-04T17:00,23.6,84,20.8,866.2,5.0,300,Ratnapark,27.7063,85.3152
2021-09-04T18:00,21.7,94,20.8,866.3,4.1,255,Ratnapark,27.7063,85.3152
2021-09-04T19:00,21.3,96,20.6,867.0,3.3,221,Ratnapark,27.7063,85.3152
2021-09-04T20:00,21.6,94,20.7,868.2,2.2,180,Ratnapark,27.7063,85.3152
2021-09-04T21:00,21.2,96,20.5,868.6,1.4,180,Ratnapark,27.7063,85.3152
2021-09-04T22:00,20.5,98,20.2,868.8,1.1,162,Ratnapark,27.7063,85.3152
2021-09-04T23:00,20.5,97,20.0,868.9,2.2,180,Ratnapark,27.7063,85.3152
2021-09-05T00:00,20.2,98,19.9,868.1,1.8,180,Ratnapark,27.7063,85.3152
2021-09-05T01:00,19.9,99,19.7,867.6,2.7,203,Ratnapark,27.7063,85.3152
2021-09-05T02:00,20.0,98,19.7,867.5,3.1,216,Ratnapark,27.7063,85.3152
2021-09-05T03:00,20.3,97,19.8,867.4,1.9,202,Ratnapark,27.7063,85.3152
2021-09-05T04:00,20.3,98,19.9,867.7,1.9,202,Ratnapark,27.7063,85.3152
2021-09-05T05:00,20.4,98,20.1,868.2,3.0,256,Ratnapark,27.7063,85.3152
2021-09-05T06:00,20.8,97,20.3,869.0,1.3,214,Ratnapark,27.7063,85.3152
2021-09-05T07:00,21.5,93,20.3,869.8,1.8,281,Ratnapark,27.7063,85.3152
2021-09-05T08:00,22.6,87,20.3,870.4,2.0,315,Ratnapark,27.7063,85.3152
2021-09-05T09:00,23.4,81,20.1,870.9,1.8,323,Ratnapark,27.7063,85.3152
2021-09-05T10:00,24.9,76,20.3,870.9,4.4,9,Ratnapark,27.7063,85.3152
2021-09-05T11:00,25.2,77,20.8,870.6,3.4,18,Ratnapark,27.7063,85.3152
2021-09-05T12:00,25.6,78,21.5,870.0,3.6,307,Ratnapark,27.7063,85.3152
2021-09-05T13:00,25.9,72,20.4,868.9,7.0,291,Ratnapark,27.7063,85.3152
2021-09-05T14:00,25.2,76,20.6,867.9,8.1,291,Ratnapark,27.7063,85.3152
2021-09-05T15:00,24.8,78,20.7,867.5,7.1,294,Ratnapark,27.7063,85.3152
2021-09-05T16:00,24.6,79,20.7,867.2,7.4,309,Ratnapark,27.7063,85.3152
2021-09-05T17:00,23.9,84,21.0,867.5,7.7,311,Ratnapark,27.7063,85.3152
2021-09-05T18:00,22.4,92,21.1,867.5,3.6,276,Ratnapark,27.7063,85.3152
2021-09-05T19:00,21.6,96,21.0,868.0,1.4,180,Ratnapark,27.7063,85.3152
2021-09-05T20:00,21.0,98,20.7,868.7,1.8,169,Ratnapark,27.7063,85.3152
2021-09-05T21:00,21.1,99,21.0,869.6,1.6,153,Ratnapark,27.7063,85.3152
2021-09-05T22:00,20.8,100,20.8,870.0,1.8,191,Ratnapark,27.7063,85.3152
2021-09-05T23:00,20.6,100,20.6,870.1,0.7,180,Ratnapark,27.7063,85.3152
2021-09-06T00:00,20.5,100,20.4,869.7,0.4,180,Ratnapark,27.7063,85.3152
2021-09-06T01:00,20.7,99,20.6,869.4,2.7,157,Ratnapark,27.7063,85.3152
2021-09-06T02:00,20.6,100,20.6,869.5,1.8,127,Ratnapark,27.7063,85.3152
2021-09-06T03:00,20.5,100,20.5,869.5,1.8,143,Ratnapark,27.7063,85.3152
2021-09-06T04:00,20.5,98,20.2,869.5,2.7,157,Ratnapark,27.7063,85.3152
2021-09-06T05:00,21.0,97,20.5,870.8,4.3,132,Ratnapark,27.7063,85.3152
2021-09-06T06:00,21.1,97,20.7,871.3,4.9,107,Ratnapark,27.7063,85.3152
2021-09-06T07:00,21.2,97,20.7,872.2,5.9,104,Ratnapark,27.7063,85.3152
2021-09-06T08:00,21.4,95,20.7,872.8,5.5,113,Ratnapark,27.7063,85.3152
2021-09-06T09:00,22.1,93,20.9,873.3,2.9,97,Ratnapark,27.7063,85.3152
2021-09-06T10:00,22.7,89,20.8,873.1,3.1,126,Ratnapark,27.7063,85.3152
2021-09-06T11:00,24.0,82,20.8,872.6,4.9,126,Ratnapark,27.7063,85.3152
2021-09-06T12:00,25.6,75,20.9,871.8,5.4,110,Ratnapark,27.7063,85.3152
2021-09-06T13:00,26.9,70,20.9,870.7,3.6,127,Ratnapark,27.7063,85.3152
2021-09-06T14:00,26.7,68,20.4,869.9,4.0,170,Ratnapark,27.7063,85.3152
2021-09-06T15:00,25.5,72,20.2,869.9,3.6,174,Ratnapark,27.7063,85.3152
2021-09-06T16:00,24.3,79,20.3,869.9,3.8,311,Ratnapark,27.7063,85.3152
2021-09-06T17:00,22.6,91,21.0,870.1,3.3,276,Ratnapark,27.7063,85.3152
2021-09-06T18:00,22.0,97,21.4,870.2,2.4,243,Ratnapark,27.7063,85.3152
2021-09-06T19:00,21.5,99,21.4,871.2,3.6,217,Ratnapark,27.7063,85.3152
2021-09-06T20:00,21.2,100,21.2,872.1,3.3,186,Ratnapark,27.7063,85.3152
2021-09-06T21:00,20.9,98,20.6,872.9,4.9,163,Ratnapark,27.7063,85.3152
2021-09-06T22:00,20.7,97,20.2,873.1,3.5,156,Ratnapark,27.7063,85.3152
2021-09-06T23:00,20.7,97,20.2,873.4,3.0,166,Ratnapark,27.7063,85.3152
2021-09-07T00:00,20.6,97,20.1,873.0,1.8,180,Ratnapark,27.7063,85.3152
2021-09-07T01:00,20.3,99,20.1,872.3,1.4,180,Ratnapark,27.7063,85.3152
2021-09-07T02:00,20.0,100,20.0,871.7,1.4,180,Ratnapark,27.7063,85.3152
2021-09-07T03:00,19.9,99,19.7,871.7,0.5,135,Ratnapark,27.7063,85.3152
2021-09-07T04:00,19.9,99,19.8,872.0,2.6,124,Ratnapark,27.7063,85.3152
2021-09-07T05:00,20.2,98,19.9,872.0,3.1,126,Ratnapark,27.7063,85.3152
2021-09-07T06:00,20.5,98,20.1,872.8,2.9,150,Ratnapark,27.7063,85.3152
2021-09-07T07:00,20.8,96,20.2,873.5,2.1,149,Ratnapark,27.7063,85.3152
2021-09-07T08:00,21.5,94,20.5,874.2,2.4,117,Ratnapark,27.7063,85.3152
2021-09-07T09:00,22.3,90,20.6,874.8,3.7,101,Ratnapark,27.7063,85.3152
2021-09-07T10:00,23.2,87,20.9,874.7,3.5,114,Ratnapark,27.7063,85.3152
2021-09-07T11:00,23.9,85,21.3,874.2,5.0,120,Ratnapark,27.7063,85.3152
2021-09-07T12:00,25.0,82,21.7,873.7,6.2,97,Ratnapark,27.7063,85.3152
2021-09-07T13:00,24.8,77,20.5,872.7,9.2,111,Ratnapark,27.7063,85.3152
2021-09-07T14:00,25.2,73,20.0,871.5,6.8,108,Ratnapark,27.7063,85.3152
2021-09-07T15:00,25.4,72,19.9,870.9,6.1,135,Ratnapark,27.7063,85.3152
2021-09-07T16:00,24.2,78,20.1,870.9,6.0,155,Ratnapark,27.7063,85.3152
2021-09-07T17:00,23.4,81,19.9,870.8,3.1,144,Ratnapark,27.7063,85.3152
2021-09-07T18:00,22.1,88,20.1,871.2,3.0,166,Ratnapark,27.7063,85.3152
2021-09-07T19:00,21.5,93,20.2,872.1,2.6,124,Ratnapark,27.7063,85.3152
2021-09-07T20:00,21.0,95,20.1,872.5,2.3,108,Ratnapark,27.7063,85.3152
2021-09-07T21:00,20.8,94,19.8,872.9,3.4,148,Ratnapark,27.7063,85.3152
2021-09-07T22:00,20.6,95,19.7,873.0,4.2,149,Ratnapark,27.7063,85.3152
2021-09-07T23:00,20.2,97,19.6,872.9,3.4,148,Ratnapark,27.7063,85.3152
2021-09-08T00:00,20.2,97,19.7,872.4,3.4,148,Ratnapark,27.7063,85.3152
2021-09-08T01:00,20.2,95,19.4,872.0,4.4,145,Ratnapark,27.7063,85.3152
2021-09-08T02:00,19.9,96,19.3,871.6,2.8,140,Ratnapark,27.7063,85.3152
2021-09-08T03:00,20.0,95,19.3,871.4,2.4,153,Ratnapark,27.7063,85.3152
2021-09-08T04:00,19.9,97,19.3,871.5,2.4,153,Ratnapark,27.7063,85.3152
2021-09-08T05:00,19.9,98,19.5,871.8,3.6,127,Ratnapark,27.7063,85.3152
2021-09-08T06:00,19.9,98,19.5,872.1,4.6,135,Ratnapark,27.7063,85.3152
2021-09-08T07:00,20.2,96,19.5,872.6,4.6,129,Ratnapark,27.7063,85.3152
2021-09-08T08:00,20.6,95,19.7,873.1,4.8,117,Ratnapark,27.7063,85.3152
2021-09-08T09:00,22.2,88,20.2,873.7,6.6,99,Ratnapark,27.7063,85.3152
2021-09-08T10:00,23.5,82,20.3,873.7,7.2,84,Ratnapark,27.7063,85.3152
2021-09-08T11:00,24.7,77,20.3,873.1,8.8,78,Ratnapark,27.7063,85.3152
2021-09-08T12:00,25.6,71,20.0,872.0,8.4,83,Ratnapark,27.7063,85.3152
2021-09-08T13:00,26.1,68,19.8,870.6,5.9,79,Ratnapark,27.7063,85.3152
2021-09-08T14:00,25.3,68,19.0,869.6,1.5,315,Ratnapark,27.7063,85.3152
2021-09-08T15:00,24.4,73,19.1,869.0,4.7,279,Ratnapark,27.7063,85.3152
2021-09-08T16:00,22.6,82,19.3,869.2,5.5,281,Ratnapark,27.7063,85.3152
2021-09-08T17:00,21.2,92,19.8,870.0,2.4,243,Ratnapark,27.7063,85.3152
2021-09-08T18:00,20.7,96,20.1,869.9,1.1,270,Ratnapark,27.7063,85.3152
2021-09-08T19:00,20.5,98,20.2,870.4,4.0,170,Ratnapark,27.7063,85.3152
2021-09-08T20:00,20.4,98,20.1,870.8,3.9,158,Ratnapark,27.7063,85.3152
2021-09-08T21:00,20.2,98,19.8,871.0,2.7,157,Ratnapark,27.7063,85.3152
2021-09-08T22:00,20.0,98,19.7,871.0,3.4,162,Ratnapark,27.7063,85.3152
2021-09-08T23:00,19.9,98,19.6,871.0,5.7,162,Ratnapark,27.7063,85.3152
2021-09-09T00:00,19.9,97,19.4,870.8,4.5,166,Ratnapark,27.7063,85.3152
2021-09-09T01:00,19.7,97,19.2,870.3,3.3,186,Ratnapark,27.7063,85.3152
2021-09-09T02:00,19.3,98,19.0,869.6,1.5,166,Ratnapark,27.7063,85.3152
2021-09-09T03:00,19.2,98,19.0,869.0,1.8,169,Ratnapark,27.7063,85.3152
2021-09-09T04:00,19.1,98,18.9,869.0,2.5,172,Ratnapark,27.7063,85.3152
2021-09-09T05:00,19.2,99,19.0,869.7,2.6,146,Ratnapark,27.7063,85.3152
2021-09-09T06:00,19.8,97,19.3,870.5,1.1,162,Ratnapark,27.7063,85.3152
2021-09-09T07:00,20.6,93,19.4,871.1,0.8,243,Ratnapark,27.7063,85.3152
2021-09-09T08:00,22.0,86,19.5,871.6,3.2,117,Ratnapark,27.7063,85.3152
2021-09-09T09:00,23.3,80,19.7,872.1,5.4,110,Ratnapark,27.7063,85.3152
2021-09-09T10:00,23.3,87,21.0,871.7,4.4,125,Ratnapark,27.7063,85.3152
2021-09-09T11:00,22.7,88,20.6,871.1,4.3,156,Ratnapark,27.7063,85.3152
2021-09-09T12:00,22.8,93,21.6,870.7,0.8,207,Ratnapark,27.7063,85.3152
2021-09-09T13:00,23.3,95,22.4,869.9,2.0,315,Ratnapark,27.7063,85.3152
2021-09-09T14:00,22.7,96,22.0,869.0,4.5,29,Ratnapark,27.7063,85.3152
2021-09-09T15:00,22.1,96,21.5,868.5,2.6,34,Ratnapark,27.7063,85.3152
2021-09-09T16:00,22.6,91,21.1,868.7,2.9,83,Ratnapark,27.7063,85.3152
2021-09-09T17:00,21.8,89,19.8,869.4,1.1,270,Ratnapark,27.7063,85.3152
2021-09-09T18:00,20.9,96,20.2,869.5,2.3,129,Ratnapark,27.7063,85.3152
2021-09-09T19:00,20.7,96,20.0,870.2,4.2,149,Ratnapark,27.7063,85.3152
2021-09-09T20:00,20.4,96,19.8,870.8,4.2,149,Ratnapark,27.7063,85.3152
2021-09-09T21:00,20.1,96,19.5,870.9,4.5,151,Ratnapark,27.7063,85.3152
2021-09-09T22:00,19.9,96,19.3,871.2,4.7,157,Ratnapark,27.7063,85.3152
2021-09-09T23:00,19.8,97,19.2,871.2,4.3,156,Ratnapark,27.7063,85.3152
2021-09-10T00:00,19.7,97,19.2,870.9,4.7,148,Ratnapark,27.7063,85.3152
2021-09-10T01:00,19.3,98,19.0,870.5,3.8,163,Ratnapark,27.7063,85.3152
2021-09-10T02:00,18.5,98,18.3,869.8,2.3,162,Ratnapark,27.7063,85.3152
2021-09-10T03:00,18.7,99,18.5,869.7,2.7,157,Ratnapark,27.7063,85.3152
2021-09-10T04:00,18.9,98,18.7,869.7,4.3,156,Ratnapark,27.7063,85.3152
2021-09-10T05:00,18.8,99,18.7,869.9,5.4,143,Ratnapark,27.7063,85.3152
2021-09-10T06:00,19.6,98,19.2,870.4,6.8,155,Ratnapark,27.7063,85.3152
2021-09-10T07:00,21.5,91,20.1,871.6,5.2,155,Ratnapark,27.7063,85.3152
2021-09-10T08:00,23.4,81,20.0,872.5,2.4,117,Ratnapark,27.7063,85.3152
2021-09-10T09:00,25.1,75,20.3,872.9,2.9,83,Ratnapark,27.7063,85.3152
2021-09-10T10:00,25.7,75,20.9,872.9,2.3,108,Ratnapark,27.7063,85.3152
2021-09-10T11:00,25.7,80,21.9,872.7,1.9,202,Ratnapark,27.7063,85.3152
2021-09-10T12:00,24.0,84,21.2,871.8,0.5,315,Ratnapark,27.7063,85.3152
2021-09-10T13:00,23.1,83,20.2,870.5,5.5,328,Ratnapark,27.7063,85.3152
2021-09-10T14:00,23.5,79,19.7,869.6,5.6,310,Ratnapark,27.7063,85.3152
2021-09-10T15:00,23.3,85,20.7,868.9,4.9,324,Ratnapark,27.7063,85.3152
2021-09-10T16:00,23.2,85,20.5,868.9,3.1,306,Ratnapark,27.7063,85.3152
2021-09-10T17:00,22.4,89,20.5,869.2,3.8,287,Ratnapark,27.7063,85.3152
2021-09-10T18:00,20.5,97,20.0,868.8,1.8,191,Ratnapark,27.7063,85.3152
2021-09-10T19:00,20.2,98,19.9,869.7,2.9,173,Ratnapark,27.7063,85.3152
2021-09-10T20:00,19.5,99,19.4,870.0,3.7,169,Ratnapark,27.7063,85.3152
2021-09-10T21:00,19.1,99,19.0,870.4,4.1,165,Ratnapark,27.7063,85.3152
2021-09-10T22:00,18.8,99,18.7,870.6,3.8,163,Ratnapark,27.7063,85.3152
2021-09-10T23:00,19.1,98,18.8,870.9,3.9,158,Ratnapark,27.7063,85.3152
2021-09-11T00:00,19.4,97,18.9,870.4,4.5,151,Ratnapark,27.7063,85.3152
2021-09-11T01:00,19.0,98,18.6,869.9,5.2,155,Ratnapark,27.7063,85.3152
2021-09-11T02:00,18.7,98,18.4,869.5,4.9,163,Ratnapark,27.7063,85.3152
2021-09-11T03:00,18.3,99,18.2,869.1,3.7,169,Ratnapark,27.7063,85.3152
2021-09-11T04:00,18.2,98,17.9,869.1,1.5,166,Ratnapark,27.7063,85.3152
2021-09-11T05:00,18.3,98,17.9,869.5,1.5,166,Ratnapark,27.7063,85.3152
2021-09-11T06:00,19.5,96,18.8,870.1,1.5,166,Ratnapark,27.7063,85.3152
2021-09-11T07:00,22.4,81,18.9,871.8,2.1,149,Ratnapark,27.7063,85.3152
2021-09-11T08:00,24.1,73,18.9,872.5,0.8,27,Ratnapark,27.7063,85.3152
2021-09-11T09:00,25.6,68,19.2,872.9,2.2,351,Ratnapark,27.7063,85.3152
2021-09-11T10:00,26.8,66,19.8,872.8,2.5,8,Ratnapark,27.7063,85.3152
2021-09-11T11:00,27.5,66,20.6,872.3,3.4,32,Ratnapark,27.7063,85.3152
2021-09-11T12:00,26.1,74,21.0,870.8,2.5,315,Ratnapark,27.7063,85.3152
2021-09-11T13:00,24.3,78,20.3,870.3,4.3,228,Ratnapark,27.7063,85.3152
2021-09-11T14:00,23.0,84,20.1,869.3,2.0,315,Ratnapark,27.7063,85.3152
2021-09-11T15:00,22.5,89,20.6,868.6,5.4,312,Ratnapark,27.7063,85.3152
2021-09-11T16:00,22.8,88,20.6,868.3,4.3,312,Ratnapark,27.7063,85.3152
2021-09-11T17:00,22.1,91,20.6,868.2,2.6,254,Ratnapark,27.7063,85.3152
2021-09-11T18:00,21.0,97,20.5,868.2,2.2,180,Ratnapark,27.7063,85.3152
2021-09-11T19:00,20.2,99,20.1,868.9,1.8,180,Ratnapark,27.7063,85.3152
2021-09-11T20:00,20.2,99,20.0,869.9,0.7,180,Ratnapark,27.7063,85.3152
2021-09-11T21:00,20.1,99,19.9,870.2,1.8,169,Ratnapark,27.7063,85.3152
2021-09-11T22:00,19.8,100,19.7,869.9,1.8,169,Ratnapark,27.7063,85.3152
2021-09-11T23:00,19.6,99,19.5,869.5,3.3,167,Ratnapark,27.7063,85.3152
2021-09-12T00:00,19.4,99,19.3,868.8,3.0,166,Ratnapark,27.7063,85.3152
2021-09-12T01:00,19.0,100,19.0,868.1,2.4,153,Ratnapark,27.7063,85.3152
2021-09-12T02:00,18.7,100,18.7,867.4,2.1,149,Ratnapark,27.7063,85.3152
2021-09-12T03:00,18.7,99,18.6,866.9,2.6,164,Ratnapark,27.7063,85.3152
2021-09-12T04:00,18.4,99,18.3,866.7,2.2,180,Ratnapark,27.7063,85.3152
2021-09-12T05:00,18.7,99,18.5,867.2,1.1,180,Ratnapark,27.7063,85.3152
2021-09-12T06:00,19.8,97,19.3,867.9,2.6,164,Ratnapark,27.7063,85.3152
2021-09-12T07:00,22.2,88,20.2,869.2,3.4,108,Ratnapark,27.7063,85.3152
2021-09-12T08:00,23.6,83,20.6,869.3,3.6,96,Ratnapark,27.7063,85.3152
2021-09-12T09:00,25.3,73,20.1,869.7,3.4,72,Ratnapark,27.7063,85.3152
2021-09-12T10:00,27.0,65,20.0,869.5,1.6,63,Ratnapark,27.7063,85.3152
2021-09-12T11:00,27.8,66,20.7,869.1,1.5,315,Ratnapark,27.7063,85.3152
2021-09-12T12:00,25.4,76,20.8,868.1,4.4,235,Ratnapark,27.7063,85.3152
2021-09-12T13:00,24.0,80,20.2,867.5,5.9,281,Ratnapark,27.7063,85.3152
2021-09-12T14:00,23.2,87,20.9,866.6,2.1,301,Ratnapark,27.7063,85.3152
2021-09-12T15:00,23.7,83,20.7,866.0,3.3,311,Ratnapark,27.7063,85.3152
2021-09-12T16:00,23.7,85,20.9,865.3,4.0,297,Ratnapark,27.7063,85.3152
2021-09-12T17:00,22.5,88,20.5,865.8,2.9,180,Ratnapark,27.7063,85.3152
2021-09-12T18:00,21.2,95,20.4,865.9,3.2,180,Ratnapark,27.7063,85.3152
2021-09-12T19:00,20.6,98,20.2,867.0,3.0,166,Ratnapark,27.7063,85.3152
2021-09-12T20:00,20.4,99,20.3,867.8,2.3,162,Ratnapark,27.7063,85.3152
2021-09-12T21:00,19.9,99,19.8,868.1,3.3,167,Ratnapark,27.7063,85.3152
2021-09-12T22:00,19.8,99,19.7,868.2,0.8,153,Ratnapark,27.7063,85.3152
2021-09-12T23:00,19.8,99,19.7,868.4,0.8,153,Ratnapark,27.7063,85.3152
2021-09-13T00:00,19.7,99,19.6,868.1,0.0,270,Ratnapark,27.7063,85.3152
2021-09-13T01:00,19.3,100,19.3,867.3,1.8,169,Ratnapark,27.7063,85.3152
2021-09-13T02:00,19.0,99,18.9,866.6,2.7,157,Ratnapark,27.7063,85.3152
2021-09-13T03:00,18.7,99,18.6,866.1,2.7,157,Ratnapark,27.7063,85.3152
2021-09-13T04:00,18.3,99,18.2,866.0,4.2,160,Ratnapark,27.7063,85.3152
2021-09-13T05:00,18.6,99,18.4,866.3,4.2,160,Ratnapark,27.7063,85.3152
2021-09-13T06:00,19.8,96,19.1,867.1,5.2,155,Ratnapark,27.7063,85.3152
2021-09-13T07:00,21.9,90,20.2,868.5,4.1,128,Ratnapark,27.7063,85.3152
2021-09-13T08:00,23.8,82,20.5,869.5,2.9,83,Ratnapark,27.7063,85.3152
2021-09-13T09:00,25.7,73,20.5,870.1,2.3,342,Ratnapark,27.7063,85.3152
2021-09-13T10:00,27.0,70,21.1,870.0,4.7,328,Ratnapark,27.7063,85.3152
2021-09-13T11:00,27.0,72,21.6,869.4,5.3,332,Ratnapark,27.7063,85.3152
2021-09-13T12:00,25.6,80,21.8,868.9,0.4,90,Ratnapark,27.7063,85.3152
2021-09-13T13:00,23.9,80,20.2,867.8,2.6,106,Ratnapark,27.7063,85.3152
2021-09-13T14:00,23.8,81,20.4,866.7,1.8,281,Ratnapark,27.7063,85.3152
2021-09-13T15:00,24.0,81,20.6,866.5,2.8,320,Ratnapark,27.7063,85.3152
2021-09-13T16:00,23.9,79,20.0,867.2,2.5,315,Ratnapark,27.7063,85.3152
2021-09-13T17:00,22.9,89,21.0,867.5,1.0,225,Ratnapark,27.7063,85.3152
2021-09-13T18:00,21.0,97,20.5,867.4,1.4,180,Ratnapark,27.7063,85.3152
2021-09-13T19:00,20.6,98,20.3,868.2,1.8,180,Ratnapark,27.7063,85.3152
2021-09-13T20:00,20.0,100,19.9,868.7,2.9,173,Ratnapark,27.7063,85.3152
2021-09-13T21:00,19.5,100,19.4,868.8,2.5,172,Ratnapark,27.7063,85.3152
2021-09-13T22:00,19.0,99,18.9,868.7,1.8,169,Ratnapark,27.7063,85.3152
2021-09-13T23:00,18.6,100,18.6,868.3,2.3,162,Ratnapark,27.7063,85.3152
2021-09-14T00:00,18.3,100,18.2,867.8,3.4,162,Ratnapark,27.7063,85.3152
2021-09-14T01:00,18.2,99,18.1,867.2,3.9,158,Ratnapark,27.7063,85.3152
2021-09-14T02:00,18.4,99,18.2,867.0,3.5,156,Ratnapark,27.7063,85.3152
2021-09-14T03:00,18.5,98,18.2,866.7,2.3,162,Ratnapark,27.7063,85.3152
2021-09-14T04:00,18.4,99,18.2,866.7,2.3,162,Ratnapark,27.7063,85.3152
2021-09-14T05:00,18.9,97,18.4,867.9,3.7,169,Ratnapark,27.7063,85.3152
2021-09-14T06:00,19.8,97,19.3,868.8,3.9,158,Ratnapark,27.7063,85.3152
2021-09-14T07:00,22.7,86,20.3,871.0,4.0,85,Ratnapark,27.7063,85.3152
2021-09-14T08:00,24.1,78,20.0,871.8,6.6,77,Ratnapark,27.7063,85.3152
2021-09-14T09:00,25.4,68,19.0,872.2,6.5,87,Ratnapark,27.7063,85.3152
2021-09-14T10:00,26.7,61,18.7,872.3,5.8,94,Ratnapark,27.7063,85.3152
2021-09-14T11:00,27.5,58,18.6,871.7,4.8,117,Ratnapark,27.7063,85.3152
2021-09-14T12:00,26.9,63,19.3,870.7,9.5,155,Ratnapark,27.7063,85.3152
2021-09-14T13:00,25.3,75,20.6,870.2,6.9,152,Ratnapark,27.7063,85.3152
2021-09-14T14:00,24.2,78,20.2,869.7,0.7,90,Ratnapark,27.7063,85.3152
2021-09-14T15:00,23.8,79,19.9,869.3,5.0,30,Ratnapark,27.7063,85.3152
2021-09-14T16:00,23.7,79,19.9,869.6,5.0,69,Ratnapark,27.7063,85.3152
2021-09-14T17:00,23.2,80,19.6,869.8,1.8,90,Ratnapark,27.7063,85.3152
2021-09-14T18:00,22.1,87,19.9,869.9,2.9,97,Ratnapark,27.7063,85.3152
2021-09-14T19:00,21.5,89,19.6,870.8,3.5,114,Ratnapark,27.7063,85.3152
2021-09-14T20:00,20.9,91,19.4,871.1,3.6,143,Ratnapark,27.7063,85.3152
2021-09-14T21:00,20.6,93,19.4,871.2,4.0,153,Ratnapark,27.7063,85.3152
2021-09-14T22:00,20.4,94,19.4,871.3,4.4,145,Ratnapark,27.7063,85.3152
2021-09-14T23:00,20.3,95,19.5,871.1,4.6,141,Ratnapark,27.7063,85.3152
2021-09-15T00:00,20.2,95,19.4,870.6,4.4,145,Ratnapark,27.7063,85.3152
2021-09-15T01:00,20.0,97,19.4,870.1,4.2,149,Ratnapark,27.7063,85.3152
2021-09-15T02:00,19.9,97,19.4,869.8,4.6,141,Ratnapark,27.7063,85.3152
2021-09-15T03:00,19.8,97,19.3,870.0,5.0,120,Ratnapark,27.7063,85.3152
2021-09-15T04:00,19.6,97,19.2,870.1,5.6,117,Ratnapark,27.7063,85.3152
2021-09-15T05:00,19.6,96,18.9,870.6,5.5,113,Ratnapark,27.7063,85.3152
2021-09-15T06:00,19.7,95,18.9,870.8,6.7,126,Ratnapark,27.7063,85.3152
2021-09-15T07:00,20.8,90,19.2,872.0,7.2,127,Ratnapark,27.7063,85.3152
2021-09-15T08:00,21.2,88,19.2,872.5,7.1,114,Ratnapark,27.7063,85.3152
2021-09-15T09:00,21.9,85,19.3,873.0,6.6,103,Ratnapark,27.7063,85.3152
2021-09-15T10:00,21.9,86,19.4,873.1,6.9,84,Ratnapark,27.7063,85.3152
2021-09-15T11:00,21.9,85,19.3,872.9,6.4,74,Ratnapark,27.7063,85.3152
2021-09-15T12:00,23.1,79,19.3,872.5,5.0,90,Ratnapark,27.7063,85.3152
2021-09-15T13:00,23.2,75,18.6,871.8,5.9,104,Ratnapark,27.7063,85.3152
2021-09-15T14:00,22.4,85,19.7,871.1,5.2,74,Ratnapark,27.7063,85.3152
2021-09-15T15:00,22.2,87,19.8,870.6,5.4,90,Ratnapark,27.7063,85.3152
2021-09-15T16:00,21.9,89,20.1,870.6,3.2,90,Ratnapark,27.7063,85.3152
2021-09-15T17:00,20.9,96,20.2,870.2,3.4,108,Ratnapark,27.7063,85.3152
2021-09-15T18:00,20.6,96,19.9,870.4,2.8,130,Ratnapark,27.7063,85.3152
2021-09-15T19:00,20.3,95,19.5,871.0,4.6,129,Ratnapark,27.7063,85.3152
2021-09-15T20:00,20.2,94,19.1,871.7,5.6,130,Ratnapark,27.7063,85.3152
2021-09-15T21:00,20.0,94,19.0,872.0,5.1,141,Ratnapark,27.7063,85.3152
2021-09-15T22:00,19.7,96,19.0,872.1,4.1,128,Ratnapark,27.7063,85.3152
2021-09-15T23:00,19.4,97,18.9,871.7,5.2,124,Ratnapark,27.7063,85.3152
2021-09-16T00:00,19.2,98,18.8,871.2,5.6,117,Ratnapark,27.7063,85.3152
2021-09-16T01:00,19.0,98,18.6,870.6,6.0,123,Ratnapark,27.7063,85.3152
2021-09-16T02:00,18.9,97,18.5,870.3,6.4,153,Ratnapark,27.7063,85.3152
2021-09-16T03:00,18.9,97,18.5,869.9,6.3,149,Ratnapark,27.7063,85.3152
2021-09-16T04:00,19.0,97,18.5,869.9,5.1,141,Ratnapark,27.7063,85.3152
2021-09-16T05:00,19.0,95,18.1,869.6,6.4,137,Ratnapark,27.7063,85.3152
2021-09-16T06:00,19.4,95,18.5,870.2,6.2,144,Ratnapark,27.7063,85.3152
2021-09-16T07:00,19.9,95,19.0,871.2,5.7,125,Ratnapark,27.7063,85.3152
2021-09-16T08:00,20.1,94,19.1,872.1,6.5,124,Ratnapark,27.7063,85.3152
2021-09-16T09:00,20.8,91,19.3,872.8,5.7,108,Ratnapark,27.7063,85.3152
2021-09-16T10:00,20.7,92,19.3,872.7,5.4,98,Ratnapark,27.7063,85.3152
2021-09-16T11:00,20.9,91,19.3,872.1,5.9,104,Ratnapark,27.7063,85.3152
2021-09-16T12:00,21.8,88,19.6,871.4,5.0,111,Ratnapark,27.7063,85.3152
2021-09-16T13:00,22.6,85,19.9,870.3,1.9,68,Ratnapark,27.7063,85.3152
2021-09-16T14:00,22.6,85,20.0,869.5,3.7,11,Ratnapark,27.7063,85.3152
2021-09-16T15:00,22.5,86,20.1,868.9,2.8,40,Ratnapark,27.7063,85.3152
2021-09-16T16:00,22.8,84,20.0,869.0,4.3,95,Ratnapark,27.7063,85.3152
2021-09-16T17:00,22.8,84,20.0,868.4,4.1,105,Ratnapark,27.7063,85.3152
2021-09-16T18:00,21.6,88,19.5,868.6,3.5,114,Ratnapark,27.7063,85.3152
2021-09-16T19:00,21.3,89,19.4,869.4,5.5,157,Ratnapark,27.7063,85.3152
2021-09-16T20:00,20.7,92,19.3,869.8,4.6,141,Ratnapark,27.7063,85.3152
2021-09-16T21:00,20.7,92,19.3,869.8,4.9,144,Ratnapark,27.7063,85.3152
2021-09-16T22:00,20.4,93,19.2,869.8,3.8,139,Ratnapark,27.7063,85.3152
2021-09-16T23:00,20.0,94,19.1,869.7,3.7,151,Ratnapark,27.7063,85.3152
2021-09-17T00:00,19.9,97,19.4,869.2,5.3,152,Ratnapark,27.7063,85.3152
2021-09-17T01:00,19.8,97,19.2,869.0,5.6,140,Ratnapark,27.7063,85.3152
2021-09-17T02:00,19.5,96,18.9,868.5,5.1,129,Ratnapark,27.7063,85.3152
2021-09-17T03:00,19.4,96,18.8,868.1,5.1,135,Ratnapark,27.7063,85.3152
2021-09-17T04:00,19.2,96,18.6,868.1,5.6,135,Ratnapark,27.7063,85.3152
2021-09-17T05:00,19.3,94,18.4,868.3,5.7,125,Ratnapark,27.7063,85.3152
2021-09-17T06:00,19.4,96,18.8,868.6,4.8,132,Ratnapark,27.7063,85.3152
2021-09-17T07:00,20.1,95,19.2,869.6,3.9,124,Ratnapark,27.7063,85.3152
2021-09-17T08:00,21.0,92,19.7,870.5,3.4,122,Ratnapark,27.7063,85.3152
2021-09-17T09:00,21.6,90,20.0,871.2,2.2,90,Ratnapark,27.7063,85.3152
2021-09-17T10:00,22.1,86,19.6,871.2,5.4,90,Ratnapark,27.7063,85.3152
2021-09-17T11:00,21.8,89,20.0,870.6,7.8,103,Ratnapark,27.7063,85.3152
2021-09-17T12:00,21.8,90,20.0,870.1,4.9,107,Ratnapark,27.7063,85.3152
2021-09-17T13:00,21.9,86,19.4,869.4,1.9,68,Ratnapark,27.7063,85.3152
2021-09-17T14:00,21.6,90,19.9,868.4,4.2,59,Ratnapark,27.7063,85.3152
2021-09-17T15:00,21.7,90,20.0,867.4,2.6,56,Ratnapark,27.7063,85.3152
2021-09-17T16:00,22.0,90,20.2,867.0,1.8,127,Ratnapark,27.7063,85.3152
2021-09-17T17:00,21.9,89,20.0,868.1,0.4,90,Ratnapark,27.7063,85.3152
2021-09-17T18:00,21.2,96,20.6,868.4,2.2,90,Ratnapark,27.7063,85.3152
2021-09-17T19:00,21.0,96,20.3,869.2,2.2,99,Ratnapark,27.7063,85.3152
2021-09-17T20:00,20.7,96,20.0,869.8,2.6,124,Ratnapark,27.7063,85.3152
2021-09-17T21:00,20.2,97,19.7,870.1,4.3,132,Ratnapark,27.7063,85.3152
2021-09-17T22:00,19.9,97,19.4,870.3,4.6,141,Ratnapark,27.7063,85.3152
2021-09-17T23:00,19.8,97,19.2,869.9,3.9,146,Ratnapark,27.7063,85.3152
2021-09-18T00:00,19.4,98,19.1,869.2,3.1,159,Ratnapark,27.7063,85.3152
2021-09-18T01:00,19.0,98,18.8,868.6,2.3,162,Ratnapark,27.7063,85.3152
2021-09-18T02:00,18.8,99,18.6,868.2,1.9,158,Ratnapark,27.7063,85.3152
2021-09-18T03:00,18.5,99,18.4,868.0,1.8,169,Ratnapark,27.7063,85.3152
2021-09-18T04:00,18.3,99,18.2,868.0,1.4,180,Ratnapark,27.7063,85.3152
2021-09-18T05:00,18.2,100,18.2,868.3,0.7,180,Ratnapark,27.7063,85.3152
2021-09-18T06:00,19.3,99,19.1,869.3,1.1,180,Ratnapark,27.7063,85.3152
2021-09-18T07:00,21.4,86,19.0,870.9,1.8,90,Ratnapark,27.7063,85.3152
2021-09-18T08:00,22.9,80,19.3,871.9,2.5,90,Ratnapark,27.7063,85.3152
2021-09-18T09:00,24.8,70,18.9,872.4,2.3,108,Ratnapark,27.7063,85.3152
2021-09-18T10:00,25.6,65,18.7,872.5,1.8,90,Ratnapark,27.7063,85.3152
2021-09-18T11:00,25.8,66,18.8,872.0,0.8,297,Ratnapark,27.7063,85.3152
2021-09-18T12:00,25.7,66,18.9,871.3,4.1,308,Ratnapark,27.7063,85.3152
2021-09-18T13:00,25.5,69,19.3,869.9,6.6,299,Ratnapark,27.7063,85.3152
2021-09-18T14:00,25.0,72,19.7,869.1,7.8,304,Ratnapark,27.7063,85.3152
2021-09-18T15:00,24.4,76,19.9,868.8,7.1,300,Ratnapark,27.7063,85.3152
2021-09-18T16:00,23.6,79,19.8,869.3,5.7,305,Ratnapark,27.7063,85.3152
2021-09-18T17:00,21.9,91,20.3,869.5,3.8,319,Ratnapark,27.7063,85.3152
2021-09-18T18:00,21.1,95,20.3,870.0,3.4,342,Ratnapark,27.7063,85.3152
2021-09-18T19:00,20.9,96,20.3,871.1,0.7,180,Ratnapark,27.7063,85.3152
2021-09-18T20:00,20.4,100,20.3,871.7,1.1,180,Ratnapark,27.7063,85.3152
2021-09-18T21:00,20.3,100,20.3,872.2,1.1,198,Ratnapark,27.7063,85.3152
2021-09-18T22:00,20.2,100,20.2,872.5,1.6,207,Ratnapark,27.7063,85.3152
2021-09-18T23:00,19.8,100,19.8,872.4,1.1,198,Ratnapark,27.7063,85.3152
2021-09-19T00:00,19.6,100,19.6,871.8,1.4,180,Ratnapark,27.7063,85.3152
2021-09-19T01:00,19.4,100,19.4,871.1,1.5,194,Ratnapark,27.7063,85.3152
2021-09-19T02:00,19.2,100,19.2,870.7,1.5,194,Ratnapark,27.7063,85.3152
2021-09-19T03:00,19.4,100,19.3,870.9,1.5,194,Ratnapark,27.7063,85.3152
2021-09-19T04:00,19.3,100,19.2,871.0,0.7,180,Ratnapark,27.7063,85.3152
2021-09-19T05:00,19.3,100,19.3,871.4,0.8,207,Ratnapark,27.7063,85.3152
2021-09-19T06:00,20.1,96,19.4,872.1,1.6,207,Ratnapark,27.7063,85.3152
2021-09-19T07:00,21.5,90,19.7,873.3,2.0,225,Ratnapark,27.7063,85.3152
2021-09-19T08:00,22.8,83,19.8,873.7,1.1,288,Ratnapark,27.7063,85.3152
2021-09-19T09:00,24.2,76,19.7,874.2,2.1,329,Ratnapark,27.7063,85.3152
2021-09-19T10:00,25.5,71,19.8,874.2,5.4,323,Ratnapark,27.7063,85.3152
2021-09-19T11:00,26.1,69,19.9,873.8,8.8,325,Ratnapark,27.7063,85.3152
2021-09-19T12:00,26.2,70,20.2,872.8,9.7,321,Ratnapark,27.7063,85.3152
2021-09-19T13:00,26.0,70,20.2,871.5,10.7,320,Ratnapark,27.7063,85.3152
2021-09-19T14:00,26.0,70,20.2,870.7,10.5,322,Ratnapark,27.7063,85.3152
2021-09-19T15:00,25.5,75,20.6,870.2,9.4,320,Ratnapark,27.7063,85.3152
2021-09-19T16:00,24.2,81,20.7,870.6,8.0,288,Ratnapark,27.7063,85.3152
2021-09-19T17:00,22.9,87,20.7,870.9,3.8,311,Ratnapark,27.7063,85.3152
2021-09-19T18:00,21.6,94,20.6,871.3,3.7,299,Ratnapark,27.7063,85.3152
2021-09-19T19:00,21.7,93,20.6,872.3,2.0,225,Ratnapark,27.7063,85.3152
2021-09-19T20:00,21.6,95,20.7,872.9,1.8,217,Ratnapark,27.7063,85.3152
2021-09-19T21:00,21.2,98,20.8,873.0,2.5,270,Ratnapark,27.7063,85.3152
2021-09-19T22:00,20.9,99,20.8,872.9,2.4,207,Ratnapark,27.7063,85.3152
2021-09-19T23:00,20.5,99,20.3,872.3,4.0,190,Ratnapark,27.7063,85.3152
2021-09-20T00:00,20.4,98,20.1,871.8,3.6,180,Ratnapark,27.7063,85.3152
2021-09-20T01:00,20.1,99,19.9,871.5,2.9,187,Ratnapark,27.7063,85.3152
2021-09-20T02:00,20.2,98,19.9,871.6,4.9,234,Ratnapark,27.7063,85.3152
2021-09-20T03:00,20.0,98,19.8,871.3,3.7,259,Ratnapark,27.7063,85.3152
2021-09-20T04:00,19.7,99,19.5,871.2,1.1,180,Ratnapark,27.7063,85.3152
2021-09-20T05:00,20.0,99,19.8,871.6,0.7,180,Ratnapark,27.7063,85.3152
2021-09-20T06:00,20.5,95,19.8,871.8,3.0,194,Ratnapark,27.7063,85.3152
2021-09-20T07:00,22.3,86,19.9,872.7,3.7,191,Ratnapark,27.7063,85.3152
2021-09-20T08:00,23.9,76,19.5,873.1,2.7,203,Ratnapark,27.7063,85.3152
2021-09-20T09:00,25.2,70,19.2,873.7,2.0,225,Ratnapark,27.7063,85.3152
2021-09-20T10:00,25.8,68,19.4,873.8,1.9,292,Ratnapark,27.7063,85.3152
2021-09-20T11:00,25.3,74,20.3,873.6,3.4,238,Ratnapark,27.7063,85.3152
2021-09-20T12:00,24.9,79,21.0,872.7,4.4,305,Ratnapark,27.7063,85.3152
2021-09-20T13:00,24.3,83,21.3,871.3,4.1,322,Ratnapark,27.7063,85.3152
2021-09-20T14:00,23.7,82,20.4,870.5,4.3,312,Ratnapark,27.7063,85.3152
2021-09-20T15:00,23.1,83,20.1,870.1,5.1,321,Ratnapark,27.7063,85.3152
2021-09-20T16:00,21.9,92,20.6,870.2,4.3,355,Ratnapark,27.7063,85.3152
2021-09-20T17:00,21.8,92,20.4,870.4,1.4,360,Ratnapark,27.7063,85.3152
2021-09-20T18:00,21.2,94,20.3,870.6,1.9,158,Ratnapark,27.7063,85.3152
2021-09-20T19:00,21.4,95,20.6,871.1,4.0,153,Ratnapark,27.7063,85.3152
2021-09-20T20:00,20.8,97,20.3,872.0,1.8,191,Ratnapark,27.7063,85.3152
2021-09-20T21:00,20.5,98,20.2,872.5,0.5,45,Ratnapark,27.7063,85.3152
2021-09-20T22:00,20.5,99,20.3,872.4,5.3,118,Ratnapark,27.7063,85.3152
2021-09-20T23:00,20.3,99,20.1,872.6,1.8,127,Ratnapark,27.7063,85.3152
2021-09-21T00:00,20.3,98,20.0,872.0,2.8,140,Ratnapark,27.7063,85.3152
2021-09-21T01:00,20.1,98,19.7,871.2,2.6,164,Ratnapark,27.7063,85.3152
2021-09-21T02:00,19.5,99,19.3,870.2,2.2,171,Ratnapark,27.7063,85.3152
2021-09-21T03:00,19.4,100,19.4,869.4,2.9,180,Ratnapark,27.7063,85.3152
2021-09-21T04:00,18.8,100,18.8,869.1,2.5,172,Ratnapark,27.7063,85.3152
2021-09-21T05:00,19.0,99,18.9,869.9,4.0,175,Ratnapark,27.7063,85.3152
2021-09-21T06:00,19.8,98,19.5,870.8,3.3,193,Ratnapark,27.7063,85.3152
2021-09-21T07:00,21.5,90,19.9,872.3,2.5,278,Ratnapark,27.7063,85.3152
2021-09-21T08:00,22.7,82,19.5,873.0,5.1,309,Ratnapark,27.7063,85.3152
2021-09-21T09:00,23.6,74,18.7,873.4,5.6,310,Ratnapark,27.7063,85.3152
2021-09-21T10:00,24.2,73,19.0,873.4,3.9,338,Ratnapark,27.7063,85.3152
2021-09-21T11:00,24.7,76,20.2,872.6,4.3,355,Ratnapark,27.7063,85.3152
2021-09-21T12:00,25.5,77,21.1,871.5,4.0,350,Ratnapark,27.7063,85.3152
2021-09-21T13:00,25.1,80,21.5,870.1,2.6,326,Ratnapark,27.7063,85.3152
2021-09-21T14:00,23.9,86,21.4,869.3,3.6,315,Ratnapark,27.7063,85.3152
2021-09-21T15:00,22.7,84,19.8,868.8,6.9,321,Ratnapark,27.7063,85.3152
2021-09-21T16:00,21.7,93,20.5,868.4,4.2,301,Ratnapark,27.7063,85.3152
2021-09-21T17:00,22.2,88,20.1,868.9,2.5,262,Ratnapark,27.7063,85.3152
2021-09-21T18:00,21.1,95,20.2,869.2,3.1,201,Ratnapark,27.7063,85.3152
2021-09-21T19:00,20.7,97,20.2,870.1,3.3,167,Ratnapark,27.7063,85.3152
2021-09-21T20:00,20.5,99,20.3,870.5,1.8,180,Ratnapark,27.7063,85.3152
2021-09-21T21:00,20.3,100,20.3,871.0,0.5,225,Ratnapark,27.7063,85.3152
2021-09-21T22:00,19.6,100,19.5,871.2,3.0,256,Ratnapark,27.7063,85.3152
2021-09-21T23:00,19.6,100,19.6,871.2,1.8,259,Ratnapark,27.7063,85.3152
2021-09-22T00:00,19.4,99,19.3,871.0,1.0,225,Ratnapark,27.7063,85.3152
2021-09-22T01:00,19.2,100,19.2,870.3,1.1,180,Ratnapark,27.7063,85.3152
2021-09-22T02:00,19.1,99,19.0,869.5,1.1,198,Ratnapark,27.7063,85.3152
2021-09-22T03:00,18.9,100,18.8,869.0,1.5,194,Ratnapark,27.7063,85.3152
2021-09-22T04:00,18.8,100,18.7,869.0,1.6,153,Ratnapark,27.7063,85.3152
2021-09-22T05:00,18.7,100,18.6,868.9,2.3,108,Ratnapark,27.7063,85.3152
2021-09-22T06:00,19.1,98,18.7,869.8,1.5,135,Ratnapark,27.7063,85.3152
2021-09-22T07:00,20.3,91,18.8,871.0,1.5,284,Ratnapark,27.7063,85.3152
2021-09-22T08:00,21.8,86,19.4,871.7,1.0,315,Ratnapark,27.7063,85.3152
2021-09-22T09:00,23.0,84,20.2,872.4,2.6,34,Ratnapark,27.7063,85.3152
2021-09-22T10:00,23.7,84,20.8,872.3,4.5,29,Ratnapark,27.7063,85.3152
2021-09-22T11:00,23.9,82,20.6,871.8,6.9,9,Ratnapark,27.7063,85.3152
2021-09-22T12:00,23.5,83,20.5,871.1,7.0,12,Ratnapark,27.7063,85.3152
2021-09-22T13:00,23.5,82,20.2,869.8,6.5,6,Ratnapark,27.7063,85.3152
2021-09-22T14:00,23.6,82,20.3,868.9,4.0,355,Ratnapark,27.7063,85.3152
2021-09-22T15:00,22.9,82,19.6,868.4,4.0,265,Ratnapark,27.7063,85.3152
2021-09-22T16:00,21.8,82,18.6,868.7,5.0,270,Ratnapark,27.7063,85.3152
2021-09-22T17:00,20.8,92,19.4,868.9,3.1,291,Ratnapark,27.7063,85.3152
2021-09-22T18:00,20.2,98,19.8,869.3,2.5,180,Ratnapark,27.7063,85.3152
2021-09-22T19:00,19.7,100,19.6,869.7,2.9,180,Ratnapark,27.7063,85.3152
2021-09-22T20:00,19.4,100,19.4,870.4,2.6,164,Ratnapark,27.7063,85.3152
2021-09-22T21:00,19.3,100,19.2,870.9,1.9,158,Ratnapark,27.7063,85.3152
2021-09-22T22:00,19.0,99,18.9,871.1,2.4,153,Ratnapark,27.7063,85.3152
2021-09-22T23:00,18.7,100,18.7,870.9,1.1,162,Ratnapark,27.7063,85.3152
2021-09-23T00:00,18.7,99,18.6,870.5,0.7,180,Ratnapark,27.7063,85.3152
2021-09-23T01:00,18.8,99,18.7,870.2,1.1,180,Ratnapark,27.7063,85.3152
2021-09-23T02:00,18.9,99,18.8,869.7,2.2,171,Ratnapark,27.7063,85.3152
2021-09-23T03:00,18.9,100,18.8,869.5,1.4,180,Ratnapark,27.7063,85.3152
2021-09-23T04:00,18.8,100,18.8,869.7,1.4,180,Ratnapark,27.7063,85.3152
2021-09-23T05:00,18.8,99,18.7,869.9,2.7,157,Ratnapark,27.7063,85.3152
2021-09-23T06:00,19.3,97,18.9,870.6,4.0,153,Ratnapark,27.7063,85.3152
2021-09-23T07:00,20.7,91,19.2,872.0,3.7,119,Ratnapark,27.7063,85.3152
2021-09-23T08:00,22.4,83,19.3,873.3,4.0,90,Ratnapark,27.7063,85.3152
2021-09-23T09:00,23.9,79,20.1,874.0,4.0,63,Ratnapark,27.7063,85.3152
2021-09-23T10:00,25.1,75,20.4,874.1,5.0,30,Ratnapark,27.7063,85.3152
2021-09-23T11:00,25.5,75,20.8,873.3,5.6,15,Ratnapark,27.7063,85.3152
2021-09-23T12:00,24.6,82,21.2,871.9,3.8,49,Ratnapark,27.7063,85.3152
2021-09-23T13:00,24.3,78,20.2,870.9,1.4,180,Ratnapark,27.7063,85.3152
2021-09-23T14:00,23.1,82,20.0,870.4,3.9,248,Ratnapark,27.7063,85.3152
2021-09-23T15:00,22.7,82,19.5,869.9,4.3,294,Ratnapark,27.7063,85.3152
2021-09-23T16:00,22.5,84,19.6,869.8,4.1,315,Ratnapark,27.7063,85.3152
2021-09-23T17:00,21.2,93,20.0,870.4,1.8,233,Ratnapark,27.7063,85.3152
2021-09-23T18:00,20.3,98,20.0,870.7,2.9,180,Ratnapark,27.7063,85.3152
2021-09-23T19:00,19.7,99,19.5,871.4,3.6,186,Ratnapark,27.7063,85.3152
2021-09-23T20:00,19.4,98,19.1,871.9,3.3,174,Ratnapark,27.7063,85.3152
2021-09-23T21:00,19.0,99,18.8,872.4,2.9,173,Ratnapark,27.7063,85.3152
2021-09-23T22:00,18.7,99,18.5,872.6,3.3,174,Ratnapark,27.7063,85.3152
2021-09-23T23:00,18.5,99,18.3,872.5,3.3,174,Ratnapark,27.7063,85.3152
2021-09-24T00:00,18.3,99,18.2,872.2,3.0,166,Ratnapark,27.7063,85.3152
2021-09-24T01:00,18.2,99,18.0,871.7,2.7,157,Ratnapark,27.7063,85.3152
2021-09-24T02:00,18.0,98,17.7,871.2,4.0,153,Ratnapark,27.7063,85.3152
2021-09-24T03:00,17.6,99,17.4,870.8,4.6,162,Ratnapark,27.7063,85.3152
2021-09-24T04:00,17.3,99,17.2,870.8,4.6,162,Ratnapark,27.7063,85.3152
2021-09-24T05:00,17.5,99,17.4,870.9,5.4,160,Ratnapark,27.7063,85.3152
2021-09-24T06:00,18.5,98,18.2,871.9,5.2,155,Ratnapark,27.7063,85.3152
2021-09-24T07:00,21.0,91,19.4,873.7,3.4,122,Ratnapark,27.7063,85.3152
2021-09-24T08:00,22.7,82,19.5,874.4,4.1,105,Ratnapark,27.7063,85.3152
2021-09-24T09:00,24.3,73,19.0,874.7,4.9,107,Ratnapark,27.7063,85.3152
2021-09-24T10:00,25.4,70,19.5,874.7,3.1,111,Ratnapark,27.7063,85.3152
2021-09-24T11:00,26.2,71,20.5,874.1,3.1,111,Ratnapark,27.7063,85.3152
2021-09-24T12:00,25.7,76,21.1,873.0,2.4,63,Ratnapark,27.7063,85.3152
2021-09-24T13:00,24.2,78,20.1,871.6,3.4,342,Ratnapark,27.7063,85.3152
2021-09-24T14:00,23.8,79,19.8,870.6,5.7,342,Ratnapark,27.7063,85.3152
2021-09-24T15:00,23.2,82,20.0,869.8,3.8,319,Ratnapark,27.7063,85.3152
2021-09-24T16:00,22.5,86,20.1,870.0,3.2,270,Ratnapark,27.7063,85.3152
2021-09-24T17:00,22.1,90,20.4,870.0,1.8,191,Ratnapark,27.7063,85.3152
2021-09-24T18:00,20.9,96,20.3,870.5,2.6,236,Ratnapark,27.7063,85.3152
2021-09-24T19:00,20.7,98,20.4,871.5,1.8,281,Ratnapark,27.7063,85.3152
2021-09-24T20:00,20.6,97,20.1,871.9,1.5,346,Ratnapark,27.7063,85.3152
2021-09-24T21:00,20.3,99,20.1,872.4,0.8,333,Ratnapark,27.7063,85.3152
2021-09-24T22:00,20.1,99,20.0,872.6,1.8,349,Ratnapark,27.7063,85.3152
2021-09-24T23:00,20.1,98,19.8,872.5,1.4,90,Ratnapark,27.7063,85.3152
2021-09-25T00:00,20.0,98,19.7,872.4,1.1,162,Ratnapark,27.7063,85.3152
2021-09-25T01:00,19.7,99,19.5,871.7,1.9,158,Ratnapark,27.7063,85.3152
2021-09-25T02:00,19.3,99,19.2,870.9,2.4,153,Ratnapark,27.7063,85.3152
2021-09-25T03:00,19.2,99,19.0,870.3,2.9,150,Ratnapark,27.7063,85.3152
2021-09-25T04:00,18.9,99,18.8,870.0,3.3,167,Ratnapark,27.7063,85.3152
2021-09-25T05:00,19.0,99,18.8,870.2,4.1,165,Ratnapark,27.7063,85.3152
2021-09-25T06:00,19.5,98,19.2,870.8,5.0,150,Ratnapark,27.7063,85.3152
2021-09-25T07:00,21.6,90,20.0,872.0,3.1,126,Ratnapark,27.7063,85.3152
2021-09-25T08:00,23.0,81,19.5,872.7,2.6,124,Ratnapark,27.7063,85.3152
2021-09-25T09:00,24.3,73,19.2,873.4,2.5,188,Ratnapark,27.7063,85.3152
2021-09-25T10:00,25.3,74,20.3,873.5,1.0,225,Ratnapark,27.7063,85.3152
2021-09-25T11:00,24.9,79,21.0,872.6,3.7,241,Ratnapark,27.7063,85.3152
2021-09-25T12:00,23.7,79,19.8,872.0,4.4,261,Ratnapark,27.7063,85.3152
2021-09-25T13:00,22.7,83,19.7,871.0,1.9,292,Ratnapark,27.7063,85.3152
2021-09-25T14:00,22.3,84,19.6,870.4,1.1,342,Ratnapark,27.7063,85.3152
2021-09-25T15:00,22.2,87,19.8,869.4,2.5,352,Ratnapark,27.7063,85.3152
2021-09-25T16:00,22.1,87,19.9,869.1,2.3,321,Ratnapark,27.7063,85.3152
2021-09-25T17:00,21.6,90,19.8,869.2,0.5,45,Ratnapark,27.7063,85.3152
2021-09-25T18:00,21.2,92,19.8,869.8,0.8,153,Ratnapark,27.7063,85.3152
2021-09-25T19:00,19.7,97,19.3,870.4,2.8,130,Ratnapark,27.7063,85.3152
2021-09-25T20:00,20.0,97,19.6,871.3,2.8,130,Ratnapark,27.7063,85.3152
2021-09-25T21:00,19.6,98,19.4,871.4,2.4,153,Ratnapark,27.7063,85.3152
2021-09-25T22:00,19.2,100,19.1,871.1,1.8,169,Ratnapark,27.7063,85.3152
2021-09-25T23:00,18.8,99,18.7,870.6,1.5,166,Ratnapark,27.7063,85.3152
2021-09-26T00:00,18.4,100,18.3,870.1,3.0,166,Ratnapark,27.7063,85.3152
2021-09-26T01:00,18.0,99,17.9,869.4,2.5,172,Ratnapark,27.7063,85.3152
2021-09-26T02:00,17.6,100,17.6,869.0,2.9,173,Ratnapark,27.7063,85.3152
2021-09-26T03:00,17.2,99,17.1,868.6,4.1,165,Ratnapark,27.7063,85.3152
2021-09-26T04:00,17.1,99,16.9,868.6,5.5,157,Ratnapark,27.7063,85.3152
2021-09-26T05:00,16.8,100,16.8,869.0,5.2,155,Ratnapark,27.7063,85.3152
2021-09-26T06:00,18.0,98,17.6,870.3,5.0,150,Ratnapark,27.7063,85.3152
2021-09-26T07:00,21.3,90,19.6,872.4,2.8,130,Ratnapark,27.7063,85.3152
2021-09-26T08:00,22.9,83,19.8,873.3,3.0,76,Ratnapark,27.7063,85.3152
2021-09-26T09:00,24.2,80,20.6,873.8,3.4,58,Ratnapark,27.7063,85.3152
2021-09-26T10:00,25.6,75,20.9,873.7,4.8,48,Ratnapark,27.7063,85.3152
2021-09-26T11:00,26.4,70,20.5,873.1,6.7,36,Ratnapark,27.7063,85.3152
2021-09-26T12:00,24.9,71,19.3,872.2,4.6,45,Ratnapark,27.7063,85.3152
2021-09-26T13:00,24.5,70,18.7,871.0,2.9,7,Ratnapark,27.7063,85.3152
2021-09-26T14:00,24.8,69,18.7,869.8,2.3,252,Ratnapark,27.7063,85.3152
2021-09-26T15:00,25.1,69,18.9,869.2,2.2,261,Ratnapark,27.7063,85.3152
2021-09-26T16:00,24.7,72,19.4,869.7,3.1,234,Ratnapark,27.7063,85.3152
2021-09-26T17:00,22.6,88,20.5,870.0,4.4,261,Ratnapark,27.7063,85.3152
2021-09-26T18:00,21.4,89,19.6,870.4,3.3,221,Ratnapark,27.7063,85.3152
2021-09-26T19:00,20.2,94,19.2,870.8,1.8,180,Ratnapark,27.7063,85.3152
2021-09-26T20:00,19.5,97,18.9,871.5,1.1,162,Ratnapark,27.7063,85.3152
2021-09-26T21:00,19.0,98,18.7,871.8,1.5,166,Ratnapark,27.7063,85.3152
2021-09-26T22:00,18.5,99,18.3,871.6,1.6,153,Ratnapark,27.7063,85.3152
2021-09-26T23:00,18.4,99,18.3,871.5,1.1,162,Ratnapark,27.7063,85.3152
2021-09-27T00:00,18.4,99,18.3,871.1,1.9,158,Ratnapark,27.7063,85.3152
2021-09-27T01:00,18.3,99,18.2,870.6,1.5,166,Ratnapark,27.7063,85.3152
2021-09-27T02:00,18.0,100,17.9,869.8,2.2,171,Ratnapark,27.7063,85.3152
2021-09-27T03:00,17.6,100,17.6,869.3,1.9,158,Ratnapark,27.7063,85.3152
2021-09-27T04:00,17.3,100,17.3,869.4,2.7,157,Ratnapark,27.7063,85.3152
2021-09-27T05:00,18.1,99,17.9,870.1,4.3,156,Ratnapark,27.7063,85.3152
2021-09-27T06:00,19.0,98,18.6,870.6,4.8,153,Ratnapark,27.7063,85.3152
2021-09-27T07:00,22.2,87,20.0,872.3,3.1,111,Ratnapark,27.7063,85.3152
2021-09-27T08:00,24.0,78,19.8,873.2,4.4,81,Ratnapark,27.7063,85.3152
2021-09-27T09:00,25.5,68,19.0,874.0,4.0,95,Ratnapark,27.7063,85.3152
2021-09-27T10:00,26.2,66,19.4,874.0,1.5,166,Ratnapark,27.7063,85.3152
2021-09-27T11:00,26.0,70,20.2,873.5,2.5,270,Ratnapark,27.7063,85.3152
2021-09-27T12:00,25.7,75,20.9,872.4,1.3,304,Ratnapark,27.7063,85.3152
2021-09-27T13:00,23.5,80,19.8,871.5,4.7,293,Ratnapark,27.7063,85.3152
2021-09-27T14:00,23.1,83,20.1,870.7,6.1,273,Ratnapark,27.7063,85.3152
2021-09-27T15:00,22.5,86,20.0,870.7,3.3,229,Ratnapark,27.7063,85.3152
2021-09-27T16:00,22.0,88,20.0,871.2,2.6,304,Ratnapark,27.7063,85.3152
2021-09-27T17:00,21.0,92,19.7,870.8,3.1,339,Ratnapark,27.7063,85.3152
2021-09-27T18:00,20.2,98,20.0,871.2,1.8,180,Ratnapark,27.7063,85.3152
2021-09-27T19:00,19.8,98,19.5,871.4,2.5,180,Ratnapark,27.7063,85.3152
2021-09-27T20:00,19.5,98,19.2,871.7,1.1,162,Ratnapark,27.7063,85.3152
2021-09-27T21:00,19.5,98,19.2,872.1,3.5,156,Ratnapark,27.7063,85.3152
2021-09-27T22:00,19.0,98,18.7,872.0,3.9,158,Ratnapark,27.7063,85.3152
2021-09-27T23:00,18.5,98,18.3,871.5,3.1,159,Ratnapark,27.7063,85.3152
2021-09-28T00:00,18.1,98,17.8,871.0,2.3,162,Ratnapark,27.7063,85.3152
2021-09-28T01:00,18.0,97,17.6,870.6,3.0,166,Ratnapark,27.7063,85.3152
2021-09-28T02:00,17.8,98,17.5,870.3,3.3,167,Ratnapark,27.7063,85.3152
2021-09-28T03:00,17.6,99,17.4,870.1,1.8,169,Ratnapark,27.7063,85.3152
2021-09-28T04:00,17.5,98,17.2,870.1,2.6,164,Ratnapark,27.7063,85.3152
2021-09-28T05:00,18.4,96,17.8,871.0,3.0,166,Ratnapark,27.7063,85.3152
2021-09-28T06:00,19.0,97,18.6,871.8,5.0,159,Ratnapark,27.7063,85.3152
2021-09-28T07:00,21.0,91,19.5,873.3,3.1,144,Ratnapark,27.7063,85.3152
2021-09-28T08:00,22.9,77,18.7,874.7,1.5,104,Ratnapark,27.7063,85.3152
2021-09-28T09:00,24.1,73,19.0,875.0,1.8,11,Ratnapark,27.7063,85.3152
2021-09-28T10:00,25.2,72,19.9,874.7,3.9,338,Ratnapark,27.7063,85.3152
2021-09-28T11:00,25.0,77,20.6,874.1,3.3,319,Ratnapark,27.7063,85.3152
2021-09-28T12:00,24.9,78,20.8,873.4,1.1,18,Ratnapark,27.7063,85.3152
2021-09-28T13:00,23.1,79,19.3,872.6,1.8,180,Ratnapark,27.7063,85.3152
2021-09-28T14:00,21.8,87,19.5,871.5,5.7,325,Ratnapark,27.7063,85.3152
2021-09-28T15:00,21.2,92,19.8,871.1,2.8,320,Ratnapark,27.7063,85.3152
2021-09-28T16:00,21.4,90,19.7,871.3,0.5,225,Ratnapark,27.7063,85.3152
2021-09-28T17:00,21.2,93,20.1,871.5,3.1,234,Ratnapark,27.7063,85.3152
2021-09-28T18:00,20.1,96,19.5,871.9,2.5,188,Ratnapark,27.7063,85.3152
2021-09-28T19:00,19.4,98,19.2,872.5,2.9,173,Ratnapark,27.7063,85.3152
2021-09-28T20:00,19.1,99,19.0,872.8,4.5,166,Ratnapark,27.7063,85.3152
2021-09-28T21:00,18.6,99,18.4,872.9,3.3,167,Ratnapark,27.7063,85.3152
2021-09-28T22:00,18.2,99,18.0,872.8,3.3,167,Ratnapark,27.7063,85.3152
2021-09-28T23:00,17.7,99,17.6,872.2,2.5,172,Ratnapark,27.7063,85.3152
2021-09-29T00:00,17.3,99,17.2,871.6,1.1,162,Ratnapark,27.7063,85.3152
2021-09-29T01:00,17.2,99,17.1,871.4,0.4,180,Ratnapark,27.7063,85.3152
2021-09-29T02:00,17.3,99,17.1,871.2,0.4,180,Ratnapark,27.7063,85.3152
2021-09-29T03:00,17.5,98,17.1,871.3,0.7,180,Ratnapark,27.7063,85.3152
2021-09-29T04:00,17.6,97,17.0,871.3,1.1,162,Ratnapark,27.7063,85.3152
2021-09-29T05:00,17.9,97,17.5,871.8,1.4,180,Ratnapark,27.7063,85.3152
2021-09-29T06:00,18.8,96,18.1,872.6,2.2,180,Ratnapark,27.7063,85.3152
2021-09-29T07:00,21.2,89,19.2,874.3,0.7,90,Ratnapark,27.7063,85.3152
2021-09-29T08:00,22.7,82,19.6,875.1,2.1,31,Ratnapark,27.7063,85.3152
2021-09-29T09:00,24.2,80,20.5,875.5,2.2,9,Ratnapark,27.7063,85.3152
2021-09-29T10:00,25.0,79,21.2,875.1,2.2,351,Ratnapark,27.7063,85.3152
2021-09-29T11:00,25.1,84,22.2,874.6,1.5,225,Ratnapark,27.7063,85.3152
2021-09-29T12:00,23.5,86,21.0,873.4,2.3,252,Ratnapark,27.7063,85.3152
2021-09-29T13:00,22.1,91,20.6,872.6,2.3,321,Ratnapark,27.7063,85.3152
2021-09-29T14:00,21.7,86,19.3,871.9,4.8,333,Ratnapark,27.7063,85.3152
2021-09-29T15:00,21.4,91,19.9,871.7,2.7,337,Ratnapark,27.7063,85.3152
2021-09-29T16:00,21.5,90,19.8,871.7,1.9,248,Ratnapark,27.7063,85.3152
2021-09-29T17:00,20.8,96,20.1,871.7,3.4,252,Ratnapark,27.7063,85.3152
2021-09-29T18:00,19.6,98,19.2,871.8,3.2,207,Ratnapark,27.7063,85.3152
2021-09-29T19:00,19.4,99,19.3,872.6,2.9,187,Ratnapark,27.7063,85.3152
2021-09-29T20:00,19.1,100,19.1,873.1,3.0,194,Ratnapark,27.7063,85.3152
2021-09-29T21:00,18.8,100,18.8,873.1,2.2,189,Ratnapark,27.7063,85.3152
2021-09-29T22:00,18.7,99,18.6,873.3,2.7,203,Ratnapark,27.7063,85.3152
2021-09-29T23:00,18.4,99,18.3,873.1,2.5,188,Ratnapark,27.7063,85.3152
2021-09-30T00:00,18.3,99,18.2,872.6,1.4,180,Ratnapark,27.7063,85.3152
2021-09-30T01:00,18.3,99,18.2,872.2,0.7,180,Ratnapark,27.7063,85.3152
2021-09-30T02:00,18.1,99,17.9,871.9,0.4,180,Ratnapark,27.7063,85.3152
2021-09-30T03:00,17.8,98,17.5,871.5,1.8,169,Ratnapark,27.7063,85.3152
2021-09-30T04:00,17.5,98,17.1,871.2,3.3,174,Ratnapark,27.7063,85.3152
2021-09-30T05:00,17.7,96,17.0,871.9,3.3,174,Ratnapark,27.7063,85.3152
2021-09-30T06:00,18.3,97,17.8,872.7,3.2,180,Ratnapark,27.7063,85.3152
2021-09-30T07:00,21.1,88,19.1,874.3,2.3,198,Ratnapark,27.7063,85.3152
2021-09-30T08:00,23.3,76,18.9,875.3,0.5,135,Ratnapark,27.7063,85.3152
2021-09-30T09:00,25.0,70,19.2,875.8,1.8,79,Ratnapark,27.7063,85.3152
2021-09-30T10:00,25.7,70,19.7,875.9,1.3,56,Ratnapark,27.7063,85.3152
2021-09-30T11:00,25.8,71,20.3,875.5,1.5,315,Ratnapark,27.7063,85.3152
2021-09-30T12:00,24.9,76,20.4,874.0,4.0,297,Ratnapark,27.7063,85.3152
2021-09-30T13:00,24.1,76,19.6,873.3,3.6,315,Ratnapark,27.7063,85.3152
2021-09-30T14:00,23.3,80,19.6,872.6,3.6,276,Ratnapark,27.7063,85.3152
2021-09-30T15:00,22.5,80,18.9,872.5,3.2,270,Ratnapark,27.7063,85.3152
2021-09-30T16:00,21.4,89,19.6,872.0,3.6,276,Ratnapark,27.7063,85.3152
2021-09-30T17:00,20.6,93,19.4,872.4,3.9,236,Ratnapark,27.7063,85.3152
2021-09-30T18:00,19.4,98,19.2,872.0,2.7,203,Ratnapark,27.7063,85.3152
2021-09-30T19:00,19.2,99,19.1,872.4,2.5,188,Ratnapark,27.7063,85.3152
2021-09-30T20:00,18.7,100,18.7,872.9,3.3,174,Ratnapark,27.7063,85.3152
2021-09-30T21:00,18.2,100,18.2,873.1,3.4,162,Ratnapark,27.7063,85.3152
2021-09-30T22:00,18.1,99,18.0,873.1,2.7,157,Ratnapark,27.7063,85.3152
2021-09-30T23:00,18.0,99,17.9,873.0,3.1,159,Ratnapark,27.7063,85.3152
2021-10-01T00:00,17.7,99,17.6,872.5,2.7,157,Ratnapark,27.7063,85.3152
2021-10-01T01:00,17.6,99,17.4,872.0,1.9,158,Ratnapark,27.7063,85.3152
2021-10-01T02:00,17.5,99,17.4,871.6,3.3,167,Ratnapark,27.7063,85.3152
2021-10-01T03:00,17.4,99,17.2,871.0,4.2,160,Ratnapark,27.7063,85.3152
2021-10-01T04:00,17.3,98,17.0,870.9,4.0,153,Ratnapark,27.7063,85.3152
2021-10-01T05:00,17.9,99,17.8,871.5,6.4,153,Ratnapark,27.7063,85.3152
2021-10-01T06:00,18.9,96,18.2,872.7,7.1,139,Ratnapark,27.7063,85.3152
2021-10-01T07:00,20.5,90,18.9,874.4,5.9,128,Ratnapark,27.7063,85.3152
2021-10-01T08:00,21.0,89,19.0,875.2,6.3,114,Ratnapark,27.7063,85.3152
2021-10-01T09:00,21.2,88,19.2,875.8,5.6,105,Ratnapark,27.7063,85.3152
2021-10-01T10:00,21.2,90,19.4,875.4,5.4,98,Ratnapark,27.7063,85.3152
2021-10-01T11:00,21.7,85,19.1,874.7,5.2,102,Ratnapark,27.7063,85.3152
2021-10-01T12:00,23.4,76,18.9,873.7,4.5,104,Ratnapark,27.7063,85.3152
2021-10-01T13:00,25.1,66,18.4,872.6,3.5,114,Ratnapark,27.7063,85.3152
2021-10-01T14:00,26.2,59,17.5,871.5,3.6,96,Ratnapark,27.7063,85.3152
2021-10-01T15:00,26.0,57,17.0,871.1,3.6,84,Ratnapark,27.7063,85.3152
2021-10-01T16:00,25.3,59,16.7,871.2,1.3,124,Ratnapark,27.7063,85.3152
2021-10-01T17:00,22.2,87,20.0,871.1,3.6,270,Ratnapark,27.7063,85.3152
2021-10-01T18:00,20.5,94,19.5,871.0,2.1,211,Ratnapark,27.7063,85.3152
2021-10-01T19:00,19.8,94,18.8,871.5,1.8,180,Ratnapark,27.7063,85.3152
2021-10-01T20:00,19.5,92,18.3,871.9,2.4,153,Ratnapark,27.7063,85.3152
2021-10-01T21:00,18.9,96,18.2,872.0,4.2,160,Ratnapark,27.7063,85.3152
2021-10-01T22:00,18.9,96,18.2,871.9,5.0,150,Ratnapark,27.7063,85.3152
2021-10-01T23:00,18.8,96,18.2,871.6,5.2,155,Ratnapark,27.7063,85.3152
2021-10-02T00:00,18.6,96,18.0,871.3,5.2,146,Ratnapark,27.7063,85.3152
2021-10-02T01:00,18.7,95,17.8,870.9,5.9,133,Ratnapark,27.7063,85.3152
2021-10-02T02:00,18.6,95,17.7,870.3,6.4,133,Ratnapark,27.7063,85.3152
2021-10-02T03:00,18.5,95,17.7,870.2,5.9,128,Ratnapark,27.7063,85.3152
2021-10-02T04:00,18.7,95,17.8,870.6,6.1,130,Ratnapark,27.7063,85.3152
2021-10-02T05:00,18.9,94,17.9,870.8,6.6,112,Ratnapark,27.7063,85.3152
2021-10-02T06:00,19.1,95,18.3,871.3,7.1,114,Ratnapark,27.7063,85.3152
2021-10-02T07:00,19.4,94,18.4,872.1,7.7,127,Ratnapark,27.7063,85.3152
2021-10-02T08:00,19.6,93,18.5,872.4,8.7,132,Ratnapark,27.7063,85.3152
2021-10-02T09:00,21.0,89,19.2,873.0,9.2,135,Ratnapark,27.7063,85.3152
2021-10-02T10:00,22.2,83,19.2,873.4,9.7,121,Ratnapark,27.7063,85.3152
2021-10-02T11:00,22.6,80,19.0,872.7,10.0,103,Ratnapark,27.7063,85.3152
2021-10-02T12:00,22.1,81,18.6,871.6,10.1,107,Ratnapark,27.7063,85.3152
2021-10-02T13:00,21.7,83,18.7,870.3,8.8,99,Ratnapark,27.7063,85.3152
2021-10-02T14:00,21.2,85,18.5,869.1,7.6,90,Ratnapark,27.7063,85.3152
2021-10-02T15:00,21.2,84,18.3,868.3,9.1,99,Ratnapark,27.7063,85.3152
2021-10-02T16:00,21.0,85,18.5,868.4,8.0,98,Ratnapark,27.7063,85.3152
2021-10-02T17:00,21.7,80,18.1,869.0,7.1,75,Ratnapark,27.7063,85.3152
2021-10-02T18:00,22.2,74,17.3,869.8,3.7,101,Ratnapark,27.7063,85.3152
2021-10-02T19:00,21.3,78,17.3,870.2,1.8,169,Ratnapark,27.7063,85.3152
2021-10-02T20:00,19.7,87,17.4,870.4,2.0,225,Ratnapark,27.7063,85.3152
2021-10-02T21:00,19.1,89,17.3,870.6,4.7,302,Ratnapark,27.7063,85.3152
2021-10-02T22:00,18.4,96,17.7,870.2,3.9,326,Ratnapark,27.7063,85.3152
2021-10-02T23:00,18.8,97,18.3,870.3,3.4,302,Ratnapark,27.7063,85.3152
2021-10-03T00:00,18.0,99,17.9,869.3,1.8,180,Ratnapark,27.7063,85.3152
2021-10-03T01:00,18.2,99,18.1,868.7,2.5,172,Ratnapark,27.7063,85.3152
2021-10-03T02:00,18.3,99,18.1,868.1,3.5,156,Ratnapark,27.7063,85.3152
2021-10-03T03:00,18.5,95,17.7,867.7,4.9,163,Ratnapark,27.7063,85.3152
2021-10-03T04:00,18.0,95,17.2,867.1,5.2,168,Ratnapark,27.7063,85.3152
2021-10-03T05:00,18.2,95,17.4,867.5,0.4,180,Ratnapark,27.7063,85.3152
2021-10-03T06:00,18.7,92,17.3,868.2,0.7,180,Ratnapark,27.7063,85.3152
2021-10-03T07:00,20.3,83,17.2,869.4,3.2,207,Ratnapark,27.7063,85.3152
2021-10-03T08:00,22.3,76,17.8,870.9,3.9,214,Ratnapark,27.7063,85.3152
2021-10-03T09:00,23.7,71,18.2,871.4,3.1,306,Ratnapark,27.7063,85.3152
2021-10-03T10:00,24.4,69,18.5,871.1,7.9,309,Ratnapark,27.7063,85.3152
2021-10-03T11:00,24.9,70,18.9,870.5,9.8,298,Ratnapark,27.7063,85.3152
2021-10-03T12:00,25.2,68,18.9,869.6,8.1,291,Ratnapark,27.7063,85.3152
2021-10-03T13:00,24.7,71,19.2,868.8,7.0,305,Ratnapark,27.7063,85.3152
2021-10-03T14:00,23.3,78,19.3,868.0,6.8,295,Ratnapark,27.7063,85.3152
2021-10-03T15:00,23.1,82,19.9,867.7,3.6,315,Ratnapark,27.7063,85.3152
2021-10-03T16:00,22.3,85,19.6,867.7,2.8,310,Ratnapark,27.7063,85.3152
2021-10-03T17:00,20.5,92,19.2,867.7,5.1,278,Ratnapark,27.7063,85.3152
2021-10-03T18:00,20.0,92,18.7,868.3,2.5,225,Ratnapark,27.7063,85.3152
2021-10-03T19:00,19.6,96,19.0,869.4,1.1,198,Ratnapark,27.7063,85.3152
2021-10-03T20:00,19.7,96,19.1,870.0,0.8,207,Ratnapark,27.7063,85.3152
2021-10-03T21:00,19.4,98,19.1,870.1,1.8,217,Ratnapark,27.7063,85.3152
2021-10-03T22:00,19.0,99,18.8,869.9,2.3,231,Ratnapark,27.7063,85.3152
2021-10-03T23:00,18.6,100,18.6,869.7,1.1,180,Ratnapark,27.7063,85.3152
2021-10-04T00:00,18.4,100,18.3,869.3,0.0,270,Ratnapark,27.7063,85.3152
2021-10-04T01:00,18.4,99,18.3,869.0,1.5,166,Ratnapark,27.7063,85.3152
2021-10-04T02:00,18.3,100,18.3,868.6,2.7,157,Ratnapark,27.7063,85.3152
2021-10-04T03:00,18.1,99,18.0,868.0,2.9,150,Ratnapark,27.7063,85.3152
2021-10-04T04:00,17.9,99,17.8,868.3,3.4,148,Ratnapark,27.7063,85.3152
2021-10-04T05:00,18.1,98,17.8,868.6,3.2,153,Ratnapark,27.7063,85.3152
2021-10-04T06:00,18.7,97,18.1,869.5,4.3,156,Ratnapark,27.7063,85.3152
2021-10-04T07:00,20.3,89,18.5,871.2,2.8,140,Ratnapark,27.7063,85.3152
2021-10-04T08:00,21.8,82,18.6,872.1,4.2,121,Ratnapark,27.7063,85.3152
2021-10-04T09:00,23.0,77,18.7,872.4,4.0,95,Ratnapark,27.7063,85.3152
2021-10-04T10:00,24.1,73,18.9,872.0,4.9,73,Ratnapark,27.7063,85.3152
2021-10-04T11:00,24.9,68,18.6,871.4,5.5,79,Ratnapark,27.7063,85.3152
2021-10-04T12:00,25.5,70,19.6,870.3,5.2,78,Ratnapark,27.7063,85.3152
2021-10-04T13:00,24.7,74,19.6,869.2,2.5,45,Ratnapark,27.7063,85.3152
2021-10-04T14:00,23.0,81,19.6,868.3,2.6,286,Ratnapark,27.7063,85.3152
2021-10-04T15:00,22.1,84,19.2,868.1,5.5,293,Ratnapark,27.7063,85.3152
2021-10-04T16:00,21.1,90,19.5,867.9,5.0,291,Ratnapark,27.7063,85.3152
2021-10-04T17:00,20.5,93,19.2,868.5,1.3,214,Ratnapark,27.7063,85.3152
2021-10-04T18:00,20.2,97,19.6,869.3,1.6,207,Ratnapark,27.7063,85.3152
2021-10-04T19:00,20.3,97,19.8,870.6,0.0,270,Ratnapark,27.7063,85.3152
2021-10-04T20:00,20.3,92,19.0,871.4,1.0,135,Ratnapark,27.7063,85.3152
2021-10-04T21:00,20.2,94,19.2,872.0,1.3,146,Ratnapark,27.7063,85.3152
2021-10-04T22:00,19.9,96,19.2,872.0,2.4,117,Ratnapark,27.7063,85.3152
2021-10-04T23:00,19.6,97,19.1,871.7,3.3,84,Ratnapark,27.7063,85.3152
2021-10-05T00:00,19.2,97,18.8,871.3,3.6,96,Ratnapark,27.7063,85.3152
2021-10-05T01:00,18.9,98,18.6,870.9,2.2,90,Ratnapark,27.7063,85.3152
2021-10-05T02:00,18.6,100,18.5,870.5,1.5,135,Ratnapark,27.7063,85.3152
2021-10-05T03:00,18.3,100,18.2,870.2,2.6,164,Ratnapark,27.7063,85.3152
2021-10-05T04:00,18.0,99,17.9,870.1,3.3,174,Ratnapark,27.7063,85.3152
2021-10-05T05:00,18.1,99,18.0,870.2,2.9,173,Ratnapark,27.7063,85.3152
2021-10-05T06:00,18.7,97,18.2,871.3,4.5,166,Ratnapark,27.7063,85.3152
2021-10-05T07:00,20.2,91,18.6,872.8,3.0,166,Ratnapark,27.7063,85.3152
2021-10-05T08:00,21.6,83,18.6,873.9,1.5,135,Ratnapark,27.7063,85.3152
2021-10-05T09:00,22.7,76,18.4,874.6,0.8,333,Ratnapark,27.7063,85.3152
2021-10-05T10:00,23.2,75,18.6,874.6,2.9,330,Ratnapark,27.7063,85.3152
2021-10-05T11:00,24.1,77,19.8,874.3,4.7,328,Ratnapark,27.7063,85.3152
2021-10-05T12:00,23.8,77,19.5,873.2,5.9,317,Ratnapark,27.7063,85.3152
2021-10-05T13:00,23.5,81,20.0,871.9,7.4,321,Ratnapark,27.7063,85.3152
2021-10-05T14:00,23.4,81,20.1,871.4,8.5,324,Ratnapark,27.7063,85.3152
2021-10-05T15:00,22.9,82,19.6,870.5,9.2,329,Ratnapark,27.7063,85.3152
2021-10-05T16:00,22.0,85,19.5,870.4,7.2,333,Ratnapark,27.7063,85.3152
2021-10-05T17:00,21.2,91,19.7,870.9,5.4,270,Ratnapark,27.7063,85.3152
2021-10-05T18:00,20.4,93,19.1,871.2,3.1,216,Ratnapark,27.7063,85.3152
2021-10-05T19:00,19.9,95,19.2,871.9,2.5,180,Ratnapark,27.7063,85.3152
2021-10-05T20:00,19.9,96,19.3,872.6,2.2,171,Ratnapark,27.7063,85.3152
2021-10-05T21:00,19.5,98,19.1,873.0,2.4,153,Ratnapark,27.7063,85.3152
2021-10-05T22:00,19.6,97,19.1,873.4,0.4,180,Ratnapark,27.7063,85.3152
2021-10-05T23:00,19.0,99,18.9,873.0,1.1,180,Ratnapark,27.7063,85.3152
2021-10-06T00:00,19.0,99,18.9,872.6,0.7,180,Ratnapark,27.7063,85.3152
2021-10-06T01:00,18.9,99,18.7,871.8,1.1,180,Ratnapark,27.7063,85.3152
2021-10-06T02:00,18.8,99,18.6,871.3,1.8,169,Ratnapark,27.7063,85.3152
2021-10-06T03:00,18.6,99,18.4,871.1,1.5,166,Ratnapark,27.7063,85.3152
2021-10-06T04:00,18.3,99,18.1,871.3,1.1,162,Ratnapark,27.7063,85.3152
2021-10-06T05:00,19.5,99,19.4,871.8,1.1,198,Ratnapark,27.7063,85.3152
2021-10-06T06:00,19.8,97,19.3,872.4,1.8,270,Ratnapark,27.7063,85.3152
2021-10-06T07:00,20.3,96,19.6,873.4,1.9,338,Ratnapark,27.7063,85.3152
2021-10-06T08:00,21.1,90,19.4,873.8,1.8,349,Ratnapark,27.7063,85.3152
2021-10-06T09:00,22.0,83,18.9,873.9,1.5,315,Ratnapark,27.7063,85.3152
2021-10-06T10:00,22.8,78,18.7,873.7,1.3,304,Ratnapark,27.7063,85.3152
2021-10-06T11:00,23.4,74,18.5,873.3,2.4,297,Ratnapark,27.7063,85.3152
2021-10-06T12:00,23.8,72,18.4,872.3,3.3,311,Ratnapark,27.7063,85.3152
2021-10-06T13:00,23.6,76,19.0,871.3,4.6,321,Ratnapark,27.7063,85.3152
2021-10-06T14:00,23.0,79,19.1,870.6,5.9,349,Ratnapark,27.7063,85.3152
2021-10-06T15:00,22.3,83,19.2,870.1,7.0,348,Ratnapark,27.7063,85.3152
2021-10-06T16:00,21.7,87,19.4,869.7,6.1,357,Ratnapark,27.7063,85.3152
2021-10-06T17:00,20.8,93,19.5,869.7,4.1,308,Ratnapark,27.7063,85.3152
2021-10-06T18:00,20.2,95,19.4,869.7,2.4,297,Ratnapark,27.7063,85.3152
2021-10-06T19:00,19.7,98,19.4,870.1,2.7,247,Ratnapark,27.7063,85.3152
2021-10-06T20:00,19.1,99,19.0,870.2,3.1,216,Ratnapark,27.7063,85.3152
2021-10-06T21:00,18.9,99,18.8,870.4,3.2,207,Ratnapark,27.7063,85.3152
2021-10-06T22:00,18.7,99,18.6,870.4,2.2,189,Ratnapark,27.7063,85.3152
2021-10-06T23:00,18.6,100,18.6,870.2,1.1,162,Ratnapark,27.7063,85.3152
2021-10-07T00:00,18.6,100,18.6,870.0,1.1,162,Ratnapark,27.7063,85.3152
2021-10-07T01:00,18.2,100,18.1,869.5,1.4,180,Ratnapark,27.7063,85.3152
2021-10-07T02:00,17.9,100,17.9,869.0,1.4,180,Ratnapark,27.7063,85.3152
2021-10-07T03:00,18.0,100,18.0,869.1,1.4,180,Ratnapark,27.7063,85.3152
2021-10-07T04:00,18.0,100,18.0,869.3,1.4,180,Ratnapark,27.7063,85.3152
2021-10-07T05:00,17.9,100,17.8,869.6,2.2,180,Ratnapark,27.7063,85.3152
2021-10-07T06:00,18.6,98,18.2,870.6,2.5,180,Ratnapark,27.7063,85.3152
2021-10-07T07:00,20.2,93,19.0,871.8,2.1,121,Ratnapark,27.7063,85.3152
2021-10-07T08:00,21.9,82,18.7,872.7,1.1,72,Ratnapark,27.7063,85.3152
2021-10-07T09:00,23.2,73,18.2,873.0,1.0,315,Ratnapark,27.7063,85.3152
2021-10-07T10:00,24.4,67,17.9,872.8,3.3,311,Ratnapark,27.7063,85.3152
2021-10-07T11:00,24.8,66,17.9,872.2,5.2,295,Ratnapark,27.7063,85.3152
2021-10-07T12:00,24.2,71,18.5,871.3,7.1,294,Ratnapark,27.7063,85.3152
2021-10-07T13:00,23.2,79,19.3,870.3,8.2,299,Ratnapark,27.7063,85.3152
2021-10-07T14:00,22.9,81,19.5,869.6,7.9,300,Ratnapark,27.7063,85.3152
2021-10-07T15:00,22.5,84,19.6,869.0,7.8,304,Ratnapark,27.7063,85.3152
2021-10-07T16:00,21.8,87,19.5,868.5,6.9,309,Ratnapark,27.7063,85.3152
2021-10-07T17:00,20.6,97,20.0,868.5,4.5,284,Ratnapark,27.7063,85.3152
2021-10-07T18:00,19.6,99,19.4,868.2,3.1,234,Ratnapark,27.7063,85.3152
2021-10-07T19:00,19.2,100,19.1,868.7,2.9,210,Ratnapark,27.7063,85.3152
2021-10-07T20:00,18.9,99,18.8,868.9,3.0,194,Ratnapark,27.7063,85.3152
2021-10-07T21:00,18.8,99,18.6,869.0,1.8,180,Ratnapark,27.7063,85.3152
2021-10-07T22:00,18.7,98,18.5,868.8,1.9,158,Ratnapark,27.7063,85.3152
2021-10-07T23:00,18.3,99,18.2,868.5,2.7,157,Ratnapark,27.7063,85.3152
2021-10-08T00:00,17.9,99,17.7,868.1,2.6,164,Ratnapark,27.7063,85.3152
2021-10-08T01:00,18.0,98,17.6,868.0,2.5,172,Ratnapark,27.7063,85.3152
2021-10-08T02:00,17.8,98,17.4,867.8,1.5,166,Ratnapark,27.7063,85.3152
2021-10-08T03:00,17.6,98,17.3,867.9,1.8,169,Ratnapark,27.7063,85.3152
2021-10-08T04:00,17.4,98,17.1,867.9,1.8,191,Ratnapark,27.7063,85.3152
2021-10-08T05:00,17.8,99,17.7,868.6,2.6,196,Ratnapark,27.7063,85.3152
2021-10-08T06:00,18.8,98,18.4,869.7,1.1,180,Ratnapark,27.7063,85.3152
2021-10-08T07:00,20.3,92,19.0,870.9,0.8,297,Ratnapark,27.7063,85.3152
2021-10-08T08:00,21.5,90,19.7,871.5,2.8,320,Ratnapark,27.7063,85.3152
2021-10-08T09:00,22.7,80,19.1,871.9,4.1,322,Ratnapark,27.7063,85.3152
2021-10-08T10:00,23.8,74,18.8,871.8,5.6,320,Ratnapark,27.7063,85.3152
2021-10-08T11:00,24.3,72,18.9,871.4,7.1,319,Ratnapark,27.7063,85.3152
2021-10-08T12:00,24.3,72,19.0,870.4,7.9,309,Ratnapark,27.7063,85.3152
2021-10-08T13:00,24.4,72,19.0,869.7,9.0,307,Ratnapark,27.7063,85.3152
2021-10-08T14:00,23.5,77,19.2,869.0,8.1,291,Ratnapark,27.7063,85.3152
2021-10-08T15:00,23.1,78,19.0,868.6,8.4,295,Ratnapark,27.7063,85.3152
2021-10-08T16:00,22.1,82,18.9,868.2,9.0,307,Ratnapark,27.7063,85.3152
2021-10-08T17:00,20.9,90,19.2,868.4,3.9,304,Ratnapark,27.7063,85.3152
2021-10-08T18:00,20.0,93,18.9,868.2,4.6,288,Ratnapark,27.7063,85.3152
2021-10-08T19:00,20.0,93,18.9,868.7,2.6,196,Ratnapark,27.7063,85.3152
2021-10-08T20:00,18.8,98,18.5,868.4,2.5,188,Ratnapark,27.7063,85.3152
2021-10-08T21:00,18.6,99,18.4,868.6,2.2,180,Ratnapark,27.7063,85.3152
2021-10-08T22:00,18.5,99,18.4,868.8,1.8,180,Ratnapark,27.7063,85.3152
2021-10-08T23:00,18.4,99,18.2,869.0,1.4,180,Ratnapark,27.7063,85.3152
2021-10-09T00:00,18.3,99,18.2,868.8,1.4,180,Ratnapark,27.7063,85.3152
2021-10-09T01:00,18.2,100,18.2,868.6,1.8,169,Ratnapark,27.7063,85.3152
2021-10-09T02:00,17.8,100,17.8,868.1,1.8,169,Ratnapark,27.7063,85.3152
2021-10-09T03:00,17.8,99,17.7,868.2,1.5,166,Ratnapark,27.7063,85.3152
2021-10-09T04:00,17.9,99,17.8,868.2,1.8,169,Ratnapark,27.7063,85.3152
2021-10-09T05:00,18.0,100,17.9,868.7,2.2,180,Ratnapark,27.7063,85.3152
2021-10-09T06:00,18.6,98,18.4,869.6,1.6,207,Ratnapark,27.7063,85.3152
2021-10-09T07:00,20.2,94,19.2,870.8,1.8,323,Ratnapark,27.7063,85.3152
2021-10-09T08:00,21.7,83,18.8,871.5,1.8,11,Ratnapark,27.7063,85.3152
2021-10-09T09:00,23.2,76,18.8,872.1,1.5,14,Ratnapark,27.7063,85.3152
2021-10-09T10:00,24.4,70,18.6,872.0,2.3,342,Ratnapark,27.7063,85.3152
2021-10-09T11:00,25.1,66,18.4,871.6,4.6,315,Ratnapark,27.7063,85.3152
2021-10-09T12:00,24.8,67,18.3,871.0,6.5,267,Ratnapark,27.7063,85.3152
2021-10-09T13:00,23.7,70,17.9,870.3,5.9,284,Ratnapark,27.7063,85.3152
2021-10-09T14:00,22.9,79,19.0,869.5,6.0,287,Ratnapark,27.7063,85.3152
2021-10-09T15:00,22.1,84,19.3,869.3,6.0,303,Ratnapark,27.7063,85.3152
2021-10-09T16:00,21.3,89,19.4,869.0,4.3,294,Ratnapark,27.7063,85.3152
2021-10-09T17:00,20.4,95,19.7,869.0,5.4,290,Ratnapark,27.7063,85.3152
2021-10-09T18:00,19.7,99,19.5,869.0,3.2,270,Ratnapark,27.7063,85.3152
2021-10-09T19:00,19.1,99,19.0,869.1,4.4,235,Ratnapark,27.7063,85.3152
2021-10-09T20:00,18.8,99,18.7,869.4,3.1,201,Ratnapark,27.7063,85.3152
2021-10-09T21:00,18.4,100,18.4,869.5,2.5,188,Ratnapark,27.7063,85.3152
2021-10-09T22:00,18.4,100,18.4,869.8,1.5,166,Ratnapark,27.7063,85.3152
2021-10-09T23:00,18.9,99,18.8,869.7,1.8,169,Ratnapark,27.7063,85.3152
2021-10-10T00:00,18.8,99,18.7,869.8,2.3,162,Ratnapark,27.7063,85.3152
2021-10-10T01:00,18.5,100,18.5,869.7,2.2,171,Ratnapark,27.7063,85.3152
2021-10-10T02:00,18.3,100,18.3,869.4,2.2,189,Ratnapark,27.7063,85.3152
2021-10-10T03:00,18.3,100,18.2,869.4,1.4,180,Ratnapark,27.7063,85.3152
2021-10-10T04:00,18.1,100,18.1,869.5,0.7,180,Ratnapark,27.7063,85.3152
2021-10-10T05:00,17.9,99,17.8,869.7,1.4,180,Ratnapark,27.7063,85.3152
2021-10-10T06:00,18.9,98,18.5,870.8,2.7,157,Ratnapark,27.7063,85.3152
2021-10-10T07:00,19.7,95,18.9,871.6,3.7,119,Ratnapark,27.7063,85.3152
2021-10-10T08:00,21.4,84,18.6,872.6,3.4,108,Ratnapark,27.7063,85.3152
2021-10-10T09:00,23.1,75,18.3,873.2,3.1,111,Ratnapark,27.7063,85.3152
2021-10-10T10:00,24.4,66,17.7,873.1,2.2,99,Ratnapark,27.7063,85.3152
2021-10-10T11:00,25.2,63,17.5,872.7,0.0,270,Ratnapark,27.7063,85.3152
2021-10-10T12:00,24.5,64,17.4,871.9,3.7,259,Ratnapark,27.7063,85.3152
2021-10-10T13:00,24.1,67,17.6,871.1,5.1,315,Ratnapark,27.7063,85.3152
2021-10-10T14:00,23.2,74,18.4,870.5,7.1,315,Ratnapark,27.7063,85.3152
2021-10-10T15:00,23.1,78,19.1,869.8,8.7,322,Ratnapark,27.7063,85.3152
2021-10-10T16:00,21.7,87,19.3,869.7,8.9,317,Ratnapark,27.7063,85.3152
2021-10-10T17:00,20.8,93,19.6,869.9,5.9,313,Ratnapark,27.7063,85.3152
2021-10-10T18:00,20.0,98,19.7,869.8,2.2,279,Ratnapark,27.7063,85.3152
2021-10-10T19:00,19.4,100,19.3,869.9,2.3,198,Ratnapark,27.7063,85.3152
2021-10-10T20:00,19.0,99,18.9,870.0,1.8,169,Ratnapark,27.7063,85.3152
2021-10-10T21:00,18.5,100,18.5,869.9,1.8,169,Ratnapark,27.7063,85.3152
2021-10-10T22:00,18.2,100,18.2,870.1,1.1,162,Ratnapark,27.7063,85.3152
2021-10-10T23:00,18.1,100,18.1,870.0,1.5,166,Ratnapark,27.7063,85.3152
2021-10-11T00:00,18.1,99,18.0,869.7,1.8,169,Ratnapark,27.7063,85.3152
2021-10-11T01:00,17.7,99,17.5,869.4,1.5,166,Ratnapark,27.7063,85.3152
2021-10-11T02:00,17.5,99,17.3,868.9,2.3,162,Ratnapark,27.7063,85.3152
2021-10-11T03:00,17.4,99,17.2,868.7,3.4,162,Ratnapark,27.7063,85.3152
2021-10-11T04:00,17.1,99,16.9,868.6,4.1,165,Ratnapark,27.7063,85.3152
2021-10-11T05:00,17.1,99,16.9,868.9,4.7,157,Ratnapark,27.7063,85.3152
2021-10-11T06:00,17.9,98,17.6,869.8,6.0,155,Ratnapark,27.7063,85.3152
2021-10-11T07:00,21.0,90,19.3,871.8,4.3,138,Ratnapark,27.7063,85.3152
2021-10-11T08:00,23.1,76,18.6,872.8,4.1,105,Ratnapark,27.7063,85.3152
2021-10-11T09:00,24.7,68,18.4,872.9,4.4,125,Ratnapark,27.7063,85.3152
2021-10-11T10:00,26.0,60,17.6,872.8,3.6,143,Ratnapark,27.7063,85.3152
2021-10-11T11:00,26.5,56,17.0,872.4,2.3,162,Ratnapark,27.7063,85.3152
2021-10-11T12:00,25.8,58,16.9,871.7,3.3,264,Ratnapark,27.7063,85.3152
2021-10-11T13:00,25.0,64,17.7,870.9,6.6,279,Ratnapark,27.7063,85.3152
2021-10-11T14:00,24.4,71,18.7,870.1,5.9,308,Ratnapark,27.7063,85.3152
2021-10-11T15:00,22.7,81,19.3,869.8,7.7,307,Ratnapark,27.7063,85.3152
2021-10-11T16:00,21.8,89,19.9,869.7,4.3,312,Ratnapark,27.7063,85.3152
2021-10-11T17:00,20.9,94,19.9,869.0,6.5,326,Ratnapark,27.7063,85.3152
2021-10-11T18:00,20.8,92,19.5,869.2,2.5,180,Ratnapark,27.7063,85.3152
2021-10-11T19:00,19.0,97,18.5,869.2,2.2,189,Ratnapark,27.7063,85.3152
2021-10-11T20:00,18.5,98,18.1,869.4,2.2,180,Ratnapark,27.7063,85.3152
2021-10-11T21:00,18.4,97,18.0,869.7,1.8,169,Ratnapark,27.7063,85.3152
2021-10-11T22:00,18.3,97,17.7,869.8,2.2,180,Ratnapark,27.7063,85.3152
2021-10-11T23:00,17.9,98,17.5,869.5,1.5,166,Ratnapark,27.7063,85.3152
2021-10-12T00:00,17.7,98,17.4,869.5,0.4,180,Ratnapark,27.7063,85.3152
2021-10-12T01:00,17.5,98,17.3,869.0,1.5,166,Ratnapark,27.7063,85.3152
2021-10-12T02:00,17.2,98,16.9,868.7,1.5,166,Ratnapark,27.7063,85.3152
2021-10-12T03:00,16.9,98,16.6,868.6,2.6,164,Ratnapark,27.7063,85.3152
2021-10-12T04:00,16.5,99,16.3,868.3,3.1,159,Ratnapark,27.7063,85.3152
2021-10-12T05:00,16.7,100,16.7,868.3,4.3,156,Ratnapark,27.7063,85.3152
2021-10-12T06:00,17.4,98,17.1,869.0,6.0,155,Ratnapark,27.7063,85.3152
2021-10-12T07:00,21.2,91,19.6,871.2,5.4,138,Ratnapark,27.7063,85.3152
2021-10-12T08:00,23.6,78,19.5,872.5,4.7,113,Ratnapark,27.7063,85.3152
2021-10-12T09:00,25.6,66,18.8,873.1,4.4,99,Ratnapark,27.7063,85.3152
2021-10-12T10:00,27.1,56,17.6,873.3,3.3,96,Ratnapark,27.7063,85.3152
2021-10-12T11:00,27.7,51,16.5,873.0,2.7,113,Ratnapark,27.7063,85.3152
2021-10-12T12:00,27.5,50,16.1,872.0,1.4,180,Ratnapark,27.7063,85.3152
2021-10-12T13:00,27.0,52,16.3,871.3,3.1,249,Ratnapark,27.7063,85.3152
2021-10-12T14:00,26.3,58,17.3,870.6,3.8,287,Ratnapark,27.7063,85.3152
2021-10-12T15:00,25.0,71,19.3,870.1,7.0,305,Ratnapark,27.7063,85.3152
2021-10-12T16:00,23.8,84,20.8,870.0,5.9,308,Ratnapark,27.7063,85.3152
2021-10-12T17:00,22.7,85,20.1,869.8,4.9,324,Ratnapark,27.7063,85.3152
2021-10-12T18:00,20.3,94,19.3,869.1,1.9,202,Ratnapark,27.7063,85.3152
2021-10-12T19:00,19.4,95,18.6,869.4,2.4,207,Ratnapark,27.7063,85.3152
2021-10-12T20:00,18.9,95,18.1,869.6,2.6,196,Ratnapark,27.7063,85.3152
2021-10-12T21:00,18.5,95,17.7,869.8,1.8,180,Ratnapark,27.7063,85.3152
2021-10-12T22:00,18.3,96,17.7,869.7,1.1,180,Ratnapark,27.7063,85.3152
2021-10-12T23:00,18.1,97,17.6,869.5,1.4,180,Ratnapark,27.7063,85.3152
2021-10-13T00:00,17.8,97,17.3,869.1,1.1,180,Ratnapark,27.7063,85.3152
2021-10-13T01:00,17.4,97,16.9,868.3,0.7,180,Ratnapark,27.7063,85.3152
2021-10-13T02:00,17.4,95,16.6,868.1,1.8,169,Ratnapark,27.7063,85.3152
2021-10-13T03:00,17.3,94,16.2,867.9,2.3,162,Ratnapark,27.7063,85.3152
2021-10-13T04:00,17.1,93,15.9,868.0,3.1,159,Ratnapark,27.7063,85.3152
2021-10-13T05:00,17.0,95,16.2,868.6,5.0,150,Ratnapark,27.7063,85.3152
2021-10-13T06:00,17.6,95,16.8,869.3,6.6,151,Ratnapark,27.7063,85.3152
2021-10-13T07:00,21.3,88,19.2,871.7,6.1,130,Ratnapark,27.7063,85.3152
2021-10-13T08:00,24.1,76,19.6,873.2,5.2,102,Ratnapark,27.7063,85.3152
2021-10-13T09:00,26.1,63,18.5,873.5,5.2,102,Ratnapark,27.7063,85.3152
2021-10-13T10:00,27.4,53,17.1,873.5,4.8,103,Ratnapark,27.7063,85.3152
2021-10-13T11:00,28.2,47,15.9,872.9,4.1,105,Ratnapark,27.7063,85.3152
2021-10-13T12:00,28.5,44,14.9,872.2,2.6,146,Ratnapark,27.7063,85.3152
2021-10-13T13:00,28.3,43,14.6,871.3,1.3,214,Ratnapark,27.7063,85.3152
2021-10-13T14:00,27.8,46,15.1,870.3,4.0,270,Ratnapark,27.7063,85.3152
2021-10-13T15:00,26.5,57,17.3,869.6,7.0,291,Ratnapark,27.7063,85.3152
2021-10-13T16:00,24.7,74,19.7,869.3,5.8,292,Ratnapark,27.7063,85.3152
2021-10-13T17:00,23.2,80,19.5,869.2,5.2,282,Ratnapark,27.7063,85.3152
2021-10-13T18:00,21.0,88,18.8,868.7,1.9,202,Ratnapark,27.7063,85.3152
2021-10-13T19:00,19.5,91,17.9,868.8,1.8,191,Ratnapark,27.7063,85.3152
2021-10-13T20:00,19.2,88,17.2,869.3,1.8,180,Ratnapark,27.7063,85.3152
2021-10-13T21:00,18.8,88,16.7,869.5,2.5,180,Ratnapark,27.7063,85.3152
2021-10-13T22:00,18.3,90,16.6,869.5,1.4,180,Ratnapark,27.7063,85.3152
2021-10-13T23:00,18.0,91,16.5,869.5,1.1,180,Ratnapark,27.7063,85.3152
2021-10-14T00:00,17.8,92,16.4,869.3,1.1,180,Ratnapark,27.7063,85.3152
2021-10-14T01:00,18.1,90,16.5,869.2,0.7,180,Ratnapark,27.7063,85.3152
2021-10-14T02:00,18.8,87,16.7,869.0,1.1,198,Ratnapark,27.7063,85.3152
2021-10-14T03:00,17.8,90,16.1,868.2,3.0,194,Ratnapark,27.7063,85.3152
2021-10-14T04:00,16.9,92,15.6,867.7,2.9,180,Ratnapark,27.7063,85.3152
2021-10-14T05:00,16.9,91,15.4,868.3,2.2,171,Ratnapark,27.7063,85.3152
2021-10-14T06:00,18.4,87,16.2,869.4,3.1,159,Ratnapark,27.7063,85.3152
2021-10-14T07:00,21.5,83,18.5,871.2,5.7,145,Ratnapark,27.7063,85.3152
2021-10-14T08:00,24.4,63,16.9,873.0,4.9,107,Ratnapark,27.7063,85.3152
2021-10-14T09:00,26.2,56,16.8,873.5,4.8,103,Ratnapark,27.7063,85.3152
2021-10-14T10:00,27.6,52,16.8,873.5,2.5,90,Ratnapark,27.7063,85.3152
2021-10-14T11:00,28.4,47,16.1,872.9,1.3,326,Ratnapark,27.7063,85.3152
2021-10-14T12:00,28.6,45,15.4,872.1,2.3,309,Ratnapark,27.7063,85.3152
2021-10-14T13:00,28.3,46,15.5,871.2,6.0,303,Ratnapark,27.7063,85.3152
2021-10-14T14:00,27.1,56,17.7,870.5,8.6,303,Ratnapark,27.7063,85.3152
2021-10-14T15:00,25.9,66,19.0,870.1,8.9,302,Ratnapark,27.7063,85.3152
2021-10-14T16:00,24.5,74,19.5,869.7,5.9,313,Ratnapark,27.7063,85.3152
2021-10-14T17:00,23.0,76,18.6,869.5,5.4,312,Ratnapark,27.7063,85.3152
2021-10-14T18:00,20.9,85,18.3,869.2,3.1,201,Ratnapark,27.7063,85.3152
2021-10-14T19:00,19.8,90,18.0,869.7,2.5,188,Ratnapark,27.7063,85.3152
2021-10-14T20:00,19.3,90,17.7,869.8,3.3,193,Ratnapark,27.7063,85.3152
2021-10-14T21:00,18.7,91,17.2,869.5,3.7,191,Ratnapark,27.7063,85.3152
2021-10-14T22:00,18.1,91,16.6,869.0,2.9,180,Ratnapark,27.7063,85.3152
2021-10-14T23:00,17.8,90,16.0,868.4,1.8,180,Ratnapark,27.7063,85.3152
2021-10-15T00:00,17.8,88,15.7,868.1,2.5,172,Ratnapark,27.7063,85.3152
2021-10-15T01:00,17.5,87,15.4,867.7,2.9,173,Ratnapark,27.7063,85.3152
2021-10-15T02:00,17.3,87,15.1,867.6,2.6,164,Ratnapark,27.7063,85.3152
2021-10-15T03:00,17.2,86,14.9,867.6,2.6,164,Ratnapark,27.7063,85.3152
2021-10-15T04:00,17.2,86,14.9,867.6,2.5,172,Ratnapark,27.7063,85.3152
2021-10-15T05:00,17.3,89,15.5,867.4,2.6,164,Ratnapark,27.7063,85.3152
2021-10-15T06:00,18.2,88,16.1,868.3,4.2,160,Ratnapark,27.7063,85.3152
2021-10-15T07:00,21.7,84,18.9,870.5,4.9,144,Ratnapark,27.7063,85.3152
2021-10-15T08:00,24.5,69,18.6,872.3,4.0,90,Ratnapark,27.7063,85.3152
2021-10-15T09:00,26.1,61,18.0,872.6,4.1,75,Ratnapark,27.7063,85.3152
2021-10-15T10:00,27.4,53,17.1,872.5,2.6,74,Ratnapark,27.7063,85.3152
2021-10-15T11:00,28.2,49,16.6,872.0,0.8,117,Ratnapark,27.7063,85.3152
2021-10-15T12:00,28.3,47,15.9,871.2,1.4,270,Ratnapark,27.7063,85.3152
2021-10-15T13:00,27.7,49,16.0,870.1,4.8,257,Ratnapark,27.7063,85.3152
2021-10-15T14:00,27.3,52,16.7,869.5,4.7,274,Ratnapark,27.7063,85.3152
2021-10-15T15:00,26.4,59,17.7,868.9,6.1,298,Ratnapark,27.7063,85.3152
2021-10-15T16:00,25.0,70,19.1,868.5,4.4,305,Ratnapark,27.7063,85.3152
2021-10-15T17:00,23.7,70,18.0,868.9,4.9,253,Ratnapark,27.7063,85.3152
2021-10-15T18:00,21.3,81,18.0,868.6,3.0,194,Ratnapark,27.7063,85.3152
2021-10-15T19:00,20.3,83,17.4,869.0,2.2,189,Ratnapark,27.7063,85.3152
2021-10-15T20:00,19.8,85,17.2,869.1,2.2,189,Ratnapark,27.7063,85.3152
2021-10-15T21:00,19.4,85,16.8,869.3,3.3,186,Ratnapark,27.7063,85.3152
2021-10-15T22:00,19.0,86,16.6,869.2,2.5,180,Ratnapark,27.7063,85.3152
2021-10-15T23:00,18.4,88,16.5,868.8,1.5,166,Ratnapark,27.7063,85.3152
2021-10-16T00:00,18.5,87,16.3,868.6,2.3,162,Ratnapark,27.7063,85.3152
2021-10-16T01:00,18.6,85,16.0,868.6,3.1,159,Ratnapark,27.7063,85.3152
2021-10-16T02:00,18.4,85,15.8,868.2,3.5,156,Ratnapark,27.7063,85.3152
2021-10-16T03:00,18.3,85,15.7,868.4,4.7,148,Ratnapark,27.7063,85.3152
2021-10-16T04:00,18.0,87,15.8,868.6,4.4,145,Ratnapark,27.7063,85.3152
2021-10-16T05:00,17.5,93,16.3,868.8,5.2,155,Ratnapark,27.7063,85.3152
2021-10-16T06:00,18.3,92,16.9,870.0,6.6,158,Ratnapark,27.7063,85.3152
2021-10-16T07:00,22.1,84,19.2,872.3,5.1,135,Ratnapark,27.7063,85.3152
2021-10-16T08:00,24.4,73,19.2,873.9,4.0,85,Ratnapark,27.7063,85.3152
2021-10-16T09:00,25.3,70,19.4,874.1,4.0,153,Ratnapark,27.7063,85.3152
2021-10-16T10:00,24.7,70,18.9,873.8,7.7,221,Ratnapark,27.7063,85.3152
2021-10-16T11:00,25.7,68,19.2,873.2,4.8,297,Ratnapark,27.7063,85.3152
2021-10-16T12:00,25.8,68,19.4,872.3,7.3,290,Ratnapark,27.7063,85.3152
2021-10-16T13:00,25.5,68,19.1,871.4,8.2,299,Ratnapark,27.7063,85.3152
2021-10-16T14:00,24.3,73,19.2,870.5,2.9,300,Ratnapark,27.7063,85.3152
2021-10-16T15:00,23.8,77,19.4,870.0,4.7,356,Ratnapark,27.7063,85.3152
2021-10-16T16:00,23.5,79,19.6,869.7,3.1,324,Ratnapark,27.7063,85.3152
2021-10-16T17:00,22.7,79,19.0,870.2,1.4,180,Ratnapark,27.7063,85.3152
2021-10-16T18:00,20.4,92,19.0,870.2,1.8,169,Ratnapark,27.7063,85.3152
2021-10-16T19:00,20.0,93,18.8,871.2,2.6,164,Ratnapark,27.7063,85.3152
2021-10-16T20:00,19.4,95,18.5,871.5,2.5,180,Ratnapark,27.7063,85.3152
2021-10-16T21:00,18.9,95,18.1,871.5,1.8,169,Ratnapark,27.7063,85.3152
2021-10-16T22:00,18.6,94,17.5,871.6,1.8,169,Ratnapark,27.7063,85.3152
2021-10-16T23:00,18.3,92,17.0,871.5,1.8,169,Ratnapark,27.7063,85.3152
2021-10-17T00:00,18.2,91,16.7,870.8,1.8,169,Ratnapark,27.7063,85.3152
2021-10-17T01:00,18.2,91,16.7,870.2,2.2,180,Ratnapark,27.7063,85.3152
2021-10-17T02:00,17.9,92,16.6,869.3,2.2,180,Ratnapark,27.7063,85.3152
2021-10-17T03:00,17.2,94,16.3,868.7,2.2,180,Ratnapark,27.7063,85.3152
2021-10-17T04:00,16.9,95,16.1,868.9,3.6,174,Ratnapark,27.7063,85.3152
2021-10-17T05:00,17.6,96,16.9,870.6,2.3,162,Ratnapark,27.7063,85.3152
2021-10-17T06:00,18.0,94,17.1,871.2,4.4,171,Ratnapark,27.7063,85.3152
2021-10-17T07:00,21.3,91,19.7,872.9,4.0,170,Ratnapark,27.7063,85.3152
2021-10-17T08:00,23.6,73,18.5,874.5,3.3,96,Ratnapark,27.7063,85.3152
2021-10-17T09:00,24.9,67,18.2,875.0,1.0,135,Ratnapark,27.7063,85.3152
2021-10-17T10:00,26.1,61,18.1,875.0,2.3,321,Ratnapark,27.7063,85.3152
2021-10-17T11:00,24.9,69,18.9,874.0,6.3,329,Ratnapark,27.7063,85.3152
2021-10-17T12:00,24.7,70,18.9,872.5,4.4,261,Ratnapark,27.7063,85.3152
2021-10-17T13:00,23.5,76,19.1,871.4,3.1,234,Ratnapark,27.7063,85.3152
2021-10-17T14:00,23.7,76,19.3,870.8,0.0,270,Ratnapark,27.7063,85.3152
2021-10-17T15:00,22.6,77,18.4,870.6,3.7,331,Ratnapark,27.7063,85.3152
2021-10-17T16:00,21.8,86,19.4,871.0,5.8,330,Ratnapark,27.7063,85.3152
2021-10-17T17:00,20.6,93,19.5,870.6,1.8,259,Ratnapark,27.7063,85.3152
2021-10-17T18:00,20.0,95,19.3,871.2,2.5,180,Ratnapark,27.7063,85.3152
2021-10-17T19:00,20.0,98,19.6,872.1,2.4,153,Ratnapark,27.7063,85.3152
2021-10-17T20:00,19.6,98,19.2,872.6,3.3,167,Ratnapark,27.7063,85.3152
2021-10-17T21:00,19.5,98,19.2,872.8,2.6,124,Ratnapark,27.7063,85.3152
2021-10-17T22:00,19.4,99,19.2,872.8,2.9,150,Ratnapark,27.7063,85.3152
2021-10-17T23:00,19.4,99,19.2,872.5,3.3,96,Ratnapark,27.7063,85.3152
2021-10-18T00:00,19.2,100,19.2,872.3,3.5,114,Ratnapark,27.7063,85.3152
2021-10-18T01:00,19.0,100,18.9,871.8,4.7,94,Ratnapark,27.7063,85.3152
2021-10-18T02:00,18.7,99,18.5,870.9,4.4,125,Ratnapark,27.7063,85.3152
2021-10-18T03:00,18.2,98,17.9,870.0,3.5,156,Ratnapark,27.7063,85.3152
2021-10-18T04:00,17.6,100,17.6,869.8,2.5,172,Ratnapark,27.7063,85.3152
2021-10-18T05:00,17.8,99,17.6,870.2,3.2,153,Ratnapark,27.7063,85.3152
2021-10-18T06:00,18.1,99,17.9,870.8,4.8,167,Ratnapark,27.7063,85.3152
2021-10-18T07:00,19.4,96,18.8,872.2,3.1,135,Ratnapark,27.7063,85.3152
2021-10-18T08:00,21.0,88,18.9,873.3,3.2,90,Ratnapark,27.7063,85.3152
2021-10-18T09:00,21.1,86,18.6,873.4,2.0,135,Ratnapark,27.7063,85.3152
2021-10-18T10:00,22.0,79,18.1,873.4,2.2,279,Ratnapark,27.7063,85.3152
2021-10-18T11:00,20.9,85,18.3,872.6,3.2,333,Ratnapark,27.7063,85.3152
2021-10-18T12:00,20.7,88,18.7,871.7,2.1,329,Ratnapark,27.7063,85.3152
2021-10-18T13:00,21.1,88,19.0,870.8,3.9,338,Ratnapark,27.7063,85.3152
2021-10-18T14:00,20.6,92,19.3,869.7,4.0,333,Ratnapark,27.7063,85.3152
2021-10-18T15:00,20.7,91,19.2,869.5,2.6,326,Ratnapark,27.7063,85.3152
2021-10-18T16:00,20.9,91,19.3,869.7,2.5,225,Ratnapark,27.7063,85.3152
2021-10-18T17:00,20.3,93,19.1,870.0,0.0,270,Ratnapark,27.7063,85.3152
2021-10-18T18:00,19.5,97,19.1,870.2,2.2,189,Ratnapark,27.7063,85.3152
2021-10-18T19:00,19.7,96,19.0,871.2,1.6,117,Ratnapark,27.7063,85.3152
2021-10-18T20:00,19.5,96,18.8,871.4,3.8,131,Ratnapark,27.7063,85.3152
2021-10-18T21:00,19.5,95,18.7,871.7,4.0,117,Ratnapark,27.7063,85.3152
2021-10-18T22:00,19.4,95,18.6,871.6,3.9,124,Ratnapark,27.7063,85.3152
2021-10-18T23:00,19.0,97,18.5,871.2,3.6,127,Ratnapark,27.7063,85.3152
2021-10-19T00:00,18.9,97,18.3,870.7,3.9,112,Ratnapark,27.7063,85.3152
2021-10-19T01:00,18.4,97,17.9,870.0,5.9,128,Ratnapark,27.7063,85.3152
2021-10-19T02:00,18.4,96,17.7,869.0,5.0,120,Ratnapark,27.7063,85.3152
2021-10-19T03:00,18.3,97,17.8,868.5,3.5,156,Ratnapark,27.7063,85.3152
2021-10-19T04:00,18.3,98,17.9,868.2,2.9,173,Ratnapark,27.7063,85.3152
2021-10-19T05:00,18.6,98,18.2,869.2,2.6,146,Ratnapark,27.7063,85.3152
2021-10-19T06:00,18.8,97,18.3,869.7,3.2,117,Ratnapark,27.7063,85.3152
2021-10-19T07:00,19.1,96,18.5,870.6,4.5,119,Ratnapark,27.7063,85.3152
2021-10-19T08:00,19.5,94,18.5,871.2,5.6,105,Ratnapark,27.7063,85.3152
2021-10-19T09:00,20.8,88,18.7,871.8,4.6,135,Ratnapark,27.7063,85.3152
2021-10-19T10:00,20.3,88,18.3,871.4,6.3,103,Ratnapark,27.7063,85.3152
2021-10-19T11:00,20.1,87,18.0,871.0,6.1,93,Ratnapark,27.7063,85.3152
2021-10-19T12:00,19.2,90,17.6,870.2,8.0,108,Ratnapark,27.7063,85.3152
2021-10-19T13:00,18.8,92,17.6,869.3,8.0,108,Ratnapark,27.7063,85.3152
2021-10-19T14:00,19.2,93,18.1,868.4,9.0,113,Ratnapark,27.7063,85.3152
2021-10-19T15:00,19.8,93,18.6,868.9,8.8,109,Ratnapark,27.7063,85.3152
2021-10-19T16:00,19.4,93,18.3,869.4,9.3,103,Ratnapark,27.7063,85.3152
2021-10-19T17:00,18.6,94,17.5,869.4,7.4,119,Ratnapark,27.7063,85.3152
2021-10-19T18:00,18.4,93,17.3,870.2,8.0,108,Ratnapark,27.7063,85.3152
2021-10-19T19:00,18.2,92,17.0,871.0,10.5,121,Ratnapark,27.7063,85.3152
2021-10-19T20:00,18.1,93,16.9,871.0,11.3,117,Ratnapark,27.7063,85.3152
2021-10-19T21:00,17.7,95,16.9,871.9,7.4,137,Ratnapark,27.7063,85.3152
2021-10-19T22:00,17.9,95,17.2,871.5,7.3,123,Ratnapark,27.7063,85.3152
2021-10-19T23:00,17.5,96,16.8,871.7,6.4,106,Ratnapark,27.7063,85.3152
2021-10-20T00:00,17.6,95,16.8,870.9,7.6,135,Ratnapark,27.7063,85.3152
2021-10-20T01:00,17.5,96,16.9,870.5,6.2,126,Ratnapark,27.7063,85.3152
2021-10-20T02:00,17.5,97,17.0,870.2,6.9,118,Ratnapark,27.7063,85.3152
2021-10-20T03:00,17.6,97,17.1,870.0,6.4,142,Ratnapark,27.7063,85.3152
2021-10-20T04:00,17.6,97,17.1,869.9,6.4,137,Ratnapark,27.7063,85.3152
2021-10-20T05:00,17.7,95,16.8,871.3,9.0,127,Ratnapark,27.7063,85.3152
2021-10-20T06:00,18.0,93,16.9,871.8,8.1,148,Ratnapark,27.7063,85.3152
2021-10-20T07:00,18.7,92,17.3,873.2,3.5,114,Ratnapark,27.7063,85.3152
2021-10-20T08:00,19.4,89,17.5,874.2,4.4,35,Ratnapark,27.7063,85.3152
2021-10-20T09:00,19.9,86,17.5,874.4,4.7,86,Ratnapark,27.7063,85.3152
2021-10-20T10:00,20.4,87,18.1,874.5,6.3,77,Ratnapark,27.7063,85.3152
2021-10-20T11:00,20.9,87,18.6,873.9,9.1,97,Ratnapark,27.7063,85.3152
2021-10-20T12:00,21.3,84,18.5,873.3,5.9,79,Ratnapark,27.7063,85.3152
2021-10-20T13:00,20.5,87,18.2,872.3,3.3,354,Ratnapark,27.7063,85.3152
2021-10-20T14:00,19.3,94,18.3,871.3,3.4,342,Ratnapark,27.7063,85.3152
2021-10-20T15:00,19.5,94,18.5,870.8,1.1,342,Ratnapark,27.7063,85.3152
2021-10-20T16:00,19.8,93,18.7,870.5,2.4,117,Ratnapark,27.7063,85.3152
2021-10-20T17:00,18.9,93,17.8,870.9,5.2,106,Ratnapark,27.7063,85.3152
2021-10-20T18:00,18.8,93,17.7,871.3,5.3,118,Ratnapark,27.7063,85.3152
2021-10-20T19:00,18.7,95,17.9,872.3,2.4,117,Ratnapark,27.7063,85.3152
2021-10-20T20:00,18.4,96,17.8,872.5,3.6,127,Ratnapark,27.7063,85.3152
2021-10-20T21:00,18.1,97,17.6,872.5,5.0,120,Ratnapark,27.7063,85.3152
2021-10-20T22:00,17.8,97,17.4,872.3,3.1,111,Ratnapark,27.7063,85.3152
2021-10-20T23:00,17.6,98,17.3,871.8,3.3,139,Ratnapark,27.7063,85.3152
2021-10-21T00:00,17.3,98,17.0,871.1,2.9,173,Ratnapark,27.7063,85.3152
2021-10-21T01:00,17.4,98,17.1,870.5,3.0,166,Ratnapark,27.7063,85.3152
2021-10-21T02:00,17.2,99,17.0,869.9,2.5,172,Ratnapark,27.7063,85.3152
2021-10-21T03:00,17.2,99,17.1,869.9,2.6,146,Ratnapark,27.7063,85.3152
2021-10-21T04:00,17.4,99,17.2,869.8,2.8,130,Ratnapark,27.7063,85.3152
2021-10-21T05:00,17.3,98,17.1,870.2,1.3,146,Ratnapark,27.7063,85.3152
2021-10-21T06:00,18.2,95,17.4,870.9,2.8,130,Ratnapark,27.7063,85.3152
2021-10-21T07:00,18.8,93,17.6,872.1,3.0,104,Ratnapark,27.7063,85.3152
2021-10-21T08:00,19.5,90,17.8,873.0,3.3,103,Ratnapark,27.7063,85.3152
2021-10-21T09:00,20.6,84,17.9,873.5,2.1,121,Ratnapark,27.7063,85.3152
2021-10-21T10:00,22.0,77,17.8,873.7,0.8,297,Ratnapark,27.7063,85.3152
2021-10-21T11:00,22.4,79,18.5,873.1,4.6,309,Ratnapark,27.7063,85.3152
2021-10-21T12:00,22.9,77,18.8,871.9,5.2,304,Ratnapark,27.7063,85.3152
2021-10-21T13:00,22.8,77,18.6,870.8,5.9,284,Ratnapark,27.7063,85.3152
2021-10-21T14:00,21.1,82,17.8,870.2,8.2,311,Ratnapark,27.7063,85.3152
2021-10-21T15:00,20.6,87,18.4,869.7,5.7,305,Ratnapark,27.7063,85.3152
2021-10-21T16:00,19.9,88,17.8,869.6,7.8,304,Ratnapark,27.7063,85.3152
2021-10-21T17:00,18.2,99,18.1,870.0,5.1,321,Ratnapark,27.7063,85.3152
2021-10-21T18:00,17.8,100,17.8,870.1,3.9,292,Ratnapark,27.7063,85.3152
2021-10-21T19:00,17.5,100,17.5,870.5,2.9,270,Ratnapark,27.7063,85.3152
2021-10-21T20:00,17.3,100,17.3,870.8,2.1,239,Ratnapark,27.7063,85.3152
2021-10-21T21:00,17.3,100,17.3,871.0,0.8,207,Ratnapark,27.7063,85.3152
2021-10-21T22:00,16.8,100,16.8,870.8,1.8,169,Ratnapark,27.7063,85.3152
2021-10-21T23:00,16.1,100,16.1,870.4,3.3,167,Ratnapark,27.7063,85.3152
2021-10-22T00:00,15.6,100,15.6,869.8,3.7,169,Ratnapark,27.7063,85.3152
2021-10-22T01:00,15.2,99,15.1,869.3,3.7,169,Ratnapark,27.7063,85.3152
2021-10-22T02:00,14.9,99,14.8,868.7,3.8,163,Ratnapark,27.7063,85.3152
2021-10-22T03:00,14.3,99,14.2,868.3,4.9,163,Ratnapark,27.7063,85.3152
2021-10-22T04:00,14.0,99,13.8,868.4,4.9,163,Ratnapark,27.7063,85.3152
2021-10-22T05:00,15.7,100,15.7,870.2,6.8,148,Ratnapark,27.7063,85.3152
2021-10-22T06:00,16.3,99,16.1,870.9,6.5,146,Ratnapark,27.7063,85.3152
2021-10-22T07:00,17.1,96,16.4,872.1,5.4,143,Ratnapark,27.7063,85.3152
2021-10-22T08:00,19.6,86,17.2,873.4,3.9,112,Ratnapark,27.7063,85.3152
2021-10-22T09:00,21.4,72,16.2,873.9,4.0,95,Ratnapark,27.7063,85.3152
2021-10-22T10:00,22.8,66,16.1,874.0,1.8,90,Ratnapark,27.7063,85.3152
2021-10-22T11:00,23.7,62,15.9,873.6,1.8,323,Ratnapark,27.7063,85.3152
2021-10-22T12:00,23.6,62,15.9,873.0,4.3,294,Ratnapark,27.7063,85.3152
2021-10-22T13:00,23.2,65,16.2,872.2,5.5,293,Ratnapark,27.7063,85.3152
2021-10-22T14:00,22.3,68,16.2,871.9,6.0,287,Ratnapark,27.7063,85.3152
2021-10-22T15:00,21.2,76,16.8,871.7,7.0,305,Ratnapark,27.7063,85.3152
2021-10-22T16:00,20.2,83,17.1,871.7,5.9,313,Ratnapark,27.7063,85.3152
2021-10-22T17:00,19.0,92,17.7,872.0,4.9,306,Ratnapark,27.7063,85.3152
2021-10-22T18:00,18.3,94,17.3,872.5,4.3,318,Ratnapark,27.7063,85.3152
2021-10-22T19:00,18.6,92,17.2,873.3,3.1,324,Ratnapark,27.7063,85.3152
2021-10-22T20:00,18.3,96,17.6,873.6,1.8,349,Ratnapark,27.7063,85.3152
2021-10-22T21:00,17.4,98,17.1,873.6,3.0,76,Ratnapark,27.7063,85.3152
2021-10-22T22:00,16.9,99,16.8,873.6,4.0,90,Ratnapark,27.7063,85.3152
2021-10-22T23:00,16.9,99,16.7,873.6,3.1,111,Ratnapark,27.7063,85.3152
2021-10-23T00:00,17.1,99,16.9,873.6,1.8,127,Ratnapark,27.7063,85.3152
2021-10-23T01:00,17.0,98,16.8,873.2,1.5,104,Ratnapark,27.7063,85.3152
2021-10-23T02:00,16.9,99,16.7,873.0,1.3,146,Ratnapark,27.7063,85.3152
2021-10-23T03:00,16.7,99,16.6,872.7,1.8,127,Ratnapark,27.7063,85.3152
2021-10-23T04:00,16.7,99,16.6,872.8,1.6,153,Ratnapark,27.7063,85.3152
2021-10-23T05:00,16.8,99,16.6,873.5,2.8,320,Ratnapark,27.7063,85.3152
2021-10-23T06:00,16.6,99,16.5,874.1,3.7,331,Ratnapark,27.7063,85.3152
2021-10-23T07:00,17.0,97,16.6,875.3,2.6,304,Ratnapark,27.7063,85.3152
2021-10-23T08:00,17.8,94,16.8,875.9,2.3,39,Ratnapark,27.7063,85.3152
2021-10-23T09:00,19.3,84,16.6,876.6,1.9,22,Ratnapark,27.7063,85.3152
2021-10-23T10:00,19.4,81,16.0,876.4,1.1,18,Ratnapark,27.7063,85.3152
2021-10-23T11:00,19.6,81,16.3,875.9,2.3,288,Ratnapark,27.7063,85.3152
2021-10-23T12:00,19.4,82,16.3,875.3,4.3,246,Ratnapark,27.7063,85.3152
2021-10-23T13:00,19.1,85,16.6,874.8,3.7,209,Ratnapark,27.7063,85.3152
2021-10-23T14:00,19.3,84,16.5,874.6,0.7,270,Ratnapark,27.7063,85.3152
2021-10-23T15:00,19.1,85,16.5,874.4,2.3,309,Ratnapark,27.7063,85.3152
2021-10-23T16:00,18.8,86,16.4,874.4,2.2,351,Ratnapark,27.7063,85.3152
2021-10-23T17:00,17.9,94,16.9,873.9,2.9,270,Ratnapark,27.7063,85.3152
2021-10-23T18:00,17.5,97,16.9,874.6,2.0,225,Ratnapark,27.7063,85.3152
2021-10-23T19:00,17.0,99,16.8,875.0,1.8,180,Ratnapark,27.7063,85.3152
2021-10-23T20:00,15.7,100,15.7,874.7,1.9,158,Ratnapark,27.7063,85.3152
2021-10-23T21:00,15.5,99,15.4,874.7,2.3,162,Ratnapark,27.7063,85.3152
2021-10-23T22:00,15.0,100,15.0,874.3,2.3,162,Ratnapark,27.7063,85.3152
2021-10-23T23:00,14.8,100,14.7,874.2,1.8,169,Ratnapark,27.7063,85.3152
2021-10-24T00:00,14.6,100,14.5,874.1,2.3,162,Ratnapark,27.7063,85.3152
2021-10-24T01:00,14.7,100,14.7,873.8,2.6,164,Ratnapark,27.7063,85.3152
2021-10-24T02:00,15.0,99,14.9,873.8,1.6,153,Ratnapark,27.7063,85.3152
2021-10-24T03:00,15.2,99,15.1,873.6,1.1,162,Ratnapark,27.7063,85.3152
2021-10-24T04:00,14.7,100,14.7,873.4,1.1,162,Ratnapark,27.7063,85.3152
2021-10-24T05:00,14.7,100,14.7,873.8,1.9,158,Ratnapark,27.7063,85.3152
2021-10-24T06:00,14.7,99,14.6,874.4,3.2,153,Ratnapark,27.7063,85.3152
2021-10-24T07:00,16.8,99,16.6,875.9,4.7,122,Ratnapark,27.7063,85.3152
2021-10-24T08:00,18.8,84,16.0,877.2,6.4,106,Ratnapark,27.7063,85.3152
2021-10-24T09:00,20.0,82,16.8,877.8,5.9,101,Ratnapark,27.7063,85.3152
2021-10-24T10:00,21.3,77,17.0,877.8,3.8,107,Ratnapark,27.7063,85.3152
2021-10-24T11:00,22.1,70,16.5,877.4,3.1,36,Ratnapark,27.7063,85.3152
2021-10-24T12:00,21.1,69,15.3,876.5,6.2,10,Ratnapark,27.7063,85.3152
2021-10-24T13:00,18.0,83,15.0,876.0,4.9,216,Ratnapark,27.7063,85.3152
2021-10-24T14:00,18.8,77,14.7,875.4,2.1,329,Ratnapark,27.7063,85.3152
2021-10-24T15:00,18.8,79,15.1,875.2,3.1,315,Ratnapark,27.7063,85.3152
2021-10-24T16:00,18.3,84,15.6,875.2,3.8,343,Ratnapark,27.7063,85.3152
2021-10-24T17:00,17.8,90,16.0,874.4,4.9,306,Ratnapark,27.7063,85.3152
2021-10-24T18:00,17.2,91,15.8,874.4,2.3,219,Ratnapark,27.7063,85.3152
2021-10-24T19:00,15.4,97,14.9,874.0,1.8,191,Ratnapark,27.7063,85.3152
2021-10-24T20:00,15.0,98,14.7,874.3,1.8,180,Ratnapark,27.7063,85.3152
2021-10-24T21:00,14.8,99,14.7,874.1,1.8,180,Ratnapark,27.7063,85.3152
2021-10-24T22:00,14.1,99,14.0,873.8,2.2,180,Ratnapark,27.7063,85.3152
2021-10-24T23:00,13.4,100,13.4,873.2,2.2,171,Ratnapark,27.7063,85.3152
2021-10-25T00:00,12.9,100,12.9,872.8,1.1,162,Ratnapark,27.7063,85.3152
2021-10-25T01:00,13.0,99,12.8,872.9,0.8,153,Ratnapark,27.7063,85.3152
2021-10-25T02:00,13.1,99,12.9,872.9,1.6,153,Ratnapark,27.7063,85.3152
2021-10-25T03:00,13.4,98,13.1,872.5,2.3,162,Ratnapark,27.7063,85.3152
2021-10-25T04:00,12.6,99,12.5,871.9,1.9,158,Ratnapark,27.7063,85.3152
2021-10-25T05:00,12.1,100,12.1,871.7,4.6,162,Ratnapark,27.7063,85.3152
2021-10-25T06:00,12.7,99,12.6,872.4,5.2,155,Ratnapark,27.7063,85.3152
2021-10-25T07:00,15.8,98,15.5,874.4,4.7,148,Ratnapark,27.7063,85.3152
2021-10-25T08:00,19.1,82,15.9,876.2,2.1,59,Ratnapark,27.7063,85.3152
2021-10-25T09:00,20.5,73,15.5,876.6,3.3,49,Ratnapark,27.7063,85.3152
2021-10-25T10:00,21.7,68,15.6,876.5,3.3,354,Ratnapark,27.7063,85.3152
2021-10-25T11:00,22.1,66,15.4,875.9,6.4,317,Ratnapark,27.7063,85.3152
2021-10-25T12:00,22.1,63,14.8,874.7,7.1,315,Ratnapark,27.7063,85.3152
2021-10-25T13:00,20.7,63,13.3,873.8,6.2,291,Ratnapark,27.7063,85.3152
2021-10-25T14:00,20.6,71,15.3,873.2,7.7,311,Ratnapark,27.7063,85.3152
2021-10-25T15:00,19.8,75,15.3,872.8,6.9,298,Ratnapark,27.7063,85.3152
2021-10-25T16:00,18.6,82,15.5,872.5,6.4,317,Ratnapark,27.7063,85.3152
2021-10-25T17:00,17.2,89,15.4,871.9,7.6,295,Ratnapark,27.7063,85.3152
2021-10-25T18:00,16.1,90,14.4,871.8,6.6,299,Ratnapark,27.7063,85.3152
2021-10-25T19:00,16.5,87,14.4,872.5,4.1,232,Ratnapark,27.7063,85.3152
2021-10-25T20:00,14.9,93,13.7,872.1,3.2,207,Ratnapark,27.7063,85.3152
2021-10-25T21:00,13.7,96,13.1,871.9,2.2,189,Ratnapark,27.7063,85.3152
2021-10-25T22:00,13.5,96,12.9,871.9,1.8,191,Ratnapark,27.7063,85.3152
2021-10-25T23:00,13.3,97,12.8,871.8,1.4,180,Ratnapark,27.7063,85.3152
2021-10-26T00:00,14.4,96,13.7,872.2,4.8,243,Ratnapark,27.7063,85.3152
2021-10-26T01:00,13.3,99,13.2,871.3,1.8,191,Ratnapark,27.7063,85.3152
2021-10-26T02:00,13.2,100,13.2,870.6,1.8,169,Ratnapark,27.7063,85.3152
2021-10-26T03:00,12.7,100,12.7,870.0,3.6,174,Ratnapark,27.7063,85.3152
2021-10-26T04:00,11.8,100,11.8,869.7,4.0,170,Ratnapark,27.7063,85.3152
2021-10-26T05:00,12.2,99,12.1,870.1,4.7,171,Ratnapark,27.7063,85.3152
2021-10-26T06:00,12.1,99,12.0,870.8,4.5,166,Ratnapark,27.7063,85.3152
2021-10-26T07:00,15.1,97,14.7,872.9,3.4,162,Ratnapark,27.7063,85.3152
2021-10-26T08:00,18.8,74,14.1,875.0,1.9,68,Ratnapark,27.7063,85.3152
2021-10-26T09:00,20.3,68,14.2,875.5,2.5,8,Ratnapark,27.7063,85.3152
2021-10-26T10:00,21.6,58,13.1,875.5,3.5,336,Ratnapark,27.7063,85.3152
2021-10-26T11:00,22.2,55,12.6,875.0,4.6,309,Ratnapark,27.7063,85.3152
2021-10-26T12:00,21.8,55,12.4,874.1,6.0,287,Ratnapark,27.7063,85.3152
2021-10-26T13:00,21.2,59,12.9,873.3,6.6,311,Ratnapark,27.7063,85.3152
2021-10-26T14:00,20.4,62,12.9,872.9,7.5,305,Ratnapark,27.7063,85.3152
2021-10-26T15:00,19.2,78,15.3,872.5,6.7,306,Ratnapark,27.7063,85.3152
2021-10-26T16:00,18.3,86,15.8,872.5,5.7,305,Ratnapark,27.7063,85.3152
2021-10-26T17:00,16.3,95,15.5,872.0,5.4,262,Ratnapark,27.7063,85.3152
2021-10-26T18:00,16.3,93,15.1,872.5,2.8,220,Ratnapark,27.7063,85.3152
2021-10-26T19:00,14.7,95,14.0,872.5,3.2,207,Ratnapark,27.7063,85.3152
2021-10-26T20:00,14.4,95,13.5,873.0,1.8,191,Ratnapark,27.7063,85.3152
2021-10-26T21:00,14.4,93,13.2,873.3,1.5,194,Ratnapark,27.7063,85.3152
2021-10-26T22:00,14.2,92,12.9,873.4,1.4,180,Ratnapark,27.7063,85.3152
2021-10-26T23:00,14.4,89,12.6,873.5,0.7,180,Ratnapark,27.7063,85.3152
2021-10-27T00:00,13.2,93,12.2,872.9,2.2,171,Ratnapark,27.7063,85.3152
2021-10-27T01:00,13.2,94,12.2,872.5,1.4,180,Ratnapark,27.7063,85.3152
2021-10-27T02:00,12.8,96,12.2,871.9,2.5,180,Ratnapark,27.7063,85.3152
2021-10-27T03:00,11.9,100,11.9,871.6,0.7,180,Ratnapark,27.7063,85.3152
2021-10-27T04:00,11.8,100,11.7,871.6,2.9,173,Ratnapark,27.7063,85.3152
2021-10-27T05:00,12.3,97,11.9,872.3,2.2,171,Ratnapark,27.7063,85.3152
2021-10-27T06:00,12.8,97,12.3,873.2,2.5,172,Ratnapark,27.7063,85.3152
2021-10-27T07:00,15.9,92,14.6,875.1,3.4,162,Ratnapark,27.7063,85.3152
2021-10-27T08:00,18.9,71,13.5,876.6,1.6,63,Ratnapark,27.7063,85.3152
2021-10-27T09:00,20.3,59,12.1,877.1,1.9,22,Ratnapark,27.7063,85.3152
2021-10-27T10:00,21.2,54,11.4,876.9,2.5,352,Ratnapark,27.7063,85.3152
2021-10-27T11:00,21.7,50,10.7,876.4,2.1,329,Ratnapark,27.7063,85.3152
2021-10-27T12:00,21.7,50,11.0,875.5,4.1,315,Ratnapark,27.7063,85.3152
2021-10-27T13:00,21.1,54,11.3,874.6,5.6,320,Ratnapark,27.7063,85.3152
2021-10-27T14:00,20.2,59,12.0,874.0,4.3,5,Ratnapark,27.7063,85.3152
2021-10-27T15:00,19.5,66,12.9,873.4,6.8,335,Ratnapark,27.7063,85.3152
2021-10-27T16:00,18.2,75,13.7,873.2,4.1,322,Ratnapark,27.7063,85.3152
2021-10-27T17:00,17.2,81,13.9,873.0,5.2,304,Ratnapark,27.7063,85.3152
2021-10-27T18:00,16.6,82,13.6,873.3,3.3,221,Ratnapark,27.7063,85.3152
2021-10-27T19:00,16.0,85,13.4,873.7,4.0,243,Ratnapark,27.7063,85.3152
2021-10-27T20:00,16.2,83,13.3,874.3,2.1,211,Ratnapark,27.7063,85.3152
2021-10-27T21:00,15.6,85,13.1,874.2,1.5,194,Ratnapark,27.7063,85.3152
2021-10-27T22:00,13.7,93,12.6,873.3,2.7,203,Ratnapark,27.7063,85.3152
2021-10-27T23:00,14.4,92,13.1,873.5,1.1,180,Ratnapark,27.7063,85.3152
2021-10-28T00:00,13.3,94,12.3,873.0,1.8,180,Ratnapark,27.7063,85.3152
2021-10-28T01:00,13.3,93,12.2,872.6,2.5,172,Ratnapark,27.7063,85.3152
2021-10-28T02:00,12.8,94,11.9,872.2,2.2,171,Ratnapark,27.7063,85.3152
2021-10-28T03:00,12.5,95,11.7,871.9,3.0,166,Ratnapark,27.7063,85.3152
2021-10-28T04:00,11.9,96,11.3,871.9,2.9,173,Ratnapark,27.7063,85.3152
2021-10-28T05:00,12.0,96,11.4,872.4,3.8,163,Ratnapark,27.7063,85.3152
2021-10-28T06:00,12.2,97,11.7,872.8,4.6,162,Ratnapark,27.7063,85.3152
2021-10-28T07:00,15.8,89,13.9,875.2,4.7,148,Ratnapark,27.7063,85.3152
2021-10-28T08:00,18.4,74,13.7,876.8,4.3,85,Ratnapark,27.7063,85.3152
2021-10-28T09:00,19.7,66,13.2,877.3,4.8,77,Ratnapark,27.7063,85.3152
2021-10-28T10:00,20.5,62,13.0,877.3,4.6,72,Ratnapark,27.7063,85.3152
2021-10-28T11:00,21.1,61,13.3,876.7,2.9,97,Ratnapark,27.7063,85.3152
2021-10-28T12:00,21.1,60,13.0,876.1,2.2,171,Ratnapark,27.7063,85.3152
2021-10-28T13:00,20.6,62,13.1,875.6,3.3,229,Ratnapark,27.7063,85.3152
2021-10-28T14:00,20.3,63,13.0,875.4,3.6,270,Ratnapark,27.7063,85.3152
2021-10-28T15:00,19.5,67,13.2,875.1,4.9,287,Ratnapark,27.7063,85.3152
2021-10-28T16:00,18.3,77,14.2,874.8,4.4,305,Ratnapark,27.7063,85.3152
2021-10-28T17:00,17.2,81,13.9,874.2,5.8,274,Ratnapark,27.7063,85.3152
2021-10-28T18:00,17.1,79,13.3,874.7,3.9,236,Ratnapark,27.7063,85.3152
2021-10-28T19:00,17.0,78,13.1,875.4,3.9,248,Ratnapark,27.7063,85.3152
2021-10-28T20:00,16.8,78,12.9,875.6,1.1,198,Ratnapark,27.7063,85.3152
2021-10-28T21:00,14.1,90,12.5,874.6,2.6,196,Ratnapark,27.7063,85.3152
2021-10-28T22:00,13.2,93,12.1,874.4,2.6,196,Ratnapark,27.7063,85.3152
2021-10-28T23:00,13.5,92,12.2,874.5,0.4,180,Ratnapark,27.7063,85.3152
2021-10-29T00:00,14.9,86,12.6,874.9,1.8,180,Ratnapark,27.7063,85.3152
2021-10-29T01:00,13.4,91,11.9,874.0,1.8,180,Ratnapark,27.7063,85.3152
2021-10-29T02:00,12.2,94,11.3,873.2,2.5,180,Ratnapark,27.7063,85.3152
2021-10-29T03:00,11.8,95,11.0,872.9,2.6,164,Ratnapark,27.7063,85.3152
2021-10-29T04:00,11.8,95,10.9,872.9,2.7,157,Ratnapark,27.7063,85.3152
2021-10-29T05:00,12.0,92,10.8,874.0,3.9,158,Ratnapark,27.7063,85.3152
2021-10-29T06:00,12.3,93,11.2,874.8,4.3,156,Ratnapark,27.7063,85.3152
2021-10-29T07:00,15.6,86,13.3,877.0,5.9,133,Ratnapark,27.7063,85.3152
2021-10-29T08:00,18.6,67,12.4,878.9,5.4,98,Ratnapark,27.7063,85.3152
2021-10-29T09:00,20.0,64,13.1,879.4,5.4,94,Ratnapark,27.7063,85.3152
2021-10-29T10:00,21.2,60,13.2,879.2,5.4,86,Ratnapark,27.7063,85.3152
2021-10-29T11:00,21.9,57,12.9,878.6,5.4,86,Ratnapark,27.7063,85.3152
2021-10-29T12:00,22.0,56,12.7,877.5,4.1,75,Ratnapark,27.7063,85.3152
2021-10-29T13:00,22.0,54,12.4,876.6,1.1,72,Ratnapark,27.7063,85.3152
2021-10-29T14:00,21.7,55,12.3,876.0,1.9,248,Ratnapark,27.7063,85.3152
2021-10-29T15:00,20.9,58,12.4,875.6,4.1,255,Ratnapark,27.7063,85.3152
2021-10-29T16:00,19.2,74,14.4,875.1,3.6,270,Ratnapark,27.7063,85.3152
2021-10-29T17:00,17.0,87,14.8,874.3,6.2,277,Ratnapark,27.7063,85.3152
2021-10-29T18:00,16.9,88,14.9,874.9,4.2,250,Ratnapark,27.7063,85.3152
2021-10-29T19:00,16.9,87,14.8,875.7,4.4,261,Ratnapark,27.7063,85.3152
2021-10-29T20:00,16.5,88,14.5,876.0,3.2,90,Ratnapark,27.7063,85.3152
2021-10-29T21:00,16.1,87,14.0,876.1,3.1,126,Ratnapark,27.7063,85.3152
2021-10-29T22:00,15.7,86,13.5,876.1,3.3,131,Ratnapark,27.7063,85.3152
2021-10-29T23:00,15.1,86,12.8,875.7,3.8,131,Ratnapark,27.7063,85.3152
2021-10-30T00:00,13.4,90,11.7,874.7,3.9,146,Ratnapark,27.7063,85.3152
2021-10-30T01:00,12.5,92,11.2,874.0,3.9,158,Ratnapark,27.7063,85.3152
2021-10-30T02:00,11.8,93,10.7,873.4,3.4,162,Ratnapark,27.7063,85.3152
2021-10-30T03:00,11.5,93,10.4,873.0,2.6,164,Ratnapark,27.7063,85.3152
2021-10-30T04:00,11.2,94,10.3,872.9,1.8,169,Ratnapark,27.7063,85.3152
2021-10-30T05:00,10.9,91,9.5,873.1,4.0,170,Ratnapark,27.7063,85.3152
2021-10-30T06:00,11.7,88,9.8,873.7,3.4,162,Ratnapark,27.7063,85.3152
2021-10-30T07:00,14.8,83,11.9,875.9,5.2,146,Ratnapark,27.7063,85.3152
2021-10-30T08:00,17.8,63,10.7,877.6,4.0,100,Ratnapark,27.7063,85.3152
2021-10-30T09:00,19.5,57,10.9,877.9,3.0,76,Ratnapark,27.7063,85.3152
2021-10-30T10:00,20.9,55,11.4,877.6,2.9,360,Ratnapark,27.7063,85.3152
2021-10-30T11:00,21.7,54,12.0,877.0,6.5,341,Ratnapark,27.7063,85.3152
2021-10-30T12:00,21.7,57,12.8,875.5,8.9,328,Ratnapark,27.7063,85.3152
2021-10-30T13:00,21.2,64,14.0,874.6,11.8,320,Ratnapark,27.7063,85.3152
2021-10-30T14:00,20.4,70,14.7,873.8,11.5,311,Ratnapark,27.7063,85.3152
2021-10-30T15:00,19.4,73,14.4,873.6,9.5,307,Ratnapark,27.7063,85.3152
2021-10-30T16:00,18.1,78,14.2,873.4,5.4,318,Ratnapark,27.7063,85.3152
2021-10-30T17:00,17.2,72,12.1,872.8,4.6,309,Ratnapark,27.7063,85.3152
2021-10-30T18:00,17.0,72,12.0,873.4,4.2,239,Ratnapark,27.7063,85.3152
2021-10-30T19:00,15.7,79,12.1,873.6,3.9,214,Ratnapark,27.7063,85.3152
2021-10-30T20:00,13.8,88,11.8,873.0,2.5,188,Ratnapark,27.7063,85.3152
2021-10-30T21:00,12.9,92,11.5,872.6,2.9,180,Ratnapark,27.7063,85.3152
2021-10-30T22:00,12.5,93,11.3,872.4,2.2,180,Ratnapark,27.7063,85.3152
2021-10-30T23:00,12.1,93,11.1,872.0,1.8,180,Ratnapark,27.7063,85.3152
2021-10-31T00:00,12.0,93,10.9,871.8,2.2,171,Ratnapark,27.7063,85.3152
2021-10-31T01:00,11.7,93,10.6,871.5,2.5,172,Ratnapark,27.7063,85.3152
2021-10-31T02:00,11.5,93,10.4,871.0,2.2,171,Ratnapark,27.7063,85.3152
2021-10-31T03:00,11.0,94,10.1,870.6,3.3,167,Ratnapark,27.7063,85.3152
2021-10-31T04:00,10.8,94,9.9,870.7,3.3,167,Ratnapark,27.7063,85.3152
2021-10-31T05:00,11.0,94,10.2,871.2,4.1,165,Ratnapark,27.7063,85.3152
2021-10-31T06:00,12.3,92,11.1,872.5,3.0,166,Ratnapark,27.7063,85.3152
2021-10-31T07:00,15.5,86,13.3,874.7,3.9,158,Ratnapark,27.7063,85.3152
2021-10-31T08:00,17.7,73,12.7,876.0,1.1,90,Ratnapark,27.7063,85.3152
2021-10-31T09:00,18.7,68,12.7,876.3,1.9,338,Ratnapark,27.7063,85.3152
2021-10-31T10:00,19.8,62,12.2,876.2,4.2,329,Ratnapark,27.7063,85.3152
2021-10-31T11:00,20.5,59,12.1,875.2,7.0,325,Ratnapark,27.7063,85.3152
2021-10-31T12:00,20.6,61,12.7,874.1,9.6,326,Ratnapark,27.7063,85.3152
2021-10-31T13:00,20.4,63,13.2,873.2,9.7,315,Ratnapark,27.7063,85.3152
2021-10-31T14:00,19.9,67,13.6,872.8,9.2,321,Ratnapark,27.7063,85.3152
2021-10-31T15:00,19.3,69,13.4,872.6,8.0,324,Ratnapark,27.7063,85.3152
2021-10-31T16:00,18.1,76,13.7,872.4,4.1,315,Ratnapark,27.7063,85.3152
2021-10-31T17:00,16.7,77,12.6,872.4,6.9,298,Ratnapark,27.7063,85.3152
2021-10-31T18:00,15.4,82,12.3,872.5,6.2,277,Ratnapark,27.7063,85.3152
2021-10-31T19:00,14.8,83,12.0,872.9,6.1,267,Ratnapark,27.7063,85.3152
2021-10-31T20:00,15.6,79,11.9,873.7,4.5,256,Ratnapark,27.7063,85.3152
2021-10-31T21:00,14.9,83,12.0,873.7,1.9,202,Ratnapark,27.7063,85.3152
2021-10-31T22:00,12.9,92,11.7,872.8,2.3,162,Ratnapark,27.7063,85.3152
2021-10-31T23:00,12.3,96,11.7,872.2,2.2,171,Ratnapark,27.7063,85.3152
2021-11-01T00:00,11.7,98,11.5,871.7,2.5,172,Ratnapark,27.7063,85.3152
2021-11-01T01:00,11.4,98,11.2,871.3,2.2,171,Ratnapark,27.7063,85.3152
2021-11-01T02:00,11.4,99,11.3,870.9,1.8,169,Ratnapark,27.7063,85.3152
2021-11-01T03:00,11.6,100,11.6,871.0,2.6,164,Ratnapark,27.7063,85.3152
2021-11-01T04:00,11.9,99,11.7,871.5,3.0,166,Ratnapark,27.7063,85.3152
2021-11-01T05:00,13.1,98,12.8,872.4,3.0,166,Ratnapark,27.7063,85.3152
2021-11-01T06:00,13.3,97,12.9,873.0,1.8,169,Ratnapark,27.7063,85.3152
2021-11-01T07:00,15.4,91,14.0,874.9,2.3,129,Ratnapark,27.7063,85.3152
2021-11-01T08:00,17.1,76,12.9,876.3,2.9,90,Ratnapark,27.7063,85.3152
2021-11-01T09:00,18.0,73,13.2,876.7,3.3,49,Ratnapark,27.7063,85.3152
2021-11-01T10:00,18.8,71,13.4,876.3,3.1,36,Ratnapark,27.7063,85.3152
2021-11-01T11:00,19.4,69,13.6,875.6,1.8,37,Ratnapark,27.7063,85.3152
2021-11-01T12:00,19.8,68,13.7,874.7,1.5,284,Ratnapark,27.7063,85.3152
2021-11-01T13:00,19.8,67,13.4,874.1,3.8,253,Ratnapark,27.7063,85.3152
2021-11-01T14:00,19.4,66,13.0,873.6,5.0,249,Ratnapark,27.7063,85.3152
2021-11-01T15:00,18.1,71,12.7,873.5,6.6,257,Ratnapark,27.7063,85.3152
2021-11-01T16:00,17.0,77,12.9,873.7,5.1,278,Ratnapark,27.7063,85.3152
2021-11-01T17:00,16.4,85,13.9,873.4,4.4,261,Ratnapark,27.7063,85.3152
2021-11-01T18:00,15.9,85,13.5,873.9,3.6,270,Ratnapark,27.7063,85.3152
2021-11-01T19:00,15.3,86,13.0,874.4,4.7,279,Ratnapark,27.7063,85.3152
2021-11-01T20:00,14.9,85,12.4,874.9,4.8,257,Ratnapark,27.7063,85.3152
2021-11-01T21:00,15.3,81,12.1,875.4,1.8,180,Ratnapark,27.7063,85.3152
2021-11-01T22:00,15.0,82,11.9,875.2,1.4,180,Ratnapark,27.7063,85.3152
2021-11-01T23:00,14.5,84,11.9,874.6,1.6,207,Ratnapark,27.7063,85.3152
2021-11-02T00:00,13.9,87,11.8,873.9,1.4,180,Ratnapark,27.7063,85.3152
2021-11-02T01:00,11.8,95,11.0,872.5,2.2,171,Ratnapark,27.7063,85.3152
2021-11-02T02:00,11.6,96,11.0,872.3,1.8,169,Ratnapark,27.7063,85.3152
2021-11-02T03:00,11.0,100,10.9,871.9,2.5,172,Ratnapark,27.7063,85.3152
2021-11-02T04:00,10.2,100,10.2,871.6,4.1,165,Ratnapark,27.7063,85.3152
2021-11-02T05:00,10.1,99,10.0,871.8,4.4,171,Ratnapark,27.7063,85.3152
2021-11-02T06:00,9.9,100,9.9,872.7,4.9,163,Ratnapark,27.7063,85.3152
2021-11-02T07:00,13.6,92,12.4,875.2,5.6,153,Ratnapark,27.7063,85.3152
2021-11-02T08:00,16.8,76,12.6,877.1,4.2,110,Ratnapark,27.7063,85.3152
2021-11-02T09:00,18.2,68,12.2,877.8,2.4,117,Ratnapark,27.7063,85.3152
2021-11-02T10:00,19.3,62,12.0,877.8,2.0,45,Ratnapark,27.7063,85.3152
2021-11-02T11:00,19.5,61,11.8,877.2,2.6,344,Ratnapark,27.7063,85.3152
2021-11-02T12:00,19.7,60,11.7,876.4,2.5,315,Ratnapark,27.7063,85.3152
2021-11-02T13:00,19.6,61,11.8,875.5,4.5,299,Ratnapark,27.7063,85.3152
2021-11-02T14:00,19.1,63,11.8,874.5,8.2,319,Ratnapark,27.7063,85.3152
2021-11-02T15:00,18.3,67,12.0,874.2,9.2,321,Ratnapark,27.7063,85.3152
2021-11-02T16:00,16.6,76,12.3,873.8,6.8,328,Ratnapark,27.7063,85.3152
2021-11-02T17:00,15.2,80,11.8,872.9,7.0,291,Ratnapark,27.7063,85.3152
2021-11-02T18:00,13.8,88,11.8,873.2,3.7,209,Ratnapark,27.7063,85.3152
2021-11-02T19:00,13.1,92,11.8,873.6,3.0,194,Ratnapark,27.7063,85.3152
2021-11-02T20:00,12.8,94,11.9,874.1,2.3,198,Ratnapark,27.7063,85.3152
2021-11-02T21:00,12.5,95,11.7,874.3,3.0,194,Ratnapark,27.7063,85.3152
2021-11-02T22:00,12.1,96,11.5,874.2,3.0,194,Ratnapark,27.7063,85.3152
2021-11-02T23:00,11.8,96,11.3,873.8,1.8,180,Ratnapark,27.7063,85.3152
2021-11-03T00:00,11.3,98,10.9,873.3,1.1,162,Ratnapark,27.7063,85.3152
2021-11-03T01:00,10.7,99,10.6,872.6,1.1,162,Ratnapark,27.7063,85.3152
2021-11-03T02:00,10.2,100,10.2,871.8,1.6,153,Ratnapark,27.7063,85.3152
2021-11-03T03:00,9.7,100,9.7,871.1,1.8,169,Ratnapark,27.7063,85.3152
2021-11-03T04:00,9.5,100,9.5,871.0,2.5,172,Ratnapark,27.7063,85.3152
2021-11-03T05:00,9.0,100,9.0,871.1,4.0,170,Ratnapark,27.7063,85.3152
2021-11-03T06:00,8.9,100,8.8,871.7,3.7,169,Ratnapark,27.7063,85.3152
2021-11-03T07:00,11.9,98,11.6,873.6,4.6,162,Ratnapark,27.7063,85.3152
2021-11-03T08:00,16.6,78,12.7,876.5,1.1,90,Ratnapark,27.7063,85.3152
2021-11-03T09:00,18.2,67,11.9,877.0,2.7,337,Ratnapark,27.7063,85.3152
2021-11-03T10:00,19.4,58,10.9,876.7,4.8,318,Ratnapark,27.7063,85.3152
2021-11-03T11:00,20.4,52,10.3,875.8,6.4,313,Ratnapark,27.7063,85.3152
2021-11-03T12:00,20.8,52,10.5,874.8,8.2,311,Ratnapark,27.7063,85.3152
2021-11-03T13:00,20.6,58,12.0,873.7,9.7,309,Ratnapark,27.7063,85.3152
2021-11-03T14:00,20.0,63,12.9,873.2,9.4,302,Ratnapark,27.7063,85.3152
2021-11-03T15:00,18.6,72,13.5,872.6,9.5,307,Ratnapark,27.7063,85.3152
2021-11-03T16:00,17.0,79,13.4,872.3,5.9,317,Ratnapark,27.7063,85.3152
2021-11-03T17:00,15.4,85,12.9,871.7,6.6,319,Ratnapark,27.7063,85.3152
2021-11-03T18:00,15.9,77,11.9,872.7,4.5,241,Ratnapark,27.7063,85.3152
2021-11-03T19:00,15.5,80,12.0,873.0,4.6,231,Ratnapark,27.7063,85.3152
2021-11-03T20:00,15.0,82,12.0,873.5,4.1,225,Ratnapark,27.7063,85.3152
2021-11-03T21:00,14.7,83,11.9,873.7,2.6,196,Ratnapark,27.7063,85.3152
2021-11-03T22:00,14.4,84,11.7,873.7,2.2,180,Ratnapark,27.7063,85.3152
2021-11-03T23:00,14.0,85,11.5,873.2,1.8,180,Ratnapark,27.7063,85.3152
2021-11-04T00:00,13.4,87,11.3,872.8,1.8,169,Ratnapark,27.7063,85.3152
2021-11-04T01:00,11.6,92,10.4,871.5,1.6,153,Ratnapark,27.7063,85.3152
2021-11-04T02:00,10.2,95,9.5,870.5,2.4,153,Ratnapark,27.7063,85.3152
2021-11-04T03:00,9.5,97,9.1,869.9,3.2,153,Ratnapark,27.7063,85.3152
2021-11-04T04:00,9.9,99,9.7,870.0,3.2,153,Ratnapark,27.7063,85.3152
2021-11-04T05:00,9.3,100,9.3,869.8,4.7,157,Ratnapark,27.7063,85.3152
2021-11-04T06:00,9.3,100,9.3,870.3,5.4,160,Ratnapark,27.7063,85.3152
2021-11-04T07:00,12.5,96,11.9,872.5,4.8,153,Ratnapark,27.7063,85.3152
2021-11-04T08:00,16.8,71,11.5,875.1,2.2,99,Ratnapark,27.7063,85.3152
2021-11-04T09:00,18.3,65,11.5,875.5,2.6,16,Ratnapark,27.7063,85.3152
2021-11-04T10:00,19.5,58,11.0,875.4,3.8,319,Ratnapark,27.7063,85.3152
2021-11-04T11:00,20.4,53,10.5,874.9,6.0,303,Ratnapark,27.7063,85.3152
2021-11-04T12:00,20.7,51,10.2,874.0,7.8,304,Ratnapark,27.7063,85.3152
2021-11-04T13:00,20.1,56,11.0,873.0,9.4,302,Ratnapark,27.7063,85.3152
2021-11-04T14:00,19.3,62,11.8,872.4,10.3,306,Ratnapark,27.7063,85.3152
2021-11-04T15:00,18.4,65,11.8,872.1,9.2,315,Ratnapark,27.7063,85.3152
2021-11-04T16:00,16.8,73,12.0,871.7,5.0,330,Ratnapark,27.7063,85.3152
2021-11-04T17:00,16.3,65,9.7,872.0,4.4,261,Ratnapark,27.7063,85.3152
2021-11-04T18:00,15.6,68,9.8,872.3,4.1,225,Ratnapark,27.7063,85.3152
2021-11-04T19:00,13.1,83,10.2,871.8,4.6,219,Ratnapark,27.7063,85.3152
2021-11-04T20:00,11.8,89,10.0,871.9,3.0,194,Ratnapark,27.7063,85.3152
2021-11-04T21:00,11.1,92,9.8,871.8,2.5,188,Ratnapark,27.7063,85.3152
2021-11-04T22:00,10.6,93,9.5,871.5,2.2,189,Ratnapark,27.7063,85.3152
2021-11-04T23:00,9.9,95,9.2,870.7,2.2,189,Ratnapark,27.7063,85.3152
2021-11-05T00:00,9.8,97,9.3,870.6,1.4,180,Ratnapark,27.7063,85.3152
2021-11-05T01:00,9.5,97,9.1,870.1,1.4,180,Ratnapark,27.7063,85.3152
2021-11-05T02:00,9.1,97,8.6,869.6,1.8,169,Ratnapark,27.7063,85.3152
2021-11-05T03:00,8.4,99,8.2,869.2,2.3,162,Ratnapark,27.7063,85.3152
2021-11-05T04:00,8.2,99,8.0,869.2,4.3,156,Ratnapark,27.7063,85.3152
2021-11-05T05:00,7.5,100,7.5,869.1,5.0,159,Ratnapark,27.7063,85.3152
2021-11-05T06:00,7.7,99,7.6,869.3,5.0,159,Ratnapark,27.7063,85.3152
2021-11-05T07:00,11.4,95,10.5,871.4,6.3,156,Ratnapark,27.7063,85.3152
2021-11-05T08:00,16.5,73,11.7,874.3,3.3,131,Ratnapark,27.7063,85.3152
2021-11-05T09:00,18.3,60,10.4,875.1,1.3,56,Ratnapark,27.7063,85.3152
2021-11-05T10:00,19.5,52,9.3,875.0,2.2,351,Ratnapark,27.7063,85.3152
2021-11-05T11:00,20.4,44,7.8,874.5,4.3,312,Ratnapark,27.7063,85.3152
2021-11-05T12:00,20.7,45,8.3,873.4,6.6,315,Ratnapark,27.7063,85.3152
2021-11-05T13:00,20.3,52,10.1,872.4,8.7,315,Ratnapark,27.7063,85.3152
2021-11-05T14:00,19.4,62,11.9,871.9,10.0,311,Ratnapark,27.7063,85.3152
2021-11-05T15:00,18.2,68,12.2,871.7,9.4,317,Ratnapark,27.7063,85.3152
2021-11-05T16:00,16.5,74,11.8,871.4,4.7,328,Ratnapark,27.7063,85.3152
2021-11-05T17:00,15.8,67,9.6,870.8,4.8,297,Ratnapark,27.7063,85.3152
2021-11-05T18:00,15.7,66,9.3,871.1,4.8,243,Ratnapark,27.7063,85.3152
2021-11-05T19:00,15.5,68,9.6,871.4,5.1,266,Ratnapark,27.7063,85.3152
2021-11-05T20:00,15.2,71,10.0,871.5,2.9,210,Ratnapark,27.7063,85.3152
2021-11-05T21:00,14.6,75,10.3,871.7,0.4,180,Ratnapark,27.7063,85.3152
2021-11-05T22:00,13.5,82,10.5,871.2,1.8,180,Ratnapark,27.7063,85.3152
2021-11-05T23:00,10.2,95,9.5,869.6,2.9,180,Ratnapark,27.7063,85.3152
2021-11-06T00:00,10.1,99,9.9,869.3,1.8,169,Ratnapark,27.7063,85.3152
2021-11-06T01:00,9.5,99,9.3,868.5,1.8,169,Ratnapark,27.7063,85.3152
2021-11-06T02:00,8.9,99,8.7,867.6,2.9,173,Ratnapark,27.7063,85.3152
2021-11-06T03:00,8.3,100,8.2,866.7,4.0,170,Ratnapark,27.7063,85.3152
2021-11-06T04:00,7.6,100,7.6,866.4,3.7,169,Ratnapark,27.7063,85.3152
2021-11-06T05:00,7.2,100,7.2,867.3,4.9,163,Ratnapark,27.7063,85.3152
2021-11-06T06:00,7.4,99,7.3,867.7,6.5,161,Ratnapark,27.7063,85.3152
2021-11-06T07:00,11.3,93,10.2,870.1,7.0,159,Ratnapark,27.7063,85.3152
2021-11-06T08:00,16.3,72,11.3,872.7,3.3,139,Ratnapark,27.7063,85.3152
2021-11-06T09:00,18.1,63,11.0,873.4,0.8,333,Ratnapark,27.7063,85.3152
2021-11-06T10:00,19.3,58,10.8,873.3,4.3,312,Ratnapark,27.7063,85.3152
2021-11-06T11:00,19.9,56,10.9,872.7,7.4,317,Ratnapark,27.7063,85.3152
2021-11-06T12:00,20.0,57,11.2,871.5,8.7,318,Ratnapark,27.7063,85.3152
2021-11-06T13:00,19.7,63,12.4,870.5,9.2,321,Ratnapark,27.7063,85.3152
2021-11-06T14:00,19.0,68,13.0,869.9,8.1,315,Ratnapark,27.7063,85.3152
2021-11-06T15:00,18.1,72,13.1,869.3,7.7,311,Ratnapark,27.7063,85.3152
2021-11-06T16:00,16.2,81,13.0,869.0,4.1,322,Ratnapark,27.7063,85.3152
2021-11-06T17:00,15.5,75,11.1,868.6,2.4,207,Ratnapark,27.7063,85.3152
2021-11-06T18:00,13.0,87,10.9,868.2,3.1,201,Ratnapark,27.7063,85.3152
2021-11-06T19:00,14.2,82,11.1,869.4,2.6,196,Ratnapark,27.7063,85.3152
2021-11-06T20:00,14.5,81,11.2,870.1,1.1,180,Ratnapark,27.7063,85.3152
2021-11-06T21:00,13.1,87,10.9,869.7,1.8,180,Ratnapark,27.7063,85.3152
2021-11-06T22:00,12.1,90,10.5,869.2,1.4,180,Ratnapark,27.7063,85.3152
2021-11-06T23:00,11.6,92,10.3,869.0,1.4,180,Ratnapark,27.7063,85.3152
2021-11-07T00:00,9.9,97,9.5,867.8,3.0,166,Ratnapark,27.7063,85.3152
2021-11-07T01:00,10.0,99,9.8,867.5,2.6,164,Ratnapark,27.7063,85.3152
2021-11-07T02:00,9.1,98,8.8,866.8,3.0,166,Ratnapark,27.7063,85.3152
2021-11-07T03:00,8.2,99,8.1,866.4,4.7,157,Ratnapark,27.7063,85.3152
2021-11-07T04:00,7.6,99,7.5,866.4,5.4,160,Ratnapark,27.7063,85.3152
2021-11-07T05:00,7.8,100,7.8,866.8,5.6,165,Ratnapark,27.7063,85.3152
2021-11-07T06:00,7.9,99,7.8,867.4,6.5,161,Ratnapark,27.7063,85.3152
2021-11-07T07:00,11.6,92,10.4,870.0,7.6,155,Ratnapark,27.7063,85.3152
2021-11-07T08:00,16.3,76,12.0,873.0,4.9,126,Ratnapark,27.7063,85.3152
2021-11-07T09:00,18.0,65,11.4,873.5,3.3,103,Ratnapark,27.7063,85.3152
2021-11-07T10:00,19.2,60,11.2,873.6,1.1,72,Ratnapark,27.7063,85.3152
2021-11-07T11:00,20.1,57,11.3,873.2,2.5,352,Ratnapark,27.7063,85.3152
2021-11-07T12:00,20.5,56,11.6,872.2,4.8,333,Ratnapark,27.7063,85.3152
2021-11-07T13:00,20.6,57,11.7,871.5,6.3,329,Ratnapark,27.7063,85.3152
2021-11-07T14:00,19.8,60,11.7,871.2,6.9,321,Ratnapark,27.7063,85.3152
2021-11-07T15:00,18.6,64,11.7,871.1,7.4,317,Ratnapark,27.7063,85.3152
2021-11-07T16:00,17.3,72,12.1,871.0,4.7,328,Ratnapark,27.7063,85.3152
2021-11-07T17:00,16.6,67,10.4,870.9,3.2,27,Ratnapark,27.7063,85.3152
2021-11-07T18:00,15.8,70,10.2,871.3,0.4,180,Ratnapark,27.7063,85.3152
2021-11-07T19:00,15.3,71,10.2,871.8,1.4,180,Ratnapark,27.7063,85.3152
2021-11-07T20:00,15.1,71,10.0,872.3,1.9,158,Ratnapark,27.7063,85.3152
2021-11-07T21:00,14.6,73,9.8,872.6,2.9,150,Ratnapark,27.7063,85.3152
2021-11-07T22:00,13.0,79,9.5,871.8,2.3,162,Ratnapark,27.7063,85.3152
2021-11-07T23:00,10.4,91,9.0,870.6,2.6,164,Ratnapark,27.7063,85.3152
2021-11-08T00:00,10.1,94,9.2,870.3,2.2,171,Ratnapark,27.7063,85.3152
2021-11-08T01:00,9.0,98,8.7,869.5,3.8,163,Ratnapark,27.7063,85.3152
2021-11-08T02:00,8.4,99,8.2,868.9,5.0,159,Ratnapark,27.7063,85.3152
2021-11-08T03:00,8.1,99,8.0,868.6,6.0,155,Ratnapark,27.7063,85.3152
2021-11-08T04:00,8.1,97,7.7,868.8,6.0,155,Ratnapark,27.7063,85.3152
2021-11-08T05:00,8.2,93,7.1,869.4,5.5,157,Ratnapark,27.7063,85.3152
2021-11-08T06:00,8.4,92,7.1,870.1,6.1,152,Ratnapark,27.7063,85.3152
2021-11-08T07:00,11.7,82,8.8,872.3,7.1,135,Ratnapark,27.7063,85.3152
2021-11-08T08:00,16.4,60,8.7,875.0,5.8,94,Ratnapark,27.7063,85.3152
2021-11-08T09:00,18.2,59,10.2,875.3,6.1,87,Ratnapark,27.7063,85.3152
2021-11-08T10:00,19.5,57,10.9,875.2,5.4,94,Ratnapark,27.7063,85.3152
2021-11-08T11:00,20.6,56,11.5,874.4,2.5,98,Ratnapark,27.7063,85.3152
2021-11-08T12:00,21.5,52,11.3,873.6,0.8,27,Ratnapark,27.7063,85.3152
2021-11-08T13:00,21.9,49,10.7,872.8,3.5,336,Ratnapark,27.7063,85.3152
2021-11-08T14:00,21.1,52,10.8,872.6,6.1,315,Ratnapark,27.7063,85.3152
2021-11-08T15:00,19.5,62,12.0,872.3,6.3,301,Ratnapark,27.7063,85.3152
2021-11-08T16:00,17.5,79,13.8,872.0,4.0,297,Ratnapark,27.7063,85.3152
2021-11-08T17:00,16.9,73,12.1,871.9,3.8,253,Ratnapark,27.7063,85.3152
2021-11-08T18:00,15.2,81,11.9,871.9,2.3,198,Ratnapark,27.7063,85.3152
2021-11-08T19:00,13.9,84,11.3,872.1,2.7,203,Ratnapark,27.7063,85.3152
2021-11-08T20:00,15.3,75,10.8,873.1,2.9,210,Ratnapark,27.7063,85.3152
2021-11-08T21:00,15.4,74,10.7,873.5,1.9,202,Ratnapark,27.7063,85.3152
2021-11-08T22:00,15.3,74,10.6,873.7,2.5,172,Ratnapark,27.7063,85.3152
2021-11-08T23:00,15.2,74,10.5,873.5,2.6,164,Ratnapark,27.7063,85.3152
2021-11-09T00:00,14.7,75,10.4,873.2,1.8,169,Ratnapark,27.7063,85.3152
2021-11-09T01:00,14.0,78,10.3,872.6,2.7,157,Ratnapark,27.7063,85.3152
2021-11-09T02:00,11.6,86,9.4,871.3,3.9,158,Ratnapark,27.7063,85.3152
2021-11-09T03:00,9.9,92,8.6,870.2,4.5,151,Ratnapark,27.7063,85.3152
2021-11-09T04:00,9.9,93,8.7,870.4,3.5,156,Ratnapark,27.7063,85.3152
2021-11-09T05:00,9.9,94,8.9,871.4,4.3,156,Ratnapark,27.7063,85.3152
2021-11-09T06:00,10.3,93,9.2,872.0,4.2,149,Ratnapark,27.7063,85.3152
2021-11-09T07:00,13.2,85,10.8,873.8,6.1,135,Ratnapark,27.7063,85.3152
2021-11-09T08:00,16.7,67,10.6,875.7,4.3,90,Ratnapark,27.7063,85.3152
2021-11-09T09:00,18.5,62,11.1,876.2,4.0,85,Ratnapark,27.7063,85.3152
2021-11-09T10:00,20.0,57,11.3,876.2,2.2,81,Ratnapark,27.7063,85.3152
2021-11-09T11:00,21.0,54,11.4,875.6,0.4,360,Ratnapark,27.7063,85.3152
2021-11-09T12:00,21.7,51,11.3,874.5,2.2,279,Ratnapark,27.7063,85.3152
2021-11-09T13:00,21.7,52,11.4,873.9,4.7,274,Ratnapark,27.7063,85.3152
2021-11-09T14:00,20.9,55,11.4,873.6,5.8,292,Ratnapark,27.7063,85.3152
2021-11-09T15:00,19.7,60,11.7,873.1,6.0,303,Ratnapark,27.7063,85.3152
2021-11-09T16:00,17.7,75,13.2,872.7,4.2,301,Ratnapark,27.7063,85.3152
2021-11-09T17:00,16.1,81,12.9,872.5,5.3,242,Ratnapark,27.7063,85.3152
2021-11-09T18:00,15.7,79,12.0,873.3,3.6,217,Ratnapark,27.7063,85.3152
2021-11-09T19:00,15.9,74,11.4,873.9,3.6,217,Ratnapark,27.7063,85.3152
2021-11-09T20:00,16.0,72,10.9,874.5,3.7,191,Ratnapark,27.7063,85.3152
2021-11-09T21:00,16.2,69,10.4,874.7,3.6,127,Ratnapark,27.7063,85.3152
2021-11-09T22:00,15.8,69,10.2,874.4,4.1,105,Ratnapark,27.7063,85.3152
2021-11-09T23:00,15.2,72,10.1,873.9,3.8,131,Ratnapark,27.7063,85.3152
2021-11-10T00:00,14.7,74,10.0,873.3,3.6,143,Ratnapark,27.7063,85.3152
2021-11-10T01:00,14.1,76,9.8,872.8,3.9,146,Ratnapark,27.7063,85.3152
2021-11-10T02:00,11.2,86,8.9,871.0,4.9,144,Ratnapark,27.7063,85.3152
2021-11-10T03:00,9.9,90,8.4,870.3,4.3,156,Ratnapark,27.7063,85.3152
2021-11-10T04:00,9.9,91,8.5,870.1,3.2,153,Ratnapark,27.7063,85.3152
2021-11-10T05:00,9.5,93,8.5,870.7,3.5,156,Ratnapark,27.7063,85.3152
2021-11-10T06:00,9.6,93,8.6,871.4,4.0,153,Ratnapark,27.7063,85.3152
2021-11-10T07:00,12.7,86,10.5,873.6,5.5,148,Ratnapark,27.7063,85.3152
2021-11-10T08:00,16.9,69,11.2,875.8,4.0,95,Ratnapark,27.7063,85.3152
2021-11-10T09:00,18.7,60,10.7,876.1,4.5,61,Ratnapark,27.7063,85.3152
2021-11-10T10:00,19.9,54,10.2,875.7,4.4,35,Ratnapark,27.7063,85.3152
2021-11-10T11:00,20.9,50,10.2,874.9,5.1,8,Ratnapark,27.7063,85.3152
2021-11-10T12:00,21.2,50,10.5,873.9,7.8,347,Ratnapark,27.7063,85.3152
2021-11-10T13:00,20.9,53,11.0,873.2,8.7,330,Ratnapark,27.7063,85.3152
2021-11-10T14:00,20.1,56,11.1,872.4,8.7,322,Ratnapark,27.7063,85.3152
2021-11-10T15:00,19.2,59,11.0,872.2,7.4,317,Ratnapark,27.7063,85.3152
2021-11-10T16:00,17.3,73,12.4,871.8,3.8,311,Ratnapark,27.7063,85.3152
2021-11-10T17:00,16.4,65,9.9,871.9,1.8,143,Ratnapark,27.7063,85.3152
2021-11-10T18:00,15.5,70,10.2,872.0,0.7,180,Ratnapark,27.7063,85.3152
2021-11-10T19:00,15.1,74,10.4,872.6,0.7,180,Ratnapark,27.7063,85.3152
2021-11-10T20:00,15.0,74,10.3,873.0,0.7,180,Ratnapark,27.7063,85.3152
2021-11-10T21:00,14.8,75,10.4,873.4,1.8,180,Ratnapark,27.7063,85.3152
2021-11-10T22:00,14.4,76,10.3,873.6,3.0,166,Ratnapark,27.7063,85.3152
2021-11-10T23:00,14.1,77,10.1,873.4,4.2,149,Ratnapark,27.7063,85.3152
2021-11-11T00:00,13.7,77,9.8,872.8,4.4,145,Ratnapark,27.7063,85.3152
2021-11-11T01:00,12.4,81,9.2,871.9,4.4,145,Ratnapark,27.7063,85.3152
2021-11-11T02:00,10.1,88,8.3,870.4,4.7,148,Ratnapark,27.7063,85.3152
2021-11-11T03:00,9.4,91,8.0,869.5,3.9,158,Ratnapark,27.7063,85.3152
2021-11-11T04:00,9.4,91,8.0,869.5,3.7,151,Ratnapark,27.7063,85.3152
2021-11-11T05:00,9.1,92,7.9,870.1,3.9,158,Ratnapark,27.7063,85.3152
2021-11-11T06:00,9.6,92,8.3,870.8,3.9,158,Ratnapark,27.7063,85.3152
2021-11-11T07:00,12.5,86,10.2,872.8,5.6,153,Ratnapark,27.7063,85.3152
2021-11-11T08:00,16.6,70,11.0,874.9,3.2,90,Ratnapark,27.7063,85.3152
2021-11-11T09:00,18.5,63,11.3,875.3,3.0,76,Ratnapark,27.7063,85.3152
2021-11-11T10:00,19.8,58,11.3,875.1,1.3,56,Ratnapark,27.7063,85.3152
2021-11-11T11:00,20.7,56,11.5,874.6,2.6,304,Ratnapark,27.7063,85.3152
2021-11-11T12:00,21.1,55,11.6,873.7,6.2,306,Ratnapark,27.7063,85.3152
2021-11-11T13:00,20.7,57,11.9,872.8,9.4,310,Ratnapark,27.7063,85.3152
2021-11-11T14:00,19.8,61,12.0,872.2,10.7,320,Ratnapark,27.7063,85.3152
2021-11-11T15:00,18.6,64,11.7,871.7,9.2,321,Ratnapark,27.7063,85.3152
2021-11-11T16:00,16.5,75,12.1,871.3,4.3,336,Ratnapark,27.7063,85.3152
2021-11-11T17:00,15.9,64,9.2,871.3,3.1,45,Ratnapark,27.7063,85.3152
2021-11-11T18:00,15.0,67,9.0,871.6,1.1,162,Ratnapark,27.7063,85.3152
2021-11-11T19:00,14.6,71,9.3,872.1,0.4,180,Ratnapark,27.7063,85.3152
2021-11-11T20:00,14.2,73,9.5,872.5,0.4,180,Ratnapark,27.7063,85.3152
2021-11-11T21:00,13.9,74,9.4,872.9,0.4,180,Ratnapark,27.7063,85.3152
2021-11-11T22:00,13.7,75,9.3,872.7,0.7,180,Ratnapark,27.7063,85.3152
2021-11-11T23:00,12.7,78,9.0,871.9,1.1,180,Ratnapark,27.7063,85.3152
2021-11-12T00:00,13.2,75,9.0,871.7,0.4,180,Ratnapark,27.7063,85.3152
2021-11-12T01:00,13.1,74,8.7,871.4,1.5,166,Ratnapark,27.7063,85.3152
2021-11-12T02:00,11.9,78,8.1,870.3,2.6,164,Ratnapark,27.7063,85.3152
2021-11-12T03:00,9.2,87,7.1,868.8,3.7,169,Ratnapark,27.7063,85.3152
2021-11-12T04:00,8.7,88,6.8,868.5,3.7,169,Ratnapark,27.7063,85.3152
2021-11-12T05:00,8.4,92,7.1,868.9,4.1,165,Ratnapark,27.7063,85.3152
2021-11-12T06:00,9.3,90,7.7,870.1,3.5,156,Ratnapark,27.7063,85.3152
2021-11-12T07:00,12.0,85,9.6,872.2,6.1,152,Ratnapark,27.7063,85.3152
2021-11-12T08:00,16.3,69,10.5,875.0,3.9,112,Ratnapark,27.7063,85.3152
2021-11-12T09:00,18.3,60,10.3,875.6,3.3,49,Ratnapark,27.7063,85.3152
2021-11-12T10:00,19.7,53,9.8,875.4,3.1,21,Ratnapark,27.7063,85.3152
2021-11-12T11:00,20.9,49,9.8,874.8,3.9,326,Ratnapark,27.7063,85.3152
2021-11-12T12:00,21.2,50,10.4,873.9,7.4,313,Ratnapark,27.7063,85.3152
2021-11-12T13:00,20.7,53,10.9,873.2,9.4,317,Ratnapark,27.7063,85.3152
2021-11-12T14:00,19.7,58,11.2,872.7,10.2,321,Ratnapark,27.7063,85.3152
2021-11-12T15:00,18.3,64,11.3,872.2,8.9,328,Ratnapark,27.7063,85.3152
2021-11-12T16:00,15.9,78,12.0,871.7,4.6,342,Ratnapark,27.7063,85.3152
2021-11-12T17:00,15.6,67,9.6,872.0,4.0,297,Ratnapark,27.7063,85.3152
2021-11-12T18:00,15.3,68,9.3,872.4,3.4,212,Ratnapark,27.7063,85.3152
2021-11-12T19:00,14.9,68,9.2,872.8,2.2,180,Ratnapark,27.7063,85.3152
2021-11-12T20:00,13.9,73,9.2,872.9,2.2,180,Ratnapark,27.7063,85.3152
2021-11-12T21:00,12.1,81,8.9,872.2,2.5,180,Ratnapark,27.7063,85.3152
2021-11-12T22:00,11.8,81,8.7,872.0,2.2,180,Ratnapark,27.7063,85.3152
2021-11-12T23:00,13.1,76,9.0,872.6,0.7,180,Ratnapark,27.7063,85.3152
2021-11-13T00:00,13.3,75,8.9,872.2,0.7,180,Ratnapark,27.7063,85.3152
2021-11-13T01:00,13.3,73,8.6,871.8,1.8,180,Ratnapark,27.7063,85.3152
2021-11-13T02:00,10.7,81,7.5,869.9,2.5,172,Ratnapark,27.7063,85.3152
2021-11-13T03:00,9.6,83,6.9,869.1,2.6,164,Ratnapark,27.7063,85.3152
2021-11-13T04:00,9.1,84,6.6,869.1,3.3,167,Ratnapark,27.7063,85.3152
2021-11-13T05:00,8.6,89,6.9,869.7,4.7,157,Ratnapark,27.7063,85.3152
2021-11-13T06:00,8.9,89,7.3,870.4,3.7,151,Ratnapark,27.7063,85.3152
2021-11-13T07:00,11.8,85,9.4,872.4,6.3,156,Ratnapark,27.7063,85.3152
2021-11-13T08:00,15.9,69,10.3,874.6,3.3,131,Ratnapark,27.7063,85.3152
2021-11-13T09:00,18.3,60,10.4,875.4,0.8,27,Ratnapark,27.7063,85.3152
2021-11-13T10:00,19.7,51,9.3,875.2,3.1,324,Ratnapark,27.7063,85.3152
2021-11-13T11:00,20.4,48,9.0,874.5,6.4,317,Ratnapark,27.7063,85.3152
2021-11-13T12:00,20.4,48,9.1,873.2,8.7,315,Ratnapark,27.7063,85.3152
2021-11-13T13:00,20.1,52,9.8,872.4,9.4,317,Ratnapark,27.7063,85.3152
2021-11-13T14:00,19.3,56,10.3,871.5,9.2,318,Ratnapark,27.7063,85.3152
2021-11-13T15:00,18.0,61,10.5,871.0,7.7,323,Ratnapark,27.7063,85.3152
2021-11-13T16:00,15.2,79,11.6,870.1,5.0,330,Ratnapark,27.7063,85.3152
2021-11-13T17:00,13.3,76,9.3,869.5,3.3,186,Ratnapark,27.7063,85.3152
2021-11-13T18:00,11.1,88,9.2,869.4,4.1,195,Ratnapark,27.7063,85.3152
2021-11-13T19:00,11.4,87,9.3,870.1,3.0,194,Ratnapark,27.7063,85.3152
2021-11-13T20:00,11.7,86,9.4,870.7,2.2,180,Ratnapark,27.7063,85.3152
2021-11-13T21:00,11.3,87,9.2,870.8,1.8,180,Ratnapark,27.7063,85.3152
2021-11-13T22:00,9.9,91,8.4,870.0,2.9,173,Ratnapark,27.7063,85.3152
2021-11-13T23:00,9.7,91,8.3,869.7,3.0,166,Ratnapark,27.7063,85.3152
2021-11-14T00:00,10.4,88,8.5,869.8,3.5,156,Ratnapark,27.7063,85.3152
2021-11-14T01:00,8.9,91,7.5,868.7,5.0,150,Ratnapark,27.7063,85.3152
2021-11-14T02:00,8.4,92,7.1,868.2,5.5,148,Ratnapark,27.7063,85.3152
2021-11-14T03:00,8.2,93,7.1,868.1,4.8,153,Ratnapark,27.7063,85.3152
2021-11-14T04:00,8.0,95,7.2,868.0,3.5,156,Ratnapark,27.7063,85.3152
2021-11-14T05:00,7.7,98,7.4,869.0,3.5,156,Ratnapark,27.7063,85.3152
2021-11-14T06:00,8.1,97,7.7,869.4,4.5,151,Ratnapark,27.7063,85.3152
2021-11-14T07:00,10.9,92,9.7,871.3,6.8,148,Ratnapark,27.7063,85.3152
2021-11-14T08:00,15.4,76,11.2,873.9,3.9,112,Ratnapark,27.7063,85.3152
2021-11-14T09:00,17.6,65,11.0,874.6,3.0,76,Ratnapark,27.7063,85.3152
2021-11-14T10:00,19.2,58,10.9,874.5,1.8,11,Ratnapark,27.7063,85.3152
2021-11-14T11:00,20.2,55,10.9,873.8,3.7,331,Ratnapark,27.7063,85.3152
2021-11-14T12:00,20.6,55,11.3,872.9,5.1,321,Ratnapark,27.7063,85.3152
2021-11-14T13:00,20.3,57,11.6,872.0,7.2,323,Ratnapark,27.7063,85.3152
2021-11-14T14:00,19.4,62,11.9,871.4,9.1,326,Ratnapark,27.7063,85.3152
2021-11-14T15:00,18.0,68,12.0,871.0,8.3,326,Ratnapark,27.7063,85.3152
2021-11-14T16:00,15.8,80,12.4,870.3,3.9,326,Ratnapark,27.7063,85.3152
2021-11-14T17:00,14.9,74,10.4,870.2,2.3,219,Ratnapark,27.7063,85.3152
2021-11-14T18:00,14.4,77,10.4,870.6,1.9,202,Ratnapark,27.7063,85.3152
2021-11-14T19:00,12.5,87,10.3,870.3,2.6,196,Ratnapark,27.7063,85.3152
2021-11-14T20:00,13.0,87,10.8,871.1,1.9,202,Ratnapark,27.7063,85.3152
2021-11-14T21:00,11.4,94,10.4,870.7,0.0,270,Ratnapark,27.7063,85.3152
2021-11-14T22:00,11.0,95,10.2,870.5,1.5,166,Ratnapark,27.7063,85.3152
2021-11-14T23:00,12.2,91,10.8,870.9,3.9,146,Ratnapark,27.7063,85.3152
2021-11-15T00:00,12.3,87,10.3,870.8,5.0,120,Ratnapark,27.7063,85.3152
2021-11-15T01:00,10.9,90,9.3,869.8,5.1,129,Ratnapark,27.7063,85.3152
2021-11-15T02:00,9.4,94,8.4,868.6,5.4,132,Ratnapark,27.7063,85.3152
2021-11-15T03:00,8.9,95,8.2,868.1,5.4,127,Ratnapark,27.7063,85.3152
2021-11-15T04:00,8.4,97,7.9,867.9,5.3,118,Ratnapark,27.7063,85.3152
2021-11-15T05:00,7.5,100,7.5,868.2,3.1,144,Ratnapark,27.7063,85.3152
2021-11-15T06:00,7.9,99,7.8,868.6,4.6,141,Ratnapark,27.7063,85.3152
2021-11-15T07:00,10.1,95,9.3,870.1,5.9,128,Ratnapark,27.7063,85.3152
2021-11-15T08:00,14.0,75,9.7,872.3,4.0,90,Ratnapark,27.7063,85.3152
2021-11-15T09:00,16.2,66,9.9,872.8,2.8,50,Ratnapark,27.7063,85.3152
2021-11-15T10:00,17.8,59,9.8,872.7,3.6,360,Ratnapark,27.7063,85.3152
2021-11-15T11:00,18.9,55,9.7,871.9,6.3,329,Ratnapark,27.7063,85.3152
2021-11-15T12:00,19.3,53,9.4,870.9,8.3,326,Ratnapark,27.7063,85.3152
2021-11-15T13:00,19.0,53,9.2,869.8,10.1,325,Ratnapark,27.7063,85.3152
2021-11-15T14:00,18.1,57,9.5,869.3,10.5,329,Ratnapark,27.7063,85.3152
2021-11-15T15:00,16.9,68,10.9,869.1,8.8,325,Ratnapark,27.7063,85.3152
2021-11-15T16:00,14.9,81,11.7,868.6,4.1,322,Ratnapark,27.7063,85.3152
2021-11-15T17:00,14.0,77,10.1,868.4,4.7,279,Ratnapark,27.7063,85.3152
2021-11-15T18:00,14.2,76,9.9,869.1,4.1,225,Ratnapark,27.7063,85.3152
2021-11-15T19:00,14.1,75,9.7,869.6,3.6,217,Ratnapark,27.7063,85.3152
2021-11-15T20:00,13.7,77,9.7,870.1,2.3,198,Ratnapark,27.7063,85.3152
2021-11-15T21:00,13.1,79,9.6,870.1,2.2,189,Ratnapark,27.7063,85.3152
2021-11-15T22:00,12.2,82,9.3,869.9,2.6,196,Ratnapark,27.7063,85.3152
2021-11-15T23:00,12.1,83,9.2,869.6,1.8,191,Ratnapark,27.7063,85.3152
2021-11-16T00:00,11.2,85,8.7,868.9,1.4,180,Ratnapark,27.7063,85.3152
2021-11-16T01:00,9.3,90,7.7,867.9,1.8,169,Ratnapark,27.7063,85.3152
2021-11-16T02:00,7.8,93,6.8,867.0,3.1,159,Ratnapark,27.7063,85.3152
2021-11-16T03:00,7.6,94,6.6,866.9,3.9,158,Ratnapark,27.7063,85.3152
2021-11-16T04:00,7.4,94,6.4,866.9,3.5,156,Ratnapark,27.7063,85.3152
2021-11-16T05:00,7.1,97,6.6,867.7,5.2,155,Ratnapark,27.7063,85.3152
2021-11-16T06:00,7.9,95,7.2,868.9,3.2,153,Ratnapark,27.7063,85.3152
2021-11-16T07:00,10.6,91,9.2,870.9,5.8,158,Ratnapark,27.7063,85.3152
2021-11-16T08:00,14.7,76,10.6,873.4,3.3,131,Ratnapark,27.7063,85.3152
2021-11-16T09:00,16.6,73,11.7,874.3,1.8,79,Ratnapark,27.7063,85.3152
2021-11-16T10:00,18.1,65,11.4,874.3,2.5,360,Ratnapark,27.7063,85.3152
2021-11-16T11:00,19.2,54,9.7,873.6,5.5,337,Ratnapark,27.7063,85.3152
2021-11-16T12:00,19.7,50,8.9,872.6,7.7,319,Ratnapark,27.7063,85.3152
2021-11-16T13:00,19.5,52,9.5,871.5,9.4,317,Ratnapark,27.7063,85.3152
2021-11-16T14:00,18.7,59,10.5,871.0,9.9,314,Ratnapark,27.7063,85.3152
2021-11-16T15:00,17.4,66,11.0,870.9,8.7,315,Ratnapark,27.7063,85.3152
2021-11-16T16:00,15.0,78,11.2,870.3,4.6,321,Ratnapark,27.7063,85.3152
2021-11-16T17:00,14.3,70,8.9,870.3,4.0,333,Ratnapark,27.7063,85.3152
2021-11-16T18:00,13.9,71,8.7,870.8,1.8,180,Ratnapark,27.7063,85.3152
2021-11-16T19:00,13.7,71,8.6,871.4,1.5,166,Ratnapark,27.7063,85.3152
2021-11-16T20:00,13.5,72,8.5,872.0,0.7,180,Ratnapark,27.7063,85.3152
2021-11-16T21:00,13.2,72,8.3,872.1,2.5,172,Ratnapark,27.7063,85.3152
2021-11-16T22:00,11.8,76,7.7,871.7,3.8,163,Ratnapark,27.7063,85.3152
2021-11-16T23:00,9.8,83,7.1,870.7,4.3,156,Ratnapark,27.7063,85.3152
2021-11-17T00:00,8.8,86,6.7,870.4,4.8,153,Ratnapark,27.7063,85.3152
2021-11-17T01:00,8.1,89,6.4,869.8,5.2,155,Ratnapark,27.7063,85.3152
2021-11-17T02:00,7.7,91,6.3,869.6,5.3,152,Ratnapark,27.7063,85.3152
2021-11-17T03:00,7.4,92,6.2,869.4,5.2,146,Ratnapark,27.7063,85.3152
2021-11-17T04:00,7.3,92,6.2,869.9,4.7,148,Ratnapark,27.7063,85.3152
2021-11-17T05:00,7.5,93,6.5,871.0,6.0,155,Ratnapark,27.7063,85.3152
2021-11-17T06:00,7.5,93,6.5,871.5,5.6,140,Ratnapark,27.7063,85.3152
2021-11-17T07:00,11.2,86,8.9,874.1,5.2,124,Ratnapark,27.7063,85.3152
2021-11-17T08:00,14.6,73,9.8,876.3,4.8,77,Ratnapark,27.7063,85.3152
2021-11-17T09:00,16.4,63,9.5,877.0,6.0,73,Ratnapark,27.7063,85.3152
2021-11-17T10:00,18.1,56,9.2,876.8,4.9,73,Ratnapark,27.7063,85.3152
2021-11-17T11:00,19.5,51,9.1,876.1,3.3,49,Ratnapark,27.7063,85.3152
2021-11-17T12:00,20.2,50,9.5,875.0,2.9,7,Ratnapark,27.7063,85.3152
2021-11-17T13:00,20.2,52,10.1,873.9,4.6,342,Ratnapark,27.7063,85.3152
2021-11-17T14:00,19.6,56,10.7,873.4,5.7,325,Ratnapark,27.7063,85.3152
2021-11-17T15:00,18.4,62,11.0,873.0,6.0,327,Ratnapark,27.7063,85.3152
2021-11-17T16:00,15.5,79,11.8,872.1,4.6,321,Ratnapark,27.7063,85.3152
2021-11-17T17:00,14.7,71,9.5,872.1,4.1,285,Ratnapark,27.7063,85.3152
2021-11-17T18:00,14.1,73,9.3,872.5,1.1,180,Ratnapark,27.7063,85.3152
2021-11-17T19:00,13.5,77,9.5,873.2,0.7,180,Ratnapark,27.7063,85.3152
2021-11-17T20:00,12.7,81,9.4,873.3,3.3,139,Ratnapark,27.7063,85.3152
2021-11-17T21:00,10.2,89,8.5,872.2,5.4,132,Ratnapark,27.7063,85.3152
2021-11-17T22:00,9.8,90,8.2,872.2,4.4,145,Ratnapark,27.7063,85.3152
2021-11-17T23:00,9.7,91,8.3,872.1,4.2,149,Ratnapark,27.7063,85.3152
2021-11-18T00:00,9.6,90,8.1,871.5,3.4,148,Ratnapark,27.7063,85.3152
2021-11-18T01:00,9.2,89,7.5,870.5,3.2,153,Ratnapark,27.7063,85.3152
2021-11-18T02:00,9.0,89,7.3,869.6,3.4,162,Ratnapark,27.7063,85.3152
2021-11-18T03:00,8.9,89,7.2,869.4,2.9,150,Ratnapark,27.7063,85.3152
2021-11-18T04:00,9.6,85,7.2,869.6,3.4,148,Ratnapark,27.7063,85.3152
2021-11-18T05:00,9.1,92,7.8,870.0,4.7,148,Ratnapark,27.7063,85.3152
2021-11-18T06:00,9.6,88,7.7,870.5,5.3,152,Ratnapark,27.7063,85.3152
2021-11-18T07:00,11.8,82,8.7,872.1,7.1,139,Ratnapark,27.7063,85.3152
2021-11-18T08:00,15.8,68,9.9,874.6,5.3,118,Ratnapark,27.7063,85.3152
2021-11-18T09:00,18.3,57,9.6,875.8,3.7,101,Ratnapark,27.7063,85.3152
2021-11-18T10:00,19.9,53,10.0,875.7,2.3,51,Ratnapark,27.7063,85.3152
2021-11-18T11:00,20.8,51,10.2,874.9,2.3,342,Ratnapark,27.7063,85.3152
2021-11-18T12:00,21.4,50,10.4,873.8,3.1,315,Ratnapark,27.7063,85.3152
2021-11-18T13:00,21.3,50,10.4,872.7,4.8,318,Ratnapark,27.7063,85.3152
2021-11-18T14:00,20.7,52,10.5,872.1,6.6,319,Ratnapark,27.7063,85.3152
2021-11-18T15:00,19.3,57,10.6,871.6,6.4,322,Ratnapark,27.7063,85.3152
2021-11-18T16:00,16.2,75,11.8,870.6,6.1,315,Ratnapark,27.7063,85.3152
2021-11-18T17:00,16.6,63,9.4,870.8,4.8,243,Ratnapark,27.7063,85.3152
2021-11-18T18:00,13.9,77,9.9,870.1,3.5,204,Ratnapark,27.7063,85.3152
2021-11-18T19:00,14.2,74,9.6,871.1,2.7,203,Ratnapark,27.7063,85.3152
2021-11-18T20:00,15.4,68,9.6,872.4,2.3,198,Ratnapark,27.7063,85.3152
2021-11-18T21:00,15.4,68,9.5,872.4,0.7,180,Ratnapark,27.7063,85.3152
2021-11-18T22:00,13.3,79,9.7,870.9,2.2,180,Ratnapark,27.7063,85.3152
2021-11-18T23:00,12.4,84,9.8,870.1,2.9,180,Ratnapark,27.7063,85.3152
2021-11-19T00:00,11.7,87,9.6,869.3,1.8,180,Ratnapark,27.7063,85.3152
2021-11-19T01:00,11.9,86,9.6,868.9,2.2,171,Ratnapark,27.7063,85.3152
2021-11-19T02:00,12.0,86,9.6,868.6,2.3,162,Ratnapark,27.7063,85.3152
2021-11-19T03:00,11.0,90,9.4,868.1,1.9,158,Ratnapark,27.7063,85.3152
2021-11-19T04:00,11.2,88,9.3,868.1,2.6,164,Ratnapark,27.7063,85.3152
2021-11-19T05:00,11.1,91,9.7,868.5,3.3,167,Ratnapark,27.7063,85.3152
2021-11-19T06:00,11.4,89,9.7,869.0,5.2,155,Ratnapark,27.7063,85.3152
2021-11-19T07:00,13.0,86,10.7,870.9,5.0,150,Ratnapark,27.7063,85.3152
2021-11-19T08:00,16.5,72,11.5,873.2,1.8,127,Ratnapark,27.7063,85.3152
2021-11-19T09:00,18.2,61,10.5,873.9,1.8,323,Ratnapark,27.7063,85.3152
2021-11-19T10:00,19.8,50,9.2,873.4,5.4,318,Ratnapark,27.7063,85.3152
2021-11-19T11:00,20.1,49,9.0,872.3,6.2,324,Ratnapark,27.7063,85.3152
2021-11-19T12:00,20.9,45,8.6,871.1,7.4,317,Ratnapark,27.7063,85.3152
2021-11-19T13:00,21.1,46,9.0,870.2,8.2,308,Ratnapark,27.7063,85.3152
2021-11-19T14:00,20.2,55,10.8,869.7,9.5,307,Ratnapark,27.7063,85.3152
2021-11-19T15:00,18.6,67,12.2,869.2,8.4,313,Ratnapark,27.7063,85.3152
2021-11-19T16:00,16.3,80,12.9,868.9,3.9,326,Ratnapark,27.7063,85.3152
2021-11-19T17:00,15.0,84,12.3,868.2,6.4,308,Ratnapark,27.7063,85.3152
2021-11-19T18:00,13.9,88,12.0,868.6,6.0,287,Ratnapark,27.7063,85.3152
2021-11-19T19:00,13.4,90,11.8,869.1,3.3,193,Ratnapark,27.7063,85.3152
2021-11-19T20:00,12.0,94,11.1,868.8,4.0,175,Ratnapark,27.7063,85.3152
2021-11-19T21:00,11.0,97,10.5,868.5,3.3,174,Ratnapark,27.7063,85.3152
2021-11-19T22:00,10.7,99,10.5,868.3,2.2,180,Ratnapark,27.7063,85.3152
2021-11-19T23:00,10.4,100,10.3,867.8,1.8,180,Ratnapark,27.7063,85.3152
2021-11-20T00:00,9.3,100,9.2,867.3,1.8,180,Ratnapark,27.7063,85.3152
2021-11-20T01:00,8.3,99,8.2,866.5,2.6,164,Ratnapark,27.7063,85.3152
2021-11-20T02:00,7.8,99,7.7,865.5,3.3,167,Ratnapark,27.7063,85.3152
2021-11-20T03:00,7.5,100,7.5,865.1,1.5,166,Ratnapark,27.7063,85.3152
2021-11-20T04:00,7.9,99,7.8,865.4,1.8,169,Ratnapark,27.7063,85.3152
2021-11-20T05:00,7.9,100,7.9,865.4,5.2,168,Ratnapark,27.7063,85.3152
2021-11-20T06:00,7.3,99,7.2,866.0,3.0,166,Ratnapark,27.7063,85.3152
2021-11-20T07:00,10.1,93,9.0,868.3,1.1,162,Ratnapark,27.7063,85.3152
2021-11-20T08:00,16.2,74,11.5,871.8,4.0,85,Ratnapark,27.7063,85.3152
2021-11-20T09:00,16.9,61,9.3,872.6,3.3,49,Ratnapark,27.7063,85.3152
2021-11-20T10:00,18.3,54,8.9,872.6,2.3,51,Ratnapark,27.7063,85.3152
2021-11-20T11:00,20.3,46,8.4,872.2,3.3,347,Ratnapark,27.7063,85.3152
2021-11-20T12:00,19.2,52,9.2,871.3,5.8,338,Ratnapark,27.7063,85.3152
2021-11-20T13:00,20.3,49,9.4,871.0,5.9,317,Ratnapark,27.7063,85.3152
2021-11-20T14:00,20.5,51,10.0,870.6,8.7,312,Ratnapark,27.7063,85.3152
2021-11-20T15:00,19.0,63,11.7,870.4,9.9,316,Ratnapark,27.7063,85.3152
2021-11-20T16:00,16.5,76,12.2,870.2,6.5,326,Ratnapark,27.7063,85.3152
2021-11-20T17:00,15.7,68,9.9,869.6,3.1,216,Ratnapark,27.7063,85.3152
2021-11-20T18:00,12.7,86,10.4,868.5,3.8,197,Ratnapark,27.7063,85.3152
2021-11-20T19:00,12.7,86,10.4,869.5,6.7,234,Ratnapark,27.7063,85.3152
2021-11-20T20:00,12.6,86,10.4,869.9,5.1,219,Ratnapark,27.7063,85.3152
2021-11-20T21:00,13.7,85,11.3,870.9,3.0,194,Ratnapark,27.7063,85.3152
2021-11-20T22:00,14.9,78,11.1,871.5,2.7,203,Ratnapark,27.7063,85.3152
2021-11-20T23:00,13.5,86,11.2,870.4,2.2,171,Ratnapark,27.7063,85.3152
2021-11-21T00:00,13.8,80,10.3,869.8,2.5,172,Ratnapark,27.7063,85.3152
2021-11-21T01:00,11.1,86,8.8,868.3,2.9,173,Ratnapark,27.7063,85.3152
2021-11-21T02:00,10.7,83,8.0,867.3,3.0,166,Ratnapark,27.7063,85.3152
2021-11-21T03:00,10.6,80,7.3,867.0,3.0,166,Ratnapark,27.7063,85.3152
2021-11-21T04:00,10.1,79,6.6,866.6,1.5,166,Ratnapark,27.7063,85.3152
2021-11-21T05:00,10.7,72,5.9,867.4,2.2,171,Ratnapark,27.7063,85.3152
2021-11-21T06:00,11.1,68,5.4,868.4,0.7,180,Ratnapark,27.7063,85.3152
2021-11-21T07:00,14.2,67,8.2,870.6,0.4,180,Ratnapark,27.7063,85.3152
2021-11-21T08:00,17.6,55,8.4,872.8,0.8,153,Ratnapark,27.7063,85.3152
2021-11-21T09:00,19.2,49,8.2,873.8,1.9,338,Ratnapark,27.7063,85.3152
2021-11-21T10:00,20.7,46,8.8,873.8,3.5,336,Ratnapark,27.7063,85.3152
2021-11-21T11:00,22.1,44,9.1,873.1,5.1,321,Ratnapark,27.7063,85.3152
2021-11-21T12:00,22.6,43,9.5,871.9,6.7,306,Ratnapark,27.7063,85.3152
2021-11-21T13:00,22.3,47,10.5,871.0,8.9,302,Ratnapark,27.7063,85.3152
2021-11-21T14:00,21.2,56,12.2,870.4,10.4,304,Ratnapark,27.7063,85.3152
2021-11-21T15:00,19.7,63,12.4,869.9,8.7,308,Ratnapark,27.7063,85.3152
2021-11-21T16:00,16.9,76,12.7,869.3,4.6,309,Ratnapark,27.7063,85.3152
2021-11-21T17:00,16.9,70,11.4,870.0,5.2,282,Ratnapark,27.7063,85.3152
2021-11-21T18:00,16.3,72,11.2,870.7,3.1,216,Ratnapark,27.7063,85.3152
2021-11-21T19:00,12.9,86,10.6,869.8,2.3,198,Ratnapark,27.7063,85.3152
2021-11-21T20:00,11.6,92,10.4,869.8,1.5,194,Ratnapark,27.7063,85.3152
2021-11-21T21:00,11.1,94,10.1,869.7,1.4,180,Ratnapark,27.7063,85.3152
2021-11-21T22:00,10.1,97,9.6,869.4,2.2,171,Ratnapark,27.7063,85.3152
2021-11-21T23:00,9.2,99,9.1,868.8,1.5,166,Ratnapark,27.7063,85.3152
2021-11-22T00:00,8.7,100,8.7,868.1,1.8,169,Ratnapark,27.7063,85.3152
2021-11-22T01:00,8.4,100,8.4,867.5,2.3,162,Ratnapark,27.7063,85.3152
2021-11-22T02:00,8.3,100,8.3,866.9,3.0,166,Ratnapark,27.7063,85.3152
2021-11-22T03:00,8.3,100,8.3,866.7,4.6,162,Ratnapark,27.7063,85.3152
2021-11-22T04:00,8.2,100,8.2,866.5,5.2,164,Ratnapark,27.7063,85.3152
2021-11-22T05:00,8.5,100,8.5,867.6,4.5,166,Ratnapark,27.7063,85.3152
2021-11-22T06:00,8.8,100,8.7,868.1,4.6,162,Ratnapark,27.7063,85.3152
2021-11-22T07:00,11.5,94,10.5,869.7,5.8,158,Ratnapark,27.7063,85.3152
2021-11-22T08:00,16.0,79,12.3,872.0,4.4,125,Ratnapark,27.7063,85.3152
2021-11-22T09:00,18.4,64,11.4,872.9,2.5,82,Ratnapark,27.7063,85.3152
2021-11-22T10:00,20.1,53,10.1,872.9,2.0,315,Ratnapark,27.7063,85.3152
2021-11-22T11:00,21.3,42,7.8,872.2,5.4,290,Ratnapark,27.7063,85.3152
2021-11-22T12:00,21.5,43,8.5,871.2,8.3,288,Ratnapark,27.7063,85.3152
2021-11-22T13:00,20.9,50,10.1,870.3,10.2,293,Ratnapark,27.7063,85.3152
2021-11-22T14:00,19.8,58,11.4,869.7,10.5,301,Ratnapark,27.7063,85.3152
2021-11-22T15:00,18.6,63,11.4,869.0,9.1,304,Ratnapark,27.7063,85.3152
2021-11-22T16:00,16.6,73,11.8,868.6,5.7,305,Ratnapark,27.7063,85.3152
2021-11-22T17:00,14.8,73,10.0,868.1,7.6,273,Ratnapark,27.7063,85.3152
2021-11-22T18:00,14.9,73,10.1,868.7,5.4,250,Ratnapark,27.7063,85.3152
2021-11-22T19:00,13.0,82,10.0,868.5,3.1,201,Ratnapark,27.7063,85.3152
2021-11-22T20:00,10.9,92,9.7,867.9,2.2,180,Ratnapark,27.7063,85.3152
2021-11-22T21:00,10.5,97,10.0,868.2,1.4,180,Ratnapark,27.7063,85.3152
2021-11-22T22:00,9.7,100,9.7,867.8,1.8,169,Ratnapark,27.7063,85.3152
2021-11-22T23:00,9.2,100,9.2,867.4,2.3,162,Ratnapark,27.7063,85.3152
2021-11-23T00:00,8.8,100,8.7,866.9,4.5,151,Ratnapark,27.7063,85.3152
2021-11-23T01:00,8.9,100,8.9,866.7,5.6,153,Ratnapark,27.7063,85.3152
2021-11-23T02:00,8.9,100,8.9,866.4,6.0,155,Ratnapark,27.7063,85.3152
2021-11-23T03:00,9.3,97,8.8,866.3,5.8,150,Ratnapark,27.7063,85.3152
2021-11-23T04:00,9.5,94,8.6,866.7,5.5,148,Ratnapark,27.7063,85.3152
2021-11-23T05:00,9.8,93,8.8,867.8,5.1,141,Ratnapark,27.7063,85.3152
2021-11-23T06:00,9.7,94,8.7,868.5,5.6,140,Ratnapark,27.7063,85.3152
2021-11-23T07:00,11.6,88,9.7,870.3,7.1,131,Ratnapark,27.7063,85.3152
2021-11-23T08:00,14.8,75,10.4,872.4,5.9,104,Ratnapark,27.7063,85.3152
2021-11-23T09:00,16.5,65,10.0,873.0,5.8,97,Ratnapark,27.7063,85.3152
2021-11-23T10:00,17.9,59,9.9,873.0,4.3,95,Ratnapark,27.7063,85.3152
2021-11-23T11:00,19.0,54,9.5,872.5,2.0,45,Ratnapark,27.7063,85.3152
2021-11-23T12:00,20.2,48,8.8,871.4,3.4,342,Ratnapark,27.7063,85.3152
2021-11-23T13:00,19.8,49,8.7,870.7,5.9,317,Ratnapark,27.7063,85.3152
2021-11-23T14:00,18.9,54,9.4,870.3,7.1,319,Ratnapark,27.7063,85.3152
2021-11-23T15:00,17.6,63,10.5,869.8,7.4,313,Ratnapark,27.7063,85.3152
2021-11-23T16:00,15.8,73,10.9,869.5,5.6,310,Ratnapark,27.7063,85.3152
2021-11-23T17:00,13.7,85,11.1,869.3,8.5,282,Ratnapark,27.7063,85.3152
2021-11-23T18:00,13.0,87,10.8,869.8,5.8,277,Ratnapark,27.7063,85.3152
2021-11-23T19:00,13.5,83,10.6,870.8,5.1,262,Ratnapark,27.7063,85.3152
2021-11-23T20:00,13.5,82,10.4,871.3,2.9,210,Ratnapark,27.7063,85.3152
2021-11-23T21:00,12.7,85,10.3,871.4,1.4,180,Ratnapark,27.7063,85.3152
2021-11-23T22:00,10.8,93,9.7,870.7,1.8,169,Ratnapark,27.7063,85.3152
2021-11-23T23:00,10.5,95,9.8,870.5,1.9,158,Ratnapark,27.7063,85.3152
2021-11-24T00:00,9.8,99,9.6,869.8,3.9,158,Ratnapark,27.7063,85.3152
2021-11-24T01:00,8.6,100,8.6,869.1,6.2,159,Ratnapark,27.7063,85.3152
2021-11-24T02:00,8.2,100,8.2,868.6,5.8,158,Ratnapark,27.7063,85.3152
2021-11-24T03:00,8.5,100,8.4,868.7,5.8,150,Ratnapark,27.7063,85.3152
2021-11-24T04:00,8.9,100,8.9,868.9,6.5,146,Ratnapark,27.7063,85.3152
2021-11-24T05:00,9.7,100,9.7,870.4,6.2,144,Ratnapark,27.7063,85.3152
2021-11-24T06:00,9.8,100,9.8,870.9,6.8,148,Ratnapark,27.7063,85.3152
2021-11-24T07:00,10.6,97,10.2,872.1,6.4,137,Ratnapark,27.7063,85.3152
2021-11-24T08:00,13.8,83,11.1,874.4,5.2,106,Ratnapark,27.7063,85.3152
2021-11-24T09:00,15.8,69,10.1,875.2,5.9,101,Ratnapark,27.7063,85.3152
2021-11-24T10:00,17.0,63,9.9,874.9,4.9,73,Ratnapark,27.7063,85.3152
2021-11-24T11:00,17.7,61,10.0,874.1,3.8,41,Ratnapark,27.7063,85.3152
2021-11-24T12:00,18.3,57,9.8,873.3,4.0,5,Ratnapark,27.7063,85.3152
2021-11-24T13:00,18.1,59,9.9,872.5,4.1,315,Ratnapark,27.7063,85.3152
2021-11-24T14:00,17.6,62,10.2,872.0,5.2,286,Ratnapark,27.7063,85.3152
2021-11-24T15:00,16.5,73,11.5,871.8,6.5,289,Ratnapark,27.7063,85.3152
2021-11-24T16:00,15.1,84,12.4,871.7,7.6,301,Ratnapark,27.7063,85.3152
2021-11-24T17:00,14.3,90,12.7,872.0,8.7,315,Ratnapark,27.7063,85.3152
2021-11-24T18:00,13.3,96,12.8,872.5,5.8,330,Ratnapark,27.7063,85.3152
2021-11-24T19:00,12.7,99,12.6,872.6,2.5,8,Ratnapark,27.7063,85.3152
2021-11-24T20:00,12.5,100,12.5,872.9,1.8,90,Ratnapark,27.7063,85.3152
2021-11-24T21:00,11.7,100,11.7,872.4,0.8,153,Ratnapark,27.7063,85.3152
2021-11-24T22:00,11.2,100,11.2,872.2,1.6,153,Ratnapark,27.7063,85.3152
2021-11-24T23:00,10.4,100,10.4,871.5,1.5,166,Ratnapark,27.7063,85.3152
2021-11-25T00:00,10.2,100,10.2,871.1,2.3,162,Ratnapark,27.7063,85.3152
2021-11-25T01:00,9.8,100,9.8,870.6,3.0,166,Ratnapark,27.7063,85.3152
2021-11-25T02:00,9.4,100,9.4,869.9,2.6,164,Ratnapark,27.7063,85.3152
2021-11-25T03:00,9.1,100,9.1,869.6,2.6,164,Ratnapark,27.7063,85.3152
2021-11-25T04:00,8.9,100,8.9,869.7,2.3,162,Ratnapark,27.7063,85.3152
2021-11-25T05:00,9.9,100,9.9,871.4,3.4,162,Ratnapark,27.7063,85.3152
2021-11-25T06:00,10.3,100,10.3,872.2,3.5,156,Ratnapark,27.7063,85.3152
2021-11-25T07:00,12.1,96,11.4,873.6,3.5,156,Ratnapark,27.7063,85.3152
2021-11-25T08:00,13.7,80,10.2,874.9,0.4,360,Ratnapark,27.7063,85.3152
2021-11-25T09:00,14.5,75,10.1,875.4,1.8,349,Ratnapark,27.7063,85.3152
2021-11-25T10:00,15.9,71,10.6,875.4,4.1,315,Ratnapark,27.7063,85.3152
2021-11-25T11:00,16.9,65,10.4,874.6,6.9,317,Ratnapark,27.7063,85.3152
2021-11-25T12:00,16.9,68,11.0,873.4,8.7,322,Ratnapark,27.7063,85.3152
2021-11-25T13:00,16.8,69,11.1,872.3,9.2,318,Ratnapark,27.7063,85.3152
2021-11-25T14:00,16.6,70,11.0,871.6,9.2,315,Ratnapark,27.7063,85.3152
2021-11-25T15:00,15.8,74,11.1,871.0,8.9,313,Ratnapark,27.7063,85.3152
2021-11-25T16:00,14.3,83,11.4,870.7,5.9,317,Ratnapark,27.7063,85.3152
2021-11-25T17:00,13.3,86,10.9,870.6,6.0,327,Ratnapark,27.7063,85.3152
2021-11-25T18:00,13.6,82,10.6,871.2,5.2,295,Ratnapark,27.7063,85.3152
2021-11-25T19:00,13.4,83,10.6,871.6,3.3,221,Ratnapark,27.7063,85.3152
2021-11-25T20:00,12.8,86,10.5,871.7,2.2,189,Ratnapark,27.7063,85.3152
2021-11-25T21:00,12.2,88,10.3,871.8,1.8,191,Ratnapark,27.7063,85.3152
2021-11-25T22:00,10.9,93,9.8,871.1,2.5,188,Ratnapark,27.7063,85.3152
2021-11-25T23:00,10.3,96,9.7,870.6,1.4,180,Ratnapark,27.7063,85.3152
2021-11-26T00:00,9.9,97,9.5,870.0,1.1,162,Ratnapark,27.7063,85.3152
2021-11-26T01:00,9.7,99,9.6,870.0,1.1,162,Ratnapark,27.7063,85.3152
2021-11-26T02:00,9.8,99,9.7,869.9,1.1,162,Ratnapark,27.7063,85.3152
2021-11-26T03:00,10.4,97,9.9,870.2,1.5,166,Ratnapark,27.7063,85.3152
2021-11-26T04:00,10.7,96,10.0,870.4,2.3,162,Ratnapark,27.7063,85.3152
2021-11-26T05:00,10.7,94,9.8,871.6,5.0,159,Ratnapark,27.7063,85.3152
2021-11-26T06:00,11.0,94,10.1,872.4,3.0,166,Ratnapark,27.7063,85.3152
2021-11-26T07:00,12.2,89,10.5,874.0,3.3,174,Ratnapark,27.7063,85.3152
2021-11-26T08:00,13.0,86,10.7,875.1,1.8,191,Ratnapark,27.7063,85.3152
2021-11-26T09:00,13.8,81,10.5,875.6,0.7,270,Ratnapark,27.7063,85.3152
2021-11-26T10:00,14.5,76,10.4,875.3,1.5,315,Ratnapark,27.7063,85.3152
2021-11-26T11:00,15.1,74,10.4,874.7,4.1,315,Ratnapark,27.7063,85.3152
2021-11-26T12:00,15.1,74,10.6,873.7,6.6,319,Ratnapark,27.7063,85.3152
2021-11-26T13:00,14.6,79,11.0,872.9,6.1,315,Ratnapark,27.7063,85.3152
2021-11-26T14:00,14.1,83,11.3,872.4,5.6,310,Ratnapark,27.7063,85.3152
2021-11-26T15:00,13.6,86,11.3,872.0,4.2,301,Ratnapark,27.7063,85.3152
2021-11-26T16:00,13.2,86,11.0,872.0,3.1,291,Ratnapark,27.7063,85.3152
2021-11-26T17:00,12.5,95,11.6,871.9,3.8,311,Ratnapark,27.7063,85.3152
2021-11-26T18:00,12.1,95,11.4,872.3,3.3,276,Ratnapark,27.7063,85.3152
2021-11-26T19:00,11.8,97,11.3,872.6,4.0,260,Ratnapark,27.7063,85.3152
2021-11-26T20:00,12.3,93,11.2,873.2,2.8,310,Ratnapark,27.7063,85.3152
2021-11-26T21:00,12.2,91,10.8,873.5,1.8,79,Ratnapark,27.7063,85.3152
2021-11-26T22:00,11.6,95,10.8,873.2,2.9,97,Ratnapark,27.7063,85.3152
2021-11-26T23:00,11.2,95,10.4,872.9,3.4,108,Ratnapark,27.7063,85.3152
2021-11-27T00:00,10.8,94,9.8,872.3,3.3,139,Ratnapark,27.7063,85.3152
2021-11-27T01:00,11.2,91,9.8,872.2,2.0,135,Ratnapark,27.7063,85.3152
2021-11-27T02:00,11.3,90,9.7,871.7,2.6,124,Ratnapark,27.7063,85.3152
2021-11-27T03:00,10.7,92,9.5,871.3,2.5,135,Ratnapark,27.7063,85.3152
2021-11-27T04:00,10.6,94,9.7,871.1,4.1,142,Ratnapark,27.7063,85.3152
2021-11-27T05:00,10.2,96,9.6,871.7,4.1,142,Ratnapark,27.7063,85.3152
2021-11-27T06:00,9.8,98,9.5,872.1,4.1,142,Ratnapark,27.7063,85.3152
2021-11-27T07:00,11.2,94,10.3,874.0,5.7,125,Ratnapark,27.7063,85.3152
2021-11-27T08:00,13.9,77,10.0,876.1,4.3,95,Ratnapark,27.7063,85.3152
2021-11-27T09:00,15.2,68,9.3,876.8,5.4,90,Ratnapark,27.7063,85.3152
2021-11-27T10:00,16.2,59,8.2,876.8,5.0,90,Ratnapark,27.7063,85.3152
2021-11-27T11:00,16.7,56,7.8,876.2,2.1,59,Ratnapark,27.7063,85.3152
2021-11-27T12:00,17.0,55,7.9,875.3,1.5,315,Ratnapark,27.7063,85.3152
2021-11-27T13:00,16.9,57,8.2,874.6,2.1,239,Ratnapark,27.7063,85.3152
2021-11-27T14:00,16.8,60,8.9,874.0,3.4,238,Ratnapark,27.7063,85.3152
2021-11-27T15:00,16.5,63,9.4,873.6,3.3,283,Ratnapark,27.7063,85.3152
2021-11-27T16:00,14.3,81,11.2,873.0,4.9,306,Ratnapark,27.7063,85.3152
2021-11-27T17:00,13.1,81,10.0,872.8,7.6,267,Ratnapark,27.7063,85.3152
2021-11-27T18:00,13.6,79,10.1,874.1,4.7,238,Ratnapark,27.7063,85.3152
2021-11-27T19:00,12.7,83,9.9,874.0,3.1,201,Ratnapark,27.7063,85.3152
2021-11-27T20:00,13.5,77,9.5,875.1,3.6,217,Ratnapark,27.7063,85.3152
2021-11-27T21:00,13.6,74,9.0,875.4,2.4,207,Ratnapark,27.7063,85.3152
2021-11-27T22:00,13.5,73,8.7,875.5,0.4,180,Ratnapark,27.7063,85.3152
2021-11-27T23:00,12.7,76,8.6,874.9,0.7,180,Ratnapark,27.7063,85.3152
2021-11-28T00:00,12.0,79,8.5,874.3,1.9,158,Ratnapark,27.7063,85.3152
2021-11-28T01:00,11.5,80,8.2,874.0,3.1,159,Ratnapark,27.7063,85.3152
2021-11-28T02:00,11.1,79,7.7,873.3,3.2,153,Ratnapark,27.7063,85.3152
2021-11-28T03:00,9.0,84,6.5,871.8,2.7,157,Ratnapark,27.7063,85.3152
2021-11-28T04:00,7.4,90,5.8,870.8,3.1,159,Ratnapark,27.7063,85.3152
2021-11-28T05:00,7.3,94,6.5,871.5,2.7,157,Ratnapark,27.7063,85.3152
2021-11-28T06:00,7.3,94,6.4,872.1,3.2,153,Ratnapark,27.7063,85.3152
2021-11-28T07:00,9.4,89,7.7,874.0,5.2,155,Ratnapark,27.7063,85.3152
2021-11-28T08:00,14.3,72,9.4,877.0,3.9,124,Ratnapark,27.7063,85.3152
2021-11-28T09:00,16.5,59,8.4,877.7,2.3,51,Ratnapark,27.7063,85.3152
2021-11-28T10:00,17.9,53,8.1,877.5,3.1,339,Ratnapark,27.7063,85.3152
2021-11-28T11:00,18.7,50,8.0,876.7,5.1,321,Ratnapark,27.7063,85.3152
2021-11-28T12:00,19.1,50,8.4,875.8,6.9,313,Ratnapark,27.7063,85.3152
2021-11-28T13:00,19.1,51,8.7,874.9,8.7,322,Ratnapark,27.7063,85.3152
2021-11-28T14:00,18.6,55,9.4,874.4,8.4,301,Ratnapark,27.7063,85.3152
2021-11-28T15:00,17.4,59,9.4,874.2,8.3,304,Ratnapark,27.7063,85.3152
2021-11-28T16:00,15.2,71,10.0,873.9,4.6,309,Ratnapark,27.7063,85.3152
2021-11-28T17:00,14.7,66,8.3,873.5,6.8,288,Ratnapark,27.7063,85.3152
2021-11-28T18:00,14.9,63,7.9,874.5,4.5,241,Ratnapark,27.7063,85.3152
2021-11-28T19:00,14.5,65,8.0,875.0,3.2,207,Ratnapark,27.7063,85.3152
2021-11-28T20:00,14.2,67,8.1,875.4,1.1,180,Ratnapark,27.7063,85.3152
2021-11-28T21:00,13.3,71,8.2,875.4,0.7,180,Ratnapark,27.7063,85.3152
2021-11-28T22:00,13.3,71,8.1,875.6,0.7,180,Ratnapark,27.7063,85.3152
2021-11-28T23:00,13.2,70,7.9,875.1,1.1,162,Ratnapark,27.7063,85.3152
2021-11-29T00:00,12.9,71,7.7,874.6,2.2,171,Ratnapark,27.7063,85.3152
2021-11-29T01:00,11.6,75,7.3,873.7,1.8,169,Ratnapark,27.7063,85.3152
2021-11-29T02:00,8.9,84,6.4,871.9,3.0,166,Ratnapark,27.7063,85.3152
2021-11-29T03:00,7.8,88,5.9,871.1,3.3,167,Ratnapark,27.7063,85.3152
2021-11-29T04:00,7.7,88,5.8,870.9,2.6,164,Ratnapark,27.7063,85.3152
2021-11-29T05:00,7.3,91,6.0,871.3,3.0,166,Ratnapark,27.7063,85.3152
2021-11-29T06:00,7.2,91,5.8,871.6,3.4,162,Ratnapark,27.7063,85.3152
2021-11-29T07:00,9.4,85,7.0,873.3,5.6,153,Ratnapark,27.7063,85.3152
2021-11-29T08:00,14.4,70,9.1,876.3,4.1,128,Ratnapark,27.7063,85.3152
2021-11-29T09:00,16.7,56,7.9,877.3,2.3,51,Ratnapark,27.7063,85.3152
2021-11-29T10:00,17.9,49,7.0,877.1,3.8,343,Ratnapark,27.7063,85.3152
2021-11-29T11:00,18.6,45,6.5,876.4,6.5,326,Ratnapark,27.7063,85.3152
2021-11-29T12:00,18.9,44,6.5,875.3,8.0,324,Ratnapark,27.7063,85.3152
2021-11-29T13:00,18.8,45,6.5,874.2,9.0,323,Ratnapark,27.7063,85.3152
2021-11-29T14:00,18.1,48,6.8,873.5,8.7,322,Ratnapark,27.7063,85.3152
2021-11-29T15:00,16.8,54,7.3,873.1,6.8,328,Ratnapark,27.7063,85.3152
2021-11-29T16:00,13.7,75,9.4,872.2,6.5,341,Ratnapark,27.7063,85.3152
2021-11-29T17:00,14.1,54,5.1,872.7,0.8,153,Ratnapark,27.7063,85.3152
2021-11-29T18:00,11.5,69,6.1,872.2,1.8,180,Ratnapark,27.7063,85.3152
2021-11-29T19:00,10.4,77,6.4,872.3,1.8,180,Ratnapark,27.7063,85.3152
2021-11-29T20:00,9.9,80,6.5,872.3,2.6,164,Ratnapark,27.7063,85.3152
2021-11-29T21:00,9.1,83,6.4,872.2,3.3,167,Ratnapark,27.7063,85.3152
2021-11-29T22:00,10.2,77,6.3,872.7,2.5,172,Ratnapark,27.7063,85.3152
2021-11-29T23:00,9.9,77,6.0,872.1,3.4,162,Ratnapark,27.7063,85.3152
2021-11-30T00:00,9.7,76,5.6,871.7,3.9,158,Ratnapark,27.7063,85.3152
2021-11-30T01:00,10.2,71,5.2,871.8,4.3,156,Ratnapark,27.7063,85.3152
2021-11-30T02:00,8.2,79,4.8,870.5,4.7,157,Ratnapark,27.7063,85.3152
2021-11-30T03:00,7.4,82,4.6,870.0,5.5,157,Ratnapark,27.7063,85.3152
2021-11-30T04:00,7.3,83,4.6,870.2,4.8,153,Ratnapark,27.7063,85.3152
2021-11-30T05:00,6.7,89,4.9,870.6,6.8,148,Ratnapark,27.7063,85.3152
2021-11-30T06:00,7.2,87,5.2,871.4,4.4,145,Ratnapark,27.7063,85.3152
2021-11-30T07:00,9.5,83,6.8,873.2,6.7,144,Ratnapark,27.7063,85.3152
2021-11-30T08:00,13.8,70,8.5,876.0,5.9,104,Ratnapark,27.7063,85.3152
2021-11-30T09:00,16.0,61,8.4,877.3,6.8,87,Ratnapark,27.7063,85.3152
2021-11-30T10:00,17.4,55,8.2,877.3,6.8,87,Ratnapark,27.7063,85.3152
2021-11-30T11:00,18.5,51,8.2,877.0,5.4,86,Ratnapark,27.7063,85.3152
2021-11-30T12:00,19.0,50,8.2,876.0,4.6,72,Ratnapark,27.7063,85.3152
2021-11-30T13:00,19.2,49,8.2,875.0,3.1,69,Ratnapark,27.7063,85.3152
2021-11-30T14:00,19.2,49,8.1,874.6,2.0,45,Ratnapark,27.7063,85.3152
2021-11-30T15:00,18.3,57,9.7,874.3,1.9,338,Ratnapark,27.7063,85.3152
2021-11-30T16:00,14.9,74,10.4,873.3,6.4,317,Ratnapark,27.7063,85.3152
2021-11-30T17:00,15.5,61,8.0,873.7,5.6,285,Ratnapark,27.7063,85.3152
2021-11-30T18:00,14.4,65,7.9,874.2,4.6,252,Ratnapark,27.7063,85.3152
2021-11-30T19:00,13.7,66,7.6,874.6,1.8,191,Ratnapark,27.7063,85.3152
2021-11-30T20:00,13.0,68,7.3,875.1,0.7,180,Ratnapark,27.7063,85.3152
2021-11-30T21:00,10.4,79,6.9,874.0,3.1,159,Ratnapark,27.7063,85.3152
2021-11-30T22:00,8.9,85,6.5,873.0,4.2,160,Ratnapark,27.7063,85.3152
2021-11-30T23:00,8.5,87,6.4,872.8,4.0,153,Ratnapark,27.7063,85.3152
2021-12-01T00:00,8.2,86,6.0,872.4,3.7,151,Ratnapark,27.7063,85.3152
2021-12-01T01:00,8.7,82,5.8,872.4,4.2,149,Ratnapark,27.7063,85.3152
2021-12-01T02:00,9.0,78,5.4,872.1,4.4,145,Ratnapark,27.7063,85.3152
2021-12-01T03:00,8.2,80,4.9,871.4,4.2,149,Ratnapark,27.7063,85.3152
2021-12-01T04:00,7.4,82,4.5,871.2,3.7,151,Ratnapark,27.7063,85.3152
2021-12-01T05:00,6.9,88,5.1,871.6,4.7,148,Ratnapark,27.7063,85.3152
2021-12-01T06:00,7.7,83,5.0,872.5,4.4,145,Ratnapark,27.7063,85.3152
2021-12-01T07:00,10.0,78,6.2,874.3,6.0,147,Ratnapark,27.7063,85.3152
2021-12-01T08:00,14.4,67,8.4,877.0,5.7,125,Ratnapark,27.7063,85.3152
2021-12-01T09:00,16.7,57,8.2,878.3,5.8,90,Ratnapark,27.7063,85.3152
2021-12-01T10:00,18.4,51,8.0,877.9,6.2,83,Ratnapark,27.7063,85.3152
2021-12-01T11:00,19.3,47,7.8,877.2,4.1,75,Ratnapark,27.7063,85.3152
2021-12-01T12:00,20.1,45,7.8,876.0,2.7,23,Ratnapark,27.7063,85.3152
2021-12-01T13:00,20.4,45,7.9,874.9,4.0,355,Ratnapark,27.7063,85.3152
2021-12-01T14:00,20.0,47,8.3,874.2,5.0,339,Ratnapark,27.7063,85.3152
2021-12-01T15:00,18.7,53,9.0,873.9,5.6,320,Ratnapark,27.7063,85.3152
2021-12-01T16:00,15.2,71,10.0,872.7,6.7,324,Ratnapark,27.7063,85.3152
2021-12-01T17:00,15.9,53,6.3,873.4,4.6,321,Ratnapark,27.7063,85.3152
2021-12-01T18:00,15.1,55,6.0,873.7,1.5,194,Ratnapark,27.7063,85.3152
2021-12-01T19:00,14.4,58,6.3,874.3,0.4,180,Ratnapark,27.7063,85.3152
2021-12-01T20:00,13.5,63,6.7,874.3,3.1,159,Ratnapark,27.7063,85.3152
2021-12-01T21:00,14.0,60,6.3,874.8,2.6,164,Ratnapark,27.7063,85.3152
2021-12-01T22:00,13.9,60,6.2,874.9,2.2,171,Ratnapark,27.7063,85.3152
2021-12-01T23:00,13.6,60,6.0,874.7,4.1,135,Ratnapark,27.7063,85.3152
2021-12-02T00:00,12.2,67,6.2,873.8,3.9,146,Ratnapark,27.7063,85.3152
2021-12-02T01:00,10.1,77,6.3,872.4,3.5,156,Ratnapark,27.7063,85.3152
2021-12-02T02:00,9.1,83,6.3,871.3,3.3,167,Ratnapark,27.7063,85.3152
2021-12-02T03:00,9.6,79,6.1,871.3,1.1,180,Ratnapark,27.7063,85.3152
2021-12-02T04:00,8.5,84,6.0,870.3,3.1,159,Ratnapark,27.7063,85.3152
2021-12-02T05:00,9.7,83,6.9,871.5,4.1,165,Ratnapark,27.7063,85.3152
2021-12-02T06:00,10.1,81,7.0,872.4,2.7,157,Ratnapark,27.7063,85.3152
2021-12-02T07:00,11.7,78,8.0,873.8,3.7,169,Ratnapark,27.7063,85.3152
2021-12-02T08:00,15.4,69,9.6,876.4,3.0,104,Ratnapark,27.7063,85.3152
2021-12-02T09:00,17.5,57,8.9,877.5,3.1,69,Ratnapark,27.7063,85.3152
2021-12-02T10:00,18.8,53,9.0,877.3,3.0,14,Ratnapark,27.7063,85.3152
2021-12-02T11:00,19.5,50,8.8,876.3,4.0,355,Ratnapark,27.7063,85.3152
2021-12-02T12:00,19.9,50,9.3,875.1,3.8,343,Ratnapark,27.7063,85.3152
2021-12-02T13:00,20.2,50,9.6,874.5,5.5,328,Ratnapark,27.7063,85.3152
2021-12-02T14:00,19.0,52,8.9,874.0,7.0,325,Ratnapark,27.7063,85.3152
2021-12-02T15:00,17.6,53,8.0,873.7,5.7,325,Ratnapark,27.7063,85.3152
2021-12-02T16:00,15.0,73,10.3,872.8,5.2,326,Ratnapark,27.7063,85.3152
2021-12-02T17:00,15.0,55,6.1,872.8,2.3,219,Ratnapark,27.7063,85.3152
2021-12-02T18:00,13.2,69,7.6,872.5,1.5,194,Ratnapark,27.7063,85.3152
2021-12-02T19:00,12.9,74,8.3,873.3,1.1,180,Ratnapark,27.7063,85.3152
2021-12-02T20:00,12.9,72,7.9,873.7,2.3,162,Ratnapark,27.7063,85.3152
2021-12-02T21:00,11.9,79,8.4,873.6,3.1,159,Ratnapark,27.7063,85.3152
2021-12-02T22:00,12.4,77,8.5,873.7,3.2,153,Ratnapark,27.7063,85.3152
2021-12-02T23:00,12.7,77,8.8,873.4,3.1,144,Ratnapark,27.7063,85.3152
2021-12-03T00:00,12.7,76,8.5,873.5,2.3,141,Ratnapark,27.7063,85.3152
2021-12-03T01:00,11.8,82,8.7,872.4,3.1,144,Ratnapark,27.7063,85.3152
2021-12-03T02:00,11.2,85,8.7,872.0,2.3,162,Ratnapark,27.7063,85.3152
2021-12-03T03:00,11.3,85,8.9,871.9,2.5,135,Ratnapark,27.7063,85.3152
2021-12-03T04:00,11.4,79,8.0,871.9,2.5,135,Ratnapark,27.7063,85.3152
2021-12-03T05:00,10.4,85,8.0,871.8,3.8,139,Ratnapark,27.7063,85.3152
2021-12-03T06:00,10.8,84,8.2,872.3,5.5,148,Ratnapark,27.7063,85.3152
2021-12-03T07:00,12.5,79,9.0,874.3,6.1,135,Ratnapark,27.7063,85.3152
2021-12-03T08:00,13.4,79,9.8,875.7,5.1,135,Ratnapark,27.7063,85.3152
2021-12-03T09:00,16.0,69,10.3,877.8,2.2,81,Ratnapark,27.7063,85.3152
2021-12-03T10:00,16.1,69,10.4,877.4,3.2,63,Ratnapark,27.7063,85.3152
2021-12-03T11:00,17.5,61,9.8,877.4,3.3,13,Ratnapark,27.7063,85.3152
2021-12-03T12:00,16.4,65,9.9,876.6,5.5,349,Ratnapark,27.7063,85.3152
2021-12-03T13:00,16.2,65,9.7,875.9,5.8,360,Ratnapark,27.7063,85.3152
2021-12-03T14:00,17.1,63,10.0,875.4,4.3,336,Ratnapark,27.7063,85.3152
2021-12-03T15:00,15.9,69,10.2,875.2,5.7,325,Ratnapark,27.7063,85.3152
2021-12-03T16:00,15.0,78,11.2,874.7,1.9,68,Ratnapark,27.7063,85.3152
2021-12-03T17:00,14.1,83,11.3,874.1,3.6,143,Ratnapark,27.7063,85.3152
2021-12-03T18:00,13.9,82,11.0,874.4,3.3,174,Ratnapark,27.7063,85.3152
2021-12-03T19:00,13.8,87,11.6,875.3,1.1,162,Ratnapark,27.7063,85.3152
2021-12-03T20:00,13.6,89,11.7,875.9,1.1,180,Ratnapark,27.7063,85.3152
2021-12-03T21:00,13.2,88,11.3,875.7,1.9,158,Ratnapark,27.7063,85.3152
2021-12-03T22:00,13.0,91,11.5,875.1,3.3,193,Ratnapark,27.7063,85.3152
2021-12-03T23:00,12.5,95,11.6,873.9,4.0,180,Ratnapark,27.7063,85.3152
2021-12-04T00:00,12.1,95,11.3,873.1,3.3,167,Ratnapark,27.7063,85.3152
2021-12-04T01:00,12.5,94,11.5,872.9,2.2,171,Ratnapark,27.7063,85.3152
2021-12-04T02:00,11.2,95,10.3,871.8,0.8,153,Ratnapark,27.7063,85.3152
2021-12-04T03:00,10.2,92,9.0,870.8,3.3,174,Ratnapark,27.7063,85.3152
2021-12-04T04:00,9.9,90,8.3,870.5,4.7,180,Ratnapark,27.7063,85.3152
2021-12-04T05:00,10.4,89,8.6,871.2,1.6,153,Ratnapark,27.7063,85.3152
2021-12-04T06:00,9.3,88,7.4,870.9,2.6,164,Ratnapark,27.7063,85.3152
2021-12-04T07:00,12.4,81,9.2,872.7,3.1,159,Ratnapark,27.7063,85.3152
2021-12-04T08:00,15.1,85,12.6,874.4,5.8,158,Ratnapark,27.7063,85.3152
2021-12-04T09:00,18.2,67,11.9,875.9,2.4,153,Ratnapark,27.7063,85.3152
2021-12-04T10:00,20.3,57,11.5,876.0,1.9,248,Ratnapark,27.7063,85.3152
2021-12-04T11:00,21.3,55,11.8,875.4,4.7,270,Ratnapark,27.7063,85.3152
2021-12-04T12:00,21.3,57,12.3,874.7,6.0,287,Ratnapark,27.7063,85.3152
2021-12-04T13:00,20.9,58,12.4,874.3,8.5,306,Ratnapark,27.7063,85.3152
2021-12-04T14:00,20.0,63,12.6,874.2,10.2,318,Ratnapark,27.7063,85.3152
2021-12-04T15:00,18.5,71,13.1,873.9,8.8,325,Ratnapark,27.7063,85.3152
2021-12-04T16:00,16.2,84,13.6,873.7,3.9,338,Ratnapark,27.7063,85.3152
2021-12-04T17:00,15.8,79,12.3,874.1,3.9,326,Ratnapark,27.7063,85.3152
2021-12-04T18:00,15.1,81,12.0,874.5,2.3,198,Ratnapark,27.7063,85.3152
2021-12-04T19:00,14.4,85,11.9,875.0,1.8,180,Ratnapark,27.7063,85.3152
2021-12-04T20:00,13.8,87,11.7,875.4,2.6,164,Ratnapark,27.7063,85.3152
2021-12-04T21:00,11.4,94,10.4,874.7,3.4,162,Ratnapark,27.7063,85.3152
2021-12-04T22:00,10.8,95,10.1,874.7,3.8,163,Ratnapark,27.7063,85.3152
2021-12-04T23:00,10.4,95,9.7,874.5,3.7,169,Ratnapark,27.7063,85.3152
2021-12-05T00:00,10.7,94,9.8,874.2,3.4,162,Ratnapark,27.7063,85.3152
2021-12-05T01:00,9.8,95,9.1,873.5,5.7,145,Ratnapark,27.7063,85.3152
2021-12-05T02:00,9.4,96,8.8,872.9,5.7,145,Ratnapark,27.7063,85.3152
2021-12-05T03:00,9.4,96,8.8,872.3,4.1,165,Ratnapark,27.7063,85.3152
2021-12-05T04:00,9.3,96,8.7,871.9,2.9,173,Ratnapark,27.7063,85.3152
2021-12-05T05:00,9.2,97,8.8,872.7,3.3,167,Ratnapark,27.7063,85.3152
2021-12-05T06:00,8.9,97,8.5,872.8,3.3,167,Ratnapark,27.7063,85.3152
2021-12-05T07:00,10.2,95,9.5,874.0,4.5,166,Ratnapark,27.7063,85.3152
2021-12-05T08:00,15.4,80,12.0,877.1,2.7,157,Ratnapark,27.7063,85.3152
2021-12-05T09:00,17.7,68,11.8,878.2,0.4,360,Ratnapark,27.7063,85.3152
2021-12-05T10:00,18.8,64,11.9,878.2,2.5,315,Ratnapark,27.7063,85.3152
2021-12-05T11:00,19.6,62,12.1,877.5,5.1,309,Ratnapark,27.7063,85.3152
2021-12-05T12:00,20.1,61,12.3,876.3,5.9,317,Ratnapark,27.7063,85.3152
2021-12-05T13:00,20.3,61,12.6,875.2,6.7,324,Ratnapark,27.7063,85.3152
2021-12-05T14:00,20.0,63,12.7,874.3,7.0,325,Ratnapark,27.7063,85.3152
2021-12-05T15:00,19.0,68,12.9,873.6,6.4,317,Ratnapark,27.7063,85.3152
2021-12-05T16:00,16.1,84,13.4,872.9,5.1,309,Ratnapark,27.7063,85.3152
2021-12-05T17:00,15.6,78,11.8,873.0,3.4,238,Ratnapark,27.7063,85.3152
2021-12-05T18:00,14.8,84,12.1,873.7,3.9,236,Ratnapark,27.7063,85.3152
2021-12-05T19:00,14.2,86,12.0,874.2,1.8,191,Ratnapark,27.7063,85.3152
2021-12-05T20:00,12.3,92,11.1,873.6,2.5,188,Ratnapark,27.7063,85.3152
2021-12-05T21:00,13.6,89,11.9,874.7,1.1,180,Ratnapark,27.7063,85.3152
2021-12-05T22:00,12.6,92,11.3,874.6,1.1,162,Ratnapark,27.7063,85.3152
2021-12-05T23:00,10.4,98,10.0,872.7,3.1,159,Ratnapark,27.7063,85.3152
2021-12-06T00:00,10.5,99,10.3,871.9,3.1,159,Ratnapark,27.7063,85.3152
2021-12-06T01:00,9.3,99,9.2,870.8,3.0,166,Ratnapark,27.7063,85.3152
2021-12-06T02:00,8.5,98,8.2,869.9,2.6,164,Ratnapark,27.7063,85.3152
2021-12-06T03:00,8.5,98,8.3,869.4,3.8,163,Ratnapark,27.7063,85.3152
2021-12-06T04:00,8.5,99,8.3,869.4,4.6,162,Ratnapark,27.7063,85.3152
2021-12-06T05:00,8.4,100,8.4,870.2,5.5,169,Ratnapark,27.7063,85.3152
2021-12-06T06:00,7.5,100,7.5,869.9,5.8,158,Ratnapark,27.7063,85.3152
2021-12-06T07:00,8.9,99,8.8,871.3,6.0,155,Ratnapark,27.7063,85.3152
2021-12-06T08:00,14.3,89,12.5,874.6,4.3,138,Ratnapark,27.7063,85.3152
2021-12-06T09:00,17.6,72,12.5,876.1,2.5,82,Ratnapark,27.7063,85.3152
2021-12-06T10:00,19.3,64,12.4,876.1,1.3,56,Ratnapark,27.7063,85.3152
2021-12-06T11:00,20.4,60,12.4,875.3,3.1,306,Ratnapark,27.7063,85.3152
2021-12-06T12:00,20.2,61,12.4,874.1,6.3,301,Ratnapark,27.7063,85.3152
2021-12-06T13:00,20.0,64,13.0,873.6,6.9,298,Ratnapark,27.7063,85.3152
2021-12-06T14:00,18.8,69,13.1,873.5,6.3,301,Ratnapark,27.7063,85.3152
2021-12-06T15:00,16.7,76,12.5,873.2,5.9,259,Ratnapark,27.7063,85.3152
2021-12-06T16:00,15.7,85,13.2,873.5,3.6,270,Ratnapark,27.7063,85.3152
2021-12-06T17:00,13.1,93,12.0,872.2,5.6,230,Ratnapark,27.7063,85.3152
2021-12-06T18:00,11.8,93,10.8,872.0,5.0,210,Ratnapark,27.7063,85.3152
2021-12-06T19:00,11.1,94,10.2,872.3,5.6,207,Ratnapark,27.7063,85.3152
2021-12-06T20:00,13.3,86,11.0,873.8,4.7,212,Ratnapark,27.7063,85.3152
2021-12-06T21:00,11.8,90,10.3,873.2,2.9,187,Ratnapark,27.7063,85.3152
2021-12-06T22:00,11.4,91,9.9,872.8,4.5,194,Ratnapark,27.7063,85.3152
2021-12-06T23:00,13.3,82,10.4,873.8,4.9,216,Ratnapark,27.7063,85.3152
2021-12-07T00:00,13.7,78,9.9,873.6,4.4,215,Ratnapark,27.7063,85.3152
2021-12-07T01:00,12.6,80,9.2,872.6,4.1,195,Ratnapark,27.7063,85.3152
2021-12-07T02:00,11.7,82,8.7,871.7,3.3,193,Ratnapark,27.7063,85.3152
2021-12-07T03:00,9.5,88,7.6,870.1,5.1,184,Ratnapark,27.7063,85.3152
2021-12-07T04:00,9.2,86,7.0,869.9,4.7,184,Ratnapark,27.7063,85.3152
2021-12-07T05:00,9.3,89,7.5,870.4,2.2,171,Ratnapark,27.7063,85.3152
2021-12-07T06:00,9.2,87,7.1,870.8,2.2,171,Ratnapark,27.7063,85.3152
2021-12-07T07:00,11.5,80,8.2,872.5,1.8,180,Ratnapark,27.7063,85.3152
2021-12-07T08:00,15.1,77,11.1,874.6,1.1,180,Ratnapark,27.7063,85.3152
2021-12-07T09:00,17.5,59,9.3,875.9,4.1,315,Ratnapark,27.7063,85.3152
2021-12-07T10:00,18.7,50,8.2,876.1,7.9,300,Ratnapark,27.7063,85.3152
2021-12-07T11:00,19.2,47,7.7,875.7,10.2,302,Ratnapark,27.7063,85.3152
2021-12-07T12:00,18.9,49,7.9,874.8,12.5,309,Ratnapark,27.7063,85.3152
2021-12-07T13:00,18.4,52,8.5,874.2,13.0,314,Ratnapark,27.7063,85.3152
2021-12-07T14:00,17.7,54,8.3,873.5,12.0,316,Ratnapark,27.7063,85.3152
2021-12-07T15:00,16.9,56,8.2,873.1,8.7,308,Ratnapark,27.7063,85.3152
2021-12-07T16:00,14.2,72,9.3,872.1,6.0,295,Ratnapark,27.7063,85.3152
2021-12-07T17:00,15.2,59,7.3,873.1,7.2,264,Ratnapark,27.7063,85.3152
2021-12-07T18:00,14.0,66,7.6,873.2,5.1,231,Ratnapark,27.7063,85.3152
2021-12-07T19:00,13.7,67,7.6,873.5,4.1,218,Ratnapark,27.7063,85.3152
2021-12-07T20:00,14.8,62,7.7,874.4,2.4,207,Ratnapark,27.7063,85.3152
2021-12-07T21:00,14.1,64,7.4,874.3,1.1,198,Ratnapark,27.7063,85.3152
2021-12-07T22:00,14.0,63,7.2,874.3,1.1,180,Ratnapark,27.7063,85.3152
2021-12-07T23:00,13.6,64,6.9,873.9,1.1,180,Ratnapark,27.7063,85.3152
2021-12-08T00:00,11.9,69,6.3,872.8,2.9,173,Ratnapark,27.7063,85.3152
2021-12-08T01:00,10.2,74,5.7,871.7,4.0,170,Ratnapark,27.7063,85.3152
2021-12-08T02:00,8.9,78,5.3,870.7,4.1,165,Ratnapark,27.7063,85.3152
2021-12-08T03:00,7.9,81,4.9,870.1,4.1,165,Ratnapark,27.7063,85.3152
2021-12-08T04:00,7.2,84,4.7,869.7,3.8,163,Ratnapark,27.7063,85.3152
2021-12-08T05:00,7.7,84,5.1,870.8,4.1,165,Ratnapark,27.7063,85.3152
2021-12-08T06:00,7.5,85,5.2,871.2,3.9,158,Ratnapark,27.7063,85.3152
2021-12-08T07:00,10.2,79,6.7,873.0,3.4,162,Ratnapark,27.7063,85.3152
2021-12-08T08:00,14.2,74,9.6,875.8,3.9,146,Ratnapark,27.7063,85.3152
2021-12-08T09:00,16.7,53,7.1,877.5,1.8,53,Ratnapark,27.7063,85.3152
2021-12-08T10:00,17.7,47,6.2,877.6,3.6,6,Ratnapark,27.7063,85.3152
2021-12-08T11:00,18.5,45,6.3,877.3,5.2,344,Ratnapark,27.7063,85.3152
2021-12-08T12:00,18.8,47,7.4,876.6,8.3,326,Ratnapark,27.7063,85.3152
2021-12-08T13:00,18.5,52,8.4,875.9,11.0,319,Ratnapark,27.7063,85.3152
2021-12-08T14:00,17.5,56,8.6,875.5,11.3,323,Ratnapark,27.7063,85.3152
2021-12-08T15:00,16.3,60,8.6,875.0,9.5,323,Ratnapark,27.7063,85.3152
2021-12-08T16:00,13.9,74,9.3,874.4,5.4,323,Ratnapark,27.7063,85.3152
2021-12-08T17:00,14.4,62,7.3,875.0,6.2,306,Ratnapark,27.7063,85.3152
2021-12-08T18:00,14.3,62,7.1,875.6,4.9,253,Ratnapark,27.7063,85.3152
2021-12-08T19:00,14.0,64,7.2,876.0,3.6,217,Ratnapark,27.7063,85.3152
2021-12-08T20:00,13.6,65,7.2,876.3,3.1,201,Ratnapark,27.7063,85.3152
2021-12-08T21:00,13.0,68,7.2,876.4,1.8,191,Ratnapark,27.7063,85.3152
2021-12-08T22:00,12.3,71,7.1,876.2,0.7,180,Ratnapark,27.7063,85.3152
2021-12-08T23:00,11.8,72,7.0,876.2,0.7,180,Ratnapark,27.7063,85.3152
2021-12-09T00:00,10.1,79,6.5,875.0,1.6,153,Ratnapark,27.7063,85.3152
2021-12-09T01:00,7.6,88,5.7,873.5,3.1,159,Ratnapark,27.7063,85.3152
2021-12-09T02:00,7.0,90,5.5,872.6,2.7,157,Ratnapark,27.7063,85.3152
2021-12-09T03:00,7.0,90,5.5,872.2,2.7,157,Ratnapark,27.7063,85.3152
2021-12-09T04:00,6.8,91,5.5,872.2,2.3,162,Ratnapark,27.7063,85.3152
2021-12-09T05:00,6.5,95,5.8,872.6,2.7,157,Ratnapark,27.7063,85.3152
2021-12-09T06:00,6.8,94,5.9,873.3,3.5,156,Ratnapark,27.7063,85.3152
2021-12-09T07:00,8.3,91,7.0,874.8,5.8,158,Ratnapark,27.7063,85.3152
2021-12-09T08:00,12.9,77,9.0,877.6,4.8,132,Ratnapark,27.7063,85.3152
2021-12-09T09:00,15.2,65,8.6,878.8,4.3,95,Ratnapark,27.7063,85.3152
2021-12-09T10:00,16.6,56,7.9,879.0,3.3,96,Ratnapark,27.7063,85.3152
2021-12-09T11:00,17.7,50,7.2,878.6,1.8,79,Ratnapark,27.7063,85.3152
2021-12-09T12:00,18.4,48,7.2,877.6,1.0,315,Ratnapark,27.7063,85.3152
2021-12-09T13:00,18.5,48,7.2,876.8,2.8,310,Ratnapark,27.7063,85.3152
2021-12-09T14:00,18.3,48,6.9,876.3,5.6,310,Ratnapark,27.7063,85.3152
2021-12-09T15:00,16.9,57,8.2,875.7,7.1,315,Ratnapark,27.7063,85.3152
2021-12-09T16:00,14.1,70,8.6,875.0,5.6,310,Ratnapark,27.7063,85.3152
2021-12-09T17:00,13.0,64,6.3,875.1,4.0,297,Ratnapark,27.7063,85.3152
2021-12-09T18:00,10.7,73,6.0,874.6,3.1,201,Ratnapark,27.7063,85.3152
2021-12-09T19:00,11.6,64,5.0,875.5,4.0,207,Ratnapark,27.7063,85.3152
2021-12-09T20:00,12.2,59,4.4,876.3,4.3,222,Ratnapark,27.7063,85.3152
2021-12-09T21:00,12.0,60,4.4,876.6,3.8,221,Ratnapark,27.7063,85.3152
2021-12-09T22:00,11.7,62,4.6,876.4,4.2,211,Ratnapark,27.7063,85.3152
2021-12-09T23:00,11.5,64,5.0,876.4,3.2,207,Ratnapark,27.7063,85.3152
2021-12-10T00:00,11.3,66,5.3,875.7,3.1,201,Ratnapark,27.7063,85.3152
2021-12-10T01:00,11.2,67,5.4,875.2,2.2,189,Ratnapark,27.7063,85.3152
2021-12-10T02:00,10.5,70,5.2,874.1,2.2,180,Ratnapark,27.7063,85.3152
2021-12-10T03:00,9.6,73,4.9,873.2,1.4,180,Ratnapark,27.7063,85.3152
2021-12-10T04:00,7.6,80,4.4,872.0,2.2,171,Ratnapark,27.7063,85.3152
2021-12-10T05:00,9.1,76,5.1,873.5,1.1,180,Ratnapark,27.7063,85.3152
2021-12-10T06:00,10.5,71,5.4,874.9,2.6,196,Ratnapark,27.7063,85.3152
2021-12-10T07:00,10.2,76,6.2,875.0,1.8,191,Ratnapark,27.7063,85.3152
2021-12-10T08:00,13.2,67,7.1,876.6,1.1,342,Ratnapark,27.7063,85.3152
2021-12-10T09:00,14.7,59,6.6,877.4,4.8,318,Ratnapark,27.7063,85.3152
2021-12-10T10:00,15.7,52,6.0,877.3,6.6,315,Ratnapark,27.7063,85.3152
2021-12-10T11:00,16.5,48,5.4,876.8,8.2,311,Ratnapark,27.7063,85.3152
2021-12-10T12:00,16.7,47,5.4,875.9,9.4,317,Ratnapark,27.7063,85.3152
2021-12-10T13:00,16.4,50,5.9,875.0,10.5,319,Ratnapark,27.7063,85.3152
2021-12-10T14:00,15.8,54,6.4,874.2,11.2,315,Ratnapark,27.7063,85.3152
2021-12-10T15:00,14.8,58,6.5,873.6,9.2,309,Ratnapark,27.7063,85.3152
2021-12-10T16:00,12.3,71,7.2,872.5,5.0,300,Ratnapark,27.7063,85.3152
2021-12-10T17:00,10.8,74,6.3,872.4,9.6,283,Ratnapark,27.7063,85.3152
2021-12-10T18:00,9.6,80,6.3,872.5,8.8,282,Ratnapark,27.7063,85.3152
2021-12-10T19:00,12.6,65,6.2,874.6,6.6,279,Ratnapark,27.7063,85.3152
2021-12-10T20:00,12.1,68,6.3,874.6,5.1,266,Ratnapark,27.7063,85.3152
2021-12-10T21:00,11.5,71,6.4,874.4,3.1,225,Ratnapark,27.7063,85.3152
2021-12-10T22:00,10.8,74,6.3,873.9,2.2,189,Ratnapark,27.7063,85.3152
2021-12-10T23:00,10.1,76,6.1,873.2,1.8,180,Ratnapark,27.7063,85.3152
2021-12-11T00:00,7.9,83,5.2,871.6,2.5,172,Ratnapark,27.7063,85.3152
2021-12-11T01:00,6.3,88,4.4,870.4,4.5,166,Ratnapark,27.7063,85.3152
2021-12-11T02:00,6.4,86,4.2,869.9,4.6,162,Ratnapark,27.7063,85.3152
2021-12-11T03:00,6.4,85,4.1,869.4,4.1,165,Ratnapark,27.7063,85.3152
2021-12-11T04:00,6.2,86,3.9,869.1,3.8,163,Ratnapark,27.7063,85.3152
2021-12-11T05:00,5.8,91,4.4,869.7,4.5,166,Ratnapark,27.7063,85.3152
2021-12-11T06:00,5.6,91,4.2,870.1,4.2,160,Ratnapark,27.7063,85.3152
2021-12-11T07:00,7.0,89,5.4,871.6,5.7,162,Ratnapark,27.7063,85.3152
2021-12-11T08:00,12.0,78,8.2,874.8,5.0,150,Ratnapark,27.7063,85.3152
2021-12-11T09:00,14.8,61,7.4,876.7,1.8,90,Ratnapark,27.7063,85.3152
2021-12-11T10:00,16.1,56,7.3,876.8,1.6,27,Ratnapark,27.7063,85.3152
2021-12-11T11:00,17.0,52,7.2,876.4,3.2,360,Ratnapark,27.7063,85.3152
2021-12-11T12:00,17.6,49,6.8,875.5,4.0,350,Ratnapark,27.7063,85.3152
2021-12-11T13:00,17.9,47,6.5,874.6,4.7,337,Ratnapark,27.7063,85.3152
2021-12-11T14:00,17.5,49,6.7,874.1,5.4,318,Ratnapark,27.7063,85.3152
2021-12-11T15:00,16.2,56,7.5,873.7,5.1,315,Ratnapark,27.7063,85.3152
2021-12-11T16:00,13.1,72,8.2,873.0,5.4,318,Ratnapark,27.7063,85.3152
2021-12-11T17:00,13.3,60,5.8,873.8,5.0,300,Ratnapark,27.7063,85.3152
2021-12-11T18:00,12.6,63,5.6,874.5,2.8,230,Ratnapark,27.7063,85.3152
2021-12-11T19:00,11.9,68,6.1,875.1,3.1,234,Ratnapark,27.7063,85.3152
2021-12-11T20:00,11.3,73,6.5,875.2,1.5,194,Ratnapark,27.7063,85.3152
2021-12-11T21:00,10.8,76,6.8,875.3,1.4,180,Ratnapark,27.7063,85.3152
2021-12-11T22:00,8.5,86,6.2,874.0,2.2,180,Ratnapark,27.7063,85.3152
2021-12-11T23:00,8.1,87,6.0,873.6,1.4,180,Ratnapark,27.7063,85.3152
2021-12-12T00:00,6.9,90,5.3,872.6,2.5,172,Ratnapark,27.7063,85.3152
2021-12-12T01:00,6.2,91,4.8,872.2,3.3,167,Ratnapark,27.7063,85.3152
2021-12-12T02:00,5.8,91,4.5,871.4,4.2,160,Ratnapark,27.7063,85.3152
2021-12-12T03:00,5.8,91,4.5,871.1,4.2,160,Ratnapark,27.7063,85.3152
2021-12-12T04:00,5.6,91,4.3,870.8,3.9,158,Ratnapark,27.7063,85.3152
2021-12-12T05:00,5.9,94,5.0,871.9,3.5,156,Ratnapark,27.7063,85.3152
2021-12-12T06:00,5.8,94,4.8,872.4,4.7,157,Ratnapark,27.7063,85.3152
2021-12-12T07:00,7.1,92,5.8,874.0,6.2,159,Ratnapark,27.7063,85.3152
2021-12-12T08:00,11.5,80,8.1,876.9,5.6,140,Ratnapark,27.7063,85.3152
2021-12-12T09:00,14.2,63,7.2,878.5,5.1,98,Ratnapark,27.7063,85.3152
2021-12-12T10:00,15.6,51,5.6,878.2,5.8,83,Ratnapark,27.7063,85.3152
2021-12-12T11:00,16.7,44,4.4,877.9,4.4,81,Ratnapark,27.7063,85.3152
2021-12-12T12:00,17.4,42,4.3,876.7,2.1,59,Ratnapark,27.7063,85.3152
2021-12-12T13:00,17.5,42,4.5,875.7,2.9,300,Ratnapark,27.7063,85.3152
2021-12-12T14:00,16.2,52,6.5,875.0,6.0,303,Ratnapark,27.7063,85.3152
2021-12-12T15:00,15.1,64,8.4,874.9,7.1,311,Ratnapark,27.7063,85.3152
2021-12-12T16:00,12.4,85,10.0,873.8,5.4,318,Ratnapark,27.7063,85.3152
2021-12-12T17:00,12.0,80,8.7,874.4,4.5,331,Ratnapark,27.7063,85.3152
2021-12-12T18:00,11.5,82,8.4,874.7,1.5,166,Ratnapark,27.7063,85.3152
2021-12-12T19:00,11.0,84,8.4,875.0,0.7,180,Ratnapark,27.7063,85.3152
2021-12-12T20:00,8.4,92,7.3,874.0,2.6,164,Ratnapark,27.7063,85.3152
2021-12-12T21:00,6.9,96,6.3,873.4,4.0,170,Ratnapark,27.7063,85.3152
2021-12-12T22:00,6.3,97,5.9,872.9,3.3,167,Ratnapark,27.7063,85.3152
2021-12-12T23:00,5.9,97,5.5,872.3,2.2,171,Ratnapark,27.7063,85.3152
2021-12-13T00:00,6.0,96,5.3,871.8,1.9,158,Ratnapark,27.7063,85.3152
2021-12-13T01:00,5.9,92,4.7,871.3,2.7,157,Ratnapark,27.7063,85.3152
2021-12-13T02:00,5.4,90,3.9,870.6,2.3,162,Ratnapark,27.7063,85.3152
2021-12-13T03:00,5.2,87,3.2,870.1,2.7,157,Ratnapark,27.7063,85.3152
2021-12-13T04:00,5.2,83,2.6,870.0,3.2,153,Ratnapark,27.7063,85.3152
2021-12-13T05:00,4.8,84,2.3,870.9,3.5,156,Ratnapark,27.7063,85.3152
2021-12-13T06:00,5.0,79,1.6,871.4,4.5,151,Ratnapark,27.7063,85.3152
2021-12-13T07:00,6.8,73,2.4,872.9,6.1,152,Ratnapark,27.7063,85.3152
2021-12-13T08:00,11.4,67,5.5,875.8,6.2,144,Ratnapark,27.7063,85.3152
2021-12-13T09:00,14.6,52,4.9,877.5,3.4,108,Ratnapark,27.7063,85.3152
2021-12-13T10:00,16.2,48,5.1,877.5,2.0,45,Ratnapark,27.7063,85.3152
2021-12-13T11:00,17.2,45,5.2,876.8,1.8,360,Ratnapark,27.7063,85.3152
2021-12-13T12:00,17.8,43,5.1,875.7,4.2,329,Ratnapark,27.7063,85.3152
2021-12-13T13:00,17.8,44,5.4,874.7,6.9,321,Ratnapark,27.7063,85.3152
2021-12-13T14:00,17.3,47,6.0,874.0,7.7,319,Ratnapark,27.7063,85.3152
2021-12-13T15:00,16.0,52,6.2,873.4,6.6,315,Ratnapark,27.7063,85.3152
2021-12-13T16:00,12.6,69,7.0,872.2,6.5,304,Ratnapark,27.7063,85.3152
2021-12-13T17:00,13.8,50,3.5,873.2,4.3,275,Ratnapark,27.7063,85.3152
2021-12-13T18:00,12.4,56,3.9,872.7,3.7,191,Ratnapark,27.7063,85.3152
2021-12-13T19:00,9.3,76,5.2,871.7,5.2,192,Ratnapark,27.7063,85.3152
2021-12-13T20:00,8.9,78,5.2,872.0,3.3,193,Ratnapark,27.7063,85.3152
2021-12-13T21:00,9.1,76,5.0,872.5,2.5,188,Ratnapark,27.7063,85.3152
2021-12-13T22:00,10.9,67,5.0,873.3,1.1,180,Ratnapark,27.7063,85.3152
2021-12-13T23:00,10.8,67,4.8,873.2,0.8,153,Ratnapark,27.7063,85.3152
2021-12-14T00:00,9.3,70,4.2,871.9,3.6,143,Ratnapark,27.7063,85.3152
2021-12-14T01:00,6.4,81,3.3,870.1,4.9,144,Ratnapark,27.7063,85.3152
2021-12-14T02:00,5.4,84,2.9,869.3,4.2,149,Ratnapark,27.7063,85.3152
2021-12-14T03:00,4.9,85,2.7,869.0,3.7,151,Ratnapark,27.7063,85.3152
2021-12-14T04:00,4.9,85,2.7,869.1,3.2,153,Ratnapark,27.7063,85.3152
2021-12-14T05:00,5.0,90,3.4,869.8,3.1,159,Ratnapark,27.7063,85.3152
2021-12-14T06:00,4.9,89,3.2,870.3,3.2,153,Ratnapark,27.7063,85.3152
2021-12-14T07:00,6.5,84,4.1,871.8,4.7,148,Ratnapark,27.7063,85.3152
2021-12-14T08:00,11.3,75,7.0,874.9,5.0,120,Ratnapark,27.7063,85.3152
2021-12-14T09:00,14.2,59,6.4,876.5,4.0,85,Ratnapark,27.7063,85.3152
2021-12-14T10:00,15.9,56,7.2,876.3,2.7,67,Ratnapark,27.7063,85.3152
2021-12-14T11:00,17.2,54,7.8,875.8,2.5,8,Ratnapark,27.7063,85.3152
2021-12-14T12:00,17.9,52,8.0,874.9,4.5,331,Ratnapark,27.7063,85.3152
2021-12-14T13:00,18.0,53,8.2,873.8,6.4,322,Ratnapark,27.7063,85.3152
2021-12-14T14:00,17.5,56,8.6,873.3,7.9,317,Ratnapark,27.7063,85.3152
2021-12-14T15:00,16.2,60,8.4,872.7,6.9,317,Ratnapark,27.7063,85.3152
2021-12-14T16:00,12.8,78,9.0,871.3,6.6,311,Ratnapark,27.7063,85.3152
2021-12-14T17:00,13.6,60,5.9,871.9,2.3,198,Ratnapark,27.7063,85.3152
2021-12-14T18:00,10.2,78,6.6,871.2,3.8,197,Ratnapark,27.7063,85.3152
2021-12-14T19:00,9.0,83,6.3,871.6,4.2,200,Ratnapark,27.7063,85.3152
2021-12-14T20:00,9.9,78,6.2,872.2,3.3,186,Ratnapark,27.7063,85.3152
2021-12-14T21:00,9.4,79,6.0,872.3,3.6,186,Ratnapark,27.7063,85.3152
2021-12-14T22:00,9.6,78,5.9,872.0,3.3,174,Ratnapark,27.7063,85.3152
2021-12-14T23:00,10.3,75,6.1,872.1,2.9,173,Ratnapark,27.7063,85.3152
2021-12-15T00:00,9.8,76,5.8,871.5,3.3,174,Ratnapark,27.7063,85.3152
2021-12-15T01:00,10.5,73,5.8,871.5,3.0,166,Ratnapark,27.7063,85.3152
2021-12-15T02:00,10.3,72,5.5,870.9,2.3,162,Ratnapark,27.7063,85.3152
2021-12-15T03:00,8.0,78,4.4,869.4,3.2,153,Ratnapark,27.7063,85.3152
2021-12-15T04:00,5.4,86,3.3,868.0,6.0,147,Ratnapark,27.7063,85.3152
2021-12-15T05:00,5.3,93,4.3,868.9,6.9,141,Ratnapark,27.7063,85.3152
2021-12-15T06:00,5.6,92,4.4,869.5,4.4,145,Ratnapark,27.7063,85.3152
2021-12-15T07:00,6.8,91,5.5,870.9,5.3,152,Ratnapark,27.7063,85.3152
2021-12-15T08:00,11.0,81,7.9,873.4,6.2,144,Ratnapark,27.7063,85.3152
2021-12-15T09:00,14.2,60,6.6,875.1,3.4,108,Ratnapark,27.7063,85.3152
2021-12-15T10:00,16.2,49,5.5,875.1,0.8,63,Ratnapark,27.7063,85.3152
2021-12-15T11:00,17.4,45,5.3,874.7,4.1,315,Ratnapark,27.7063,85.3152
2021-12-15T12:00,17.8,44,5.5,873.8,7.1,319,Ratnapark,27.7063,85.3152
2021-12-15T13:00,17.5,47,6.0,872.9,9.7,318,Ratnapark,27.7063,85.3152
2021-12-15T14:00,16.5,52,6.7,872.2,10.2,321,Ratnapark,27.7063,85.3152
2021-12-15T15:00,14.9,61,7.5,871.5,8.0,324,Ratnapark,27.7063,85.3152
2021-12-15T16:00,11.7,82,8.7,870.5,6.1,320,Ratnapark,27.7063,85.3152
2021-12-15T17:00,12.3,70,6.9,871.0,4.1,225,Ratnapark,27.7063,85.3152
2021-12-15T18:00,11.5,76,7.4,871.4,3.5,204,Ratnapark,27.7063,85.3152
2021-12-15T19:00,10.0,84,7.5,871.6,3.3,186,Ratnapark,27.7063,85.3152
2021-12-15T20:00,9.4,88,7.6,871.9,2.5,180,Ratnapark,27.7063,85.3152
2021-12-15T21:00,6.8,96,6.1,870.9,2.5,172,Ratnapark,27.7063,85.3152
2021-12-15T22:00,5.8,98,5.5,870.5,2.2,171,Ratnapark,27.7063,85.3152
2021-12-15T23:00,4.6,99,4.5,869.6,2.5,172,Ratnapark,27.7063,85.3152
2021-12-16T00:00,3.3,100,3.3,868.8,3.3,167,Ratnapark,27.7063,85.3152
2021-12-16T01:00,2.5,100,2.5,867.8,3.7,169,Ratnapark,27.7063,85.3152
2021-12-16T02:00,2.1,100,2.1,867.4,3.3,174,Ratnapark,27.7063,85.3152
2021-12-16T03:00,1.8,100,1.8,867.0,3.3,167,Ratnapark,27.7063,85.3152
2021-12-16T04:00,1.9,100,1.8,866.8,3.3,167,Ratnapark,27.7063,85.3152
2021-12-16T05:00,2.3,100,2.2,867.6,5.6,165,Ratnapark,27.7063,85.3152
2021-12-16T06:00,3.0,94,2.2,868.5,4.7,157,Ratnapark,27.7063,85.3152
2021-12-16T07:00,4.8,87,2.9,869.7,5.7,162,Ratnapark,27.7063,85.3152
2021-12-16T08:00,9.9,79,6.5,873.0,5.0,159,Ratnapark,27.7063,85.3152
2021-12-16T09:00,14.5,49,4.0,875.8,0.7,90,Ratnapark,27.7063,85.3152
2021-12-16T10:00,16.0,40,2.5,875.9,1.3,326,Ratnapark,27.7063,85.3152
2021-12-16T11:00,17.7,33,1.2,875.5,2.8,310,Ratnapark,27.7063,85.3152
2021-12-16T12:00,18.8,30,0.7,874.6,3.6,315,Ratnapark,27.7063,85.3152
2021-12-16T13:00,19.0,34,2.8,873.8,5.7,305,Ratnapark,27.7063,85.3152
2021-12-16T14:00,18.2,43,5.4,873.4,7.3,303,Ratnapark,27.7063,85.3152
2021-12-16T15:00,16.4,54,7.1,872.8,7.0,305,Ratnapark,27.7063,85.3152
2021-12-16T16:00,12.7,71,7.6,871.9,6.2,306,Ratnapark,27.7063,85.3152
2021-12-16T17:00,13.1,57,4.6,872.4,5.1,278,Ratnapark,27.7063,85.3152
2021-12-16T18:00,11.1,67,5.1,872.0,5.7,215,Ratnapark,27.7063,85.3152
2021-12-16T19:00,10.7,70,5.5,872.4,5.3,208,Ratnapark,27.7063,85.3152
2021-12-16T20:00,9.8,74,5.4,872.5,4.6,198,Ratnapark,27.7063,85.3152
2021-12-16T21:00,7.6,81,4.6,871.8,4.7,184,Ratnapark,27.7063,85.3152
2021-12-16T22:00,6.5,84,4.0,871.1,5.1,184,Ratnapark,27.7063,85.3152
2021-12-16T23:00,6.5,81,3.5,871.0,4.7,189,Ratnapark,27.7063,85.3152
2021-12-17T00:00,5.7,81,2.7,870.2,4.3,180,Ratnapark,27.7063,85.3152
2021-12-17T01:00,5.0,81,2.0,869.1,4.0,170,Ratnapark,27.7063,85.3152
2021-12-17T02:00,4.5,80,1.4,868.6,4.6,162,Ratnapark,27.7063,85.3152
2021-12-17T03:00,5.0,77,1.3,868.5,4.2,160,Ratnapark,27.7063,85.3152
2021-12-17T04:00,5.2,72,0.5,868.3,3.1,159,Ratnapark,27.7063,85.3152
2021-12-17T05:00,4.9,85,2.7,868.4,4.3,156,Ratnapark,27.7063,85.3152
2021-12-17T06:00,4.3,83,1.6,868.6,3.0,166,Ratnapark,27.7063,85.3152
2021-12-17T07:00,6.7,73,2.2,870.6,2.2,171,Ratnapark,27.7063,85.3152
2021-12-17T08:00,11.1,68,5.4,873.3,2.6,164,Ratnapark,27.7063,85.3152
2021-12-17T09:00,15.1,44,2.8,875.4,1.5,135,Ratnapark,27.7063,85.3152
2021-12-17T10:00,16.7,40,3.1,875.5,1.1,360,Ratnapark,27.7063,85.3152
2021-12-17T11:00,18.1,37,3.0,875.2,4.8,318,Ratnapark,27.7063,85.3152
2021-12-17T12:00,18.5,37,3.4,874.3,8.2,311,Ratnapark,27.7063,85.3152
2021-12-17T13:00,18.1,41,4.7,873.4,9.6,304,Ratnapark,27.7063,85.3152
2021-12-17T14:00,17.2,51,6.8,872.9,10.2,309,Ratnapark,27.7063,85.3152
2021-12-17T15:00,15.7,57,7.2,872.6,7.7,307,Ratnapark,27.7063,85.3152
2021-12-17T16:00,12.1,76,7.9,871.5,6.9,321,Ratnapark,27.7063,85.3152
2021-12-17T17:00,12.8,59,4.9,872.0,4.6,225,Ratnapark,27.7063,85.3152
2021-12-17T18:00,10.3,72,5.5,871.3,4.5,209,Ratnapark,27.7063,85.3152
2021-12-17T19:00,8.3,82,5.4,870.9,4.0,190,Ratnapark,27.7063,85.3152
2021-12-17T20:00,7.9,83,5.2,871.3,3.3,193,Ratnapark,27.7063,85.3152
2021-12-17T21:00,8.9,79,5.4,872.0,1.8,191,Ratnapark,27.7063,85.3152
2021-12-17T22:00,7.0,84,4.5,871.1,3.3,186,Ratnapark,27.7063,85.3152
2021-12-17T23:00,6.6,84,4.1,870.8,3.6,186,Ratnapark,27.7063,85.3152
2021-12-18T00:00,7.5,78,3.9,870.8,2.9,187,Ratnapark,27.7063,85.3152
2021-12-18T01:00,8.9,71,3.9,871.3,2.2,180,Ratnapark,27.7063,85.3152
2021-12-18T02:00,9.0,68,3.5,871.0,1.8,169,Ratnapark,27.7063,85.3152
2021-12-18T03:00,8.4,69,3.0,870.4,1.8,169,Ratnapark,27.7063,85.3152
2021-12-18T04:00,7.6,70,2.6,869.8,2.5,172,Ratnapark,27.7063,85.3152
2021-12-18T05:00,7.4,74,3.2,870.4,2.5,172,Ratnapark,27.7063,85.3152
2021-12-18T06:00,4.6,83,1.9,869.4,3.8,163,Ratnapark,27.7063,85.3152
2021-12-18T07:00,6.9,80,3.6,871.3,1.9,158,Ratnapark,27.7063,85.3152
2021-12-18T08:00,10.8,76,6.6,873.9,3.1,159,Ratnapark,27.7063,85.3152
2021-12-18T09:00,13.6,53,4.2,875.6,1.1,108,Ratnapark,27.7063,85.3152
2021-12-18T10:00,15.2,41,2.0,875.4,1.1,342,Ratnapark,27.7063,85.3152
2021-12-18T11:00,16.4,37,1.7,875.0,1.5,315,Ratnapark,27.7063,85.3152
2021-12-18T12:00,16.9,38,2.6,873.8,2.7,293,Ratnapark,27.7063,85.3152
2021-12-18T13:00,16.9,43,4.3,872.9,4.1,285,Ratnapark,27.7063,85.3152
2021-12-18T14:00,16.5,47,5.2,871.9,4.8,312,Ratnapark,27.7063,85.3152
2021-12-18T15:00,15.3,55,6.4,871.4,4.8,318,Ratnapark,27.7063,85.3152
2021-12-18T16:00,12.3,74,7.7,870.4,5.9,308,Ratnapark,27.7063,85.3152
2021-12-18T17:00,11.5,64,4.9,870.3,7.1,300,Ratnapark,27.7063,85.3152
2021-12-18T18:00,11.9,61,4.5,871.2,5.4,278,Ratnapark,27.7063,85.3152
2021-12-18T19:00,11.1,66,5.0,871.7,4.8,257,Ratnapark,27.7063,85.3152
2021-12-18T20:00,10.5,70,5.2,872.1,1.1,180,Ratnapark,27.7063,85.3152
2021-12-18T21:00,8.9,77,5.1,871.7,1.8,169,Ratnapark,27.7063,85.3152
2021-12-18T22:00,5.4,92,4.2,870.1,3.3,167,Ratnapark,27.7063,85.3152
2021-12-18T23:00,5.2,94,4.4,869.8,3.0,166,Ratnapark,27.7063,85.3152
2021-12-19T00:00,4.3,97,3.8,869.0,4.5,166,Ratnapark,27.7063,85.3152
2021-12-19T01:00,3.2,99,3.0,868.0,5.9,169,Ratnapark,27.7063,85.3152
2021-12-19T02:00,2.7,100,2.7,867.2,6.6,167,Ratnapark,27.7063,85.3152
2021-12-19T03:00,2.5,99,2.4,866.7,6.7,164,Ratnapark,27.7063,85.3152
2021-12-19T04:00,2.2,99,2.1,866.3,6.7,164,Ratnapark,27.7063,85.3152
2021-12-19T05:00,1.8,100,1.8,867.0,5.7,162,Ratnapark,27.7063,85.3152
2021-12-19T06:00,2.2,99,2.1,868.0,6.2,159,Ratnapark,27.7063,85.3152
2021-12-19T07:00,4.1,95,3.3,869.9,7.1,156,Ratnapark,27.7063,85.3152
2021-12-19T08:00,9.6,79,6.1,873.5,6.6,135,Ratnapark,27.7063,85.3152
2021-12-19T09:00,12.4,66,6.2,875.2,5.8,90,Ratnapark,27.7063,85.3152
2021-12-19T10:00,13.9,62,6.8,875.3,6.9,99,Ratnapark,27.7063,85.3152
2021-12-19T11:00,15.1,56,6.4,874.6,7.3,110,Ratnapark,27.7063,85.3152
2021-12-19T12:00,15.8,51,5.5,873.5,7.4,113,Ratnapark,27.7063,85.3152
2021-12-19T13:00,16.0,47,4.8,872.6,6.8,115,Ratnapark,27.7063,85.3152
2021-12-19T14:00,15.5,48,4.6,871.9,5.1,129,Ratnapark,27.7063,85.3152
2021-12-19T15:00,14.7,55,5.7,871.7,2.3,162,Ratnapark,27.7063,85.3152
2021-12-19T16:00,13.8,55,4.9,871.7,3.7,259,Ratnapark,27.7063,85.3152
2021-12-19T17:00,11.9,58,4.0,871.4,6.6,283,Ratnapark,27.7063,85.3152
2021-12-19T18:00,11.1,67,5.1,871.9,4.7,266,Ratnapark,27.7063,85.3152
2021-12-19T19:00,10.3,74,5.9,872.2,2.6,214,Ratnapark,27.7063,85.3152
2021-12-19T20:00,9.9,77,6.1,872.4,0.7,180,Ratnapark,27.7063,85.3152
2021-12-19T21:00,9.1,79,5.6,872.2,0.7,180,Ratnapark,27.7063,85.3152
2021-12-19T22:00,8.0,81,4.8,871.9,1.8,169,Ratnapark,27.7063,85.3152
2021-12-19T23:00,8.0,79,4.6,871.6,2.2,171,Ratnapark,27.7063,85.3152
2021-12-20T00:00,9.1,74,4.7,872.1,1.8,169,Ratnapark,27.7063,85.3152
2021-12-20T01:00,9.3,72,4.6,871.9,1.9,158,Ratnapark,27.7063,85.3152
2021-12-20T02:00,9.3,71,4.2,871.5,2.3,162,Ratnapark,27.7063,85.3152
2021-12-20T03:00,9.0,69,3.7,871.4,1.9,158,Ratnapark,27.7063,85.3152
2021-12-20T04:00,7.9,71,2.9,870.7,2.7,157,Ratnapark,27.7063,85.3152
2021-12-20T05:00,4.8,82,1.9,870.1,3.8,163,Ratnapark,27.7063,85.3152
2021-12-20T06:00,3.8,85,1.6,870.2,4.5,151,Ratnapark,27.7063,85.3152
2021-12-20T07:00,6.0,82,3.1,871.9,5.8,150,Ratnapark,27.7063,85.3152
2021-12-20T08:00,9.8,74,5.3,874.2,7.0,145,Ratnapark,27.7063,85.3152
2021-12-20T09:00,12.7,57,4.4,875.8,4.1,135,Ratnapark,27.7063,85.3152
2021-12-20T10:00,14.5,49,3.9,875.9,0.4,270,Ratnapark,27.7063,85.3152
2021-12-20T11:00,15.4,45,3.5,875.5,5.6,310,Ratnapark,27.7063,85.3152
2021-12-20T12:00,15.7,40,2.2,874.7,9.4,313,Ratnapark,27.7063,85.3152
2021-12-20T13:00,15.2,37,0.6,873.9,12.0,321,Ratnapark,27.7063,85.3152
2021-12-20T14:00,14.3,41,1.3,873.1,10.9,326,Ratnapark,27.7063,85.3152
2021-12-20T15:00,13.2,49,2.6,872.6,7.2,323,Ratnapark,27.7063,85.3152
2021-12-20T16:00,10.5,70,5.3,871.6,5.9,317,Ratnapark,27.7063,85.3152
2021-12-20T17:00,11.2,54,2.1,872.0,2.6,214,Ratnapark,27.7063,85.3152
2021-12-20T18:00,9.7,62,2.7,871.9,3.2,207,Ratnapark,27.7063,85.3152
2021-12-20T19:00,10.3,60,2.9,872.5,3.2,207,Ratnapark,27.7063,85.3152
2021-12-20T20:00,10.4,60,2.9,873.0,2.4,207,Ratnapark,27.7063,85.3152
2021-12-20T21:00,10.3,59,2.7,873.3,1.9,202,Ratnapark,27.7063,85.3152
2021-12-20T22:00,10.1,58,2.3,873.0,2.3,198,Ratnapark,27.7063,85.3152
2021-12-20T23:00,9.9,57,1.8,872.5,2.2,189,Ratnapark,27.7063,85.3152
2021-12-21T00:00,9.6,56,1.4,872.0,1.8,180,Ratnapark,27.7063,85.3152
2021-12-21T01:00,9.2,56,0.9,871.6,1.8,180,Ratnapark,27.7063,85.3152
2021-12-21T02:00,9.0,55,0.3,870.9,1.1,180,Ratnapark,27.7063,85.3152
2021-12-21T03:00,6.1,64,-0.3,869.0,2.5,172,Ratnapark,27.7063,85.3152
2021-12-21T04:00,3.5,74,-0.7,867.3,4.6,162,Ratnapark,27.7063,85.3152
2021-12-21T05:00,3.5,77,-0.1,868.1,4.9,163,Ratnapark,27.7063,85.3152
2021-12-21T06:00,4.2,71,-0.5,868.8,4.3,156,Ratnapark,27.7063,85.3152
2021-12-21T07:00,5.3,70,0.3,869.9,5.7,162,Ratnapark,27.7063,85.3152
2021-12-21T08:00,9.6,68,4.0,872.6,5.9,169,Ratnapark,27.7063,85.3152
2021-12-21T09:00,13.4,49,2.9,874.9,1.8,169,Ratnapark,27.7063,85.3152
2021-12-21T10:00,15.0,41,1.8,875.1,2.6,326,Ratnapark,27.7063,85.3152
2021-12-21T11:00,15.8,36,0.9,874.6,4.9,324,Ratnapark,27.7063,85.3152
2021-12-21T12:00,16.2,35,0.7,873.5,6.4,322,Ratnapark,27.7063,85.3152
2021-12-21T13:00,16.2,35,0.6,872.3,6.4,333,Ratnapark,27.7063,85.3152
2021-12-21T14:00,16.0,36,0.9,871.6,6.2,339,Ratnapark,27.7063,85.3152
2021-12-21T15:00,14.9,46,3.3,871.1,4.0,333,Ratnapark,27.7063,85.3152
2021-12-21T16:00,11.5,66,5.3,870.2,7.1,300,Ratnapark,27.7063,85.3152
2021-12-21T17:00,12.6,47,1.6,871.2,6.4,254,Ratnapark,27.7063,85.3152
2021-12-21T18:00,11.8,50,1.8,871.8,4.2,211,Ratnapark,27.7063,85.3152
2021-12-21T19:00,11.1,54,2.1,872.1,2.6,196,Ratnapark,27.7063,85.3152
2021-12-21T20:00,11.4,53,2.3,872.6,1.4,180,Ratnapark,27.7063,85.3152
2021-12-21T21:00,11.5,54,2.5,872.8,1.1,180,Ratnapark,27.7063,85.3152
2021-12-21T22:00,11.6,54,2.6,872.6,1.4,180,Ratnapark,27.7063,85.3152
2021-12-21T23:00,11.6,54,2.7,872.4,0.4,180,Ratnapark,27.7063,85.3152
2021-12-22T00:00,11.4,55,2.6,871.4,1.8,169,Ratnapark,27.7063,85.3152
2021-12-22T01:00,11.3,53,2.1,870.8,2.7,157,Ratnapark,27.7063,85.3152
2021-12-22T02:00,10.0,56,1.6,869.6,3.8,163,Ratnapark,27.7063,85.3152
2021-12-22T03:00,7.6,64,1.3,867.9,4.2,160,Ratnapark,27.7063,85.3152
2021-12-22T04:00,5.8,71,0.8,867.0,4.7,148,Ratnapark,27.7063,85.3152
2021-12-22T05:00,4.3,75,0.3,866.8,5.5,157,Ratnapark,27.7063,85.3152
2021-12-22T06:00,3.8,78,0.2,867.1,4.3,156,Ratnapark,27.7063,85.3152
2021-12-22T07:00,6.2,72,1.6,868.9,2.7,157,Ratnapark,27.7063,85.3152
2021-12-22T08:00,10.0,71,5.0,871.5,3.7,151,Ratnapark,27.7063,85.3152
2021-12-22T09:00,13.0,52,3.3,873.2,3.7,79,Ratnapark,27.7063,85.3152
2021-12-22T10:00,14.5,46,3.1,873.3,2.6,34,Ratnapark,27.7063,85.3152
2021-12-22T11:00,15.4,43,3.0,872.7,4.0,333,Ratnapark,27.7063,85.3152
2021-12-22T12:00,15.8,42,3.1,871.5,5.6,315,Ratnapark,27.7063,85.3152
2021-12-22T13:00,16.2,40,2.5,870.5,6.9,313,Ratnapark,27.7063,85.3152
2021-12-22T14:00,15.7,42,2.7,869.7,9.9,316,Ratnapark,27.7063,85.3152
2021-12-22T15:00,14.5,46,3.0,869.3,6.9,309,Ratnapark,27.7063,85.3152
2021-12-22T16:00,11.6,67,5.7,868.3,6.2,277,Ratnapark,27.7063,85.3152
2021-12-22T17:00,11.3,60,3.8,869.0,5.7,235,Ratnapark,27.7063,85.3152
2021-12-22T18:00,9.1,73,4.6,868.7,5.6,220,Ratnapark,27.7063,85.3152
2021-12-22T19:00,10.0,64,3.6,869.7,4.7,212,Ratnapark,27.7063,85.3152
2021-12-22T20:00,10.1,62,3.1,870.3,3.0,194,Ratnapark,27.7063,85.3152
2021-12-22T21:00,10.3,60,2.8,870.7,1.8,191,Ratnapark,27.7063,85.3152
2021-12-22T22:00,11.0,54,2.0,871.0,2.2,171,Ratnapark,27.7063,85.3152
2021-12-22T23:00,11.6,50,1.5,871.3,3.4,148,Ratnapark,27.7063,85.3152
2021-12-23T00:00,11.6,50,1.5,870.9,4.6,129,Ratnapark,27.7063,85.3152
2021-12-23T01:00,11.2,51,1.5,870.4,4.6,141,Ratnapark,27.7063,85.3152
2021-12-23T02:00,10.6,53,1.3,869.7,4.0,153,Ratnapark,27.7063,85.3152
2021-12-23T03:00,9.9,54,1.0,869.2,4.7,148,Ratnapark,27.7063,85.3152
2021-12-23T04:00,8.6,56,0.4,868.7,4.7,148,Ratnapark,27.7063,85.3152
2021-12-23T05:00,5.8,68,0.3,867.8,5.2,155,Ratnapark,27.7063,85.3152
2021-12-23T06:00,4.2,74,-0.0,867.5,4.3,156,Ratnapark,27.7063,85.3152
2021-12-23T07:00,5.8,75,1.6,869.1,2.9,150,Ratnapark,27.7063,85.3152
2021-12-23T08:00,9.6,65,3.4,871.6,5.1,129,Ratnapark,27.7063,85.3152
2021-12-23T09:00,12.3,47,1.4,873.2,4.7,86,Ratnapark,27.7063,85.3152
2021-12-23T10:00,13.6,48,2.7,873.3,4.2,70,Ratnapark,27.7063,85.3152
2021-12-23T11:00,14.7,46,3.3,872.7,3.0,14,Ratnapark,27.7063,85.3152
2021-12-23T12:00,15.3,43,2.7,871.8,6.3,336,Ratnapark,27.7063,85.3152
2021-12-23T13:00,15.3,43,2.7,871.0,8.4,335,Ratnapark,27.7063,85.3152
2021-12-23T14:00,14.6,45,2.9,870.4,8.9,339,Ratnapark,27.7063,85.3152
2021-12-23T15:00,13.5,50,3.2,870.1,6.7,344,Ratnapark,27.7063,85.3152
2021-12-23T16:00,10.9,67,5.1,869.3,6.2,353,Ratnapark,27.7063,85.3152
2021-12-23T17:00,11.6,51,1.7,869.8,1.8,180,Ratnapark,27.7063,85.3152
2021-12-23T18:00,9.7,60,2.3,869.2,0.7,180,Ratnapark,27.7063,85.3152
2021-12-23T19:00,9.8,61,2.7,869.9,1.1,180,Ratnapark,27.7063,85.3152
2021-12-23T20:00,10.2,60,2.8,870.7,1.4,180,Ratnapark,27.7063,85.3152
2021-12-23T21:00,10.2,61,3.0,871.0,2.7,203,Ratnapark,27.7063,85.3152
2021-12-23T22:00,10.3,61,3.0,871.3,2.9,210,Ratnapark,27.7063,85.3152
2021-12-23T23:00,10.2,61,2.9,871.2,0.8,207,Ratnapark,27.7063,85.3152
2021-12-24T00:00,9.9,62,2.9,870.5,0.7,180,Ratnapark,27.7063,85.3152
2021-12-24T01:00,9.6,63,2.8,870.1,1.8,169,Ratnapark,27.7063,85.3152
2021-12-24T02:00,9.3,63,2.6,869.4,3.0,166,Ratnapark,27.7063,85.3152
2021-12-24T03:00,6.8,71,2.0,867.9,3.8,163,Ratnapark,27.7063,85.3152
2021-12-24T04:00,5.7,75,1.7,867.5,3.3,174,Ratnapark,27.7063,85.3152
2021-12-24T05:00,3.7,86,1.5,866.9,6.4,153,Ratnapark,27.7063,85.3152
2021-12-24T06:00,4.1,84,1.6,867.3,4.2,149,Ratnapark,27.7063,85.3152
2021-12-24T07:00,5.7,81,2.7,868.9,4.8,153,Ratnapark,27.7063,85.3152
2021-12-24T08:00,9.5,74,5.0,871.4,5.6,135,Ratnapark,27.7063,85.3152
2021-12-24T09:00,12.5,59,4.8,873.2,4.3,95,Ratnapark,27.7063,85.3152
2021-12-24T10:00,13.9,57,5.6,873.3,3.0,76,Ratnapark,27.7063,85.3152
2021-12-24T11:00,14.9,49,4.4,872.8,1.1,360,Ratnapark,27.7063,85.3152
2021-12-24T12:00,15.4,47,4.0,871.8,3.7,331,Ratnapark,27.7063,85.3152
2021-12-24T13:00,15.5,44,3.4,871.1,6.0,327,Ratnapark,27.7063,85.3152
2021-12-24T14:00,14.8,48,3.9,870.8,6.4,313,Ratnapark,27.7063,85.3152
2021-12-24T15:00,13.8,53,4.4,870.4,6.0,295,Ratnapark,27.7063,85.3152
2021-12-24T16:00,11.7,72,6.8,870.0,4.7,279,Ratnapark,27.7063,85.3152
2021-12-24T17:00,10.9,71,5.7,869.7,5.1,225,Ratnapark,27.7063,85.3152
2021-12-24T18:00,9.6,79,6.2,869.9,4.8,222,Ratnapark,27.7063,85.3152
2021-12-24T19:00,8.7,84,6.2,870.2,4.0,207,Ratnapark,27.7063,85.3152
2021-12-24T20:00,9.6,79,6.1,871.2,2.2,189,Ratnapark,27.7063,85.3152
2021-12-24T21:00,10.4,71,5.4,872.0,2.6,164,Ratnapark,27.7063,85.3152
2021-12-24T22:00,8.3,78,4.7,870.9,5.6,117,Ratnapark,27.7063,85.3152
2021-12-24T23:00,9.2,70,4.0,871.3,5.4,127,Ratnapark,27.7063,85.3152
2021-12-25T00:00,7.0,79,3.7,870.0,5.4,138,Ratnapark,27.7063,85.3152
2021-12-25T01:00,5.5,85,3.2,869.1,6.4,142,Ratnapark,27.7063,85.3152
2021-12-25T02:00,5.1,86,3.0,868.5,5.2,146,Ratnapark,27.7063,85.3152
2021-12-25T03:00,5.0,88,3.1,868.1,4.0,153,Ratnapark,27.7063,85.3152
2021-12-25T04:00,4.3,91,3.0,867.8,4.7,157,Ratnapark,27.7063,85.3152
2021-12-25T05:00,4.0,93,3.0,868.1,4.2,160,Ratnapark,27.7063,85.3152
2021-12-25T06:00,3.8,95,3.0,868.5,3.9,158,Ratnapark,27.7063,85.3152
2021-12-25T07:00,4.9,94,4.0,869.4,6.3,156,Ratnapark,27.7063,85.3152
2021-12-25T08:00,9.6,81,6.5,872.4,5.2,155,Ratnapark,27.7063,85.3152
2021-12-25T09:00,12.0,67,6.0,873.8,4.2,121,Ratnapark,27.7063,85.3152
2021-12-25T10:00,13.3,59,5.5,873.7,1.5,104,Ratnapark,27.7063,85.3152
2021-12-25T11:00,13.8,60,6.0,873.3,3.4,328,Ratnapark,27.7063,85.3152
2021-12-25T12:00,12.6,67,6.6,872.5,3.6,307,Ratnapark,27.7063,85.3152
2021-12-25T13:00,12.5,68,6.8,871.8,5.2,286,Ratnapark,27.7063,85.3152
2021-12-25T14:00,12.8,66,6.7,871.2,4.7,261,Ratnapark,27.7063,85.3152
2021-12-25T15:00,11.5,69,5.9,871.1,6.5,267,Ratnapark,27.7063,85.3152
2021-12-25T16:00,10.1,87,8.1,870.7,4.1,345,Ratnapark,27.7063,85.3152
2021-12-25T17:00,10.1,76,6.1,870.8,3.4,72,Ratnapark,27.7063,85.3152
2021-12-25T18:00,9.4,80,6.1,871.3,2.9,150,Ratnapark,27.7063,85.3152
2021-12-25T19:00,7.5,87,5.5,871.1,3.2,153,Ratnapark,27.7063,85.3152
2021-12-25T20:00,8.0,84,5.5,872.1,2.7,157,Ratnapark,27.7063,85.3152
2021-12-25T21:00,7.6,87,5.7,872.4,4.1,75,Ratnapark,27.7063,85.3152
2021-12-25T22:00,6.1,94,5.3,871.6,5.1,135,Ratnapark,27.7063,85.3152
2021-12-25T23:00,5.4,95,4.6,871.1,5.2,146,Ratnapark,27.7063,85.3152
2021-12-26T00:00,4.7,96,4.1,870.4,5.2,155,Ratnapark,27.7063,85.3152
2021-12-26T01:00,4.3,97,3.8,870.0,4.2,160,Ratnapark,27.7063,85.3152
2021-12-26T02:00,4.1,97,3.7,869.6,4.5,151,Ratnapark,27.7063,85.3152
2021-12-26T03:00,4.2,96,3.6,869.2,4.5,151,Ratnapark,27.7063,85.3152
2021-12-26T04:00,4.0,96,3.4,869.1,4.5,151,Ratnapark,27.7063,85.3152
2021-12-26T05:00,4.4,96,3.8,869.8,5.7,145,Ratnapark,27.7063,85.3152
2021-12-26T06:00,4.0,96,3.4,870.1,4.2,149,Ratnapark,27.7063,85.3152
2021-12-26T07:00,5.9,93,4.9,871.7,3.4,148,Ratnapark,27.7063,85.3152
2021-12-26T08:00,9.0,87,6.9,874.2,4.4,125,Ratnapark,27.7063,85.3152
2021-12-26T09:00,11.4,71,6.4,875.7,3.3,77,Ratnapark,27.7063,85.3152
2021-12-26T10:00,12.7,65,6.2,875.8,1.5,45,Ratnapark,27.7063,85.3152
2021-12-26T11:00,13.5,58,5.5,875.3,1.5,315,Ratnapark,27.7063,85.3152
2021-12-26T12:00,13.9,57,5.4,874.6,3.1,291,Ratnapark,27.7063,85.3152
2021-12-26T13:00,13.8,56,5.1,873.8,5.9,308,Ratnapark,27.7063,85.3152
2021-12-26T14:00,13.4,58,5.4,873.5,7.4,317,Ratnapark,27.7063,85.3152
2021-12-26T15:00,12.4,65,6.0,873.3,9.6,304,Ratnapark,27.7063,85.3152
2021-12-26T16:00,11.0,78,7.4,873.4,5.2,282,Ratnapark,27.7063,85.3152
2021-12-26T17:00,9.1,91,7.7,873.1,6.8,267,Ratnapark,27.7063,85.3152
2021-12-26T18:00,8.5,93,7.5,873.5,5.1,262,Ratnapark,27.7063,85.3152
2021-12-26T19:00,9.5,87,7.4,874.3,3.1,234,Ratnapark,27.7063,85.3152
2021-12-26T20:00,8.7,90,7.2,874.1,1.8,191,Ratnapark,27.7063,85.3152
2021-12-26T21:00,6.4,96,5.8,873.4,3.7,169,Ratnapark,27.7063,85.3152
2021-12-26T22:00,5.7,98,5.4,873.3,3.0,166,Ratnapark,27.7063,85.3152
2021-12-26T23:00,5.8,100,5.8,872.9,2.4,153,Ratnapark,27.7063,85.3152
2021-12-27T00:00,5.5,100,5.5,872.1,2.7,157,Ratnapark,27.7063,85.3152
2021-12-27T01:00,5.0,100,5.0,871.7,1.9,158,Ratnapark,27.7063,85.3152
2021-12-27T02:00,4.7,99,4.6,871.1,1.5,166,Ratnapark,27.7063,85.3152
2021-12-27T03:00,5.0,97,4.6,870.9,1.6,153,Ratnapark,27.7063,85.3152
2021-12-27T04:00,5.7,92,4.4,871.4,3.6,143,Ratnapark,27.7063,85.3152
2021-12-27T05:00,6.7,90,5.2,872.5,4.8,117,Ratnapark,27.7063,85.3152
2021-12-27T06:00,6.3,89,4.7,872.7,4.2,121,Ratnapark,27.7063,85.3152
2021-12-27T07:00,7.7,85,5.4,873.6,4.3,138,Ratnapark,27.7063,85.3152
2021-12-27T08:00,10.1,79,6.6,875.2,4.9,126,Ratnapark,27.7063,85.3152
2021-12-27T09:00,12.4,66,6.2,876.3,2.3,72,Ratnapark,27.7063,85.3152
2021-12-27T10:00,13.5,58,5.4,876.5,4.6,321,Ratnapark,27.7063,85.3152
2021-12-27T11:00,13.9,57,5.4,875.9,7.5,325,Ratnapark,27.7063,85.3152
2021-12-27T12:00,14.0,58,5.8,874.9,8.2,322,Ratnapark,27.7063,85.3152
2021-12-27T13:00,13.9,59,6.1,874.2,8.4,301,Ratnapark,27.7063,85.3152
2021-12-27T14:00,13.7,61,6.3,873.5,7.9,294,Ratnapark,27.7063,85.3152
2021-12-27T15:00,13.0,62,5.9,873.2,7.9,309,Ratnapark,27.7063,85.3152
2021-12-27T16:00,11.3,71,6.3,872.9,5.6,320,Ratnapark,27.7063,85.3152
2021-12-27T17:00,10.4,74,5.9,873.5,6.7,306,Ratnapark,27.7063,85.3152
2021-12-27T18:00,9.3,80,6.1,874.1,5.4,290,Ratnapark,27.7063,85.3152
2021-12-27T19:00,10.1,79,6.6,874.9,4.5,299,Ratnapark,27.7063,85.3152
2021-12-27T20:00,9.4,83,6.6,875.2,2.6,214,Ratnapark,27.7063,85.3152
2021-12-27T21:00,8.6,86,6.4,875.3,2.6,146,Ratnapark,27.7063,85.3152
2021-12-27T22:00,8.1,88,6.3,874.9,3.6,135,Ratnapark,27.7063,85.3152
2021-12-27T23:00,6.2,95,5.4,873.8,3.1,144,Ratnapark,27.7063,85.3152
2021-12-28T00:00,6.2,97,5.7,873.3,1.6,153,Ratnapark,27.7063,85.3152
2021-12-28T01:00,5.2,99,5.1,872.1,1.9,158,Ratnapark,27.7063,85.3152
2021-12-28T02:00,4.0,100,4.0,871.0,3.1,159,Ratnapark,27.7063,85.3152
2021-12-28T03:00,3.0,100,3.0,870.0,2.6,164,Ratnapark,27.7063,85.3152
2021-12-28T04:00,2.3,100,2.3,869.4,3.9,158,Ratnapark,27.7063,85.3152
2021-12-28T05:00,3.3,100,3.3,870.4,3.1,159,Ratnapark,27.7063,85.3152
2021-12-28T06:00,3.3,100,3.3,870.7,3.9,158,Ratnapark,27.7063,85.3152
2021-12-28T07:00,4.6,99,4.5,871.8,6.6,151,Ratnapark,27.7063,85.3152
2021-12-28T08:00,9.1,85,6.7,874.7,6.4,128,Ratnapark,27.7063,85.3152
2021-12-28T09:00,12.0,68,6.3,876.5,2.9,97,Ratnapark,27.7063,85.3152
2021-12-28T10:00,13.4,59,5.5,876.3,4.6,39,Ratnapark,27.7063,85.3152
2021-12-28T11:00,14.5,53,5.0,875.6,2.1,59,Ratnapark,27.7063,85.3152
2021-12-28T12:00,15.1,50,4.8,874.7,3.8,343,Ratnapark,27.7063,85.3152
2021-12-28T13:00,14.8,52,5.2,874.0,6.6,319,Ratnapark,27.7063,85.3152
2021-12-28T14:00,14.1,58,6.0,873.4,5.9,313,Ratnapark,27.7063,85.3152
2021-12-28T15:00,13.4,63,6.5,872.9,4.0,333,Ratnapark,27.7063,85.3152
2021-12-28T16:00,11.9,79,8.5,872.3,4.0,333,Ratnapark,27.7063,85.3152
2021-12-28T17:00,11.9,71,6.9,872.6,4.1,308,Ratnapark,27.7063,85.3152
2021-12-28T18:00,11.5,74,7.1,873.4,2.5,270,Ratnapark,27.7063,85.3152
2021-12-28T19:00,11.1,76,7.1,873.3,1.8,143,Ratnapark,27.7063,85.3152
2021-12-28T20:00,10.0,87,7.9,873.6,2.4,153,Ratnapark,27.7063,85.3152
2021-12-28T21:00,9.6,89,7.9,873.6,3.4,148,Ratnapark,27.7063,85.3152
2021-12-28T22:00,9.4,91,8.0,873.5,4.7,122,Ratnapark,27.7063,85.3152
2021-12-28T23:00,9.0,91,7.6,873.0,4.6,129,Ratnapark,27.7063,85.3152
2021-12-29T00:00,8.7,91,7.3,872.4,6.3,121,Ratnapark,27.7063,85.3152
2021-12-29T01:00,8.7,90,7.2,871.9,5.9,133,Ratnapark,27.7063,85.3152
2021-12-29T02:00,8.5,92,7.3,871.0,6.1,135,Ratnapark,27.7063,85.3152
2021-12-29T03:00,8.1,92,6.8,870.6,8.2,139,Ratnapark,27.7063,85.3152
2021-12-29T04:00,7.6,90,6.1,870.7,7.6,135,Ratnapark,27.7063,85.3152
2021-12-29T05:00,7.6,95,6.9,870.4,3.1,135,Ratnapark,27.7063,85.3152
2021-12-29T06:00,7.7,94,6.8,871.1,7.1,120,Ratnapark,27.7063,85.3152
2021-12-29T07:00,7.9,93,6.9,872.2,7.9,141,Ratnapark,27.7063,85.3152
2021-12-29T08:00,8.1,92,6.9,873.2,6.4,117,Ratnapark,27.7063,85.3152
2021-12-29T09:00,8.4,90,6.9,874.2,7.9,120,Ratnapark,27.7063,85.3152
2021-12-29T10:00,8.9,87,6.8,874.1,7.3,99,Ratnapark,27.7063,85.3152
2021-12-29T11:00,10.3,78,6.7,873.7,13.2,112,Ratnapark,27.7063,85.3152
2021-12-29T12:00,10.4,77,6.5,872.9,14.2,117,Ratnapark,27.7063,85.3152
2021-12-29T13:00,10.1,75,6.0,872.2,13.0,114,Ratnapark,27.7063,85.3152
2021-12-29T14:00,9.7,76,5.7,872.1,8.1,111,Ratnapark,27.7063,85.3152
2021-12-29T15:00,9.1,81,6.0,872.5,3.5,114,Ratnapark,27.7063,85.3152
2021-12-29T16:00,8.3,89,6.6,872.8,3.3,103,Ratnapark,27.7063,85.3152
2021-12-29T17:00,8.0,92,6.7,873.0,4.0,85,Ratnapark,27.7063,85.3152
2021-12-29T18:00,7.5,93,6.5,873.3,3.7,101,Ratnapark,27.7063,85.3152
2021-12-29T19:00,7.2,94,6.3,873.8,5.5,113,Ratnapark,27.7063,85.3152
2021-12-29T20:00,6.9,95,6.1,873.8,6.1,130,Ratnapark,27.7063,85.3152
2021-12-29T21:00,6.9,95,6.1,874.2,6.6,135,Ratnapark,27.7063,85.3152
2021-12-29T22:00,6.5,94,5.6,874.2,5.7,145,Ratnapark,27.7063,85.3152
2021-12-29T23:00,6.9,95,6.1,874.4,4.7,148,Ratnapark,27.7063,85.3152
2021-12-30T00:00,6.9,95,6.2,874.6,2.4,117,Ratnapark,27.7063,85.3152
2021-12-30T01:00,7.2,95,6.5,874.8,4.3,138,Ratnapark,27.7063,85.3152
2021-12-30T02:00,6.8,96,6.1,874.4,4.1,105,Ratnapark,27.7063,85.3152
2021-12-30T03:00,6.5,95,5.8,874.1,4.5,119,Ratnapark,27.7063,85.3152
2021-12-30T04:00,5.9,95,5.2,874.8,4.7,122,Ratnapark,27.7063,85.3152
2021-12-30T05:00,4.1,100,4.0,873.7,8.9,130,Ratnapark,27.7063,85.3152
2021-12-30T06:00,4.1,99,4.0,874.1,9.2,149,Ratnapark,27.7063,85.3152
2021-12-30T07:00,4.3,99,4.2,874.2,8.7,156,Ratnapark,27.7063,85.3152
2021-12-30T08:00,6.5,98,6.2,875.7,6.5,146,Ratnapark,27.7063,85.3152
2021-12-30T09:00,10.1,86,7.9,878.1,3.6,96,Ratnapark,27.7063,85.3152
2021-12-30T10:00,11.9,73,7.3,878.6,4.7,94,Ratnapark,27.7063,85.3152
2021-12-30T11:00,12.6,70,7.2,878.3,3.8,107,Ratnapark,27.7063,85.3152
2021-12-30T12:00,13.3,65,6.8,877.6,3.1,111,Ratnapark,27.7063,85.3152
2021-12-30T13:00,13.5,60,5.8,876.6,3.0,104,Ratnapark,27.7063,85.3152
2021-12-30T14:00,13.5,57,5.0,876.1,0.7,90,Ratnapark,27.7063,85.3152
2021-12-30T15:00,13.0,57,4.8,875.7,3.7,11,Ratnapark,27.7063,85.3152
2021-12-30T16:00,10.9,78,7.3,875.0,4.6,315,Ratnapark,27.7063,85.3152
2021-12-30T17:00,8.4,93,7.4,875.2,7.0,325,Ratnapark,27.7063,85.3152
2021-12-30T18:00,8.5,97,8.0,875.5,3.9,68,Ratnapark,27.7063,85.3152
2021-12-30T19:00,6.4,99,6.3,874.6,2.2,180,Ratnapark,27.7063,85.3152
2021-12-30T20:00,5.5,100,5.5,874.5,2.5,180,Ratnapark,27.7063,85.3152
2021-12-30T21:00,4.8,100,4.8,874.4,1.8,169,Ratnapark,27.7063,85.3152
2021-12-30T22:00,5.3,99,5.1,874.4,1.4,180,Ratnapark,27.7063,85.3152
2021-12-30T23:00,4.7,100,4.7,873.6,1.8,169,Ratnapark,27.7063,85.3152
2021-12-31T00:00,3.6,100,3.6,872.7,1.8,169,Ratnapark,27.7063,85.3152
2021-12-31T01:00,3.2,100,3.2,872.3,0.7,180,Ratnapark,27.7063,85.3152
2021-12-31T02:00,3.2,100,3.2,871.5,2.3,162,Ratnapark,27.7063,85.3152
2021-12-31T03:00,3.5,98,3.2,871.0,3.8,163,Ratnapark,27.7063,85.3152
2021-12-31T04:00,3.0,99,2.8,870.7,2.5,172,Ratnapark,27.7063,85.3152
2021-12-31T05:00,2.2,100,2.2,871.3,2.5,172,Ratnapark,27.7063,85.3152
2021-12-31T06:00,2.5,100,2.5,872.0,2.3,162,Ratnapark,27.7063,85.3152
2021-12-31T07:00,3.8,99,3.6,873.2,6.1,152,Ratnapark,27.7063,85.3152
2021-12-31T08:00,8.0,86,5.8,875.6,7.4,141,Ratnapark,27.7063,85.3152
2021-12-31T09:00,11.5,68,5.9,877.6,4.4,99,Ratnapark,27.7063,85.3152
2021-12-31T10:00,13.4,60,5.8,878.0,2.3,51,Ratnapark,27.7063,85.3152
2021-12-31T11:00,14.6,58,6.4,877.9,4.2,340,Ratnapark,27.7063,85.3152
2021-12-31T12:00,15.2,56,6.4,876.8,7.4,346,Ratnapark,27.7063,85.3152
2021-12-31T13:00,15.1,56,6.3,875.9,8.9,339,Ratnapark,27.7063,85.3152
2021-12-31T14:00,14.4,57,6.1,875.5,9.0,331,Ratnapark,27.7063,85.3152
2021-12-31T15:00,13.3,61,5.9,875.1,7.1,336,Ratnapark,27.7063,85.3152
2021-12-31T16:00,11.0,77,7.1,874.2,4.5,346,Ratnapark,27.7063,85.3152
2021-12-31T17:00,10.9,67,5.1,874.9,4.1,308,Ratnapark,27.7063,85.3152
2021-12-31T18:00,10.2,70,4.9,875.4,3.3,257,Ratnapark,27.7063,85.3152
2021-12-31T19:00,9.7,69,4.4,875.4,2.8,230,Ratnapark,27.7063,85.3152
2021-12-31T20:00,9.3,71,4.4,875.8,3.7,209,Ratnapark,27.7063,85.3152
2021-12-31T21:00,8.9,76,4.9,876.0,2.6,196,Ratnapark,27.7063,85.3152
2021-12-31T22:00,8.4,80,5.2,875.8,0.4,180,Ratnapark,27.7063,85.3152
2021-12-31T23:00,6.7,87,4.7,874.7,1.5,166,Ratnapark,27.7063,85.3152
