timestamp,temperature,humidity,dew_point,pressure,wind_speed,wind_direction,station,latitude,longitude
2023-01-01T00:00,7.8,94,6.8,871.1,3.2,180,Pulchowk,27.6787,85.3168
2023-01-01T01:00,8.0,94,7.1,870.9,2.2,180,Pulchowk,27.6787,85.3168
2023-01-01T02:00,8.1,94,7.2,870.6,2.2,171,Pulchowk,27.6787,85.3168
2023-01-01T03:00,8.3,93,7.3,870.4,2.9,173,Pulchowk,27.6787,85.3168
2023-01-01T04:00,8.2,95,7.4,870.4,3.3,174,Pulchowk,27.6787,85.3168
2023-01-01T05:00,7.2,98,6.9,870.9,5.4,172,Pulchowk,27.6787,85.3168
2023-01-01T06:00,6.7,96,6.1,871.6,5.1,172,Pulchowk,27.6787,85.3168
2023-01-01T07:00,7.0,96,6.3,872.4,6.8,177,Pulchowk,27.6787,85.3168
2023-01-01T08:00,9.5,84,7.0,874.3,5.4,176,Pulchowk,27.6787,85.3168
2023-01-01T09:00,11.4,73,6.6,875.5,0.7,180,Pulchowk,27.6787,85.3168
2023-01-01T10:00,12.7,65,6.3,875.9,4.3,355,Pulchowk,27.6787,85.3168
2023-01-01T11:00,13.8,61,6.3,875.4,6.2,353,Pulchowk,27.6787,85.3168
2023-01-01T12:00,14.6,56,5.9,874.3,6.6,338,Pulchowk,27.6787,85.3168
2023-01-01T13:00,14.6,54,5.4,873.4,7.7,332,Pulchowk,27.6787,85.3168
2023-01-01T14:00,13.8,58,5.7,872.7,9.7,333,Pulchowk,27.6787,85.3168
2023-01-01T15:00,13.1,62,6.0,872.3,8.4,329,Pulchowk,27.6787,85.3168
2023-01-01T16:00,12.3,66,6.1,872.3,6.2,339,Pulchowk,27.6787,85.3168
2023-01-01T17:00,10.4,82,7.4,872.0,5.4,340,Pulchowk,27.6787,85.3168
2023-01-01T18:00,10.6,81,7.4,872.9,2.2,9,Pulchowk,27.6787,85.3168
2023-01-01T19:00,10.7,74,6.3,873.8,3.0,14,Pulchowk,27.6787,85.3168
2023-01-01T20:00,10.2,78,6.5,874.0,2.4,63,Pulchowk,27.6787,85.3168
2023-01-01T21:00,9.0,84,6.4,873.7,1.8,127,Pulchowk,27.6787,85.3168
2023-01-01T22:00,8.5,85,6.1,873.3,2.9,150,Pulchowk,27.6787,85.3168
2023-01-01T23:00,8.0,88,6.2,872.8,2.4,153,Pulchowk,27.6787,85.3168
2023-01-02T00:00,7.5,92,6.3,871.9,2.9,150,Pulchowk,27.6787,85.3168
2023-01-02T01:00,7.4,93,6.4,871.5,3.9,158,Pulchowk,27.6787,85.3168
2023-01-02T02:00,6.9,95,6.2,870.6,3.9,158,Pulchowk,27.6787,85.3168
2023-01-02T03:00,6.6,95,5.9,870.1,3.4,162,Pulchowk,27.6787,85.3168
2023-01-02T04:00,6.5,95,5.7,870.0,3.3,167,Pulchowk,27.6787,85.3168
2023-01-02T05:00,5.3,97,4.9,870.2,4.8,167,Pulchowk,27.6787,85.3168
2023-01-02T06:00,5.1,97,4.7,870.8,5.1,172,Pulchowk,27.6787,85.3168
2023-01-02T07:00,5.6,96,4.9,871.9,5.8,176,Pulchowk,27.6787,85.3168
2023-01-02T08:00,9.5,79,6.1,874.6,4.3,185,Pulchowk,27.6787,85.3168
2023-01-02T09:00,11.6,60,4.2,875.7,1.9,292,Pulchowk,27.6787,85.3168
2023-01-02T10:00,13.1,53,3.8,876.2,3.4,302,Pulchowk,27.6787,85.3168
2023-01-02T11:00,14.2,49,3.6,875.8,4.6,315,Pulchowk,27.6787,85.3168
2023-01-02T12:00,15.3,46,3.9,874.8,7.7,323,Pulchowk,27.6787,85.3168
2023-01-02T13:00,15.4,45,3.6,874.1,8.6,327,Pulchowk,27.6787,85.3168
2023-01-02T14:00,15.1,45,3.2,873.4,7.9,336,Pulchowk,27.6787,85.3168
2023-01-02T15:00,14.5,48,3.6,873.0,7.4,331,Pulchowk,27.6787,85.3168
2023-01-02T16:00,13.4,56,4.8,872.9,5.0,339,Pulchowk,27.6787,85.3168
2023-01-02T17:00,11.1,69,5.6,872.8,5.5,328,Pulchowk,27.6787,85.3168
2023-01-02T18:00,10.4,75,6.2,873.5,4.4,325,Pulchowk,27.6787,85.3168
2023-01-02T19:00,10.1,72,5.2,874.3,2.1,121,Pulchowk,27.6787,85.3168
2023-01-02T20:00,8.0,85,5.7,873.7,0.8,153,Pulchowk,27.6787,85.3168
2023-01-02T21:00,7.1,89,5.4,873.8,2.3,162,Pulchowk,27.6787,85.3168
2023-01-02T22:00,5.8,93,4.8,873.0,4.2,160,Pulchowk,27.6787,85.3168
2023-01-02T23:00,4.5,98,4.1,871.8,5.1,172,Pulchowk,27.6787,85.3168
2023-01-03T00:00,3.1,100,3.1,870.3,5.8,176,Pulchowk,27.6787,85.3168
2023-01-03T01:00,2.6,100,2.5,869.4,5.8,180,Pulchowk,27.6787,85.3168
2023-01-03T02:00,2.1,100,2.1,868.7,5.4,180,Pulchowk,27.6787,85.3168
2023-01-03T03:00,2.1,100,2.0,868.6,4.7,180,Pulchowk,27.6787,85.3168
2023-01-03T04:00,1.9,100,1.9,868.7,4.3,180,Pulchowk,27.6787,85.3168
2023-01-03T05:00,2.4,95,1.6,869.8,4.7,180,Pulchowk,27.6787,85.3168
2023-01-03T06:00,2.4,93,1.3,870.5,4.3,180,Pulchowk,27.6787,85.3168
2023-01-03T07:00,3.6,86,1.4,871.5,5.0,180,Pulchowk,27.6787,85.3168
2023-01-03T08:00,8.6,70,3.4,874.9,3.4,162,Pulchowk,27.6787,85.3168
2023-01-03T09:00,11.6,55,2.8,876.3,2.6,56,Pulchowk,27.6787,85.3168
2023-01-03T10:00,13.4,51,3.5,876.3,3.1,36,Pulchowk,27.6787,85.3168
2023-01-03T11:00,14.9,47,3.7,876.2,4.6,342,Pulchowk,27.6787,85.3168
2023-01-03T12:00,15.5,44,3.2,875.2,7.4,321,Pulchowk,27.6787,85.3168
2023-01-03T13:00,15.7,43,3.0,874.2,8.9,328,Pulchowk,27.6787,85.3168
2023-01-03T14:00,15.1,44,2.9,873.1,9.0,337,Pulchowk,27.6787,85.3168
2023-01-03T15:00,14.4,46,3.0,872.4,7.4,337,Pulchowk,27.6787,85.3168
2023-01-03T16:00,13.2,55,4.3,872.0,3.4,342,Pulchowk,27.6787,85.3168
2023-01-03T17:00,11.7,54,2.6,872.4,2.6,236,Pulchowk,27.6787,85.3168
2023-01-03T18:00,9.3,75,5.1,871.9,1.8,180,Pulchowk,27.6787,85.3168
2023-01-03T19:00,10.0,65,3.8,872.8,1.8,191,Pulchowk,27.6787,85.3168
2023-01-03T20:00,9.6,68,4.0,873.3,2.8,220,Pulchowk,27.6787,85.3168
2023-01-03T21:00,9.2,70,4.1,873.3,0.7,180,Pulchowk,27.6787,85.3168
2023-01-03T22:00,6.7,86,4.4,872.1,2.5,180,Pulchowk,27.6787,85.3168
2023-01-03T23:00,5.7,90,4.3,871.5,3.2,180,Pulchowk,27.6787,85.3168
2023-01-04T00:00,4.1,95,3.3,870.2,3.3,174,Pulchowk,27.6787,85.3168
2023-01-04T01:00,2.6,97,2.1,869.2,4.3,175,Pulchowk,27.6787,85.3168
2023-01-04T02:00,1.5,100,1.5,868.2,5.4,180,Pulchowk,27.6787,85.3168
2023-01-04T03:00,1.1,100,1.1,867.7,6.5,180,Pulchowk,27.6787,85.3168
2023-01-04T04:00,1.2,99,1.1,867.5,6.5,180,Pulchowk,27.6787,85.3168
2023-01-04T05:00,2.1,95,1.3,869.2,5.4,176,Pulchowk,27.6787,85.3168
2023-01-04T06:00,2.3,90,0.9,869.5,6.2,170,Pulchowk,27.6787,85.3168
2023-01-04T07:00,3.7,83,1.0,870.8,8.4,173,Pulchowk,27.6787,85.3168
2023-01-04T08:00,8.6,65,2.5,874.1,6.8,162,Pulchowk,27.6787,85.3168
2023-01-04T09:00,11.9,54,2.9,876.0,1.5,104,Pulchowk,27.6787,85.3168
2023-01-04T10:00,13.7,48,2.9,876.0,3.8,49,Pulchowk,27.6787,85.3168
2023-01-04T11:00,15.3,43,2.7,875.5,2.3,51,Pulchowk,27.6787,85.3168
2023-01-04T12:00,16.3,40,2.5,874.5,2.0,315,Pulchowk,27.6787,85.3168
2023-01-04T13:00,16.4,37,1.7,873.5,4.6,288,Pulchowk,27.6787,85.3168
2023-01-04T14:00,15.9,37,1.4,872.8,6.5,276,Pulchowk,27.6787,85.3168
2023-01-04T15:00,14.6,44,2.5,872.3,6.9,276,Pulchowk,27.6787,85.3168
2023-01-04T16:00,13.1,56,4.4,872.1,4.0,297,Pulchowk,27.6787,85.3168
2023-01-04T17:00,11.0,54,2.0,872.3,4.8,312,Pulchowk,27.6787,85.3168
2023-01-04T18:00,9.2,69,3.7,872.1,4.8,312,Pulchowk,27.6787,85.3168
2023-01-04T19:00,9.7,57,1.5,872.7,2.6,236,Pulchowk,27.6787,85.3168
2023-01-04T20:00,8.4,66,2.3,872.6,0.4,180,Pulchowk,27.6787,85.3168
2023-01-04T21:00,6.6,76,2.7,872.2,2.6,164,Pulchowk,27.6787,85.3168
2023-01-04T22:00,6.5,76,2.5,872.1,3.6,174,Pulchowk,27.6787,85.3168
2023-01-04T23:00,6.3,75,2.2,872.0,3.3,174,Pulchowk,27.6787,85.3168
2023-01-05T00:00,6.0,76,2.0,871.5,3.0,166,Pulchowk,27.6787,85.3168
2023-01-05T01:00,5.7,76,1.8,871.2,3.3,167,Pulchowk,27.6787,85.3168
2023-01-05T02:00,5.4,76,1.5,870.6,3.7,169,Pulchowk,27.6787,85.3168
2023-01-05T03:00,5.0,76,1.2,869.9,4.0,170,Pulchowk,27.6787,85.3168
2023-01-05T04:00,4.5,77,0.8,869.6,4.5,166,Pulchowk,27.6787,85.3168
2023-01-05T05:00,3.5,81,0.5,870.3,3.4,162,Pulchowk,27.6787,85.3168
2023-01-05T06:00,4.2,74,-0.1,870.9,4.9,163,Pulchowk,27.6787,85.3168
2023-01-05T07:00,5.0,68,-0.3,871.8,6.0,163,Pulchowk,27.6787,85.3168
2023-01-05T08:00,8.9,59,1.3,874.7,5.7,162,Pulchowk,27.6787,85.3168
2023-01-05T09:00,12.4,41,-0.7,877.1,1.4,90,Pulchowk,27.6787,85.3168
2023-01-05T10:00,13.9,38,-0.3,877.6,1.6,27,Pulchowk,27.6787,85.3168
2023-01-05T11:00,15.3,35,-0.1,877.3,2.6,344,Pulchowk,27.6787,85.3168
2023-01-05T12:00,16.2,32,-0.4,876.5,5.5,328,Pulchowk,27.6787,85.3168
2023-01-05T13:00,16.4,31,-0.9,875.5,7.3,327,Pulchowk,27.6787,85.3168
2023-01-05T14:00,16.2,30,-1.4,874.9,8.3,326,Pulchowk,27.6787,85.3168
2023-01-05T15:00,15.3,31,-1.8,874.4,7.9,317,Pulchowk,27.6787,85.3168
2023-01-05T16:00,13.4,45,1.6,873.9,3.8,319,Pulchowk,27.6787,85.3168
2023-01-05T17:00,12.4,37,-2.0,874.6,4.7,266,Pulchowk,27.6787,85.3168
2023-01-05T18:00,11.0,45,-0.4,874.6,4.1,225,Pulchowk,27.6787,85.3168
2023-01-05T19:00,10.9,43,-1.1,875.1,3.2,207,Pulchowk,27.6787,85.3168
2023-01-05T20:00,8.9,57,0.9,874.6,1.5,166,Pulchowk,27.6787,85.3168
2023-01-05T21:00,7.2,68,1.6,874.1,2.3,162,Pulchowk,27.6787,85.3168
2023-01-05T22:00,7.0,67,1.3,874.2,3.4,162,Pulchowk,27.6787,85.3168
2023-01-05T23:00,6.9,66,0.9,873.8,4.1,165,Pulchowk,27.6787,85.3168
2023-01-06T00:00,6.7,65,0.7,873.2,4.1,165,Pulchowk,27.6787,85.3168
2023-01-06T01:00,6.4,66,0.4,872.5,3.7,169,Pulchowk,27.6787,85.3168
2023-01-06T02:00,5.9,66,-0.0,871.7,3.0,166,Pulchowk,27.6787,85.3168
2023-01-06T03:00,5.5,65,-0.6,871.2,2.6,164,Pulchowk,27.6787,85.3168
2023-01-06T04:00,5.2,64,-1.1,871.1,3.3,167,Pulchowk,27.6787,85.3168
2023-01-06T05:00,4.2,73,-0.2,871.4,4.8,167,Pulchowk,27.6787,85.3168
2023-01-06T06:00,4.2,73,-0.3,871.8,4.8,167,Pulchowk,27.6787,85.3168
2023-01-06T07:00,5.2,68,-0.2,873.0,4.8,167,Pulchowk,27.6787,85.3168
2023-01-06T08:00,9.5,59,2.0,876.0,4.3,156,Pulchowk,27.6787,85.3168
2023-01-06T09:00,14.5,37,0.1,878.5,2.6,74,Pulchowk,27.6787,85.3168
2023-01-06T10:00,16.4,33,-0.1,878.6,2.6,16,Pulchowk,27.6787,85.3168
2023-01-06T11:00,17.7,31,0.2,878.0,3.8,343,Pulchowk,27.6787,85.3168
2023-01-06T12:00,18.6,29,0.3,877.2,5.8,330,Pulchowk,27.6787,85.3168
2023-01-06T13:00,18.8,30,0.9,876.2,8.0,324,Pulchowk,27.6787,85.3168
2023-01-06T14:00,18.4,30,0.4,875.5,9.0,323,Pulchowk,27.6787,85.3168
2023-01-06T15:00,17.4,28,-1.3,875.3,8.2,337,Pulchowk,27.6787,85.3168
2023-01-06T16:00,14.9,48,4.1,874.4,4.0,360,Pulchowk,27.6787,85.3168
2023-01-06T17:00,14.3,33,-1.7,875.2,3.3,139,Pulchowk,27.6787,85.3168
2023-01-06T18:00,11.0,55,2.2,874.2,1.8,169,Pulchowk,27.6787,85.3168
2023-01-06T19:00,9.7,60,2.3,874.0,2.5,172,Pulchowk,27.6787,85.3168
2023-01-06T20:00,9.0,62,2.1,874.0,2.6,164,Pulchowk,27.6787,85.3168
2023-01-06T21:00,8.6,61,1.5,873.8,4.2,160,Pulchowk,27.6787,85.3168
2023-01-06T22:00,8.4,59,0.9,873.8,4.9,163,Pulchowk,27.6787,85.3168
2023-01-06T23:00,8.6,54,-0.1,873.4,4.8,167,Pulchowk,27.6787,85.3168
2023-01-07T00:00,8.4,52,-0.9,873.0,4.5,166,Pulchowk,27.6787,85.3168
2023-01-07T01:00,7.8,53,-1.2,872.1,4.9,163,Pulchowk,27.6787,85.3168
2023-01-07T02:00,7.4,52,-1.7,871.4,5.0,159,Pulchowk,27.6787,85.3168
2023-01-07T03:00,7.5,50,-2.3,870.8,4.5,166,Pulchowk,27.6787,85.3168
2023-01-07T04:00,7.5,48,-2.8,870.5,4.8,167,Pulchowk,27.6787,85.3168
2023-01-07T05:00,5.8,48,-4.2,870.5,5.9,166,Pulchowk,27.6787,85.3168
2023-01-07T06:00,6.5,42,-5.6,871.4,4.1,165,Pulchowk,27.6787,85.3168
2023-01-07T07:00,7.5,40,-5.3,872.6,3.8,163,Pulchowk,27.6787,85.3168
2023-01-07T08:00,11.5,39,-1.9,875.1,4.6,162,Pulchowk,27.6787,85.3168
2023-01-07T09:00,15.9,27,-3.2,877.5,3.9,124,Pulchowk,27.6787,85.3168
2023-01-07T10:00,17.8,20,-5.7,878.0,2.4,63,Pulchowk,27.6787,85.3168
2023-01-07T11:00,19.0,19,-5.3,877.6,2.9,353,Pulchowk,27.6787,85.3168
2023-01-07T12:00,19.7,19,-4.7,876.6,5.6,333,Pulchowk,27.6787,85.3168
2023-01-07T13:00,19.8,18,-4.9,875.6,8.5,332,Pulchowk,27.6787,85.3168
2023-01-07T14:00,19.2,18,-5.5,874.5,9.3,332,Pulchowk,27.6787,85.3168
2023-01-07T15:00,18.3,19,-5.6,873.8,7.9,330,Pulchowk,27.6787,85.3168
2023-01-07T16:00,15.3,52,5.5,872.5,5.8,330,Pulchowk,27.6787,85.3168
2023-01-07T17:00,14.8,25,-5.3,873.3,2.6,196,Pulchowk,27.6787,85.3168
2023-01-07T18:00,10.9,47,0.1,872.0,2.5,188,Pulchowk,27.6787,85.3168
2023-01-07T19:00,10.3,44,-1.3,872.1,1.8,180,Pulchowk,27.6787,85.3168
2023-01-07T20:00,9.5,49,-0.8,872.0,1.5,166,Pulchowk,27.6787,85.3168
2023-01-07T21:00,9.2,49,-1.0,872.2,2.3,162,Pulchowk,27.6787,85.3168
2023-01-07T22:00,9.2,46,-1.7,872.1,4.1,165,Pulchowk,27.6787,85.3168
2023-01-07T23:00,8.5,48,-1.9,871.2,5.2,168,Pulchowk,27.6787,85.3168
2023-01-08T00:00,8.0,48,-2.3,870.5,5.6,165,Pulchowk,27.6787,85.3168
2023-01-08T01:00,8.1,45,-3.2,870.1,5.7,162,Pulchowk,27.6787,85.3168
2023-01-08T02:00,8.0,42,-4.1,869.3,5.7,162,Pulchowk,27.6787,85.3168
2023-01-08T03:00,7.8,40,-4.9,868.7,5.4,160,Pulchowk,27.6787,85.3168
2023-01-08T04:00,7.6,39,-5.5,868.4,4.6,162,Pulchowk,27.6787,85.3168
2023-01-08T05:00,5.6,50,-3.9,868.7,7.3,160,Pulchowk,27.6787,85.3168
2023-01-08T06:00,6.6,41,-5.6,869.8,5.4,160,Pulchowk,27.6787,85.3168
2023-01-08T07:00,7.1,40,-5.6,870.6,5.9,166,Pulchowk,27.6787,85.3168
2023-01-08T08:00,10.6,40,-2.5,873.0,6.2,170,Pulchowk,27.6787,85.3168
2023-01-08T09:00,15.7,25,-4.3,875.7,4.1,135,Pulchowk,27.6787,85.3168
2023-01-08T10:00,17.7,19,-5.9,876.0,2.9,83,Pulchowk,27.6787,85.3168
2023-01-08T11:00,19.0,18,-6.0,875.5,1.8,37,Pulchowk,27.6787,85.3168
2023-01-08T12:00,19.8,17,-6.1,874.8,3.2,333,Pulchowk,27.6787,85.3168
2023-01-08T13:00,20.0,18,-5.3,874.1,4.8,312,Pulchowk,27.6787,85.3168
2023-01-08T14:00,19.5,19,-4.4,873.6,5.8,300,Pulchowk,27.6787,85.3168
2023-01-08T15:00,18.6,22,-3.4,873.2,5.4,290,Pulchowk,27.6787,85.3168
2023-01-08T16:00,16.2,48,5.3,872.7,4.3,265,Pulchowk,27.6787,85.3168
2023-01-08T17:00,14.5,35,-0.8,872.8,3.8,197,Pulchowk,27.6787,85.3168
2023-01-08T18:00,11.2,56,2.6,871.7,2.5,180,Pulchowk,27.6787,85.3168
2023-01-08T19:00,10.5,46,-0.5,872.0,1.8,169,Pulchowk,27.6787,85.3168
2023-01-08T20:00,10.2,40,-2.9,872.2,2.6,164,Pulchowk,27.6787,85.3168
2023-01-08T21:00,9.8,38,-3.9,872.3,3.3,167,Pulchowk,27.6787,85.3168
2023-01-08T22:00,9.4,39,-3.9,872.3,3.6,174,Pulchowk,27.6787,85.3168
2023-01-08T23:00,8.9,43,-3.0,871.9,4.0,170,Pulchowk,27.6787,85.3168
2023-01-09T00:00,8.8,45,-2.6,871.5,5.2,168,Pulchowk,27.6787,85.3168
2023-01-09T01:00,8.6,45,-2.7,870.8,6.0,163,Pulchowk,27.6787,85.3168
2023-01-09T02:00,8.6,42,-3.6,870.2,5.9,166,Pulchowk,27.6787,85.3168
2023-01-09T03:00,8.3,40,-4.4,869.7,5.0,159,Pulchowk,27.6787,85.3168
2023-01-09T04:00,7.7,41,-4.9,869.7,5.2,164,Pulchowk,27.6787,85.3168
2023-01-09T05:00,5.9,47,-4.6,870.0,6.3,167,Pulchowk,27.6787,85.3168
2023-01-09T06:00,5.4,49,-4.5,870.3,7.1,165,Pulchowk,27.6787,85.3168
2023-01-09T07:00,6.2,48,-4.0,871.5,8.1,167,Pulchowk,27.6787,85.3168
2023-01-09T08:00,10.7,43,-1.3,874.1,8.0,170,Pulchowk,27.6787,85.3168
2023-01-09T09:00,15.5,27,-3.2,877.1,2.9,150,Pulchowk,27.6787,85.3168
2023-01-09T10:00,17.3,24,-3.6,877.3,2.8,50,Pulchowk,27.6787,85.3168
2023-01-09T11:00,18.7,23,-3.0,876.8,3.1,36,Pulchowk,27.6787,85.3168
2023-01-09T12:00,19.6,22,-2.8,875.7,3.6,360,Pulchowk,27.6787,85.3168
2023-01-09T13:00,19.8,22,-2.6,874.8,5.0,330,Pulchowk,27.6787,85.3168
2023-01-09T14:00,19.6,23,-2.4,874.1,6.4,322,Pulchowk,27.6787,85.3168
2023-01-09T15:00,18.7,24,-2.4,873.8,6.6,311,Pulchowk,27.6787,85.3168
2023-01-09T16:00,16.0,51,5.8,873.2,4.9,306,Pulchowk,27.6787,85.3168
2023-01-09T17:00,15.4,30,-2.3,873.4,3.9,248,Pulchowk,27.6787,85.3168
2023-01-09T18:00,12.4,48,1.8,872.9,4.2,211,Pulchowk,27.6787,85.3168
2023-01-09T19:00,10.7,56,2.3,872.4,3.3,186,Pulchowk,27.6787,85.3168
2023-01-09T20:00,10.2,54,1.3,872.5,2.5,172,Pulchowk,27.6787,85.3168
2023-01-09T21:00,9.8,54,0.9,872.1,3.0,166,Pulchowk,27.6787,85.3168
2023-01-09T22:00,9.4,55,0.8,872.0,3.3,167,Pulchowk,27.6787,85.3168
2023-01-09T23:00,9.0,55,0.6,871.4,3.6,174,Pulchowk,27.6787,85.3168
2023-01-10T00:00,8.8,56,0.4,871.0,3.6,174,Pulchowk,27.6787,85.3168
2023-01-10T01:00,8.3,57,0.2,870.5,3.6,174,Pulchowk,27.6787,85.3168
2023-01-10T02:00,8.1,56,-0.2,869.9,3.3,174,Pulchowk,27.6787,85.3168
2023-01-10T03:00,8.0,54,-0.8,869.3,3.7,169,Pulchowk,27.6787,85.3168
2023-01-10T04:00,7.6,53,-1.4,869.1,4.4,171,Pulchowk,27.6787,85.3168
2023-01-10T05:00,6.1,56,-2.0,869.4,5.9,169,Pulchowk,27.6787,85.3168
2023-01-10T06:00,6.1,56,-2.1,869.6,5.5,169,Pulchowk,27.6787,85.3168
2023-01-10T07:00,7.1,53,-1.7,870.8,5.9,169,Pulchowk,27.6787,85.3168
2023-01-10T08:00,11.1,50,1.0,873.0,6.2,173,Pulchowk,27.6787,85.3168
2023-01-10T09:00,15.5,31,-1.6,875.2,2.1,149,Pulchowk,27.6787,85.3168
2023-01-10T10:00,17.1,27,-2.0,875.4,2.2,351,Pulchowk,27.6787,85.3168
2023-01-10T11:00,18.2,27,-1.0,874.6,4.2,329,Pulchowk,27.6787,85.3168
2023-01-10T12:00,18.7,28,-0.1,873.4,5.7,325,Pulchowk,27.6787,85.3168
2023-01-10T13:00,19.0,28,0.3,872.5,7.3,327,Pulchowk,27.6787,85.3168
2023-01-10T14:00,18.7,29,0.1,871.5,6.4,333,Pulchowk,27.6787,85.3168
2023-01-10T15:00,17.9,30,-0.1,870.6,5.5,337,Pulchowk,27.6787,85.3168
2023-01-10T16:00,15.9,57,7.4,870.0,4.7,337,Pulchowk,27.6787,85.3168
2023-01-10T17:00,14.9,33,-1.2,870.7,5.2,282,Pulchowk,27.6787,85.3168
2023-01-10T18:00,14.1,34,-1.6,870.9,4.4,279,Pulchowk,27.6787,85.3168
2023-01-10T19:00,13.3,36,-1.3,871.1,1.5,166,Pulchowk,27.6787,85.3168
2023-01-10T20:00,9.9,60,2.4,869.6,1.8,169,Pulchowk,27.6787,85.3168
2023-01-10T21:00,9.2,59,1.7,869.2,2.5,172,Pulchowk,27.6787,85.3168
2023-01-10T22:00,8.9,60,1.4,868.8,2.5,172,Pulchowk,27.6787,85.3168
2023-01-10T23:00,8.1,64,1.7,868.1,1.8,169,Pulchowk,27.6787,85.3168
2023-01-11T00:00,7.9,64,1.5,867.5,3.3,174,Pulchowk,27.6787,85.3168
2023-01-11T01:00,7.7,64,1.3,866.6,3.8,163,Pulchowk,27.6787,85.3168
2023-01-11T02:00,7.4,64,1.0,865.9,3.8,163,Pulchowk,27.6787,85.3168
2023-01-11T03:00,7.3,62,0.6,865.6,4.1,165,Pulchowk,27.6787,85.3168
2023-01-11T04:00,6.9,63,0.3,865.4,4.0,170,Pulchowk,27.6787,85.3168
2023-01-11T05:00,5.1,72,0.5,866.0,6.5,161,Pulchowk,27.6787,85.3168
2023-01-11T06:00,6.5,62,-0.2,867.0,5.0,159,Pulchowk,27.6787,85.3168
2023-01-11T07:00,7.4,59,-0.0,867.9,6.8,162,Pulchowk,27.6787,85.3168
2023-01-11T08:00,11.0,53,1.8,870.2,7.1,156,Pulchowk,27.6787,85.3168
2023-01-11T09:00,14.6,41,1.6,872.3,3.4,108,Pulchowk,27.6787,85.3168
2023-01-11T10:00,16.6,35,1.1,872.6,4.7,99,Pulchowk,27.6787,85.3168
2023-01-11T11:00,18.0,33,1.5,872.2,1.0,135,Pulchowk,27.6787,85.3168
2023-01-11T12:00,18.5,33,1.8,871.5,2.8,310,Pulchowk,27.6787,85.3168
2023-01-11T13:00,18.5,34,2.3,870.7,3.9,304,Pulchowk,27.6787,85.3168
2023-01-11T14:00,18.2,36,2.8,869.8,4.4,305,Pulchowk,27.6787,85.3168
2023-01-11T15:00,17.3,40,3.4,869.7,6.4,297,Pulchowk,27.6787,85.3168
2023-01-11T16:00,15.3,54,6.0,869.3,3.6,307,Pulchowk,27.6787,85.3168
2023-01-11T17:00,13.6,51,3.7,868.9,4.1,255,Pulchowk,27.6787,85.3168
2023-01-11T18:00,10.7,73,6.1,868.2,3.2,207,Pulchowk,27.6787,85.3168
2023-01-11T19:00,10.1,69,4.6,868.5,2.2,180,Pulchowk,27.6787,85.3168
2023-01-11T20:00,9.5,65,3.2,868.6,2.2,171,Pulchowk,27.6787,85.3168
2023-01-11T21:00,8.9,62,2.0,868.4,3.2,180,Pulchowk,27.6787,85.3168
2023-01-11T22:00,8.3,61,1.2,868.3,4.3,175,Pulchowk,27.6787,85.3168
2023-01-11T23:00,7.7,63,1.0,867.7,4.7,176,Pulchowk,27.6787,85.3168
2023-01-12T00:00,7.0,66,1.1,866.7,5.1,172,Pulchowk,27.6787,85.3168
2023-01-12T01:00,6.3,69,1.0,866.0,5.4,172,Pulchowk,27.6787,85.3168
2023-01-12T02:00,6.0,69,0.7,865.2,5.8,176,Pulchowk,27.6787,85.3168
2023-01-12T03:00,5.8,68,0.2,864.8,5.4,180,Pulchowk,27.6787,85.3168
2023-01-12T04:00,5.7,65,-0.4,864.2,5.0,180,Pulchowk,27.6787,85.3168
2023-01-12T05:00,4.9,70,-0.2,864.1,5.4,176,Pulchowk,27.6787,85.3168
2023-01-12T06:00,5.2,66,-0.6,865.0,4.7,176,Pulchowk,27.6787,85.3168
2023-01-12T07:00,5.9,64,-0.5,865.7,5.8,180,Pulchowk,27.6787,85.3168
2023-01-12T08:00,10.3,57,2.1,868.4,6.5,177,Pulchowk,27.6787,85.3168
2023-01-12T09:00,13.8,40,0.3,870.4,1.6,153,Pulchowk,27.6787,85.3168
2023-01-12T10:00,15.3,36,0.2,870.9,1.1,18,Pulchowk,27.6787,85.3168
2023-01-12T11:00,16.6,34,0.7,870.4,1.4,360,Pulchowk,27.6787,85.3168
2023-01-12T12:00,17.6,33,1.1,869.4,2.9,330,Pulchowk,27.6787,85.3168
2023-01-12T13:00,17.9,33,1.4,868.4,5.1,309,Pulchowk,27.6787,85.3168
2023-01-12T14:00,17.6,34,1.7,867.7,6.0,303,Pulchowk,27.6787,85.3168
2023-01-12T15:00,16.7,37,1.8,867.2,5.7,305,Pulchowk,27.6787,85.3168
2023-01-12T16:00,14.9,60,7.2,866.7,3.1,306,Pulchowk,27.6787,85.3168
2023-01-12T17:00,13.4,47,2.4,866.5,2.8,230,Pulchowk,27.6787,85.3168
2023-01-12T18:00,10.7,69,5.3,866.1,3.2,207,Pulchowk,27.6787,85.3168
2023-01-12T19:00,9.8,70,4.6,866.5,2.7,203,Pulchowk,27.6787,85.3168
2023-01-12T20:00,8.8,72,4.1,866.9,2.2,189,Pulchowk,27.6787,85.3168
2023-01-12T21:00,8.2,73,3.6,867.2,2.2,189,Pulchowk,27.6787,85.3168
2023-01-12T22:00,7.9,71,3.0,867.2,2.9,187,Pulchowk,27.6787,85.3168
2023-01-12T23:00,7.7,71,2.8,866.8,3.3,186,Pulchowk,27.6787,85.3168
2023-01-13T00:00,7.2,74,2.8,866.3,4.0,190,Pulchowk,27.6787,85.3168
2023-01-13T01:00,6.8,75,2.7,865.7,4.0,185,Pulchowk,27.6787,85.3168
2023-01-13T02:00,7.0,73,2.4,865.1,3.3,186,Pulchowk,27.6787,85.3168
2023-01-13T03:00,7.0,70,1.9,864.7,2.9,187,Pulchowk,27.6787,85.3168
2023-01-13T04:00,7.3,67,1.5,865.0,2.9,187,Pulchowk,27.6787,85.3168
2023-01-13T05:00,9.0,57,0.9,866.5,2.5,188,Pulchowk,27.6787,85.3168
2023-01-13T06:00,6.5,67,0.9,865.9,3.6,186,Pulchowk,27.6787,85.3168
2023-01-13T07:00,7.2,70,2.1,867.0,3.2,180,Pulchowk,27.6787,85.3168
2023-01-13T08:00,11.3,54,2.3,869.5,3.4,162,Pulchowk,27.6787,85.3168
2023-01-13T09:00,13.4,43,1.1,870.9,1.1,252,Pulchowk,27.6787,85.3168
2023-01-13T10:00,14.9,38,0.8,871.5,4.7,328,Pulchowk,27.6787,85.3168
2023-01-13T11:00,15.7,36,0.8,871.1,7.6,329,Pulchowk,27.6787,85.3168
2023-01-13T12:00,16.4,34,0.6,870.3,8.7,322,Pulchowk,27.6787,85.3168
2023-01-13T13:00,16.9,33,0.4,869.3,9.0,323,Pulchowk,27.6787,85.3168
2023-01-13T14:00,17.0,31,-0.2,868.8,9.4,320,Pulchowk,27.6787,85.3168
2023-01-13T15:00,16.4,32,-0.2,868.4,9.7,321,Pulchowk,27.6787,85.3168
2023-01-13T16:00,14.8,42,2.0,868.1,5.8,338,Pulchowk,27.6787,85.3168
2023-01-13T17:00,12.4,53,2.9,867.2,8.4,335,Pulchowk,27.6787,85.3168
2023-01-13T18:00,11.3,60,3.8,867.8,6.9,309,Pulchowk,27.6787,85.3168
2023-01-13T19:00,12.0,51,2.2,868.9,5.8,274,Pulchowk,27.6787,85.3168
2023-01-13T20:00,11.8,52,2.2,869.5,3.7,241,Pulchowk,27.6787,85.3168
2023-01-13T21:00,11.1,54,2.2,869.8,0.7,180,Pulchowk,27.6787,85.3168
2023-01-13T22:00,8.6,67,2.8,868.8,1.8,180,Pulchowk,27.6787,85.3168
2023-01-13T23:00,8.8,65,2.6,868.4,1.8,169,Pulchowk,27.6787,85.3168
2023-01-14T00:00,10.6,56,2.3,868.9,1.8,169,Pulchowk,27.6787,85.3168
2023-01-14T01:00,9.9,59,2.3,868.0,1.8,169,Pulchowk,27.6787,85.3168
2023-01-14T02:00,9.7,59,2.1,867.3,1.8,169,Pulchowk,27.6787,85.3168
2023-01-14T03:00,9.3,60,2.0,866.5,1.8,169,Pulchowk,27.6787,85.3168
2023-01-14T04:00,7.9,65,1.7,865.6,2.2,171,Pulchowk,27.6787,85.3168
2023-01-14T05:00,6.2,74,2.0,865.3,4.6,162,Pulchowk,27.6787,85.3168
2023-01-14T06:00,5.8,77,2.1,865.6,3.8,163,Pulchowk,27.6787,85.3168
2023-01-14T07:00,7.4,73,2.8,866.7,3.0,166,Pulchowk,27.6787,85.3168
2023-01-14T08:00,10.5,67,4.7,868.9,4.5,151,Pulchowk,27.6787,85.3168
2023-01-14T09:00,13.5,48,2.8,870.8,2.3,39,Pulchowk,27.6787,85.3168
2023-01-14T10:00,15.0,41,2.0,871.1,5.3,332,Pulchowk,27.6787,85.3168
2023-01-14T11:00,16.0,37,1.4,870.6,8.7,315,Pulchowk,27.6787,85.3168
2023-01-14T12:00,16.5,37,1.7,869.5,9.4,320,Pulchowk,27.6787,85.3168
2023-01-14T13:00,16.8,36,1.6,868.6,10.1,325,Pulchowk,27.6787,85.3168
2023-01-14T14:00,16.6,36,1.5,868.0,10.8,323,Pulchowk,27.6787,85.3168
2023-01-14T15:00,15.9,38,1.8,867.5,10.5,319,Pulchowk,27.6787,85.3168
2023-01-14T16:00,14.6,46,3.1,867.1,6.7,324,Pulchowk,27.6787,85.3168
2023-01-14T17:00,11.3,63,4.6,866.1,9.8,298,Pulchowk,27.6787,85.3168
2023-01-14T18:00,10.6,69,5.1,866.5,6.7,286,Pulchowk,27.6787,85.3168
2023-01-14T19:00,9.8,71,4.8,866.7,5.8,240,Pulchowk,27.6787,85.3168
2023-01-14T20:00,8.4,76,4.5,866.5,4.2,200,Pulchowk,27.6787,85.3168
2023-01-14T21:00,8.2,74,3.9,866.9,2.5,180,Pulchowk,27.6787,85.3168
2023-01-14T22:00,7.6,76,3.5,866.6,2.5,188,Pulchowk,27.6787,85.3168
2023-01-14T23:00,7.2,76,3.2,866.0,2.5,188,Pulchowk,27.6787,85.3168
2023-01-15T00:00,6.7,77,2.9,865.4,2.9,180,Pulchowk,27.6787,85.3168
2023-01-15T01:00,6.3,77,2.6,865.0,3.6,180,Pulchowk,27.6787,85.3168
2023-01-15T02:00,6.1,76,2.1,864.2,4.0,170,Pulchowk,27.6787,85.3168
2023-01-15T03:00,6.0,74,1.8,863.6,4.5,166,Pulchowk,27.6787,85.3168
2023-01-15T04:00,5.8,74,1.5,863.2,4.1,165,Pulchowk,27.6787,85.3168
2023-01-15T05:00,5.4,83,2.8,863.7,4.1,165,Pulchowk,27.6787,85.3168
2023-01-15T06:00,5.8,83,3.1,864.3,3.4,162,Pulchowk,27.6787,85.3168
2023-01-15T07:00,7.3,78,3.7,865.4,3.8,163,Pulchowk,27.6787,85.3168
2023-01-15T08:00,10.6,71,5.5,867.6,5.0,159,Pulchowk,27.6787,85.3168
2023-01-15T09:00,13.6,54,4.4,869.3,1.3,56,Pulchowk,27.6787,85.3168
2023-01-15T10:00,15.3,47,4.0,869.4,2.6,344,Pulchowk,27.6787,85.3168
2023-01-15T11:00,16.5,45,4.4,868.7,5.7,325,Pulchowk,27.6787,85.3168
2023-01-15T12:00,16.9,47,5.6,867.8,8.9,320,Pulchowk,27.6787,85.3168
2023-01-15T13:00,16.7,52,6.7,867.1,10.0,319,Pulchowk,27.6787,85.3168
2023-01-15T14:00,16.3,53,6.6,866.7,9.6,326,Pulchowk,27.6787,85.3168
2023-01-15T15:00,15.1,57,6.6,866.2,9.0,331,Pulchowk,27.6787,85.3168
2023-01-15T16:00,13.7,64,7.0,865.8,6.4,333,Pulchowk,27.6787,85.3168
2023-01-15T17:00,11.2,73,6.5,865.0,5.2,348,Pulchowk,27.6787,85.3168
2023-01-15T18:00,10.2,79,6.8,865.7,4.9,324,Pulchowk,27.6787,85.3168
2023-01-15T19:00,10.0,78,6.3,866.6,1.5,194,Pulchowk,27.6787,85.3168
2023-01-15T20:00,9.1,83,6.3,866.7,0.8,153,Pulchowk,27.6787,85.3168
2023-01-15T21:00,7.2,92,6.0,866.1,1.9,158,Pulchowk,27.6787,85.3168
2023-01-15T22:00,6.9,93,5.9,865.7,2.5,172,Pulchowk,27.6787,85.3168
2023-01-15T23:00,6.1,97,5.7,865.4,2.2,180,Pulchowk,27.6787,85.3168
2023-01-16T00:00,5.5,100,5.5,865.1,1.1,162,Pulchowk,27.6787,85.3168
2023-01-16T01:00,4.8,100,4.8,864.6,3.6,174,Pulchowk,27.6787,85.3168
2023-01-16T02:00,4.0,100,4.0,864.0,5.1,176,Pulchowk,27.6787,85.3168
2023-01-16T03:00,4.1,100,4.1,864.0,5.1,176,Pulchowk,27.6787,85.3168
2023-01-16T04:00,4.0,100,4.0,863.6,6.1,177,Pulchowk,27.6787,85.3168
2023-01-16T05:00,5.2,100,5.2,864.8,7.2,177,Pulchowk,27.6787,85.3168
2023-01-16T06:00,4.7,100,4.7,865.3,6.3,167,Pulchowk,27.6787,85.3168
2023-01-16T07:00,5.1,100,5.1,866.1,6.6,171,Pulchowk,27.6787,85.3168
2023-01-16T08:00,8.3,81,5.2,868.4,3.5,156,Pulchowk,27.6787,85.3168
2023-01-16T09:00,11.0,66,4.8,870.3,3.6,354,Pulchowk,27.6787,85.3168
2023-01-16T10:00,12.6,56,3.9,870.8,5.2,326,Pulchowk,27.6787,85.3168
2023-01-16T11:00,13.7,53,4.2,870.4,7.2,323,Pulchowk,27.6787,85.3168
2023-01-16T12:00,14.3,51,4.3,869.4,8.7,322,Pulchowk,27.6787,85.3168
2023-01-16T13:00,14.3,52,4.7,868.4,9.8,324,Pulchowk,27.6787,85.3168
2023-01-16T14:00,14.0,56,5.4,867.8,10.3,331,Pulchowk,27.6787,85.3168
2023-01-16T15:00,13.2,61,5.9,867.3,8.6,338,Pulchowk,27.6787,85.3168
2023-01-16T16:00,12.1,65,5.8,867.0,6.2,353,Pulchowk,27.6787,85.3168
2023-01-16T17:00,10.0,77,6.1,866.6,6.2,21,Pulchowk,27.6787,85.3168
2023-01-16T18:00,8.8,84,6.3,866.8,2.7,113,Pulchowk,27.6787,85.3168
2023-01-16T19:00,7.9,87,5.8,867.3,0.5,135,Pulchowk,27.6787,85.3168
2023-01-16T20:00,7.3,88,5.4,867.5,2.3,162,Pulchowk,27.6787,85.3168
2023-01-16T21:00,6.7,90,5.1,867.3,2.6,164,Pulchowk,27.6787,85.3168
2023-01-16T22:00,6.1,92,4.9,866.9,2.5,172,Pulchowk,27.6787,85.3168
2023-01-16T23:00,5.2,96,4.5,866.1,2.5,172,Pulchowk,27.6787,85.3168
2023-01-17T00:00,4.5,96,4.0,865.4,2.2,171,Pulchowk,27.6787,85.3168
2023-01-17T01:00,4.2,97,3.8,865.1,2.2,180,Pulchowk,27.6787,85.3168
2023-01-17T02:00,4.2,97,3.7,864.7,1.8,180,Pulchowk,27.6787,85.3168
2023-01-17T03:00,4.0,97,3.6,864.2,2.2,180,Pulchowk,27.6787,85.3168
2023-01-17T04:00,3.4,98,3.2,863.8,2.2,171,Pulchowk,27.6787,85.3168
2023-01-17T05:00,2.3,100,2.3,864.0,5.8,176,Pulchowk,27.6787,85.3168
2023-01-17T06:00,1.8,100,1.8,864.1,5.4,176,Pulchowk,27.6787,85.3168
2023-01-17T07:00,2.1,100,2.1,864.9,4.0,180,Pulchowk,27.6787,85.3168
2023-01-17T08:00,6.7,93,5.6,868.3,1.1,162,Pulchowk,27.6787,85.3168
2023-01-17T09:00,10.2,68,4.6,870.4,3.4,342,Pulchowk,27.6787,85.3168
2023-01-17T10:00,12.1,56,3.6,871.1,5.5,337,Pulchowk,27.6787,85.3168
2023-01-17T11:00,13.4,51,3.5,870.7,7.4,337,Pulchowk,27.6787,85.3168
2023-01-17T12:00,14.3,50,4.0,869.7,8.4,335,Pulchowk,27.6787,85.3168
2023-01-17T13:00,14.6,52,4.8,868.8,9.7,329,Pulchowk,27.6787,85.3168
2023-01-17T14:00,14.4,55,5.3,868.2,9.7,333,Pulchowk,27.6787,85.3168
2023-01-17T15:00,13.8,56,5.2,867.9,8.9,339,Pulchowk,27.6787,85.3168
2023-01-17T16:00,12.5,61,5.1,867.8,8.2,345,Pulchowk,27.6787,85.3168
2023-01-17T17:00,10.1,77,6.3,866.8,7.2,3,Pulchowk,27.6787,85.3168
2023-01-17T18:00,9.7,75,5.5,867.6,5.9,317,Pulchowk,27.6787,85.3168
2023-01-17T19:00,9.8,72,4.9,868.6,4.6,288,Pulchowk,27.6787,85.3168
2023-01-17T20:00,8.8,78,5.2,869.1,2.7,203,Pulchowk,27.6787,85.3168
2023-01-17T21:00,6.8,91,5.4,868.9,0.8,153,Pulchowk,27.6787,85.3168
2023-01-17T22:00,6.3,93,5.3,869.1,1.8,169,Pulchowk,27.6787,85.3168
2023-01-17T23:00,5.9,93,4.9,868.5,4.4,171,Pulchowk,27.6787,85.3168
2023-01-18T00:00,5.0,93,3.9,867.4,5.1,172,Pulchowk,27.6787,85.3168
2023-01-18T01:00,3.6,99,3.4,866.6,5.8,173,Pulchowk,27.6787,85.3168
2023-01-18T02:00,2.3,100,2.3,865.9,4.7,176,Pulchowk,27.6787,85.3168
2023-01-18T03:00,2.0,100,2.0,865.9,5.8,176,Pulchowk,27.6787,85.3168
2023-01-18T04:00,1.9,100,1.9,865.3,6.1,177,Pulchowk,27.6787,85.3168
2023-01-18T05:00,3.8,96,3.2,867.2,7.2,177,Pulchowk,27.6787,85.3168
2023-01-18T06:00,4.1,94,3.3,867.8,2.5,172,Pulchowk,27.6787,85.3168
2023-01-18T07:00,4.9,88,3.1,869.2,2.2,171,Pulchowk,27.6787,85.3168
2023-01-18T08:00,8.2,65,2.0,871.4,1.6,153,Pulchowk,27.6787,85.3168
2023-01-18T09:00,10.1,49,-0.3,872.5,1.0,315,Pulchowk,27.6787,85.3168
2023-01-18T10:00,12.1,45,0.5,873.1,2.4,333,Pulchowk,27.6787,85.3168
2023-01-18T11:00,13.7,43,1.4,872.7,5.7,325,Pulchowk,27.6787,85.3168
2023-01-18T12:00,14.4,43,2.1,872.2,8.9,328,Pulchowk,27.6787,85.3168
2023-01-18T13:00,14.6,41,1.6,871.2,9.5,335,Pulchowk,27.6787,85.3168
2023-01-18T14:00,14.6,39,0.8,870.4,9.0,337,Pulchowk,27.6787,85.3168
2023-01-18T15:00,14.0,44,1.8,869.8,8.7,336,Pulchowk,27.6787,85.3168
2023-01-18T16:00,12.7,51,2.9,869.6,7.8,347,Pulchowk,27.6787,85.3168
2023-01-18T17:00,11.1,58,3.1,868.8,6.6,351,Pulchowk,27.6787,85.3168
2023-01-18T18:00,10.7,61,3.4,869.7,5.4,307,Pulchowk,27.6787,85.3168
2023-01-18T19:00,10.2,67,4.4,870.4,4.3,265,Pulchowk,27.6787,85.3168
2023-01-18T20:00,9.1,74,4.8,870.5,1.1,180,Pulchowk,27.6787,85.3168
2023-01-18T21:00,6.7,85,4.4,869.9,2.5,180,Pulchowk,27.6787,85.3168
2023-01-18T22:00,6.3,86,4.2,869.7,2.2,180,Pulchowk,27.6787,85.3168
2023-01-18T23:00,5.7,89,4.0,869.4,2.5,180,Pulchowk,27.6787,85.3168
2023-01-19T00:00,5.2,89,3.6,868.8,2.9,180,Pulchowk,27.6787,85.3168
2023-01-19T01:00,4.7,89,3.0,868.0,3.6,174,Pulchowk,27.6787,85.3168
2023-01-19T02:00,4.2,88,2.4,867.5,3.6,174,Pulchowk,27.6787,85.3168
2023-01-19T03:00,4.0,86,2.0,867.3,2.9,180,Pulchowk,27.6787,85.3168
2023-01-19T04:00,4.0,85,1.7,867.5,2.2,171,Pulchowk,27.6787,85.3168
2023-01-19T05:00,2.9,95,2.1,867.8,2.2,171,Pulchowk,27.6787,85.3168
2023-01-19T06:00,3.4,93,2.3,868.7,1.1,180,Pulchowk,27.6787,85.3168
2023-01-19T07:00,4.4,90,2.9,870.4,1.1,180,Pulchowk,27.6787,85.3168
2023-01-19T08:00,8.0,81,4.9,873.2,1.3,214,Pulchowk,27.6787,85.3168
2023-01-19T09:00,10.1,59,2.4,874.2,3.2,333,Pulchowk,27.6787,85.3168
2023-01-19T10:00,11.9,50,1.8,874.4,3.9,338,Pulchowk,27.6787,85.3168
2023-01-19T11:00,13.4,46,2.0,873.7,6.0,335,Pulchowk,27.6787,85.3168
2023-01-19T12:00,14.2,48,3.2,872.9,8.7,336,Pulchowk,27.6787,85.3168
2023-01-19T13:00,14.3,50,3.9,871.9,10.0,334,Pulchowk,27.6787,85.3168
2023-01-19T14:00,14.1,52,4.4,871.1,9.2,334,Pulchowk,27.6787,85.3168
2023-01-19T15:00,13.5,56,4.9,870.5,7.3,340,Pulchowk,27.6787,85.3168
2023-01-19T16:00,12.8,59,5.0,870.2,6.3,336,Pulchowk,27.6787,85.3168
2023-01-19T17:00,10.2,72,5.5,869.7,8.2,345,Pulchowk,27.6787,85.3168
2023-01-19T18:00,9.8,74,5.4,870.3,4.8,312,Pulchowk,27.6787,85.3168
2023-01-19T19:00,9.5,75,5.3,870.7,5.0,291,Pulchowk,27.6787,85.3168
2023-01-19T20:00,7.9,84,5.3,870.2,2.5,180,Pulchowk,27.6787,85.3168
2023-01-19T21:00,7.7,84,5.1,870.3,3.6,174,Pulchowk,27.6787,85.3168
2023-01-19T22:00,6.9,87,4.9,869.8,4.7,176,Pulchowk,27.6787,85.3168
2023-01-19T23:00,6.0,90,4.5,869.1,5.1,172,Pulchowk,27.6787,85.3168
2023-01-20T00:00,5.6,89,4.0,868.2,5.8,173,Pulchowk,27.6787,85.3168
2023-01-20T01:00,5.4,87,3.4,867.4,5.4,172,Pulchowk,27.6787,85.3168
2023-01-20T02:00,5.7,82,2.8,866.8,4.4,171,Pulchowk,27.6787,85.3168
2023-01-20T03:00,5.9,77,2.3,866.3,3.6,174,Pulchowk,27.6787,85.3168
2023-01-20T04:00,6.1,74,1.8,866.4,2.5,172,Pulchowk,27.6787,85.3168
2023-01-20T05:00,4.5,85,2.2,866.0,4.7,176,Pulchowk,27.6787,85.3168
2023-01-20T06:00,4.6,84,2.1,867.4,2.5,172,Pulchowk,27.6787,85.3168
2023-01-20T07:00,6.1,77,2.4,869.4,1.1,180,Pulchowk,27.6787,85.3168
2023-01-20T08:00,9.9,68,4.4,872.4,1.9,112,Pulchowk,27.6787,85.3168
2023-01-20T09:00,12.3,54,3.3,873.9,3.1,36,Pulchowk,27.6787,85.3168
2023-01-20T10:00,14.6,47,3.5,874.2,3.4,18,Pulchowk,27.6787,85.3168
2023-01-20T11:00,16.6,42,3.8,873.7,5.4,340,Pulchowk,27.6787,85.3168
2023-01-20T12:00,17.8,39,3.7,873.1,7.7,323,Pulchowk,27.6787,85.3168
2023-01-20T13:00,18.0,38,3.4,872.4,9.4,317,Pulchowk,27.6787,85.3168
2023-01-20T14:00,17.5,41,4.0,871.9,8.4,320,Pulchowk,27.6787,85.3168
2023-01-20T15:00,16.5,46,5.0,871.7,7.4,331,Pulchowk,27.6787,85.3168
2023-01-20T16:00,15.0,54,5.7,871.1,5.9,346,Pulchowk,27.6787,85.3168
2023-01-20T17:00,13.1,60,5.6,870.8,5.1,352,Pulchowk,27.6787,85.3168
2023-01-20T18:00,10.7,77,6.8,870.2,1.1,180,Pulchowk,27.6787,85.3168
2023-01-20T19:00,10.0,78,6.2,870.1,1.5,166,Pulchowk,27.6787,85.3168
2023-01-20T20:00,9.6,79,6.0,870.3,2.9,173,Pulchowk,27.6787,85.3168
2023-01-20T21:00,8.9,81,5.8,870.3,1.8,180,Pulchowk,27.6787,85.3168
2023-01-20T22:00,8.6,80,5.4,870.5,1.4,180,Pulchowk,27.6787,85.3168
2023-01-20T23:00,8.5,77,4.7,870.2,2.9,180,Pulchowk,27.6787,85.3168
2023-01-21T00:00,8.1,75,3.9,869.3,3.3,186,Pulchowk,27.6787,85.3168
2023-01-21T01:00,8.4,70,3.2,869.2,2.9,173,Pulchowk,27.6787,85.3168
2023-01-21T02:00,9.2,63,2.6,869.0,3.7,169,Pulchowk,27.6787,85.3168
2023-01-21T03:00,7.6,68,2.0,867.7,5.8,173,Pulchowk,27.6787,85.3168
2023-01-21T04:00,7.4,65,1.3,867.1,5.4,176,Pulchowk,27.6787,85.3168
2023-01-21T05:00,11.1,51,1.3,869.7,2.9,180,Pulchowk,27.6787,85.3168
2023-01-21T06:00,11.7,46,0.5,870.8,1.9,202,Pulchowk,27.6787,85.3168
2023-01-21T07:00,11.7,45,0.2,871.6,1.6,207,Pulchowk,27.6787,85.3168
2023-01-21T08:00,12.2,48,1.4,872.2,1.1,90,Pulchowk,27.6787,85.3168
2023-01-21T09:00,14.3,44,2.1,873.3,2.2,360,Pulchowk,27.6787,85.3168
2023-01-21T10:00,16.1,39,2.3,873.8,6.0,327,Pulchowk,27.6787,85.3168
2023-01-21T11:00,16.9,39,2.8,873.6,8.3,326,Pulchowk,27.6787,85.3168
2023-01-21T12:00,17.4,37,2.6,872.5,9.6,326,Pulchowk,27.6787,85.3168
2023-01-21T13:00,18.0,32,1.0,871.6,10.3,324,Pulchowk,27.6787,85.3168
2023-01-21T14:00,18.0,27,-1.1,870.7,11.0,319,Pulchowk,27.6787,85.3168
2023-01-21T15:00,17.4,28,-1.3,870.0,10.4,314,Pulchowk,27.6787,85.3168
2023-01-21T16:00,16.0,37,1.2,869.6,5.9,313,Pulchowk,27.6787,85.3168
2023-01-21T17:00,14.7,39,0.8,868.9,8.4,301,Pulchowk,27.6787,85.3168
2023-01-21T18:00,11.6,61,4.4,868.4,8.1,302,Pulchowk,27.6787,85.3168
2023-01-21T19:00,11.1,62,4.2,869.0,7.3,290,Pulchowk,27.6787,85.3168
2023-01-21T20:00,11.8,56,3.4,869.7,4.4,235,Pulchowk,27.6787,85.3168
2023-01-21T21:00,8.8,70,3.6,868.6,3.4,198,Pulchowk,27.6787,85.3168
2023-01-21T22:00,8.5,68,2.8,868.4,2.2,189,Pulchowk,27.6787,85.3168
2023-01-21T23:00,8.2,65,2.1,868.4,2.9,187,Pulchowk,27.6787,85.3168
2023-01-22T00:00,8.0,63,1.3,867.9,3.2,180,Pulchowk,27.6787,85.3168
2023-01-22T01:00,7.5,61,0.6,867.4,3.3,174,Pulchowk,27.6787,85.3168
2023-01-22T02:00,6.9,62,0.2,866.9,3.3,174,Pulchowk,27.6787,85.3168
2023-01-22T03:00,6.6,62,-0.2,866.5,3.3,174,Pulchowk,27.6787,85.3168
2023-01-22T04:00,6.4,61,-0.6,866.4,4.0,175,Pulchowk,27.6787,85.3168
2023-01-22T05:00,7.3,64,1.0,867.6,2.2,171,Pulchowk,27.6787,85.3168
2023-01-22T06:00,5.8,73,1.3,867.7,3.3,174,Pulchowk,27.6787,85.3168
2023-01-22T07:00,7.9,68,2.3,869.4,2.9,173,Pulchowk,27.6787,85.3168
2023-01-22T08:00,11.7,59,3.9,871.8,4.0,170,Pulchowk,27.6787,85.3168
2023-01-22T09:00,14.3,44,2.2,873.3,0.7,360,Pulchowk,27.6787,85.3168
2023-01-22T10:00,16.1,31,-1.2,873.7,4.5,331,Pulchowk,27.6787,85.3168
2023-01-22T11:00,17.4,24,-3.4,873.5,7.1,319,Pulchowk,27.6787,85.3168
2023-01-22T12:00,18.2,22,-4.0,872.7,9.7,321,Pulchowk,27.6787,85.3168
2023-01-22T13:00,18.6,20,-4.8,871.8,10.3,324,Pulchowk,27.6787,85.3168
2023-01-22T14:00,18.5,19,-5.5,871.2,10.1,325,Pulchowk,27.6787,85.3168
2023-01-22T15:00,18.0,19,-5.9,870.5,8.6,327,Pulchowk,27.6787,85.3168
2023-01-22T16:00,16.2,39,2.4,869.7,3.8,319,Pulchowk,27.6787,85.3168
2023-01-22T17:00,14.7,30,-2.7,869.5,8.2,285,Pulchowk,27.6787,85.3168
2023-01-22T18:00,12.2,48,1.5,869.3,6.9,264,Pulchowk,27.6787,85.3168
2023-01-22T19:00,11.6,51,1.8,869.7,5.4,233,Pulchowk,27.6787,85.3168
2023-01-22T20:00,11.1,53,1.8,870.1,3.9,214,Pulchowk,27.6787,85.3168
2023-01-22T21:00,12.2,45,0.6,871.2,2.4,207,Pulchowk,27.6787,85.3168
2023-01-22T22:00,13.1,40,-0.3,872.0,1.5,194,Pulchowk,27.6787,85.3168
2023-01-22T23:00,12.6,41,-0.3,871.6,2.6,196,Pulchowk,27.6787,85.3168
2023-01-23T00:00,10.9,54,1.9,870.4,2.9,150,Pulchowk,27.6787,85.3168
2023-01-23T01:00,9.4,59,1.7,869.0,4.2,160,Pulchowk,27.6787,85.3168
2023-01-23T02:00,9.1,56,0.8,868.3,3.7,169,Pulchowk,27.6787,85.3168
2023-01-23T03:00,8.6,57,0.6,867.3,3.0,166,Pulchowk,27.6787,85.3168
2023-01-23T04:00,8.4,56,0.1,867.0,2.5,172,Pulchowk,27.6787,85.3168
2023-01-23T05:00,7.8,62,1.1,868.0,2.9,173,Pulchowk,27.6787,85.3168
2023-01-23T06:00,7.9,60,0.7,868.2,2.5,172,Pulchowk,27.6787,85.3168
2023-01-23T07:00,9.7,56,1.4,869.6,2.9,173,Pulchowk,27.6787,85.3168
2023-01-23T08:00,14.3,42,1.6,872.2,1.1,162,Pulchowk,27.6787,85.3168
2023-01-23T09:00,16.5,30,-1.2,873.4,2.1,301,Pulchowk,27.6787,85.3168
2023-01-23T10:00,18.0,28,-0.8,873.9,5.9,317,Pulchowk,27.6787,85.3168
2023-01-23T11:00,18.8,28,0.1,873.2,8.1,328,Pulchowk,27.6787,85.3168
2023-01-23T12:00,19.6,25,-1.1,872.2,9.6,326,Pulchowk,27.6787,85.3168
2023-01-23T13:00,20.0,21,-2.9,871.1,10.1,325,Pulchowk,27.6787,85.3168
2023-01-23T14:00,20.0,20,-3.9,870.3,10.7,320,Pulchowk,27.6787,85.3168
2023-01-23T15:00,19.4,20,-3.9,870.0,10.4,314,Pulchowk,27.6787,85.3168
2023-01-23T16:00,17.6,31,0.3,869.2,4.3,312,Pulchowk,27.6787,85.3168
2023-01-23T17:00,15.3,45,3.3,868.4,7.9,270,Pulchowk,27.6787,85.3168
2023-01-23T18:00,14.4,50,4.2,868.8,4.9,253,Pulchowk,27.6787,85.3168
2023-01-23T19:00,14.0,51,3.9,869.6,2.6,196,Pulchowk,27.6787,85.3168
2023-01-23T20:00,10.5,69,4.9,868.7,2.2,180,Pulchowk,27.6787,85.3168
2023-01-23T21:00,10.0,68,4.4,869.1,2.5,180,Pulchowk,27.6787,85.3168
2023-01-23T22:00,9.6,66,3.4,869.2,2.9,180,Pulchowk,27.6787,85.3168
2023-01-23T23:00,9.2,63,2.5,869.1,2.9,173,Pulchowk,27.6787,85.3168
2023-01-24T00:00,9.0,61,1.9,868.8,2.9,173,Pulchowk,27.6787,85.3168
2023-01-24T01:00,8.8,59,1.2,868.4,3.7,169,Pulchowk,27.6787,85.3168
2023-01-24T02:00,8.5,58,0.7,868.0,3.7,169,Pulchowk,27.6787,85.3168
2023-01-24T03:00,7.9,59,0.5,867.6,3.0,166,Pulchowk,27.6787,85.3168
2023-01-24T04:00,7.9,58,0.2,867.6,2.3,162,Pulchowk,27.6787,85.3168
2023-01-24T05:00,6.8,68,1.4,867.7,3.3,167,Pulchowk,27.6787,85.3168
2023-01-24T06:00,7.7,63,1.0,868.6,4.0,170,Pulchowk,27.6787,85.3168
2023-01-24T07:00,8.9,57,1.0,869.8,4.4,171,Pulchowk,27.6787,85.3168
2023-01-24T08:00,12.6,53,3.2,872.1,3.7,169,Pulchowk,27.6787,85.3168
2023-01-24T09:00,16.8,31,-0.6,874.6,2.9,353,Pulchowk,27.6787,85.3168
2023-01-24T10:00,18.2,28,-0.8,875.1,7.0,325,Pulchowk,27.6787,85.3168
2023-01-24T11:00,19.0,27,-0.4,874.5,9.2,318,Pulchowk,27.6787,85.3168
2023-01-24T12:00,19.2,31,1.8,873.8,10.8,323,Pulchowk,27.6787,85.3168
2023-01-24T13:00,19.3,35,3.3,872.8,10.7,327,Pulchowk,27.6787,85.3168
2023-01-24T14:00,19.0,36,3.7,872.0,11.1,324,Pulchowk,27.6787,85.3168
2023-01-24T15:00,18.2,40,4.4,871.6,10.9,326,Pulchowk,27.6787,85.3168
2023-01-24T16:00,16.9,45,4.9,871.0,6.6,338,Pulchowk,27.6787,85.3168
2023-01-24T17:00,14.7,54,5.4,870.0,7.0,339,Pulchowk,27.6787,85.3168
2023-01-24T18:00,14.1,56,5.5,870.5,6.6,338,Pulchowk,27.6787,85.3168
2023-01-24T19:00,14.8,49,4.2,871.8,4.7,247,Pulchowk,27.6787,85.3168
2023-01-24T20:00,13.3,59,5.4,871.6,5.2,214,Pulchowk,27.6787,85.3168
2023-01-24T21:00,14.6,51,4.7,872.4,3.3,193,Pulchowk,27.6787,85.3168
2023-01-24T22:00,14.4,51,4.4,872.6,1.1,180,Pulchowk,27.6787,85.3168
2023-01-24T23:00,11.6,63,4.8,870.9,2.7,157,Pulchowk,27.6787,85.3168
2023-01-25T00:00,10.6,67,4.8,869.9,4.3,175,Pulchowk,27.6787,85.3168
2023-01-25T01:00,11.7,61,4.4,870.0,2.9,180,Pulchowk,27.6787,85.3168
2023-01-25T02:00,13.6,52,4.0,870.9,1.8,180,Pulchowk,27.6787,85.3168
2023-01-25T03:00,11.2,62,4.1,869.5,1.8,169,Pulchowk,27.6787,85.3168
2023-01-25T04:00,8.9,72,4.1,868.5,4.0,175,Pulchowk,27.6787,85.3168
2023-01-25T05:00,9.0,71,4.0,868.8,5.4,176,Pulchowk,27.6787,85.3168
2023-01-25T06:00,8.6,74,4.2,869.2,2.5,172,Pulchowk,27.6787,85.3168
2023-01-25T07:00,10.4,68,4.7,870.7,2.2,171,Pulchowk,27.6787,85.3168
2023-01-25T08:00,13.9,59,6.1,872.9,1.8,180,Pulchowk,27.6787,85.3168
2023-01-25T09:00,16.4,47,5.1,874.4,4.4,325,Pulchowk,27.6787,85.3168
2023-01-25T10:00,17.7,43,5.0,874.7,7.0,325,Pulchowk,27.6787,85.3168
2023-01-25T11:00,18.6,40,4.9,874.2,8.5,324,Pulchowk,27.6787,85.3168
2023-01-25T12:00,19.1,39,4.8,873.1,8.9,317,Pulchowk,27.6787,85.3168
2023-01-25T13:00,19.7,37,4.7,872.1,10.8,323,Pulchowk,27.6787,85.3168
2023-01-25T14:00,19.5,38,4.8,871.5,10.7,327,Pulchowk,27.6787,85.3168
2023-01-25T15:00,18.8,41,5.1,870.8,9.0,331,Pulchowk,27.6787,85.3168
2023-01-25T16:00,17.5,45,5.4,870.6,7.6,335,Pulchowk,27.6787,85.3168
2023-01-25T17:00,14.7,62,7.5,869.7,7.7,311,Pulchowk,27.6787,85.3168
2023-01-25T18:00,15.4,56,6.5,870.8,5.4,318,Pulchowk,27.6787,85.3168
2023-01-25T19:00,14.8,58,6.7,871.3,2.8,230,Pulchowk,27.6787,85.3168
2023-01-25T20:00,12.9,68,7.2,871.1,1.8,191,Pulchowk,27.6787,85.3168
2023-01-25T21:00,11.5,76,7.4,870.6,2.9,187,Pulchowk,27.6787,85.3168
2023-01-25T22:00,10.6,79,7.1,870.1,2.9,173,Pulchowk,27.6787,85.3168
2023-01-25T23:00,10.7,75,6.4,869.9,3.7,169,Pulchowk,27.6787,85.3168
2023-01-26T00:00,10.6,70,5.4,869.4,3.7,169,Pulchowk,27.6787,85.3168
2023-01-26T01:00,11.0,65,4.6,869.3,2.9,173,Pulchowk,27.6787,85.3168
2023-01-26T02:00,10.0,67,4.1,868.3,1.5,166,Pulchowk,27.6787,85.3168
2023-01-26T03:00,10.2,64,3.7,868.4,1.5,166,Pulchowk,27.6787,85.3168
2023-01-26T04:00,11.0,64,4.4,868.4,1.8,169,Pulchowk,27.6787,85.3168
2023-01-26T05:00,9.9,67,4.1,867.9,5.2,164,Pulchowk,27.6787,85.3168
2023-01-26T06:00,11.0,63,4.1,869.1,2.3,162,Pulchowk,27.6787,85.3168
2023-01-26T07:00,12.4,59,4.6,870.8,2.2,171,Pulchowk,27.6787,85.3168
2023-01-26T08:00,14.5,57,6.1,872.1,2.6,146,Pulchowk,27.6787,85.3168
2023-01-26T09:00,16.2,50,5.9,873.9,1.3,214,Pulchowk,27.6787,85.3168
2023-01-26T10:00,18.1,45,6.1,874.4,6.1,320,Pulchowk,27.6787,85.3168
2023-01-26T11:00,19.1,43,6.1,874.2,8.9,328,Pulchowk,27.6787,85.3168
2023-01-26T12:00,18.5,44,6.1,872.9,8.4,317,Pulchowk,27.6787,85.3168
2023-01-26T13:00,19.7,41,6.0,872.3,9.2,321,Pulchowk,27.6787,85.3168
2023-01-26T14:00,19.7,41,6.0,871.5,8.7,322,Pulchowk,27.6787,85.3168
2023-01-26T15:00,19.0,43,6.2,871.1,8.4,317,Pulchowk,27.6787,85.3168
2023-01-26T16:00,18.0,47,6.4,870.7,5.2,326,Pulchowk,27.6787,85.3168
2023-01-26T17:00,16.9,50,6.3,870.3,4.9,306,Pulchowk,27.6787,85.3168
2023-01-26T18:00,16.0,53,6.4,870.6,3.3,221,Pulchowk,27.6787,85.3168
2023-01-26T19:00,12.7,70,7.3,869.5,4.1,195,Pulchowk,27.6787,85.3168
2023-01-26T20:00,12.6,66,6.5,869.9,3.3,186,Pulchowk,27.6787,85.3168
2023-01-26T21:00,11.9,67,6.1,869.8,3.2,180,Pulchowk,27.6787,85.3168
2023-01-26T22:00,11.1,68,5.4,869.5,2.9,173,Pulchowk,27.6787,85.3168
2023-01-26T23:00,10.9,64,4.3,869.2,3.6,174,Pulchowk,27.6787,85.3168
2023-01-27T00:00,11.4,56,2.9,868.9,4.7,176,Pulchowk,27.6787,85.3168
2023-01-27T01:00,10.6,55,2.0,868.2,4.7,180,Pulchowk,27.6787,85.3168
2023-01-27T02:00,9.8,56,1.3,867.5,4.0,175,Pulchowk,27.6787,85.3168
2023-01-27T03:00,9.3,56,0.9,867.1,2.5,172,Pulchowk,27.6787,85.3168
2023-01-27T04:00,9.4,54,0.5,867.1,2.9,173,Pulchowk,27.6787,85.3168
2023-01-27T05:00,10.2,52,0.9,868.1,4.7,171,Pulchowk,27.6787,85.3168
2023-01-27T06:00,8.9,57,0.8,868.1,2.9,173,Pulchowk,27.6787,85.3168
2023-01-27T07:00,10.8,51,1.1,870.0,2.2,180,Pulchowk,27.6787,85.3168
2023-01-27T08:00,15.5,37,1.0,873.1,1.1,180,Pulchowk,27.6787,85.3168
2023-01-27T09:00,18.1,26,-1.7,874.5,2.6,326,Pulchowk,27.6787,85.3168
2023-01-27T10:00,19.8,24,-1.3,874.4,5.4,318,Pulchowk,27.6787,85.3168
2023-01-27T11:00,21.0,24,-0.5,873.7,8.4,313,Pulchowk,27.6787,85.3168
2023-01-27T12:00,21.6,24,-0.1,872.5,10.0,319,Pulchowk,27.6787,85.3168
2023-01-27T13:00,22.0,19,-2.4,871.5,10.4,316,Pulchowk,27.6787,85.3168
2023-01-27T14:00,21.9,18,-3.4,870.7,11.2,310,Pulchowk,27.6787,85.3168
2023-01-27T15:00,21.1,21,-1.8,870.4,10.9,304,Pulchowk,27.6787,85.3168
2023-01-27T16:00,19.5,28,0.5,870.0,7.6,301,Pulchowk,27.6787,85.3168
2023-01-27T17:00,16.1,38,1.9,869.2,9.5,279,Pulchowk,27.6787,85.3168
2023-01-27T18:00,14.6,41,1.6,869.3,6.9,264,Pulchowk,27.6787,85.3168
2023-01-27T19:00,14.6,35,-0.7,870.3,4.1,218,Pulchowk,27.6787,85.3168
2023-01-27T20:00,11.8,44,0.0,869.3,2.5,188,Pulchowk,27.6787,85.3168
2023-01-27T21:00,11.2,42,-1.3,869.1,2.5,188,Pulchowk,27.6787,85.3168
2023-01-27T22:00,10.9,40,-2.2,868.8,3.2,180,Pulchowk,27.6787,85.3168
2023-01-27T23:00,10.6,40,-2.6,868.2,3.6,174,Pulchowk,27.6787,85.3168
2023-01-28T00:00,10.3,40,-2.8,867.6,3.3,174,Pulchowk,27.6787,85.3168
2023-01-28T01:00,9.9,40,-3.0,866.9,3.3,174,Pulchowk,27.6787,85.3168
2023-01-28T02:00,9.5,41,-3.1,866.4,3.7,169,Pulchowk,27.6787,85.3168
2023-01-28T03:00,9.0,42,-3.1,865.9,3.7,169,Pulchowk,27.6787,85.3168
2023-01-28T04:00,8.6,44,-3.0,865.8,4.0,170,Pulchowk,27.6787,85.3168
2023-01-28T05:00,7.5,51,-2.0,866.1,5.4,172,Pulchowk,27.6787,85.3168
2023-01-28T06:00,8.1,48,-2.2,866.7,3.3,174,Pulchowk,27.6787,85.3168
2023-01-28T07:00,9.8,43,-2.0,868.5,2.9,173,Pulchowk,27.6787,85.3168
2023-01-28T08:00,13.0,43,0.6,870.8,4.0,175,Pulchowk,27.6787,85.3168
2023-01-28T09:00,16.5,30,-1.3,872.7,0.8,63,Pulchowk,27.6787,85.3168
2023-01-28T10:00,18.5,27,-1.1,872.9,3.1,339,Pulchowk,27.6787,85.3168
2023-01-28T11:00,20.2,22,-2.0,872.4,5.7,325,Pulchowk,27.6787,85.3168
2023-01-28T12:00,21.2,21,-2.3,871.5,8.2,322,Pulchowk,27.6787,85.3168
2023-01-28T13:00,21.4,22,-1.5,870.6,9.5,323,Pulchowk,27.6787,85.3168
2023-01-28T14:00,21.1,23,-1.0,869.9,9.0,323,Pulchowk,27.6787,85.3168
2023-01-28T15:00,20.2,25,-0.3,869.3,8.6,327,Pulchowk,27.6787,85.3168
2023-01-28T16:00,18.7,31,1.0,868.8,7.3,340,Pulchowk,27.6787,85.3168
2023-01-28T17:00,16.2,38,2.0,868.4,6.3,329,Pulchowk,27.6787,85.3168
2023-01-28T18:00,15.0,46,3.4,868.8,1.1,180,Pulchowk,27.6787,85.3168
2023-01-28T19:00,12.2,56,3.7,868.4,2.9,173,Pulchowk,27.6787,85.3168
2023-01-28T20:00,11.4,56,3.0,868.6,2.5,172,Pulchowk,27.6787,85.3168
2023-01-28T21:00,10.7,59,3.0,868.7,2.2,171,Pulchowk,27.6787,85.3168
2023-01-28T22:00,10.0,62,3.2,868.8,2.2,171,Pulchowk,27.6787,85.3168
2023-01-28T23:00,9.5,65,3.2,868.5,2.3,162,Pulchowk,27.6787,85.3168
2023-01-29T00:00,9.2,66,3.2,868.2,3.0,166,Pulchowk,27.6787,85.3168
2023-01-29T01:00,8.9,67,3.1,867.7,3.4,162,Pulchowk,27.6787,85.3168
2023-01-29T02:00,8.6,68,3.1,867.0,3.4,162,Pulchowk,27.6787,85.3168
2023-01-29T03:00,8.3,69,3.0,866.6,3.8,163,Pulchowk,27.6787,85.3168
2023-01-29T04:00,7.6,72,2.8,866.4,4.5,166,Pulchowk,27.6787,85.3168
2023-01-29T05:00,6.6,79,3.2,866.4,4.0,170,Pulchowk,27.6787,85.3168
2023-01-29T06:00,6.7,79,3.2,867.1,4.8,167,Pulchowk,27.6787,85.3168
2023-01-29T07:00,7.4,76,3.4,868.2,6.6,167,Pulchowk,27.6787,85.3168
2023-01-29T08:00,12.4,59,4.5,871.5,6.5,161,Pulchowk,27.6787,85.3168
2023-01-29T09:00,16.3,43,3.6,873.6,2.6,106,Pulchowk,27.6787,85.3168
2023-01-29T10:00,18.6,36,3.4,874.1,2.1,59,Pulchowk,27.6787,85.3168
2023-01-29T11:00,20.2,33,3.4,873.6,1.9,22,Pulchowk,27.6787,85.3168
2023-01-29T12:00,21.0,31,3.4,872.9,3.9,326,Pulchowk,27.6787,85.3168
2023-01-29T13:00,21.1,33,4.0,872.3,6.1,310,Pulchowk,27.6787,85.3168
2023-01-29T14:00,20.7,36,4.9,871.8,6.6,311,Pulchowk,27.6787,85.3168
2023-01-29T15:00,19.8,39,5.6,871.7,5.9,317,Pulchowk,27.6787,85.3168
2023-01-29T16:00,18.4,43,5.4,871.6,5.3,332,Pulchowk,27.6787,85.3168
2023-01-29T17:00,15.7,51,5.7,870.9,6.8,342,Pulchowk,27.6787,85.3168
2023-01-29T18:00,15.4,48,4.3,871.5,3.6,315,Pulchowk,27.6787,85.3168
2023-01-29T19:00,12.7,63,5.9,871.2,1.8,169,Pulchowk,27.6787,85.3168
2023-01-29T20:00,11.9,65,5.6,871.4,2.2,171,Pulchowk,27.6787,85.3168
2023-01-29T21:00,11.2,71,6.2,871.9,2.9,173,Pulchowk,27.6787,85.3168
2023-01-29T22:00,10.4,77,6.5,871.6,3.3,167,Pulchowk,27.6787,85.3168
2023-01-29T23:00,9.5,81,6.4,871.1,4.1,165,Pulchowk,27.6787,85.3168
2023-01-30T00:00,8.8,84,6.3,870.7,4.1,165,Pulchowk,27.6787,85.3168
2023-01-30T01:00,8.4,86,6.2,870.3,4.1,165,Pulchowk,27.6787,85.3168
2023-01-30T02:00,8.0,87,6.0,869.6,4.5,166,Pulchowk,27.6787,85.3168
2023-01-30T03:00,7.7,88,5.8,869.3,3.8,163,Pulchowk,27.6787,85.3168
2023-01-30T04:00,7.6,87,5.6,869.4,4.2,160,Pulchowk,27.6787,85.3168
2023-01-30T05:00,7.6,87,5.6,870.3,3.8,163,Pulchowk,27.6787,85.3168
2023-01-30T06:00,8.1,84,5.6,870.8,4.6,162,Pulchowk,27.6787,85.3168
2023-01-30T07:00,9.3,79,5.8,871.8,6.4,164,Pulchowk,27.6787,85.3168
2023-01-30T08:00,14.1,63,7.3,874.8,5.9,166,Pulchowk,27.6787,85.3168
2023-01-30T09:00,18.0,47,6.5,876.8,2.5,98,Pulchowk,27.6787,85.3168
2023-01-30T10:00,19.9,41,6.2,877.1,2.2,9,Pulchowk,27.6787,85.3168
2023-01-30T11:00,20.8,38,6.1,876.5,5.2,326,Pulchowk,27.6787,85.3168
2023-01-30T12:00,21.3,37,6.0,875.7,6.9,321,Pulchowk,27.6787,85.3168
2023-01-30T13:00,21.2,36,5.5,874.6,8.4,320,Pulchowk,27.6787,85.3168
2023-01-30T14:00,21.0,33,4.2,873.9,9.5,331,Pulchowk,27.6787,85.3168
2023-01-30T15:00,20.0,33,3.1,873.4,8.3,342,Pulchowk,27.6787,85.3168
2023-01-30T16:00,18.7,35,2.9,872.7,5.0,360,Pulchowk,27.6787,85.3168
2023-01-30T17:00,16.6,43,4.1,871.7,0.4,180,Pulchowk,27.6787,85.3168
2023-01-30T18:00,16.3,44,4.0,872.3,4.5,256,Pulchowk,27.6787,85.3168
2023-01-30T19:00,15.9,45,3.9,872.7,3.2,243,Pulchowk,27.6787,85.3168
2023-01-30T20:00,13.2,60,5.6,872.0,2.9,180,Pulchowk,27.6787,85.3168
2023-01-30T21:00,12.3,60,4.8,871.8,2.2,171,Pulchowk,27.6787,85.3168
2023-01-30T22:00,11.4,63,4.7,871.4,1.8,180,Pulchowk,27.6787,85.3168
2023-01-30T23:00,10.9,64,4.4,871.0,2.5,172,Pulchowk,27.6787,85.3168
2023-01-31T00:00,10.6,64,4.0,870.5,3.0,166,Pulchowk,27.6787,85.3168
2023-01-31T01:00,10.5,60,3.1,869.9,3.7,169,Pulchowk,27.6787,85.3168
2023-01-31T02:00,10.0,59,2.4,868.8,3.3,174,Pulchowk,27.6787,85.3168
2023-01-31T03:00,9.7,57,1.7,868.4,3.3,174,Pulchowk,27.6787,85.3168
2023-01-31T04:00,10.3,52,0.9,868.1,3.3,174,Pulchowk,27.6787,85.3168
2023-01-31T05:00,10.3,50,0.2,868.4,5.8,176,Pulchowk,27.6787,85.3168
2023-01-31T06:00,10.9,42,-1.4,868.8,3.3,174,Pulchowk,27.6787,85.3168
2023-01-31T07:00,12.2,38,-1.6,870.0,2.9,173,Pulchowk,27.6787,85.3168
2023-01-31T08:00,14.9,37,0.5,871.6,3.3,174,Pulchowk,27.6787,85.3168
2023-01-31T09:00,18.2,25,-2.1,873.4,1.8,180,Pulchowk,27.6787,85.3168
2023-01-31T10:00,19.8,23,-2.2,874.0,5.6,315,Pulchowk,27.6787,85.3168
2023-01-31T11:00,21.0,23,-0.7,873.7,8.2,322,Pulchowk,27.6787,85.3168
2023-01-31T12:00,21.4,24,0.3,872.7,9.3,324,Pulchowk,27.6787,85.3168
2023-01-31T13:00,21.6,22,-1.0,871.9,11.3,333,Pulchowk,27.6787,85.3168
2023-01-31T14:00,21.4,23,-0.5,871.1,12.0,327,Pulchowk,27.6787,85.3168
2023-01-31T15:00,20.5,28,1.2,870.5,10.9,326,Pulchowk,27.6787,85.3168
2023-01-31T16:00,19.5,32,2.5,870.0,9.0,331,Pulchowk,27.6787,85.3168
2023-01-31T17:00,18.3,38,3.6,869.7,6.8,295,Pulchowk,27.6787,85.3168
2023-01-31T18:00,15.8,51,5.8,869.3,5.1,219,Pulchowk,27.6787,85.3168
2023-01-31T19:00,13.7,60,6.0,868.9,1.8,180,Pulchowk,27.6787,85.3168
2023-01-31T20:00,12.8,57,4.4,868.9,1.4,180,Pulchowk,27.6787,85.3168
2023-01-31T21:00,12.2,55,3.4,869.2,2.2,180,Pulchowk,27.6787,85.3168
2023-01-31T22:00,11.5,56,3.1,868.9,2.2,180,Pulchowk,27.6787,85.3168
2023-01-31T23:00,10.9,59,3.1,868.6,2.9,180,Pulchowk,27.6787,85.3168
2023-02-01T00:00,10.5,61,3.3,868.1,3.6,174,Pulchowk,27.6787,85.3168
2023-02-01T01:00,10.3,63,3.6,867.8,3.6,174,Pulchowk,27.6787,85.3168
2023-02-01T02:00,9.7,68,4.0,867.0,4.0,175,Pulchowk,27.6787,85.3168
2023-02-01T03:00,9.6,68,4.0,866.6,4.4,171,Pulchowk,27.6787,85.3168
2023-02-01T04:00,9.6,68,3.9,866.3,4.7,171,Pulchowk,27.6787,85.3168
2023-02-01T05:00,8.8,75,4.7,866.1,7.0,168,Pulchowk,27.6787,85.3168
2023-02-01T06:00,9.7,70,4.5,867.1,3.6,174,Pulchowk,27.6787,85.3168
2023-02-01T07:00,11.4,62,4.4,868.6,3.6,180,Pulchowk,27.6787,85.3168
2023-02-01T08:00,14.4,56,5.8,871.2,3.6,186,Pulchowk,27.6787,85.3168
2023-02-01T09:00,16.4,46,4.7,872.4,2.2,360,Pulchowk,27.6787,85.3168
2023-02-01T10:00,17.8,42,4.7,872.9,4.9,343,Pulchowk,27.6787,85.3168
2023-02-01T11:00,19.2,35,3.3,872.4,6.4,333,Pulchowk,27.6787,85.3168
2023-02-01T12:00,20.2,31,2.7,871.4,7.9,321,Pulchowk,27.6787,85.3168
2023-02-01T13:00,20.5,30,2.4,870.5,10.0,319,Pulchowk,27.6787,85.3168
2023-02-01T14:00,20.3,29,1.9,869.9,11.2,320,Pulchowk,27.6787,85.3168
2023-02-01T15:00,19.6,30,1.4,869.3,10.6,325,Pulchowk,27.6787,85.3168
2023-02-01T16:00,18.3,35,2.6,869.2,9.2,321,Pulchowk,27.6787,85.3168
2023-02-01T17:00,15.3,51,5.1,868.1,7.5,325,Pulchowk,27.6787,85.3168
2023-02-01T18:00,13.7,65,7.3,868.2,6.4,286,Pulchowk,27.6787,85.3168
2023-02-01T19:00,13.1,67,7.1,868.8,5.6,285,Pulchowk,27.6787,85.3168
2023-02-01T20:00,12.0,71,6.9,868.8,3.6,217,Pulchowk,27.6787,85.3168
2023-02-01T21:00,10.8,75,6.4,868.7,2.5,180,Pulchowk,27.6787,85.3168
2023-02-01T22:00,9.9,77,6.1,868.3,2.2,180,Pulchowk,27.6787,85.3168
2023-02-01T23:00,9.6,76,5.5,867.9,2.2,171,Pulchowk,27.6787,85.3168
2023-02-02T00:00,9.4,73,4.7,867.5,2.2,171,Pulchowk,27.6787,85.3168
2023-02-02T01:00,9.1,70,4.0,867.1,3.1,159,Pulchowk,27.6787,85.3168
2023-02-02T02:00,9.0,67,3.2,866.4,3.7,169,Pulchowk,27.6787,85.3168
2023-02-02T03:00,8.7,64,2.4,865.9,4.1,165,Pulchowk,27.6787,85.3168
2023-02-02T04:00,8.2,63,1.7,865.2,4.8,167,Pulchowk,27.6787,85.3168
2023-02-02T05:00,6.7,75,2.5,865.8,4.8,167,Pulchowk,27.6787,85.3168
2023-02-02T06:00,6.7,74,2.5,866.2,5.6,165,Pulchowk,27.6787,85.3168
2023-02-02T07:00,7.8,69,2.4,867.1,6.7,164,Pulchowk,27.6787,85.3168
2023-02-02T08:00,12.8,56,4.2,870.2,4.2,160,Pulchowk,27.6787,85.3168
2023-02-02T09:00,16.5,36,1.2,872.6,2.5,352,Pulchowk,27.6787,85.3168
2023-02-02T10:00,18.3,33,1.9,873.0,3.7,331,Pulchowk,27.6787,85.3168
2023-02-02T11:00,19.8,33,2.9,872.9,4.4,325,Pulchowk,27.6787,85.3168
2023-02-02T12:00,21.0,31,3.1,872.3,5.6,320,Pulchowk,27.6787,85.3168
2023-02-02T13:00,21.3,31,3.4,871.6,7.4,313,Pulchowk,27.6787,85.3168
2023-02-02T14:00,20.7,31,3.2,870.9,9.4,317,Pulchowk,27.6787,85.3168
2023-02-02T15:00,19.6,35,3.7,870.5,9.0,323,Pulchowk,27.6787,85.3168
2023-02-02T16:00,17.9,44,5.3,870.0,8.3,342,Pulchowk,27.6787,85.3168
2023-02-02T17:00,14.5,63,7.5,869.1,8.1,347,Pulchowk,27.6787,85.3168
2023-02-02T18:00,13.6,74,9.0,869.8,4.7,337,Pulchowk,27.6787,85.3168
2023-02-02T19:00,13.5,78,9.7,870.6,3.6,307,Pulchowk,27.6787,85.3168
2023-02-02T20:00,11.2,90,9.6,870.0,2.2,171,Pulchowk,27.6787,85.3168
2023-02-02T21:00,10.6,89,8.9,869.7,2.6,164,Pulchowk,27.6787,85.3168
2023-02-02T22:00,10.0,89,8.3,869.3,3.3,167,Pulchowk,27.6787,85.3168
2023-02-02T23:00,9.1,91,7.8,868.8,3.0,166,Pulchowk,27.6787,85.3168
2023-02-03T00:00,8.6,92,7.4,868.4,2.5,172,Pulchowk,27.6787,85.3168
2023-02-03T01:00,8.1,93,7.0,867.8,3.3,174,Pulchowk,27.6787,85.3168
2023-02-03T02:00,7.6,93,6.6,867.0,2.5,172,Pulchowk,27.6787,85.3168
2023-02-03T03:00,7.3,92,6.1,866.7,2.9,173,Pulchowk,27.6787,85.3168
2023-02-03T04:00,7.1,91,5.7,866.5,4.0,170,Pulchowk,27.6787,85.3168
2023-02-03T05:00,6.0,100,6.0,866.8,7.8,167,Pulchowk,27.6787,85.3168
2023-02-03T06:00,5.6,100,5.6,867.2,7.7,169,Pulchowk,27.6787,85.3168
2023-02-03T07:00,6.9,100,6.9,868.4,8.0,172,Pulchowk,27.6787,85.3168
2023-02-03T08:00,11.9,87,9.8,871.5,6.6,167,Pulchowk,27.6787,85.3168
2023-02-03T09:00,15.5,65,8.8,873.3,0.0,270,Pulchowk,27.6787,85.3168
2023-02-03T10:00,17.3,54,7.9,873.7,3.2,333,Pulchowk,27.6787,85.3168
2023-02-03T11:00,18.5,48,7.4,873.2,5.2,335,Pulchowk,27.6787,85.3168
2023-02-03T12:00,19.4,44,6.9,872.1,6.1,332,Pulchowk,27.6787,85.3168
2023-02-03T13:00,20.0,40,6.2,870.8,6.1,320,Pulchowk,27.6787,85.3168
2023-02-03T14:00,19.9,40,6.1,869.8,5.9,313,Pulchowk,27.6787,85.3168
2023-02-03T15:00,19.4,41,5.8,869.1,6.6,311,Pulchowk,27.6787,85.3168
2023-02-03T16:00,18.2,44,5.9,868.8,7.4,313,Pulchowk,27.6787,85.3168
2023-02-03T17:00,15.3,69,9.7,868.3,8.1,302,Pulchowk,27.6787,85.3168
2023-02-03T18:00,14.7,68,9.0,868.8,4.0,297,Pulchowk,27.6787,85.3168
2023-02-03T19:00,13.1,81,9.9,869.1,5.4,278,Pulchowk,27.6787,85.3168
2023-02-03T20:00,12.0,84,9.4,868.9,3.7,209,Pulchowk,27.6787,85.3168
2023-02-03T21:00,11.4,84,8.8,868.8,2.9,187,Pulchowk,27.6787,85.3168
2023-02-03T22:00,10.9,85,8.5,868.6,2.2,171,Pulchowk,27.6787,85.3168
2023-02-03T23:00,10.5,85,8.2,868.1,1.8,169,Pulchowk,27.6787,85.3168
2023-02-04T00:00,10.3,84,7.6,867.7,2.9,173,Pulchowk,27.6787,85.3168
2023-02-04T01:00,10.0,82,7.0,866.9,3.7,169,Pulchowk,27.6787,85.3168
2023-02-04T02:00,9.7,80,6.5,866.1,4.0,170,Pulchowk,27.6787,85.3168
2023-02-04T03:00,9.3,81,6.1,865.4,4.4,171,Pulchowk,27.6787,85.3168
2023-02-04T04:00,8.7,82,5.9,864.9,4.7,171,Pulchowk,27.6787,85.3168
2023-02-04T05:00,7.8,89,6.1,864.9,5.4,172,Pulchowk,27.6787,85.3168
2023-02-04T06:00,7.7,89,6.0,865.5,5.4,172,Pulchowk,27.6787,85.3168
2023-02-04T07:00,8.6,85,6.2,866.5,6.9,171,Pulchowk,27.6787,85.3168
2023-02-04T08:00,13.5,67,7.6,869.6,5.9,166,Pulchowk,27.6787,85.3168
2023-02-04T09:00,16.1,52,6.3,871.1,1.9,112,Pulchowk,27.6787,85.3168
2023-02-04T10:00,17.9,47,6.3,871.2,1.3,56,Pulchowk,27.6787,85.3168
2023-02-04T11:00,19.4,41,5.8,870.6,0.4,360,Pulchowk,27.6787,85.3168
2023-02-04T12:00,20.2,38,5.4,869.7,3.7,281,Pulchowk,27.6787,85.3168
2023-02-04T13:00,20.4,39,5.8,868.8,6.3,294,Pulchowk,27.6787,85.3168
2023-02-04T14:00,19.8,42,6.3,867.9,7.8,304,Pulchowk,27.6787,85.3168
2023-02-04T15:00,19.0,45,6.8,867.4,7.9,313,Pulchowk,27.6787,85.3168
2023-02-04T16:00,17.9,50,7.3,866.9,8.4,329,Pulchowk,27.6787,85.3168
2023-02-04T17:00,15.7,62,8.5,867.0,4.5,331,Pulchowk,27.6787,85.3168
2023-02-04T18:00,14.8,70,9.4,867.3,3.3,311,Pulchowk,27.6787,85.3168
2023-02-04T19:00,13.6,81,10.3,867.3,4.0,260,Pulchowk,27.6787,85.3168
2023-02-04T20:00,12.5,85,10.1,867.4,3.3,221,Pulchowk,27.6787,85.3168
2023-02-04T21:00,11.7,87,9.6,867.4,1.1,180,Pulchowk,27.6787,85.3168
2023-02-04T22:00,11.3,86,9.1,867.2,1.8,180,Pulchowk,27.6787,85.3168
2023-02-04T23:00,10.9,87,8.7,866.9,2.9,180,Pulchowk,27.6787,85.3168
2023-02-05T00:00,10.3,89,8.5,866.4,2.9,173,Pulchowk,27.6787,85.3168
2023-02-05T01:00,9.9,90,8.3,865.5,3.3,167,Pulchowk,27.6787,85.3168
2023-02-05T02:00,9.7,89,8.0,864.7,3.3,167,Pulchowk,27.6787,85.3168
2023-02-05T03:00,9.4,89,7.7,864.3,4.0,175,Pulchowk,27.6787,85.3168
2023-02-05T04:00,8.9,89,7.2,864.3,4.3,175,Pulchowk,27.6787,85.3168
2023-02-05T05:00,6.6,99,6.5,864.2,5.8,176,Pulchowk,27.6787,85.3168
2023-02-05T06:00,5.9,100,5.9,864.4,7.6,175,Pulchowk,27.6787,85.3168
2023-02-05T07:00,6.8,97,6.3,865.5,7.6,175,Pulchowk,27.6787,85.3168
2023-02-05T08:00,12.4,73,7.7,868.9,5.2,168,Pulchowk,27.6787,85.3168
2023-02-05T09:00,15.0,62,7.7,869.9,3.4,108,Pulchowk,27.6787,85.3168
2023-02-05T10:00,17.0,53,7.3,870.1,3.6,96,Pulchowk,27.6787,85.3168
2023-02-05T11:00,19.0,41,5.4,869.8,1.9,68,Pulchowk,27.6787,85.3168
2023-02-05T12:00,20.3,31,2.8,869.0,3.6,315,Pulchowk,27.6787,85.3168
2023-02-05T13:00,20.3,31,2.7,868.3,6.5,289,Pulchowk,27.6787,85.3168
2023-02-05T14:00,19.4,38,4.8,867.8,7.0,282,Pulchowk,27.6787,85.3168
2023-02-05T15:00,18.1,47,6.6,867.3,7.0,282,Pulchowk,27.6787,85.3168
2023-02-05T16:00,16.9,54,7.5,867.3,5.7,288,Pulchowk,27.6787,85.3168
2023-02-05T17:00,15.8,61,8.3,867.6,2.3,321,Pulchowk,27.6787,85.3168
2023-02-05T18:00,15.1,68,9.3,868.2,1.6,333,Pulchowk,27.6787,85.3168
2023-02-05T19:00,13.8,79,10.3,868.1,2.0,225,Pulchowk,27.6787,85.3168
2023-02-05T20:00,13.1,78,9.4,868.3,1.1,180,Pulchowk,27.6787,85.3168
2023-02-05T21:00,12.3,79,8.9,868.5,0.7,180,Pulchowk,27.6787,85.3168
2023-02-05T22:00,11.8,82,8.8,868.5,1.4,180,Pulchowk,27.6787,85.3168
2023-02-05T23:00,11.2,84,8.6,868.1,2.5,180,Pulchowk,27.6787,85.3168
2023-02-06T00:00,10.3,89,8.5,867.2,4.0,175,Pulchowk,27.6787,85.3168
2023-02-06T01:00,9.2,93,8.1,866.5,3.6,174,Pulchowk,27.6787,85.3168
2023-02-06T02:00,8.4,97,7.9,865.9,4.0,175,Pulchowk,27.6787,85.3168
2023-02-06T03:00,7.6,100,7.6,865.2,3.6,174,Pulchowk,27.6787,85.3168
2023-02-06T04:00,6.8,100,6.8,864.6,4.3,175,Pulchowk,27.6787,85.3168
2023-02-06T05:00,5.9,100,5.9,864.7,4.7,176,Pulchowk,27.6787,85.3168
2023-02-06T06:00,5.8,100,5.9,865.2,4.0,175,Pulchowk,27.6787,85.3168
2023-02-06T07:00,7.6,95,6.9,866.8,5.1,176,Pulchowk,27.6787,85.3168
2023-02-06T08:00,12.8,73,8.1,869.8,3.6,143,Pulchowk,27.6787,85.3168
2023-02-06T09:00,15.1,63,8.0,870.6,3.3,49,Pulchowk,27.6787,85.3168
2023-02-06T10:00,17.1,53,7.5,870.7,5.4,356,Pulchowk,27.6787,85.3168
2023-02-06T11:00,18.4,48,7.2,870.4,7.9,330,Pulchowk,27.6787,85.3168
2023-02-06T12:00,19.4,44,6.7,869.3,8.2,308,Pulchowk,27.6787,85.3168
2023-02-06T13:00,18.7,46,7.0,868.2,9.2,315,Pulchowk,27.6787,85.3168
2023-02-06T14:00,18.1,47,6.5,867.5,8.4,313,Pulchowk,27.6787,85.3168
2023-02-06T15:00,16.9,54,7.4,866.9,6.1,310,Pulchowk,27.6787,85.3168
2023-02-06T16:00,16.1,57,7.5,866.7,4.3,270,Pulchowk,27.6787,85.3168
2023-02-06T17:00,14.5,75,10.2,866.0,3.6,264,Pulchowk,27.6787,85.3168
2023-02-06T18:00,13.8,75,9.4,866.2,2.9,277,Pulchowk,27.6787,85.3168
2023-02-06T19:00,12.7,84,10.1,866.4,3.8,287,Pulchowk,27.6787,85.3168
2023-02-06T20:00,12.2,82,9.1,866.8,2.3,309,Pulchowk,27.6787,85.3168
2023-02-06T21:00,11.6,86,9.4,867.1,4.2,301,Pulchowk,27.6787,85.3168
2023-02-06T22:00,11.4,89,9.6,866.8,3.4,302,Pulchowk,27.6787,85.3168
2023-02-06T23:00,11.1,90,9.6,866.4,3.5,294,Pulchowk,27.6787,85.3168
2023-02-07T00:00,10.8,93,9.7,865.6,3.8,221,Pulchowk,27.6787,85.3168
2023-02-07T01:00,9.5,96,8.8,864.3,3.3,174,Pulchowk,27.6787,85.3168
2023-02-07T02:00,8.9,96,8.4,863.2,4.7,171,Pulchowk,27.6787,85.3168
2023-02-07T03:00,8.0,99,7.8,862.3,5.9,169,Pulchowk,27.6787,85.3168
2023-02-07T04:00,6.9,100,6.9,861.4,6.9,171,Pulchowk,27.6787,85.3168
2023-02-07T05:00,7.6,96,7.0,862.9,8.4,173,Pulchowk,27.6787,85.3168
2023-02-07T06:00,7.4,94,6.5,863.4,8.0,172,Pulchowk,27.6787,85.3168
2023-02-07T07:00,8.4,86,6.2,864.4,7.7,169,Pulchowk,27.6787,85.3168
2023-02-07T08:00,11.8,71,6.7,866.7,5.0,159,Pulchowk,27.6787,85.3168
2023-02-07T09:00,14.5,56,5.8,868.1,1.6,117,Pulchowk,27.6787,85.3168
2023-02-07T10:00,16.3,48,5.2,868.5,3.5,294,Pulchowk,27.6787,85.3168
2023-02-07T11:00,17.1,44,4.7,868.3,8.6,292,Pulchowk,27.6787,85.3168
2023-02-07T12:00,17.3,43,4.5,867.7,10.1,297,Pulchowk,27.6787,85.3168
2023-02-07T13:00,17.6,40,3.9,867.2,10.5,308,Pulchowk,27.6787,85.3168
2023-02-07T14:00,17.9,37,3.1,866.8,10.5,308,Pulchowk,27.6787,85.3168
2023-02-07T15:00,17.5,37,2.7,866.3,9.9,314,Pulchowk,27.6787,85.3168
2023-02-07T16:00,16.9,37,2.0,865.9,7.9,313,Pulchowk,27.6787,85.3168
2023-02-07T17:00,14.8,61,7.3,865.7,6.4,313,Pulchowk,27.6787,85.3168
2023-02-07T18:00,14.1,59,6.3,866.5,3.7,299,Pulchowk,27.6787,85.3168
2023-02-07T19:00,13.4,61,6.0,866.9,3.7,259,Pulchowk,27.6787,85.3168
2023-02-07T20:00,12.3,66,6.0,867.1,2.6,196,Pulchowk,27.6787,85.3168
2023-02-07T21:00,11.3,71,6.2,867.1,3.3,193,Pulchowk,27.6787,85.3168
2023-02-07T22:00,10.7,77,6.8,867.2,3.8,197,Pulchowk,27.6787,85.3168
2023-02-07T23:00,10.4,81,7.3,866.9,3.3,193,Pulchowk,27.6787,85.3168
2023-02-08T00:00,9.9,85,7.5,866.5,3.3,186,Pulchowk,27.6787,85.3168
2023-02-08T01:00,9.5,87,7.5,865.7,3.6,186,Pulchowk,27.6787,85.3168
2023-02-08T02:00,8.4,92,7.2,864.6,4.0,175,Pulchowk,27.6787,85.3168
2023-02-08T03:00,6.8,98,6.5,863.6,6.5,174,Pulchowk,27.6787,85.3168
2023-02-08T04:00,5.9,99,5.8,862.9,7.6,172,Pulchowk,27.6787,85.3168
2023-02-08T05:00,7.9,89,6.2,864.2,5.5,169,Pulchowk,27.6787,85.3168
2023-02-08T06:00,7.3,91,5.9,864.6,6.2,170,Pulchowk,27.6787,85.3168
2023-02-08T07:00,8.4,85,6.1,866.0,7.6,175,Pulchowk,27.6787,85.3168
2023-02-08T08:00,13.1,64,6.5,869.2,4.3,185,Pulchowk,27.6787,85.3168
2023-02-08T09:00,15.1,49,4.6,870.3,1.5,284,Pulchowk,27.6787,85.3168
2023-02-08T10:00,16.8,41,3.5,870.7,2.6,304,Pulchowk,27.6787,85.3168
2023-02-08T11:00,17.9,38,3.2,870.6,5.5,302,Pulchowk,27.6787,85.3168
2023-02-08T12:00,18.7,35,3.1,869.7,7.6,315,Pulchowk,27.6787,85.3168
2023-02-08T13:00,18.8,36,3.5,868.7,9.6,326,Pulchowk,27.6787,85.3168
2023-02-08T14:00,18.7,39,4.3,867.7,10.0,322,Pulchowk,27.6787,85.3168
2023-02-08T15:00,18.2,41,4.6,867.2,8.9,310,Pulchowk,27.6787,85.3168
2023-02-08T16:00,17.3,42,4.3,866.7,7.6,301,Pulchowk,27.6787,85.3168
2023-02-08T17:00,14.9,60,7.3,866.8,3.6,270,Pulchowk,27.6787,85.3168
2023-02-08T18:00,13.2,75,9.0,867.1,3.6,233,Pulchowk,27.6787,85.3168
2023-02-08T19:00,12.1,79,8.5,867.5,2.7,203,Pulchowk,27.6787,85.3168
2023-02-08T20:00,11.5,79,7.9,867.9,2.2,189,Pulchowk,27.6787,85.3168
2023-02-08T21:00,11.2,80,7.9,868.3,2.9,187,Pulchowk,27.6787,85.3168
2023-02-08T22:00,10.2,87,8.1,867.8,3.6,180,Pulchowk,27.6787,85.3168
2023-02-08T23:00,9.0,93,8.0,867.1,4.3,175,Pulchowk,27.6787,85.3168
2023-02-09T00:00,8.1,96,7.6,866.5,5.4,172,Pulchowk,27.6787,85.3168
2023-02-09T01:00,7.0,100,7.0,865.4,6.5,174,Pulchowk,27.6787,85.3168
2023-02-09T02:00,6.7,100,6.7,865.0,8.0,175,Pulchowk,27.6787,85.3168
2023-02-09T03:00,7.1,100,7.1,864.5,8.7,175,Pulchowk,27.6787,85.3168
2023-02-09T04:00,7.2,97,6.8,864.3,8.7,175,Pulchowk,27.6787,85.3168
2023-02-09T05:00,6.8,100,6.7,864.5,7.6,175,Pulchowk,27.6787,85.3168
2023-02-09T06:00,6.8,98,6.5,865.3,7.6,177,Pulchowk,27.6787,85.3168
2023-02-09T07:00,7.8,94,6.9,866.5,7.2,174,Pulchowk,27.6787,85.3168
2023-02-09T08:00,11.9,77,8.0,869.4,3.8,197,Pulchowk,27.6787,85.3168
2023-02-09T09:00,14.0,66,7.7,870.5,1.9,292,Pulchowk,27.6787,85.3168
2023-02-09T10:00,16.1,53,6.6,871.0,4.9,306,Pulchowk,27.6787,85.3168
2023-02-09T11:00,17.2,53,7.6,870.8,8.4,320,Pulchowk,27.6787,85.3168
2023-02-09T12:00,17.7,50,7.1,870.0,9.4,313,Pulchowk,27.6787,85.3168
2023-02-09T13:00,17.7,48,6.5,868.9,10.2,315,Pulchowk,27.6787,85.3168
2023-02-09T14:00,17.8,46,6.1,868.1,10.5,319,Pulchowk,27.6787,85.3168
2023-02-09T15:00,17.4,46,5.8,867.7,8.5,324,Pulchowk,27.6787,85.3168
2023-02-09T16:00,16.4,51,6.1,867.6,6.4,308,Pulchowk,27.6787,85.3168
2023-02-09T17:00,14.8,70,9.3,868.2,4.8,312,Pulchowk,27.6787,85.3168
2023-02-09T18:00,14.0,65,7.6,869.0,3.6,307,Pulchowk,27.6787,85.3168
2023-02-09T19:00,13.0,76,8.9,869.8,2.7,293,Pulchowk,27.6787,85.3168
2023-02-09T20:00,12.7,71,7.5,870.2,3.1,225,Pulchowk,27.6787,85.3168
2023-02-09T21:00,11.0,83,8.3,870.0,2.4,207,Pulchowk,27.6787,85.3168
2023-02-09T22:00,10.6,84,8.0,869.9,2.2,189,Pulchowk,27.6787,85.3168
2023-02-09T23:00,9.8,88,7.9,869.2,2.2,189,Pulchowk,27.6787,85.3168
2023-02-10T00:00,8.9,92,7.6,868.2,1.1,180,Pulchowk,27.6787,85.3168
2023-02-10T01:00,8.4,93,7.3,867.6,2.2,180,Pulchowk,27.6787,85.3168
2023-02-10T02:00,7.5,94,6.5,866.3,4.3,180,Pulchowk,27.6787,85.3168
2023-02-10T03:00,6.4,100,6.4,865.0,5.1,176,Pulchowk,27.6787,85.3168
2023-02-10T04:00,5.9,100,5.9,864.6,6.2,173,Pulchowk,27.6787,85.3168
2023-02-10T05:00,7.4,99,7.3,866.4,7.6,172,Pulchowk,27.6787,85.3168
2023-02-10T06:00,6.7,100,6.7,866.7,7.3,169,Pulchowk,27.6787,85.3168
2023-02-10T07:00,7.8,100,7.8,867.7,7.0,168,Pulchowk,27.6787,85.3168
2023-02-10T08:00,12.0,81,8.8,870.3,4.0,153,Pulchowk,27.6787,85.3168
2023-02-10T09:00,14.8,62,7.5,871.8,1.5,346,Pulchowk,27.6787,85.3168
2023-02-10T10:00,17.1,51,6.8,872.4,6.1,315,Pulchowk,27.6787,85.3168
2023-02-10T11:00,18.1,49,7.3,872.0,9.7,318,Pulchowk,27.6787,85.3168
2023-02-10T12:00,18.7,48,7.3,871.3,10.5,319,Pulchowk,27.6787,85.3168
2023-02-10T13:00,19.3,43,6.4,870.4,11.0,319,Pulchowk,27.6787,85.3168
2023-02-10T14:00,19.2,43,6.2,869.5,11.2,320,Pulchowk,27.6787,85.3168
2023-02-10T15:00,18.6,46,6.6,869.0,10.3,324,Pulchowk,27.6787,85.3168
2023-02-10T16:00,17.6,50,7.1,868.9,9.2,318,Pulchowk,27.6787,85.3168
2023-02-10T17:00,15.8,63,8.8,868.3,5.4,307,Pulchowk,27.6787,85.3168
2023-02-10T18:00,14.2,71,9.0,868.3,5.1,274,Pulchowk,27.6787,85.3168
2023-02-10T19:00,13.2,76,9.1,868.6,5.9,284,Pulchowk,27.6787,85.3168
2023-02-10T20:00,12.7,78,9.0,868.9,5.0,240,Pulchowk,27.6787,85.3168
2023-02-10T21:00,11.7,82,8.8,869.0,3.7,191,Pulchowk,27.6787,85.3168
2023-02-10T22:00,11.5,82,8.5,868.9,3.2,180,Pulchowk,27.6787,85.3168
2023-02-10T23:00,11.0,82,8.1,868.8,2.9,173,Pulchowk,27.6787,85.3168
2023-02-11T00:00,10.6,81,7.6,868.2,2.9,173,Pulchowk,27.6787,85.3168
2023-02-11T01:00,10.3,81,7.1,867.6,3.0,166,Pulchowk,27.6787,85.3168
2023-02-11T02:00,10.2,79,6.7,867.0,3.3,174,Pulchowk,27.6787,85.3168
2023-02-11T03:00,10.2,76,6.1,866.5,3.3,167,Pulchowk,27.6787,85.3168
2023-02-11T04:00,10.2,73,5.5,866.3,3.3,167,Pulchowk,27.6787,85.3168
2023-02-11T05:00,9.0,79,5.6,866.0,3.7,169,Pulchowk,27.6787,85.3168
2023-02-11T06:00,9.7,71,4.7,866.8,3.3,174,Pulchowk,27.6787,85.3168
2023-02-11T07:00,11.7,61,4.3,868.3,3.3,174,Pulchowk,27.6787,85.3168
2023-02-11T08:00,15.6,54,6.4,870.7,3.1,201,Pulchowk,27.6787,85.3168
2023-02-11T09:00,17.4,42,4.3,872.0,5.6,315,Pulchowk,27.6787,85.3168
2023-02-11T10:00,18.4,42,5.2,872.6,7.6,315,Pulchowk,27.6787,85.3168
2023-02-11T11:00,19.5,37,4.6,872.2,9.7,312,Pulchowk,27.6787,85.3168
2023-02-11T12:00,20.5,31,3.0,871.4,11.3,307,Pulchowk,27.6787,85.3168
2023-02-11T13:00,20.8,31,2.9,870.5,11.8,310,Pulchowk,27.6787,85.3168
2023-02-11T14:00,20.7,32,3.2,869.7,10.4,314,Pulchowk,27.6787,85.3168
2023-02-11T15:00,20.0,35,4.2,869.1,9.7,318,Pulchowk,27.6787,85.3168
2023-02-11T16:00,19.0,39,4.6,868.8,8.7,318,Pulchowk,27.6787,85.3168
2023-02-11T17:00,16.1,60,8.4,867.6,7.6,278,Pulchowk,27.6787,85.3168
2023-02-11T18:00,14.9,65,8.3,867.8,5.2,258,Pulchowk,27.6787,85.3168
2023-02-11T19:00,13.7,70,8.4,867.9,4.2,239,Pulchowk,27.6787,85.3168
2023-02-11T20:00,12.6,77,8.6,868.1,3.6,217,Pulchowk,27.6787,85.3168
2023-02-11T21:00,11.6,80,8.3,868.3,1.9,202,Pulchowk,27.6787,85.3168
2023-02-11T22:00,11.0,81,7.9,868.3,2.4,207,Pulchowk,27.6787,85.3168
2023-02-11T23:00,10.4,83,7.7,868.1,2.4,207,Pulchowk,27.6787,85.3168
2023-02-12T00:00,11.0,78,7.4,868.1,2.8,220,Pulchowk,27.6787,85.3168
2023-02-12T01:00,11.3,77,7.4,868.0,0.8,207,Pulchowk,27.6787,85.3168
2023-02-12T02:00,9.1,86,6.9,866.2,2.5,188,Pulchowk,27.6787,85.3168
2023-02-12T03:00,9.3,84,6.7,865.8,2.5,188,Pulchowk,27.6787,85.3168
2023-02-12T04:00,9.0,83,6.4,865.3,2.5,180,Pulchowk,27.6787,85.3168
2023-02-12T05:00,8.0,93,6.9,865.4,4.0,180,Pulchowk,27.6787,85.3168
2023-02-12T06:00,6.1,99,6.0,864.8,6.1,177,Pulchowk,27.6787,85.3168
2023-02-12T07:00,6.8,97,6.4,865.9,6.8,177,Pulchowk,27.6787,85.3168
2023-02-12T08:00,12.7,74,8.3,869.2,5.8,173,Pulchowk,27.6787,85.3168
2023-02-12T09:00,15.7,48,4.8,870.9,1.1,342,Pulchowk,27.6787,85.3168
2023-02-12T10:00,17.5,37,2.6,871.2,4.8,333,Pulchowk,27.6787,85.3168
2023-02-12T11:00,18.8,25,-1.7,870.6,8.9,313,Pulchowk,27.6787,85.3168
2023-02-12T12:00,19.5,23,-2.4,869.7,9.7,312,Pulchowk,27.6787,85.3168
2023-02-12T13:00,19.6,22,-2.6,868.8,10.5,301,Pulchowk,27.6787,85.3168
2023-02-12T14:00,18.6,27,-0.8,868.0,10.5,286,Pulchowk,27.6787,85.3168
2023-02-12T15:00,17.0,36,1.9,867.9,11.0,281,Pulchowk,27.6787,85.3168
2023-02-12T16:00,16.0,40,2.4,867.3,8.7,277,Pulchowk,27.6787,85.3168
2023-02-12T17:00,14.4,53,5.1,867.0,5.4,274,Pulchowk,27.6787,85.3168
2023-02-12T18:00,13.2,61,5.9,866.9,4.0,275,Pulchowk,27.6787,85.3168
2023-02-12T19:00,12.3,67,6.4,867.2,3.9,236,Pulchowk,27.6787,85.3168
2023-02-12T20:00,10.9,76,6.8,867.0,2.5,225,Pulchowk,27.6787,85.3168
2023-02-12T21:00,10.0,79,6.4,866.4,4.9,197,Pulchowk,27.6787,85.3168
2023-02-12T22:00,9.0,81,6.0,865.7,6.6,189,Pulchowk,27.6787,85.3168
2023-02-12T23:00,8.1,78,4.5,864.5,6.2,190,Pulchowk,27.6787,85.3168
2023-02-13T00:00,7.0,76,3.0,863.4,4.0,185,Pulchowk,27.6787,85.3168
2023-02-13T01:00,6.9,67,1.2,863.0,2.9,187,Pulchowk,27.6787,85.3168
2023-02-13T02:00,7.0,62,0.2,862.3,4.0,175,Pulchowk,27.6787,85.3168
2023-02-13T03:00,6.8,62,0.0,861.7,4.0,170,Pulchowk,27.6787,85.3168
2023-02-13T04:00,6.7,63,0.2,861.7,1.8,180,Pulchowk,27.6787,85.3168
2023-02-13T05:00,6.7,62,-0.0,862.3,3.6,174,Pulchowk,27.6787,85.3168
2023-02-13T06:00,7.0,63,0.4,863.1,2.6,164,Pulchowk,27.6787,85.3168
2023-02-13T07:00,8.6,60,1.4,864.3,4.8,167,Pulchowk,27.6787,85.3168
2023-02-13T08:00,12.8,53,3.4,867.0,1.9,112,Pulchowk,27.6787,85.3168
2023-02-13T09:00,14.9,47,3.7,868.4,2.7,23,Pulchowk,27.6787,85.3168
2023-02-13T10:00,16.9,43,4.2,869.0,4.2,340,Pulchowk,27.6787,85.3168
2023-02-13T11:00,18.4,39,4.2,868.7,6.4,333,Pulchowk,27.6787,85.3168
2023-02-13T12:00,19.6,35,3.9,868.2,7.2,333,Pulchowk,27.6787,85.3168
2023-02-13T13:00,20.5,33,3.8,867.5,8.0,324,Pulchowk,27.6787,85.3168
2023-02-13T14:00,20.6,31,3.0,867.3,9.2,321,Pulchowk,27.6787,85.3168
2023-02-13T15:00,19.5,33,2.8,867.2,9.3,324,Pulchowk,27.6787,85.3168
2023-02-13T16:00,17.8,39,3.6,867.1,8.2,322,Pulchowk,27.6787,85.3168
2023-02-13T17:00,15.0,58,6.8,867.3,6.9,332,Pulchowk,27.6787,85.3168
2023-02-13T18:00,13.3,66,7.0,867.7,4.7,302,Pulchowk,27.6787,85.3168
2023-02-13T19:00,12.4,67,6.3,868.4,3.6,270,Pulchowk,27.6787,85.3168
2023-02-13T20:00,11.1,73,6.4,868.8,3.1,225,Pulchowk,27.6787,85.3168
2023-02-13T21:00,9.8,80,6.4,869.3,1.9,202,Pulchowk,27.6787,85.3168
2023-02-13T22:00,9.1,81,6.0,869.3,1.4,180,Pulchowk,27.6787,85.3168
2023-02-13T23:00,8.6,83,5.8,869.0,2.6,164,Pulchowk,27.6787,85.3168
2023-02-14T00:00,7.7,87,5.6,868.3,3.3,167,Pulchowk,27.6787,85.3168
2023-02-14T01:00,7.0,89,5.4,867.8,4.0,170,Pulchowk,27.6787,85.3168
2023-02-14T02:00,6.4,91,5.1,866.9,5.1,172,Pulchowk,27.6787,85.3168
2023-02-14T03:00,6.0,92,4.8,866.6,4.7,171,Pulchowk,27.6787,85.3168
2023-02-14T04:00,5.7,92,4.6,866.4,4.4,171,Pulchowk,27.6787,85.3168
2023-02-14T05:00,5.5,95,4.7,867.1,4.7,171,Pulchowk,27.6787,85.3168
2023-02-14T06:00,5.6,93,4.6,867.6,4.4,171,Pulchowk,27.6787,85.3168
2023-02-14T07:00,7.4,85,5.1,869.0,3.6,174,Pulchowk,27.6787,85.3168
2023-02-14T08:00,12.0,62,4.9,871.7,1.1,108,Pulchowk,27.6787,85.3168
2023-02-14T09:00,14.1,54,5.1,872.6,2.9,7,Pulchowk,27.6787,85.3168
2023-02-14T10:00,16.1,50,5.6,872.8,5.1,352,Pulchowk,27.6787,85.3168
2023-02-14T11:00,17.6,46,5.7,872.3,7.1,345,Pulchowk,27.6787,85.3168
2023-02-14T12:00,18.6,42,5.5,871.3,8.9,328,Pulchowk,27.6787,85.3168
2023-02-14T13:00,18.8,41,5.3,870.3,10.8,323,Pulchowk,27.6787,85.3168
2023-02-14T14:00,18.6,41,5.2,869.7,10.7,320,Pulchowk,27.6787,85.3168
2023-02-14T15:00,18.0,42,5.0,868.9,9.5,323,Pulchowk,27.6787,85.3168
2023-02-14T16:00,16.9,46,5.1,868.2,8.5,324,Pulchowk,27.6787,85.3168
2023-02-14T17:00,14.3,67,8.2,867.4,6.3,347,Pulchowk,27.6787,85.3168
2023-02-14T18:00,13.1,73,8.3,867.8,5.5,349,Pulchowk,27.6787,85.3168
2023-02-14T19:00,13.4,60,5.7,869.0,3.8,319,Pulchowk,27.6787,85.3168
2023-02-14T20:00,12.9,61,5.5,869.1,1.9,112,Pulchowk,27.6787,85.3168
2023-02-14T21:00,10.6,77,6.6,868.2,2.8,140,Pulchowk,27.6787,85.3168
2023-02-14T22:00,10.0,76,6.0,867.4,2.7,157,Pulchowk,27.6787,85.3168
2023-02-14T23:00,9.1,82,6.1,867.3,2.2,180,Pulchowk,27.6787,85.3168
2023-02-15T00:00,9.0,81,5.9,866.8,3.0,166,Pulchowk,27.6787,85.3168
2023-02-15T01:00,8.7,82,5.7,866.5,2.9,173,Pulchowk,27.6787,85.3168
2023-02-15T02:00,8.2,83,5.6,865.7,3.3,167,Pulchowk,27.6787,85.3168
2023-02-15T03:00,7.7,86,5.5,865.1,4.1,165,Pulchowk,27.6787,85.3168
2023-02-15T04:00,7.3,87,5.3,865.2,4.1,165,Pulchowk,27.6787,85.3168
2023-02-15T05:00,7.3,92,6.1,865.7,4.8,167,Pulchowk,27.6787,85.3168
2023-02-15T06:00,7.5,90,6.0,866.1,4.6,162,Pulchowk,27.6787,85.3168
2023-02-15T07:00,9.1,84,6.5,867.6,6.6,171,Pulchowk,27.6787,85.3168
2023-02-15T08:00,13.2,66,7.0,870.3,2.4,153,Pulchowk,27.6787,85.3168
2023-02-15T09:00,15.4,56,6.8,871.4,2.5,352,Pulchowk,27.6787,85.3168
2023-02-15T10:00,17.5,50,7.0,871.8,4.7,9,Pulchowk,27.6787,85.3168
2023-02-15T11:00,19.3,45,7.1,871.4,4.7,360,Pulchowk,27.6787,85.3168
2023-02-15T12:00,21.0,39,6.7,870.7,6.9,332,Pulchowk,27.6787,85.3168
2023-02-15T13:00,21.4,37,6.1,870.0,12.5,327,Pulchowk,27.6787,85.3168
2023-02-15T14:00,19.6,42,6.4,869.8,13.0,312,Pulchowk,27.6787,85.3168
2023-02-15T15:00,18.5,46,6.7,869.3,9.0,299,Pulchowk,27.6787,85.3168
2023-02-15T16:00,17.9,47,6.5,869.0,7.1,285,Pulchowk,27.6787,85.3168
2023-02-15T17:00,16.3,53,6.7,868.9,5.4,262,Pulchowk,27.6787,85.3168
2023-02-15T18:00,15.0,63,7.9,869.4,3.1,249,Pulchowk,27.6787,85.3168
2023-02-15T19:00,14.1,71,8.9,869.7,2.2,180,Pulchowk,27.6787,85.3168
2023-02-15T20:00,12.3,78,8.6,869.5,1.1,180,Pulchowk,27.6787,85.3168
2023-02-15T21:00,11.9,78,8.2,870.1,1.5,166,Pulchowk,27.6787,85.3168
2023-02-15T22:00,11.5,80,8.2,870.2,2.7,157,Pulchowk,27.6787,85.3168
2023-02-15T23:00,11.5,78,7.8,869.8,3.2,153,Pulchowk,27.6787,85.3168
2023-02-16T00:00,11.1,79,7.6,869.3,3.3,167,Pulchowk,27.6787,85.3168
2023-02-16T01:00,10.7,79,7.3,868.9,3.4,162,Pulchowk,27.6787,85.3168
2023-02-16T02:00,10.4,78,6.8,868.2,3.7,151,Pulchowk,27.6787,85.3168
2023-02-16T03:00,10.3,76,6.2,867.9,4.0,153,Pulchowk,27.6787,85.3168
2023-02-16T04:00,10.3,73,5.7,867.9,3.9,158,Pulchowk,27.6787,85.3168
2023-02-16T05:00,8.8,85,6.4,868.1,4.6,162,Pulchowk,27.6787,85.3168
2023-02-16T06:00,10.0,77,6.1,869.1,3.1,159,Pulchowk,27.6787,85.3168
2023-02-16T07:00,12.3,67,6.3,870.6,3.2,153,Pulchowk,27.6787,85.3168
2023-02-16T08:00,15.6,53,5.9,872.7,3.7,101,Pulchowk,27.6787,85.3168
2023-02-16T09:00,17.6,43,4.8,873.8,3.1,45,Pulchowk,27.6787,85.3168
2023-02-16T10:00,19.5,37,4.4,874.5,4.9,36,Pulchowk,27.6787,85.3168
2023-02-16T11:00,21.0,33,4.1,874.4,5.8,22,Pulchowk,27.6787,85.3168
2023-02-16T12:00,22.8,29,4.0,873.3,7.3,9,Pulchowk,27.6787,85.3168
2023-02-16T13:00,23.2,28,3.7,872.4,12.0,321,Pulchowk,27.6787,85.3168
2023-02-16T14:00,21.6,33,4.8,872.2,10.5,301,Pulchowk,27.6787,85.3168
2023-02-16T15:00,21.0,35,5.0,871.9,6.9,309,Pulchowk,27.6787,85.3168
2023-02-16T16:00,20.2,36,4.7,871.5,7.3,303,Pulchowk,27.6787,85.3168
2023-02-16T17:00,18.5,55,9.2,871.5,4.9,234,Pulchowk,27.6787,85.3168
2023-02-16T18:00,16.6,62,9.2,872.0,4.6,225,Pulchowk,27.6787,85.3168
2023-02-16T19:00,17.1,53,7.3,873.6,3.6,225,Pulchowk,27.6787,85.3168
2023-02-16T20:00,16.7,53,7.2,874.1,5.6,310,Pulchowk,27.6787,85.3168
2023-02-16T21:00,16.2,54,7.0,874.3,1.1,162,Pulchowk,27.6787,85.3168
2023-02-16T22:00,13.9,67,7.8,873.5,3.8,163,Pulchowk,27.6787,85.3168
2023-02-16T23:00,12.3,75,8.0,872.7,3.0,166,Pulchowk,27.6787,85.3168
2023-02-17T00:00,11.7,78,7.9,872.2,2.6,164,Pulchowk,27.6787,85.3168
2023-02-17T01:00,11.2,79,7.7,871.5,3.3,167,Pulchowk,27.6787,85.3168
2023-02-17T02:00,10.9,79,7.4,870.9,2.6,164,Pulchowk,27.6787,85.3168
2023-02-17T03:00,10.4,81,7.2,870.1,3.4,162,Pulchowk,27.6787,85.3168
2023-02-17T04:00,10.2,80,6.9,869.8,3.4,162,Pulchowk,27.6787,85.3168
2023-02-17T05:00,8.9,88,7.0,869.9,4.0,170,Pulchowk,27.6787,85.3168
2023-02-17T06:00,9.7,84,7.1,871.1,2.6,164,Pulchowk,27.6787,85.3168
2023-02-17T07:00,11.1,78,7.4,872.4,5.2,164,Pulchowk,27.6787,85.3168
2023-02-17T08:00,15.9,58,7.6,875.3,2.8,140,Pulchowk,27.6787,85.3168
2023-02-17T09:00,18.3,44,5.7,876.5,3.2,27,Pulchowk,27.6787,85.3168
2023-02-17T10:00,19.9,40,5.8,876.8,5.4,352,Pulchowk,27.6787,85.3168
2023-02-17T11:00,21.4,36,5.8,876.3,9.0,344,Pulchowk,27.6787,85.3168
2023-02-17T12:00,22.0,34,5.4,875.2,11.9,335,Pulchowk,27.6787,85.3168
2023-02-17T13:00,22.2,32,4.7,874.0,10.2,321,Pulchowk,27.6787,85.3168
2023-02-17T14:00,22.4,31,4.3,873.0,9.4,320,Pulchowk,27.6787,85.3168
2023-02-17T15:00,22.0,32,4.4,872.6,10.7,320,Pulchowk,27.6787,85.3168
2023-02-17T16:00,20.8,35,4.7,872.4,8.7,308,Pulchowk,27.6787,85.3168
2023-02-17T17:00,18.4,52,8.4,871.7,6.1,230,Pulchowk,27.6787,85.3168
2023-02-17T18:00,17.0,55,7.8,872.3,3.8,221,Pulchowk,27.6787,85.3168
2023-02-17T19:00,15.2,67,9.2,872.4,3.0,194,Pulchowk,27.6787,85.3168
2023-02-17T20:00,14.1,76,10.0,872.5,2.9,180,Pulchowk,27.6787,85.3168
2023-02-17T21:00,13.9,74,9.3,873.1,1.8,180,Pulchowk,27.6787,85.3168
2023-02-17T22:00,13.7,73,8.9,873.0,2.2,171,Pulchowk,27.6787,85.3168
2023-02-17T23:00,12.5,79,8.9,872.5,3.8,163,Pulchowk,27.6787,85.3168
2023-02-18T00:00,12.3,79,8.8,872.0,3.8,163,Pulchowk,27.6787,85.3168
2023-02-18T01:00,12.0,80,8.6,871.4,3.9,158,Pulchowk,27.6787,85.3168
2023-02-18T02:00,11.7,80,8.3,870.7,4.0,153,Pulchowk,27.6787,85.3168
2023-02-18T03:00,11.1,81,7.9,870.1,4.3,156,Pulchowk,27.6787,85.3168
2023-02-18T04:00,10.9,80,7.6,869.9,4.8,153,Pulchowk,27.6787,85.3168
2023-02-18T05:00,9.8,81,6.7,870.3,6.0,155,Pulchowk,27.6787,85.3168
2023-02-18T06:00,10.9,74,6.4,871.5,3.2,153,Pulchowk,27.6787,85.3168
2023-02-18T07:00,12.6,66,6.5,872.9,4.3,156,Pulchowk,27.6787,85.3168
2023-02-18T08:00,16.2,50,5.8,875.2,3.5,114,Pulchowk,27.6787,85.3168
2023-02-18T09:00,18.1,43,5.4,876.1,3.9,34,Pulchowk,27.6787,85.3168
2023-02-18T10:00,19.8,40,5.9,876.4,5.8,7,Pulchowk,27.6787,85.3168
2023-02-18T11:00,21.7,37,6.3,875.8,11.3,351,Pulchowk,27.6787,85.3168
2023-02-18T12:00,22.5,34,6.0,874.5,15.3,345,Pulchowk,27.6787,85.3168
2023-02-18T13:00,22.3,34,5.5,873.6,14.7,343,Pulchowk,27.6787,85.3168
2023-02-18T14:00,22.4,33,5.4,872.7,12.2,341,Pulchowk,27.6787,85.3168
2023-02-18T15:00,22.2,33,5.3,872.4,10.2,337,Pulchowk,27.6787,85.3168
2023-02-18T16:00,21.2,35,5.3,872.0,8.4,320,Pulchowk,27.6787,85.3168
2023-02-18T17:00,18.4,56,9.4,871.2,7.5,287,Pulchowk,27.6787,85.3168
2023-02-18T18:00,17.0,52,7.0,871.6,4.7,261,Pulchowk,27.6787,85.3168
2023-02-18T19:00,15.3,63,8.3,872.0,5.1,225,Pulchowk,27.6787,85.3168
2023-02-18T20:00,14.5,66,8.2,872.5,3.4,198,Pulchowk,27.6787,85.3168
2023-02-18T21:00,13.7,68,7.9,872.4,2.5,180,Pulchowk,27.6787,85.3168
2023-02-18T22:00,13.3,68,7.6,872.2,2.2,171,Pulchowk,27.6787,85.3168
2023-02-18T23:00,12.9,69,7.4,872.0,2.5,172,Pulchowk,27.6787,85.3168
2023-02-19T00:00,12.5,70,7.1,871.4,2.9,173,Pulchowk,27.6787,85.3168
2023-02-19T01:00,12.1,70,6.8,870.8,3.3,167,Pulchowk,27.6787,85.3168
2023-02-19T02:00,11.7,71,6.6,870.0,3.3,174,Pulchowk,27.6787,85.3168
2023-02-19T03:00,11.3,73,6.6,869.5,3.6,174,Pulchowk,27.6787,85.3168
2023-02-19T04:00,11.2,72,6.3,869.4,3.8,163,Pulchowk,27.6787,85.3168
2023-02-19T05:00,10.1,78,6.4,869.3,5.2,168,Pulchowk,27.6787,85.3168
2023-02-19T06:00,10.9,73,6.2,870.8,3.7,169,Pulchowk,27.6787,85.3168
2023-02-19T07:00,12.3,68,6.6,872.3,3.6,174,Pulchowk,27.6787,85.3168
2023-02-19T08:00,16.5,51,6.4,874.7,1.1,162,Pulchowk,27.6787,85.3168
2023-02-19T09:00,18.5,44,6.0,875.2,2.9,30,Pulchowk,27.6787,85.3168
2023-02-19T10:00,20.1,40,6.0,875.2,4.0,350,Pulchowk,27.6787,85.3168
2023-02-19T11:00,21.6,36,5.8,874.8,6.1,332,Pulchowk,27.6787,85.3168
2023-02-19T12:00,23.3,30,5.0,873.7,11.5,321,Pulchowk,27.6787,85.3168
2023-02-19T13:00,23.1,32,5.6,872.5,14.8,321,Pulchowk,27.6787,85.3168
2023-02-19T14:00,22.4,34,5.8,871.6,13.0,318,Pulchowk,27.6787,85.3168
2023-02-19T15:00,22.0,35,5.9,871.3,9.2,312,Pulchowk,27.6787,85.3168
2023-02-19T16:00,21.6,34,5.3,870.9,5.3,298,Pulchowk,27.6787,85.3168
2023-02-19T17:00,18.9,56,9.8,870.5,5.8,263,Pulchowk,27.6787,85.3168
2023-02-19T18:00,17.4,56,8.6,870.8,3.4,238,Pulchowk,27.6787,85.3168
2023-02-19T19:00,15.9,66,9.4,870.9,3.1,216,Pulchowk,27.6787,85.3168
2023-02-19T20:00,14.5,74,9.9,870.9,2.2,189,Pulchowk,27.6787,85.3168
2023-02-19T21:00,13.6,80,10.2,870.9,0.4,180,Pulchowk,27.6787,85.3168
2023-02-19T22:00,13.2,81,10.0,870.5,0.7,180,Pulchowk,27.6787,85.3168
2023-02-19T23:00,12.7,83,9.8,870.0,1.8,180,Pulchowk,27.6787,85.3168
2023-02-20T00:00,12.2,84,9.7,869.4,2.2,171,Pulchowk,27.6787,85.3168
2023-02-20T01:00,12.2,84,9.5,868.9,2.9,173,Pulchowk,27.6787,85.3168
2023-02-20T02:00,11.8,84,9.3,868.1,3.2,180,Pulchowk,27.6787,85.3168
2023-02-20T03:00,11.6,84,9.0,867.6,4.0,175,Pulchowk,27.6787,85.3168
2023-02-20T04:00,11.4,84,8.8,867.4,4.0,175,Pulchowk,27.6787,85.3168
2023-02-20T05:00,10.4,87,8.4,867.7,3.3,174,Pulchowk,27.6787,85.3168
2023-02-20T06:00,10.9,84,8.3,868.4,4.5,166,Pulchowk,27.6787,85.3168
2023-02-20T07:00,12.3,79,8.7,869.8,6.2,170,Pulchowk,27.6787,85.3168
2023-02-20T08:00,16.3,60,8.5,872.3,2.8,140,Pulchowk,27.6787,85.3168
2023-02-20T09:00,18.4,53,8.6,873.4,1.6,27,Pulchowk,27.6787,85.3168
2023-02-20T10:00,20.7,43,7.7,873.6,3.3,311,Pulchowk,27.6787,85.3168
2023-02-20T11:00,22.1,38,7.0,873.2,7.7,307,Pulchowk,27.6787,85.3168
2023-02-20T12:00,22.1,39,7.5,872.2,9.9,314,Pulchowk,27.6787,85.3168
2023-02-20T13:00,22.0,40,7.8,871.2,10.3,324,Pulchowk,27.6787,85.3168
2023-02-20T14:00,21.9,39,7.4,870.6,7.5,305,Pulchowk,27.6787,85.3168
2023-02-20T15:00,21.2,41,7.4,870.2,5.4,278,Pulchowk,27.6787,85.3168
2023-02-20T16:00,20.3,45,7.9,869.9,6.6,257,Pulchowk,27.6787,85.3168
2023-02-20T17:00,18.3,57,9.6,870.2,5.8,240,Pulchowk,27.6787,85.3168
2023-02-20T18:00,17.2,64,10.3,870.7,2.3,219,Pulchowk,27.6787,85.3168
2023-02-20T19:00,15.8,76,11.5,870.6,2.6,214,Pulchowk,27.6787,85.3168
2023-02-20T20:00,14.7,80,11.3,870.4,2.6,196,Pulchowk,27.6787,85.3168
2023-02-20T21:00,14.1,81,11.0,870.5,0.7,180,Pulchowk,27.6787,85.3168
2023-02-20T22:00,13.6,84,11.0,870.4,1.4,180,Pulchowk,27.6787,85.3168
2023-02-20T23:00,12.4,90,10.8,869.9,2.5,180,Pulchowk,27.6787,85.3168
2023-02-21T00:00,11.2,94,10.2,869.0,2.9,180,Pulchowk,27.6787,85.3168
2023-02-21T01:00,9.7,100,9.7,868.1,4.0,180,Pulchowk,27.6787,85.3168
2023-02-21T02:00,9.7,100,9.7,867.5,5.0,180,Pulchowk,27.6787,85.3168
2023-02-21T03:00,9.4,100,9.4,867.1,4.3,175,Pulchowk,27.6787,85.3168
2023-02-21T04:00,8.8,100,8.7,866.7,4.0,175,Pulchowk,27.6787,85.3168
2023-02-21T05:00,8.6,100,8.6,867.3,4.0,175,Pulchowk,27.6787,85.3168
2023-02-21T06:00,8.2,100,8.2,867.7,5.1,176,Pulchowk,27.6787,85.3168
2023-02-21T07:00,10.4,94,9.4,869.3,5.8,173,Pulchowk,27.6787,85.3168
2023-02-21T08:00,16.0,69,10.4,872.6,2.2,180,Pulchowk,27.6787,85.3168
2023-02-21T09:00,18.3,60,10.4,873.7,2.6,326,Pulchowk,27.6787,85.3168
2023-02-21T10:00,20.0,53,10.0,874.1,6.3,329,Pulchowk,27.6787,85.3168
2023-02-21T11:00,21.1,48,9.5,873.5,9.2,312,Pulchowk,27.6787,85.3168
2023-02-21T12:00,21.9,44,9.2,872.5,11.2,312,Pulchowk,27.6787,85.3168
2023-02-21T13:00,22.4,41,8.6,871.9,11.8,310,Pulchowk,27.6787,85.3168
2023-02-21T14:00,22.3,39,7.6,871.0,11.0,311,Pulchowk,27.6787,85.3168
2023-02-21T15:00,21.7,41,7.9,870.5,10.9,314,Pulchowk,27.6787,85.3168
2023-02-21T16:00,20.6,45,8.1,870.3,9.7,318,Pulchowk,27.6787,85.3168
2023-02-21T17:00,18.9,51,8.6,869.9,6.2,324,Pulchowk,27.6787,85.3168
2023-02-21T18:00,17.2,63,10.0,870.1,5.1,321,Pulchowk,27.6787,85.3168
2023-02-21T19:00,17.4,59,9.3,870.7,5.1,278,Pulchowk,27.6787,85.3168
2023-02-21T20:00,16.8,62,9.5,870.8,2.6,214,Pulchowk,27.6787,85.3168
2023-02-21T21:00,14.9,74,10.2,870.4,2.6,214,Pulchowk,27.6787,85.3168
2023-02-21T22:00,13.4,80,10.1,869.7,2.9,187,Pulchowk,27.6787,85.3168
2023-02-21T23:00,13.1,81,9.9,869.6,2.9,180,Pulchowk,27.6787,85.3168
2023-02-22T00:00,12.9,81,9.8,869.1,2.9,173,Pulchowk,27.6787,85.3168
2023-02-22T01:00,12.4,83,9.6,868.6,2.9,173,Pulchowk,27.6787,85.3168
2023-02-22T02:00,11.8,86,9.5,867.7,3.3,174,Pulchowk,27.6787,85.3168
2023-02-22T03:00,11.3,88,9.3,867.1,3.7,169,Pulchowk,27.6787,85.3168
2023-02-22T04:00,10.6,90,8.9,866.4,4.0,170,Pulchowk,27.6787,85.3168
2023-02-22T05:00,10.5,92,9.2,866.3,4.9,163,Pulchowk,27.6787,85.3168
2023-02-22T06:00,10.5,91,9.1,866.8,5.6,165,Pulchowk,27.6787,85.3168
2023-02-22T07:00,12.5,83,9.8,868.1,6.9,171,Pulchowk,27.6787,85.3168
2023-02-22T08:00,17.4,62,9.9,870.9,2.5,180,Pulchowk,27.6787,85.3168
2023-02-22T09:00,19.4,50,8.7,871.6,3.3,319,Pulchowk,27.6787,85.3168
2023-02-22T10:00,20.6,40,6.7,871.8,8.2,299,Pulchowk,27.6787,85.3168
2023-02-22T11:00,20.5,42,7.0,871.4,7.9,286,Pulchowk,27.6787,85.3168
2023-02-22T12:00,20.6,38,5.9,870.5,6.8,288,Pulchowk,27.6787,85.3168
2023-02-22T13:00,20.1,42,6.9,869.8,6.6,299,Pulchowk,27.6787,85.3168
2023-02-22T14:00,20.0,43,6.9,869.0,6.4,308,Pulchowk,27.6787,85.3168
2023-02-22T15:00,19.6,44,6.9,868.5,6.9,309,Pulchowk,27.6787,85.3168
2023-02-22T16:00,18.8,48,7.4,868.5,7.9,294,Pulchowk,27.6787,85.3168
2023-02-22T17:00,16.5,70,11.0,868.0,7.8,304,Pulchowk,27.6787,85.3168
2023-02-22T18:00,15.6,70,10.2,868.2,6.4,286,Pulchowk,27.6787,85.3168
2023-02-22T19:00,14.5,73,9.8,868.2,6.0,245,Pulchowk,27.6787,85.3168
2023-02-22T20:00,13.6,77,9.6,868.1,5.1,219,Pulchowk,27.6787,85.3168
2023-02-22T21:00,14.7,70,9.2,868.9,3.4,212,Pulchowk,27.6787,85.3168
2023-02-22T22:00,13.4,76,9.3,868.1,3.1,201,Pulchowk,27.6787,85.3168
2023-02-22T23:00,12.5,79,9.0,867.7,1.8,191,Pulchowk,27.6787,85.3168
2023-02-23T00:00,12.1,80,8.8,867.1,1.1,180,Pulchowk,27.6787,85.3168
2023-02-23T01:00,11.8,81,8.6,866.6,2.2,171,Pulchowk,27.6787,85.3168
2023-02-23T02:00,11.5,81,8.3,865.9,2.9,173,Pulchowk,27.6787,85.3168
2023-02-23T03:00,11.4,81,8.2,865.4,3.0,166,Pulchowk,27.6787,85.3168
2023-02-23T04:00,11.3,81,8.2,865.3,3.7,169,Pulchowk,27.6787,85.3168
2023-02-23T05:00,10.7,88,8.8,865.5,4.3,175,Pulchowk,27.6787,85.3168
2023-02-23T06:00,10.5,90,8.9,865.7,4.7,171,Pulchowk,27.6787,85.3168
2023-02-23T07:00,11.8,89,10.1,866.9,6.6,171,Pulchowk,27.6787,85.3168
2023-02-23T08:00,16.9,65,10.3,869.7,4.0,153,Pulchowk,27.6787,85.3168
2023-02-23T09:00,19.5,50,8.7,870.8,2.2,99,Pulchowk,27.6787,85.3168
2023-02-23T10:00,21.5,39,6.9,871.2,1.4,360,Pulchowk,27.6787,85.3168
2023-02-23T11:00,23.0,29,4.1,871.0,6.3,294,Pulchowk,27.6787,85.3168
2023-02-23T12:00,23.6,27,3.5,870.3,10.7,284,Pulchowk,27.6787,85.3168
2023-02-23T13:00,23.7,23,1.1,869.7,10.8,285,Pulchowk,27.6787,85.3168
2023-02-23T14:00,23.2,23,0.6,869.3,9.1,288,Pulchowk,27.6787,85.3168
2023-02-23T15:00,22.2,27,2.2,869.1,8.8,282,Pulchowk,27.6787,85.3168
2023-02-23T16:00,21.1,31,3.4,869.1,6.1,270,Pulchowk,27.6787,85.3168
2023-02-23T17:00,18.7,49,7.7,869.3,4.8,257,Pulchowk,27.6787,85.3168
2023-02-23T18:00,16.0,63,8.9,868.9,4.7,212,Pulchowk,27.6787,85.3168
2023-02-23T19:00,16.7,60,9.0,869.8,2.4,207,Pulchowk,27.6787,85.3168
2023-02-23T20:00,14.6,72,9.7,869.8,4.1,218,Pulchowk,27.6787,85.3168
2023-02-23T21:00,15.0,66,8.7,870.5,3.6,233,Pulchowk,27.6787,85.3168
2023-02-23T22:00,14.7,66,8.3,870.4,2.3,219,Pulchowk,27.6787,85.3168
2023-02-23T23:00,12.6,78,8.9,869.5,2.2,171,Pulchowk,27.6787,85.3168
2023-02-24T00:00,11.2,85,8.8,868.6,3.3,174,Pulchowk,27.6787,85.3168
2023-02-24T01:00,10.9,87,8.8,868.1,2.9,173,Pulchowk,27.6787,85.3168
2023-02-24T02:00,10.5,89,8.8,867.4,2.5,172,Pulchowk,27.6787,85.3168
2023-02-24T03:00,10.1,92,8.8,866.8,2.6,164,Pulchowk,27.6787,85.3168
2023-02-24T04:00,9.6,94,8.7,866.5,3.3,167,Pulchowk,27.6787,85.3168
2023-02-24T05:00,9.2,97,8.7,866.9,5.2,168,Pulchowk,27.6787,85.3168
2023-02-24T06:00,8.9,97,8.4,867.5,5.5,169,Pulchowk,27.6787,85.3168
2023-02-24T07:00,11.1,93,10.0,869.4,7.0,168,Pulchowk,27.6787,85.3168
2023-02-24T08:00,16.0,72,10.9,872.3,3.4,148,Pulchowk,27.6787,85.3168
2023-02-24T09:00,18.4,53,8.7,873.5,1.3,34,Pulchowk,27.6787,85.3168
2023-02-24T10:00,19.9,45,7.5,874.0,4.6,321,Pulchowk,27.6787,85.3168
2023-02-24T11:00,21.2,36,5.5,873.8,7.4,309,Pulchowk,27.6787,85.3168
2023-02-24T12:00,22.1,29,3.4,873.0,9.2,309,Pulchowk,27.6787,85.3168
2023-02-24T13:00,22.4,27,2.6,872.2,9.2,312,Pulchowk,27.6787,85.3168
2023-02-24T14:00,22.2,29,3.1,871.7,8.7,308,Pulchowk,27.6787,85.3168
2023-02-24T15:00,21.5,33,4.7,871.3,8.3,304,Pulchowk,27.6787,85.3168
2023-02-24T16:00,20.2,41,6.3,871.2,7.0,305,Pulchowk,27.6787,85.3168
2023-02-24T17:00,17.4,69,11.6,870.8,5.2,236,Pulchowk,27.6787,85.3168
2023-02-24T18:00,16.3,67,10.2,871.8,2.9,210,Pulchowk,27.6787,85.3168
2023-02-24T19:00,14.8,79,11.2,871.6,4.1,195,Pulchowk,27.6787,85.3168
2023-02-24T20:00,13.9,82,11.0,871.9,3.9,214,Pulchowk,27.6787,85.3168
2023-02-24T21:00,13.1,85,10.7,872.1,2.2,180,Pulchowk,27.6787,85.3168
2023-02-24T22:00,12.7,86,10.5,872.2,2.2,180,Pulchowk,27.6787,85.3168
2023-02-24T23:00,11.3,94,10.3,871.8,3.2,180,Pulchowk,27.6787,85.3168
2023-02-25T00:00,10.1,97,9.6,870.9,4.0,180,Pulchowk,27.6787,85.3168
2023-02-25T01:00,9.0,99,8.8,870.2,5.4,180,Pulchowk,27.6787,85.3168
2023-02-25T02:00,8.1,100,8.1,869.6,5.8,180,Pulchowk,27.6787,85.3168
2023-02-25T03:00,7.6,100,7.5,869.0,6.1,177,Pulchowk,27.6787,85.3168
2023-02-25T04:00,7.3,100,7.3,869.0,6.9,174,Pulchowk,27.6787,85.3168
2023-02-25T05:00,8.9,98,8.6,870.5,6.6,171,Pulchowk,27.6787,85.3168
2023-02-25T06:00,9.0,97,8.6,871.1,6.5,174,Pulchowk,27.6787,85.3168
2023-02-25T07:00,11.4,88,9.6,873.3,6.3,167,Pulchowk,27.6787,85.3168
2023-02-25T08:00,15.3,70,9.8,875.6,3.0,166,Pulchowk,27.6787,85.3168
2023-02-25T09:00,17.2,60,9.4,876.5,0.8,207,Pulchowk,27.6787,85.3168
2023-02-25T10:00,18.7,50,8.0,876.8,2.5,315,Pulchowk,27.6787,85.3168
2023-02-25T11:00,19.3,48,7.9,876.5,4.9,306,Pulchowk,27.6787,85.3168
2023-02-25T12:00,19.5,46,7.7,875.7,6.6,292,Pulchowk,27.6787,85.3168
2023-02-25T13:00,18.9,51,8.7,874.7,5.4,278,Pulchowk,27.6787,85.3168
2023-02-25T14:00,18.4,57,9.8,874.0,4.5,256,Pulchowk,27.6787,85.3168
2023-02-25T15:00,16.7,65,10.2,873.6,6.1,267,Pulchowk,27.6787,85.3168
2023-02-25T16:00,16.3,66,9.8,873.8,4.3,312,Pulchowk,27.6787,85.3168
2023-02-25T17:00,14.3,77,10.4,873.7,2.8,220,Pulchowk,27.6787,85.3168
2023-02-25T18:00,13.8,80,10.4,874.3,3.0,256,Pulchowk,27.6787,85.3168
2023-02-25T19:00,13.4,83,10.6,874.4,1.8,127,Pulchowk,27.6787,85.3168
2023-02-25T20:00,11.9,93,10.7,874.2,3.1,144,Pulchowk,27.6787,85.3168
2023-02-25T21:00,11.3,95,10.5,874.2,2.3,162,Pulchowk,27.6787,85.3168
2023-02-25T22:00,10.8,96,10.2,873.8,3.3,167,Pulchowk,27.6787,85.3168
2023-02-25T23:00,10.0,98,9.7,873.2,2.5,172,Pulchowk,27.6787,85.3168
2023-02-26T00:00,9.6,98,9.3,872.6,2.5,172,Pulchowk,27.6787,85.3168
2023-02-26T01:00,9.4,98,9.1,872.1,2.5,172,Pulchowk,27.6787,85.3168
2023-02-26T02:00,9.1,98,8.8,871.7,2.5,172,Pulchowk,27.6787,85.3168
2023-02-26T03:00,9.0,98,8.6,871.5,2.2,171,Pulchowk,27.6787,85.3168
2023-02-26T04:00,9.0,96,8.4,871.8,1.8,169,Pulchowk,27.6787,85.3168
2023-02-26T05:00,9.7,99,9.6,873.5,3.6,174,Pulchowk,27.6787,85.3168
2023-02-26T06:00,9.6,99,9.5,873.6,4.0,170,Pulchowk,27.6787,85.3168
2023-02-26T07:00,11.2,97,10.8,875.0,5.9,169,Pulchowk,27.6787,85.3168
2023-02-26T08:00,13.9,82,10.9,877.1,0.5,45,Pulchowk,27.6787,85.3168
2023-02-26T09:00,15.1,72,10.0,877.6,2.3,72,Pulchowk,27.6787,85.3168
2023-02-26T10:00,16.9,66,10.4,878.1,2.5,352,Pulchowk,27.6787,85.3168
2023-02-26T11:00,18.0,58,9.6,877.6,4.4,325,Pulchowk,27.6787,85.3168
2023-02-26T12:00,13.7,79,10.1,876.5,5.4,323,Pulchowk,27.6787,85.3168
2023-02-26T13:00,15.5,70,10.1,875.9,2.5,270,Pulchowk,27.6787,85.3168
2023-02-26T14:00,12.5,82,9.6,874.6,3.6,135,Pulchowk,27.6787,85.3168
2023-02-26T15:00,14.7,70,9.2,874.9,4.0,275,Pulchowk,27.6787,85.3168
2023-02-26T16:00,14.3,69,8.7,874.8,5.0,339,Pulchowk,27.6787,85.3168
2023-02-26T17:00,11.6,90,10.0,874.6,4.2,290,Pulchowk,27.6787,85.3168
2023-02-26T18:00,11.6,91,10.2,874.7,1.8,101,Pulchowk,27.6787,85.3168
2023-02-26T19:00,11.1,94,10.2,874.6,3.3,131,Pulchowk,27.6787,85.3168
2023-02-26T20:00,9.2,98,8.9,873.9,2.9,173,Pulchowk,27.6787,85.3168
2023-02-26T21:00,9.7,98,9.5,873.9,2.9,173,Pulchowk,27.6787,85.3168
2023-02-26T22:00,9.2,99,9.0,873.6,2.2,180,Pulchowk,27.6787,85.3168
2023-02-26T23:00,9.1,98,8.8,873.3,1.5,166,Pulchowk,27.6787,85.3168
2023-02-27T00:00,8.9,97,8.5,872.6,3.0,166,Pulchowk,27.6787,85.3168
2023-02-27T01:00,8.6,97,8.1,871.8,3.1,159,Pulchowk,27.6787,85.3168
2023-02-27T02:00,8.5,96,7.9,871.0,3.7,169,Pulchowk,27.6787,85.3168
2023-02-27T03:00,8.2,96,7.6,870.4,3.7,169,Pulchowk,27.6787,85.3168
2023-02-27T04:00,8.0,95,7.3,870.5,2.6,164,Pulchowk,27.6787,85.3168
2023-02-27T05:00,8.1,96,7.5,871.5,3.3,167,Pulchowk,27.6787,85.3168
2023-02-27T06:00,8.3,95,7.5,871.9,4.0,170,Pulchowk,27.6787,85.3168
2023-02-27T07:00,10.1,94,9.2,873.4,5.4,172,Pulchowk,27.6787,85.3168
2023-02-27T08:00,13.6,81,10.5,876.1,3.0,166,Pulchowk,27.6787,85.3168
2023-02-27T09:00,14.9,69,9.2,876.9,2.8,40,Pulchowk,27.6787,85.3168
2023-02-27T10:00,16.4,58,8.1,877.2,1.8,53,Pulchowk,27.6787,85.3168
2023-02-27T11:00,17.6,51,7.3,876.8,1.6,243,Pulchowk,27.6787,85.3168
2023-02-27T12:00,18.0,52,8.1,875.9,4.3,294,Pulchowk,27.6787,85.3168
2023-02-27T13:00,17.2,57,8.7,875.2,9.7,297,Pulchowk,27.6787,85.3168
2023-02-27T14:00,17.1,59,8.9,874.4,5.4,290,Pulchowk,27.6787,85.3168
2023-02-27T15:00,16.2,62,9.0,873.9,9.2,312,Pulchowk,27.6787,85.3168
2023-02-27T16:00,15.0,66,8.7,873.6,3.7,331,Pulchowk,27.6787,85.3168
2023-02-27T17:00,14.4,71,9.3,873.3,3.8,287,Pulchowk,27.6787,85.3168
2023-02-27T18:00,13.4,80,10.1,873.5,1.8,180,Pulchowk,27.6787,85.3168
2023-02-27T19:00,12.0,85,9.5,872.9,1.1,180,Pulchowk,27.6787,85.3168
2023-02-27T20:00,12.2,82,9.1,873.6,1.8,191,Pulchowk,27.6787,85.3168
2023-02-27T21:00,12.7,77,8.8,874.6,2.2,279,Pulchowk,27.6787,85.3168
2023-02-27T22:00,12.3,78,8.7,874.3,1.8,191,Pulchowk,27.6787,85.3168
2023-02-27T23:00,9.9,89,8.2,872.5,4.3,180,Pulchowk,27.6787,85.3168
2023-02-28T00:00,9.8,90,8.2,872.1,1.4,180,Pulchowk,27.6787,85.3168
2023-02-28T01:00,9.6,89,7.9,871.6,2.2,180,Pulchowk,27.6787,85.3168
2023-02-28T02:00,9.2,90,7.6,870.9,2.2,171,Pulchowk,27.6787,85.3168
2023-02-28T03:00,9.0,90,7.4,870.5,2.5,172,Pulchowk,27.6787,85.3168
2023-02-28T04:00,8.7,90,7.1,869.9,3.3,167,Pulchowk,27.6787,85.3168
2023-02-28T05:00,8.5,95,7.8,870.3,4.4,171,Pulchowk,27.6787,85.3168
2023-02-28T06:00,8.2,96,7.5,870.6,5.1,172,Pulchowk,27.6787,85.3168
2023-02-28T07:00,10.6,91,9.2,872.4,6.1,177,Pulchowk,27.6787,85.3168
2023-02-28T08:00,15.2,69,9.6,875.3,1.5,135,Pulchowk,27.6787,85.3168
2023-02-28T09:00,16.9,62,9.6,876.3,2.4,27,Pulchowk,27.6787,85.3168
2023-02-28T10:00,18.6,50,8.1,876.9,3.3,347,Pulchowk,27.6787,85.3168
2023-02-28T11:00,19.6,45,7.3,876.8,5.4,307,Pulchowk,27.6787,85.3168
2023-02-28T12:00,19.7,48,8.3,876.1,7.5,305,Pulchowk,27.6787,85.3168
2023-02-28T13:00,20.0,45,7.8,875.2,8.6,303,Pulchowk,27.6787,85.3168
2023-02-28T14:00,20.0,44,7.3,874.4,7.6,295,Pulchowk,27.6787,85.3168
2023-02-28T15:00,19.5,46,7.4,873.9,6.7,286,Pulchowk,27.6787,85.3168
2023-02-28T16:00,18.8,49,7.9,873.7,5.8,277,Pulchowk,27.6787,85.3168
2023-02-28T17:00,16.4,74,11.7,873.5,4.8,243,Pulchowk,27.6787,85.3168
2023-02-28T18:00,15.0,77,10.9,873.6,3.3,193,Pulchowk,27.6787,85.3168
2023-02-28T19:00,14.2,79,10.7,874.0,2.5,172,Pulchowk,27.6787,85.3168
2023-02-28T20:00,13.4,85,10.9,874.3,2.5,172,Pulchowk,27.6787,85.3168
2023-02-28T21:00,12.7,88,10.7,874.4,1.1,180,Pulchowk,27.6787,85.3168
2023-02-28T22:00,12.1,88,10.1,874.3,1.1,180,Pulchowk,27.6787,85.3168
2023-02-28T23:00,11.8,87,9.7,874.1,2.9,173,Pulchowk,27.6787,85.3168
2023-03-01T00:00,11.7,86,9.5,873.7,3.3,174,Pulchowk,27.6787,85.3168
2023-03-01T01:00,11.8,84,9.3,873.1,3.6,174,Pulchowk,27.6787,85.3168
2023-03-01T02:00,11.4,85,8.9,872.1,3.7,169,Pulchowk,27.6787,85.3168
2023-03-01T03:00,10.9,85,8.4,871.6,3.3,167,Pulchowk,27.6787,85.3168
2023-03-01T04:00,10.4,85,7.9,871.6,3.6,174,Pulchowk,27.6787,85.3168
2023-03-01T05:00,9.4,93,8.4,872.2,5.1,172,Pulchowk,27.6787,85.3168
2023-03-01T06:00,9.5,93,8.5,873.0,4.7,171,Pulchowk,27.6787,85.3168
2023-03-01T07:00,11.9,88,9.9,874.7,5.4,172,Pulchowk,27.6787,85.3168
2023-03-01T08:00,16.3,68,10.5,877.3,1.0,135,Pulchowk,27.6787,85.3168
2023-03-01T09:00,18.1,59,10.0,878.1,2.6,344,Pulchowk,27.6787,85.3168
2023-03-01T10:00,19.5,54,9.9,878.4,4.5,331,Pulchowk,27.6787,85.3168
2023-03-01T11:00,20.6,47,9.0,878.2,7.7,323,Pulchowk,27.6787,85.3168
2023-03-01T12:00,21.0,45,8.5,877.2,8.2,311,Pulchowk,27.6787,85.3168
2023-03-01T13:00,21.0,43,8.0,876.2,7.9,300,Pulchowk,27.6787,85.3168
2023-03-01T14:00,20.4,42,7.2,875.1,8.7,300,Pulchowk,27.6787,85.3168
2023-03-01T15:00,20.2,41,6.5,874.6,8.4,301,Pulchowk,27.6787,85.3168
2023-03-01T16:00,19.0,46,7.1,874.5,8.7,315,Pulchowk,27.6787,85.3168
2023-03-01T17:00,17.0,67,10.9,873.9,5.6,333,Pulchowk,27.6787,85.3168
2023-03-01T18:00,17.4,50,6.8,874.6,5.6,297,Pulchowk,27.6787,85.3168
2023-03-01T19:00,15.1,67,9.1,874.1,5.5,238,Pulchowk,27.6787,85.3168
2023-03-01T20:00,14.2,70,8.9,874.5,1.4,180,Pulchowk,27.6787,85.3168
2023-03-01T21:00,13.0,75,8.6,874.4,0.7,180,Pulchowk,27.6787,85.3168
2023-03-01T22:00,12.5,76,8.3,874.3,1.4,180,Pulchowk,27.6787,85.3168
2023-03-01T23:00,12.1,76,8.0,874.0,2.2,180,Pulchowk,27.6787,85.3168
2023-03-02T00:00,11.7,77,7.9,873.3,2.9,173,Pulchowk,27.6787,85.3168
2023-03-02T01:00,11.1,80,7.8,872.4,3.3,174,Pulchowk,27.6787,85.3168
2023-03-02T02:00,10.8,81,7.7,871.7,4.0,170,Pulchowk,27.6787,85.3168
2023-03-02T03:00,10.3,83,7.6,871.0,4.4,171,Pulchowk,27.6787,85.3168
2023-03-02T04:00,9.8,85,7.4,870.7,4.7,171,Pulchowk,27.6787,85.3168
2023-03-02T05:00,10.2,86,7.9,872.1,3.7,169,Pulchowk,27.6787,85.3168
2023-03-02T06:00,10.4,85,8.0,872.7,4.8,167,Pulchowk,27.6787,85.3168
2023-03-02T07:00,12.5,81,9.3,874.5,6.6,167,Pulchowk,27.6787,85.3168
2023-03-02T08:00,16.6,65,9.9,876.9,1.8,127,Pulchowk,27.6787,85.3168
2023-03-02T09:00,18.4,58,10.0,877.7,2.4,27,Pulchowk,27.6787,85.3168
2023-03-02T10:00,20.0,50,9.4,877.7,3.6,323,Pulchowk,27.6787,85.3168
2023-03-02T11:00,21.2,43,8.3,877.2,7.6,301,Pulchowk,27.6787,85.3168
2023-03-02T12:00,21.5,42,8.1,876.4,9.0,293,Pulchowk,27.6787,85.3168
2023-03-02T13:00,21.1,43,8.1,875.4,7.3,279,Pulchowk,27.6787,85.3168
2023-03-02T14:00,19.5,49,8.4,874.8,7.2,270,Pulchowk,27.6787,85.3168
2023-03-02T15:00,19.0,51,8.5,874.3,2.2,9,Pulchowk,27.6787,85.3168
2023-03-02T16:00,18.2,52,8.2,874.0,2.4,333,Pulchowk,27.6787,85.3168
2023-03-02T17:00,16.5,76,12.2,873.5,3.4,18,Pulchowk,27.6787,85.3168
2023-03-02T18:00,15.2,75,10.7,873.2,1.1,162,Pulchowk,27.6787,85.3168
2023-03-02T19:00,14.2,74,9.7,873.3,2.9,173,Pulchowk,27.6787,85.3168
2023-03-02T20:00,12.9,80,9.5,873.3,3.6,174,Pulchowk,27.6787,85.3168
2023-03-02T21:00,11.9,86,9.6,873.4,3.6,174,Pulchowk,27.6787,85.3168
2023-03-02T22:00,11.7,86,9.5,873.7,1.8,169,Pulchowk,27.6787,85.3168
2023-03-02T23:00,12.0,84,9.4,873.7,2.5,172,Pulchowk,27.6787,85.3168
2023-03-03T00:00,11.9,84,9.3,873.2,4.0,170,Pulchowk,27.6787,85.3168
2023-03-03T01:00,11.6,85,9.2,872.6,4.4,171,Pulchowk,27.6787,85.3168
2023-03-03T02:00,11.0,87,8.9,872.1,4.8,167,Pulchowk,27.6787,85.3168
2023-03-03T03:00,10.4,89,8.7,871.4,5.9,169,Pulchowk,27.6787,85.3168
2023-03-03T04:00,10.0,90,8.4,871.2,6.3,167,Pulchowk,27.6787,85.3168
2023-03-03T05:00,9.8,93,8.7,871.8,6.4,164,Pulchowk,27.6787,85.3168
2023-03-03T06:00,9.9,92,8.7,872.6,6.5,161,Pulchowk,27.6787,85.3168
2023-03-03T07:00,12.7,84,10.0,874.3,7.8,167,Pulchowk,27.6787,85.3168
2023-03-03T08:00,16.9,66,10.6,876.7,4.4,145,Pulchowk,27.6787,85.3168
2023-03-03T09:00,18.9,57,10.3,877.5,1.3,56,Pulchowk,27.6787,85.3168
2023-03-03T10:00,20.4,50,9.6,877.9,3.6,323,Pulchowk,27.6787,85.3168
2023-03-03T11:00,21.2,46,9.1,877.1,6.8,328,Pulchowk,27.6787,85.3168
2023-03-03T12:00,21.6,45,9.2,876.0,7.9,317,Pulchowk,27.6787,85.3168
2023-03-03T13:00,21.9,45,9.5,875.2,7.7,298,Pulchowk,27.6787,85.3168
2023-03-03T14:00,21.9,43,8.9,874.3,6.8,295,Pulchowk,27.6787,85.3168
2023-03-03T15:00,22.0,41,8.1,873.9,6.5,304,Pulchowk,27.6787,85.3168
2023-03-03T16:00,21.2,44,8.5,873.7,7.1,300,Pulchowk,27.6787,85.3168
2023-03-03T17:00,18.6,70,12.9,873.5,5.8,292,Pulchowk,27.6787,85.3168
2023-03-03T18:00,17.3,67,11.1,873.6,3.3,229,Pulchowk,27.6787,85.3168
2023-03-03T19:00,15.5,79,11.9,873.8,2.9,187,Pulchowk,27.6787,85.3168
2023-03-03T20:00,14.5,83,11.7,874.3,1.4,180,Pulchowk,27.6787,85.3168
2023-03-03T21:00,14.1,85,11.7,874.7,1.8,180,Pulchowk,27.6787,85.3168
2023-03-03T22:00,13.1,90,11.6,874.3,1.8,180,Pulchowk,27.6787,85.3168
2023-03-03T23:00,11.7,97,11.3,873.6,2.5,172,Pulchowk,27.6787,85.3168
2023-03-04T00:00,10.6,100,10.6,872.8,4.7,176,Pulchowk,27.6787,85.3168
2023-03-04T01:00,10.1,100,10.1,872.2,6.2,173,Pulchowk,27.6787,85.3168
2023-03-04T02:00,9.7,100,9.7,871.6,6.5,174,Pulchowk,27.6787,85.3168
2023-03-04T03:00,9.7,100,9.6,871.5,6.1,177,Pulchowk,27.6787,85.3168
2023-03-04T04:00,9.5,100,9.5,871.7,5.8,176,Pulchowk,27.6787,85.3168
2023-03-04T05:00,10.2,99,10.1,873.4,5.2,192,Pulchowk,27.6787,85.3168
2023-03-04T06:00,10.8,100,10.8,874.1,4.0,180,Pulchowk,27.6787,85.3168
2023-03-04T07:00,12.6,98,12.3,875.7,2.2,171,Pulchowk,27.6787,85.3168
2023-03-04T08:00,16.5,76,12.2,877.9,2.3,108,Pulchowk,27.6787,85.3168
2023-03-04T09:00,18.6,67,12.4,878.5,1.8,53,Pulchowk,27.6787,85.3168
2023-03-04T10:00,20.3,56,11.3,878.5,3.1,324,Pulchowk,27.6787,85.3168
2023-03-04T11:00,21.4,51,10.8,878.1,6.7,306,Pulchowk,27.6787,85.3168
2023-03-04T12:00,21.5,50,10.7,877.1,7.5,287,Pulchowk,27.6787,85.3168
2023-03-04T13:00,21.2,52,10.9,876.0,7.0,291,Pulchowk,27.6787,85.3168
2023-03-04T14:00,21.0,51,10.6,875.0,6.6,279,Pulchowk,27.6787,85.3168
2023-03-04T15:00,20.1,54,10.5,874.4,7.1,285,Pulchowk,27.6787,85.3168
2023-03-04T16:00,19.0,60,11.1,874.5,6.2,277,Pulchowk,27.6787,85.3168
2023-03-04T17:00,17.1,71,11.7,874.2,4.2,239,Pulchowk,27.6787,85.3168
2023-03-04T18:00,15.2,83,12.3,873.6,3.0,194,Pulchowk,27.6787,85.3168
2023-03-04T19:00,14.0,89,12.2,873.8,1.8,191,Pulchowk,27.6787,85.3168
2023-03-04T20:00,13.2,92,11.9,874.0,1.5,166,Pulchowk,27.6787,85.3168
2023-03-04T21:00,12.6,93,11.6,873.9,2.5,172,Pulchowk,27.6787,85.3168
2023-03-04T22:00,11.9,95,11.1,873.6,4.0,175,Pulchowk,27.6787,85.3168
2023-03-04T23:00,11.4,96,10.8,873.3,4.3,175,Pulchowk,27.6787,85.3168
2023-03-05T00:00,11.3,96,10.6,872.7,3.6,174,Pulchowk,27.6787,85.3168
2023-03-05T01:00,11.1,96,10.5,872.2,4.3,175,Pulchowk,27.6787,85.3168
2023-03-05T02:00,11.0,95,10.2,871.6,3.3,167,Pulchowk,27.6787,85.3168
2023-03-05T03:00,10.9,95,10.1,871.5,3.6,174,Pulchowk,27.6787,85.3168
2023-03-05T04:00,10.7,94,9.9,871.3,4.0,170,Pulchowk,27.6787,85.3168
2023-03-05T05:00,11.0,95,10.3,872.3,5.6,165,Pulchowk,27.6787,85.3168
2023-03-05T06:00,11.1,95,10.4,872.8,5.2,168,Pulchowk,27.6787,85.3168
2023-03-05T07:00,13.4,92,12.2,874.7,5.9,169,Pulchowk,27.6787,85.3168
2023-03-05T08:00,18.0,71,12.7,877.0,3.4,148,Pulchowk,27.6787,85.3168
2023-03-05T09:00,20.0,60,12.0,877.6,0.5,315,Pulchowk,27.6787,85.3168
2023-03-05T10:00,21.7,48,10.3,877.8,5.3,298,Pulchowk,27.6787,85.3168
2023-03-05T11:00,22.2,45,9.8,877.2,8.6,303,Pulchowk,27.6787,85.3168
2023-03-05T12:00,22.3,45,9.7,876.1,10.0,291,Pulchowk,27.6787,85.3168
2023-03-05T13:00,21.9,46,9.8,875.2,9.7,285,Pulchowk,27.6787,85.3168
2023-03-05T14:00,21.2,45,8.7,874.0,7.6,267,Pulchowk,27.6787,85.3168
2023-03-05T15:00,20.4,48,8.9,873.4,8.1,302,Pulchowk,27.6787,85.3168
2023-03-05T16:00,19.8,52,9.7,873.1,5.6,315,Pulchowk,27.6787,85.3168
2023-03-05T17:00,19.5,51,9.2,873.4,3.7,281,Pulchowk,27.6787,85.3168
2023-03-05T18:00,18.6,52,8.5,873.0,1.8,180,Pulchowk,27.6787,85.3168
2023-03-05T19:00,16.1,69,10.5,872.5,2.9,210,Pulchowk,27.6787,85.3168
2023-03-05T20:00,15.5,70,10.1,872.8,3.4,212,Pulchowk,27.6787,85.3168
2023-03-05T21:00,14.6,76,10.3,872.8,2.9,210,Pulchowk,27.6787,85.3168
2023-03-05T22:00,14.1,79,10.5,872.7,2.2,189,Pulchowk,27.6787,85.3168
2023-03-05T23:00,13.7,82,10.7,872.6,2.2,180,Pulchowk,27.6787,85.3168
2023-03-06T00:00,13.3,84,10.6,871.9,2.5,180,Pulchowk,27.6787,85.3168
2023-03-06T01:00,13.1,84,10.5,871.3,2.5,172,Pulchowk,27.6787,85.3168
2023-03-06T02:00,13.1,83,10.3,870.6,3.3,167,Pulchowk,27.6787,85.3168
2023-03-06T03:00,12.9,84,10.2,870.3,4.1,165,Pulchowk,27.6787,85.3168
2023-03-06T04:00,12.4,85,10.0,870.0,4.8,167,Pulchowk,27.6787,85.3168
2023-03-06T05:00,12.2,86,9.9,870.2,4.9,163,Pulchowk,27.6787,85.3168
2023-03-06T06:00,13.0,84,10.3,871.0,4.6,162,Pulchowk,27.6787,85.3168
2023-03-06T07:00,14.6,83,11.8,872.3,6.7,164,Pulchowk,27.6787,85.3168
2023-03-06T08:00,18.4,65,11.7,874.2,3.1,144,Pulchowk,27.6787,85.3168
2023-03-06T09:00,20.5,52,10.3,875.1,1.6,27,Pulchowk,27.6787,85.3168
2023-03-06T10:00,22.1,38,7.2,875.3,4.4,325,Pulchowk,27.6787,85.3168
2023-03-06T11:00,23.1,34,6.2,874.9,7.4,317,Pulchowk,27.6787,85.3168
2023-03-06T12:00,23.7,31,5.4,873.7,8.9,313,Pulchowk,27.6787,85.3168
2023-03-06T13:00,23.6,29,4.7,872.7,9.0,299,Pulchowk,27.6787,85.3168
2023-03-06T14:00,23.4,29,4.1,871.8,10.2,288,Pulchowk,27.6787,85.3168
2023-03-06T15:00,22.4,31,4.5,871.4,9.3,283,Pulchowk,27.6787,85.3168
2023-03-06T16:00,21.3,35,5.1,871.3,7.0,282,Pulchowk,27.6787,85.3168
2023-03-06T17:00,18.5,63,11.3,870.8,6.8,270,Pulchowk,27.6787,85.3168
2023-03-06T18:00,16.7,64,10.0,870.6,5.4,228,Pulchowk,27.6787,85.3168
2023-03-06T19:00,15.3,68,9.5,870.5,3.9,202,Pulchowk,27.6787,85.3168
2023-03-06T20:00,15.2,64,8.3,871.4,1.8,191,Pulchowk,27.6787,85.3168
2023-03-06T21:00,13.7,72,8.8,871.2,1.8,191,Pulchowk,27.6787,85.3168
2023-03-06T22:00,13.5,71,8.4,871.2,2.5,180,Pulchowk,27.6787,85.3168
2023-03-06T23:00,12.8,75,8.4,871.2,3.3,174,Pulchowk,27.6787,85.3168
2023-03-07T00:00,12.1,77,8.2,870.8,3.3,174,Pulchowk,27.6787,85.3168
2023-03-07T01:00,11.8,76,7.8,870.6,3.3,174,Pulchowk,27.6787,85.3168
2023-03-07T02:00,11.6,75,7.4,869.9,3.7,169,Pulchowk,27.6787,85.3168
2023-03-07T03:00,11.3,74,6.9,869.3,4.0,175,Pulchowk,27.6787,85.3168
2023-03-07T04:00,11.0,74,6.5,869.3,3.7,169,Pulchowk,27.6787,85.3168
2023-03-07T05:00,11.0,77,7.2,869.9,4.1,165,Pulchowk,27.6787,85.3168
2023-03-07T06:00,11.3,76,7.1,870.5,5.2,164,Pulchowk,27.6787,85.3168
2023-03-07T07:00,13.7,72,8.7,872.3,6.6,167,Pulchowk,27.6787,85.3168
2023-03-07T08:00,17.7,55,8.6,874.7,1.6,117,Pulchowk,27.6787,85.3168
2023-03-07T09:00,19.6,48,8.3,875.7,3.3,13,Pulchowk,27.6787,85.3168
2023-03-07T10:00,20.9,43,8.0,876.0,5.2,344,Pulchowk,27.6787,85.3168
2023-03-07T11:00,22.0,39,7.6,875.6,6.9,332,Pulchowk,27.6787,85.3168
2023-03-07T12:00,22.8,37,7.3,874.6,7.1,330,Pulchowk,27.6787,85.3168
2023-03-07T13:00,23.2,35,6.7,873.8,6.2,306,Pulchowk,27.6787,85.3168
2023-03-07T14:00,23.2,33,6.2,872.9,5.8,292,Pulchowk,27.6787,85.3168
2023-03-07T15:00,22.5,34,6.0,872.4,6.1,273,Pulchowk,27.6787,85.3168
2023-03-07T16:00,21.6,38,6.6,872.4,6.2,280,Pulchowk,27.6787,85.3168
2023-03-07T17:00,19.9,44,7.2,872.4,4.7,270,Pulchowk,27.6787,85.3168
2023-03-07T18:00,16.9,67,10.7,872.3,5.2,236,Pulchowk,27.6787,85.3168
2023-03-07T19:00,16.2,65,9.7,873.0,3.9,236,Pulchowk,27.6787,85.3168
2023-03-07T20:00,15.6,64,8.7,873.6,2.4,207,Pulchowk,27.6787,85.3168
2023-03-07T21:00,13.5,79,10.0,873.5,1.8,180,Pulchowk,27.6787,85.3168
2023-03-07T22:00,13.3,75,9.0,873.5,2.5,172,Pulchowk,27.6787,85.3168
2023-03-07T23:00,12.6,76,8.5,872.9,4.0,170,Pulchowk,27.6787,85.3168
2023-03-08T00:00,11.6,79,8.1,872.1,4.7,176,Pulchowk,27.6787,85.3168
2023-03-08T01:00,11.5,78,7.8,871.8,3.3,174,Pulchowk,27.6787,85.3168
2023-03-08T02:00,12.2,73,7.5,871.8,2.2,180,Pulchowk,27.6787,85.3168
2023-03-08T03:00,12.5,70,7.1,871.4,3.2,180,Pulchowk,27.6787,85.3168
2023-03-08T04:00,12.8,68,6.9,871.4,3.6,180,Pulchowk,27.6787,85.3168
2023-03-08T05:00,12.7,72,7.7,872.4,4.7,180,Pulchowk,27.6787,85.3168
2023-03-08T06:00,12.9,73,8.2,873.1,3.3,174,Pulchowk,27.6787,85.3168
2023-03-08T07:00,13.5,74,9.0,874.3,6.2,190,Pulchowk,27.6787,85.3168
2023-03-08T08:00,14.8,58,6.7,876.6,8.4,200,Pulchowk,27.6787,85.3168
2023-03-08T09:00,15.8,54,6.5,877.3,3.1,144,Pulchowk,27.6787,85.3168
2023-03-08T10:00,15.2,62,8.0,877.7,5.5,212,Pulchowk,27.6787,85.3168
2023-03-08T11:00,13.9,81,10.7,877.3,3.6,96,Pulchowk,27.6787,85.3168
2023-03-08T12:00,14.5,75,10.2,876.1,5.0,120,Pulchowk,27.6787,85.3168
2023-03-08T13:00,16.3,63,9.3,875.5,5.9,137,Pulchowk,27.6787,85.3168
2023-03-08T14:00,17.1,56,8.3,874.7,7.0,111,Pulchowk,27.6787,85.3168
2023-03-08T15:00,17.5,51,7.2,874.2,6.1,87,Pulchowk,27.6787,85.3168
2023-03-08T16:00,17.0,50,6.4,874.1,1.8,270,Pulchowk,27.6787,85.3168
2023-03-08T17:00,14.5,80,11.2,873.5,4.3,246,Pulchowk,27.6787,85.3168
2023-03-08T18:00,14.3,74,9.8,874.0,3.9,292,Pulchowk,27.6787,85.3168
2023-03-08T19:00,13.7,78,9.9,874.3,3.3,311,Pulchowk,27.6787,85.3168
2023-03-08T20:00,12.3,83,9.5,874.2,1.1,180,Pulchowk,27.6787,85.3168
2023-03-08T21:00,10.6,89,8.8,873.6,2.5,180,Pulchowk,27.6787,85.3168
2023-03-08T22:00,10.7,89,8.9,873.4,2.9,173,Pulchowk,27.6787,85.3168
2023-03-08T23:00,10.6,89,8.8,873.2,2.5,172,Pulchowk,27.6787,85.3168
2023-03-09T00:00,10.2,89,8.5,872.4,4.0,170,Pulchowk,27.6787,85.3168
2023-03-09T01:00,9.7,90,8.2,871.4,4.0,170,Pulchowk,27.6787,85.3168
2023-03-09T02:00,9.2,90,7.6,870.4,3.3,167,Pulchowk,27.6787,85.3168
2023-03-09T03:00,9.1,88,7.2,870.0,3.0,166,Pulchowk,27.6787,85.3168
2023-03-09T04:00,9.1,86,6.8,869.9,3.0,166,Pulchowk,27.6787,85.3168
2023-03-09T05:00,9.9,84,7.4,870.9,3.3,167,Pulchowk,27.6787,85.3168
2023-03-09T06:00,10.0,84,7.4,871.6,3.0,166,Pulchowk,27.6787,85.3168
2023-03-09T07:00,12.5,83,9.7,873.4,4.1,165,Pulchowk,27.6787,85.3168
2023-03-09T08:00,15.9,66,9.5,875.5,2.2,81,Pulchowk,27.6787,85.3168
2023-03-09T09:00,17.8,57,9.3,876.2,2.9,360,Pulchowk,27.6787,85.3168
2023-03-09T10:00,19.4,52,9.4,876.2,4.5,331,Pulchowk,27.6787,85.3168
2023-03-09T11:00,20.5,48,9.2,875.9,5.4,318,Pulchowk,27.6787,85.3168
2023-03-09T12:00,21.4,47,9.5,875.4,5.3,298,Pulchowk,27.6787,85.3168
2023-03-09T13:00,21.8,44,9.1,874.5,6.3,294,Pulchowk,27.6787,85.3168
2023-03-09T14:00,21.5,42,8.0,873.7,7.3,303,Pulchowk,27.6787,85.3168
2023-03-09T15:00,20.6,41,6.8,873.2,9.3,298,Pulchowk,27.6787,85.3168
2023-03-09T16:00,18.0,53,8.4,873.2,6.6,112,Pulchowk,27.6787,85.3168
2023-03-09T17:00,16.1,67,10.0,872.6,4.2,121,Pulchowk,27.6787,85.3168
2023-03-09T18:00,14.7,75,10.4,872.2,3.7,169,Pulchowk,27.6787,85.3168
2023-03-09T19:00,13.4,81,10.2,872.3,2.5,180,Pulchowk,27.6787,85.3168
2023-03-09T20:00,12.7,80,9.4,872.5,2.9,173,Pulchowk,27.6787,85.3168
2023-03-09T21:00,12.0,81,8.8,872.5,3.6,174,Pulchowk,27.6787,85.3168
2023-03-09T22:00,11.5,81,8.4,872.6,3.7,169,Pulchowk,27.6787,85.3168
2023-03-09T23:00,11.4,80,8.0,872.3,4.0,170,Pulchowk,27.6787,85.3168
2023-03-10T00:00,11.1,80,7.7,871.6,4.0,170,Pulchowk,27.6787,85.3168
2023-03-10T01:00,10.9,79,7.4,871.2,2.5,172,Pulchowk,27.6787,85.3168
2023-03-10T02:00,10.9,78,7.2,870.9,1.1,162,Pulchowk,27.6787,85.3168
2023-03-10T03:00,10.6,78,6.9,870.5,3.1,159,Pulchowk,27.6787,85.3168
2023-03-10T04:00,10.5,77,6.6,870.1,4.1,165,Pulchowk,27.6787,85.3168
2023-03-10T05:00,9.2,86,7.0,869.8,3.0,166,Pulchowk,27.6787,85.3168
2023-03-10T06:00,10.0,82,7.0,870.6,3.0,166,Pulchowk,27.6787,85.3168
2023-03-10T07:00,14.5,69,8.8,873.5,3.2,153,Pulchowk,27.6787,85.3168
2023-03-10T08:00,17.4,59,9.3,875.3,3.1,69,Pulchowk,27.6787,85.3168
2023-03-10T09:00,19.1,51,8.7,876.1,3.1,36,Pulchowk,27.6787,85.3168
2023-03-10T10:00,20.6,43,7.5,876.2,2.7,23,Pulchowk,27.6787,85.3168
2023-03-10T11:00,21.6,35,5.6,875.8,2.5,8,Pulchowk,27.6787,85.3168
2023-03-10T12:00,22.1,31,4.1,874.7,1.1,342,Pulchowk,27.6787,85.3168
2023-03-10T13:00,22.4,29,3.6,873.9,3.1,249,Pulchowk,27.6787,85.3168
2023-03-10T14:00,22.6,29,3.5,872.9,5.1,219,Pulchowk,27.6787,85.3168
2023-03-10T15:00,21.7,31,4.0,872.4,2.1,239,Pulchowk,27.6787,85.3168
2023-03-10T16:00,20.8,34,4.5,872.1,4.1,255,Pulchowk,27.6787,85.3168
2023-03-10T17:00,18.4,50,7.9,872.1,4.3,222,Pulchowk,27.6787,85.3168
2023-03-10T18:00,16.0,64,9.3,871.7,4.5,194,Pulchowk,27.6787,85.3168
2023-03-10T19:00,14.6,68,8.9,871.9,1.8,169,Pulchowk,27.6787,85.3168
2023-03-10T20:00,14.0,67,7.9,872.3,1.8,169,Pulchowk,27.6787,85.3168
2023-03-10T21:00,13.4,69,7.8,872.5,1.5,166,Pulchowk,27.6787,85.3168
2023-03-10T22:00,13.2,68,7.4,872.6,1.4,180,Pulchowk,27.6787,85.3168
2023-03-10T23:00,12.8,68,7.0,872.5,2.5,172,Pulchowk,27.6787,85.3168
2023-03-11T00:00,12.4,69,6.9,872.1,2.9,173,Pulchowk,27.6787,85.3168
2023-03-11T01:00,12.0,71,6.8,871.3,2.2,171,Pulchowk,27.6787,85.3168
2023-03-11T02:00,11.8,71,6.7,870.4,2.6,164,Pulchowk,27.6787,85.3168
2023-03-11T03:00,11.3,73,6.6,869.9,3.3,167,Pulchowk,27.6787,85.3168
2023-03-11T04:00,10.9,73,6.3,869.8,3.0,166,Pulchowk,27.6787,85.3168
2023-03-11T05:00,12.3,70,6.9,871.7,2.3,162,Pulchowk,27.6787,85.3168
2023-03-11T06:00,11.6,77,7.7,872.1,2.7,157,Pulchowk,27.6787,85.3168
2023-03-11T07:00,15.0,67,8.9,874.3,2.9,150,Pulchowk,27.6787,85.3168
2023-03-11T08:00,17.4,52,7.5,875.7,1.8,79,Pulchowk,27.6787,85.3168
2023-03-11T09:00,18.9,49,7.8,876.3,2.5,45,Pulchowk,27.6787,85.3168
2023-03-11T10:00,20.4,41,6.8,876.3,2.6,34,Pulchowk,27.6787,85.3168
2023-03-11T11:00,21.6,37,6.2,875.8,2.1,31,Pulchowk,27.6787,85.3168
2023-03-11T12:00,22.7,34,6.1,875.0,2.6,304,Pulchowk,27.6787,85.3168
2023-03-11T13:00,21.9,36,6.0,874.1,9.0,254,Pulchowk,27.6787,85.3168
2023-03-11T14:00,18.4,52,8.3,873.7,4.8,103,Pulchowk,27.6787,85.3168
2023-03-11T15:00,19.6,45,7.3,873.0,6.8,58,Pulchowk,27.6787,85.3168
2023-03-11T16:00,19.1,46,7.2,873.1,3.3,41,Pulchowk,27.6787,85.3168
2023-03-11T17:00,16.6,60,8.7,872.8,7.6,199,Pulchowk,27.6787,85.3168
2023-03-11T18:00,14.6,67,8.5,871.9,5.8,176,Pulchowk,27.6787,85.3168
2023-03-11T19:00,13.0,77,9.1,871.6,5.1,172,Pulchowk,27.6787,85.3168
2023-03-11T20:00,12.0,84,9.4,871.9,4.3,175,Pulchowk,27.6787,85.3168
2023-03-11T21:00,11.5,85,9.1,872.1,4.7,176,Pulchowk,27.6787,85.3168
2023-03-11T22:00,11.3,83,8.6,872.2,3.6,174,Pulchowk,27.6787,85.3168
2023-03-11T23:00,11.6,78,7.8,872.2,2.5,172,Pulchowk,27.6787,85.3168
2023-03-12T00:00,11.8,74,7.3,872.1,2.9,173,Pulchowk,27.6787,85.3168
2023-03-12T01:00,12.0,71,6.9,871.7,2.5,172,Pulchowk,27.6787,85.3168
2023-03-12T02:00,12.1,70,6.7,871.3,2.5,172,Pulchowk,27.6787,85.3168
2023-03-12T03:00,11.9,70,6.5,871.1,2.6,164,Pulchowk,27.6787,85.3168
2023-03-12T04:00,11.9,69,6.4,871.2,3.1,159,Pulchowk,27.6787,85.3168
2023-03-12T05:00,11.1,74,6.7,871.5,6.8,155,Pulchowk,27.6787,85.3168
2023-03-12T06:00,12.3,70,7.1,872.7,3.5,156,Pulchowk,27.6787,85.3168
2023-03-12T07:00,14.9,66,8.7,874.5,4.8,153,Pulchowk,27.6787,85.3168
2023-03-12T08:00,18.2,49,7.4,876.2,3.3,77,Pulchowk,27.6787,85.3168
2023-03-12T09:00,19.8,43,7.0,876.5,5.0,30,Pulchowk,27.6787,85.3168
2023-03-12T10:00,21.3,40,7.3,876.7,6.2,7,Pulchowk,27.6787,85.3168
2023-03-12T11:00,22.4,39,7.6,876.1,9.4,353,Pulchowk,27.6787,85.3168
2023-03-12T12:00,22.9,37,7.6,875.1,9.8,336,Pulchowk,27.6787,85.3168
2023-03-12T13:00,23.0,38,7.8,874.3,8.4,320,Pulchowk,27.6787,85.3168
2023-03-12T14:00,22.2,42,8.6,873.7,4.9,306,Pulchowk,27.6787,85.3168
2023-03-12T15:00,22.2,40,7.8,873.2,5.1,309,Pulchowk,27.6787,85.3168
2023-03-12T16:00,21.7,41,7.9,873.0,5.5,328,Pulchowk,27.6787,85.3168
2023-03-12T17:00,20.4,51,9.8,872.2,4.9,306,Pulchowk,27.6787,85.3168
2023-03-12T18:00,17.8,66,11.5,871.9,6.6,261,Pulchowk,27.6787,85.3168
2023-03-12T19:00,16.9,66,10.6,872.2,3.7,191,Pulchowk,27.6787,85.3168
2023-03-12T20:00,16.0,67,9.8,872.4,2.9,187,Pulchowk,27.6787,85.3168
2023-03-12T21:00,14.9,73,10.0,872.3,2.5,180,Pulchowk,27.6787,85.3168
2023-03-12T22:00,14.6,71,9.5,872.5,2.2,171,Pulchowk,27.6787,85.3168
2023-03-12T23:00,14.3,71,9.2,872.5,2.2,171,Pulchowk,27.6787,85.3168
2023-03-13T00:00,14.2,71,9.0,872.1,2.5,172,Pulchowk,27.6787,85.3168
2023-03-13T01:00,14.0,71,8.8,871.6,2.9,173,Pulchowk,27.6787,85.3168
2023-03-13T02:00,13.8,72,8.7,870.9,3.3,174,Pulchowk,27.6787,85.3168
2023-03-13T03:00,13.6,72,8.6,870.8,3.3,167,Pulchowk,27.6787,85.3168
2023-03-13T04:00,13.4,72,8.5,870.9,3.7,169,Pulchowk,27.6787,85.3168
2023-03-13T05:00,12.0,81,8.8,870.8,5.7,162,Pulchowk,27.6787,85.3168
2023-03-13T06:00,13.4,75,9.0,871.9,4.5,166,Pulchowk,27.6787,85.3168
2023-03-13T07:00,15.7,73,10.9,873.3,5.6,165,Pulchowk,27.6787,85.3168
2023-03-13T08:00,19.1,56,10.2,875.2,1.1,72,Pulchowk,27.6787,85.3168
2023-03-13T09:00,20.7,51,10.2,875.8,3.0,346,Pulchowk,27.6787,85.3168
2023-03-13T10:00,22.0,49,10.8,875.8,5.4,323,Pulchowk,27.6787,85.3168
2023-03-13T11:00,22.1,49,10.9,875.3,7.6,329,Pulchowk,27.6787,85.3168
2023-03-13T12:00,20.1,57,11.3,874.3,4.9,73,Pulchowk,27.6787,85.3168
2023-03-13T13:00,17.9,70,12.5,872.7,6.1,118,Pulchowk,27.6787,85.3168
2023-03-13T14:00,17.6,67,11.5,872.1,9.6,200,Pulchowk,27.6787,85.3168
2023-03-13T15:00,17.8,64,10.9,871.7,8.0,207,Pulchowk,27.6787,85.3168
2023-03-13T16:00,18.3,61,10.6,871.8,1.8,11,Pulchowk,27.6787,85.3168
2023-03-13T17:00,15.9,80,12.5,871.1,3.3,186,Pulchowk,27.6787,85.3168
2023-03-13T18:00,14.9,88,12.8,870.4,4.3,175,Pulchowk,27.6787,85.3168
2023-03-13T19:00,13.9,93,12.8,870.3,2.9,180,Pulchowk,27.6787,85.3168
2023-03-13T20:00,13.2,93,12.1,870.1,3.6,180,Pulchowk,27.6787,85.3168
2023-03-13T21:00,12.5,93,11.5,869.9,2.9,173,Pulchowk,27.6787,85.3168
2023-03-13T22:00,12.3,91,10.9,869.8,2.9,173,Pulchowk,27.6787,85.3168
2023-03-13T23:00,12.0,90,10.5,869.5,3.3,174,Pulchowk,27.6787,85.3168
2023-03-14T00:00,12.0,90,10.3,869.1,3.6,174,Pulchowk,27.6787,85.3168
2023-03-14T01:00,11.7,89,10.0,868.5,3.6,174,Pulchowk,27.6787,85.3168
2023-03-14T02:00,11.4,88,9.5,867.6,4.5,166,Pulchowk,27.6787,85.3168
2023-03-14T03:00,11.0,88,9.2,866.7,4.8,167,Pulchowk,27.6787,85.3168
2023-03-14T04:00,10.7,88,8.8,866.9,3.7,169,Pulchowk,27.6787,85.3168
2023-03-14T05:00,11.0,87,8.9,867.5,3.0,166,Pulchowk,27.6787,85.3168
2023-03-14T06:00,11.5,85,9.0,868.2,3.7,169,Pulchowk,27.6787,85.3168
2023-03-14T07:00,14.4,82,11.4,870.4,4.5,166,Pulchowk,27.6787,85.3168
2023-03-14T08:00,18.2,62,10.9,872.4,1.3,56,Pulchowk,27.6787,85.3168
2023-03-14T09:00,19.5,59,11.3,872.8,3.3,354,Pulchowk,27.6787,85.3168
2023-03-14T10:00,20.7,55,11.2,872.6,3.9,326,Pulchowk,27.6787,85.3168
2023-03-14T11:00,21.1,55,11.8,872.1,6.4,308,Pulchowk,27.6787,85.3168
2023-03-14T12:00,18.8,62,11.4,871.1,8.5,234,Pulchowk,27.6787,85.3168
2023-03-14T13:00,15.9,72,11.0,869.5,6.2,144,Pulchowk,27.6787,85.3168
2023-03-14T14:00,18.8,57,10.2,869.2,10.0,201,Pulchowk,27.6787,85.3168
2023-03-14T15:00,16.7,64,10.0,868.1,0.4,360,Pulchowk,27.6787,85.3168
2023-03-14T16:00,17.1,65,10.4,868.5,2.8,40,Pulchowk,27.6787,85.3168
2023-03-14T17:00,15.2,76,11.0,867.7,7.5,197,Pulchowk,27.6787,85.3168
2023-03-14T18:00,13.6,87,11.5,868.2,1.9,202,Pulchowk,27.6787,85.3168
2023-03-14T19:00,13.6,90,12.0,868.5,6.2,173,Pulchowk,27.6787,85.3168
2023-03-14T20:00,12.7,92,11.5,868.9,5.2,12,Pulchowk,27.6787,85.3168
2023-03-14T21:00,13.4,85,10.9,869.5,0.8,153,Pulchowk,27.6787,85.3168
2023-03-14T22:00,12.1,91,10.7,868.1,4.1,165,Pulchowk,27.6787,85.3168
2023-03-14T23:00,11.3,95,10.5,867.2,4.0,175,Pulchowk,27.6787,85.3168
2023-03-15T00:00,10.6,95,9.9,866.5,3.3,174,Pulchowk,27.6787,85.3168
2023-03-15T01:00,9.8,95,9.1,865.5,3.3,174,Pulchowk,27.6787,85.3168
2023-03-15T02:00,9.5,94,8.6,865.0,2.9,173,Pulchowk,27.6787,85.3168
2023-03-15T03:00,9.4,93,8.2,864.8,3.7,169,Pulchowk,27.6787,85.3168
2023-03-15T04:00,9.2,91,7.9,864.8,4.0,170,Pulchowk,27.6787,85.3168
2023-03-15T05:00,9.4,90,7.9,865.3,4.0,170,Pulchowk,27.6787,85.3168
2023-03-15T06:00,9.8,90,8.3,866.4,4.7,171,Pulchowk,27.6787,85.3168
2023-03-15T07:00,13.2,87,11.2,868.9,5.4,172,Pulchowk,27.6787,85.3168
2023-03-15T08:00,17.9,61,10.2,871.6,2.6,124,Pulchowk,27.6787,85.3168
2023-03-15T09:00,19.3,55,10.0,872.0,1.5,76,Pulchowk,27.6787,85.3168
2023-03-15T10:00,20.4,48,9.0,872.1,2.9,270,Pulchowk,27.6787,85.3168
2023-03-15T11:00,21.2,46,9.0,871.6,4.7,261,Pulchowk,27.6787,85.3168
2023-03-15T12:00,18.0,61,10.4,870.9,8.4,335,Pulchowk,27.6787,85.3168
2023-03-15T13:00,19.6,51,9.2,869.9,6.6,41,Pulchowk,27.6787,85.3168
2023-03-15T14:00,17.4,62,10.1,869.1,8.0,265,Pulchowk,27.6787,85.3168
2023-03-15T15:00,18.2,56,9.2,868.5,4.3,204,Pulchowk,27.6787,85.3168
2023-03-15T16:00,18.2,53,8.4,868.0,7.3,327,Pulchowk,27.6787,85.3168
2023-03-15T17:00,17.5,69,11.8,867.7,5.7,325,Pulchowk,27.6787,85.3168
2023-03-15T18:00,17.7,48,6.6,868.3,1.5,166,Pulchowk,27.6787,85.3168
2023-03-15T19:00,14.9,70,9.5,867.6,1.8,169,Pulchowk,27.6787,85.3168
2023-03-15T20:00,14.2,68,8.3,868.1,2.2,180,Pulchowk,27.6787,85.3168
2023-03-15T21:00,13.5,71,8.2,868.2,1.8,180,Pulchowk,27.6787,85.3168
2023-03-15T22:00,13.1,72,8.1,868.4,2.5,172,Pulchowk,27.6787,85.3168
2023-03-15T23:00,12.8,73,8.0,868.2,2.9,173,Pulchowk,27.6787,85.3168
2023-03-16T00:00,12.3,74,7.8,868.0,5.1,172,Pulchowk,27.6787,85.3168
2023-03-16T01:00,11.6,77,7.8,867.4,4.4,171,Pulchowk,27.6787,85.3168
2023-03-16T02:00,11.6,77,7.6,867.3,3.6,174,Pulchowk,27.6787,85.3168
2023-03-16T03:00,11.8,74,7.4,867.1,3.3,167,Pulchowk,27.6787,85.3168
2023-03-16T04:00,11.7,73,7.1,867.3,4.0,170,Pulchowk,27.6787,85.3168
2023-03-16T05:00,11.4,77,7.6,867.5,4.0,170,Pulchowk,27.6787,85.3168
2023-03-16T06:00,11.9,75,7.6,868.5,4.7,171,Pulchowk,27.6787,85.3168
2023-03-16T07:00,15.0,72,9.9,870.8,5.5,169,Pulchowk,27.6787,85.3168
2023-03-16T08:00,18.7,51,8.3,873.3,0.0,270,Pulchowk,27.6787,85.3168
2023-03-16T09:00,19.8,47,8.2,873.9,4.6,315,Pulchowk,27.6787,85.3168
2023-03-16T10:00,20.6,44,7.8,874.0,6.6,311,Pulchowk,27.6787,85.3168
2023-03-16T11:00,21.2,41,7.3,873.8,7.7,311,Pulchowk,27.6787,85.3168
2023-03-16T12:00,21.7,40,7.3,872.9,6.9,298,Pulchowk,27.6787,85.3168
2023-03-16T13:00,21.9,38,7.0,872.0,6.4,297,Pulchowk,27.6787,85.3168
2023-03-16T14:00,21.4,38,6.5,870.9,8.7,322,Pulchowk,27.6787,85.3168
2023-03-16T15:00,20.8,39,6.5,870.2,7.9,321,Pulchowk,27.6787,85.3168
2023-03-16T16:00,20.2,42,7.0,869.7,7.0,339,Pulchowk,27.6787,85.3168
2023-03-16T17:00,19.2,53,9.3,869.9,4.5,299,Pulchowk,27.6787,85.3168
2023-03-16T18:00,16.6,64,9.7,869.7,2.9,180,Pulchowk,27.6787,85.3168
2023-03-16T19:00,15.8,65,9.2,870.5,3.3,174,Pulchowk,27.6787,85.3168
2023-03-16T20:00,14.8,74,10.2,871.1,4.3,175,Pulchowk,27.6787,85.3168
2023-03-16T21:00,13.9,81,10.7,871.3,5.8,176,Pulchowk,27.6787,85.3168
2023-03-16T22:00,12.9,87,10.9,871.1,6.9,171,Pulchowk,27.6787,85.3168
2023-03-16T23:00,12.3,88,10.5,870.7,6.5,174,Pulchowk,27.6787,85.3168
2023-03-17T00:00,12.0,88,10.0,870.3,6.1,177,Pulchowk,27.6787,85.3168
2023-03-17T01:00,12.2,84,9.6,870.0,5.4,180,Pulchowk,27.6787,85.3168
2023-03-17T02:00,12.4,81,9.3,869.7,2.5,172,Pulchowk,27.6787,85.3168
2023-03-17T03:00,12.4,83,9.6,869.9,1.8,169,Pulchowk,27.6787,85.3168
2023-03-17T04:00,11.9,82,9.0,869.7,3.1,159,Pulchowk,27.6787,85.3168
2023-03-17T05:00,13.1,82,10.0,870.9,3.1,159,Pulchowk,27.6787,85.3168
2023-03-17T06:00,13.1,81,9.8,871.5,3.7,169,Pulchowk,27.6787,85.3168
2023-03-17T07:00,15.1,76,10.9,873.0,4.0,153,Pulchowk,27.6787,85.3168
2023-03-17T08:00,16.9,65,10.3,873.9,2.3,18,Pulchowk,27.6787,85.3168
2023-03-17T09:00,18.8,58,10.3,874.5,1.6,333,Pulchowk,27.6787,85.3168
2023-03-17T10:00,19.9,53,10.1,874.5,4.6,288,Pulchowk,27.6787,85.3168
2023-03-17T11:00,21.0,50,10.3,873.7,5.5,328,Pulchowk,27.6787,85.3168
2023-03-17T12:00,18.5,60,10.6,872.5,11.8,250,Pulchowk,27.6787,85.3168
2023-03-17T13:00,17.9,59,9.8,871.0,5.0,180,Pulchowk,27.6787,85.3168
2023-03-17T14:00,19.3,51,8.9,870.4,6.2,324,Pulchowk,27.6787,85.3168
2023-03-17T15:00,18.7,54,9.1,869.5,7.4,321,Pulchowk,27.6787,85.3168
2023-03-17T16:00,18.6,54,9.2,869.4,4.8,318,Pulchowk,27.6787,85.3168
2023-03-17T17:00,16.3,67,10.3,869.9,4.8,283,Pulchowk,27.6787,85.3168
2023-03-17T18:00,15.2,81,11.9,869.8,1.1,198,Pulchowk,27.6787,85.3168
2023-03-17T19:00,14.3,85,11.8,870.1,2.0,135,Pulchowk,27.6787,85.3168
2023-03-17T20:00,13.8,87,11.6,870.5,1.9,202,Pulchowk,27.6787,85.3168
2023-03-17T21:00,13.0,91,11.5,870.7,2.2,171,Pulchowk,27.6787,85.3168
2023-03-17T22:00,11.8,96,11.2,870.6,3.3,174,Pulchowk,27.6787,85.3168
2023-03-17T23:00,11.2,98,10.9,870.3,1.8,180,Pulchowk,27.6787,85.3168
2023-03-18T00:00,10.8,99,10.6,869.6,4.0,170,Pulchowk,27.6787,85.3168
2023-03-18T01:00,10.1,99,9.9,868.8,5.2,168,Pulchowk,27.6787,85.3168
2023-03-18T02:00,10.0,99,9.8,868.0,6.2,173,Pulchowk,27.6787,85.3168
2023-03-18T03:00,9.4,99,9.3,867.3,6.2,173,Pulchowk,27.6787,85.3168
2023-03-18T04:00,9.0,98,8.7,867.1,4.7,171,Pulchowk,27.6787,85.3168
2023-03-18T05:00,10.1,94,9.3,868.3,4.7,171,Pulchowk,27.6787,85.3168
2023-03-18T06:00,10.6,93,9.5,868.9,4.7,171,Pulchowk,27.6787,85.3168
2023-03-18T07:00,14.1,86,11.8,870.9,5.2,168,Pulchowk,27.6787,85.3168
2023-03-18T08:00,16.8,63,9.6,872.3,1.1,72,Pulchowk,27.6787,85.3168
2023-03-18T09:00,18.1,59,10.0,872.8,2.5,360,Pulchowk,27.6787,85.3168
2023-03-18T10:00,19.6,55,10.4,873.3,3.9,326,Pulchowk,27.6787,85.3168
2023-03-18T11:00,20.4,54,10.7,872.7,6.8,328,Pulchowk,27.6787,85.3168
2023-03-18T12:00,20.0,53,10.3,871.0,7.5,325,Pulchowk,27.6787,85.3168
2023-03-18T13:00,14.9,79,11.3,869.9,12.3,201,Pulchowk,27.6787,85.3168
2023-03-18T14:00,17.4,62,10.0,868.9,5.2,205,Pulchowk,27.6787,85.3168
2023-03-18T15:00,17.1,64,10.1,867.8,1.3,214,Pulchowk,27.6787,85.3168
2023-03-18T16:00,17.5,62,10.3,867.7,0.8,153,Pulchowk,27.6787,85.3168
2023-03-18T17:00,16.6,71,11.2,867.8,3.1,216,Pulchowk,27.6787,85.3168
2023-03-18T18:00,14.9,83,12.1,867.8,2.9,210,Pulchowk,27.6787,85.3168
2023-03-18T19:00,14.7,84,12.1,868.5,1.5,194,Pulchowk,27.6787,85.3168
2023-03-18T20:00,14.0,85,11.5,868.7,2.8,130,Pulchowk,27.6787,85.3168
2023-03-18T21:00,13.8,85,11.4,869.1,2.5,180,Pulchowk,27.6787,85.3168
2023-03-18T22:00,13.1,89,11.4,869.1,4.5,166,Pulchowk,27.6787,85.3168
2023-03-18T23:00,12.3,94,11.3,868.5,4.7,176,Pulchowk,27.6787,85.3168
2023-03-19T00:00,11.8,95,11.1,867.5,5.9,169,Pulchowk,27.6787,85.3168
2023-03-19T01:00,11.8,94,10.9,866.6,5.4,172,Pulchowk,27.6787,85.3168
2023-03-19T02:00,11.7,94,10.8,866.5,5.5,169,Pulchowk,27.6787,85.3168
2023-03-19T03:00,11.9,92,10.7,866.6,3.7,151,Pulchowk,27.6787,85.3168
2023-03-19T04:00,12.1,91,10.7,866.9,4.9,163,Pulchowk,27.6787,85.3168
2023-03-19T05:00,12.8,89,11.1,867.2,2.5,172,Pulchowk,27.6787,85.3168
2023-03-19T06:00,12.4,88,10.5,867.3,4.0,170,Pulchowk,27.6787,85.3168
2023-03-19T07:00,14.0,84,11.4,868.5,5.1,172,Pulchowk,27.6787,85.3168
2023-03-19T08:00,16.1,72,11.0,870.2,1.3,146,Pulchowk,27.6787,85.3168
2023-03-19T09:00,17.1,68,11.2,871.0,3.3,276,Pulchowk,27.6787,85.3168
2023-03-19T10:00,17.6,64,10.8,870.7,2.3,342,Pulchowk,27.6787,85.3168
2023-03-19T11:00,16.1,70,10.6,869.8,7.2,90,Pulchowk,27.6787,85.3168
2023-03-19T12:00,15.3,74,10.8,869.0,5.4,184,Pulchowk,27.6787,85.3168
2023-03-19T13:00,14.9,75,10.5,867.7,5.9,227,Pulchowk,27.6787,85.3168
2023-03-19T14:00,16.1,66,9.8,866.6,4.0,243,Pulchowk,27.6787,85.3168
2023-03-19T15:00,16.6,64,9.7,865.5,3.1,324,Pulchowk,27.6787,85.3168
2023-03-19T16:00,16.7,64,9.7,865.6,1.8,270,Pulchowk,27.6787,85.3168
2023-03-19T17:00,16.6,64,9.8,865.9,3.1,339,Pulchowk,27.6787,85.3168
2023-03-19T18:00,14.2,81,10.9,866.0,4.7,261,Pulchowk,27.6787,85.3168
2023-03-19T19:00,14.1,78,10.3,867.1,3.1,234,Pulchowk,27.6787,85.3168
2023-03-19T20:00,12.7,81,9.6,867.5,3.2,207,Pulchowk,27.6787,85.3168
2023-03-19T21:00,12.3,88,10.4,867.9,1.8,143,Pulchowk,27.6787,85.3168
2023-03-19T22:00,12.1,91,10.6,867.9,2.9,173,Pulchowk,27.6787,85.3168
2023-03-19T23:00,11.8,94,10.9,867.6,2.9,187,Pulchowk,27.6787,85.3168
2023-03-20T00:00,11.6,97,11.1,867.7,2.5,90,Pulchowk,27.6787,85.3168
2023-03-20T01:00,10.9,99,10.8,867.2,2.3,342,Pulchowk,27.6787,85.3168
2023-03-20T02:00,11.0,97,10.5,866.6,3.5,156,Pulchowk,27.6787,85.3168
2023-03-20T03:00,10.6,97,10.2,865.2,3.7,169,Pulchowk,27.6787,85.3168
2023-03-20T04:00,9.7,97,9.2,863.9,3.2,180,Pulchowk,27.6787,85.3168
2023-03-20T05:00,10.1,97,9.7,864.4,1.1,180,Pulchowk,27.6787,85.3168
2023-03-20T06:00,10.6,97,10.2,865.8,2.5,180,Pulchowk,27.6787,85.3168
2023-03-20T07:00,12.5,95,11.8,867.0,3.4,162,Pulchowk,27.6787,85.3168
2023-03-20T08:00,14.1,82,11.0,868.2,2.3,39,Pulchowk,27.6787,85.3168
2023-03-20T09:00,15.7,75,11.2,869.0,2.9,360,Pulchowk,27.6787,85.3168
2023-03-20T10:00,17.1,71,11.8,868.8,3.4,18,Pulchowk,27.6787,85.3168
2023-03-20T11:00,18.8,61,11.1,868.1,2.8,50,Pulchowk,27.6787,85.3168
2023-03-20T12:00,19.4,57,10.6,866.7,3.4,302,Pulchowk,27.6787,85.3168
2023-03-20T13:00,14.3,84,11.7,865.4,8.9,227,Pulchowk,27.6787,85.3168
2023-03-20T14:00,14.9,77,10.9,864.8,3.7,61,Pulchowk,27.6787,85.3168
2023-03-20T15:00,14.9,74,10.4,864.9,1.5,225,Pulchowk,27.6787,85.3168
2023-03-20T16:00,14.6,76,10.5,864.7,1.3,326,Pulchowk,27.6787,85.3168
2023-03-20T17:00,13.4,84,10.8,864.9,3.2,333,Pulchowk,27.6787,85.3168
2023-03-20T18:00,12.9,91,11.5,865.3,1.1,360,Pulchowk,27.6787,85.3168
2023-03-20T19:00,12.5,94,11.6,865.6,0.8,27,Pulchowk,27.6787,85.3168
2023-03-20T20:00,12.6,95,11.8,866.3,1.1,108,Pulchowk,27.6787,85.3168
2023-03-20T21:00,12.6,95,11.8,866.7,1.3,34,Pulchowk,27.6787,85.3168
2023-03-20T22:00,12.5,90,10.9,867.0,0.7,270,Pulchowk,27.6787,85.3168
2023-03-20T23:00,12.1,92,10.9,866.8,1.8,323,Pulchowk,27.6787,85.3168
2023-03-21T00:00,11.9,95,11.0,866.4,0.8,63,Pulchowk,27.6787,85.3168
2023-03-21T01:00,11.6,96,11.0,865.8,3.1,54,Pulchowk,27.6787,85.3168
2023-03-21T02:00,11.6,97,11.2,865.3,2.6,74,Pulchowk,27.6787,85.3168
2023-03-21T03:00,11.6,97,11.2,865.1,2.1,121,Pulchowk,27.6787,85.3168
2023-03-21T04:00,11.6,97,11.1,865.1,3.3,96,Pulchowk,27.6787,85.3168
2023-03-21T05:00,10.8,85,8.3,865.3,3.9,146,Pulchowk,27.6787,85.3168
2023-03-21T06:00,10.8,87,8.7,866.1,4.3,156,Pulchowk,27.6787,85.3168
2023-03-21T07:00,11.3,83,8.5,867.1,4.4,125,Pulchowk,27.6787,85.3168
2023-03-21T08:00,12.4,77,8.6,868.2,3.9,146,Pulchowk,27.6787,85.3168
2023-03-21T09:00,14.6,67,8.5,868.9,2.5,135,Pulchowk,27.6787,85.3168
2023-03-21T10:00,16.4,60,8.5,869.3,3.1,21,Pulchowk,27.6787,85.3168
2023-03-21T11:00,17.1,58,8.7,869.1,5.8,353,Pulchowk,27.6787,85.3168
2023-03-21T12:00,17.8,57,9.2,868.2,6.7,324,Pulchowk,27.6787,85.3168
2023-03-21T13:00,17.7,57,9.0,867.1,8.4,290,Pulchowk,27.6787,85.3168
2023-03-21T14:00,14.3,76,10.1,866.0,5.1,188,Pulchowk,27.6787,85.3168
2023-03-21T15:00,15.4,71,10.1,865.8,3.0,284,Pulchowk,27.6787,85.3168
2023-03-21T16:00,14.7,74,10.0,865.5,5.6,320,Pulchowk,27.6787,85.3168
2023-03-21T17:00,14.9,74,10.3,865.3,3.6,323,Pulchowk,27.6787,85.3168
2023-03-21T18:00,12.8,85,10.3,865.0,2.9,210,Pulchowk,27.6787,85.3168
2023-03-21T19:00,11.8,88,9.9,865.3,1.1,180,Pulchowk,27.6787,85.3168
2023-03-21T20:00,11.5,88,9.5,865.8,1.8,169,Pulchowk,27.6787,85.3168
2023-03-21T21:00,11.4,88,9.4,866.6,1.8,180,Pulchowk,27.6787,85.3168
2023-03-21T22:00,10.6,91,9.2,866.5,3.2,180,Pulchowk,27.6787,85.3168
2023-03-21T23:00,9.9,95,9.1,866.4,3.2,180,Pulchowk,27.6787,85.3168
2023-03-22T00:00,9.9,96,9.2,866.1,0.7,180,Pulchowk,27.6787,85.3168
2023-03-22T01:00,9.6,97,9.1,865.7,2.2,180,Pulchowk,27.6787,85.3168
2023-03-22T02:00,9.3,98,9.0,864.9,1.8,180,Pulchowk,27.6787,85.3168
2023-03-22T03:00,9.2,97,8.7,864.4,2.2,171,Pulchowk,27.6787,85.3168
2023-03-22T04:00,8.6,97,8.2,863.9,4.0,170,Pulchowk,27.6787,85.3168
2023-03-22T05:00,8.2,100,8.2,864.1,4.3,175,Pulchowk,27.6787,85.3168
2023-03-22T06:00,8.0,99,7.8,864.5,5.0,180,Pulchowk,27.6787,85.3168
2023-03-22T07:00,11.7,95,10.9,867.2,0.4,180,Pulchowk,27.6787,85.3168
2023-03-22T08:00,14.0,78,10.1,868.8,3.0,346,Pulchowk,27.6787,85.3168
2023-03-22T09:00,15.8,66,9.4,869.3,4.9,324,Pulchowk,27.6787,85.3168
2023-03-22T10:00,17.0,60,9.3,869.3,7.1,319,Pulchowk,27.6787,85.3168
2023-03-22T11:00,17.8,58,9.3,869.1,7.7,319,Pulchowk,27.6787,85.3168
2023-03-22T12:00,18.5,57,9.8,868.2,7.1,315,Pulchowk,27.6787,85.3168
2023-03-22T13:00,19.0,56,10.1,867.1,7.7,319,Pulchowk,27.6787,85.3168
2023-03-22T14:00,18.4,58,9.9,866.0,8.9,313,Pulchowk,27.6787,85.3168
2023-03-22T15:00,17.6,59,9.5,865.3,8.9,317,Pulchowk,27.6787,85.3168
2023-03-22T16:00,16.7,64,9.8,865.0,7.7,323,Pulchowk,27.6787,85.3168
2023-03-22T17:00,16.3,64,9.6,864.6,4.3,318,Pulchowk,27.6787,85.3168
2023-03-22T18:00,14.3,77,10.3,864.0,5.4,266,Pulchowk,27.6787,85.3168
2023-03-22T19:00,13.7,75,9.4,864.3,4.0,243,Pulchowk,27.6787,85.3168
2023-03-22T20:00,12.7,79,9.2,864.7,5.5,259,Pulchowk,27.6787,85.3168
2023-03-22T21:00,13.0,74,8.5,865.2,5.0,249,Pulchowk,27.6787,85.3168
2023-03-22T22:00,11.4,83,8.7,864.6,2.4,207,Pulchowk,27.6787,85.3168
2023-03-22T23:00,11.4,83,8.6,864.6,1.8,180,Pulchowk,27.6787,85.3168
2023-03-23T00:00,11.0,84,8.4,864.5,2.2,180,Pulchowk,27.6787,85.3168
2023-03-23T01:00,10.7,85,8.3,864.1,2.5,172,Pulchowk,27.6787,85.3168
2023-03-23T02:00,10.6,85,8.3,863.2,5.1,176,Pulchowk,27.6787,85.3168
2023-03-23T03:00,10.1,88,8.2,862.5,5.8,176,Pulchowk,27.6787,85.3168
2023-03-23T04:00,9.8,89,8.0,862.8,3.6,174,Pulchowk,27.6787,85.3168
2023-03-23T05:00,9.8,89,8.0,862.9,3.0,166,Pulchowk,27.6787,85.3168
2023-03-23T06:00,10.5,87,8.4,863.7,5.1,172,Pulchowk,27.6787,85.3168
2023-03-23T07:00,14.0,79,10.3,866.0,5.6,165,Pulchowk,27.6787,85.3168
2023-03-23T08:00,16.4,63,9.3,867.4,1.1,90,Pulchowk,27.6787,85.3168
2023-03-23T09:00,18.0,59,9.8,867.9,2.0,45,Pulchowk,27.6787,85.3168
2023-03-23T10:00,19.4,52,9.4,868.2,2.3,288,Pulchowk,27.6787,85.3168
2023-03-23T11:00,19.8,52,9.5,868.1,6.3,283,Pulchowk,27.6787,85.3168
2023-03-23T12:00,19.7,54,10.2,867.8,6.8,267,Pulchowk,27.6787,85.3168
2023-03-23T13:00,19.4,55,10.0,866.9,5.7,252,Pulchowk,27.6787,85.3168
2023-03-23T14:00,19.4,53,9.4,866.3,5.1,262,Pulchowk,27.6787,85.3168
2023-03-23T15:00,18.8,52,8.8,865.7,5.4,278,Pulchowk,27.6787,85.3168
2023-03-23T16:00,17.5,62,10.2,865.8,6.4,313,Pulchowk,27.6787,85.3168
2023-03-23T17:00,15.8,74,11.1,865.9,3.1,339,Pulchowk,27.6787,85.3168
2023-03-23T18:00,14.0,85,11.5,866.1,3.4,288,Pulchowk,27.6787,85.3168
2023-03-23T19:00,13.8,87,11.6,866.2,3.8,197,Pulchowk,27.6787,85.3168
2023-03-23T20:00,13.0,90,11.3,866.4,2.2,180,Pulchowk,27.6787,85.3168
2023-03-23T21:00,12.5,91,11.1,867.0,1.1,180,Pulchowk,27.6787,85.3168
2023-03-23T22:00,12.1,91,10.7,867.2,1.1,162,Pulchowk,27.6787,85.3168
2023-03-23T23:00,12.0,90,10.4,867.3,1.8,169,Pulchowk,27.6787,85.3168
2023-03-24T00:00,11.6,90,10.0,866.5,5.4,176,Pulchowk,27.6787,85.3168
2023-03-24T01:00,10.6,94,9.7,865.3,6.5,177,Pulchowk,27.6787,85.3168
2023-03-24T02:00,10.0,96,9.4,864.6,5.1,172,Pulchowk,27.6787,85.3168
2023-03-24T03:00,9.7,96,9.1,864.3,3.6,174,Pulchowk,27.6787,85.3168
2023-03-24T04:00,9.7,95,8.9,864.4,4.7,171,Pulchowk,27.6787,85.3168
2023-03-24T05:00,10.0,94,9.1,864.8,6.2,170,Pulchowk,27.6787,85.3168
2023-03-24T06:00,10.6,94,9.6,865.9,7.2,174,Pulchowk,27.6787,85.3168
2023-03-24T07:00,14.7,82,11.8,868.6,5.4,176,Pulchowk,27.6787,85.3168
2023-03-24T08:00,17.1,68,11.0,870.5,1.8,307,Pulchowk,27.6787,85.3168
2023-03-24T09:00,18.3,60,10.5,870.9,4.1,315,Pulchowk,27.6787,85.3168
2023-03-24T10:00,19.2,56,10.2,871.0,4.9,306,Pulchowk,27.6787,85.3168
2023-03-24T11:00,19.9,53,10.1,870.9,5.2,295,Pulchowk,27.6787,85.3168
2023-03-24T12:00,20.2,53,10.3,870.0,5.7,288,Pulchowk,27.6787,85.3168
2023-03-24T13:00,20.1,52,9.8,869.4,5.9,284,Pulchowk,27.6787,85.3168
2023-03-24T14:00,19.6,52,9.4,868.5,6.7,286,Pulchowk,27.6787,85.3168
2023-03-24T15:00,19.1,55,9.7,868.3,7.9,309,Pulchowk,27.6787,85.3168
2023-03-24T16:00,18.0,60,10.1,868.3,6.6,319,Pulchowk,27.6787,85.3168
2023-03-24T17:00,15.7,77,11.6,868.2,3.8,287,Pulchowk,27.6787,85.3168
2023-03-24T18:00,14.0,89,12.1,867.7,3.0,194,Pulchowk,27.6787,85.3168
2023-03-24T19:00,13.5,89,11.8,868.2,2.3,198,Pulchowk,27.6787,85.3168
2023-03-24T20:00,12.9,91,11.4,868.4,2.9,173,Pulchowk,27.6787,85.3168
2023-03-24T21:00,12.1,93,11.0,868.2,3.3,174,Pulchowk,27.6787,85.3168
2023-03-24T22:00,11.5,94,10.6,868.3,3.3,174,Pulchowk,27.6787,85.3168
2023-03-24T23:00,10.8,95,10.1,868.1,4.0,180,Pulchowk,27.6787,85.3168
2023-03-25T00:00,10.3,96,9.7,867.9,3.3,174,Pulchowk,27.6787,85.3168
2023-03-25T01:00,10.0,96,9.4,867.6,4.0,175,Pulchowk,27.6787,85.3168
2023-03-25T02:00,9.8,95,9.1,867.0,4.0,175,Pulchowk,27.6787,85.3168
2023-03-25T03:00,10.0,93,9.0,867.0,3.3,174,Pulchowk,27.6787,85.3168
2023-03-25T04:00,10.5,89,8.8,867.1,2.9,173,Pulchowk,27.6787,85.3168
2023-03-25T05:00,11.2,88,9.3,867.5,4.0,175,Pulchowk,27.6787,85.3168
2023-03-25T06:00,12.2,84,9.6,868.7,3.3,174,Pulchowk,27.6787,85.3168
2023-03-25T07:00,15.7,82,12.6,871.3,1.8,169,Pulchowk,27.6787,85.3168
2023-03-25T08:00,17.9,63,10.7,872.9,2.6,326,Pulchowk,27.6787,85.3168
2023-03-25T09:00,19.0,61,11.3,873.5,5.0,339,Pulchowk,27.6787,85.3168
2023-03-25T10:00,20.1,55,10.9,873.7,7.1,319,Pulchowk,27.6787,85.3168
2023-03-25T11:00,20.5,52,10.4,873.4,9.7,315,Pulchowk,27.6787,85.3168
2023-03-25T12:00,21.1,48,9.6,872.8,11.3,307,Pulchowk,27.6787,85.3168
2023-03-25T13:00,20.4,51,10.1,871.7,11.5,309,Pulchowk,27.6787,85.3168
2023-03-25T14:00,20.6,53,10.5,870.9,11.9,305,Pulchowk,27.6787,85.3168
2023-03-25T15:00,19.8,55,10.6,870.1,10.0,308,Pulchowk,27.6787,85.3168
2023-03-25T16:00,19.1,58,10.6,869.3,5.2,304,Pulchowk,27.6787,85.3168
2023-03-25T17:00,17.8,70,12.2,869.1,3.4,342,Pulchowk,27.6787,85.3168
2023-03-25T18:00,17.4,60,9.5,869.2,3.3,229,Pulchowk,27.6787,85.3168
2023-03-25T19:00,15.2,77,11.1,868.5,1.8,191,Pulchowk,27.6787,85.3168
2023-03-25T20:00,14.5,77,10.6,869.0,2.3,198,Pulchowk,27.6787,85.3168
2023-03-25T21:00,14.2,77,10.3,869.6,1.4,180,Pulchowk,27.6787,85.3168
2023-03-25T22:00,13.9,78,10.0,869.4,1.8,169,Pulchowk,27.6787,85.3168
2023-03-25T23:00,13.5,79,9.8,869.1,2.9,173,Pulchowk,27.6787,85.3168
2023-03-26T00:00,13.0,80,9.6,868.1,3.3,174,Pulchowk,27.6787,85.3168
2023-03-26T01:00,12.7,80,9.3,867.3,2.5,172,Pulchowk,27.6787,85.3168
2023-03-26T02:00,12.6,77,8.8,866.7,2.2,171,Pulchowk,27.6787,85.3168
2023-03-26T03:00,12.4,76,8.3,866.1,2.2,180,Pulchowk,27.6787,85.3168
2023-03-26T04:00,11.7,77,7.8,865.8,1.4,180,Pulchowk,27.6787,85.3168
2023-03-26T05:00,16.1,57,7.7,868.5,2.2,171,Pulchowk,27.6787,85.3168
2023-03-26T06:00,13.3,73,8.6,867.5,3.0,166,Pulchowk,27.6787,85.3168
2023-03-26T07:00,17.1,64,10.4,869.9,2.1,149,Pulchowk,27.6787,85.3168
2023-03-26T08:00,19.4,48,8.2,870.9,2.6,34,Pulchowk,27.6787,85.3168
2023-03-26T09:00,20.9,45,8.4,871.5,5.4,318,Pulchowk,27.6787,85.3168
2023-03-26T10:00,21.9,39,7.4,871.4,7.1,315,Pulchowk,27.6787,85.3168
2023-03-26T11:00,22.6,37,7.3,871.3,8.9,313,Pulchowk,27.6787,85.3168
2023-03-26T12:00,23.2,34,6.6,870.1,8.7,308,Pulchowk,27.6787,85.3168
2023-03-26T13:00,23.4,32,5.9,869.2,8.6,303,Pulchowk,27.6787,85.3168
2023-03-26T14:00,23.0,32,5.4,868.3,8.1,291,Pulchowk,27.6787,85.3168
2023-03-26T15:00,22.5,33,5.4,867.5,8.7,294,Pulchowk,27.6787,85.3168
2023-03-26T16:00,20.9,41,7.1,867.1,8.5,282,Pulchowk,27.6787,85.3168
2023-03-26T17:00,18.4,67,12.2,866.5,7.2,276,Pulchowk,27.6787,85.3168
2023-03-26T18:00,16.7,64,9.9,865.8,5.1,231,Pulchowk,27.6787,85.3168
2023-03-26T19:00,15.5,65,9.0,865.9,3.5,204,Pulchowk,27.6787,85.3168
2023-03-26T20:00,14.7,65,8.2,866.1,2.2,180,Pulchowk,27.6787,85.3168
2023-03-26T21:00,14.1,65,7.6,866.6,3.3,174,Pulchowk,27.6787,85.3168
2023-03-26T22:00,13.5,68,7.6,866.2,3.2,180,Pulchowk,27.6787,85.3168
2023-03-26T23:00,13.5,67,7.5,865.9,3.2,180,Pulchowk,27.6787,85.3168
2023-03-27T00:00,13.6,65,7.2,865.5,3.6,180,Pulchowk,27.6787,85.3168
2023-03-27T01:00,13.1,67,7.2,864.9,4.0,185,Pulchowk,27.6787,85.3168
2023-03-27T02:00,13.0,65,6.6,864.6,4.3,185,Pulchowk,27.6787,85.3168
2023-03-27T03:00,12.6,65,6.3,864.3,5.0,180,Pulchowk,27.6787,85.3168
2023-03-27T04:00,12.5,64,5.9,864.0,4.8,167,Pulchowk,27.6787,85.3168
2023-03-27T05:00,12.8,61,5.5,864.8,6.3,167,Pulchowk,27.6787,85.3168
2023-03-27T06:00,13.7,63,6.8,865.8,3.8,163,Pulchowk,27.6787,85.3168
2023-03-27T07:00,16.5,61,8.8,868.0,3.6,174,Pulchowk,27.6787,85.3168
2023-03-27T08:00,18.2,51,7.9,869.5,2.3,321,Pulchowk,27.6787,85.3168
2023-03-27T09:00,19.4,48,8.2,869.9,3.0,346,Pulchowk,27.6787,85.3168
2023-03-27T10:00,20.9,43,7.9,870.0,1.8,360,Pulchowk,27.6787,85.3168
2023-03-27T11:00,22.3,38,7.2,869.7,2.1,301,Pulchowk,27.6787,85.3168
2023-03-27T12:00,22.5,38,7.3,869.0,5.8,263,Pulchowk,27.6787,85.3168
2023-03-27T13:00,22.1,39,7.6,868.4,7.2,270,Pulchowk,27.6787,85.3168
2023-03-27T14:00,22.0,38,7.1,867.5,5.9,284,Pulchowk,27.6787,85.3168
2023-03-27T15:00,21.2,38,6.2,867.0,7.8,283,Pulchowk,27.6787,85.3168
2023-03-27T16:00,20.5,39,5.9,866.9,7.2,273,Pulchowk,27.6787,85.3168
2023-03-27T17:00,18.5,60,10.6,867.1,4.0,243,Pulchowk,27.6787,85.3168
2023-03-27T18:00,17.3,52,7.3,867.4,4.5,241,Pulchowk,27.6787,85.3168
2023-03-27T19:00,17.4,44,4.9,868.0,2.9,263,Pulchowk,27.6787,85.3168
2023-03-27T20:00,14.3,67,8.2,867.3,3.4,198,Pulchowk,27.6787,85.3168
2023-03-27T21:00,13.6,68,7.9,867.2,4.6,198,Pulchowk,27.6787,85.3168
2023-03-27T22:00,13.5,66,7.3,867.0,2.9,187,Pulchowk,27.6787,85.3168
2023-03-27T23:00,13.1,64,6.4,866.3,3.6,174,Pulchowk,27.6787,85.3168
2023-03-28T00:00,12.7,64,6.0,865.6,2.9,173,Pulchowk,27.6787,85.3168
2023-03-28T01:00,12.2,66,6.0,864.9,2.5,172,Pulchowk,27.6787,85.3168
2023-03-28T02:00,11.8,67,5.9,864.3,2.2,171,Pulchowk,27.6787,85.3168
2023-03-28T03:00,11.6,68,5.8,864.2,3.0,166,Pulchowk,27.6787,85.3168
2023-03-28T04:00,11.4,68,5.7,864.2,3.7,169,Pulchowk,27.6787,85.3168
2023-03-28T05:00,9.7,80,6.5,864.4,4.7,171,Pulchowk,27.6787,85.3168
2023-03-28T06:00,10.9,78,7.2,865.9,5.2,164,Pulchowk,27.6787,85.3168
2023-03-28T07:00,15.2,77,11.2,868.6,3.9,158,Pulchowk,27.6787,85.3168
2023-03-28T08:00,18.2,52,8.1,870.1,2.3,51,Pulchowk,27.6787,85.3168
2023-03-28T09:00,19.7,45,7.4,870.6,2.7,337,Pulchowk,27.6787,85.3168
2023-03-28T10:00,20.9,39,6.5,870.6,2.9,330,Pulchowk,27.6787,85.3168
2023-03-28T11:00,22.2,34,5.7,870.5,3.1,324,Pulchowk,27.6787,85.3168
2023-03-28T12:00,22.8,31,4.9,870.0,4.1,308,Pulchowk,27.6787,85.3168
2023-03-28T13:00,22.9,29,4.1,869.2,4.6,309,Pulchowk,27.6787,85.3168
2023-03-28T14:00,23.2,28,3.7,868.3,6.1,310,Pulchowk,27.6787,85.3168
2023-03-28T15:00,22.8,27,2.9,867.9,9.2,301,Pulchowk,27.6787,85.3168
2023-03-28T16:00,21.7,31,4.0,867.8,8.9,291,Pulchowk,27.6787,85.3168
2023-03-28T17:00,19.1,53,9.3,868.0,4.8,222,Pulchowk,27.6787,85.3168
2023-03-28T18:00,16.7,66,10.3,867.8,5.3,208,Pulchowk,27.6787,85.3168
2023-03-28T19:00,15.7,67,9.5,868.3,2.9,180,Pulchowk,27.6787,85.3168
2023-03-28T20:00,14.6,69,8.9,868.6,2.2,180,Pulchowk,27.6787,85.3168
2023-03-28T21:00,13.6,70,8.2,868.7,3.2,180,Pulchowk,27.6787,85.3168
2023-03-28T22:00,12.4,74,7.9,868.0,4.3,180,Pulchowk,27.6787,85.3168
2023-03-28T23:00,11.8,75,7.5,867.5,4.3,175,Pulchowk,27.6787,85.3168
2023-03-29T00:00,11.7,74,7.2,867.2,4.7,180,Pulchowk,27.6787,85.3168
2023-03-29T01:00,11.7,72,6.9,866.7,4.3,175,Pulchowk,27.6787,85.3168
2023-03-29T02:00,11.7,71,6.7,866.4,3.6,174,Pulchowk,27.6787,85.3168
2023-03-29T03:00,11.6,71,6.5,866.1,4.0,175,Pulchowk,27.6787,85.3168
2023-03-29T04:00,11.5,71,6.4,866.3,3.7,169,Pulchowk,27.6787,85.3168
2023-03-29T05:00,11.5,71,6.4,866.9,3.3,174,Pulchowk,27.6787,85.3168
2023-03-29T06:00,13.1,66,7.0,868.4,4.7,171,Pulchowk,27.6787,85.3168
2023-03-29T07:00,16.4,67,10.2,870.7,6.0,163,Pulchowk,27.6787,85.3168
2023-03-29T08:00,19.0,48,7.9,872.1,2.9,97,Pulchowk,27.6787,85.3168
2023-03-29T09:00,20.4,44,7.8,872.7,2.6,56,Pulchowk,27.6787,85.3168
2023-03-29T10:00,21.1,42,7.8,872.9,1.1,288,Pulchowk,27.6787,85.3168
2023-03-29T11:00,21.6,40,7.6,872.7,3.2,270,Pulchowk,27.6787,85.3168
2023-03-29T12:00,21.6,40,7.3,871.8,5.2,254,Pulchowk,27.6787,85.3168
2023-03-29T13:00,21.7,38,6.8,871.1,4.9,253,Pulchowk,27.6787,85.3168
2023-03-29T14:00,21.5,38,6.6,870.3,4.4,261,Pulchowk,27.6787,85.3168
2023-03-29T15:00,21.9,36,6.1,869.6,5.2,304,Pulchowk,27.6787,85.3168
2023-03-29T16:00,21.3,37,6.0,869.2,7.9,321,Pulchowk,27.6787,85.3168
2023-03-29T17:00,20.3,48,8.9,869.2,1.8,169,Pulchowk,27.6787,85.3168
2023-03-29T18:00,17.5,63,10.4,868.3,4.0,185,Pulchowk,27.6787,85.3168
2023-03-29T19:00,16.2,61,8.6,868.5,4.7,184,Pulchowk,27.6787,85.3168
2023-03-29T20:00,14.6,68,8.7,868.4,4.7,176,Pulchowk,27.6787,85.3168
2023-03-29T21:00,13.2,74,8.7,868.1,4.7,176,Pulchowk,27.6787,85.3168
2023-03-29T22:00,12.4,76,8.3,868.1,3.3,174,Pulchowk,27.6787,85.3168
2023-03-29T23:00,12.7,72,7.8,867.9,3.0,166,Pulchowk,27.6787,85.3168
2023-03-30T00:00,13.2,68,7.3,867.7,3.3,167,Pulchowk,27.6787,85.3168
2023-03-30T01:00,13.1,66,6.8,867.1,4.4,171,Pulchowk,27.6787,85.3168
2023-03-30T02:00,13.3,64,6.7,867.0,4.4,171,Pulchowk,27.6787,85.3168
2023-03-30T03:00,13.0,64,6.3,866.3,4.4,171,Pulchowk,27.6787,85.3168
2023-03-30T04:00,12.5,65,6.0,866.2,4.5,166,Pulchowk,27.6787,85.3168
2023-03-30T05:00,12.2,64,5.6,866.6,4.5,166,Pulchowk,27.6787,85.3168
2023-03-30T06:00,13.2,62,6.2,867.3,5.7,162,Pulchowk,27.6787,85.3168
2023-03-30T07:00,16.8,62,9.4,869.1,6.3,156,Pulchowk,27.6787,85.3168
2023-03-30T08:00,20.0,43,6.9,870.6,1.9,112,Pulchowk,27.6787,85.3168
2023-03-30T09:00,21.5,39,6.9,871.0,2.6,344,Pulchowk,27.6787,85.3168
2023-03-30T10:00,22.6,34,5.9,871.1,6.1,310,Pulchowk,27.6787,85.3168
2023-03-30T11:00,23.0,34,6.1,870.7,7.2,297,Pulchowk,27.6787,85.3168
2023-03-30T12:00,23.5,32,5.8,869.9,7.4,293,Pulchowk,27.6787,85.3168
2023-03-30T13:00,23.6,32,5.7,868.9,7.6,278,Pulchowk,27.6787,85.3168
2023-03-30T14:00,22.9,34,6.2,867.9,7.6,278,Pulchowk,27.6787,85.3168
2023-03-30T15:00,22.6,36,6.7,867.0,6.3,301,Pulchowk,27.6787,85.3168
2023-03-30T16:00,22.1,38,7.1,866.5,6.4,313,Pulchowk,27.6787,85.3168
2023-03-30T17:00,19.7,56,10.8,866.7,3.5,204,Pulchowk,27.6787,85.3168
2023-03-30T18:00,17.6,65,11.0,866.3,2.9,187,Pulchowk,27.6787,85.3168
2023-03-30T19:00,16.4,67,10.3,866.4,4.0,185,Pulchowk,27.6787,85.3168
2023-03-30T20:00,14.5,76,10.3,866.3,3.6,180,Pulchowk,27.6787,85.3168
2023-03-30T21:00,13.3,80,9.8,866.3,2.2,171,Pulchowk,27.6787,85.3168
2023-03-30T22:00,13.4,78,9.5,867.0,4.0,175,Pulchowk,27.6787,85.3168
2023-03-30T23:00,13.2,76,9.1,867.2,4.7,171,Pulchowk,27.6787,85.3168
2023-03-31T00:00,13.6,73,8.8,867.1,5.1,172,Pulchowk,27.6787,85.3168
2023-03-31T01:00,13.3,72,8.4,866.3,4.8,167,Pulchowk,27.6787,85.3168
2023-03-31T02:00,13.1,71,8.0,865.7,5.9,169,Pulchowk,27.6787,85.3168
2023-03-31T03:00,13.5,70,8.1,865.7,4.0,170,Pulchowk,27.6787,85.3168
2023-03-31T04:00,13.7,68,8.0,866.0,2.9,173,Pulchowk,27.6787,85.3168
2023-03-31T05:00,13.4,71,8.3,865.9,5.5,169,Pulchowk,27.6787,85.3168
2023-03-31T06:00,14.0,71,8.8,867.0,5.8,173,Pulchowk,27.6787,85.3168
2023-03-31T07:00,17.1,71,11.9,869.5,3.8,163,Pulchowk,27.6787,85.3168
2023-03-31T08:00,19.5,52,9.4,871.3,1.8,53,Pulchowk,27.6787,85.3168
2023-03-31T09:00,20.9,47,9.2,871.7,1.8,360,Pulchowk,27.6787,85.3168
2023-03-31T10:00,21.9,43,8.8,871.6,2.9,263,Pulchowk,27.6787,85.3168
2023-03-31T11:00,22.0,43,8.9,870.7,3.3,257,Pulchowk,27.6787,85.3168
2023-03-31T12:00,19.9,48,8.7,870.3,8.6,237,Pulchowk,27.6787,85.3168
2023-03-31T13:00,15.3,84,12.6,869.7,3.8,319,Pulchowk,27.6787,85.3168
2023-03-31T14:00,15.2,87,13.0,869.1,2.4,27,Pulchowk,27.6787,85.3168
2023-03-31T15:00,15.6,83,12.8,868.3,3.6,127,Pulchowk,27.6787,85.3168
2023-03-31T16:00,15.4,84,12.8,867.7,4.0,95,Pulchowk,27.6787,85.3168
2023-03-31T17:00,13.9,90,12.3,867.7,3.5,156,Pulchowk,27.6787,85.3168
2023-03-31T18:00,13.6,94,12.6,867.3,3.2,153,Pulchowk,27.6787,85.3168
2023-03-31T19:00,13.0,95,12.3,867.2,3.6,180,Pulchowk,27.6787,85.3168
2023-03-31T20:00,12.9,96,12.3,867.6,5.2,168,Pulchowk,27.6787,85.3168
2023-03-31T21:00,12.6,97,12.1,867.9,5.8,176,Pulchowk,27.6787,85.3168
2023-03-31T22:00,12.5,93,11.4,868.6,4.0,175,Pulchowk,27.6787,85.3168
2023-03-31T23:00,12.2,93,11.1,868.4,2.4,153,Pulchowk,27.6787,85.3168
2023-04-01T00:00,12.2,92,10.9,868.0,6.5,183,Pulchowk,27.6787,85.3168
2023-04-01T01:00,12.1,93,10.9,867.2,3.8,131,Pulchowk,27.6787,85.3168
2023-04-01T02:00,11.9,93,10.8,866.8,4.9,163,Pulchowk,27.6787,85.3168
2023-04-01T03:00,11.6,91,10.2,866.2,6.2,170,Pulchowk,27.6787,85.3168
2023-04-01T04:00,11.4,93,10.3,866.1,4.5,166,Pulchowk,27.6787,85.3168
2023-04-01T05:00,11.3,87,9.2,867.4,1.4,180,Pulchowk,27.6787,85.3168
2023-04-01T06:00,11.7,92,10.4,867.6,4.5,166,Pulchowk,27.6787,85.3168
2023-04-01T07:00,13.6,81,10.4,869.0,3.1,159,Pulchowk,27.6787,85.3168
2023-04-01T08:00,15.3,71,10.1,869.8,1.8,101,Pulchowk,27.6787,85.3168
2023-04-01T09:00,16.7,64,9.8,869.9,2.6,56,Pulchowk,27.6787,85.3168
2023-04-01T10:00,18.3,59,10.2,870.0,2.3,18,Pulchowk,27.6787,85.3168
2023-04-01T11:00,19.8,55,10.6,869.3,2.2,351,Pulchowk,27.6787,85.3168
2023-04-01T12:00,15.7,73,11.0,867.7,11.4,235,Pulchowk,27.6787,85.3168
2023-04-01T13:00,16.0,67,10.0,867.6,4.1,75,Pulchowk,27.6787,85.3168
2023-04-01T14:00,16.4,63,9.4,866.8,3.8,197,Pulchowk,27.6787,85.3168
2023-04-01T15:00,15.7,68,9.7,866.4,4.7,32,Pulchowk,27.6787,85.3168
2023-04-01T16:00,14.8,77,10.9,865.8,4.4,35,Pulchowk,27.6787,85.3168
2023-04-01T17:00,13.3,89,11.6,865.6,2.8,50,Pulchowk,27.6787,85.3168
2023-04-01T18:00,12.6,93,11.5,865.1,4.0,170,Pulchowk,27.6787,85.3168
2023-04-01T19:00,12.2,95,11.4,865.1,2.3,162,Pulchowk,27.6787,85.3168
2023-04-01T20:00,11.7,96,11.1,865.4,4.1,165,Pulchowk,27.6787,85.3168
2023-04-01T21:00,10.8,97,10.3,865.4,4.3,175,Pulchowk,27.6787,85.3168
2023-04-01T22:00,10.3,98,10.0,865.5,4.1,165,Pulchowk,27.6787,85.3168
2023-04-01T23:00,10.3,96,9.7,865.9,3.6,174,Pulchowk,27.6787,85.3168
2023-04-02T00:00,10.7,96,10.2,865.3,3.2,180,Pulchowk,27.6787,85.3168
2023-04-02T01:00,10.6,96,10.0,864.7,2.9,180,Pulchowk,27.6787,85.3168
2023-04-02T02:00,9.7,95,8.9,863.7,2.5,180,Pulchowk,27.6787,85.3168
2023-04-02T03:00,9.5,95,8.8,863.1,2.5,180,Pulchowk,27.6787,85.3168
2023-04-02T04:00,9.4,95,8.7,863.0,2.9,173,Pulchowk,27.6787,85.3168
2023-04-02T05:00,9.5,94,8.6,863.4,1.4,180,Pulchowk,27.6787,85.3168
2023-04-02T06:00,9.8,96,9.2,863.9,2.5,180,Pulchowk,27.6787,85.3168
2023-04-02T07:00,13.0,85,10.5,866.2,1.1,162,Pulchowk,27.6787,85.3168
2023-04-02T08:00,14.8,74,10.2,867.3,3.2,333,Pulchowk,27.6787,85.3168
2023-04-02T09:00,16.1,71,10.7,867.6,5.2,326,Pulchowk,27.6787,85.3168
2023-04-02T10:00,17.3,67,11.1,867.7,7.1,330,Pulchowk,27.6787,85.3168
2023-04-02T11:00,18.2,63,11.0,867.3,8.0,306,Pulchowk,27.6787,85.3168
2023-04-02T12:00,18.0,62,10.7,866.4,8.7,287,Pulchowk,27.6787,85.3168
2023-04-02T13:00,16.6,71,11.4,865.5,6.1,320,Pulchowk,27.6787,85.3168
2023-04-02T14:00,17.6,67,11.3,865.1,8.5,324,Pulchowk,27.6787,85.3168
2023-04-02T15:00,15.7,71,10.4,864.5,9.4,313,Pulchowk,27.6787,85.3168
2023-04-02T16:00,15.0,74,10.5,864.5,4.2,329,Pulchowk,27.6787,85.3168
2023-04-02T17:00,12.6,92,11.4,864.4,4.7,328,Pulchowk,27.6787,85.3168
2023-04-02T18:00,12.6,91,11.2,864.1,3.3,186,Pulchowk,27.6787,85.3168
2023-04-02T19:00,11.6,98,11.3,864.1,2.5,172,Pulchowk,27.6787,85.3168
2023-04-02T20:00,11.4,100,11.3,864.2,2.9,173,Pulchowk,27.6787,85.3168
2023-04-02T21:00,11.0,99,10.9,864.0,1.8,169,Pulchowk,27.6787,85.3168
2023-04-02T22:00,10.7,97,10.3,863.8,2.5,172,Pulchowk,27.6787,85.3168
2023-04-02T23:00,10.2,97,9.8,862.9,3.3,174,Pulchowk,27.6787,85.3168
2023-04-03T00:00,9.6,97,9.2,862.1,4.4,171,Pulchowk,27.6787,85.3168
2023-04-03T01:00,9.0,99,8.9,861.3,5.5,169,Pulchowk,27.6787,85.3168
2023-04-03T02:00,8.7,100,8.6,860.6,5.4,172,Pulchowk,27.6787,85.3168
2023-04-03T03:00,8.7,98,8.4,860.3,5.1,172,Pulchowk,27.6787,85.3168
2023-04-03T04:00,8.8,97,8.3,860.6,4.4,171,Pulchowk,27.6787,85.3168
2023-04-03T05:00,9.7,93,8.6,861.5,3.7,169,Pulchowk,27.6787,85.3168
2023-04-03T06:00,10.7,92,9.5,862.8,4.0,170,Pulchowk,27.6787,85.3168
2023-04-03T07:00,14.5,91,13.0,865.6,3.9,158,Pulchowk,27.6787,85.3168
2023-04-03T08:00,16.7,70,11.3,866.8,4.2,70,Pulchowk,27.6787,85.3168
2023-04-03T09:00,18.3,62,10.9,867.5,4.6,51,Pulchowk,27.6787,85.3168
2023-04-03T10:00,19.5,57,10.6,867.4,2.7,23,Pulchowk,27.6787,85.3168
2023-04-03T11:00,20.6,54,11.1,867.4,4.3,318,Pulchowk,27.6787,85.3168
2023-04-03T12:00,20.9,55,11.5,866.6,6.0,287,Pulchowk,27.6787,85.3168
2023-04-03T13:00,20.8,54,11.3,866.3,7.3,279,Pulchowk,27.6787,85.3168
2023-04-03T14:00,20.3,56,11.2,865.5,6.8,288,Pulchowk,27.6787,85.3168
2023-04-03T15:00,19.8,57,11.1,865.6,7.1,300,Pulchowk,27.6787,85.3168
2023-04-03T16:00,18.0,68,11.9,865.5,7.4,317,Pulchowk,27.6787,85.3168
2023-04-03T17:00,16.9,75,12.5,865.9,5.5,328,Pulchowk,27.6787,85.3168
2023-04-03T18:00,15.3,85,12.7,865.5,1.4,180,Pulchowk,27.6787,85.3168
2023-04-03T19:00,14.3,89,12.4,865.6,5.8,187,Pulchowk,27.6787,85.3168
2023-04-03T20:00,13.3,92,11.9,866.1,2.3,198,Pulchowk,27.6787,85.3168
2023-04-03T21:00,13.5,89,11.8,866.6,2.5,180,Pulchowk,27.6787,85.3168
2023-04-03T22:00,12.9,91,11.4,866.2,3.3,174,Pulchowk,27.6787,85.3168
2023-04-03T23:00,12.2,92,11.0,865.7,3.7,169,Pulchowk,27.6787,85.3168
2023-04-04T00:00,11.7,93,10.6,864.7,5.2,168,Pulchowk,27.6787,85.3168
2023-04-04T01:00,11.3,93,10.2,863.8,4.7,171,Pulchowk,27.6787,85.3168
2023-04-04T02:00,11.1,93,9.9,863.4,5.5,169,Pulchowk,27.6787,85.3168
2023-04-04T03:00,11.0,91,9.7,863.1,5.8,173,Pulchowk,27.6787,85.3168
2023-04-04T04:00,11.1,90,9.5,863.2,5.9,166,Pulchowk,27.6787,85.3168
2023-04-04T05:00,12.0,87,9.9,864.0,5.6,165,Pulchowk,27.6787,85.3168
2023-04-04T06:00,13.1,85,10.7,865.5,7.1,165,Pulchowk,27.6787,85.3168
2023-04-04T07:00,17.1,79,13.4,867.9,6.6,158,Pulchowk,27.6787,85.3168
2023-04-04T08:00,19.8,57,11.0,869.4,1.6,243,Pulchowk,27.6787,85.3168
2023-04-04T09:00,21.0,52,10.8,870.0,6.0,295,Pulchowk,27.6787,85.3168
2023-04-04T10:00,21.3,54,11.6,870.4,9.0,299,Pulchowk,27.6787,85.3168
2023-04-04T11:00,21.8,47,10.1,869.8,10.1,297,Pulchowk,27.6787,85.3168
2023-04-04T12:00,22.2,44,9.3,869.3,12.2,298,Pulchowk,27.6787,85.3168
2023-04-04T13:00,21.3,48,10.0,868.4,9.0,275,Pulchowk,27.6787,85.3168
2023-04-04T14:00,20.6,51,10.3,867.8,9.5,279,Pulchowk,27.6787,85.3168
2023-04-04T15:00,20.0,54,10.4,867.4,8.7,315,Pulchowk,27.6787,85.3168
2023-04-04T16:00,19.1,60,11.2,867.1,8.4,335,Pulchowk,27.6787,85.3168
2023-04-04T17:00,15.8,77,11.9,867.8,10.7,310,Pulchowk,27.6787,85.3168
2023-04-04T18:00,14.0,85,11.6,867.3,3.2,153,Pulchowk,27.6787,85.3168
2023-04-04T19:00,13.5,90,11.8,866.9,4.8,153,Pulchowk,27.6787,85.3168
2023-04-04T20:00,12.4,95,11.7,866.8,3.7,169,Pulchowk,27.6787,85.3168
2023-04-04T21:00,12.0,95,11.3,866.7,4.2,160,Pulchowk,27.6787,85.3168
2023-04-04T22:00,11.9,93,10.8,866.4,5.5,169,Pulchowk,27.6787,85.3168
2023-04-04T23:00,11.7,91,10.4,865.9,5.1,172,Pulchowk,27.6787,85.3168
2023-04-05T00:00,11.3,91,9.9,864.9,5.1,172,Pulchowk,27.6787,85.3168
2023-04-05T01:00,11.0,89,9.3,864.0,4.7,176,Pulchowk,27.6787,85.3168
2023-04-05T02:00,11.0,86,8.8,863.4,4.3,175,Pulchowk,27.6787,85.3168
2023-04-05T03:00,11.0,84,8.5,863.1,4.7,176,Pulchowk,27.6787,85.3168
2023-04-05T04:00,11.0,83,8.2,863.0,4.7,171,Pulchowk,27.6787,85.3168
2023-04-05T05:00,11.5,82,8.4,863.9,4.0,170,Pulchowk,27.6787,85.3168
2023-04-05T06:00,13.0,77,9.1,865.0,5.1,172,Pulchowk,27.6787,85.3168
2023-04-05T07:00,16.7,76,12.3,867.4,4.6,162,Pulchowk,27.6787,85.3168
2023-04-05T08:00,18.7,58,10.3,868.8,1.1,18,Pulchowk,27.6787,85.3168
2023-04-05T09:00,20.1,55,10.7,869.2,2.6,344,Pulchowk,27.6787,85.3168
2023-04-05T10:00,21.3,47,9.5,869.5,4.3,312,Pulchowk,27.6787,85.3168
2023-04-05T11:00,22.0,44,9.0,869.3,6.6,292,Pulchowk,27.6787,85.3168
2023-04-05T12:00,22.6,42,8.9,868.8,7.9,294,Pulchowk,27.6787,85.3168
2023-04-05T13:00,22.8,39,8.2,868.1,9.4,302,Pulchowk,27.6787,85.3168
2023-04-05T14:00,22.4,40,8.3,867.4,8.8,305,Pulchowk,27.6787,85.3168
2023-04-05T15:00,22.0,42,8.6,867.1,7.9,309,Pulchowk,27.6787,85.3168
2023-04-05T16:00,21.2,45,8.9,867.1,7.9,313,Pulchowk,27.6787,85.3168
2023-04-05T17:00,19.7,55,10.3,867.2,5.1,309,Pulchowk,27.6787,85.3168
2023-04-05T18:00,18.2,58,9.8,867.3,5.2,245,Pulchowk,27.6787,85.3168
2023-04-05T19:00,16.5,69,10.7,867.1,5.1,225,Pulchowk,27.6787,85.3168
2023-04-05T20:00,16.0,67,9.9,867.8,4.4,235,Pulchowk,27.6787,85.3168
2023-04-05T21:00,14.8,71,9.6,867.5,3.0,194,Pulchowk,27.6787,85.3168
2023-04-05T22:00,14.0,73,9.2,867.0,1.8,180,Pulchowk,27.6787,85.3168
2023-04-05T23:00,13.8,71,8.7,866.8,2.2,171,Pulchowk,27.6787,85.3168
2023-04-06T00:00,13.8,70,8.4,866.6,2.5,172,Pulchowk,27.6787,85.3168
2023-04-06T01:00,13.7,69,8.2,866.2,3.6,174,Pulchowk,27.6787,85.3168
2023-04-06T02:00,13.5,70,8.1,865.6,3.6,174,Pulchowk,27.6787,85.3168
2023-04-06T03:00,13.2,71,8.0,865.3,3.6,174,Pulchowk,27.6787,85.3168
2023-04-06T04:00,13.0,71,7.8,865.5,3.6,174,Pulchowk,27.6787,85.3168
2023-04-06T05:00,11.8,77,7.9,866.5,5.6,165,Pulchowk,27.6787,85.3168
2023-04-06T06:00,14.6,69,9.0,868.5,4.1,165,Pulchowk,27.6787,85.3168
2023-04-06T07:00,17.9,66,11.3,870.6,5.0,150,Pulchowk,27.6787,85.3168
2023-04-06T08:00,19.9,53,10.2,871.7,3.5,114,Pulchowk,27.6787,85.3168
2023-04-06T09:00,21.4,48,9.8,872.4,2.2,81,Pulchowk,27.6787,85.3168
2023-04-06T10:00,22.8,41,8.7,872.6,1.1,342,Pulchowk,27.6787,85.3168
2023-04-06T11:00,23.7,36,7.7,872.4,4.0,297,Pulchowk,27.6787,85.3168
2023-04-06T12:00,24.3,33,7.1,871.7,6.0,295,Pulchowk,27.6787,85.3168
2023-04-06T13:00,24.6,31,6.4,870.9,8.0,297,Pulchowk,27.6787,85.3168
2023-04-06T14:00,24.4,31,5.9,870.1,8.7,308,Pulchowk,27.6787,85.3168
2023-04-06T15:00,23.8,32,6.1,869.6,7.4,317,Pulchowk,27.6787,85.3168
2023-04-06T16:00,22.9,36,6.9,869.3,6.2,306,Pulchowk,27.6787,85.3168
2023-04-06T17:00,20.8,61,13.1,869.0,5.9,284,Pulchowk,27.6787,85.3168
2023-04-06T18:00,18.0,64,11.1,868.6,5.6,230,Pulchowk,27.6787,85.3168
2023-04-06T19:00,17.1,63,10.0,868.9,3.9,202,Pulchowk,27.6787,85.3168
2023-04-06T20:00,16.1,65,9.5,869.3,2.5,188,Pulchowk,27.6787,85.3168
2023-04-06T21:00,15.4,67,9.3,869.5,2.2,189,Pulchowk,27.6787,85.3168
2023-04-06T22:00,14.8,69,9.1,869.5,2.2,180,Pulchowk,27.6787,85.3168
2023-04-06T23:00,14.8,65,8.3,869.7,2.2,180,Pulchowk,27.6787,85.3168
2023-04-07T00:00,14.4,65,7.8,869.2,3.3,174,Pulchowk,27.6787,85.3168
2023-04-07T01:00,14.0,65,7.4,868.6,4.0,175,Pulchowk,27.6787,85.3168
2023-04-07T02:00,13.7,64,7.0,868.0,4.4,171,Pulchowk,27.6787,85.3168
2023-04-07T03:00,13.6,63,6.8,867.5,4.5,166,Pulchowk,27.6787,85.3168
2023-04-07T04:00,13.4,63,6.5,867.6,4.8,167,Pulchowk,27.6787,85.3168
2023-04-07T05:00,12.4,72,7.5,868.3,6.7,164,Pulchowk,27.6787,85.3168
2023-04-07T06:00,15.2,63,8.1,870.3,5.2,164,Pulchowk,27.6787,85.3168
2023-04-07T07:00,18.6,60,10.7,872.3,5.6,165,Pulchowk,27.6787,85.3168
2023-04-07T08:00,21.3,39,6.9,874.0,0.8,297,Pulchowk,27.6787,85.3168
2023-04-07T09:00,22.5,38,7.4,874.7,3.2,333,Pulchowk,27.6787,85.3168
2023-04-07T10:00,23.6,36,7.6,874.7,5.2,326,Pulchowk,27.6787,85.3168
2023-04-07T11:00,24.4,34,7.4,874.5,6.6,319,Pulchowk,27.6787,85.3168
2023-04-07T12:00,25.2,31,7.0,873.8,7.1,319,Pulchowk,27.6787,85.3168
2023-04-07T13:00,25.5,29,6.1,873.0,8.2,311,Pulchowk,27.6787,85.3168
2023-04-07T14:00,25.2,29,5.7,872.1,8.2,299,Pulchowk,27.6787,85.3168
2023-04-07T15:00,24.5,32,6.6,871.7,7.8,292,Pulchowk,27.6787,85.3168
2023-04-07T16:00,23.4,37,7.9,871.4,6.9,279,Pulchowk,27.6787,85.3168
2023-04-07T17:00,20.9,63,13.6,871.0,3.6,225,Pulchowk,27.6787,85.3168
2023-04-07T18:00,18.4,68,12.4,870.8,3.6,186,Pulchowk,27.6787,85.3168
2023-04-07T19:00,17.2,71,11.9,871.0,2.9,187,Pulchowk,27.6787,85.3168
2023-04-07T20:00,16.4,70,11.0,871.4,1.8,180,Pulchowk,27.6787,85.3168
2023-04-07T21:00,15.6,69,10.0,871.7,2.2,180,Pulchowk,27.6787,85.3168
2023-04-07T22:00,15.0,69,9.4,871.8,2.5,172,Pulchowk,27.6787,85.3168
2023-04-07T23:00,14.0,71,8.8,871.2,4.7,171,Pulchowk,27.6787,85.3168
2023-04-08T00:00,13.2,73,8.4,870.5,5.5,169,Pulchowk,27.6787,85.3168
2023-04-08T01:00,13.0,72,8.1,870.0,5.2,168,Pulchowk,27.6787,85.3168
2023-04-08T02:00,13.0,70,7.7,869.7,3.7,169,Pulchowk,27.6787,85.3168
2023-04-08T03:00,13.0,68,7.3,869.4,3.7,169,Pulchowk,27.6787,85.3168
2023-04-08T04:00,13.1,66,7.0,869.6,3.7,169,Pulchowk,27.6787,85.3168
2023-04-08T05:00,13.1,71,8.0,870.9,3.3,167,Pulchowk,27.6787,85.3168
2023-04-08T06:00,14.9,67,8.8,872.4,5.2,168,Pulchowk,27.6787,85.3168
2023-04-08T07:00,18.9,65,12.2,874.8,4.7,157,Pulchowk,27.6787,85.3168
2023-04-08T08:00,21.1,49,10.0,875.8,2.2,90,Pulchowk,27.6787,85.3168
2023-04-08T09:00,22.4,45,9.7,876.3,1.8,360,Pulchowk,27.6787,85.3168
2023-04-08T10:00,23.6,40,9.2,876.4,4.9,324,Pulchowk,27.6787,85.3168
2023-04-08T11:00,24.7,35,8.1,876.2,5.9,308,Pulchowk,27.6787,85.3168
2023-04-08T12:00,24.8,33,7.6,875.4,7.4,313,Pulchowk,27.6787,85.3168
2023-04-08T13:00,25.0,31,6.8,874.8,9.0,307,Pulchowk,27.6787,85.3168
2023-04-08T14:00,24.8,30,6.2,874.0,9.4,310,Pulchowk,27.6787,85.3168
2023-04-08T15:00,24.4,32,6.7,873.5,8.3,304,Pulchowk,27.6787,85.3168
2023-04-08T16:00,23.7,36,7.8,873.1,6.9,298,Pulchowk,27.6787,85.3168
2023-04-08T17:00,21.5,63,14.1,873.0,4.0,243,Pulchowk,27.6787,85.3168
2023-04-08T18:00,19.2,63,12.1,872.6,4.4,215,Pulchowk,27.6787,85.3168
2023-04-08T19:00,17.9,68,12.0,873.1,3.0,194,Pulchowk,27.6787,85.3168
2023-04-08T20:00,17.2,69,11.4,873.3,0.7,180,Pulchowk,27.6787,85.3168
2023-04-08T21:00,16.6,66,10.3,873.5,2.5,188,Pulchowk,27.6787,85.3168
2023-04-08T22:00,15.8,67,9.7,873.1,2.9,180,Pulchowk,27.6787,85.3168
2023-04-08T23:00,15.1,68,9.3,873.0,3.2,180,Pulchowk,27.6787,85.3168
2023-04-09T00:00,14.9,66,8.5,872.6,2.2,180,Pulchowk,27.6787,85.3168
2023-04-09T01:00,14.9,63,7.9,872.2,2.5,172,Pulchowk,27.6787,85.3168
2023-04-09T02:00,14.7,62,7.5,871.6,2.5,172,Pulchowk,27.6787,85.3168
2023-04-09T03:00,14.5,62,7.3,870.9,2.5,172,Pulchowk,27.6787,85.3168
2023-04-09T04:00,14.2,63,7.3,870.7,2.5,172,Pulchowk,27.6787,85.3168
2023-04-09T05:00,13.3,70,8.0,871.3,5.9,166,Pulchowk,27.6787,85.3168
2023-04-09T06:00,16.4,60,8.6,873.0,2.2,171,Pulchowk,27.6787,85.3168
2023-04-09T07:00,19.8,50,9.1,875.4,1.8,180,Pulchowk,27.6787,85.3168
2023-04-09T08:00,21.5,44,8.8,876.3,4.1,322,Pulchowk,27.6787,85.3168
2023-04-09T09:00,22.8,39,8.2,876.3,6.1,320,Pulchowk,27.6787,85.3168
2023-04-09T10:00,24.0,34,7.1,876.2,6.5,304,Pulchowk,27.6787,85.3168
2023-04-09T11:00,25.1,30,6.3,875.7,5.3,298,Pulchowk,27.6787,85.3168
2023-04-09T12:00,25.9,28,5.8,875.0,9.2,312,Pulchowk,27.6787,85.3168
2023-04-09T13:00,25.6,27,5.0,874.3,12.6,307,Pulchowk,27.6787,85.3168
2023-04-09T14:00,24.6,28,4.7,873.8,12.8,308,Pulchowk,27.6787,85.3168
2023-04-09T15:00,23.9,31,5.7,873.1,10.4,304,Pulchowk,27.6787,85.3168
2023-04-09T16:00,23.4,33,6.2,872.4,6.6,292,Pulchowk,27.6787,85.3168
2023-04-09T17:00,21.7,59,13.3,871.8,4.9,306,Pulchowk,27.6787,85.3168
2023-04-09T18:00,21.0,44,8.3,871.7,6.4,286,Pulchowk,27.6787,85.3168
2023-04-09T19:00,21.7,32,4.4,872.5,4.0,243,Pulchowk,27.6787,85.3168
2023-04-09T20:00,18.1,57,9.5,871.7,3.2,207,Pulchowk,27.6787,85.3168
2023-04-09T21:00,17.5,53,7.8,872.0,3.9,202,Pulchowk,27.6787,85.3168
2023-04-09T22:00,16.6,52,6.8,871.5,3.6,186,Pulchowk,27.6787,85.3168
2023-04-09T23:00,15.6,54,6.4,870.9,3.2,180,Pulchowk,27.6787,85.3168
2023-04-10T00:00,15.0,56,6.3,870.4,2.9,180,Pulchowk,27.6787,85.3168
2023-04-10T01:00,14.7,56,6.0,869.7,2.5,180,Pulchowk,27.6787,85.3168
2023-04-10T02:00,14.3,57,6.0,868.7,2.5,172,Pulchowk,27.6787,85.3168
2023-04-10T03:00,14.1,58,6.0,868.3,2.9,173,Pulchowk,27.6787,85.3168
2023-04-10T04:00,14.0,57,5.7,868.2,3.3,167,Pulchowk,27.6787,85.3168
2023-04-10T05:00,12.7,65,6.2,868.3,5.9,166,Pulchowk,27.6787,85.3168
2023-04-10T06:00,15.5,54,6.2,870.1,3.7,169,Pulchowk,27.6787,85.3168
2023-04-10T07:00,18.9,60,11.0,872.3,4.7,157,Pulchowk,27.6787,85.3168
2023-04-10T08:00,21.7,38,6.9,873.8,1.3,56,Pulchowk,27.6787,85.3168
2023-04-10T09:00,23.1,35,6.8,874.1,3.3,354,Pulchowk,27.6787,85.3168
2023-04-10T10:00,24.4,32,6.4,874.0,4.2,340,Pulchowk,27.6787,85.3168
2023-04-10T11:00,25.5,28,5.5,873.7,4.8,312,Pulchowk,27.6787,85.3168
2023-04-10T12:00,26.1,26,4.9,873.0,7.7,298,Pulchowk,27.6787,85.3168
2023-04-10T13:00,25.8,27,5.4,872.3,10.7,303,Pulchowk,27.6787,85.3168
2023-04-10T14:00,25.4,27,5.1,871.5,11.2,318,Pulchowk,27.6787,85.3168
2023-04-10T15:00,24.9,28,5.0,871.0,10.5,322,Pulchowk,27.6787,85.3168
2023-04-10T16:00,24.1,30,5.6,870.4,8.2,319,Pulchowk,27.6787,85.3168
2023-04-10T17:00,22.4,49,11.2,869.8,5.4,318,Pulchowk,27.6787,85.3168
2023-04-10T18:00,20.1,48,8.9,869.8,6.6,261,Pulchowk,27.6787,85.3168
2023-04-10T19:00,18.6,54,9.2,870.0,5.2,205,Pulchowk,27.6787,85.3168
2023-04-10T20:00,17.7,51,7.4,870.2,2.5,180,Pulchowk,27.6787,85.3168
2023-04-10T21:00,16.8,54,7.4,870.1,1.4,180,Pulchowk,27.6787,85.3168
2023-04-10T22:00,16.6,54,7.4,869.9,2.5,188,Pulchowk,27.6787,85.3168
2023-04-10T23:00,16.4,53,6.8,869.6,3.3,186,Pulchowk,27.6787,85.3168
2023-04-11T00:00,15.8,56,7.0,869.1,3.3,174,Pulchowk,27.6787,85.3168
2023-04-11T01:00,15.6,56,6.7,868.4,3.3,174,Pulchowk,27.6787,85.3168
2023-04-11T02:00,15.2,56,6.6,867.6,3.3,167,Pulchowk,27.6787,85.3168
2023-04-11T03:00,15.1,56,6.3,867.3,3.4,162,Pulchowk,27.6787,85.3168
2023-04-11T04:00,15.0,55,6.0,867.6,3.8,163,Pulchowk,27.6787,85.3168
2023-04-11T05:00,13.7,66,7.5,867.5,7.4,166,Pulchowk,27.6787,85.3168
2023-04-11T06:00,16.6,56,7.7,869.5,3.8,163,Pulchowk,27.6787,85.3168
2023-04-11T07:00,19.9,60,11.9,871.6,4.3,156,Pulchowk,27.6787,85.3168
2023-04-11T08:00,22.6,39,8.0,873.2,1.3,34,Pulchowk,27.6787,85.3168
2023-04-11T09:00,24.1,36,7.9,873.7,3.2,360,Pulchowk,27.6787,85.3168
2023-04-11T10:00,25.4,33,7.7,873.8,4.7,337,Pulchowk,27.6787,85.3168
2023-04-11T11:00,26.2,28,6.4,873.7,3.9,326,Pulchowk,27.6787,85.3168
2023-04-11T12:00,26.6,26,5.4,873.0,5.3,298,Pulchowk,27.6787,85.3168
2023-04-11T13:00,26.8,26,5.5,872.3,7.7,298,Pulchowk,27.6787,85.3168
2023-04-11T14:00,26.7,26,5.8,871.5,8.1,283,Pulchowk,27.6787,85.3168
2023-04-11T15:00,26.2,28,6.0,871.0,8.3,268,Pulchowk,27.6787,85.3168
2023-04-11T16:00,24.8,31,6.7,870.7,8.7,265,Pulchowk,27.6787,85.3168
2023-04-11T17:00,22.9,45,10.2,870.7,4.4,235,Pulchowk,27.6787,85.3168
2023-04-11T18:00,19.9,63,12.6,870.1,6.0,213,Pulchowk,27.6787,85.3168
2023-04-11T19:00,18.6,62,11.2,870.2,2.2,171,Pulchowk,27.6787,85.3168
2023-04-11T20:00,17.5,59,9.4,870.2,2.5,180,Pulchowk,27.6787,85.3168
2023-04-11T21:00,16.4,62,9.1,870.3,3.6,180,Pulchowk,27.6787,85.3168
2023-04-11T22:00,15.4,65,8.7,869.7,4.0,175,Pulchowk,27.6787,85.3168
2023-04-11T23:00,14.7,65,8.1,869.3,3.7,169,Pulchowk,27.6787,85.3168
2023-04-12T00:00,14.9,61,7.5,868.9,3.0,166,Pulchowk,27.6787,85.3168
2023-04-12T01:00,15.1,60,7.4,868.4,3.3,167,Pulchowk,27.6787,85.3168
2023-04-12T02:00,15.0,59,7.0,868.0,3.7,169,Pulchowk,27.6787,85.3168
2023-04-12T03:00,14.9,59,6.8,867.7,4.4,171,Pulchowk,27.6787,85.3168
2023-04-12T04:00,14.5,59,6.5,867.7,4.7,171,Pulchowk,27.6787,85.3168
2023-04-12T05:00,14.0,64,7.4,868.4,5.9,169,Pulchowk,27.6787,85.3168
2023-04-12T06:00,15.4,65,8.8,869.4,6.6,167,Pulchowk,27.6787,85.3168
2023-04-12T07:00,20.0,63,12.7,872.2,4.7,157,Pulchowk,27.6787,85.3168
2023-04-12T08:00,22.8,42,9.3,873.6,1.3,56,Pulchowk,27.6787,85.3168
2023-04-12T09:00,24.2,39,9.4,874.1,2.9,353,Pulchowk,27.6787,85.3168
2023-04-12T10:00,25.5,35,8.9,874.0,6.0,327,Pulchowk,27.6787,85.3168
2023-04-12T11:00,26.5,32,8.3,873.6,8.1,328,Pulchowk,27.6787,85.3168
2023-04-12T12:00,27.3,28,7.4,872.8,9.6,326,Pulchowk,27.6787,85.3168
2023-04-12T13:00,27.7,25,6.0,871.9,8.9,320,Pulchowk,27.6787,85.3168
2023-04-12T14:00,27.7,25,5.7,871.0,8.3,304,Pulchowk,27.6787,85.3168
2023-04-12T15:00,27.1,27,6.4,870.4,7.3,290,Pulchowk,27.6787,85.3168
2023-04-12T16:00,25.8,31,7.5,870.1,7.9,294,Pulchowk,27.6787,85.3168
2023-04-12T17:00,24.3,43,10.8,869.7,4.3,246,Pulchowk,27.6787,85.3168
2023-04-12T18:00,21.2,61,13.4,869.4,5.4,217,Pulchowk,27.6787,85.3168
2023-04-12T19:00,19.8,64,12.8,869.5,2.9,187,Pulchowk,27.6787,85.3168
2023-04-12T20:00,18.8,64,12.0,869.9,1.5,194,Pulchowk,27.6787,85.3168
2023-04-12T21:00,18.4,63,11.2,870.0,2.2,180,Pulchowk,27.6787,85.3168
2023-04-12T22:00,18.0,61,10.4,869.7,2.9,173,Pulchowk,27.6787,85.3168
2023-04-12T23:00,17.2,62,9.9,869.1,4.3,175,Pulchowk,27.6787,85.3168
2023-04-13T00:00,16.4,64,9.6,868.1,5.1,172,Pulchowk,27.6787,85.3168
2023-04-13T01:00,15.9,66,9.4,867.4,5.1,172,Pulchowk,27.6787,85.3168
2023-04-13T02:00,15.6,66,9.2,866.9,4.8,167,Pulchowk,27.6787,85.3168
2023-04-13T03:00,15.5,65,9.0,866.6,5.5,169,Pulchowk,27.6787,85.3168
2023-04-13T04:00,15.3,65,8.8,866.5,5.5,169,Pulchowk,27.6787,85.3168
2023-04-13T05:00,15.2,67,9.1,867.2,5.2,168,Pulchowk,27.6787,85.3168
2023-04-13T06:00,16.8,64,10.0,868.5,5.1,172,Pulchowk,27.6787,85.3168
2023-04-13T07:00,21.2,63,13.8,870.8,3.1,159,Pulchowk,27.6787,85.3168
2023-04-13T08:00,23.8,42,10.1,872.1,2.9,353,Pulchowk,27.6787,85.3168
2023-04-13T09:00,25.3,40,10.8,872.4,4.8,333,Pulchowk,27.6787,85.3168
2023-04-13T10:00,26.6,35,9.8,872.4,8.2,319,Pulchowk,27.6787,85.3168
2023-04-13T11:00,27.6,30,8.6,872.1,10.0,311,Pulchowk,27.6787,85.3168
2023-04-13T12:00,28.2,27,7.4,871.7,9.8,298,Pulchowk,27.6787,85.3168
2023-04-13T13:00,27.8,28,7.8,871.0,10.9,278,Pulchowk,27.6787,85.3168
2023-04-13T14:00,26.9,33,9.0,870.3,10.2,262,Pulchowk,27.6787,85.3168
2023-04-13T15:00,26.4,34,9.2,869.9,9.3,257,Pulchowk,27.6787,85.3168
2023-04-13T16:00,25.7,35,9.3,869.7,9.2,259,Pulchowk,27.6787,85.3168
2023-04-13T17:00,24.4,43,11.0,869.6,6.7,234,Pulchowk,27.6787,85.3168
2023-04-13T18:00,21.6,61,13.6,869.3,3.8,197,Pulchowk,27.6787,85.3168
2023-04-13T19:00,20.5,58,11.9,869.3,2.5,180,Pulchowk,27.6787,85.3168
2023-04-13T20:00,19.8,58,11.4,869.7,2.2,171,Pulchowk,27.6787,85.3168
2023-04-13T21:00,18.9,58,10.6,869.4,2.9,180,Pulchowk,27.6787,85.3168
2023-04-13T22:00,17.9,59,9.9,869.0,3.2,180,Pulchowk,27.6787,85.3168
2023-04-13T23:00,17.2,59,9.1,868.6,3.3,174,Pulchowk,27.6787,85.3168
2023-04-14T00:00,16.9,58,8.5,868.1,3.3,174,Pulchowk,27.6787,85.3168
2023-04-14T01:00,16.7,56,7.8,867.6,3.6,174,Pulchowk,27.6787,85.3168
2023-04-14T02:00,16.7,54,7.3,867.4,4.3,175,Pulchowk,27.6787,85.3168
2023-04-14T03:00,16.4,54,7.1,867.1,4.4,171,Pulchowk,27.6787,85.3168
2023-04-14T04:00,16.2,55,7.1,867.3,4.0,170,Pulchowk,27.6787,85.3168
2023-04-14T05:00,16.1,63,9.0,868.1,3.7,169,Pulchowk,27.6787,85.3168
2023-04-14T06:00,17.9,60,10.0,869.9,4.8,167,Pulchowk,27.6787,85.3168
2023-04-14T07:00,21.8,61,14.0,872.1,3.9,146,Pulchowk,27.6787,85.3168
2023-04-14T08:00,24.6,42,10.8,873.5,2.2,9,Pulchowk,27.6787,85.3168
2023-04-14T09:00,26.0,38,10.4,873.8,5.5,337,Pulchowk,27.6787,85.3168
2023-04-14T10:00,27.4,30,8.3,873.6,7.9,313,Pulchowk,27.6787,85.3168
2023-04-14T11:00,28.4,27,7.3,873.2,9.7,301,Pulchowk,27.6787,85.3168
2023-04-14T12:00,28.8,25,6.8,872.6,9.9,289,Pulchowk,27.6787,85.3168
2023-04-14T13:00,28.6,27,7.5,872.0,9.7,268,Pulchowk,27.6787,85.3168
2023-04-14T14:00,27.9,30,8.7,871.2,9.0,265,Pulchowk,27.6787,85.3168
2023-04-14T15:00,27.6,30,8.6,870.6,8.8,261,Pulchowk,27.6787,85.3168
2023-04-14T16:00,26.8,33,9.2,870.1,7.6,262,Pulchowk,27.6787,85.3168
2023-04-14T17:00,25.6,39,10.7,869.9,5.2,258,Pulchowk,27.6787,85.3168
2023-04-14T18:00,22.5,64,15.3,869.3,5.9,232,Pulchowk,27.6787,85.3168
2023-04-14T19:00,22.1,59,13.6,870.0,4.1,218,Pulchowk,27.6787,85.3168
2023-04-14T20:00,22.2,49,10.9,871.0,1.4,180,Pulchowk,27.6787,85.3168
2023-04-14T21:00,19.9,67,13.5,870.7,1.8,180,Pulchowk,27.6787,85.3168
2023-04-14T22:00,19.2,67,13.0,870.4,3.3,174,Pulchowk,27.6787,85.3168
2023-04-14T23:00,18.1,72,12.9,869.5,3.3,167,Pulchowk,27.6787,85.3168
2023-04-15T00:00,17.5,73,12.7,868.8,4.7,171,Pulchowk,27.6787,85.3168
2023-04-15T01:00,16.9,74,12.3,868.5,5.5,169,Pulchowk,27.6787,85.3168
2023-04-15T02:00,16.9,72,11.9,868.4,5.4,172,Pulchowk,27.6787,85.3168
2023-04-15T03:00,16.8,70,11.3,868.4,4.8,167,Pulchowk,27.6787,85.3168
2023-04-15T04:00,16.8,68,10.8,868.7,5.6,165,Pulchowk,27.6787,85.3168
2023-04-15T05:00,16.7,75,12.1,869.6,6.6,171,Pulchowk,27.6787,85.3168
2023-04-15T06:00,17.8,73,12.8,870.8,7.0,168,Pulchowk,27.6787,85.3168
2023-04-15T07:00,22.0,62,14.4,873.1,4.5,151,Pulchowk,27.6787,85.3168
2023-04-15T08:00,24.5,49,13.2,874.2,3.0,104,Pulchowk,27.6787,85.3168
2023-04-15T09:00,26.2,40,11.5,874.8,1.6,63,Pulchowk,27.6787,85.3168
2023-04-15T10:00,27.3,35,10.5,874.6,4.3,312,Pulchowk,27.6787,85.3168
2023-04-15T11:00,28.4,31,9.8,874.2,7.9,309,Pulchowk,27.6787,85.3168
2023-04-15T12:00,28.9,28,8.8,873.3,9.8,306,Pulchowk,27.6787,85.3168
2023-04-15T13:00,28.9,29,8.9,872.7,10.7,303,Pulchowk,27.6787,85.3168
2023-04-15T14:00,28.3,31,9.6,872.1,9.1,288,Pulchowk,27.6787,85.3168
2023-04-15T15:00,28.0,33,10.1,871.4,7.8,292,Pulchowk,27.6787,85.3168
2023-04-15T16:00,27.0,36,10.8,871.0,8.0,306,Pulchowk,27.6787,85.3168
2023-04-15T17:00,25.5,41,11.2,870.5,7.9,321,Pulchowk,27.6787,85.3168
2023-04-15T18:00,22.8,65,16.0,870.1,6.1,310,Pulchowk,27.6787,85.3168
2023-04-15T19:00,23.6,44,10.6,871.2,2.8,220,Pulchowk,27.6787,85.3168
2023-04-15T20:00,21.4,69,15.4,870.9,1.1,180,Pulchowk,27.6787,85.3168
2023-04-15T21:00,20.9,67,14.5,870.9,0.7,180,Pulchowk,27.6787,85.3168
2023-04-15T22:00,20.4,65,13.6,870.7,1.4,180,Pulchowk,27.6787,85.3168
2023-04-15T23:00,19.6,66,13.0,870.2,2.2,180,Pulchowk,27.6787,85.3168
2023-04-16T00:00,19.1,67,12.9,869.7,1.8,180,Pulchowk,27.6787,85.3168
2023-04-16T01:00,19.0,67,12.7,869.3,1.8,180,Pulchowk,27.6787,85.3168
2023-04-16T02:00,18.7,67,12.5,868.8,2.2,180,Pulchowk,27.6787,85.3168
2023-04-16T03:00,18.4,68,12.3,868.1,2.9,180,Pulchowk,27.6787,85.3168
2023-04-16T04:00,18.0,69,12.1,868.0,2.5,180,Pulchowk,27.6787,85.3168
2023-04-16T05:00,17.1,75,12.7,868.2,3.6,174,Pulchowk,27.6787,85.3168
2023-04-16T06:00,19.7,64,12.8,869.6,4.0,170,Pulchowk,27.6787,85.3168
2023-04-16T07:00,23.2,53,13.0,871.5,3.1,159,Pulchowk,27.6787,85.3168
2023-04-16T08:00,24.9,44,11.7,872.2,1.4,360,Pulchowk,27.6787,85.3168
2023-04-16T09:00,26.9,35,10.1,872.8,4.3,312,Pulchowk,27.6787,85.3168
2023-04-16T10:00,28.3,29,8.6,872.7,6.1,310,Pulchowk,27.6787,85.3168
2023-04-16T11:00,29.3,27,8.1,872.2,7.9,317,Pulchowk,27.6787,85.3168
2023-04-16T12:00,29.7,25,7.4,871.4,9.4,310,Pulchowk,27.6787,85.3168
2023-04-16T13:00,29.9,24,7.3,870.3,10.9,304,Pulchowk,27.6787,85.3168
2023-04-16T14:00,28.9,25,7.0,869.4,10.9,304,Pulchowk,27.6787,85.3168
2023-04-16T15:00,28.2,23,4.8,868.9,11.4,288,Pulchowk,27.6787,85.3168
2023-04-16T16:00,27.2,20,2.3,868.8,10.8,272,Pulchowk,27.6787,85.3168
2023-04-16T17:00,25.5,24,3.5,868.6,7.0,249,Pulchowk,27.6787,85.3168
2023-04-16T18:00,22.3,47,10.3,867.6,5.6,207,Pulchowk,27.6787,85.3168
2023-04-16T19:00,21.1,44,8.3,867.8,2.5,172,Pulchowk,27.6787,85.3168
2023-04-16T20:00,20.6,39,6.2,868.2,2.2,171,Pulchowk,27.6787,85.3168
2023-04-16T21:00,19.7,41,5.9,868.4,2.9,173,Pulchowk,27.6787,85.3168
2023-04-16T22:00,18.9,42,5.6,868.3,4.5,166,Pulchowk,27.6787,85.3168
2023-04-16T23:00,17.9,43,5.3,867.9,4.7,171,Pulchowk,27.6787,85.3168
2023-04-17T00:00,17.1,46,5.3,867.1,5.5,169,Pulchowk,27.6787,85.3168
2023-04-17T01:00,16.7,48,5.5,866.4,4.0,175,Pulchowk,27.6787,85.3168
2023-04-17T02:00,16.7,48,5.7,865.9,4.4,171,Pulchowk,27.6787,85.3168
2023-04-17T03:00,16.7,49,5.8,865.8,4.8,167,Pulchowk,27.6787,85.3168
2023-04-17T04:00,16.8,48,5.8,865.9,4.4,171,Pulchowk,27.6787,85.3168
2023-04-17T05:00,17.1,55,8.0,866.3,4.1,165,Pulchowk,27.6787,85.3168
2023-04-17T06:00,19.2,51,8.8,868.0,5.2,164,Pulchowk,27.6787,85.3168
2023-04-17T07:00,23.7,45,11.1,870.4,4.4,145,Pulchowk,27.6787,85.3168
2023-04-17T08:00,26.1,32,8.0,871.6,1.8,79,Pulchowk,27.6787,85.3168
2023-04-17T09:00,27.8,26,6.5,872.2,3.4,342,Pulchowk,27.6787,85.3168
2023-04-17T10:00,29.1,23,5.7,872.3,7.9,321,Pulchowk,27.6787,85.3168
2023-04-17T11:00,29.9,21,5.2,872.1,10.4,316,Pulchowk,27.6787,85.3168
2023-04-17T12:00,30.5,20,4.8,871.5,11.5,311,Pulchowk,27.6787,85.3168
2023-04-17T13:00,30.5,20,4.7,870.9,10.5,308,Pulchowk,27.6787,85.3168
2023-04-17T14:00,30.6,20,5.0,870.0,10.5,308,Pulchowk,27.6787,85.3168
2023-04-17T15:00,29.7,20,4.3,869.6,10.5,292,Pulchowk,27.6787,85.3168
2023-04-17T16:00,28.6,22,4.7,869.4,9.8,278,Pulchowk,27.6787,85.3168
2023-04-17T17:00,26.7,29,7.1,869.9,6.4,243,Pulchowk,27.6787,85.3168
2023-04-17T18:00,23.8,50,12.8,869.7,6.4,227,Pulchowk,27.6787,85.3168
2023-04-17T19:00,25.1,32,7.3,871.1,3.9,202,Pulchowk,27.6787,85.3168
2023-04-17T20:00,21.8,50,11.0,870.5,2.2,180,Pulchowk,27.6787,85.3168
2023-04-17T21:00,21.1,48,9.7,870.5,2.2,171,Pulchowk,27.6787,85.3168
2023-04-17T22:00,20.9,46,8.8,870.3,3.3,174,Pulchowk,27.6787,85.3168
2023-04-17T23:00,20.3,46,8.3,870.1,4.0,170,Pulchowk,27.6787,85.3168
2023-04-18T00:00,19.5,48,8.0,869.1,3.6,174,Pulchowk,27.6787,85.3168
2023-04-18T01:00,19.0,48,7.7,868.4,4.0,170,Pulchowk,27.6787,85.3168
2023-04-18T02:00,18.5,48,7.3,867.8,4.7,171,Pulchowk,27.6787,85.3168
2023-04-18T03:00,18.1,48,7.0,867.6,5.5,169,Pulchowk,27.6787,85.3168
2023-04-18T04:00,17.7,49,6.8,867.5,5.5,169,Pulchowk,27.6787,85.3168
2023-04-18T05:00,17.9,52,8.0,868.3,5.6,165,Pulchowk,27.6787,85.3168
2023-04-18T06:00,19.6,52,9.4,869.7,5.9,166,Pulchowk,27.6787,85.3168
2023-04-18T07:00,24.3,48,12.6,872.5,4.2,149,Pulchowk,27.6787,85.3168
2023-04-18T08:00,27.2,31,8.7,873.8,1.9,68,Pulchowk,27.6787,85.3168
2023-04-18T09:00,28.7,27,7.6,874.7,4.5,299,Pulchowk,27.6787,85.3168
2023-04-18T10:00,29.4,24,6.8,874.4,10.0,300,Pulchowk,27.6787,85.3168
2023-04-18T11:00,30.2,23,6.5,874.2,11.8,310,Pulchowk,27.6787,85.3168
2023-04-18T12:00,30.7,21,5.9,873.6,11.2,315,Pulchowk,27.6787,85.3168
2023-04-18T13:00,31.2,20,5.3,872.6,11.2,312,Pulchowk,27.6787,85.3168
2023-04-18T14:00,31.2,18,4.3,871.5,12.7,305,Pulchowk,27.6787,85.3168
2023-04-18T15:00,30.0,19,3.5,871.1,12.2,304,Pulchowk,27.6787,85.3168
2023-04-18T16:00,29.3,20,3.8,870.6,10.2,302,Pulchowk,27.6787,85.3168
2023-04-18T17:00,27.5,27,6.8,870.1,5.3,298,Pulchowk,27.6787,85.3168
2023-04-18T18:00,27.3,24,4.7,870.8,5.1,262,Pulchowk,27.6787,85.3168
2023-04-18T19:00,23.6,41,9.6,869.5,2.5,188,Pulchowk,27.6787,85.3168
2023-04-18T20:00,22.7,36,6.8,869.8,4.3,175,Pulchowk,27.6787,85.3168
2023-04-18T21:00,21.0,39,6.6,869.0,5.1,176,Pulchowk,27.6787,85.3168
2023-04-18T22:00,19.8,42,6.4,868.6,5.1,176,Pulchowk,27.6787,85.3168
2023-04-18T23:00,19.2,42,6.1,868.2,4.7,176,Pulchowk,27.6787,85.3168
2023-04-19T00:00,19.0,42,5.7,867.8,4.4,171,Pulchowk,27.6787,85.3168
2023-04-19T01:00,19.3,41,5.6,867.3,3.3,174,Pulchowk,27.6787,85.3168
2023-04-19T02:00,19.4,41,6.0,866.8,2.9,173,Pulchowk,27.6787,85.3168
2023-04-19T03:00,19.4,42,6.1,866.4,4.0,170,Pulchowk,27.6787,85.3168
2023-04-19T04:00,19.3,42,5.9,866.3,4.8,167,Pulchowk,27.6787,85.3168
2023-04-19T05:00,18.4,52,8.2,866.1,4.7,171,Pulchowk,27.6787,85.3168
2023-04-19T06:00,20.6,45,8.3,867.1,4.7,171,Pulchowk,27.6787,85.3168
2023-04-19T07:00,24.7,41,10.6,869.3,4.7,171,Pulchowk,27.6787,85.3168
2023-04-19T08:00,27.2,28,7.3,870.3,1.5,315,Pulchowk,27.6787,85.3168
2023-04-19T09:00,28.7,23,5.6,870.7,5.0,300,Pulchowk,27.6787,85.3168
2023-04-19T10:00,29.8,21,5.4,870.5,7.1,300,Pulchowk,27.6787,85.3168
2023-04-19T11:00,30.7,21,5.6,870.1,8.9,302,Pulchowk,27.6787,85.3168
2023-04-19T12:00,31.0,19,5.0,869.1,9.3,306,Pulchowk,27.6787,85.3168
2023-04-19T13:00,31.0,18,4.0,867.9,10.5,297,Pulchowk,27.6787,85.3168
2023-04-19T14:00,30.9,18,3.8,867.1,10.7,284,Pulchowk,27.6787,85.3168
2023-04-19T15:00,29.9,20,4.6,866.7,10.9,287,Pulchowk,27.6787,85.3168
2023-04-19T16:00,28.9,21,4.2,866.4,10.6,294,Pulchowk,27.6787,85.3168
2023-04-19T17:00,27.4,27,6.5,866.5,6.6,279,Pulchowk,27.6787,85.3168
2023-04-19T18:00,26.3,27,5.7,866.3,4.0,10,Pulchowk,27.6787,85.3168
2023-04-19T19:00,23.0,46,10.6,865.5,2.7,157,Pulchowk,27.6787,85.3168
2023-04-19T20:00,22.1,40,7.8,865.4,5.1,172,Pulchowk,27.6787,85.3168
2023-04-19T21:00,19.9,46,7.8,864.7,5.4,172,Pulchowk,27.6787,85.3168
2023-04-19T22:00,18.4,50,7.7,864.3,6.9,174,Pulchowk,27.6787,85.3168
2023-04-19T23:00,17.7,51,7.5,863.8,5.8,176,Pulchowk,27.6787,85.3168
2023-04-20T00:00,17.1,51,7.0,862.8,4.0,175,Pulchowk,27.6787,85.3168
2023-04-20T01:00,17.0,51,6.6,862.3,5.1,172,Pulchowk,27.6787,85.3168
2023-04-20T02:00,17.1,49,6.2,861.8,5.1,176,Pulchowk,27.6787,85.3168
2023-04-20T03:00,17.1,48,6.0,861.6,4.0,175,Pulchowk,27.6787,85.3168
2023-04-20T04:00,17.2,48,6.0,861.9,4.0,170,Pulchowk,27.6787,85.3168
2023-04-20T05:00,17.3,54,7.9,862.2,4.5,166,Pulchowk,27.6787,85.3168
2023-04-20T06:00,19.6,51,9.1,863.9,5.9,169,Pulchowk,27.6787,85.3168
2023-04-20T07:00,24.5,39,9.7,866.6,5.0,150,Pulchowk,27.6787,85.3168
2023-04-20T08:00,26.8,31,8.1,867.5,3.6,96,Pulchowk,27.6787,85.3168
2023-04-20T09:00,28.4,26,7.3,867.8,1.8,79,Pulchowk,27.6787,85.3168
2023-04-20T10:00,30.0,22,6.1,867.8,4.6,252,Pulchowk,27.6787,85.3168
2023-04-20T11:00,30.1,21,5.5,867.6,10.5,254,Pulchowk,27.6787,85.3168
2023-04-20T12:00,29.8,20,4.2,867.2,14.5,293,Pulchowk,27.6787,85.3168
2023-04-20T13:00,28.6,20,3.4,866.8,17.0,291,Pulchowk,27.6787,85.3168
2023-04-20T14:00,26.3,28,6.3,865.7,10.5,297,Pulchowk,27.6787,85.3168
2023-04-20T15:00,26.7,28,6.4,865.3,9.5,299,Pulchowk,27.6787,85.3168
2023-04-20T16:00,25.1,32,7.1,865.4,15.5,301,Pulchowk,27.6787,85.3168
2023-04-20T17:00,25.5,31,7.3,864.4,5.0,21,Pulchowk,27.6787,85.3168
2023-04-20T18:00,24.4,33,6.9,864.5,4.0,85,Pulchowk,27.6787,85.3168
2023-04-20T19:00,22.0,44,9.2,864.3,1.8,180,Pulchowk,27.6787,85.3168
2023-04-20T20:00,21.2,43,8.2,864.5,4.2,160,Pulchowk,27.6787,85.3168
2023-04-20T21:00,19.9,47,8.2,864.4,5.9,169,Pulchowk,27.6787,85.3168
2023-04-20T22:00,18.9,50,8.2,864.3,5.1,172,Pulchowk,27.6787,85.3168
2023-04-20T23:00,18.3,52,8.1,863.8,4.4,171,Pulchowk,27.6787,85.3168
2023-04-21T00:00,18.0,52,7.9,863.4,5.1,176,Pulchowk,27.6787,85.3168
2023-04-21T01:00,17.7,52,7.7,863.0,4.7,171,Pulchowk,27.6787,85.3168
2023-04-21T02:00,17.1,53,7.5,862.5,4.4,171,Pulchowk,27.6787,85.3168
2023-04-21T03:00,17.0,53,7.3,862.4,3.3,174,Pulchowk,27.6787,85.3168
2023-04-21T04:00,17.1,52,7.0,862.7,4.1,165,Pulchowk,27.6787,85.3168
2023-04-21T05:00,17.7,46,6.0,863.5,4.0,175,Pulchowk,27.6787,85.3168
2023-04-21T06:00,20.2,38,5.3,865.5,5.0,180,Pulchowk,27.6787,85.3168
2023-04-21T07:00,24.0,27,4.0,867.8,4.6,198,Pulchowk,27.6787,85.3168
2023-04-21T08:00,23.8,30,5.0,869.5,13.2,241,Pulchowk,27.6787,85.3168
2023-04-21T09:00,23.5,33,6.3,869.8,5.3,298,Pulchowk,27.6787,85.3168
2023-04-21T10:00,24.9,29,5.8,869.9,6.0,335,Pulchowk,27.6787,85.3168
2023-04-21T11:00,26.3,25,4.6,869.3,4.8,312,Pulchowk,27.6787,85.3168
2023-04-21T12:00,27.2,24,4.9,868.4,11.7,317,Pulchowk,27.6787,85.3168
2023-04-21T13:00,25.1,27,5.0,867.4,8.9,310,Pulchowk,27.6787,85.3168
2023-04-21T14:00,25.1,27,4.5,866.8,13.1,278,Pulchowk,27.6787,85.3168
2023-04-21T15:00,23.8,31,5.7,866.3,8.4,295,Pulchowk,27.6787,85.3168
2023-04-21T16:00,22.4,37,6.9,866.0,12.2,315,Pulchowk,27.6787,85.3168
2023-04-21T17:00,19.5,53,9.8,866.5,11.1,306,Pulchowk,27.6787,85.3168
2023-04-21T18:00,17.6,66,11.1,866.0,4.1,345,Pulchowk,27.6787,85.3168
2023-04-21T19:00,16.9,70,11.3,865.7,6.9,174,Pulchowk,27.6787,85.3168
2023-04-21T20:00,15.5,76,11.2,864.7,8.4,170,Pulchowk,27.6787,85.3168
2023-04-21T21:00,14.7,77,10.7,864.4,7.8,167,Pulchowk,27.6787,85.3168
2023-04-21T22:00,14.0,78,10.1,863.9,6.6,171,Pulchowk,27.6787,85.3168
2023-04-21T23:00,13.7,76,9.5,863.6,5.1,172,Pulchowk,27.6787,85.3168
2023-04-22T00:00,13.8,72,8.9,863.3,4.3,175,Pulchowk,27.6787,85.3168
2023-04-22T01:00,14.1,68,8.3,862.9,4.7,171,Pulchowk,27.6787,85.3168
2023-04-22T02:00,13.8,67,7.8,862.3,4.7,171,Pulchowk,27.6787,85.3168
2023-04-22T03:00,13.7,66,7.4,862.1,5.2,168,Pulchowk,27.6787,85.3168
2023-04-22T04:00,13.7,65,7.2,862.2,6.9,171,Pulchowk,27.6787,85.3168
2023-04-22T05:00,14.2,68,8.3,863.6,4.4,171,Pulchowk,27.6787,85.3168
2023-04-22T06:00,16.3,63,9.3,865.2,5.4,176,Pulchowk,27.6787,85.3168
2023-04-22T07:00,20.2,46,8.3,867.6,1.1,162,Pulchowk,27.6787,85.3168
2023-04-22T08:00,21.9,42,8.3,868.7,3.4,342,Pulchowk,27.6787,85.3168
2023-04-22T09:00,23.6,35,7.2,869.0,5.4,312,Pulchowk,27.6787,85.3168
2023-04-22T10:00,25.1,28,5.4,869.0,6.9,298,Pulchowk,27.6787,85.3168
2023-04-22T11:00,25.8,25,4.1,868.8,7.9,294,Pulchowk,27.6787,85.3168
2023-04-22T12:00,26.7,21,2.8,868.1,8.4,301,Pulchowk,27.6787,85.3168
2023-04-22T13:00,26.3,22,2.6,867.2,8.4,290,Pulchowk,27.6787,85.3168
2023-04-22T14:00,26.3,22,2.9,866.5,8.8,282,Pulchowk,27.6787,85.3168
2023-04-22T15:00,25.4,24,3.5,865.9,9.8,287,Pulchowk,27.6787,85.3168
2023-04-22T16:00,24.4,27,4.1,865.5,9.1,288,Pulchowk,27.6787,85.3168
2023-04-22T17:00,23.6,23,1.2,865.7,9.3,254,Pulchowk,27.6787,85.3168
2023-04-22T18:00,21.5,28,2.2,865.8,6.6,248,Pulchowk,27.6787,85.3168
2023-04-22T19:00,19.6,48,8.4,866.1,5.2,245,Pulchowk,27.6787,85.3168
2023-04-22T20:00,18.5,56,9.5,866.4,5.6,285,Pulchowk,27.6787,85.3168
2023-04-22T21:00,17.9,54,8.3,866.6,4.7,180,Pulchowk,27.6787,85.3168
2023-04-22T22:00,17.9,42,4.8,866.7,4.4,171,Pulchowk,27.6787,85.3168
2023-04-22T23:00,17.0,47,5.5,865.9,2.9,173,Pulchowk,27.6787,85.3168
2023-04-23T00:00,16.8,48,5.6,865.7,5.2,168,Pulchowk,27.6787,85.3168
2023-04-23T01:00,16.3,49,5.5,865.3,3.5,156,Pulchowk,27.6787,85.3168
2023-04-23T02:00,15.9,49,5.2,865.1,2.9,180,Pulchowk,27.6787,85.3168
2023-04-23T03:00,15.5,52,5.5,865.3,1.8,180,Pulchowk,27.6787,85.3168
2023-04-23T04:00,15.0,53,5.6,865.4,2.2,171,Pulchowk,27.6787,85.3168
2023-04-23T05:00,14.6,55,5.7,865.5,4.7,171,Pulchowk,27.6787,85.3168
2023-04-23T06:00,16.2,55,7.1,867.0,6.5,174,Pulchowk,27.6787,85.3168
2023-04-23T07:00,20.4,41,6.8,869.2,2.8,140,Pulchowk,27.6787,85.3168
2023-04-23T08:00,22.3,32,4.9,870.0,1.6,63,Pulchowk,27.6787,85.3168
2023-04-23T09:00,23.8,28,3.9,870.5,3.7,331,Pulchowk,27.6787,85.3168
2023-04-23T10:00,25.1,25,3.7,870.4,5.7,288,Pulchowk,27.6787,85.3168
2023-04-23T11:00,25.4,24,3.6,870.2,6.6,261,Pulchowk,27.6787,85.3168
2023-04-23T12:00,25.8,24,3.5,869.8,6.5,270,Pulchowk,27.6787,85.3168
2023-04-23T13:00,24.7,25,3.6,868.9,9.2,244,Pulchowk,27.6787,85.3168
2023-04-23T14:00,25.2,25,3.9,868.4,7.4,231,Pulchowk,27.6787,85.3168
2023-04-23T15:00,25.0,24,3.2,868.0,7.2,252,Pulchowk,27.6787,85.3168
2023-04-23T16:00,24.5,24,2.8,867.8,5.8,263,Pulchowk,27.6787,85.3168
2023-04-23T17:00,22.6,32,5.2,867.5,8.3,180,Pulchowk,27.6787,85.3168
2023-04-23T18:00,20.8,41,7.2,868.0,3.7,169,Pulchowk,27.6787,85.3168
2023-04-23T19:00,18.0,65,11.2,868.7,8.3,182,Pulchowk,27.6787,85.3168
2023-04-23T20:00,16.7,74,12.1,869.2,4.5,166,Pulchowk,27.6787,85.3168
2023-04-23T21:00,15.4,81,12.1,870.1,6.4,164,Pulchowk,27.6787,85.3168
2023-04-23T22:00,14.9,83,12.0,869.1,4.3,156,Pulchowk,27.6787,85.3168
2023-04-23T23:00,13.7,89,12.0,868.8,4.0,175,Pulchowk,27.6787,85.3168
2023-04-24T00:00,13.5,93,12.3,868.5,4.7,176,Pulchowk,27.6787,85.3168
2023-04-24T01:00,13.1,92,11.8,868.3,4.0,175,Pulchowk,27.6787,85.3168
2023-04-24T02:00,13.1,90,11.5,868.1,3.3,174,Pulchowk,27.6787,85.3168
2023-04-24T03:00,12.7,89,10.9,868.3,2.2,180,Pulchowk,27.6787,85.3168
2023-04-24T04:00,12.8,83,10.0,868.6,1.8,169,Pulchowk,27.6787,85.3168
2023-04-24T05:00,13.3,91,11.8,869.7,3.4,162,Pulchowk,27.6787,85.3168
2023-04-24T06:00,15.0,83,12.1,871.1,5.2,168,Pulchowk,27.6787,85.3168
2023-04-24T07:00,16.8,64,10.0,872.8,4.1,128,Pulchowk,27.6787,85.3168
2023-04-24T08:00,17.9,59,9.9,873.7,5.4,110,Pulchowk,27.6787,85.3168
2023-04-24T09:00,19.4,54,9.7,874.2,5.1,94,Pulchowk,27.6787,85.3168
2023-04-24T10:00,20.1,50,9.5,874.1,6.9,118,Pulchowk,27.6787,85.3168
2023-04-24T11:00,20.6,46,8.6,873.6,4.4,99,Pulchowk,27.6787,85.3168
2023-04-24T12:00,19.8,49,8.7,873.3,7.8,77,Pulchowk,27.6787,85.3168
2023-04-24T13:00,21.5,42,8.0,872.5,4.4,125,Pulchowk,27.6787,85.3168
2023-04-24T14:00,21.1,43,7.9,871.6,3.7,241,Pulchowk,27.6787,85.3168
2023-04-24T15:00,20.2,48,8.8,870.9,3.1,201,Pulchowk,27.6787,85.3168
2023-04-24T16:00,20.4,46,8.5,870.8,2.4,297,Pulchowk,27.6787,85.3168
2023-04-24T17:00,17.3,57,8.6,870.9,5.4,307,Pulchowk,27.6787,85.3168
2023-04-24T18:00,15.4,74,10.7,871.0,5.9,313,Pulchowk,27.6787,85.3168
2023-04-24T19:00,14.7,80,11.2,871.2,2.2,180,Pulchowk,27.6787,85.3168
2023-04-24T20:00,14.4,81,11.2,871.6,2.9,150,Pulchowk,27.6787,85.3168
2023-04-24T21:00,14.1,81,10.8,871.7,4.7,157,Pulchowk,27.6787,85.3168
2023-04-24T22:00,13.5,81,10.3,870.9,6.4,164,Pulchowk,27.6787,85.3168
2023-04-24T23:00,12.9,82,9.9,870.0,7.7,169,Pulchowk,27.6787,85.3168
2023-04-25T00:00,12.2,82,9.3,869.4,5.8,173,Pulchowk,27.6787,85.3168
2023-04-25T01:00,12.7,79,9.1,869.9,4.7,176,Pulchowk,27.6787,85.3168
2023-04-25T02:00,12.5,78,8.8,869.8,3.3,167,Pulchowk,27.6787,85.3168
2023-04-25T03:00,12.4,77,8.5,869.7,3.0,166,Pulchowk,27.6787,85.3168
2023-04-25T04:00,12.5,75,8.2,869.5,5.2,164,Pulchowk,27.6787,85.3168
2023-04-25T05:00,12.9,82,9.9,871.0,6.0,155,Pulchowk,27.6787,85.3168
2023-04-25T06:00,14.4,74,9.9,871.9,6.2,173,Pulchowk,27.6787,85.3168
2023-04-25T07:00,17.6,57,8.9,873.7,2.9,120,Pulchowk,27.6787,85.3168
2023-04-25T08:00,19.2,53,9.3,874.3,2.3,39,Pulchowk,27.6787,85.3168
2023-04-25T09:00,20.9,49,9.7,874.8,1.5,346,Pulchowk,27.6787,85.3168
2023-04-25T10:00,22.4,44,9.7,874.8,1.4,360,Pulchowk,27.6787,85.3168
2023-04-25T11:00,23.3,41,9.2,874.4,2.5,82,Pulchowk,27.6787,85.3168
2023-04-25T12:00,20.3,48,8.8,873.3,3.3,311,Pulchowk,27.6787,85.3168
2023-04-25T13:00,15.6,76,11.3,872.0,10.0,244,Pulchowk,27.6787,85.3168
2023-04-25T14:00,18.5,59,10.4,871.2,5.7,162,Pulchowk,27.6787,85.3168
2023-04-25T15:00,20.5,50,9.7,870.9,5.8,353,Pulchowk,27.6787,85.3168
2023-04-25T16:00,20.2,50,9.4,870.3,5.9,349,Pulchowk,27.6787,85.3168
2023-04-25T17:00,18.9,56,10.1,870.3,2.3,252,Pulchowk,27.6787,85.3168
2023-04-25T18:00,18.0,66,11.6,869.5,3.3,193,Pulchowk,27.6787,85.3168
2023-04-25T19:00,17.1,73,12.2,869.5,3.2,180,Pulchowk,27.6787,85.3168
2023-04-25T20:00,16.3,78,12.5,869.5,2.9,180,Pulchowk,27.6787,85.3168
2023-04-25T21:00,15.6,81,12.4,869.5,3.6,180,Pulchowk,27.6787,85.3168
2023-04-25T22:00,15.0,82,12.0,869.3,4.0,175,Pulchowk,27.6787,85.3168
2023-04-25T23:00,14.3,83,11.4,868.7,4.7,176,Pulchowk,27.6787,85.3168
2023-04-26T00:00,13.9,82,10.9,868.3,4.0,175,Pulchowk,27.6787,85.3168
2023-04-26T01:00,13.9,80,10.5,868.2,2.5,172,Pulchowk,27.6787,85.3168
2023-04-26T02:00,14.3,76,10.2,868.0,2.2,180,Pulchowk,27.6787,85.3168
2023-04-26T03:00,14.4,75,10.0,868.0,2.5,172,Pulchowk,27.6787,85.3168
2023-04-26T04:00,14.3,75,9.9,868.0,2.5,172,Pulchowk,27.6787,85.3168
2023-04-26T05:00,13.3,88,11.3,869.0,2.1,149,Pulchowk,27.6787,85.3168
2023-04-26T06:00,15.7,79,12.1,870.4,5.4,176,Pulchowk,27.6787,85.3168
2023-04-26T07:00,18.9,59,10.8,871.7,3.1,201,Pulchowk,27.6787,85.3168
2023-04-26T08:00,20.4,52,10.1,872.4,5.9,322,Pulchowk,27.6787,85.3168
2023-04-26T09:00,21.6,47,9.8,872.7,6.7,324,Pulchowk,27.6787,85.3168
2023-04-26T10:00,22.7,42,9.2,872.8,6.8,302,Pulchowk,27.6787,85.3168
2023-04-26T11:00,23.3,40,9.0,872.4,6.4,297,Pulchowk,27.6787,85.3168
2023-04-26T12:00,23.9,39,8.9,871.7,7.0,282,Pulchowk,27.6787,85.3168
2023-04-26T13:00,23.8,40,9.3,870.9,7.9,270,Pulchowk,27.6787,85.3168
2023-04-26T14:00,23.6,41,9.6,869.8,7.7,259,Pulchowk,27.6787,85.3168
2023-04-26T15:00,23.4,41,9.4,869.0,6.6,279,Pulchowk,27.6787,85.3168
2023-04-26T16:00,22.8,42,9.2,868.5,7.8,304,Pulchowk,27.6787,85.3168
2023-04-26T17:00,21.7,48,10.1,868.8,6.9,321,Pulchowk,27.6787,85.3168
2023-04-26T18:00,20.1,65,13.3,868.5,4.1,322,Pulchowk,27.6787,85.3168
2023-04-26T19:00,20.1,56,11.1,868.9,3.9,248,Pulchowk,27.6787,85.3168
2023-04-26T20:00,18.1,71,12.9,868.6,2.6,196,Pulchowk,27.6787,85.3168
2023-04-26T21:00,17.5,66,11.1,868.6,2.5,180,Pulchowk,27.6787,85.3168
2023-04-26T22:00,16.4,70,11.0,868.5,2.9,173,Pulchowk,27.6787,85.3168
2023-04-26T23:00,15.8,73,11.1,868.4,3.3,174,Pulchowk,27.6787,85.3168
2023-04-27T00:00,15.4,75,11.0,867.8,3.6,174,Pulchowk,27.6787,85.3168
2023-04-27T01:00,15.0,76,10.8,867.6,4.3,175,Pulchowk,27.6787,85.3168
2023-04-27T02:00,14.9,75,10.5,867.3,2.9,173,Pulchowk,27.6787,85.3168
2023-04-27T03:00,15.1,73,10.2,867.3,2.9,173,Pulchowk,27.6787,85.3168
2023-04-27T04:00,15.0,71,9.9,867.6,3.0,166,Pulchowk,27.6787,85.3168
2023-04-27T05:00,15.2,74,10.6,868.6,3.8,163,Pulchowk,27.6787,85.3168
2023-04-27T06:00,18.0,63,11.0,870.4,3.8,163,Pulchowk,27.6787,85.3168
2023-04-27T07:00,19.9,53,10.2,871.9,1.5,166,Pulchowk,27.6787,85.3168
2023-04-27T08:00,21.2,49,10.2,872.3,1.6,27,Pulchowk,27.6787,85.3168
2023-04-27T09:00,22.4,43,9.3,873.1,3.5,294,Pulchowk,27.6787,85.3168
2023-04-27T10:00,23.5,39,8.7,873.1,6.1,320,Pulchowk,27.6787,85.3168
2023-04-27T11:00,23.7,39,8.8,872.5,5.4,312,Pulchowk,27.6787,85.3168
2023-04-27T12:00,24.0,39,9.2,872.2,6.2,260,Pulchowk,27.6787,85.3168
2023-04-27T13:00,23.4,40,9.1,871.3,5.9,256,Pulchowk,27.6787,85.3168
2023-04-27T14:00,23.3,41,9.2,870.4,4.7,274,Pulchowk,27.6787,85.3168
2023-04-27T15:00,23.7,40,9.2,869.8,5.7,305,Pulchowk,27.6787,85.3168
2023-04-27T16:00,23.4,38,8.3,869.2,6.5,326,Pulchowk,27.6787,85.3168
2023-04-27T17:00,22.6,41,8.7,868.9,6.2,277,Pulchowk,27.6787,85.3168
2023-04-27T18:00,20.4,56,11.3,868.3,4.6,288,Pulchowk,27.6787,85.3168
2023-04-27T19:00,19.5,68,13.4,868.7,5.2,286,Pulchowk,27.6787,85.3168
2023-04-27T20:00,19.8,49,8.8,869.6,3.3,229,Pulchowk,27.6787,85.3168
2023-04-27T21:00,17.6,67,11.3,869.3,1.8,191,Pulchowk,27.6787,85.3168
2023-04-27T22:00,17.1,66,10.6,869.4,1.1,162,Pulchowk,27.6787,85.3168
2023-04-27T23:00,16.6,67,10.5,869.3,1.8,180,Pulchowk,27.6787,85.3168
2023-04-28T00:00,16.4,66,10.1,869.1,3.6,180,Pulchowk,27.6787,85.3168
2023-04-28T01:00,15.8,69,10.1,868.6,3.3,174,Pulchowk,27.6787,85.3168
2023-04-28T02:00,15.4,71,10.1,868.2,2.5,172,Pulchowk,27.6787,85.3168
2023-04-28T03:00,15.2,72,10.2,867.9,2.9,173,Pulchowk,27.6787,85.3168
2023-04-28T04:00,14.9,74,10.2,868.1,2.5,172,Pulchowk,27.6787,85.3168
2023-04-28T05:00,14.4,78,10.7,868.6,5.1,176,Pulchowk,27.6787,85.3168
2023-04-28T06:00,17.5,67,11.2,870.7,1.1,162,Pulchowk,27.6787,85.3168
2023-04-28T07:00,19.6,57,10.9,872.4,2.6,344,Pulchowk,27.6787,85.3168
2023-04-28T08:00,21.2,51,10.6,873.1,5.6,320,Pulchowk,27.6787,85.3168
2023-04-28T09:00,22.5,45,9.9,873.4,8.7,312,Pulchowk,27.6787,85.3168
2023-04-28T10:00,23.6,40,9.1,873.2,8.3,304,Pulchowk,27.6787,85.3168
2023-04-28T11:00,24.8,36,8.6,872.7,8.4,301,Pulchowk,27.6787,85.3168
2023-04-28T12:00,25.6,34,8.6,871.9,8.2,293,Pulchowk,27.6787,85.3168
2023-04-28T13:00,25.5,35,8.8,871.0,9.3,283,Pulchowk,27.6787,85.3168
2023-04-28T14:00,24.9,36,8.6,869.8,8.0,265,Pulchowk,27.6787,85.3168
2023-04-28T15:00,24.6,35,8.3,868.8,8.0,260,Pulchowk,27.6787,85.3168
2023-04-28T16:00,23.9,36,8.0,868.5,9.2,281,Pulchowk,27.6787,85.3168
2023-04-28T17:00,22.2,43,9.0,869.0,8.0,288,Pulchowk,27.6787,85.3168
2023-04-28T18:00,20.4,55,11.0,868.6,3.9,338,Pulchowk,27.6787,85.3168
2023-04-28T19:00,19.6,54,10.2,868.8,1.0,135,Pulchowk,27.6787,85.3168
2023-04-28T20:00,18.3,63,11.2,868.5,3.6,174,Pulchowk,27.6787,85.3168
2023-04-28T21:00,17.0,70,11.5,868.5,4.3,175,Pulchowk,27.6787,85.3168
2023-04-28T22:00,15.7,78,11.8,868.7,4.0,170,Pulchowk,27.6787,85.3168
2023-04-28T23:00,15.0,81,11.7,868.2,5.2,168,Pulchowk,27.6787,85.3168
2023-04-29T00:00,14.5,82,11.6,867.6,6.6,171,Pulchowk,27.6787,85.3168
2023-04-29T01:00,14.2,83,11.3,866.8,6.3,167,Pulchowk,27.6787,85.3168
2023-04-29T02:00,14.2,82,11.1,866.7,4.9,163,Pulchowk,27.6787,85.3168
2023-04-29T03:00,14.4,79,10.8,866.7,2.6,164,Pulchowk,27.6787,85.3168
2023-04-29T04:00,15.0,73,10.2,867.3,4.9,163,Pulchowk,27.6787,85.3168
2023-04-29T05:00,15.4,72,10.3,867.8,4.9,163,Pulchowk,27.6787,85.3168
2023-04-29T06:00,17.6,66,11.2,869.3,5.9,166,Pulchowk,27.6787,85.3168
2023-04-29T07:00,20.8,53,11.0,871.2,2.4,117,Pulchowk,27.6787,85.3168
2023-04-29T08:00,22.3,48,10.7,871.7,2.6,16,Pulchowk,27.6787,85.3168
2023-04-29T09:00,24.0,39,9.3,872.1,5.6,310,Pulchowk,27.6787,85.3168
2023-04-29T10:00,25.0,36,8.7,872.1,8.2,293,Pulchowk,27.6787,85.3168
2023-04-29T11:00,24.9,36,8.9,871.9,8.4,263,Pulchowk,27.6787,85.3168
2023-04-29T12:00,25.4,35,8.9,871.3,8.3,288,Pulchowk,27.6787,85.3168
2023-04-29T13:00,22.7,45,10.1,871.0,12.5,224,Pulchowk,27.6787,85.3168
2023-04-29T14:00,22.2,48,10.6,869.5,4.5,194,Pulchowk,27.6787,85.3168
2023-04-29T15:00,23.3,42,9.7,869.2,4.7,274,Pulchowk,27.6787,85.3168
2023-04-29T16:00,22.9,44,10.1,868.7,6.4,313,Pulchowk,27.6787,85.3168
2023-04-29T17:00,20.0,67,13.6,868.1,4.0,180,Pulchowk,27.6787,85.3168
2023-04-29T18:00,18.8,77,14.6,868.0,2.5,180,Pulchowk,27.6787,85.3168
2023-04-29T19:00,17.7,83,14.9,867.9,1.1,180,Pulchowk,27.6787,85.3168
2023-04-29T20:00,17.3,80,13.9,868.4,0.7,180,Pulchowk,27.6787,85.3168
2023-04-29T21:00,17.3,76,13.1,868.9,2.9,180,Pulchowk,27.6787,85.3168
2023-04-29T22:00,17.3,77,13.3,868.9,3.6,174,Pulchowk,27.6787,85.3168
2023-04-29T23:00,16.3,83,13.3,868.5,3.7,169,Pulchowk,27.6787,85.3168
2023-04-30T00:00,15.4,86,13.2,867.1,4.7,171,Pulchowk,27.6787,85.3168
2023-04-30T01:00,15.3,86,12.9,866.6,5.4,172,Pulchowk,27.6787,85.3168
2023-04-30T02:00,15.5,84,12.7,866.0,6.2,173,Pulchowk,27.6787,85.3168
2023-04-30T03:00,15.4,82,12.4,865.9,4.3,175,Pulchowk,27.6787,85.3168
2023-04-30T04:00,15.8,79,12.2,866.3,3.3,167,Pulchowk,27.6787,85.3168
2023-04-30T05:00,15.3,86,12.9,867.3,4.3,185,Pulchowk,27.6787,85.3168
2023-04-30T06:00,16.4,87,14.2,868.0,4.0,170,Pulchowk,27.6787,85.3168
2023-04-30T07:00,18.9,67,12.6,869.7,2.4,117,Pulchowk,27.6787,85.3168
2023-04-30T08:00,20.5,60,12.3,870.9,0.4,360,Pulchowk,27.6787,85.3168
2023-04-30T09:00,21.4,54,11.7,871.3,2.6,304,Pulchowk,27.6787,85.3168
2023-04-30T10:00,22.0,50,11.1,871.1,5.2,286,Pulchowk,27.6787,85.3168
2023-04-30T11:00,21.6,53,11.7,870.4,6.1,270,Pulchowk,27.6787,85.3168
2023-04-30T12:00,19.8,65,12.9,870.0,3.7,259,Pulchowk,27.6787,85.3168
2023-04-30T13:00,19.7,67,13.3,869.2,7.6,315,Pulchowk,27.6787,85.3168
2023-04-30T14:00,19.3,69,13.4,868.0,4.5,299,Pulchowk,27.6787,85.3168
2023-04-30T15:00,19.2,67,13.0,867.4,3.5,294,Pulchowk,27.6787,85.3168
2023-04-30T16:00,19.6,63,12.5,867.3,3.4,288,Pulchowk,27.6787,85.3168
2023-04-30T17:00,16.5,87,14.3,867.2,1.8,79,Pulchowk,27.6787,85.3168
2023-04-30T18:00,16.3,92,15.0,867.5,4.0,170,Pulchowk,27.6787,85.3168
2023-04-30T19:00,15.9,91,14.4,867.5,2.6,164,Pulchowk,27.6787,85.3168
2023-04-30T20:00,15.1,92,13.8,867.3,4.7,171,Pulchowk,27.6787,85.3168
2023-04-30T21:00,14.6,93,13.5,867.2,4.4,171,Pulchowk,27.6787,85.3168
2023-04-30T22:00,14.7,94,13.7,867.2,3.7,169,Pulchowk,27.6787,85.3168
2023-04-30T23:00,14.8,93,13.7,866.9,4.0,175,Pulchowk,27.6787,85.3168
2023-05-01T00:00,14.9,93,13.8,866.5,3.6,174,Pulchowk,27.6787,85.3168
2023-05-01T01:00,14.9,93,13.7,866.7,3.2,180,Pulchowk,27.6787,85.3168
2023-05-01T02:00,14.5,92,13.3,866.0,3.6,174,Pulchowk,27.6787,85.3168
2023-05-01T03:00,13.9,92,12.7,865.5,4.3,180,Pulchowk,27.6787,85.3168
2023-05-01T04:00,14.2,93,13.0,866.5,1.5,194,Pulchowk,27.6787,85.3168
2023-05-01T05:00,14.2,90,12.6,866.4,5.8,180,Pulchowk,27.6787,85.3168
2023-05-01T06:00,15.1,86,12.7,867.2,7.2,174,Pulchowk,27.6787,85.3168
2023-05-01T07:00,16.4,82,13.3,869.5,1.0,315,Pulchowk,27.6787,85.3168
2023-05-01T08:00,16.2,82,13.0,870.4,2.5,360,Pulchowk,27.6787,85.3168
2023-05-01T09:00,16.3,84,13.7,870.7,2.2,99,Pulchowk,27.6787,85.3168
2023-05-01T10:00,17.2,80,13.7,870.8,3.8,73,Pulchowk,27.6787,85.3168
2023-05-01T11:00,18.0,75,13.5,870.7,5.1,82,Pulchowk,27.6787,85.3168
2023-05-01T12:00,18.7,72,13.6,870.5,2.3,288,Pulchowk,27.6787,85.3168
2023-05-01T13:00,16.8,85,14.3,869.2,6.2,100,Pulchowk,27.6787,85.3168
2023-05-01T14:00,17.6,78,13.7,868.8,3.4,162,Pulchowk,27.6787,85.3168
2023-05-01T15:00,17.4,79,13.7,868.2,3.1,69,Pulchowk,27.6787,85.3168
2023-05-01T16:00,17.8,75,13.4,868.1,5.1,86,Pulchowk,27.6787,85.3168
2023-05-01T17:00,18.2,70,12.5,868.9,2.2,99,Pulchowk,27.6787,85.3168
2023-05-01T18:00,16.7,79,13.0,868.4,3.7,101,Pulchowk,27.6787,85.3168
2023-05-01T19:00,14.9,87,12.7,868.4,3.6,143,Pulchowk,27.6787,85.3168
2023-05-01T20:00,15.1,87,12.9,868.9,3.6,174,Pulchowk,27.6787,85.3168
2023-05-01T21:00,14.0,93,12.9,868.8,3.3,174,Pulchowk,27.6787,85.3168
2023-05-01T22:00,14.1,93,13.0,869.3,3.6,174,Pulchowk,27.6787,85.3168
2023-05-01T23:00,14.0,93,12.9,869.0,2.5,180,Pulchowk,27.6787,85.3168
2023-05-02T00:00,14.1,93,13.0,868.4,4.3,175,Pulchowk,27.6787,85.3168
2023-05-02T01:00,14.2,92,12.9,867.9,3.3,186,Pulchowk,27.6787,85.3168
2023-05-02T02:00,14.4,90,12.8,867.8,2.9,150,Pulchowk,27.6787,85.3168
2023-05-02T03:00,14.0,93,13.0,867.6,1.8,180,Pulchowk,27.6787,85.3168
2023-05-02T04:00,13.4,94,12.4,867.1,2.6,164,Pulchowk,27.6787,85.3168
2023-05-02T05:00,13.4,95,12.6,866.9,4.3,180,Pulchowk,27.6787,85.3168
2023-05-02T06:00,14.8,94,13.9,868.5,3.2,180,Pulchowk,27.6787,85.3168
2023-05-02T07:00,16.5,78,12.7,870.5,2.6,304,Pulchowk,27.6787,85.3168
2023-05-02T08:00,16.6,81,13.2,871.1,3.3,41,Pulchowk,27.6787,85.3168
2023-05-02T09:00,18.3,73,13.4,871.8,3.3,84,Pulchowk,27.6787,85.3168
2023-05-02T10:00,19.9,68,13.8,871.7,4.5,76,Pulchowk,27.6787,85.3168
2023-05-02T11:00,20.7,64,13.7,871.1,4.7,122,Pulchowk,27.6787,85.3168
2023-05-02T12:00,17.0,84,14.2,870.4,8.0,153,Pulchowk,27.6787,85.3168
2023-05-02T13:00,17.8,77,13.7,870.0,1.1,18,Pulchowk,27.6787,85.3168
2023-05-02T14:00,17.8,80,14.3,869.5,4.3,5,Pulchowk,27.6787,85.3168
2023-05-02T15:00,18.3,75,13.8,868.7,5.4,90,Pulchowk,27.6787,85.3168
2023-05-02T16:00,19.0,67,12.7,868.4,5.1,94,Pulchowk,27.6787,85.3168
2023-05-02T17:00,17.4,77,13.3,868.6,1.8,127,Pulchowk,27.6787,85.3168
2023-05-02T18:00,15.5,85,13.0,867.9,3.3,139,Pulchowk,27.6787,85.3168
2023-05-02T19:00,14.3,89,12.5,867.9,3.7,169,Pulchowk,27.6787,85.3168
2023-05-02T20:00,14.0,90,12.4,868.3,2.9,173,Pulchowk,27.6787,85.3168
2023-05-02T21:00,13.5,92,12.2,868.8,3.3,174,Pulchowk,27.6787,85.3168
2023-05-02T22:00,13.1,93,11.9,868.8,3.3,174,Pulchowk,27.6787,85.3168
2023-05-02T23:00,12.8,93,11.6,868.8,3.3,174,Pulchowk,27.6787,85.3168
2023-05-03T00:00,12.4,93,11.4,868.2,2.2,171,Pulchowk,27.6787,85.3168
2023-05-03T01:00,12.6,91,11.3,868.1,1.8,169,Pulchowk,27.6787,85.3168
2023-05-03T02:00,12.5,90,10.9,867.6,3.7,169,Pulchowk,27.6787,85.3168
2023-05-03T03:00,12.4,90,10.8,867.4,4.4,171,Pulchowk,27.6787,85.3168
2023-05-03T04:00,12.2,90,10.6,867.4,3.6,174,Pulchowk,27.6787,85.3168
2023-05-03T05:00,13.5,82,10.4,868.5,2.9,180,Pulchowk,27.6787,85.3168
2023-05-03T06:00,15.5,80,12.1,870.5,3.6,174,Pulchowk,27.6787,85.3168
2023-05-03T07:00,18.5,64,11.6,872.5,0.0,270,Pulchowk,27.6787,85.3168
2023-05-03T08:00,19.7,61,11.9,873.2,2.3,72,Pulchowk,27.6787,85.3168
2023-05-03T09:00,21.2,56,12.1,873.5,2.5,360,Pulchowk,27.6787,85.3168
2023-05-03T10:00,22.2,54,12.4,873.0,5.0,339,Pulchowk,27.6787,85.3168
2023-05-03T11:00,23.5,50,12.5,872.3,4.6,315,Pulchowk,27.6787,85.3168
2023-05-03T12:00,24.1,50,13.1,871.1,5.4,278,Pulchowk,27.6787,85.3168
2023-05-03T13:00,18.7,76,14.3,870.5,8.8,189,Pulchowk,27.6787,85.3168
2023-05-03T14:00,21.7,59,13.5,869.7,4.0,243,Pulchowk,27.6787,85.3168
2023-05-03T15:00,20.2,67,13.9,869.4,2.4,27,Pulchowk,27.6787,85.3168
2023-05-03T16:00,18.1,76,13.9,869.0,2.3,309,Pulchowk,27.6787,85.3168
2023-05-03T17:00,18.6,72,13.4,869.2,3.4,238,Pulchowk,27.6787,85.3168
2023-05-03T18:00,16.6,82,13.5,869.1,6.1,220,Pulchowk,27.6787,85.3168
2023-05-03T19:00,16.2,85,13.8,869.8,2.7,203,Pulchowk,27.6787,85.3168
2023-05-03T20:00,15.8,90,14.1,870.4,1.9,112,Pulchowk,27.6787,85.3168
2023-05-03T21:00,15.7,91,14.2,870.4,5.2,168,Pulchowk,27.6787,85.3168
2023-05-03T22:00,15.5,92,14.2,870.6,5.1,172,Pulchowk,27.6787,85.3168
2023-05-03T23:00,15.2,93,14.2,870.3,3.9,146,Pulchowk,27.6787,85.3168
2023-05-04T00:00,15.2,93,14.0,869.7,4.5,151,Pulchowk,27.6787,85.3168
2023-05-04T01:00,15.0,93,13.9,868.8,5.0,150,Pulchowk,27.6787,85.3168
2023-05-04T02:00,14.9,93,13.8,868.3,5.2,155,Pulchowk,27.6787,85.3168
2023-05-04T03:00,14.9,93,13.8,868.0,5.2,155,Pulchowk,27.6787,85.3168
2023-05-04T04:00,14.4,93,13.2,867.8,5.2,164,Pulchowk,27.6787,85.3168
2023-05-04T05:00,14.8,93,13.7,869.0,4.2,160,Pulchowk,27.6787,85.3168
2023-05-04T06:00,15.6,90,14.0,869.4,6.4,164,Pulchowk,27.6787,85.3168
2023-05-04T07:00,17.2,80,13.8,870.5,5.0,150,Pulchowk,27.6787,85.3168
2023-05-04T08:00,19.2,69,13.4,871.4,4.1,142,Pulchowk,27.6787,85.3168
2023-05-04T09:00,20.1,66,13.5,872.1,1.1,288,Pulchowk,27.6787,85.3168
2023-05-04T10:00,19.1,70,13.6,871.7,4.1,322,Pulchowk,27.6787,85.3168
2023-05-04T11:00,19.4,74,14.7,871.6,4.9,343,Pulchowk,27.6787,85.3168
2023-05-04T12:00,18.7,81,15.3,870.9,3.3,6,Pulchowk,27.6787,85.3168
2023-05-04T13:00,19.7,74,14.8,870.1,0.4,270,Pulchowk,27.6787,85.3168
2023-05-04T14:00,20.1,71,14.7,869.1,2.2,279,Pulchowk,27.6787,85.3168
2023-05-04T15:00,20.2,69,14.3,868.3,3.6,315,Pulchowk,27.6787,85.3168
2023-05-04T16:00,20.2,67,13.9,867.6,1.3,326,Pulchowk,27.6787,85.3168
2023-05-04T17:00,18.5,72,13.4,868.3,1.1,342,Pulchowk,27.6787,85.3168
2023-05-04T18:00,17.8,76,13.5,867.9,1.1,252,Pulchowk,27.6787,85.3168
2023-05-04T19:00,15.8,88,13.9,867.5,0.8,153,Pulchowk,27.6787,85.3168
2023-05-04T20:00,15.5,88,13.5,868.0,2.2,171,Pulchowk,27.6787,85.3168
2023-05-04T21:00,15.0,90,13.3,868.0,3.6,174,Pulchowk,27.6787,85.3168
2023-05-04T22:00,14.2,93,13.1,867.5,4.3,175,Pulchowk,27.6787,85.3168
2023-05-04T23:00,13.5,95,12.7,866.8,4.7,176,Pulchowk,27.6787,85.3168
2023-05-05T00:00,12.9,96,12.2,866.1,5.1,172,Pulchowk,27.6787,85.3168
2023-05-05T01:00,12.8,94,11.8,866.1,4.7,180,Pulchowk,27.6787,85.3168
2023-05-05T02:00,12.8,92,11.6,865.9,3.3,174,Pulchowk,27.6787,85.3168
2023-05-05T03:00,12.9,92,11.6,865.6,3.2,180,Pulchowk,27.6787,85.3168
2023-05-05T04:00,13.1,91,11.7,865.9,2.5,180,Pulchowk,27.6787,85.3168
2023-05-05T05:00,13.4,89,11.7,866.6,3.2,180,Pulchowk,27.6787,85.3168
2023-05-05T06:00,16.2,82,13.2,868.4,1.8,180,Pulchowk,27.6787,85.3168
2023-05-05T07:00,18.0,77,13.8,869.8,2.8,320,Pulchowk,27.6787,85.3168
2023-05-05T08:00,19.4,69,13.6,870.2,5.4,318,Pulchowk,27.6787,85.3168
2023-05-05T09:00,20.6,63,13.3,870.5,7.4,317,Pulchowk,27.6787,85.3168
2023-05-05T10:00,21.5,60,13.3,870.3,7.7,323,Pulchowk,27.6787,85.3168
2023-05-05T11:00,22.4,55,12.9,869.5,7.1,319,Pulchowk,27.6787,85.3168
2023-05-05T12:00,23.2,53,13.0,868.6,7.6,315,Pulchowk,27.6787,85.3168
2023-05-05T13:00,23.6,51,12.9,867.9,8.7,315,Pulchowk,27.6787,85.3168
2023-05-05T14:00,23.8,49,12.5,867.0,8.1,302,Pulchowk,27.6787,85.3168
2023-05-05T15:00,23.5,49,12.2,866.2,8.2,308,Pulchowk,27.6787,85.3168
2023-05-05T16:00,22.8,52,12.6,865.8,8.9,313,Pulchowk,27.6787,85.3168
2023-05-05T17:00,21.6,59,13.3,865.7,7.1,300,Pulchowk,27.6787,85.3168
2023-05-05T18:00,19.3,75,14.8,865.5,4.0,260,Pulchowk,27.6787,85.3168
2023-05-05T19:00,17.9,83,14.9,865.5,4.6,231,Pulchowk,27.6787,85.3168
2023-05-05T20:00,17.7,79,14.0,866.1,3.3,229,Pulchowk,27.6787,85.3168
2023-05-05T21:00,16.5,86,14.1,866.2,2.6,214,Pulchowk,27.6787,85.3168
2023-05-05T22:00,16.3,84,13.5,866.2,1.4,180,Pulchowk,27.6787,85.3168
2023-05-05T23:00,15.5,86,13.2,865.6,3.3,174,Pulchowk,27.6787,85.3168
2023-05-06T00:00,14.8,89,13.0,865.0,3.6,174,Pulchowk,27.6787,85.3168
2023-05-06T01:00,14.7,89,12.8,864.7,2.2,171,Pulchowk,27.6787,85.3168
2023-05-06T02:00,14.8,87,12.7,864.5,2.2,180,Pulchowk,27.6787,85.3168
2023-05-06T03:00,14.8,87,12.6,864.2,3.2,180,Pulchowk,27.6787,85.3168
2023-05-06T04:00,14.5,87,12.4,864.2,4.3,175,Pulchowk,27.6787,85.3168
2023-05-06T05:00,14.8,87,12.7,865.2,3.3,174,Pulchowk,27.6787,85.3168
2023-05-06T06:00,17.2,84,14.4,866.6,5.4,172,Pulchowk,27.6787,85.3168
2023-05-06T07:00,19.8,72,14.6,868.3,1.1,90,Pulchowk,27.6787,85.3168
2023-05-06T08:00,21.3,65,14.5,869.1,2.6,326,Pulchowk,27.6787,85.3168
2023-05-06T09:00,22.6,57,13.8,869.4,4.1,315,Pulchowk,27.6787,85.3168
2023-05-06T10:00,23.8,48,12.3,869.3,4.8,312,Pulchowk,27.6787,85.3168
2023-05-06T11:00,24.7,45,11.9,868.8,6.1,315,Pulchowk,27.6787,85.3168
2023-05-06T12:00,25.3,43,11.9,868.2,7.1,315,Pulchowk,27.6787,85.3168
2023-05-06T13:00,25.6,42,11.7,867.6,8.4,317,Pulchowk,27.6787,85.3168
2023-05-06T14:00,25.5,40,11.1,866.7,8.0,306,Pulchowk,27.6787,85.3168
2023-05-06T15:00,25.2,41,11.0,866.2,7.7,298,Pulchowk,27.6787,85.3168
2023-05-06T16:00,24.3,44,11.4,865.8,8.0,306,Pulchowk,27.6787,85.3168
2023-05-06T17:00,23.3,51,12.6,865.4,6.2,306,Pulchowk,27.6787,85.3168
2023-05-06T18:00,20.7,72,15.5,864.8,4.8,243,Pulchowk,27.6787,85.3168
2023-05-06T19:00,19.6,71,14.2,865.2,2.3,198,Pulchowk,27.6787,85.3168
2023-05-06T20:00,18.6,72,13.5,865.4,2.9,180,Pulchowk,27.6787,85.3168
2023-05-06T21:00,17.2,79,13.5,865.0,4.7,176,Pulchowk,27.6787,85.3168
2023-05-06T22:00,16.4,81,13.2,865.1,4.0,180,Pulchowk,27.6787,85.3168
2023-05-06T23:00,16.4,79,12.7,865.2,3.2,180,Pulchowk,27.6787,85.3168
2023-05-07T00:00,16.5,76,12.2,865.1,2.9,173,Pulchowk,27.6787,85.3168
2023-05-07T01:00,16.7,74,12.0,864.6,3.6,174,Pulchowk,27.6787,85.3168
2023-05-07T02:00,16.5,74,11.8,864.1,3.6,174,Pulchowk,27.6787,85.3168
2023-05-07T03:00,16.3,75,11.9,864.2,3.0,166,Pulchowk,27.6787,85.3168
2023-05-07T04:00,16.4,74,11.7,864.7,3.5,156,Pulchowk,27.6787,85.3168
2023-05-07T05:00,16.7,76,12.4,865.9,7.1,131,Pulchowk,27.6787,85.3168
2023-05-07T06:00,18.9,64,12.0,867.5,6.4,142,Pulchowk,27.6787,85.3168
2023-05-07T07:00,20.7,59,12.5,868.9,4.8,153,Pulchowk,27.6787,85.3168
2023-05-07T08:00,22.7,56,13.4,869.7,2.5,135,Pulchowk,27.6787,85.3168
2023-05-07T09:00,23.7,54,13.8,870.0,1.5,284,Pulchowk,27.6787,85.3168
2023-05-07T10:00,24.6,53,14.4,870.1,5.4,278,Pulchowk,27.6787,85.3168
2023-05-07T11:00,25.1,51,14.3,869.7,6.3,283,Pulchowk,27.6787,85.3168
2023-05-07T12:00,25.9,48,13.9,869.1,6.6,292,Pulchowk,27.6787,85.3168
2023-05-07T13:00,26.1,45,13.3,868.1,8.9,297,Pulchowk,27.6787,85.3168
2023-05-07T14:00,22.8,57,13.9,867.5,5.2,236,Pulchowk,27.6787,85.3168
2023-05-07T15:00,24.2,50,13.0,866.8,4.4,279,Pulchowk,27.6787,85.3168
2023-05-07T16:00,22.9,54,13.0,866.6,6.9,276,Pulchowk,27.6787,85.3168
2023-05-07T17:00,20.9,61,13.1,866.4,3.3,354,Pulchowk,27.6787,85.3168
2023-05-07T18:00,19.1,73,14.1,865.5,4.7,184,Pulchowk,27.6787,85.3168
2023-05-07T19:00,18.1,80,14.5,865.4,3.6,174,Pulchowk,27.6787,85.3168
2023-05-07T20:00,17.4,83,14.4,865.6,2.9,180,Pulchowk,27.6787,85.3168
2023-05-07T21:00,17.0,83,14.1,865.5,4.0,175,Pulchowk,27.6787,85.3168
2023-05-07T22:00,16.4,83,13.5,865.2,4.5,166,Pulchowk,27.6787,85.3168
2023-05-07T23:00,16.0,82,12.9,864.5,4.9,163,Pulchowk,27.6787,85.3168
2023-05-08T00:00,15.7,81,12.4,864.0,5.2,168,Pulchowk,27.6787,85.3168
2023-05-08T01:00,15.6,80,12.1,863.7,5.5,169,Pulchowk,27.6787,85.3168
2023-05-08T02:00,15.5,78,11.6,863.3,5.5,169,Pulchowk,27.6787,85.3168
2023-05-08T03:00,15.4,76,11.2,863.3,5.2,164,Pulchowk,27.6787,85.3168
2023-05-08T04:00,15.3,74,10.8,863.6,5.5,169,Pulchowk,27.6787,85.3168
2023-05-08T05:00,15.6,73,10.8,864.5,6.0,163,Pulchowk,27.6787,85.3168
2023-05-08T06:00,18.3,70,12.8,866.4,7.1,165,Pulchowk,27.6787,85.3168
2023-05-08T07:00,22.3,52,11.8,868.9,3.7,151,Pulchowk,27.6787,85.3168
2023-05-08T08:00,24.1,39,9.2,869.6,1.1,108,Pulchowk,27.6787,85.3168
2023-05-08T09:00,25.5,33,8.1,869.8,1.1,360,Pulchowk,27.6787,85.3168
2023-05-08T10:00,26.7,31,8.3,869.9,5.1,315,Pulchowk,27.6787,85.3168
2023-05-08T11:00,27.4,32,9.0,869.9,9.2,312,Pulchowk,27.6787,85.3168
2023-05-08T12:00,27.4,30,8.4,869.4,10.9,304,Pulchowk,27.6787,85.3168
2023-05-08T13:00,27.7,29,8.2,869.0,10.9,297,Pulchowk,27.6787,85.3168
2023-05-08T14:00,27.4,31,8.7,868.4,11.1,295,Pulchowk,27.6787,85.3168
2023-05-08T15:00,27.0,32,8.9,868.0,9.3,298,Pulchowk,27.6787,85.3168
2023-05-08T16:00,26.1,34,8.9,867.5,9.0,307,Pulchowk,27.6787,85.3168
2023-05-08T17:00,23.8,42,10.2,867.5,5.8,300,Pulchowk,27.6787,85.3168
2023-05-08T18:00,22.9,40,8.7,867.5,4.0,260,Pulchowk,27.6787,85.3168
2023-05-08T19:00,20.2,67,13.9,867.1,0.4,180,Pulchowk,27.6787,85.3168
2023-05-08T20:00,19.4,62,11.8,867.1,1.8,169,Pulchowk,27.6787,85.3168
2023-05-08T21:00,18.7,61,10.9,867.1,2.9,173,Pulchowk,27.6787,85.3168
2023-05-08T22:00,18.0,63,10.9,867.0,3.2,180,Pulchowk,27.6787,85.3168
2023-05-08T23:00,17.7,63,10.4,866.4,2.9,180,Pulchowk,27.6787,85.3168
2023-05-09T00:00,17.4,61,9.8,866.0,3.2,180,Pulchowk,27.6787,85.3168
2023-05-09T01:00,17.1,61,9.5,865.5,2.9,180,Pulchowk,27.6787,85.3168
2023-05-09T02:00,16.8,61,9.2,865.0,2.5,172,Pulchowk,27.6787,85.3168
2023-05-09T03:00,16.7,60,8.8,865.0,2.9,173,Pulchowk,27.6787,85.3168
2023-05-09T04:00,16.5,59,8.4,865.1,3.3,167,Pulchowk,27.6787,85.3168
2023-05-09T05:00,15.7,68,9.8,865.5,5.9,169,Pulchowk,27.6787,85.3168
2023-05-09T06:00,19.0,58,10.7,867.5,4.1,165,Pulchowk,27.6787,85.3168
2023-05-09T07:00,22.6,46,10.5,869.8,2.7,157,Pulchowk,27.6787,85.3168
2023-05-09T08:00,24.3,37,8.8,870.3,0.7,360,Pulchowk,27.6787,85.3168
2023-05-09T09:00,25.6,32,7.7,870.7,2.3,309,Pulchowk,27.6787,85.3168
2023-05-09T10:00,26.7,28,6.5,870.5,4.0,297,Pulchowk,27.6787,85.3168
2023-05-09T11:00,27.6,25,5.9,870.3,7.1,285,Pulchowk,27.6787,85.3168
2023-05-09T12:00,27.6,25,6.0,869.9,10.7,284,Pulchowk,27.6787,85.3168
2023-05-09T13:00,27.4,26,6.4,869.2,9.9,289,Pulchowk,27.6787,85.3168
2023-05-09T14:00,27.1,27,6.4,868.5,11.4,305,Pulchowk,27.6787,85.3168
2023-05-09T15:00,25.7,31,7.1,867.9,11.9,305,Pulchowk,27.6787,85.3168
2023-05-09T16:00,25.0,34,8.2,867.5,8.8,279,Pulchowk,27.6787,85.3168
2023-05-09T17:00,24.2,39,9.6,867.1,4.3,360,Pulchowk,27.6787,85.3168
2023-05-09T18:00,21.5,59,13.0,866.0,3.3,131,Pulchowk,27.6787,85.3168
2023-05-09T19:00,20.4,54,10.7,866.1,4.0,185,Pulchowk,27.6787,85.3168
2023-05-09T20:00,18.9,58,10.4,866.0,4.7,180,Pulchowk,27.6787,85.3168
2023-05-09T21:00,16.9,64,10.0,865.1,6.6,167,Pulchowk,27.6787,85.3168
2023-05-09T22:00,15.8,66,9.5,864.6,7.8,167,Pulchowk,27.6787,85.3168
2023-05-09T23:00,15.1,66,8.8,864.2,6.6,167,Pulchowk,27.6787,85.3168
2023-05-10T00:00,14.8,64,8.1,863.6,6.6,171,Pulchowk,27.6787,85.3168
2023-05-10T01:00,14.6,63,7.7,863.2,7.0,168,Pulchowk,27.6787,85.3168
2023-05-10T02:00,14.3,63,7.3,862.8,7.0,168,Pulchowk,27.6787,85.3168
2023-05-10T03:00,14.1,62,6.9,862.8,7.3,169,Pulchowk,27.6787,85.3168
2023-05-10T04:00,13.9,61,6.5,862.9,7.3,169,Pulchowk,27.6787,85.3168
2023-05-10T05:00,14.6,66,8.3,864.5,6.6,171,Pulchowk,27.6787,85.3168
2023-05-10T06:00,17.4,65,10.7,866.2,7.4,166,Pulchowk,27.6787,85.3168
2023-05-10T07:00,22.1,49,10.8,868.6,5.1,141,Pulchowk,27.6787,85.3168
2023-05-10T08:00,24.4,38,9.1,869.6,5.0,120,Pulchowk,27.6787,85.3168
2023-05-10T09:00,25.7,29,6.5,870.1,2.8,140,Pulchowk,27.6787,85.3168
2023-05-10T10:00,26.3,28,6.4,870.0,2.3,141,Pulchowk,27.6787,85.3168
2023-05-10T11:00,26.3,28,6.3,869.9,4.2,200,Pulchowk,27.6787,85.3168
2023-05-10T12:00,26.3,29,6.9,869.4,7.1,195,Pulchowk,27.6787,85.3168
2023-05-10T13:00,26.6,29,7.1,868.9,7.6,183,Pulchowk,27.6787,85.3168
2023-05-10T14:00,26.4,31,7.9,868.0,7.4,194,Pulchowk,27.6787,85.3168
2023-05-10T15:00,25.2,35,8.6,867.5,7.4,209,Pulchowk,27.6787,85.3168
2023-05-10T16:00,24.5,36,8.4,867.4,4.9,216,Pulchowk,27.6787,85.3168
2023-05-10T17:00,23.6,37,8.1,867.4,2.9,240,Pulchowk,27.6787,85.3168
2023-05-10T18:00,21.3,54,11.5,866.5,2.9,187,Pulchowk,27.6787,85.3168
2023-05-10T19:00,20.1,59,11.9,866.7,2.7,203,Pulchowk,27.6787,85.3168
2023-05-10T20:00,18.7,64,11.6,867.0,2.9,187,Pulchowk,27.6787,85.3168
2023-05-10T21:00,17.6,64,10.6,866.8,4.0,180,Pulchowk,27.6787,85.3168
2023-05-10T22:00,16.9,61,9.3,866.5,3.6,180,Pulchowk,27.6787,85.3168
2023-05-10T23:00,16.5,59,8.4,866.4,3.2,180,Pulchowk,27.6787,85.3168
2023-05-11T00:00,16.1,58,7.8,866.1,3.3,167,Pulchowk,27.6787,85.3168
2023-05-11T01:00,15.7,57,7.3,865.9,4.5,166,Pulchowk,27.6787,85.3168
2023-05-11T02:00,15.0,58,6.9,865.8,5.6,165,Pulchowk,27.6787,85.3168
2023-05-11T03:00,14.2,60,6.6,865.7,6.3,167,Pulchowk,27.6787,85.3168
2023-05-11T04:00,13.7,61,6.2,865.8,6.7,164,Pulchowk,27.6787,85.3168
2023-05-11T05:00,13.7,58,5.6,867.4,7.2,162,Pulchowk,27.6787,85.3168
2023-05-11T06:00,16.7,56,8.0,869.6,8.0,162,Pulchowk,27.6787,85.3168
2023-05-11T07:00,21.6,41,7.9,872.3,5.6,153,Pulchowk,27.6787,85.3168
2023-05-11T08:00,23.7,29,4.8,873.1,6.6,139,Pulchowk,27.6787,85.3168
2023-05-11T09:00,25.2,21,1.6,873.5,6.8,155,Pulchowk,27.6787,85.3168
2023-05-11T10:00,26.0,20,1.0,873.3,5.1,172,Pulchowk,27.6787,85.3168
2023-05-11T11:00,26.8,19,1.1,872.6,3.6,174,Pulchowk,27.6787,85.3168
2023-05-11T12:00,27.6,18,1.4,871.8,3.1,225,Pulchowk,27.6787,85.3168
2023-05-11T13:00,28.1,19,2.3,870.8,4.7,279,Pulchowk,27.6787,85.3168
2023-05-11T14:00,28.5,18,2.2,869.7,8.2,299,Pulchowk,27.6787,85.3168
2023-05-11T15:00,27.6,20,2.7,869.1,11.8,293,Pulchowk,27.6787,85.3168
2023-05-11T16:00,25.7,26,4.8,868.8,9.4,270,Pulchowk,27.6787,85.3168
2023-05-11T17:00,24.9,30,6.1,869.1,4.6,198,Pulchowk,27.6787,85.3168
2023-05-11T18:00,21.7,51,11.1,868.2,4.3,180,Pulchowk,27.6787,85.3168
2023-05-11T19:00,20.2,48,8.7,868.4,4.0,175,Pulchowk,27.6787,85.3168
2023-05-11T20:00,18.7,51,8.3,868.1,2.5,172,Pulchowk,27.6787,85.3168
2023-05-11T21:00,17.8,50,7.2,867.9,4.5,166,Pulchowk,27.6787,85.3168
2023-05-11T22:00,16.4,52,6.5,867.5,4.8,167,Pulchowk,27.6787,85.3168
2023-05-11T23:00,15.6,52,5.9,867.1,4.7,171,Pulchowk,27.6787,85.3168
2023-05-12T00:00,15.1,53,5.5,866.6,5.1,172,Pulchowk,27.6787,85.3168
2023-05-12T01:00,14.5,53,5.0,866.0,5.5,169,Pulchowk,27.6787,85.3168
2023-05-12T02:00,14.3,52,4.6,866.1,5.2,168,Pulchowk,27.6787,85.3168
2023-05-12T03:00,14.4,51,4.5,866.3,4.8,167,Pulchowk,27.6787,85.3168
2023-05-12T04:00,14.4,51,4.4,866.8,4.5,166,Pulchowk,27.6787,85.3168
2023-05-12T05:00,15.1,54,5.9,868.4,5.6,165,Pulchowk,27.6787,85.3168
2023-05-12T06:00,17.5,56,8.5,869.8,5.2,168,Pulchowk,27.6787,85.3168
2023-05-12T07:00,22.4,41,8.5,872.1,2.6,124,Pulchowk,27.6787,85.3168
2023-05-12T08:00,24.2,32,6.4,872.8,2.5,8,Pulchowk,27.6787,85.3168
2023-05-12T09:00,25.5,30,6.8,873.2,3.9,338,Pulchowk,27.6787,85.3168
2023-05-12T10:00,26.5,30,7.4,873.1,6.6,319,Pulchowk,27.6787,85.3168
2023-05-12T11:00,27.2,29,7.4,872.8,9.3,306,Pulchowk,27.6787,85.3168
2023-05-12T12:00,27.6,26,6.6,872.0,9.5,299,Pulchowk,27.6787,85.3168
2023-05-12T13:00,28.0,25,6.2,871.2,7.4,299,Pulchowk,27.6787,85.3168
2023-05-12T14:00,27.9,26,6.8,870.1,7.0,282,Pulchowk,27.6787,85.3168
2023-05-12T15:00,27.4,28,7.5,869.5,6.9,261,Pulchowk,27.6787,85.3168
2023-05-12T16:00,26.8,31,8.1,869.2,6.2,260,Pulchowk,27.6787,85.3168
2023-05-12T17:00,25.6,36,9.6,869.4,5.1,231,Pulchowk,27.6787,85.3168
2023-05-12T18:00,22.9,60,14.6,868.8,4.0,190,Pulchowk,27.6787,85.3168
2023-05-12T19:00,21.4,61,13.6,869.3,2.5,180,Pulchowk,27.6787,85.3168
2023-05-12T20:00,20.0,62,12.6,869.4,2.2,180,Pulchowk,27.6787,85.3168
2023-05-12T21:00,18.6,67,12.2,869.4,3.3,174,Pulchowk,27.6787,85.3168
2023-05-12T22:00,17.2,71,11.9,868.7,4.0,170,Pulchowk,27.6787,85.3168
2023-05-12T23:00,16.6,72,11.5,868.3,4.4,171,Pulchowk,27.6787,85.3168
2023-05-13T00:00,16.5,71,11.1,867.9,4.5,166,Pulchowk,27.6787,85.3168
2023-05-13T01:00,16.6,69,10.8,867.5,3.7,169,Pulchowk,27.6787,85.3168
2023-05-13T02:00,16.4,68,10.5,867.2,4.4,171,Pulchowk,27.6787,85.3168
2023-05-13T03:00,16.5,68,10.5,867.3,4.3,175,Pulchowk,27.6787,85.3168
2023-05-13T04:00,16.4,69,10.8,867.4,2.5,172,Pulchowk,27.6787,85.3168
2023-05-13T05:00,17.0,73,12.2,868.5,4.7,171,Pulchowk,27.6787,85.3168
2023-05-13T06:00,20.0,63,12.8,870.1,2.7,157,Pulchowk,27.6787,85.3168
2023-05-13T07:00,22.4,50,11.4,871.6,3.2,27,Pulchowk,27.6787,85.3168
2023-05-13T08:00,23.6,46,11.1,872.5,5.4,352,Pulchowk,27.6787,85.3168
2023-05-13T09:00,24.7,43,11.4,873.0,7.9,344,Pulchowk,27.6787,85.3168
2023-05-13T10:00,25.6,41,11.5,872.8,9.7,338,Pulchowk,27.6787,85.3168
2023-05-13T11:00,26.7,37,10.8,872.3,8.6,338,Pulchowk,27.6787,85.3168
2023-05-13T12:00,28.0,35,10.9,871.8,7.4,337,Pulchowk,27.6787,85.3168
2023-05-13T13:00,28.5,33,10.5,871.0,7.4,321,Pulchowk,27.6787,85.3168
2023-05-13T14:00,27.5,32,9.3,869.8,7.2,288,Pulchowk,27.6787,85.3168
2023-05-13T15:00,26.5,38,11.0,869.8,7.6,273,Pulchowk,27.6787,85.3168
2023-05-13T16:00,26.1,40,11.4,869.3,8.2,293,Pulchowk,27.6787,85.3168
2023-05-13T17:00,25.0,45,12.3,868.5,6.2,291,Pulchowk,27.6787,85.3168
2023-05-13T18:00,22.7,68,16.6,868.1,3.6,217,Pulchowk,27.6787,85.3168
2023-05-13T19:00,21.6,63,14.2,868.4,2.5,180,Pulchowk,27.6787,85.3168
2023-05-13T20:00,20.0,71,14.5,868.6,4.4,171,Pulchowk,27.6787,85.3168
2023-05-13T21:00,18.4,80,14.8,868.2,6.2,173,Pulchowk,27.6787,85.3168
2023-05-13T22:00,17.4,85,14.9,867.6,6.9,171,Pulchowk,27.6787,85.3168
2023-05-13T23:00,16.9,87,14.6,867.2,6.1,177,Pulchowk,27.6787,85.3168
2023-05-14T00:00,16.7,85,14.3,866.8,5.4,176,Pulchowk,27.6787,85.3168
2023-05-14T01:00,16.8,83,14.0,866.3,5.4,176,Pulchowk,27.6787,85.3168
2023-05-14T02:00,16.9,82,13.7,865.9,5.1,176,Pulchowk,27.6787,85.3168
2023-05-14T03:00,17.1,81,13.7,865.7,2.9,180,Pulchowk,27.6787,85.3168
2023-05-14T04:00,17.3,80,13.8,865.8,1.8,169,Pulchowk,27.6787,85.3168
2023-05-14T05:00,17.2,77,13.1,867.4,3.1,201,Pulchowk,27.6787,85.3168
2023-05-14T06:00,19.7,74,14.8,868.1,2.4,153,Pulchowk,27.6787,85.3168
2023-05-14T07:00,21.6,62,14.1,868.7,0.4,90,Pulchowk,27.6787,85.3168
2023-05-14T08:00,23.5,56,14.2,869.2,1.1,288,Pulchowk,27.6787,85.3168
2023-05-14T09:00,25.0,48,13.3,869.5,4.4,305,Pulchowk,27.6787,85.3168
2023-05-14T10:00,26.1,43,12.5,869.6,7.1,319,Pulchowk,27.6787,85.3168
2023-05-14T11:00,26.9,40,12.3,869.4,9.0,323,Pulchowk,27.6787,85.3168
2023-05-14T12:00,26.9,41,12.6,868.1,11.8,322,Pulchowk,27.6787,85.3168
2023-05-14T13:00,20.8,76,16.5,867.3,12.6,183,Pulchowk,27.6787,85.3168
2023-05-14T14:00,21.2,72,16.0,866.1,4.0,175,Pulchowk,27.6787,85.3168
2023-05-14T15:00,23.0,57,14.1,866.2,2.6,34,Pulchowk,27.6787,85.3168
2023-05-14T16:00,23.0,56,13.9,865.8,2.9,300,Pulchowk,27.6787,85.3168
2023-05-14T17:00,21.7,61,13.8,864.5,6.1,220,Pulchowk,27.6787,85.3168
2023-05-14T18:00,20.8,67,14.5,864.5,3.4,198,Pulchowk,27.6787,85.3168
2023-05-14T19:00,19.4,75,14.9,864.4,4.7,176,Pulchowk,27.6787,85.3168
2023-05-14T20:00,18.5,81,15.2,864.6,5.1,176,Pulchowk,27.6787,85.3168
2023-05-14T21:00,17.9,82,14.7,864.6,6.5,177,Pulchowk,27.6787,85.3168
2023-05-14T22:00,17.4,81,14.2,864.7,6.2,173,Pulchowk,27.6787,85.3168
2023-05-14T23:00,17.2,80,13.7,865.3,1.4,180,Pulchowk,27.6787,85.3168
2023-05-15T00:00,16.6,83,13.8,865.1,9.8,197,Pulchowk,27.6787,85.3168
2023-05-15T01:00,16.6,86,14.3,863.8,3.7,151,Pulchowk,27.6787,85.3168
2023-05-15T02:00,15.8,89,14.0,862.9,4.7,171,Pulchowk,27.6787,85.3168
2023-05-15T03:00,15.2,93,14.1,862.5,4.7,176,Pulchowk,27.6787,85.3168
2023-05-15T04:00,15.0,93,14.0,862.5,3.3,174,Pulchowk,27.6787,85.3168
2023-05-15T05:00,15.2,90,13.6,864.0,3.6,180,Pulchowk,27.6787,85.3168
2023-05-15T06:00,17.7,86,15.3,865.9,3.6,174,Pulchowk,27.6787,85.3168
2023-05-15T07:00,20.3,66,13.8,867.6,0.8,243,Pulchowk,27.6787,85.3168
2023-05-15T08:00,21.3,62,13.8,868.3,3.1,291,Pulchowk,27.6787,85.3168
2023-05-15T09:00,22.6,58,13.9,868.5,6.9,317,Pulchowk,27.6787,85.3168
2023-05-15T10:00,23.9,53,13.8,868.8,7.9,321,Pulchowk,27.6787,85.3168
2023-05-15T11:00,24.4,53,14.3,868.4,8.6,303,Pulchowk,27.6787,85.3168
2023-05-15T12:00,24.4,53,14.1,867.6,7.9,300,Pulchowk,27.6787,85.3168
2023-05-15T13:00,24.1,55,14.6,866.8,8.9,320,Pulchowk,27.6787,85.3168
2023-05-15T14:00,22.8,61,14.9,866.2,5.6,207,Pulchowk,27.6787,85.3168
2023-05-15T15:00,22.0,67,15.5,865.8,5.5,293,Pulchowk,27.6787,85.3168
2023-05-15T16:00,20.0,71,14.5,865.5,6.0,213,Pulchowk,27.6787,85.3168
2023-05-15T17:00,21.3,65,14.4,864.6,3.6,360,Pulchowk,27.6787,85.3168
2023-05-15T18:00,19.9,78,15.9,864.8,2.4,333,Pulchowk,27.6787,85.3168
2023-05-15T19:00,19.5,75,14.8,865.8,1.3,214,Pulchowk,27.6787,85.3168
2023-05-15T20:00,18.6,81,15.2,865.7,3.7,169,Pulchowk,27.6787,85.3168
2023-05-15T21:00,17.4,86,15.0,865.4,4.7,171,Pulchowk,27.6787,85.3168
2023-05-15T22:00,16.9,91,15.4,865.5,3.6,186,Pulchowk,27.6787,85.3168
2023-05-15T23:00,16.5,91,14.9,865.6,3.1,159,Pulchowk,27.6787,85.3168
2023-05-16T00:00,16.3,87,14.1,864.8,4.5,166,Pulchowk,27.6787,85.3168
2023-05-16T01:00,15.6,89,13.8,863.8,6.2,173,Pulchowk,27.6787,85.3168
2023-05-16T02:00,15.0,90,13.5,863.2,6.6,171,Pulchowk,27.6787,85.3168
2023-05-16T03:00,14.8,90,13.2,863.2,6.5,174,Pulchowk,27.6787,85.3168
2023-05-16T04:00,15.0,87,12.8,863.6,5.9,169,Pulchowk,27.6787,85.3168
2023-05-16T05:00,14.5,94,13.5,863.6,5.4,180,Pulchowk,27.6787,85.3168
2023-05-16T06:00,17.6,89,15.7,865.8,4.4,171,Pulchowk,27.6787,85.3168
2023-05-16T07:00,21.1,65,14.1,868.2,1.6,207,Pulchowk,27.6787,85.3168
2023-05-16T08:00,22.5,60,14.3,868.7,1.4,270,Pulchowk,27.6787,85.3168
2023-05-16T09:00,24.0,58,15.1,869.1,1.6,333,Pulchowk,27.6787,85.3168
2023-05-16T10:00,20.9,69,14.9,869.3,7.7,281,Pulchowk,27.6787,85.3168
2023-05-16T11:00,22.6,63,15.3,869.1,1.4,180,Pulchowk,27.6787,85.3168
2023-05-16T12:00,23.1,63,15.6,868.6,6.3,336,Pulchowk,27.6787,85.3168
2023-05-16T13:00,23.0,63,15.5,868.2,8.2,319,Pulchowk,27.6787,85.3168
2023-05-16T14:00,22.0,65,15.1,867.5,7.6,315,Pulchowk,27.6787,85.3168
2023-05-16T15:00,21.9,66,15.1,867.3,6.3,283,Pulchowk,27.6787,85.3168
2023-05-16T16:00,20.5,75,16.0,867.1,3.3,13,Pulchowk,27.6787,85.3168
2023-05-16T17:00,19.8,77,15.8,867.1,2.5,360,Pulchowk,27.6787,85.3168
2023-05-16T18:00,18.0,89,16.2,866.4,4.4,145,Pulchowk,27.6787,85.3168
2023-05-16T19:00,17.5,91,16.0,866.3,3.6,186,Pulchowk,27.6787,85.3168
2023-05-16T20:00,16.9,94,15.9,866.7,4.0,180,Pulchowk,27.6787,85.3168
2023-05-16T21:00,16.5,94,15.6,867.4,4.0,170,Pulchowk,27.6787,85.3168
2023-05-16T22:00,16.8,91,15.3,867.7,5.1,172,Pulchowk,27.6787,85.3168
2023-05-16T23:00,17.0,87,14.9,867.7,4.0,170,Pulchowk,27.6787,85.3168
2023-05-17T00:00,17.4,82,14.4,868.0,0.7,180,Pulchowk,27.6787,85.3168
2023-05-17T01:00,16.7,86,14.3,867.1,2.7,157,Pulchowk,27.6787,85.3168
2023-05-17T02:00,16.9,84,14.1,866.9,2.2,180,Pulchowk,27.6787,85.3168
2023-05-17T03:00,16.1,83,13.2,866.1,1.6,153,Pulchowk,27.6787,85.3168
2023-05-17T04:00,16.0,81,12.8,866.0,3.3,167,Pulchowk,27.6787,85.3168
2023-05-17T05:00,17.6,75,13.1,867.4,1.9,158,Pulchowk,27.6787,85.3168
2023-05-17T06:00,19.4,70,13.8,868.7,4.6,141,Pulchowk,27.6787,85.3168
2023-05-17T07:00,21.5,63,14.1,869.7,3.8,107,Pulchowk,27.6787,85.3168
2023-05-17T08:00,23.4,57,14.3,870.7,2.1,59,Pulchowk,27.6787,85.3168
2023-05-17T09:00,24.8,52,14.3,871.6,4.5,299,Pulchowk,27.6787,85.3168
2023-05-17T10:00,25.6,51,14.8,871.8,7.8,292,Pulchowk,27.6787,85.3168
2023-05-17T11:00,25.6,51,14.8,871.5,6.2,277,Pulchowk,27.6787,85.3168
2023-05-17T12:00,24.4,56,15.1,870.9,6.6,261,Pulchowk,27.6787,85.3168
2023-05-17T13:00,23.4,62,15.7,870.4,6.2,306,Pulchowk,27.6787,85.3168
2023-05-17T14:00,21.8,67,15.5,870.0,9.1,304,Pulchowk,27.6787,85.3168
2023-05-17T15:00,19.0,81,15.6,868.8,6.6,151,Pulchowk,27.6787,85.3168
2023-05-17T16:00,20.8,71,15.2,869.2,3.6,143,Pulchowk,27.6787,85.3168
2023-05-17T17:00,19.7,80,16.2,869.2,5.5,293,Pulchowk,27.6787,85.3168
2023-05-17T18:00,18.7,85,16.2,869.9,1.6,207,Pulchowk,27.6787,85.3168
2023-05-17T19:00,18.6,91,17.0,870.4,4.6,135,Pulchowk,27.6787,85.3168
2023-05-17T20:00,18.1,91,16.5,870.4,5.3,152,Pulchowk,27.6787,85.3168
2023-05-17T21:00,17.5,92,16.2,870.4,4.6,162,Pulchowk,27.6787,85.3168
2023-05-17T22:00,16.9,93,15.7,870.3,7.6,172,Pulchowk,27.6787,85.3168
2023-05-17T23:00,16.3,91,14.9,869.6,5.7,162,Pulchowk,27.6787,85.3168
2023-05-18T00:00,16.1,92,14.9,869.2,5.4,172,Pulchowk,27.6787,85.3168
2023-05-18T01:00,15.6,94,14.7,867.7,3.6,174,Pulchowk,27.6787,85.3168
2023-05-18T02:00,15.1,94,14.1,867.2,1.4,180,Pulchowk,27.6787,85.3168
2023-05-18T03:00,15.7,91,14.3,868.0,5.4,176,Pulchowk,27.6787,85.3168
2023-05-18T04:00,14.6,93,13.5,867.5,0.4,180,Pulchowk,27.6787,85.3168
2023-05-18T05:00,15.6,92,14.4,868.0,4.9,163,Pulchowk,27.6787,85.3168
2023-05-18T06:00,17.6,93,16.5,869.7,6.4,164,Pulchowk,27.6787,85.3168
2023-05-18T07:00,19.0,82,15.9,872.3,6.0,303,Pulchowk,27.6787,85.3168
2023-05-18T08:00,19.6,77,15.5,872.8,3.2,207,Pulchowk,27.6787,85.3168
2023-05-18T09:00,20.7,76,16.4,873.5,4.7,302,Pulchowk,27.6787,85.3168
2023-05-18T10:00,22.2,71,16.6,873.2,5.2,335,Pulchowk,27.6787,85.3168
2023-05-18T11:00,24.0,65,17.0,872.6,7.6,315,Pulchowk,27.6787,85.3168
2023-05-18T12:00,24.3,62,16.5,871.4,7.7,307,Pulchowk,27.6787,85.3168
2023-05-18T13:00,24.0,61,16.0,870.6,9.7,301,Pulchowk,27.6787,85.3168
2023-05-18T14:00,23.5,62,15.9,869.5,8.9,302,Pulchowk,27.6787,85.3168
2023-05-18T15:00,23.2,64,16.1,868.9,7.5,305,Pulchowk,27.6787,85.3168
2023-05-18T16:00,22.8,67,16.4,868.5,8.1,315,Pulchowk,27.6787,85.3168
2023-05-18T17:00,21.9,71,16.4,868.6,6.1,315,Pulchowk,27.6787,85.3168
2023-05-18T18:00,20.5,79,16.7,868.8,3.4,288,Pulchowk,27.6787,85.3168
2023-05-18T19:00,19.8,80,16.3,869.0,2.1,149,Pulchowk,27.6787,85.3168
2023-05-18T20:00,18.9,86,16.5,868.9,2.6,196,Pulchowk,27.6787,85.3168
2023-05-18T21:00,18.0,91,16.5,869.0,0.5,135,Pulchowk,27.6787,85.3168
2023-05-18T22:00,17.6,93,16.5,869.4,1.8,191,Pulchowk,27.6787,85.3168
2023-05-18T23:00,17.5,96,16.9,869.0,1.5,166,Pulchowk,27.6787,85.3168
2023-05-19T00:00,16.6,97,16.1,867.9,1.1,162,Pulchowk,27.6787,85.3168
2023-05-19T01:00,16.2,97,15.7,866.7,2.5,180,Pulchowk,27.6787,85.3168
2023-05-19T02:00,16.1,97,15.7,866.2,3.3,174,Pulchowk,27.6787,85.3168
2023-05-19T03:00,15.9,97,15.4,865.8,1.8,169,Pulchowk,27.6787,85.3168
2023-05-19T04:00,15.9,96,15.3,865.9,2.5,180,Pulchowk,27.6787,85.3168
2023-05-19T05:00,16.6,94,15.6,867.4,1.4,180,Pulchowk,27.6787,85.3168
2023-05-19T06:00,18.1,94,17.2,868.5,5.9,166,Pulchowk,27.6787,85.3168
2023-05-19T07:00,20.3,81,16.9,869.6,3.3,131,Pulchowk,27.6787,85.3168
2023-05-19T08:00,22.3,71,16.7,870.2,0.0,270,Pulchowk,27.6787,85.3168
2023-05-19T09:00,23.8,60,15.7,870.3,5.4,307,Pulchowk,27.6787,85.3168
2023-05-19T10:00,25.0,53,14.7,870.5,8.4,310,Pulchowk,27.6787,85.3168
2023-05-19T11:00,25.7,48,14.0,870.5,10.1,305,Pulchowk,27.6787,85.3168
2023-05-19T12:00,26.0,46,13.3,870.0,10.7,310,Pulchowk,27.6787,85.3168
2023-05-19T13:00,25.4,48,13.4,869.4,10.6,298,Pulchowk,27.6787,85.3168
2023-05-19T14:00,23.6,54,13.9,868.6,9.3,298,Pulchowk,27.6787,85.3168
2023-05-19T15:00,23.1,55,13.5,868.1,9.4,302,Pulchowk,27.6787,85.3168
2023-05-19T16:00,22.1,63,14.6,867.4,6.2,339,Pulchowk,27.6787,85.3168
2023-05-19T17:00,21.1,70,15.4,867.3,4.9,306,Pulchowk,27.6787,85.3168
2023-05-19T18:00,20.1,80,16.5,867.0,1.8,180,Pulchowk,27.6787,85.3168
2023-05-19T19:00,19.1,87,16.9,867.2,2.5,172,Pulchowk,27.6787,85.3168
2023-05-19T20:00,19.4,80,15.8,867.7,2.5,172,Pulchowk,27.6787,85.3168
2023-05-19T21:00,18.2,83,15.4,867.4,4.3,175,Pulchowk,27.6787,85.3168
2023-05-19T22:00,17.1,87,15.0,866.8,6.2,173,Pulchowk,27.6787,85.3168
2023-05-19T23:00,16.3,89,14.4,866.2,7.2,174,Pulchowk,27.6787,85.3168
2023-05-20T00:00,16.3,86,13.9,865.8,3.3,174,Pulchowk,27.6787,85.3168
2023-05-20T01:00,16.3,84,13.5,865.3,4.3,175,Pulchowk,27.6787,85.3168
2023-05-20T02:00,16.0,83,13.2,864.7,6.2,170,Pulchowk,27.6787,85.3168
2023-05-20T03:00,15.8,83,13.0,864.1,5.8,173,Pulchowk,27.6787,85.3168
2023-05-20T04:00,15.9,83,13.0,864.6,3.6,186,Pulchowk,27.6787,85.3168
2023-05-20T05:00,15.0,93,13.9,865.3,3.6,174,Pulchowk,27.6787,85.3168
2023-05-20T06:00,17.7,90,16.1,866.8,4.0,175,Pulchowk,27.6787,85.3168
2023-05-20T07:00,20.9,66,14.3,868.4,3.1,126,Pulchowk,27.6787,85.3168
2023-05-20T08:00,22.7,62,14.9,868.8,2.2,99,Pulchowk,27.6787,85.3168
2023-05-20T09:00,23.8,57,14.7,869.0,2.3,309,Pulchowk,27.6787,85.3168
2023-05-20T10:00,24.3,56,15.1,869.2,5.0,300,Pulchowk,27.6787,85.3168
2023-05-20T11:00,24.1,61,16.2,869.0,4.7,279,Pulchowk,27.6787,85.3168
2023-05-20T12:00,24.4,61,16.3,868.6,5.4,278,Pulchowk,27.6787,85.3168
2023-05-20T13:00,24.7,59,16.2,868.3,5.8,270,Pulchowk,27.6787,85.3168
2023-05-20T14:00,22.9,63,15.6,867.9,2.5,360,Pulchowk,27.6787,85.3168
2023-05-20T15:00,22.6,64,15.4,867.6,4.0,360,Pulchowk,27.6787,85.3168
2023-05-20T16:00,22.1,66,15.5,867.5,3.3,311,Pulchowk,27.6787,85.3168
2023-05-20T17:00,22.0,67,15.5,867.7,3.3,311,Pulchowk,27.6787,85.3168
2023-05-20T18:00,20.7,78,16.8,867.9,3.4,302,Pulchowk,27.6787,85.3168
2023-05-20T19:00,20.3,69,14.5,868.8,1.1,108,Pulchowk,27.6787,85.3168
2023-05-20T20:00,18.0,82,15.0,868.1,2.4,153,Pulchowk,27.6787,85.3168
2023-05-20T21:00,17.7,87,15.6,868.0,4.7,171,Pulchowk,27.6787,85.3168
2023-05-20T22:00,16.7,93,15.6,867.5,4.0,170,Pulchowk,27.6787,85.3168
2023-05-20T23:00,16.1,93,15.1,866.6,4.5,166,Pulchowk,27.6787,85.3168
2023-05-21T00:00,15.8,92,14.5,865.9,5.4,172,Pulchowk,27.6787,85.3168
2023-05-21T01:00,15.7,90,14.0,865.1,5.9,169,Pulchowk,27.6787,85.3168
2023-05-21T02:00,15.8,87,13.6,865.0,5.2,168,Pulchowk,27.6787,85.3168
2023-05-21T03:00,16.0,82,13.0,865.0,4.0,175,Pulchowk,27.6787,85.3168
2023-05-21T04:00,15.9,79,12.4,865.7,2.5,172,Pulchowk,27.6787,85.3168
2023-05-21T05:00,16.9,84,14.2,867.9,5.6,153,Pulchowk,27.6787,85.3168
2023-05-21T06:00,19.1,73,14.3,868.9,5.4,184,Pulchowk,27.6787,85.3168
2023-05-21T07:00,21.5,60,13.5,870.3,2.4,207,Pulchowk,27.6787,85.3168
2023-05-21T08:00,22.8,57,13.7,870.7,2.2,351,Pulchowk,27.6787,85.3168
2023-05-21T09:00,24.1,52,13.5,871.2,6.6,315,Pulchowk,27.6787,85.3168
2023-05-21T10:00,25.0,49,13.4,871.0,8.7,312,Pulchowk,27.6787,85.3168
2023-05-21T11:00,25.3,48,13.4,870.9,8.9,302,Pulchowk,27.6787,85.3168
2023-05-21T12:00,25.1,48,13.4,870.2,8.1,283,Pulchowk,27.6787,85.3168
2023-05-21T13:00,25.5,47,13.4,869.7,7.9,286,Pulchowk,27.6787,85.3168
2023-05-21T14:00,24.6,50,13.3,868.8,6.2,277,Pulchowk,27.6787,85.3168
2023-05-21T15:00,24.9,51,14.0,868.5,7.1,311,Pulchowk,27.6787,85.3168
2023-05-21T16:00,24.1,54,14.2,868.4,7.1,300,Pulchowk,27.6787,85.3168
2023-05-21T17:00,22.4,64,15.3,868.6,4.3,360,Pulchowk,27.6787,85.3168
2023-05-21T18:00,20.7,82,17.5,868.2,2.5,8,Pulchowk,27.6787,85.3168
2023-05-21T19:00,19.9,78,16.0,868.4,1.9,202,Pulchowk,27.6787,85.3168
2023-05-21T20:00,19.1,82,15.9,868.5,2.2,171,Pulchowk,27.6787,85.3168
2023-05-21T21:00,18.6,83,15.7,868.7,2.6,164,Pulchowk,27.6787,85.3168
2023-05-21T22:00,17.7,86,15.4,868.4,5.4,160,Pulchowk,27.6787,85.3168
2023-05-21T23:00,17.1,87,15.0,868.1,6.0,163,Pulchowk,27.6787,85.3168
2023-05-22T00:00,16.8,87,14.5,867.7,6.6,167,Pulchowk,27.6787,85.3168
2023-05-22T01:00,16.6,85,14.1,867.4,5.9,166,Pulchowk,27.6787,85.3168
2023-05-22T02:00,16.6,84,13.9,867.4,4.7,171,Pulchowk,27.6787,85.3168
2023-05-22T03:00,16.7,83,13.9,867.6,2.2,171,Pulchowk,27.6787,85.3168
2023-05-22T04:00,17.0,81,13.8,867.9,1.1,162,Pulchowk,27.6787,85.3168
2023-05-22T05:00,17.6,79,14.0,868.6,2.7,157,Pulchowk,27.6787,85.3168
2023-05-22T06:00,20.3,71,15.0,870.0,3.5,156,Pulchowk,27.6787,85.3168
2023-05-22T07:00,22.7,61,14.8,871.6,2.3,39,Pulchowk,27.6787,85.3168
2023-05-22T08:00,24.1,56,14.6,872.3,3.6,354,Pulchowk,27.6787,85.3168
2023-05-22T09:00,25.3,53,14.9,872.7,7.7,311,Pulchowk,27.6787,85.3168
2023-05-22T10:00,25.6,54,15.7,872.6,11.5,316,Pulchowk,27.6787,85.3168
2023-05-22T11:00,25.6,54,15.6,872.6,10.9,314,Pulchowk,27.6787,85.3168
2023-05-22T12:00,25.8,54,15.6,871.9,8.7,312,Pulchowk,27.6787,85.3168
2023-05-22T13:00,25.9,53,15.7,871.2,7.7,298,Pulchowk,27.6787,85.3168
2023-05-22T14:00,26.1,53,15.6,870.4,6.9,298,Pulchowk,27.6787,85.3168
2023-05-22T15:00,25.5,56,16.1,869.6,6.0,295,Pulchowk,27.6787,85.3168
2023-05-22T16:00,25.3,57,16.2,869.3,3.9,292,Pulchowk,27.6787,85.3168
2023-05-22T17:00,24.4,62,16.6,869.2,1.6,333,Pulchowk,27.6787,85.3168
2023-05-22T18:00,23.6,64,16.5,869.2,0.7,180,Pulchowk,27.6787,85.3168
2023-05-22T19:00,21.8,78,17.9,869.3,1.5,166,Pulchowk,27.6787,85.3168
2023-05-22T20:00,21.1,82,17.8,870.0,3.6,180,Pulchowk,27.6787,85.3168
2023-05-22T21:00,20.0,88,17.9,870.0,3.3,174,Pulchowk,27.6787,85.3168
2023-05-22T22:00,18.3,96,17.7,871.2,8.0,243,Pulchowk,27.6787,85.3168
2023-05-22T23:00,18.3,88,16.2,870.3,6.9,133,Pulchowk,27.6787,85.3168
2023-05-23T00:00,17.9,90,16.3,869.1,4.9,163,Pulchowk,27.6787,85.3168
2023-05-23T01:00,17.8,91,16.3,868.4,5.1,172,Pulchowk,27.6787,85.3168
2023-05-23T02:00,17.2,95,16.4,868.3,3.3,174,Pulchowk,27.6787,85.3168
2023-05-23T03:00,16.7,96,16.1,868.4,1.8,191,Pulchowk,27.6787,85.3168
2023-05-23T04:00,16.4,95,15.6,869.0,1.1,162,Pulchowk,27.6787,85.3168
2023-05-23T05:00,17.2,98,16.9,869.8,2.8,130,Pulchowk,27.6787,85.3168
2023-05-23T06:00,17.9,96,17.2,870.9,2.2,360,Pulchowk,27.6787,85.3168
2023-05-23T07:00,19.6,86,17.2,871.8,3.1,159,Pulchowk,27.6787,85.3168
2023-05-23T08:00,21.8,76,17.4,872.0,1.6,27,Pulchowk,27.6787,85.3168
2023-05-23T09:00,24.0,65,17.0,872.3,1.3,236,Pulchowk,27.6787,85.3168
2023-05-23T10:00,25.6,59,16.9,872.4,2.6,254,Pulchowk,27.6787,85.3168
2023-05-23T11:00,26.3,55,16.4,872.7,1.9,158,Pulchowk,27.6787,85.3168
2023-05-23T12:00,20.0,81,16.6,871.9,3.6,96,Pulchowk,27.6787,85.3168
2023-05-23T13:00,23.3,63,15.8,871.2,5.6,50,Pulchowk,27.6787,85.3168
2023-05-23T14:00,23.6,61,15.8,869.9,2.3,231,Pulchowk,27.6787,85.3168
2023-05-23T15:00,24.3,60,16.2,869.0,2.9,270,Pulchowk,27.6787,85.3168
2023-05-23T16:00,23.9,63,16.5,868.6,6.3,301,Pulchowk,27.6787,85.3168
2023-05-23T17:00,21.1,73,16.2,867.2,4.3,312,Pulchowk,27.6787,85.3168
2023-05-23T18:00,20.4,79,16.6,867.1,2.3,162,Pulchowk,27.6787,85.3168
2023-05-23T19:00,19.6,83,16.7,867.0,4.8,153,Pulchowk,27.6787,85.3168
2023-05-23T20:00,19.0,87,16.8,867.4,4.9,163,Pulchowk,27.6787,85.3168
2023-05-23T21:00,18.5,90,16.8,868.3,4.7,176,Pulchowk,27.6787,85.3168
2023-05-23T22:00,18.5,91,17.0,869.1,3.3,167,Pulchowk,27.6787,85.3168
2023-05-23T23:00,18.5,92,17.2,869.5,3.4,148,Pulchowk,27.6787,85.3168
2023-05-24T00:00,17.8,96,17.2,868.4,5.4,160,Pulchowk,27.6787,85.3168
2023-05-24T01:00,17.6,97,17.2,868.0,5.9,166,Pulchowk,27.6787,85.3168
2023-05-24T02:00,17.5,97,17.1,867.7,5.6,165,Pulchowk,27.6787,85.3168
2023-05-24T03:00,17.4,98,17.1,867.3,4.7,157,Pulchowk,27.6787,85.3168
2023-05-24T04:00,17.4,96,16.8,867.2,5.8,173,Pulchowk,27.6787,85.3168
2023-05-24T05:00,17.6,92,16.4,868.4,6.2,159,Pulchowk,27.6787,85.3168
2023-05-24T06:00,19.8,83,16.9,870.0,3.1,216,Pulchowk,27.6787,85.3168
2023-05-24T07:00,20.6,77,16.4,871.4,2.6,34,Pulchowk,27.6787,85.3168
2023-05-24T08:00,21.2,75,16.7,871.6,2.3,342,Pulchowk,27.6787,85.3168
2023-05-24T09:00,23.7,64,16.5,871.7,2.6,124,Pulchowk,27.6787,85.3168
2023-05-24T10:00,25.7,55,16.1,871.4,0.8,63,Pulchowk,27.6787,85.3168
2023-05-24T11:00,22.8,66,16.2,870.9,9.7,222,Pulchowk,27.6787,85.3168
2023-05-24T12:00,23.0,66,16.3,869.9,2.5,8,Pulchowk,27.6787,85.3168
2023-05-24T13:00,22.4,69,16.4,869.0,6.3,24,Pulchowk,27.6787,85.3168
2023-05-24T14:00,23.4,67,16.9,867.7,0.5,315,Pulchowk,27.6787,85.3168
2023-05-24T15:00,24.3,60,16.0,867.0,4.5,284,Pulchowk,27.6787,85.3168
2023-05-24T16:00,23.3,66,16.5,866.2,4.2,301,Pulchowk,27.6787,85.3168
2023-05-24T17:00,19.9,81,16.5,866.1,0.4,90,Pulchowk,27.6787,85.3168
2023-05-24T18:00,20.1,81,16.8,866.4,2.7,157,Pulchowk,27.6787,85.3168
2023-05-24T19:00,19.4,89,17.6,866.8,2.3,162,Pulchowk,27.6787,85.3168
2023-05-24T20:00,18.6,95,17.7,867.2,1.1,162,Pulchowk,27.6787,85.3168
2023-05-24T21:00,18.2,97,17.7,867.9,1.8,169,Pulchowk,27.6787,85.3168
2023-05-24T22:00,18.5,96,17.8,868.3,3.7,169,Pulchowk,27.6787,85.3168
2023-05-24T23:00,17.3,97,16.8,868.4,4.0,275,Pulchowk,27.6787,85.3168
2023-05-25T00:00,17.3,96,16.7,867.8,3.8,221,Pulchowk,27.6787,85.3168
2023-05-25T01:00,17.1,94,16.2,866.9,3.4,148,Pulchowk,27.6787,85.3168
2023-05-25T02:00,15.9,87,13.7,867.2,1.1,270,Pulchowk,27.6787,85.3168
2023-05-25T03:00,16.4,94,15.4,866.8,4.1,128,Pulchowk,27.6787,85.3168
2023-05-25T04:00,16.5,95,15.7,866.9,3.4,148,Pulchowk,27.6787,85.3168
2023-05-25T05:00,16.6,96,15.9,866.9,4.6,162,Pulchowk,27.6787,85.3168
2023-05-25T06:00,18.5,90,16.9,867.8,6.4,153,Pulchowk,27.6787,85.3168
2023-05-25T07:00,20.9,77,16.7,869.2,4.0,153,Pulchowk,27.6787,85.3168
2023-05-25T08:00,22.3,72,16.9,869.6,3.3,229,Pulchowk,27.6787,85.3168
2023-05-25T09:00,22.1,75,17.6,870.0,6.8,267,Pulchowk,27.6787,85.3168
2023-05-25T10:00,20.8,82,17.7,869.8,6.8,25,Pulchowk,27.6787,85.3168
2023-05-25T11:00,22.2,72,16.9,869.7,8.9,328,Pulchowk,27.6787,85.3168
2023-05-25T12:00,20.1,82,17.0,868.5,3.7,241,Pulchowk,27.6787,85.3168
2023-05-25T13:00,19.4,90,17.7,867.7,2.9,7,Pulchowk,27.6787,85.3168
2023-05-25T14:00,20.5,85,17.9,867.3,4.7,351,Pulchowk,27.6787,85.3168
2023-05-25T15:00,20.2,83,17.2,866.3,3.1,339,Pulchowk,27.6787,85.3168
2023-05-25T16:00,20.4,80,16.8,865.6,1.8,90,Pulchowk,27.6787,85.3168
2023-05-25T17:00,19.7,82,16.6,867.2,1.9,22,Pulchowk,27.6787,85.3168
2023-05-25T18:00,19.2,87,17.0,866.8,3.9,146,Pulchowk,27.6787,85.3168
2023-05-25T19:00,18.8,90,17.1,866.3,5.0,159,Pulchowk,27.6787,85.3168
2023-05-25T20:00,17.8,93,16.6,866.0,4.0,170,Pulchowk,27.6787,85.3168
2023-05-25T21:00,18.1,91,16.6,866.4,3.6,174,Pulchowk,27.6787,85.3168
2023-05-25T22:00,18.1,90,16.4,866.6,4.0,175,Pulchowk,27.6787,85.3168
2023-05-25T23:00,18.0,88,16.0,866.4,4.7,171,Pulchowk,27.6787,85.3168
2023-05-26T00:00,17.7,86,15.3,866.0,3.6,174,Pulchowk,27.6787,85.3168
2023-05-26T01:00,17.0,88,15.0,865.5,3.3,186,Pulchowk,27.6787,85.3168
2023-05-26T02:00,16.4,89,14.7,865.0,2.5,180,Pulchowk,27.6787,85.3168
2023-05-26T03:00,15.6,92,14.3,865.3,1.8,180,Pulchowk,27.6787,85.3168
2023-05-26T04:00,15.4,94,14.4,865.5,2.9,173,Pulchowk,27.6787,85.3168
2023-05-26T05:00,16.0,93,14.9,866.5,2.9,173,Pulchowk,27.6787,85.3168
2023-05-26T06:00,17.6,90,15.9,868.2,2.4,153,Pulchowk,27.6787,85.3168
2023-05-26T07:00,19.2,77,15.0,869.1,3.4,122,Pulchowk,27.6787,85.3168
2023-05-26T08:00,21.1,69,15.1,870.2,2.3,51,Pulchowk,27.6787,85.3168
2023-05-26T09:00,22.6,62,15.0,871.0,2.6,304,Pulchowk,27.6787,85.3168
2023-05-26T10:00,22.7,67,16.2,871.0,7.6,270,Pulchowk,27.6787,85.3168
2023-05-26T11:00,17.9,85,15.3,870.6,4.2,110,Pulchowk,27.6787,85.3168
2023-05-26T12:00,18.7,81,15.3,869.7,4.1,195,Pulchowk,27.6787,85.3168
2023-05-26T13:00,20.5,73,15.6,869.1,3.9,56,Pulchowk,27.6787,85.3168
2023-05-26T14:00,22.4,62,14.8,868.2,1.8,37,Pulchowk,27.6787,85.3168
2023-05-26T15:00,23.9,55,14.3,867.3,1.0,135,Pulchowk,27.6787,85.3168
2023-05-26T16:00,23.8,57,14.9,867.2,5.0,270,Pulchowk,27.6787,85.3168
2023-05-26T17:00,21.4,64,14.4,866.5,2.9,173,Pulchowk,27.6787,85.3168
2023-05-26T18:00,20.1,77,15.8,866.7,3.3,186,Pulchowk,27.6787,85.3168
2023-05-26T19:00,18.4,82,15.3,867.5,3.1,201,Pulchowk,27.6787,85.3168
2023-05-26T20:00,17.8,86,15.5,867.9,0.5,135,Pulchowk,27.6787,85.3168
2023-05-26T21:00,17.5,92,16.1,868.3,0.5,135,Pulchowk,27.6787,85.3168
2023-05-26T22:00,17.5,91,15.9,867.9,3.1,144,Pulchowk,27.6787,85.3168
2023-05-26T23:00,17.3,92,16.0,867.4,2.7,157,Pulchowk,27.6787,85.3168
2023-05-27T00:00,16.6,94,15.6,866.4,3.0,166,Pulchowk,27.6787,85.3168
2023-05-27T01:00,16.4,95,15.6,865.8,3.8,163,Pulchowk,27.6787,85.3168
2023-05-27T02:00,16.1,96,15.5,865.5,4.5,166,Pulchowk,27.6787,85.3168
2023-05-27T03:00,15.8,96,15.1,865.1,3.3,174,Pulchowk,27.6787,85.3168
2023-05-27T04:00,15.6,97,15.0,865.3,1.4,180,Pulchowk,27.6787,85.3168
2023-05-27T05:00,15.1,97,14.6,865.4,5.2,164,Pulchowk,27.6787,85.3168
2023-05-27T06:00,17.3,89,15.4,866.5,3.8,163,Pulchowk,27.6787,85.3168
2023-05-27T07:00,19.5,74,14.7,867.6,1.5,135,Pulchowk,27.6787,85.3168
2023-05-27T08:00,21.0,70,15.2,868.4,1.8,307,Pulchowk,27.6787,85.3168
2023-05-27T09:00,22.3,64,15.2,869.3,6.9,309,Pulchowk,27.6787,85.3168
2023-05-27T10:00,22.7,67,16.3,869.3,7.2,297,Pulchowk,27.6787,85.3168
2023-05-27T11:00,23.3,66,16.5,869.0,4.6,315,Pulchowk,27.6787,85.3168
2023-05-27T12:00,23.6,64,16.4,868.8,5.6,255,Pulchowk,27.6787,85.3168
2023-05-27T13:00,22.9,66,16.3,868.1,2.9,180,Pulchowk,27.6787,85.3168
2023-05-27T14:00,21.3,73,16.2,867.4,5.6,310,Pulchowk,27.6787,85.3168
2023-05-27T15:00,21.9,71,16.3,867.2,2.6,304,Pulchowk,27.6787,85.3168
2023-05-27T16:00,21.5,72,16.1,867.0,4.3,312,Pulchowk,27.6787,85.3168
2023-05-27T17:00,19.7,80,16.2,867.1,4.7,356,Pulchowk,27.6787,85.3168
2023-05-27T18:00,18.3,92,16.9,867.2,2.5,352,Pulchowk,27.6787,85.3168
2023-05-27T19:00,17.6,93,16.4,867.3,0.8,117,Pulchowk,27.6787,85.3168
2023-05-27T20:00,17.3,92,16.0,867.7,3.3,174,Pulchowk,27.6787,85.3168
2023-05-27T21:00,16.6,94,15.7,868.0,2.9,173,Pulchowk,27.6787,85.3168
2023-05-27T22:00,16.3,95,15.5,868.2,0.7,180,Pulchowk,27.6787,85.3168
2023-05-27T23:00,16.1,95,15.4,867.9,3.3,174,Pulchowk,27.6787,85.3168
2023-05-28T00:00,15.8,95,15.1,867.0,2.2,171,Pulchowk,27.6787,85.3168
2023-05-28T01:00,15.2,97,14.7,866.3,2.9,180,Pulchowk,27.6787,85.3168
2023-05-28T02:00,14.7,96,14.1,866.0,3.6,174,Pulchowk,27.6787,85.3168
2023-05-28T03:00,14.1,98,13.8,865.8,4.3,175,Pulchowk,27.6787,85.3168
2023-05-28T04:00,13.5,100,13.5,865.6,5.4,172,Pulchowk,27.6787,85.3168
2023-05-28T05:00,14.5,100,14.5,866.7,5.1,176,Pulchowk,27.6787,85.3168
2023-05-28T06:00,16.8,98,16.4,868.6,3.6,174,Pulchowk,27.6787,85.3168
2023-05-28T07:00,19.4,79,15.6,870.0,1.4,90,Pulchowk,27.6787,85.3168
2023-05-28T08:00,20.6,72,15.4,870.2,0.5,45,Pulchowk,27.6787,85.3168
2023-05-28T09:00,21.8,65,14.9,870.5,2.5,278,Pulchowk,27.6787,85.3168
2023-05-28T10:00,22.4,62,14.8,870.7,4.7,279,Pulchowk,27.6787,85.3168
2023-05-28T11:00,22.5,65,15.6,870.8,3.1,315,Pulchowk,27.6787,85.3168
2023-05-28T12:00,22.9,62,15.2,870.5,4.7,328,Pulchowk,27.6787,85.3168
2023-05-28T13:00,23.5,57,14.4,870.0,5.0,300,Pulchowk,27.6787,85.3168
2023-05-28T14:00,23.5,59,14.9,869.6,5.7,305,Pulchowk,27.6787,85.3168
2023-05-28T15:00,23.3,61,15.4,869.2,5.8,300,Pulchowk,27.6787,85.3168
2023-05-28T16:00,22.8,64,15.7,868.9,3.6,276,Pulchowk,27.6787,85.3168
2023-05-28T17:00,21.7,70,16.1,868.7,4.4,235,Pulchowk,27.6787,85.3168
2023-05-28T18:00,21.1,75,16.4,868.9,1.0,135,Pulchowk,27.6787,85.3168
2023-05-28T19:00,19.0,86,16.6,869.0,3.3,167,Pulchowk,27.6787,85.3168
2023-05-28T20:00,18.0,93,16.8,869.9,3.0,194,Pulchowk,27.6787,85.3168
2023-05-28T21:00,18.0,95,17.3,870.5,1.8,180,Pulchowk,27.6787,85.3168
2023-05-28T22:00,17.4,97,16.9,870.4,1.8,169,Pulchowk,27.6787,85.3168
2023-05-28T23:00,17.1,97,16.6,870.1,2.5,172,Pulchowk,27.6787,85.3168
2023-05-29T00:00,16.8,96,16.2,869.2,2.5,172,Pulchowk,27.6787,85.3168
2023-05-29T01:00,16.5,96,15.8,868.9,1.5,166,Pulchowk,27.6787,85.3168
2023-05-29T02:00,16.4,94,15.5,868.8,2.2,171,Pulchowk,27.6787,85.3168
2023-05-29T03:00,16.3,93,15.2,868.6,2.9,173,Pulchowk,27.6787,85.3168
2023-05-29T04:00,16.1,93,14.9,868.7,3.3,167,Pulchowk,27.6787,85.3168
2023-05-29T05:00,17.4,86,15.0,870.1,3.0,166,Pulchowk,27.6787,85.3168
2023-05-29T06:00,19.2,88,17.1,871.5,3.3,174,Pulchowk,27.6787,85.3168
2023-05-29T07:00,21.1,73,16.2,872.8,2.4,27,Pulchowk,27.6787,85.3168
2023-05-29T08:00,22.1,70,16.3,873.0,3.7,349,Pulchowk,27.6787,85.3168
2023-05-29T09:00,23.4,63,15.9,873.4,5.4,318,Pulchowk,27.6787,85.3168
2023-05-29T10:00,23.8,60,15.6,873.3,6.4,317,Pulchowk,27.6787,85.3168
2023-05-29T11:00,24.6,57,15.4,873.0,6.4,322,Pulchowk,27.6787,85.3168
2023-05-29T12:00,25.0,56,15.6,872.1,5.1,321,Pulchowk,27.6787,85.3168
2023-05-29T13:00,25.5,55,15.9,871.1,3.1,339,Pulchowk,27.6787,85.3168
2023-05-29T14:00,25.6,55,16.0,870.8,3.9,304,Pulchowk,27.6787,85.3168
2023-05-29T15:00,25.0,60,16.7,870.5,8.5,282,Pulchowk,27.6787,85.3168
2023-05-29T16:00,23.8,65,16.9,870.5,6.6,241,Pulchowk,27.6787,85.3168
2023-05-29T17:00,22.8,70,17.0,870.4,4.9,216,Pulchowk,27.6787,85.3168
2023-05-29T18:00,21.6,79,17.8,870.2,2.9,173,Pulchowk,27.6787,85.3168
2023-05-29T19:00,20.6,82,17.5,870.2,2.9,173,Pulchowk,27.6787,85.3168
2023-05-29T20:00,19.6,87,17.4,870.4,3.3,174,Pulchowk,27.6787,85.3168
2023-05-29T21:00,19.0,90,17.3,870.7,3.2,180,Pulchowk,27.6787,85.3168
2023-05-29T22:00,18.2,93,17.0,870.8,4.0,175,Pulchowk,27.6787,85.3168
2023-05-29T23:00,17.6,95,16.8,870.6,4.0,175,Pulchowk,27.6787,85.3168
2023-05-30T00:00,17.5,95,16.7,870.2,4.3,175,Pulchowk,27.6787,85.3168
2023-05-30T01:00,17.4,94,16.5,869.8,5.1,172,Pulchowk,27.6787,85.3168
2023-05-30T02:00,17.2,94,16.3,869.8,4.7,176,Pulchowk,27.6787,85.3168
2023-05-30T03:00,17.1,94,16.1,869.9,2.9,173,Pulchowk,27.6787,85.3168
2023-05-30T04:00,17.0,94,15.9,869.7,3.6,174,Pulchowk,27.6787,85.3168
2023-05-30T05:00,18.0,89,16.1,870.5,4.0,180,Pulchowk,27.6787,85.3168
2023-05-30T06:00,20.4,86,18.0,872.0,4.0,170,Pulchowk,27.6787,85.3168
2023-05-30T07:00,22.8,71,17.2,872.8,2.6,124,Pulchowk,27.6787,85.3168
2023-05-30T08:00,24.2,65,17.3,873.0,0.8,27,Pulchowk,27.6787,85.3168
2023-05-30T09:00,25.7,59,17.2,873.3,5.3,298,Pulchowk,27.6787,85.3168
2023-05-30T10:00,26.3,56,16.8,873.1,9.9,314,Pulchowk,27.6787,85.3168
2023-05-30T11:00,26.3,56,16.9,872.8,9.4,317,Pulchowk,27.6787,85.3168
2023-05-30T12:00,26.6,55,16.9,872.2,5.1,309,Pulchowk,27.6787,85.3168
2023-05-30T13:00,26.9,54,16.7,871.4,4.7,302,Pulchowk,27.6787,85.3168
2023-05-30T14:00,26.9,54,16.8,870.7,4.7,302,Pulchowk,27.6787,85.3168
2023-05-30T15:00,26.7,54,16.5,870.1,4.7,293,Pulchowk,27.6787,85.3168
2023-05-30T16:00,26.1,55,16.3,869.6,4.6,315,Pulchowk,27.6787,85.3168
2023-05-30T17:00,25.2,59,16.8,869.6,3.0,166,Pulchowk,27.6787,85.3168
2023-05-30T18:00,23.4,74,18.5,869.5,2.3,162,Pulchowk,27.6787,85.3168
2023-05-30T19:00,21.7,79,17.8,869.0,3.6,174,Pulchowk,27.6787,85.3168
2023-05-30T20:00,20.3,84,17.6,868.7,4.3,180,Pulchowk,27.6787,85.3168
2023-05-30T21:00,19.6,87,17.3,869.2,4.0,175,Pulchowk,27.6787,85.3168
2023-05-30T22:00,19.5,85,17.0,869.6,4.4,171,Pulchowk,27.6787,85.3168
2023-05-30T23:00,19.3,84,16.5,869.6,4.0,170,Pulchowk,27.6787,85.3168
2023-05-31T00:00,19.2,82,16.0,869.0,3.3,167,Pulchowk,27.6787,85.3168
2023-05-31T01:00,19.2,79,15.5,868.4,4.1,165,Pulchowk,27.6787,85.3168
2023-05-31T02:00,18.9,80,15.3,867.9,4.8,167,Pulchowk,27.6787,85.3168
2023-05-31T03:00,18.6,80,15.1,867.7,4.4,171,Pulchowk,27.6787,85.3168
2023-05-31T04:00,18.5,80,14.9,868.0,3.3,174,Pulchowk,27.6787,85.3168
2023-05-31T05:00,19.3,75,14.8,869.0,2.5,172,Pulchowk,27.6787,85.3168
2023-05-31T06:00,21.5,75,16.8,870.3,4.8,167,Pulchowk,27.6787,85.3168
2023-05-31T07:00,24.3,60,16.0,872.0,0.5,45,Pulchowk,27.6787,85.3168
2023-05-31T08:00,25.2,57,16.1,872.2,3.7,331,Pulchowk,27.6787,85.3168
2023-05-31T09:00,26.3,53,15.8,872.5,6.4,322,Pulchowk,27.6787,85.3168
2023-05-31T10:00,27.1,48,15.3,872.3,8.4,313,Pulchowk,27.6787,85.3168
2023-05-31T11:00,27.9,46,15.2,871.9,7.4,309,Pulchowk,27.6787,85.3168
2023-05-31T12:00,28.5,45,15.3,871.1,8.7,315,Pulchowk,27.6787,85.3168
2023-05-31T13:00,28.5,44,15.1,870.5,9.0,299,Pulchowk,27.6787,85.3168
2023-05-31T14:00,28.1,45,15.0,869.9,7.6,289,Pulchowk,27.6787,85.3168
2023-05-31T15:00,27.9,46,15.1,869.2,8.9,291,Pulchowk,27.6787,85.3168
2023-05-31T16:00,27.1,47,14.8,868.5,9.3,298,Pulchowk,27.6787,85.3168
2023-05-31T17:00,26.7,47,14.3,868.4,7.9,300,Pulchowk,27.6787,85.3168
2023-05-31T18:00,24.4,64,17.0,867.6,5.2,282,Pulchowk,27.6787,85.3168
2023-05-31T19:00,22.9,71,17.4,867.7,4.6,219,Pulchowk,27.6787,85.3168
2023-05-31T20:00,22.1,70,16.3,867.6,2.5,188,Pulchowk,27.6787,85.3168
2023-05-31T21:00,21.2,73,16.2,867.4,1.1,180,Pulchowk,27.6787,85.3168
2023-05-31T22:00,20.7,72,15.5,867.2,1.1,180,Pulchowk,27.6787,85.3168
2023-05-31T23:00,20.4,69,14.6,867.1,2.2,180,Pulchowk,27.6787,85.3168
2023-06-01T00:00,20.2,66,13.7,866.5,2.5,180,Pulchowk,27.6787,85.3168
2023-06-01T01:00,19.9,65,13.1,865.5,3.3,174,Pulchowk,27.6787,85.3168
2023-06-01T02:00,19.6,64,12.6,865.0,3.6,174,Pulchowk,27.6787,85.3168
2023-06-01T03:00,19.2,65,12.3,864.9,3.0,166,Pulchowk,27.6787,85.3168
2023-06-01T04:00,19.0,64,12.1,865.1,3.0,166,Pulchowk,27.6787,85.3168
2023-06-01T05:00,19.4,69,13.5,866.0,5.2,168,Pulchowk,27.6787,85.3168
2023-06-01T06:00,22.4,60,14.2,867.9,4.1,165,Pulchowk,27.6787,85.3168
2023-06-01T07:00,25.1,47,12.9,869.4,1.1,72,Pulchowk,27.6787,85.3168
2023-06-01T08:00,26.2,46,13.7,869.7,3.1,339,Pulchowk,27.6787,85.3168
2023-06-01T09:00,27.3,44,13.9,869.9,5.5,328,Pulchowk,27.6787,85.3168
2023-06-01T10:00,28.3,41,13.6,869.7,6.3,329,Pulchowk,27.6787,85.3168
2023-06-01T11:00,29.4,35,12.3,869.5,7.0,325,Pulchowk,27.6787,85.3168
2023-06-01T12:00,29.7,34,12.3,868.8,8.7,315,Pulchowk,27.6787,85.3168
2023-06-01T13:00,29.7,34,12.3,867.9,9.9,314,Pulchowk,27.6787,85.3168
2023-06-01T14:00,29.1,36,12.5,867.3,11.2,318,Pulchowk,27.6787,85.3168
2023-06-01T15:00,28.4,37,12.5,866.6,11.0,322,Pulchowk,27.6787,85.3168
2023-06-01T16:00,27.7,37,11.8,866.1,9.9,316,Pulchowk,27.6787,85.3168
2023-06-01T17:00,27.1,36,10.8,867.0,7.3,281,Pulchowk,27.6787,85.3168
2023-06-01T18:00,24.9,51,14.1,866.3,4.3,228,Pulchowk,27.6787,85.3168
2023-06-01T19:00,23.1,59,14.6,865.8,2.2,180,Pulchowk,27.6787,85.3168
2023-06-01T20:00,21.9,58,13.2,865.7,2.5,188,Pulchowk,27.6787,85.3168
2023-06-01T21:00,21.0,55,11.6,865.6,2.2,189,Pulchowk,27.6787,85.3168
2023-06-01T22:00,20.3,55,11.0,865.5,2.2,180,Pulchowk,27.6787,85.3168
2023-06-01T23:00,19.8,57,10.9,865.3,2.2,180,Pulchowk,27.6787,85.3168
2023-06-02T00:00,19.4,57,10.7,864.8,3.3,174,Pulchowk,27.6787,85.3168
2023-06-02T01:00,19.0,59,10.9,864.4,3.3,174,Pulchowk,27.6787,85.3168
2023-06-02T02:00,18.8,61,11.1,864.0,3.3,174,Pulchowk,27.6787,85.3168
2023-06-02T03:00,18.6,62,11.2,863.8,3.7,169,Pulchowk,27.6787,85.3168
2023-06-02T04:00,18.4,63,11.3,863.9,3.7,169,Pulchowk,27.6787,85.3168
2023-06-02T05:00,19.0,64,12.1,865.0,3.0,166,Pulchowk,27.6787,85.3168
2023-06-02T06:00,21.2,64,14.1,866.5,5.2,168,Pulchowk,27.6787,85.3168
2023-06-02T07:00,24.7,48,12.9,868.4,2.8,130,Pulchowk,27.6787,85.3168
2023-06-02T08:00,26.2,41,12.1,868.9,1.9,68,Pulchowk,27.6787,85.3168
2023-06-02T09:00,27.4,38,12.0,869.5,2.3,342,Pulchowk,27.6787,85.3168
2023-06-02T10:00,27.9,37,12.0,869.6,3.1,291,Pulchowk,27.6787,85.3168
2023-06-02T11:00,28.2,35,11.5,869.6,4.1,285,Pulchowk,27.6787,85.3168
2023-06-02T12:00,28.7,35,11.8,869.1,4.0,280,Pulchowk,27.6787,85.3168
2023-06-02T13:00,28.7,35,11.7,868.4,6.6,283,Pulchowk,27.6787,85.3168
2023-06-02T14:00,28.0,37,12.1,867.7,6.6,279,Pulchowk,27.6787,85.3168
2023-06-02T15:00,28.1,37,12.0,867.1,4.3,294,Pulchowk,27.6787,85.3168
2023-06-02T16:00,27.6,38,11.9,866.6,6.1,315,Pulchowk,27.6787,85.3168
2023-06-02T17:00,27.1,41,12.8,867.0,3.7,281,Pulchowk,27.6787,85.3168
2023-06-02T18:00,24.8,58,15.9,866.6,4.3,275,Pulchowk,27.6787,85.3168
2023-06-02T19:00,23.0,65,16.1,866.9,6.3,301,Pulchowk,27.6787,85.3168
2023-06-02T20:00,22.5,61,14.6,867.1,2.4,243,Pulchowk,27.6787,85.3168
2023-06-02T21:00,21.4,63,14.1,867.0,3.3,186,Pulchowk,27.6787,85.3168
2023-06-02T22:00,20.7,65,14.0,866.8,2.2,180,Pulchowk,27.6787,85.3168
2023-06-02T23:00,20.3,64,13.3,866.3,2.2,171,Pulchowk,27.6787,85.3168
2023-06-03T00:00,20.0,64,12.9,865.8,3.7,169,Pulchowk,27.6787,85.3168
2023-06-03T01:00,19.3,67,13.0,865.1,3.7,169,Pulchowk,27.6787,85.3168
2023-06-03T02:00,18.9,69,13.1,864.8,3.6,174,Pulchowk,27.6787,85.3168
2023-06-03T03:00,18.7,70,13.0,864.8,3.6,174,Pulchowk,27.6787,85.3168
2023-06-03T04:00,18.5,70,13.0,865.1,2.9,173,Pulchowk,27.6787,85.3168
2023-06-03T05:00,19.2,67,13.0,866.2,2.2,171,Pulchowk,27.6787,85.3168
2023-06-03T06:00,21.3,67,14.9,867.9,4.9,163,Pulchowk,27.6787,85.3168
2023-06-03T07:00,24.5,50,13.3,869.8,2.8,140,Pulchowk,27.6787,85.3168
2023-06-03T08:00,25.9,45,13.0,870.5,1.1,72,Pulchowk,27.6787,85.3168
2023-06-03T09:00,26.7,42,12.6,870.9,0.7,360,Pulchowk,27.6787,85.3168
2023-06-03T10:00,27.2,40,12.2,871.0,3.2,333,Pulchowk,27.6787,85.3168
2023-06-03T11:00,27.6,38,12.1,870.8,3.6,307,Pulchowk,27.6787,85.3168
2023-06-03T12:00,27.9,37,11.9,870.4,4.7,293,Pulchowk,27.6787,85.3168
2023-06-03T13:00,27.9,36,11.5,869.8,4.7,293,Pulchowk,27.6787,85.3168
2023-06-03T14:00,28.3,33,10.7,869.2,3.4,288,Pulchowk,27.6787,85.3168
2023-06-03T15:00,28.3,32,10.0,868.4,3.2,333,Pulchowk,27.6787,85.3168
2023-06-03T16:00,28.1,32,9.8,867.9,7.3,351,Pulchowk,27.6787,85.3168
2023-06-03T17:00,27.4,32,9.3,868.5,5.0,330,Pulchowk,27.6787,85.3168
2023-06-03T18:00,24.6,52,14.1,867.4,4.8,297,Pulchowk,27.6787,85.3168
2023-06-03T19:00,22.9,57,13.9,867.2,2.9,187,Pulchowk,27.6787,85.3168
2023-06-03T20:00,21.7,54,11.9,867.1,2.5,172,Pulchowk,27.6787,85.3168
2023-06-03T21:00,20.7,55,11.2,867.2,3.7,169,Pulchowk,27.6787,85.3168
2023-06-03T22:00,19.4,58,11.0,866.6,5.1,172,Pulchowk,27.6787,85.3168
2023-06-03T23:00,18.4,61,10.8,866.1,4.7,176,Pulchowk,27.6787,85.3168
2023-06-04T00:00,18.0,61,10.4,866.0,4.0,175,Pulchowk,27.6787,85.3168
2023-06-04T01:00,18.0,58,9.7,865.4,4.3,175,Pulchowk,27.6787,85.3168
2023-06-04T02:00,18.0,57,9.3,865.3,4.4,171,Pulchowk,27.6787,85.3168
2023-06-04T03:00,18.0,56,9.1,865.4,2.9,173,Pulchowk,27.6787,85.3168
2023-06-04T04:00,18.2,55,9.1,865.8,3.3,167,Pulchowk,27.6787,85.3168
2023-06-04T05:00,19.0,55,9.8,866.6,4.0,170,Pulchowk,27.6787,85.3168
2023-06-04T06:00,21.3,57,12.5,868.0,4.3,175,Pulchowk,27.6787,85.3168
2023-06-04T07:00,25.1,41,11.0,870.5,1.6,207,Pulchowk,27.6787,85.3168
2023-06-04T08:00,26.2,39,11.0,871.1,2.8,310,Pulchowk,27.6787,85.3168
2023-06-04T09:00,27.2,38,11.6,871.3,5.3,332,Pulchowk,27.6787,85.3168
2023-06-04T10:00,28.2,37,12.0,870.9,7.7,332,Pulchowk,27.6787,85.3168
2023-06-04T11:00,29.1,34,11.8,870.5,10.2,337,Pulchowk,27.6787,85.3168
2023-06-04T12:00,29.8,33,11.9,869.8,10.5,329,Pulchowk,27.6787,85.3168
2023-06-04T13:00,29.7,34,12.0,869.3,11.1,306,Pulchowk,27.6787,85.3168
2023-06-04T14:00,29.0,35,11.9,868.4,11.0,289,Pulchowk,27.6787,85.3168
2023-06-04T15:00,28.5,36,12.1,867.6,8.0,280,Pulchowk,27.6787,85.3168
2023-06-04T16:00,28.3,36,11.9,867.2,5.0,291,Pulchowk,27.6787,85.3168
2023-06-04T17:00,27.4,38,11.6,867.2,3.9,292,Pulchowk,27.6787,85.3168
2023-06-04T18:00,26.7,36,10.4,867.1,2.4,207,Pulchowk,27.6787,85.3168
2023-06-04T19:00,23.2,59,14.9,866.5,3.2,180,Pulchowk,27.6787,85.3168
2023-06-04T20:00,21.7,65,14.8,866.8,3.7,169,Pulchowk,27.6787,85.3168
2023-06-04T21:00,19.9,72,14.8,866.7,4.8,167,Pulchowk,27.6787,85.3168
2023-06-04T22:00,18.7,76,14.5,866.5,5.4,172,Pulchowk,27.6787,85.3168
2023-06-04T23:00,17.8,77,13.8,866.0,5.5,169,Pulchowk,27.6787,85.3168
2023-06-05T00:00,17.7,74,13.0,865.4,5.5,169,Pulchowk,27.6787,85.3168
2023-06-05T01:00,18.1,70,12.6,864.9,5.2,168,Pulchowk,27.6787,85.3168
2023-06-05T02:00,18.2,68,12.3,864.6,5.2,168,Pulchowk,27.6787,85.3168
2023-06-05T03:00,18.1,68,12.1,864.5,5.1,172,Pulchowk,27.6787,85.3168
2023-06-05T04:00,18.0,68,12.1,865.0,4.4,171,Pulchowk,27.6787,85.3168
2023-06-05T05:00,19.1,65,12.3,866.1,5.5,169,Pulchowk,27.6787,85.3168
2023-06-05T06:00,21.5,65,14.7,867.7,6.0,163,Pulchowk,27.6787,85.3168
2023-06-05T07:00,24.9,48,13.2,869.3,3.9,112,Pulchowk,27.6787,85.3168
2023-06-05T08:00,26.1,46,13.4,869.7,3.7,61,Pulchowk,27.6787,85.3168
2023-06-05T09:00,27.2,42,13.1,870.1,4.5,346,Pulchowk,27.6787,85.3168
2023-06-05T10:00,28.2,39,12.9,870.5,7.2,323,Pulchowk,27.6787,85.3168
2023-06-05T11:00,28.7,37,12.7,870.6,7.9,313,Pulchowk,27.6787,85.3168
2023-06-05T12:00,28.8,35,11.9,869.8,7.9,300,Pulchowk,27.6787,85.3168
2023-06-05T13:00,27.6,38,12.0,869.0,8.2,232,Pulchowk,27.6787,85.3168
2023-06-05T14:00,27.1,42,13.1,868.6,8.7,232,Pulchowk,27.6787,85.3168
2023-06-05T15:00,27.5,41,12.9,867.8,6.8,252,Pulchowk,27.6787,85.3168
2023-06-05T16:00,26.8,42,12.8,867.4,5.6,243,Pulchowk,27.6787,85.3168
2023-06-05T17:00,25.3,48,13.7,867.4,6.5,214,Pulchowk,27.6787,85.3168
2023-06-05T18:00,23.5,60,15.3,867.0,4.0,190,Pulchowk,27.6787,85.3168
2023-06-05T19:00,22.1,64,15.0,866.6,5.4,184,Pulchowk,27.6787,85.3168
2023-06-05T20:00,20.0,72,14.8,866.0,6.1,177,Pulchowk,27.6787,85.3168
2023-06-05T21:00,19.1,76,14.8,866.1,4.7,171,Pulchowk,27.6787,85.3168
2023-06-05T22:00,19.0,75,14.5,866.2,4.7,171,Pulchowk,27.6787,85.3168
2023-06-05T23:00,19.1,73,14.0,865.9,4.0,170,Pulchowk,27.6787,85.3168
2023-06-06T00:00,18.9,71,13.6,865.7,4.7,171,Pulchowk,27.6787,85.3168
2023-06-06T01:00,18.8,71,13.4,865.5,4.4,171,Pulchowk,27.6787,85.3168
2023-06-06T02:00,18.6,71,13.3,865.2,4.0,175,Pulchowk,27.6787,85.3168
2023-06-06T03:00,18.3,72,13.1,865.2,4.0,175,Pulchowk,27.6787,85.3168
2023-06-06T04:00,17.9,73,13.0,865.2,4.4,171,Pulchowk,27.6787,85.3168
2023-06-06T05:00,18.6,74,14.0,866.1,4.0,180,Pulchowk,27.6787,85.3168
2023-06-06T06:00,21.5,73,16.3,867.5,4.5,166,Pulchowk,27.6787,85.3168
2023-06-06T07:00,24.6,54,14.6,869.2,1.3,214,Pulchowk,27.6787,85.3168
2023-06-06T08:00,25.7,50,14.3,869.7,3.3,319,Pulchowk,27.6787,85.3168
2023-06-06T09:00,27.1,45,14.2,869.8,4.3,312,Pulchowk,27.6787,85.3168
2023-06-06T10:00,27.8,44,14.5,869.9,6.9,309,Pulchowk,27.6787,85.3168
2023-06-06T11:00,28.3,43,14.5,869.5,5.9,308,Pulchowk,27.6787,85.3168
2023-06-06T12:00,29.0,41,14.4,868.7,5.9,281,Pulchowk,27.6787,85.3168
2023-06-06T13:00,24.9,57,15.9,868.3,11.5,238,Pulchowk,27.6787,85.3168
2023-06-06T14:00,26.3,47,14.1,867.4,4.4,99,Pulchowk,27.6787,85.3168
2023-06-06T15:00,26.3,47,14.0,866.8,1.5,135,Pulchowk,27.6787,85.3168
2023-06-06T16:00,26.2,46,13.8,866.1,2.2,189,Pulchowk,27.6787,85.3168
2023-06-06T17:00,25.4,50,14.2,865.9,4.4,171,Pulchowk,27.6787,85.3168
2023-06-06T18:00,24.1,64,17.0,865.7,2.5,180,Pulchowk,27.6787,85.3168
2023-06-06T19:00,22.9,66,16.3,866.0,2.2,180,Pulchowk,27.6787,85.3168
2023-06-06T20:00,21.8,71,16.3,866.2,4.3,180,Pulchowk,27.6787,85.3168
2023-06-06T21:00,20.6,76,16.3,866.0,4.0,175,Pulchowk,27.6787,85.3168
2023-06-06T22:00,19.8,79,16.0,865.9,4.7,171,Pulchowk,27.6787,85.3168
2023-06-06T23:00,19.1,80,15.7,865.4,5.4,172,Pulchowk,27.6787,85.3168
2023-06-07T00:00,18.8,80,15.3,865.0,5.1,172,Pulchowk,27.6787,85.3168
2023-06-07T01:00,18.7,79,14.9,864.7,5.1,172,Pulchowk,27.6787,85.3168
2023-06-07T02:00,18.5,78,14.6,864.5,5.4,172,Pulchowk,27.6787,85.3168
2023-06-07T03:00,18.5,77,14.3,864.6,5.4,172,Pulchowk,27.6787,85.3168
2023-06-07T04:00,18.6,76,14.2,864.8,5.4,172,Pulchowk,27.6787,85.3168
2023-06-07T05:00,18.8,76,14.5,865.4,5.8,173,Pulchowk,27.6787,85.3168
2023-06-07T06:00,21.4,73,16.4,867.5,5.9,166,Pulchowk,27.6787,85.3168
2023-06-07T07:00,24.2,57,15.2,869.0,0.0,270,Pulchowk,27.6787,85.3168
2023-06-07T08:00,25.5,53,15.3,869.5,3.5,336,Pulchowk,27.6787,85.3168
2023-06-07T09:00,26.2,51,15.3,869.6,4.8,312,Pulchowk,27.6787,85.3168
2023-06-07T10:00,27.2,48,15.4,869.5,3.4,288,Pulchowk,27.6787,85.3168
2023-06-07T11:00,27.7,46,15.2,869.2,2.9,240,Pulchowk,27.6787,85.3168
2023-06-07T12:00,28.2,44,14.8,868.8,1.8,233,Pulchowk,27.6787,85.3168
2023-06-07T13:00,28.5,43,14.8,867.9,1.1,252,Pulchowk,27.6787,85.3168
2023-06-07T14:00,28.9,43,14.9,867.0,0.8,297,Pulchowk,27.6787,85.3168
2023-06-07T15:00,27.2,49,15.5,866.4,8.0,275,Pulchowk,27.6787,85.3168
2023-06-07T16:00,24.5,59,15.9,866.0,6.7,164,Pulchowk,27.6787,85.3168
2023-06-07T17:00,27.3,42,13.4,866.3,1.8,360,Pulchowk,27.6787,85.3168
2023-06-07T18:00,25.6,64,18.2,866.2,1.8,217,Pulchowk,27.6787,85.3168
2023-06-07T19:00,24.0,66,17.3,865.9,1.5,194,Pulchowk,27.6787,85.3168
2023-06-07T20:00,23.3,66,16.7,866.2,2.7,203,Pulchowk,27.6787,85.3168
2023-06-07T21:00,22.7,66,16.0,866.5,2.2,180,Pulchowk,27.6787,85.3168
2023-06-07T22:00,22.0,66,15.2,866.6,4.4,171,Pulchowk,27.6787,85.3168
2023-06-07T23:00,20.6,71,15.2,865.9,5.5,169,Pulchowk,27.6787,85.3168
2023-06-08T00:00,19.6,75,15.0,865.0,5.5,169,Pulchowk,27.6787,85.3168
2023-06-08T01:00,19.2,75,14.8,864.4,6.3,167,Pulchowk,27.6787,85.3168
2023-06-08T02:00,19.0,76,14.6,864.1,6.2,170,Pulchowk,27.6787,85.3168
2023-06-08T03:00,18.9,75,14.4,864.2,6.2,170,Pulchowk,27.6787,85.3168
2023-06-08T04:00,18.8,75,14.3,864.6,5.4,172,Pulchowk,27.6787,85.3168
2023-06-08T05:00,19.7,75,15.1,866.1,5.9,169,Pulchowk,27.6787,85.3168
2023-06-08T06:00,21.3,79,17.6,867.7,5.2,196,Pulchowk,27.6787,85.3168
2023-06-08T07:00,23.8,62,16.0,868.6,1.5,166,Pulchowk,27.6787,85.3168
2023-06-08T08:00,25.9,52,15.4,869.0,1.6,27,Pulchowk,27.6787,85.3168
2023-06-08T09:00,27.3,47,15.2,869.3,1.5,346,Pulchowk,27.6787,85.3168
2023-06-08T10:00,28.4,44,15.0,869.8,3.4,288,Pulchowk,27.6787,85.3168
2023-06-08T11:00,28.7,44,15.2,869.5,3.4,288,Pulchowk,27.6787,85.3168
2023-06-08T12:00,29.0,43,15.1,868.9,2.3,252,Pulchowk,27.6787,85.3168
2023-06-08T13:00,29.5,40,14.7,867.9,2.0,315,Pulchowk,27.6787,85.3168
2023-06-08T14:00,29.3,41,14.6,867.1,2.9,330,Pulchowk,27.6787,85.3168
2023-06-08T15:00,23.5,70,17.7,866.5,12.8,212,Pulchowk,27.6787,85.3168
2023-06-08T16:00,23.5,61,15.6,865.1,7.8,193,Pulchowk,27.6787,85.3168
2023-06-08T17:00,24.9,58,16.0,864.6,6.6,193,Pulchowk,27.6787,85.3168
2023-06-08T18:00,24.5,66,17.8,864.5,2.2,171,Pulchowk,27.6787,85.3168
2023-06-08T19:00,23.2,66,16.6,864.4,2.2,171,Pulchowk,27.6787,85.3168
2023-06-08T20:00,22.2,71,16.7,865.2,4.7,171,Pulchowk,27.6787,85.3168
2023-06-08T21:00,21.5,74,16.7,865.3,3.2,180,Pulchowk,27.6787,85.3168
2023-06-08T22:00,21.6,73,16.6,865.5,4.3,185,Pulchowk,27.6787,85.3168
2023-06-08T23:00,21.0,73,16.0,864.9,5.1,172,Pulchowk,27.6787,85.3168
2023-06-09T00:00,21.0,71,15.5,864.5,4.7,171,Pulchowk,27.6787,85.3168
2023-06-09T01:00,20.7,70,15.0,863.8,6.2,170,Pulchowk,27.6787,85.3168
2023-06-09T02:00,20.0,72,14.8,863.3,6.2,170,Pulchowk,27.6787,85.3168
2023-06-09T03:00,19.5,74,14.7,863.0,5.8,173,Pulchowk,27.6787,85.3168
2023-06-09T04:00,19.5,74,14.7,863.0,5.1,172,Pulchowk,27.6787,85.3168
2023-06-09T05:00,19.9,73,14.9,863.4,3.6,174,Pulchowk,27.6787,85.3168
2023-06-09T06:00,22.4,73,17.4,865.5,4.7,171,Pulchowk,27.6787,85.3168
2023-06-09T07:00,24.9,59,16.4,866.8,1.9,22,Pulchowk,27.6787,85.3168
2023-06-09T08:00,26.1,55,16.3,866.9,4.0,5,Pulchowk,27.6787,85.3168
2023-06-09T09:00,27.6,48,15.7,867.4,6.0,327,Pulchowk,27.6787,85.3168
2023-06-09T10:00,28.3,45,15.2,867.3,7.4,317,Pulchowk,27.6787,85.3168
2023-06-09T11:00,28.8,43,14.9,866.9,7.2,307,Pulchowk,27.6787,85.3168
2023-06-09T12:00,29.1,41,14.4,866.2,5.1,262,Pulchowk,27.6787,85.3168
2023-06-09T13:00,29.4,40,14.5,865.5,6.4,243,Pulchowk,27.6787,85.3168
2023-06-09T14:00,29.2,41,14.7,864.7,6.9,231,Pulchowk,27.6787,85.3168
2023-06-09T15:00,29.2,41,14.6,863.8,7.2,233,Pulchowk,27.6787,85.3168
2023-06-09T16:00,28.6,43,14.7,863.5,6.1,225,Pulchowk,27.6787,85.3168
2023-06-09T17:00,27.9,47,15.6,863.6,4.9,216,Pulchowk,27.6787,85.3168
2023-06-09T18:00,26.5,60,18.2,863.5,3.4,212,Pulchowk,27.6787,85.3168
2023-06-09T19:00,25.1,62,17.4,863.8,2.9,187,Pulchowk,27.6787,85.3168
2023-06-09T20:00,24.0,63,16.6,864.2,4.3,175,Pulchowk,27.6787,85.3168
2023-06-09T21:00,22.7,69,16.8,864.3,4.4,171,Pulchowk,27.6787,85.3168
2023-06-09T22:00,22.0,74,17.1,864.2,4.7,180,Pulchowk,27.6787,85.3168
2023-06-09T23:00,21.7,75,17.1,864.3,3.6,186,Pulchowk,27.6787,85.3168
2023-06-10T00:00,21.3,74,16.4,863.4,2.5,180,Pulchowk,27.6787,85.3168
2023-06-10T01:00,20.0,81,16.6,863.3,6.1,180,Pulchowk,27.6787,85.3168
2023-06-10T02:00,20.1,79,16.2,863.0,4.4,171,Pulchowk,27.6787,85.3168
2023-06-10T03:00,19.5,80,16.1,862.5,4.4,171,Pulchowk,27.6787,85.3168
2023-06-10T04:00,19.1,82,16.0,862.4,4.3,175,Pulchowk,27.6787,85.3168
2023-06-10T05:00,19.3,87,17.0,863.2,3.6,174,Pulchowk,27.6787,85.3168
2023-06-10T06:00,22.1,77,17.9,864.6,3.7,151,Pulchowk,27.6787,85.3168
2023-06-10T07:00,24.1,63,16.6,865.5,1.6,117,Pulchowk,27.6787,85.3168
2023-06-10T08:00,25.8,58,16.8,866.1,2.1,329,Pulchowk,27.6787,85.3168
2023-06-10T09:00,26.9,54,16.8,866.5,5.4,312,Pulchowk,27.6787,85.3168
2023-06-10T10:00,27.7,51,16.6,866.4,7.4,317,Pulchowk,27.6787,85.3168
2023-06-10T11:00,28.4,49,16.6,865.8,7.8,304,Pulchowk,27.6787,85.3168
2023-06-10T12:00,28.6,47,16.3,865.4,8.8,282,Pulchowk,27.6787,85.3168
2023-06-10T13:00,28.6,48,16.5,864.9,6.8,273,Pulchowk,27.6787,85.3168
2023-06-10T14:00,28.7,48,16.6,864.0,6.2,306,Pulchowk,27.6787,85.3168
2023-06-10T15:00,28.2,51,17.0,863.3,4.9,253,Pulchowk,27.6787,85.3168
2023-06-10T16:00,27.3,55,17.4,862.9,4.1,232,Pulchowk,27.6787,85.3168
2023-06-10T17:00,25.8,61,17.6,863.3,3.1,234,Pulchowk,27.6787,85.3168
2023-06-10T18:00,24.9,68,18.6,863.3,2.2,189,Pulchowk,27.6787,85.3168
2023-06-10T19:00,23.8,80,20.0,863.3,1.8,180,Pulchowk,27.6787,85.3168
2023-06-10T20:00,23.4,74,18.5,863.9,4.0,175,Pulchowk,27.6787,85.3168
2023-06-10T21:00,22.3,79,18.5,863.6,5.0,180,Pulchowk,27.6787,85.3168
2023-06-10T22:00,21.2,84,18.3,863.5,6.1,177,Pulchowk,27.6787,85.3168
2023-06-10T23:00,20.3,89,18.4,863.2,5.1,172,Pulchowk,27.6787,85.3168
2023-06-11T00:00,19.7,92,18.3,862.4,6.1,180,Pulchowk,27.6787,85.3168
2023-06-11T01:00,19.6,91,18.1,861.8,4.7,184,Pulchowk,27.6787,85.3168
2023-06-11T02:00,20.2,87,18.1,862.4,1.6,153,Pulchowk,27.6787,85.3168
2023-06-11T03:00,20.0,88,18.0,862.3,1.1,180,Pulchowk,27.6787,85.3168
2023-06-11T04:00,19.7,89,17.9,862.4,0.7,180,Pulchowk,27.6787,85.3168
2023-06-11T05:00,19.8,91,18.3,862.7,2.5,172,Pulchowk,27.6787,85.3168
2023-06-11T06:00,22.4,81,19.0,863.9,1.9,158,Pulchowk,27.6787,85.3168
2023-06-11T07:00,23.7,75,18.9,864.8,4.7,328,Pulchowk,27.6787,85.3168
2023-06-11T08:00,24.7,70,18.9,865.1,7.2,323,Pulchowk,27.6787,85.3168
2023-06-11T09:00,26.1,64,18.7,865.2,8.4,313,Pulchowk,27.6787,85.3168
2023-06-11T10:00,27.1,59,18.4,865.0,9.0,307,Pulchowk,27.6787,85.3168
2023-06-11T11:00,28.0,55,18.1,864.6,8.4,320,Pulchowk,27.6787,85.3168
2023-06-11T12:00,27.1,57,17.9,864.0,11.5,270,Pulchowk,27.6787,85.3168
2023-06-11T13:00,26.3,62,18.3,863.4,8.1,315,Pulchowk,27.6787,85.3168
2023-06-11T14:00,24.9,74,19.8,862.4,7.2,354,Pulchowk,27.6787,85.3168
2023-06-11T15:00,25.5,71,19.8,862.0,5.4,4,Pulchowk,27.6787,85.3168
2023-06-11T16:00,26.0,68,19.5,861.9,4.7,356,Pulchowk,27.6787,85.3168
2023-06-11T17:00,24.4,75,19.6,862.5,2.6,304,Pulchowk,27.6787,85.3168
2023-06-11T18:00,23.7,79,19.9,862.5,1.3,236,Pulchowk,27.6787,85.3168
2023-06-11T19:00,22.7,85,20.0,862.3,3.6,180,Pulchowk,27.6787,85.3168
2023-06-11T20:00,22.0,89,20.1,862.6,4.4,171,Pulchowk,27.6787,85.3168
2023-06-11T21:00,21.5,93,20.2,863.3,3.3,174,Pulchowk,27.6787,85.3168
2023-06-11T22:00,20.9,95,20.2,863.8,5.4,176,Pulchowk,27.6787,85.3168
2023-06-11T23:00,21.0,91,19.5,863.1,6.8,155,Pulchowk,27.6787,85.3168
2023-06-12T00:00,20.5,91,18.9,862.1,6.2,173,Pulchowk,27.6787,85.3168
2023-06-12T01:00,20.0,92,18.7,861.4,4.0,180,Pulchowk,27.6787,85.3168
2023-06-12T02:00,20.3,90,18.7,862.2,0.7,180,Pulchowk,27.6787,85.3168
2023-06-12T03:00,20.1,91,18.5,862.8,4.0,63,Pulchowk,27.6787,85.3168
2023-06-12T04:00,20.0,91,18.5,862.9,4.3,222,Pulchowk,27.6787,85.3168
2023-06-12T05:00,20.3,90,18.7,862.9,4.0,117,Pulchowk,27.6787,85.3168
2023-06-12T06:00,21.2,87,19.0,863.3,3.6,90,Pulchowk,27.6787,85.3168
2023-06-12T07:00,22.9,80,19.2,864.5,3.3,84,Pulchowk,27.6787,85.3168
2023-06-12T08:00,24.4,73,19.3,864.8,0.8,153,Pulchowk,27.6787,85.3168
2023-06-12T09:00,26.1,64,18.8,864.9,4.7,328,Pulchowk,27.6787,85.3168
2023-06-12T10:00,27.4,58,18.4,865.0,7.9,300,Pulchowk,27.6787,85.3168
2023-06-12T11:00,27.7,57,18.4,864.7,8.9,297,Pulchowk,27.6787,85.3168
2023-06-12T12:00,27.6,58,18.5,864.3,6.1,267,Pulchowk,27.6787,85.3168
2023-06-12T13:00,27.3,59,18.5,863.7,6.9,261,Pulchowk,27.6787,85.3168
2023-06-12T14:00,26.5,65,19.3,863.4,6.3,336,Pulchowk,27.6787,85.3168
2023-06-12T15:00,24.9,74,19.9,862.6,5.4,323,Pulchowk,27.6787,85.3168
2023-06-12T16:00,24.0,78,19.9,862.5,5.8,7,Pulchowk,27.6787,85.3168
2023-06-12T17:00,21.9,85,19.4,862.6,3.9,338,Pulchowk,27.6787,85.3168
2023-06-12T18:00,21.6,88,19.5,862.6,2.5,82,Pulchowk,27.6787,85.3168
2023-06-12T19:00,21.3,90,19.6,862.5,3.8,139,Pulchowk,27.6787,85.3168
2023-06-12T20:00,20.9,93,19.8,862.9,4.3,156,Pulchowk,27.6787,85.3168
2023-06-12T21:00,20.6,94,19.7,863.5,5.2,164,Pulchowk,27.6787,85.3168
2023-06-12T22:00,20.6,92,19.2,864.1,3.3,186,Pulchowk,27.6787,85.3168
2023-06-12T23:00,19.7,97,19.2,864.3,2.3,51,Pulchowk,27.6787,85.3168
2023-06-13T00:00,19.5,97,19.1,863.8,3.3,139,Pulchowk,27.6787,85.3168
2023-06-13T01:00,19.3,97,18.9,862.9,4.3,132,Pulchowk,27.6787,85.3168
2023-06-13T02:00,19.2,98,18.9,862.1,4.7,176,Pulchowk,27.6787,85.3168
2023-06-13T03:00,19.0,98,18.7,861.9,3.3,167,Pulchowk,27.6787,85.3168
2023-06-13T04:00,18.8,98,18.6,862.0,2.2,189,Pulchowk,27.6787,85.3168
2023-06-13T05:00,19.4,93,18.2,862.5,3.7,169,Pulchowk,27.6787,85.3168
2023-06-13T06:00,20.8,88,18.8,863.0,3.1,135,Pulchowk,27.6787,85.3168
2023-06-13T07:00,22.5,83,19.6,863.6,2.6,124,Pulchowk,27.6787,85.3168
2023-06-13T08:00,24.4,72,19.0,864.0,3.2,333,Pulchowk,27.6787,85.3168
2023-06-13T09:00,25.4,67,18.8,864.1,5.1,321,Pulchowk,27.6787,85.3168
2023-06-13T10:00,26.1,64,18.7,863.9,4.6,321,Pulchowk,27.6787,85.3168
2023-06-13T11:00,27.3,59,18.6,863.5,4.4,325,Pulchowk,27.6787,85.3168
2023-06-13T12:00,27.9,55,18.0,862.8,4.9,287,Pulchowk,27.6787,85.3168
2023-06-13T13:00,27.9,53,17.5,862.2,6.2,260,Pulchowk,27.6787,85.3168
2023-06-13T14:00,25.9,66,19.1,861.2,7.7,281,Pulchowk,27.6787,85.3168
2023-06-13T15:00,26.0,66,19.1,860.9,5.5,281,Pulchowk,27.6787,85.3168
2023-06-13T16:00,24.8,72,19.5,860.8,4.9,324,Pulchowk,27.6787,85.3168
2023-06-13T17:00,20.9,91,19.5,861.5,1.8,360,Pulchowk,27.6787,85.3168
2023-06-13T18:00,20.2,94,19.2,861.4,1.0,135,Pulchowk,27.6787,85.3168
2023-06-13T19:00,20.3,94,19.3,861.4,6.1,152,Pulchowk,27.6787,85.3168
2023-06-13T20:00,20.0,96,19.3,861.4,4.0,153,Pulchowk,27.6787,85.3168
2023-06-13T21:00,19.8,97,19.2,861.6,3.8,163,Pulchowk,27.6787,85.3168
2023-06-13T22:00,19.9,96,19.2,861.7,4.3,156,Pulchowk,27.6787,85.3168
2023-06-13T23:00,19.9,96,19.2,861.7,4.1,165,Pulchowk,27.6787,85.3168
2023-06-14T00:00,19.5,96,18.8,861.3,2.5,172,Pulchowk,27.6787,85.3168
2023-06-14T01:00,19.5,96,18.9,861.0,3.6,127,Pulchowk,27.6787,85.3168
2023-06-14T02:00,19.4,96,18.7,860.7,4.0,117,Pulchowk,27.6787,85.3168
2023-06-14T03:00,18.9,98,18.5,861.4,2.7,113,Pulchowk,27.6787,85.3168
2023-06-14T04:00,18.6,98,18.3,861.3,4.7,113,Pulchowk,27.6787,85.3168
2023-06-14T05:00,18.9,95,18.1,861.9,4.8,138,Pulchowk,27.6787,85.3168
2023-06-14T06:00,19.9,91,18.3,862.4,5.8,112,Pulchowk,27.6787,85.3168
2023-06-14T07:00,20.4,89,18.6,863.0,5.2,106,Pulchowk,27.6787,85.3168
2023-06-14T08:00,21.4,86,19.0,863.3,2.7,113,Pulchowk,27.6787,85.3168
2023-06-14T09:00,22.1,86,19.6,863.6,2.3,108,Pulchowk,27.6787,85.3168
2023-06-14T10:00,24.4,79,20.6,863.5,2.9,7,Pulchowk,27.6787,85.3168
2023-06-14T11:00,25.4,72,20.0,863.3,2.0,315,Pulchowk,27.6787,85.3168
2023-06-14T12:00,26.4,69,20.3,862.6,6.9,309,Pulchowk,27.6787,85.3168
2023-06-14T13:00,24.7,75,19.9,862.1,6.1,298,Pulchowk,27.6787,85.3168
2023-06-14T14:00,23.6,82,20.3,861.7,5.6,320,Pulchowk,27.6787,85.3168
2023-06-14T15:00,24.0,81,20.6,861.4,5.1,352,Pulchowk,27.6787,85.3168
2023-06-14T16:00,23.1,85,20.4,861.5,5.2,304,Pulchowk,27.6787,85.3168
2023-06-14T17:00,19.4,98,19.2,861.8,5.3,332,Pulchowk,27.6787,85.3168
2023-06-14T18:00,19.8,95,18.9,862.0,5.2,115,Pulchowk,27.6787,85.3168
2023-06-14T19:00,20.2,94,19.2,862.0,4.6,129,Pulchowk,27.6787,85.3168
2023-06-14T20:00,20.1,95,19.3,862.2,6.6,158,Pulchowk,27.6787,85.3168
2023-06-14T21:00,20.0,92,18.6,862.1,5.2,155,Pulchowk,27.6787,85.3168
2023-06-14T22:00,20.0,94,19.0,862.2,4.4,145,Pulchowk,27.6787,85.3168
2023-06-14T23:00,19.5,95,18.6,862.4,6.4,142,Pulchowk,27.6787,85.3168
2023-06-15T00:00,19.3,95,18.6,862.1,5.2,115,Pulchowk,27.6787,85.3168
2023-06-15T01:00,19.2,97,18.7,861.6,6.3,121,Pulchowk,27.6787,85.3168
2023-06-15T02:00,19.1,97,18.6,861.1,5.0,111,Pulchowk,27.6787,85.3168
2023-06-15T03:00,19.1,96,18.5,860.8,5.1,141,Pulchowk,27.6787,85.3168
2023-06-15T04:00,18.8,97,18.3,861.1,1.8,191,Pulchowk,27.6787,85.3168
2023-06-15T05:00,19.2,95,18.3,860.7,4.9,144,Pulchowk,27.6787,85.3168
2023-06-15T06:00,20.5,92,19.1,861.9,4.9,144,Pulchowk,27.6787,85.3168
2023-06-15T07:00,21.6,85,18.9,863.3,6.7,106,Pulchowk,27.6787,85.3168
2023-06-15T08:00,22.8,81,19.4,863.8,0.8,63,Pulchowk,27.6787,85.3168
2023-06-15T09:00,24.4,78,20.3,864.5,2.4,27,Pulchowk,27.6787,85.3168
2023-06-15T10:00,25.5,75,20.8,864.3,4.1,322,Pulchowk,27.6787,85.3168
2023-06-15T11:00,26.3,70,20.4,864.0,5.2,295,Pulchowk,27.6787,85.3168
2023-06-15T12:00,26.6,71,20.8,863.5,7.1,285,Pulchowk,27.6787,85.3168
2023-06-15T13:00,26.8,71,21.0,862.9,7.9,313,Pulchowk,27.6787,85.3168
2023-06-15T14:00,27.1,68,20.8,862.7,6.4,322,Pulchowk,27.6787,85.3168
2023-06-15T15:00,24.8,73,19.6,862.6,7.7,281,Pulchowk,27.6787,85.3168
2023-06-15T16:00,24.2,73,19.0,862.2,2.6,146,Pulchowk,27.6787,85.3168
2023-06-15T17:00,22.6,86,20.1,862.2,4.1,15,Pulchowk,27.6787,85.3168
2023-06-15T18:00,22.1,88,20.1,862.0,4.0,117,Pulchowk,27.6787,85.3168
2023-06-15T19:00,21.2,94,20.1,861.6,4.1,165,Pulchowk,27.6787,85.3168
2023-06-15T20:00,20.9,94,19.9,862.1,6.3,167,Pulchowk,27.6787,85.3168
2023-06-15T21:00,20.7,92,19.4,862.6,6.8,162,Pulchowk,27.6787,85.3168
2023-06-15T22:00,20.6,90,19.0,862.9,6.4,153,Pulchowk,27.6787,85.3168
2023-06-15T23:00,20.3,91,18.8,862.9,6.9,152,Pulchowk,27.6787,85.3168
2023-06-16T00:00,19.6,94,18.6,861.8,7.9,156,Pulchowk,27.6787,85.3168
2023-06-16T01:00,19.6,92,18.3,861.9,6.3,149,Pulchowk,27.6787,85.3168
2023-06-16T02:00,19.7,91,18.2,861.6,5.0,150,Pulchowk,27.6787,85.3168
2023-06-16T03:00,19.2,93,18.0,861.4,6.2,144,Pulchowk,27.6787,85.3168
2023-06-16T04:00,18.8,94,17.8,861.2,7.0,159,Pulchowk,27.6787,85.3168
2023-06-16T05:00,19.4,95,18.6,860.8,5.8,158,Pulchowk,27.6787,85.3168
2023-06-16T06:00,21.5,90,19.9,862.3,5.7,162,Pulchowk,27.6787,85.3168
2023-06-16T07:00,23.8,79,19.9,863.7,1.3,124,Pulchowk,27.6787,85.3168
2023-06-16T08:00,24.6,76,20.1,864.5,2.9,360,Pulchowk,27.6787,85.3168
2023-06-16T09:00,25.9,71,20.3,864.8,2.1,329,Pulchowk,27.6787,85.3168
2023-06-16T10:00,27.3,64,19.8,865.0,3.9,292,Pulchowk,27.6787,85.3168
2023-06-16T11:00,28.1,58,19.0,864.8,6.5,276,Pulchowk,27.6787,85.3168
2023-06-16T12:00,26.7,64,19.5,864.3,5.8,277,Pulchowk,27.6787,85.3168
2023-06-16T13:00,26.0,71,20.3,864.1,6.8,328,Pulchowk,27.6787,85.3168
2023-06-16T14:00,25.9,70,20.0,863.5,6.0,327,Pulchowk,27.6787,85.3168
2023-06-16T15:00,25.9,70,20.0,863.0,6.3,336,Pulchowk,27.6787,85.3168
2023-06-16T16:00,24.5,74,19.5,862.7,4.1,322,Pulchowk,27.6787,85.3168
2023-06-16T17:00,23.5,75,18.9,863.5,2.4,297,Pulchowk,27.6787,85.3168
2023-06-16T18:00,23.3,81,19.9,863.6,1.4,90,Pulchowk,27.6787,85.3168
2023-06-16T19:00,22.1,87,19.9,863.3,4.0,153,Pulchowk,27.6787,85.3168
2023-06-16T20:00,20.9,95,20.1,863.3,5.5,169,Pulchowk,27.6787,85.3168
2023-06-16T21:00,20.4,96,19.7,863.7,7.1,165,Pulchowk,27.6787,85.3168
2023-06-16T22:00,20.5,93,19.3,864.0,5.9,166,Pulchowk,27.6787,85.3168
2023-06-16T23:00,20.3,93,19.2,863.7,5.2,164,Pulchowk,27.6787,85.3168
2023-06-17T00:00,20.2,92,18.8,863.2,3.8,163,Pulchowk,27.6787,85.3168
2023-06-17T01:00,20.2,90,18.5,862.8,5.2,164,Pulchowk,27.6787,85.3168
2023-06-17T02:00,19.9,90,18.2,862.4,3.3,167,Pulchowk,27.6787,85.3168
2023-06-17T03:00,20.1,87,17.9,862.3,3.2,180,Pulchowk,27.6787,85.3168
2023-06-17T04:00,19.8,88,17.7,862.4,3.3,174,Pulchowk,27.6787,85.3168
2023-06-17T05:00,20.8,84,18.0,863.2,2.9,173,Pulchowk,27.6787,85.3168
2023-06-17T06:00,23.2,82,19.9,864.7,5.1,176,Pulchowk,27.6787,85.3168
2023-06-17T07:00,25.0,69,19.0,866.1,0.7,360,Pulchowk,27.6787,85.3168
2023-06-17T08:00,25.9,66,19.0,866.4,3.6,315,Pulchowk,27.6787,85.3168
2023-06-17T09:00,26.9,62,18.9,867.1,5.1,309,Pulchowk,27.6787,85.3168
2023-06-17T10:00,27.4,61,19.2,867.1,6.8,302,Pulchowk,27.6787,85.3168
2023-06-17T11:00,27.2,67,20.6,867.0,8.2,308,Pulchowk,27.6787,85.3168
2023-06-17T12:00,26.7,70,20.8,866.4,7.6,315,Pulchowk,27.6787,85.3168
2023-06-17T13:00,27.4,68,20.9,865.7,6.5,326,Pulchowk,27.6787,85.3168
2023-06-17T14:00,25.4,72,19.9,865.2,8.7,315,Pulchowk,27.6787,85.3168
2023-06-17T15:00,24.5,79,20.7,864.8,2.7,337,Pulchowk,27.6787,85.3168
2023-06-17T16:00,24.4,81,21.0,864.5,2.9,330,Pulchowk,27.6787,85.3168
2023-06-17T17:00,25.0,78,20.8,864.8,3.1,339,Pulchowk,27.6787,85.3168
2023-06-17T18:00,24.0,84,21.2,865.3,0.8,63,Pulchowk,27.6787,85.3168
2023-06-17T19:00,22.8,90,21.1,865.2,4.0,170,Pulchowk,27.6787,85.3168
2023-06-17T20:00,22.4,92,20.9,865.7,3.7,169,Pulchowk,27.6787,85.3168
2023-06-17T21:00,22.0,91,20.6,866.2,2.2,171,Pulchowk,27.6787,85.3168
2023-06-17T22:00,22.1,90,20.4,867.0,1.6,153,Pulchowk,27.6787,85.3168
2023-06-17T23:00,21.3,92,19.9,867.2,2.1,211,Pulchowk,27.6787,85.3168
2023-06-18T00:00,20.6,93,19.3,866.7,4.8,167,Pulchowk,27.6787,85.3168
2023-06-18T01:00,20.6,95,19.7,866.3,1.4,180,Pulchowk,27.6787,85.3168
2023-06-18T02:00,20.3,95,19.5,865.9,2.2,90,Pulchowk,27.6787,85.3168
2023-06-18T03:00,20.1,94,19.1,865.9,2.6,164,Pulchowk,27.6787,85.3168
2023-06-18T04:00,19.8,93,18.7,865.2,4.0,175,Pulchowk,27.6787,85.3168
2023-06-18T05:00,20.1,91,18.5,865.5,5.1,176,Pulchowk,27.6787,85.3168
2023-06-18T06:00,22.1,87,19.8,866.0,5.8,176,Pulchowk,27.6787,85.3168
2023-06-18T07:00,24.1,80,20.5,867.5,0.0,270,Pulchowk,27.6787,85.3168
2023-06-18T08:00,25.6,75,20.7,867.6,3.3,319,Pulchowk,27.6787,85.3168
2023-06-18T09:00,26.8,68,20.5,868.0,7.9,313,Pulchowk,27.6787,85.3168
2023-06-18T10:00,27.4,66,20.4,867.6,9.4,313,Pulchowk,27.6787,85.3168
2023-06-18T11:00,28.1,61,19.9,867.4,12.0,309,Pulchowk,27.6787,85.3168
2023-06-18T12:00,28.3,59,19.5,866.6,11.8,301,Pulchowk,27.6787,85.3168
2023-06-18T13:00,26.9,67,20.2,865.8,11.0,302,Pulchowk,27.6787,85.3168
2023-06-18T14:00,26.7,65,19.5,865.2,10.3,295,Pulchowk,27.6787,85.3168
2023-06-18T15:00,24.6,76,20.1,864.7,6.8,342,Pulchowk,27.6787,85.3168
2023-06-18T16:00,22.9,86,20.5,864.8,7.2,354,Pulchowk,27.6787,85.3168
2023-06-18T17:00,22.8,84,20.0,865.6,5.5,11,Pulchowk,27.6787,85.3168
2023-06-18T18:00,21.7,88,19.7,865.5,1.8,90,Pulchowk,27.6787,85.3168
2023-06-18T19:00,21.6,90,19.9,865.9,5.2,214,Pulchowk,27.6787,85.3168
2023-06-18T20:00,21.4,93,20.3,866.5,1.8,101,Pulchowk,27.6787,85.3168
2023-06-18T21:00,21.3,96,20.6,867.1,2.3,129,Pulchowk,27.6787,85.3168
2023-06-18T22:00,21.2,96,20.5,866.6,3.5,156,Pulchowk,27.6787,85.3168
2023-06-18T23:00,21.0,95,20.3,866.1,4.0,170,Pulchowk,27.6787,85.3168
2023-06-19T00:00,20.7,96,20.0,865.4,1.4,180,Pulchowk,27.6787,85.3168
2023-06-19T01:00,20.9,93,19.8,865.1,3.2,207,Pulchowk,27.6787,85.3168
2023-06-19T02:00,20.9,92,19.5,864.8,3.1,315,Pulchowk,27.6787,85.3168
2023-06-19T03:00,20.4,93,19.2,864.4,2.2,180,Pulchowk,27.6787,85.3168
2023-06-19T04:00,20.2,93,19.1,864.4,2.8,130,Pulchowk,27.6787,85.3168
2023-06-19T05:00,20.4,92,19.1,864.7,3.7,169,Pulchowk,27.6787,85.3168
2023-06-19T06:00,21.6,91,20.0,865.6,0.8,153,Pulchowk,27.6787,85.3168
2023-06-19T07:00,22.7,86,20.2,866.4,0.8,333,Pulchowk,27.6787,85.3168
2023-06-19T08:00,24.1,79,20.2,866.8,4.4,305,Pulchowk,27.6787,85.3168
2023-06-19T09:00,25.3,73,20.1,867.3,5.6,310,Pulchowk,27.6787,85.3168
2023-06-19T10:00,26.4,68,20.0,867.1,7.4,309,Pulchowk,27.6787,85.3168
2023-06-19T11:00,26.7,69,20.6,866.8,8.9,310,Pulchowk,27.6787,85.3168
2023-06-19T12:00,27.4,70,21.5,866.1,10.0,308,Pulchowk,27.6787,85.3168
2023-06-19T13:00,26.6,72,21.2,865.5,9.5,331,Pulchowk,27.6787,85.3168
2023-06-19T14:00,25.6,78,21.4,864.6,8.0,306,Pulchowk,27.6787,85.3168
2023-06-19T15:00,24.7,81,21.1,864.3,6.6,319,Pulchowk,27.6787,85.3168
2023-06-19T16:00,24.7,79,20.8,864.1,3.4,342,Pulchowk,27.6787,85.3168
2023-06-19T17:00,23.2,85,20.5,864.4,2.5,360,Pulchowk,27.6787,85.3168
2023-06-19T18:00,22.5,88,20.5,864.6,1.5,14,Pulchowk,27.6787,85.3168
2023-06-19T19:00,21.6,94,20.7,864.8,4.0,170,Pulchowk,27.6787,85.3168
2023-06-19T20:00,21.2,96,20.5,865.4,2.1,211,Pulchowk,27.6787,85.3168
2023-06-19T21:00,21.3,93,20.0,866.0,6.6,171,Pulchowk,27.6787,85.3168
2023-06-19T22:00,20.6,93,19.4,866.0,4.3,185,Pulchowk,27.6787,85.3168
2023-06-19T23:00,20.3,94,19.4,865.5,2.0,135,Pulchowk,27.6787,85.3168
2023-06-20T00:00,20.4,94,19.4,864.8,3.7,169,Pulchowk,27.6787,85.3168
2023-06-20T01:00,19.9,95,19.1,863.5,4.0,170,Pulchowk,27.6787,85.3168
2023-06-20T02:00,19.7,96,19.0,863.0,2.5,180,Pulchowk,27.6787,85.3168
2023-06-20T03:00,19.6,95,18.8,864.0,4.8,243,Pulchowk,27.6787,85.3168
2023-06-20T04:00,19.6,96,18.9,864.2,1.8,11,Pulchowk,27.6787,85.3168
2023-06-20T05:00,20.5,90,18.9,864.3,2.6,164,Pulchowk,27.6787,85.3168
2023-06-20T06:00,21.9,88,19.8,865.5,4.5,166,Pulchowk,27.6787,85.3168
2023-06-20T07:00,23.4,81,19.9,866.7,1.6,63,Pulchowk,27.6787,85.3168
2023-06-20T08:00,25.0,74,20.0,866.8,1.0,45,Pulchowk,27.6787,85.3168
2023-06-20T09:00,27.2,65,20.0,867.3,6.1,298,Pulchowk,27.6787,85.3168
2023-06-20T10:00,24.4,79,20.6,867.3,7.6,273,Pulchowk,27.6787,85.3168
2023-06-20T11:00,24.5,77,20.2,867.0,8.4,317,Pulchowk,27.6787,85.3168
2023-06-20T12:00,25.1,77,20.8,866.6,5.2,335,Pulchowk,27.6787,85.3168
2023-06-20T13:00,26.6,73,21.3,865.8,8.7,330,Pulchowk,27.6787,85.3168
2023-06-20T14:00,26.3,69,20.3,864.9,7.6,341,Pulchowk,27.6787,85.3168
2023-06-20T15:00,26.3,63,18.6,864.2,7.9,300,Pulchowk,27.6787,85.3168
2023-06-20T16:00,25.8,70,20.0,863.8,5.8,338,Pulchowk,27.6787,85.3168
2023-06-20T17:00,25.3,65,18.2,864.8,2.9,353,Pulchowk,27.6787,85.3168
2023-06-20T18:00,24.2,76,19.7,864.6,1.8,90,Pulchowk,27.6787,85.3168
2023-06-20T19:00,23.1,78,19.1,865.4,1.6,153,Pulchowk,27.6787,85.3168
2023-06-20T20:00,22.2,81,18.7,865.7,2.9,173,Pulchowk,27.6787,85.3168
2023-06-20T21:00,21.2,86,18.8,865.8,3.7,169,Pulchowk,27.6787,85.3168
2023-06-20T22:00,20.7,90,19.0,865.9,3.8,163,Pulchowk,27.6787,85.3168
2023-06-20T23:00,20.4,93,19.2,865.7,3.7,169,Pulchowk,27.6787,85.3168
2023-06-21T00:00,20.2,94,19.2,865.1,2.2,171,Pulchowk,27.6787,85.3168
2023-06-21T01:00,20.3,93,19.2,864.6,3.0,166,Pulchowk,27.6787,85.3168
2023-06-21T02:00,20.0,94,19.0,864.2,3.6,174,Pulchowk,27.6787,85.3168
2023-06-21T03:00,20.0,92,18.7,864.2,1.8,180,Pulchowk,27.6787,85.3168
2023-06-21T04:00,20.0,91,18.5,864.7,1.8,180,Pulchowk,27.6787,85.3168
2023-06-21T05:00,21.3,89,19.4,866.3,1.3,214,Pulchowk,27.6787,85.3168
2023-06-21T06:00,22.2,86,19.7,866.6,1.8,169,Pulchowk,27.6787,85.3168
2023-06-21T07:00,23.3,82,20.1,867.1,2.2,9,Pulchowk,27.6787,85.3168
2023-06-21T08:00,25.2,74,20.1,867.4,1.3,326,Pulchowk,27.6787,85.3168
2023-06-21T09:00,27.0,66,20.1,867.9,4.7,302,Pulchowk,27.6787,85.3168
2023-06-21T10:00,28.0,64,20.4,867.9,7.9,317,Pulchowk,27.6787,85.3168
2023-06-21T11:00,28.1,62,20.2,867.3,10.6,332,Pulchowk,27.6787,85.3168
2023-06-21T12:00,26.7,60,18.2,867.1,7.9,240,Pulchowk,27.6787,85.3168
2023-06-21T13:00,26.8,66,19.8,866.2,7.1,319,Pulchowk,27.6787,85.3168
2023-06-21T14:00,26.2,69,20.0,865.4,9.7,329,Pulchowk,27.6787,85.3168
2023-06-21T15:00,26.0,72,20.6,865.0,6.6,311,Pulchowk,27.6787,85.3168
2023-06-21T16:00,25.8,74,20.8,864.7,7.1,330,Pulchowk,27.6787,85.3168
2023-06-21T17:00,25.5,75,20.7,864.4,6.5,360,Pulchowk,27.6787,85.3168
2023-06-21T18:00,24.5,83,21.3,865.3,2.6,56,Pulchowk,27.6787,85.3168
2023-06-21T19:00,23.5,89,21.6,866.0,1.3,146,Pulchowk,27.6787,85.3168
2023-06-21T20:00,22.2,86,19.8,866.6,5.9,223,Pulchowk,27.6787,85.3168
2023-06-21T21:00,21.8,92,20.4,866.7,6.2,173,Pulchowk,27.6787,85.3168
2023-06-21T22:00,21.4,95,20.5,866.5,4.0,170,Pulchowk,27.6787,85.3168
2023-06-21T23:00,20.9,98,20.5,866.1,2.3,198,Pulchowk,27.6787,85.3168
2023-06-22T00:00,20.9,98,20.6,865.4,2.5,188,Pulchowk,27.6787,85.3168
2023-06-22T01:00,20.9,98,20.6,865.4,1.8,191,Pulchowk,27.6787,85.3168
2023-06-22T02:00,20.6,98,20.4,865.2,1.3,146,Pulchowk,27.6787,85.3168
2023-06-22T03:00,20.4,100,20.4,865.2,0.7,180,Pulchowk,27.6787,85.3168
2023-06-22T04:00,19.9,100,19.9,865.0,1.0,135,Pulchowk,27.6787,85.3168
2023-06-22T05:00,20.9,98,20.5,866.0,2.0,135,Pulchowk,27.6787,85.3168
2023-06-22T06:00,22.3,90,20.6,866.7,2.7,157,Pulchowk,27.6787,85.3168
2023-06-22T07:00,23.9,82,20.5,867.3,1.8,127,Pulchowk,27.6787,85.3168
2023-06-22T08:00,25.1,77,20.8,868.2,3.2,333,Pulchowk,27.6787,85.3168
2023-06-22T09:00,26.4,74,21.3,868.5,4.7,351,Pulchowk,27.6787,85.3168
2023-06-22T10:00,26.0,71,20.4,868.4,5.6,297,Pulchowk,27.6787,85.3168
2023-06-22T11:00,27.3,70,21.5,867.8,6.2,324,Pulchowk,27.6787,85.3168
2023-06-22T12:00,27.7,68,21.2,866.8,7.8,338,Pulchowk,27.6787,85.3168
2023-06-22T13:00,27.6,65,20.4,866.1,4.9,306,Pulchowk,27.6787,85.3168
2023-06-22T14:00,26.9,68,20.5,865.8,6.6,279,Pulchowk,27.6787,85.3168
2023-06-22T15:00,26.1,72,20.7,865.2,7.6,335,Pulchowk,27.6787,85.3168
2023-06-22T16:00,25.9,73,20.6,865.3,3.1,225,Pulchowk,27.6787,85.3168
2023-06-22T17:00,26.0,72,20.6,864.6,2.9,360,Pulchowk,27.6787,85.3168
2023-06-22T18:00,24.9,79,21.0,865.2,1.3,326,Pulchowk,27.6787,85.3168
2023-06-22T19:00,23.5,85,20.8,866.0,1.5,166,Pulchowk,27.6787,85.3168
2023-06-22T20:00,22.6,92,21.2,866.3,1.5,76,Pulchowk,27.6787,85.3168
2023-06-22T21:00,22.5,91,20.9,867.1,2.4,117,Pulchowk,27.6787,85.3168
2023-06-22T22:00,21.8,92,20.4,867.7,1.1,288,Pulchowk,27.6787,85.3168
2023-06-22T23:00,21.3,96,20.7,867.5,1.3,34,Pulchowk,27.6787,85.3168
2023-06-23T00:00,21.4,95,20.6,867.1,0.8,63,Pulchowk,27.6787,85.3168
2023-06-23T01:00,21.0,98,20.8,866.1,2.1,329,Pulchowk,27.6787,85.3168
2023-06-23T02:00,21.2,96,20.5,865.8,3.1,135,Pulchowk,27.6787,85.3168
2023-06-23T03:00,21.1,97,20.7,865.8,2.1,121,Pulchowk,27.6787,85.3168
2023-06-23T04:00,21.2,97,20.7,866.3,2.9,90,Pulchowk,27.6787,85.3168
2023-06-23T05:00,21.5,97,21.0,866.6,1.8,259,Pulchowk,27.6787,85.3168
2023-06-23T06:00,22.0,94,21.0,867.3,1.0,45,Pulchowk,27.6787,85.3168
2023-06-23T07:00,23.1,88,21.1,868.1,3.1,45,Pulchowk,27.6787,85.3168
2023-06-23T08:00,24.4,83,21.3,869.0,2.2,9,Pulchowk,27.6787,85.3168
2023-06-23T09:00,25.8,76,21.3,868.8,3.4,32,Pulchowk,27.6787,85.3168
2023-06-23T10:00,26.7,72,21.3,868.5,4.0,10,Pulchowk,27.6787,85.3168
2023-06-23T11:00,27.0,69,20.9,868.0,2.9,353,Pulchowk,27.6787,85.3168
2023-06-23T12:00,27.6,67,21.0,867.4,6.3,294,Pulchowk,27.6787,85.3168
2023-06-23T13:00,27.1,68,20.6,866.7,6.8,288,Pulchowk,27.6787,85.3168
2023-06-23T14:00,25.9,74,20.9,866.0,5.8,292,Pulchowk,27.6787,85.3168
2023-06-23T15:00,24.4,81,20.9,865.3,4.9,216,Pulchowk,27.6787,85.3168
2023-06-23T16:00,24.4,83,21.4,865.0,0.4,180,Pulchowk,27.6787,85.3168
2023-06-23T17:00,26.6,71,20.8,864.8,5.4,318,Pulchowk,27.6787,85.3168
2023-06-23T18:00,25.5,78,21.4,864.9,2.3,321,Pulchowk,27.6787,85.3168
2023-06-23T19:00,24.6,85,21.9,865.8,1.1,270,Pulchowk,27.6787,85.3168
2023-06-23T20:00,23.6,87,21.3,866.6,1.1,252,Pulchowk,27.6787,85.3168
2023-06-23T21:00,22.4,93,21.2,867.0,1.8,259,Pulchowk,27.6787,85.3168
2023-06-23T22:00,22.3,96,21.6,867.0,0.4,180,Pulchowk,27.6787,85.3168
2023-06-23T23:00,21.3,98,20.9,867.3,1.1,18,Pulchowk,27.6787,85.3168
2023-06-24T00:00,21.2,98,20.8,866.6,0.8,117,Pulchowk,27.6787,85.3168
2023-06-24T01:00,21.1,97,20.7,866.2,1.4,180,Pulchowk,27.6787,85.3168
2023-06-24T02:00,21.6,95,20.7,865.4,3.6,233,Pulchowk,27.6787,85.3168
2023-06-24T03:00,21.1,97,20.7,865.6,1.8,281,Pulchowk,27.6787,85.3168
2023-06-24T04:00,21.1,96,20.5,865.7,1.6,117,Pulchowk,27.6787,85.3168
2023-06-24T05:00,22.0,90,20.2,866.5,1.1,288,Pulchowk,27.6787,85.3168
2023-06-24T06:00,21.7,93,20.5,866.8,2.5,90,Pulchowk,27.6787,85.3168
2023-06-24T07:00,21.5,94,20.5,867.2,2.2,9,Pulchowk,27.6787,85.3168
2023-06-24T08:00,21.9,93,20.7,867.4,1.3,56,Pulchowk,27.6787,85.3168
2023-06-24T09:00,22.5,91,21.0,867.5,5.8,86,Pulchowk,27.6787,85.3168
2023-06-24T10:00,23.4,88,21.3,866.8,2.9,97,Pulchowk,27.6787,85.3168
2023-06-24T11:00,25.6,81,22.0,866.7,2.8,320,Pulchowk,27.6787,85.3168
2023-06-24T12:00,26.3,76,21.7,866.7,7.0,291,Pulchowk,27.6787,85.3168
2023-06-24T13:00,26.2,78,22.0,866.0,5.7,288,Pulchowk,27.6787,85.3168
2023-06-24T14:00,25.6,80,21.9,865.1,3.3,311,Pulchowk,27.6787,85.3168
2023-06-24T15:00,25.2,80,21.5,864.6,3.3,283,Pulchowk,27.6787,85.3168
2023-06-24T16:00,25.4,78,21.2,864.2,2.1,211,Pulchowk,27.6787,85.3168
2023-06-24T17:00,25.0,78,20.9,864.6,1.1,198,Pulchowk,27.6787,85.3168
2023-06-24T18:00,23.7,85,21.0,865.1,1.8,233,Pulchowk,27.6787,85.3168
2023-06-24T19:00,22.9,88,20.8,866.3,0.8,153,Pulchowk,27.6787,85.3168
2023-06-24T20:00,22.3,91,20.8,866.7,1.6,153,Pulchowk,27.6787,85.3168
2023-06-24T21:00,22.1,93,20.9,866.9,4.0,185,Pulchowk,27.6787,85.3168
2023-06-24T22:00,21.6,94,20.6,867.2,2.9,120,Pulchowk,27.6787,85.3168
2023-06-24T23:00,21.3,94,20.4,866.9,4.0,153,Pulchowk,27.6787,85.3168
2023-06-25T00:00,21.6,93,20.5,866.4,2.6,164,Pulchowk,27.6787,85.3168
2023-06-25T01:00,21.2,95,20.4,866.3,2.5,188,Pulchowk,27.6787,85.3168
2023-06-25T02:00,21.0,97,20.4,865.8,1.1,180,Pulchowk,27.6787,85.3168
2023-06-25T03:00,20.9,97,20.4,865.6,3.6,53,Pulchowk,27.6787,85.3168
2023-06-25T04:00,20.8,97,20.3,865.7,3.3,174,Pulchowk,27.6787,85.3168
2023-06-25T05:00,20.9,96,20.2,866.2,3.3,84,Pulchowk,27.6787,85.3168
2023-06-25T06:00,21.9,90,20.2,866.8,3.7,151,Pulchowk,27.6787,85.3168
2023-06-25T07:00,23.6,82,20.3,867.2,3.5,156,Pulchowk,27.6787,85.3168
2023-06-25T08:00,25.3,75,20.7,867.5,1.1,360,Pulchowk,27.6787,85.3168
2023-06-25T09:00,26.4,73,21.2,867.9,3.9,326,Pulchowk,27.6787,85.3168
2023-06-25T10:00,27.4,71,21.7,868.2,6.0,335,Pulchowk,27.6787,85.3168
2023-06-25T11:00,24.2,79,20.3,867.6,3.8,319,Pulchowk,27.6787,85.3168
2023-06-25T12:00,24.5,79,20.6,867.2,4.6,135,Pulchowk,27.6787,85.3168
2023-06-25T13:00,25.4,76,20.9,866.5,3.6,53,Pulchowk,27.6787,85.3168
2023-06-25T14:00,26.1,75,21.4,866.1,4.0,355,Pulchowk,27.6787,85.3168
2023-06-25T15:00,24.1,80,20.5,865.7,5.9,349,Pulchowk,27.6787,85.3168
2023-06-25T16:00,23.5,85,20.9,865.5,1.5,76,Pulchowk,27.6787,85.3168
2023-06-25T17:00,23.4,86,20.9,865.9,3.6,323,Pulchowk,27.6787,85.3168
2023-06-25T18:00,22.9,90,21.1,866.1,1.9,248,Pulchowk,27.6787,85.3168
2023-06-25T19:00,21.5,95,20.7,866.1,2.2,180,Pulchowk,27.6787,85.3168
2023-06-25T20:00,21.4,96,20.7,866.7,2.2,171,Pulchowk,27.6787,85.3168
2023-06-25T21:00,21.4,96,20.8,867.2,4.1,165,Pulchowk,27.6787,85.3168
2023-06-25T22:00,21.0,97,20.4,867.2,3.4,162,Pulchowk,27.6787,85.3168
2023-06-25T23:00,20.8,96,20.2,866.8,2.9,173,Pulchowk,27.6787,85.3168
2023-06-26T00:00,20.4,96,19.8,866.1,4.7,171,Pulchowk,27.6787,85.3168
2023-06-26T01:00,20.2,96,19.5,865.1,4.0,175,Pulchowk,27.6787,85.3168
2023-06-26T02:00,20.0,95,19.2,864.6,2.5,180,Pulchowk,27.6787,85.3168
2023-06-26T03:00,19.6,96,18.9,864.4,0.7,180,Pulchowk,27.6787,85.3168
2023-06-26T04:00,19.7,95,18.9,864.8,0.7,180,Pulchowk,27.6787,85.3168
2023-06-26T05:00,20.7,95,19.9,865.9,0.7,180,Pulchowk,27.6787,85.3168
2023-06-26T06:00,21.9,90,20.1,866.9,2.6,146,Pulchowk,27.6787,85.3168
2023-06-26T07:00,23.2,82,19.9,867.7,2.3,39,Pulchowk,27.6787,85.3168
2023-06-26T08:00,24.3,77,20.1,868.2,2.9,7,Pulchowk,27.6787,85.3168
2023-06-26T09:00,25.8,70,20.0,868.8,5.1,4,Pulchowk,27.6787,85.3168
2023-06-26T10:00,26.8,69,20.6,868.5,3.3,354,Pulchowk,27.6787,85.3168
2023-06-26T11:00,27.6,66,20.6,868.1,1.9,338,Pulchowk,27.6787,85.3168
2023-06-26T12:00,24.3,76,19.7,867.0,2.5,98,Pulchowk,27.6787,85.3168
2023-06-26T13:00,25.9,72,20.5,866.5,4.0,355,Pulchowk,27.6787,85.3168
2023-06-26T14:00,25.8,73,20.6,865.9,4.6,342,Pulchowk,27.6787,85.3168
2023-06-26T15:00,26.0,69,19.9,865.2,2.5,270,Pulchowk,27.6787,85.3168
2023-06-26T16:00,24.8,75,20.0,864.8,1.4,90,Pulchowk,27.6787,85.3168
2023-06-26T17:00,24.6,75,20.0,865.1,2.3,39,Pulchowk,27.6787,85.3168
2023-06-26T18:00,23.7,83,20.7,865.0,1.1,108,Pulchowk,27.6787,85.3168
2023-06-26T19:00,22.7,88,20.5,865.4,1.1,162,Pulchowk,27.6787,85.3168
2023-06-26T20:00,21.7,90,20.0,866.0,6.5,161,Pulchowk,27.6787,85.3168
2023-06-26T21:00,21.2,86,18.8,866.3,7.9,164,Pulchowk,27.6787,85.3168
2023-06-26T22:00,20.8,85,18.2,866.3,3.9,158,Pulchowk,27.6787,85.3168
2023-06-26T23:00,20.4,89,18.5,866.1,2.2,171,Pulchowk,27.6787,85.3168
2023-06-27T00:00,20.0,91,18.5,865.7,3.6,143,Pulchowk,27.6787,85.3168
2023-06-27T01:00,19.7,95,19.0,865.1,0.8,153,Pulchowk,27.6787,85.3168
2023-06-27T02:00,19.3,96,18.7,864.2,1.6,153,Pulchowk,27.6787,85.3168
2023-06-27T03:00,19.2,95,18.4,863.4,3.6,174,Pulchowk,27.6787,85.3168
2023-06-27T04:00,18.7,96,18.1,863.2,3.6,180,Pulchowk,27.6787,85.3168
2023-06-27T05:00,20.0,95,19.2,864.3,4.0,153,Pulchowk,27.6787,85.3168
2023-06-27T06:00,21.6,90,20.0,864.7,3.5,156,Pulchowk,27.6787,85.3168
2023-06-27T07:00,23.5,79,19.5,865.6,2.3,129,Pulchowk,27.6787,85.3168
2023-06-27T08:00,25.2,72,19.9,866.9,0.7,360,Pulchowk,27.6787,85.3168
2023-06-27T09:00,26.0,70,20.1,867.5,0.5,45,Pulchowk,27.6787,85.3168
2023-06-27T10:00,25.9,68,19.6,867.2,1.6,333,Pulchowk,27.6787,85.3168
2023-06-27T11:00,24.6,78,20.4,867.0,5.5,328,Pulchowk,27.6787,85.3168
2023-06-27T12:00,25.7,71,20.2,866.5,5.7,35,Pulchowk,27.6787,85.3168
2023-06-27T13:00,25.0,75,20.3,865.9,5.1,4,Pulchowk,27.6787,85.3168
2023-06-27T14:00,26.0,75,21.1,865.2,4.2,31,Pulchowk,27.6787,85.3168
2023-06-27T15:00,24.9,73,19.8,865.2,6.1,118,Pulchowk,27.6787,85.3168
2023-06-27T16:00,25.3,73,20.0,864.9,3.4,18,Pulchowk,27.6787,85.3168
2023-06-27T17:00,23.6,85,21.0,865.1,2.0,315,Pulchowk,27.6787,85.3168
2023-06-27T18:00,23.5,85,20.9,865.4,1.8,90,Pulchowk,27.6787,85.3168
2023-06-27T19:00,23.4,81,20.1,866.2,0.4,90,Pulchowk,27.6787,85.3168
2023-06-27T20:00,22.1,91,20.5,866.6,3.7,151,Pulchowk,27.6787,85.3168
2023-06-27T21:00,21.6,94,20.6,866.9,3.5,156,Pulchowk,27.6787,85.3168
2023-06-27T22:00,21.0,96,20.3,867.1,2.5,172,Pulchowk,27.6787,85.3168
2023-06-27T23:00,20.7,96,20.1,867.1,4.3,156,Pulchowk,27.6787,85.3168
2023-06-28T00:00,20.7,95,19.8,866.6,4.7,157,Pulchowk,27.6787,85.3168
2023-06-28T01:00,20.6,95,19.9,866.3,1.9,158,Pulchowk,27.6787,85.3168
2023-06-28T02:00,20.5,96,19.8,865.9,0.8,153,Pulchowk,27.6787,85.3168
2023-06-28T03:00,20.6,95,19.7,865.8,1.3,124,Pulchowk,27.6787,85.3168
2023-06-28T04:00,20.5,96,19.8,866.1,1.6,153,Pulchowk,27.6787,85.3168
2023-06-28T05:00,20.2,96,19.6,865.5,2.6,164,Pulchowk,27.6787,85.3168
2023-06-28T06:00,21.5,93,20.3,866.0,2.3,108,Pulchowk,27.6787,85.3168
2023-06-28T07:00,23.0,85,20.4,867.7,2.1,59,Pulchowk,27.6787,85.3168
2023-06-28T08:00,24.5,79,20.5,868.5,3.1,21,Pulchowk,27.6787,85.3168
2023-06-28T09:00,25.1,75,20.3,868.7,3.2,360,Pulchowk,27.6787,85.3168
2023-06-28T10:00,26.3,70,20.5,868.6,2.4,333,Pulchowk,27.6787,85.3168
2023-06-28T11:00,24.8,76,20.2,868.1,5.8,270,Pulchowk,27.6787,85.3168
2023-06-28T12:00,24.3,80,20.6,867.5,2.3,18,Pulchowk,27.6787,85.3168
2023-06-28T13:00,24.3,77,20.1,866.7,6.2,353,Pulchowk,27.6787,85.3168
2023-06-28T14:00,25.2,72,19.9,865.7,6.2,353,Pulchowk,27.6787,85.3168
2023-06-28T15:00,25.1,73,19.9,865.7,2.3,321,Pulchowk,27.6787,85.3168
2023-06-28T16:00,24.5,78,20.4,865.3,3.6,360,Pulchowk,27.6787,85.3168
2023-06-28T17:00,23.3,85,20.6,866.1,1.8,11,Pulchowk,27.6787,85.3168
2023-06-28T18:00,21.8,91,20.2,866.4,4.8,138,Pulchowk,27.6787,85.3168
2023-06-28T19:00,21.5,93,20.2,866.7,2.9,150,Pulchowk,27.6787,85.3168
2023-06-28T20:00,20.9,95,20.1,867.2,5.7,145,Pulchowk,27.6787,85.3168
2023-06-28T21:00,21.0,94,20.0,867.6,4.8,153,Pulchowk,27.6787,85.3168
2023-06-28T22:00,20.9,95,20.2,867.9,2.7,157,Pulchowk,27.6787,85.3168
2023-06-28T23:00,20.8,96,20.1,867.4,1.3,146,Pulchowk,27.6787,85.3168
2023-06-29T00:00,20.3,98,19.9,866.8,1.8,169,Pulchowk,27.6787,85.3168
2023-06-29T01:00,20.3,96,19.6,866.0,3.7,169,Pulchowk,27.6787,85.3168
2023-06-29T02:00,20.1,95,19.2,865.9,4.7,157,Pulchowk,27.6787,85.3168
2023-06-29T03:00,20.0,94,19.1,865.4,4.8,153,Pulchowk,27.6787,85.3168
2023-06-29T04:00,19.9,93,18.8,865.1,4.2,160,Pulchowk,27.6787,85.3168
2023-06-29T05:00,20.6,96,20.0,865.5,4.4,145,Pulchowk,27.6787,85.3168
2023-06-29T06:00,21.7,91,20.3,866.7,4.1,128,Pulchowk,27.6787,85.3168
2023-06-29T07:00,23.2,82,20.1,867.6,4.9,107,Pulchowk,27.6787,85.3168
2023-06-29T08:00,24.4,77,20.1,867.8,5.2,102,Pulchowk,27.6787,85.3168
2023-06-29T09:00,25.9,71,20.3,868.3,4.3,95,Pulchowk,27.6787,85.3168
2023-06-29T10:00,26.0,67,19.4,868.1,4.0,100,Pulchowk,27.6787,85.3168
2023-06-29T11:00,23.6,79,19.7,868.0,5.4,176,Pulchowk,27.6787,85.3168
2023-06-29T12:00,24.6,75,19.9,867.3,0.8,117,Pulchowk,27.6787,85.3168
2023-06-29T13:00,26.8,66,20.0,866.4,4.3,85,Pulchowk,27.6787,85.3168
2023-06-29T14:00,27.0,64,19.7,865.3,6.4,74,Pulchowk,27.6787,85.3168
2023-06-29T15:00,26.6,65,19.6,864.7,6.3,103,Pulchowk,27.6787,85.3168
2023-06-29T16:00,23.9,79,20.1,864.4,7.3,160,Pulchowk,27.6787,85.3168
2023-06-29T17:00,22.7,86,20.2,864.8,3.5,114,Pulchowk,27.6787,85.3168
2023-06-29T18:00,22.2,91,20.7,865.1,3.7,119,Pulchowk,27.6787,85.3168
2023-06-29T19:00,21.8,94,20.7,865.4,4.8,117,Pulchowk,27.6787,85.3168
2023-06-29T20:00,21.5,94,20.6,865.9,5.4,138,Pulchowk,27.6787,85.3168
2023-06-29T21:00,21.4,93,20.3,866.5,4.8,132,Pulchowk,27.6787,85.3168
2023-06-29T22:00,21.2,95,20.3,866.7,5.4,138,Pulchowk,27.6787,85.3168
2023-06-29T23:00,20.9,95,20.1,866.2,4.8,132,Pulchowk,27.6787,85.3168
2023-06-30T00:00,20.8,95,20.1,865.4,6.9,129,Pulchowk,27.6787,85.3168
2023-06-30T01:00,20.8,95,19.9,864.8,6.6,139,Pulchowk,27.6787,85.3168
2023-06-30T02:00,20.6,95,19.8,864.5,6.1,130,Pulchowk,27.6787,85.3168
2023-06-30T03:00,20.5,95,19.7,864.2,7.4,129,Pulchowk,27.6787,85.3168
2023-06-30T04:00,20.6,95,19.8,864.3,6.1,140,Pulchowk,27.6787,85.3168
2023-06-30T05:00,20.6,95,19.7,865.3,3.1,144,Pulchowk,27.6787,85.3168
2023-06-30T06:00,21.0,94,20.0,865.9,4.9,126,Pulchowk,27.6787,85.3168
2023-06-30T07:00,21.4,93,20.2,866.5,5.6,135,Pulchowk,27.6787,85.3168
2023-06-30T08:00,22.1,88,20.0,866.8,5.6,130,Pulchowk,27.6787,85.3168
2023-06-30T09:00,22.9,87,20.6,867.3,4.9,126,Pulchowk,27.6787,85.3168
2023-06-30T10:00,23.0,86,20.5,867.4,3.9,112,Pulchowk,27.6787,85.3168
2023-06-30T11:00,23.1,87,20.8,867.3,3.7,101,Pulchowk,27.6787,85.3168
2023-06-30T12:00,23.5,85,20.8,866.8,4.1,75,Pulchowk,27.6787,85.3168
2023-06-30T13:00,23.7,86,21.3,866.3,3.6,37,Pulchowk,27.6787,85.3168
2023-06-30T14:00,23.3,88,21.3,865.0,2.7,113,Pulchowk,27.6787,85.3168
2023-06-30T15:00,23.5,90,21.7,864.2,0.5,315,Pulchowk,27.6787,85.3168
2023-06-30T16:00,24.1,86,21.6,863.7,2.5,45,Pulchowk,27.6787,85.3168
2023-06-30T17:00,21.1,96,20.4,864.4,0.7,360,Pulchowk,27.6787,85.3168
2023-06-30T18:00,21.5,94,20.5,864.5,3.4,122,Pulchowk,27.6787,85.3168
2023-06-30T19:00,21.4,95,20.5,864.8,3.6,180,Pulchowk,27.6787,85.3168
2023-06-30T20:00,20.9,97,20.4,865.0,2.3,162,Pulchowk,27.6787,85.3168
2023-06-30T21:00,20.5,97,20.0,865.6,2.9,173,Pulchowk,27.6787,85.3168
2023-06-30T22:00,20.6,98,20.2,866.2,2.8,140,Pulchowk,27.6787,85.3168
2023-06-30T23:00,20.6,96,20.0,865.8,4.6,162,Pulchowk,27.6787,85.3168
2023-07-01T00:00,20.5,96,19.9,864.9,3.0,166,Pulchowk,27.6787,85.3168
2023-07-01T01:00,20.5,96,19.9,864.3,3.9,158,Pulchowk,27.6787,85.3168
2023-07-01T02:00,20.6,95,19.8,863.9,3.0,166,Pulchowk,27.6787,85.3168
2023-07-01T03:00,20.4,94,19.5,864.1,3.1,144,Pulchowk,27.6787,85.3168
2023-07-01T04:00,20.3,95,19.5,864.2,4.8,153,Pulchowk,27.6787,85.3168
2023-07-01T05:00,20.9,94,19.9,864.5,4.8,132,Pulchowk,27.6787,85.3168
2023-07-01T06:00,21.0,95,20.2,865.4,6.0,147,Pulchowk,27.6787,85.3168
2023-07-01T07:00,21.4,94,20.3,866.2,5.2,146,Pulchowk,27.6787,85.3168
2023-07-01T08:00,21.8,92,20.4,866.8,5.4,138,Pulchowk,27.6787,85.3168
2023-07-01T09:00,22.0,91,20.6,867.3,6.1,130,Pulchowk,27.6787,85.3168
2023-07-01T10:00,22.0,93,20.8,867.4,6.4,128,Pulchowk,27.6787,85.3168
2023-07-01T11:00,22.0,90,20.3,867.6,7.1,131,Pulchowk,27.6787,85.3168
2023-07-01T12:00,22.6,88,20.5,867.0,5.6,130,Pulchowk,27.6787,85.3168
2023-07-01T13:00,22.7,89,20.8,866.1,4.5,104,Pulchowk,27.6787,85.3168
2023-07-01T14:00,24.6,81,21.2,865.2,4.3,90,Pulchowk,27.6787,85.3168
2023-07-01T15:00,26.0,73,20.7,865.1,0.0,270,Pulchowk,27.6787,85.3168
2023-07-01T16:00,25.6,73,20.3,864.9,2.2,270,Pulchowk,27.6787,85.3168
2023-07-01T17:00,24.7,76,20.2,865.3,3.5,246,Pulchowk,27.6787,85.3168
2023-07-01T18:00,23.2,90,21.4,865.6,1.3,214,Pulchowk,27.6787,85.3168
2023-07-01T19:00,21.8,93,20.7,866.4,0.4,180,Pulchowk,27.6787,85.3168
2023-07-01T20:00,21.7,96,20.9,867.1,2.6,146,Pulchowk,27.6787,85.3168
2023-07-01T21:00,21.4,96,20.8,867.6,1.6,153,Pulchowk,27.6787,85.3168
2023-07-01T22:00,21.2,97,20.8,867.7,1.8,180,Pulchowk,27.6787,85.3168
2023-07-01T23:00,21.0,98,20.6,867.0,2.9,150,Pulchowk,27.6787,85.3168
2023-07-02T00:00,20.8,97,20.4,866.3,3.0,166,Pulchowk,27.6787,85.3168
2023-07-02T01:00,20.7,96,20.1,865.7,3.3,167,Pulchowk,27.6787,85.3168
2023-07-02T02:00,20.6,96,19.9,865.1,2.5,172,Pulchowk,27.6787,85.3168
2023-07-02T03:00,20.3,96,19.6,864.6,2.5,172,Pulchowk,27.6787,85.3168
2023-07-02T04:00,20.4,95,19.6,864.5,2.5,180,Pulchowk,27.6787,85.3168
2023-07-02T05:00,20.7,97,20.2,865.1,2.2,171,Pulchowk,27.6787,85.3168
2023-07-02T06:00,21.5,94,20.5,865.7,1.5,166,Pulchowk,27.6787,85.3168
2023-07-02T07:00,22.4,90,20.7,866.9,1.3,56,Pulchowk,27.6787,85.3168
2023-07-02T08:00,22.7,88,20.6,867.3,2.6,74,Pulchowk,27.6787,85.3168
2023-07-02T09:00,23.2,87,20.9,867.5,3.1,69,Pulchowk,27.6787,85.3168
2023-07-02T10:00,24.5,80,20.8,867.2,3.5,66,Pulchowk,27.6787,85.3168
2023-07-02T11:00,26.7,73,21.6,867.0,2.1,59,Pulchowk,27.6787,85.3168
2023-07-02T12:00,27.6,68,21.1,866.0,2.1,59,Pulchowk,27.6787,85.3168
2023-07-02T13:00,26.0,72,20.7,864.8,5.6,297,Pulchowk,27.6787,85.3168
2023-07-02T14:00,25.3,81,21.7,864.1,4.6,309,Pulchowk,27.6787,85.3168
2023-07-02T15:00,25.2,84,22.3,863.7,4.7,4,Pulchowk,27.6787,85.3168
2023-07-02T16:00,24.4,83,21.3,863.5,2.5,352,Pulchowk,27.6787,85.3168
2023-07-02T17:00,23.4,85,20.6,864.6,2.3,342,Pulchowk,27.6787,85.3168
2023-07-02T18:00,22.2,94,21.2,865.6,2.9,330,Pulchowk,27.6787,85.3168
2023-07-02T19:00,21.9,96,21.3,866.2,2.6,124,Pulchowk,27.6787,85.3168
2023-07-02T20:00,21.8,96,21.2,866.7,3.1,111,Pulchowk,27.6787,85.3168
2023-07-02T21:00,21.7,96,21.0,866.5,3.1,144,Pulchowk,27.6787,85.3168
2023-07-02T22:00,21.3,95,20.4,866.4,3.5,156,Pulchowk,27.6787,85.3168
2023-07-02T23:00,20.7,96,20.1,865.8,3.3,167,Pulchowk,27.6787,85.3168
2023-07-03T00:00,20.4,96,19.7,865.3,4.0,175,Pulchowk,27.6787,85.3168
2023-07-03T01:00,20.2,96,19.6,865.1,4.0,175,Pulchowk,27.6787,85.3168
2023-07-03T02:00,20.3,97,19.8,864.7,2.9,173,Pulchowk,27.6787,85.3168
2023-07-03T03:00,19.9,97,19.4,864.5,3.7,169,Pulchowk,27.6787,85.3168
2023-07-03T04:00,19.7,97,19.3,864.8,4.5,166,Pulchowk,27.6787,85.3168
2023-07-03T05:00,19.9,98,19.5,864.4,5.5,169,Pulchowk,27.6787,85.3168
2023-07-03T06:00,21.4,95,20.6,865.1,5.2,164,Pulchowk,27.6787,85.3168
2023-07-03T07:00,23.4,87,21.1,866.8,2.3,129,Pulchowk,27.6787,85.3168
2023-07-03T08:00,24.6,82,21.3,867.5,1.6,63,Pulchowk,27.6787,85.3168
2023-07-03T09:00,24.1,84,21.2,867.3,2.3,18,Pulchowk,27.6787,85.3168
2023-07-03T10:00,24.9,79,21.0,867.1,3.2,27,Pulchowk,27.6787,85.3168
2023-07-03T11:00,26.7,75,22.0,866.7,1.9,68,Pulchowk,27.6787,85.3168
2023-07-03T12:00,26.4,74,21.4,865.8,4.2,250,Pulchowk,27.6787,85.3168
2023-07-03T13:00,24.9,82,21.6,865.1,1.8,307,Pulchowk,27.6787,85.3168
2023-07-03T14:00,24.4,84,21.6,864.7,1.5,315,Pulchowk,27.6787,85.3168
2023-07-03T15:00,23.9,89,21.9,864.2,1.0,45,Pulchowk,27.6787,85.3168
2023-07-03T16:00,24.4,86,21.9,864.0,2.9,60,Pulchowk,27.6787,85.3168
2023-07-03T17:00,23.8,85,21.1,865.1,1.8,323,Pulchowk,27.6787,85.3168
2023-07-03T18:00,22.8,91,21.3,865.3,1.3,326,Pulchowk,27.6787,85.3168
2023-07-03T19:00,21.9,94,20.9,865.9,0.5,315,Pulchowk,27.6787,85.3168
2023-07-03T20:00,21.5,97,21.0,866.3,2.3,129,Pulchowk,27.6787,85.3168
2023-07-03T21:00,21.3,97,20.9,866.6,1.3,146,Pulchowk,27.6787,85.3168
2023-07-03T22:00,21.3,96,20.7,866.5,4.6,162,Pulchowk,27.6787,85.3168
2023-07-03T23:00,21.4,95,20.6,866.4,2.3,129,Pulchowk,27.6787,85.3168
2023-07-04T00:00,20.8,97,20.4,865.9,2.4,117,Pulchowk,27.6787,85.3168
2023-07-04T01:00,20.7,98,20.3,865.2,2.6,124,Pulchowk,27.6787,85.3168
2023-07-04T02:00,20.3,99,20.1,864.8,1.9,158,Pulchowk,27.6787,85.3168
2023-07-04T03:00,20.3,98,20.1,864.6,1.5,135,Pulchowk,27.6787,85.3168
2023-07-04T04:00,20.3,98,20.0,864.8,1.8,169,Pulchowk,27.6787,85.3168
2023-07-04T05:00,21.5,95,20.6,865.1,3.1,159,Pulchowk,27.6787,85.3168
2023-07-04T06:00,21.9,92,20.6,865.6,2.7,203,Pulchowk,27.6787,85.3168
2023-07-04T07:00,22.0,92,20.6,866.3,0.7,180,Pulchowk,27.6787,85.3168
2023-07-04T08:00,22.5,90,20.9,866.8,0.7,180,Pulchowk,27.6787,85.3168
2023-07-04T09:00,23.0,90,21.3,867.3,0.8,297,Pulchowk,27.6787,85.3168
2023-07-04T10:00,23.9,86,21.4,867.6,2.6,344,Pulchowk,27.6787,85.3168
2023-07-04T11:00,25.1,79,21.2,867.4,6.1,3,Pulchowk,27.6787,85.3168
2023-07-04T12:00,22.6,89,20.7,866.4,1.8,53,Pulchowk,27.6787,85.3168
2023-07-04T13:00,23.2,86,20.8,865.6,3.4,162,Pulchowk,27.6787,85.3168
2023-07-04T14:00,24.7,81,21.2,864.8,2.6,326,Pulchowk,27.6787,85.3168
2023-07-04T15:00,25.3,79,21.3,863.8,3.8,17,Pulchowk,27.6787,85.3168
2023-07-04T16:00,25.9,79,22.0,863.8,1.1,360,Pulchowk,27.6787,85.3168
2023-07-04T17:00,24.0,82,20.6,864.7,0.8,207,Pulchowk,27.6787,85.3168
2023-07-04T18:00,23.6,82,20.3,865.2,0.4,360,Pulchowk,27.6787,85.3168
2023-07-04T19:00,21.6,91,20.1,865.7,4.3,185,Pulchowk,27.6787,85.3168
2023-07-04T20:00,21.3,94,20.3,866.2,3.3,96,Pulchowk,27.6787,85.3168
2023-07-04T21:00,21.2,94,20.3,866.6,1.5,135,Pulchowk,27.6787,85.3168
2023-07-04T22:00,21.0,97,20.4,866.6,3.3,96,Pulchowk,27.6787,85.3168
2023-07-04T23:00,20.7,96,20.0,866.1,4.3,156,Pulchowk,27.6787,85.3168
2023-07-05T00:00,20.5,95,19.8,865.4,3.4,148,Pulchowk,27.6787,85.3168
2023-07-05T01:00,20.2,96,19.5,864.8,4.6,162,Pulchowk,27.6787,85.3168
2023-07-05T02:00,20.0,96,19.4,864.3,4.8,167,Pulchowk,27.6787,85.3168
2023-07-05T03:00,20.0,97,19.4,864.3,4.5,166,Pulchowk,27.6787,85.3168
2023-07-05T04:00,20.2,96,19.5,864.2,4.7,157,Pulchowk,27.6787,85.3168
2023-07-05T05:00,20.0,95,19.2,864.3,3.0,166,Pulchowk,27.6787,85.3168
2023-07-05T06:00,21.4,92,20.1,865.6,4.9,163,Pulchowk,27.6787,85.3168
2023-07-05T07:00,21.6,89,19.7,866.5,5.6,130,Pulchowk,27.6787,85.3168
2023-07-05T08:00,21.8,90,20.0,866.4,4.2,121,Pulchowk,27.6787,85.3168
2023-07-05T09:00,22.3,89,20.4,866.8,4.0,100,Pulchowk,27.6787,85.3168
2023-07-05T10:00,22.9,89,20.9,866.7,4.8,117,Pulchowk,27.6787,85.3168
2023-07-05T11:00,22.9,89,21.0,866.7,3.8,107,Pulchowk,27.6787,85.3168
2023-07-05T12:00,23.1,89,21.2,865.9,3.6,84,Pulchowk,27.6787,85.3168
2023-07-05T13:00,24.3,84,21.5,865.1,2.6,146,Pulchowk,27.6787,85.3168
2023-07-05T14:00,25.8,73,20.6,864.4,2.3,162,Pulchowk,27.6787,85.3168
2023-07-05T15:00,26.2,70,20.3,863.8,1.0,135,Pulchowk,27.6787,85.3168
2023-07-05T16:00,25.5,73,20.3,863.7,1.1,288,Pulchowk,27.6787,85.3168
2023-07-05T17:00,24.1,77,19.8,864.8,3.3,257,Pulchowk,27.6787,85.3168
2023-07-05T18:00,23.1,87,20.9,864.8,2.4,333,Pulchowk,27.6787,85.3168
2023-07-05T19:00,21.6,93,20.4,865.1,1.3,146,Pulchowk,27.6787,85.3168
2023-07-05T20:00,21.5,92,20.1,865.7,2.3,162,Pulchowk,27.6787,85.3168
2023-07-05T21:00,21.0,93,19.8,865.9,2.6,164,Pulchowk,27.6787,85.3168
2023-07-05T22:00,20.4,95,19.5,865.7,4.7,176,Pulchowk,27.6787,85.3168
2023-07-05T23:00,19.9,96,19.2,865.5,4.7,171,Pulchowk,27.6787,85.3168
2023-07-06T00:00,19.4,97,18.9,865.0,4.3,175,Pulchowk,27.6787,85.3168
2023-07-06T01:00,19.1,97,18.7,864.8,4.0,175,Pulchowk,27.6787,85.3168
2023-07-06T02:00,18.9,98,18.5,864.9,2.2,171,Pulchowk,27.6787,85.3168
2023-07-06T03:00,19.0,98,18.6,865.1,1.8,191,Pulchowk,27.6787,85.3168
2023-07-06T04:00,19.1,97,18.6,864.8,4.0,170,Pulchowk,27.6787,85.3168
2023-07-06T05:00,20.2,97,19.7,865.8,1.8,169,Pulchowk,27.6787,85.3168
2023-07-06T06:00,21.4,93,20.2,866.4,3.4,162,Pulchowk,27.6787,85.3168
2023-07-06T07:00,23.1,85,20.4,867.5,0.4,360,Pulchowk,27.6787,85.3168
2023-07-06T08:00,24.2,79,20.3,867.7,3.0,346,Pulchowk,27.6787,85.3168
2023-07-06T09:00,25.3,74,20.3,867.9,2.8,320,Pulchowk,27.6787,85.3168
2023-07-06T10:00,26.6,72,21.1,868.1,5.0,339,Pulchowk,27.6787,85.3168
2023-07-06T11:00,27.4,70,21.3,867.6,5.4,352,Pulchowk,27.6787,85.3168
2023-07-06T12:00,27.1,70,21.0,867.0,4.7,302,Pulchowk,27.6787,85.3168
2023-07-06T13:00,25.5,75,20.8,866.5,2.5,188,Pulchowk,27.6787,85.3168
2023-07-06T14:00,26.4,72,21.1,866.2,4.1,45,Pulchowk,27.6787,85.3168
2023-07-06T15:00,26.1,72,20.8,865.5,4.0,27,Pulchowk,27.6787,85.3168
2023-07-06T16:00,23.5,86,21.1,864.8,5.2,295,Pulchowk,27.6787,85.3168
2023-07-06T17:00,22.3,89,20.5,865.8,3.7,209,Pulchowk,27.6787,85.3168
2023-07-06T18:00,22.2,91,20.7,866.3,3.2,117,Pulchowk,27.6787,85.3168
2023-07-06T19:00,21.6,95,20.8,867.0,3.9,124,Pulchowk,27.6787,85.3168
2023-07-06T20:00,21.3,96,20.6,867.8,4.7,122,Pulchowk,27.6787,85.3168
2023-07-06T21:00,21.3,96,20.7,868.2,4.8,132,Pulchowk,27.6787,85.3168
2023-07-06T22:00,21.2,97,20.7,868.3,2.1,149,Pulchowk,27.6787,85.3168
2023-07-06T23:00,20.9,96,20.3,867.4,3.4,162,Pulchowk,27.6787,85.3168
2023-07-07T00:00,20.5,96,19.9,866.7,3.7,169,Pulchowk,27.6787,85.3168
2023-07-07T01:00,20.3,97,19.7,866.5,2.5,180,Pulchowk,27.6787,85.3168
2023-07-07T02:00,20.1,97,19.7,866.3,1.8,143,Pulchowk,27.6787,85.3168
2023-07-07T03:00,20.0,97,19.6,866.4,5.0,180,Pulchowk,27.6787,85.3168
2023-07-07T04:00,20.1,96,19.5,866.1,2.9,173,Pulchowk,27.6787,85.3168
2023-07-07T05:00,20.4,98,20.1,865.8,1.9,158,Pulchowk,27.6787,85.3168
2023-07-07T06:00,22.1,94,21.1,867.0,4.4,171,Pulchowk,27.6787,85.3168
2023-07-07T07:00,24.0,83,20.9,868.4,2.2,99,Pulchowk,27.6787,85.3168
2023-07-07T08:00,25.2,79,21.2,868.7,1.3,34,Pulchowk,27.6787,85.3168
2023-07-07T09:00,26.7,72,21.3,869.1,4.4,9,Pulchowk,27.6787,85.3168
2023-07-07T10:00,25.4,76,20.9,868.5,2.5,315,Pulchowk,27.6787,85.3168
2023-07-07T11:00,24.3,80,20.6,868.0,5.3,208,Pulchowk,27.6787,85.3168
2023-07-07T12:00,26.0,74,21.0,868.1,1.1,342,Pulchowk,27.6787,85.3168
2023-07-07T13:00,26.6,74,21.7,867.0,4.0,355,Pulchowk,27.6787,85.3168
2023-07-07T14:00,24.7,82,21.5,866.7,6.0,155,Pulchowk,27.6787,85.3168
2023-07-07T15:00,25.2,78,21.1,866.3,3.9,22,Pulchowk,27.6787,85.3168
2023-07-07T16:00,23.9,84,21.0,865.6,1.8,53,Pulchowk,27.6787,85.3168
2023-07-07T17:00,25.0,77,20.6,866.7,0.7,90,Pulchowk,27.6787,85.3168
2023-07-07T18:00,23.1,86,20.5,867.3,4.1,165,Pulchowk,27.6787,85.3168
2023-07-07T19:00,22.6,91,21.0,868.0,2.6,124,Pulchowk,27.6787,85.3168
2023-07-07T20:00,22.0,93,20.8,868.2,4.4,145,Pulchowk,27.6787,85.3168
2023-07-07T21:00,21.7,92,20.3,869.0,7.2,162,Pulchowk,27.6787,85.3168
2023-07-07T22:00,21.3,92,20.0,869.1,6.3,156,Pulchowk,27.6787,85.3168
2023-07-07T23:00,20.9,94,19.9,868.6,6.4,164,Pulchowk,27.6787,85.3168
2023-07-08T00:00,20.9,94,20.0,868.2,6.3,149,Pulchowk,27.6787,85.3168
2023-07-08T01:00,20.5,95,19.7,867.3,4.3,156,Pulchowk,27.6787,85.3168
2023-07-08T02:00,20.2,96,19.6,867.2,5.2,168,Pulchowk,27.6787,85.3168
2023-07-08T03:00,20.1,97,19.6,867.0,4.7,171,Pulchowk,27.6787,85.3168
2023-07-08T04:00,19.9,97,19.4,867.0,5.2,164,Pulchowk,27.6787,85.3168
2023-07-08T05:00,20.2,97,19.7,867.0,5.0,150,Pulchowk,27.6787,85.3168
2023-07-08T06:00,22.1,93,20.9,868.3,4.1,165,Pulchowk,27.6787,85.3168
2023-07-08T07:00,24.0,83,20.9,869.8,1.0,135,Pulchowk,27.6787,85.3168
2023-07-08T08:00,25.4,74,20.5,870.2,3.2,63,Pulchowk,27.6787,85.3168
2023-07-08T09:00,26.9,69,20.8,870.3,1.5,104,Pulchowk,27.6787,85.3168
2023-07-08T10:00,27.6,66,20.7,870.3,2.5,225,Pulchowk,27.6787,85.3168
2023-07-08T11:00,24.4,79,20.5,869.7,5.7,198,Pulchowk,27.6787,85.3168
2023-07-08T12:00,25.5,75,20.7,869.2,2.6,146,Pulchowk,27.6787,85.3168
2023-07-08T13:00,26.9,72,21.5,868.7,3.6,323,Pulchowk,27.6787,85.3168
2023-07-08T14:00,25.7,77,21.3,867.5,1.4,90,Pulchowk,27.6787,85.3168
2023-07-08T15:00,25.0,78,21.0,867.1,3.8,221,Pulchowk,27.6787,85.3168
2023-07-08T16:00,23.9,83,20.9,867.2,4.0,333,Pulchowk,27.6787,85.3168
2023-07-08T17:00,24.2,82,20.9,867.4,1.6,27,Pulchowk,27.6787,85.3168
2023-07-08T18:00,23.6,91,22.0,868.0,1.8,360,Pulchowk,27.6787,85.3168
2023-07-08T19:00,22.7,91,21.1,868.5,2.6,124,Pulchowk,27.6787,85.3168
2023-07-08T20:00,22.2,93,21.0,868.9,2.2,171,Pulchowk,27.6787,85.3168
2023-07-08T21:00,21.8,95,20.9,869.4,3.7,151,Pulchowk,27.6787,85.3168
2023-07-08T22:00,21.1,97,20.7,869.3,2.3,162,Pulchowk,27.6787,85.3168
2023-07-08T23:00,20.9,97,20.4,869.2,2.3,141,Pulchowk,27.6787,85.3168
2023-07-09T00:00,20.7,96,20.1,868.1,4.7,148,Pulchowk,27.6787,85.3168
2023-07-09T01:00,20.6,96,19.9,867.3,6.2,159,Pulchowk,27.6787,85.3168
2023-07-09T02:00,20.6,95,19.8,867.0,5.2,164,Pulchowk,27.6787,85.3168
2023-07-09T03:00,20.6,95,19.7,867.2,4.3,175,Pulchowk,27.6787,85.3168
2023-07-09T04:00,20.3,95,19.5,867.2,4.3,175,Pulchowk,27.6787,85.3168
2023-07-09T05:00,20.7,94,19.7,867.0,2.5,188,Pulchowk,27.6787,85.3168
2023-07-09T06:00,22.0,92,20.7,867.8,4.1,165,Pulchowk,27.6787,85.3168
2023-07-09T07:00,23.4,85,20.7,868.7,1.8,90,Pulchowk,27.6787,85.3168
2023-07-09T08:00,24.9,76,20.5,869.3,2.3,51,Pulchowk,27.6787,85.3168
2023-07-09T09:00,25.8,72,20.4,869.6,1.6,27,Pulchowk,27.6787,85.3168
2023-07-09T10:00,26.8,71,21.0,869.7,2.4,297,Pulchowk,27.6787,85.3168
2023-07-09T11:00,27.6,68,21.2,869.3,3.6,323,Pulchowk,27.6787,85.3168
2023-07-09T12:00,26.6,71,20.9,868.2,4.6,315,Pulchowk,27.6787,85.3168
2023-07-09T13:00,26.0,77,21.7,867.7,4.3,336,Pulchowk,27.6787,85.3168
2023-07-09T14:00,26.4,75,21.6,866.9,3.7,11,Pulchowk,27.6787,85.3168
2023-07-09T15:00,25.8,75,21.0,866.1,2.5,45,Pulchowk,27.6787,85.3168
2023-07-09T16:00,25.1,78,20.9,865.8,2.9,360,Pulchowk,27.6787,85.3168
2023-07-09T17:00,24.6,81,21.2,866.5,2.0,315,Pulchowk,27.6787,85.3168
2023-07-09T18:00,24.0,89,22.1,866.9,1.5,14,Pulchowk,27.6787,85.3168
2023-07-09T19:00,23.4,88,21.3,867.3,1.8,127,Pulchowk,27.6787,85.3168
2023-07-09T20:00,22.2,96,21.4,867.8,1.8,217,Pulchowk,27.6787,85.3168
2023-07-09T21:00,22.4,95,21.5,868.3,2.3,108,Pulchowk,27.6787,85.3168
2023-07-09T22:00,21.8,97,21.3,868.8,1.5,14,Pulchowk,27.6787,85.3168
2023-07-09T23:00,21.6,98,21.2,868.2,1.5,76,Pulchowk,27.6787,85.3168
2023-07-10T00:00,21.1,99,20.9,867.4,1.8,143,Pulchowk,27.6787,85.3168
2023-07-10T01:00,21.3,97,20.8,866.9,3.4,162,Pulchowk,27.6787,85.3168
2023-07-10T02:00,20.9,97,20.4,866.6,2.6,164,Pulchowk,27.6787,85.3168
2023-07-10T03:00,21.1,96,20.5,866.6,2.6,164,Pulchowk,27.6787,85.3168
2023-07-10T04:00,21.1,96,20.4,866.5,3.3,167,Pulchowk,27.6787,85.3168
2023-07-10T05:00,20.9,97,20.4,865.9,3.3,174,Pulchowk,27.6787,85.3168
2023-07-10T06:00,22.3,95,21.4,867.6,2.6,196,Pulchowk,27.6787,85.3168
2023-07-10T07:00,23.6,86,21.1,868.4,0.5,315,Pulchowk,27.6787,85.3168
2023-07-10T08:00,24.9,83,21.8,868.7,2.5,8,Pulchowk,27.6787,85.3168
2023-07-10T09:00,26.1,78,21.9,868.5,0.7,360,Pulchowk,27.6787,85.3168
2023-07-10T10:00,27.6,69,21.5,868.5,3.2,333,Pulchowk,27.6787,85.3168
2023-07-10T11:00,28.5,67,21.9,868.1,2.3,321,Pulchowk,27.6787,85.3168
2023-07-10T12:00,27.3,70,21.3,867.6,6.8,288,Pulchowk,27.6787,85.3168
2023-07-10T13:00,25.7,76,21.1,866.9,3.7,349,Pulchowk,27.6787,85.3168
2023-07-10T14:00,24.7,85,21.9,866.0,3.6,45,Pulchowk,27.6787,85.3168
2023-07-10T15:00,25.6,82,22.3,865.7,3.7,29,Pulchowk,27.6787,85.3168
2023-07-10T16:00,25.5,76,21.0,865.1,1.9,22,Pulchowk,27.6787,85.3168
2023-07-10T17:00,23.6,85,21.0,866.7,4.0,10,Pulchowk,27.6787,85.3168
2023-07-10T18:00,22.9,95,22.0,866.1,0.5,135,Pulchowk,27.6787,85.3168
2023-07-10T19:00,22.2,94,21.2,866.2,4.1,165,Pulchowk,27.6787,85.3168
2023-07-10T20:00,21.9,95,21.1,866.8,3.4,162,Pulchowk,27.6787,85.3168
2023-07-10T21:00,21.6,96,20.9,867.4,3.4,162,Pulchowk,27.6787,85.3168
2023-07-10T22:00,21.3,96,20.7,867.4,4.5,166,Pulchowk,27.6787,85.3168
2023-07-10T23:00,21.2,95,20.4,866.9,4.7,171,Pulchowk,27.6787,85.3168
2023-07-11T00:00,21.0,96,20.3,866.3,4.8,167,Pulchowk,27.6787,85.3168
2023-07-11T01:00,20.7,97,20.1,865.8,3.6,174,Pulchowk,27.6787,85.3168
2023-07-11T02:00,20.4,98,20.0,865.7,2.2,180,Pulchowk,27.6787,85.3168
2023-07-11T03:00,20.3,97,19.8,865.0,1.4,180,Pulchowk,27.6787,85.3168
2023-07-11T04:00,20.6,97,20.1,865.3,3.4,162,Pulchowk,27.6787,85.3168
2023-07-11T05:00,20.7,98,20.3,865.7,2.2,189,Pulchowk,27.6787,85.3168
2023-07-11T06:00,22.0,93,20.9,866.4,3.1,144,Pulchowk,27.6787,85.3168
2023-07-11T07:00,23.6,84,20.7,867.5,3.5,114,Pulchowk,27.6787,85.3168
2023-07-11T08:00,25.3,75,20.6,868.1,3.3,84,Pulchowk,27.6787,85.3168
2023-07-11T09:00,26.6,68,20.3,868.3,2.8,50,Pulchowk,27.6787,85.3168
2023-07-11T10:00,27.5,65,20.3,868.1,1.5,284,Pulchowk,27.6787,85.3168
2023-07-11T11:00,27.7,66,20.6,867.9,1.5,256,Pulchowk,27.6787,85.3168
2023-07-11T12:00,28.2,66,21.3,867.5,1.5,256,Pulchowk,27.6787,85.3168
2023-07-11T13:00,24.1,86,21.6,866.3,3.7,281,Pulchowk,27.6787,85.3168
2023-07-11T14:00,25.7,78,21.5,865.9,3.3,13,Pulchowk,27.6787,85.3168
2023-07-11T15:00,25.5,77,21.1,865.1,4.2,31,Pulchowk,27.6787,85.3168
2023-07-11T16:00,24.3,83,21.2,864.9,2.1,301,Pulchowk,27.6787,85.3168
2023-07-11T17:00,24.0,86,21.6,865.5,4.1,322,Pulchowk,27.6787,85.3168
2023-07-11T18:00,23.6,88,21.6,866.0,2.1,121,Pulchowk,27.6787,85.3168
2023-07-11T19:00,22.6,95,21.8,866.6,2.0,225,Pulchowk,27.6787,85.3168
2023-07-11T20:00,22.5,94,21.5,867.0,2.5,135,Pulchowk,27.6787,85.3168
2023-07-11T21:00,22.0,97,21.5,867.5,1.8,169,Pulchowk,27.6787,85.3168
2023-07-11T22:00,21.7,98,21.3,867.3,1.8,143,Pulchowk,27.6787,85.3168
2023-07-11T23:00,21.4,97,20.9,866.6,2.5,180,Pulchowk,27.6787,85.3168
2023-07-12T00:00,21.1,97,20.6,866.0,1.9,158,Pulchowk,27.6787,85.3168
2023-07-12T01:00,20.8,96,20.1,865.6,3.6,174,Pulchowk,27.6787,85.3168
2023-07-12T02:00,20.5,96,19.9,865.4,3.2,180,Pulchowk,27.6787,85.3168
2023-07-12T03:00,20.4,97,19.9,865.4,3.1,159,Pulchowk,27.6787,85.3168
2023-07-12T04:00,20.2,96,19.6,864.9,4.0,170,Pulchowk,27.6787,85.3168
2023-07-12T05:00,21.2,97,20.7,865.5,4.5,166,Pulchowk,27.6787,85.3168
2023-07-12T06:00,22.1,97,21.5,866.7,3.8,163,Pulchowk,27.6787,85.3168
2023-07-12T07:00,23.7,86,21.1,867.6,3.1,126,Pulchowk,27.6787,85.3168
2023-07-12T08:00,24.9,83,21.7,868.2,1.8,11,Pulchowk,27.6787,85.3168
2023-07-12T09:00,26.4,76,21.7,868.4,3.3,354,Pulchowk,27.6787,85.3168
2023-07-12T10:00,24.5,82,21.1,867.3,2.9,270,Pulchowk,27.6787,85.3168
2023-07-12T11:00,25.4,77,21.1,867.6,4.6,288,Pulchowk,27.6787,85.3168
2023-07-12T12:00,25.4,80,21.6,867.1,2.3,72,Pulchowk,27.6787,85.3168
2023-07-12T13:00,25.2,80,21.4,866.4,3.0,14,Pulchowk,27.6787,85.3168
2023-07-12T14:00,24.8,81,21.3,866.0,4.3,336,Pulchowk,27.6787,85.3168
2023-07-12T15:00,24.4,84,21.5,865.3,3.6,360,Pulchowk,27.6787,85.3168
2023-07-12T16:00,24.1,87,21.8,865.3,2.5,8,Pulchowk,27.6787,85.3168
2023-07-12T17:00,23.3,87,21.0,866.3,5.6,315,Pulchowk,27.6787,85.3168
2023-07-12T18:00,21.9,96,21.2,866.6,3.6,360,Pulchowk,27.6787,85.3168
2023-07-12T19:00,21.8,96,21.1,866.4,2.6,146,Pulchowk,27.6787,85.3168
2023-07-12T20:00,21.3,96,20.6,867.2,3.0,166,Pulchowk,27.6787,85.3168
2023-07-12T21:00,20.9,97,20.4,867.3,3.4,148,Pulchowk,27.6787,85.3168
2023-07-12T22:00,21.5,91,20.0,868.0,1.0,135,Pulchowk,27.6787,85.3168
2023-07-12T23:00,20.9,97,20.4,867.6,1.1,162,Pulchowk,27.6787,85.3168
2023-07-13T00:00,20.7,98,20.4,866.8,1.5,135,Pulchowk,27.6787,85.3168
2023-07-13T01:00,20.4,98,20.1,866.1,4.7,157,Pulchowk,27.6787,85.3168
2023-07-13T02:00,20.3,97,19.8,865.6,2.6,164,Pulchowk,27.6787,85.3168
2023-07-13T03:00,20.3,98,19.9,865.4,2.1,149,Pulchowk,27.6787,85.3168
2023-07-13T04:00,20.1,97,19.7,865.6,4.5,166,Pulchowk,27.6787,85.3168
2023-07-13T05:00,20.5,97,20.0,865.2,4.3,180,Pulchowk,27.6787,85.3168
2023-07-13T06:00,21.7,94,20.7,866.2,4.0,175,Pulchowk,27.6787,85.3168
2023-07-13T07:00,23.3,86,20.8,867.6,1.8,270,Pulchowk,27.6787,85.3168
2023-07-13T08:00,23.5,83,20.5,867.9,3.2,333,Pulchowk,27.6787,85.3168
2023-07-13T09:00,23.7,82,20.4,868.1,4.3,312,Pulchowk,27.6787,85.3168
2023-07-13T10:00,24.9,83,21.7,868.0,4.7,337,Pulchowk,27.6787,85.3168
2023-07-13T11:00,26.8,75,22.0,867.6,5.6,345,Pulchowk,27.6787,85.3168
2023-07-13T12:00,25.7,75,20.9,866.7,4.3,294,Pulchowk,27.6787,85.3168
2023-07-13T13:00,23.6,80,19.9,866.7,1.4,270,Pulchowk,27.6787,85.3168
2023-07-13T14:00,23.1,85,20.4,865.1,2.5,90,Pulchowk,27.6787,85.3168
2023-07-13T15:00,25.1,79,21.2,865.3,1.3,34,Pulchowk,27.6787,85.3168
2023-07-13T16:00,25.5,72,20.0,865.3,4.8,13,Pulchowk,27.6787,85.3168
2023-07-13T17:00,22.6,92,21.2,866.2,4.3,5,Pulchowk,27.6787,85.3168
2023-07-13T18:00,22.1,91,20.6,866.5,3.3,13,Pulchowk,27.6787,85.3168
2023-07-13T19:00,21.4,96,20.7,867.0,1.8,11,Pulchowk,27.6787,85.3168
2023-07-13T20:00,21.5,96,20.8,867.3,2.5,82,Pulchowk,27.6787,85.3168
2023-07-13T21:00,21.2,98,20.8,867.3,2.0,135,Pulchowk,27.6787,85.3168
2023-07-13T22:00,21.2,97,20.7,867.5,2.1,149,Pulchowk,27.6787,85.3168
2023-07-13T23:00,21.0,95,20.2,867.2,1.9,158,Pulchowk,27.6787,85.3168
2023-07-14T00:00,20.7,96,20.1,866.5,3.1,144,Pulchowk,27.6787,85.3168
2023-07-14T01:00,20.9,95,20.1,866.1,1.5,194,Pulchowk,27.6787,85.3168
2023-07-14T02:00,21.0,96,20.3,865.9,1.1,72,Pulchowk,27.6787,85.3168
2023-07-14T03:00,20.8,96,20.2,865.4,1.8,53,Pulchowk,27.6787,85.3168
2023-07-14T04:00,20.5,98,20.1,865.5,2.1,149,Pulchowk,27.6787,85.3168
2023-07-14T05:00,20.6,98,20.3,865.7,1.8,143,Pulchowk,27.6787,85.3168
2023-07-14T06:00,21.7,96,21.0,866.7,1.1,72,Pulchowk,27.6787,85.3168
2023-07-14T07:00,22.7,88,20.7,867.5,1.1,18,Pulchowk,27.6787,85.3168
2023-07-14T08:00,23.9,80,20.3,868.2,3.3,41,Pulchowk,27.6787,85.3168
2023-07-14T09:00,25.0,75,20.2,868.5,5.6,15,Pulchowk,27.6787,85.3168
2023-07-14T10:00,25.3,72,19.8,868.4,5.0,339,Pulchowk,27.6787,85.3168
2023-07-14T11:00,25.4,74,20.4,867.6,4.7,302,Pulchowk,27.6787,85.3168
2023-07-14T12:00,26.3,76,21.7,867.3,4.8,312,Pulchowk,27.6787,85.3168
2023-07-14T13:00,26.3,76,21.7,866.5,5.4,323,Pulchowk,27.6787,85.3168
2023-07-14T14:00,24.2,81,20.8,865.7,4.3,246,Pulchowk,27.6787,85.3168
2023-07-14T15:00,23.8,84,20.9,864.9,2.3,252,Pulchowk,27.6787,85.3168
2023-07-14T16:00,24.0,82,20.7,864.9,3.3,311,Pulchowk,27.6787,85.3168
2023-07-14T17:00,22.6,88,20.6,865.6,2.8,310,Pulchowk,27.6787,85.3168
2023-07-14T18:00,21.8,94,20.8,865.9,1.9,292,Pulchowk,27.6787,85.3168
2023-07-14T19:00,21.7,96,21.0,866.8,0.8,63,Pulchowk,27.6787,85.3168
2023-07-14T20:00,21.6,96,20.9,867.4,1.8,90,Pulchowk,27.6787,85.3168
2023-07-14T21:00,21.7,96,21.0,867.9,2.1,149,Pulchowk,27.6787,85.3168
2023-07-14T22:00,21.5,96,20.9,867.7,2.9,120,Pulchowk,27.6787,85.3168
2023-07-14T23:00,21.7,96,21.0,867.7,2.1,121,Pulchowk,27.6787,85.3168
2023-07-15T00:00,21.5,97,21.0,867.0,1.8,143,Pulchowk,27.6787,85.3168
2023-07-15T01:00,21.3,97,20.8,866.6,1.8,101,Pulchowk,27.6787,85.3168
2023-07-15T02:00,21.2,97,20.7,866.3,2.5,98,Pulchowk,27.6787,85.3168
2023-07-15T03:00,21.0,97,20.5,865.8,3.9,158,Pulchowk,27.6787,85.3168
2023-07-15T04:00,21.0,95,20.2,865.7,3.1,144,Pulchowk,27.6787,85.3168
2023-07-15T05:00,21.0,97,20.6,866.3,1.8,180,Pulchowk,27.6787,85.3168
2023-07-15T06:00,21.5,95,20.7,866.6,1.5,194,Pulchowk,27.6787,85.3168
2023-07-15T07:00,22.2,94,21.1,867.0,0.5,45,Pulchowk,27.6787,85.3168
2023-07-15T08:00,23.4,85,20.8,867.8,0.5,45,Pulchowk,27.6787,85.3168
2023-07-15T09:00,25.0,79,21.2,868.5,1.6,297,Pulchowk,27.6787,85.3168
2023-07-15T10:00,26.2,75,21.4,868.4,4.7,328,Pulchowk,27.6787,85.3168
2023-07-15T11:00,25.4,72,20.0,867.8,2.9,330,Pulchowk,27.6787,85.3168
2023-07-15T12:00,26.2,70,20.4,867.1,3.6,315,Pulchowk,27.6787,85.3168
2023-07-15T13:00,25.9,73,20.7,866.0,1.6,297,Pulchowk,27.6787,85.3168
2023-07-15T14:00,24.9,81,21.4,865.4,4.4,261,Pulchowk,27.6787,85.3168
2023-07-15T15:00,24.8,84,21.8,865.1,2.9,7,Pulchowk,27.6787,85.3168
2023-07-15T16:00,23.5,86,21.1,864.9,1.8,360,Pulchowk,27.6787,85.3168
2023-07-15T17:00,23.9,86,21.5,865.3,4.5,29,Pulchowk,27.6787,85.3168
2023-07-15T18:00,23.2,92,21.9,865.8,1.8,101,Pulchowk,27.6787,85.3168
2023-07-15T19:00,22.3,94,21.3,866.2,1.6,153,Pulchowk,27.6787,85.3168
2023-07-15T20:00,21.7,94,20.7,867.3,4.0,207,Pulchowk,27.6787,85.3168
2023-07-15T21:00,21.6,95,20.8,867.9,4.4,125,Pulchowk,27.6787,85.3168
2023-07-15T22:00,21.3,96,20.6,867.7,3.1,159,Pulchowk,27.6787,85.3168
2023-07-15T23:00,21.0,96,20.3,867.3,2.6,164,Pulchowk,27.6787,85.3168
2023-07-16T00:00,20.7,97,20.2,866.8,1.8,169,Pulchowk,27.6787,85.3168
2023-07-16T01:00,20.8,97,20.3,866.4,1.9,158,Pulchowk,27.6787,85.3168
2023-07-16T02:00,20.6,97,20.1,865.7,2.2,189,Pulchowk,27.6787,85.3168
2023-07-16T03:00,20.4,98,20.0,865.4,1.8,143,Pulchowk,27.6787,85.3168
2023-07-16T04:00,20.2,98,19.8,865.3,1.8,180,Pulchowk,27.6787,85.3168
2023-07-16T05:00,20.5,98,20.2,865.3,1.1,198,Pulchowk,27.6787,85.3168
2023-07-16T06:00,22.0,95,21.1,866.0,2.3,219,Pulchowk,27.6787,85.3168
2023-07-16T07:00,22.8,89,21.0,866.9,4.8,318,Pulchowk,27.6787,85.3168
2023-07-16T08:00,22.4,92,20.9,867.1,4.7,337,Pulchowk,27.6787,85.3168
2023-07-16T09:00,24.4,86,21.9,867.9,3.5,336,Pulchowk,27.6787,85.3168
2023-07-16T10:00,25.7,80,21.9,867.9,7.4,337,Pulchowk,27.6787,85.3168
2023-07-16T11:00,25.0,81,21.5,867.4,5.5,337,Pulchowk,27.6787,85.3168
2023-07-16T12:00,25.7,80,22.1,867.0,6.0,303,Pulchowk,27.6787,85.3168
2023-07-16T13:00,26.3,77,21.8,866.2,4.7,356,Pulchowk,27.6787,85.3168
2023-07-16T14:00,24.1,84,21.3,864.9,3.6,323,Pulchowk,27.6787,85.3168
2023-07-16T15:00,23.4,89,21.4,864.8,4.6,252,Pulchowk,27.6787,85.3168
2023-07-16T16:00,23.5,86,21.0,864.8,3.1,69,Pulchowk,27.6787,85.3168
2023-07-16T17:00,24.2,83,21.1,865.5,4.2,340,Pulchowk,27.6787,85.3168
2023-07-16T18:00,23.4,89,21.5,865.4,1.5,256,Pulchowk,27.6787,85.3168
2023-07-16T19:00,22.2,95,21.3,865.7,3.0,166,Pulchowk,27.6787,85.3168
2023-07-16T20:00,21.7,96,21.1,866.2,3.0,194,Pulchowk,27.6787,85.3168
2023-07-16T21:00,21.8,97,21.3,867.2,2.2,270,Pulchowk,27.6787,85.3168
2023-07-16T22:00,21.3,96,20.7,867.6,2.3,18,Pulchowk,27.6787,85.3168
2023-07-16T23:00,21.3,96,20.7,867.2,1.8,101,Pulchowk,27.6787,85.3168
2023-07-17T00:00,21.1,98,20.8,866.5,2.1,59,Pulchowk,27.6787,85.3168
2023-07-17T01:00,21.0,98,20.7,865.9,1.4,360,Pulchowk,27.6787,85.3168
2023-07-17T02:00,20.9,98,20.7,865.7,0.8,333,Pulchowk,27.6787,85.3168
2023-07-17T03:00,20.8,98,20.5,865.3,0.8,333,Pulchowk,27.6787,85.3168
2023-07-17T04:00,20.7,98,20.5,865.2,0.4,360,Pulchowk,27.6787,85.3168
2023-07-17T05:00,21.1,96,20.4,865.5,2.5,262,Pulchowk,27.6787,85.3168
2023-07-17T06:00,21.5,95,20.6,865.8,1.8,217,Pulchowk,27.6787,85.3168
2023-07-17T07:00,22.8,88,20.7,866.5,2.0,315,Pulchowk,27.6787,85.3168
2023-07-17T08:00,24.0,82,20.8,867.0,3.9,326,Pulchowk,27.6787,85.3168
2023-07-17T09:00,24.8,79,20.9,867.0,5.2,335,Pulchowk,27.6787,85.3168
2023-07-17T10:00,25.5,78,21.4,866.8,6.0,335,Pulchowk,27.6787,85.3168
2023-07-17T11:00,26.3,74,21.2,866.8,5.1,321,Pulchowk,27.6787,85.3168
2023-07-17T12:00,26.6,76,22.0,866.2,5.4,312,Pulchowk,27.6787,85.3168
2023-07-17T13:00,24.3,81,20.9,865.0,4.1,285,Pulchowk,27.6787,85.3168
2023-07-17T14:00,24.3,80,20.6,864.5,2.9,173,Pulchowk,27.6787,85.3168
2023-07-17T15:00,24.3,80,20.7,864.2,1.3,236,Pulchowk,27.6787,85.3168
2023-07-17T16:00,23.4,86,20.9,864.1,1.3,146,Pulchowk,27.6787,85.3168
2023-07-17T17:00,23.6,86,21.1,864.7,1.1,360,Pulchowk,27.6787,85.3168
2023-07-17T18:00,22.9,93,21.7,865.0,0.7,90,Pulchowk,27.6787,85.3168
2023-07-17T19:00,22.3,95,21.4,865.4,2.3,162,Pulchowk,27.6787,85.3168
2023-07-17T20:00,21.8,97,21.3,865.8,2.2,171,Pulchowk,27.6787,85.3168
2023-07-17T21:00,21.7,98,21.3,866.6,1.4,180,Pulchowk,27.6787,85.3168
2023-07-17T22:00,21.5,99,21.4,867.3,2.3,252,Pulchowk,27.6787,85.3168
2023-07-17T23:00,21.1,100,21.1,866.9,1.4,180,Pulchowk,27.6787,85.3168
2023-07-18T00:00,21.1,99,20.9,866.2,2.2,189,Pulchowk,27.6787,85.3168
2023-07-18T01:00,21.2,97,20.6,865.9,3.3,167,Pulchowk,27.6787,85.3168
2023-07-18T02:00,21.2,96,20.5,865.7,3.6,174,Pulchowk,27.6787,85.3168
2023-07-18T03:00,21.1,95,20.2,865.4,2.9,173,Pulchowk,27.6787,85.3168
2023-07-18T04:00,20.7,95,20.0,865.6,2.9,210,Pulchowk,27.6787,85.3168
2023-07-18T05:00,21.0,94,19.9,865.8,2.2,189,Pulchowk,27.6787,85.3168
2023-07-18T06:00,21.3,93,20.2,866.5,3.8,163,Pulchowk,27.6787,85.3168
2023-07-18T07:00,21.7,91,20.2,867.0,2.8,130,Pulchowk,27.6787,85.3168
2023-07-18T08:00,22.2,89,20.3,867.6,2.1,149,Pulchowk,27.6787,85.3168
2023-07-18T09:00,22.4,90,20.6,867.8,1.8,101,Pulchowk,27.6787,85.3168
2023-07-18T10:00,23.1,88,21.0,867.9,1.1,360,Pulchowk,27.6787,85.3168
2023-07-18T11:00,23.5,86,20.9,867.7,2.2,360,Pulchowk,27.6787,85.3168
2023-07-18T12:00,24.0,81,20.5,867.2,2.2,351,Pulchowk,27.6787,85.3168
2023-07-18T13:00,24.3,80,20.6,866.4,2.9,300,Pulchowk,27.6787,85.3168
2023-07-18T14:00,24.8,80,21.2,865.6,3.3,354,Pulchowk,27.6787,85.3168
2023-07-18T15:00,24.5,84,21.6,864.8,5.1,315,Pulchowk,27.6787,85.3168
2023-07-18T16:00,24.7,81,21.2,864.3,3.8,343,Pulchowk,27.6787,85.3168
2023-07-18T17:00,21.9,95,21.0,864.8,0.8,63,Pulchowk,27.6787,85.3168
2023-07-18T18:00,22.0,93,20.9,864.5,2.6,146,Pulchowk,27.6787,85.3168
2023-07-18T19:00,21.6,96,21.0,864.7,1.5,135,Pulchowk,27.6787,85.3168
2023-07-18T20:00,21.4,98,21.0,865.2,1.9,158,Pulchowk,27.6787,85.3168
2023-07-18T21:00,21.2,98,21.0,865.9,2.6,164,Pulchowk,27.6787,85.3168
2023-07-18T22:00,21.2,98,20.9,866.3,2.2,171,Pulchowk,27.6787,85.3168
2023-07-18T23:00,21.2,98,20.8,866.4,0.4,180,Pulchowk,27.6787,85.3168
2023-07-19T00:00,20.9,98,20.6,865.9,1.9,158,Pulchowk,27.6787,85.3168
2023-07-19T01:00,20.6,99,20.4,865.3,0.4,180,Pulchowk,27.6787,85.3168
2023-07-19T02:00,20.5,98,20.2,864.9,2.3,162,Pulchowk,27.6787,85.3168
2023-07-19T03:00,20.5,98,20.1,864.6,2.9,180,Pulchowk,27.6787,85.3168
2023-07-19T04:00,20.4,97,19.9,864.6,2.9,173,Pulchowk,27.6787,85.3168
2023-07-19T05:00,21.0,96,20.4,865.4,1.6,153,Pulchowk,27.6787,85.3168
2023-07-19T06:00,21.5,95,20.7,866.0,3.9,158,Pulchowk,27.6787,85.3168
2023-07-19T07:00,22.7,88,20.7,866.5,2.0,135,Pulchowk,27.6787,85.3168
2023-07-19T08:00,24.3,81,20.9,867.1,0.8,27,Pulchowk,27.6787,85.3168
2023-07-19T09:00,26.2,74,21.3,867.3,3.1,45,Pulchowk,27.6787,85.3168
2023-07-19T10:00,27.8,66,20.9,867.3,3.9,22,Pulchowk,27.6787,85.3168
2023-07-19T11:00,28.3,67,21.5,867.3,4.4,9,Pulchowk,27.6787,85.3168
2023-07-19T12:00,26.9,69,20.7,866.7,4.3,294,Pulchowk,27.6787,85.3168
2023-07-19T13:00,25.2,79,21.4,866.0,2.3,309,Pulchowk,27.6787,85.3168
2023-07-19T14:00,24.8,82,21.5,865.7,5.1,8,Pulchowk,27.6787,85.3168
2023-07-19T15:00,25.7,78,21.5,865.2,5.7,342,Pulchowk,27.6787,85.3168
2023-07-19T16:00,24.9,78,20.8,864.6,4.1,345,Pulchowk,27.6787,85.3168
2023-07-19T17:00,24.6,80,20.9,865.2,3.7,11,Pulchowk,27.6787,85.3168
2023-07-19T18:00,23.6,86,21.0,864.8,2.3,129,Pulchowk,27.6787,85.3168
2023-07-19T19:00,22.6,90,20.9,864.5,5.9,169,Pulchowk,27.6787,85.3168
2023-07-19T20:00,21.9,93,20.8,864.5,5.2,168,Pulchowk,27.6787,85.3168
2023-07-19T21:00,21.6,94,20.6,864.7,4.4,171,Pulchowk,27.6787,85.3168
2023-07-19T22:00,21.3,93,20.1,864.9,4.4,171,Pulchowk,27.6787,85.3168
2023-07-19T23:00,20.9,93,19.7,864.9,3.6,174,Pulchowk,27.6787,85.3168
2023-07-20T00:00,21.1,92,19.7,865.2,2.2,180,Pulchowk,27.6787,85.3168
2023-07-20T01:00,21.1,93,19.9,864.9,2.2,171,Pulchowk,27.6787,85.3168
2023-07-20T02:00,21.1,92,19.7,864.9,1.1,180,Pulchowk,27.6787,85.3168
2023-07-20T03:00,20.8,91,19.2,864.4,2.5,172,Pulchowk,27.6787,85.3168
2023-07-20T04:00,20.2,93,19.0,864.0,1.5,166,Pulchowk,27.6787,85.3168
2023-07-20T05:00,20.9,89,19.0,864.3,2.2,180,Pulchowk,27.6787,85.3168
2023-07-20T06:00,22.7,87,20.4,865.0,4.3,180,Pulchowk,27.6787,85.3168
2023-07-20T07:00,24.1,76,19.5,866.1,3.4,328,Pulchowk,27.6787,85.3168
2023-07-20T08:00,25.0,76,20.4,866.5,2.1,329,Pulchowk,27.6787,85.3168
2023-07-20T09:00,26.6,68,20.3,867.2,2.5,360,Pulchowk,27.6787,85.3168
2023-07-20T10:00,28.2,61,20.0,867.1,3.8,343,Pulchowk,27.6787,85.3168
2023-07-20T11:00,29.2,60,20.7,866.8,4.9,324,Pulchowk,27.6787,85.3168
2023-07-20T12:00,28.9,58,19.8,866.5,3.6,233,Pulchowk,27.6787,85.3168
2023-07-20T13:00,27.7,66,20.7,865.9,4.1,285,Pulchowk,27.6787,85.3168
2023-07-20T14:00,27.3,69,21.1,865.3,1.9,248,Pulchowk,27.6787,85.3168
2023-07-20T15:00,27.3,69,21.0,864.5,3.2,360,Pulchowk,27.6787,85.3168
2023-07-20T16:00,26.8,71,21.1,864.2,4.7,302,Pulchowk,27.6787,85.3168
2023-07-20T17:00,24.7,79,20.8,865.1,1.5,45,Pulchowk,27.6787,85.3168
2023-07-20T18:00,24.3,89,22.4,864.9,2.4,153,Pulchowk,27.6787,85.3168
2023-07-20T19:00,23.1,89,21.2,865.2,1.8,143,Pulchowk,27.6787,85.3168
2023-07-20T20:00,22.5,92,21.2,866.1,2.5,180,Pulchowk,27.6787,85.3168
2023-07-20T21:00,22.0,95,21.1,866.4,3.3,167,Pulchowk,27.6787,85.3168
2023-07-20T22:00,21.5,96,20.9,866.8,4.3,180,Pulchowk,27.6787,85.3168
2023-07-20T23:00,21.4,95,20.6,866.8,4.7,176,Pulchowk,27.6787,85.3168
2023-07-21T00:00,21.2,96,20.5,866.6,1.9,158,Pulchowk,27.6787,85.3168
2023-07-21T01:00,21.2,95,20.3,866.9,2.1,149,Pulchowk,27.6787,85.3168
2023-07-21T02:00,21.4,95,20.6,866.3,4.0,153,Pulchowk,27.6787,85.3168
2023-07-21T03:00,21.1,95,20.3,865.7,3.6,174,Pulchowk,27.6787,85.3168
2023-07-21T04:00,20.7,96,20.0,865.4,2.9,173,Pulchowk,27.6787,85.3168
2023-07-21T05:00,21.0,98,20.6,866.2,2.2,189,Pulchowk,27.6787,85.3168
2023-07-21T06:00,22.7,95,21.9,867.4,3.3,186,Pulchowk,27.6787,85.3168
2023-07-21T07:00,24.2,80,20.5,868.5,2.6,16,Pulchowk,27.6787,85.3168
2023-07-21T08:00,24.9,79,20.9,868.9,3.3,354,Pulchowk,27.6787,85.3168
2023-07-21T09:00,26.1,73,20.8,869.3,4.0,350,Pulchowk,27.6787,85.3168
2023-07-21T10:00,27.3,67,20.7,869.2,5.4,323,Pulchowk,27.6787,85.3168
2023-07-21T11:00,28.5,62,20.5,869.0,3.0,346,Pulchowk,27.6787,85.3168
2023-07-21T12:00,28.1,65,21.0,868.5,4.1,255,Pulchowk,27.6787,85.3168
2023-07-21T13:00,25.1,77,20.7,868.4,2.9,90,Pulchowk,27.6787,85.3168
2023-07-21T14:00,25.1,75,20.5,867.4,3.8,49,Pulchowk,27.6787,85.3168
2023-07-21T15:00,26.5,72,20.9,867.2,4.1,322,Pulchowk,27.6787,85.3168
2023-07-21T16:00,25.1,77,20.7,867.1,4.7,293,Pulchowk,27.6787,85.3168
2023-07-21T17:00,24.2,82,20.8,867.6,3.5,336,Pulchowk,27.6787,85.3168
2023-07-21T18:00,23.2,89,21.3,868.2,2.3,39,Pulchowk,27.6787,85.3168
2023-07-21T19:00,22.4,94,21.4,869.0,3.4,72,Pulchowk,27.6787,85.3168
2023-07-21T20:00,22.3,93,21.1,869.8,3.2,117,Pulchowk,27.6787,85.3168
2023-07-21T21:00,22.1,93,21.0,870.4,5.2,146,Pulchowk,27.6787,85.3168
2023-07-21T22:00,21.8,93,20.7,870.7,5.0,150,Pulchowk,27.6787,85.3168
2023-07-21T23:00,21.5,93,20.4,870.4,3.0,166,Pulchowk,27.6787,85.3168
2023-07-22T00:00,21.1,95,20.2,869.8,2.2,171,Pulchowk,27.6787,85.3168
2023-07-22T01:00,20.9,95,20.2,869.2,0.4,180,Pulchowk,27.6787,85.3168
2023-07-22T02:00,20.6,94,19.7,868.9,1.1,180,Pulchowk,27.6787,85.3168
2023-07-22T03:00,20.4,95,19.6,868.6,1.8,180,Pulchowk,27.6787,85.3168
2023-07-22T04:00,20.0,95,19.2,868.6,0.7,180,Pulchowk,27.6787,85.3168
2023-07-22T05:00,21.2,96,20.5,870.4,2.3,129,Pulchowk,27.6787,85.3168
2023-07-22T06:00,22.1,91,20.5,870.2,3.1,159,Pulchowk,27.6787,85.3168
2023-07-22T07:00,23.4,82,20.2,871.0,1.1,72,Pulchowk,27.6787,85.3168
2023-07-22T08:00,25.0,75,20.4,871.7,1.1,72,Pulchowk,27.6787,85.3168
2023-07-22T09:00,26.4,70,20.5,872.1,2.5,8,Pulchowk,27.6787,85.3168
2023-07-22T10:00,27.5,68,21.2,872.2,1.9,338,Pulchowk,27.6787,85.3168
2023-07-22T11:00,26.8,67,20.2,871.8,4.8,13,Pulchowk,27.6787,85.3168
2023-07-22T12:00,26.3,71,20.7,871.4,4.7,4,Pulchowk,27.6787,85.3168
2023-07-22T13:00,26.3,75,21.4,870.4,3.9,22,Pulchowk,27.6787,85.3168
2023-07-22T14:00,25.9,74,21.0,869.6,5.0,330,Pulchowk,27.6787,85.3168
2023-07-22T15:00,25.4,76,20.9,869.1,4.2,121,Pulchowk,27.6787,85.3168
2023-07-22T16:00,25.3,75,20.4,869.2,2.1,211,Pulchowk,27.6787,85.3168
2023-07-22T17:00,23.6,81,20.2,869.4,3.6,53,Pulchowk,27.6787,85.3168
2023-07-22T18:00,23.2,90,21.4,869.9,1.1,72,Pulchowk,27.6787,85.3168
2023-07-22T19:00,21.9,91,20.5,870.5,2.5,135,Pulchowk,27.6787,85.3168
2023-07-22T20:00,21.9,92,20.5,871.0,3.9,158,Pulchowk,27.6787,85.3168
2023-07-22T21:00,21.9,92,20.6,871.3,5.4,172,Pulchowk,27.6787,85.3168
2023-07-22T22:00,22.2,91,20.6,871.5,4.9,163,Pulchowk,27.6787,85.3168
2023-07-22T23:00,21.8,92,20.5,871.2,3.3,174,Pulchowk,27.6787,85.3168
2023-07-23T00:00,21.1,95,20.2,870.2,3.6,174,Pulchowk,27.6787,85.3168
2023-07-23T01:00,20.6,96,19.9,869.5,3.3,167,Pulchowk,27.6787,85.3168
2023-07-23T02:00,20.5,95,19.6,869.1,2.2,171,Pulchowk,27.6787,85.3168
2023-07-23T03:00,20.3,95,19.5,869.0,2.5,172,Pulchowk,27.6787,85.3168
2023-07-23T04:00,20.2,95,19.4,869.3,1.5,166,Pulchowk,27.6787,85.3168
2023-07-23T05:00,20.7,95,19.9,870.5,3.6,135,Pulchowk,27.6787,85.3168
2023-07-23T06:00,21.9,91,20.4,870.1,5.6,153,Pulchowk,27.6787,85.3168
2023-07-23T07:00,23.6,84,20.8,871.3,1.8,180,Pulchowk,27.6787,85.3168
2023-07-23T08:00,25.2,76,20.7,871.9,0.5,315,Pulchowk,27.6787,85.3168
2023-07-23T09:00,26.0,76,21.4,872.1,4.4,325,Pulchowk,27.6787,85.3168
2023-07-23T10:00,27.4,71,21.7,871.9,5.0,339,Pulchowk,27.6787,85.3168
2023-07-23T11:00,25.6,78,21.5,870.7,4.4,325,Pulchowk,27.6787,85.3168
2023-07-23T12:00,24.4,81,20.8,870.6,4.4,189,Pulchowk,27.6787,85.3168
2023-07-23T13:00,24.4,82,21.0,869.8,1.1,18,Pulchowk,27.6787,85.3168
2023-07-23T14:00,25.1,80,21.5,869.3,3.6,323,Pulchowk,27.6787,85.3168
2023-07-23T15:00,24.5,81,21.0,868.5,3.1,324,Pulchowk,27.6787,85.3168
2023-07-23T16:00,23.9,83,20.8,868.4,3.1,36,Pulchowk,27.6787,85.3168
2023-07-23T17:00,22.1,91,20.6,868.6,2.2,81,Pulchowk,27.6787,85.3168
2023-07-23T18:00,21.7,93,20.5,868.5,2.3,39,Pulchowk,27.6787,85.3168
2023-07-23T19:00,21.6,94,20.6,868.4,3.6,127,Pulchowk,27.6787,85.3168
2023-07-23T20:00,21.3,95,20.4,868.4,5.2,164,Pulchowk,27.6787,85.3168
2023-07-23T21:00,21.0,94,20.1,868.8,5.6,165,Pulchowk,27.6787,85.3168
2023-07-23T22:00,20.6,95,19.8,868.9,3.3,174,Pulchowk,27.6787,85.3168
2023-07-23T23:00,20.5,95,19.8,869.2,1.8,169,Pulchowk,27.6787,85.3168
2023-07-24T00:00,20.1,97,19.6,868.2,1.9,158,Pulchowk,27.6787,85.3168
2023-07-24T01:00,20.1,96,19.5,867.9,1.8,169,Pulchowk,27.6787,85.3168
2023-07-24T02:00,20.1,96,19.4,867.3,1.3,146,Pulchowk,27.6787,85.3168
2023-07-24T03:00,20.3,95,19.4,867.1,1.1,162,Pulchowk,27.6787,85.3168
2023-07-24T04:00,19.8,97,19.3,867.0,1.3,124,Pulchowk,27.6787,85.3168
2023-07-24T05:00,20.5,96,19.9,867.8,1.1,162,Pulchowk,27.6787,85.3168
2023-07-24T06:00,21.3,94,20.3,868.3,3.4,162,Pulchowk,27.6787,85.3168
2023-07-24T07:00,23.0,86,20.6,869.0,3.5,66,Pulchowk,27.6787,85.3168
2023-07-24T08:00,24.1,80,20.4,869.2,2.7,67,Pulchowk,27.6787,85.3168
2023-07-24T09:00,25.4,73,20.3,869.2,2.1,31,Pulchowk,27.6787,85.3168
2023-07-24T10:00,26.8,68,20.4,869.4,3.0,346,Pulchowk,27.6787,85.3168
2023-07-24T11:00,26.5,73,21.2,868.8,2.2,351,Pulchowk,27.6787,85.3168
2023-07-24T12:00,25.0,77,20.6,868.0,7.2,276,Pulchowk,27.6787,85.3168
2023-07-24T13:00,24.1,80,20.5,867.4,3.3,221,Pulchowk,27.6787,85.3168
2023-07-24T14:00,24.7,78,20.6,866.7,5.4,340,Pulchowk,27.6787,85.3168
2023-07-24T15:00,24.5,81,21.0,866.0,3.0,14,Pulchowk,27.6787,85.3168
2023-07-24T16:00,24.8,80,21.2,866.0,3.4,328,Pulchowk,27.6787,85.3168
2023-07-24T17:00,22.2,90,20.4,866.3,5.1,309,Pulchowk,27.6787,85.3168
2023-07-24T18:00,21.8,93,20.7,866.4,3.3,167,Pulchowk,27.6787,85.3168
2023-07-24T19:00,21.7,95,20.8,866.6,1.8,169,Pulchowk,27.6787,85.3168
2023-07-24T20:00,21.1,95,20.2,866.7,3.3,167,Pulchowk,27.6787,85.3168
2023-07-24T21:00,21.2,95,20.4,867.6,1.8,169,Pulchowk,27.6787,85.3168
2023-07-24T22:00,20.7,97,20.2,868.1,2.4,153,Pulchowk,27.6787,85.3168
2023-07-24T23:00,21.0,97,20.5,868.3,4.0,153,Pulchowk,27.6787,85.3168
2023-07-25T00:00,21.1,96,20.5,868.0,1.4,180,Pulchowk,27.6787,85.3168
2023-07-25T01:00,20.9,96,20.3,867.5,1.8,143,Pulchowk,27.6787,85.3168
2023-07-25T02:00,20.8,98,20.4,867.1,0.4,360,Pulchowk,27.6787,85.3168
2023-07-25T03:00,20.6,99,20.5,866.8,1.3,124,Pulchowk,27.6787,85.3168
2023-07-25T04:00,20.7,98,20.4,867.1,1.1,72,Pulchowk,27.6787,85.3168
2023-07-25T05:00,21.1,98,20.8,867.4,2.9,210,Pulchowk,27.6787,85.3168
2023-07-25T06:00,21.2,95,20.5,868.3,1.1,252,Pulchowk,27.6787,85.3168
2023-07-25T07:00,21.4,93,20.3,868.9,1.1,72,Pulchowk,27.6787,85.3168
2023-07-25T08:00,21.8,92,20.5,869.2,1.1,108,Pulchowk,27.6787,85.3168
2023-07-25T09:00,22.3,92,20.9,869.4,1.4,90,Pulchowk,27.6787,85.3168
2023-07-25T10:00,23.2,90,21.5,869.7,0.8,27,Pulchowk,27.6787,85.3168
2023-07-25T11:00,24.4,84,21.5,869.7,2.0,45,Pulchowk,27.6787,85.3168
2023-07-25T12:00,25.4,77,21.1,869.3,1.9,22,Pulchowk,27.6787,85.3168
2023-07-25T13:00,24.6,80,20.9,868.1,3.8,17,Pulchowk,27.6787,85.3168
2023-07-25T14:00,22.6,90,20.8,867.4,4.4,325,Pulchowk,27.6787,85.3168
2023-07-25T15:00,22.9,89,20.9,866.5,3.7,259,Pulchowk,27.6787,85.3168
2023-07-25T16:00,23.2,87,21.0,866.1,2.9,300,Pulchowk,27.6787,85.3168
2023-07-25T17:00,23.1,83,20.1,866.9,4.3,312,Pulchowk,27.6787,85.3168
2023-07-25T18:00,22.5,91,21.0,866.8,0.8,63,Pulchowk,27.6787,85.3168
2023-07-25T19:00,21.5,95,20.6,866.9,3.0,104,Pulchowk,27.6787,85.3168
2023-07-25T20:00,21.4,96,20.8,867.9,2.8,140,Pulchowk,27.6787,85.3168
2023-07-25T21:00,21.5,96,20.8,868.7,1.5,166,Pulchowk,27.6787,85.3168
2023-07-25T22:00,21.6,96,20.8,868.8,0.5,135,Pulchowk,27.6787,85.3168
2023-07-25T23:00,21.4,96,20.7,868.9,1.1,198,Pulchowk,27.6787,85.3168
2023-07-26T00:00,21.3,97,20.7,868.5,0.8,207,Pulchowk,27.6787,85.3168
2023-07-26T01:00,21.0,99,20.8,868.2,1.1,162,Pulchowk,27.6787,85.3168
2023-07-26T02:00,20.9,99,20.7,867.9,1.1,180,Pulchowk,27.6787,85.3168
2023-07-26T03:00,21.0,98,20.7,867.6,1.6,153,Pulchowk,27.6787,85.3168
2023-07-26T04:00,20.8,98,20.6,867.3,1.1,162,Pulchowk,27.6787,85.3168
2023-07-26T05:00,20.3,95,19.4,868.5,3.3,41,Pulchowk,27.6787,85.3168
2023-07-26T06:00,20.8,95,20.0,868.9,3.4,122,Pulchowk,27.6787,85.3168
2023-07-26T07:00,22.1,88,20.1,869.4,1.8,127,Pulchowk,27.6787,85.3168
2023-07-26T08:00,23.4,80,19.7,870.1,1.9,22,Pulchowk,27.6787,85.3168
2023-07-26T09:00,24.8,73,19.6,870.5,1.8,349,Pulchowk,27.6787,85.3168
2023-07-26T10:00,25.7,68,19.3,870.4,3.8,319,Pulchowk,27.6787,85.3168
2023-07-26T11:00,26.3,69,20.2,870.1,5.9,313,Pulchowk,27.6787,85.3168
2023-07-26T12:00,26.4,73,21.1,869.3,7.1,315,Pulchowk,27.6787,85.3168
2023-07-26T13:00,27.0,68,20.6,868.5,6.8,342,Pulchowk,27.6787,85.3168
2023-07-26T14:00,24.5,73,19.3,867.4,5.4,278,Pulchowk,27.6787,85.3168
2023-07-26T15:00,24.0,80,20.3,867.1,5.4,217,Pulchowk,27.6787,85.3168
2023-07-26T16:00,24.3,79,20.5,866.8,1.8,281,Pulchowk,27.6787,85.3168
2023-07-26T17:00,22.2,89,20.4,867.7,1.1,342,Pulchowk,27.6787,85.3168
2023-07-26T18:00,22.2,89,20.3,867.3,4.3,185,Pulchowk,27.6787,85.3168
2023-07-26T19:00,21.9,93,20.6,867.8,2.9,180,Pulchowk,27.6787,85.3168
2023-07-26T20:00,21.8,93,20.6,868.2,3.0,166,Pulchowk,27.6787,85.3168
2023-07-26T21:00,21.4,96,20.7,868.3,4.0,175,Pulchowk,27.6787,85.3168
2023-07-26T22:00,21.4,96,20.8,868.4,3.4,162,Pulchowk,27.6787,85.3168
2023-07-26T23:00,21.5,96,20.9,868.5,2.5,172,Pulchowk,27.6787,85.3168
2023-07-27T00:00,21.3,97,20.8,868.0,1.5,135,Pulchowk,27.6787,85.3168
2023-07-27T01:00,20.9,98,20.6,867.8,2.4,207,Pulchowk,27.6787,85.3168
2023-07-27T02:00,21.0,97,20.6,867.7,1.1,288,Pulchowk,27.6787,85.3168
2023-07-27T03:00,20.9,96,20.2,867.4,0.7,360,Pulchowk,27.6787,85.3168
2023-07-27T04:00,20.8,98,20.5,867.4,0.4,360,Pulchowk,27.6787,85.3168
2023-07-27T05:00,20.7,98,20.4,867.4,1.5,225,Pulchowk,27.6787,85.3168
2023-07-27T06:00,21.4,95,20.6,867.9,0.7,90,Pulchowk,27.6787,85.3168
2023-07-27T07:00,22.5,87,20.3,868.8,1.0,45,Pulchowk,27.6787,85.3168
2023-07-27T08:00,24.1,79,20.2,868.9,0.4,360,Pulchowk,27.6787,85.3168
2023-07-27T09:00,25.6,72,20.2,869.4,1.8,360,Pulchowk,27.6787,85.3168
2023-07-27T10:00,26.8,68,20.4,869.1,3.6,323,Pulchowk,27.6787,85.3168
2023-07-27T11:00,27.2,70,21.3,868.7,5.5,328,Pulchowk,27.6787,85.3168
2023-07-27T12:00,27.4,69,21.2,867.5,4.1,345,Pulchowk,27.6787,85.3168
2023-07-27T13:00,24.5,80,20.9,866.7,6.5,273,Pulchowk,27.6787,85.3168
2023-07-27T14:00,24.0,82,20.7,866.3,4.0,207,Pulchowk,27.6787,85.3168
2023-07-27T15:00,23.6,85,20.9,865.8,2.3,141,Pulchowk,27.6787,85.3168
2023-07-27T16:00,24.0,82,20.8,865.4,1.3,56,Pulchowk,27.6787,85.3168
2023-07-27T17:00,22.3,91,20.7,865.4,2.4,207,Pulchowk,27.6787,85.3168
2023-07-27T18:00,22.0,92,20.7,865.0,5.0,180,Pulchowk,27.6787,85.3168
2023-07-27T19:00,21.4,95,20.5,865.4,3.3,174,Pulchowk,27.6787,85.3168
2023-07-27T20:00,21.4,95,20.6,866.3,2.2,180,Pulchowk,27.6787,85.3168
2023-07-27T21:00,21.4,96,20.8,866.9,3.3,186,Pulchowk,27.6787,85.3168
2023-07-27T22:00,20.9,98,20.5,866.8,2.2,180,Pulchowk,27.6787,85.3168
2023-07-27T23:00,20.8,97,20.3,866.3,3.3,186,Pulchowk,27.6787,85.3168
2023-07-28T00:00,20.9,98,20.5,866.0,0.4,180,Pulchowk,27.6787,85.3168
2023-07-28T01:00,20.8,98,20.6,865.3,0.4,180,Pulchowk,27.6787,85.3168
2023-07-28T02:00,20.7,98,20.5,864.8,0.8,153,Pulchowk,27.6787,85.3168
2023-07-28T03:00,20.5,99,20.3,864.4,1.1,108,Pulchowk,27.6787,85.3168
2023-07-28T04:00,20.5,99,20.3,864.3,0.4,180,Pulchowk,27.6787,85.3168
2023-07-28T05:00,21.0,99,20.8,864.7,0.8,207,Pulchowk,27.6787,85.3168
2023-07-28T06:00,21.5,97,21.1,865.2,1.9,292,Pulchowk,27.6787,85.3168
2023-07-28T07:00,22.7,89,20.8,866.3,2.6,326,Pulchowk,27.6787,85.3168
2023-07-28T08:00,23.8,82,20.5,866.5,3.7,349,Pulchowk,27.6787,85.3168
2023-07-28T09:00,24.8,78,20.7,866.7,4.9,324,Pulchowk,27.6787,85.3168
2023-07-28T10:00,25.8,73,20.7,866.3,4.6,315,Pulchowk,27.6787,85.3168
2023-07-28T11:00,26.4,73,21.2,866.2,5.5,337,Pulchowk,27.6787,85.3168
2023-07-28T12:00,26.2,77,21.9,865.7,6.9,317,Pulchowk,27.6787,85.3168
2023-07-28T13:00,26.8,74,21.8,864.7,5.6,315,Pulchowk,27.6787,85.3168
2023-07-28T14:00,25.3,77,21.1,863.7,3.3,319,Pulchowk,27.6787,85.3168
2023-07-28T15:00,24.3,82,21.1,863.1,2.9,300,Pulchowk,27.6787,85.3168
2023-07-28T16:00,24.2,83,21.1,862.8,2.3,321,Pulchowk,27.6787,85.3168
2023-07-28T17:00,23.1,89,21.3,863.7,6.8,288,Pulchowk,27.6787,85.3168
2023-07-28T18:00,22.4,90,20.8,864.1,3.8,287,Pulchowk,27.6787,85.3168
2023-07-28T19:00,22.3,92,21.0,864.4,1.8,143,Pulchowk,27.6787,85.3168
2023-07-28T20:00,21.8,95,20.9,865.1,4.0,153,Pulchowk,27.6787,85.3168
2023-07-28T21:00,21.6,94,20.6,865.6,4.1,255,Pulchowk,27.6787,85.3168
2023-07-28T22:00,20.9,97,20.4,865.4,3.1,144,Pulchowk,27.6787,85.3168
2023-07-28T23:00,21.3,95,20.5,865.2,1.5,284,Pulchowk,27.6787,85.3168
2023-07-29T00:00,21.0,97,20.6,864.7,1.1,180,Pulchowk,27.6787,85.3168
2023-07-29T01:00,20.6,99,20.4,863.8,1.4,90,Pulchowk,27.6787,85.3168
2023-07-29T02:00,20.4,99,20.2,863.3,1.5,166,Pulchowk,27.6787,85.3168
2023-07-29T03:00,20.5,96,19.9,862.6,3.6,180,Pulchowk,27.6787,85.3168
2023-07-29T04:00,20.0,97,19.4,862.5,3.3,174,Pulchowk,27.6787,85.3168
2023-07-29T05:00,21.1,95,20.3,863.7,2.5,188,Pulchowk,27.6787,85.3168
2023-07-29T06:00,21.7,99,21.6,864.5,1.8,127,Pulchowk,27.6787,85.3168
2023-07-29T07:00,23.1,88,20.9,864.8,3.8,131,Pulchowk,27.6787,85.3168
2023-07-29T08:00,25.1,78,20.9,866.0,0.5,315,Pulchowk,27.6787,85.3168
2023-07-29T09:00,25.6,78,21.5,866.5,5.4,352,Pulchowk,27.6787,85.3168
2023-07-29T10:00,24.0,80,20.4,866.7,8.0,275,Pulchowk,27.6787,85.3168
2023-07-29T11:00,23.6,85,21.0,866.3,1.9,22,Pulchowk,27.6787,85.3168
2023-07-29T12:00,24.2,79,20.3,865.6,2.6,344,Pulchowk,27.6787,85.3168
2023-07-29T13:00,23.4,84,20.6,864.4,4.3,355,Pulchowk,27.6787,85.3168
2023-07-29T14:00,23.6,84,20.8,863.4,3.4,288,Pulchowk,27.6787,85.3168
2023-07-29T15:00,24.7,80,21.0,863.2,2.7,337,Pulchowk,27.6787,85.3168
2023-07-29T16:00,24.4,80,20.8,863.0,2.2,360,Pulchowk,27.6787,85.3168
2023-07-29T17:00,22.3,91,20.7,863.3,3.1,315,Pulchowk,27.6787,85.3168
2023-07-29T18:00,22.0,93,20.8,863.8,0.8,207,Pulchowk,27.6787,85.3168
2023-07-29T19:00,21.6,96,20.9,864.4,1.8,143,Pulchowk,27.6787,85.3168
2023-07-29T20:00,21.7,96,21.0,865.0,1.8,127,Pulchowk,27.6787,85.3168
2023-07-29T21:00,22.0,96,21.2,865.4,3.3,167,Pulchowk,27.6787,85.3168
2023-07-29T22:00,21.3,97,20.7,865.2,2.2,171,Pulchowk,27.6787,85.3168
2023-07-29T23:00,21.0,98,20.6,864.9,2.6,196,Pulchowk,27.6787,85.3168
2023-07-30T00:00,20.5,98,20.2,864.0,1.8,180,Pulchowk,27.6787,85.3168
2023-07-30T01:00,20.2,98,19.9,862.8,3.2,180,Pulchowk,27.6787,85.3168
2023-07-30T02:00,20.0,97,19.5,862.4,3.3,174,Pulchowk,27.6787,85.3168
2023-07-30T03:00,20.0,96,19.4,862.7,2.9,180,Pulchowk,27.6787,85.3168
2023-07-30T04:00,20.0,96,19.4,862.7,2.5,172,Pulchowk,27.6787,85.3168
2023-07-30T05:00,20.9,94,20.0,863.2,2.5,172,Pulchowk,27.6787,85.3168
2023-07-30T06:00,21.8,93,20.5,864.1,2.9,173,Pulchowk,27.6787,85.3168
2023-07-30T07:00,23.0,86,20.6,864.8,1.8,323,Pulchowk,27.6787,85.3168
2023-07-30T08:00,24.4,80,20.6,865.7,1.8,349,Pulchowk,27.6787,85.3168
2023-07-30T09:00,25.5,79,21.5,866.0,4.0,350,Pulchowk,27.6787,85.3168
2023-07-30T10:00,26.8,73,21.6,865.6,5.4,312,Pulchowk,27.6787,85.3168
2023-07-30T11:00,23.7,81,20.3,865.2,3.4,238,Pulchowk,27.6787,85.3168
2023-07-30T12:00,23.9,80,20.3,864.3,1.5,166,Pulchowk,27.6787,85.3168
2023-07-30T13:00,25.2,77,20.9,863.8,3.2,360,Pulchowk,27.6787,85.3168
2023-07-30T14:00,25.5,78,21.3,863.1,4.3,312,Pulchowk,27.6787,85.3168
2023-07-30T15:00,24.5,82,21.2,862.0,4.8,318,Pulchowk,27.6787,85.3168
2023-07-30T16:00,24.6,82,21.3,861.6,3.1,306,Pulchowk,27.6787,85.3168
2023-07-30T17:00,23.1,87,20.8,862.5,4.1,285,Pulchowk,27.6787,85.3168
2023-07-30T18:00,22.7,90,21.0,862.5,1.1,180,Pulchowk,27.6787,85.3168
2023-07-30T19:00,21.7,95,20.9,862.3,2.3,141,Pulchowk,27.6787,85.3168
2023-07-30T20:00,21.5,96,20.8,863.3,2.2,180,Pulchowk,27.6787,85.3168
2023-07-30T21:00,21.6,96,20.9,864.3,2.8,220,Pulchowk,27.6787,85.3168
2023-07-30T22:00,21.5,96,20.8,864.8,1.5,166,Pulchowk,27.6787,85.3168
2023-07-30T23:00,21.1,97,20.6,864.4,1.9,202,Pulchowk,27.6787,85.3168
2023-07-31T00:00,21.1,98,20.8,864.0,0.8,243,Pulchowk,27.6787,85.3168
2023-07-31T01:00,20.4,99,20.2,863.1,1.4,180,Pulchowk,27.6787,85.3168
2023-07-31T02:00,20.3,98,20.1,862.3,2.5,172,Pulchowk,27.6787,85.3168
2023-07-31T03:00,20.3,97,19.8,861.9,3.6,174,Pulchowk,27.6787,85.3168
2023-07-31T04:00,20.0,97,19.6,862.1,3.7,169,Pulchowk,27.6787,85.3168
2023-07-31T05:00,20.3,95,19.6,862.5,4.0,175,Pulchowk,27.6787,85.3168
2023-07-31T06:00,21.5,96,20.9,863.4,4.3,180,Pulchowk,27.6787,85.3168
2023-07-31T07:00,23.6,87,21.4,864.1,1.6,207,Pulchowk,27.6787,85.3168
2023-07-31T08:00,25.4,77,21.1,864.7,1.1,342,Pulchowk,27.6787,85.3168
2023-07-31T09:00,26.8,71,21.0,865.1,1.8,360,Pulchowk,27.6787,85.3168
2023-07-31T10:00,27.2,70,21.2,865.0,3.5,294,Pulchowk,27.6787,85.3168
2023-07-31T11:00,27.9,70,21.9,865.0,3.1,315,Pulchowk,27.6787,85.3168
2023-07-31T12:00,28.7,67,21.8,864.0,4.0,280,Pulchowk,27.6787,85.3168
2023-07-31T13:00,23.8,89,21.9,863.2,6.4,232,Pulchowk,27.6787,85.3168
2023-07-31T14:00,24.6,83,21.4,862.8,1.5,14,Pulchowk,27.6787,85.3168
2023-07-31T15:00,25.3,74,20.3,862.1,5.0,21,Pulchowk,27.6787,85.3168
2023-07-31T16:00,24.8,81,21.4,862.0,5.0,360,Pulchowk,27.6787,85.3168
2023-07-31T17:00,23.7,87,21.5,861.9,4.1,285,Pulchowk,27.6787,85.3168
2023-07-31T18:00,23.3,91,21.7,861.8,1.3,304,Pulchowk,27.6787,85.3168
2023-07-31T19:00,22.1,95,21.3,862.2,1.6,117,Pulchowk,27.6787,85.3168
2023-07-31T20:00,22.2,95,21.4,863.2,2.6,164,Pulchowk,27.6787,85.3168
2023-07-31T21:00,22.0,96,21.3,863.5,3.6,174,Pulchowk,27.6787,85.3168
2023-07-31T22:00,21.7,96,21.0,863.3,3.3,174,Pulchowk,27.6787,85.3168
2023-07-31T23:00,21.5,95,20.7,862.7,4.4,171,Pulchowk,27.6787,85.3168
2023-08-01T00:00,21.2,96,20.6,862.0,4.4,171,Pulchowk,27.6787,85.3168
2023-08-01T01:00,20.8,97,20.3,860.9,4.0,180,Pulchowk,27.6787,85.3168
2023-08-01T02:00,20.5,98,20.1,860.8,4.3,175,Pulchowk,27.6787,85.3168
2023-08-01T03:00,20.4,98,20.0,861.4,4.4,171,Pulchowk,27.6787,85.3168
2023-08-01T04:00,20.4,97,19.9,861.7,3.4,162,Pulchowk,27.6787,85.3168
2023-08-01T05:00,20.3,98,20.0,861.5,5.5,169,Pulchowk,27.6787,85.3168
2023-08-01T06:00,22.0,94,21.0,862.3,6.5,161,Pulchowk,27.6787,85.3168
2023-08-01T07:00,24.4,84,21.6,863.6,1.9,112,Pulchowk,27.6787,85.3168
2023-08-01T08:00,25.8,78,21.7,864.0,1.3,56,Pulchowk,27.6787,85.3168
2023-08-01T09:00,27.1,73,22.0,864.5,2.9,30,Pulchowk,27.6787,85.3168
2023-08-01T10:00,28.8,67,22.1,864.3,1.8,79,Pulchowk,27.6787,85.3168
2023-08-01T11:00,28.9,66,22.0,864.2,1.6,243,Pulchowk,27.6787,85.3168
2023-08-01T12:00,27.0,73,21.6,863.6,6.9,264,Pulchowk,27.6787,85.3168
2023-08-01T13:00,27.5,70,21.7,862.4,3.1,54,Pulchowk,27.6787,85.3168
2023-08-01T14:00,27.2,69,21.0,862.4,5.1,315,Pulchowk,27.6787,85.3168
2023-08-01T15:00,25.8,78,21.6,861.4,5.8,356,Pulchowk,27.6787,85.3168
2023-08-01T16:00,24.9,82,21.6,861.4,4.0,355,Pulchowk,27.6787,85.3168
2023-08-01T17:00,24.7,84,21.7,862.0,3.1,315,Pulchowk,27.6787,85.3168
2023-08-01T18:00,23.7,91,22.2,862.4,1.8,37,Pulchowk,27.6787,85.3168
2023-08-01T19:00,23.0,95,22.1,862.7,2.8,140,Pulchowk,27.6787,85.3168
2023-08-01T20:00,22.9,93,21.8,863.0,5.1,172,Pulchowk,27.6787,85.3168
2023-08-01T21:00,22.8,92,21.4,863.3,3.3,174,Pulchowk,27.6787,85.3168
2023-08-01T22:00,22.5,94,21.4,863.2,1.1,162,Pulchowk,27.6787,85.3168
2023-08-01T23:00,22.1,94,21.0,863.5,3.6,180,Pulchowk,27.6787,85.3168
2023-08-02T00:00,21.7,96,21.0,863.0,1.8,180,Pulchowk,27.6787,85.3168
2023-08-02T01:00,22.0,93,20.7,862.7,2.6,164,Pulchowk,27.6787,85.3168
2023-08-02T02:00,21.7,95,20.8,861.5,3.0,166,Pulchowk,27.6787,85.3168
2023-08-02T03:00,21.6,95,20.7,860.9,5.1,176,Pulchowk,27.6787,85.3168
2023-08-02T04:00,21.1,95,20.2,861.1,0.7,180,Pulchowk,27.6787,85.3168
2023-08-02T05:00,21.9,96,21.1,862.3,1.3,236,Pulchowk,27.6787,85.3168
2023-08-02T06:00,22.6,88,20.5,862.5,5.0,180,Pulchowk,27.6787,85.3168
2023-08-02T07:00,23.9,84,20.9,864.2,1.8,349,Pulchowk,27.6787,85.3168
2023-08-02T08:00,24.6,80,20.9,865.1,4.6,342,Pulchowk,27.6787,85.3168
2023-08-02T09:00,25.3,78,21.2,865.2,5.8,330,Pulchowk,27.6787,85.3168
2023-08-02T10:00,26.0,76,21.5,865.3,6.2,324,Pulchowk,27.6787,85.3168
2023-08-02T11:00,26.9,69,20.7,864.8,6.9,317,Pulchowk,27.6787,85.3168
2023-08-02T12:00,27.6,64,20.3,863.9,8.6,338,Pulchowk,27.6787,85.3168
2023-08-02T13:00,27.9,62,20.0,862.6,8.1,315,Pulchowk,27.6787,85.3168
2023-08-02T14:00,28.3,60,19.8,861.8,8.2,322,Pulchowk,27.6787,85.3168
2023-08-02T15:00,27.7,64,20.2,861.4,6.1,320,Pulchowk,27.6787,85.3168
2023-08-02T16:00,27.3,67,20.5,861.3,4.6,315,Pulchowk,27.6787,85.3168
2023-08-02T17:00,25.8,73,20.5,861.9,5.4,307,Pulchowk,27.6787,85.3168
2023-08-02T18:00,25.0,81,21.6,862.4,1.3,236,Pulchowk,27.6787,85.3168
2023-08-02T19:00,24.2,85,21.4,863.1,1.1,198,Pulchowk,27.6787,85.3168
2023-08-02T20:00,23.8,85,21.1,863.5,5.1,176,Pulchowk,27.6787,85.3168
2023-08-02T21:00,23.2,88,21.2,863.4,4.0,170,Pulchowk,27.6787,85.3168
2023-08-02T22:00,22.4,92,21.1,863.5,2.4,207,Pulchowk,27.6787,85.3168
2023-08-02T23:00,22.2,94,21.2,863.9,2.9,180,Pulchowk,27.6787,85.3168
2023-08-03T00:00,21.9,94,21.0,862.9,2.2,171,Pulchowk,27.6787,85.3168
2023-08-03T01:00,21.4,96,20.8,862.2,1.5,194,Pulchowk,27.6787,85.3168
2023-08-03T02:00,21.1,95,20.4,862.2,0.7,180,Pulchowk,27.6787,85.3168
2023-08-03T03:00,21.2,95,20.4,862.1,1.1,162,Pulchowk,27.6787,85.3168
2023-08-03T04:00,21.1,96,20.4,861.8,1.5,166,Pulchowk,27.6787,85.3168
2023-08-03T05:00,21.8,96,21.1,862.3,1.3,214,Pulchowk,27.6787,85.3168
2023-08-03T06:00,22.7,93,21.5,863.0,2.6,164,Pulchowk,27.6787,85.3168
2023-08-03T07:00,24.0,86,21.6,864.1,0.4,270,Pulchowk,27.6787,85.3168
2023-08-03T08:00,25.2,76,20.7,865.0,3.4,342,Pulchowk,27.6787,85.3168
2023-08-03T09:00,24.6,81,21.0,864.8,2.4,333,Pulchowk,27.6787,85.3168
2023-08-03T10:00,25.1,82,21.7,864.6,4.9,343,Pulchowk,27.6787,85.3168
2023-08-03T11:00,26.1,78,22.0,863.9,5.0,330,Pulchowk,27.6787,85.3168
2023-08-03T12:00,27.0,76,22.4,863.7,6.4,297,Pulchowk,27.6787,85.3168
2023-08-03T13:00,25.9,78,21.7,863.1,2.3,72,Pulchowk,27.6787,85.3168
2023-08-03T14:00,25.4,78,21.4,862.3,0.8,333,Pulchowk,27.6787,85.3168
2023-08-03T15:00,26.2,78,22.0,862.0,2.7,293,Pulchowk,27.6787,85.3168
2023-08-03T16:00,24.4,83,21.3,862.2,2.8,40,Pulchowk,27.6787,85.3168
2023-08-03T17:00,23.8,87,21.5,862.9,4.4,35,Pulchowk,27.6787,85.3168
2023-08-03T18:00,23.4,90,21.7,863.3,1.3,34,Pulchowk,27.6787,85.3168
2023-08-03T19:00,22.6,97,22.0,864.1,2.1,121,Pulchowk,27.6787,85.3168
2023-08-03T20:00,22.3,96,21.6,864.7,3.3,139,Pulchowk,27.6787,85.3168
2023-08-03T21:00,22.1,97,21.6,865.4,3.8,131,Pulchowk,27.6787,85.3168
2023-08-03T22:00,21.9,97,21.4,865.5,4.1,142,Pulchowk,27.6787,85.3168
2023-08-03T23:00,21.6,98,21.2,865.4,2.3,162,Pulchowk,27.6787,85.3168
2023-08-04T00:00,21.2,98,21.0,864.9,1.8,169,Pulchowk,27.6787,85.3168
2023-08-04T01:00,21.2,98,20.8,864.4,1.8,169,Pulchowk,27.6787,85.3168
2023-08-04T02:00,20.9,98,20.6,863.7,1.8,180,Pulchowk,27.6787,85.3168
2023-08-04T03:00,20.6,99,20.4,863.4,1.4,180,Pulchowk,27.6787,85.3168
2023-08-04T04:00,20.8,98,20.6,863.7,1.4,180,Pulchowk,27.6787,85.3168
2023-08-04T05:00,21.4,98,21.0,864.0,3.3,139,Pulchowk,27.6787,85.3168
2023-08-04T06:00,22.1,96,21.4,864.7,3.6,135,Pulchowk,27.6787,85.3168
2023-08-04T07:00,23.8,88,21.7,865.9,0.7,90,Pulchowk,27.6787,85.3168
2023-08-04T08:00,24.4,86,21.9,866.6,2.5,45,Pulchowk,27.6787,85.3168
2023-08-04T09:00,25.2,83,22.2,867.0,1.5,14,Pulchowk,27.6787,85.3168
2023-08-04T10:00,24.9,84,22.1,867.0,4.6,252,Pulchowk,27.6787,85.3168
2023-08-04T11:00,24.0,85,21.3,866.5,1.6,333,Pulchowk,27.6787,85.3168
2023-08-04T12:00,24.7,82,21.5,866.4,0.8,63,Pulchowk,27.6787,85.3168
2023-08-04T13:00,26.1,81,22.5,866.0,1.9,338,Pulchowk,27.6787,85.3168
2023-08-04T14:00,25.0,80,21.2,865.3,1.6,27,Pulchowk,27.6787,85.3168
2023-08-04T15:00,24.9,81,21.4,864.7,0.7,90,Pulchowk,27.6787,85.3168
2023-08-04T16:00,24.9,82,21.6,864.4,1.5,45,Pulchowk,27.6787,85.3168
2023-08-04T17:00,23.6,87,21.4,865.3,1.1,342,Pulchowk,27.6787,85.3168
2023-08-04T18:00,22.7,94,21.7,865.4,2.3,321,Pulchowk,27.6787,85.3168
2023-08-04T19:00,21.6,94,20.7,866.1,2.9,173,Pulchowk,27.6787,85.3168
2023-08-04T20:00,22.0,94,21.0,866.8,3.8,163,Pulchowk,27.6787,85.3168
2023-08-04T21:00,21.8,95,21.0,867.1,2.2,180,Pulchowk,27.6787,85.3168
2023-08-04T22:00,22.0,95,21.2,867.3,2.1,149,Pulchowk,27.6787,85.3168
2023-08-04T23:00,21.6,95,20.8,866.9,2.2,180,Pulchowk,27.6787,85.3168
2023-08-05T00:00,21.4,96,20.7,866.3,2.2,171,Pulchowk,27.6787,85.3168
2023-08-05T01:00,21.2,96,20.6,865.8,1.8,180,Pulchowk,27.6787,85.3168
2023-08-05T02:00,20.9,97,20.4,865.1,2.6,196,Pulchowk,27.6787,85.3168
2023-08-05T03:00,20.9,97,20.4,865.0,1.3,214,Pulchowk,27.6787,85.3168
2023-08-05T04:00,21.0,96,20.3,865.1,1.1,198,Pulchowk,27.6787,85.3168
2023-08-05T05:00,21.2,95,20.4,865.7,1.1,180,Pulchowk,27.6787,85.3168
2023-08-05T06:00,22.2,92,20.8,866.6,0.8,297,Pulchowk,27.6787,85.3168
2023-08-05T07:00,23.1,88,21.0,867.3,1.8,37,Pulchowk,27.6787,85.3168
2023-08-05T08:00,24.4,85,21.8,867.8,2.1,31,Pulchowk,27.6787,85.3168
2023-08-05T09:00,25.6,79,21.7,867.9,3.6,360,Pulchowk,27.6787,85.3168
2023-08-05T10:00,24.2,81,20.7,867.6,0.4,360,Pulchowk,27.6787,85.3168
2023-08-05T11:00,24.5,80,20.8,867.4,4.9,287,Pulchowk,27.6787,85.3168
2023-08-05T12:00,24.8,79,20.9,867.0,5.4,312,Pulchowk,27.6787,85.3168
2023-08-05T13:00,23.6,87,21.3,865.8,3.6,315,Pulchowk,27.6787,85.3168
2023-08-05T14:00,24.2,88,22.1,865.1,2.7,23,Pulchowk,27.6787,85.3168
2023-08-05T15:00,25.2,87,23.0,864.4,4.5,346,Pulchowk,27.6787,85.3168
2023-08-05T16:00,24.6,82,21.3,864.5,5.6,315,Pulchowk,27.6787,85.3168
2023-08-05T17:00,22.8,91,21.3,865.4,1.8,323,Pulchowk,27.6787,85.3168
2023-08-05T18:00,22.5,95,21.6,865.7,1.3,34,Pulchowk,27.6787,85.3168
2023-08-05T19:00,22.1,93,21.0,866.3,2.5,8,Pulchowk,27.6787,85.3168
2023-08-05T20:00,21.7,97,21.2,866.7,1.1,342,Pulchowk,27.6787,85.3168
2023-08-05T21:00,21.8,97,21.3,866.9,1.5,76,Pulchowk,27.6787,85.3168
2023-08-05T22:00,21.7,98,21.3,866.6,1.1,108,Pulchowk,27.6787,85.3168
2023-08-05T23:00,21.6,97,21.2,866.1,1.5,315,Pulchowk,27.6787,85.3168
2023-08-06T00:00,21.5,98,21.1,865.6,2.3,309,Pulchowk,27.6787,85.3168
2023-08-06T01:00,21.2,99,21.1,864.6,2.1,329,Pulchowk,27.6787,85.3168
2023-08-06T02:00,20.9,100,20.8,864.0,1.4,360,Pulchowk,27.6787,85.3168
2023-08-06T03:00,20.8,99,20.6,863.5,0.4,360,Pulchowk,27.6787,85.3168
2023-08-06T04:00,20.6,99,20.5,863.4,1.3,214,Pulchowk,27.6787,85.3168
2023-08-06T05:00,21.0,99,20.8,863.4,1.0,135,Pulchowk,27.6787,85.3168
2023-08-06T06:00,21.3,98,21.0,863.8,0.4,90,Pulchowk,27.6787,85.3168
2023-08-06T07:00,21.8,96,21.1,864.5,2.2,351,Pulchowk,27.6787,85.3168
2023-08-06T08:00,22.7,90,21.0,865.0,3.3,319,Pulchowk,27.6787,85.3168
2023-08-06T09:00,23.3,87,21.1,865.6,4.3,312,Pulchowk,27.6787,85.3168
2023-08-06T10:00,24.0,84,21.2,865.2,4.5,346,Pulchowk,27.6787,85.3168
2023-08-06T11:00,24.3,83,21.2,864.7,2.9,7,Pulchowk,27.6787,85.3168
2023-08-06T12:00,24.4,80,20.8,863.9,4.8,297,Pulchowk,27.6787,85.3168
2023-08-06T13:00,24.1,81,20.6,862.9,4.3,318,Pulchowk,27.6787,85.3168
2023-08-06T14:00,23.1,90,21.4,861.6,3.4,18,Pulchowk,27.6787,85.3168
2023-08-06T15:00,23.9,85,21.3,861.5,3.8,343,Pulchowk,27.6787,85.3168
2023-08-06T16:00,23.5,87,21.2,860.8,1.1,18,Pulchowk,27.6787,85.3168
2023-08-06T17:00,23.4,88,21.3,862.2,4.5,14,Pulchowk,27.6787,85.3168
2023-08-06T18:00,22.6,90,20.9,862.6,1.3,56,Pulchowk,27.6787,85.3168
2023-08-06T19:00,22.2,91,20.7,862.9,1.3,304,Pulchowk,27.6787,85.3168
2023-08-06T20:00,21.8,94,20.8,863.3,1.1,360,Pulchowk,27.6787,85.3168
2023-08-06T21:00,21.6,96,20.9,863.6,0.4,90,Pulchowk,27.6787,85.3168
2023-08-06T22:00,21.5,97,20.9,863.4,1.6,153,Pulchowk,27.6787,85.3168
2023-08-06T23:00,21.3,98,20.9,862.7,1.5,135,Pulchowk,27.6787,85.3168
2023-08-07T00:00,21.1,97,20.7,861.7,1.5,166,Pulchowk,27.6787,85.3168
2023-08-07T01:00,21.0,97,20.5,861.0,3.0,166,Pulchowk,27.6787,85.3168
2023-08-07T02:00,20.8,97,20.4,860.3,2.6,164,Pulchowk,27.6787,85.3168
2023-08-07T03:00,21.1,97,20.6,860.1,2.2,189,Pulchowk,27.6787,85.3168
2023-08-07T04:00,21.2,96,20.6,860.1,3.2,180,Pulchowk,27.6787,85.3168
2023-08-07T05:00,21.6,95,20.8,860.4,1.9,202,Pulchowk,27.6787,85.3168
2023-08-07T06:00,22.4,91,20.9,861.2,3.1,135,Pulchowk,27.6787,85.3168
2023-08-07T07:00,22.9,91,21.3,861.8,1.3,124,Pulchowk,27.6787,85.3168
2023-08-07T08:00,22.7,90,21.0,862.1,1.1,252,Pulchowk,27.6787,85.3168
2023-08-07T09:00,21.9,93,20.8,862.2,4.7,266,Pulchowk,27.6787,85.3168
2023-08-07T10:00,22.1,94,21.2,862.1,1.9,292,Pulchowk,27.6787,85.3168
2023-08-07T11:00,22.7,92,21.3,861.8,1.0,45,Pulchowk,27.6787,85.3168
2023-08-07T12:00,23.1,89,21.1,861.3,2.1,329,Pulchowk,27.6787,85.3168
2023-08-07T13:00,23.1,90,21.5,860.4,3.6,6,Pulchowk,27.6787,85.3168
2023-08-07T14:00,24.0,89,22.1,860.1,3.6,354,Pulchowk,27.6787,85.3168
2023-08-07T15:00,23.9,86,21.4,859.7,3.3,41,Pulchowk,27.6787,85.3168
2023-08-07T16:00,24.1,85,21.4,859.9,3.7,11,Pulchowk,27.6787,85.3168
2023-08-07T17:00,22.2,92,20.9,860.0,2.0,45,Pulchowk,27.6787,85.3168
2023-08-07T18:00,22.3,93,21.2,860.7,1.8,79,Pulchowk,27.6787,85.3168
2023-08-07T19:00,22.1,95,21.3,861.1,2.0,135,Pulchowk,27.6787,85.3168
2023-08-07T20:00,21.9,96,21.3,861.5,2.0,135,Pulchowk,27.6787,85.3168
2023-08-07T21:00,21.8,97,21.3,862.0,2.2,189,Pulchowk,27.6787,85.3168
2023-08-07T22:00,21.8,96,21.2,862.1,1.6,153,Pulchowk,27.6787,85.3168
2023-08-07T23:00,21.7,96,21.1,861.8,3.2,153,Pulchowk,27.6787,85.3168
2023-08-08T00:00,21.6,96,20.9,860.9,2.8,130,Pulchowk,27.6787,85.3168
2023-08-08T01:00,21.1,97,20.6,860.5,2.5,172,Pulchowk,27.6787,85.3168
2023-08-08T02:00,21.3,97,20.7,860.1,1.6,153,Pulchowk,27.6787,85.3168
2023-08-08T03:00,21.2,97,20.7,860.2,1.3,124,Pulchowk,27.6787,85.3168
2023-08-08T04:00,21.1,97,20.6,860.5,1.6,117,Pulchowk,27.6787,85.3168
2023-08-08T05:00,21.7,95,20.9,860.7,4.0,175,Pulchowk,27.6787,85.3168
2023-08-08T06:00,22.0,95,21.1,861.7,2.2,90,Pulchowk,27.6787,85.3168
2023-08-08T07:00,22.1,94,21.1,862.3,2.4,117,Pulchowk,27.6787,85.3168
2023-08-08T08:00,22.2,92,20.9,862.8,1.4,90,Pulchowk,27.6787,85.3168
2023-08-08T09:00,22.5,91,21.0,863.5,0.8,207,Pulchowk,27.6787,85.3168
2023-08-08T10:00,22.9,89,21.1,863.7,1.5,76,Pulchowk,27.6787,85.3168
2023-08-08T11:00,23.0,90,21.2,863.5,0.0,270,Pulchowk,27.6787,85.3168
2023-08-08T12:00,23.5,88,21.3,863.4,0.4,90,Pulchowk,27.6787,85.3168
2023-08-08T13:00,24.5,83,21.5,863.2,2.2,81,Pulchowk,27.6787,85.3168
2023-08-08T14:00,24.2,84,21.4,863.0,2.6,56,Pulchowk,27.6787,85.3168
2023-08-08T15:00,24.1,83,20.9,862.7,2.5,45,Pulchowk,27.6787,85.3168
2023-08-08T16:00,24.3,82,20.9,862.9,1.1,360,Pulchowk,27.6787,85.3168
2023-08-08T17:00,22.6,90,20.9,863.4,2.8,310,Pulchowk,27.6787,85.3168
2023-08-08T18:00,22.3,95,21.4,863.8,1.3,56,Pulchowk,27.6787,85.3168
2023-08-08T19:00,21.7,98,21.3,864.0,1.8,37,Pulchowk,27.6787,85.3168
2023-08-08T20:00,21.0,99,20.8,864.1,1.5,166,Pulchowk,27.6787,85.3168
2023-08-08T21:00,20.8,98,20.5,864.5,1.1,198,Pulchowk,27.6787,85.3168
2023-08-08T22:00,20.6,98,20.4,864.6,1.8,217,Pulchowk,27.6787,85.3168
2023-08-08T23:00,20.9,98,20.5,864.3,1.1,198,Pulchowk,27.6787,85.3168
2023-08-09T00:00,20.9,98,20.5,863.8,1.5,166,Pulchowk,27.6787,85.3168
2023-08-09T01:00,20.8,98,20.5,863.2,1.8,180,Pulchowk,27.6787,85.3168
2023-08-09T02:00,21.0,96,20.3,862.7,3.9,158,Pulchowk,27.6787,85.3168
2023-08-09T03:00,21.0,95,20.2,863.0,2.9,173,Pulchowk,27.6787,85.3168
2023-08-09T04:00,21.0,95,20.2,863.4,2.5,180,Pulchowk,27.6787,85.3168
2023-08-09T05:00,21.2,97,20.7,864.5,2.9,180,Pulchowk,27.6787,85.3168
2023-08-09T06:00,22.0,94,21.0,865.3,1.8,143,Pulchowk,27.6787,85.3168
2023-08-09T07:00,23.2,88,21.2,866.4,2.1,31,Pulchowk,27.6787,85.3168
2023-08-09T08:00,24.4,83,21.3,866.9,1.8,349,Pulchowk,27.6787,85.3168
2023-08-09T09:00,25.1,81,21.6,867.1,2.6,344,Pulchowk,27.6787,85.3168
2023-08-09T10:00,27.3,69,21.1,867.3,4.1,345,Pulchowk,27.6787,85.3168
2023-08-09T11:00,28.1,66,21.0,867.0,4.7,337,Pulchowk,27.6787,85.3168
2023-08-09T12:00,28.6,64,21.0,867.0,3.3,264,Pulchowk,27.6787,85.3168
2023-08-09T13:00,26.8,73,21.5,866.4,2.4,117,Pulchowk,27.6787,85.3168
2023-08-09T14:00,25.1,78,20.9,865.5,1.5,225,Pulchowk,27.6787,85.3168
2023-08-09T15:00,24.3,85,21.7,865.2,1.8,217,Pulchowk,27.6787,85.3168
2023-08-09T16:00,24.2,85,21.6,865.1,3.4,18,Pulchowk,27.6787,85.3168
2023-08-09T17:00,22.9,91,21.4,866.0,2.5,352,Pulchowk,27.6787,85.3168
2023-08-09T18:00,22.6,94,21.6,866.2,0.7,360,Pulchowk,27.6787,85.3168
2023-08-09T19:00,21.9,98,21.6,866.6,1.9,22,Pulchowk,27.6787,85.3168
2023-08-09T20:00,22.1,96,21.5,867.2,0.5,45,Pulchowk,27.6787,85.3168
2023-08-09T21:00,22.0,97,21.5,867.5,1.5,104,Pulchowk,27.6787,85.3168
2023-08-09T22:00,21.9,97,21.4,867.4,1.3,124,Pulchowk,27.6787,85.3168
2023-08-09T23:00,21.4,98,21.1,867.1,2.7,203,Pulchowk,27.6787,85.3168
2023-08-10T00:00,21.6,98,21.2,866.9,1.5,315,Pulchowk,27.6787,85.3168
2023-08-10T01:00,20.9,100,20.9,866.2,2.8,40,Pulchowk,27.6787,85.3168
2023-08-10T02:00,20.9,99,20.8,865.8,1.8,37,Pulchowk,27.6787,85.3168
2023-08-10T03:00,21.2,98,20.9,865.6,1.3,124,Pulchowk,27.6787,85.3168
2023-08-10T04:00,21.4,97,20.8,865.9,2.2,171,Pulchowk,27.6787,85.3168
2023-08-10T05:00,20.5,97,20.0,865.9,2.4,153,Pulchowk,27.6787,85.3168
2023-08-10T06:00,21.7,94,20.8,866.9,3.4,162,Pulchowk,27.6787,85.3168
2023-08-10T07:00,23.4,89,21.4,868.2,3.3,103,Pulchowk,27.6787,85.3168
2023-08-10T08:00,25.3,77,21.0,869.1,5.8,83,Pulchowk,27.6787,85.3168
2023-08-10T09:00,26.6,71,20.8,869.5,4.3,85,Pulchowk,27.6787,85.3168
2023-08-10T10:00,27.5,69,21.3,869.4,4.0,95,Pulchowk,27.6787,85.3168
2023-08-10T11:00,28.2,67,21.4,868.8,2.9,120,Pulchowk,27.6787,85.3168
2023-08-10T12:00,26.0,74,21.1,868.0,5.7,215,Pulchowk,27.6787,85.3168
2023-08-10T13:00,25.3,78,21.3,867.4,2.5,90,Pulchowk,27.6787,85.3168
2023-08-10T14:00,25.8,80,22.0,866.9,3.9,304,Pulchowk,27.6787,85.3168
2023-08-10T15:00,24.5,80,20.7,866.2,1.8,37,Pulchowk,27.6787,85.3168
2023-08-10T16:00,24.4,84,21.5,866.4,2.3,18,Pulchowk,27.6787,85.3168
2023-08-10T17:00,23.1,90,21.3,866.8,2.4,297,Pulchowk,27.6787,85.3168
2023-08-10T18:00,22.9,93,21.6,867.1,2.6,124,Pulchowk,27.6787,85.3168
2023-08-10T19:00,22.5,95,21.7,867.6,0.8,207,Pulchowk,27.6787,85.3168
2023-08-10T20:00,21.7,97,21.2,867.9,2.6,196,Pulchowk,27.6787,85.3168
2023-08-10T21:00,21.6,97,21.1,868.5,1.8,169,Pulchowk,27.6787,85.3168
2023-08-10T22:00,21.4,98,21.0,868.6,2.2,189,Pulchowk,27.6787,85.3168
2023-08-10T23:00,21.2,97,20.8,868.3,1.8,169,Pulchowk,27.6787,85.3168
2023-08-11T00:00,21.1,98,20.7,867.8,1.5,166,Pulchowk,27.6787,85.3168
2023-08-11T01:00,21.2,98,20.9,867.4,1.3,146,Pulchowk,27.6787,85.3168
2023-08-11T02:00,21.0,98,20.7,867.1,1.9,158,Pulchowk,27.6787,85.3168
2023-08-11T03:00,21.0,98,20.6,866.9,1.9,158,Pulchowk,27.6787,85.3168
2023-08-11T04:00,21.3,96,20.6,867.0,2.1,149,Pulchowk,27.6787,85.3168
2023-08-11T05:00,21.7,95,20.9,867.5,1.4,90,Pulchowk,27.6787,85.3168
2023-08-11T06:00,22.0,95,21.1,868.0,2.5,172,Pulchowk,27.6787,85.3168
2023-08-11T07:00,23.1,90,21.4,868.4,1.1,72,Pulchowk,27.6787,85.3168
2023-08-11T08:00,24.6,82,21.3,868.5,2.3,51,Pulchowk,27.6787,85.3168
2023-08-11T09:00,26.5,74,21.5,868.8,1.9,22,Pulchowk,27.6787,85.3168
2023-08-11T10:00,26.8,77,22.4,869.0,5.4,318,Pulchowk,27.6787,85.3168
2023-08-11T11:00,25.2,81,21.7,868.4,5.6,320,Pulchowk,27.6787,85.3168
2023-08-11T12:00,27.2,79,23.2,867.7,5.4,356,Pulchowk,27.6787,85.3168
2023-08-11T13:00,26.8,79,22.9,866.5,4.3,312,Pulchowk,27.6787,85.3168
2023-08-11T14:00,23.7,87,21.5,865.4,2.8,310,Pulchowk,27.6787,85.3168
2023-08-11T15:00,23.7,89,21.8,864.7,1.9,22,Pulchowk,27.6787,85.3168
2023-08-11T16:00,23.2,90,21.5,864.8,3.1,324,Pulchowk,27.6787,85.3168
2023-08-11T17:00,22.5,91,20.9,865.7,4.8,347,Pulchowk,27.6787,85.3168
2023-08-11T18:00,22.0,96,21.3,865.9,1.3,326,Pulchowk,27.6787,85.3168
2023-08-11T19:00,22.0,96,21.3,866.8,1.5,104,Pulchowk,27.6787,85.3168
2023-08-11T20:00,21.8,97,21.3,867.0,1.5,76,Pulchowk,27.6787,85.3168
2023-08-11T21:00,21.6,99,21.4,867.2,1.1,72,Pulchowk,27.6787,85.3168
2023-08-11T22:00,21.3,99,21.2,867.2,1.5,166,Pulchowk,27.6787,85.3168
2023-08-11T23:00,21.4,99,21.2,866.9,1.8,169,Pulchowk,27.6787,85.3168
2023-08-12T00:00,21.5,98,21.2,866.3,1.1,162,Pulchowk,27.6787,85.3168
2023-08-12T01:00,21.5,98,21.1,865.7,0.8,117,Pulchowk,27.6787,85.3168
2023-08-12T02:00,21.3,98,20.9,865.3,0.8,333,Pulchowk,27.6787,85.3168
2023-08-12T03:00,21.0,98,20.8,865.0,0.5,45,Pulchowk,27.6787,85.3168
2023-08-12T04:00,20.8,98,20.4,864.7,2.3,162,Pulchowk,27.6787,85.3168
2023-08-12T05:00,21.8,96,21.1,865.7,1.9,248,Pulchowk,27.6787,85.3168
2023-08-12T06:00,21.9,95,21.0,865.9,1.0,135,Pulchowk,27.6787,85.3168
2023-08-12T07:00,22.9,92,21.4,866.3,1.0,315,Pulchowk,27.6787,85.3168
2023-08-12T08:00,24.4,85,21.7,866.9,2.9,330,Pulchowk,27.6787,85.3168
2023-08-12T09:00,25.9,80,22.2,867.4,4.6,342,Pulchowk,27.6787,85.3168
2023-08-12T10:00,25.6,81,22.1,867.2,5.2,304,Pulchowk,27.6787,85.3168
2023-08-12T11:00,24.2,88,22.0,866.4,2.3,309,Pulchowk,27.6787,85.3168
2023-08-12T12:00,24.6,87,22.3,865.3,1.8,281,Pulchowk,27.6787,85.3168
2023-08-12T13:00,25.1,83,21.9,864.4,5.9,313,Pulchowk,27.6787,85.3168
2023-08-12T14:00,24.6,81,21.1,863.3,3.9,326,Pulchowk,27.6787,85.3168
2023-08-12T15:00,23.6,87,21.3,862.4,3.9,292,Pulchowk,27.6787,85.3168
2023-08-12T16:00,23.7,87,21.4,862.2,2.9,353,Pulchowk,27.6787,85.3168
2023-08-12T17:00,22.8,90,21.1,862.4,3.9,326,Pulchowk,27.6787,85.3168
2023-08-12T18:00,22.5,94,21.4,863.2,1.5,315,Pulchowk,27.6787,85.3168
2023-08-12T19:00,22.4,95,21.5,863.9,1.3,304,Pulchowk,27.6787,85.3168
2023-08-12T20:00,22.2,93,21.1,864.5,0.5,315,Pulchowk,27.6787,85.3168
2023-08-12T21:00,21.7,96,21.1,864.6,3.7,349,Pulchowk,27.6787,85.3168
2023-08-12T22:00,21.5,99,21.4,864.3,1.8,349,Pulchowk,27.6787,85.3168
2023-08-12T23:00,21.5,98,21.2,864.1,1.8,360,Pulchowk,27.6787,85.3168
2023-08-13T00:00,21.6,98,21.2,863.5,0.7,360,Pulchowk,27.6787,85.3168
2023-08-13T01:00,21.7,98,21.4,863.0,1.3,146,Pulchowk,27.6787,85.3168
2023-08-13T02:00,21.7,98,21.3,862.6,1.6,207,Pulchowk,27.6787,85.3168
2023-08-13T03:00,21.4,99,21.2,862.5,1.5,166,Pulchowk,27.6787,85.3168
2023-08-13T04:00,21.4,98,21.1,862.8,1.5,135,Pulchowk,27.6787,85.3168
2023-08-13T05:00,22.1,95,21.3,863.0,2.5,180,Pulchowk,27.6787,85.3168
2023-08-13T06:00,22.4,94,21.4,863.9,0.8,117,Pulchowk,27.6787,85.3168
2023-08-13T07:00,22.2,96,21.5,864.4,1.6,243,Pulchowk,27.6787,85.3168
2023-08-13T08:00,22.4,96,21.7,865.1,3.2,270,Pulchowk,27.6787,85.3168
2023-08-13T09:00,22.5,95,21.7,865.8,2.6,254,Pulchowk,27.6787,85.3168
2023-08-13T10:00,22.8,94,21.7,866.2,2.9,277,Pulchowk,27.6787,85.3168
2023-08-13T11:00,22.5,94,21.5,865.9,1.8,281,Pulchowk,27.6787,85.3168
2023-08-13T12:00,23.0,91,21.5,865.9,3.7,299,Pulchowk,27.6787,85.3168
2023-08-13T13:00,23.0,90,21.4,865.2,4.3,318,Pulchowk,27.6787,85.3168
2023-08-13T14:00,22.3,94,21.3,864.8,2.2,360,Pulchowk,27.6787,85.3168
2023-08-13T15:00,22.1,94,21.1,864.9,1.6,63,Pulchowk,27.6787,85.3168
2023-08-13T16:00,22.2,91,20.7,864.8,0.5,225,Pulchowk,27.6787,85.3168
2023-08-13T17:00,21.6,91,20.0,866.3,1.1,288,Pulchowk,27.6787,85.3168
2023-08-13T18:00,21.2,93,20.1,866.5,0.5,45,Pulchowk,27.6787,85.3168
2023-08-13T19:00,21.0,95,20.2,867.1,1.3,124,Pulchowk,27.6787,85.3168
2023-08-13T20:00,21.0,95,20.2,867.6,1.8,143,Pulchowk,27.6787,85.3168
2023-08-13T21:00,20.9,96,20.2,867.8,1.9,158,Pulchowk,27.6787,85.3168
2023-08-13T22:00,20.8,96,20.1,867.9,2.2,171,Pulchowk,27.6787,85.3168
2023-08-13T23:00,20.9,96,20.2,867.9,1.8,169,Pulchowk,27.6787,85.3168
2023-08-14T00:00,20.9,97,20.4,867.6,0.7,180,Pulchowk,27.6787,85.3168
2023-08-14T01:00,20.9,97,20.3,867.2,0.4,180,Pulchowk,27.6787,85.3168
2023-08-14T02:00,20.8,95,20.1,867.0,0.8,117,Pulchowk,27.6787,85.3168
2023-08-14T03:00,20.7,97,20.2,866.7,0.0,270,Pulchowk,27.6787,85.3168
2023-08-14T04:00,20.6,97,20.1,866.9,0.4,90,Pulchowk,27.6787,85.3168
2023-08-14T05:00,20.4,99,20.2,867.5,1.0,135,Pulchowk,27.6787,85.3168
2023-08-14T06:00,20.6,97,20.1,867.9,2.7,157,Pulchowk,27.6787,85.3168
2023-08-14T07:00,21.3,93,20.2,868.6,0.8,117,Pulchowk,27.6787,85.3168
2023-08-14T08:00,22.2,84,19.3,869.3,3.3,13,Pulchowk,27.6787,85.3168
2023-08-14T09:00,22.5,82,19.2,869.6,2.5,352,Pulchowk,27.6787,85.3168
2023-08-14T10:00,23.6,75,18.9,869.8,2.5,8,Pulchowk,27.6787,85.3168
2023-08-14T11:00,23.9,76,19.4,869.3,3.7,11,Pulchowk,27.6787,85.3168
2023-08-14T12:00,24.0,78,20.0,868.9,4.0,333,Pulchowk,27.6787,85.3168
2023-08-14T13:00,24.3,79,20.5,867.9,5.6,333,Pulchowk,27.6787,85.3168
2023-08-14T14:00,24.0,82,20.7,866.9,4.1,315,Pulchowk,27.6787,85.3168
2023-08-14T15:00,24.5,80,20.8,866.2,5.3,298,Pulchowk,27.6787,85.3168
2023-08-14T16:00,24.3,80,20.6,866.1,5.6,315,Pulchowk,27.6787,85.3168
2023-08-14T17:00,22.6,88,20.5,867.1,4.3,312,Pulchowk,27.6787,85.3168
2023-08-14T18:00,21.8,94,20.8,866.8,3.4,342,Pulchowk,27.6787,85.3168
2023-08-14T19:00,21.5,97,20.9,867.3,1.1,360,Pulchowk,27.6787,85.3168
2023-08-14T20:00,21.3,97,20.8,867.6,1.1,198,Pulchowk,27.6787,85.3168
2023-08-14T21:00,21.0,96,20.4,867.6,2.5,188,Pulchowk,27.6787,85.3168
2023-08-14T22:00,20.4,97,19.8,867.5,3.2,180,Pulchowk,27.6787,85.3168
2023-08-14T23:00,19.6,97,19.1,867.1,3.7,169,Pulchowk,27.6787,85.3168
2023-08-15T00:00,18.9,100,18.8,866.5,4.7,171,Pulchowk,27.6787,85.3168
2023-08-15T01:00,18.5,99,18.4,865.8,5.4,172,Pulchowk,27.6787,85.3168
2023-08-15T02:00,18.4,99,18.2,865.5,4.0,175,Pulchowk,27.6787,85.3168
2023-08-15T03:00,18.2,99,18.1,865.5,2.5,180,Pulchowk,27.6787,85.3168
2023-08-15T04:00,18.1,99,18.0,865.7,1.4,180,Pulchowk,27.6787,85.3168
2023-08-15T05:00,18.7,98,18.4,866.4,1.4,180,Pulchowk,27.6787,85.3168
2023-08-15T06:00,20.7,93,19.6,867.7,2.2,180,Pulchowk,27.6787,85.3168
2023-08-15T07:00,22.6,85,19.9,868.6,2.3,321,Pulchowk,27.6787,85.3168
2023-08-15T08:00,23.9,79,20.0,868.7,3.6,315,Pulchowk,27.6787,85.3168
2023-08-15T09:00,24.9,76,20.4,869.3,4.2,329,Pulchowk,27.6787,85.3168
2023-08-15T10:00,26.3,71,20.5,869.3,5.2,344,Pulchowk,27.6787,85.3168
2023-08-15T11:00,27.2,66,20.2,869.1,6.7,324,Pulchowk,27.6787,85.3168
2023-08-15T12:00,27.5,64,20.2,868.5,6.9,298,Pulchowk,27.6787,85.3168
2023-08-15T13:00,26.8,69,20.6,867.6,7.6,315,Pulchowk,27.6787,85.3168
2023-08-15T14:00,25.5,75,20.8,866.6,3.3,257,Pulchowk,27.6787,85.3168
2023-08-15T15:00,25.0,77,20.7,865.8,4.1,255,Pulchowk,27.6787,85.3168
2023-08-15T16:00,24.3,81,20.9,865.5,2.4,333,Pulchowk,27.6787,85.3168
2023-08-15T17:00,23.6,82,20.4,866.4,4.9,306,Pulchowk,27.6787,85.3168
2023-08-15T18:00,22.4,92,21.1,866.6,2.6,34,Pulchowk,27.6787,85.3168
2023-08-15T19:00,21.8,95,20.9,867.3,1.8,143,Pulchowk,27.6787,85.3168
2023-08-15T20:00,21.6,96,20.9,867.7,1.9,158,Pulchowk,27.6787,85.3168
2023-08-15T21:00,21.6,96,20.9,867.9,2.5,180,Pulchowk,27.6787,85.3168
2023-08-15T22:00,21.3,96,20.7,867.9,1.4,180,Pulchowk,27.6787,85.3168
2023-08-15T23:00,20.9,97,20.4,867.6,1.4,180,Pulchowk,27.6787,85.3168
2023-08-16T00:00,20.7,97,20.2,867.1,1.1,180,Pulchowk,27.6787,85.3168
2023-08-16T01:00,20.5,98,20.1,866.4,1.4,180,Pulchowk,27.6787,85.3168
2023-08-16T02:00,20.0,99,19.8,865.9,1.8,169,Pulchowk,27.6787,85.3168
2023-08-16T03:00,19.5,99,19.4,865.8,2.2,171,Pulchowk,27.6787,85.3168
2023-08-16T04:00,19.4,98,19.0,865.9,0.7,180,Pulchowk,27.6787,85.3168
2023-08-16T05:00,19.6,99,19.4,866.9,2.4,153,Pulchowk,27.6787,85.3168
2023-08-16T06:00,21.0,96,20.4,867.6,2.9,173,Pulchowk,27.6787,85.3168
2023-08-16T07:00,22.8,89,20.9,868.2,3.6,174,Pulchowk,27.6787,85.3168
2023-08-16T08:00,24.5,82,21.2,868.7,3.3,319,Pulchowk,27.6787,85.3168
2023-08-16T09:00,24.8,81,21.4,868.9,4.7,328,Pulchowk,27.6787,85.3168
2023-08-16T10:00,26.1,75,21.3,868.6,5.9,322,Pulchowk,27.6787,85.3168
2023-08-16T11:00,26.9,71,21.1,868.1,6.4,313,Pulchowk,27.6787,85.3168
2023-08-16T12:00,27.0,70,21.2,867.4,6.8,302,Pulchowk,27.6787,85.3168
2023-08-16T13:00,27.1,69,20.9,866.6,5.5,302,Pulchowk,27.6787,85.3168
2023-08-16T14:00,25.8,73,20.5,865.7,7.4,309,Pulchowk,27.6787,85.3168
2023-08-16T15:00,24.3,82,21.1,865.0,2.9,7,Pulchowk,27.6787,85.3168
2023-08-16T16:00,23.8,87,21.4,864.9,3.7,349,Pulchowk,27.6787,85.3168
2023-08-16T17:00,23.1,91,21.6,865.5,1.5,315,Pulchowk,27.6787,85.3168
2023-08-16T18:00,22.5,95,21.7,865.7,1.8,79,Pulchowk,27.6787,85.3168
2023-08-16T19:00,21.9,98,21.5,866.5,3.1,135,Pulchowk,27.6787,85.3168
2023-08-16T20:00,21.9,97,21.4,867.1,2.4,153,Pulchowk,27.6787,85.3168
2023-08-16T21:00,21.6,98,21.2,867.5,1.4,180,Pulchowk,27.6787,85.3168
2023-08-16T22:00,21.7,97,21.3,867.6,3.0,194,Pulchowk,27.6787,85.3168
2023-08-16T23:00,21.2,96,20.5,867.5,2.4,117,Pulchowk,27.6787,85.3168
2023-08-17T00:00,21.3,96,20.7,866.6,1.8,169,Pulchowk,27.6787,85.3168
2023-08-17T01:00,21.0,97,20.5,866.0,2.5,180,Pulchowk,27.6787,85.3168
2023-08-17T02:00,20.8,96,20.2,866.0,3.3,167,Pulchowk,27.6787,85.3168
2023-08-17T03:00,21.0,96,20.4,866.3,2.5,172,Pulchowk,27.6787,85.3168
2023-08-17T04:00,20.9,95,20.2,866.3,2.9,173,Pulchowk,27.6787,85.3168
2023-08-17T05:00,20.8,96,20.2,867.0,2.5,172,Pulchowk,27.6787,85.3168
2023-08-17T06:00,21.3,94,20.3,868.0,4.7,171,Pulchowk,27.6787,85.3168
2023-08-17T07:00,22.5,87,20.2,868.5,3.4,162,Pulchowk,27.6787,85.3168
2023-08-17T08:00,23.1,86,20.5,868.6,0.7,180,Pulchowk,27.6787,85.3168
2023-08-17T09:00,24.2,81,20.7,868.7,4.1,142,Pulchowk,27.6787,85.3168
2023-08-17T10:00,25.2,78,21.0,868.7,2.6,106,Pulchowk,27.6787,85.3168
2023-08-17T11:00,26.7,72,21.3,868.8,2.1,31,Pulchowk,27.6787,85.3168
2023-08-17T12:00,27.3,69,21.2,867.9,2.2,9,Pulchowk,27.6787,85.3168
2023-08-17T13:00,27.9,68,21.6,867.2,4.5,331,Pulchowk,27.6787,85.3168
2023-08-17T14:00,26.3,73,21.1,866.0,1.3,326,Pulchowk,27.6787,85.3168
2023-08-17T15:00,25.9,74,21.0,866.0,2.1,31,Pulchowk,27.6787,85.3168
2023-08-17T16:00,24.6,78,20.5,865.8,1.0,225,Pulchowk,27.6787,85.3168
2023-08-17T17:00,23.9,83,20.8,866.9,2.6,124,Pulchowk,27.6787,85.3168
2023-08-17T18:00,23.3,85,20.7,867.6,0.8,63,Pulchowk,27.6787,85.3168
2023-08-17T19:00,22.3,93,21.1,868.2,4.2,121,Pulchowk,27.6787,85.3168
2023-08-17T20:00,21.5,95,20.7,868.0,3.2,153,Pulchowk,27.6787,85.3168
2023-08-17T21:00,21.4,94,20.5,868.2,4.6,162,Pulchowk,27.6787,85.3168
2023-08-17T22:00,21.1,95,20.2,868.0,4.4,171,Pulchowk,27.6787,85.3168
2023-08-17T23:00,20.9,95,20.0,867.2,4.7,176,Pulchowk,27.6787,85.3168
2023-08-18T00:00,20.5,96,19.9,866.2,5.1,172,Pulchowk,27.6787,85.3168
2023-08-18T01:00,20.1,97,19.6,865.8,3.2,180,Pulchowk,27.6787,85.3168
2023-08-18T02:00,20.2,96,19.6,865.7,2.5,180,Pulchowk,27.6787,85.3168
2023-08-18T03:00,20.0,96,19.4,865.4,2.5,180,Pulchowk,27.6787,85.3168
2023-08-18T04:00,19.8,96,19.1,865.6,3.3,174,Pulchowk,27.6787,85.3168
2023-08-18T05:00,20.5,94,19.6,866.4,6.0,163,Pulchowk,27.6787,85.3168
2023-08-18T06:00,21.7,91,20.2,867.5,5.4,184,Pulchowk,27.6787,85.3168
2023-08-18T07:00,23.5,87,21.2,869.3,1.9,202,Pulchowk,27.6787,85.3168
2023-08-18T08:00,25.1,79,21.1,869.8,2.2,360,Pulchowk,27.6787,85.3168
2023-08-18T09:00,26.4,74,21.4,870.0,2.9,353,Pulchowk,27.6787,85.3168
2023-08-18T10:00,27.5,72,22.1,870.1,4.7,351,Pulchowk,27.6787,85.3168
2023-08-18T11:00,27.3,70,21.4,869.3,5.1,4,Pulchowk,27.6787,85.3168
2023-08-18T12:00,25.9,75,21.0,868.6,2.2,351,Pulchowk,27.6787,85.3168
2023-08-18T13:00,26.3,74,21.3,867.8,5.0,30,Pulchowk,27.6787,85.3168
2023-08-18T14:00,26.9,72,21.4,867.1,5.0,30,Pulchowk,27.6787,85.3168
2023-08-18T15:00,26.1,78,21.9,866.3,4.7,4,Pulchowk,27.6787,85.3168
2023-08-18T16:00,26.0,78,21.9,866.1,2.6,16,Pulchowk,27.6787,85.3168
2023-08-18T17:00,25.3,80,21.6,867.7,4.8,312,Pulchowk,27.6787,85.3168
2023-08-18T18:00,23.9,89,22.0,867.7,0.8,117,Pulchowk,27.6787,85.3168
2023-08-18T19:00,22.8,92,21.5,868.1,2.5,135,Pulchowk,27.6787,85.3168
2023-08-18T20:00,22.5,93,21.3,868.3,2.9,173,Pulchowk,27.6787,85.3168
2023-08-18T21:00,21.8,96,21.0,869.2,5.2,155,Pulchowk,27.6787,85.3168
2023-08-18T22:00,21.5,96,20.9,869.6,5.0,159,Pulchowk,27.6787,85.3168
2023-08-18T23:00,21.3,95,20.4,869.1,6.3,149,Pulchowk,27.6787,85.3168
2023-08-19T00:00,21.3,95,20.4,869.1,1.9,158,Pulchowk,27.6787,85.3168
2023-08-19T01:00,20.9,95,20.1,868.4,3.1,159,Pulchowk,27.6787,85.3168
2023-08-19T02:00,20.7,95,19.9,868.0,2.2,180,Pulchowk,27.6787,85.3168
2023-08-19T03:00,20.9,94,20.0,867.9,3.3,174,Pulchowk,27.6787,85.3168
2023-08-19T04:00,20.1,95,19.3,866.9,1.8,191,Pulchowk,27.6787,85.3168
2023-08-19T05:00,20.1,96,19.4,867.8,1.8,191,Pulchowk,27.6787,85.3168
2023-08-19T06:00,21.4,94,20.5,867.6,4.5,166,Pulchowk,27.6787,85.3168
2023-08-19T07:00,23.4,82,20.2,868.9,1.3,146,Pulchowk,27.6787,85.3168
2023-08-19T08:00,24.8,76,20.4,869.7,1.1,360,Pulchowk,27.6787,85.3168
2023-08-19T09:00,26.4,70,20.4,870.1,2.2,9,Pulchowk,27.6787,85.3168
2023-08-19T10:00,27.3,67,20.6,870.3,3.3,354,Pulchowk,27.6787,85.3168
2023-08-19T11:00,27.6,70,21.6,870.3,3.8,311,Pulchowk,27.6787,85.3168
2023-08-19T12:00,27.9,70,21.9,869.7,4.8,13,Pulchowk,27.6787,85.3168
2023-08-19T13:00,24.9,79,21.1,869.0,5.2,304,Pulchowk,27.6787,85.3168
2023-08-19T14:00,25.7,78,21.6,868.0,1.1,360,Pulchowk,27.6787,85.3168
2023-08-19T15:00,25.4,77,21.0,867.5,0.4,360,Pulchowk,27.6787,85.3168
2023-08-19T16:00,25.6,77,21.2,866.9,1.3,34,Pulchowk,27.6787,85.3168
2023-08-19T17:00,24.1,81,20.5,867.9,3.3,6,Pulchowk,27.6787,85.3168
2023-08-19T18:00,23.1,89,21.1,868.2,1.9,68,Pulchowk,27.6787,85.3168
2023-08-19T19:00,22.4,94,21.3,868.2,2.6,146,Pulchowk,27.6787,85.3168
2023-08-19T20:00,22.2,94,21.2,869.0,3.6,174,Pulchowk,27.6787,85.3168
2023-08-19T21:00,21.8,97,21.3,869.3,3.3,131,Pulchowk,27.6787,85.3168
2023-08-19T22:00,21.9,97,21.4,869.6,3.4,198,Pulchowk,27.6787,85.3168
2023-08-19T23:00,21.4,98,21.1,869.5,2.9,210,Pulchowk,27.6787,85.3168
2023-08-20T00:00,21.6,97,21.1,869.3,3.1,225,Pulchowk,27.6787,85.3168
2023-08-20T01:00,21.4,98,21.0,869.0,2.3,231,Pulchowk,27.6787,85.3168
2023-08-20T02:00,21.3,98,21.0,868.6,2.9,240,Pulchowk,27.6787,85.3168
2023-08-20T03:00,21.3,98,21.0,868.5,2.6,254,Pulchowk,27.6787,85.3168
2023-08-20T04:00,21.2,98,20.9,868.7,2.7,247,Pulchowk,27.6787,85.3168
2023-08-20T05:00,21.3,99,21.2,869.2,2.9,330,Pulchowk,27.6787,85.3168
2023-08-20T06:00,21.5,98,21.1,869.5,1.9,292,Pulchowk,27.6787,85.3168
2023-08-20T07:00,22.3,94,21.2,870.2,1.8,180,Pulchowk,27.6787,85.3168
2023-08-20T08:00,24.2,83,21.0,870.6,1.1,252,Pulchowk,27.6787,85.3168
2023-08-20T09:00,25.5,77,21.3,871.1,2.5,315,Pulchowk,27.6787,85.3168
2023-08-20T10:00,26.3,79,22.3,871.0,4.1,322,Pulchowk,27.6787,85.3168
2023-08-20T11:00,26.7,74,21.7,870.5,5.2,295,Pulchowk,27.6787,85.3168
2023-08-20T12:00,23.9,83,20.8,869.7,3.9,304,Pulchowk,27.6787,85.3168
2023-08-20T13:00,24.7,81,21.3,868.8,0.4,90,Pulchowk,27.6787,85.3168
2023-08-20T14:00,24.8,84,21.8,868.2,2.4,333,Pulchowk,27.6787,85.3168
2023-08-20T15:00,23.4,85,20.7,867.8,1.5,315,Pulchowk,27.6787,85.3168
2023-08-20T16:00,22.8,91,21.2,867.4,2.8,320,Pulchowk,27.6787,85.3168
2023-08-20T17:00,22.4,93,21.1,867.9,1.4,360,Pulchowk,27.6787,85.3168
2023-08-20T18:00,22.3,94,21.3,867.9,1.5,45,Pulchowk,27.6787,85.3168
2023-08-20T19:00,22.0,96,21.2,868.2,1.1,108,Pulchowk,27.6787,85.3168
2023-08-20T20:00,21.9,96,21.3,868.2,1.1,108,Pulchowk,27.6787,85.3168
2023-08-20T21:00,21.7,98,21.3,868.3,1.1,162,Pulchowk,27.6787,85.3168
2023-08-20T22:00,21.8,98,21.4,868.6,1.8,169,Pulchowk,27.6787,85.3168
2023-08-20T23:00,21.9,96,21.3,868.6,0.7,360,Pulchowk,27.6787,85.3168
2023-08-21T00:00,21.7,98,21.4,868.1,2.2,279,Pulchowk,27.6787,85.3168
2023-08-21T01:00,21.6,98,21.3,867.7,1.9,292,Pulchowk,27.6787,85.3168
2023-08-21T02:00,21.4,97,20.9,867.1,2.0,315,Pulchowk,27.6787,85.3168
2023-08-21T03:00,21.3,97,20.8,866.8,1.5,315,Pulchowk,27.6787,85.3168
2023-08-21T04:00,21.3,96,20.6,866.6,1.1,270,Pulchowk,27.6787,85.3168
2023-08-21T05:00,21.4,96,20.8,867.0,1.9,202,Pulchowk,27.6787,85.3168
2023-08-21T06:00,21.7,96,21.1,867.6,2.7,247,Pulchowk,27.6787,85.3168
2023-08-21T07:00,22.1,96,21.4,868.4,2.6,254,Pulchowk,27.6787,85.3168
2023-08-21T08:00,22.8,90,21.1,868.9,1.8,323,Pulchowk,27.6787,85.3168
2023-08-21T09:00,23.7,89,21.8,869.3,2.3,39,Pulchowk,27.6787,85.3168
2023-08-21T10:00,25.1,82,21.9,869.4,1.0,45,Pulchowk,27.6787,85.3168
2023-08-21T11:00,24.3,84,21.4,868.8,2.2,171,Pulchowk,27.6787,85.3168
2023-08-21T12:00,23.8,86,21.3,868.3,1.4,270,Pulchowk,27.6787,85.3168
2023-08-21T13:00,24.0,84,21.1,867.4,1.6,297,Pulchowk,27.6787,85.3168
2023-08-21T14:00,23.8,81,20.3,866.8,2.4,27,Pulchowk,27.6787,85.3168
2023-08-21T15:00,23.1,88,21.1,866.3,1.8,360,Pulchowk,27.6787,85.3168
2023-08-21T16:00,22.6,94,21.5,866.3,2.5,352,Pulchowk,27.6787,85.3168
2023-08-21T17:00,22.6,92,21.2,866.9,2.1,301,Pulchowk,27.6787,85.3168
2023-08-21T18:00,21.8,95,21.0,866.7,1.0,135,Pulchowk,27.6787,85.3168
2023-08-21T19:00,21.3,97,20.8,867.0,1.9,158,Pulchowk,27.6787,85.3168
2023-08-21T20:00,21.2,97,20.7,867.3,2.6,164,Pulchowk,27.6787,85.3168
2023-08-21T21:00,21.4,96,20.8,867.7,2.2,171,Pulchowk,27.6787,85.3168
2023-08-21T22:00,21.4,97,20.8,868.2,1.6,207,Pulchowk,27.6787,85.3168
2023-08-21T23:00,21.3,98,20.9,868.3,1.5,166,Pulchowk,27.6787,85.3168
2023-08-22T00:00,21.1,98,20.8,867.8,1.8,270,Pulchowk,27.6787,85.3168
2023-08-22T01:00,21.0,100,20.9,867.1,0.8,333,Pulchowk,27.6787,85.3168
2023-08-22T02:00,20.8,100,20.7,866.3,1.6,153,Pulchowk,27.6787,85.3168
2023-08-22T03:00,20.6,99,20.5,865.6,1.8,180,Pulchowk,27.6787,85.3168
2023-08-22T04:00,20.0,98,19.7,865.5,2.2,180,Pulchowk,27.6787,85.3168
2023-08-22T05:00,20.9,99,20.8,866.1,0.8,117,Pulchowk,27.6787,85.3168
2023-08-22T06:00,21.1,98,20.8,866.8,3.8,163,Pulchowk,27.6787,85.3168
2023-08-22T07:00,21.6,98,21.3,867.7,2.2,270,Pulchowk,27.6787,85.3168
2023-08-22T08:00,22.2,91,20.7,868.1,1.5,14,Pulchowk,27.6787,85.3168
2023-08-22T09:00,23.6,83,20.6,868.9,1.1,90,Pulchowk,27.6787,85.3168
2023-08-22T10:00,24.3,79,20.4,868.5,1.3,34,Pulchowk,27.6787,85.3168
2023-08-22T11:00,24.6,77,20.3,868.2,3.4,18,Pulchowk,27.6787,85.3168
2023-08-22T12:00,25.9,76,21.4,867.5,2.9,360,Pulchowk,27.6787,85.3168
2023-08-22T13:00,26.4,77,22.0,866.4,4.4,9,Pulchowk,27.6787,85.3168
2023-08-22T14:00,25.6,77,21.3,865.4,7.4,321,Pulchowk,27.6787,85.3168
2023-08-22T15:00,23.6,87,21.3,864.9,3.1,306,Pulchowk,27.6787,85.3168
2023-08-22T16:00,24.0,85,21.4,865.1,4.4,35,Pulchowk,27.6787,85.3168
2023-08-22T17:00,22.5,90,20.7,866.1,3.3,319,Pulchowk,27.6787,85.3168
2023-08-22T18:00,22.0,97,21.5,866.5,1.8,79,Pulchowk,27.6787,85.3168
2023-08-22T19:00,22.1,97,21.6,867.3,1.5,104,Pulchowk,27.6787,85.3168
2023-08-22T20:00,22.1,91,20.5,867.9,0.4,360,Pulchowk,27.6787,85.3168
2023-08-22T21:00,21.8,93,20.5,868.2,1.3,146,Pulchowk,27.6787,85.3168
2023-08-22T22:00,21.6,95,20.7,868.0,1.8,233,Pulchowk,27.6787,85.3168
2023-08-22T23:00,21.5,96,20.8,868.0,2.1,239,Pulchowk,27.6787,85.3168
2023-08-23T00:00,21.5,95,20.7,867.1,2.4,243,Pulchowk,27.6787,85.3168
2023-08-23T01:00,21.3,97,20.8,866.7,0.8,207,Pulchowk,27.6787,85.3168
2023-08-23T02:00,21.2,95,20.4,866.0,1.5,284,Pulchowk,27.6787,85.3168
2023-08-23T03:00,21.2,95,20.4,865.7,1.4,270,Pulchowk,27.6787,85.3168
2023-08-23T04:00,21.3,94,20.3,865.9,0.0,270,Pulchowk,27.6787,85.3168
2023-08-23T05:00,21.4,96,20.8,866.0,2.3,219,Pulchowk,27.6787,85.3168
2023-08-23T06:00,21.4,92,20.1,866.5,1.9,248,Pulchowk,27.6787,85.3168
2023-08-23T07:00,21.8,91,20.3,867.2,1.3,304,Pulchowk,27.6787,85.3168
2023-08-23T08:00,22.3,88,20.3,867.4,2.2,351,Pulchowk,27.6787,85.3168
2023-08-23T09:00,22.4,87,20.1,867.6,2.5,360,Pulchowk,27.6787,85.3168
2023-08-23T10:00,22.9,86,20.4,867.3,1.9,22,Pulchowk,27.6787,85.3168
2023-08-23T11:00,23.0,87,20.8,866.5,1.8,79,Pulchowk,27.6787,85.3168
2023-08-23T12:00,24.8,83,21.7,866.3,5.2,16,Pulchowk,27.6787,85.3168
2023-08-23T13:00,23.9,85,21.2,865.2,3.1,315,Pulchowk,27.6787,85.3168
2023-08-23T14:00,23.8,86,21.4,863.8,1.8,307,Pulchowk,27.6787,85.3168
2023-08-23T15:00,24.0,86,21.6,863.2,2.3,39,Pulchowk,27.6787,85.3168
2023-08-23T16:00,23.6,89,21.7,862.9,1.9,338,Pulchowk,27.6787,85.3168
2023-08-23T17:00,21.7,93,20.5,864.0,2.1,301,Pulchowk,27.6787,85.3168
2023-08-23T18:00,21.5,96,20.8,864.2,1.1,72,Pulchowk,27.6787,85.3168
2023-08-23T19:00,21.5,95,20.6,865.0,1.1,72,Pulchowk,27.6787,85.3168
2023-08-23T20:00,21.5,94,20.6,865.6,0.0,270,Pulchowk,27.6787,85.3168
2023-08-23T21:00,21.4,95,20.5,865.5,1.5,194,Pulchowk,27.6787,85.3168
2023-08-23T22:00,21.3,95,20.6,865.5,1.5,166,Pulchowk,27.6787,85.3168
2023-08-23T23:00,21.2,94,20.2,865.1,1.4,180,Pulchowk,27.6787,85.3168
2023-08-24T00:00,20.9,98,20.5,864.3,0.8,153,Pulchowk,27.6787,85.3168
2023-08-24T01:00,20.7,98,20.4,863.5,1.1,162,Pulchowk,27.6787,85.3168
2023-08-24T02:00,20.7,97,20.2,863.1,2.2,180,Pulchowk,27.6787,85.3168
2023-08-24T03:00,20.6,97,20.2,863.1,1.5,225,Pulchowk,27.6787,85.3168
2023-08-24T04:00,20.5,98,20.2,863.2,1.6,207,Pulchowk,27.6787,85.3168
2023-08-24T05:00,20.8,96,20.2,863.3,2.3,252,Pulchowk,27.6787,85.3168
2023-08-24T06:00,20.9,97,20.5,864.0,0.4,360,Pulchowk,27.6787,85.3168
2023-08-24T07:00,21.7,93,20.6,864.2,2.3,18,Pulchowk,27.6787,85.3168
2023-08-24T08:00,22.6,91,21.1,864.7,3.1,339,Pulchowk,27.6787,85.3168
2023-08-24T09:00,24.3,83,21.3,865.3,4.7,4,Pulchowk,27.6787,85.3168
2023-08-24T10:00,24.6,84,21.7,864.9,4.7,328,Pulchowk,27.6787,85.3168
2023-08-24T11:00,25.5,80,21.9,864.3,6.1,332,Pulchowk,27.6787,85.3168
2023-08-24T12:00,25.4,73,20.3,863.6,3.6,323,Pulchowk,27.6787,85.3168
2023-08-24T13:00,24.7,79,20.8,862.9,4.2,290,Pulchowk,27.6787,85.3168
2023-08-24T14:00,24.1,82,20.7,862.0,0.4,180,Pulchowk,27.6787,85.3168
2023-08-24T15:00,23.5,84,20.6,861.9,1.1,18,Pulchowk,27.6787,85.3168
2023-08-24T16:00,23.2,89,21.2,862.0,0.7,360,Pulchowk,27.6787,85.3168
2023-08-24T17:00,22.1,91,20.5,862.3,3.9,338,Pulchowk,27.6787,85.3168
2023-08-24T18:00,21.5,97,21.0,862.7,1.8,11,Pulchowk,27.6787,85.3168
2023-08-24T19:00,21.5,96,20.8,863.3,3.0,76,Pulchowk,27.6787,85.3168
2023-08-24T20:00,21.6,96,21.0,863.6,1.8,127,Pulchowk,27.6787,85.3168
2023-08-24T21:00,21.9,82,18.6,863.9,0.5,45,Pulchowk,27.6787,85.3168
2023-08-24T22:00,21.6,88,19.4,863.9,1.5,315,Pulchowk,27.6787,85.3168
2023-08-24T23:00,21.2,93,20.0,863.5,1.1,342,Pulchowk,27.6787,85.3168
2023-08-25T00:00,21.0,95,20.2,862.9,1.1,360,Pulchowk,27.6787,85.3168
2023-08-25T01:00,20.9,97,20.4,862.2,1.9,22,Pulchowk,27.6787,85.3168
2023-08-25T02:00,21.0,95,20.2,862.1,0.0,270,Pulchowk,27.6787,85.3168
2023-08-25T03:00,20.8,97,20.4,861.8,1.6,297,Pulchowk,27.6787,85.3168
2023-08-25T04:00,20.7,98,20.4,861.8,1.5,45,Pulchowk,27.6787,85.3168
2023-08-25T05:00,20.9,98,20.6,862.2,1.8,281,Pulchowk,27.6787,85.3168
2023-08-25T06:00,21.1,96,20.4,863.0,1.3,146,Pulchowk,27.6787,85.3168
2023-08-25T07:00,21.4,95,20.5,863.4,1.5,135,Pulchowk,27.6787,85.3168
2023-08-25T08:00,22.2,90,20.5,863.9,2.7,113,Pulchowk,27.6787,85.3168
2023-08-25T09:00,23.1,86,20.5,864.3,2.6,124,Pulchowk,27.6787,85.3168
2023-08-25T10:00,24.2,81,20.7,864.6,3.9,112,Pulchowk,27.6787,85.3168
2023-08-25T11:00,24.3,77,20.0,864.3,5.9,133,Pulchowk,27.6787,85.3168
2023-08-25T12:00,24.2,74,19.3,863.9,5.6,117,Pulchowk,27.6787,85.3168
2023-08-25T13:00,24.5,75,19.7,863.1,6.3,103,Pulchowk,27.6787,85.3168
2023-08-25T14:00,25.9,72,20.5,862.4,7.2,96,Pulchowk,27.6787,85.3168
2023-08-25T15:00,25.5,74,20.5,862.1,8.0,98,Pulchowk,27.6787,85.3168
2023-08-25T16:00,24.2,78,20.1,862.3,3.6,127,Pulchowk,27.6787,85.3168
2023-08-25T17:00,22.4,90,20.6,863.2,1.3,124,Pulchowk,27.6787,85.3168
2023-08-25T18:00,21.8,95,20.9,863.4,2.5,82,Pulchowk,27.6787,85.3168
2023-08-25T19:00,21.6,95,20.8,863.7,3.1,135,Pulchowk,27.6787,85.3168
2023-08-25T20:00,21.6,94,20.6,864.1,2.8,130,Pulchowk,27.6787,85.3168
2023-08-25T21:00,21.4,95,20.5,864.6,3.1,144,Pulchowk,27.6787,85.3168
2023-08-25T22:00,21.1,94,20.1,864.4,2.9,150,Pulchowk,27.6787,85.3168
2023-08-25T23:00,21.1,95,20.3,864.3,1.8,143,Pulchowk,27.6787,85.3168
2023-08-26T00:00,21.0,95,20.3,863.6,2.6,124,Pulchowk,27.6787,85.3168
2023-08-26T01:00,20.9,95,20.1,862.7,3.4,122,Pulchowk,27.6787,85.3168
2023-08-26T02:00,20.7,95,20.0,862.4,3.4,162,Pulchowk,27.6787,85.3168
2023-08-26T03:00,20.7,96,20.1,861.9,2.0,135,Pulchowk,27.6787,85.3168
2023-08-26T04:00,20.7,97,20.2,862.1,1.8,169,Pulchowk,27.6787,85.3168
2023-08-26T05:00,20.7,95,19.9,863.0,1.0,315,Pulchowk,27.6787,85.3168
2023-08-26T06:00,20.7,95,19.9,863.5,2.2,99,Pulchowk,27.6787,85.3168
2023-08-26T07:00,20.9,95,20.0,864.0,1.0,135,Pulchowk,27.6787,85.3168
2023-08-26T08:00,21.8,92,20.4,864.7,1.0,45,Pulchowk,27.6787,85.3168
2023-08-26T09:00,21.8,91,20.4,864.8,1.8,53,Pulchowk,27.6787,85.3168
2023-08-26T10:00,23.5,86,21.0,865.1,2.3,72,Pulchowk,27.6787,85.3168
2023-08-26T11:00,25.4,78,21.4,865.0,3.1,36,Pulchowk,27.6787,85.3168
2023-08-26T12:00,26.1,74,21.0,864.2,4.5,14,Pulchowk,27.6787,85.3168
2023-08-26T13:00,23.7,82,20.5,863.4,7.9,273,Pulchowk,27.6787,85.3168
2023-08-26T14:00,22.7,87,20.4,862.9,3.3,283,Pulchowk,27.6787,85.3168
2023-08-26T15:00,22.2,93,21.0,862.0,4.3,95,Pulchowk,27.6787,85.3168
2023-08-26T16:00,21.8,95,20.9,862.0,2.4,297,Pulchowk,27.6787,85.3168
2023-08-26T17:00,22.5,90,20.8,863.4,4.0,350,Pulchowk,27.6787,85.3168
2023-08-26T18:00,21.4,96,20.8,863.4,2.3,18,Pulchowk,27.6787,85.3168
2023-08-26T19:00,21.0,98,20.6,863.7,2.4,153,Pulchowk,27.6787,85.3168
2023-08-26T20:00,20.6,98,20.2,864.2,2.3,162,Pulchowk,27.6787,85.3168
2023-08-26T21:00,20.2,98,19.9,864.5,1.1,180,Pulchowk,27.6787,85.3168
2023-08-26T22:00,20.4,98,20.0,864.5,1.1,180,Pulchowk,27.6787,85.3168
2023-08-26T23:00,19.7,98,19.4,864.3,1.8,169,Pulchowk,27.6787,85.3168
2023-08-27T00:00,19.9,97,19.4,863.8,1.9,158,Pulchowk,27.6787,85.3168
2023-08-27T01:00,20.5,95,19.7,863.6,3.6,174,Pulchowk,27.6787,85.3168
2023-08-27T02:00,19.7,97,19.2,862.7,3.2,180,Pulchowk,27.6787,85.3168
2023-08-27T03:00,19.5,97,19.0,862.4,3.2,180,Pulchowk,27.6787,85.3168
2023-08-27T04:00,19.8,95,19.1,862.2,3.6,174,Pulchowk,27.6787,85.3168
2023-08-27T05:00,20.5,95,19.8,862.2,1.8,180,Pulchowk,27.6787,85.3168
2023-08-27T06:00,21.0,95,20.1,862.9,1.8,127,Pulchowk,27.6787,85.3168
2023-08-27T07:00,22.0,90,20.3,863.8,0.7,90,Pulchowk,27.6787,85.3168
2023-08-27T08:00,23.5,81,20.1,864.5,1.9,338,Pulchowk,27.6787,85.3168
2023-08-27T09:00,24.7,81,21.3,864.7,3.3,319,Pulchowk,27.6787,85.3168
2023-08-27T10:00,26.3,77,21.9,864.8,4.6,321,Pulchowk,27.6787,85.3168
2023-08-27T11:00,27.5,70,21.5,864.4,7.4,309,Pulchowk,27.6787,85.3168
2023-08-27T12:00,25.1,76,20.6,863.7,4.8,347,Pulchowk,27.6787,85.3168
2023-08-27T13:00,24.0,82,20.7,863.3,2.2,279,Pulchowk,27.6787,85.3168
2023-08-27T14:00,24.5,83,21.4,862.5,4.1,15,Pulchowk,27.6787,85.3168
2023-08-27T15:00,22.7,86,20.1,862.3,7.6,295,Pulchowk,27.6787,85.3168
2023-08-27T16:00,23.4,83,20.3,862.4,4.7,328,Pulchowk,27.6787,85.3168
2023-08-27T17:00,22.0,90,20.2,862.7,4.8,333,Pulchowk,27.6787,85.3168
2023-08-27T18:00,20.6,96,20.0,862.7,2.3,18,Pulchowk,27.6787,85.3168
2023-08-27T19:00,20.3,98,19.9,863.0,2.3,162,Pulchowk,27.6787,85.3168
2023-08-27T20:00,20.0,98,19.6,863.2,2.6,164,Pulchowk,27.6787,85.3168
2023-08-27T21:00,19.8,97,19.4,863.5,2.5,180,Pulchowk,27.6787,85.3168
2023-08-27T22:00,19.7,98,19.3,863.6,2.2,180,Pulchowk,27.6787,85.3168
2023-08-27T23:00,19.6,98,19.3,863.5,2.2,180,Pulchowk,27.6787,85.3168
2023-08-28T00:00,19.5,99,19.4,863.1,2.5,180,Pulchowk,27.6787,85.3168
2023-08-28T01:00,19.7,99,19.5,862.4,2.5,172,Pulchowk,27.6787,85.3168
2023-08-28T02:00,19.1,99,19.0,862.2,3.6,225,Pulchowk,27.6787,85.3168
2023-08-28T03:00,19.6,97,19.1,862.5,0.8,153,Pulchowk,27.6787,85.3168
2023-08-28T04:00,18.6,99,18.5,862.4,3.1,135,Pulchowk,27.6787,85.3168
2023-08-28T05:00,20.4,99,20.3,862.4,2.2,171,Pulchowk,27.6787,85.3168
2023-08-28T06:00,20.8,97,20.3,863.2,1.5,135,Pulchowk,27.6787,85.3168
2023-08-28T07:00,21.3,95,20.5,864.3,1.8,233,Pulchowk,27.6787,85.3168
2023-08-28T08:00,22.8,88,20.8,865.3,1.3,304,Pulchowk,27.6787,85.3168
2023-08-28T09:00,24.6,81,21.2,866.2,4.5,331,Pulchowk,27.6787,85.3168
2023-08-28T10:00,25.8,77,21.5,866.3,3.5,336,Pulchowk,27.6787,85.3168
2023-08-28T11:00,27.1,71,21.5,866.0,6.1,315,Pulchowk,27.6787,85.3168
2023-08-28T12:00,25.9,71,20.4,865.5,5.3,332,Pulchowk,27.6787,85.3168
2023-08-28T13:00,26.2,73,21.0,865.0,3.7,331,Pulchowk,27.6787,85.3168
2023-08-28T14:00,23.6,82,20.3,864.2,8.7,312,Pulchowk,27.6787,85.3168
2023-08-28T15:00,24.0,79,20.2,863.6,2.7,247,Pulchowk,27.6787,85.3168
2023-08-28T16:00,23.2,84,20.3,863.8,5.4,318,Pulchowk,27.6787,85.3168
2023-08-28T17:00,21.5,92,20.2,863.7,7.5,325,Pulchowk,27.6787,85.3168
2023-08-28T18:00,20.9,95,20.0,864.0,0.8,63,Pulchowk,27.6787,85.3168
2023-08-28T19:00,20.5,98,20.1,864.7,1.6,333,Pulchowk,27.6787,85.3168
2023-08-28T20:00,20.0,99,19.8,865.4,2.3,129,Pulchowk,27.6787,85.3168
2023-08-28T21:00,19.9,98,19.6,865.6,2.9,150,Pulchowk,27.6787,85.3168
2023-08-28T22:00,19.8,97,19.3,865.5,3.0,166,Pulchowk,27.6787,85.3168
2023-08-28T23:00,20.4,95,19.5,865.8,2.6,164,Pulchowk,27.6787,85.3168
2023-08-29T00:00,20.3,92,18.9,865.9,3.3,186,Pulchowk,27.6787,85.3168
2023-08-29T01:00,19.6,97,19.1,865.7,1.6,333,Pulchowk,27.6787,85.3168
2023-08-29T02:00,19.6,98,19.2,865.6,1.9,112,Pulchowk,27.6787,85.3168
2023-08-29T03:00,19.1,97,18.7,865.2,4.2,160,Pulchowk,27.6787,85.3168
2023-08-29T04:00,18.8,97,18.2,864.7,5.9,166,Pulchowk,27.6787,85.3168
2023-08-29T05:00,18.8,100,18.8,864.5,4.4,171,Pulchowk,27.6787,85.3168
2023-08-29T06:00,20.0,97,19.5,865.6,5.6,165,Pulchowk,27.6787,85.3168
2023-08-29T07:00,22.4,88,20.3,867.1,2.6,146,Pulchowk,27.6787,85.3168
2023-08-29T08:00,24.3,75,19.5,867.9,1.5,45,Pulchowk,27.6787,85.3168
2023-08-29T09:00,25.3,70,19.4,868.2,2.5,352,Pulchowk,27.6787,85.3168
2023-08-29T10:00,25.9,70,20.0,868.3,2.4,297,Pulchowk,27.6787,85.3168
2023-08-29T11:00,26.2,71,20.6,867.9,4.4,305,Pulchowk,27.6787,85.3168
2023-08-29T12:00,26.0,70,20.0,867.5,4.8,347,Pulchowk,27.6787,85.3168
2023-08-29T13:00,24.7,74,19.8,866.5,5.6,27,Pulchowk,27.6787,85.3168
2023-08-29T14:00,24.3,74,19.3,866.1,4.8,312,Pulchowk,27.6787,85.3168
2023-08-29T15:00,24.1,78,20.1,865.6,4.0,333,Pulchowk,27.6787,85.3168
2023-08-29T16:00,23.4,80,19.9,865.3,4.0,355,Pulchowk,27.6787,85.3168
2023-08-29T17:00,22.5,84,19.6,866.3,3.7,349,Pulchowk,27.6787,85.3168
2023-08-29T18:00,21.0,94,19.9,866.3,3.6,45,Pulchowk,27.6787,85.3168
2023-08-29T19:00,20.5,95,19.7,866.8,2.7,113,Pulchowk,27.6787,85.3168
2023-08-29T20:00,20.1,96,19.4,867.1,1.6,153,Pulchowk,27.6787,85.3168
2023-08-29T21:00,20.1,96,19.4,867.2,3.6,174,Pulchowk,27.6787,85.3168
2023-08-29T22:00,19.9,95,19.1,867.4,4.4,171,Pulchowk,27.6787,85.3168
2023-08-29T23:00,19.5,96,18.9,867.3,4.0,170,Pulchowk,27.6787,85.3168
2023-08-30T00:00,19.0,98,18.7,867.0,4.7,176,Pulchowk,27.6787,85.3168
2023-08-30T01:00,18.5,100,18.5,866.4,3.7,169,Pulchowk,27.6787,85.3168
2023-08-30T02:00,18.2,100,18.2,866.1,3.6,174,Pulchowk,27.6787,85.3168
2023-08-30T03:00,18.0,100,18.0,865.8,4.3,175,Pulchowk,27.6787,85.3168
2023-08-30T04:00,17.6,100,17.6,865.7,4.3,175,Pulchowk,27.6787,85.3168
2023-08-30T05:00,18.2,100,18.2,866.5,4.3,175,Pulchowk,27.6787,85.3168
2023-08-30T06:00,19.7,98,19.4,867.6,5.4,172,Pulchowk,27.6787,85.3168
2023-08-30T07:00,22.1,90,20.3,869.2,2.2,189,Pulchowk,27.6787,85.3168
2023-08-30T08:00,23.8,80,20.1,869.9,0.8,297,Pulchowk,27.6787,85.3168
2023-08-30T09:00,25.2,73,20.0,870.4,2.1,329,Pulchowk,27.6787,85.3168
2023-08-30T10:00,26.3,72,20.8,870.5,4.1,345,Pulchowk,27.6787,85.3168
2023-08-30T11:00,27.2,70,21.2,870.2,5.5,328,Pulchowk,27.6787,85.3168
2023-08-30T12:00,27.7,68,21.1,869.6,8.5,332,Pulchowk,27.6787,85.3168
2023-08-30T13:00,24.6,77,20.4,868.7,0.5,135,Pulchowk,27.6787,85.3168
2023-08-30T14:00,25.1,75,20.4,867.9,3.6,174,Pulchowk,27.6787,85.3168
2023-08-30T15:00,25.4,76,20.9,867.5,4.8,312,Pulchowk,27.6787,85.3168
2023-08-30T16:00,24.3,81,20.7,867.3,3.3,13,Pulchowk,27.6787,85.3168
2023-08-30T17:00,22.2,88,20.2,867.8,1.8,53,Pulchowk,27.6787,85.3168
2023-08-30T18:00,21.3,94,20.4,867.5,2.5,188,Pulchowk,27.6787,85.3168
2023-08-30T19:00,21.1,96,20.5,868.0,2.5,188,Pulchowk,27.6787,85.3168
2023-08-30T20:00,21.4,93,20.2,868.8,1.9,202,Pulchowk,27.6787,85.3168
2023-08-30T21:00,20.8,93,19.7,869.0,1.4,180,Pulchowk,27.6787,85.3168
2023-08-30T22:00,20.7,95,19.9,869.2,1.1,180,Pulchowk,27.6787,85.3168
2023-08-30T23:00,20.6,95,19.7,869.0,1.1,162,Pulchowk,27.6787,85.3168
2023-08-31T00:00,20.3,95,19.5,868.3,1.4,180,Pulchowk,27.6787,85.3168
2023-08-31T01:00,19.9,96,19.3,867.5,2.9,180,Pulchowk,27.6787,85.3168
2023-08-31T02:00,19.8,96,19.2,867.2,2.9,180,Pulchowk,27.6787,85.3168
2023-08-31T03:00,19.6,96,19.0,867.0,2.5,180,Pulchowk,27.6787,85.3168
2023-08-31T04:00,19.2,97,18.7,867.1,2.9,180,Pulchowk,27.6787,85.3168
2023-08-31T05:00,18.9,100,18.9,867.9,2.9,187,Pulchowk,27.6787,85.3168
2023-08-31T06:00,20.0,99,19.8,868.8,3.6,174,Pulchowk,27.6787,85.3168
2023-08-31T07:00,22.8,90,21.0,870.5,0.4,360,Pulchowk,27.6787,85.3168
2023-08-31T08:00,24.5,77,20.1,871.3,2.3,18,Pulchowk,27.6787,85.3168
2023-08-31T09:00,25.4,74,20.4,871.8,3.6,360,Pulchowk,27.6787,85.3168
2023-08-31T10:00,26.0,69,19.9,871.6,3.9,338,Pulchowk,27.6787,85.3168
2023-08-31T11:00,26.0,71,20.3,871.3,3.9,292,Pulchowk,27.6787,85.3168
2023-08-31T12:00,26.6,72,21.2,870.5,6.4,308,Pulchowk,27.6787,85.3168
2023-08-31T13:00,24.1,82,20.7,869.4,7.8,304,Pulchowk,27.6787,85.3168
2023-08-31T14:00,23.2,82,20.0,868.7,7.3,171,Pulchowk,27.6787,85.3168
2023-08-31T15:00,24.6,79,20.7,868.4,1.8,270,Pulchowk,27.6787,85.3168
2023-08-31T16:00,24.4,81,20.9,868.1,5.2,326,Pulchowk,27.6787,85.3168
2023-08-31T17:00,23.5,83,20.5,868.5,2.5,352,Pulchowk,27.6787,85.3168
2023-08-31T18:00,22.7,88,20.6,868.3,0.8,153,Pulchowk,27.6787,85.3168
2023-08-31T19:00,21.4,95,20.7,868.6,1.5,166,Pulchowk,27.6787,85.3168
2023-08-31T20:00,20.8,96,20.2,869.0,1.4,180,Pulchowk,27.6787,85.3168
2023-08-31T21:00,20.9,96,20.3,869.5,1.8,180,Pulchowk,27.6787,85.3168
2023-08-31T22:00,20.6,96,20.0,869.5,0.7,180,Pulchowk,27.6787,85.3168
2023-08-31T23:00,20.5,96,19.8,869.1,1.1,180,Pulchowk,27.6787,85.3168
2023-09-01T00:00,20.2,96,19.6,868.2,1.5,166,Pulchowk,27.6787,85.3168
2023-09-01T01:00,19.7,98,19.4,867.4,2.5,172,Pulchowk,27.6787,85.3168
2023-09-01T02:00,19.0,100,19.0,866.7,3.7,169,Pulchowk,27.6787,85.3168
2023-09-01T03:00,18.8,100,18.7,866.6,3.0,166,Pulchowk,27.6787,85.3168
2023-09-01T04:00,18.8,99,18.6,866.8,2.9,173,Pulchowk,27.6787,85.3168
2023-09-01T05:00,20.1,98,19.7,868.5,2.3,162,Pulchowk,27.6787,85.3168
2023-09-01T06:00,21.2,95,20.5,869.0,1.8,180,Pulchowk,27.6787,85.3168
2023-09-01T07:00,23.3,84,20.5,870.6,1.1,72,Pulchowk,27.6787,85.3168
2023-09-01T08:00,23.8,82,20.6,870.9,2.9,353,Pulchowk,27.6787,85.3168
2023-09-01T09:00,25.0,76,20.5,871.3,5.4,318,Pulchowk,27.6787,85.3168
2023-09-01T10:00,25.8,73,20.5,871.1,5.9,313,Pulchowk,27.6787,85.3168
2023-09-01T11:00,26.3,70,20.3,870.7,5.8,300,Pulchowk,27.6787,85.3168
2023-09-01T12:00,26.9,67,20.3,869.8,7.1,294,Pulchowk,27.6787,85.3168
2023-09-01T13:00,27.0,66,20.1,869.1,5.7,288,Pulchowk,27.6787,85.3168
2023-09-01T14:00,26.3,70,20.4,868.3,6.3,294,Pulchowk,27.6787,85.3168
2023-09-01T15:00,25.8,75,21.1,867.7,4.8,318,Pulchowk,27.6787,85.3168
2023-09-01T16:00,23.8,83,20.8,867.6,6.6,299,Pulchowk,27.6787,85.3168
2023-09-01T17:00,24.5,82,21.3,867.7,5.0,339,Pulchowk,27.6787,85.3168
2023-09-01T18:00,22.9,93,21.7,867.6,1.9,22,Pulchowk,27.6787,85.3168
2023-09-01T19:00,22.3,95,21.4,867.6,0.8,153,Pulchowk,27.6787,85.3168
2023-09-01T20:00,22.2,94,21.1,868.2,1.5,166,Pulchowk,27.6787,85.3168
2023-09-01T21:00,21.7,95,20.9,868.6,3.8,163,Pulchowk,27.6787,85.3168
2023-09-01T22:00,21.1,96,20.4,868.5,4.4,171,Pulchowk,27.6787,85.3168
2023-09-01T23:00,20.6,97,20.1,867.9,4.8,167,Pulchowk,27.6787,85.3168
2023-09-02T00:00,20.0,99,19.9,867.0,4.8,167,Pulchowk,27.6787,85.3168
2023-09-02T01:00,19.7,99,19.6,866.2,5.2,168,Pulchowk,27.6787,85.3168
2023-09-02T02:00,19.3,100,19.2,865.7,4.5,166,Pulchowk,27.6787,85.3168
2023-09-02T03:00,18.9,100,18.9,865.3,3.3,167,Pulchowk,27.6787,85.3168
2023-09-02T04:00,18.6,100,18.6,865.4,2.5,172,Pulchowk,27.6787,85.3168
2023-09-02T05:00,19.5,100,19.5,866.7,2.6,164,Pulchowk,27.6787,85.3168
2023-09-02T06:00,21.2,95,20.4,867.9,4.0,175,Pulchowk,27.6787,85.3168
2023-09-02T07:00,23.8,86,21.4,869.0,1.3,34,Pulchowk,27.6787,85.3168
2023-09-02T08:00,25.5,79,21.6,869.4,1.8,11,Pulchowk,27.6787,85.3168
2023-09-02T09:00,26.7,73,21.5,869.8,3.4,342,Pulchowk,27.6787,85.3168
2023-09-02T10:00,27.3,70,21.4,869.6,3.2,297,Pulchowk,27.6787,85.3168
2023-09-02T11:00,28.2,66,21.3,869.3,4.0,297,Pulchowk,27.6787,85.3168
2023-09-02T12:00,28.1,66,21.3,868.4,5.1,266,Pulchowk,27.6787,85.3168
2023-09-02T13:00,25.7,75,20.9,867.7,4.8,153,Pulchowk,27.6787,85.3168
2023-09-02T14:00,24.6,78,20.5,866.7,3.6,307,Pulchowk,27.6787,85.3168
2023-09-02T15:00,24.5,80,20.9,866.4,2.9,330,Pulchowk,27.6787,85.3168
2023-09-02T16:00,23.9,86,21.4,866.2,4.6,321,Pulchowk,27.6787,85.3168
2023-09-02T17:00,23.1,88,21.0,865.8,3.1,144,Pulchowk,27.6787,85.3168
2023-09-02T18:00,21.9,95,21.0,865.8,3.5,114,Pulchowk,27.6787,85.3168
2023-09-02T19:00,21.8,95,21.0,866.4,3.2,180,Pulchowk,27.6787,85.3168
2023-09-02T20:00,21.5,96,20.8,866.6,3.6,174,Pulchowk,27.6787,85.3168
2023-09-02T21:00,21.0,97,20.5,867.1,1.4,180,Pulchowk,27.6787,85.3168
2023-09-02T22:00,20.9,97,20.3,867.5,1.8,169,Pulchowk,27.6787,85.3168
2023-09-02T23:00,20.9,96,20.2,867.7,3.7,169,Pulchowk,27.6787,85.3168
2023-09-03T00:00,20.7,97,20.1,867.6,5.2,164,Pulchowk,27.6787,85.3168
2023-09-03T01:00,20.6,96,20.0,866.9,7.1,165,Pulchowk,27.6787,85.3168
2023-09-03T02:00,20.5,96,19.9,866.5,6.6,167,Pulchowk,27.6787,85.3168
2023-09-03T03:00,20.2,97,19.7,866.1,7.8,167,Pulchowk,27.6787,85.3168
2023-09-03T04:00,19.8,98,19.5,865.8,3.3,167,Pulchowk,27.6787,85.3168
2023-09-03T05:00,19.8,95,19.1,866.1,2.9,173,Pulchowk,27.6787,85.3168
2023-09-03T06:00,21.1,92,19.7,867.0,6.6,167,Pulchowk,27.6787,85.3168
2023-09-03T07:00,23.5,86,20.9,868.4,4.7,157,Pulchowk,27.6787,85.3168
2023-09-03T08:00,25.8,75,21.1,869.4,2.2,99,Pulchowk,27.6787,85.3168
2023-09-03T09:00,27.5,70,21.5,869.8,1.3,56,Pulchowk,27.6787,85.3168
2023-09-03T10:00,28.6,67,21.9,869.8,1.1,18,Pulchowk,27.6787,85.3168
2023-09-03T11:00,26.9,71,21.1,869.4,5.4,180,Pulchowk,27.6787,85.3168
2023-09-03T12:00,26.8,70,20.9,868.4,0.4,90,Pulchowk,27.6787,85.3168
2023-09-03T13:00,26.9,72,21.5,867.4,4.9,324,Pulchowk,27.6787,85.3168
2023-09-03T14:00,26.2,77,21.9,866.5,2.3,321,Pulchowk,27.6787,85.3168
2023-09-03T15:00,25.4,79,21.5,865.9,4.8,333,Pulchowk,27.6787,85.3168
2023-09-03T16:00,24.3,82,21.0,865.7,5.7,342,Pulchowk,27.6787,85.3168
2023-09-03T17:00,23.6,79,19.7,865.6,2.4,153,Pulchowk,27.6787,85.3168
2023-09-03T18:00,22.8,84,20.0,865.8,3.7,151,Pulchowk,27.6787,85.3168
2023-09-03T19:00,22.2,87,20.0,866.3,3.3,167,Pulchowk,27.6787,85.3168
2023-09-03T20:00,21.3,92,19.9,866.8,5.1,172,Pulchowk,27.6787,85.3168
2023-09-03T21:00,20.4,95,19.6,867.3,5.9,166,Pulchowk,27.6787,85.3168
2023-09-03T22:00,20.3,95,19.4,867.7,4.9,163,Pulchowk,27.6787,85.3168
2023-09-03T23:00,20.3,93,19.2,867.3,5.8,176,Pulchowk,27.6787,85.3168
2023-09-04T00:00,19.7,95,18.8,866.3,6.0,163,Pulchowk,27.6787,85.3168
2023-09-04T01:00,19.6,93,18.5,865.5,5.9,169,Pulchowk,27.6787,85.3168
2023-09-04T02:00,19.6,91,18.1,864.8,5.1,172,Pulchowk,27.6787,85.3168
2023-09-04T03:00,19.4,90,17.8,864.3,5.1,172,Pulchowk,27.6787,85.3168
2023-09-04T04:00,19.4,89,17.6,864.1,4.0,175,Pulchowk,27.6787,85.3168
2023-09-04T05:00,19.7,92,18.3,865.3,1.5,166,Pulchowk,27.6787,85.3168
2023-09-04T06:00,21.3,88,19.3,866.6,2.2,180,Pulchowk,27.6787,85.3168
2023-09-04T07:00,24.0,77,19.7,868.4,3.1,144,Pulchowk,27.6787,85.3168
2023-09-04T08:00,25.9,70,19.9,869.1,2.2,99,Pulchowk,27.6787,85.3168
2023-09-04T09:00,26.9,66,20.0,869.5,1.8,53,Pulchowk,27.6787,85.3168
2023-09-04T10:00,28.0,60,19.5,869.7,2.9,30,Pulchowk,27.6787,85.3168
2023-09-04T11:00,28.7,57,19.5,869.2,6.9,354,Pulchowk,27.6787,85.3168
2023-09-04T12:00,25.7,69,19.6,868.2,3.8,253,Pulchowk,27.6787,85.3168
2023-09-04T13:00,26.5,65,19.3,867.4,4.7,94,Pulchowk,27.6787,85.3168
2023-09-04T14:00,25.5,71,19.9,866.6,5.1,51,Pulchowk,27.6787,85.3168
2023-09-04T15:00,24.4,75,19.6,865.8,0.5,135,Pulchowk,27.6787,85.3168
2023-09-04T16:00,24.9,72,19.6,865.6,2.0,135,Pulchowk,27.6787,85.3168
2023-09-04T17:00,22.7,79,18.9,866.7,2.9,353,Pulchowk,27.6787,85.3168
2023-09-04T18:00,21.7,85,19.0,866.4,5.4,180,Pulchowk,27.6787,85.3168
2023-09-04T19:00,21.2,88,19.0,867.0,5.4,176,Pulchowk,27.6787,85.3168
2023-09-04T20:00,20.9,90,19.2,867.4,3.2,180,Pulchowk,27.6787,85.3168
2023-09-04T21:00,20.4,92,19.0,867.3,4.7,171,Pulchowk,27.6787,85.3168
2023-09-04T22:00,20.1,93,18.9,867.5,2.9,173,Pulchowk,27.6787,85.3168
2023-09-04T23:00,19.9,94,18.9,867.4,2.9,173,Pulchowk,27.6787,85.3168
2023-09-05T00:00,20.0,93,18.9,867.1,3.3,174,Pulchowk,27.6787,85.3168
2023-09-05T01:00,19.9,93,18.8,866.5,4.3,175,Pulchowk,27.6787,85.3168
2023-09-05T02:00,19.5,93,18.4,865.9,4.0,170,Pulchowk,27.6787,85.3168
2023-09-05T03:00,19.3,92,18.0,865.6,4.7,171,Pulchowk,27.6787,85.3168
2023-09-05T04:00,19.3,90,17.7,865.3,4.4,171,Pulchowk,27.6787,85.3168
2023-09-05T05:00,20.6,87,18.4,867.0,2.2,180,Pulchowk,27.6787,85.3168
2023-09-05T06:00,21.4,86,19.0,867.6,4.8,167,Pulchowk,27.6787,85.3168
2023-09-05T07:00,23.0,79,19.3,868.7,4.3,175,Pulchowk,27.6787,85.3168
2023-09-05T08:00,23.7,72,18.3,869.3,0.8,117,Pulchowk,27.6787,85.3168
2023-09-05T09:00,24.9,67,18.3,870.2,1.1,252,Pulchowk,27.6787,85.3168
2023-09-05T10:00,24.8,70,18.9,870.3,2.1,329,Pulchowk,27.6787,85.3168
2023-09-05T11:00,24.6,75,19.9,869.8,3.9,326,Pulchowk,27.6787,85.3168
2023-09-05T12:00,25.1,75,20.3,869.4,4.1,322,Pulchowk,27.6787,85.3168
2023-09-05T13:00,25.7,72,20.2,868.6,5.2,335,Pulchowk,27.6787,85.3168
2023-09-05T14:00,25.6,71,20.1,867.1,4.8,333,Pulchowk,27.6787,85.3168
2023-09-05T15:00,26.2,67,19.6,866.2,2.3,342,Pulchowk,27.6787,85.3168
2023-09-05T16:00,25.8,67,19.2,865.7,1.9,338,Pulchowk,27.6787,85.3168
2023-09-05T17:00,24.3,65,17.2,866.6,2.2,99,Pulchowk,27.6787,85.3168
2023-09-05T18:00,22.4,78,18.4,866.4,1.8,143,Pulchowk,27.6787,85.3168
2023-09-05T19:00,22.6,75,17.8,867.4,2.5,172,Pulchowk,27.6787,85.3168
2023-09-05T20:00,22.0,77,17.9,867.7,4.5,166,Pulchowk,27.6787,85.3168
2023-09-05T21:00,21.5,80,17.9,867.8,4.0,175,Pulchowk,27.6787,85.3168
2023-09-05T22:00,21.3,81,17.9,868.0,3.3,167,Pulchowk,27.6787,85.3168
2023-09-05T23:00,20.8,82,17.6,867.7,2.3,162,Pulchowk,27.6787,85.3168
2023-09-06T00:00,20.4,82,17.1,867.5,2.2,171,Pulchowk,27.6787,85.3168
2023-09-06T01:00,20.2,83,17.3,867.1,3.6,174,Pulchowk,27.6787,85.3168
2023-09-06T02:00,19.9,86,17.5,866.6,3.7,169,Pulchowk,27.6787,85.3168
2023-09-06T03:00,19.6,89,17.7,866.3,4.0,170,Pulchowk,27.6787,85.3168
2023-09-06T04:00,19.5,90,17.8,866.3,4.0,170,Pulchowk,27.6787,85.3168
2023-09-06T05:00,19.9,83,16.9,867.7,4.1,165,Pulchowk,27.6787,85.3168
2023-09-06T06:00,20.4,85,17.8,868.1,6.2,170,Pulchowk,27.6787,85.3168
2023-09-06T07:00,24.1,73,19.0,870.1,2.1,149,Pulchowk,27.6787,85.3168
2023-09-06T08:00,25.4,63,18.0,870.8,1.6,27,Pulchowk,27.6787,85.3168
2023-09-06T09:00,26.9,58,18.0,871.0,2.1,31,Pulchowk,27.6787,85.3168
2023-09-06T10:00,27.9,57,18.7,871.2,4.0,5,Pulchowk,27.6787,85.3168
2023-09-06T11:00,27.5,53,17.1,871.2,1.6,27,Pulchowk,27.6787,85.3168
2023-09-06T12:00,26.9,57,17.7,870.4,2.5,360,Pulchowk,27.6787,85.3168
2023-09-06T13:00,27.9,57,18.5,869.6,4.2,340,Pulchowk,27.6787,85.3168
2023-09-06T14:00,27.4,61,19.1,868.1,5.8,338,Pulchowk,27.6787,85.3168
2023-09-06T15:00,27.3,61,19.1,866.8,4.7,337,Pulchowk,27.6787,85.3168
2023-09-06T16:00,26.8,61,18.8,866.4,2.9,353,Pulchowk,27.6787,85.3168
2023-09-06T17:00,24.8,72,19.4,867.3,2.3,198,Pulchowk,27.6787,85.3168
2023-09-06T18:00,23.3,80,19.6,867.8,3.5,156,Pulchowk,27.6787,85.3168
2023-09-06T19:00,22.4,83,19.5,868.6,3.0,166,Pulchowk,27.6787,85.3168
2023-09-06T20:00,22.2,82,18.9,869.5,2.6,164,Pulchowk,27.6787,85.3168
2023-09-06T21:00,21.2,85,18.6,869.4,5.9,169,Pulchowk,27.6787,85.3168
2023-09-06T22:00,20.9,85,18.3,869.1,6.4,164,Pulchowk,27.6787,85.3168
2023-09-06T23:00,20.6,84,17.8,868.4,6.6,167,Pulchowk,27.6787,85.3168
2023-09-07T00:00,20.2,84,17.5,867.6,6.6,171,Pulchowk,27.6787,85.3168
2023-09-07T01:00,19.5,87,17.3,867.3,5.5,169,Pulchowk,27.6787,85.3168
2023-09-07T02:00,19.7,87,17.5,867.2,2.9,173,Pulchowk,27.6787,85.3168
2023-09-07T03:00,19.8,86,17.5,867.1,2.9,173,Pulchowk,27.6787,85.3168
2023-09-07T04:00,19.9,84,17.2,867.1,2.5,172,Pulchowk,27.6787,85.3168
2023-09-07T05:00,20.2,86,17.8,868.0,1.8,180,Pulchowk,27.6787,85.3168
2023-09-07T06:00,21.3,83,18.4,869.1,4.3,175,Pulchowk,27.6787,85.3168
2023-09-07T07:00,23.5,73,18.4,870.1,0.7,270,Pulchowk,27.6787,85.3168
2023-09-07T08:00,24.3,71,18.7,870.2,1.6,297,Pulchowk,27.6787,85.3168
2023-09-07T09:00,25.9,64,18.5,870.4,1.5,104,Pulchowk,27.6787,85.3168
2023-09-07T10:00,27.6,56,18.1,870.4,1.4,90,Pulchowk,27.6787,85.3168
2023-09-07T11:00,28.7,55,18.6,870.2,2.3,309,Pulchowk,27.6787,85.3168
2023-09-07T12:00,27.7,61,19.6,869.1,6.7,286,Pulchowk,27.6787,85.3168
2023-09-07T13:00,26.8,69,20.7,868.1,5.6,315,Pulchowk,27.6787,85.3168
2023-09-07T14:00,27.5,69,21.2,867.2,5.1,4,Pulchowk,27.6787,85.3168
2023-09-07T15:00,26.3,71,20.7,866.1,4.8,333,Pulchowk,27.6787,85.3168
2023-09-07T16:00,25.3,73,20.2,866.3,0.7,180,Pulchowk,27.6787,85.3168
2023-09-07T17:00,23.8,79,20.0,867.0,4.0,185,Pulchowk,27.6787,85.3168
2023-09-07T18:00,22.6,86,20.1,867.0,3.2,180,Pulchowk,27.6787,85.3168
2023-09-07T19:00,21.7,90,20.0,868.4,4.7,180,Pulchowk,27.6787,85.3168
2023-09-07T20:00,21.6,91,20.2,869.1,1.6,153,Pulchowk,27.6787,85.3168
2023-09-07T21:00,20.6,93,19.4,870.0,7.1,150,Pulchowk,27.6787,85.3168
2023-09-07T22:00,20.8,93,19.6,869.8,4.2,160,Pulchowk,27.6787,85.3168
2023-09-07T23:00,20.1,96,19.5,868.9,1.8,169,Pulchowk,27.6787,85.3168
2023-09-08T00:00,19.9,97,19.4,867.9,3.3,174,Pulchowk,27.6787,85.3168
2023-09-08T01:00,19.7,97,19.1,867.0,2.2,180,Pulchowk,27.6787,85.3168
2023-09-08T02:00,19.6,95,18.8,866.4,2.2,180,Pulchowk,27.6787,85.3168
2023-09-08T03:00,19.4,94,18.4,865.8,2.5,180,Pulchowk,27.6787,85.3168
2023-09-08T04:00,19.2,94,18.2,865.9,2.5,180,Pulchowk,27.6787,85.3168
2023-09-08T05:00,19.5,93,18.3,866.8,3.8,163,Pulchowk,27.6787,85.3168
2023-09-08T06:00,20.2,94,19.3,867.5,4.4,171,Pulchowk,27.6787,85.3168
2023-09-08T07:00,22.6,85,20.0,869.3,3.7,151,Pulchowk,27.6787,85.3168
2023-09-08T08:00,24.3,77,20.0,870.0,3.0,14,Pulchowk,27.6787,85.3168
2023-09-08T09:00,25.5,73,20.3,870.4,3.0,346,Pulchowk,27.6787,85.3168
2023-09-08T10:00,26.5,66,19.6,870.3,5.2,326,Pulchowk,27.6787,85.3168
2023-09-08T11:00,27.1,64,19.6,869.8,6.9,332,Pulchowk,27.6787,85.3168
2023-09-08T12:00,24.6,77,20.4,868.8,2.2,81,Pulchowk,27.6787,85.3168
2023-09-08T13:00,23.7,80,20.1,868.0,2.9,150,Pulchowk,27.6787,85.3168
2023-09-08T14:00,23.5,82,20.3,867.4,4.2,59,Pulchowk,27.6787,85.3168
2023-09-08T15:00,24.1,82,20.7,867.3,3.1,144,Pulchowk,27.6787,85.3168
2023-09-08T16:00,23.5,84,20.6,866.7,1.6,27,Pulchowk,27.6787,85.3168
2023-09-08T17:00,22.8,84,20.0,867.0,1.1,162,Pulchowk,27.6787,85.3168
2023-09-08T18:00,22.0,90,20.3,867.2,2.1,149,Pulchowk,27.6787,85.3168
2023-09-08T19:00,21.8,91,20.2,868.2,2.7,157,Pulchowk,27.6787,85.3168
2023-09-08T20:00,21.7,90,19.9,869.0,3.8,163,Pulchowk,27.6787,85.3168
2023-09-08T21:00,21.3,90,19.6,869.5,0.0,270,Pulchowk,27.6787,85.3168
2023-09-08T22:00,21.0,94,20.0,869.5,1.5,135,Pulchowk,27.6787,85.3168
2023-09-08T23:00,20.9,96,20.2,868.9,1.6,27,Pulchowk,27.6787,85.3168
2023-09-09T00:00,20.7,97,20.2,868.0,1.1,90,Pulchowk,27.6787,85.3168
2023-09-09T01:00,20.5,98,20.1,867.1,1.5,135,Pulchowk,27.6787,85.3168
2023-09-09T02:00,20.2,98,19.9,866.4,2.1,149,Pulchowk,27.6787,85.3168
2023-09-09T03:00,20.2,98,19.8,866.6,1.8,169,Pulchowk,27.6787,85.3168
2023-09-09T04:00,20.0,98,19.7,866.8,1.6,153,Pulchowk,27.6787,85.3168
2023-09-09T05:00,19.7,96,19.1,867.3,1.1,162,Pulchowk,27.6787,85.3168
2023-09-09T06:00,20.7,93,19.6,868.3,3.9,158,Pulchowk,27.6787,85.3168
2023-09-09T07:00,21.4,91,19.8,869.2,3.3,139,Pulchowk,27.6787,85.3168
2023-09-09T08:00,22.0,86,19.6,869.8,2.0,135,Pulchowk,27.6787,85.3168
2023-09-09T09:00,23.3,80,19.7,870.3,0.7,90,Pulchowk,27.6787,85.3168
2023-09-09T10:00,24.1,77,19.8,870.0,3.6,37,Pulchowk,27.6787,85.3168
2023-09-09T11:00,24.3,77,20.1,869.3,4.3,90,Pulchowk,27.6787,85.3168
2023-09-09T12:00,23.0,84,20.1,868.2,2.6,146,Pulchowk,27.6787,85.3168
2023-09-09T13:00,24.6,76,20.0,867.6,1.0,45,Pulchowk,27.6787,85.3168
2023-09-09T14:00,25.8,73,20.6,866.5,1.9,22,Pulchowk,27.6787,85.3168
2023-09-09T15:00,25.3,75,20.6,866.2,2.5,45,Pulchowk,27.6787,85.3168
2023-09-09T16:00,22.6,89,20.8,866.3,1.5,104,Pulchowk,27.6787,85.3168
2023-09-09T17:00,23.1,88,21.0,867.1,1.1,180,Pulchowk,27.6787,85.3168
2023-09-09T18:00,21.2,98,20.8,867.4,4.6,141,Pulchowk,27.6787,85.3168
2023-09-09T19:00,21.0,95,20.3,868.0,5.6,140,Pulchowk,27.6787,85.3168
2023-09-09T20:00,21.2,93,20.0,868.5,2.9,150,Pulchowk,27.6787,85.3168
2023-09-09T21:00,21.0,94,20.0,868.4,2.5,135,Pulchowk,27.6787,85.3168
2023-09-09T22:00,20.9,93,19.8,867.9,3.9,146,Pulchowk,27.6787,85.3168
2023-09-09T23:00,20.9,92,19.6,867.7,4.4,171,Pulchowk,27.6787,85.3168
2023-09-10T00:00,20.2,94,19.3,866.4,3.0,166,Pulchowk,27.6787,85.3168
2023-09-10T01:00,19.9,94,19.0,865.7,3.3,174,Pulchowk,27.6787,85.3168
2023-09-10T02:00,19.6,96,18.9,865.4,3.4,162,Pulchowk,27.6787,85.3168
2023-09-10T03:00,19.3,96,18.7,865.3,3.0,166,Pulchowk,27.6787,85.3168
2023-09-10T04:00,19.4,97,18.8,865.6,3.5,156,Pulchowk,27.6787,85.3168
2023-09-10T05:00,20.3,94,19.4,866.4,4.8,153,Pulchowk,27.6787,85.3168
2023-09-10T06:00,20.9,92,19.6,867.0,4.2,149,Pulchowk,27.6787,85.3168
2023-09-10T07:00,22.4,87,20.1,868.1,2.6,146,Pulchowk,27.6787,85.3168
2023-09-10T08:00,24.1,77,19.8,868.9,1.1,108,Pulchowk,27.6787,85.3168
2023-09-10T09:00,24.9,77,20.6,869.4,2.3,18,Pulchowk,27.6787,85.3168
2023-09-10T10:00,26.0,72,20.5,868.9,2.7,23,Pulchowk,27.6787,85.3168
2023-09-10T11:00,25.7,76,21.2,868.1,4.2,290,Pulchowk,27.6787,85.3168
2023-09-10T12:00,23.5,81,20.1,867.1,4.1,195,Pulchowk,27.6787,85.3168
2023-09-10T13:00,23.5,82,20.3,866.3,2.5,360,Pulchowk,27.6787,85.3168
2023-09-10T14:00,23.8,82,20.5,865.5,1.6,27,Pulchowk,27.6787,85.3168
2023-09-10T15:00,24.3,81,20.9,864.8,4.1,15,Pulchowk,27.6787,85.3168
2023-09-10T16:00,24.2,82,21.0,864.8,1.1,342,Pulchowk,27.6787,85.3168
2023-09-10T17:00,24.0,83,20.9,866.1,2.3,309,Pulchowk,27.6787,85.3168
2023-09-10T18:00,22.9,87,20.6,866.2,2.6,344,Pulchowk,27.6787,85.3168
2023-09-10T19:00,21.3,95,20.4,866.4,1.8,127,Pulchowk,27.6787,85.3168
2023-09-10T20:00,21.1,95,20.2,866.6,4.1,165,Pulchowk,27.6787,85.3168
2023-09-10T21:00,20.6,96,19.9,866.4,5.1,172,Pulchowk,27.6787,85.3168
2023-09-10T22:00,20.2,96,19.5,866.3,4.7,171,Pulchowk,27.6787,85.3168
2023-09-10T23:00,19.8,96,19.2,866.1,4.0,180,Pulchowk,27.6787,85.3168
2023-09-11T00:00,19.4,97,18.9,865.4,5.5,169,Pulchowk,27.6787,85.3168
2023-09-11T01:00,19.4,95,18.6,865.0,5.4,172,Pulchowk,27.6787,85.3168
2023-09-11T02:00,19.0,96,18.3,864.5,4.7,176,Pulchowk,27.6787,85.3168
2023-09-11T03:00,18.8,96,18.2,864.2,3.6,174,Pulchowk,27.6787,85.3168
2023-09-11T04:00,18.6,97,18.0,863.8,2.5,172,Pulchowk,27.6787,85.3168
2023-09-11T05:00,18.5,99,18.4,864.2,4.0,175,Pulchowk,27.6787,85.3168
2023-09-11T06:00,19.7,95,18.9,864.8,6.2,173,Pulchowk,27.6787,85.3168
2023-09-11T07:00,23.1,84,20.3,866.8,2.6,196,Pulchowk,27.6787,85.3168
2023-09-11T08:00,24.7,75,20.1,868.0,3.6,307,Pulchowk,27.6787,85.3168
2023-09-11T09:00,25.2,76,20.7,868.6,5.6,315,Pulchowk,27.6787,85.3168
2023-09-11T10:00,25.6,76,21.0,868.8,5.3,332,Pulchowk,27.6787,85.3168
2023-09-11T11:00,26.2,77,21.8,867.9,4.0,350,Pulchowk,27.6787,85.3168
2023-09-11T12:00,25.8,73,20.7,866.8,5.9,313,Pulchowk,27.6787,85.3168
2023-09-11T13:00,26.3,71,20.6,865.9,5.2,304,Pulchowk,27.6787,85.3168
2023-09-11T14:00,26.0,74,21.1,864.5,2.6,326,Pulchowk,27.6787,85.3168
2023-09-11T15:00,25.9,76,21.3,863.8,5.1,321,Pulchowk,27.6787,85.3168
2023-09-11T16:00,25.0,79,21.2,864.0,5.6,310,Pulchowk,27.6787,85.3168
2023-09-11T17:00,23.0,86,20.5,865.2,2.8,310,Pulchowk,27.6787,85.3168
2023-09-11T18:00,22.0,94,21.0,865.3,1.3,124,Pulchowk,27.6787,85.3168
2023-09-11T19:00,21.7,96,21.0,865.9,2.1,121,Pulchowk,27.6787,85.3168
2023-09-11T20:00,21.2,97,20.7,866.2,4.2,160,Pulchowk,27.6787,85.3168
2023-09-11T21:00,20.9,97,20.4,866.6,3.3,174,Pulchowk,27.6787,85.3168
2023-09-11T22:00,20.4,97,19.9,866.3,2.5,180,Pulchowk,27.6787,85.3168
2023-09-11T23:00,20.0,98,19.6,866.2,2.9,180,Pulchowk,27.6787,85.3168
2023-09-12T00:00,19.9,97,19.4,865.7,1.8,180,Pulchowk,27.6787,85.3168
2023-09-12T01:00,20.1,97,19.7,865.3,1.1,198,Pulchowk,27.6787,85.3168
2023-09-12T02:00,19.6,98,19.3,864.8,0.7,180,Pulchowk,27.6787,85.3168
2023-09-12T03:00,19.6,97,19.1,864.4,1.1,180,Pulchowk,27.6787,85.3168
2023-09-12T04:00,19.2,98,18.8,864.6,1.4,180,Pulchowk,27.6787,85.3168
2023-09-12T05:00,19.6,98,19.2,865.8,0.5,225,Pulchowk,27.6787,85.3168
2023-09-12T06:00,20.7,95,19.9,866.4,2.2,180,Pulchowk,27.6787,85.3168
2023-09-12T07:00,22.4,89,20.5,867.7,1.9,112,Pulchowk,27.6787,85.3168
2023-09-12T08:00,24.0,81,20.5,868.4,2.6,34,Pulchowk,27.6787,85.3168
2023-09-12T09:00,25.1,75,20.4,868.7,2.9,330,Pulchowk,27.6787,85.3168
2023-09-12T10:00,25.8,72,20.3,868.3,3.0,346,Pulchowk,27.6787,85.3168
2023-09-12T11:00,26.7,68,20.4,867.4,2.4,333,Pulchowk,27.6787,85.3168
2023-09-12T12:00,26.6,69,20.4,866.9,4.4,279,Pulchowk,27.6787,85.3168
2023-09-12T13:00,26.4,70,20.4,866.2,5.2,295,Pulchowk,27.6787,85.3168
2023-09-12T14:00,25.6,73,20.4,865.4,6.3,294,Pulchowk,27.6787,85.3168
2023-09-12T15:00,25.6,73,20.5,864.9,4.6,321,Pulchowk,27.6787,85.3168
2023-09-12T16:00,25.1,75,20.4,865.5,4.0,297,Pulchowk,27.6787,85.3168
2023-09-12T17:00,23.5,83,20.5,865.7,3.0,346,Pulchowk,27.6787,85.3168
2023-09-12T18:00,22.3,90,20.6,866.1,3.6,354,Pulchowk,27.6787,85.3168
2023-09-12T19:00,21.3,95,20.4,866.8,1.8,127,Pulchowk,27.6787,85.3168
2023-09-12T20:00,21.2,96,20.5,867.6,3.3,167,Pulchowk,27.6787,85.3168
2023-09-12T21:00,21.0,96,20.4,867.7,2.6,164,Pulchowk,27.6787,85.3168
2023-09-12T22:00,20.9,96,20.3,867.5,2.2,180,Pulchowk,27.6787,85.3168
2023-09-12T23:00,20.8,96,20.1,867.2,2.2,171,Pulchowk,27.6787,85.3168
2023-09-13T00:00,21.0,94,20.1,866.9,0.4,180,Pulchowk,27.6787,85.3168
2023-09-13T01:00,20.6,95,19.7,866.4,0.5,135,Pulchowk,27.6787,85.3168
2023-09-13T02:00,20.5,95,19.6,866.0,0.4,180,Pulchowk,27.6787,85.3168
2023-09-13T03:00,20.3,94,19.3,865.7,1.6,207,Pulchowk,27.6787,85.3168
2023-09-13T04:00,19.5,96,18.9,865.5,1.4,180,Pulchowk,27.6787,85.3168
2023-09-13T05:00,19.8,99,19.7,866.4,0.7,180,Pulchowk,27.6787,85.3168
2023-09-13T06:00,20.7,98,20.4,866.8,1.5,256,Pulchowk,27.6787,85.3168
2023-09-13T07:00,22.4,88,20.3,867.6,1.8,143,Pulchowk,27.6787,85.3168
2023-09-13T08:00,24.1,80,20.4,868.5,1.9,68,Pulchowk,27.6787,85.3168
2023-09-13T09:00,25.7,73,20.4,869.3,2.6,34,Pulchowk,27.6787,85.3168
2023-09-13T10:00,27.3,68,20.8,869.2,4.2,20,Pulchowk,27.6787,85.3168
2023-09-13T11:00,28.1,65,20.8,868.8,3.4,342,Pulchowk,27.6787,85.3168
2023-09-13T12:00,27.5,68,21.1,867.9,6.5,326,Pulchowk,27.6787,85.3168
2023-09-13T13:00,26.2,72,20.7,867.5,3.7,169,Pulchowk,27.6787,85.3168
2023-09-13T14:00,25.1,76,20.5,866.6,3.0,14,Pulchowk,27.6787,85.3168
2023-09-13T15:00,24.4,79,20.5,866.5,2.2,351,Pulchowk,27.6787,85.3168
2023-09-13T16:00,23.6,84,20.7,865.7,3.4,342,Pulchowk,27.6787,85.3168
2023-09-13T17:00,24.3,84,21.4,866.0,2.6,16,Pulchowk,27.6787,85.3168
2023-09-13T18:00,23.1,90,21.5,865.9,1.1,162,Pulchowk,27.6787,85.3168
2023-09-13T19:00,22.3,93,21.1,866.7,2.6,164,Pulchowk,27.6787,85.3168
2023-09-13T20:00,21.8,94,20.8,867.9,3.7,169,Pulchowk,27.6787,85.3168
2023-09-13T21:00,21.5,95,20.7,868.7,3.6,174,Pulchowk,27.6787,85.3168
2023-09-13T22:00,21.3,95,20.5,868.5,4.7,171,Pulchowk,27.6787,85.3168
2023-09-13T23:00,21.1,95,20.4,868.5,5.9,166,Pulchowk,27.6787,85.3168
2023-09-14T00:00,20.7,97,20.2,867.9,4.4,171,Pulchowk,27.6787,85.3168
2023-09-14T01:00,20.2,98,19.9,867.0,5.2,168,Pulchowk,27.6787,85.3168
2023-09-14T02:00,19.6,99,19.5,866.1,6.2,170,Pulchowk,27.6787,85.3168
2023-09-14T03:00,19.4,100,19.3,866.0,3.6,174,Pulchowk,27.6787,85.3168
2023-09-14T04:00,19.4,98,19.0,866.5,1.1,180,Pulchowk,27.6787,85.3168
2023-09-14T05:00,20.3,97,19.8,867.8,1.1,162,Pulchowk,27.6787,85.3168
2023-09-14T06:00,20.9,96,20.3,868.6,2.2,180,Pulchowk,27.6787,85.3168
2023-09-14T07:00,22.8,91,21.3,869.6,1.8,191,Pulchowk,27.6787,85.3168
2023-09-14T08:00,24.8,80,21.2,870.4,0.4,360,Pulchowk,27.6787,85.3168
2023-09-14T09:00,26.4,72,21.0,870.8,1.8,323,Pulchowk,27.6787,85.3168
2023-09-14T10:00,26.5,69,20.4,871.0,5.9,313,Pulchowk,27.6787,85.3168
2023-09-14T11:00,25.8,75,21.0,870.4,2.2,9,Pulchowk,27.6787,85.3168
2023-09-14T12:00,26.5,69,20.3,870.2,4.7,302,Pulchowk,27.6787,85.3168
2023-09-14T13:00,26.6,70,20.7,868.9,5.4,318,Pulchowk,27.6787,85.3168
2023-09-14T14:00,25.5,78,21.4,867.8,4.7,9,Pulchowk,27.6787,85.3168
2023-09-14T15:00,25.5,79,21.5,866.7,6.0,343,Pulchowk,27.6787,85.3168
2023-09-14T16:00,24.9,80,21.2,866.0,4.7,328,Pulchowk,27.6787,85.3168
2023-09-14T17:00,23.7,85,21.0,867.1,1.3,326,Pulchowk,27.6787,85.3168
2023-09-14T18:00,22.6,92,21.2,867.4,1.6,153,Pulchowk,27.6787,85.3168
2023-09-14T19:00,22.2,93,21.0,868.3,2.4,153,Pulchowk,27.6787,85.3168
2023-09-14T20:00,21.8,94,20.8,869.0,4.0,170,Pulchowk,27.6787,85.3168
2023-09-14T21:00,21.3,95,20.5,869.1,4.0,175,Pulchowk,27.6787,85.3168
2023-09-14T22:00,21.0,95,20.2,869.4,7.6,177,Pulchowk,27.6787,85.3168
2023-09-14T23:00,20.6,95,19.7,868.9,4.0,175,Pulchowk,27.6787,85.3168
2023-09-15T00:00,20.1,95,19.3,868.0,4.7,180,Pulchowk,27.6787,85.3168
2023-09-15T01:00,19.7,94,18.8,867.2,1.8,169,Pulchowk,27.6787,85.3168
2023-09-15T02:00,19.7,92,18.4,867.1,1.1,180,Pulchowk,27.6787,85.3168
2023-09-15T03:00,19.6,91,18.1,866.8,3.7,169,Pulchowk,27.6787,85.3168
2023-09-15T04:00,19.6,90,17.8,866.9,4.0,170,Pulchowk,27.6787,85.3168
2023-09-15T05:00,20.0,94,19.0,867.5,2.5,172,Pulchowk,27.6787,85.3168
2023-09-15T06:00,21.0,92,19.6,868.2,4.7,171,Pulchowk,27.6787,85.3168
2023-09-15T07:00,23.8,79,19.8,870.6,2.1,329,Pulchowk,27.6787,85.3168
2023-09-15T08:00,24.5,77,20.3,871.7,4.3,336,Pulchowk,27.6787,85.3168
2023-09-15T09:00,25.9,74,20.8,872.2,5.0,330,Pulchowk,27.6787,85.3168
2023-09-15T10:00,26.9,71,21.1,872.3,4.6,321,Pulchowk,27.6787,85.3168
2023-09-15T11:00,27.1,69,20.8,871.8,4.7,328,Pulchowk,27.6787,85.3168
2023-09-15T12:00,25.5,75,20.7,871.0,3.3,41,Pulchowk,27.6787,85.3168
2023-09-15T13:00,25.9,73,20.7,870.0,4.7,351,Pulchowk,27.6787,85.3168
2023-09-15T14:00,24.5,81,20.9,868.5,3.4,18,Pulchowk,27.6787,85.3168
2023-09-15T15:00,25.2,79,21.3,867.3,2.2,9,Pulchowk,27.6787,85.3168
2023-09-15T16:00,25.4,77,21.0,867.3,2.5,360,Pulchowk,27.6787,85.3168
2023-09-15T17:00,24.8,83,21.6,868.3,2.6,16,Pulchowk,27.6787,85.3168
2023-09-15T18:00,22.8,92,21.4,868.7,2.9,173,Pulchowk,27.6787,85.3168
2023-09-15T19:00,22.2,96,21.5,869.8,2.8,130,Pulchowk,27.6787,85.3168
2023-09-15T20:00,21.9,96,21.3,870.0,1.3,124,Pulchowk,27.6787,85.3168
2023-09-15T21:00,21.3,96,20.7,869.8,4.0,170,Pulchowk,27.6787,85.3168
2023-09-15T22:00,20.9,96,20.2,869.6,4.0,175,Pulchowk,27.6787,85.3168
2023-09-15T23:00,20.5,96,19.9,869.4,2.9,173,Pulchowk,27.6787,85.3168
2023-09-16T00:00,20.1,97,19.6,869.2,4.1,165,Pulchowk,27.6787,85.3168
2023-09-16T01:00,20.0,98,19.6,869.0,3.1,144,Pulchowk,27.6787,85.3168
2023-09-16T02:00,20.1,97,19.6,868.6,4.7,171,Pulchowk,27.6787,85.3168
2023-09-16T03:00,19.9,97,19.4,868.6,1.9,158,Pulchowk,27.6787,85.3168
2023-09-16T04:00,19.4,98,19.1,868.3,2.5,172,Pulchowk,27.6787,85.3168
2023-09-16T05:00,20.0,94,19.0,868.3,3.7,191,Pulchowk,27.6787,85.3168
2023-09-16T06:00,20.8,93,19.6,869.2,3.2,180,Pulchowk,27.6787,85.3168
2023-09-16T07:00,22.3,88,20.1,871.4,3.1,324,Pulchowk,27.6787,85.3168
2023-09-16T08:00,23.0,85,20.4,872.1,3.7,29,Pulchowk,27.6787,85.3168
2023-09-16T09:00,24.7,77,20.3,872.5,2.0,45,Pulchowk,27.6787,85.3168
2023-09-16T10:00,26.2,70,20.4,872.3,2.5,8,Pulchowk,27.6787,85.3168
2023-09-16T11:00,27.0,71,21.2,871.8,2.5,352,Pulchowk,27.6787,85.3168
2023-09-16T12:00,27.6,67,20.8,870.7,0.5,45,Pulchowk,27.6787,85.3168
2023-09-16T13:00,27.2,66,20.2,869.3,1.3,146,Pulchowk,27.6787,85.3168
2023-09-16T14:00,27.3,66,20.5,868.7,0.4,270,Pulchowk,27.6787,85.3168
2023-09-16T15:00,24.9,73,19.7,868.5,1.8,233,Pulchowk,27.6787,85.3168
2023-09-16T16:00,24.0,72,18.7,868.0,2.2,360,Pulchowk,27.6787,85.3168
2023-09-16T17:00,23.1,81,19.7,868.7,4.2,301,Pulchowk,27.6787,85.3168
2023-09-16T18:00,22.1,88,20.0,868.9,3.3,139,Pulchowk,27.6787,85.3168
2023-09-16T19:00,21.5,92,20.1,868.8,4.5,151,Pulchowk,27.6787,85.3168
2023-09-16T20:00,21.1,93,20.0,868.9,4.4,171,Pulchowk,27.6787,85.3168
2023-09-16T21:00,20.7,94,19.7,868.6,4.3,175,Pulchowk,27.6787,85.3168
2023-09-16T22:00,20.4,94,19.4,868.7,2.5,172,Pulchowk,27.6787,85.3168
2023-09-16T23:00,20.1,94,19.1,868.8,2.2,171,Pulchowk,27.6787,85.3168
2023-09-17T00:00,19.9,95,19.0,868.4,2.9,180,Pulchowk,27.6787,85.3168
2023-09-17T01:00,19.7,95,18.8,868.0,4.3,175,Pulchowk,27.6787,85.3168
2023-09-17T02:00,19.5,94,18.6,867.8,3.6,180,Pulchowk,27.6787,85.3168
2023-09-17T03:00,19.2,95,18.4,868.1,1.4,180,Pulchowk,27.6787,85.3168
2023-09-17T04:00,19.3,94,18.4,867.9,2.2,171,Pulchowk,27.6787,85.3168
2023-09-17T05:00,19.2,97,18.6,868.4,0.4,180,Pulchowk,27.6787,85.3168
2023-09-17T06:00,20.1,96,19.5,868.6,4.0,170,Pulchowk,27.6787,85.3168
2023-09-17T07:00,22.7,87,20.4,869.9,3.9,158,Pulchowk,27.6787,85.3168
2023-09-17T08:00,24.6,78,20.5,870.2,1.1,360,Pulchowk,27.6787,85.3168
2023-09-17T09:00,25.7,75,20.9,870.4,3.3,354,Pulchowk,27.6787,85.3168
2023-09-17T10:00,27.2,69,21.0,870.8,4.3,336,Pulchowk,27.6787,85.3168
2023-09-17T11:00,26.4,73,21.3,870.2,3.6,225,Pulchowk,27.6787,85.3168
2023-09-17T12:00,24.4,75,19.7,869.3,4.7,86,Pulchowk,27.6787,85.3168
2023-09-17T13:00,25.2,74,20.3,868.6,4.1,308,Pulchowk,27.6787,85.3168
2023-09-17T14:00,24.5,79,20.7,867.8,5.5,302,Pulchowk,27.6787,85.3168
2023-09-17T15:00,24.3,79,20.4,867.2,3.5,24,Pulchowk,27.6787,85.3168
2023-09-17T16:00,23.8,79,20.0,867.0,1.3,34,Pulchowk,27.6787,85.3168
2023-09-17T17:00,21.1,89,19.2,867.6,3.0,284,Pulchowk,27.6787,85.3168
2023-09-17T18:00,21.4,90,19.7,868.5,0.8,27,Pulchowk,27.6787,85.3168
2023-09-17T19:00,20.2,95,19.3,868.8,3.4,72,Pulchowk,27.6787,85.3168
2023-09-17T20:00,20.3,94,19.3,868.3,6.1,152,Pulchowk,27.6787,85.3168
2023-09-17T21:00,20.4,92,19.1,867.7,7.1,165,Pulchowk,27.6787,85.3168
2023-09-17T22:00,20.4,92,19.1,867.4,6.4,164,Pulchowk,27.6787,85.3168
2023-09-17T23:00,20.4,92,19.0,867.1,5.1,172,Pulchowk,27.6787,85.3168
2023-09-18T00:00,20.0,93,18.8,866.9,5.0,180,Pulchowk,27.6787,85.3168
2023-09-18T01:00,19.6,93,18.5,866.3,4.0,180,Pulchowk,27.6787,85.3168
2023-09-18T02:00,19.3,93,18.1,865.9,2.5,172,Pulchowk,27.6787,85.3168
2023-09-18T03:00,19.0,92,17.7,865.7,2.2,171,Pulchowk,27.6787,85.3168
2023-09-18T04:00,19.0,90,17.4,865.6,2.5,172,Pulchowk,27.6787,85.3168
2023-09-18T05:00,19.5,87,17.2,865.9,2.5,172,Pulchowk,27.6787,85.3168
2023-09-18T06:00,20.6,86,18.1,866.9,5.1,172,Pulchowk,27.6787,85.3168
2023-09-18T07:00,23.6,76,19.1,868.7,1.8,143,Pulchowk,27.6787,85.3168
2023-09-18T08:00,25.1,68,18.8,869.9,1.9,22,Pulchowk,27.6787,85.3168
2023-09-18T09:00,26.0,66,19.1,870.6,3.3,41,Pulchowk,27.6787,85.3168
2023-09-18T10:00,27.0,61,18.8,870.7,2.5,45,Pulchowk,27.6787,85.3168
2023-09-18T11:00,27.6,60,19.2,870.2,2.4,27,Pulchowk,27.6787,85.3168
2023-09-18T12:00,28.4,58,19.4,869.3,3.7,11,Pulchowk,27.6787,85.3168
2023-09-18T13:00,26.1,70,20.2,868.1,4.1,285,Pulchowk,27.6787,85.3168
2023-09-18T14:00,25.5,72,20.1,867.2,2.4,27,Pulchowk,27.6787,85.3168
2023-09-18T15:00,25.5,67,19.0,866.9,1.8,307,Pulchowk,27.6787,85.3168
2023-09-18T16:00,24.8,72,19.4,867.0,2.5,315,Pulchowk,27.6787,85.3168
2023-09-18T17:00,23.5,83,20.5,867.6,4.1,322,Pulchowk,27.6787,85.3168
2023-09-18T18:00,22.7,87,20.5,868.2,1.5,166,Pulchowk,27.6787,85.3168
2023-09-18T19:00,22.4,87,20.1,869.1,1.8,169,Pulchowk,27.6787,85.3168
2023-09-18T20:00,21.8,89,19.9,869.5,1.4,180,Pulchowk,27.6787,85.3168
2023-09-18T21:00,21.1,88,19.0,870.0,4.0,175,Pulchowk,27.6787,85.3168
2023-09-18T22:00,20.2,95,19.4,869.8,4.0,175,Pulchowk,27.6787,85.3168
2023-09-18T23:00,20.2,93,19.0,869.6,3.6,180,Pulchowk,27.6787,85.3168
2023-09-19T00:00,20.3,94,19.3,869.2,5.0,159,Pulchowk,27.6787,85.3168
2023-09-19T01:00,19.6,95,18.7,868.4,5.2,168,Pulchowk,27.6787,85.3168
2023-09-19T02:00,19.3,95,18.6,867.9,4.8,167,Pulchowk,27.6787,85.3168
2023-09-19T03:00,18.9,96,18.3,867.4,4.7,171,Pulchowk,27.6787,85.3168
2023-09-19T04:00,18.5,97,18.0,867.2,3.3,174,Pulchowk,27.6787,85.3168
2023-09-19T05:00,18.8,93,17.7,867.8,2.2,171,Pulchowk,27.6787,85.3168
2023-09-19T06:00,19.7,91,18.2,868.4,5.8,176,Pulchowk,27.6787,85.3168
2023-09-19T07:00,23.2,76,18.8,870.7,1.5,166,Pulchowk,27.6787,85.3168
2023-09-19T08:00,24.2,73,19.1,871.4,3.2,360,Pulchowk,27.6787,85.3168
2023-09-19T09:00,25.4,70,19.5,871.8,2.5,8,Pulchowk,27.6787,85.3168
2023-09-19T10:00,26.6,65,19.5,871.9,2.5,8,Pulchowk,27.6787,85.3168
2023-09-19T11:00,27.0,67,20.3,871.5,4.6,315,Pulchowk,27.6787,85.3168
2023-09-19T12:00,27.2,66,20.2,870.5,5.2,326,Pulchowk,27.6787,85.3168
2023-09-19T13:00,27.1,65,19.8,869.4,1.8,360,Pulchowk,27.6787,85.3168
2023-09-19T14:00,24.9,74,20.0,868.5,4.5,284,Pulchowk,27.6787,85.3168
2023-09-19T15:00,22.4,86,20.0,868.0,0.8,117,Pulchowk,27.6787,85.3168
2023-09-19T16:00,22.9,83,19.9,868.4,1.8,191,Pulchowk,27.6787,85.3168
2023-09-19T17:00,23.1,81,19.7,869.2,4.5,299,Pulchowk,27.6787,85.3168
2023-09-19T18:00,22.1,88,20.0,869.7,1.1,180,Pulchowk,27.6787,85.3168
2023-09-19T19:00,21.7,88,19.7,870.7,0.0,270,Pulchowk,27.6787,85.3168
2023-09-19T20:00,21.3,88,19.3,871.2,2.9,173,Pulchowk,27.6787,85.3168
2023-09-19T21:00,20.6,93,19.3,871.1,2.5,180,Pulchowk,27.6787,85.3168
2023-09-19T22:00,20.2,94,19.2,870.9,2.5,180,Pulchowk,27.6787,85.3168
2023-09-19T23:00,20.0,94,19.0,870.7,2.2,180,Pulchowk,27.6787,85.3168
2023-09-20T00:00,19.8,94,18.8,870.4,2.5,172,Pulchowk,27.6787,85.3168
2023-09-20T01:00,19.6,95,18.7,869.9,1.4,180,Pulchowk,27.6787,85.3168
2023-09-20T02:00,19.3,95,18.5,869.7,0.7,180,Pulchowk,27.6787,85.3168
2023-09-20T03:00,19.2,95,18.4,869.2,0.7,180,Pulchowk,27.6787,85.3168
2023-09-20T04:00,19.2,95,18.4,868.9,0.4,180,Pulchowk,27.6787,85.3168
2023-09-20T05:00,19.5,95,18.7,869.7,1.5,194,Pulchowk,27.6787,85.3168
2023-09-20T06:00,19.8,93,18.6,870.1,4.2,149,Pulchowk,27.6787,85.3168
2023-09-20T07:00,21.3,84,18.5,871.4,0.8,297,Pulchowk,27.6787,85.3168
2023-09-20T08:00,22.2,82,19.0,871.9,2.4,333,Pulchowk,27.6787,85.3168
2023-09-20T09:00,23.6,77,19.4,872.0,3.4,328,Pulchowk,27.6787,85.3168
2023-09-20T10:00,24.9,72,19.6,871.9,6.1,332,Pulchowk,27.6787,85.3168
2023-09-20T11:00,25.6,69,19.5,871.2,7.0,305,Pulchowk,27.6787,85.3168
2023-09-20T12:00,25.5,69,19.4,870.3,6.2,291,Pulchowk,27.6787,85.3168
2023-09-20T13:00,25.1,70,19.3,869.0,2.9,330,Pulchowk,27.6787,85.3168
2023-09-20T14:00,24.2,73,19.1,867.6,5.7,288,Pulchowk,27.6787,85.3168
2023-09-20T15:00,24.1,77,19.9,867.4,2.5,8,Pulchowk,27.6787,85.3168
2023-09-20T16:00,22.6,85,20.0,867.4,4.5,331,Pulchowk,27.6787,85.3168
2023-09-20T17:00,22.4,85,19.8,867.8,1.5,346,Pulchowk,27.6787,85.3168
2023-09-20T18:00,21.5,90,19.8,868.7,1.8,101,Pulchowk,27.6787,85.3168
2023-09-20T19:00,20.7,94,19.6,869.6,1.3,146,Pulchowk,27.6787,85.3168
2023-09-20T20:00,21.0,95,20.1,870.6,3.9,146,Pulchowk,27.6787,85.3168
2023-09-20T21:00,20.5,96,19.9,870.0,1.5,166,Pulchowk,27.6787,85.3168
2023-09-20T22:00,20.2,96,19.6,869.5,2.9,180,Pulchowk,27.6787,85.3168
2023-09-20T23:00,19.9,97,19.5,869.2,2.9,173,Pulchowk,27.6787,85.3168
2023-09-21T00:00,19.5,98,19.1,868.8,0.7,180,Pulchowk,27.6787,85.3168
2023-09-21T01:00,19.3,98,19.0,868.7,0.7,180,Pulchowk,27.6787,85.3168
2023-09-21T02:00,19.0,98,18.7,868.3,1.8,191,Pulchowk,27.6787,85.3168
2023-09-21T03:00,19.1,98,18.7,867.8,2.5,172,Pulchowk,27.6787,85.3168
2023-09-21T04:00,18.9,98,18.6,867.8,3.3,167,Pulchowk,27.6787,85.3168
2023-09-21T05:00,19.8,98,19.4,868.1,2.9,180,Pulchowk,27.6787,85.3168
2023-09-21T06:00,20.2,98,19.9,869.2,3.3,167,Pulchowk,27.6787,85.3168
2023-09-21T07:00,21.1,91,19.6,870.5,0.8,63,Pulchowk,27.6787,85.3168
2023-09-21T08:00,22.4,84,19.6,871.1,1.0,315,Pulchowk,27.6787,85.3168
2023-09-21T09:00,24.2,75,19.6,871.6,1.6,333,Pulchowk,27.6787,85.3168
2023-09-21T10:00,25.8,71,20.2,871.5,6.3,336,Pulchowk,27.6787,85.3168
2023-09-21T11:00,25.7,74,20.7,870.8,4.6,309,Pulchowk,27.6787,85.3168
2023-09-21T12:00,22.4,84,19.6,869.6,1.9,248,Pulchowk,27.6787,85.3168
2023-09-21T13:00,24.0,79,20.2,868.9,1.6,27,Pulchowk,27.6787,85.3168
2023-09-21T14:00,25.1,71,19.4,868.0,5.4,360,Pulchowk,27.6787,85.3168
2023-09-21T15:00,23.8,77,19.5,867.2,5.6,50,Pulchowk,27.6787,85.3168
2023-09-21T16:00,23.8,78,19.6,867.5,1.8,101,Pulchowk,27.6787,85.3168
2023-09-21T17:00,21.2,87,18.9,868.5,2.3,309,Pulchowk,27.6787,85.3168
2023-09-21T18:00,20.7,93,19.5,869.2,3.3,103,Pulchowk,27.6787,85.3168
2023-09-21T19:00,20.7,93,19.6,869.6,4.6,129,Pulchowk,27.6787,85.3168
2023-09-21T20:00,20.4,95,19.6,870.4,1.8,349,Pulchowk,27.6787,85.3168
2023-09-21T21:00,20.2,95,19.5,870.4,2.9,173,Pulchowk,27.6787,85.3168
2023-09-21T22:00,20.3,96,19.6,869.9,2.2,171,Pulchowk,27.6787,85.3168
2023-09-21T23:00,20.1,98,19.7,869.7,1.0,315,Pulchowk,27.6787,85.3168
2023-09-22T00:00,20.0,96,19.4,869.7,3.1,234,Pulchowk,27.6787,85.3168
2023-09-22T01:00,19.8,96,19.2,869.1,1.5,76,Pulchowk,27.6787,85.3168
2023-09-22T02:00,19.6,98,19.2,868.6,2.5,352,Pulchowk,27.6787,85.3168
2023-09-22T03:00,19.5,96,18.9,868.4,3.8,163,Pulchowk,27.6787,85.3168
2023-09-22T04:00,19.7,94,18.6,868.3,3.1,159,Pulchowk,27.6787,85.3168
2023-09-22T05:00,19.0,97,18.5,867.9,5.1,172,Pulchowk,27.6787,85.3168
2023-09-22T06:00,19.7,93,18.6,868.3,5.4,176,Pulchowk,27.6787,85.3168
2023-09-22T07:00,21.7,88,19.7,869.8,2.4,153,Pulchowk,27.6787,85.3168
2023-09-22T08:00,23.4,79,19.5,871.3,2.0,45,Pulchowk,27.6787,85.3168
2023-09-22T09:00,24.5,77,20.1,871.4,3.2,360,Pulchowk,27.6787,85.3168
2023-09-22T10:00,24.5,76,20.0,871.0,7.2,354,Pulchowk,27.6787,85.3168
2023-09-22T11:00,22.9,80,19.3,870.9,3.6,186,Pulchowk,27.6787,85.3168
2023-09-22T12:00,22.8,82,19.5,869.5,2.0,315,Pulchowk,27.6787,85.3168
2023-09-22T13:00,24.8,74,20.0,868.6,2.8,40,Pulchowk,27.6787,85.3168
2023-09-22T14:00,25.2,71,19.6,867.7,4.6,51,Pulchowk,27.6787,85.3168
2023-09-22T15:00,22.2,84,19.3,867.5,4.0,180,Pulchowk,27.6787,85.3168
2023-09-22T16:00,21.3,89,19.4,867.7,2.9,210,Pulchowk,27.6787,85.3168
2023-09-22T17:00,21.2,91,19.6,868.4,1.8,259,Pulchowk,27.6787,85.3168
2023-09-22T18:00,20.5,93,19.3,869.2,3.4,122,Pulchowk,27.6787,85.3168
2023-09-22T19:00,20.1,94,19.1,869.5,2.5,172,Pulchowk,27.6787,85.3168
2023-09-22T20:00,20.1,93,19.0,870.3,2.9,120,Pulchowk,27.6787,85.3168
2023-09-22T21:00,20.2,94,19.3,870.1,1.8,127,Pulchowk,27.6787,85.3168
2023-09-22T22:00,19.5,96,18.8,869.6,1.6,153,Pulchowk,27.6787,85.3168
2023-09-22T23:00,18.8,96,18.1,868.6,2.2,171,Pulchowk,27.6787,85.3168
2023-09-23T00:00,18.8,95,18.0,867.9,3.7,169,Pulchowk,27.6787,85.3168
2023-09-23T01:00,18.5,95,17.7,867.3,1.8,191,Pulchowk,27.6787,85.3168
2023-09-23T02:00,18.1,96,17.4,867.0,2.2,171,Pulchowk,27.6787,85.3168
2023-09-23T03:00,18.2,95,17.5,866.9,2.5,180,Pulchowk,27.6787,85.3168
2023-09-23T04:00,17.9,96,17.3,866.7,4.3,175,Pulchowk,27.6787,85.3168
2023-09-23T05:00,18.8,97,18.3,867.4,4.0,170,Pulchowk,27.6787,85.3168
2023-09-23T06:00,19.4,96,18.7,868.1,4.4,171,Pulchowk,27.6787,85.3168
2023-09-23T07:00,21.4,86,19.0,869.9,1.9,158,Pulchowk,27.6787,85.3168
2023-09-23T08:00,22.5,81,19.2,870.8,1.9,338,Pulchowk,27.6787,85.3168
2023-09-23T09:00,23.1,77,18.9,871.0,2.3,309,Pulchowk,27.6787,85.3168
2023-09-23T10:00,23.1,78,19.1,871.0,4.7,337,Pulchowk,27.6787,85.3168
2023-09-23T11:00,23.7,72,18.4,870.6,4.7,360,Pulchowk,27.6787,85.3168
2023-09-23T12:00,23.8,78,19.8,869.5,4.5,14,Pulchowk,27.6787,85.3168
2023-09-23T13:00,24.2,78,20.1,868.7,4.3,318,Pulchowk,27.6787,85.3168
2023-09-23T14:00,24.0,76,19.5,867.6,6.9,332,Pulchowk,27.6787,85.3168
2023-09-23T15:00,23.1,77,18.8,867.3,2.3,321,Pulchowk,27.6787,85.3168
2023-09-23T16:00,22.2,84,19.5,867.3,2.9,30,Pulchowk,27.6787,85.3168
2023-09-23T17:00,21.8,87,19.6,868.1,2.3,18,Pulchowk,27.6787,85.3168
2023-09-23T18:00,20.9,92,19.6,868.2,2.8,130,Pulchowk,27.6787,85.3168
2023-09-23T19:00,20.4,95,19.6,868.8,3.1,144,Pulchowk,27.6787,85.3168
2023-09-23T20:00,20.0,96,19.3,869.3,2.1,149,Pulchowk,27.6787,85.3168
2023-09-23T21:00,19.8,95,19.0,869.5,1.8,180,Pulchowk,27.6787,85.3168
2023-09-23T22:00,19.4,96,18.7,869.1,2.2,180,Pulchowk,27.6787,85.3168
2023-09-23T23:00,19.1,96,18.5,868.5,1.1,162,Pulchowk,27.6787,85.3168
2023-09-24T00:00,19.3,95,18.6,868.2,1.0,135,Pulchowk,27.6787,85.3168
2023-09-24T01:00,19.7,95,18.9,867.8,0.8,117,Pulchowk,27.6787,85.3168
2023-09-24T02:00,19.1,97,18.5,867.1,1.3,124,Pulchowk,27.6787,85.3168
2023-09-24T03:00,18.8,97,18.3,866.9,1.8,169,Pulchowk,27.6787,85.3168
2023-09-24T04:00,18.9,97,18.3,867.0,2.3,162,Pulchowk,27.6787,85.3168
2023-09-24T05:00,18.6,97,18.0,867.4,1.5,166,Pulchowk,27.6787,85.3168
2023-09-24T06:00,19.3,94,18.3,867.7,2.9,173,Pulchowk,27.6787,85.3168
2023-09-24T07:00,20.6,88,18.5,869.0,3.1,159,Pulchowk,27.6787,85.3168
2023-09-24T08:00,22.4,80,18.7,870.1,0.4,360,Pulchowk,27.6787,85.3168
2023-09-24T09:00,23.5,73,18.3,870.6,5.0,339,Pulchowk,27.6787,85.3168
2023-09-24T10:00,23.5,78,19.5,870.7,5.8,7,Pulchowk,27.6787,85.3168
2023-09-24T11:00,22.8,82,19.7,869.5,4.3,355,Pulchowk,27.6787,85.3168
2023-09-24T12:00,23.3,82,20.0,868.6,4.9,287,Pulchowk,27.6787,85.3168
2023-09-24T13:00,24.1,76,19.6,867.5,3.6,354,Pulchowk,27.6787,85.3168
2023-09-24T14:00,24.9,72,19.5,866.5,5.8,338,Pulchowk,27.6787,85.3168
2023-09-24T15:00,24.4,73,19.2,866.1,6.3,336,Pulchowk,27.6787,85.3168
2023-09-24T16:00,23.9,77,19.6,866.4,4.5,346,Pulchowk,27.6787,85.3168
2023-09-24T17:00,20.1,93,18.8,866.9,1.3,34,Pulchowk,27.6787,85.3168
2023-09-24T18:00,19.5,95,18.7,867.2,4.0,153,Pulchowk,27.6787,85.3168
2023-09-24T19:00,20.1,93,18.9,868.1,3.4,162,Pulchowk,27.6787,85.3168
2023-09-24T20:00,20.2,93,19.1,869.1,1.9,158,Pulchowk,27.6787,85.3168
2023-09-24T21:00,19.8,95,18.9,868.9,2.6,164,Pulchowk,27.6787,85.3168
2023-09-24T22:00,19.4,97,18.9,869.2,2.4,27,Pulchowk,27.6787,85.3168
2023-09-24T23:00,19.6,95,18.8,868.7,3.3,167,Pulchowk,27.6787,85.3168
2023-09-25T00:00,19.0,97,18.5,867.7,2.0,135,Pulchowk,27.6787,85.3168
2023-09-25T01:00,18.5,97,18.1,867.0,3.0,166,Pulchowk,27.6787,85.3168
2023-09-25T02:00,18.2,98,17.8,866.9,2.3,162,Pulchowk,27.6787,85.3168
2023-09-25T03:00,18.1,98,17.7,866.9,1.8,180,Pulchowk,27.6787,85.3168
2023-09-25T04:00,18.1,97,17.6,867.4,1.8,169,Pulchowk,27.6787,85.3168
2023-09-25T05:00,18.7,97,18.2,867.9,2.5,188,Pulchowk,27.6787,85.3168
2023-09-25T06:00,19.3,94,18.3,868.8,3.7,169,Pulchowk,27.6787,85.3168
2023-09-25T07:00,20.8,87,18.6,870.3,1.6,153,Pulchowk,27.6787,85.3168
2023-09-25T08:00,22.2,80,18.6,870.9,2.7,67,Pulchowk,27.6787,85.3168
2023-09-25T09:00,23.4,76,18.9,871.0,2.8,50,Pulchowk,27.6787,85.3168
2023-09-25T10:00,25.4,70,19.5,871.5,2.9,30,Pulchowk,27.6787,85.3168
2023-09-25T11:00,24.6,71,18.9,870.5,1.6,243,Pulchowk,27.6787,85.3168
2023-09-25T12:00,22.0,81,18.5,870.1,4.0,175,Pulchowk,27.6787,85.3168
2023-09-25T13:00,23.5,76,19.0,869.2,2.7,337,Pulchowk,27.6787,85.3168
2023-09-25T14:00,23.0,83,19.9,868.6,5.6,345,Pulchowk,27.6787,85.3168
2023-09-25T15:00,23.0,83,19.9,868.4,3.6,360,Pulchowk,27.6787,85.3168
2023-09-25T16:00,22.0,87,19.8,868.0,5.9,11,Pulchowk,27.6787,85.3168
2023-09-25T17:00,20.5,91,19.0,867.6,0.8,243,Pulchowk,27.6787,85.3168
2023-09-25T18:00,19.6,95,18.8,867.7,3.8,163,Pulchowk,27.6787,85.3168
2023-09-25T19:00,18.9,97,18.3,868.6,2.7,157,Pulchowk,27.6787,85.3168
2023-09-25T20:00,18.7,96,18.1,869.0,2.9,173,Pulchowk,27.6787,85.3168
2023-09-25T21:00,18.5,96,17.9,869.6,2.9,173,Pulchowk,27.6787,85.3168
2023-09-25T22:00,18.3,96,17.7,869.5,2.2,171,Pulchowk,27.6787,85.3168
2023-09-25T23:00,18.2,97,17.7,869.6,1.1,162,Pulchowk,27.6787,85.3168
2023-09-26T00:00,18.1,98,17.8,869.5,0.7,180,Pulchowk,27.6787,85.3168
2023-09-26T01:00,18.2,99,18.0,869.1,3.0,166,Pulchowk,27.6787,85.3168
2023-09-26T02:00,17.8,99,17.6,868.4,5.2,168,Pulchowk,27.6787,85.3168
2023-09-26T03:00,17.3,100,17.2,868.1,4.4,171,Pulchowk,27.6787,85.3168
2023-09-26T04:00,17.2,100,17.1,868.3,4.3,175,Pulchowk,27.6787,85.3168
2023-09-26T05:00,17.3,98,16.9,868.4,5.0,180,Pulchowk,27.6787,85.3168
2023-09-26T06:00,17.6,99,17.4,869.1,5.4,180,Pulchowk,27.6787,85.3168
2023-09-26T07:00,20.3,94,19.3,871.1,1.5,194,Pulchowk,27.6787,85.3168
2023-09-26T08:00,22.4,80,18.8,872.2,2.6,56,Pulchowk,27.6787,85.3168
2023-09-26T09:00,23.6,76,19.2,872.2,4.0,10,Pulchowk,27.6787,85.3168
2023-09-26T10:00,24.6,75,20.0,872.0,3.4,342,Pulchowk,27.6787,85.3168
2023-09-26T11:00,25.7,73,20.5,871.6,4.8,312,Pulchowk,27.6787,85.3168
2023-09-26T12:00,25.5,73,20.2,870.6,3.9,338,Pulchowk,27.6787,85.3168
2023-09-26T13:00,23.9,75,19.2,869.6,5.4,307,Pulchowk,27.6787,85.3168
2023-09-26T14:00,23.8,78,19.7,868.4,5.2,326,Pulchowk,27.6787,85.3168
2023-09-26T15:00,24.1,77,19.8,868.0,4.8,333,Pulchowk,27.6787,85.3168
2023-09-26T16:00,24.0,76,19.6,868.1,4.7,351,Pulchowk,27.6787,85.3168
2023-09-26T17:00,22.2,88,20.2,868.7,3.7,331,Pulchowk,27.6787,85.3168
2023-09-26T18:00,22.2,85,19.6,869.3,0.7,90,Pulchowk,27.6787,85.3168
2023-09-26T19:00,21.2,85,18.6,870.0,0.5,135,Pulchowk,27.6787,85.3168
2023-09-26T20:00,20.1,92,18.8,870.7,1.8,101,Pulchowk,27.6787,85.3168
2023-09-26T21:00,19.9,95,19.0,870.6,2.6,146,Pulchowk,27.6787,85.3168
2023-09-26T22:00,19.7,95,18.9,870.5,4.0,180,Pulchowk,27.6787,85.3168
2023-09-26T23:00,19.1,96,18.5,870.4,2.3,162,Pulchowk,27.6787,85.3168
2023-09-27T00:00,18.9,98,18.5,869.8,3.2,180,Pulchowk,27.6787,85.3168
2023-09-27T01:00,18.6,99,18.4,869.1,4.0,170,Pulchowk,27.6787,85.3168
2023-09-27T02:00,18.4,98,18.1,868.7,6.5,177,Pulchowk,27.6787,85.3168
2023-09-27T03:00,18.0,98,17.7,868.2,4.3,175,Pulchowk,27.6787,85.3168
2023-09-27T04:00,17.8,98,17.4,868.4,4.0,175,Pulchowk,27.6787,85.3168
2023-09-27T05:00,17.4,99,17.2,868.6,2.9,173,Pulchowk,27.6787,85.3168
2023-09-27T06:00,18.3,95,17.5,869.7,4.7,176,Pulchowk,27.6787,85.3168
2023-09-27T07:00,21.5,83,18.4,871.3,4.0,170,Pulchowk,27.6787,85.3168
2023-09-27T08:00,23.4,76,18.8,871.8,1.5,194,Pulchowk,27.6787,85.3168
2023-09-27T09:00,24.8,70,19.0,871.8,2.6,326,Pulchowk,27.6787,85.3168
2023-09-27T10:00,25.9,68,19.6,871.7,4.3,318,Pulchowk,27.6787,85.3168
2023-09-27T11:00,26.2,70,20.4,871.1,5.6,315,Pulchowk,27.6787,85.3168
2023-09-27T12:00,25.3,73,20.2,870.2,3.1,324,Pulchowk,27.6787,85.3168
2023-09-27T13:00,25.4,70,19.6,869.3,2.5,8,Pulchowk,27.6787,85.3168
2023-09-27T14:00,24.5,73,19.2,868.5,5.3,332,Pulchowk,27.6787,85.3168
2023-09-27T15:00,24.4,73,19.2,867.8,4.9,324,Pulchowk,27.6787,85.3168
2023-09-27T16:00,24.3,73,19.1,867.6,4.8,318,Pulchowk,27.6787,85.3168
2023-09-27T17:00,22.4,87,20.0,868.0,3.3,347,Pulchowk,27.6787,85.3168
2023-09-27T18:00,21.0,91,19.5,868.1,2.1,121,Pulchowk,27.6787,85.3168
2023-09-27T19:00,20.5,93,19.3,868.5,1.5,166,Pulchowk,27.6787,85.3168
2023-09-27T20:00,20.3,94,19.3,869.1,2.9,173,Pulchowk,27.6787,85.3168
2023-09-27T21:00,19.9,94,19.0,869.2,1.5,166,Pulchowk,27.6787,85.3168
2023-09-27T22:00,19.7,94,18.7,868.9,3.7,169,Pulchowk,27.6787,85.3168
2023-09-27T23:00,19.0,97,18.5,868.2,5.4,172,Pulchowk,27.6787,85.3168
2023-09-28T00:00,18.4,98,18.1,867.9,4.4,171,Pulchowk,27.6787,85.3168
2023-09-28T01:00,17.9,99,17.8,867.8,4.7,171,Pulchowk,27.6787,85.3168
2023-09-28T02:00,17.5,100,17.4,867.4,4.7,171,Pulchowk,27.6787,85.3168
2023-09-28T03:00,17.3,100,17.2,867.1,6.2,170,Pulchowk,27.6787,85.3168
2023-09-28T04:00,17.0,100,17.0,867.2,6.9,171,Pulchowk,27.6787,85.3168
2023-09-28T05:00,17.7,100,17.7,868.5,3.6,180,Pulchowk,27.6787,85.3168
2023-09-28T06:00,18.7,98,18.4,869.6,5.1,176,Pulchowk,27.6787,85.3168
2023-09-28T07:00,22.2,85,19.6,871.9,2.6,146,Pulchowk,27.6787,85.3168
2023-09-28T08:00,23.9,77,19.6,872.3,1.1,72,Pulchowk,27.6787,85.3168
2023-09-28T09:00,25.2,72,19.8,872.4,2.3,342,Pulchowk,27.6787,85.3168
2023-09-28T10:00,26.2,70,20.3,872.5,5.0,330,Pulchowk,27.6787,85.3168
2023-09-28T11:00,26.8,71,21.0,871.9,6.3,336,Pulchowk,27.6787,85.3168
2023-09-28T12:00,25.5,69,19.4,870.6,7.4,346,Pulchowk,27.6787,85.3168
2023-09-28T13:00,24.5,74,19.5,869.5,6.4,196,Pulchowk,27.6787,85.3168
2023-09-28T14:00,25.8,69,19.6,868.7,1.5,225,Pulchowk,27.6787,85.3168
2023-09-28T15:00,25.5,68,19.2,868.2,1.5,315,Pulchowk,27.6787,85.3168
2023-09-28T16:00,25.2,69,19.2,867.8,2.1,329,Pulchowk,27.6787,85.3168
2023-09-28T17:00,21.7,82,18.5,867.4,6.9,208,Pulchowk,27.6787,85.3168
2023-09-28T18:00,21.1,85,18.5,868.1,4.0,175,Pulchowk,27.6787,85.3168
2023-09-28T19:00,21.0,87,18.7,869.2,0.4,180,Pulchowk,27.6787,85.3168
2023-09-28T20:00,21.0,86,18.5,869.2,1.9,158,Pulchowk,27.6787,85.3168
2023-09-28T21:00,20.7,86,18.3,869.2,3.6,174,Pulchowk,27.6787,85.3168
2023-09-28T22:00,20.3,88,18.2,869.3,3.0,166,Pulchowk,27.6787,85.3168
2023-09-28T23:00,19.8,90,18.1,869.3,4.1,165,Pulchowk,27.6787,85.3168
2023-09-29T00:00,19.1,93,17.9,868.5,4.7,171,Pulchowk,27.6787,85.3168
2023-09-29T01:00,18.8,94,17.7,867.9,4.7,171,Pulchowk,27.6787,85.3168
2023-09-29T02:00,18.4,94,17.3,867.3,4.7,171,Pulchowk,27.6787,85.3168
2023-09-29T03:00,18.1,93,16.9,867.0,4.4,171,Pulchowk,27.6787,85.3168
2023-09-29T04:00,17.9,92,16.6,867.2,4.8,167,Pulchowk,27.6787,85.3168
2023-09-29T05:00,18.1,94,17.2,868.0,5.2,164,Pulchowk,27.6787,85.3168
2023-09-29T06:00,19.1,92,17.7,868.8,7.7,169,Pulchowk,27.6787,85.3168
2023-09-29T07:00,22.6,82,19.4,871.1,4.1,165,Pulchowk,27.6787,85.3168
2023-09-29T08:00,24.8,71,19.2,872.2,2.5,135,Pulchowk,27.6787,85.3168
2023-09-29T09:00,26.2,66,19.5,873.1,2.2,99,Pulchowk,27.6787,85.3168
2023-09-29T10:00,27.2,65,20.0,873.1,2.1,31,Pulchowk,27.6787,85.3168
2023-09-29T11:00,27.6,63,20.0,872.6,3.1,339,Pulchowk,27.6787,85.3168
2023-09-29T12:00,24.0,76,19.5,871.4,8.8,282,Pulchowk,27.6787,85.3168
2023-09-29T13:00,22.8,78,18.8,870.3,5.1,141,Pulchowk,27.6787,85.3168
2023-09-29T14:00,24.7,72,19.3,869.6,5.4,360,Pulchowk,27.6787,85.3168
2023-09-29T15:00,24.5,72,19.2,868.7,1.5,346,Pulchowk,27.6787,85.3168
2023-09-29T16:00,24.7,70,18.8,868.2,1.6,27,Pulchowk,27.6787,85.3168
2023-09-29T17:00,22.8,86,20.2,868.2,3.6,180,Pulchowk,27.6787,85.3168
2023-09-29T18:00,22.0,83,18.9,868.3,1.9,158,Pulchowk,27.6787,85.3168
2023-09-29T19:00,21.5,83,18.4,869.2,1.8,169,Pulchowk,27.6787,85.3168
2023-09-29T20:00,20.5,86,18.0,869.5,4.9,163,Pulchowk,27.6787,85.3168
2023-09-29T21:00,19.6,89,17.7,869.5,4.5,166,Pulchowk,27.6787,85.3168
2023-09-29T22:00,19.1,90,17.5,869.6,4.0,170,Pulchowk,27.6787,85.3168
2023-09-29T23:00,19.0,90,17.3,869.2,4.1,165,Pulchowk,27.6787,85.3168
2023-09-30T00:00,18.9,89,17.0,868.4,3.7,169,Pulchowk,27.6787,85.3168
2023-09-30T01:00,18.8,88,16.7,867.5,4.8,167,Pulchowk,27.6787,85.3168
2023-09-30T02:00,18.4,89,16.5,866.8,3.7,169,Pulchowk,27.6787,85.3168
2023-09-30T03:00,18.3,89,16.4,866.2,2.5,172,Pulchowk,27.6787,85.3168
2023-09-30T04:00,18.1,89,16.3,866.4,3.7,169,Pulchowk,27.6787,85.3168
2023-09-30T05:00,19.1,88,17.1,867.8,4.3,156,Pulchowk,27.6787,85.3168
2023-09-30T06:00,19.9,87,17.7,869.1,3.0,166,Pulchowk,27.6787,85.3168
2023-09-30T07:00,23.1,78,19.1,871.2,1.8,180,Pulchowk,27.6787,85.3168
2023-09-30T08:00,24.9,71,19.3,872.1,1.8,143,Pulchowk,27.6787,85.3168
2023-09-30T09:00,26.4,63,18.9,872.4,1.9,338,Pulchowk,27.6787,85.3168
2023-09-30T10:00,27.3,60,18.9,872.5,3.4,342,Pulchowk,27.6787,85.3168
2023-09-30T11:00,27.7,58,18.7,872.1,4.9,343,Pulchowk,27.6787,85.3168
2023-09-30T12:00,25.7,66,18.8,870.7,8.1,283,Pulchowk,27.6787,85.3168
2023-09-30T13:00,25.7,65,18.6,869.9,4.3,156,Pulchowk,27.6787,85.3168
2023-09-30T14:00,26.2,60,17.9,869.1,1.8,270,Pulchowk,27.6787,85.3168
2023-09-30T15:00,24.9,67,18.4,868.4,3.7,209,Pulchowk,27.6787,85.3168
2023-09-30T16:00,24.7,69,18.6,868.4,3.1,201,Pulchowk,27.6787,85.3168
2023-09-30T17:00,23.0,78,19.1,869.0,2.2,261,Pulchowk,27.6787,85.3168
2023-09-30T18:00,22.1,80,18.5,869.0,3.3,186,Pulchowk,27.6787,85.3168
2023-09-30T19:00,21.1,85,18.4,869.1,4.3,175,Pulchowk,27.6787,85.3168
2023-09-30T20:00,20.6,87,18.3,869.4,2.9,173,Pulchowk,27.6787,85.3168
2023-09-30T21:00,20.3,87,18.0,869.6,2.6,164,Pulchowk,27.6787,85.3168
2023-09-30T22:00,20.0,87,17.8,869.6,2.9,173,Pulchowk,27.6787,85.3168
2023-09-30T23:00,19.9,87,17.7,869.0,2.5,172,Pulchowk,27.6787,85.3168
2023-10-01T00:00,19.5,89,17.5,868.3,4.0,170,Pulchowk,27.6787,85.3168
2023-10-01T01:00,18.9,90,17.2,867.3,3.7,169,Pulchowk,27.6787,85.3168
2023-10-01T02:00,18.8,89,16.9,866.8,3.3,174,Pulchowk,27.6787,85.3168
2023-10-01T03:00,18.7,88,16.6,866.3,2.5,172,Pulchowk,27.6787,85.3168
2023-10-01T04:00,18.7,86,16.3,866.8,3.3,167,Pulchowk,27.6787,85.3168
2023-10-01T05:00,20.1,84,17.3,868.0,3.2,180,Pulchowk,27.6787,85.3168
2023-10-01T06:00,21.0,81,17.6,868.8,2.5,172,Pulchowk,27.6787,85.3168
2023-10-01T07:00,21.8,79,18.1,869.6,2.5,180,Pulchowk,27.6787,85.3168
2023-10-01T08:00,23.4,73,18.3,869.9,1.1,342,Pulchowk,27.6787,85.3168
2023-10-01T09:00,24.0,70,18.3,870.3,1.5,346,Pulchowk,27.6787,85.3168
2023-10-01T10:00,24.9,68,18.7,870.5,2.5,352,Pulchowk,27.6787,85.3168
2023-10-01T11:00,25.6,68,19.3,870.1,3.7,349,Pulchowk,27.6787,85.3168
2023-10-01T12:00,25.8,69,19.7,869.1,4.2,329,Pulchowk,27.6787,85.3168
2023-10-01T13:00,25.3,73,20.2,867.4,6.1,332,Pulchowk,27.6787,85.3168
2023-10-01T14:00,26.3,67,19.8,866.7,5.6,315,Pulchowk,27.6787,85.3168
2023-10-01T15:00,26.2,63,18.5,866.5,4.2,301,Pulchowk,27.6787,85.3168
2023-10-01T16:00,24.8,72,19.3,866.3,2.9,277,Pulchowk,27.6787,85.3168
2023-10-01T17:00,22.8,83,19.9,867.6,2.9,240,Pulchowk,27.6787,85.3168
2023-10-01T18:00,21.9,86,19.4,867.8,1.8,169,Pulchowk,27.6787,85.3168
2023-10-01T19:00,21.5,88,19.4,868.7,2.2,171,Pulchowk,27.6787,85.3168
2023-10-01T20:00,20.9,90,19.3,869.0,3.0,166,Pulchowk,27.6787,85.3168
2023-10-01T21:00,20.4,93,19.3,869.1,5.5,169,Pulchowk,27.6787,85.3168
2023-10-01T22:00,19.6,97,19.1,868.8,5.9,166,Pulchowk,27.6787,85.3168
2023-10-01T23:00,19.8,96,19.1,868.7,4.4,171,Pulchowk,27.6787,85.3168
2023-10-02T00:00,19.8,96,19.2,868.4,4.0,175,Pulchowk,27.6787,85.3168
2023-10-02T01:00,19.7,95,19.0,867.6,3.7,169,Pulchowk,27.6787,85.3168
2023-10-02T02:00,19.8,93,18.6,866.9,3.3,167,Pulchowk,27.6787,85.3168
2023-10-02T03:00,19.2,94,18.1,866.3,3.3,167,Pulchowk,27.6787,85.3168
2023-10-02T04:00,19.5,92,18.1,866.7,1.5,166,Pulchowk,27.6787,85.3168
2023-10-02T05:00,20.0,91,18.4,867.6,2.9,187,Pulchowk,27.6787,85.3168
2023-10-02T06:00,20.6,89,18.6,868.8,2.4,153,Pulchowk,27.6787,85.3168
2023-10-02T07:00,20.7,93,19.5,870.0,1.6,153,Pulchowk,27.6787,85.3168
2023-10-02T08:00,20.9,92,19.5,870.6,1.3,236,Pulchowk,27.6787,85.3168
2023-10-02T09:00,21.5,84,18.7,871.1,1.6,153,Pulchowk,27.6787,85.3168
2023-10-02T10:00,21.7,83,18.8,871.2,1.1,360,Pulchowk,27.6787,85.3168
2023-10-02T11:00,22.2,83,19.1,870.7,1.4,360,Pulchowk,27.6787,85.3168
2023-10-02T12:00,22.0,86,19.6,869.2,4.0,333,Pulchowk,27.6787,85.3168
2023-10-02T13:00,23.3,75,18.6,868.0,2.8,320,Pulchowk,27.6787,85.3168
2023-10-02T14:00,24.8,66,18.1,867.6,4.0,360,Pulchowk,27.6787,85.3168
2023-10-02T15:00,24.4,69,18.2,867.6,3.3,347,Pulchowk,27.6787,85.3168
2023-10-02T16:00,23.4,74,18.6,867.8,2.8,320,Pulchowk,27.6787,85.3168
2023-10-02T17:00,21.6,83,18.6,868.4,3.3,41,Pulchowk,27.6787,85.3168
2023-10-02T18:00,21.2,84,18.4,868.8,2.3,162,Pulchowk,27.6787,85.3168
2023-10-02T19:00,20.6,87,18.4,869.5,1.5,166,Pulchowk,27.6787,85.3168
2023-10-02T20:00,20.1,90,18.4,869.6,2.9,173,Pulchowk,27.6787,85.3168
2023-10-02T21:00,20.0,92,18.6,869.5,3.3,167,Pulchowk,27.6787,85.3168
2023-10-02T22:00,19.3,94,18.3,869.0,2.5,172,Pulchowk,27.6787,85.3168
2023-10-02T23:00,19.2,92,17.9,868.8,2.2,171,Pulchowk,27.6787,85.3168
2023-10-03T00:00,19.3,90,17.6,868.4,3.3,174,Pulchowk,27.6787,85.3168
2023-10-03T01:00,19.3,90,17.6,868.0,3.7,169,Pulchowk,27.6787,85.3168
2023-10-03T02:00,19.6,87,17.3,867.9,1.8,169,Pulchowk,27.6787,85.3168
2023-10-03T03:00,19.9,82,16.8,867.8,1.1,162,Pulchowk,27.6787,85.3168
2023-10-03T04:00,19.8,81,16.5,868.0,1.8,169,Pulchowk,27.6787,85.3168
2023-10-03T05:00,18.6,91,17.0,867.8,2.9,173,Pulchowk,27.6787,85.3168
2023-10-03T06:00,19.5,91,18.0,869.1,4.7,171,Pulchowk,27.6787,85.3168
2023-10-03T07:00,21.6,86,19.1,870.7,1.1,162,Pulchowk,27.6787,85.3168
2023-10-03T08:00,23.0,72,17.6,871.7,1.8,349,Pulchowk,27.6787,85.3168
2023-10-03T09:00,23.5,72,18.2,872.3,4.7,356,Pulchowk,27.6787,85.3168
2023-10-03T10:00,24.3,70,18.5,872.0,5.2,344,Pulchowk,27.6787,85.3168
2023-10-03T11:00,24.7,69,18.7,871.0,5.7,325,Pulchowk,27.6787,85.3168
2023-10-03T12:00,24.9,70,19.0,869.5,6.9,317,Pulchowk,27.6787,85.3168
2023-10-03T13:00,24.6,71,19.0,868.2,5.2,304,Pulchowk,27.6787,85.3168
2023-10-03T14:00,23.9,75,19.2,867.8,6.3,347,Pulchowk,27.6787,85.3168
2023-10-03T15:00,23.1,80,19.4,867.6,4.3,5,Pulchowk,27.6787,85.3168
2023-10-03T16:00,22.1,84,19.3,868.0,3.3,49,Pulchowk,27.6787,85.3168
2023-10-03T17:00,21.2,87,19.0,868.5,2.0,45,Pulchowk,27.6787,85.3168
2023-10-03T18:00,20.6,88,18.6,868.8,4.4,125,Pulchowk,27.6787,85.3168
2023-10-03T19:00,20.4,88,18.4,869.5,6.1,152,Pulchowk,27.6787,85.3168
2023-10-03T20:00,20.1,93,19.0,869.9,4.5,151,Pulchowk,27.6787,85.3168
2023-10-03T21:00,19.8,95,19.0,870.2,4.0,175,Pulchowk,27.6787,85.3168
2023-10-03T22:00,19.9,95,19.1,870.0,3.0,166,Pulchowk,27.6787,85.3168
2023-10-03T23:00,19.6,96,19.0,869.8,2.5,172,Pulchowk,27.6787,85.3168
2023-10-04T00:00,19.7,96,19.0,869.5,2.2,90,Pulchowk,27.6787,85.3168
2023-10-04T01:00,19.4,95,18.6,868.9,0.5,45,Pulchowk,27.6787,85.3168
2023-10-04T02:00,19.2,96,18.5,868.3,1.1,72,Pulchowk,27.6787,85.3168
2023-10-04T03:00,19.1,96,18.5,867.7,1.9,158,Pulchowk,27.6787,85.3168
2023-10-04T04:00,19.1,97,18.6,867.7,0.8,63,Pulchowk,27.6787,85.3168
2023-10-04T05:00,19.4,97,18.8,868.4,3.3,167,Pulchowk,27.6787,85.3168
2023-10-04T06:00,19.7,95,18.8,869.1,3.1,144,Pulchowk,27.6787,85.3168
2023-10-04T07:00,20.3,93,19.0,870.1,2.7,157,Pulchowk,27.6787,85.3168
2023-10-04T08:00,20.6,91,19.0,870.8,1.3,56,Pulchowk,27.6787,85.3168
2023-10-04T09:00,20.3,94,19.3,871.1,2.5,315,Pulchowk,27.6787,85.3168
2023-10-04T10:00,20.3,95,19.4,870.9,1.9,338,Pulchowk,27.6787,85.3168
2023-10-04T11:00,20.8,91,19.3,870.7,3.1,339,Pulchowk,27.6787,85.3168
2023-10-04T12:00,20.7,89,18.8,869.7,3.8,343,Pulchowk,27.6787,85.3168
2023-10-04T13:00,21.0,87,18.8,868.7,2.6,344,Pulchowk,27.6787,85.3168
2023-10-04T14:00,21.4,85,18.9,868.0,0.7,360,Pulchowk,27.6787,85.3168
2023-10-04T15:00,20.9,90,19.3,867.6,2.3,39,Pulchowk,27.6787,85.3168
2023-10-04T16:00,20.7,92,19.3,867.7,2.0,45,Pulchowk,27.6787,85.3168
2023-10-04T17:00,19.8,96,19.1,868.3,2.6,286,Pulchowk,27.6787,85.3168
2023-10-04T18:00,19.7,97,19.3,868.9,2.1,59,Pulchowk,27.6787,85.3168
2023-10-04T19:00,19.7,98,19.3,869.7,2.9,90,Pulchowk,27.6787,85.3168
2023-10-04T20:00,19.5,98,19.2,870.4,2.5,82,Pulchowk,27.6787,85.3168
2023-10-04T21:00,19.5,98,19.1,870.7,0.4,90,Pulchowk,27.6787,85.3168
2023-10-04T22:00,19.0,99,18.8,870.3,3.1,315,Pulchowk,27.6787,85.3168
2023-10-04T23:00,18.8,98,18.5,869.8,3.5,294,Pulchowk,27.6787,85.3168
2023-10-05T00:00,18.7,98,18.3,869.1,2.2,180,Pulchowk,27.6787,85.3168
2023-10-05T01:00,18.5,98,18.2,868.3,1.5,194,Pulchowk,27.6787,85.3168
2023-10-05T02:00,18.7,96,18.0,868.0,1.6,207,Pulchowk,27.6787,85.3168
2023-10-05T03:00,18.3,97,17.7,867.1,3.0,194,Pulchowk,27.6787,85.3168
2023-10-05T04:00,18.4,96,17.7,866.9,2.2,189,Pulchowk,27.6787,85.3168
2023-10-05T05:00,18.3,97,17.8,867.4,1.1,180,Pulchowk,27.6787,85.3168
2023-10-05T06:00,18.8,95,18.0,868.2,3.6,186,Pulchowk,27.6787,85.3168
2023-10-05T07:00,20.5,86,18.1,869.5,3.1,225,Pulchowk,27.6787,85.3168
2023-10-05T08:00,21.6,79,17.9,870.2,4.3,312,Pulchowk,27.6787,85.3168
2023-10-05T09:00,22.9,76,18.5,870.7,4.4,325,Pulchowk,27.6787,85.3168
2023-10-05T10:00,24.2,73,19.0,870.7,7.9,321,Pulchowk,27.6787,85.3168
2023-10-05T11:00,24.5,72,19.2,870.2,10.4,316,Pulchowk,27.6787,85.3168
2023-10-05T12:00,24.5,71,19.0,869.3,9.9,316,Pulchowk,27.6787,85.3168
2023-10-05T13:00,24.6,73,19.3,868.1,8.4,317,Pulchowk,27.6787,85.3168
2023-10-05T14:00,24.7,72,19.3,867.4,8.3,326,Pulchowk,27.6787,85.3168
2023-10-05T15:00,24.2,75,19.4,866.8,8.5,324,Pulchowk,27.6787,85.3168
2023-10-05T16:00,23.3,79,19.5,866.6,8.2,331,Pulchowk,27.6787,85.3168
2023-10-05T17:00,22.0,85,19.3,867.5,5.5,337,Pulchowk,27.6787,85.3168
2023-10-05T18:00,21.1,91,19.5,867.6,3.6,354,Pulchowk,27.6787,85.3168
2023-10-05T19:00,21.1,89,19.2,868.5,2.3,129,Pulchowk,27.6787,85.3168
2023-10-05T20:00,20.4,93,19.2,868.7,2.1,149,Pulchowk,27.6787,85.3168
2023-10-05T21:00,20.2,93,19.0,869.1,3.0,256,Pulchowk,27.6787,85.3168
2023-10-05T22:00,19.8,96,19.1,868.8,2.3,309,Pulchowk,27.6787,85.3168
2023-10-05T23:00,19.1,99,18.9,868.4,3.4,302,Pulchowk,27.6787,85.3168
2023-10-06T00:00,19.1,100,19.1,868.0,2.7,67,Pulchowk,27.6787,85.3168
2023-10-06T01:00,19.0,100,19.0,867.5,3.2,333,Pulchowk,27.6787,85.3168
2023-10-06T02:00,18.7,100,18.7,867.2,2.4,243,Pulchowk,27.6787,85.3168
2023-10-06T03:00,18.5,100,18.5,866.6,2.6,214,Pulchowk,27.6787,85.3168
2023-10-06T04:00,18.4,99,18.3,866.6,3.2,207,Pulchowk,27.6787,85.3168
2023-10-06T05:00,19.1,100,19.0,867.6,1.1,342,Pulchowk,27.6787,85.3168
2023-10-06T06:00,19.1,98,18.8,868.0,1.6,117,Pulchowk,27.6787,85.3168
2023-10-06T07:00,20.6,90,18.8,869.4,0.0,270,Pulchowk,27.6787,85.3168
2023-10-06T08:00,22.0,82,18.7,870.2,4.3,336,Pulchowk,27.6787,85.3168
2023-10-06T09:00,22.8,78,18.8,870.7,6.8,342,Pulchowk,27.6787,85.3168
2023-10-06T10:00,23.3,79,19.4,870.6,8.1,328,Pulchowk,27.6787,85.3168
2023-10-06T11:00,23.5,83,20.5,870.1,7.1,319,Pulchowk,27.6787,85.3168
2023-10-06T12:00,23.8,85,21.1,869.3,6.3,329,Pulchowk,27.6787,85.3168
2023-10-06T13:00,23.4,85,20.7,868.3,4.8,347,Pulchowk,27.6787,85.3168
2023-10-06T14:00,23.8,82,20.6,867.7,3.5,336,Pulchowk,27.6787,85.3168
2023-10-06T15:00,21.9,83,19.0,867.4,3.6,315,Pulchowk,27.6787,85.3168
2023-10-06T16:00,21.9,85,19.3,867.6,3.7,11,Pulchowk,27.6787,85.3168
2023-10-06T17:00,20.5,94,19.5,868.5,4.6,321,Pulchowk,27.6787,85.3168
2023-10-06T18:00,20.3,94,19.2,868.4,2.6,146,Pulchowk,27.6787,85.3168
2023-10-06T19:00,19.9,95,19.1,868.6,3.6,174,Pulchowk,27.6787,85.3168
2023-10-06T20:00,19.6,96,18.9,868.8,2.2,171,Pulchowk,27.6787,85.3168
2023-10-06T21:00,19.3,96,18.6,868.9,2.9,173,Pulchowk,27.6787,85.3168
2023-10-06T22:00,18.9,96,18.3,868.5,2.9,173,Pulchowk,27.6787,85.3168
2023-10-06T23:00,18.2,98,17.9,868.1,2.9,180,Pulchowk,27.6787,85.3168
2023-10-07T00:00,17.7,100,17.6,867.5,4.3,175,Pulchowk,27.6787,85.3168
2023-10-07T01:00,17.8,100,17.7,867.4,3.6,174,Pulchowk,27.6787,85.3168
2023-10-07T02:00,17.6,100,17.6,867.3,3.2,180,Pulchowk,27.6787,85.3168
2023-10-07T03:00,17.6,100,17.6,867.4,2.5,172,Pulchowk,27.6787,85.3168
2023-10-07T04:00,17.3,100,17.3,867.3,1.5,166,Pulchowk,27.6787,85.3168
2023-10-07T05:00,17.6,100,17.6,868.2,4.0,190,Pulchowk,27.6787,85.3168
2023-10-07T06:00,18.4,99,18.3,868.7,4.7,171,Pulchowk,27.6787,85.3168
2023-10-07T07:00,20.6,91,19.0,870.5,1.4,360,Pulchowk,27.6787,85.3168
2023-10-07T08:00,21.8,83,18.8,871.4,3.2,333,Pulchowk,27.6787,85.3168
2023-10-07T09:00,23.3,76,18.8,871.7,4.7,328,Pulchowk,27.6787,85.3168
2023-10-07T10:00,23.7,80,19.9,871.7,4.6,309,Pulchowk,27.6787,85.3168
2023-10-07T11:00,23.6,77,19.4,871.2,6.9,313,Pulchowk,27.6787,85.3168
2023-10-07T12:00,24.4,74,19.5,870.3,6.6,319,Pulchowk,27.6787,85.3168
2023-10-07T13:00,23.8,75,19.2,869.4,5.6,320,Pulchowk,27.6787,85.3168
2023-10-07T14:00,23.1,79,19.3,868.9,6.4,344,Pulchowk,27.6787,85.3168
2023-10-07T15:00,23.0,80,19.4,868.9,6.4,344,Pulchowk,27.6787,85.3168
2023-10-07T16:00,22.2,83,19.2,868.8,6.6,319,Pulchowk,27.6787,85.3168
2023-10-07T17:00,20.6,92,19.3,869.3,3.0,346,Pulchowk,27.6787,85.3168
2023-10-07T18:00,20.1,94,19.1,869.6,1.3,146,Pulchowk,27.6787,85.3168
2023-10-07T19:00,19.7,94,18.8,870.0,2.2,171,Pulchowk,27.6787,85.3168
2023-10-07T20:00,19.4,94,18.4,870.2,2.2,171,Pulchowk,27.6787,85.3168
2023-10-07T21:00,18.9,95,18.1,870.0,1.4,180,Pulchowk,27.6787,85.3168
2023-10-07T22:00,18.4,96,17.8,869.9,1.8,169,Pulchowk,27.6787,85.3168
2023-10-07T23:00,17.6,99,17.4,869.3,2.5,172,Pulchowk,27.6787,85.3168
2023-10-08T00:00,17.0,99,16.9,868.8,4.7,176,Pulchowk,27.6787,85.3168
2023-10-08T01:00,16.7,100,16.6,868.0,5.1,176,Pulchowk,27.6787,85.3168
2023-10-08T02:00,16.5,100,16.4,867.6,4.3,175,Pulchowk,27.6787,85.3168
2023-10-08T03:00,16.5,100,16.5,867.9,4.7,180,Pulchowk,27.6787,85.3168
2023-10-08T04:00,16.3,99,16.1,868.0,2.5,180,Pulchowk,27.6787,85.3168
2023-10-08T05:00,16.9,100,16.9,868.4,2.2,180,Pulchowk,27.6787,85.3168
2023-10-08T06:00,17.7,98,17.4,869.4,4.7,176,Pulchowk,27.6787,85.3168
2023-10-08T07:00,20.4,90,18.8,870.9,0.8,153,Pulchowk,27.6787,85.3168
2023-10-08T08:00,22.0,82,18.7,871.5,3.1,315,Pulchowk,27.6787,85.3168
2023-10-08T09:00,23.2,75,18.5,871.8,4.8,318,Pulchowk,27.6787,85.3168
2023-10-08T10:00,24.0,71,18.4,871.6,6.6,311,Pulchowk,27.6787,85.3168
2023-10-08T11:00,23.8,71,18.2,871.2,7.6,301,Pulchowk,27.6787,85.3168
2023-10-08T12:00,23.9,77,19.7,870.5,5.6,310,Pulchowk,27.6787,85.3168
2023-10-08T13:00,23.7,77,19.5,870.0,6.2,324,Pulchowk,27.6787,85.3168
2023-10-08T14:00,21.4,84,18.7,869.1,3.0,346,Pulchowk,27.6787,85.3168
2023-10-08T15:00,22.5,81,19.1,869.1,1.0,135,Pulchowk,27.6787,85.3168
2023-10-08T16:00,21.5,85,18.8,869.1,4.1,315,Pulchowk,27.6787,85.3168
2023-10-08T17:00,20.4,95,19.5,869.1,3.7,349,Pulchowk,27.6787,85.3168
2023-10-08T18:00,20.0,95,19.2,869.3,1.1,162,Pulchowk,27.6787,85.3168
2023-10-08T19:00,19.4,97,18.9,869.7,3.6,174,Pulchowk,27.6787,85.3168
2023-10-08T20:00,19.0,97,18.6,870.0,2.9,173,Pulchowk,27.6787,85.3168
2023-10-08T21:00,18.8,96,18.2,870.1,1.1,180,Pulchowk,27.6787,85.3168
2023-10-08T22:00,18.4,97,17.9,870.0,2.2,171,Pulchowk,27.6787,85.3168
2023-10-08T23:00,17.7,98,17.4,869.5,3.3,174,Pulchowk,27.6787,85.3168
2023-10-09T00:00,17.1,99,16.9,868.7,4.0,175,Pulchowk,27.6787,85.3168
2023-10-09T01:00,16.4,100,16.4,867.9,4.0,175,Pulchowk,27.6787,85.3168
2023-10-09T02:00,16.0,100,16.0,867.6,4.0,175,Pulchowk,27.6787,85.3168
2023-10-09T03:00,16.2,100,16.2,867.7,4.3,175,Pulchowk,27.6787,85.3168
2023-10-09T04:00,16.7,96,16.1,868.2,4.4,171,Pulchowk,27.6787,85.3168
2023-10-09T05:00,15.7,100,15.7,868.1,4.3,180,Pulchowk,27.6787,85.3168
2023-10-09T06:00,16.0,100,16.0,868.7,4.4,171,Pulchowk,27.6787,85.3168
2023-10-09T07:00,19.7,96,19.0,871.2,2.2,180,Pulchowk,27.6787,85.3168
2023-10-09T08:00,21.8,82,18.6,872.7,1.3,34,Pulchowk,27.6787,85.3168
2023-10-09T09:00,23.1,78,19.0,873.1,2.9,360,Pulchowk,27.6787,85.3168
2023-10-09T10:00,24.0,74,19.2,872.8,3.4,342,Pulchowk,27.6787,85.3168
2023-10-09T11:00,24.9,69,18.9,872.1,3.7,331,Pulchowk,27.6787,85.3168
2023-10-09T12:00,24.5,70,18.6,871.2,5.1,321,Pulchowk,27.6787,85.3168
2023-10-09T13:00,25.1,66,18.2,870.6,4.6,321,Pulchowk,27.6787,85.3168
2023-10-09T14:00,24.3,69,18.2,870.0,4.0,333,Pulchowk,27.6787,85.3168
2023-10-09T15:00,23.4,73,18.4,869.7,4.3,336,Pulchowk,27.6787,85.3168
2023-10-09T16:00,22.1,82,18.9,869.7,5.2,344,Pulchowk,27.6787,85.3168
2023-10-09T17:00,21.0,90,19.2,870.1,3.2,360,Pulchowk,27.6787,85.3168
2023-10-09T18:00,20.6,92,19.2,870.4,1.1,72,Pulchowk,27.6787,85.3168
2023-10-09T19:00,19.6,95,18.8,870.5,1.6,153,Pulchowk,27.6787,85.3168
2023-10-09T20:00,19.3,96,18.7,870.4,1.5,166,Pulchowk,27.6787,85.3168
2023-10-09T21:00,18.8,96,18.2,870.5,1.5,166,Pulchowk,27.6787,85.3168
2023-10-09T22:00,18.8,96,18.1,870.4,1.4,180,Pulchowk,27.6787,85.3168
2023-10-09T23:00,18.5,96,17.8,870.1,3.0,166,Pulchowk,27.6787,85.3168
2023-10-10T00:00,18.0,97,17.5,869.5,4.4,171,Pulchowk,27.6787,85.3168
2023-10-10T01:00,17.5,99,17.3,868.8,5.5,169,Pulchowk,27.6787,85.3168
2023-10-10T02:00,16.9,100,16.9,868.7,6.5,174,Pulchowk,27.6787,85.3168
2023-10-10T03:00,16.3,100,16.3,868.4,6.6,167,Pulchowk,27.6787,85.3168
2023-10-10T04:00,16.3,100,16.3,868.6,7.3,169,Pulchowk,27.6787,85.3168
2023-10-10T05:00,16.8,99,16.7,870.2,4.9,197,Pulchowk,27.6787,85.3168
2023-10-10T06:00,17.5,99,17.3,870.9,6.2,159,Pulchowk,27.6787,85.3168
2023-10-10T07:00,19.6,95,18.8,873.0,3.5,204,Pulchowk,27.6787,85.3168
2023-10-10T08:00,21.6,84,18.8,874.2,1.0,45,Pulchowk,27.6787,85.3168
2023-10-10T09:00,22.8,80,19.2,874.5,1.1,342,Pulchowk,27.6787,85.3168
2023-10-10T10:00,23.5,78,19.5,874.1,1.8,323,Pulchowk,27.6787,85.3168
2023-10-10T11:00,24.6,76,20.0,873.4,4.8,347,Pulchowk,27.6787,85.3168
2023-10-10T12:00,22.9,83,19.8,872.4,6.2,306,Pulchowk,27.6787,85.3168
2023-10-10T13:00,23.3,78,19.3,871.6,5.4,318,Pulchowk,27.6787,85.3168
2023-10-10T14:00,22.6,77,18.4,870.7,6.5,326,Pulchowk,27.6787,85.3168
2023-10-10T15:00,22.1,83,19.1,870.5,3.2,333,Pulchowk,27.6787,85.3168
2023-10-10T16:00,21.4,87,19.2,870.4,2.6,344,Pulchowk,27.6787,85.3168
2023-10-10T17:00,20.5,89,18.6,870.7,2.9,263,Pulchowk,27.6787,85.3168
2023-10-10T18:00,19.8,90,18.1,870.3,4.3,185,Pulchowk,27.6787,85.3168
2023-10-10T19:00,19.0,93,17.8,870.3,3.2,180,Pulchowk,27.6787,85.3168
2023-10-10T20:00,18.2,95,17.4,870.5,3.3,174,Pulchowk,27.6787,85.3168
2023-10-10T21:00,17.5,96,16.8,870.4,3.6,174,Pulchowk,27.6787,85.3168
2023-10-10T22:00,17.0,97,16.5,870.1,4.3,175,Pulchowk,27.6787,85.3168
2023-10-10T23:00,16.0,100,16.0,869.4,5.1,172,Pulchowk,27.6787,85.3168
2023-10-11T00:00,15.6,100,15.6,869.0,5.8,176,Pulchowk,27.6787,85.3168
2023-10-11T01:00,15.9,99,15.8,869.0,4.0,170,Pulchowk,27.6787,85.3168
2023-10-11T02:00,15.5,99,15.4,868.7,4.4,171,Pulchowk,27.6787,85.3168
2023-10-11T03:00,15.5,98,15.2,868.4,5.8,173,Pulchowk,27.6787,85.3168
2023-10-11T04:00,15.3,98,15.0,868.4,5.8,173,Pulchowk,27.6787,85.3168
2023-10-11T05:00,16.7,97,16.3,869.9,3.6,174,Pulchowk,27.6787,85.3168
2023-10-11T06:00,17.0,97,16.5,870.3,2.9,173,Pulchowk,27.6787,85.3168
2023-10-11T07:00,19.5,89,17.6,872.2,1.8,180,Pulchowk,27.6787,85.3168
2023-10-11T08:00,21.2,82,18.0,873.3,1.1,342,Pulchowk,27.6787,85.3168
2023-10-11T09:00,22.4,78,18.3,873.5,3.1,315,Pulchowk,27.6787,85.3168
2023-10-11T10:00,23.1,77,18.8,873.2,4.6,315,Pulchowk,27.6787,85.3168
2023-10-11T11:00,23.6,75,19.0,872.7,4.7,328,Pulchowk,27.6787,85.3168
2023-10-11T12:00,22.9,78,18.8,871.6,2.3,342,Pulchowk,27.6787,85.3168
2023-10-11T13:00,21.8,82,18.6,870.7,4.7,337,Pulchowk,27.6787,85.3168
2023-10-11T14:00,22.2,80,18.7,870.2,4.6,315,Pulchowk,27.6787,85.3168
2023-10-11T15:00,21.6,82,18.3,870.1,5.4,340,Pulchowk,27.6787,85.3168
2023-10-11T16:00,20.8,86,18.3,870.1,4.2,329,Pulchowk,27.6787,85.3168
2023-10-11T17:00,19.6,88,17.6,870.6,3.4,328,Pulchowk,27.6787,85.3168
2023-10-11T18:00,18.6,93,17.5,870.6,2.7,203,Pulchowk,27.6787,85.3168
2023-10-11T19:00,19.1,89,17.2,871.6,0.4,180,Pulchowk,27.6787,85.3168
2023-10-11T20:00,17.6,94,16.7,871.7,1.4,180,Pulchowk,27.6787,85.3168
2023-10-11T21:00,17.7,94,16.7,871.8,2.9,173,Pulchowk,27.6787,85.3168
2023-10-11T22:00,16.8,97,16.2,871.1,2.9,180,Pulchowk,27.6787,85.3168
2023-10-11T23:00,16.0,97,15.6,870.6,3.6,180,Pulchowk,27.6787,85.3168
2023-10-12T00:00,15.4,100,15.3,869.9,4.0,175,Pulchowk,27.6787,85.3168
2023-10-12T01:00,15.2,100,15.1,869.5,5.1,172,Pulchowk,27.6787,85.3168
2023-10-12T02:00,15.3,99,15.2,869.6,5.8,176,Pulchowk,27.6787,85.3168
2023-10-12T03:00,15.0,100,15.0,869.6,5.8,173,Pulchowk,27.6787,85.3168
2023-10-12T04:00,14.8,100,14.8,869.7,5.5,169,Pulchowk,27.6787,85.3168
2023-10-12T05:00,16.1,98,15.7,871.0,6.2,173,Pulchowk,27.6787,85.3168
2023-10-12T06:00,16.2,98,15.9,871.7,4.7,176,Pulchowk,27.6787,85.3168
2023-10-12T07:00,18.7,94,17.8,873.6,1.8,169,Pulchowk,27.6787,85.3168
2023-10-12T08:00,20.8,78,16.9,874.7,3.4,32,Pulchowk,27.6787,85.3168
2023-10-12T09:00,21.9,76,17.5,874.9,4.1,15,Pulchowk,27.6787,85.3168
2023-10-12T10:00,23.1,72,17.9,874.9,3.8,17,Pulchowk,27.6787,85.3168
2023-10-12T11:00,23.6,70,17.9,874.3,3.6,6,Pulchowk,27.6787,85.3168
2023-10-12T12:00,23.6,68,17.4,873.3,5.4,318,Pulchowk,27.6787,85.3168
2023-10-12T13:00,22.4,72,17.0,872.5,6.4,317,Pulchowk,27.6787,85.3168
2023-10-12T14:00,21.9,75,17.4,872.1,5.5,32,Pulchowk,27.6787,85.3168
2023-10-12T15:00,21.3,74,16.5,872.2,2.5,315,Pulchowk,27.6787,85.3168
2023-10-12T16:00,20.7,76,16.3,872.2,0.8,117,Pulchowk,27.6787,85.3168
2023-10-12T17:00,18.7,90,17.0,872.6,1.3,304,Pulchowk,27.6787,85.3168
2023-10-12T18:00,18.1,94,17.1,872.7,2.5,172,Pulchowk,27.6787,85.3168
2023-10-12T19:00,17.7,95,17.0,872.8,2.9,173,Pulchowk,27.6787,85.3168
2023-10-12T20:00,17.2,96,16.5,872.8,1.8,169,Pulchowk,27.6787,85.3168
2023-10-12T21:00,17.1,95,16.3,872.8,1.8,169,Pulchowk,27.6787,85.3168
2023-10-12T22:00,16.5,97,16.0,872.1,2.9,173,Pulchowk,27.6787,85.3168
2023-10-12T23:00,15.8,99,15.6,871.4,4.4,171,Pulchowk,27.6787,85.3168
2023-10-13T00:00,15.3,99,15.2,871.0,4.8,167,Pulchowk,27.6787,85.3168
2023-10-13T01:00,14.9,100,14.9,870.7,5.1,172,Pulchowk,27.6787,85.3168
2023-10-13T02:00,14.7,100,14.7,870.4,4.4,171,Pulchowk,27.6787,85.3168
2023-10-13T03:00,14.3,100,14.3,870.1,5.1,172,Pulchowk,27.6787,85.3168
2023-10-13T04:00,14.1,100,14.1,870.4,5.8,173,Pulchowk,27.6787,85.3168
2023-10-13T05:00,14.7,100,14.7,871.5,6.6,171,Pulchowk,27.6787,85.3168
2023-10-13T06:00,15.0,100,14.9,872.3,5.1,176,Pulchowk,27.6787,85.3168
2023-10-13T07:00,18.3,98,17.9,874.5,3.7,169,Pulchowk,27.6787,85.3168
2023-10-13T08:00,21.0,80,17.3,876.0,0.8,27,Pulchowk,27.6787,85.3168
2023-10-13T09:00,22.3,73,17.2,876.5,3.2,333,Pulchowk,27.6787,85.3168
2023-10-13T10:00,22.9,73,17.9,876.3,4.5,331,Pulchowk,27.6787,85.3168
2023-10-13T11:00,23.5,71,18.0,875.5,5.0,339,Pulchowk,27.6787,85.3168
2023-10-13T12:00,24.0,69,18.0,874.6,4.3,312,Pulchowk,27.6787,85.3168
2023-10-13T13:00,23.0,72,17.6,873.3,5.6,297,Pulchowk,27.6787,85.3168
2023-10-13T14:00,22.3,74,17.3,872.8,2.9,300,Pulchowk,27.6787,85.3168
2023-10-13T15:00,22.0,74,17.1,872.5,4.0,333,Pulchowk,27.6787,85.3168
2023-10-13T16:00,21.3,76,16.8,872.4,5.0,339,Pulchowk,27.6787,85.3168
2023-10-13T17:00,19.6,89,17.8,872.6,4.0,350,Pulchowk,27.6787,85.3168
2023-10-13T18:00,18.5,92,17.2,872.5,0.8,153,Pulchowk,27.6787,85.3168
2023-10-13T19:00,17.8,93,16.7,872.4,1.8,180,Pulchowk,27.6787,85.3168
2023-10-13T20:00,17.3,94,16.3,872.6,1.4,180,Pulchowk,27.6787,85.3168
2023-10-13T21:00,16.8,94,15.8,872.4,2.5,188,Pulchowk,27.6787,85.3168
2023-10-13T22:00,16.0,96,15.3,872.0,2.9,180,Pulchowk,27.6787,85.3168
2023-10-13T23:00,15.0,97,14.6,871.4,3.6,174,Pulchowk,27.6787,85.3168
2023-10-14T00:00,14.3,99,14.2,870.6,4.7,176,Pulchowk,27.6787,85.3168
2023-10-14T01:00,14.0,99,13.9,869.8,4.7,171,Pulchowk,27.6787,85.3168
2023-10-14T02:00,13.8,98,13.6,869.4,4.4,171,Pulchowk,27.6787,85.3168
2023-10-14T03:00,13.7,98,13.5,869.4,4.7,171,Pulchowk,27.6787,85.3168
2023-10-14T04:00,14.0,97,13.6,870.0,4.3,175,Pulchowk,27.6787,85.3168
2023-10-14T05:00,13.9,100,13.9,870.6,4.3,175,Pulchowk,27.6787,85.3168
2023-10-14T06:00,14.5,99,14.4,871.5,4.3,175,Pulchowk,27.6787,85.3168
2023-10-14T07:00,18.4,93,17.2,873.9,3.3,167,Pulchowk,27.6787,85.3168
2023-10-14T08:00,20.8,77,16.6,875.1,0.4,360,Pulchowk,27.6787,85.3168
2023-10-14T09:00,22.1,67,15.8,875.5,3.3,319,Pulchowk,27.6787,85.3168
2023-10-14T10:00,22.6,65,15.7,875.6,5.1,309,Pulchowk,27.6787,85.3168
2023-10-14T11:00,22.2,71,16.7,874.6,6.6,299,Pulchowk,27.6787,85.3168
2023-10-14T12:00,22.2,73,17.1,873.5,6.0,303,Pulchowk,27.6787,85.3168
2023-10-14T13:00,21.7,77,17.4,872.5,6.6,299,Pulchowk,27.6787,85.3168
2023-10-14T14:00,21.8,76,17.3,871.8,5.4,307,Pulchowk,27.6787,85.3168
2023-10-14T15:00,20.3,81,17.0,871.4,4.7,351,Pulchowk,27.6787,85.3168
2023-10-14T16:00,19.7,86,17.2,871.3,2.2,360,Pulchowk,27.6787,85.3168
2023-10-14T17:00,18.3,92,17.1,871.3,6.0,335,Pulchowk,27.6787,85.3168
2023-10-14T18:00,18.3,92,17.0,871.5,1.1,198,Pulchowk,27.6787,85.3168
2023-10-14T19:00,17.8,92,16.5,871.8,1.8,191,Pulchowk,27.6787,85.3168
2023-10-14T20:00,17.2,94,16.3,871.8,0.7,180,Pulchowk,27.6787,85.3168
2023-10-14T21:00,16.7,95,16.0,871.7,1.1,162,Pulchowk,27.6787,85.3168
2023-10-14T22:00,16.5,95,15.7,871.2,2.2,180,Pulchowk,27.6787,85.3168
2023-10-14T23:00,15.6,98,15.2,870.2,4.0,170,Pulchowk,27.6787,85.3168
2023-10-15T00:00,14.9,98,14.7,869.4,5.1,176,Pulchowk,27.6787,85.3168
2023-10-15T01:00,14.7,99,14.6,868.5,6.2,173,Pulchowk,27.6787,85.3168
2023-10-15T02:00,14.6,100,14.6,868.1,6.5,174,Pulchowk,27.6787,85.3168
2023-10-15T03:00,14.8,97,14.4,867.8,6.5,174,Pulchowk,27.6787,85.3168
2023-10-15T04:00,14.1,98,13.8,867.6,6.9,171,Pulchowk,27.6787,85.3168
2023-10-15T05:00,15.1,99,14.9,869.6,5.8,176,Pulchowk,27.6787,85.3168
2023-10-15T06:00,15.4,99,15.3,870.1,6.6,171,Pulchowk,27.6787,85.3168
2023-10-15T07:00,17.3,96,16.6,871.9,3.8,163,Pulchowk,27.6787,85.3168
2023-10-15T08:00,19.8,80,16.2,873.0,1.1,108,Pulchowk,27.6787,85.3168
2023-10-15T09:00,20.9,77,16.8,873.5,1.3,34,Pulchowk,27.6787,85.3168
2023-10-15T10:00,21.6,76,17.3,873.4,3.1,324,Pulchowk,27.6787,85.3168
2023-10-15T11:00,21.9,74,17.1,872.7,5.1,315,Pulchowk,27.6787,85.3168
2023-10-15T12:00,19.8,77,15.6,871.9,4.4,305,Pulchowk,27.6787,85.3168
2023-10-15T13:00,20.9,74,16.2,871.0,2.1,329,Pulchowk,27.6787,85.3168
2023-10-15T14:00,21.4,70,15.6,870.1,5.1,315,Pulchowk,27.6787,85.3168
2023-10-15T15:00,21.0,74,16.2,869.6,3.8,319,Pulchowk,27.6787,85.3168
2023-10-15T16:00,20.4,78,16.5,869.8,2.9,330,Pulchowk,27.6787,85.3168
2023-10-15T17:00,19.1,85,16.6,870.1,2.5,278,Pulchowk,27.6787,85.3168
2023-10-15T18:00,17.8,94,16.7,869.7,3.3,221,Pulchowk,27.6787,85.3168
2023-10-15T19:00,17.5,94,16.4,870.5,1.6,207,Pulchowk,27.6787,85.3168
2023-10-15T20:00,17.3,92,16.1,870.9,0.4,180,Pulchowk,27.6787,85.3168
2023-10-15T21:00,16.8,92,15.6,870.9,2.5,172,Pulchowk,27.6787,85.3168
2023-10-15T22:00,16.0,95,15.1,870.2,4.0,175,Pulchowk,27.6787,85.3168
2023-10-15T23:00,14.8,97,14.4,869.2,4.7,176,Pulchowk,27.6787,85.3168
2023-10-16T00:00,13.7,100,13.6,868.4,5.8,176,Pulchowk,27.6787,85.3168
2023-10-16T01:00,13.0,100,13.0,868.1,6.1,177,Pulchowk,27.6787,85.3168
2023-10-16T02:00,12.9,99,12.8,868.0,6.5,174,Pulchowk,27.6787,85.3168
2023-10-16T03:00,12.9,100,12.8,868.0,6.8,177,Pulchowk,27.6787,85.3168
2023-10-16T04:00,12.8,98,12.5,868.3,5.4,176,Pulchowk,27.6787,85.3168
2023-10-16T05:00,14.2,100,14.1,870.9,2.9,180,Pulchowk,27.6787,85.3168
2023-10-16T06:00,15.0,98,14.7,871.7,5.5,169,Pulchowk,27.6787,85.3168
2023-10-16T07:00,17.1,93,15.9,873.5,4.5,151,Pulchowk,27.6787,85.3168
2023-10-16T08:00,18.9,86,16.5,874.6,3.4,108,Pulchowk,27.6787,85.3168
2023-10-16T09:00,20.7,79,16.9,874.9,4.0,100,Pulchowk,27.6787,85.3168
2023-10-16T10:00,21.6,74,16.8,874.9,0.5,225,Pulchowk,27.6787,85.3168
2023-10-16T11:00,22.6,67,16.2,874.3,2.6,286,Pulchowk,27.6787,85.3168
2023-10-16T12:00,20.7,72,15.5,873.4,7.3,303,Pulchowk,27.6787,85.3168
2023-10-16T13:00,20.2,73,15.3,872.3,1.3,304,Pulchowk,27.6787,85.3168
2023-10-16T14:00,20.4,75,15.8,871.9,6.3,347,Pulchowk,27.6787,85.3168
2023-10-16T15:00,19.9,78,16.0,871.8,4.7,328,Pulchowk,27.6787,85.3168
2023-10-16T16:00,19.3,81,16.0,871.8,2.9,330,Pulchowk,27.6787,85.3168
2023-10-16T17:00,17.9,87,15.6,871.4,4.0,185,Pulchowk,27.6787,85.3168
2023-10-16T18:00,17.3,91,15.8,871.8,1.8,169,Pulchowk,27.6787,85.3168
2023-10-16T19:00,16.9,94,15.9,871.9,3.9,158,Pulchowk,27.6787,85.3168
2023-10-16T20:00,16.4,95,15.6,871.5,5.2,168,Pulchowk,27.6787,85.3168
2023-10-16T21:00,15.5,97,15.0,871.5,4.0,175,Pulchowk,27.6787,85.3168
2023-10-16T22:00,15.0,95,14.1,873.8,8.4,277,Pulchowk,27.6787,85.3168
2023-10-16T23:00,15.4,93,14.3,873.2,7.7,101,Pulchowk,27.6787,85.3168
2023-10-17T00:00,15.1,94,14.2,872.0,5.8,158,Pulchowk,27.6787,85.3168
2023-10-17T01:00,14.1,95,13.3,870.9,4.6,162,Pulchowk,27.6787,85.3168
2023-10-17T02:00,14.1,95,13.4,870.7,4.9,163,Pulchowk,27.6787,85.3168
2023-10-17T03:00,14.1,96,13.4,870.3,4.8,167,Pulchowk,27.6787,85.3168
2023-10-17T04:00,14.0,96,13.5,870.5,4.4,171,Pulchowk,27.6787,85.3168
2023-10-17T05:00,14.7,94,13.8,872.3,3.8,163,Pulchowk,27.6787,85.3168
2023-10-17T06:00,14.6,94,13.6,872.9,4.7,171,Pulchowk,27.6787,85.3168
2023-10-17T07:00,17.1,92,15.8,874.9,4.3,156,Pulchowk,27.6787,85.3168
2023-10-17T08:00,19.2,72,13.9,876.4,1.3,34,Pulchowk,27.6787,85.3168
2023-10-17T09:00,20.4,66,13.8,876.7,1.3,326,Pulchowk,27.6787,85.3168
2023-10-17T10:00,21.7,57,12.8,876.1,2.9,120,Pulchowk,27.6787,85.3168
2023-10-17T11:00,23.2,46,10.8,875.1,2.5,352,Pulchowk,27.6787,85.3168
2023-10-17T12:00,23.2,47,11.2,874.0,8.7,315,Pulchowk,27.6787,85.3168
2023-10-17T13:00,22.3,50,11.5,873.4,9.8,306,Pulchowk,27.6787,85.3168
2023-10-17T14:00,21.5,55,12.2,872.8,8.7,322,Pulchowk,27.6787,85.3168
2023-10-17T15:00,20.4,63,13.2,872.6,5.7,325,Pulchowk,27.6787,85.3168
2023-10-17T16:00,19.7,67,13.3,872.4,1.3,326,Pulchowk,27.6787,85.3168
2023-10-17T17:00,18.6,75,14.2,872.4,1.8,217,Pulchowk,27.6787,85.3168
2023-10-17T18:00,17.2,84,14.5,872.1,1.9,158,Pulchowk,27.6787,85.3168
2023-10-17T19:00,16.6,83,13.7,872.3,2.6,164,Pulchowk,27.6787,85.3168
2023-10-17T20:00,15.4,87,13.2,871.7,5.1,172,Pulchowk,27.6787,85.3168
2023-10-17T21:00,14.4,89,12.7,871.1,6.2,170,Pulchowk,27.6787,85.3168
2023-10-17T22:00,14.0,90,12.4,870.9,5.5,169,Pulchowk,27.6787,85.3168
2023-10-17T23:00,13.9,89,12.1,870.5,5.2,168,Pulchowk,27.6787,85.3168
2023-10-18T00:00,13.5,88,11.6,870.0,4.7,171,Pulchowk,27.6787,85.3168
2023-10-18T01:00,13.2,87,11.0,870.1,3.7,169,Pulchowk,27.6787,85.3168
2023-10-18T02:00,13.1,85,10.6,870.1,3.6,174,Pulchowk,27.6787,85.3168
2023-10-18T03:00,12.8,84,10.2,869.9,5.2,168,Pulchowk,27.6787,85.3168
2023-10-18T04:00,12.5,85,10.0,869.9,6.3,167,Pulchowk,27.6787,85.3168
2023-10-18T05:00,12.4,90,10.8,870.8,5.9,169,Pulchowk,27.6787,85.3168
2023-10-18T06:00,13.1,89,11.2,871.5,6.9,171,Pulchowk,27.6787,85.3168
2023-10-18T07:00,16.9,84,14.3,874.3,5.0,159,Pulchowk,27.6787,85.3168
2023-10-18T08:00,19.3,65,12.5,875.7,0.7,360,Pulchowk,27.6787,85.3168
2023-10-18T09:00,20.6,59,12.3,876.0,2.7,337,Pulchowk,27.6787,85.3168
2023-10-18T10:00,21.7,56,12.6,875.9,3.2,333,Pulchowk,27.6787,85.3168
2023-10-18T11:00,22.5,54,12.8,875.1,4.2,329,Pulchowk,27.6787,85.3168
2023-10-18T12:00,20.5,66,13.9,874.3,9.7,268,Pulchowk,27.6787,85.3168
2023-10-18T13:00,20.7,61,13.0,873.6,3.6,180,Pulchowk,27.6787,85.3168
2023-10-18T14:00,19.9,64,12.8,873.0,5.1,309,Pulchowk,27.6787,85.3168
2023-10-18T15:00,18.2,74,13.5,872.4,3.8,253,Pulchowk,27.6787,85.3168
2023-10-18T16:00,18.4,72,13.4,872.3,2.5,172,Pulchowk,27.6787,85.3168
2023-10-18T17:00,16.9,85,14.4,872.3,2.3,108,Pulchowk,27.6787,85.3168
2023-10-18T18:00,15.5,91,14.1,872.0,4.4,171,Pulchowk,27.6787,85.3168
2023-10-18T19:00,14.6,94,13.6,871.8,4.0,175,Pulchowk,27.6787,85.3168
2023-10-18T20:00,13.9,95,13.1,871.4,4.4,171,Pulchowk,27.6787,85.3168
2023-10-18T21:00,13.5,94,12.6,871.3,4.3,175,Pulchowk,27.6787,85.3168
2023-10-18T22:00,13.2,94,12.3,871.0,3.3,174,Pulchowk,27.6787,85.3168
2023-10-18T23:00,13.0,93,12.0,870.8,2.9,173,Pulchowk,27.6787,85.3168
2023-10-19T00:00,12.8,93,11.7,870.5,4.4,171,Pulchowk,27.6787,85.3168
2023-10-19T01:00,12.6,93,11.5,870.1,4.0,170,Pulchowk,27.6787,85.3168
2023-10-19T02:00,12.6,91,11.2,869.9,4.0,170,Pulchowk,27.6787,85.3168
2023-10-19T03:00,12.6,89,10.8,869.7,4.4,171,Pulchowk,27.6787,85.3168
2023-10-19T04:00,12.3,88,10.4,869.7,4.4,171,Pulchowk,27.6787,85.3168
2023-10-19T05:00,12.2,93,11.1,870.9,4.7,180,Pulchowk,27.6787,85.3168
2023-10-19T06:00,12.5,92,11.3,871.6,5.4,172,Pulchowk,27.6787,85.3168
2023-10-19T07:00,16.4,87,14.3,873.9,4.7,171,Pulchowk,27.6787,85.3168
2023-10-19T08:00,18.9,70,13.3,875.5,0.8,63,Pulchowk,27.6787,85.3168
2023-10-19T09:00,20.0,67,13.7,875.9,3.3,319,Pulchowk,27.6787,85.3168
2023-10-19T10:00,21.0,63,13.6,875.8,5.1,321,Pulchowk,27.6787,85.3168
2023-10-19T11:00,21.4,59,13.2,875.3,5.8,300,Pulchowk,27.6787,85.3168
2023-10-19T12:00,21.5,61,13.6,874.6,7.4,299,Pulchowk,27.6787,85.3168
2023-10-19T13:00,21.1,66,14.4,873.6,8.2,293,Pulchowk,27.6787,85.3168
2023-10-19T14:00,20.2,69,14.2,872.8,4.7,279,Pulchowk,27.6787,85.3168
2023-10-19T15:00,19.9,68,13.9,872.3,5.1,315,Pulchowk,27.6787,85.3168
2023-10-19T16:00,19.3,72,14.1,872.1,4.6,342,Pulchowk,27.6787,85.3168
2023-10-19T17:00,17.8,78,13.9,872.7,3.2,27,Pulchowk,27.6787,85.3168
2023-10-19T18:00,16.6,86,14.2,872.3,1.1,162,Pulchowk,27.6787,85.3168
2023-10-19T19:00,15.8,86,13.4,872.4,2.5,180,Pulchowk,27.6787,85.3168
2023-10-19T20:00,14.8,89,13.0,872.5,2.5,172,Pulchowk,27.6787,85.3168
2023-10-19T21:00,13.9,92,12.6,872.3,3.6,174,Pulchowk,27.6787,85.3168
2023-10-19T22:00,13.3,94,12.3,872.2,4.4,171,Pulchowk,27.6787,85.3168
2023-10-19T23:00,13.1,94,12.1,872.0,4.4,171,Pulchowk,27.6787,85.3168
2023-10-20T00:00,13.0,93,11.9,871.7,4.4,171,Pulchowk,27.6787,85.3168
2023-10-20T01:00,12.8,92,11.6,871.3,4.7,171,Pulchowk,27.6787,85.3168
2023-10-20T02:00,12.5,93,11.3,870.7,4.7,171,Pulchowk,27.6787,85.3168
2023-10-20T03:00,12.1,93,10.9,870.6,4.7,171,Pulchowk,27.6787,85.3168
2023-10-20T04:00,11.7,92,10.5,870.8,4.7,171,Pulchowk,27.6787,85.3168
2023-10-20T05:00,12.8,88,10.9,872.3,2.9,180,Pulchowk,27.6787,85.3168
2023-10-20T06:00,13.2,89,11.4,872.9,5.2,168,Pulchowk,27.6787,85.3168
2023-10-20T07:00,16.2,87,14.0,875.0,4.5,166,Pulchowk,27.6787,85.3168
2023-10-20T08:00,18.7,72,13.4,876.3,1.3,56,Pulchowk,27.6787,85.3168
2023-10-20T09:00,20.1,63,12.8,876.6,2.3,342,Pulchowk,27.6787,85.3168
2023-10-20T10:00,21.1,57,12.3,876.4,4.1,322,Pulchowk,27.6787,85.3168
2023-10-20T11:00,21.6,56,12.4,875.6,5.9,313,Pulchowk,27.6787,85.3168
2023-10-20T12:00,21.5,56,12.4,874.6,6.5,304,Pulchowk,27.6787,85.3168
2023-10-20T13:00,21.3,57,12.4,873.7,5.4,307,Pulchowk,27.6787,85.3168
2023-10-20T14:00,21.1,58,12.5,873.2,4.6,315,Pulchowk,27.6787,85.3168
2023-10-20T15:00,20.4,59,12.1,872.6,4.1,322,Pulchowk,27.6787,85.3168
2023-10-20T16:00,19.3,64,12.4,872.6,2.3,321,Pulchowk,27.6787,85.3168
2023-10-20T17:00,18.0,73,13.2,872.7,6.0,327,Pulchowk,27.6787,85.3168
2023-10-20T18:00,17.2,81,13.9,872.9,1.8,191,Pulchowk,27.6787,85.3168
2023-10-20T19:00,16.5,80,13.0,873.4,1.4,180,Pulchowk,27.6787,85.3168
2023-10-20T20:00,15.6,82,12.6,873.4,1.8,180,Pulchowk,27.6787,85.3168
2023-10-20T21:00,14.7,87,12.5,873.3,3.6,174,Pulchowk,27.6787,85.3168
2023-10-20T22:00,14.0,89,12.3,873.3,4.4,171,Pulchowk,27.6787,85.3168
2023-10-20T23:00,13.6,90,12.1,872.9,4.3,175,Pulchowk,27.6787,85.3168
2023-10-21T00:00,13.2,92,11.8,872.6,5.1,172,Pulchowk,27.6787,85.3168
2023-10-21T01:00,12.8,92,11.6,872.0,5.9,169,Pulchowk,27.6787,85.3168
2023-10-21T02:00,12.3,94,11.4,871.3,6.2,170,Pulchowk,27.6787,85.3168
2023-10-21T03:00,11.9,95,11.1,870.7,5.9,169,Pulchowk,27.6787,85.3168
2023-10-21T04:00,11.6,95,10.9,870.8,5.1,172,Pulchowk,27.6787,85.3168
2023-10-21T05:00,12.4,93,11.4,872.3,4.0,180,Pulchowk,27.6787,85.3168
2023-10-21T06:00,12.6,93,11.5,873.0,5.4,176,Pulchowk,27.6787,85.3168
2023-10-21T07:00,16.3,87,14.0,875.7,4.3,180,Pulchowk,27.6787,85.3168
2023-10-21T08:00,18.8,71,13.4,877.2,0.5,45,Pulchowk,27.6787,85.3168
2023-10-21T09:00,20.3,64,13.2,877.4,1.3,34,Pulchowk,27.6787,85.3168
2023-10-21T10:00,21.3,56,12.1,877.2,0.8,27,Pulchowk,27.6787,85.3168
2023-10-21T11:00,21.8,51,11.3,876.4,1.8,281,Pulchowk,27.6787,85.3168
2023-10-21T12:00,21.7,52,11.3,875.4,4.3,270,Pulchowk,27.6787,85.3168
2023-10-21T13:00,21.1,56,12.0,874.8,4.3,318,Pulchowk,27.6787,85.3168
2023-10-21T14:00,21.0,56,11.8,874.2,3.8,319,Pulchowk,27.6787,85.3168
2023-10-21T15:00,20.5,57,11.7,874.0,3.3,319,Pulchowk,27.6787,85.3168
2023-10-21T16:00,18.2,75,13.6,874.0,6.0,295,Pulchowk,27.6787,85.3168
2023-10-21T17:00,16.4,89,14.5,874.3,4.3,360,Pulchowk,27.6787,85.3168
2023-10-21T18:00,16.2,87,14.0,874.3,5.2,168,Pulchowk,27.6787,85.3168
2023-10-21T19:00,15.1,88,13.1,874.3,5.1,172,Pulchowk,27.6787,85.3168
2023-10-21T20:00,14.2,88,12.3,874.3,4.7,171,Pulchowk,27.6787,85.3168
2023-10-21T21:00,13.7,87,11.6,874.0,5.4,172,Pulchowk,27.6787,85.3168
2023-10-21T22:00,13.4,86,11.0,873.7,5.9,169,Pulchowk,27.6787,85.3168
2023-10-21T23:00,13.3,83,10.5,873.0,6.3,167,Pulchowk,27.6787,85.3168
2023-10-22T00:00,13.1,82,10.1,872.5,5.9,169,Pulchowk,27.6787,85.3168
2023-10-22T01:00,12.9,82,9.9,872.1,4.7,171,Pulchowk,27.6787,85.3168
2023-10-22T02:00,12.6,83,9.7,871.5,4.8,167,Pulchowk,27.6787,85.3168
2023-10-22T03:00,12.1,85,9.6,871.4,4.5,166,Pulchowk,27.6787,85.3168
2023-10-22T04:00,11.8,86,9.5,871.5,4.0,170,Pulchowk,27.6787,85.3168
2023-10-22T05:00,12.2,88,10.2,873.0,4.3,175,Pulchowk,27.6787,85.3168
2023-10-22T06:00,12.3,89,10.5,873.5,5.5,169,Pulchowk,27.6787,85.3168
2023-10-22T07:00,15.8,86,13.4,875.6,5.2,164,Pulchowk,27.6787,85.3168
2023-10-22T08:00,19.5,64,12.6,877.7,2.2,99,Pulchowk,27.6787,85.3168
2023-10-22T09:00,20.9,60,12.9,877.7,2.8,40,Pulchowk,27.6787,85.3168
2023-10-22T10:00,22.1,52,11.8,877.5,1.5,45,Pulchowk,27.6787,85.3168
2023-10-22T11:00,23.0,44,10.0,876.6,1.6,333,Pulchowk,27.6787,85.3168
2023-10-22T12:00,23.4,41,9.4,875.6,2.6,304,Pulchowk,27.6787,85.3168
2023-10-22T13:00,23.1,43,10.0,874.5,4.3,294,Pulchowk,27.6787,85.3168
2023-10-22T14:00,22.6,46,10.5,874.2,4.4,305,Pulchowk,27.6787,85.3168
2023-10-22T15:00,21.4,57,12.6,873.8,5.1,315,Pulchowk,27.6787,85.3168
2023-10-22T16:00,20.0,68,14.0,874.0,3.4,342,Pulchowk,27.6787,85.3168
2023-10-22T17:00,18.8,68,12.8,874.4,3.1,315,Pulchowk,27.6787,85.3168
2023-10-22T18:00,17.1,75,12.7,873.9,3.3,174,Pulchowk,27.6787,85.3168
2023-10-22T19:00,15.8,78,12.0,873.8,3.6,174,Pulchowk,27.6787,85.3168
2023-10-22T20:00,14.9,81,11.6,873.5,3.6,174,Pulchowk,27.6787,85.3168
2023-10-22T21:00,13.9,84,11.3,873.2,5.1,176,Pulchowk,27.6787,85.3168
2023-10-22T22:00,13.2,87,11.0,872.7,6.2,173,Pulchowk,27.6787,85.3168
2023-10-22T23:00,12.8,88,10.8,872.2,6.5,174,Pulchowk,27.6787,85.3168
2023-10-23T00:00,12.6,88,10.7,871.7,5.4,172,Pulchowk,27.6787,85.3168
2023-10-23T01:00,12.8,85,10.4,871.5,5.1,172,Pulchowk,27.6787,85.3168
2023-10-23T02:00,13.0,82,10.1,871.4,4.7,171,Pulchowk,27.6787,85.3168
2023-10-23T03:00,13.0,80,9.7,871.2,4.4,171,Pulchowk,27.6787,85.3168
2023-10-23T04:00,12.6,81,9.4,871.1,4.4,171,Pulchowk,27.6787,85.3168
2023-10-23T05:00,11.4,89,9.7,872.1,4.7,171,Pulchowk,27.6787,85.3168
2023-10-23T06:00,11.4,91,10.0,871.6,6.2,170,Pulchowk,27.6787,85.3168
2023-10-23T07:00,15.6,83,12.8,874.0,6.6,171,Pulchowk,27.6787,85.3168
2023-10-23T08:00,20.0,57,11.2,876.4,2.6,146,Pulchowk,27.6787,85.3168
2023-10-23T09:00,21.7,52,11.4,876.7,0.4,360,Pulchowk,27.6787,85.3168
2023-10-23T10:00,22.7,51,11.9,876.4,2.1,329,Pulchowk,27.6787,85.3168
2023-10-23T11:00,23.5,41,9.6,875.4,2.2,351,Pulchowk,27.6787,85.3168
2023-10-23T12:00,23.3,45,10.8,874.3,4.6,315,Pulchowk,27.6787,85.3168
2023-10-23T13:00,22.8,50,11.8,873.4,4.8,297,Pulchowk,27.6787,85.3168
2023-10-23T14:00,22.0,58,13.5,872.9,5.4,290,Pulchowk,27.6787,85.3168
2023-10-23T15:00,21.2,65,14.3,872.6,3.9,304,Pulchowk,27.6787,85.3168
2023-10-23T16:00,20.0,71,14.6,872.6,2.6,326,Pulchowk,27.6787,85.3168
2023-10-23T17:00,18.3,78,14.4,872.5,0.0,270,Pulchowk,27.6787,85.3168
2023-10-23T18:00,17.0,76,12.7,872.7,2.9,180,Pulchowk,27.6787,85.3168
2023-10-23T19:00,16.0,69,10.4,872.8,4.0,170,Pulchowk,27.6787,85.3168
2023-10-23T20:00,15.0,67,9.0,872.4,4.8,167,Pulchowk,27.6787,85.3168
2023-10-23T21:00,14.4,68,8.6,872.1,4.7,171,Pulchowk,27.6787,85.3168
2023-10-23T22:00,13.9,72,9.0,871.7,5.4,172,Pulchowk,27.6787,85.3168
2023-10-23T23:00,13.6,77,9.6,871.3,5.1,176,Pulchowk,27.6787,85.3168
2023-10-24T00:00,13.5,80,10.0,871.1,5.1,172,Pulchowk,27.6787,85.3168
2023-10-24T01:00,13.2,82,10.2,870.7,5.4,172,Pulchowk,27.6787,85.3168
2023-10-24T02:00,13.3,81,10.2,870.7,4.4,171,Pulchowk,27.6787,85.3168
2023-10-24T03:00,13.3,81,10.0,870.4,5.4,172,Pulchowk,27.6787,85.3168
2023-10-24T04:00,12.5,83,9.7,869.7,5.5,169,Pulchowk,27.6787,85.3168
2023-10-24T05:00,12.0,90,10.4,870.1,4.3,175,Pulchowk,27.6787,85.3168
2023-10-24T06:00,12.0,91,10.6,870.6,5.4,172,Pulchowk,27.6787,85.3168
2023-10-24T07:00,16.0,85,13.4,873.2,5.4,172,Pulchowk,27.6787,85.3168
2023-10-24T08:00,19.7,64,12.8,875.5,1.3,214,Pulchowk,27.6787,85.3168
2023-10-24T09:00,21.3,59,12.8,876.0,1.8,323,Pulchowk,27.6787,85.3168
2023-10-24T10:00,22.0,58,13.4,875.8,5.0,330,Pulchowk,27.6787,85.3168
2023-10-24T11:00,22.4,58,13.8,874.9,5.3,332,Pulchowk,27.6787,85.3168
2023-10-24T12:00,22.8,58,14.1,873.8,4.6,321,Pulchowk,27.6787,85.3168
2023-10-24T13:00,23.2,58,14.5,873.2,4.7,302,Pulchowk,27.6787,85.3168
2023-10-24T14:00,21.2,64,14.1,873.1,0.8,117,Pulchowk,27.6787,85.3168
2023-10-24T15:00,21.4,60,13.3,872.8,1.9,338,Pulchowk,27.6787,85.3168
2023-10-24T16:00,20.1,71,14.7,872.9,3.6,323,Pulchowk,27.6787,85.3168
2023-10-24T17:00,18.9,73,13.9,873.0,0.4,270,Pulchowk,27.6787,85.3168
2023-10-24T18:00,17.4,78,13.5,872.2,1.8,191,Pulchowk,27.6787,85.3168
2023-10-24T19:00,16.6,77,12.6,872.5,2.2,171,Pulchowk,27.6787,85.3168
2023-10-24T20:00,15.7,81,12.4,872.4,4.0,175,Pulchowk,27.6787,85.3168
2023-10-24T21:00,14.7,85,12.2,872.0,6.2,173,Pulchowk,27.6787,85.3168
2023-10-24T22:00,14.0,87,11.9,871.6,6.9,174,Pulchowk,27.6787,85.3168
2023-10-24T23:00,13.6,86,11.3,870.9,5.1,172,Pulchowk,27.6787,85.3168
2023-10-25T00:00,13.5,82,10.5,870.9,4.8,167,Pulchowk,27.6787,85.3168
2023-10-25T01:00,13.5,79,9.9,870.5,4.4,171,Pulchowk,27.6787,85.3168
2023-10-25T02:00,13.2,79,9.5,870.1,4.0,170,Pulchowk,27.6787,85.3168
2023-10-25T03:00,13.1,77,9.3,869.8,3.7,169,Pulchowk,27.6787,85.3168
2023-10-25T04:00,13.2,76,9.1,870.0,3.3,174,Pulchowk,27.6787,85.3168
2023-10-25T05:00,13.3,75,8.9,870.3,3.0,166,Pulchowk,27.6787,85.3168
2023-10-25T06:00,12.3,84,9.7,871.2,4.7,171,Pulchowk,27.6787,85.3168
2023-10-25T07:00,15.9,82,12.8,873.7,4.7,176,Pulchowk,27.6787,85.3168
2023-10-25T08:00,19.9,59,11.6,876.2,1.1,342,Pulchowk,27.6787,85.3168
2023-10-25T09:00,21.1,57,12.2,876.5,3.9,326,Pulchowk,27.6787,85.3168
2023-10-25T10:00,21.9,55,12.4,876.5,3.9,338,Pulchowk,27.6787,85.3168
2023-10-25T11:00,22.4,52,12.1,875.7,4.5,331,Pulchowk,27.6787,85.3168
2023-10-25T12:00,22.9,51,12.3,874.7,6.6,319,Pulchowk,27.6787,85.3168
2023-10-25T13:00,22.4,53,12.4,873.9,5.4,318,Pulchowk,27.6787,85.3168
2023-10-25T14:00,22.3,53,12.4,873.1,4.6,315,Pulchowk,27.6787,85.3168
2023-10-25T15:00,21.6,57,12.6,872.9,3.3,276,Pulchowk,27.6787,85.3168
2023-10-25T16:00,20.4,70,14.6,872.5,2.2,270,Pulchowk,27.6787,85.3168
2023-10-25T17:00,17.9,80,14.4,871.8,0.7,180,Pulchowk,27.6787,85.3168
2023-10-25T18:00,16.7,79,13.0,871.7,5.0,180,Pulchowk,27.6787,85.3168
2023-10-25T19:00,15.6,84,12.9,871.8,4.0,175,Pulchowk,27.6787,85.3168
2023-10-25T20:00,15.4,81,12.2,872.4,3.3,167,Pulchowk,27.6787,85.3168
2023-10-25T21:00,15.1,80,11.6,872.4,5.8,173,Pulchowk,27.6787,85.3168
2023-10-25T22:00,14.6,80,11.2,872.0,5.1,172,Pulchowk,27.6787,85.3168
2023-10-25T23:00,14.4,79,10.7,871.5,4.4,171,Pulchowk,27.6787,85.3168
2023-10-26T00:00,14.4,76,10.2,871.1,4.0,170,Pulchowk,27.6787,85.3168
2023-10-26T01:00,14.3,74,9.7,870.7,4.7,171,Pulchowk,27.6787,85.3168
2023-10-26T02:00,14.0,74,9.4,870.2,5.1,172,Pulchowk,27.6787,85.3168
2023-10-26T03:00,13.7,75,9.2,869.9,4.7,171,Pulchowk,27.6787,85.3168
2023-10-26T04:00,13.4,75,9.1,869.8,5.1,172,Pulchowk,27.6787,85.3168
2023-10-26T05:00,12.8,77,8.9,869.7,5.5,169,Pulchowk,27.6787,85.3168
2023-10-26T06:00,13.0,83,10.1,871.3,5.9,169,Pulchowk,27.6787,85.3168
2023-10-26T07:00,16.1,81,12.8,873.4,5.1,176,Pulchowk,27.6787,85.3168
2023-10-26T08:00,19.9,56,10.9,875.7,0.4,180,Pulchowk,27.6787,85.3168
2023-10-26T09:00,21.1,54,11.4,876.0,2.8,320,Pulchowk,27.6787,85.3168
2023-10-26T10:00,22.0,49,10.8,875.9,5.1,315,Pulchowk,27.6787,85.3168
2023-10-26T11:00,22.0,48,10.6,875.1,5.7,305,Pulchowk,27.6787,85.3168
2023-10-26T12:00,22.0,48,10.6,874.2,5.8,300,Pulchowk,27.6787,85.3168
2023-10-26T13:00,21.9,50,10.9,873.3,6.9,313,Pulchowk,27.6787,85.3168
2023-10-26T14:00,21.2,56,12.1,872.6,7.9,309,Pulchowk,27.6787,85.3168
2023-10-26T15:00,20.4,62,12.8,872.1,6.4,313,Pulchowk,27.6787,85.3168
2023-10-26T16:00,19.4,70,13.9,872.0,3.6,323,Pulchowk,27.6787,85.3168
2023-10-26T17:00,18.5,69,12.8,872.1,3.3,77,Pulchowk,27.6787,85.3168
2023-10-26T18:00,16.4,77,12.4,871.9,3.3,174,Pulchowk,27.6787,85.3168
2023-10-26T19:00,15.4,81,12.1,871.8,4.0,180,Pulchowk,27.6787,85.3168
2023-10-26T20:00,14.8,82,11.7,871.9,3.6,180,Pulchowk,27.6787,85.3168
2023-10-26T21:00,14.4,82,11.3,871.9,3.6,180,Pulchowk,27.6787,85.3168
2023-10-26T22:00,14.1,82,11.0,871.8,4.0,175,Pulchowk,27.6787,85.3168
2023-10-26T23:00,14.0,81,10.7,871.5,4.0,175,Pulchowk,27.6787,85.3168
2023-10-27T00:00,13.8,79,10.3,871.0,4.0,175,Pulchowk,27.6787,85.3168
2023-10-27T01:00,13.6,79,9.9,870.1,3.6,174,Pulchowk,27.6787,85.3168
2023-10-27T02:00,13.3,79,9.6,869.5,3.3,174,Pulchowk,27.6787,85.3168
2023-10-27T03:00,13.2,77,9.3,869.4,2.9,173,Pulchowk,27.6787,85.3168
2023-10-27T04:00,13.2,76,9.1,869.7,3.0,166,Pulchowk,27.6787,85.3168
2023-10-27T05:00,13.1,76,9.0,870.0,2.6,164,Pulchowk,27.6787,85.3168
2023-10-27T06:00,14.1,79,10.6,871.7,2.5,172,Pulchowk,27.6787,85.3168
2023-10-27T07:00,16.2,81,12.9,873.4,3.3,167,Pulchowk,27.6787,85.3168
2023-10-27T08:00,18.6,69,12.8,875.1,2.5,45,Pulchowk,27.6787,85.3168
2023-10-27T09:00,20.0,62,12.5,875.6,3.7,11,Pulchowk,27.6787,85.3168
2023-10-27T10:00,21.1,52,11.0,875.2,3.6,354,Pulchowk,27.6787,85.3168
2023-10-27T11:00,21.8,50,10.8,874.4,5.2,335,Pulchowk,27.6787,85.3168
2023-10-27T12:00,22.2,48,10.5,873.5,5.5,328,Pulchowk,27.6787,85.3168
2023-10-27T13:00,22.0,49,10.6,872.6,7.0,325,Pulchowk,27.6787,85.3168
2023-10-27T14:00,21.3,53,11.3,872.1,7.9,309,Pulchowk,27.6787,85.3168
2023-10-27T15:00,20.8,56,11.8,871.6,7.9,313,Pulchowk,27.6787,85.3168
2023-10-27T16:00,19.6,66,13.2,871.8,4.2,290,Pulchowk,27.6787,85.3168
2023-10-27T17:00,18.0,71,12.6,871.5,3.6,233,Pulchowk,27.6787,85.3168
2023-10-27T18:00,16.7,78,12.9,871.7,2.2,189,Pulchowk,27.6787,85.3168
2023-10-27T19:00,15.7,81,12.5,871.8,3.3,186,Pulchowk,27.6787,85.3168
2023-10-27T20:00,14.7,86,12.4,871.9,2.2,180,Pulchowk,27.6787,85.3168
2023-10-27T21:00,14.6,86,12.3,872.2,1.4,180,Pulchowk,27.6787,85.3168
2023-10-27T22:00,14.5,87,12.3,872.0,1.1,180,Pulchowk,27.6787,85.3168
2023-10-27T23:00,14.2,87,12.1,871.8,1.4,180,Pulchowk,27.6787,85.3168
2023-10-28T00:00,14.0,87,12.0,871.3,1.8,180,Pulchowk,27.6787,85.3168
2023-10-28T01:00,13.8,87,11.8,871.0,1.8,169,Pulchowk,27.6787,85.3168
2023-10-28T02:00,13.4,88,11.5,870.4,1.8,169,Pulchowk,27.6787,85.3168
2023-10-28T03:00,13.3,87,11.2,870.0,2.2,171,Pulchowk,27.6787,85.3168
2023-10-28T04:00,13.2,87,11.1,870.3,2.6,164,Pulchowk,27.6787,85.3168
2023-10-28T05:00,13.0,87,10.8,870.6,3.0,166,Pulchowk,27.6787,85.3168
2023-10-28T06:00,13.9,88,12.0,872.0,3.0,166,Pulchowk,27.6787,85.3168
2023-10-28T07:00,16.1,87,14.0,874.0,3.3,167,Pulchowk,27.6787,85.3168
2023-10-28T08:00,18.5,72,13.4,875.5,3.1,54,Pulchowk,27.6787,85.3168
2023-10-28T09:00,19.8,66,13.2,876.1,4.4,35,Pulchowk,27.6787,85.3168
2023-10-28T10:00,20.7,62,13.3,876.0,5.5,11,Pulchowk,27.6787,85.3168
2023-10-28T11:00,21.2,61,13.3,875.1,6.0,335,Pulchowk,27.6787,85.3168
2023-10-28T12:00,21.1,62,13.5,874.1,8.2,308,Pulchowk,27.6787,85.3168
2023-10-28T13:00,20.6,66,14.0,873.0,8.3,304,Pulchowk,27.6787,85.3168
2023-10-28T14:00,20.3,67,14.0,872.6,8.4,301,Pulchowk,27.6787,85.3168
2023-10-28T15:00,19.6,70,14.0,872.0,6.0,287,Pulchowk,27.6787,85.3168
2023-10-28T16:00,18.9,73,14.0,872.2,3.0,284,Pulchowk,27.6787,85.3168
2023-10-28T17:00,18.3,82,15.1,872.3,1.5,194,Pulchowk,27.6787,85.3168
2023-10-28T18:00,16.6,86,14.3,872.7,1.4,180,Pulchowk,27.6787,85.3168
2023-10-28T19:00,15.7,88,13.7,872.8,2.2,189,Pulchowk,27.6787,85.3168
2023-10-28T20:00,15.4,87,13.2,872.9,1.1,180,Pulchowk,27.6787,85.3168
2023-10-28T21:00,15.0,87,12.9,872.8,2.5,172,Pulchowk,27.6787,85.3168
2023-10-28T22:00,14.2,90,12.5,872.4,2.9,173,Pulchowk,27.6787,85.3168
2023-10-28T23:00,13.5,92,12.3,871.8,2.9,173,Pulchowk,27.6787,85.3168
2023-10-29T00:00,12.7,95,11.9,871.1,4.3,175,Pulchowk,27.6787,85.3168
2023-10-29T01:00,12.1,95,11.4,870.4,4.7,176,Pulchowk,27.6787,85.3168
2023-10-29T02:00,11.1,100,11.1,869.6,5.4,172,Pulchowk,27.6787,85.3168
2023-10-29T03:00,10.9,98,10.6,869.5,5.8,173,Pulchowk,27.6787,85.3168
2023-10-29T04:00,10.8,97,10.4,869.4,6.9,174,Pulchowk,27.6787,85.3168
2023-10-29T05:00,10.4,98,10.1,869.3,6.6,171,Pulchowk,27.6787,85.3168
2023-10-29T06:00,12.8,89,11.0,871.8,5.2,168,Pulchowk,27.6787,85.3168
2023-10-29T07:00,15.7,85,13.2,873.7,5.2,164,Pulchowk,27.6787,85.3168
2023-10-29T08:00,18.6,70,13.0,875.6,1.9,112,Pulchowk,27.6787,85.3168
2023-10-29T09:00,20.1,66,13.6,876.2,1.5,45,Pulchowk,27.6787,85.3168
2023-10-29T10:00,21.3,62,13.8,876.1,1.8,37,Pulchowk,27.6787,85.3168
2023-10-29T11:00,22.4,55,13.1,875.5,2.2,9,Pulchowk,27.6787,85.3168
2023-10-29T12:00,22.8,52,12.3,874.4,2.3,309,Pulchowk,27.6787,85.3168
2023-10-29T13:00,22.6,53,12.5,873.4,4.6,321,Pulchowk,27.6787,85.3168
2023-10-29T14:00,21.9,60,13.7,872.8,5.9,322,Pulchowk,27.6787,85.3168
2023-10-29T15:00,20.6,69,14.7,872.3,6.0,327,Pulchowk,27.6787,85.3168
2023-10-29T16:00,19.4,77,15.2,872.6,3.8,343,Pulchowk,27.6787,85.3168
2023-10-29T17:00,18.3,79,14.6,872.7,2.9,83,Pulchowk,27.6787,85.3168
2023-10-29T18:00,17.6,83,14.6,873.0,3.0,166,Pulchowk,27.6787,85.3168
2023-10-29T19:00,16.4,87,14.3,873.1,4.7,171,Pulchowk,27.6787,85.3168
2023-10-29T20:00,15.6,89,13.8,873.3,4.7,171,Pulchowk,27.6787,85.3168
2023-10-29T21:00,15.2,88,13.3,873.5,4.0,170,Pulchowk,27.6787,85.3168
2023-10-29T22:00,15.3,85,12.8,873.4,3.6,174,Pulchowk,27.6787,85.3168
2023-10-29T23:00,15.2,83,12.4,872.8,4.0,170,Pulchowk,27.6787,85.3168
2023-10-30T00:00,14.9,83,12.0,872.1,4.0,170,Pulchowk,27.6787,85.3168
2023-10-30T01:00,14.4,84,11.7,871.1,4.8,167,Pulchowk,27.6787,85.3168
2023-10-30T02:00,13.8,86,11.5,870.6,3.7,169,Pulchowk,27.6787,85.3168
2023-10-30T03:00,13.6,86,11.3,870.3,4.0,170,Pulchowk,27.6787,85.3168
2023-10-30T04:00,13.2,87,11.2,870.4,4.0,175,Pulchowk,27.6787,85.3168
2023-10-30T05:00,12.9,87,10.9,870.8,4.0,175,Pulchowk,27.6787,85.3168
2023-10-30T06:00,12.4,92,11.1,872.0,5.1,172,Pulchowk,27.6787,85.3168
2023-10-30T07:00,15.8,86,13.5,874.5,5.1,172,Pulchowk,27.6787,85.3168
2023-10-30T08:00,19.7,68,13.6,876.7,2.2,90,Pulchowk,27.6787,85.3168
2023-10-30T09:00,21.2,64,14.2,877.0,3.1,45,Pulchowk,27.6787,85.3168
2023-10-30T10:00,22.5,59,14.1,876.7,2.9,7,Pulchowk,27.6787,85.3168
2023-10-30T11:00,23.3,54,13.5,876.0,4.0,333,Pulchowk,27.6787,85.3168
2023-10-30T12:00,23.6,54,13.8,875.0,4.9,324,Pulchowk,27.6787,85.3168
2023-10-30T13:00,23.4,57,14.4,874.1,5.1,321,Pulchowk,27.6787,85.3168
2023-10-30T14:00,22.2,61,14.2,873.5,4.7,328,Pulchowk,27.6787,85.3168
2023-10-30T15:00,21.9,60,13.9,873.4,6.1,315,Pulchowk,27.6787,85.3168
2023-10-30T16:00,20.2,81,16.8,873.1,3.0,346,Pulchowk,27.6787,85.3168
2023-10-30T17:00,19.7,71,14.2,873.5,1.1,162,Pulchowk,27.6787,85.3168
2023-10-30T18:00,17.7,81,14.4,873.9,2.9,173,Pulchowk,27.6787,85.3168
2023-10-30T19:00,16.2,86,13.8,873.7,3.6,174,Pulchowk,27.6787,85.3168
2023-10-30T20:00,15.0,90,13.4,873.8,3.6,174,Pulchowk,27.6787,85.3168
2023-10-30T21:00,14.9,89,13.2,873.9,3.7,169,Pulchowk,27.6787,85.3168
2023-10-30T22:00,14.9,89,13.1,873.9,4.0,170,Pulchowk,27.6787,85.3168
2023-10-30T23:00,14.9,88,13.0,873.7,4.4,171,Pulchowk,27.6787,85.3168
2023-10-31T00:00,14.9,88,12.9,873.5,4.0,170,Pulchowk,27.6787,85.3168
2023-10-31T01:00,14.8,87,12.7,873.4,3.3,167,Pulchowk,27.6787,85.3168
2023-10-31T02:00,14.8,86,12.6,873.2,3.3,167,Pulchowk,27.6787,85.3168
2023-10-31T03:00,14.7,87,12.5,873.1,3.3,167,Pulchowk,27.6787,85.3168
2023-10-31T04:00,14.6,86,12.3,873.1,3.3,167,Pulchowk,27.6787,85.3168
2023-10-31T05:00,14.3,87,12.2,873.5,3.7,169,Pulchowk,27.6787,85.3168
2023-10-31T06:00,13.9,94,12.9,874.4,5.2,168,Pulchowk,27.6787,85.3168
2023-10-31T07:00,16.2,91,14.8,876.2,5.2,164,Pulchowk,27.6787,85.3168
2023-10-31T08:00,19.7,76,15.2,878.3,2.1,121,Pulchowk,27.6787,85.3168
2023-10-31T09:00,21.3,66,14.7,878.9,2.4,63,Pulchowk,27.6787,85.3168
2023-10-31T10:00,22.3,57,13.5,878.6,2.2,9,Pulchowk,27.6787,85.3168
2023-10-31T11:00,23.0,54,13.1,877.7,3.1,339,Pulchowk,27.6787,85.3168
2023-10-31T12:00,23.4,54,13.7,876.9,4.7,337,Pulchowk,27.6787,85.3168
2023-10-31T13:00,23.4,56,14.1,875.7,4.8,312,Pulchowk,27.6787,85.3168
2023-10-31T14:00,22.8,58,14.2,875.0,4.8,297,Pulchowk,27.6787,85.3168
2023-10-31T15:00,21.5,62,13.8,875.2,5.5,302,Pulchowk,27.6787,85.3168
2023-10-31T16:00,20.4,70,14.8,875.0,2.5,8,Pulchowk,27.6787,85.3168
2023-10-31T17:00,18.4,80,14.9,874.7,0.7,180,Pulchowk,27.6787,85.3168
2023-10-31T18:00,16.9,87,14.8,875.1,5.1,172,Pulchowk,27.6787,85.3168
2023-10-31T19:00,15.9,93,14.8,874.8,5.1,172,Pulchowk,27.6787,85.3168
2023-10-31T20:00,15.3,93,14.1,874.8,4.0,175,Pulchowk,27.6787,85.3168
2023-10-31T21:00,15.1,90,13.5,875.0,2.9,173,Pulchowk,27.6787,85.3168
2023-10-31T22:00,15.2,87,13.0,875.4,2.2,171,Pulchowk,27.6787,85.3168
2023-10-31T23:00,15.2,85,12.7,875.2,3.0,166,Pulchowk,27.6787,85.3168
2023-11-01T00:00,15.2,84,12.6,874.8,3.3,167,Pulchowk,27.6787,85.3168
2023-11-01T01:00,15.0,84,12.4,874.4,2.9,173,Pulchowk,27.6787,85.3168
2023-11-01T02:00,14.7,86,12.3,873.8,2.2,180,Pulchowk,27.6787,85.3168
2023-11-01T03:00,14.1,85,11.7,873.4,2.9,173,Pulchowk,27.6787,85.3168
2023-11-01T04:00,14.1,85,11.5,873.5,3.6,174,Pulchowk,27.6787,85.3168
2023-11-01T05:00,14.3,82,11.4,873.7,2.5,172,Pulchowk,27.6787,85.3168
2023-11-01T06:00,15.5,80,12.0,875.3,2.2,171,Pulchowk,27.6787,85.3168
2023-11-01T07:00,16.7,82,13.7,876.5,2.2,171,Pulchowk,27.6787,85.3168
2023-11-01T08:00,19.6,69,13.7,878.1,1.6,63,Pulchowk,27.6787,85.3168
2023-11-01T09:00,20.8,60,12.8,878.6,3.0,14,Pulchowk,27.6787,85.3168
2023-11-01T10:00,22.1,54,12.4,878.3,4.7,337,Pulchowk,27.6787,85.3168
2023-11-01T11:00,22.5,52,12.3,877.4,6.0,335,Pulchowk,27.6787,85.3168
2023-11-01T12:00,22.4,54,12.5,876.5,5.9,346,Pulchowk,27.6787,85.3168
2023-11-01T13:00,22.3,52,12.1,875.4,5.0,360,Pulchowk,27.6787,85.3168
2023-11-01T14:00,22.8,51,12.0,875.1,6.0,343,Pulchowk,27.6787,85.3168
2023-11-01T15:00,21.8,56,12.5,874.5,7.3,340,Pulchowk,27.6787,85.3168
2023-11-01T16:00,20.2,70,14.6,874.3,2.5,360,Pulchowk,27.6787,85.3168
2023-11-01T17:00,19.5,64,12.4,874.3,2.9,187,Pulchowk,27.6787,85.3168
2023-11-01T18:00,16.7,83,13.8,874.3,2.2,171,Pulchowk,27.6787,85.3168
2023-11-01T19:00,16.6,83,13.8,874.8,1.5,166,Pulchowk,27.6787,85.3168
2023-11-01T20:00,16.4,85,14.0,875.1,2.2,171,Pulchowk,27.6787,85.3168
2023-11-01T21:00,15.7,90,14.0,874.9,1.8,169,Pulchowk,27.6787,85.3168
2023-11-01T22:00,15.2,90,13.6,874.5,3.0,166,Pulchowk,27.6787,85.3168
2023-11-01T23:00,13.8,96,13.1,873.3,4.1,165,Pulchowk,27.6787,85.3168
2023-11-02T00:00,12.4,100,12.4,872.2,5.2,168,Pulchowk,27.6787,85.3168
2023-11-02T01:00,11.7,100,11.7,871.5,5.2,168,Pulchowk,27.6787,85.3168
2023-11-02T02:00,11.1,100,11.1,870.6,5.9,169,Pulchowk,27.6787,85.3168
2023-11-02T03:00,10.5,100,10.5,869.9,5.4,172,Pulchowk,27.6787,85.3168
2023-11-02T04:00,10.5,100,10.5,869.8,5.9,169,Pulchowk,27.6787,85.3168
2023-11-02T05:00,10.5,99,10.4,870.3,5.1,172,Pulchowk,27.6787,85.3168
2023-11-02T06:00,10.8,100,10.8,871.8,4.5,166,Pulchowk,27.6787,85.3168
2023-11-02T07:00,14.6,94,13.6,873.9,4.4,171,Pulchowk,27.6787,85.3168
2023-11-02T08:00,19.3,78,15.3,876.2,1.3,34,Pulchowk,27.6787,85.3168
2023-11-02T09:00,21.0,64,13.9,876.7,3.1,339,Pulchowk,27.6787,85.3168
2023-11-02T10:00,22.0,63,14.6,876.3,5.0,330,Pulchowk,27.6787,85.3168
2023-11-02T11:00,22.4,63,14.9,875.7,6.9,332,Pulchowk,27.6787,85.3168
2023-11-02T12:00,22.3,63,15.0,874.7,7.7,332,Pulchowk,27.6787,85.3168
2023-11-02T13:00,22.3,66,15.6,873.8,7.5,325,Pulchowk,27.6787,85.3168
2023-11-02T14:00,22.1,67,15.6,873.1,7.8,326,Pulchowk,27.6787,85.3168
2023-11-02T15:00,21.4,70,15.6,872.5,7.2,342,Pulchowk,27.6787,85.3168
2023-11-02T16:00,20.2,76,15.9,872.3,4.0,5,Pulchowk,27.6787,85.3168
2023-11-02T17:00,18.3,85,15.7,871.9,5.6,40,Pulchowk,27.6787,85.3168
2023-11-02T18:00,17.3,84,14.7,872.4,1.1,162,Pulchowk,27.6787,85.3168
2023-11-02T19:00,16.5,86,14.2,872.2,1.4,180,Pulchowk,27.6787,85.3168
2023-11-02T20:00,15.9,87,13.8,872.0,1.1,180,Pulchowk,27.6787,85.3168
2023-11-02T21:00,15.2,88,13.3,871.8,1.1,180,Pulchowk,27.6787,85.3168
2023-11-02T22:00,15.0,88,13.0,871.7,1.8,169,Pulchowk,27.6787,85.3168
2023-11-02T23:00,15.0,87,12.8,871.3,3.3,174,Pulchowk,27.6787,85.3168
2023-11-03T00:00,14.5,88,12.4,870.5,3.7,169,Pulchowk,27.6787,85.3168
2023-11-03T01:00,13.6,89,11.9,869.6,4.0,175,Pulchowk,27.6787,85.3168
2023-11-03T02:00,12.5,92,11.2,868.4,5.1,172,Pulchowk,27.6787,85.3168
2023-11-03T03:00,11.5,93,10.4,867.7,5.4,172,Pulchowk,27.6787,85.3168
2023-11-03T04:00,11.0,93,9.8,867.9,5.4,172,Pulchowk,27.6787,85.3168
2023-11-03T05:00,10.7,93,9.6,868.5,5.4,172,Pulchowk,27.6787,85.3168
2023-11-03T06:00,11.6,95,10.9,870.2,7.2,174,Pulchowk,27.6787,85.3168
2023-11-03T07:00,15.0,89,13.2,872.3,5.8,173,Pulchowk,27.6787,85.3168
2023-11-03T08:00,18.5,76,14.2,874.2,0.5,135,Pulchowk,27.6787,85.3168
2023-11-03T09:00,20.0,67,13.8,874.6,2.1,329,Pulchowk,27.6787,85.3168
2023-11-03T10:00,21.2,61,13.4,874.2,4.3,318,Pulchowk,27.6787,85.3168
2023-11-03T11:00,21.9,59,13.5,873.2,6.3,329,Pulchowk,27.6787,85.3168
2023-11-03T12:00,22.3,55,12.9,872.3,6.4,313,Pulchowk,27.6787,85.3168
2023-11-03T13:00,21.9,57,13.0,871.5,6.6,315,Pulchowk,27.6787,85.3168
2023-11-03T14:00,20.4,64,13.4,870.8,6.3,283,Pulchowk,27.6787,85.3168
2023-11-03T15:00,18.6,73,13.7,870.3,6.6,283,Pulchowk,27.6787,85.3168
2023-11-03T16:00,17.9,73,13.1,870.2,3.3,221,Pulchowk,27.6787,85.3168
2023-11-03T17:00,16.7,78,12.8,869.9,0.0,270,Pulchowk,27.6787,85.3168
2023-11-03T18:00,16.1,85,13.6,870.4,2.3,162,Pulchowk,27.6787,85.3168
2023-11-03T19:00,14.9,90,13.2,870.0,4.0,175,Pulchowk,27.6787,85.3168
2023-11-03T20:00,13.9,93,12.9,870.1,4.3,180,Pulchowk,27.6787,85.3168
2023-11-03T21:00,13.1,97,12.6,869.9,4.0,180,Pulchowk,27.6787,85.3168
2023-11-03T22:00,12.9,96,12.2,870.4,4.3,185,Pulchowk,27.6787,85.3168
2023-11-03T23:00,12.3,95,11.6,869.6,6.1,177,Pulchowk,27.6787,85.3168
2023-11-04T00:00,12.0,95,11.1,869.5,5.2,168,Pulchowk,27.6787,85.3168
2023-11-04T01:00,11.8,92,10.6,869.2,4.8,167,Pulchowk,27.6787,85.3168
2023-11-04T02:00,11.5,93,10.4,868.3,6.3,167,Pulchowk,27.6787,85.3168
2023-11-04T03:00,11.0,94,10.1,867.8,5.5,169,Pulchowk,27.6787,85.3168
2023-11-04T04:00,10.7,95,10.0,867.2,6.2,170,Pulchowk,27.6787,85.3168
2023-11-04T05:00,10.3,95,9.6,867.4,4.7,171,Pulchowk,27.6787,85.3168
2023-11-04T06:00,11.5,94,10.5,869.5,4.3,175,Pulchowk,27.6787,85.3168
2023-11-04T07:00,13.6,91,12.2,871.1,1.8,169,Pulchowk,27.6787,85.3168
2023-11-04T08:00,16.8,78,13.0,873.0,0.8,63,Pulchowk,27.6787,85.3168
2023-11-04T09:00,18.5,71,13.2,873.3,3.0,346,Pulchowk,27.6787,85.3168
2023-11-04T10:00,19.7,65,13.0,873.0,4.3,318,Pulchowk,27.6787,85.3168
2023-11-04T11:00,20.5,60,12.5,872.5,6.4,313,Pulchowk,27.6787,85.3168
2023-11-04T12:00,19.8,64,12.8,871.7,7.1,300,Pulchowk,27.6787,85.3168
2023-11-04T13:00,20.0,63,12.7,871.1,5.2,304,Pulchowk,27.6787,85.3168
2023-11-04T14:00,19.4,66,12.9,870.5,5.9,308,Pulchowk,27.6787,85.3168
2023-11-04T15:00,19.1,65,12.3,870.2,3.4,302,Pulchowk,27.6787,85.3168
2023-11-04T16:00,18.4,73,13.4,870.2,2.5,352,Pulchowk,27.6787,85.3168
2023-11-04T17:00,17.8,68,11.9,870.3,0.8,63,Pulchowk,27.6787,85.3168
2023-11-04T18:00,15.9,80,12.5,870.6,2.5,188,Pulchowk,27.6787,85.3168
2023-11-04T19:00,15.2,81,12.0,870.6,3.3,186,Pulchowk,27.6787,85.3168
2023-11-04T20:00,14.6,82,11.6,870.9,2.2,180,Pulchowk,27.6787,85.3168
2023-11-04T21:00,14.2,83,11.4,871.1,1.8,169,Pulchowk,27.6787,85.3168
2023-11-04T22:00,13.8,85,11.3,871.1,2.2,171,Pulchowk,27.6787,85.3168
2023-11-04T23:00,13.5,86,11.1,871.0,3.0,166,Pulchowk,27.6787,85.3168
2023-11-05T00:00,13.0,87,10.9,870.8,3.7,169,Pulchowk,27.6787,85.3168
2023-11-05T01:00,12.5,89,10.7,870.5,3.7,169,Pulchowk,27.6787,85.3168
2023-11-05T02:00,12.1,89,10.4,870.1,4.4,171,Pulchowk,27.6787,85.3168
2023-11-05T03:00,11.5,91,10.1,869.4,4.4,171,Pulchowk,27.6787,85.3168
2023-11-05T04:00,10.8,93,9.7,869.1,3.7,169,Pulchowk,27.6787,85.3168
2023-11-05T05:00,10.4,93,9.4,869.5,4.0,170,Pulchowk,27.6787,85.3168
2023-11-05T06:00,11.3,95,10.5,870.7,5.2,164,Pulchowk,27.6787,85.3168
2023-11-05T07:00,13.9,90,12.3,872.7,4.8,167,Pulchowk,27.6787,85.3168
2023-11-05T08:00,17.3,77,13.1,874.8,0.8,63,Pulchowk,27.6787,85.3168
2023-11-05T09:00,18.6,69,12.7,875.6,2.9,30,Pulchowk,27.6787,85.3168
2023-11-05T10:00,19.2,64,12.3,875.0,2.9,360,Pulchowk,27.6787,85.3168
2023-11-05T11:00,19.9,61,12.2,874.5,4.3,312,Pulchowk,27.6787,85.3168
2023-11-05T12:00,20.2,59,12.0,873.5,4.8,297,Pulchowk,27.6787,85.3168
2023-11-05T13:00,20.4,58,11.8,873.0,5.8,300,Pulchowk,27.6787,85.3168
2023-11-05T14:00,20.0,60,11.9,872.4,6.1,315,Pulchowk,27.6787,85.3168
2023-11-05T15:00,19.3,64,12.3,872.2,5.8,330,Pulchowk,27.6787,85.3168
2023-11-05T16:00,18.5,74,13.9,872.3,1.5,14,Pulchowk,27.6787,85.3168
2023-11-05T17:00,18.1,67,11.9,872.6,1.3,146,Pulchowk,27.6787,85.3168
2023-11-05T18:00,16.0,78,12.2,872.6,3.3,174,Pulchowk,27.6787,85.3168
2023-11-05T19:00,14.7,85,12.2,872.8,4.7,180,Pulchowk,27.6787,85.3168
2023-11-05T20:00,14.0,87,11.9,872.9,3.3,174,Pulchowk,27.6787,85.3168
2023-11-05T21:00,13.9,85,11.5,873.4,2.9,173,Pulchowk,27.6787,85.3168
2023-11-05T22:00,13.9,84,11.2,873.3,2.5,172,Pulchowk,27.6787,85.3168
2023-11-05T23:00,13.8,83,11.0,873.1,2.5,172,Pulchowk,27.6787,85.3168
2023-11-06T00:00,13.7,83,10.8,872.8,2.9,173,Pulchowk,27.6787,85.3168
2023-11-06T01:00,13.4,83,10.6,872.3,3.3,174,Pulchowk,27.6787,85.3168
2023-11-06T02:00,12.8,86,10.5,871.8,3.3,174,Pulchowk,27.6787,85.3168
2023-11-06T03:00,12.1,88,10.3,871.3,3.6,174,Pulchowk,27.6787,85.3168
2023-11-06T04:00,11.5,91,10.0,871.0,4.0,170,Pulchowk,27.6787,85.3168
2023-11-06T05:00,11.1,91,9.7,871.5,4.4,171,Pulchowk,27.6787,85.3168
2023-11-06T06:00,11.0,94,10.1,872.6,4.4,171,Pulchowk,27.6787,85.3168
2023-11-06T07:00,12.9,94,11.9,873.9,4.7,171,Pulchowk,27.6787,85.3168
2023-11-06T08:00,17.3,75,12.8,876.4,1.5,135,Pulchowk,27.6787,85.3168
2023-11-06T09:00,18.9,64,12.0,876.7,1.1,360,Pulchowk,27.6787,85.3168
2023-11-06T10:00,19.9,58,11.4,876.4,3.4,328,Pulchowk,27.6787,85.3168
2023-11-06T11:00,19.9,59,11.6,875.8,6.2,306,Pulchowk,27.6787,85.3168
2023-11-06T12:00,18.7,71,13.3,875.0,6.1,315,Pulchowk,27.6787,85.3168
2023-11-06T13:00,18.8,72,13.7,874.1,5.4,318,Pulchowk,27.6787,85.3168
2023-11-06T14:00,18.6,74,14.0,873.5,4.1,322,Pulchowk,27.6787,85.3168
2023-11-06T15:00,18.2,75,13.7,873.2,3.8,343,Pulchowk,27.6787,85.3168
2023-11-06T16:00,17.5,78,13.7,873.1,2.9,330,Pulchowk,27.6787,85.3168
2023-11-06T17:00,16.8,81,13.5,872.9,1.8,233,Pulchowk,27.6787,85.3168
2023-11-06T18:00,15.2,88,13.1,872.9,3.2,180,Pulchowk,27.6787,85.3168
2023-11-06T19:00,14.8,87,12.6,873.2,0.4,180,Pulchowk,27.6787,85.3168
2023-11-06T20:00,15.0,84,12.3,873.7,2.2,180,Pulchowk,27.6787,85.3168
2023-11-06T21:00,14.4,85,11.9,873.7,2.9,180,Pulchowk,27.6787,85.3168
2023-11-06T22:00,13.9,86,11.6,873.4,2.2,171,Pulchowk,27.6787,85.3168
2023-11-06T23:00,13.7,86,11.4,872.9,2.5,172,Pulchowk,27.6787,85.3168
2023-11-07T00:00,13.3,87,11.1,871.9,4.3,175,Pulchowk,27.6787,85.3168
2023-11-07T01:00,12.6,89,10.8,871.1,4.3,175,Pulchowk,27.6787,85.3168
2023-11-07T02:00,12.3,88,10.4,870.5,4.0,175,Pulchowk,27.6787,85.3168
2023-11-07T03:00,12.2,86,9.8,870.6,4.0,170,Pulchowk,27.6787,85.3168
2023-11-07T04:00,11.8,85,9.3,870.2,4.4,171,Pulchowk,27.6787,85.3168
2023-11-07T05:00,11.4,85,8.9,870.5,4.0,170,Pulchowk,27.6787,85.3168
2023-11-07T06:00,11.6,88,9.6,871.7,3.3,174,Pulchowk,27.6787,85.3168
2023-11-07T07:00,13.9,85,11.4,873.7,4.0,175,Pulchowk,27.6787,85.3168
2023-11-07T08:00,17.6,68,11.6,876.2,1.8,90,Pulchowk,27.6787,85.3168
2023-11-07T09:00,19.1,64,12.1,876.6,2.4,27,Pulchowk,27.6787,85.3168
2023-11-07T10:00,20.2,58,11.8,876.1,3.4,342,Pulchowk,27.6787,85.3168
2023-11-07T11:00,21.1,52,10.8,875.3,4.8,312,Pulchowk,27.6787,85.3168
2023-11-07T12:00,21.4,47,9.8,874.3,7.1,300,Pulchowk,27.6787,85.3168
2023-11-07T13:00,21.4,47,9.7,873.3,8.2,311,Pulchowk,27.6787,85.3168
2023-11-07T14:00,20.9,49,9.8,872.9,9.1,326,Pulchowk,27.6787,85.3168
2023-11-07T15:00,20.1,53,10.2,872.6,8.9,339,Pulchowk,27.6787,85.3168
2023-11-07T16:00,18.4,67,12.1,872.0,4.0,10,Pulchowk,27.6787,85.3168
2023-11-07T17:00,18.1,60,10.2,872.2,3.3,131,Pulchowk,27.6787,85.3168
2023-11-07T18:00,16.0,74,11.3,871.5,2.2,180,Pulchowk,27.6787,85.3168
2023-11-07T19:00,14.8,78,11.1,871.6,3.6,180,Pulchowk,27.6787,85.3168
2023-11-07T20:00,13.7,83,10.9,871.2,3.6,174,Pulchowk,27.6787,85.3168
2023-11-07T21:00,12.8,87,10.7,870.9,4.7,176,Pulchowk,27.6787,85.3168
2023-11-07T22:00,12.4,87,10.4,870.9,4.0,175,Pulchowk,27.6787,85.3168
2023-11-07T23:00,12.5,86,10.2,870.8,4.3,175,Pulchowk,27.6787,85.3168
2023-11-08T00:00,12.3,86,10.0,870.3,5.1,172,Pulchowk,27.6787,85.3168
2023-11-08T01:00,12.2,85,9.8,870.2,4.4,171,Pulchowk,27.6787,85.3168
2023-11-08T02:00,12.2,84,9.5,869.7,3.7,169,Pulchowk,27.6787,85.3168
2023-11-08T03:00,12.2,81,9.1,869.3,3.8,163,Pulchowk,27.6787,85.3168
2023-11-08T04:00,12.2,79,8.7,869.4,3.4,162,Pulchowk,27.6787,85.3168
2023-11-08T05:00,12.0,79,8.4,869.5,3.4,162,Pulchowk,27.6787,85.3168
2023-11-08T06:00,12.7,81,9.5,871.0,3.3,167,Pulchowk,27.6787,85.3168
2023-11-08T07:00,14.3,82,11.2,872.1,4.2,160,Pulchowk,27.6787,85.3168
2023-11-08T08:00,17.5,70,12.0,874.2,2.9,83,Pulchowk,27.6787,85.3168
2023-11-08T09:00,19.0,63,11.9,874.5,2.4,27,Pulchowk,27.6787,85.3168
2023-11-08T10:00,20.2,56,11.1,874.4,3.4,342,Pulchowk,27.6787,85.3168
2023-11-08T11:00,20.9,50,10.2,873.7,5.3,332,Pulchowk,27.6787,85.3168
2023-11-08T12:00,21.0,49,9.8,872.9,7.3,327,Pulchowk,27.6787,85.3168
2023-11-08T13:00,21.0,47,9.4,872.1,8.4,329,Pulchowk,27.6787,85.3168
2023-11-08T14:00,20.6,45,8.2,871.8,8.7,336,Pulchowk,27.6787,85.3168
2023-11-08T15:00,19.7,46,7.7,871.5,7.3,349,Pulchowk,27.6787,85.3168
2023-11-08T16:00,17.9,65,11.3,871.0,3.7,11,Pulchowk,27.6787,85.3168
2023-11-08T17:00,16.2,66,9.9,870.5,1.4,180,Pulchowk,27.6787,85.3168
2023-11-08T18:00,15.6,66,9.4,870.8,3.6,186,Pulchowk,27.6787,85.3168
2023-11-08T19:00,14.3,74,9.8,870.8,3.2,180,Pulchowk,27.6787,85.3168
2023-11-08T20:00,13.6,78,9.8,870.8,2.5,172,Pulchowk,27.6787,85.3168
2023-11-08T21:00,13.5,76,9.4,871.0,3.6,174,Pulchowk,27.6787,85.3168
2023-11-08T22:00,13.3,75,9.0,870.7,4.3,175,Pulchowk,27.6787,85.3168
2023-11-08T23:00,13.1,74,8.5,870.3,4.0,170,Pulchowk,27.6787,85.3168
2023-11-09T00:00,12.9,73,8.1,869.7,3.7,169,Pulchowk,27.6787,85.3168
2023-11-09T01:00,12.7,72,7.7,869.0,4.1,165,Pulchowk,27.6787,85.3168
2023-11-09T02:00,12.4,72,7.4,868.7,4.1,165,Pulchowk,27.6787,85.3168
2023-11-09T03:00,12.2,72,7.2,868.4,4.6,162,Pulchowk,27.6787,85.3168
2023-11-09T04:00,12.0,72,7.1,868.4,4.8,167,Pulchowk,27.6787,85.3168
2023-11-09T05:00,11.4,74,6.9,868.6,4.8,167,Pulchowk,27.6787,85.3168
2023-11-09T06:00,10.1,83,7.4,869.0,6.3,167,Pulchowk,27.6787,85.3168
2023-11-09T07:00,12.3,81,9.1,871.0,6.6,171,Pulchowk,27.6787,85.3168
2023-11-09T08:00,16.9,58,8.7,874.0,1.8,143,Pulchowk,27.6787,85.3168
2023-11-09T09:00,18.8,49,7.9,874.7,1.3,34,Pulchowk,27.6787,85.3168
2023-11-09T10:00,20.0,45,7.8,874.8,1.4,360,Pulchowk,27.6787,85.3168
2023-11-09T11:00,20.7,44,7.9,874.2,3.3,311,Pulchowk,27.6787,85.3168
2023-11-09T12:00,21.1,45,8.6,873.3,4.9,306,Pulchowk,27.6787,85.3168
2023-11-09T13:00,21.0,48,9.6,872.5,5.6,310,Pulchowk,27.6787,85.3168
2023-11-09T14:00,20.5,52,10.4,872.1,5.9,317,Pulchowk,27.6787,85.3168
2023-11-09T15:00,19.5,58,11.0,871.7,5.0,330,Pulchowk,27.6787,85.3168
2023-11-09T16:00,17.9,75,13.5,871.4,2.6,16,Pulchowk,27.6787,85.3168
2023-11-09T17:00,16.8,69,11.1,871.5,0.7,180,Pulchowk,27.6787,85.3168
2023-11-09T18:00,15.8,74,11.1,872.0,2.2,171,Pulchowk,27.6787,85.3168
2023-11-09T19:00,14.6,80,11.2,872.1,3.3,174,Pulchowk,27.6787,85.3168
2023-11-09T20:00,13.6,86,11.3,872.5,2.5,180,Pulchowk,27.6787,85.3168
2023-11-09T21:00,12.9,90,11.3,872.2,3.6,174,Pulchowk,27.6787,85.3168
2023-11-09T22:00,11.9,94,11.0,871.6,4.3,175,Pulchowk,27.6787,85.3168
2023-11-09T23:00,11.0,96,10.4,871.1,4.7,171,Pulchowk,27.6787,85.3168
2023-11-10T00:00,10.3,96,9.8,870.3,5.2,168,Pulchowk,27.6787,85.3168
2023-11-10T01:00,9.5,100,9.4,869.6,5.2,168,Pulchowk,27.6787,85.3168
2023-11-10T02:00,9.2,100,9.2,869.2,5.8,173,Pulchowk,27.6787,85.3168
2023-11-10T03:00,8.8,99,8.6,868.8,5.9,169,Pulchowk,27.6787,85.3168
2023-11-10T04:00,8.6,99,8.4,869.1,5.4,172,Pulchowk,27.6787,85.3168
2023-11-10T05:00,8.4,99,8.3,869.5,5.4,172,Pulchowk,27.6787,85.3168
2023-11-10T06:00,8.4,100,8.4,870.5,7.6,172,Pulchowk,27.6787,85.3168
2023-11-10T07:00,11.8,92,10.5,872.8,7.3,169,Pulchowk,27.6787,85.3168
2023-11-10T08:00,16.7,74,12.1,876.1,2.7,157,Pulchowk,27.6787,85.3168
2023-11-10T09:00,18.4,64,11.4,876.9,1.5,45,Pulchowk,27.6787,85.3168
2023-11-10T10:00,19.5,60,11.5,876.6,2.3,18,Pulchowk,27.6787,85.3168
2023-11-10T11:00,20.6,56,11.5,875.9,4.0,350,Pulchowk,27.6787,85.3168
2023-11-10T12:00,21.2,52,10.9,875.2,5.6,320,Pulchowk,27.6787,85.3168
2023-11-10T13:00,21.0,52,10.9,874.3,6.5,304,Pulchowk,27.6787,85.3168
2023-11-10T14:00,20.3,56,11.1,873.6,6.4,308,Pulchowk,27.6787,85.3168
2023-11-10T15:00,19.5,59,11.4,873.3,6.5,326,Pulchowk,27.6787,85.3168
2023-11-10T16:00,18.2,67,12.0,873.3,3.8,343,Pulchowk,27.6787,85.3168
2023-11-10T17:00,17.4,64,10.6,873.4,2.5,180,Pulchowk,27.6787,85.3168
2023-11-10T18:00,15.8,82,12.7,873.1,1.5,166,Pulchowk,27.6787,85.3168
2023-11-10T19:00,15.1,82,12.1,873.6,1.5,166,Pulchowk,27.6787,85.3168
2023-11-10T20:00,14.5,85,12.0,873.8,0.7,180,Pulchowk,27.6787,85.3168
2023-11-10T21:00,14.3,84,11.7,874.0,1.5,166,Pulchowk,27.6787,85.3168
2023-11-10T22:00,14.0,86,11.6,873.8,3.3,167,Pulchowk,27.6787,85.3168
2023-11-10T23:00,13.2,89,11.4,873.1,3.6,174,Pulchowk,27.6787,85.3168
2023-11-11T00:00,12.4,92,11.2,872.4,4.0,175,Pulchowk,27.6787,85.3168
2023-11-11T01:00,11.6,95,10.9,871.6,4.7,176,Pulchowk,27.6787,85.3168
2023-11-11T02:00,11.0,97,10.5,870.7,5.1,172,Pulchowk,27.6787,85.3168
2023-11-11T03:00,10.6,96,10.0,870.1,5.2,168,Pulchowk,27.6787,85.3168
2023-11-11T04:00,10.2,96,9.6,870.0,5.5,169,Pulchowk,27.6787,85.3168
2023-11-11T05:00,9.8,97,9.3,870.5,5.9,169,Pulchowk,27.6787,85.3168
2023-11-11T06:00,8.9,100,8.9,871.4,7.6,175,Pulchowk,27.6787,85.3168
2023-11-11T07:00,12.1,93,11.0,873.8,6.9,174,Pulchowk,27.6787,85.3168
2023-11-11T08:00,17.1,77,13.0,877.0,2.1,149,Pulchowk,27.6787,85.3168
2023-11-11T09:00,19.0,64,12.0,877.7,2.3,51,Pulchowk,27.6787,85.3168
2023-11-11T10:00,20.3,58,11.7,877.4,2.4,333,Pulchowk,27.6787,85.3168
2023-11-11T11:00,20.2,59,12.0,876.7,7.1,294,Pulchowk,27.6787,85.3168
2023-11-11T12:00,19.2,66,12.7,875.8,7.9,294,Pulchowk,27.6787,85.3168
2023-11-11T13:00,18.6,69,12.7,874.8,6.6,311,Pulchowk,27.6787,85.3168
2023-11-11T14:00,18.6,69,12.8,874.1,5.2,326,Pulchowk,27.6787,85.3168
2023-11-11T15:00,18.1,72,13.0,874.0,4.5,331,Pulchowk,27.6787,85.3168
2023-11-11T16:00,17.2,82,14.1,873.9,1.6,333,Pulchowk,27.6787,85.3168
2023-11-11T17:00,15.7,87,13.6,873.5,0.5,135,Pulchowk,27.6787,85.3168
2023-11-11T18:00,15.2,84,12.5,873.9,2.5,172,Pulchowk,27.6787,85.3168
2023-11-11T19:00,14.2,86,11.9,873.7,5.1,176,Pulchowk,27.6787,85.3168
2023-11-11T20:00,13.0,90,11.4,873.2,3.7,169,Pulchowk,27.6787,85.3168
2023-11-11T21:00,12.4,91,10.9,873.5,4.0,175,Pulchowk,27.6787,85.3168
2023-11-11T22:00,11.4,93,10.3,872.8,4.7,171,Pulchowk,27.6787,85.3168
2023-11-11T23:00,10.8,92,9.6,872.1,4.4,171,Pulchowk,27.6787,85.3168
2023-11-12T00:00,10.7,90,9.1,871.5,4.7,171,Pulchowk,27.6787,85.3168
2023-11-12T01:00,10.4,90,8.8,870.9,4.0,170,Pulchowk,27.6787,85.3168
2023-11-12T02:00,10.3,89,8.5,870.7,4.0,175,Pulchowk,27.6787,85.3168
2023-11-12T03:00,10.4,86,8.1,870.7,4.0,170,Pulchowk,27.6787,85.3168
2023-11-12T04:00,10.7,82,7.7,871.0,3.7,169,Pulchowk,27.6787,85.3168
2023-11-12T05:00,11.0,78,7.3,871.5,3.7,169,Pulchowk,27.6787,85.3168
2023-11-12T06:00,10.3,92,9.1,872.1,5.2,168,Pulchowk,27.6787,85.3168
2023-11-12T07:00,13.0,87,10.8,874.2,6.7,164,Pulchowk,27.6787,85.3168
2023-11-12T08:00,16.9,76,12.6,876.7,3.7,119,Pulchowk,27.6787,85.3168
2023-11-12T09:00,18.6,67,12.3,877.4,4.5,61,Pulchowk,27.6787,85.3168
2023-11-12T10:00,19.9,61,12.0,877.2,4.8,42,Pulchowk,27.6787,85.3168
2023-11-12T11:00,20.6,56,11.4,876.3,5.6,27,Pulchowk,27.6787,85.3168
2023-11-12T12:00,21.0,54,11.4,875.3,5.1,4,Pulchowk,27.6787,85.3168
2023-11-12T13:00,20.8,56,11.8,874.6,5.8,330,Pulchowk,27.6787,85.3168
2023-11-12T14:00,19.9,60,12.0,874.1,5.6,320,Pulchowk,27.6787,85.3168
2023-11-12T15:00,19.2,63,12.0,873.8,4.6,309,Pulchowk,27.6787,85.3168
2023-11-12T16:00,18.6,72,13.4,874.1,1.9,338,Pulchowk,27.6787,85.3168
2023-11-12T17:00,18.0,65,11.3,874.3,2.4,117,Pulchowk,27.6787,85.3168
2023-11-12T18:00,15.2,77,11.1,874.0,1.8,191,Pulchowk,27.6787,85.3168
2023-11-12T19:00,14.8,75,10.4,874.6,2.2,189,Pulchowk,27.6787,85.3168
2023-11-12T20:00,14.2,77,10.3,875.0,2.5,180,Pulchowk,27.6787,85.3168
2023-11-12T21:00,13.7,79,10.1,875.2,2.5,172,Pulchowk,27.6787,85.3168
2023-11-12T22:00,13.5,79,9.9,874.8,3.8,163,Pulchowk,27.6787,85.3168
2023-11-12T23:00,13.7,77,9.8,874.4,4.0,175,Pulchowk,27.6787,85.3168
2023-11-13T00:00,13.2,79,9.6,873.8,3.3,167,Pulchowk,27.6787,85.3168
2023-11-13T01:00,12.8,80,9.4,873.3,3.3,167,Pulchowk,27.6787,85.3168
2023-11-13T02:00,12.7,79,9.1,872.8,3.9,158,Pulchowk,27.6787,85.3168
2023-11-13T03:00,12.5,79,8.9,872.5,4.1,165,Pulchowk,27.6787,85.3168
2023-11-13T04:00,12.0,80,8.7,872.3,4.1,165,Pulchowk,27.6787,85.3168
2023-11-13T05:00,11.5,82,8.5,872.6,4.5,166,Pulchowk,27.6787,85.3168
2023-11-13T06:00,10.4,91,8.9,873.1,6.6,167,Pulchowk,27.6787,85.3168
2023-11-13T07:00,12.6,87,10.5,874.9,7.0,168,Pulchowk,27.6787,85.3168
2023-11-13T08:00,17.2,69,11.5,877.5,3.1,144,Pulchowk,27.6787,85.3168
2023-11-13T09:00,19.2,58,10.6,878.4,2.1,59,Pulchowk,27.6787,85.3168
2023-11-13T10:00,20.3,56,11.2,878.4,3.0,14,Pulchowk,27.6787,85.3168
2023-11-13T11:00,21.2,54,11.6,877.5,4.0,355,Pulchowk,27.6787,85.3168
2023-11-13T12:00,21.7,53,11.7,876.6,4.1,345,Pulchowk,27.6787,85.3168
2023-11-13T13:00,22.1,51,11.5,875.8,4.5,331,Pulchowk,27.6787,85.3168
2023-11-13T14:00,21.3,56,12.1,875.2,5.6,315,Pulchowk,27.6787,85.3168
2023-11-13T15:00,19.9,64,12.9,874.7,6.6,319,Pulchowk,27.6787,85.3168
2023-11-13T16:00,18.1,77,14.1,874.3,2.7,337,Pulchowk,27.6787,85.3168
2023-11-13T17:00,17.0,75,12.4,874.3,2.1,149,Pulchowk,27.6787,85.3168
2023-11-13T18:00,16.2,78,12.4,874.3,2.3,162,Pulchowk,27.6787,85.3168
2023-11-13T19:00,15.5,80,12.2,874.5,3.6,174,Pulchowk,27.6787,85.3168
2023-11-13T20:00,15.1,82,12.0,874.5,3.6,174,Pulchowk,27.6787,85.3168
2023-11-13T21:00,14.5,84,11.8,874.6,4.3,175,Pulchowk,27.6787,85.3168
2023-11-13T22:00,13.8,86,11.5,874.5,4.4,171,Pulchowk,27.6787,85.3168
2023-11-13T23:00,13.5,86,11.2,874.2,3.6,174,Pulchowk,27.6787,85.3168
2023-11-14T00:00,13.6,83,10.8,873.7,4.4,171,Pulchowk,27.6787,85.3168
2023-11-14T01:00,13.8,79,10.2,873.4,5.2,168,Pulchowk,27.6787,85.3168
2023-11-14T02:00,13.4,78,9.7,872.9,5.1,172,Pulchowk,27.6787,85.3168
2023-11-14T03:00,12.8,80,9.4,872.4,5.4,172,Pulchowk,27.6787,85.3168
2023-11-14T04:00,12.1,82,9.1,872.1,5.1,172,Pulchowk,27.6787,85.3168
2023-11-14T05:00,11.7,82,8.7,872.1,5.1,172,Pulchowk,27.6787,85.3168
2023-11-14T06:00,10.9,84,8.3,872.8,5.5,169,Pulchowk,27.6787,85.3168
2023-11-14T07:00,13.0,80,9.6,874.4,6.6,171,Pulchowk,27.6787,85.3168
2023-11-14T08:00,17.8,62,10.5,877.6,3.1,159,Pulchowk,27.6787,85.3168
2023-11-14T09:00,19.8,49,8.8,878.6,1.0,45,Pulchowk,27.6787,85.3168
2023-11-14T10:00,20.8,48,9.3,878.2,2.6,344,Pulchowk,27.6787,85.3168
2023-11-14T11:00,21.4,48,10.0,877.0,4.5,331,Pulchowk,27.6787,85.3168
2023-11-14T12:00,21.8,50,11.0,876.0,5.1,321,Pulchowk,27.6787,85.3168
2023-11-14T13:00,21.8,52,11.6,875.2,5.6,320,Pulchowk,27.6787,85.3168
2023-11-14T14:00,21.1,57,12.2,874.4,6.9,321,Pulchowk,27.6787,85.3168
2023-11-14T15:00,20.1,60,12.1,873.9,6.8,328,Pulchowk,27.6787,85.3168
2023-11-14T16:00,18.4,73,13.4,873.4,2.9,353,Pulchowk,27.6787,85.3168
2023-11-14T17:00,18.0,63,10.9,873.4,1.9,158,Pulchowk,27.6787,85.3168
2023-11-14T18:00,15.8,77,11.8,873.4,2.6,164,Pulchowk,27.6787,85.3168
2023-11-14T19:00,14.5,84,11.8,873.2,4.3,175,Pulchowk,27.6787,85.3168
2023-11-14T20:00,13.6,88,11.7,873.7,4.0,175,Pulchowk,27.6787,85.3168
2023-11-14T21:00,13.4,89,11.6,874.0,4.4,171,Pulchowk,27.6787,85.3168
2023-11-14T22:00,13.7,88,11.7,874.3,5.1,176,Pulchowk,27.6787,85.3168
2023-11-14T23:00,13.6,88,11.6,874.2,4.7,176,Pulchowk,27.6787,85.3168
2023-11-15T00:00,13.3,88,11.4,873.5,4.0,175,Pulchowk,27.6787,85.3168
2023-11-15T01:00,13.0,88,11.0,873.1,3.2,180,Pulchowk,27.6787,85.3168
2023-11-15T02:00,12.5,88,10.6,872.2,4.3,175,Pulchowk,27.6787,85.3168
2023-11-15T03:00,12.0,89,10.3,871.6,4.0,175,Pulchowk,27.6787,85.3168
2023-11-15T04:00,11.4,91,10.0,871.2,4.0,175,Pulchowk,27.6787,85.3168
2023-11-15T05:00,10.9,93,9.8,871.2,4.0,170,Pulchowk,27.6787,85.3168
2023-11-15T06:00,11.4,92,10.2,872.9,3.3,174,Pulchowk,27.6787,85.3168
2023-11-15T07:00,13.4,89,11.7,874.5,3.3,167,Pulchowk,27.6787,85.3168
2023-11-15T08:00,17.6,73,12.6,876.8,1.6,117,Pulchowk,27.6787,85.3168
2023-11-15T09:00,19.1,66,12.6,877.5,1.9,22,Pulchowk,27.6787,85.3168
2023-11-15T10:00,20.1,63,12.9,877.3,3.1,339,Pulchowk,27.6787,85.3168
2023-11-15T11:00,21.0,57,12.3,876.9,3.7,331,Pulchowk,27.6787,85.3168
2023-11-15T12:00,21.3,58,12.7,875.9,5.8,338,Pulchowk,27.6787,85.3168
2023-11-15T13:00,21.1,60,13.1,874.9,8.1,328,Pulchowk,27.6787,85.3168
2023-11-15T14:00,20.4,62,12.8,874.4,7.7,311,Pulchowk,27.6787,85.3168
2023-11-15T15:00,19.5,65,12.8,874.0,5.9,313,Pulchowk,27.6787,85.3168
2023-11-15T16:00,18.0,76,13.8,874.0,1.8,360,Pulchowk,27.6787,85.3168
2023-11-15T17:00,16.1,83,13.3,873.5,1.1,162,Pulchowk,27.6787,85.3168
2023-11-15T18:00,15.9,80,12.4,873.8,2.5,172,Pulchowk,27.6787,85.3168
2023-11-15T19:00,14.9,85,12.5,874.0,3.6,180,Pulchowk,27.6787,85.3168
2023-11-15T20:00,14.0,90,12.3,874.2,2.9,173,Pulchowk,27.6787,85.3168
2023-11-15T21:00,13.6,90,12.0,874.6,4.0,175,Pulchowk,27.6787,85.3168
2023-11-15T22:00,13.6,89,11.8,874.7,4.3,175,Pulchowk,27.6787,85.3168
2023-11-15T23:00,13.6,87,11.5,874.5,4.7,176,Pulchowk,27.6787,85.3168
2023-11-16T00:00,13.3,87,11.2,874.1,3.6,174,Pulchowk,27.6787,85.3168
2023-11-16T01:00,13.1,86,10.8,873.6,3.6,174,Pulchowk,27.6787,85.3168
2023-11-16T02:00,12.9,85,10.5,873.0,3.3,174,Pulchowk,27.6787,85.3168
2023-11-16T03:00,12.7,84,10.1,872.7,3.6,174,Pulchowk,27.6787,85.3168
2023-11-16T04:00,12.4,85,9.9,872.7,3.6,174,Pulchowk,27.6787,85.3168
2023-11-16T05:00,12.1,86,9.8,873.1,3.6,174,Pulchowk,27.6787,85.3168
2023-11-16T06:00,11.3,92,10.0,874.4,4.0,170,Pulchowk,27.6787,85.3168
2023-11-16T07:00,13.2,88,11.3,875.6,3.6,174,Pulchowk,27.6787,85.3168
2023-11-16T08:00,17.0,70,11.6,877.8,1.5,135,Pulchowk,27.6787,85.3168
2023-11-16T09:00,18.7,64,11.8,878.5,1.1,360,Pulchowk,27.6787,85.3168
2023-11-16T10:00,20.2,59,12.0,878.5,3.1,339,Pulchowk,27.6787,85.3168
2023-11-16T11:00,21.3,57,12.4,877.9,4.6,321,Pulchowk,27.6787,85.3168
2023-11-16T12:00,21.8,59,13.4,877.1,6.6,319,Pulchowk,27.6787,85.3168
2023-11-16T13:00,21.4,61,13.6,876.5,6.6,315,Pulchowk,27.6787,85.3168
2023-11-16T14:00,20.6,63,13.2,875.9,7.1,330,Pulchowk,27.6787,85.3168
2023-11-16T15:00,19.7,64,12.7,875.4,6.0,343,Pulchowk,27.6787,85.3168
2023-11-16T16:00,18.1,80,14.5,875.1,2.6,16,Pulchowk,27.6787,85.3168
2023-11-16T17:00,16.1,83,13.1,874.8,0.7,180,Pulchowk,27.6787,85.3168
2023-11-16T18:00,15.5,83,12.7,875.4,4.7,180,Pulchowk,27.6787,85.3168
2023-11-16T19:00,13.9,91,12.4,875.3,5.8,173,Pulchowk,27.6787,85.3168
2023-11-16T20:00,12.6,92,11.4,875.4,5.4,172,Pulchowk,27.6787,85.3168
2023-11-16T21:00,11.9,90,10.3,875.5,5.4,172,Pulchowk,27.6787,85.3168
2023-11-16T22:00,11.9,87,9.8,875.2,5.8,173,Pulchowk,27.6787,85.3168
2023-11-16T23:00,12.1,85,9.7,875.2,5.4,172,Pulchowk,27.6787,85.3168
2023-11-17T00:00,12.4,83,9.6,875.2,4.4,171,Pulchowk,27.6787,85.3168
2023-11-17T01:00,12.7,81,9.5,875.1,3.7,169,Pulchowk,27.6787,85.3168
2023-11-17T02:00,13.0,79,9.4,874.5,3.7,169,Pulchowk,27.6787,85.3168
2023-11-17T03:00,13.1,78,9.3,873.9,3.8,163,Pulchowk,27.6787,85.3168
2023-11-17T04:00,13.0,78,9.2,873.8,3.3,167,Pulchowk,27.6787,85.3168
2023-11-17T05:00,12.9,78,9.2,873.9,3.0,166,Pulchowk,27.6787,85.3168
2023-11-17T06:00,12.5,79,9.0,874.6,3.7,169,Pulchowk,27.6787,85.3168
2023-11-17T07:00,13.7,81,10.5,875.5,4.4,171,Pulchowk,27.6787,85.3168
2023-11-17T08:00,17.9,69,12.2,877.9,1.5,104,Pulchowk,27.6787,85.3168
2023-11-17T09:00,19.5,58,11.1,878.5,3.3,354,Pulchowk,27.6787,85.3168
2023-11-17T10:00,20.6,54,11.1,878.1,4.9,343,Pulchowk,27.6787,85.3168
2023-11-17T11:00,21.5,52,11.3,877.1,5.4,340,Pulchowk,27.6787,85.3168
2023-11-17T12:00,21.9,53,11.7,876.1,6.2,339,Pulchowk,27.6787,85.3168
2023-11-17T13:00,21.8,55,12.3,875.2,7.1,330,Pulchowk,27.6787,85.3168
2023-11-17T14:00,21.2,56,12.2,874.3,7.6,335,Pulchowk,27.6787,85.3168
2023-11-17T15:00,20.4,59,12.0,873.8,6.8,335,Pulchowk,27.6787,85.3168
2023-11-17T16:00,18.5,74,13.7,873.3,3.6,360,Pulchowk,27.6787,85.3168
2023-11-17T17:00,18.4,61,10.8,873.7,2.1,149,Pulchowk,27.6787,85.3168
2023-11-17T18:00,16.0,75,11.5,873.2,2.2,180,Pulchowk,27.6787,85.3168
2023-11-17T19:00,15.2,77,11.2,873.5,1.8,180,Pulchowk,27.6787,85.3168
2023-11-17T20:00,14.9,75,10.5,873.8,2.5,180,Pulchowk,27.6787,85.3168
2023-11-17T21:00,14.4,76,10.1,873.8,3.6,174,Pulchowk,27.6787,85.3168
2023-11-17T22:00,13.9,77,9.8,873.8,3.7,169,Pulchowk,27.6787,85.3168
2023-11-17T23:00,13.5,77,9.6,873.4,3.6,174,Pulchowk,27.6787,85.3168
2023-11-18T00:00,13.3,77,9.4,873.0,2.2,171,Pulchowk,27.6787,85.3168
2023-11-18T01:00,13.2,77,9.2,872.2,2.5,172,Pulchowk,27.6787,85.3168
2023-11-18T02:00,12.8,79,9.2,871.8,2.9,173,Pulchowk,27.6787,85.3168
2023-11-18T03:00,12.1,82,9.2,871.3,2.5,172,Pulchowk,27.6787,85.3168
2023-11-18T04:00,11.7,84,9.2,871.3,2.5,172,Pulchowk,27.6787,85.3168
2023-11-18T05:00,11.9,84,9.2,872.0,1.4,180,Pulchowk,27.6787,85.3168
2023-11-18T06:00,12.3,84,9.7,873.5,2.2,171,Pulchowk,27.6787,85.3168
2023-11-18T07:00,15.0,76,10.9,875.3,0.4,180,Pulchowk,27.6787,85.3168
2023-11-18T08:00,16.5,71,11.2,876.4,2.9,353,Pulchowk,27.6787,85.3168
2023-11-18T09:00,17.2,71,11.9,876.6,5.0,330,Pulchowk,27.6787,85.3168
2023-11-18T10:00,18.2,66,11.7,876.5,6.0,335,Pulchowk,27.6787,85.3168
2023-11-18T11:00,18.8,65,12.1,875.7,7.3,349,Pulchowk,27.6787,85.3168
2023-11-18T12:00,19.0,66,12.5,874.9,7.9,344,Pulchowk,27.6787,85.3168
2023-11-18T13:00,19.1,66,12.5,874.2,7.1,336,Pulchowk,27.6787,85.3168
2023-11-18T14:00,18.9,67,12.6,873.6,5.5,337,Pulchowk,27.6787,85.3168
2023-11-18T15:00,18.4,69,12.6,873.3,4.1,322,Pulchowk,27.6787,85.3168
2023-11-18T16:00,17.3,82,14.2,873.1,2.3,342,Pulchowk,27.6787,85.3168
2023-11-18T17:00,16.9,75,12.4,873.7,2.1,149,Pulchowk,27.6787,85.3168
2023-11-18T18:00,14.9,86,12.5,872.8,1.8,180,Pulchowk,27.6787,85.3168
2023-11-18T19:00,14.6,85,12.1,873.3,2.2,180,Pulchowk,27.6787,85.3168
2023-11-18T20:00,14.2,86,11.9,873.4,2.2,171,Pulchowk,27.6787,85.3168
2023-11-18T21:00,13.8,87,11.6,873.6,2.5,172,Pulchowk,27.6787,85.3168
2023-11-18T22:00,13.4,88,11.4,873.7,4.0,175,Pulchowk,27.6787,85.3168
2023-11-18T23:00,12.6,91,11.1,873.3,4.3,175,Pulchowk,27.6787,85.3168
2023-11-19T00:00,11.4,94,10.4,872.6,4.3,175,Pulchowk,27.6787,85.3168
2023-11-19T01:00,10.4,95,9.7,872.3,4.7,176,Pulchowk,27.6787,85.3168
2023-11-19T02:00,9.7,96,9.2,871.7,5.4,172,Pulchowk,27.6787,85.3168
2023-11-19T03:00,9.2,97,8.8,871.3,6.9,174,Pulchowk,27.6787,85.3168
2023-11-19T04:00,8.7,99,8.6,871.3,6.5,174,Pulchowk,27.6787,85.3168
2023-11-19T05:00,8.4,100,8.4,871.7,5.8,173,Pulchowk,27.6787,85.3168
2023-11-19T06:00,9.4,100,9.4,873.4,6.9,174,Pulchowk,27.6787,85.3168
2023-11-19T07:00,11.5,95,10.8,874.9,4.7,171,Pulchowk,27.6787,85.3168
2023-11-19T08:00,16.2,78,12.4,877.8,1.1,108,Pulchowk,27.6787,85.3168
2023-11-19T09:00,17.8,70,12.3,878.2,1.6,27,Pulchowk,27.6787,85.3168
2023-11-19T10:00,19.2,66,12.6,877.8,2.2,360,Pulchowk,27.6787,85.3168
2023-11-19T11:00,20.3,60,12.3,877.2,4.0,350,Pulchowk,27.6787,85.3168
2023-11-19T12:00,20.5,63,13.2,876.2,6.3,347,Pulchowk,27.6787,85.3168
2023-11-19T13:00,20.4,65,13.5,875.5,7.3,340,Pulchowk,27.6787,85.3168
2023-11-19T14:00,19.8,66,13.4,874.8,7.8,338,Pulchowk,27.6787,85.3168
2023-11-19T15:00,18.9,69,13.1,874.2,6.6,338,Pulchowk,27.6787,85.3168
2023-11-19T16:00,17.3,80,13.9,873.8,2.2,9,Pulchowk,27.6787,85.3168
2023-11-19T17:00,15.7,85,13.1,873.5,1.5,166,Pulchowk,27.6787,85.3168
2023-11-19T18:00,15.2,86,12.9,873.3,3.6,180,Pulchowk,27.6787,85.3168
2023-11-19T19:00,14.0,91,12.5,873.1,4.3,180,Pulchowk,27.6787,85.3168
2023-11-19T20:00,13.2,92,12.0,873.1,3.6,174,Pulchowk,27.6787,85.3168
2023-11-19T21:00,13.0,91,11.5,873.2,3.3,174,Pulchowk,27.6787,85.3168
2023-11-19T22:00,12.7,91,11.2,872.8,4.3,175,Pulchowk,27.6787,85.3168
2023-11-19T23:00,12.3,91,10.9,872.7,4.0,175,Pulchowk,27.6787,85.3168
2023-11-20T00:00,12.0,92,10.7,872.2,4.3,175,Pulchowk,27.6787,85.3168
2023-11-20T01:00,11.8,93,10.7,872.0,4.3,175,Pulchowk,27.6787,85.3168
2023-11-20T02:00,11.6,94,10.7,871.7,4.4,171,Pulchowk,27.6787,85.3168
2023-11-20T03:00,11.3,95,10.5,871.4,4.4,171,Pulchowk,27.6787,85.3168
2023-11-20T04:00,11.1,94,10.2,871.4,4.4,171,Pulchowk,27.6787,85.3168
2023-11-20T05:00,10.9,93,9.9,871.5,4.7,171,Pulchowk,27.6787,85.3168
2023-11-20T06:00,10.9,88,9.1,872.4,6.2,170,Pulchowk,27.6787,85.3168
2023-11-20T07:00,12.8,83,9.9,874.0,6.6,171,Pulchowk,27.6787,85.3168
2023-11-20T08:00,17.2,64,10.3,876.6,4.8,153,Pulchowk,27.6787,85.3168
2023-11-20T09:00,19.2,54,9.7,877.2,2.4,117,Pulchowk,27.6787,85.3168
2023-11-20T10:00,20.7,50,9.9,877.2,1.1,90,Pulchowk,27.6787,85.3168
2023-11-20T11:00,21.7,47,10.0,876.5,1.1,342,Pulchowk,27.6787,85.3168
2023-11-20T12:00,22.1,48,10.5,875.8,3.6,315,Pulchowk,27.6787,85.3168
2023-11-20T13:00,21.8,52,11.6,875.0,6.0,303,Pulchowk,27.6787,85.3168
2023-11-20T14:00,21.1,58,12.6,874.3,6.1,310,Pulchowk,27.6787,85.3168
2023-11-20T15:00,20.1,64,13.0,874.0,5.6,320,Pulchowk,27.6787,85.3168
2023-11-20T16:00,18.1,81,14.8,873.8,4.0,333,Pulchowk,27.6787,85.3168
2023-11-20T17:00,17.8,71,12.5,873.9,2.6,164,Pulchowk,27.6787,85.3168
2023-11-20T18:00,15.8,82,12.8,873.4,1.8,169,Pulchowk,27.6787,85.3168
2023-11-20T19:00,14.8,85,12.2,873.1,2.9,173,Pulchowk,27.6787,85.3168
2023-11-20T20:00,13.4,90,11.8,872.8,3.6,174,Pulchowk,27.6787,85.3168
2023-11-20T21:00,12.6,92,11.4,872.8,3.3,174,Pulchowk,27.6787,85.3168
2023-11-20T22:00,12.2,93,11.1,872.8,3.3,174,Pulchowk,27.6787,85.3168
2023-11-20T23:00,11.8,93,10.8,872.4,3.6,174,Pulchowk,27.6787,85.3168
2023-11-21T00:00,11.6,93,10.5,871.8,4.0,175,Pulchowk,27.6787,85.3168
2023-11-21T01:00,11.3,93,10.2,871.1,4.0,175,Pulchowk,27.6787,85.3168
2023-11-21T02:00,11.0,94,10.0,870.5,2.9,173,Pulchowk,27.6787,85.3168
2023-11-21T03:00,10.7,94,9.8,870.0,3.6,174,Pulchowk,27.6787,85.3168
2023-11-21T04:00,10.3,95,9.6,869.7,4.4,171,Pulchowk,27.6787,85.3168
2023-11-21T05:00,10.0,96,9.3,869.7,4.7,171,Pulchowk,27.6787,85.3168
2023-11-21T06:00,9.3,98,9.1,870.0,6.9,171,Pulchowk,27.6787,85.3168
2023-11-21T07:00,11.5,94,10.6,871.3,6.8,177,Pulchowk,27.6787,85.3168
2023-11-21T08:00,16.4,84,13.6,874.1,2.2,180,Pulchowk,27.6787,85.3168
2023-11-21T09:00,18.5,72,13.4,874.9,2.2,351,Pulchowk,27.6787,85.3168
2023-11-21T10:00,19.7,69,13.9,874.7,3.9,326,Pulchowk,27.6787,85.3168
2023-11-21T11:00,20.2,70,14.5,873.7,5.7,325,Pulchowk,27.6787,85.3168
2023-11-21T12:00,20.4,70,14.8,872.7,6.8,328,Pulchowk,27.6787,85.3168
2023-11-21T13:00,20.3,70,14.6,871.8,6.6,331,Pulchowk,27.6787,85.3168
2023-11-21T14:00,20.0,71,14.5,871.2,6.4,333,Pulchowk,27.6787,85.3168
2023-11-21T15:00,19.1,73,14.2,870.7,5.4,340,Pulchowk,27.6787,85.3168
2023-11-21T16:00,17.6,82,14.5,870.5,2.5,360,Pulchowk,27.6787,85.3168
2023-11-21T17:00,16.9,77,12.9,870.6,4.6,18,Pulchowk,27.6787,85.3168
2023-11-21T18:00,14.3,90,12.7,869.9,0.7,180,Pulchowk,27.6787,85.3168
2023-11-21T19:00,13.6,92,12.3,870.2,1.1,180,Pulchowk,27.6787,85.3168
2023-11-21T20:00,13.6,91,12.1,870.8,1.1,180,Pulchowk,27.6787,85.3168
2023-11-21T21:00,13.1,92,11.7,870.9,2.2,171,Pulchowk,27.6787,85.3168
2023-11-21T22:00,12.8,93,11.7,870.8,2.5,172,Pulchowk,27.6787,85.3168
2023-11-21T23:00,11.9,94,10.9,870.2,2.9,173,Pulchowk,27.6787,85.3168
2023-11-22T00:00,10.6,96,10.0,869.2,4.7,171,Pulchowk,27.6787,85.3168
2023-11-22T01:00,8.6,100,8.6,867.4,6.2,170,Pulchowk,27.6787,85.3168
2023-11-22T02:00,7.7,100,7.7,866.5,6.9,171,Pulchowk,27.6787,85.3168
2023-11-22T03:00,7.5,100,7.5,866.3,6.5,174,Pulchowk,27.6787,85.3168
2023-11-22T04:00,7.3,100,7.3,866.4,5.8,173,Pulchowk,27.6787,85.3168
2023-11-22T05:00,7.3,100,7.3,866.8,6.2,173,Pulchowk,27.6787,85.3168
2023-11-22T06:00,8.2,100,8.2,868.2,6.6,171,Pulchowk,27.6787,85.3168
2023-11-22T07:00,10.9,93,9.8,870.4,5.2,168,Pulchowk,27.6787,85.3168
2023-11-22T08:00,15.5,78,11.7,873.2,2.9,150,Pulchowk,27.6787,85.3168
2023-11-22T09:00,17.5,69,11.7,874.1,2.8,40,Pulchowk,27.6787,85.3168
2023-11-22T10:00,18.7,65,11.9,873.8,4.5,14,Pulchowk,27.6787,85.3168
2023-11-22T11:00,19.7,59,11.4,872.9,5.8,353,Pulchowk,27.6787,85.3168
2023-11-22T12:00,20.1,56,11.0,871.9,7.3,340,Pulchowk,27.6787,85.3168
2023-11-22T13:00,20.0,55,10.8,871.2,8.3,326,Pulchowk,27.6787,85.3168
2023-11-22T14:00,19.4,58,10.9,870.5,8.9,313,Pulchowk,27.6787,85.3168
2023-11-22T15:00,18.2,66,11.9,870.2,7.6,315,Pulchowk,27.6787,85.3168
2023-11-22T16:00,16.7,78,12.8,870.1,4.0,5,Pulchowk,27.6787,85.3168
2023-11-22T17:00,15.3,82,12.2,870.2,3.8,107,Pulchowk,27.6787,85.3168
2023-11-22T18:00,14.0,82,10.9,870.7,1.1,162,Pulchowk,27.6787,85.3168
2023-11-22T19:00,13.5,83,10.7,871.0,2.2,171,Pulchowk,27.6787,85.3168
2023-11-22T20:00,13.0,85,10.6,871.0,2.9,173,Pulchowk,27.6787,85.3168
2023-11-22T21:00,12.5,87,10.4,871.0,3.7,169,Pulchowk,27.6787,85.3168
2023-11-22T22:00,12.2,88,10.2,870.8,4.0,170,Pulchowk,27.6787,85.3168
2023-11-22T23:00,11.9,88,10.0,870.2,4.0,170,Pulchowk,27.6787,85.3168
2023-11-23T00:00,11.4,89,9.7,869.9,4.0,170,Pulchowk,27.6787,85.3168
2023-11-23T01:00,11.2,89,9.4,869.5,4.0,170,Pulchowk,27.6787,85.3168
2023-11-23T02:00,10.6,90,9.1,868.8,4.8,167,Pulchowk,27.6787,85.3168
2023-11-23T03:00,9.6,93,8.6,868.0,5.5,169,Pulchowk,27.6787,85.3168
2023-11-23T04:00,8.7,96,8.1,867.7,5.5,169,Pulchowk,27.6787,85.3168
2023-11-23T05:00,8.2,98,7.8,867.9,5.9,169,Pulchowk,27.6787,85.3168
2023-11-23T06:00,9.7,94,8.9,869.7,5.4,160,Pulchowk,27.6787,85.3168
2023-11-23T07:00,12.0,91,10.5,871.4,6.8,162,Pulchowk,27.6787,85.3168
2023-11-23T08:00,15.4,83,12.5,873.4,3.9,146,Pulchowk,27.6787,85.3168
2023-11-23T09:00,17.5,72,12.4,874.2,2.1,59,Pulchowk,27.6787,85.3168
2023-11-23T10:00,19.0,65,12.3,874.1,2.9,30,Pulchowk,27.6787,85.3168
2023-11-23T11:00,19.9,62,12.5,873.4,4.0,5,Pulchowk,27.6787,85.3168
2023-11-23T12:00,20.4,60,12.4,872.2,3.9,338,Pulchowk,27.6787,85.3168
2023-11-23T13:00,20.2,61,12.5,871.4,4.8,312,Pulchowk,27.6787,85.3168
2023-11-23T14:00,19.5,64,12.6,870.9,4.1,322,Pulchowk,27.6787,85.3168
2023-11-23T15:00,18.7,68,12.7,870.7,4.0,333,Pulchowk,27.6787,85.3168
2023-11-23T16:00,17.0,83,14.2,870.5,3.3,13,Pulchowk,27.6787,85.3168
2023-11-23T17:00,16.6,73,11.8,871.0,1.1,162,Pulchowk,27.6787,85.3168
2023-11-23T18:00,14.9,81,11.6,870.9,2.2,171,Pulchowk,27.6787,85.3168
2023-11-23T19:00,14.2,82,11.3,871.1,2.2,180,Pulchowk,27.6787,85.3168
2023-11-23T20:00,13.8,83,11.0,871.3,2.5,172,Pulchowk,27.6787,85.3168
2023-11-23T21:00,13.2,85,10.7,871.5,4.0,170,Pulchowk,27.6787,85.3168
2023-11-23T22:00,12.4,89,10.6,871.1,4.4,171,Pulchowk,27.6787,85.3168
2023-11-23T23:00,11.6,92,10.4,870.4,4.4,171,Pulchowk,27.6787,85.3168
2023-11-24T00:00,11.3,92,10.1,870.4,4.0,170,Pulchowk,27.6787,85.3168
2023-11-24T01:00,11.2,92,9.9,870.1,4.0,170,Pulchowk,27.6787,85.3168
2023-11-24T02:00,11.2,90,9.7,870.1,3.6,174,Pulchowk,27.6787,85.3168
2023-11-24T03:00,11.1,90,9.4,869.7,3.7,169,Pulchowk,27.6787,85.3168
2023-11-24T04:00,10.9,90,9.3,869.7,4.5,166,Pulchowk,27.6787,85.3168
2023-11-24T05:00,10.8,90,9.1,870.0,4.9,163,Pulchowk,27.6787,85.3168
2023-11-24T06:00,10.9,92,9.7,871.1,6.7,164,Pulchowk,27.6787,85.3168
2023-11-24T07:00,12.3,90,10.7,872.7,8.1,167,Pulchowk,27.6787,85.3168
2023-11-24T08:00,15.9,79,12.3,874.7,4.4,171,Pulchowk,27.6787,85.3168
2023-11-24T09:00,18.2,62,10.9,875.7,0.5,135,Pulchowk,27.6787,85.3168
2023-11-24T10:00,19.6,57,10.8,875.6,2.6,326,Pulchowk,27.6787,85.3168
2023-11-24T11:00,20.1,60,12.2,874.8,4.8,333,Pulchowk,27.6787,85.3168
2023-11-24T12:00,20.0,63,12.7,873.9,5.8,292,Pulchowk,27.6787,85.3168
2023-11-24T13:00,19.7,65,13.0,873.2,5.8,360,Pulchowk,27.6787,85.3168
2023-11-24T14:00,18.5,71,13.1,872.5,5.1,309,Pulchowk,27.6787,85.3168
2023-11-24T15:00,18.3,70,12.7,872.2,1.3,304,Pulchowk,27.6787,85.3168
2023-11-24T16:00,17.3,79,13.6,872.0,2.3,39,Pulchowk,27.6787,85.3168
2023-11-24T17:00,15.2,85,12.8,871.6,1.5,166,Pulchowk,27.6787,85.3168
2023-11-24T18:00,14.5,86,12.2,871.8,2.2,180,Pulchowk,27.6787,85.3168
2023-11-24T19:00,13.9,87,11.8,872.4,1.8,180,Pulchowk,27.6787,85.3168
2023-11-24T20:00,13.4,88,11.5,872.7,1.1,180,Pulchowk,27.6787,85.3168
2023-11-24T21:00,13.4,88,11.4,873.1,2.5,180,Pulchowk,27.6787,85.3168
2023-11-24T22:00,12.9,90,11.3,872.8,3.2,180,Pulchowk,27.6787,85.3168
2023-11-24T23:00,12.4,91,11.1,872.2,2.5,180,Pulchowk,27.6787,85.3168
2023-11-25T00:00,12.1,92,10.8,871.8,2.5,180,Pulchowk,27.6787,85.3168
2023-11-25T01:00,11.7,93,10.5,871.2,2.5,180,Pulchowk,27.6787,85.3168
2023-11-25T02:00,11.1,94,10.2,870.6,2.9,180,Pulchowk,27.6787,85.3168
2023-11-25T03:00,10.3,96,9.7,870.2,2.9,173,Pulchowk,27.6787,85.3168
2023-11-25T04:00,9.3,99,9.1,869.9,3.3,174,Pulchowk,27.6787,85.3168
2023-11-25T05:00,8.5,99,8.4,870.1,4.0,175,Pulchowk,27.6787,85.3168
2023-11-25T06:00,10.0,97,9.6,872.1,5.9,169,Pulchowk,27.6787,85.3168
2023-11-25T07:00,11.4,95,10.7,873.6,5.9,169,Pulchowk,27.6787,85.3168
2023-11-25T08:00,15.3,89,13.5,876.1,4.2,160,Pulchowk,27.6787,85.3168
2023-11-25T09:00,17.5,73,12.7,877.3,2.9,60,Pulchowk,27.6787,85.3168
2023-11-25T10:00,18.8,65,12.1,877.0,3.3,41,Pulchowk,27.6787,85.3168
2023-11-25T11:00,19.6,60,11.5,876.1,3.9,22,Pulchowk,27.6787,85.3168
2023-11-25T12:00,19.5,60,11.6,875.2,3.4,342,Pulchowk,27.6787,85.3168
2023-11-25T13:00,19.5,59,11.4,874.5,4.6,315,Pulchowk,27.6787,85.3168
2023-11-25T14:00,18.9,62,11.6,874.3,4.6,309,Pulchowk,27.6787,85.3168
2023-11-25T15:00,18.3,65,11.6,874.3,1.8,281,Pulchowk,27.6787,85.3168
2023-11-25T16:00,17.7,68,11.7,874.6,0.4,90,Pulchowk,27.6787,85.3168
2023-11-25T17:00,17.0,71,11.6,874.9,1.0,135,Pulchowk,27.6787,85.3168
2023-11-25T18:00,15.4,79,11.8,874.5,1.1,180,Pulchowk,27.6787,85.3168
2023-11-25T19:00,13.5,88,11.5,874.1,3.3,174,Pulchowk,27.6787,85.3168
2023-11-25T20:00,12.8,89,11.1,874.2,2.5,172,Pulchowk,27.6787,85.3168
2023-11-25T21:00,12.6,89,10.8,874.4,3.3,167,Pulchowk,27.6787,85.3168
2023-11-25T22:00,12.7,89,11.0,874.4,3.3,174,Pulchowk,27.6787,85.3168
2023-11-25T23:00,12.0,93,10.8,873.9,4.0,175,Pulchowk,27.6787,85.3168
2023-11-26T00:00,10.9,94,9.9,873.1,5.1,172,Pulchowk,27.6787,85.3168
2023-11-26T01:00,9.6,98,9.3,872.3,6.2,173,Pulchowk,27.6787,85.3168
2023-11-26T02:00,9.0,99,8.9,872.0,6.5,174,Pulchowk,27.6787,85.3168
2023-11-26T03:00,8.7,99,8.5,872.0,6.2,173,Pulchowk,27.6787,85.3168
2023-11-26T04:00,8.5,98,8.2,872.1,5.4,172,Pulchowk,27.6787,85.3168
2023-11-26T05:00,8.5,96,8.0,872.8,4.7,171,Pulchowk,27.6787,85.3168
2023-11-26T06:00,8.9,97,8.4,874.0,7.0,168,Pulchowk,27.6787,85.3168
2023-11-26T07:00,11.2,93,10.2,875.7,7.8,167,Pulchowk,27.6787,85.3168
2023-11-26T08:00,15.9,82,12.9,878.4,5.3,152,Pulchowk,27.6787,85.3168
2023-11-26T09:00,18.1,71,12.7,879.4,2.2,99,Pulchowk,27.6787,85.3168
2023-11-26T10:00,19.6,65,12.8,879.1,2.2,351,Pulchowk,27.6787,85.3168
2023-11-26T11:00,20.5,62,12.9,878.3,4.2,329,Pulchowk,27.6787,85.3168
2023-11-26T12:00,20.9,62,13.3,877.1,4.8,333,Pulchowk,27.6787,85.3168
2023-11-26T13:00,21.2,61,13.5,875.9,4.5,331,Pulchowk,27.6787,85.3168
2023-11-26T14:00,21.0,64,13.8,875.1,4.9,324,Pulchowk,27.6787,85.3168
2023-11-26T15:00,20.0,69,14.1,874.9,4.9,324,Pulchowk,27.6787,85.3168
2023-11-26T16:00,17.8,82,14.6,874.4,4.3,355,Pulchowk,27.6787,85.3168
2023-11-26T17:00,17.5,72,12.5,874.8,2.0,135,Pulchowk,27.6787,85.3168
2023-11-26T18:00,15.5,80,12.1,874.8,1.8,169,Pulchowk,27.6787,85.3168
2023-11-26T19:00,15.2,81,12.0,875.2,2.5,172,Pulchowk,27.6787,85.3168
2023-11-26T20:00,14.9,82,11.9,875.3,3.7,169,Pulchowk,27.6787,85.3168
2023-11-26T21:00,14.6,83,11.8,875.1,4.4,171,Pulchowk,27.6787,85.3168
2023-11-26T22:00,14.2,83,11.4,874.5,5.2,168,Pulchowk,27.6787,85.3168
2023-11-26T23:00,13.9,82,10.8,873.5,5.6,165,Pulchowk,27.6787,85.3168
2023-11-27T00:00,13.4,80,10.1,872.4,5.9,166,Pulchowk,27.6787,85.3168
2023-11-27T01:00,12.5,82,9.5,871.5,5.9,169,Pulchowk,27.6787,85.3168
2023-11-27T02:00,11.7,85,9.2,871.2,5.1,172,Pulchowk,27.6787,85.3168
2023-11-27T03:00,11.1,86,8.8,870.9,5.5,169,Pulchowk,27.6787,85.3168
2023-11-27T04:00,10.6,86,8.4,870.7,6.6,171,Pulchowk,27.6787,85.3168
2023-11-27T05:00,10.3,87,8.3,871.2,6.8,177,Pulchowk,27.6787,85.3168
2023-11-27T06:00,10.7,90,9.0,873.4,5.1,172,Pulchowk,27.6787,85.3168
2023-11-27T07:00,12.5,86,10.2,875.0,4.3,175,Pulchowk,27.6787,85.3168
2023-11-27T08:00,16.8,76,12.5,877.1,4.6,141,Pulchowk,27.6787,85.3168
2023-11-27T09:00,19.0,60,10.9,877.6,2.5,82,Pulchowk,27.6787,85.3168
2023-11-27T10:00,20.6,54,11.0,876.9,1.1,72,Pulchowk,27.6787,85.3168
2023-11-27T11:00,21.6,53,11.6,876.4,3.8,311,Pulchowk,27.6787,85.3168
2023-11-27T12:00,21.1,59,12.8,875.4,6.0,303,Pulchowk,27.6787,85.3168
2023-11-27T13:00,20.7,63,13.4,875.1,7.5,305,Pulchowk,27.6787,85.3168
2023-11-27T14:00,19.6,67,13.4,874.7,7.2,333,Pulchowk,27.6787,85.3168
2023-11-27T15:00,18.6,72,13.4,874.1,5.2,344,Pulchowk,27.6787,85.3168
2023-11-27T16:00,17.4,83,14.4,873.9,1.9,22,Pulchowk,27.6787,85.3168
2023-11-27T17:00,16.5,84,13.8,873.5,0.8,153,Pulchowk,27.6787,85.3168
2023-11-27T18:00,15.3,85,12.8,873.0,3.3,167,Pulchowk,27.6787,85.3168
2023-11-27T19:00,14.7,89,12.8,873.1,1.8,169,Pulchowk,27.6787,85.3168
2023-11-27T20:00,14.4,90,12.8,873.2,3.7,169,Pulchowk,27.6787,85.3168
2023-11-27T21:00,13.8,92,12.5,872.9,5.5,169,Pulchowk,27.6787,85.3168
2023-11-27T22:00,13.0,94,12.1,872.5,4.6,162,Pulchowk,27.6787,85.3168
2023-11-27T23:00,12.7,94,11.8,872.0,4.7,171,Pulchowk,27.6787,85.3168
2023-11-28T00:00,12.2,95,11.3,871.3,4.8,167,Pulchowk,27.6787,85.3168
2023-11-28T01:00,12.5,91,11.2,871.3,2.9,173,Pulchowk,27.6787,85.3168
2023-11-28T02:00,13.1,89,11.2,871.0,4.0,175,Pulchowk,27.6787,85.3168
2023-11-28T03:00,12.9,89,11.2,870.5,4.4,171,Pulchowk,27.6787,85.3168
2023-11-28T04:00,12.1,91,10.7,870.7,5.4,176,Pulchowk,27.6787,85.3168
2023-11-28T05:00,11.8,88,9.9,871.4,3.3,174,Pulchowk,27.6787,85.3168
2023-11-28T06:00,12.5,85,10.0,872.4,5.5,169,Pulchowk,27.6787,85.3168
2023-11-28T07:00,13.5,81,10.3,873.5,5.8,173,Pulchowk,27.6787,85.3168
2023-11-28T08:00,16.4,67,10.2,875.1,3.8,163,Pulchowk,27.6787,85.3168
2023-11-28T09:00,18.0,65,11.3,875.4,1.5,346,Pulchowk,27.6787,85.3168
2023-11-28T10:00,18.9,63,11.7,875.2,3.9,326,Pulchowk,27.6787,85.3168
2023-11-28T11:00,19.6,62,12.2,874.4,4.3,336,Pulchowk,27.6787,85.3168
2023-11-28T12:00,19.9,60,11.9,873.6,5.3,332,Pulchowk,27.6787,85.3168
2023-11-28T13:00,19.3,63,12.1,872.8,5.5,328,Pulchowk,27.6787,85.3168
2023-11-28T14:00,18.9,66,12.3,872.2,5.0,330,Pulchowk,27.6787,85.3168
2023-11-28T15:00,18.1,70,12.5,871.9,3.4,302,Pulchowk,27.6787,85.3168
2023-11-28T16:00,16.9,84,14.2,871.9,1.5,45,Pulchowk,27.6787,85.3168
2023-11-28T17:00,16.0,82,12.9,871.9,1.6,153,Pulchowk,27.6787,85.3168
2023-11-28T18:00,14.9,83,12.1,872.4,2.9,173,Pulchowk,27.6787,85.3168
2023-11-28T19:00,14.3,84,11.7,872.1,4.4,171,Pulchowk,27.6787,85.3168
2023-11-28T20:00,13.4,87,11.3,871.8,4.7,176,Pulchowk,27.6787,85.3168
2023-11-28T21:00,12.8,89,11.0,871.8,2.9,173,Pulchowk,27.6787,85.3168
2023-11-28T22:00,12.5,89,10.7,871.8,3.3,174,Pulchowk,27.6787,85.3168
2023-11-28T23:00,12.0,91,10.5,871.2,4.3,180,Pulchowk,27.6787,85.3168
2023-11-29T00:00,12.0,89,10.3,871.1,2.5,180,Pulchowk,27.6787,85.3168
2023-11-29T01:00,12.3,86,10.1,871.4,1.8,180,Pulchowk,27.6787,85.3168
2023-11-29T02:00,12.0,86,9.8,871.1,4.9,163,Pulchowk,27.6787,85.3168
2023-11-29T03:00,10.9,90,9.4,870.2,5.7,162,Pulchowk,27.6787,85.3168
2023-11-29T04:00,10.3,92,9.1,869.9,6.3,167,Pulchowk,27.6787,85.3168
2023-11-29T05:00,9.7,93,8.7,869.7,5.2,168,Pulchowk,27.6787,85.3168
2023-11-29T06:00,9.8,95,9.0,870.8,4.8,167,Pulchowk,27.6787,85.3168
2023-11-29T07:00,11.8,89,10.0,872.5,5.1,172,Pulchowk,27.6787,85.3168
2023-11-29T08:00,16.5,75,12.0,875.1,4.0,170,Pulchowk,27.6787,85.3168
2023-11-29T09:00,18.5,61,11.0,876.2,0.8,27,Pulchowk,27.6787,85.3168
2023-11-29T10:00,19.7,57,11.0,875.9,2.7,337,Pulchowk,27.6787,85.3168
2023-11-29T11:00,20.2,56,11.1,875.1,3.2,333,Pulchowk,27.6787,85.3168
2023-11-29T12:00,20.7,55,11.3,874.1,4.8,318,Pulchowk,27.6787,85.3168
2023-11-29T13:00,20.4,59,12.0,873.6,3.9,326,Pulchowk,27.6787,85.3168
2023-11-29T14:00,19.6,64,12.6,873.2,4.7,293,Pulchowk,27.6787,85.3168
2023-11-29T15:00,17.7,71,12.3,873.2,4.7,274,Pulchowk,27.6787,85.3168
2023-11-29T16:00,16.0,85,13.4,872.5,2.9,173,Pulchowk,27.6787,85.3168
2023-11-29T17:00,14.5,81,11.3,871.9,2.9,173,Pulchowk,27.6787,85.3168
2023-11-29T18:00,14.2,85,11.6,872.0,2.2,180,Pulchowk,27.6787,85.3168
2023-11-29T19:00,13.3,87,11.1,872.3,2.5,180,Pulchowk,27.6787,85.3168
2023-11-29T20:00,12.7,88,10.7,872.4,2.9,173,Pulchowk,27.6787,85.3168
2023-11-29T21:00,12.4,88,10.5,872.5,3.6,174,Pulchowk,27.6787,85.3168
2023-11-29T22:00,11.9,91,10.4,872.3,4.4,171,Pulchowk,27.6787,85.3168
2023-11-29T23:00,11.5,92,10.3,872.2,4.0,170,Pulchowk,27.6787,85.3168
2023-11-30T00:00,11.3,92,10.1,871.9,4.0,175,Pulchowk,27.6787,85.3168
2023-11-30T01:00,11.2,92,9.9,871.9,4.3,175,Pulchowk,27.6787,85.3168
2023-11-30T02:00,11.1,91,9.7,871.6,4.0,170,Pulchowk,27.6787,85.3168
2023-11-30T03:00,11.1,90,9.6,871.4,3.7,169,Pulchowk,27.6787,85.3168
2023-11-30T04:00,11.0,90,9.5,871.0,4.9,163,Pulchowk,27.6787,85.3168
2023-11-30T05:00,10.5,92,9.2,870.9,5.5,169,Pulchowk,27.6787,85.3168
2023-11-30T06:00,10.4,95,9.7,871.7,6.6,167,Pulchowk,27.6787,85.3168
2023-11-30T07:00,11.8,92,10.6,873.5,5.9,169,Pulchowk,27.6787,85.3168
2023-11-30T08:00,14.7,90,13.1,876.2,1.8,307,Pulchowk,27.6787,85.3168
2023-11-30T09:00,16.4,71,11.1,876.8,2.6,74,Pulchowk,27.6787,85.3168
2023-11-30T10:00,17.7,66,11.2,876.4,1.1,18,Pulchowk,27.6787,85.3168
2023-11-30T11:00,17.5,67,11.2,875.5,2.5,8,Pulchowk,27.6787,85.3168
2023-11-30T12:00,17.5,66,11.2,874.4,1.1,360,Pulchowk,27.6787,85.3168
2023-11-30T13:00,17.6,68,11.7,873.6,2.9,7,Pulchowk,27.6787,85.3168
2023-11-30T14:00,18.0,64,11.2,873.3,3.9,338,Pulchowk,27.6787,85.3168
2023-11-30T15:00,17.1,70,11.6,873.1,4.8,347,Pulchowk,27.6787,85.3168
2023-11-30T16:00,15.7,82,12.6,872.9,2.1,31,Pulchowk,27.6787,85.3168
2023-11-30T17:00,14.6,83,11.8,872.7,2.4,153,Pulchowk,27.6787,85.3168
2023-11-30T18:00,14.4,75,10.0,873.4,1.8,169,Pulchowk,27.6787,85.3168
2023-11-30T19:00,13.7,79,10.1,873.4,3.3,167,Pulchowk,27.6787,85.3168
2023-11-30T20:00,13.4,83,10.6,873.5,2.9,180,Pulchowk,27.6787,85.3168
2023-11-30T21:00,12.1,88,10.2,873.1,3.3,174,Pulchowk,27.6787,85.3168
2023-11-30T22:00,11.0,91,9.7,872.6,5.2,168,Pulchowk,27.6787,85.3168
2023-11-30T23:00,10.1,92,8.9,871.8,5.9,166,Pulchowk,27.6787,85.3168
2023-12-01T00:00,9.6,90,8.1,871.2,6.2,170,Pulchowk,27.6787,85.3168
2023-12-01T01:00,9.2,89,7.4,870.7,5.9,169,Pulchowk,27.6787,85.3168
2023-12-01T02:00,8.9,87,6.9,870.3,5.5,169,Pulchowk,27.6787,85.3168
2023-12-01T03:00,8.7,86,6.5,870.1,5.2,168,Pulchowk,27.6787,85.3168
2023-12-01T04:00,8.8,85,6.4,869.9,4.7,171,Pulchowk,27.6787,85.3168
2023-12-01T05:00,9.0,83,6.4,870.4,5.8,173,Pulchowk,27.6787,85.3168
2023-12-01T06:00,9.4,98,9.1,871.6,4.0,170,Pulchowk,27.6787,85.3168
2023-12-01T07:00,11.4,92,10.2,873.0,2.2,171,Pulchowk,27.6787,85.3168
2023-12-01T08:00,15.9,76,11.6,875.5,3.4,148,Pulchowk,27.6787,85.3168
2023-12-01T09:00,17.7,65,11.0,876.2,1.5,45,Pulchowk,27.6787,85.3168
2023-12-01T10:00,18.9,58,10.4,875.8,2.5,8,Pulchowk,27.6787,85.3168
2023-12-01T11:00,19.8,54,10.1,875.2,2.9,360,Pulchowk,27.6787,85.3168
2023-12-01T12:00,20.4,52,10.4,874.2,3.0,346,Pulchowk,27.6787,85.3168
2023-12-01T13:00,20.6,51,10.2,873.2,3.8,311,Pulchowk,27.6787,85.3168
2023-12-01T14:00,19.9,57,11.1,872.7,6.0,303,Pulchowk,27.6787,85.3168
2023-12-01T15:00,18.8,63,11.7,872.4,5.7,305,Pulchowk,27.6787,85.3168
2023-12-01T16:00,16.7,79,13.0,872.0,2.5,8,Pulchowk,27.6787,85.3168
2023-12-01T17:00,15.2,81,11.9,871.7,1.6,153,Pulchowk,27.6787,85.3168
2023-12-01T18:00,13.5,87,11.3,871.8,5.4,172,Pulchowk,27.6787,85.3168
2023-12-01T19:00,12.6,89,10.9,871.7,2.9,173,Pulchowk,27.6787,85.3168
2023-12-01T20:00,12.1,90,10.5,872.1,4.3,175,Pulchowk,27.6787,85.3168
2023-12-01T21:00,11.8,90,10.2,872.2,5.1,172,Pulchowk,27.6787,85.3168
2023-12-01T22:00,11.5,90,9.9,872.2,4.7,171,Pulchowk,27.6787,85.3168
2023-12-01T23:00,11.3,88,9.5,871.9,4.7,176,Pulchowk,27.6787,85.3168
2023-12-02T00:00,11.4,84,8.9,871.6,4.3,175,Pulchowk,27.6787,85.3168
2023-12-02T01:00,11.5,80,8.2,871.3,4.7,176,Pulchowk,27.6787,85.3168
2023-12-02T02:00,11.5,76,7.5,871.1,5.5,169,Pulchowk,27.6787,85.3168
2023-12-02T03:00,11.1,75,6.9,870.6,5.6,165,Pulchowk,27.6787,85.3168
2023-12-02T04:00,10.7,75,6.5,870.5,5.2,168,Pulchowk,27.6787,85.3168
2023-12-02T05:00,10.6,74,6.1,870.7,4.8,167,Pulchowk,27.6787,85.3168
2023-12-02T06:00,9.0,90,7.5,871.5,4.5,166,Pulchowk,27.6787,85.3168
2023-12-02T07:00,10.7,86,8.4,872.7,3.0,166,Pulchowk,27.6787,85.3168
2023-12-02T08:00,15.4,80,12.0,875.4,3.9,158,Pulchowk,27.6787,85.3168
2023-12-02T09:00,18.1,57,9.3,876.4,0.7,360,Pulchowk,27.6787,85.3168
2023-12-02T10:00,19.2,50,8.5,876.3,4.4,305,Pulchowk,27.6787,85.3168
2023-12-02T11:00,19.8,50,9.0,875.6,6.4,313,Pulchowk,27.6787,85.3168
2023-12-02T12:00,20.1,48,8.8,874.6,6.7,324,Pulchowk,27.6787,85.3168
2023-12-02T13:00,20.1,48,8.9,873.6,6.6,331,Pulchowk,27.6787,85.3168
2023-12-02T14:00,19.6,50,8.9,872.7,6.6,331,Pulchowk,27.6787,85.3168
2023-12-02T15:00,18.7,53,8.9,872.4,5.6,333,Pulchowk,27.6787,85.3168
2023-12-02T16:00,16.9,62,9.6,871.7,4.3,360,Pulchowk,27.6787,85.3168
2023-12-02T17:00,14.6,71,9.3,871.1,1.8,180,Pulchowk,27.6787,85.3168
2023-12-02T18:00,13.6,73,8.9,871.8,4.7,176,Pulchowk,27.6787,85.3168
2023-12-02T19:00,12.2,79,8.6,872.0,4.3,175,Pulchowk,27.6787,85.3168
2023-12-02T20:00,11.7,79,8.1,872.3,3.3,174,Pulchowk,27.6787,85.3168
2023-12-02T21:00,11.6,78,7.8,872.7,4.0,175,Pulchowk,27.6787,85.3168
2023-12-02T22:00,11.6,76,7.5,872.8,4.3,175,Pulchowk,27.6787,85.3168
2023-12-02T23:00,11.5,73,6.8,872.7,4.0,175,Pulchowk,27.6787,85.3168
2023-12-03T00:00,11.4,68,5.7,872.5,3.3,174,Pulchowk,27.6787,85.3168
2023-12-03T01:00,11.4,62,4.4,872.4,3.3,174,Pulchowk,27.6787,85.3168
2023-12-03T02:00,11.4,58,3.3,871.9,2.9,173,Pulchowk,27.6787,85.3168
2023-12-03T03:00,11.3,55,2.6,871.5,3.3,167,Pulchowk,27.6787,85.3168
2023-12-03T04:00,11.0,55,2.2,871.2,3.3,167,Pulchowk,27.6787,85.3168
2023-12-03T05:00,10.7,56,2.3,871.6,2.6,164,Pulchowk,27.6787,85.3168
2023-12-03T06:00,10.9,63,4.0,872.7,3.3,174,Pulchowk,27.6787,85.3168
2023-12-03T07:00,12.5,58,4.4,874.0,3.3,167,Pulchowk,27.6787,85.3168
2023-12-03T08:00,15.3,66,9.1,875.5,4.7,157,Pulchowk,27.6787,85.3168
2023-12-03T09:00,18.4,47,6.8,877.0,2.5,82,Pulchowk,27.6787,85.3168
2023-12-03T10:00,19.8,43,6.9,876.7,2.7,23,Pulchowk,27.6787,85.3168
2023-12-03T11:00,20.7,42,7.2,875.7,4.3,336,Pulchowk,27.6787,85.3168
2023-12-03T12:00,21.0,42,7.8,874.7,6.4,322,Pulchowk,27.6787,85.3168
2023-12-03T13:00,20.9,44,8.1,873.8,6.4,322,Pulchowk,27.6787,85.3168
2023-12-03T14:00,20.4,44,7.8,873.1,5.9,322,Pulchowk,27.6787,85.3168
2023-12-03T15:00,19.3,48,7.9,872.7,4.8,318,Pulchowk,27.6787,85.3168
2023-12-03T16:00,18.2,45,6.2,872.4,4.7,302,Pulchowk,27.6787,85.3168
2023-12-03T17:00,15.2,60,7.5,871.5,1.8,191,Pulchowk,27.6787,85.3168
2023-12-03T18:00,13.8,61,6.3,871.6,4.3,175,Pulchowk,27.6787,85.3168
2023-12-03T19:00,12.3,66,6.1,871.4,4.7,171,Pulchowk,27.6787,85.3168
2023-12-03T20:00,11.4,67,5.4,871.0,4.4,171,Pulchowk,27.6787,85.3168
2023-12-03T21:00,11.2,63,4.5,871.3,4.7,171,Pulchowk,27.6787,85.3168
2023-12-03T22:00,11.9,59,4.0,871.5,3.3,174,Pulchowk,27.6787,85.3168
2023-12-03T23:00,12.3,55,3.6,871.2,3.3,174,Pulchowk,27.6787,85.3168
2023-12-04T00:00,11.8,54,2.9,870.5,2.9,173,Pulchowk,27.6787,85.3168
2023-12-04T01:00,11.4,53,2.2,870.2,3.3,174,Pulchowk,27.6787,85.3168
2023-12-04T02:00,12.0,52,2.4,870.4,3.8,163,Pulchowk,27.6787,85.3168
2023-12-04T03:00,11.8,52,2.1,870.0,4.1,165,Pulchowk,27.6787,85.3168
2023-12-04T04:00,10.1,54,1.2,868.7,5.5,169,Pulchowk,27.6787,85.3168
2023-12-04T05:00,8.3,59,0.9,868.5,6.2,170,Pulchowk,27.6787,85.3168
2023-12-04T06:00,8.3,71,3.3,870.1,5.2,168,Pulchowk,27.6787,85.3168
2023-12-04T07:00,10.2,68,4.5,871.6,6.3,167,Pulchowk,27.6787,85.3168
2023-12-04T08:00,14.6,63,7.6,873.9,6.4,142,Pulchowk,27.6787,85.3168
2023-12-04T09:00,18.0,43,5.2,875.5,1.9,112,Pulchowk,27.6787,85.3168
2023-12-04T10:00,18.5,40,4.7,875.8,2.5,315,Pulchowk,27.6787,85.3168
2023-12-04T11:00,17.6,48,6.5,875.3,7.4,337,Pulchowk,27.6787,85.3168
2023-12-04T12:00,16.8,49,5.9,874.5,5.4,340,Pulchowk,27.6787,85.3168
2023-12-04T13:00,15.0,53,5.6,873.2,0.8,153,Pulchowk,27.6787,85.3168
2023-12-04T14:00,14.9,56,6.1,871.9,5.5,169,Pulchowk,27.6787,85.3168
2023-12-04T15:00,14.4,60,6.6,870.8,6.1,177,Pulchowk,27.6787,85.3168
2023-12-04T16:00,13.7,63,6.8,870.2,5.8,173,Pulchowk,27.6787,85.3168
2023-12-04T17:00,12.8,66,6.5,870.0,4.5,166,Pulchowk,27.6787,85.3168
2023-12-04T18:00,13.4,50,3.2,871.5,4.9,163,Pulchowk,27.6787,85.3168
2023-12-04T19:00,12.7,51,2.9,871.4,3.0,166,Pulchowk,27.6787,85.3168
2023-12-04T20:00,12.4,52,2.7,871.5,2.5,172,Pulchowk,27.6787,85.3168
2023-12-04T21:00,12.1,52,2.6,871.3,2.5,172,Pulchowk,27.6787,85.3168
2023-12-04T22:00,12.1,58,4.1,871.4,1.9,158,Pulchowk,27.6787,85.3168
2023-12-04T23:00,12.3,59,4.4,871.1,3.1,159,Pulchowk,27.6787,85.3168
2023-12-05T00:00,13.2,53,3.9,870.9,3.8,163,Pulchowk,27.6787,85.3168
2023-12-05T01:00,13.4,55,4.5,870.6,3.1,159,Pulchowk,27.6787,85.3168
2023-12-05T02:00,13.5,59,5.6,870.5,1.9,158,Pulchowk,27.6787,85.3168
2023-12-05T03:00,12.9,65,6.6,870.4,2.6,146,Pulchowk,27.6787,85.3168
2023-12-05T04:00,12.3,65,5.9,870.1,5.4,132,Pulchowk,27.6787,85.3168
2023-12-05T05:00,12.7,60,5.1,870.2,4.2,160,Pulchowk,27.6787,85.3168
2023-12-05T06:00,10.6,72,5.7,869.8,5.9,169,Pulchowk,27.6787,85.3168
2023-12-05T07:00,12.0,72,7.2,871.0,5.2,168,Pulchowk,27.6787,85.3168
2023-12-05T08:00,15.6,71,10.4,873.0,5.0,159,Pulchowk,27.6787,85.3168
2023-12-05T09:00,18.6,49,7.6,874.1,1.5,104,Pulchowk,27.6787,85.3168
2023-12-05T10:00,19.9,45,7.5,873.7,0.5,45,Pulchowk,27.6787,85.3168
2023-12-05T11:00,21.2,41,7.3,872.8,2.3,342,Pulchowk,27.6787,85.3168
2023-12-05T12:00,21.5,45,9.2,872.1,6.6,311,Pulchowk,27.6787,85.3168
2023-12-05T13:00,20.6,55,11.4,871.4,7.7,319,Pulchowk,27.6787,85.3168
2023-12-05T14:00,19.9,58,11.3,870.8,6.3,336,Pulchowk,27.6787,85.3168
2023-12-05T15:00,19.1,60,11.1,870.4,3.5,336,Pulchowk,27.6787,85.3168
2023-12-05T16:00,18.0,62,10.7,870.5,2.5,352,Pulchowk,27.6787,85.3168
2023-12-05T17:00,15.0,80,11.5,869.8,1.4,180,Pulchowk,27.6787,85.3168
2023-12-05T18:00,14.3,77,10.4,870.6,2.2,171,Pulchowk,27.6787,85.3168
2023-12-05T19:00,14.0,76,9.7,871.2,3.2,180,Pulchowk,27.6787,85.3168
2023-12-05T20:00,13.2,76,9.1,871.4,4.3,175,Pulchowk,27.6787,85.3168
2023-12-05T21:00,12.8,76,8.6,871.6,3.6,174,Pulchowk,27.6787,85.3168
2023-12-05T22:00,12.9,73,8.1,871.9,2.5,172,Pulchowk,27.6787,85.3168
2023-12-05T23:00,12.7,71,7.6,871.7,2.9,173,Pulchowk,27.6787,85.3168
2023-12-06T00:00,12.0,73,7.4,871.1,3.3,174,Pulchowk,27.6787,85.3168
2023-12-06T01:00,13.8,61,6.4,872.0,3.7,169,Pulchowk,27.6787,85.3168
2023-12-06T02:00,15.9,49,5.1,872.6,3.8,163,Pulchowk,27.6787,85.3168
2023-12-06T03:00,15.8,46,4.3,872.2,3.7,169,Pulchowk,27.6787,85.3168
2023-12-06T04:00,13.3,56,4.7,871.0,5.5,169,Pulchowk,27.6787,85.3168
2023-12-06T05:00,13.2,54,4.2,871.0,4.4,171,Pulchowk,27.6787,85.3168
2023-12-06T06:00,11.3,67,5.4,871.2,2.9,173,Pulchowk,27.6787,85.3168
2023-12-06T07:00,12.3,66,6.1,872.4,2.9,173,Pulchowk,27.6787,85.3168
2023-12-06T08:00,15.7,69,10.0,874.6,2.9,173,Pulchowk,27.6787,85.3168
2023-12-06T09:00,17.8,47,6.2,876.0,2.4,333,Pulchowk,27.6787,85.3168
2023-12-06T10:00,18.2,50,7.7,875.7,5.8,338,Pulchowk,27.6787,85.3168
2023-12-06T11:00,19.0,49,8.1,874.7,6.4,333,Pulchowk,27.6787,85.3168
2023-12-06T12:00,19.7,48,8.3,873.8,7.0,325,Pulchowk,27.6787,85.3168
2023-12-06T13:00,19.7,52,9.7,872.9,7.2,323,Pulchowk,27.6787,85.3168
2023-12-06T14:00,19.2,57,10.4,872.4,5.8,330,Pulchowk,27.6787,85.3168
2023-12-06T15:00,18.2,60,10.3,872.3,5.2,348,Pulchowk,27.6787,85.3168
2023-12-06T16:00,16.3,72,11.3,872.0,4.0,5,Pulchowk,27.6787,85.3168
2023-12-06T17:00,14.8,72,9.8,871.8,2.3,141,Pulchowk,27.6787,85.3168
2023-12-06T18:00,13.7,82,10.7,872.4,2.9,173,Pulchowk,27.6787,85.3168
2023-12-06T19:00,12.5,89,10.7,872.3,3.6,180,Pulchowk,27.6787,85.3168
2023-12-06T20:00,11.8,93,10.6,872.9,3.6,180,Pulchowk,27.6787,85.3168
2023-12-06T21:00,11.4,94,10.5,873.1,3.6,180,Pulchowk,27.6787,85.3168
2023-12-06T22:00,11.4,95,10.5,873.0,2.5,172,Pulchowk,27.6787,85.3168
2023-12-06T23:00,11.5,94,10.6,872.6,3.0,166,Pulchowk,27.6787,85.3168
2023-12-07T00:00,10.7,94,9.8,871.6,3.7,169,Pulchowk,27.6787,85.3168
2023-12-07T01:00,9.6,97,9.2,870.4,5.9,169,Pulchowk,27.6787,85.3168
2023-12-07T02:00,8.2,100,8.2,869.1,7.0,168,Pulchowk,27.6787,85.3168
2023-12-07T03:00,7.8,100,7.8,868.3,6.9,171,Pulchowk,27.6787,85.3168
2023-12-07T04:00,7.8,99,7.7,868.1,6.5,174,Pulchowk,27.6787,85.3168
2023-12-07T05:00,8.2,96,7.6,868.5,6.2,173,Pulchowk,27.6787,85.3168
2023-12-07T06:00,9.5,97,9.1,869.9,6.5,174,Pulchowk,27.6787,85.3168
2023-12-07T07:00,10.6,94,9.6,871.3,5.8,173,Pulchowk,27.6787,85.3168
2023-12-07T08:00,12.5,87,10.3,872.8,5.4,176,Pulchowk,27.6787,85.3168
2023-12-07T09:00,15.8,67,9.7,874.6,2.1,149,Pulchowk,27.6787,85.3168
2023-12-07T10:00,15.5,69,9.9,873.8,1.8,360,Pulchowk,27.6787,85.3168
2023-12-07T11:00,15.9,68,10.0,872.8,1.3,214,Pulchowk,27.6787,85.3168
2023-12-07T12:00,16.7,62,9.4,871.7,0.8,153,Pulchowk,27.6787,85.3168
2023-12-07T13:00,17.4,61,9.8,870.7,0.7,360,Pulchowk,27.6787,85.3168
2023-12-07T14:00,17.4,61,9.9,870.2,2.9,263,Pulchowk,27.6787,85.3168
2023-12-07T15:00,16.6,68,10.7,870.4,4.4,305,Pulchowk,27.6787,85.3168
2023-12-07T16:00,15.0,83,12.1,870.1,1.9,292,Pulchowk,27.6787,85.3168
2023-12-07T17:00,14.2,85,11.7,870.3,1.8,191,Pulchowk,27.6787,85.3168
2023-12-07T18:00,13.2,86,11.0,869.8,1.8,180,Pulchowk,27.6787,85.3168
2023-12-07T19:00,12.2,88,10.3,870.0,1.1,162,Pulchowk,27.6787,85.3168
2023-12-07T20:00,12.4,87,10.3,871.1,1.5,166,Pulchowk,27.6787,85.3168
2023-12-07T21:00,12.5,89,10.7,871.7,0.4,180,Pulchowk,27.6787,85.3168
2023-12-07T22:00,12.8,93,11.6,872.1,1.8,307,Pulchowk,27.6787,85.3168
2023-12-07T23:00,12.5,91,11.1,871.8,1.5,14,Pulchowk,27.6787,85.3168
2023-12-08T00:00,12.3,92,11.1,871.5,1.3,124,Pulchowk,27.6787,85.3168
2023-12-08T01:00,12.0,91,10.5,870.3,2.7,157,Pulchowk,27.6787,85.3168
2023-12-08T02:00,10.6,93,9.4,868.9,3.7,169,Pulchowk,27.6787,85.3168
2023-12-08T03:00,10.0,93,8.9,868.1,2.9,173,Pulchowk,27.6787,85.3168
2023-12-08T04:00,9.5,96,8.9,868.0,1.5,166,Pulchowk,27.6787,85.3168
2023-12-08T05:00,8.3,99,8.1,867.6,2.2,171,Pulchowk,27.6787,85.3168
2023-12-08T06:00,9.5,92,8.2,868.5,2.2,171,Pulchowk,27.6787,85.3168
2023-12-08T07:00,10.7,89,9.0,870.0,0.7,180,Pulchowk,27.6787,85.3168
2023-12-08T08:00,13.4,84,10.8,871.9,0.8,63,Pulchowk,27.6787,85.3168
2023-12-08T09:00,14.9,75,10.5,873.0,4.0,350,Pulchowk,27.6787,85.3168
2023-12-08T10:00,15.8,70,10.4,872.3,6.2,350,Pulchowk,27.6787,85.3168
2023-12-08T11:00,16.6,66,10.3,871.4,7.3,340,Pulchowk,27.6787,85.3168
2023-12-08T12:00,17.2,64,10.3,870.6,7.7,332,Pulchowk,27.6787,85.3168
2023-12-08T13:00,17.4,64,10.6,870.0,8.7,330,Pulchowk,27.6787,85.3168
2023-12-08T14:00,17.0,64,10.1,869.7,7.6,335,Pulchowk,27.6787,85.3168
2023-12-08T15:00,16.2,66,9.8,869.5,6.3,347,Pulchowk,27.6787,85.3168
2023-12-08T16:00,14.8,76,10.7,869.4,2.9,30,Pulchowk,27.6787,85.3168
2023-12-08T17:00,13.1,79,9.5,868.9,2.1,149,Pulchowk,27.6787,85.3168
2023-12-08T18:00,12.7,80,9.3,869.1,3.0,166,Pulchowk,27.6787,85.3168
2023-12-08T19:00,11.6,86,9.3,869.0,4.7,171,Pulchowk,27.6787,85.3168
2023-12-08T20:00,10.4,91,9.1,868.7,4.7,176,Pulchowk,27.6787,85.3168
2023-12-08T21:00,9.6,93,8.5,868.3,3.3,174,Pulchowk,27.6787,85.3168
2023-12-08T22:00,9.5,91,8.1,868.8,2.2,171,Pulchowk,27.6787,85.3168
2023-12-08T23:00,9.7,88,7.8,869.0,2.6,164,Pulchowk,27.6787,85.3168
2023-12-09T00:00,9.8,86,7.6,868.7,3.0,166,Pulchowk,27.6787,85.3168
2023-12-09T01:00,9.7,86,7.6,868.4,3.8,163,Pulchowk,27.6787,85.3168
2023-12-09T02:00,9.4,87,7.4,868.0,4.1,165,Pulchowk,27.6787,85.3168
2023-12-09T03:00,9.0,88,7.2,867.9,4.5,166,Pulchowk,27.6787,85.3168
2023-12-09T04:00,8.6,89,7.0,867.8,4.8,167,Pulchowk,27.6787,85.3168
2023-12-09T05:00,8.2,91,6.8,867.9,5.5,169,Pulchowk,27.6787,85.3168
2023-12-09T06:00,8.0,93,6.9,868.7,5.5,169,Pulchowk,27.6787,85.3168
2023-12-09T07:00,9.0,90,7.4,870.0,6.3,167,Pulchowk,27.6787,85.3168
2023-12-09T08:00,13.3,75,9.0,872.8,3.7,151,Pulchowk,27.6787,85.3168
2023-12-09T09:00,15.1,66,8.9,873.6,2.0,45,Pulchowk,27.6787,85.3168
2023-12-09T10:00,16.4,62,9.1,873.3,4.0,5,Pulchowk,27.6787,85.3168
2023-12-09T11:00,17.2,61,9.6,872.3,7.2,342,Pulchowk,27.6787,85.3168
2023-12-09T12:00,17.4,61,9.9,871.4,8.2,337,Pulchowk,27.6787,85.3168
2023-12-09T13:00,17.3,62,10.0,870.5,8.0,333,Pulchowk,27.6787,85.3168
2023-12-09T14:00,16.9,62,9.6,869.9,8.4,329,Pulchowk,27.6787,85.3168
2023-12-09T15:00,15.9,64,9.2,869.5,7.7,332,Pulchowk,27.6787,85.3168
2023-12-09T16:00,14.8,70,9.3,869.2,4.3,360,Pulchowk,27.6787,85.3168
2023-12-09T17:00,14.2,66,7.8,869.0,3.6,84,Pulchowk,27.6787,85.3168
2023-12-09T18:00,12.5,84,9.8,868.7,1.4,180,Pulchowk,27.6787,85.3168
2023-12-09T19:00,11.8,87,9.7,868.7,1.4,180,Pulchowk,27.6787,85.3168
2023-12-09T20:00,11.1,90,9.6,868.4,1.1,180,Pulchowk,27.6787,85.3168
2023-12-09T21:00,10.9,91,9.5,868.6,1.4,180,Pulchowk,27.6787,85.3168
2023-12-09T22:00,10.4,92,9.2,868.3,2.5,172,Pulchowk,27.6787,85.3168
2023-12-09T23:00,9.4,94,8.5,867.6,3.3,174,Pulchowk,27.6787,85.3168
2023-12-10T00:00,8.6,94,7.7,866.9,4.4,171,Pulchowk,27.6787,85.3168
2023-12-10T01:00,7.5,96,6.9,866.2,5.2,168,Pulchowk,27.6787,85.3168
2023-12-10T02:00,7.1,98,6.7,865.5,6.6,171,Pulchowk,27.6787,85.3168
2023-12-10T03:00,6.7,95,6.0,864.8,6.6,171,Pulchowk,27.6787,85.3168
2023-12-10T04:00,6.5,95,5.8,864.4,6.6,171,Pulchowk,27.6787,85.3168
2023-12-10T05:00,6.1,96,5.4,864.7,6.6,171,Pulchowk,27.6787,85.3168
2023-12-10T06:00,5.8,100,5.8,865.1,6.9,171,Pulchowk,27.6787,85.3168
2023-12-10T07:00,7.2,98,6.9,866.5,8.0,170,Pulchowk,27.6787,85.3168
2023-12-10T08:00,12.5,83,9.6,869.6,5.5,157,Pulchowk,27.6787,85.3168
2023-12-10T09:00,14.9,72,9.8,871.0,1.3,56,Pulchowk,27.6787,85.3168
2023-12-10T10:00,16.3,64,9.5,871.0,2.5,352,Pulchowk,27.6787,85.3168
2023-12-10T11:00,17.4,59,9.2,870.5,4.3,336,Pulchowk,27.6787,85.3168
2023-12-10T12:00,17.4,60,9.7,869.6,6.8,335,Pulchowk,27.6787,85.3168
2023-12-10T13:00,17.4,62,10.1,869.1,6.6,331,Pulchowk,27.6787,85.3168
2023-12-10T14:00,17.0,64,10.1,868.7,6.4,333,Pulchowk,27.6787,85.3168
2023-12-10T15:00,16.1,66,9.7,868.3,6.0,335,Pulchowk,27.6787,85.3168
2023-12-10T16:00,14.7,77,10.7,867.9,2.6,344,Pulchowk,27.6787,85.3168
2023-12-10T17:00,14.1,72,9.1,868.2,2.0,135,Pulchowk,27.6787,85.3168
2023-12-10T18:00,12.8,86,10.4,868.7,1.1,162,Pulchowk,27.6787,85.3168
2023-12-10T19:00,12.2,88,10.3,869.0,1.1,162,Pulchowk,27.6787,85.3168
2023-12-10T20:00,12.4,89,10.6,869.6,0.4,180,Pulchowk,27.6787,85.3168
2023-12-10T21:00,12.2,90,10.6,870.0,0.8,153,Pulchowk,27.6787,85.3168
2023-12-10T22:00,11.8,91,10.4,869.9,1.9,158,Pulchowk,27.6787,85.3168
2023-12-10T23:00,12.1,89,10.4,869.8,2.6,124,Pulchowk,27.6787,85.3168
2023-12-11T00:00,11.7,89,10.0,869.3,2.3,129,Pulchowk,27.6787,85.3168
2023-12-11T01:00,11.6,87,9.5,869.0,1.3,146,Pulchowk,27.6787,85.3168
2023-12-11T02:00,10.2,90,8.6,868.0,1.5,166,Pulchowk,27.6787,85.3168
2023-12-11T03:00,9.4,93,8.3,867.2,2.2,171,Pulchowk,27.6787,85.3168
2023-12-11T04:00,8.1,96,7.5,866.7,4.0,170,Pulchowk,27.6787,85.3168
2023-12-11T05:00,6.9,98,6.6,866.7,5.1,172,Pulchowk,27.6787,85.3168
2023-12-11T06:00,8.5,96,7.9,868.5,5.4,172,Pulchowk,27.6787,85.3168
2023-12-11T07:00,9.4,94,8.5,869.8,7.2,177,Pulchowk,27.6787,85.3168
2023-12-11T08:00,11.4,95,10.6,871.6,5.1,176,Pulchowk,27.6787,85.3168
2023-12-11T09:00,14.2,79,10.6,873.3,0.4,90,Pulchowk,27.6787,85.3168
2023-12-11T10:00,15.8,67,9.6,873.2,0.8,27,Pulchowk,27.6787,85.3168
2023-12-11T11:00,16.7,61,9.2,872.6,3.3,347,Pulchowk,27.6787,85.3168
2023-12-11T12:00,17.1,60,9.2,871.8,4.0,333,Pulchowk,27.6787,85.3168
2023-12-11T13:00,17.2,61,9.6,871.0,4.3,318,Pulchowk,27.6787,85.3168
2023-12-11T14:00,16.7,64,9.8,870.2,4.8,318,Pulchowk,27.6787,85.3168
2023-12-11T15:00,15.8,69,10.2,870.0,5.6,315,Pulchowk,27.6787,85.3168
2023-12-11T16:00,14.6,78,10.8,870.1,4.0,333,Pulchowk,27.6787,85.3168
2023-12-11T17:00,13.5,80,10.2,870.3,2.9,353,Pulchowk,27.6787,85.3168
2023-12-11T18:00,12.4,91,11.0,870.5,2.1,149,Pulchowk,27.6787,85.3168
2023-12-11T19:00,11.8,93,10.7,870.7,1.8,169,Pulchowk,27.6787,85.3168
2023-12-11T20:00,11.6,94,10.6,870.8,1.8,169,Pulchowk,27.6787,85.3168
2023-12-11T21:00,10.8,94,9.8,870.7,2.5,172,Pulchowk,27.6787,85.3168
2023-12-11T22:00,10.1,93,9.0,870.4,2.5,172,Pulchowk,27.6787,85.3168
2023-12-11T23:00,9.4,93,8.3,869.8,2.2,171,Pulchowk,27.6787,85.3168
2023-12-12T00:00,8.9,94,8.0,869.3,2.2,171,Pulchowk,27.6787,85.3168
2023-12-12T01:00,7.8,97,7.3,868.4,3.6,174,Pulchowk,27.6787,85.3168
2023-12-12T02:00,6.7,100,6.6,867.2,5.1,176,Pulchowk,27.6787,85.3168
2023-12-12T03:00,6.0,100,6.0,866.3,6.2,173,Pulchowk,27.6787,85.3168
2023-12-12T04:00,5.2,100,5.2,866.0,6.9,174,Pulchowk,27.6787,85.3168
2023-12-12T05:00,5.2,100,5.2,866.2,6.5,174,Pulchowk,27.6787,85.3168
2023-12-12T06:00,5.6,100,5.6,866.8,6.9,171,Pulchowk,27.6787,85.3168
2023-12-12T07:00,6.8,98,6.5,868.0,6.5,174,Pulchowk,27.6787,85.3168
2023-12-12T08:00,11.7,86,9.5,870.9,5.1,176,Pulchowk,27.6787,85.3168
2023-12-12T09:00,14.2,67,8.1,872.1,1.4,90,Pulchowk,27.6787,85.3168
2023-12-12T10:00,15.5,61,8.0,871.6,0.7,90,Pulchowk,27.6787,85.3168
2023-12-12T11:00,16.6,51,6.6,870.9,1.8,127,Pulchowk,27.6787,85.3168
2023-12-12T12:00,17.4,45,5.2,870.0,3.7,169,Pulchowk,27.6787,85.3168
2023-12-12T13:00,17.4,43,4.8,869.2,3.0,194,Pulchowk,27.6787,85.3168
2023-12-12T14:00,16.7,47,5.3,868.7,3.1,225,Pulchowk,27.6787,85.3168
2023-12-12T15:00,15.7,53,6.1,868.5,3.9,214,Pulchowk,27.6787,85.3168
2023-12-12T16:00,14.2,60,6.7,868.5,2.4,297,Pulchowk,27.6787,85.3168
2023-12-12T17:00,12.1,79,8.5,868.5,2.2,99,Pulchowk,27.6787,85.3168
2023-12-12T18:00,11.3,89,9.5,868.3,0.7,180,Pulchowk,27.6787,85.3168
2023-12-12T19:00,10.7,90,9.1,868.7,1.3,214,Pulchowk,27.6787,85.3168
2023-12-12T20:00,10.1,89,8.3,869.1,1.5,194,Pulchowk,27.6787,85.3168
2023-12-12T21:00,9.6,88,7.8,869.2,1.1,198,Pulchowk,27.6787,85.3168
2023-12-12T22:00,8.8,89,7.0,868.9,1.5,194,Pulchowk,27.6787,85.3168
2023-12-12T23:00,9.7,79,6.2,869.3,0.4,180,Pulchowk,27.6787,85.3168
2023-12-13T00:00,9.6,83,6.8,869.2,0.5,135,Pulchowk,27.6787,85.3168
2023-12-13T01:00,8.5,90,7.0,868.8,2.6,56,Pulchowk,27.6787,85.3168
2023-12-13T02:00,7.8,94,6.9,867.8,3.1,144,Pulchowk,27.6787,85.3168
2023-12-13T03:00,7.0,95,6.3,866.6,6.3,167,Pulchowk,27.6787,85.3168
2023-12-13T04:00,6.3,97,5.8,865.9,7.1,165,Pulchowk,27.6787,85.3168
2023-12-13T05:00,5.7,97,5.2,866.0,6.3,167,Pulchowk,27.6787,85.3168
2023-12-13T06:00,6.2,98,5.9,867.2,7.3,169,Pulchowk,27.6787,85.3168
2023-12-13T07:00,7.0,97,6.6,868.4,7.3,171,Pulchowk,27.6787,85.3168
2023-12-13T08:00,10.1,95,9.3,871.0,3.3,174,Pulchowk,27.6787,85.3168
2023-12-13T09:00,12.0,75,7.8,872.3,3.5,336,Pulchowk,27.6787,85.3168
2023-12-13T10:00,13.2,69,7.6,872.1,2.8,320,Pulchowk,27.6787,85.3168
2023-12-13T11:00,14.5,61,6.9,871.3,4.6,309,Pulchowk,27.6787,85.3168
2023-12-13T12:00,14.7,55,5.8,870.3,4.6,288,Pulchowk,27.6787,85.3168
2023-12-13T13:00,14.9,53,5.5,869.3,3.9,304,Pulchowk,27.6787,85.3168
2023-12-13T14:00,15.0,55,5.9,868.7,6.5,326,Pulchowk,27.6787,85.3168
2023-12-13T15:00,14.3,59,6.5,868.4,8.1,328,Pulchowk,27.6787,85.3168
2023-12-13T16:00,12.9,71,7.8,868.2,3.9,326,Pulchowk,27.6787,85.3168
2023-12-13T17:00,12.6,66,6.5,868.7,3.9,248,Pulchowk,27.6787,85.3168
2023-12-13T18:00,11.3,80,8.0,869.1,2.9,210,Pulchowk,27.6787,85.3168
2023-12-13T19:00,11.1,78,7.3,869.8,3.3,193,Pulchowk,27.6787,85.3168
2023-12-13T20:00,10.6,77,6.8,870.0,3.2,180,Pulchowk,27.6787,85.3168
2023-12-13T21:00,9.4,81,6.4,869.9,4.7,176,Pulchowk,27.6787,85.3168
2023-12-13T22:00,8.4,86,6.2,869.8,5.8,176,Pulchowk,27.6787,85.3168
2023-12-13T23:00,8.0,87,6.1,869.1,6.1,177,Pulchowk,27.6787,85.3168
2023-12-14T00:00,7.9,87,5.9,868.5,6.1,177,Pulchowk,27.6787,85.3168
2023-12-14T01:00,7.9,85,5.6,868.0,5.8,173,Pulchowk,27.6787,85.3168
2023-12-14T02:00,8.1,82,5.2,867.7,5.4,172,Pulchowk,27.6787,85.3168
2023-12-14T03:00,8.2,79,4.8,867.5,4.5,166,Pulchowk,27.6787,85.3168
2023-12-14T04:00,8.3,76,4.4,867.4,4.1,165,Pulchowk,27.6787,85.3168
2023-12-14T05:00,8.2,75,4.0,867.7,4.7,157,Pulchowk,27.6787,85.3168
2023-12-14T06:00,5.5,92,4.4,867.8,5.6,165,Pulchowk,27.6787,85.3168
2023-12-14T07:00,7.1,86,4.9,869.2,6.5,161,Pulchowk,27.6787,85.3168
2023-12-14T08:00,11.5,73,6.8,872.0,5.5,148,Pulchowk,27.6787,85.3168
2023-12-14T09:00,13.8,57,5.3,873.4,2.2,81,Pulchowk,27.6787,85.3168
2023-12-14T10:00,15.2,53,5.6,873.4,3.1,45,Pulchowk,27.6787,85.3168
2023-12-14T11:00,16.5,50,6.1,873.0,3.6,360,Pulchowk,27.6787,85.3168
2023-12-14T12:00,17.2,50,6.6,872.1,6.2,339,Pulchowk,27.6787,85.3168
2023-12-14T13:00,17.3,48,6.2,871.3,6.8,328,Pulchowk,27.6787,85.3168
2023-12-14T14:00,16.9,49,6.2,870.7,7.2,323,Pulchowk,27.6787,85.3168
2023-12-14T15:00,15.9,54,6.5,870.4,6.6,319,Pulchowk,27.6787,85.3168
2023-12-14T16:00,13.9,69,8.4,870.0,3.6,315,Pulchowk,27.6787,85.3168
2023-12-14T17:00,13.3,62,6.2,870.5,3.7,241,Pulchowk,27.6787,85.3168
2023-12-14T18:00,12.9,67,7.0,871.5,3.1,249,Pulchowk,27.6787,85.3168
2023-12-14T19:00,11.1,83,8.4,871.3,1.8,180,Pulchowk,27.6787,85.3168
2023-12-14T20:00,10.7,83,7.9,871.7,1.5,166,Pulchowk,27.6787,85.3168
2023-12-14T21:00,10.0,83,7.2,872.1,2.6,164,Pulchowk,27.6787,85.3168
2023-12-14T22:00,9.4,85,6.9,871.9,3.3,167,Pulchowk,27.6787,85.3168
2023-12-14T23:00,8.6,88,6.6,871.3,4.5,166,Pulchowk,27.6787,85.3168
2023-12-15T00:00,7.7,91,6.3,870.6,4.4,171,Pulchowk,27.6787,85.3168
2023-12-15T01:00,7.0,92,5.8,869.9,4.1,165,Pulchowk,27.6787,85.3168
2023-12-15T02:00,6.8,91,5.5,869.5,4.6,162,Pulchowk,27.6787,85.3168
2023-12-15T03:00,6.7,91,5.3,869.1,5.6,165,Pulchowk,27.6787,85.3168
2023-12-15T04:00,6.4,91,5.1,869.2,5.4,172,Pulchowk,27.6787,85.3168
2023-12-15T05:00,6.1,92,4.9,869.3,5.1,176,Pulchowk,27.6787,85.3168
2023-12-15T06:00,4.7,100,4.7,869.7,5.1,172,Pulchowk,27.6787,85.3168
2023-12-15T07:00,5.8,98,5.5,870.9,5.8,173,Pulchowk,27.6787,85.3168
2023-12-15T08:00,11.0,84,8.4,874.0,4.5,194,Pulchowk,27.6787,85.3168
2023-12-15T09:00,13.6,70,8.1,875.4,1.6,333,Pulchowk,27.6787,85.3168
2023-12-15T10:00,14.8,66,8.5,875.2,4.0,350,Pulchowk,27.6787,85.3168
2023-12-15T11:00,15.8,63,8.8,874.5,4.7,351,Pulchowk,27.6787,85.3168
2023-12-15T12:00,16.5,61,9.0,873.8,6.3,347,Pulchowk,27.6787,85.3168
2023-12-15T13:00,16.6,62,9.2,872.7,7.3,340,Pulchowk,27.6787,85.3168
2023-12-15T14:00,16.2,62,9.0,871.9,7.2,333,Pulchowk,27.6787,85.3168
2023-12-15T15:00,15.3,65,8.6,871.4,6.8,335,Pulchowk,27.6787,85.3168
2023-12-15T16:00,13.4,75,9.0,870.9,3.8,343,Pulchowk,27.6787,85.3168
2023-12-15T17:00,11.7,79,8.1,870.8,5.4,20,Pulchowk,27.6787,85.3168
2023-12-15T18:00,12.8,69,7.3,871.9,2.3,141,Pulchowk,27.6787,85.3168
2023-12-15T19:00,10.7,81,7.6,871.2,3.1,159,Pulchowk,27.6787,85.3168
2023-12-15T20:00,10.1,84,7.5,870.9,3.1,159,Pulchowk,27.6787,85.3168
2023-12-15T21:00,9.8,85,7.4,871.1,2.6,164,Pulchowk,27.6787,85.3168
2023-12-15T22:00,9.1,87,7.1,870.8,1.8,169,Pulchowk,27.6787,85.3168
2023-12-15T23:00,8.4,89,6.7,870.2,1.8,169,Pulchowk,27.6787,85.3168
2023-12-16T00:00,7.9,90,6.4,869.9,1.5,166,Pulchowk,27.6787,85.3168
2023-12-16T01:00,7.7,90,6.2,869.7,0.4,180,Pulchowk,27.6787,85.3168
2023-12-16T02:00,7.4,90,5.8,869.4,1.6,153,Pulchowk,27.6787,85.3168
2023-12-16T03:00,7.1,90,5.5,868.9,2.9,150,Pulchowk,27.6787,85.3168
2023-12-16T04:00,7.0,89,5.3,868.7,2.7,157,Pulchowk,27.6787,85.3168
2023-12-16T05:00,7.3,87,5.3,868.9,2.7,157,Pulchowk,27.6787,85.3168
2023-12-16T06:00,5.4,100,5.3,868.6,5.2,168,Pulchowk,27.6787,85.3168
2023-12-16T07:00,6.1,99,5.9,869.5,3.6,174,Pulchowk,27.6787,85.3168
2023-12-16T08:00,10.8,88,8.9,872.2,2.4,153,Pulchowk,27.6787,85.3168
2023-12-16T09:00,13.7,71,8.5,873.6,2.9,30,Pulchowk,27.6787,85.3168
2023-12-16T10:00,15.3,65,8.8,873.3,4.0,5,Pulchowk,27.6787,85.3168
2023-12-16T11:00,16.8,60,8.9,872.4,5.6,345,Pulchowk,27.6787,85.3168
2023-12-16T12:00,17.6,58,9.2,871.7,6.4,333,Pulchowk,27.6787,85.3168
2023-12-16T13:00,17.7,58,9.3,871.1,7.3,327,Pulchowk,27.6787,85.3168
2023-12-16T14:00,17.2,58,8.9,870.7,7.3,327,Pulchowk,27.6787,85.3168
2023-12-16T15:00,16.2,58,8.1,870.3,6.4,333,Pulchowk,27.6787,85.3168
2023-12-16T16:00,14.1,73,9.3,869.8,3.3,347,Pulchowk,27.6787,85.3168
2023-12-16T17:00,13.9,62,6.6,870.1,1.8,169,Pulchowk,27.6787,85.3168
2023-12-16T18:00,11.9,81,8.8,869.6,2.2,180,Pulchowk,27.6787,85.3168
2023-12-16T19:00,10.8,86,8.5,869.7,2.2,180,Pulchowk,27.6787,85.3168
2023-12-16T20:00,9.8,89,8.1,870.1,2.5,180,Pulchowk,27.6787,85.3168
2023-12-16T21:00,8.9,91,7.6,870.5,3.2,180,Pulchowk,27.6787,85.3168
2023-12-16T22:00,8.1,93,7.1,870.1,3.6,180,Pulchowk,27.6787,85.3168
2023-12-16T23:00,7.7,94,6.7,869.8,4.0,180,Pulchowk,27.6787,85.3168
2023-12-17T00:00,7.4,93,6.4,869.2,4.3,180,Pulchowk,27.6787,85.3168
2023-12-17T01:00,7.6,92,6.4,869.2,5.0,180,Pulchowk,27.6787,85.3168
2023-12-17T02:00,7.4,91,6.0,869.1,4.7,180,Pulchowk,27.6787,85.3168
2023-12-17T03:00,7.1,90,5.5,868.7,3.6,180,Pulchowk,27.6787,85.3168
2023-12-17T04:00,6.7,88,4.8,868.3,4.0,175,Pulchowk,27.6787,85.3168
2023-12-17T05:00,6.3,86,4.2,868.4,5.1,172,Pulchowk,27.6787,85.3168
2023-12-17T06:00,6.8,87,4.9,869.2,5.1,172,Pulchowk,27.6787,85.3168
2023-12-17T07:00,7.5,86,5.3,870.4,6.1,177,Pulchowk,27.6787,85.3168
2023-12-17T08:00,11.8,73,7.1,873.1,4.5,166,Pulchowk,27.6787,85.3168
2023-12-17T09:00,14.4,58,6.2,874.2,1.6,63,Pulchowk,27.6787,85.3168
2023-12-17T10:00,15.9,54,6.5,874.1,2.1,31,Pulchowk,27.6787,85.3168
2023-12-17T11:00,17.1,51,6.8,873.6,2.5,352,Pulchowk,27.6787,85.3168
2023-12-17T12:00,17.7,50,7.1,872.6,4.9,324,Pulchowk,27.6787,85.3168
2023-12-17T13:00,17.7,52,7.8,871.8,6.6,315,Pulchowk,27.6787,85.3168
2023-12-17T14:00,17.2,57,8.5,871.3,6.9,309,Pulchowk,27.6787,85.3168
2023-12-17T15:00,16.1,62,8.8,870.9,6.1,310,Pulchowk,27.6787,85.3168
2023-12-17T16:00,14.1,77,10.2,870.7,3.3,311,Pulchowk,27.6787,85.3168
2023-12-17T17:00,12.4,79,8.8,870.4,4.7,247,Pulchowk,27.6787,85.3168
2023-12-17T18:00,11.2,83,8.5,870.5,2.6,196,Pulchowk,27.6787,85.3168
2023-12-17T19:00,10.4,85,8.0,870.7,2.2,189,Pulchowk,27.6787,85.3168
2023-12-17T20:00,10.1,84,7.5,871.2,2.5,188,Pulchowk,27.6787,85.3168
2023-12-17T21:00,10.0,82,7.1,871.4,2.2,189,Pulchowk,27.6787,85.3168
2023-12-17T22:00,9.7,82,6.7,871.3,2.2,180,Pulchowk,27.6787,85.3168
2023-12-17T23:00,9.3,82,6.4,871.0,2.2,180,Pulchowk,27.6787,85.3168
2023-12-18T00:00,9.1,82,6.2,870.7,2.5,180,Pulchowk,27.6787,85.3168
2023-12-18T01:00,8.9,82,5.9,870.2,2.9,180,Pulchowk,27.6787,85.3168
2023-12-18T02:00,8.7,82,5.7,869.8,2.9,180,Pulchowk,27.6787,85.3168
2023-12-18T03:00,8.4,81,5.4,869.4,2.9,173,Pulchowk,27.6787,85.3168
2023-12-18T04:00,8.2,81,5.2,869.0,2.9,173,Pulchowk,27.6787,85.3168
2023-12-18T05:00,8.1,80,4.9,869.2,2.9,173,Pulchowk,27.6787,85.3168
2023-12-18T06:00,7.5,86,5.3,870.2,1.8,169,Pulchowk,27.6787,85.3168
2023-12-18T07:00,8.4,84,5.8,871.2,3.7,169,Pulchowk,27.6787,85.3168
2023-12-18T08:00,11.8,79,8.3,873.2,4.6,141,Pulchowk,27.6787,85.3168
2023-12-18T09:00,14.3,67,8.2,874.3,2.6,74,Pulchowk,27.6787,85.3168
2023-12-18T10:00,16.1,59,8.1,874.3,3.1,21,Pulchowk,27.6787,85.3168
2023-12-18T11:00,17.2,55,8.1,873.8,5.4,340,Pulchowk,27.6787,85.3168
2023-12-18T12:00,17.6,54,8.2,872.9,7.1,330,Pulchowk,27.6787,85.3168
2023-12-18T13:00,17.4,57,8.9,872.1,8.0,324,Pulchowk,27.6787,85.3168
2023-12-18T14:00,16.8,61,9.1,871.5,8.0,324,Pulchowk,27.6787,85.3168
2023-12-18T15:00,15.7,62,8.5,871.2,7.1,330,Pulchowk,27.6787,85.3168
2023-12-18T16:00,13.7,74,9.2,870.6,3.2,360,Pulchowk,27.6787,85.3168
2023-12-18T17:00,13.2,67,7.2,871.0,2.5,188,Pulchowk,27.6787,85.3168
2023-12-18T18:00,10.5,81,7.3,871.0,2.2,180,Pulchowk,27.6787,85.3168
2023-12-18T19:00,10.2,82,7.3,871.5,2.2,180,Pulchowk,27.6787,85.3168
2023-12-18T20:00,9.5,86,7.3,871.7,1.1,180,Pulchowk,27.6787,85.3168
2023-12-18T21:00,9.2,86,7.0,872.1,1.4,180,Pulchowk,27.6787,85.3168
2023-12-18T22:00,8.7,87,6.7,871.8,2.9,180,Pulchowk,27.6787,85.3168
2023-12-18T23:00,7.3,92,6.1,870.7,4.0,175,Pulchowk,27.6787,85.3168
2023-12-19T00:00,5.9,93,4.9,869.7,4.7,176,Pulchowk,27.6787,85.3168
2023-12-19T01:00,4.7,95,4.0,868.9,4.7,176,Pulchowk,27.6787,85.3168
2023-12-19T02:00,3.9,99,3.8,868.2,4.7,176,Pulchowk,27.6787,85.3168
2023-12-19T03:00,3.8,98,3.6,867.9,4.7,171,Pulchowk,27.6787,85.3168
2023-12-19T04:00,3.8,95,3.0,867.7,4.4,171,Pulchowk,27.6787,85.3168
2023-12-19T05:00,3.9,91,2.6,868.1,4.4,171,Pulchowk,27.6787,85.3168
2023-12-19T06:00,4.2,93,3.1,869.1,3.7,169,Pulchowk,27.6787,85.3168
2023-12-19T07:00,5.7,87,3.7,870.2,4.7,171,Pulchowk,27.6787,85.3168
2023-12-19T08:00,10.7,73,6.0,873.5,4.2,160,Pulchowk,27.6787,85.3168
2023-12-19T09:00,13.5,60,6.0,875.1,1.5,76,Pulchowk,27.6787,85.3168
2023-12-19T10:00,15.1,57,6.7,875.1,3.0,346,Pulchowk,27.6787,85.3168
2023-12-19T11:00,16.2,53,6.7,874.8,5.5,328,Pulchowk,27.6787,85.3168
2023-12-19T12:00,16.6,52,6.8,873.9,7.5,325,Pulchowk,27.6787,85.3168
2023-12-19T13:00,16.4,52,6.5,873.1,8.2,331,Pulchowk,27.6787,85.3168
2023-12-19T14:00,16.1,51,6.1,872.5,7.9,336,Pulchowk,27.6787,85.3168
2023-12-19T15:00,15.2,54,6.0,872.0,6.6,338,Pulchowk,27.6787,85.3168
2023-12-19T16:00,13.2,71,8.2,871.6,3.4,342,Pulchowk,27.6787,85.3168
2023-12-19T17:00,12.6,63,5.7,872.2,3.2,243,Pulchowk,27.6787,85.3168
2023-12-19T18:00,10.6,77,6.7,872.2,1.8,191,Pulchowk,27.6787,85.3168
2023-12-19T19:00,9.9,81,6.8,872.2,2.2,180,Pulchowk,27.6787,85.3168
2023-12-19T20:00,9.5,82,6.6,872.5,2.2,171,Pulchowk,27.6787,85.3168
2023-12-19T21:00,9.1,82,6.2,872.7,2.9,173,Pulchowk,27.6787,85.3168
2023-12-19T22:00,8.6,83,5.9,872.6,2.2,171,Pulchowk,27.6787,85.3168
2023-12-19T23:00,8.3,83,5.6,872.5,2.3,162,Pulchowk,27.6787,85.3168
2023-12-20T00:00,8.3,83,5.5,872.2,3.0,166,Pulchowk,27.6787,85.3168
2023-12-20T01:00,8.0,83,5.3,871.6,3.0,166,Pulchowk,27.6787,85.3168
2023-12-20T02:00,7.7,84,5.1,871.2,3.0,166,Pulchowk,27.6787,85.3168
2023-12-20T03:00,7.3,84,4.8,870.8,3.0,166,Pulchowk,27.6787,85.3168
2023-12-20T04:00,6.7,86,4.5,870.7,3.1,159,Pulchowk,27.6787,85.3168
2023-12-20T05:00,6.4,86,4.2,870.9,3.7,169,Pulchowk,27.6787,85.3168
2023-12-20T06:00,7.2,85,4.9,871.9,3.2,153,Pulchowk,27.6787,85.3168
2023-12-20T07:00,7.9,85,5.5,872.5,5.0,159,Pulchowk,27.6787,85.3168
2023-12-20T08:00,11.7,75,7.4,874.6,6.0,155,Pulchowk,27.6787,85.3168
2023-12-20T09:00,14.4,62,7.3,876.5,2.5,82,Pulchowk,27.6787,85.3168
2023-12-20T10:00,16.0,56,7.2,876.4,2.9,30,Pulchowk,27.6787,85.3168
2023-12-20T11:00,17.2,53,7.5,875.8,4.0,10,Pulchowk,27.6787,85.3168
2023-12-20T12:00,18.2,50,7.7,874.7,4.7,360,Pulchowk,27.6787,85.3168
2023-12-20T13:00,18.5,50,7.9,873.7,5.9,349,Pulchowk,27.6787,85.3168
2023-12-20T14:00,18.1,53,8.3,873.1,6.5,341,Pulchowk,27.6787,85.3168
2023-12-20T15:00,16.9,57,8.4,872.6,6.8,342,Pulchowk,27.6787,85.3168
2023-12-20T16:00,14.4,76,10.2,871.7,3.9,338,Pulchowk,27.6787,85.3168
2023-12-20T17:00,14.1,66,8.0,872.0,1.8,180,Pulchowk,27.6787,85.3168
2023-12-20T18:00,11.6,80,8.3,871.4,1.8,180,Pulchowk,27.6787,85.3168
2023-12-20T19:00,11.4,79,7.9,872.0,2.2,180,Pulchowk,27.6787,85.3168
2023-12-20T20:00,11.2,78,7.4,872.3,2.5,172,Pulchowk,27.6787,85.3168
2023-12-20T21:00,11.0,76,7.0,872.5,3.0,166,Pulchowk,27.6787,85.3168
2023-12-20T22:00,10.8,75,6.5,872.1,3.7,169,Pulchowk,27.6787,85.3168
2023-12-20T23:00,10.5,73,5.8,871.5,3.7,169,Pulchowk,27.6787,85.3168
2023-12-21T00:00,9.9,73,5.3,871.0,2.9,173,Pulchowk,27.6787,85.3168
2023-12-21T01:00,10.1,69,4.7,870.8,2.2,171,Pulchowk,27.6787,85.3168
2023-12-21T02:00,9.8,68,4.3,869.9,3.3,167,Pulchowk,27.6787,85.3168
2023-12-21T03:00,9.6,69,4.1,869.7,2.2,171,Pulchowk,27.6787,85.3168
2023-12-21T04:00,9.7,66,3.6,869.6,3.4,162,Pulchowk,27.6787,85.3168
2023-12-21T05:00,9.4,65,3.1,869.6,3.3,167,Pulchowk,27.6787,85.3168
2023-12-21T06:00,9.0,64,2.6,870.2,3.1,159,Pulchowk,27.6787,85.3168
2023-12-21T07:00,9.7,62,2.7,871.1,4.5,166,Pulchowk,27.6787,85.3168
2023-12-21T08:00,13.0,63,6.2,873.4,5.2,164,Pulchowk,27.6787,85.3168
2023-12-21T09:00,16.8,44,4.5,875.5,1.3,56,Pulchowk,27.6787,85.3168
2023-12-21T10:00,18.2,40,4.4,875.5,3.7,11,Pulchowk,27.6787,85.3168
2023-12-21T11:00,19.2,39,5.1,874.6,4.8,347,Pulchowk,27.6787,85.3168
2023-12-21T12:00,19.7,41,6.0,873.8,6.4,344,Pulchowk,27.6787,85.3168
2023-12-21T13:00,19.5,43,6.6,873.0,6.6,338,Pulchowk,27.6787,85.3168
2023-12-21T14:00,18.9,46,7.0,872.5,6.9,332,Pulchowk,27.6787,85.3168
2023-12-21T15:00,17.8,51,7.4,872.1,5.0,339,Pulchowk,27.6787,85.3168
2023-12-21T16:00,15.4,69,9.7,871.4,4.7,360,Pulchowk,27.6787,85.3168
2023-12-21T17:00,15.2,56,6.5,871.9,1.5,166,Pulchowk,27.6787,85.3168
2023-12-21T18:00,11.8,72,7.0,871.0,2.5,172,Pulchowk,27.6787,85.3168
2023-12-21T19:00,11.6,72,6.7,871.5,2.9,173,Pulchowk,27.6787,85.3168
2023-12-21T20:00,11.3,73,6.6,871.7,2.9,180,Pulchowk,27.6787,85.3168
2023-12-21T21:00,11.0,74,6.6,872.1,2.5,180,Pulchowk,27.6787,85.3168
2023-12-21T22:00,10.7,75,6.5,872.1,2.5,180,Pulchowk,27.6787,85.3168
2023-12-21T23:00,10.2,76,6.1,871.8,2.9,173,Pulchowk,27.6787,85.3168
2023-12-22T00:00,10.1,75,5.8,871.2,3.3,174,Pulchowk,27.6787,85.3168
2023-12-22T01:00,10.1,74,5.7,870.8,3.3,167,Pulchowk,27.6787,85.3168
2023-12-22T02:00,9.9,74,5.6,870.4,2.9,173,Pulchowk,27.6787,85.3168
2023-12-22T03:00,9.8,74,5.4,870.1,3.3,167,Pulchowk,27.6787,85.3168
2023-12-22T04:00,9.2,75,5.1,869.8,3.0,166,Pulchowk,27.6787,85.3168
2023-12-22T05:00,8.6,76,4.7,869.6,4.1,165,Pulchowk,27.6787,85.3168
2023-12-22T06:00,7.6,83,4.9,870.0,4.6,162,Pulchowk,27.6787,85.3168
2023-12-22T07:00,8.3,81,5.3,871.1,4.9,163,Pulchowk,27.6787,85.3168
2023-12-22T08:00,12.2,75,7.9,873.6,5.4,160,Pulchowk,27.6787,85.3168
2023-12-22T09:00,16.0,56,7.3,875.6,0.8,63,Pulchowk,27.6787,85.3168
2023-12-22T10:00,17.3,53,7.7,875.8,4.3,355,Pulchowk,27.6787,85.3168
2023-12-22T11:00,18.2,52,8.2,875.2,6.0,343,Pulchowk,27.6787,85.3168
2023-12-22T12:00,18.5,51,8.3,874.2,7.1,336,Pulchowk,27.6787,85.3168
2023-12-22T13:00,18.2,51,7.9,873.1,7.2,333,Pulchowk,27.6787,85.3168
2023-12-22T14:00,17.8,52,7.8,872.6,6.7,324,Pulchowk,27.6787,85.3168
2023-12-22T15:00,16.8,57,8.2,872.6,5.6,320,Pulchowk,27.6787,85.3168
2023-12-22T16:00,15.0,74,10.4,872.3,3.5,336,Pulchowk,27.6787,85.3168
2023-12-22T17:00,14.3,67,8.2,872.4,0.4,180,Pulchowk,27.6787,85.3168
2023-12-22T18:00,11.8,78,8.1,872.2,1.8,169,Pulchowk,27.6787,85.3168
2023-12-22T19:00,12.0,76,7.9,872.5,2.6,164,Pulchowk,27.6787,85.3168
2023-12-22T20:00,11.7,77,7.8,872.8,3.3,167,Pulchowk,27.6787,85.3168
2023-12-22T21:00,11.4,78,7.6,872.8,3.6,174,Pulchowk,27.6787,85.3168
2023-12-22T22:00,10.8,81,7.6,873.3,4.3,180,Pulchowk,27.6787,85.3168
2023-12-22T23:00,10.5,82,7.6,873.1,3.6,174,Pulchowk,27.6787,85.3168
2023-12-23T00:00,10.2,83,7.4,872.5,3.7,169,Pulchowk,27.6787,85.3168
2023-12-23T01:00,10.0,82,7.1,872.2,3.7,169,Pulchowk,27.6787,85.3168
2023-12-23T02:00,9.8,81,6.7,871.7,3.3,167,Pulchowk,27.6787,85.3168
2023-12-23T03:00,9.2,81,6.0,871.5,2.9,173,Pulchowk,27.6787,85.3168
2023-12-23T04:00,9.2,77,5.4,871.8,2.5,172,Pulchowk,27.6787,85.3168
2023-12-23T05:00,9.1,75,4.8,872.2,2.5,172,Pulchowk,27.6787,85.3168
2023-12-23T06:00,9.1,77,5.4,873.2,2.3,162,Pulchowk,27.6787,85.3168
2023-12-23T07:00,10.0,74,5.5,874.0,4.1,165,Pulchowk,27.6787,85.3168
2023-12-23T08:00,13.1,71,8.0,876.2,4.0,170,Pulchowk,27.6787,85.3168
2023-12-23T09:00,15.5,51,5.4,877.9,1.9,338,Pulchowk,27.6787,85.3168
2023-12-23T10:00,15.5,54,6.2,877.6,2.6,344,Pulchowk,27.6787,85.3168
2023-12-23T11:00,16.2,55,7.0,877.3,2.9,330,Pulchowk,27.6787,85.3168
2023-12-23T12:00,17.1,51,6.9,876.7,7.2,342,Pulchowk,27.6787,85.3168
2023-12-23T13:00,17.4,49,6.7,875.8,5.9,346,Pulchowk,27.6787,85.3168
2023-12-23T14:00,17.5,48,6.5,875.3,6.0,343,Pulchowk,27.6787,85.3168
2023-12-23T15:00,16.6,54,7.1,874.6,5.8,356,Pulchowk,27.6787,85.3168
2023-12-23T16:00,14.3,76,10.1,873.9,4.9,17,Pulchowk,27.6787,85.3168
2023-12-23T17:00,12.3,77,8.3,873.5,1.5,166,Pulchowk,27.6787,85.3168
2023-12-23T18:00,11.6,78,8.0,874.1,1.5,166,Pulchowk,27.6787,85.3168
2023-12-23T19:00,11.1,79,7.7,874.7,1.8,169,Pulchowk,27.6787,85.3168
2023-12-23T20:00,10.8,79,7.3,875.1,2.5,172,Pulchowk,27.6787,85.3168
2023-12-23T21:00,10.6,78,7.0,875.3,3.3,167,Pulchowk,27.6787,85.3168
2023-12-23T22:00,10.4,78,6.8,875.4,4.1,165,Pulchowk,27.6787,85.3168
2023-12-23T23:00,10.4,77,6.5,875.1,3.7,169,Pulchowk,27.6787,85.3168
2023-12-24T00:00,10.4,75,6.2,874.2,3.7,169,Pulchowk,27.6787,85.3168
2023-12-24T01:00,10.0,75,5.7,873.6,3.0,166,Pulchowk,27.6787,85.3168
2023-12-24T02:00,9.6,74,5.2,873.0,3.0,166,Pulchowk,27.6787,85.3168
2023-12-24T03:00,8.8,75,4.6,872.5,3.0,166,Pulchowk,27.6787,85.3168
2023-12-24T04:00,11.0,61,3.9,874.0,2.2,171,Pulchowk,27.6787,85.3168
2023-12-24T05:00,10.4,63,3.6,874.1,2.6,164,Pulchowk,27.6787,85.3168
2023-12-24T06:00,7.9,72,3.3,873.7,2.5,172,Pulchowk,27.6787,85.3168
2023-12-24T07:00,9.6,68,3.9,874.9,1.5,166,Pulchowk,27.6787,85.3168
2023-12-24T08:00,12.3,68,6.5,876.9,2.5,172,Pulchowk,27.6787,85.3168
2023-12-24T09:00,15.4,49,4.9,878.5,1.5,346,Pulchowk,27.6787,85.3168
2023-12-24T10:00,16.8,42,3.6,878.3,4.7,328,Pulchowk,27.6787,85.3168
2023-12-24T11:00,17.7,39,3.6,877.6,6.5,326,Pulchowk,27.6787,85.3168
2023-12-24T12:00,18.3,39,4.1,876.6,7.6,329,Pulchowk,27.6787,85.3168
2023-12-24T13:00,18.1,42,4.9,875.7,8.9,333,Pulchowk,27.6787,85.3168
2023-12-24T14:00,17.5,45,5.4,875.0,8.4,335,Pulchowk,27.6787,85.3168
2023-12-24T15:00,16.5,50,6.0,874.4,6.5,341,Pulchowk,27.6787,85.3168
2023-12-24T16:00,14.1,73,9.4,873.6,4.7,4,Pulchowk,27.6787,85.3168
2023-12-24T17:00,12.7,68,7.0,873.4,1.1,180,Pulchowk,27.6787,85.3168
2023-12-24T18:00,11.9,72,7.1,873.7,2.9,180,Pulchowk,27.6787,85.3168
2023-12-24T19:00,11.5,75,7.1,874.0,3.6,186,Pulchowk,27.6787,85.3168
2023-12-24T20:00,10.5,78,6.8,873.8,2.9,173,Pulchowk,27.6787,85.3168
2023-12-24T21:00,9.8,78,6.2,873.6,3.3,167,Pulchowk,27.6787,85.3168
2023-12-24T22:00,9.7,75,5.5,873.9,3.8,163,Pulchowk,27.6787,85.3168
2023-12-24T23:00,9.2,74,4.9,873.7,4.8,153,Pulchowk,27.6787,85.3168
2023-12-25T00:00,9.1,72,4.4,872.9,5.3,152,Pulchowk,27.6787,85.3168
2023-12-25T01:00,8.9,71,4.0,872.2,5.5,148,Pulchowk,27.6787,85.3168
2023-12-25T02:00,8.6,71,3.6,871.8,5.3,152,Pulchowk,27.6787,85.3168
2023-12-25T03:00,8.5,70,3.3,871.4,4.5,151,Pulchowk,27.6787,85.3168
2023-12-25T04:00,8.3,70,3.1,871.3,3.9,158,Pulchowk,27.6787,85.3168
2023-12-25T05:00,8.1,70,3.0,871.4,3.4,162,Pulchowk,27.6787,85.3168
2023-12-25T06:00,6.8,77,3.1,872.1,5.0,159,Pulchowk,27.6787,85.3168
2023-12-25T07:00,6.9,82,4.0,872.8,6.0,163,Pulchowk,27.6787,85.3168
2023-12-25T08:00,11.1,76,7.0,875.3,5.8,150,Pulchowk,27.6787,85.3168
2023-12-25T09:00,14.4,56,5.8,877.2,3.2,90,Pulchowk,27.6787,85.3168
2023-12-25T10:00,16.0,49,5.2,877.3,3.6,37,Pulchowk,27.6787,85.3168
2023-12-25T11:00,17.3,46,5.7,876.5,4.3,5,Pulchowk,27.6787,85.3168
2023-12-25T12:00,17.8,46,6.0,875.5,6.6,338,Pulchowk,27.6787,85.3168
2023-12-25T13:00,17.5,47,6.1,874.6,8.0,324,Pulchowk,27.6787,85.3168
2023-12-25T14:00,16.8,50,6.2,873.9,7.9,317,Pulchowk,27.6787,85.3168
2023-12-25T15:00,15.8,55,6.8,873.4,6.4,317,Pulchowk,27.6787,85.3168
2023-12-25T16:00,14.3,69,8.6,872.9,3.4,328,Pulchowk,27.6787,85.3168
2023-12-25T17:00,13.6,65,7.2,872.8,1.8,191,Pulchowk,27.6787,85.3168
2023-12-25T18:00,11.7,78,8.0,872.4,1.4,180,Pulchowk,27.6787,85.3168
2023-12-25T19:00,11.3,76,7.2,872.7,1.8,169,Pulchowk,27.6787,85.3168
2023-12-25T20:00,10.6,77,6.8,872.5,2.3,162,Pulchowk,27.6787,85.3168
2023-12-25T21:00,10.4,76,6.4,872.8,2.7,157,Pulchowk,27.6787,85.3168
2023-12-25T22:00,10.1,76,6.1,872.9,3.4,162,Pulchowk,27.6787,85.3168
2023-12-25T23:00,10.0,75,5.8,872.4,3.8,163,Pulchowk,27.6787,85.3168
2023-12-26T00:00,9.9,74,5.5,871.8,3.8,163,Pulchowk,27.6787,85.3168
2023-12-26T01:00,9.5,75,5.3,871.3,4.2,160,Pulchowk,27.6787,85.3168
2023-12-26T02:00,9.3,73,4.8,871.0,4.7,157,Pulchowk,27.6787,85.3168
2023-12-26T03:00,9.3,70,4.2,870.6,5.0,150,Pulchowk,27.6787,85.3168
2023-12-26T04:00,9.2,69,3.7,870.5,4.8,153,Pulchowk,27.6787,85.3168
2023-12-26T05:00,9.1,68,3.5,870.9,4.3,156,Pulchowk,27.6787,85.3168
2023-12-26T06:00,7.6,80,4.3,871.4,4.6,162,Pulchowk,27.6787,85.3168
2023-12-26T07:00,8.1,80,4.9,872.5,5.7,162,Pulchowk,27.6787,85.3168
2023-12-26T08:00,11.9,75,7.6,875.0,5.6,153,Pulchowk,27.6787,85.3168
2023-12-26T09:00,15.1,57,6.7,877.1,2.9,83,Pulchowk,27.6787,85.3168
2023-12-26T10:00,16.5,52,6.6,877.1,3.8,41,Pulchowk,27.6787,85.3168
2023-12-26T11:00,17.5,49,6.8,876.5,4.2,20,Pulchowk,27.6787,85.3168
2023-12-26T12:00,18.3,48,7.1,875.6,5.4,356,Pulchowk,27.6787,85.3168
2023-12-26T13:00,18.7,49,7.7,874.8,8.4,335,Pulchowk,27.6787,85.3168
2023-12-26T14:00,17.7,55,8.5,874.4,8.9,328,Pulchowk,27.6787,85.3168
2023-12-26T15:00,16.6,60,8.9,874.4,7.0,325,Pulchowk,27.6787,85.3168
2023-12-26T16:00,14.8,74,10.1,874.1,3.2,333,Pulchowk,27.6787,85.3168
2023-12-26T17:00,14.1,70,8.8,874.3,1.9,202,Pulchowk,27.6787,85.3168
2023-12-26T18:00,11.5,81,8.3,873.5,1.8,180,Pulchowk,27.6787,85.3168
2023-12-26T19:00,11.0,80,7.8,873.8,2.2,180,Pulchowk,27.6787,85.3168
2023-12-26T20:00,11.0,78,7.3,874.2,0.8,153,Pulchowk,27.6787,85.3168
2023-12-26T21:00,10.2,81,7.0,874.5,2.6,164,Pulchowk,27.6787,85.3168
2023-12-26T22:00,10.0,81,6.8,874.5,2.5,172,Pulchowk,27.6787,85.3168
2023-12-26T23:00,9.8,80,6.6,874.0,2.2,171,Pulchowk,27.6787,85.3168
2023-12-27T00:00,9.8,80,6.5,873.4,3.3,167,Pulchowk,27.6787,85.3168
2023-12-27T01:00,9.1,83,6.3,872.8,3.3,167,Pulchowk,27.6787,85.3168
2023-12-27T02:00,8.2,87,6.2,871.8,4.5,166,Pulchowk,27.6787,85.3168
2023-12-27T03:00,7.3,91,6.0,871.2,4.8,167,Pulchowk,27.6787,85.3168
2023-12-27T04:00,6.6,94,5.7,870.9,4.4,171,Pulchowk,27.6787,85.3168
2023-12-27T05:00,6.4,94,5.5,871.3,4.1,165,Pulchowk,27.6787,85.3168
2023-12-27T06:00,6.6,93,5.6,872.6,4.4,171,Pulchowk,27.6787,85.3168
2023-12-27T07:00,7.2,91,5.9,873.6,5.2,168,Pulchowk,27.6787,85.3168
2023-12-27T08:00,11.9,80,8.6,876.6,4.5,166,Pulchowk,27.6787,85.3168
2023-12-27T09:00,15.0,61,7.4,878.1,1.6,27,Pulchowk,27.6787,85.3168
2023-12-27T10:00,16.5,56,7.6,878.5,3.6,6,Pulchowk,27.6787,85.3168
2023-12-27T11:00,17.5,53,7.9,877.6,4.9,343,Pulchowk,27.6787,85.3168
2023-12-27T12:00,18.2,54,8.6,876.6,7.0,339,Pulchowk,27.6787,85.3168
2023-12-27T13:00,18.0,55,8.9,875.5,8.1,328,Pulchowk,27.6787,85.3168
2023-12-27T14:00,17.3,56,8.5,874.7,8.3,326,Pulchowk,27.6787,85.3168
2023-12-27T15:00,16.3,61,8.7,874.4,6.6,331,Pulchowk,27.6787,85.3168
2023-12-27T16:00,14.8,71,9.6,873.9,3.2,360,Pulchowk,27.6787,85.3168
2023-12-27T17:00,14.0,68,8.1,873.5,1.8,169,Pulchowk,27.6787,85.3168
2023-12-27T18:00,12.7,83,9.9,873.4,0.4,180,Pulchowk,27.6787,85.3168
2023-12-27T19:00,12.0,84,9.4,873.1,2.2,189,Pulchowk,27.6787,85.3168
2023-12-27T20:00,12.5,79,8.9,873.8,1.1,180,Pulchowk,27.6787,85.3168
2023-12-27T21:00,11.2,85,8.8,873.3,2.2,171,Pulchowk,27.6787,85.3168
2023-12-27T22:00,10.7,86,8.4,872.9,1.8,169,Pulchowk,27.6787,85.3168
2023-12-27T23:00,10.4,86,8.2,872.6,2.2,171,Pulchowk,27.6787,85.3168
2023-12-28T00:00,10.1,87,7.9,872.1,2.5,172,Pulchowk,27.6787,85.3168
2023-12-28T01:00,10.0,86,7.8,871.9,2.9,173,Pulchowk,27.6787,85.3168
2023-12-28T02:00,9.5,88,7.6,871.3,2.5,172,Pulchowk,27.6787,85.3168
2023-12-28T03:00,8.8,91,7.4,870.7,3.3,174,Pulchowk,27.6787,85.3168
2023-12-28T04:00,7.5,96,6.9,870.0,3.6,174,Pulchowk,27.6787,85.3168
2023-12-28T05:00,6.9,98,6.5,870.2,4.7,176,Pulchowk,27.6787,85.3168
2023-12-28T06:00,7.1,97,6.6,871.0,4.7,176,Pulchowk,27.6787,85.3168
2023-12-28T07:00,8.2,96,7.6,872.3,4.7,171,Pulchowk,27.6787,85.3168
2023-12-28T08:00,12.2,81,9.0,875.1,4.9,163,Pulchowk,27.6787,85.3168
2023-12-28T09:00,14.2,69,8.7,876.4,2.5,98,Pulchowk,27.6787,85.3168
2023-12-28T10:00,15.1,66,8.8,876.6,3.1,54,Pulchowk,27.6787,85.3168
2023-12-28T11:00,15.8,63,8.7,875.8,4.0,27,Pulchowk,27.6787,85.3168
2023-12-28T12:00,16.6,59,8.5,875.0,5.1,4,Pulchowk,27.6787,85.3168
2023-12-28T13:00,16.5,58,8.1,874.2,5.1,4,Pulchowk,27.6787,85.3168
2023-12-28T14:00,16.3,58,8.0,873.6,4.7,360,Pulchowk,27.6787,85.3168
2023-12-28T15:00,16.0,59,8.0,873.7,3.7,349,Pulchowk,27.6787,85.3168
2023-12-28T16:00,15.4,68,9.5,873.6,1.5,14,Pulchowk,27.6787,85.3168
2023-12-28T17:00,14.2,76,10.1,873.4,2.2,99,Pulchowk,27.6787,85.3168
2023-12-28T18:00,11.6,89,9.8,873.0,3.7,191,Pulchowk,27.6787,85.3168
2023-12-28T19:00,12.1,81,8.8,873.6,2.9,187,Pulchowk,27.6787,85.3168
2023-12-28T20:00,10.2,86,8.0,873.3,1.5,166,Pulchowk,27.6787,85.3168
2023-12-28T21:00,9.5,85,7.1,873.3,3.8,163,Pulchowk,27.6787,85.3168
2023-12-28T22:00,9.4,83,6.6,873.1,4.1,165,Pulchowk,27.6787,85.3168
2023-12-28T23:00,9.2,83,6.4,872.9,4.2,160,Pulchowk,27.6787,85.3168
2023-12-29T00:00,8.9,83,6.1,872.4,3.8,163,Pulchowk,27.6787,85.3168
2023-12-29T01:00,8.7,83,5.9,872.2,3.8,163,Pulchowk,27.6787,85.3168
2023-12-29T02:00,8.4,82,5.6,871.7,3.9,158,Pulchowk,27.6787,85.3168
2023-12-29T03:00,8.5,81,5.5,871.5,3.8,163,Pulchowk,27.6787,85.3168
2023-12-29T04:00,8.3,83,5.5,871.3,3.8,163,Pulchowk,27.6787,85.3168
2023-12-29T05:00,7.9,84,5.4,871.5,4.1,165,Pulchowk,27.6787,85.3168
2023-12-29T06:00,7.9,86,5.7,872.5,4.2,160,Pulchowk,27.6787,85.3168
2023-12-29T07:00,8.7,86,6.5,873.6,4.7,157,Pulchowk,27.6787,85.3168
2023-12-29T08:00,12.0,82,9.1,875.7,5.8,150,Pulchowk,27.6787,85.3168
2023-12-29T09:00,14.8,62,7.7,877.5,3.6,96,Pulchowk,27.6787,85.3168
2023-12-29T10:00,16.2,55,7.2,877.3,3.9,56,Pulchowk,27.6787,85.3168
2023-12-29T11:00,17.5,50,7.0,876.6,4.4,35,Pulchowk,27.6787,85.3168
2023-12-29T12:00,18.3,48,7.1,875.4,6.4,16,Pulchowk,27.6787,85.3168
2023-12-29T13:00,18.5,48,7.3,874.4,6.5,360,Pulchowk,27.6787,85.3168
2023-12-29T14:00,18.1,50,7.6,873.7,6.4,344,Pulchowk,27.6787,85.3168
2023-12-29T15:00,17.1,54,7.8,873.4,6.5,341,Pulchowk,27.6787,85.3168
2023-12-29T16:00,14.9,72,9.9,872.8,3.1,339,Pulchowk,27.6787,85.3168
2023-12-29T17:00,14.2,64,7.6,872.9,1.8,180,Pulchowk,27.6787,85.3168
2023-12-29T18:00,12.0,74,7.6,872.5,1.8,169,Pulchowk,27.6787,85.3168
2023-12-29T19:00,11.4,76,7.3,872.7,1.5,166,Pulchowk,27.6787,85.3168
2023-12-29T20:00,11.0,76,6.9,873.0,1.5,166,Pulchowk,27.6787,85.3168
2023-12-29T21:00,10.7,76,6.7,873.3,2.5,172,Pulchowk,27.6787,85.3168
2023-12-29T22:00,10.3,78,6.6,872.9,2.5,172,Pulchowk,27.6787,85.3168
2023-12-29T23:00,10.0,79,6.5,872.5,2.2,180,Pulchowk,27.6787,85.3168
2023-12-30T00:00,9.6,80,6.3,872.1,2.5,172,Pulchowk,27.6787,85.3168
2023-12-30T01:00,9.5,80,6.1,871.3,3.3,167,Pulchowk,27.6787,85.3168
2023-12-30T02:00,9.4,79,5.9,870.8,3.4,162,Pulchowk,27.6787,85.3168
2023-12-30T03:00,9.4,78,5.7,870.4,3.4,162,Pulchowk,27.6787,85.3168
2023-12-30T04:00,9.3,77,5.6,870.3,3.4,162,Pulchowk,27.6787,85.3168
2023-12-30T05:00,9.1,78,5.4,870.3,3.8,163,Pulchowk,27.6787,85.3168
2023-12-30T06:00,7.7,86,5.5,870.7,4.0,170,Pulchowk,27.6787,85.3168
2023-12-30T07:00,8.0,86,5.8,871.3,5.5,169,Pulchowk,27.6787,85.3168
2023-12-30T08:00,11.8,79,8.3,873.4,5.9,166,Pulchowk,27.6787,85.3168
2023-12-30T09:00,15.6,60,7.8,875.4,1.5,104,Pulchowk,27.6787,85.3168
2023-12-30T10:00,17.2,54,7.7,875.7,2.2,351,Pulchowk,27.6787,85.3168
2023-12-30T11:00,18.0,53,8.2,875.1,4.5,331,Pulchowk,27.6787,85.3168
2023-12-30T12:00,18.3,51,8.1,874.2,5.1,321,Pulchowk,27.6787,85.3168
2023-12-30T13:00,18.3,52,8.1,873.4,5.9,322,Pulchowk,27.6787,85.3168
2023-12-30T14:00,17.8,56,8.8,872.7,6.6,331,Pulchowk,27.6787,85.3168
2023-12-30T15:00,17.0,60,9.1,872.4,5.5,337,Pulchowk,27.6787,85.3168
2023-12-30T16:00,15.2,77,11.2,872.2,3.0,346,Pulchowk,27.6787,85.3168
2023-12-30T17:00,14.7,68,8.9,872.3,3.4,18,Pulchowk,27.6787,85.3168
2023-12-30T18:00,12.5,77,8.7,872.1,3.0,166,Pulchowk,27.6787,85.3168
2023-12-30T19:00,11.5,82,8.5,871.8,3.6,174,Pulchowk,27.6787,85.3168
2023-12-30T20:00,10.8,85,8.3,871.7,3.6,174,Pulchowk,27.6787,85.3168
2023-12-30T21:00,10.1,87,8.1,871.5,5.1,172,Pulchowk,27.6787,85.3168
2023-12-30T22:00,9.6,89,7.8,871.0,4.7,171,Pulchowk,27.6787,85.3168
2023-12-30T23:00,9.7,87,7.6,870.6,4.7,171,Pulchowk,27.6787,85.3168
2023-12-31T00:00,9.8,85,7.4,870.5,4.5,166,Pulchowk,27.6787,85.3168
2023-12-31T01:00,9.7,84,7.1,870.2,4.8,167,Pulchowk,27.6787,85.3168
2023-12-31T02:00,9.4,84,6.8,869.8,4.8,167,Pulchowk,27.6787,85.3168
2023-12-31T03:00,9.0,84,6.5,869.5,4.4,171,Pulchowk,27.6787,85.3168
2023-12-31T04:00,8.6,85,6.3,869.5,3.7,169,Pulchowk,27.6787,85.3168
2023-12-31T05:00,8.2,86,6.0,869.8,3.3,167,Pulchowk,27.6787,85.3168
2023-12-31T06:00,7.2,92,6.0,870.9,4.5,166,Pulchowk,27.6787,85.3168
2023-12-31T07:00,8.0,88,6.1,872.0,5.2,168,Pulchowk,27.6787,85.3168
2023-12-31T08:00,11.8,79,8.2,874.0,5.4,160,Pulchowk,27.6787,85.3168
2023-12-31T09:00,14.7,64,8.1,875.6,2.5,82,Pulchowk,27.6787,85.3168
2023-12-31T10:00,16.2,60,8.5,875.4,2.7,23,Pulchowk,27.6787,85.3168
2023-12-31T11:00,17.3,56,8.5,874.6,4.0,355,Pulchowk,27.6787,85.3168
2023-12-31T12:00,18.0,53,8.4,873.6,5.2,335,Pulchowk,27.6787,85.3168
2023-12-31T13:00,18.1,52,8.2,872.8,5.4,323,Pulchowk,27.6787,85.3168
2023-12-31T14:00,17.7,55,8.6,872.1,5.9,322,Pulchowk,27.6787,85.3168
2023-12-31T15:00,16.8,58,8.6,871.5,4.9,324,Pulchowk,27.6787,85.3168
2023-12-31T16:00,15.1,79,11.4,871.1,3.7,331,Pulchowk,27.6787,85.3168
2023-12-31T17:00,14.5,66,8.2,871.4,1.8,180,Pulchowk,27.6787,85.3168
2023-12-31T18:00,11.5,84,8.8,871.2,1.1,180,Pulchowk,27.6787,85.3168
2023-12-31T19:00,11.2,82,8.2,871.3,2.2,180,Pulchowk,27.6787,85.3168
2023-12-31T20:00,10.7,83,8.0,871.4,2.2,180,Pulchowk,27.6787,85.3168
2023-12-31T21:00,10.3,84,7.7,871.8,1.8,180,Pulchowk,27.6787,85.3168
2023-12-31T22:00,10.0,84,7.5,871.4,2.9,173,Pulchowk,27.6787,85.3168
2023-12-31T23:00,9.6,86,7.3,870.8,4.0,175,Pulchowk,27.6787,85.3168
