timestamp,temperature,humidity,dew_point,pressure,wind_speed,wind_direction,station,latitude,longitude
2025-01-01T00:00,8.9,81,5.8,867.5,1.3,164,Shankapark,27.7355,85.3434
2025-01-01T01:00,9.0,78,5.4,866.7,1.5,159,Shankapark,27.7355,85.3434
2025-01-01T02:00,8.6,75,4.4,866.0,2.8,145,Shankapark,27.7355,85.3434
2025-01-01T03:00,8.5,72,3.8,865.4,2.8,145,Shankapark,27.7355,85.3434
2025-01-01T04:00,8.2,73,3.6,865.1,3.8,149,Shankapark,27.7355,85.3434
2025-01-01T05:00,7.9,76,3.9,865.0,3.9,146,Shankapark,27.7355,85.3434
2025-01-01T06:00,5.4,94,4.5,865.1,7.1,144,Shankapark,27.7355,85.3434
2025-01-01T07:00,6.1,93,5.1,866.3,6.8,148,Shankapark,27.7355,85.3434
2025-01-01T08:00,10.1,80,6.8,869.1,5.8,124,Shankapark,27.7355,85.3434
2025-01-01T09:00,13.3,61,5.9,870.8,5.8,86,Shankapark,27.7355,85.3434
2025-01-01T10:00,15.4,55,6.4,870.9,5.9,67,Shankapark,27.7355,85.3434
2025-01-01T11:00,16.9,53,7.3,870.3,4.2,54,Shankapark,27.7355,85.3434
2025-01-01T12:00,17.9,52,7.9,869.4,3.5,28,Shankapark,27.7355,85.3434
2025-01-01T13:00,18.3,52,8.2,868.4,3.3,9,Shankapark,27.7355,85.3434
2025-01-01T14:00,18.5,51,8.3,867.9,3.5,345,Shankapark,27.7355,85.3434
2025-01-01T15:00,17.5,54,8.2,867.7,5.9,320,Shankapark,27.7355,85.3434
2025-01-01T16:00,15.2,67,9.1,867.1,4.5,317,Shankapark,27.7355,85.3434
2025-01-01T17:00,12.6,75,8.3,866.6,2.8,305,Shankapark,27.7355,85.3434
2025-01-01T18:00,11.6,76,7.5,867.1,2.7,312,Shankapark,27.7355,85.3434
2025-01-01T19:00,11.0,75,6.8,867.4,1.1,288,Shankapark,27.7355,85.3434
2025-01-01T20:00,10.3,77,6.4,867.7,0.8,153,Shankapark,27.7355,85.3434
2025-01-01T21:00,9.6,81,6.4,867.4,1.1,162,Shankapark,27.7355,85.3434
2025-01-01T22:00,9.3,82,6.3,867.3,2.4,153,Shankapark,27.7355,85.3434
2025-01-01T23:00,9.3,81,6.2,866.9,3.0,155,Shankapark,27.7355,85.3434
2025-01-02T00:00,9.2,81,6.1,866.2,3.9,156,Shankapark,27.7355,85.3434
2025-01-02T01:00,8.6,84,6.0,865.5,4.6,154,Shankapark,27.7355,85.3434
2025-01-02T02:00,7.7,88,5.8,864.6,5.3,152,Shankapark,27.7355,85.3434
2025-01-02T03:00,7.1,90,5.5,863.7,5.6,153,Shankapark,27.7355,85.3434
2025-01-02T04:00,6.8,90,5.3,863.8,5.2,151,Shankapark,27.7355,85.3434
2025-01-02T05:00,6.7,89,5.1,864.1,5.7,145,Shankapark,27.7355,85.3434
2025-01-02T06:00,4.9,97,4.4,864.5,8.0,140,Shankapark,27.7355,85.3434
2025-01-02T07:00,6.0,93,4.9,865.8,8.0,142,Shankapark,27.7355,85.3434
2025-01-02T08:00,10.3,80,6.9,869.0,5.9,117,Shankapark,27.7355,85.3434
2025-01-02T09:00,13.5,63,6.6,870.9,6.7,92,Shankapark,27.7355,85.3434
2025-01-02T10:00,15.3,57,6.9,871.2,7.3,83,Shankapark,27.7355,85.3434
2025-01-02T11:00,16.9,53,7.4,871.2,6.4,61,Shankapark,27.7355,85.3434
2025-01-02T12:00,17.9,50,7.5,870.3,6.1,50,Shankapark,27.7355,85.3434
2025-01-02T13:00,18.6,49,7.7,869.8,5.1,54,Shankapark,27.7355,85.3434
2025-01-02T14:00,18.6,49,7.7,869.2,5.2,59,Shankapark,27.7355,85.3434
2025-01-02T15:00,18.0,51,7.8,868.5,4.3,45,Shankapark,27.7355,85.3434
2025-01-02T16:00,16.0,67,9.8,868.0,2.5,352,Shankapark,27.7355,85.3434
2025-01-02T17:00,13.6,70,8.2,867.6,1.7,283,Shankapark,27.7355,85.3434
2025-01-02T18:00,12.3,74,7.7,868.2,2.7,278,Shankapark,27.7355,85.3434
2025-01-02T19:00,11.9,74,7.5,868.5,1.3,254,Shankapark,27.7355,85.3434
2025-01-02T20:00,11.4,77,7.4,869.0,0.8,225,Shankapark,27.7355,85.3434
2025-01-02T21:00,10.6,80,7.3,869.4,1.0,158,Shankapark,27.7355,85.3434
2025-01-02T22:00,10.1,82,7.2,869.1,2.3,151,Shankapark,27.7355,85.3434
2025-01-02T23:00,9.5,84,7.0,868.4,2.7,148,Shankapark,27.7355,85.3434
2025-01-03T00:00,9.4,85,7.0,867.5,3.5,145,Shankapark,27.7355,85.3434
2025-01-03T01:00,8.7,88,6.8,867.0,3.9,143,Shankapark,27.7355,85.3434
2025-01-03T02:00,8.1,90,6.5,866.5,4.4,148,Shankapark,27.7355,85.3434
2025-01-03T03:00,7.3,92,6.2,865.7,5.7,148,Shankapark,27.7355,85.3434
2025-01-03T04:00,6.8,94,5.9,865.4,6.2,154,Shankapark,27.7355,85.3434
2025-01-03T05:00,6.4,94,5.5,865.4,5.4,159,Shankapark,27.7355,85.3434
2025-01-03T06:00,6.3,93,5.2,866.8,4.5,151,Shankapark,27.7355,85.3434
2025-01-03T07:00,7.3,89,5.6,868.0,6.2,142,Shankapark,27.7355,85.3434
2025-01-03T08:00,11.2,76,7.1,871.0,5.4,124,Shankapark,27.7355,85.3434
2025-01-03T09:00,14.1,60,6.5,872.5,4.3,112,Shankapark,27.7355,85.3434
2025-01-03T10:00,16.3,54,7.1,872.7,3.1,83,Shankapark,27.7355,85.3434
2025-01-03T11:00,18.1,51,7.8,872.2,2.2,42,Shankapark,27.7355,85.3434
2025-01-03T12:00,19.2,49,8.1,871.3,3.0,346,Shankapark,27.7355,85.3434
2025-01-03T13:00,19.8,48,8.4,870.4,4.4,328,Shankapark,27.7355,85.3434
2025-01-03T14:00,19.6,48,8.2,869.8,5.8,321,Shankapark,27.7355,85.3434
2025-01-03T15:00,18.5,48,7.4,869.4,6.5,321,Shankapark,27.7355,85.3434
2025-01-03T16:00,16.2,62,9.0,868.9,3.6,319,Shankapark,27.7355,85.3434
2025-01-03T17:00,14.1,64,7.3,868.4,0.9,233,Shankapark,27.7355,85.3434
2025-01-03T18:00,12.4,72,7.6,868.3,0.5,180,Shankapark,27.7355,85.3434
2025-01-03T19:00,11.7,76,7.6,868.4,1.8,186,Shankapark,27.7355,85.3434
2025-01-03T20:00,11.8,73,7.1,869.0,0.9,180,Shankapark,27.7355,85.3434
2025-01-03T21:00,11.0,76,6.9,868.9,2.3,148,Shankapark,27.7355,85.3434
2025-01-03T22:00,10.5,79,6.9,868.5,3.6,143,Shankapark,27.7355,85.3434
2025-01-03T23:00,9.6,82,6.7,867.6,4.4,150,Shankapark,27.7355,85.3434
2025-01-04T00:00,8.5,88,6.5,866.7,5.1,157,Shankapark,27.7355,85.3434
2025-01-04T01:00,7.6,91,6.3,866.0,5.6,158,Shankapark,27.7355,85.3434
2025-01-04T02:00,6.8,95,6.0,865.1,5.6,155,Shankapark,27.7355,85.3434
2025-01-04T03:00,6.3,96,5.7,864.5,3.8,149,Shankapark,27.7355,85.3434
2025-01-04T04:00,5.9,97,5.5,864.6,2.9,158,Shankapark,27.7355,85.3434
2025-01-04T05:00,5.7,98,5.4,864.4,5.6,159,Shankapark,27.7355,85.3434
2025-01-04T06:00,5.4,98,5.1,865.7,4.8,160,Shankapark,27.7355,85.3434
2025-01-04T07:00,6.5,95,5.8,866.9,6.2,165,Shankapark,27.7355,85.3434
2025-01-04T08:00,11.0,80,7.8,869.8,6.1,146,Shankapark,27.7355,85.3434
2025-01-04T09:00,15.0,66,8.6,872.0,3.7,119,Shankapark,27.7355,85.3434
2025-01-04T10:00,17.2,57,8.5,872.3,2.7,148,Shankapark,27.7355,85.3434
2025-01-04T11:00,18.4,54,8.9,871.8,2.3,270,Shankapark,27.7355,85.3434
2025-01-04T12:00,19.1,53,9.2,870.9,3.8,295,Shankapark,27.7355,85.3434
2025-01-04T13:00,19.4,52,9.2,869.9,4.3,315,Shankapark,27.7355,85.3434
2025-01-04T14:00,19.4,51,9.0,869.3,4.6,312,Shankapark,27.7355,85.3434
2025-01-04T15:00,18.4,53,8.7,868.8,5.5,311,Shankapark,27.7355,85.3434
2025-01-04T16:00,16.1,66,9.8,868.2,3.7,313,Shankapark,27.7355,85.3434
2025-01-04T17:00,14.1,66,7.8,867.8,0.9,259,Shankapark,27.7355,85.3434
2025-01-04T18:00,12.3,71,7.2,868.1,0.6,146,Shankapark,27.7355,85.3434
2025-01-04T19:00,11.3,75,7.1,868.3,1.5,187,Shankapark,27.7355,85.3434
2025-01-04T20:00,11.2,74,6.6,869.1,1.5,216,Shankapark,27.7355,85.3434
2025-01-04T21:00,10.6,75,6.3,869.0,0.7,194,Shankapark,27.7355,85.3434
2025-01-04T22:00,10.1,79,6.6,868.6,2.0,170,Shankapark,27.7355,85.3434
2025-01-04T23:00,9.4,83,6.7,867.9,4.4,153,Shankapark,27.7355,85.3434
2025-01-05T00:00,8.4,87,6.4,867.0,5.8,150,Shankapark,27.7355,85.3434
2025-01-05T01:00,7.8,88,6.0,866.4,5.9,157,Shankapark,27.7355,85.3434
2025-01-05T02:00,7.2,90,5.6,865.6,5.6,158,Shankapark,27.7355,85.3434
2025-01-05T03:00,6.9,91,5.5,865.2,5.6,159,Shankapark,27.7355,85.3434
2025-01-05T04:00,6.5,92,5.4,864.9,4.6,162,Shankapark,27.7355,85.3434
2025-01-05T05:00,6.3,93,5.2,865.1,3.9,158,Shankapark,27.7355,85.3434
2025-01-05T06:00,6.2,94,5.3,866.6,4.0,162,Shankapark,27.7355,85.3434
2025-01-05T07:00,7.0,91,5.7,867.9,5.1,162,Shankapark,27.7355,85.3434
2025-01-05T08:00,11.1,80,7.7,870.8,5.0,150,Shankapark,27.7355,85.3434
2025-01-05T09:00,14.1,67,8.1,872.7,3.8,101,Shankapark,27.7355,85.3434
2025-01-05T10:00,15.8,61,8.2,873.0,2.6,65,Shankapark,27.7355,85.3434
2025-01-05T11:00,17.0,56,8.3,872.4,2.9,47,Shankapark,27.7355,85.3434
2025-01-05T12:00,17.8,54,8.5,871.8,3.0,25,Shankapark,27.7355,85.3434
2025-01-05T13:00,17.7,55,8.5,871.2,3.1,360,Shankapark,27.7355,85.3434
2025-01-05T14:00,17.3,57,8.7,870.6,4.0,3,Shankapark,27.7355,85.3434
2025-01-05T15:00,16.6,61,9.1,870.1,4.0,350,Shankapark,27.7355,85.3434
2025-01-05T16:00,15.0,74,10.5,869.4,2.8,325,Shankapark,27.7355,85.3434
2025-01-05T17:00,13.6,76,9.4,869.1,0.6,214,Shankapark,27.7355,85.3434
2025-01-05T18:00,12.2,83,9.3,869.2,1.3,196,Shankapark,27.7355,85.3434
2025-01-05T19:00,11.5,88,9.5,869.1,2.2,185,Shankapark,27.7355,85.3434
2025-01-05T20:00,10.7,92,9.4,869.1,3.8,183,Shankapark,27.7355,85.3434
2025-01-05T21:00,10.1,94,9.2,868.9,3.3,174,Shankapark,27.7355,85.3434
2025-01-05T22:00,9.6,96,8.9,868.7,3.6,177,Shankapark,27.7355,85.3434
2025-01-05T23:00,9.5,95,8.8,868.3,1.1,162,Shankapark,27.7355,85.3434
2025-01-06T00:00,9.1,96,8.5,867.9,3.1,149,Shankapark,27.7355,85.3434
2025-01-06T01:00,8.8,97,8.3,867.4,4.3,152,Shankapark,27.7355,85.3434
2025-01-06T02:00,8.5,97,8.0,867.0,3.9,152,Shankapark,27.7355,85.3434
2025-01-06T03:00,8.2,96,7.6,866.4,3.3,158,Shankapark,27.7355,85.3434
2025-01-06T04:00,7.8,96,7.2,865.9,3.1,159,Shankapark,27.7355,85.3434
2025-01-06T05:00,7.6,96,7.1,865.8,4.5,164,Shankapark,27.7355,85.3434
2025-01-06T06:00,7.9,95,7.1,866.8,1.3,172,Shankapark,27.7355,85.3434
2025-01-06T07:00,8.3,96,7.7,867.9,3.0,155,Shankapark,27.7355,85.3434
2025-01-06T08:00,12.3,84,9.6,870.6,3.8,139,Shankapark,27.7355,85.3434
2025-01-06T09:00,14.9,66,8.5,872.1,2.4,347,Shankapark,27.7355,85.3434
2025-01-06T10:00,16.1,58,7.8,872.0,5.2,319,Shankapark,27.7355,85.3434
2025-01-06T11:00,17.4,53,7.9,871.1,6.0,297,Shankapark,27.7355,85.3434
2025-01-06T12:00,18.2,53,8.5,870.2,7.3,300,Shankapark,27.7355,85.3434
2025-01-06T13:00,18.3,55,9.1,869.3,8.6,307,Shankapark,27.7355,85.3434
2025-01-06T14:00,17.8,56,8.8,868.5,10.1,320,Shankapark,27.7355,85.3434
2025-01-06T15:00,16.7,58,8.4,868.0,8.1,329,Shankapark,27.7355,85.3434
2025-01-06T16:00,14.9,71,9.7,867.0,3.6,333,Shankapark,27.7355,85.3434
2025-01-06T17:00,12.8,77,8.8,866.1,1.4,203,Shankapark,27.7355,85.3434
2025-01-06T18:00,11.6,84,9.0,866.0,1.8,191,Shankapark,27.7355,85.3434
2025-01-06T19:00,11.3,85,8.8,866.5,3.7,215,Shankapark,27.7355,85.3434
2025-01-06T20:00,10.7,87,8.7,866.7,2.3,209,Shankapark,27.7355,85.3434
2025-01-06T21:00,10.0,92,8.7,866.7,1.5,194,Shankapark,27.7355,85.3434
2025-01-06T22:00,9.4,95,8.7,866.5,1.7,198,Shankapark,27.7355,85.3434
2025-01-06T23:00,8.8,99,8.6,866.0,2.5,188,Shankapark,27.7355,85.3434
2025-01-07T00:00,8.4,100,8.4,865.4,1.4,180,Shankapark,27.7355,85.3434
2025-01-07T01:00,8.2,100,8.1,864.8,3.0,163,Shankapark,27.7355,85.3434
2025-01-07T02:00,7.8,100,7.8,864.5,5.4,159,Shankapark,27.7355,85.3434
2025-01-07T03:00,7.7,100,7.6,864.4,7.6,155,Shankapark,27.7355,85.3434
2025-01-07T04:00,7.8,96,7.2,864.3,6.1,152,Shankapark,27.7355,85.3434
2025-01-07T05:00,7.6,95,6.9,864.6,6.1,157,Shankapark,27.7355,85.3434
2025-01-07T06:00,6.6,100,6.6,865.0,1.8,156,Shankapark,27.7355,85.3434
2025-01-07T07:00,8.3,96,7.7,866.5,1.5,159,Shankapark,27.7355,85.3434
2025-01-07T08:00,11.2,94,10.2,868.2,1.8,135,Shankapark,27.7355,85.3434
2025-01-07T09:00,12.9,79,9.3,868.9,0.0,270,Shankapark,27.7355,85.3434
2025-01-07T10:00,14.7,64,8.0,868.8,5.2,304,Shankapark,27.7355,85.3434
2025-01-07T11:00,15.2,55,6.2,867.8,9.0,305,Shankapark,27.7355,85.3434
2025-01-07T12:00,14.7,56,6.0,866.7,7.8,304,Shankapark,27.7355,85.3434
2025-01-07T13:00,14.1,68,8.4,865.6,4.9,303,Shankapark,27.7355,85.3434
2025-01-07T14:00,12.1,75,7.8,864.9,10.4,270,Shankapark,27.7355,85.3434
2025-01-07T15:00,12.0,76,7.9,864.3,1.3,135,Shankapark,27.7355,85.3434
2025-01-07T16:00,11.5,78,7.8,864.2,6.5,314,Shankapark,27.7355,85.3434
2025-01-07T17:00,9.8,89,8.1,863.9,3.1,306,Shankapark,27.7355,85.3434
2025-01-07T18:00,8.6,97,8.1,864.0,1.2,297,Shankapark,27.7355,85.3434
2025-01-07T19:00,8.2,97,7.7,864.3,0.4,270,Shankapark,27.7355,85.3434
2025-01-07T20:00,7.7,99,7.5,864.4,0.2,180,Shankapark,27.7355,85.3434
2025-01-07T21:00,7.2,100,7.2,864.2,1.6,180,Shankapark,27.7355,85.3434
2025-01-07T22:00,6.6,100,6.6,863.9,2.1,160,Shankapark,27.7355,85.3434
2025-01-07T23:00,6.2,100,6.2,863.1,3.1,144,Shankapark,27.7355,85.3434
2025-01-08T00:00,5.7,100,5.7,862.4,4.5,151,Shankapark,27.7355,85.3434
2025-01-08T01:00,5.2,100,5.2,861.4,5.8,150,Shankapark,27.7355,85.3434
2025-01-08T02:00,4.6,100,4.6,860.0,7.1,150,Shankapark,27.7355,85.3434
2025-01-08T03:00,4.5,100,4.5,859.4,7.1,146,Shankapark,27.7355,85.3434
2025-01-08T04:00,4.2,98,3.9,859.0,7.1,146,Shankapark,27.7355,85.3434
2025-01-08T05:00,4.2,94,3.4,859.6,7.2,143,Shankapark,27.7355,85.3434
2025-01-08T06:00,3.1,100,3.1,860.9,7.6,133,Shankapark,27.7355,85.3434
2025-01-08T07:00,4.1,98,3.8,862.3,8.7,137,Shankapark,27.7355,85.3434
2025-01-08T08:00,8.6,79,5.2,865.2,5.6,138,Shankapark,27.7355,85.3434
2025-01-08T09:00,11.7,65,5.3,867.4,0.5,45,Shankapark,27.7355,85.3434
2025-01-08T10:00,13.3,59,5.5,867.7,3.6,330,Shankapark,27.7355,85.3434
2025-01-08T11:00,14.4,58,6.3,867.5,5.0,334,Shankapark,27.7355,85.3434
2025-01-08T12:00,15.4,57,7.0,866.9,5.4,354,Shankapark,27.7355,85.3434
2025-01-08T13:00,16.0,56,7.2,866.3,6.0,357,Shankapark,27.7355,85.3434
2025-01-08T14:00,16.0,57,7.6,865.6,6.1,341,Shankapark,27.7355,85.3434
2025-01-08T15:00,14.9,62,7.8,865.3,7.3,332,Shankapark,27.7355,85.3434
2025-01-08T16:00,12.9,73,8.2,864.7,5.5,337,Shankapark,27.7355,85.3434
2025-01-08T17:00,10.6,83,7.7,864.3,3.1,332,Shankapark,27.7355,85.3434
2025-01-08T18:00,9.8,84,7.3,865.1,1.1,279,Shankapark,27.7355,85.3434
2025-01-08T19:00,9.0,87,7.0,865.8,2.7,266,Shankapark,27.7355,85.3434
2025-01-08T20:00,8.4,90,6.8,866.3,0.9,233,Shankapark,27.7355,85.3434
2025-01-08T21:00,7.6,94,6.7,866.1,2.0,170,Shankapark,27.7355,85.3434
2025-01-08T22:00,6.7,98,6.4,865.5,3.9,164,Shankapark,27.7355,85.3434
2025-01-08T23:00,6.0,98,5.8,864.9,4.4,161,Shankapark,27.7355,85.3434
2025-01-09T00:00,4.7,100,4.7,863.7,5.6,155,Shankapark,27.7355,85.3434
2025-01-09T01:00,4.0,100,4.0,863.1,5.8,150,Shankapark,27.7355,85.3434
2025-01-09T02:00,3.9,100,3.9,863.0,5.6,151,Shankapark,27.7355,85.3434
2025-01-09T03:00,4.3,99,4.2,863.2,4.3,156,Shankapark,27.7355,85.3434
2025-01-09T04:00,4.5,97,4.0,863.6,2.5,159,Shankapark,27.7355,85.3434
2025-01-09T05:00,4.4,96,3.9,864.3,1.7,167,Shankapark,27.7355,85.3434
2025-01-09T06:00,3.0,100,3.0,864.9,2.5,159,Shankapark,27.7355,85.3434
2025-01-09T07:00,3.4,99,3.3,866.4,1.5,159,Shankapark,27.7355,85.3434
2025-01-09T08:00,7.7,93,6.7,869.6,2.2,138,Shankapark,27.7355,85.3434
2025-01-09T09:00,10.3,79,6.8,870.3,2.6,102,Shankapark,27.7355,85.3434
2025-01-09T10:00,13.2,67,7.1,870.7,2.3,61,Shankapark,27.7355,85.3434
2025-01-09T11:00,15.1,59,7.2,870.0,2.9,338,Shankapark,27.7355,85.3434
2025-01-09T12:00,15.9,57,7.3,869.3,4.9,321,Shankapark,27.7355,85.3434
2025-01-09T13:00,15.9,59,7.8,868.4,6.5,316,Shankapark,27.7355,85.3434
2025-01-09T14:00,15.3,64,8.5,867.9,8.5,316,Shankapark,27.7355,85.3434
2025-01-09T15:00,14.1,68,8.3,867.6,7.9,319,Shankapark,27.7355,85.3434
2025-01-09T16:00,12.4,74,8.0,867.6,5.3,325,Shankapark,27.7355,85.3434
2025-01-09T17:00,10.4,84,7.8,867.3,3.0,346,Shankapark,27.7355,85.3434
2025-01-09T18:00,10.1,80,6.8,867.8,0.9,53,Shankapark,27.7355,85.3434
2025-01-09T19:00,9.6,82,6.6,868.5,1.0,225,Shankapark,27.7355,85.3434
2025-01-09T20:00,8.9,85,6.5,868.8,0.5,180,Shankapark,27.7355,85.3434
2025-01-09T21:00,7.7,91,6.4,868.8,1.3,172,Shankapark,27.7355,85.3434
2025-01-09T22:00,6.7,98,6.4,868.4,2.6,164,Shankapark,27.7355,85.3434
2025-01-09T23:00,5.4,100,5.4,867.8,3.1,159,Shankapark,27.7355,85.3434
2025-01-10T00:00,4.4,100,4.4,867.0,4.8,155,Shankapark,27.7355,85.3434
2025-01-10T01:00,3.7,100,3.7,866.5,5.5,157,Shankapark,27.7355,85.3434
2025-01-10T02:00,3.5,100,3.5,866.2,6.1,156,Shankapark,27.7355,85.3434
2025-01-10T03:00,3.3,100,3.2,865.8,5.7,156,Shankapark,27.7355,85.3434
2025-01-10T04:00,3.3,100,3.3,866.0,5.5,153,Shankapark,27.7355,85.3434
2025-01-10T05:00,3.1,100,3.1,866.2,5.1,157,Shankapark,27.7355,85.3434
2025-01-10T06:00,4.3,100,4.3,867.7,6.5,152,Shankapark,27.7355,85.3434
2025-01-10T07:00,5.3,99,5.2,869.4,6.5,148,Shankapark,27.7355,85.3434
2025-01-10T08:00,8.5,89,6.8,871.7,5.4,132,Shankapark,27.7355,85.3434
2025-01-10T09:00,11.3,75,7.1,873.5,3.4,96,Shankapark,27.7355,85.3434
2025-01-10T10:00,13.4,63,6.6,873.5,2.7,70,Shankapark,27.7355,85.3434
2025-01-10T11:00,15.1,58,6.9,873.0,2.0,10,Shankapark,27.7355,85.3434
2025-01-10T12:00,16.1,56,7.2,872.4,4.6,342,Shankapark,27.7355,85.3434
2025-01-10T13:00,16.5,55,7.5,871.6,5.9,322,Shankapark,27.7355,85.3434
2025-01-10T14:00,16.4,56,7.6,871.1,6.9,319,Shankapark,27.7355,85.3434
2025-01-10T15:00,15.5,60,7.8,870.7,7.3,322,Shankapark,27.7355,85.3434
2025-01-10T16:00,13.7,70,8.3,870.1,4.2,317,Shankapark,27.7355,85.3434
2025-01-10T17:00,11.5,78,7.8,869.5,2.2,270,Shankapark,27.7355,85.3434
2025-01-10T18:00,10.4,80,7.1,869.5,1.5,201,Shankapark,27.7355,85.3434
2025-01-10T19:00,9.8,80,6.6,869.9,2.8,215,Shankapark,27.7355,85.3434
2025-01-10T20:00,9.4,80,6.2,870.3,2.0,207,Shankapark,27.7355,85.3434
2025-01-10T21:00,8.6,85,6.2,870.4,1.3,188,Shankapark,27.7355,85.3434
2025-01-10T22:00,7.6,90,6.1,869.9,1.8,180,Shankapark,27.7355,85.3434
2025-01-10T23:00,6.2,97,5.7,869.0,2.2,175,Shankapark,27.7355,85.3434
2025-01-11T00:00,5.3,99,5.1,868.0,4.4,159,Shankapark,27.7355,85.3434
2025-01-11T01:00,4.7,100,4.7,867.5,5.5,163,Shankapark,27.7355,85.3434
2025-01-11T02:00,4.1,100,4.1,867.2,4.8,167,Shankapark,27.7355,85.3434
2025-01-11T03:00,3.7,100,3.7,867.1,3.8,163,Shankapark,27.7355,85.3434
2025-01-11T04:00,3.9,100,3.9,867.2,4.0,159,Shankapark,27.7355,85.3434
2025-01-11T05:00,4.0,99,3.9,867.7,3.8,161,Shankapark,27.7355,85.3434
2025-01-11T06:00,4.1,100,4.1,868.8,4.4,153,Shankapark,27.7355,85.3434
2025-01-11T07:00,5.5,99,5.3,870.2,5.6,151,Shankapark,27.7355,85.3434
2025-01-11T08:00,10.2,86,7.9,873.3,5.8,144,Shankapark,27.7355,85.3434
2025-01-11T09:00,13.1,70,7.8,874.9,3.1,100,Shankapark,27.7355,85.3434
2025-01-11T10:00,15.0,61,7.5,875.0,1.9,49,Shankapark,27.7355,85.3434
2025-01-11T11:00,16.4,56,7.5,874.2,2.7,8,Shankapark,27.7355,85.3434
2025-01-11T12:00,17.4,53,7.8,873.2,3.7,346,Shankapark,27.7355,85.3434
2025-01-11T13:00,18.2,52,8.1,872.2,4.4,330,Shankapark,27.7355,85.3434
2025-01-11T14:00,18.1,52,8.0,871.6,5.7,316,Shankapark,27.7355,85.3434
2025-01-11T15:00,17.3,54,8.0,871.0,6.4,313,Shankapark,27.7355,85.3434
2025-01-11T16:00,15.3,68,9.4,870.3,4.1,315,Shankapark,27.7355,85.3434
2025-01-11T17:00,12.8,75,8.5,869.8,1.8,270,Shankapark,27.7355,85.3434
2025-01-11T18:00,11.4,79,8.0,869.5,2.6,196,Shankapark,27.7355,85.3434
2025-01-11T19:00,10.3,85,7.9,869.7,3.0,197,Shankapark,27.7355,85.3434
2025-01-11T20:00,9.6,86,7.4,870.1,2.6,192,Shankapark,27.7355,85.3434
2025-01-11T21:00,8.4,92,7.2,870.1,2.0,185,Shankapark,27.7355,85.3434
2025-01-11T22:00,7.6,95,6.8,870.1,1.1,171,Shankapark,27.7355,85.3434
2025-01-11T23:00,7.2,95,6.5,870.0,1.7,167,Shankapark,27.7355,85.3434
2025-01-12T00:00,7.0,95,6.3,869.8,2.8,153,Shankapark,27.7355,85.3434
2025-01-12T01:00,6.9,94,6.1,869.6,3.3,151,Shankapark,27.7355,85.3434
2025-01-12T02:00,6.7,95,5.9,869.1,4.4,145,Shankapark,27.7355,85.3434
2025-01-12T03:00,6.4,96,5.8,868.4,5.6,151,Shankapark,27.7355,85.3434
2025-01-12T04:00,6.1,97,5.6,868.1,6.8,153,Shankapark,27.7355,85.3434
2025-01-12T05:00,5.8,97,5.3,868.0,7.0,159,Shankapark,27.7355,85.3434
2025-01-12T06:00,5.6,98,5.2,868.7,5.6,155,Shankapark,27.7355,85.3434
2025-01-12T07:00,6.5,96,5.9,869.8,7.5,159,Shankapark,27.7355,85.3434
2025-01-12T08:00,10.3,84,7.8,872.2,6.4,151,Shankapark,27.7355,85.3434
2025-01-12T09:00,13.4,70,8.1,874.0,3.5,114,Shankapark,27.7355,85.3434
2025-01-12T10:00,15.2,61,7.8,874.0,2.9,94,Shankapark,27.7355,85.3434
2025-01-12T11:00,16.7,56,7.7,873.0,1.4,320,Shankapark,27.7355,85.3434
2025-01-12T12:00,17.3,51,7.0,872.1,4.4,291,Shankapark,27.7355,85.3434
2025-01-12T13:00,17.2,51,7.0,871.2,3.6,273,Shankapark,27.7355,85.3434
2025-01-12T14:00,16.9,51,6.8,870.5,4.1,283,Shankapark,27.7355,85.3434
2025-01-12T15:00,14.9,64,8.2,870.3,6.3,283,Shankapark,27.7355,85.3434
2025-01-12T16:00,13.6,71,8.4,870.0,3.9,286,Shankapark,27.7355,85.3434
2025-01-12T17:00,12.4,80,9.0,869.7,2.1,20,Shankapark,27.7355,85.3434
2025-01-12T18:00,10.3,88,8.4,869.6,3.7,194,Shankapark,27.7355,85.3434
2025-01-12T19:00,10.4,86,8.2,869.6,5.1,190,Shankapark,27.7355,85.3434
2025-01-12T20:00,10.5,87,8.4,869.4,5.3,152,Shankapark,27.7355,85.3434
2025-01-12T21:00,9.6,90,8.0,869.2,3.7,157,Shankapark,27.7355,85.3434
2025-01-12T22:00,9.1,88,7.3,869.0,2.9,169,Shankapark,27.7355,85.3434
2025-01-12T23:00,8.7,86,6.5,868.4,0.9,180,Shankapark,27.7355,85.3434
2025-01-13T00:00,8.5,80,5.2,868.2,0.7,166,Shankapark,27.7355,85.3434
2025-01-13T01:00,8.8,77,5.0,868.2,1.3,225,Shankapark,27.7355,85.3434
2025-01-13T02:00,8.7,77,4.8,867.8,1.7,311,Shankapark,27.7355,85.3434
2025-01-13T03:00,7.3,83,4.6,867.3,2.7,4,Shankapark,27.7355,85.3434
2025-01-13T04:00,6.9,86,4.6,866.9,1.9,131,Shankapark,27.7355,85.3434
2025-01-13T05:00,6.9,84,4.3,866.7,3.5,168,Shankapark,27.7355,85.3434
2025-01-13T06:00,6.2,83,3.6,867.1,2.2,156,Shankapark,27.7355,85.3434
2025-01-13T07:00,7.2,83,4.6,868.3,5.5,136,Shankapark,27.7355,85.3434
2025-01-13T08:00,9.4,86,7.1,869.7,6.0,136,Shankapark,27.7355,85.3434
2025-01-13T09:00,12.1,70,6.7,871.0,3.6,120,Shankapark,27.7355,85.3434
2025-01-13T10:00,14.2,57,5.9,871.0,3.6,63,Shankapark,27.7355,85.3434
2025-01-13T11:00,15.4,46,3.7,870.2,3.8,3,Shankapark,27.7355,85.3434
2025-01-13T12:00,16.0,41,2.8,869.1,5.9,349,Shankapark,27.7355,85.3434
2025-01-13T13:00,16.3,40,2.6,867.7,9.3,350,Shankapark,27.7355,85.3434
2025-01-13T14:00,15.8,41,2.7,867.0,11.7,346,Shankapark,27.7355,85.3434
2025-01-13T15:00,15.0,41,2.0,866.9,10.0,334,Shankapark,27.7355,85.3434
2025-01-13T16:00,13.5,50,3.3,866.6,6.1,341,Shankapark,27.7355,85.3434
2025-01-13T17:00,11.5,58,3.5,866.2,2.2,284,Shankapark,27.7355,85.3434
2025-01-13T18:00,10.6,69,5.0,866.6,3.9,233,Shankapark,27.7355,85.3434
2025-01-13T19:00,10.2,71,5.2,867.0,4.1,193,Shankapark,27.7355,85.3434
2025-01-13T20:00,9.3,78,5.6,867.1,2.9,184,Shankapark,27.7355,85.3434
2025-01-13T21:00,9.3,75,5.1,867.7,0.5,180,Shankapark,27.7355,85.3434
2025-01-13T22:00,9.8,68,4.3,868.1,0.6,162,Shankapark,27.7355,85.3434
2025-01-13T23:00,9.6,66,3.7,867.6,0.6,146,Shankapark,27.7355,85.3434
2025-01-14T00:00,9.6,63,2.9,867.3,1.0,135,Shankapark,27.7355,85.3434
2025-01-14T01:00,9.3,61,2.1,867.1,1.3,124,Shankapark,27.7355,85.3434
2025-01-14T02:00,9.1,57,1.0,866.7,1.7,131,Shankapark,27.7355,85.3434
2025-01-14T03:00,8.9,55,0.3,866.5,1.6,153,Shankapark,27.7355,85.3434
2025-01-14T04:00,8.4,56,0.2,866.5,1.5,159,Shankapark,27.7355,85.3434
2025-01-14T05:00,8.0,58,0.3,867.1,2.3,148,Shankapark,27.7355,85.3434
2025-01-14T06:00,6.3,77,2.6,867.4,3.3,158,Shankapark,27.7355,85.3434
2025-01-14T07:00,7.4,77,3.5,868.5,3.7,166,Shankapark,27.7355,85.3434
2025-01-14T08:00,10.1,75,5.8,870.9,4.2,140,Shankapark,27.7355,85.3434
2025-01-14T09:00,12.9,58,5.0,872.7,3.8,82,Shankapark,27.7355,85.3434
2025-01-14T10:00,14.8,51,4.7,873.3,3.1,28,Shankapark,27.7355,85.3434
2025-01-14T11:00,15.9,47,4.7,872.7,3.1,353,Shankapark,27.7355,85.3434
2025-01-14T12:00,16.9,44,4.7,871.8,4.3,318,Shankapark,27.7355,85.3434
2025-01-14T13:00,17.3,42,4.2,870.9,6.4,306,Shankapark,27.7355,85.3434
2025-01-14T14:00,16.7,43,4.1,870.3,9.3,310,Shankapark,27.7355,85.3434
2025-01-14T15:00,15.5,45,3.7,869.9,9.8,316,Shankapark,27.7355,85.3434
2025-01-14T16:00,13.5,56,4.8,869.4,5.4,326,Shankapark,27.7355,85.3434
2025-01-14T17:00,12.0,58,4.1,869.4,1.0,301,Shankapark,27.7355,85.3434
2025-01-14T18:00,10.3,69,4.9,869.3,1.1,189,Shankapark,27.7355,85.3434
2025-01-14T19:00,9.3,77,5.4,869.6,2.3,184,Shankapark,27.7355,85.3434
2025-01-14T20:00,8.6,81,5.5,869.8,0.9,180,Shankapark,27.7355,85.3434
2025-01-14T21:00,8.4,81,5.3,870.2,0.9,180,Shankapark,27.7355,85.3434
2025-01-14T22:00,7.9,82,5.1,869.8,1.1,171,Shankapark,27.7355,85.3434
2025-01-14T23:00,7.4,84,4.8,869.4,1.5,166,Shankapark,27.7355,85.3434
2025-01-15T00:00,7.2,82,4.4,868.9,2.9,158,Shankapark,27.7355,85.3434
2025-01-15T01:00,6.8,82,4.0,868.7,4.0,150,Shankapark,27.7355,85.3434
2025-01-15T02:00,6.5,82,3.6,868.3,4.4,145,Shankapark,27.7355,85.3434
2025-01-15T03:00,6.1,83,3.4,867.9,3.9,156,Shankapark,27.7355,85.3434
2025-01-15T04:00,5.1,88,3.4,867.4,3.8,155,Shankapark,27.7355,85.3434
2025-01-15T05:00,4.9,89,3.2,867.9,4.4,148,Shankapark,27.7355,85.3434
2025-01-15T06:00,5.2,92,4.0,869.0,5.2,151,Shankapark,27.7355,85.3434
2025-01-15T07:00,6.1,90,4.6,870.2,5.0,150,Shankapark,27.7355,85.3434
2025-01-15T08:00,10.2,80,6.9,872.8,5.9,125,Shankapark,27.7355,85.3434
2025-01-15T09:00,13.4,61,6.0,874.6,4.2,100,Shankapark,27.7355,85.3434
2025-01-15T10:00,15.4,53,5.9,874.8,2.8,75,Shankapark,27.7355,85.3434
2025-01-15T11:00,16.9,50,6.3,874.0,2.2,42,Shankapark,27.7355,85.3434
2025-01-15T12:00,17.8,48,6.6,872.7,3.5,9,Shankapark,27.7355,85.3434
2025-01-15T13:00,18.2,46,6.5,871.7,4.7,351,Shankapark,27.7355,85.3434
2025-01-15T14:00,17.9,48,6.8,871.3,7.2,328,Shankapark,27.7355,85.3434
2025-01-15T15:00,16.9,50,6.4,870.9,8.1,325,Shankapark,27.7355,85.3434
2025-01-15T16:00,14.8,61,7.4,870.2,4.5,337,Shankapark,27.7355,85.3434
2025-01-15T17:00,12.4,67,6.5,869.6,1.5,346,Shankapark,27.7355,85.3434
2025-01-15T18:00,11.1,71,6.1,870.4,0.4,180,Shankapark,27.7355,85.3434
2025-01-15T19:00,9.9,78,6.2,870.1,1.3,188,Shankapark,27.7355,85.3434
2025-01-15T20:00,9.5,80,6.1,870.4,1.3,188,Shankapark,27.7355,85.3434
2025-01-15T21:00,9.0,80,5.7,870.2,0.9,180,Shankapark,27.7355,85.3434
2025-01-15T22:00,9.0,78,5.4,870.0,2.3,180,Shankapark,27.7355,85.3434
2025-01-15T23:00,8.1,84,5.5,869.2,2.9,173,Shankapark,27.7355,85.3434
2025-01-16T00:00,7.2,89,5.5,868.6,3.5,156,Shankapark,27.7355,85.3434
2025-01-16T01:00,6.5,92,5.3,868.1,4.4,150,Shankapark,27.7355,85.3434
2025-01-16T02:00,5.9,95,5.2,867.4,4.4,153,Shankapark,27.7355,85.3434
2025-01-16T03:00,5.4,96,4.9,866.8,4.9,156,Shankapark,27.7355,85.3434
2025-01-16T04:00,5.2,97,4.7,866.4,6.0,155,Shankapark,27.7355,85.3434
2025-01-16T05:00,5.0,97,4.5,866.6,6.2,154,Shankapark,27.7355,85.3434
2025-01-16T06:00,6.4,95,5.6,868.7,6.7,134,Shankapark,27.7355,85.3434
2025-01-16T07:00,7.1,92,5.9,869.7,6.5,141,Shankapark,27.7355,85.3434
2025-01-16T08:00,10.3,82,7.4,871.9,5.1,135,Shankapark,27.7355,85.3434
2025-01-16T09:00,13.9,66,7.6,874.1,3.5,102,Shankapark,27.7355,85.3434
2025-01-16T10:00,15.9,58,7.6,874.7,3.6,81,Shankapark,27.7355,85.3434
2025-01-16T11:00,17.3,52,7.4,873.9,2.0,45,Shankapark,27.7355,85.3434
2025-01-16T12:00,18.4,49,7.4,872.9,1.7,342,Shankapark,27.7355,85.3434
2025-01-16T13:00,18.9,47,7.2,872.1,4.4,300,Shankapark,27.7355,85.3434
2025-01-16T14:00,18.6,48,7.2,871.4,6.6,292,Shankapark,27.7355,85.3434
2025-01-16T15:00,17.5,51,7.4,871.2,7.5,291,Shankapark,27.7355,85.3434
2025-01-16T16:00,15.6,62,8.4,870.9,5.2,299,Shankapark,27.7355,85.3434
2025-01-16T17:00,12.8,75,8.5,870.4,2.9,277,Shankapark,27.7355,85.3434
2025-01-16T18:00,11.7,77,7.7,871.2,2.5,249,Shankapark,27.7355,85.3434
2025-01-16T19:00,11.5,71,6.5,871.8,2.2,235,Shankapark,27.7355,85.3434
2025-01-16T20:00,10.9,72,6.1,871.8,2.2,215,Shankapark,27.7355,85.3434
2025-01-16T21:00,10.3,76,6.2,871.7,3.1,201,Shankapark,27.7355,85.3434
2025-01-16T22:00,9.9,79,6.4,871.4,3.1,193,Shankapark,27.7355,85.3434
2025-01-16T23:00,9.6,80,6.2,870.8,3.1,187,Shankapark,27.7355,85.3434
2025-01-17T00:00,9.6,79,6.0,870.1,4.0,177,Shankapark,27.7355,85.3434
2025-01-17T01:00,9.4,78,5.7,869.3,4.6,171,Shankapark,27.7355,85.3434
2025-01-17T02:00,8.8,79,5.4,868.4,5.1,163,Shankapark,27.7355,85.3434
2025-01-17T03:00,8.1,81,5.0,867.4,4.7,162,Shankapark,27.7355,85.3434
2025-01-17T04:00,7.9,81,4.8,867.1,4.4,161,Shankapark,27.7355,85.3434
2025-01-17T05:00,7.6,80,4.4,867.3,4.3,158,Shankapark,27.7355,85.3434
2025-01-17T06:00,5.9,89,4.3,867.2,5.6,147,Shankapark,27.7355,85.3434
2025-01-17T07:00,6.7,88,4.9,868.6,7.0,145,Shankapark,27.7355,85.3434
2025-01-17T08:00,11.1,78,7.3,871.3,6.4,133,Shankapark,27.7355,85.3434
2025-01-17T09:00,13.8,64,7.1,872.8,3.0,142,Shankapark,27.7355,85.3434
2025-01-17T10:00,15.7,49,5.2,873.1,2.1,250,Shankapark,27.7355,85.3434
2025-01-17T11:00,17.6,41,4.0,872.3,4.6,306,Shankapark,27.7355,85.3434
2025-01-17T12:00,18.6,37,3.6,871.4,7.1,313,Shankapark,27.7355,85.3434
2025-01-17T13:00,18.7,37,3.7,870.5,9.9,322,Shankapark,27.7355,85.3434
2025-01-17T14:00,18.2,39,3.8,869.7,11.4,322,Shankapark,27.7355,85.3434
2025-01-17T15:00,17.2,41,3.9,869.2,8.9,322,Shankapark,27.7355,85.3434
2025-01-17T16:00,15.1,59,7.1,868.6,3.7,331,Shankapark,27.7355,85.3434
2025-01-17T17:00,12.9,58,4.9,867.9,1.4,220,Shankapark,27.7355,85.3434
2025-01-17T18:00,11.4,63,4.7,867.8,2.5,188,Shankapark,27.7355,85.3434
2025-01-17T19:00,10.4,72,5.6,867.9,2.4,189,Shankapark,27.7355,85.3434
2025-01-17T20:00,10.1,71,5.1,868.3,1.6,186,Shankapark,27.7355,85.3434
2025-01-17T21:00,10.0,68,4.4,868.6,1.8,186,Shankapark,27.7355,85.3434
2025-01-17T22:00,10.0,67,4.0,868.7,2.2,189,Shankapark,27.7355,85.3434
2025-01-17T23:00,9.8,66,3.8,868.5,2.3,184,Shankapark,27.7355,85.3434
2025-01-18T00:00,9.8,64,3.3,868.0,1.5,173,Shankapark,27.7355,85.3434
2025-01-18T01:00,10.1,61,2.8,867.7,1.8,156,Shankapark,27.7355,85.3434
2025-01-18T02:00,10.1,59,2.5,867.2,1.5,159,Shankapark,27.7355,85.3434
2025-01-18T03:00,10.0,58,2.1,866.9,0.6,162,Shankapark,27.7355,85.3434
2025-01-18T04:00,9.9,57,1.7,866.8,1.3,146,Shankapark,27.7355,85.3434
2025-01-18T05:00,9.5,58,1.5,866.7,2.8,140,Shankapark,27.7355,85.3434
2025-01-18T06:00,6.8,76,3.0,866.5,2.7,152,Shankapark,27.7355,85.3434
2025-01-18T07:00,7.4,77,3.5,867.6,5.7,139,Shankapark,27.7355,85.3434
2025-01-18T08:00,10.7,70,5.4,869.6,7.4,139,Shankapark,27.7355,85.3434
2025-01-18T09:00,14.1,57,5.7,871.5,4.2,126,Shankapark,27.7355,85.3434
2025-01-18T10:00,16.8,48,5.7,872.1,1.0,338,Shankapark,27.7355,85.3434
2025-01-18T11:00,18.2,38,3.8,871.5,7.0,314,Shankapark,27.7355,85.3434
2025-01-18T12:00,18.7,34,2.6,870.8,9.3,311,Shankapark,27.7355,85.3434
2025-01-18T13:00,18.8,33,2.0,869.9,9.2,312,Shankapark,27.7355,85.3434
2025-01-18T14:00,18.4,35,2.9,868.9,8.5,316,Shankapark,27.7355,85.3434
2025-01-18T15:00,17.6,40,3.9,868.4,6.8,320,Shankapark,27.7355,85.3434
2025-01-18T16:00,15.1,56,6.5,867.6,4.1,326,Shankapark,27.7355,85.3434
2025-01-18T17:00,12.4,59,4.6,866.7,2.5,249,Shankapark,27.7355,85.3434
2025-01-18T18:00,11.3,62,4.2,867.1,2.7,212,Shankapark,27.7355,85.3434
2025-01-18T19:00,11.0,62,3.9,867.2,3.1,204,Shankapark,27.7355,85.3434
2025-01-18T20:00,10.6,65,4.3,867.1,4.2,198,Shankapark,27.7355,85.3434
2025-01-18T21:00,9.9,68,4.3,866.9,3.9,196,Shankapark,27.7355,85.3434
2025-01-18T22:00,9.5,66,3.4,866.6,2.5,188,Shankapark,27.7355,85.3434
2025-01-18T23:00,9.2,65,3.0,866.5,2.2,180,Shankapark,27.7355,85.3434
2025-01-19T00:00,8.9,65,2.7,865.6,2.7,180,Shankapark,27.7355,85.3434
2025-01-19T01:00,8.6,64,2.2,865.3,1.8,180,Shankapark,27.7355,85.3434
2025-01-19T02:00,8.7,60,1.3,864.9,1.4,180,Shankapark,27.7355,85.3434
2025-01-19T03:00,8.7,58,0.8,864.6,1.8,180,Shankapark,27.7355,85.3434
2025-01-19T04:00,8.7,57,0.6,864.6,1.8,169,Shankapark,27.7355,85.3434
2025-01-19T05:00,8.5,57,0.4,864.9,2.2,166,Shankapark,27.7355,85.3434
2025-01-19T06:00,7.4,65,1.3,865.1,4.8,153,Shankapark,27.7355,85.3434
2025-01-19T07:00,8.0,65,1.9,865.7,5.7,162,Shankapark,27.7355,85.3434
2025-01-19T08:00,11.1,68,5.4,867.6,5.5,163,Shankapark,27.7355,85.3434
2025-01-19T09:00,16.4,43,3.8,870.3,1.9,163,Shankapark,27.7355,85.3434
2025-01-19T10:00,19.1,35,3.1,870.7,1.9,253,Shankapark,27.7355,85.3434
2025-01-19T11:00,21.3,32,4.0,870.0,4.7,298,Shankapark,27.7355,85.3434
2025-01-19T12:00,21.9,32,4.7,869.2,9.2,305,Shankapark,27.7355,85.3434
2025-01-19T13:00,21.6,35,5.4,868.4,10.7,306,Shankapark,27.7355,85.3434
2025-01-19T14:00,20.8,38,5.9,867.7,9.3,307,Shankapark,27.7355,85.3434
2025-01-19T15:00,19.6,42,6.4,867.0,6.2,314,Shankapark,27.7355,85.3434
2025-01-19T16:00,16.9,59,8.7,866.1,3.7,317,Shankapark,27.7355,85.3434
2025-01-19T17:00,13.9,61,6.6,865.0,2.7,228,Shankapark,27.7355,85.3434
2025-01-19T18:00,12.5,63,5.6,865.1,2.3,198,Shankapark,27.7355,85.3434
2025-01-19T19:00,11.8,66,5.7,864.8,2.7,203,Shankapark,27.7355,85.3434
2025-01-19T20:00,11.3,68,5.6,864.8,3.0,205,Shankapark,27.7355,85.3434
2025-01-19T21:00,10.8,69,5.3,864.8,3.1,201,Shankapark,27.7355,85.3434
2025-01-19T22:00,10.4,67,4.6,864.7,2.5,201,Shankapark,27.7355,85.3434
2025-01-19T23:00,10.1,66,3.9,864.1,1.8,186,Shankapark,27.7355,85.3434
2025-01-20T00:00,9.6,66,3.6,862.9,2.6,168,Shankapark,27.7355,85.3434
2025-01-20T01:00,8.4,71,3.5,862.0,3.4,164,Shankapark,27.7355,85.3434
2025-01-20T02:00,7.4,76,3.4,861.2,3.0,163,Shankapark,27.7355,85.3434
2025-01-20T03:00,6.8,78,3.3,860.7,2.9,158,Shankapark,27.7355,85.3434
2025-01-20T04:00,6.6,79,3.1,860.3,4.4,153,Shankapark,27.7355,85.3434
2025-01-20T05:00,6.5,78,2.9,860.6,4.3,156,Shankapark,27.7355,85.3434
2025-01-20T06:00,5.1,87,3.0,860.9,5.8,154,Shankapark,27.7355,85.3434
2025-01-20T07:00,6.2,83,3.5,862.3,5.7,156,Shankapark,27.7355,85.3434
2025-01-20T08:00,11.1,75,6.8,865.3,6.4,142,Shankapark,27.7355,85.3434
2025-01-20T09:00,16.6,50,6.2,868.4,3.6,110,Shankapark,27.7355,85.3434
2025-01-20T10:00,19.2,41,5.7,869.1,2.3,61,Shankapark,27.7355,85.3434
2025-01-20T11:00,21.1,38,6.0,868.7,3.6,327,Shankapark,27.7355,85.3434
2025-01-20T12:00,21.7,37,6.2,867.9,8.3,312,Shankapark,27.7355,85.3434
2025-01-20T13:00,21.4,38,6.7,867.1,10.2,307,Shankapark,27.7355,85.3434
2025-01-20T14:00,20.9,41,7.2,866.6,9.5,307,Shankapark,27.7355,85.3434
2025-01-20T15:00,19.8,47,8.3,866.1,6.4,310,Shankapark,27.7355,85.3434
2025-01-20T16:00,17.4,63,10.3,865.3,4.5,323,Shankapark,27.7355,85.3434
2025-01-20T17:00,14.5,70,9.1,864.6,3.0,253,Shankapark,27.7355,85.3434
2025-01-20T18:00,13.3,73,8.5,864.5,3.2,199,Shankapark,27.7355,85.3434
2025-01-20T19:00,12.7,75,8.4,864.3,3.4,198,Shankapark,27.7355,85.3434
2025-01-20T20:00,12.2,74,7.6,864.2,2.8,198,Shankapark,27.7355,85.3434
2025-01-20T21:00,11.8,70,6.6,864.2,2.5,188,Shankapark,27.7355,85.3434
2025-01-20T22:00,11.5,66,5.4,864.2,1.3,180,Shankapark,27.7355,85.3434
2025-01-20T23:00,11.5,63,4.7,863.6,2.0,175,Shankapark,27.7355,85.3434
2025-01-21T00:00,11.2,62,4.2,862.8,2.2,175,Shankapark,27.7355,85.3434
2025-01-21T01:00,10.7,62,3.8,862.2,2.0,175,Shankapark,27.7355,85.3434
2025-01-21T02:00,10.4,61,3.3,862.0,0.9,169,Shankapark,27.7355,85.3434
2025-01-21T03:00,10.5,59,2.7,862.1,1.1,171,Shankapark,27.7355,85.3434
2025-01-21T04:00,10.5,57,2.3,862.0,1.3,164,Shankapark,27.7355,85.3434
2025-01-21T05:00,10.6,55,2.0,862.1,2.1,160,Shankapark,27.7355,85.3434
2025-01-21T06:00,8.9,67,3.0,862.1,2.9,158,Shankapark,27.7355,85.3434
2025-01-21T07:00,9.5,68,3.8,862.7,3.9,158,Shankapark,27.7355,85.3434
2025-01-21T08:00,12.6,70,7.3,865.0,4.3,152,Shankapark,27.7355,85.3434
2025-01-21T09:00,17.8,48,6.6,868.1,2.0,95,Shankapark,27.7355,85.3434
2025-01-21T10:00,20.6,35,4.6,869.1,4.1,311,Shankapark,27.7355,85.3434
2025-01-21T11:00,21.8,31,3.7,868.6,7.6,298,Shankapark,27.7355,85.3434
2025-01-21T12:00,22.2,29,3.5,867.5,10.1,295,Shankapark,27.7355,85.3434
2025-01-21T13:00,22.1,31,4.2,866.7,11.0,293,Shankapark,27.7355,85.3434
2025-01-21T14:00,21.4,36,5.7,866.0,10.6,294,Shankapark,27.7355,85.3434
2025-01-21T15:00,20.3,42,7.1,865.5,7.8,296,Shankapark,27.7355,85.3434
2025-01-21T16:00,17.8,58,9.6,864.6,4.8,301,Shankapark,27.7355,85.3434
2025-01-21T17:00,14.9,67,8.8,863.8,3.9,254,Shankapark,27.7355,85.3434
2025-01-21T18:00,14.2,68,8.4,864.5,3.5,219,Shankapark,27.7355,85.3434
2025-01-21T19:00,13.4,71,8.4,864.6,2.9,210,Shankapark,27.7355,85.3434
2025-01-21T20:00,13.2,70,7.7,865.0,2.8,207,Shankapark,27.7355,85.3434
2025-01-21T21:00,12.6,69,7.1,865.1,2.3,198,Shankapark,27.7355,85.3434
2025-01-21T22:00,12.1,67,6.1,865.1,1.7,198,Shankapark,27.7355,85.3434
2025-01-21T23:00,11.6,66,5.4,864.8,1.3,188,Shankapark,27.7355,85.3434
2025-01-22T00:00,11.2,65,4.8,864.1,1.6,180,Shankapark,27.7355,85.3434
2025-01-22T01:00,10.7,65,4.4,863.6,1.5,173,Shankapark,27.7355,85.3434
2025-01-22T02:00,10.4,63,3.6,863.0,0.9,169,Shankapark,27.7355,85.3434
2025-01-22T03:00,10.5,58,2.7,862.9,1.3,172,Shankapark,27.7355,85.3434
2025-01-22T04:00,10.7,55,2.1,863.0,1.3,172,Shankapark,27.7355,85.3434
2025-01-22T05:00,10.8,54,1.8,863.5,1.9,163,Shankapark,27.7355,85.3434
2025-01-22T06:00,10.9,54,1.8,864.4,1.6,174,Shankapark,27.7355,85.3434
2025-01-22T07:00,12.0,52,2.4,865.5,2.5,159,Shankapark,27.7355,85.3434
2025-01-22T08:00,13.7,60,6.1,867.0,4.4,159,Shankapark,27.7355,85.3434
2025-01-22T09:00,18.5,46,6.6,869.7,2.4,126,Shankapark,27.7355,85.3434
2025-01-22T10:00,20.8,34,4.2,870.4,3.2,304,Shankapark,27.7355,85.3434
2025-01-22T11:00,22.0,29,3.1,869.8,7.4,293,Shankapark,27.7355,85.3434
2025-01-22T12:00,22.3,28,3.1,868.8,10.7,293,Shankapark,27.7355,85.3434
2025-01-22T13:00,22.2,31,4.2,868.0,11.0,293,Shankapark,27.7355,85.3434
2025-01-22T14:00,21.6,36,5.8,867.5,10.5,294,Shankapark,27.7355,85.3434
2025-01-22T15:00,20.3,42,7.0,867.1,8.6,299,Shankapark,27.7355,85.3434
2025-01-22T16:00,17.7,57,9.0,866.1,4.6,306,Shankapark,27.7355,85.3434
2025-01-22T17:00,14.7,64,7.9,865.3,3.2,270,Shankapark,27.7355,85.3434
2025-01-22T18:00,13.5,66,7.4,865.3,2.8,225,Shankapark,27.7355,85.3434
2025-01-22T19:00,13.0,67,7.0,865.6,2.3,212,Shankapark,27.7355,85.3434
2025-01-22T20:00,12.7,67,6.7,865.8,2.1,200,Shankapark,27.7355,85.3434
2025-01-22T21:00,12.5,65,6.2,866.0,1.6,207,Shankapark,27.7355,85.3434
2025-01-22T22:00,12.3,61,5.1,866.2,0.7,194,Shankapark,27.7355,85.3434
2025-01-22T23:00,11.7,62,4.5,865.8,0.7,194,Shankapark,27.7355,85.3434
2025-01-23T00:00,11.0,62,4.0,865.2,1.1,180,Shankapark,27.7355,85.3434
2025-01-23T01:00,10.3,62,3.4,864.4,0.7,180,Shankapark,27.7355,85.3434
2025-01-23T02:00,9.6,63,2.8,863.5,0.5,180,Shankapark,27.7355,85.3434
2025-01-23T03:00,9.4,62,2.5,863.3,0.7,166,Shankapark,27.7355,85.3434
2025-01-23T04:00,9.8,59,2.2,863.5,0.9,169,Shankapark,27.7355,85.3434
2025-01-23T05:00,10.3,57,2.1,864.0,1.2,153,Shankapark,27.7355,85.3434
2025-01-23T06:00,8.8,65,2.5,863.7,1.5,144,Shankapark,27.7355,85.3434
2025-01-23T07:00,9.9,64,3.3,865.0,2.3,151,Shankapark,27.7355,85.3434
2025-01-23T08:00,12.8,61,5.4,867.1,2.1,149,Shankapark,27.7355,85.3434
2025-01-23T09:00,17.1,45,5.0,869.3,2.5,30,Shankapark,27.7355,85.3434
2025-01-23T10:00,19.3,37,4.4,870.1,5.0,341,Shankapark,27.7355,85.3434
2025-01-23T11:00,20.6,35,4.4,869.5,7.5,314,Shankapark,27.7355,85.3434
2025-01-23T12:00,20.8,39,6.5,868.4,10.4,307,Shankapark,27.7355,85.3434
2025-01-23T13:00,20.6,43,7.6,867.6,11.5,309,Shankapark,27.7355,85.3434
2025-01-23T14:00,20.1,42,6.8,866.9,11.7,306,Shankapark,27.7355,85.3434
2025-01-23T15:00,18.9,43,6.0,866.3,10.5,307,Shankapark,27.7355,85.3434
2025-01-23T16:00,16.8,53,7.1,865.7,6.4,313,Shankapark,27.7355,85.3434
2025-01-23T17:00,14.0,63,7.1,865.0,4.4,305,Shankapark,27.7355,85.3434
2025-01-23T18:00,13.1,65,6.6,865.3,4.0,280,Shankapark,27.7355,85.3434
2025-01-23T19:00,12.6,66,6.5,865.9,3.1,260,Shankapark,27.7355,85.3434
2025-01-23T20:00,12.1,68,6.4,866.0,2.3,238,Shankapark,27.7355,85.3434
2025-01-23T21:00,12.1,66,5.9,866.2,1.7,229,Shankapark,27.7355,85.3434
2025-01-23T22:00,12.5,60,4.9,866.5,1.3,236,Shankapark,27.7355,85.3434
2025-01-23T23:00,12.8,55,4.1,866.2,0.9,233,Shankapark,27.7355,85.3434
2025-01-24T00:00,13.1,52,3.4,866.0,0.6,214,Shankapark,27.7355,85.3434
2025-01-24T01:00,13.4,48,2.5,865.7,0.4,207,Shankapark,27.7355,85.3434
2025-01-24T02:00,13.3,46,1.9,864.8,0.4,207,Shankapark,27.7355,85.3434
2025-01-24T03:00,12.8,46,1.5,864.1,0.5,180,Shankapark,27.7355,85.3434
2025-01-24T04:00,12.0,48,1.2,863.5,0.4,180,Shankapark,27.7355,85.3434
2025-01-24T05:00,11.5,48,0.9,863.6,0.4,180,Shankapark,27.7355,85.3434
2025-01-24T06:00,10.6,52,1.0,863.6,1.9,197,Shankapark,27.7355,85.3434
2025-01-24T07:00,10.8,57,2.7,864.5,0.9,180,Shankapark,27.7355,85.3434
2025-01-24T08:00,13.2,59,5.3,866.4,0.9,169,Shankapark,27.7355,85.3434
2025-01-24T09:00,15.7,46,4.2,867.7,3.2,344,Shankapark,27.7355,85.3434
2025-01-24T10:00,16.9,43,4.4,868.1,7.8,318,Shankapark,27.7355,85.3434
2025-01-24T11:00,17.5,41,4.2,867.5,11.6,313,Shankapark,27.7355,85.3434
2025-01-24T12:00,17.7,38,3.3,866.5,13.4,314,Shankapark,27.7355,85.3434
2025-01-24T13:00,17.9,34,2.0,865.7,13.5,311,Shankapark,27.7355,85.3434
2025-01-24T14:00,17.7,35,2.2,865.2,13.6,309,Shankapark,27.7355,85.3434
2025-01-24T15:00,17.1,40,3.2,864.5,12.3,308,Shankapark,27.7355,85.3434
2025-01-24T16:00,15.5,50,5.2,864.2,8.5,308,Shankapark,27.7355,85.3434
2025-01-24T17:00,13.3,61,5.9,863.6,6.0,275,Shankapark,27.7355,85.3434
2025-01-24T18:00,11.4,68,5.8,864.2,4.8,222,Shankapark,27.7355,85.3434
2025-01-24T19:00,10.3,72,5.5,864.2,4.2,198,Shankapark,27.7355,85.3434
2025-01-24T20:00,9.5,72,4.8,864.3,2.5,184,Shankapark,27.7355,85.3434
2025-01-24T21:00,8.8,73,4.3,864.1,1.6,186,Shankapark,27.7355,85.3434
2025-01-24T22:00,8.6,71,3.5,864.0,0.7,180,Shankapark,27.7355,85.3434
2025-01-24T23:00,8.4,69,3.0,863.6,0.4,180,Shankapark,27.7355,85.3434
2025-01-25T00:00,8.3,67,2.5,863.1,0.7,180,Shankapark,27.7355,85.3434
2025-01-25T01:00,8.0,67,2.2,862.8,0.5,180,Shankapark,27.7355,85.3434
2025-01-25T02:00,8.1,65,1.8,862.2,1.1,171,Shankapark,27.7355,85.3434
2025-01-25T03:00,8.1,63,1.4,862.1,1.8,169,Shankapark,27.7355,85.3434
2025-01-25T04:00,8.0,62,1.0,862.0,2.5,159,Shankapark,27.7355,85.3434
2025-01-25T05:00,7.7,61,0.7,862.3,2.5,159,Shankapark,27.7355,85.3434
2025-01-25T06:00,6.4,73,1.8,862.7,2.3,162,Shankapark,27.7355,85.3434
2025-01-25T07:00,7.4,73,2.8,863.9,2.8,162,Shankapark,27.7355,85.3434
2025-01-25T08:00,11.0,73,6.4,866.1,3.2,133,Shankapark,27.7355,85.3434
2025-01-25T09:00,13.9,52,4.1,867.9,1.3,82,Shankapark,27.7355,85.3434
2025-01-25T10:00,15.5,46,3.8,868.3,1.4,337,Shankapark,27.7355,85.3434
2025-01-25T11:00,16.7,43,4.0,867.7,3.2,317,Shankapark,27.7355,85.3434
2025-01-25T12:00,17.7,42,4.7,867.0,5.6,303,Shankapark,27.7355,85.3434
2025-01-25T13:00,17.9,44,5.5,866.3,8.3,297,Shankapark,27.7355,85.3434
2025-01-25T14:00,17.4,48,6.2,865.7,9.4,299,Shankapark,27.7355,85.3434
2025-01-25T15:00,16.3,53,6.8,865.4,10.2,307,Shankapark,27.7355,85.3434
2025-01-25T16:00,14.7,61,7.2,865.1,7.5,330,Shankapark,27.7355,85.3434
2025-01-25T17:00,12.3,75,7.9,864.5,3.6,357,Shankapark,27.7355,85.3434
2025-01-25T18:00,11.6,75,7.4,864.8,2.0,350,Shankapark,27.7355,85.3434
2025-01-25T19:00,11.0,81,7.8,865.2,3.2,227,Shankapark,27.7355,85.3434
2025-01-25T20:00,10.1,88,8.3,865.2,2.6,196,Shankapark,27.7355,85.3434
2025-01-25T21:00,9.1,95,8.3,865.2,3.2,180,Shankapark,27.7355,85.3434
2025-01-25T22:00,8.3,98,8.0,865.2,3.2,177,Shankapark,27.7355,85.3434
2025-01-25T23:00,7.7,100,7.7,864.7,3.7,166,Shankapark,27.7355,85.3434
2025-01-26T00:00,7.6,100,7.6,864.4,4.3,158,Shankapark,27.7355,85.3434
2025-01-26T01:00,7.6,100,7.6,864.4,4.7,152,Shankapark,27.7355,85.3434
2025-01-26T02:00,7.8,100,7.8,864.2,5.6,147,Shankapark,27.7355,85.3434
2025-01-26T03:00,7.4,100,7.4,863.8,6.1,148,Shankapark,27.7355,85.3434
2025-01-26T04:00,6.8,100,6.8,863.5,6.5,148,Shankapark,27.7355,85.3434
2025-01-26T05:00,6.4,100,6.4,863.9,6.5,146,Shankapark,27.7355,85.3434
2025-01-26T06:00,8.6,96,8.0,866.0,5.6,119,Shankapark,27.7355,85.3434
2025-01-26T07:00,9.0,94,8.1,866.6,7.0,130,Shankapark,27.7355,85.3434
2025-01-26T08:00,10.6,87,8.5,868.3,7.0,119,Shankapark,27.7355,85.3434
2025-01-26T09:00,13.0,69,7.4,869.6,9.5,123,Shankapark,27.7355,85.3434
2025-01-26T10:00,15.0,59,6.9,870.1,9.3,114,Shankapark,27.7355,85.3434
2025-01-26T11:00,16.3,57,7.6,869.4,8.8,105,Shankapark,27.7355,85.3434
2025-01-26T12:00,17.7,51,7.4,868.3,7.9,101,Shankapark,27.7355,85.3434
2025-01-26T13:00,19.0,43,6.0,867.5,4.2,110,Shankapark,27.7355,85.3434
2025-01-26T14:00,18.6,44,6.2,866.7,2.1,232,Shankapark,27.7355,85.3434
2025-01-26T15:00,17.6,45,5.6,866.0,6.0,286,Shankapark,27.7355,85.3434
2025-01-26T16:00,15.5,63,8.4,865.8,7.1,294,Shankapark,27.7355,85.3434
2025-01-26T17:00,13.5,77,9.5,865.5,5.1,306,Shankapark,27.7355,85.3434
2025-01-26T18:00,12.8,80,9.4,865.7,4.5,304,Shankapark,27.7355,85.3434
2025-01-26T19:00,11.7,86,9.4,865.9,3.3,331,Shankapark,27.7355,85.3434
2025-01-26T20:00,11.3,85,8.9,865.9,0.9,37,Shankapark,27.7355,85.3434
2025-01-26T21:00,10.2,90,8.7,865.9,0.9,169,Shankapark,27.7355,85.3434
2025-01-26T22:00,9.6,94,8.7,865.5,1.3,164,Shankapark,27.7355,85.3434
2025-01-26T23:00,8.9,97,8.4,864.9,1.7,167,Shankapark,27.7355,85.3434
2025-01-27T00:00,8.5,97,8.0,864.0,2.8,169,Shankapark,27.7355,85.3434
2025-01-27T01:00,8.3,95,7.5,863.4,2.6,168,Shankapark,27.7355,85.3434
2025-01-27T02:00,8.1,94,7.2,862.8,3.4,164,Shankapark,27.7355,85.3434
2025-01-27T03:00,7.5,95,6.7,862.2,3.8,161,Shankapark,27.7355,85.3434
2025-01-27T04:00,7.2,93,6.2,861.8,4.3,156,Shankapark,27.7355,85.3434
2025-01-27T05:00,7.1,92,5.9,861.9,5.0,154,Shankapark,27.7355,85.3434
2025-01-27T06:00,5.9,100,5.9,862.1,6.7,149,Shankapark,27.7355,85.3434
2025-01-27T07:00,7.2,99,7.1,863.5,6.7,153,Shankapark,27.7355,85.3434
2025-01-27T08:00,11.3,87,9.1,865.9,4.9,123,Shankapark,27.7355,85.3434
2025-01-27T09:00,14.4,67,8.4,867.7,4.5,74,Shankapark,27.7355,85.3434
2025-01-27T10:00,16.4,54,7.1,868.4,4.7,58,Shankapark,27.7355,85.3434
2025-01-27T11:00,17.8,50,7.4,867.6,1.9,56,Shankapark,27.7355,85.3434
2025-01-27T12:00,19.3,41,5.7,866.6,1.1,279,Shankapark,27.7355,85.3434
2025-01-27T13:00,20.0,39,5.6,865.7,5.1,253,Shankapark,27.7355,85.3434
2025-01-27T14:00,19.4,38,4.8,864.6,9.1,249,Shankapark,27.7355,85.3434
2025-01-27T15:00,18.1,45,6.1,864.2,9.6,256,Shankapark,27.7355,85.3434
2025-01-27T16:00,16.5,57,7.9,863.9,5.3,280,Shankapark,27.7355,85.3434
2025-01-27T17:00,14.0,72,9.0,863.3,3.6,273,Shankapark,27.7355,85.3434
2025-01-27T18:00,13.5,73,8.7,863.6,3.8,265,Shankapark,27.7355,85.3434
2025-01-27T19:00,12.5,80,9.1,863.7,3.6,225,Shankapark,27.7355,85.3434
2025-01-27T20:00,11.5,88,9.6,863.8,3.0,194,Shankapark,27.7355,85.3434
2025-01-27T21:00,10.6,94,9.7,864.2,1.3,172,Shankapark,27.7355,85.3434
2025-01-27T22:00,10.2,97,9.7,864.1,1.9,158,Shankapark,27.7355,85.3434
2025-01-27T23:00,9.8,98,9.6,863.8,2.6,141,Shankapark,27.7355,85.3434
2025-01-28T00:00,9.6,98,9.3,863.3,2.9,133,Shankapark,27.7355,85.3434
2025-01-28T01:00,9.8,93,8.8,863.1,3.1,130,Shankapark,27.7355,85.3434
2025-01-28T02:00,9.7,89,7.9,862.5,3.2,133,Shankapark,27.7355,85.3434
2025-01-28T03:00,9.9,84,7.3,862.2,3.6,139,Shankapark,27.7355,85.3434
2025-01-28T04:00,9.5,85,7.1,861.9,3.6,150,Shankapark,27.7355,85.3434
2025-01-28T05:00,8.9,88,7.1,862.0,3.8,155,Shankapark,27.7355,85.3434
2025-01-28T06:00,7.1,100,7.1,862.3,4.3,152,Shankapark,27.7355,85.3434
2025-01-28T07:00,8.6,96,8.0,863.9,5.2,146,Shankapark,27.7355,85.3434
2025-01-28T08:00,12.0,83,9.3,866.6,3.2,106,Shankapark,27.7355,85.3434
2025-01-28T09:00,13.8,76,9.6,868.0,4.1,67,Shankapark,27.7355,85.3434
2025-01-28T10:00,15.3,65,8.9,868.5,5.0,75,Shankapark,27.7355,85.3434
2025-01-28T11:00,16.7,57,8.3,867.9,5.0,49,Shankapark,27.7355,85.3434
2025-01-28T12:00,17.6,55,8.3,867.1,3.2,34,Shankapark,27.7355,85.3434
2025-01-28T13:00,17.8,52,7.7,866.5,2.6,282,Shankapark,27.7355,85.3434
2025-01-28T14:00,16.9,54,7.6,865.9,4.7,272,Shankapark,27.7355,85.3434
2025-01-28T15:00,16.7,56,7.9,865.6,4.4,279,Shankapark,27.7355,85.3434
2025-01-28T16:00,15.9,61,8.4,865.4,4.6,279,Shankapark,27.7355,85.3434
2025-01-28T17:00,14.5,73,9.7,865.5,3.5,258,Shankapark,27.7355,85.3434
2025-01-28T18:00,13.7,78,10.0,866.1,2.7,238,Shankapark,27.7355,85.3434
2025-01-28T19:00,13.1,83,10.2,866.6,3.3,261,Shankapark,27.7355,85.3434
2025-01-28T20:00,12.4,88,10.4,867.3,1.1,198,Shankapark,27.7355,85.3434
2025-01-28T21:00,12.1,90,10.5,868.0,0.9,169,Shankapark,27.7355,85.3434
2025-01-28T22:00,12.1,88,10.2,868.4,1.0,149,Shankapark,27.7355,85.3434
2025-01-28T23:00,11.8,88,10.0,868.3,1.3,135,Shankapark,27.7355,85.3434
2025-01-29T00:00,11.7,83,8.9,867.9,2.7,118,Shankapark,27.7355,85.3434
2025-01-29T01:00,11.4,78,7.7,867.4,3.2,133,Shankapark,27.7355,85.3434
2025-01-29T02:00,10.8,84,8.2,866.7,1.9,139,Shankapark,27.7355,85.3434
2025-01-29T03:00,10.1,88,8.2,866.4,1.4,157,Shankapark,27.7355,85.3434
2025-01-29T04:00,9.6,92,8.3,866.1,1.7,162,Shankapark,27.7355,85.3434
2025-01-29T05:00,8.8,96,8.2,866.2,2.1,165,Shankapark,27.7355,85.3434
2025-01-29T06:00,8.3,100,8.3,867.1,4.6,141,Shankapark,27.7355,85.3434
2025-01-29T07:00,9.2,97,8.8,868.5,5.5,139,Shankapark,27.7355,85.3434
2025-01-29T08:00,11.8,85,9.3,870.4,2.7,82,Shankapark,27.7355,85.3434
2025-01-29T09:00,13.5,75,9.2,871.5,3.9,53,Shankapark,27.7355,85.3434
2025-01-29T10:00,15.1,67,9.0,872.0,3.3,22,Shankapark,27.7355,85.3434
2025-01-29T11:00,16.4,62,9.1,871.5,5.3,336,Shankapark,27.7355,85.3434
2025-01-29T12:00,17.3,59,9.1,870.5,6.2,327,Shankapark,27.7355,85.3434
2025-01-29T13:00,17.8,53,8.2,869.1,6.9,329,Shankapark,27.7355,85.3434
2025-01-29T14:00,17.8,52,7.9,868.2,9.3,324,Shankapark,27.7355,85.3434
2025-01-29T15:00,17.1,54,7.8,867.5,10.8,318,Shankapark,27.7355,85.3434
2025-01-29T16:00,15.6,60,7.8,866.9,7.8,322,Shankapark,27.7355,85.3434
2025-01-29T17:00,13.7,72,8.8,866.3,3.7,313,Shankapark,27.7355,85.3434
2025-01-29T18:00,13.2,75,9.0,866.5,2.8,325,Shankapark,27.7355,85.3434
2025-01-29T19:00,12.8,77,8.8,867.1,3.5,249,Shankapark,27.7355,85.3434
2025-01-29T20:00,11.8,86,9.6,867.1,3.1,225,Shankapark,27.7355,85.3434
2025-01-29T21:00,10.6,94,9.7,866.8,2.7,188,Shankapark,27.7355,85.3434
2025-01-29T22:00,9.0,100,9.0,865.8,3.8,177,Shankapark,27.7355,85.3434
2025-01-29T23:00,8.1,100,8.1,864.9,5.1,174,Shankapark,27.7355,85.3434
2025-01-30T00:00,7.9,100,7.8,864.2,4.9,172,Shankapark,27.7355,85.3434
2025-01-30T01:00,7.7,100,7.6,863.7,4.6,169,Shankapark,27.7355,85.3434
2025-01-30T02:00,7.1,100,7.1,862.8,3.1,170,Shankapark,27.7355,85.3434
2025-01-30T03:00,6.7,100,6.7,862.3,2.2,175,Shankapark,27.7355,85.3434
2025-01-30T04:00,6.8,99,6.6,862.0,1.3,180,Shankapark,27.7355,85.3434
2025-01-30T05:00,6.9,98,6.6,861.9,1.1,180,Shankapark,27.7355,85.3434
2025-01-30T06:00,7.2,100,7.2,862.6,1.1,171,Shankapark,27.7355,85.3434
2025-01-30T07:00,8.1,100,8.1,863.7,3.8,183,Shankapark,27.7355,85.3434
2025-01-30T08:00,11.2,91,9.9,865.7,3.0,163,Shankapark,27.7355,85.3434
2025-01-30T09:00,14.4,70,8.9,867.2,0.6,342,Shankapark,27.7355,85.3434
2025-01-30T10:00,16.6,53,7.1,867.6,3.4,344,Shankapark,27.7355,85.3434
2025-01-30T11:00,17.9,49,7.0,867.2,6.8,320,Shankapark,27.7355,85.3434
2025-01-30T12:00,18.5,50,7.8,866.1,9.3,313,Shankapark,27.7355,85.3434
2025-01-30T13:00,18.6,50,7.9,864.9,10.4,307,Shankapark,27.7355,85.3434
2025-01-30T14:00,18.4,48,7.3,864.3,10.4,309,Shankapark,27.7355,85.3434
2025-01-30T15:00,17.8,47,6.3,863.7,10.6,312,Shankapark,27.7355,85.3434
2025-01-30T16:00,16.5,50,6.1,863.3,8.0,318,Shankapark,27.7355,85.3434
2025-01-30T17:00,14.1,63,7.3,862.6,4.2,288,Shankapark,27.7355,85.3434
2025-01-30T18:00,13.2,74,8.6,862.7,4.7,268,Shankapark,27.7355,85.3434
2025-01-30T19:00,12.4,80,9.0,863.2,4.6,259,Shankapark,27.7355,85.3434
2025-01-30T20:00,11.5,85,9.2,863.4,2.9,223,Shankapark,27.7355,85.3434
2025-01-30T21:00,10.3,93,9.1,863.3,2.4,197,Shankapark,27.7355,85.3434
2025-01-30T22:00,9.2,97,8.7,862.8,3.6,189,Shankapark,27.7355,85.3434
2025-01-30T23:00,8.9,94,8.0,862.4,3.4,186,Shankapark,27.7355,85.3434
2025-01-31T00:00,9.0,90,7.5,862.0,2.7,180,Shankapark,27.7355,85.3434
2025-01-31T01:00,8.0,93,6.9,861.1,2.2,175,Shankapark,27.7355,85.3434
2025-01-31T02:00,7.4,95,6.6,860.3,2.9,173,Shankapark,27.7355,85.3434
2025-01-31T03:00,6.7,96,6.2,859.8,2.2,166,Shankapark,27.7355,85.3434
2025-01-31T04:00,6.9,91,5.6,859.8,2.2,166,Shankapark,27.7355,85.3434
2025-01-31T05:00,7.1,86,4.9,859.9,2.2,166,Shankapark,27.7355,85.3434
2025-01-31T06:00,7.8,87,5.7,860.9,1.7,167,Shankapark,27.7355,85.3434
2025-01-31T07:00,8.4,87,6.4,862.0,4.4,159,Shankapark,27.7355,85.3434
2025-01-31T08:00,11.9,82,8.9,864.5,5.2,146,Shankapark,27.7355,85.3434
2025-01-31T09:00,15.4,50,5.0,866.9,1.8,96,Shankapark,27.7355,85.3434
2025-01-31T10:00,17.4,38,3.1,867.5,1.5,346,Shankapark,27.7355,85.3434
2025-01-31T11:00,19.1,36,3.6,867.2,4.6,309,Shankapark,27.7355,85.3434
2025-01-31T12:00,19.9,36,4.6,866.6,8.0,297,Shankapark,27.7355,85.3434
2025-01-31T13:00,20.0,36,4.7,865.9,11.0,293,Shankapark,27.7355,85.3434
2025-01-31T14:00,19.5,37,4.3,865.4,11.2,292,Shankapark,27.7355,85.3434
2025-01-31T15:00,18.6,38,4.0,865.2,11.0,298,Shankapark,27.7355,85.3434
2025-01-31T16:00,17.1,46,5.3,864.9,8.1,307,Shankapark,27.7355,85.3434
2025-01-31T17:00,14.4,60,6.7,864.5,4.7,310,Shankapark,27.7355,85.3434
2025-01-31T18:00,12.9,73,8.3,864.8,3.6,288,Shankapark,27.7355,85.3434
2025-01-31T19:00,12.1,81,8.9,865.2,3.2,243,Shankapark,27.7355,85.3434
2025-01-31T20:00,11.3,85,8.9,865.5,2.2,194,Shankapark,27.7355,85.3434
2025-01-31T21:00,10.4,89,8.7,865.4,2.9,184,Shankapark,27.7355,85.3434
2025-01-31T22:00,9.0,95,8.2,864.6,2.9,176,Shankapark,27.7355,85.3434
2025-01-31T23:00,8.0,96,7.4,863.9,1.4,180,Shankapark,27.7355,85.3434
2025-02-01T00:00,7.7,94,6.8,863.4,2.2,175,Shankapark,27.7355,85.3434
2025-02-01T01:00,7.5,91,6.2,862.9,3.1,170,Shankapark,27.7355,85.3434
2025-02-01T02:00,7.5,86,5.3,862.5,2.6,164,Shankapark,27.7355,85.3434
2025-02-01T03:00,7.4,78,3.8,862.3,2.5,159,Shankapark,27.7355,85.3434
2025-02-01T04:00,7.2,72,2.4,861.9,3.1,167,Shankapark,27.7355,85.3434
2025-02-01T05:00,6.8,72,2.1,861.8,3.7,169,Shankapark,27.7355,85.3434
2025-02-01T06:00,7.5,76,3.6,862.8,2.6,168,Shankapark,27.7355,85.3434
2025-02-01T07:00,7.5,79,4.1,863.6,4.6,171,Shankapark,27.7355,85.3434
2025-02-01T08:00,11.6,76,7.5,866.2,3.2,153,Shankapark,27.7355,85.3434
2025-02-01T09:00,16.0,47,4.8,869.1,1.5,14,Shankapark,27.7355,85.3434
2025-02-01T10:00,17.9,38,3.4,869.5,3.6,333,Shankapark,27.7355,85.3434
2025-02-01T11:00,19.4,35,3.7,869.0,6.2,316,Shankapark,27.7355,85.3434
2025-02-01T12:00,20.2,38,5.6,868.4,10.1,305,Shankapark,27.7355,85.3434
2025-02-01T13:00,20.1,40,6.1,867.6,12.3,302,Shankapark,27.7355,85.3434
2025-02-01T14:00,19.4,39,5.1,867.1,12.7,303,Shankapark,27.7355,85.3434
2025-02-01T15:00,18.4,41,4.9,866.9,11.4,307,Shankapark,27.7355,85.3434
2025-02-01T16:00,16.9,49,6.0,866.8,8.0,310,Shankapark,27.7355,85.3434
2025-02-01T17:00,14.2,63,7.1,866.0,4.8,295,Shankapark,27.7355,85.3434
2025-02-01T18:00,13.3,66,7.0,865.7,4.0,262,Shankapark,27.7355,85.3434
2025-02-01T19:00,12.8,67,6.7,866.2,3.1,225,Shankapark,27.7355,85.3434
2025-02-01T20:00,12.4,68,6.7,866.3,2.8,207,Shankapark,27.7355,85.3434
2025-02-01T21:00,11.7,70,6.5,866.5,2.5,201,Shankapark,27.7355,85.3434
2025-02-01T22:00,11.3,68,5.7,866.1,2.5,201,Shankapark,27.7355,85.3434
2025-02-01T23:00,11.0,64,4.6,865.5,3.0,197,Shankapark,27.7355,85.3434
2025-02-02T00:00,10.8,59,3.1,865.1,2.8,198,Shankapark,27.7355,85.3434
2025-02-02T01:00,10.6,53,1.4,864.6,2.1,200,Shankapark,27.7355,85.3434
2025-02-02T02:00,10.9,47,-0.0,864.2,0.7,194,Shankapark,27.7355,85.3434
2025-02-02T03:00,10.7,45,-0.7,864.0,0.4,180,Shankapark,27.7355,85.3434
2025-02-02T04:00,10.2,45,-1.3,863.5,0.5,180,Shankapark,27.7355,85.3434
2025-02-02T05:00,9.6,45,-1.7,863.6,0.9,169,Shankapark,27.7355,85.3434
2025-02-02T06:00,7.9,55,-0.6,863.7,0.5,180,Shankapark,27.7355,85.3434
2025-02-02T07:00,9.6,48,-0.8,865.4,2.3,162,Shankapark,27.7355,85.3434
2025-02-02T08:00,12.3,54,3.2,867.2,4.8,153,Shankapark,27.7355,85.3434
2025-02-02T09:00,16.2,33,-0.3,869.5,2.3,86,Shankapark,27.7355,85.3434
2025-02-02T10:00,18.1,24,-2.6,869.7,3.5,321,Shankapark,27.7355,85.3434
2025-02-02T11:00,19.2,21,-3.4,869.0,6.8,312,Shankapark,27.7355,85.3434
2025-02-02T12:00,19.9,21,-3.0,868.2,9.7,312,Shankapark,27.7355,85.3434
2025-02-02T13:00,20.0,22,-2.2,867.2,11.3,312,Shankapark,27.7355,85.3434
2025-02-02T14:00,19.7,23,-2.2,866.4,12.4,312,Shankapark,27.7355,85.3434
2025-02-02T15:00,18.8,25,-1.9,866.0,12.1,314,Shankapark,27.7355,85.3434
2025-02-02T16:00,16.9,33,0.5,865.3,8.2,324,Shankapark,27.7355,85.3434
2025-02-02T17:00,14.2,46,2.7,864.5,5.6,297,Shankapark,27.7355,85.3434
2025-02-02T18:00,13.1,56,4.6,864.7,4.2,239,Shankapark,27.7355,85.3434
2025-02-02T19:00,12.2,57,3.8,864.9,3.4,212,Shankapark,27.7355,85.3434
2025-02-02T20:00,11.2,59,3.6,865.0,2.3,203,Shankapark,27.7355,85.3434
2025-02-02T21:00,10.7,59,3.1,865.6,1.8,204,Shankapark,27.7355,85.3434
2025-02-02T22:00,10.4,60,2.8,865.5,1.4,203,Shankapark,27.7355,85.3434
2025-02-02T23:00,10.1,60,2.6,864.8,1.1,198,Shankapark,27.7355,85.3434
2025-02-03T00:00,9.6,61,2.4,863.9,1.6,186,Shankapark,27.7355,85.3434
2025-02-03T01:00,9.3,61,2.1,863.0,2.7,176,Shankapark,27.7355,85.3434
2025-02-03T02:00,8.7,62,1.8,862.1,3.4,174,Shankapark,27.7355,85.3434
2025-02-03T03:00,7.9,63,1.3,861.3,4.5,166,Shankapark,27.7355,85.3434
2025-02-03T04:00,7.2,64,0.8,860.9,5.4,160,Shankapark,27.7355,85.3434
2025-02-03T05:00,7.0,62,0.3,861.1,6.9,157,Shankapark,27.7355,85.3434
2025-02-03T06:00,5.5,74,1.2,861.3,7.5,156,Shankapark,27.7355,85.3434
2025-02-03T07:00,6.8,70,1.8,862.4,8.0,155,Shankapark,27.7355,85.3434
2025-02-03T08:00,11.6,62,4.6,865.3,7.2,148,Shankapark,27.7355,85.3434
2025-02-03T09:00,16.8,42,3.8,868.4,2.7,138,Shankapark,27.7355,85.3434
2025-02-03T10:00,19.3,32,2.2,869.3,1.3,304,Shankapark,27.7355,85.3434
2025-02-03T11:00,20.6,31,2.7,869.0,4.5,304,Shankapark,27.7355,85.3434
2025-02-03T12:00,20.9,31,3.1,868.4,7.2,307,Shankapark,27.7355,85.3434
2025-02-03T13:00,20.8,32,3.7,867.7,8.9,308,Shankapark,27.7355,85.3434
2025-02-03T14:00,20.2,37,4.9,867.1,9.2,310,Shankapark,27.7355,85.3434
2025-02-03T15:00,19.3,42,6.0,866.9,8.8,316,Shankapark,27.7355,85.3434
2025-02-03T16:00,17.5,51,7.2,866.7,6.3,329,Shankapark,27.7355,85.3434
2025-02-03T17:00,14.4,70,9.1,865.9,2.8,333,Shankapark,27.7355,85.3434
2025-02-03T18:00,13.5,68,7.7,866.7,1.1,99,Shankapark,27.7355,85.3434
2025-02-03T19:00,12.6,72,7.8,867.1,1.1,189,Shankapark,27.7355,85.3434
2025-02-03T20:00,11.8,77,7.8,867.3,2.2,175,Shankapark,27.7355,85.3434
2025-02-03T21:00,11.1,81,7.9,867.0,2.9,180,Shankapark,27.7355,85.3434
2025-02-03T22:00,9.6,87,7.6,866.1,3.8,177,Shankapark,27.7355,85.3434
2025-02-03T23:00,8.1,94,7.1,865.7,3.4,177,Shankapark,27.7355,85.3434
2025-02-04T00:00,7.3,95,6.5,865.3,2.0,175,Shankapark,27.7355,85.3434
2025-02-04T01:00,7.2,94,6.3,865.1,1.6,174,Shankapark,27.7355,85.3434
2025-02-04T02:00,7.0,94,6.2,864.3,2.2,171,Shankapark,27.7355,85.3434
2025-02-04T03:00,6.8,95,6.0,863.9,3.0,166,Shankapark,27.7355,85.3434
2025-02-04T04:00,6.7,95,5.9,863.4,3.4,162,Shankapark,27.7355,85.3434
2025-02-04T05:00,6.7,94,5.8,863.2,3.4,162,Shankapark,27.7355,85.3434
2025-02-04T06:00,7.1,95,6.3,864.2,2.4,163,Shankapark,27.7355,85.3434
2025-02-04T07:00,7.9,95,7.1,865.1,5.5,167,Shankapark,27.7355,85.3434
2025-02-04T08:00,12.7,80,9.2,868.4,4.0,150,Shankapark,27.7355,85.3434
2025-02-04T09:00,15.9,56,7.0,870.4,0.9,233,Shankapark,27.7355,85.3434
2025-02-04T10:00,17.9,44,5.6,871.0,2.3,328,Shankapark,27.7355,85.3434
2025-02-04T11:00,19.7,37,4.6,870.7,6.2,319,Shankapark,27.7355,85.3434
2025-02-04T12:00,20.4,37,5.4,869.8,9.9,312,Shankapark,27.7355,85.3434
2025-02-04T13:00,20.6,37,5.5,868.8,10.0,311,Shankapark,27.7355,85.3434
2025-02-04T14:00,20.5,39,6.0,868.2,10.2,307,Shankapark,27.7355,85.3434
2025-02-04T15:00,19.8,43,7.0,867.6,9.8,308,Shankapark,27.7355,85.3434
2025-02-04T16:00,18.3,52,8.2,867.1,6.9,315,Shankapark,27.7355,85.3434
2025-02-04T17:00,15.2,72,10.2,866.1,3.4,302,Shankapark,27.7355,85.3434
2025-02-04T18:00,14.1,73,9.3,866.1,2.9,227,Shankapark,27.7355,85.3434
2025-02-04T19:00,13.7,73,9.0,866.1,3.3,209,Shankapark,27.7355,85.3434
2025-02-04T20:00,13.4,75,9.0,866.0,3.4,205,Shankapark,27.7355,85.3434
2025-02-04T21:00,12.9,74,8.4,866.1,3.0,213,Shankapark,27.7355,85.3434
2025-02-04T22:00,12.6,72,7.6,866.1,2.7,222,Shankapark,27.7355,85.3434
2025-02-04T23:00,12.2,70,6.9,865.6,2.8,207,Shankapark,27.7355,85.3434
2025-02-05T00:00,12.0,69,6.4,865.0,3.1,193,Shankapark,27.7355,85.3434
2025-02-05T01:00,11.9,68,6.3,864.5,3.4,186,Shankapark,27.7355,85.3434
2025-02-05T02:00,11.9,69,6.4,864.0,3.3,189,Shankapark,27.7355,85.3434
2025-02-05T03:00,12.0,69,6.4,863.8,3.3,193,Shankapark,27.7355,85.3434
2025-02-05T04:00,12.0,68,6.3,863.7,3.3,193,Shankapark,27.7355,85.3434
2025-02-05T05:00,12.1,67,6.2,864.0,3.4,196,Shankapark,27.7355,85.3434
2025-02-05T06:00,12.0,67,6.1,864.7,3.6,217,Shankapark,27.7355,85.3434
2025-02-05T07:00,13.7,63,6.8,865.9,3.8,199,Shankapark,27.7355,85.3434
2025-02-05T08:00,16.2,61,8.7,867.6,4.8,202,Shankapark,27.7355,85.3434
2025-02-05T09:00,18.8,48,7.7,869.5,4.0,278,Shankapark,27.7355,85.3434
2025-02-05T10:00,20.5,43,7.5,869.7,8.9,298,Shankapark,27.7355,85.3434
2025-02-05T11:00,21.2,42,7.9,869.3,13.0,294,Shankapark,27.7355,85.3434
2025-02-05T12:00,21.5,41,7.6,868.5,14.8,291,Shankapark,27.7355,85.3434
2025-02-05T13:00,21.4,39,6.9,867.6,15.1,290,Shankapark,27.7355,85.3434
2025-02-05T14:00,21.0,39,6.7,866.8,14.9,288,Shankapark,27.7355,85.3434
2025-02-05T15:00,20.2,41,6.6,866.4,13.6,285,Shankapark,27.7355,85.3434
2025-02-05T16:00,18.8,47,7.1,865.8,11.2,280,Shankapark,27.7355,85.3434
2025-02-05T17:00,16.1,57,7.6,865.2,8.0,260,Shankapark,27.7355,85.3434
2025-02-05T18:00,14.0,73,9.2,864.9,3.6,252,Shankapark,27.7355,85.3434
2025-02-05T19:00,13.6,73,8.8,865.4,3.0,218,Shankapark,27.7355,85.3434
2025-02-05T20:00,12.9,78,9.2,865.7,4.8,209,Shankapark,27.7355,85.3434
2025-02-05T21:00,11.9,84,9.4,865.9,3.5,195,Shankapark,27.7355,85.3434
2025-02-05T22:00,11.3,87,9.2,865.8,2.4,189,Shankapark,27.7355,85.3434
2025-02-05T23:00,11.0,87,8.8,865.1,1.6,180,Shankapark,27.7355,85.3434
2025-02-06T00:00,10.6,86,8.3,864.6,1.5,166,Shankapark,27.7355,85.3434
2025-02-06T01:00,10.2,85,7.8,864.1,1.7,162,Shankapark,27.7355,85.3434
2025-02-06T02:00,10.0,84,7.3,863.3,2.5,159,Shankapark,27.7355,85.3434
2025-02-06T03:00,9.6,83,6.8,862.6,2.8,153,Shankapark,27.7355,85.3434
2025-02-06T04:00,9.5,79,6.1,862.2,3.2,161,Shankapark,27.7355,85.3434
2025-02-06T05:00,9.0,75,4.9,862.1,4.6,162,Shankapark,27.7355,85.3434
2025-02-06T06:00,8.4,90,6.8,862.6,3.7,166,Shankapark,27.7355,85.3434
2025-02-06T07:00,8.6,91,7.2,863.2,5.6,165,Shankapark,27.7355,85.3434
2025-02-06T08:00,13.2,76,9.1,866.0,4.6,154,Shankapark,27.7355,85.3434
2025-02-06T09:00,17.2,39,3.3,868.5,1.8,96,Shankapark,27.7355,85.3434
2025-02-06T10:00,19.6,31,1.9,868.8,1.5,353,Shankapark,27.7355,85.3434
2025-02-06T11:00,21.2,28,1.9,868.5,5.2,304,Shankapark,27.7355,85.3434
2025-02-06T12:00,21.7,30,3.3,867.8,10.3,295,Shankapark,27.7355,85.3434
2025-02-06T13:00,21.6,29,2.7,867.1,13.0,295,Shankapark,27.7355,85.3434
2025-02-06T14:00,21.2,25,0.1,866.6,12.9,290,Shankapark,27.7355,85.3434
2025-02-06T15:00,20.3,25,-0.3,865.9,11.0,291,Shankapark,27.7355,85.3434
2025-02-06T16:00,18.8,33,2.2,865.4,8.1,291,Shankapark,27.7355,85.3434
2025-02-06T17:00,15.5,55,6.6,864.7,4.2,275,Shankapark,27.7355,85.3434
2025-02-06T18:00,14.4,57,6.1,865.2,3.9,236,Shankapark,27.7355,85.3434
2025-02-06T19:00,13.9,63,7.1,866.0,3.9,242,Shankapark,27.7355,85.3434
2025-02-06T20:00,13.2,73,8.4,866.1,3.8,225,Shankapark,27.7355,85.3434
2025-02-06T21:00,12.2,74,7.7,865.9,3.1,211,Shankapark,27.7355,85.3434
2025-02-06T22:00,11.9,64,5.2,865.6,3.8,199,Shankapark,27.7355,85.3434
2025-02-06T23:00,11.2,56,2.8,865.2,3.1,190,Shankapark,27.7355,85.3434
2025-02-07T00:00,10.4,58,2.4,864.2,2.4,189,Shankapark,27.7355,85.3434
2025-02-07T01:00,9.9,56,1.6,863.7,2.0,185,Shankapark,27.7355,85.3434
2025-02-07T02:00,9.6,54,0.9,863.1,2.5,184,Shankapark,27.7355,85.3434
2025-02-07T03:00,8.7,57,0.6,862.3,1.3,172,Shankapark,27.7355,85.3434
2025-02-07T04:00,7.9,59,0.3,861.8,1.4,157,Shankapark,27.7355,85.3434
2025-02-07T05:00,7.2,63,0.6,861.8,3.1,159,Shankapark,27.7355,85.3434
2025-02-07T06:00,8.5,69,3.1,863.1,2.4,171,Shankapark,27.7355,85.3434
2025-02-07T07:00,9.4,63,2.6,864.0,3.8,163,Shankapark,27.7355,85.3434
2025-02-07T08:00,12.6,61,5.3,866.1,5.0,161,Shankapark,27.7355,85.3434
2025-02-07T09:00,16.6,35,1.1,868.5,0.8,135,Shankapark,27.7355,85.3434
2025-02-07T10:00,19.1,24,-1.8,869.0,2.1,329,Shankapark,27.7355,85.3434
2025-02-07T11:00,20.9,19,-3.6,868.6,6.7,322,Shankapark,27.7355,85.3434
2025-02-07T12:00,21.6,23,-0.5,868.0,10.2,304,Shankapark,27.7355,85.3434
2025-02-07T13:00,21.2,32,3.9,867.5,12.5,298,Shankapark,27.7355,85.3434
2025-02-07T14:00,20.4,34,4.1,866.9,12.5,300,Shankapark,27.7355,85.3434
2025-02-07T15:00,19.6,33,2.8,866.3,10.3,306,Shankapark,27.7355,85.3434
2025-02-07T16:00,18.3,35,2.7,865.9,7.6,304,Shankapark,27.7355,85.3434
2025-02-07T17:00,15.5,52,5.8,865.2,4.5,284,Shankapark,27.7355,85.3434
2025-02-07T18:00,14.4,56,5.7,865.5,4.2,250,Shankapark,27.7355,85.3434
2025-02-07T19:00,13.4,62,6.2,865.9,3.1,234,Shankapark,27.7355,85.3434
2025-02-07T20:00,12.3,67,6.4,866.0,2.1,218,Shankapark,27.7355,85.3434
2025-02-07T21:00,11.5,68,5.9,865.9,1.7,198,Shankapark,27.7355,85.3434
2025-02-07T22:00,10.6,70,5.3,865.7,1.1,189,Shankapark,27.7355,85.3434
2025-02-07T23:00,10.0,67,4.2,865.1,0.9,169,Shankapark,27.7355,85.3434
2025-02-08T00:00,9.5,65,3.4,864.3,1.5,159,Shankapark,27.7355,85.3434
2025-02-08T01:00,9.3,65,3.0,863.5,2.6,155,Shankapark,27.7355,85.3434
2025-02-08T02:00,8.7,70,3.5,862.5,3.2,161,Shankapark,27.7355,85.3434
2025-02-08T03:00,7.9,76,4.0,861.8,3.7,157,Shankapark,27.7355,85.3434
2025-02-08T04:00,7.2,80,4.0,861.5,3.4,162,Shankapark,27.7355,85.3434
2025-02-08T05:00,6.7,82,3.9,861.5,4.3,158,Shankapark,27.7355,85.3434
2025-02-08T06:00,6.1,80,3.0,862.2,5.5,157,Shankapark,27.7355,85.3434
2025-02-08T07:00,7.0,77,3.3,863.6,6.3,160,Shankapark,27.7355,85.3434
2025-02-08T08:00,12.4,66,6.2,867.2,4.8,138,Shankapark,27.7355,85.3434
2025-02-08T09:00,15.8,44,3.7,869.2,3.1,103,Shankapark,27.7355,85.3434
2025-02-08T10:00,18.1,35,2.4,870.0,1.3,74,Shankapark,27.7355,85.3434
2025-02-08T11:00,19.5,31,1.9,869.6,0.4,63,Shankapark,27.7355,85.3434
2025-02-08T12:00,20.3,31,2.5,868.8,3.4,286,Shankapark,27.7355,85.3434
2025-02-08T13:00,20.2,32,3.1,867.9,6.7,290,Shankapark,27.7355,85.3434
2025-02-08T14:00,19.7,36,4.1,867.3,9.1,300,Shankapark,27.7355,85.3434
2025-02-08T15:00,18.6,42,5.4,866.7,8.9,302,Shankapark,27.7355,85.3434
2025-02-08T16:00,17.1,51,6.8,866.3,8.0,301,Shankapark,27.7355,85.3434
2025-02-08T17:00,14.9,65,8.3,866.4,5.6,297,Shankapark,27.7355,85.3434
2025-02-08T18:00,13.8,71,8.7,866.7,5.7,283,Shankapark,27.7355,85.3434
2025-02-08T19:00,12.6,83,9.8,867.3,5.2,272,Shankapark,27.7355,85.3434
2025-02-08T20:00,11.5,91,10.1,867.5,2.3,241,Shankapark,27.7355,85.3434
2025-02-08T21:00,10.6,96,10.0,867.6,1.6,207,Shankapark,27.7355,85.3434
2025-02-08T22:00,9.8,99,9.6,867.2,3.1,187,Shankapark,27.7355,85.3434
2025-02-08T23:00,8.9,100,8.9,866.2,4.9,174,Shankapark,27.7355,85.3434
2025-02-09T00:00,8.3,100,8.3,865.4,5.5,171,Shankapark,27.7355,85.3434
2025-02-09T01:00,7.7,100,7.7,864.5,5.7,167,Shankapark,27.7355,85.3434
2025-02-09T02:00,7.3,100,7.3,863.5,6.3,167,Shankapark,27.7355,85.3434
2025-02-09T03:00,7.1,100,7.1,863.2,6.6,164,Shankapark,27.7355,85.3434
2025-02-09T04:00,6.4,100,6.4,862.6,5.5,163,Shankapark,27.7355,85.3434
2025-02-09T05:00,5.3,100,5.3,862.4,5.4,159,Shankapark,27.7355,85.3434
2025-02-09T06:00,6.4,100,6.4,863.7,6.9,147,Shankapark,27.7355,85.3434
2025-02-09T07:00,7.4,98,7.0,865.0,6.2,144,Shankapark,27.7355,85.3434
2025-02-09T08:00,10.6,92,9.3,867.3,4.3,123,Shankapark,27.7355,85.3434
2025-02-09T09:00,13.9,68,8.2,868.9,4.2,110,Shankapark,27.7355,85.3434
2025-02-09T10:00,16.6,54,7.3,869.2,3.0,115,Shankapark,27.7355,85.3434
2025-02-09T11:00,18.4,50,7.9,868.9,0.9,169,Shankapark,27.7355,85.3434
2025-02-09T12:00,19.6,48,8.2,868.0,3.5,285,Shankapark,27.7355,85.3434
2025-02-09T13:00,19.8,46,7.8,867.0,8.0,295,Shankapark,27.7355,85.3434
2025-02-09T14:00,19.3,48,8.1,866.4,10.3,289,Shankapark,27.7355,85.3434
2025-02-09T15:00,18.3,52,8.4,865.8,9.5,284,Shankapark,27.7355,85.3434
2025-02-09T16:00,17.0,57,8.5,865.7,7.2,289,Shankapark,27.7355,85.3434
2025-02-09T17:00,15.2,74,10.6,865.4,2.2,275,Shankapark,27.7355,85.3434
2025-02-09T18:00,14.7,71,9.4,866.2,6.1,289,Shankapark,27.7355,85.3434
2025-02-09T19:00,13.3,81,10.1,866.4,3.5,279,Shankapark,27.7355,85.3434
2025-02-09T20:00,12.3,85,9.8,866.5,1.9,214,Shankapark,27.7355,85.3434
2025-02-09T21:00,11.4,89,9.7,866.8,1.9,197,Shankapark,27.7355,85.3434
2025-02-09T22:00,10.0,96,9.4,866.0,2.9,184,Shankapark,27.7355,85.3434
2025-02-09T23:00,8.8,100,8.8,865.1,3.2,177,Shankapark,27.7355,85.3434
2025-02-10T00:00,8.0,100,8.0,864.4,3.0,163,Shankapark,27.7355,85.3434
2025-02-10T01:00,7.6,100,7.6,863.7,4.8,160,Shankapark,27.7355,85.3434
2025-02-10T02:00,7.7,100,7.7,863.2,5.6,163,Shankapark,27.7355,85.3434
2025-02-10T03:00,7.2,100,7.2,862.7,5.9,162,Shankapark,27.7355,85.3434
2025-02-10T04:00,6.9,100,6.9,862.4,6.0,163,Shankapark,27.7355,85.3434
2025-02-10T05:00,6.6,100,6.6,862.7,7.0,157,Shankapark,27.7355,85.3434
2025-02-10T06:00,5.6,100,5.6,863.5,6.4,155,Shankapark,27.7355,85.3434
2025-02-10T07:00,7.7,99,7.5,865.2,8.1,148,Shankapark,27.7355,85.3434
2025-02-10T08:00,12.0,86,9.7,868.0,6.2,136,Shankapark,27.7355,85.3434
2025-02-10T09:00,15.6,68,9.7,870.1,2.7,132,Shankapark,27.7355,85.3434
2025-02-10T10:00,18.2,55,8.9,870.7,2.4,287,Shankapark,27.7355,85.3434
2025-02-10T11:00,19.7,40,5.7,870.3,8.0,288,Shankapark,27.7355,85.3434
2025-02-10T12:00,20.1,35,4.2,869.3,12.7,288,Shankapark,27.7355,85.3434
2025-02-10T13:00,19.8,36,4.5,868.4,14.1,291,Shankapark,27.7355,85.3434
2025-02-10T14:00,19.1,38,4.4,867.5,13.4,298,Shankapark,27.7355,85.3434
2025-02-10T15:00,18.2,42,5.1,867.2,12.1,318,Shankapark,27.7355,85.3434
2025-02-10T16:00,16.8,49,5.9,866.8,9.1,324,Shankapark,27.7355,85.3434
2025-02-10T17:00,14.8,61,7.3,866.0,4.4,291,Shankapark,27.7355,85.3434
2025-02-10T18:00,14.1,65,7.6,866.2,4.4,258,Shankapark,27.7355,85.3434
2025-02-10T19:00,13.9,66,7.8,866.5,4.2,252,Shankapark,27.7355,85.3434
2025-02-10T20:00,13.1,71,8.0,866.8,3.0,237,Shankapark,27.7355,85.3434
2025-02-10T21:00,12.8,72,7.8,866.8,2.9,202,Shankapark,27.7355,85.3434
2025-02-10T22:00,12.0,74,7.5,866.3,2.4,193,Shankapark,27.7355,85.3434
2025-02-10T23:00,11.3,76,7.2,865.7,1.6,186,Shankapark,27.7355,85.3434
2025-02-11T00:00,11.0,76,6.8,865.1,0.9,180,Shankapark,27.7355,85.3434
2025-02-11T01:00,10.8,76,6.7,864.3,1.1,180,Shankapark,27.7355,85.3434
2025-02-11T02:00,10.5,77,6.6,863.6,2.6,168,Shankapark,27.7355,85.3434
2025-02-11T03:00,10.1,79,6.6,862.9,4.1,165,Shankapark,27.7355,85.3434
2025-02-11T04:00,9.6,82,6.7,862.6,5.1,163,Shankapark,27.7355,85.3434
2025-02-11T05:00,9.1,83,6.5,862.7,5.5,161,Shankapark,27.7355,85.3434
2025-02-11T06:00,7.4,92,6.2,862.7,6.2,154,Shankapark,27.7355,85.3434
2025-02-11T07:00,8.9,86,6.7,864.1,7.7,156,Shankapark,27.7355,85.3434
2025-02-11T08:00,13.2,71,8.0,866.9,5.6,135,Shankapark,27.7355,85.3434
2025-02-11T09:00,16.2,53,6.7,868.3,4.1,105,Shankapark,27.7355,85.3434
2025-02-11T10:00,18.6,36,3.2,868.8,1.0,22,Shankapark,27.7355,85.3434
2025-02-11T11:00,19.8,27,0.3,868.3,9.5,291,Shankapark,27.7355,85.3434
2025-02-11T12:00,20.2,25,-0.2,867.5,13.2,292,Shankapark,27.7355,85.3434
2025-02-11T13:00,20.3,24,-1.0,866.8,12.7,293,Shankapark,27.7355,85.3434
2025-02-11T14:00,20.1,27,0.6,865.8,11.9,288,Shankapark,27.7355,85.3434
2025-02-11T15:00,19.4,29,0.7,865.2,12.5,285,Shankapark,27.7355,85.3434
2025-02-11T16:00,18.2,34,2.2,864.9,9.5,291,Shankapark,27.7355,85.3434
2025-02-11T17:00,15.8,50,5.4,864.1,4.2,277,Shankapark,27.7355,85.3434
2025-02-11T18:00,14.5,63,7.6,864.5,4.3,237,Shankapark,27.7355,85.3434
2025-02-11T19:00,13.5,74,8.9,864.8,7.1,214,Shankapark,27.7355,85.3434
2025-02-11T20:00,12.6,84,9.9,865.0,6.4,220,Shankapark,27.7355,85.3434
2025-02-11T21:00,11.9,86,9.6,865.1,5.2,207,Shankapark,27.7355,85.3434
2025-02-11T22:00,11.5,86,9.2,865.1,4.4,192,Shankapark,27.7355,85.3434
2025-02-11T23:00,10.5,89,8.7,864.5,4.0,180,Shankapark,27.7355,85.3434
2025-02-12T00:00,9.5,91,8.1,863.7,4.1,178,Shankapark,27.7355,85.3434
2025-02-12T01:00,8.5,94,7.6,862.7,3.7,169,Shankapark,27.7355,85.3434
2025-02-12T02:00,8.6,92,7.4,862.1,4.7,162,Shankapark,27.7355,85.3434
2025-02-12T03:00,8.9,89,7.2,861.9,4.8,155,Shankapark,27.7355,85.3434
2025-02-12T04:00,8.7,88,6.9,861.7,5.6,147,Shankapark,27.7355,85.3434
2025-02-12T05:00,8.7,88,6.8,862.1,5.5,148,Shankapark,27.7355,85.3434
2025-02-12T06:00,7.4,100,7.4,862.0,5.2,158,Shankapark,27.7355,85.3434
2025-02-12T07:00,9.2,97,8.7,863.4,6.5,157,Shankapark,27.7355,85.3434
2025-02-12T08:00,13.1,82,10.1,866.4,4.5,124,Shankapark,27.7355,85.3434
2025-02-12T09:00,15.5,62,8.3,867.8,4.2,95,Shankapark,27.7355,85.3434
2025-02-12T10:00,17.7,41,4.2,868.3,3.8,73,Shankapark,27.7355,85.3434
2025-02-12T11:00,19.3,31,2.0,867.7,3.6,288,Shankapark,27.7355,85.3434
2025-02-12T12:00,19.8,28,0.8,866.9,9.5,284,Shankapark,27.7355,85.3434
2025-02-12T13:00,19.7,28,0.9,865.7,11.2,280,Shankapark,27.7355,85.3434
2025-02-12T14:00,19.2,29,0.8,865.3,14.1,276,Shankapark,27.7355,85.3434
2025-02-12T15:00,18.3,29,-0.0,864.7,13.5,271,Shankapark,27.7355,85.3434
2025-02-12T16:00,16.9,41,3.7,864.8,13.0,272,Shankapark,27.7355,85.3434
2025-02-12T17:00,14.8,56,6.1,864.8,9.4,278,Shankapark,27.7355,85.3434
2025-02-12T18:00,13.3,67,7.3,865.5,3.8,259,Shankapark,27.7355,85.3434
2025-02-12T19:00,12.8,74,8.3,865.5,5.2,221,Shankapark,27.7355,85.3434
2025-02-12T20:00,12.6,77,8.6,865.8,5.7,217,Shankapark,27.7355,85.3434
2025-02-12T21:00,12.4,77,8.5,866.1,4.8,228,Shankapark,27.7355,85.3434
2025-02-12T22:00,11.8,80,8.4,865.9,2.8,225,Shankapark,27.7355,85.3434
2025-02-12T23:00,11.3,80,8.0,865.3,0.7,166,Shankapark,27.7355,85.3434
2025-02-13T00:00,11.2,78,7.6,864.4,3.4,155,Shankapark,27.7355,85.3434
2025-02-13T01:00,10.3,83,7.6,863.4,4.6,159,Shankapark,27.7355,85.3434
2025-02-13T02:00,9.3,88,7.4,862.3,5.0,159,Shankapark,27.7355,85.3434
2025-02-13T03:00,8.8,89,7.2,861.7,5.8,154,Shankapark,27.7355,85.3434
2025-02-13T04:00,8.7,88,6.8,861.4,5.9,153,Shankapark,27.7355,85.3434
2025-02-13T05:00,8.6,85,6.2,861.3,5.5,157,Shankapark,27.7355,85.3434
2025-02-13T06:00,7.5,93,6.4,861.1,5.9,160,Shankapark,27.7355,85.3434
2025-02-13T07:00,8.8,88,7.0,862.4,7.9,160,Shankapark,27.7355,85.3434
2025-02-13T08:00,12.8,73,8.0,864.9,5.7,134,Shankapark,27.7355,85.3434
2025-02-13T09:00,15.2,55,6.1,866.5,5.2,115,Shankapark,27.7355,85.3434
2025-02-13T10:00,17.2,47,5.8,866.6,3.7,113,Shankapark,27.7355,85.3434
2025-02-13T11:00,18.7,42,5.6,866.6,2.0,260,Shankapark,27.7355,85.3434
2025-02-13T12:00,19.8,33,3.1,865.5,9.1,285,Shankapark,27.7355,85.3434
2025-02-13T13:00,19.8,33,3.2,864.4,12.2,284,Shankapark,27.7355,85.3434
2025-02-13T14:00,19.1,37,4.0,863.4,13.6,282,Shankapark,27.7355,85.3434
2025-02-13T15:00,18.1,39,3.9,863.0,11.3,278,Shankapark,27.7355,85.3434
2025-02-13T16:00,16.7,44,4.2,862.9,10.3,277,Shankapark,27.7355,85.3434
2025-02-13T17:00,14.6,56,5.8,863.0,6.9,295,Shankapark,27.7355,85.3434
2025-02-13T18:00,13.1,70,7.8,864.0,5.8,268,Shankapark,27.7355,85.3434
2025-02-13T19:00,12.2,78,8.6,864.1,3.0,237,Shankapark,27.7355,85.3434
2025-02-13T20:00,11.5,83,8.7,864.2,1.5,187,Shankapark,27.7355,85.3434
2025-02-13T21:00,10.7,89,8.9,864.2,0.2,180,Shankapark,27.7355,85.3434
2025-02-13T22:00,10.4,89,8.6,864.0,0.9,191,Shankapark,27.7355,85.3434
2025-02-13T23:00,10.0,90,8.4,863.5,1.7,193,Shankapark,27.7355,85.3434
2025-02-14T00:00,9.4,93,8.2,862.6,1.8,180,Shankapark,27.7355,85.3434
2025-02-14T01:00,8.3,98,8.0,861.4,3.3,171,Shankapark,27.7355,85.3434
2025-02-14T02:00,7.3,100,7.3,860.1,3.7,169,Shankapark,27.7355,85.3434
2025-02-14T03:00,6.6,100,6.6,859.8,4.9,163,Shankapark,27.7355,85.3434
2025-02-14T04:00,6.5,100,6.5,859.5,5.6,165,Shankapark,27.7355,85.3434
2025-02-14T05:00,6.0,100,6.0,859.2,5.9,162,Shankapark,27.7355,85.3434
2025-02-14T06:00,6.1,100,6.1,860.1,7.0,154,Shankapark,27.7355,85.3434
2025-02-14T07:00,7.8,99,7.6,861.8,7.5,153,Shankapark,27.7355,85.3434
2025-02-14T08:00,11.6,83,8.9,864.4,5.6,123,Shankapark,27.7355,85.3434
2025-02-14T09:00,14.4,65,7.8,865.5,5.2,110,Shankapark,27.7355,85.3434
2025-02-14T10:00,16.7,54,7.3,865.9,3.8,109,Shankapark,27.7355,85.3434
2025-02-14T11:00,18.6,48,7.3,865.4,0.8,207,Shankapark,27.7355,85.3434
2025-02-14T12:00,19.8,41,6.2,864.4,4.9,272,Shankapark,27.7355,85.3434
2025-02-14T13:00,19.8,42,6.6,863.5,11.2,282,Shankapark,27.7355,85.3434
2025-02-14T14:00,18.8,50,8.1,862.7,12.3,282,Shankapark,27.7355,85.3434
2025-02-14T15:00,17.9,52,7.8,862.4,11.0,284,Shankapark,27.7355,85.3434
2025-02-14T16:00,16.5,54,7.1,862.2,9.9,291,Shankapark,27.7355,85.3434
2025-02-14T17:00,14.7,63,7.7,862.3,7.5,290,Shankapark,27.7355,85.3434
2025-02-14T18:00,13.2,74,8.7,863.0,8.5,277,Shankapark,27.7355,85.3434
2025-02-14T19:00,12.3,81,9.1,863.3,4.6,279,Shankapark,27.7355,85.3434
2025-02-14T20:00,11.6,88,9.6,864.0,1.2,219,Shankapark,27.7355,85.3434
2025-02-14T21:00,10.8,92,9.5,864.1,0.8,153,Shankapark,27.7355,85.3434
2025-02-14T22:00,10.0,96,9.4,863.6,2.2,156,Shankapark,27.7355,85.3434
2025-02-14T23:00,9.4,99,9.2,863.5,1.8,180,Shankapark,27.7355,85.3434
2025-02-15T00:00,8.9,100,8.9,862.9,1.7,167,Shankapark,27.7355,85.3434
2025-02-15T01:00,8.5,100,8.5,862.2,3.8,161,Shankapark,27.7355,85.3434
2025-02-15T02:00,8.2,100,8.2,861.8,4.8,165,Shankapark,27.7355,85.3434
2025-02-15T03:00,7.8,100,7.8,861.1,7.1,153,Shankapark,27.7355,85.3434
2025-02-15T04:00,7.5,100,7.5,861.0,8.0,152,Shankapark,27.7355,85.3434
2025-02-15T05:00,7.4,100,7.4,861.5,7.7,152,Shankapark,27.7355,85.3434
2025-02-15T06:00,7.4,99,7.2,862.6,7.5,145,Shankapark,27.7355,85.3434
2025-02-15T07:00,8.6,93,7.5,864.2,7.7,139,Shankapark,27.7355,85.3434
2025-02-15T08:00,11.2,80,7.8,866.3,5.2,117,Shankapark,27.7355,85.3434
2025-02-15T09:00,13.5,65,7.1,867.5,5.8,106,Shankapark,27.7355,85.3434
2025-02-15T10:00,15.9,51,5.9,867.8,5.5,101,Shankapark,27.7355,85.3434
2025-02-15T11:00,17.4,45,5.2,867.2,6.3,85,Shankapark,27.7355,85.3434
2025-02-15T12:00,17.8,45,5.5,866.1,4.2,50,Shankapark,27.7355,85.3434
2025-02-15T13:00,18.3,43,5.5,865.4,4.0,278,Shankapark,27.7355,85.3434
2025-02-15T14:00,17.9,45,5.9,864.9,6.7,275,Shankapark,27.7355,85.3434
2025-02-15T15:00,16.8,49,6.1,864.3,7.7,281,Shankapark,27.7355,85.3434
2025-02-15T16:00,15.6,52,5.7,864.2,7.9,274,Shankapark,27.7355,85.3434
2025-02-15T17:00,14.5,54,5.4,864.2,6.4,259,Shankapark,27.7355,85.3434
2025-02-15T18:00,13.3,70,7.9,864.6,5.5,238,Shankapark,27.7355,85.3434
2025-02-15T19:00,12.3,78,8.6,864.7,4.2,234,Shankapark,27.7355,85.3434
2025-02-15T20:00,11.8,81,8.6,865.1,2.3,238,Shankapark,27.7355,85.3434
2025-02-15T21:00,11.0,87,8.9,865.1,0.9,191,Shankapark,27.7355,85.3434
2025-02-15T22:00,10.4,89,8.6,865.0,3.4,174,Shankapark,27.7355,85.3434
2025-02-15T23:00,9.7,91,8.3,864.4,2.9,133,Shankapark,27.7355,85.3434
2025-02-16T00:00,9.4,93,8.4,864.3,1.6,186,Shankapark,27.7355,85.3434
2025-02-16T01:00,8.9,95,8.1,863.3,4.2,149,Shankapark,27.7355,85.3434
2025-02-16T02:00,7.9,99,7.8,862.5,5.2,146,Shankapark,27.7355,85.3434
2025-02-16T03:00,7.1,100,7.1,861.9,5.1,148,Shankapark,27.7355,85.3434
2025-02-16T04:00,7.1,97,6.6,861.7,6.6,145,Shankapark,27.7355,85.3434
2025-02-16T05:00,6.6,97,6.2,861.8,6.8,153,Shankapark,27.7355,85.3434
2025-02-16T06:00,6.1,100,6.1,862.5,6.0,155,Shankapark,27.7355,85.3434
2025-02-16T07:00,7.5,97,7.0,864.0,6.6,145,Shankapark,27.7355,85.3434
2025-02-16T08:00,12.1,73,7.4,866.8,3.9,127,Shankapark,27.7355,85.3434
2025-02-16T09:00,14.5,57,6.2,868.2,2.2,76,Shankapark,27.7355,85.3434
2025-02-16T10:00,16.3,49,5.7,868.5,3.7,313,Shankapark,27.7355,85.3434
2025-02-16T11:00,17.8,42,4.8,868.3,6.8,310,Shankapark,27.7355,85.3434
2025-02-16T12:00,18.5,41,4.9,867.3,9.9,303,Shankapark,27.7355,85.3434
2025-02-16T13:00,18.8,39,4.4,866.4,11.3,295,Shankapark,27.7355,85.3434
2025-02-16T14:00,18.6,39,4.2,865.7,11.7,299,Shankapark,27.7355,85.3434
2025-02-16T15:00,17.7,43,4.8,865.5,9.0,313,Shankapark,27.7355,85.3434
2025-02-16T16:00,17.0,44,4.7,865.5,6.0,327,Shankapark,27.7355,85.3434
2025-02-16T17:00,15.6,63,8.5,865.5,0.5,270,Shankapark,27.7355,85.3434
2025-02-16T18:00,14.2,64,7.6,866.3,3.3,283,Shankapark,27.7355,85.3434
2025-02-16T19:00,13.2,67,7.3,866.9,4.0,234,Shankapark,27.7355,85.3434
2025-02-16T20:00,12.1,77,8.1,867.3,2.2,204,Shankapark,27.7355,85.3434
2025-02-16T21:00,11.3,82,8.3,867.4,0.5,180,Shankapark,27.7355,85.3434
2025-02-16T22:00,10.8,83,8.0,867.4,2.1,160,Shankapark,27.7355,85.3434
2025-02-16T23:00,10.6,83,7.8,867.3,2.8,162,Shankapark,27.7355,85.3434
2025-02-17T00:00,9.8,86,7.7,867.0,2.9,169,Shankapark,27.7355,85.3434
2025-02-17T01:00,8.9,90,7.4,866.2,3.9,158,Shankapark,27.7355,85.3434
2025-02-17T02:00,8.4,92,7.2,865.5,4.9,152,Shankapark,27.7355,85.3434
2025-02-17T03:00,8.1,93,7.1,865.2,5.8,150,Shankapark,27.7355,85.3434
2025-02-17T04:00,7.6,94,6.8,865.0,6.4,148,Shankapark,27.7355,85.3434
2025-02-17T05:00,7.1,95,6.4,865.3,6.2,147,Shankapark,27.7355,85.3434
2025-02-17T06:00,6.9,100,6.9,866.1,5.9,157,Shankapark,27.7355,85.3434
2025-02-17T07:00,8.0,96,7.4,867.7,4.8,151,Shankapark,27.7355,85.3434
2025-02-17T08:00,12.9,77,9.0,870.5,3.2,117,Shankapark,27.7355,85.3434
2025-02-17T09:00,14.5,67,8.4,871.3,2.6,102,Shankapark,27.7355,85.3434
2025-02-17T10:00,16.1,58,7.8,871.5,1.7,302,Shankapark,27.7355,85.3434
2025-02-17T11:00,16.9,50,6.6,871.1,6.5,283,Shankapark,27.7355,85.3434
2025-02-17T12:00,17.2,48,6.1,870.3,9.1,292,Shankapark,27.7355,85.3434
2025-02-17T13:00,17.3,47,5.9,869.4,9.3,298,Shankapark,27.7355,85.3434
2025-02-17T14:00,17.2,47,5.8,868.8,9.6,298,Shankapark,27.7355,85.3434
2025-02-17T15:00,16.9,49,6.2,868.4,7.6,295,Shankapark,27.7355,85.3434
2025-02-17T16:00,16.0,54,6.7,868.2,7.3,287,Shankapark,27.7355,85.3434
2025-02-17T17:00,14.2,65,7.7,867.9,6.4,297,Shankapark,27.7355,85.3434
2025-02-17T18:00,13.2,76,9.0,868.1,5.7,252,Shankapark,27.7355,85.3434
2025-02-17T19:00,12.4,82,9.4,868.6,4.7,254,Shankapark,27.7355,85.3434
2025-02-17T20:00,12.3,83,9.5,869.1,3.2,297,Shankapark,27.7355,85.3434
2025-02-17T21:00,11.5,88,9.5,869.0,0.4,207,Shankapark,27.7355,85.3434
2025-02-17T22:00,11.0,88,9.2,868.8,2.2,185,Shankapark,27.7355,85.3434
2025-02-17T23:00,10.1,93,9.1,868.0,2.7,180,Shankapark,27.7355,85.3434
2025-02-18T00:00,8.9,98,8.7,866.6,2.7,172,Shankapark,27.7355,85.3434
2025-02-18T01:00,7.9,100,7.9,865.1,3.5,156,Shankapark,27.7355,85.3434
2025-02-18T02:00,7.3,100,7.3,864.5,4.1,157,Shankapark,27.7355,85.3434
2025-02-18T03:00,7.2,99,7.0,864.1,4.6,159,Shankapark,27.7355,85.3434
2025-02-18T04:00,7.1,97,6.6,863.9,6.4,158,Shankapark,27.7355,85.3434
2025-02-18T05:00,6.8,97,6.3,864.1,6.2,165,Shankapark,27.7355,85.3434
2025-02-18T06:00,6.8,100,6.8,865.3,5.3,162,Shankapark,27.7355,85.3434
2025-02-18T07:00,9.2,92,8.0,867.3,5.8,150,Shankapark,27.7355,85.3434
2025-02-18T08:00,12.5,81,9.3,869.4,5.5,113,Shankapark,27.7355,85.3434
2025-02-18T09:00,14.5,66,8.3,870.5,5.8,110,Shankapark,27.7355,85.3434
2025-02-18T10:00,16.6,54,7.2,870.9,3.9,124,Shankapark,27.7355,85.3434
2025-02-18T11:00,18.0,45,6.0,870.1,0.9,101,Shankapark,27.7355,85.3434
2025-02-18T12:00,18.8,41,5.2,869.3,5.8,272,Shankapark,27.7355,85.3434
2025-02-18T13:00,18.3,45,6.3,868.6,9.7,259,Shankapark,27.7355,85.3434
2025-02-18T14:00,17.9,48,6.8,867.6,8.0,280,Shankapark,27.7355,85.3434
2025-02-18T15:00,17.3,51,7.0,867.3,8.6,286,Shankapark,27.7355,85.3434
2025-02-18T16:00,16.1,53,6.7,867.2,8.6,285,Shankapark,27.7355,85.3434
2025-02-18T17:00,14.7,60,7.0,867.3,6.4,306,Shankapark,27.7355,85.3434
2025-02-18T18:00,11.7,88,9.7,867.2,5.1,312,Shankapark,27.7355,85.3434
2025-02-18T19:00,11.2,93,10.1,867.8,4.8,323,Shankapark,27.7355,85.3434
2025-02-18T20:00,11.0,94,10.1,867.9,2.8,45,Shankapark,27.7355,85.3434
2025-02-18T21:00,10.7,94,9.8,868.3,5.5,107,Shankapark,27.7355,85.3434
2025-02-18T22:00,10.3,97,9.9,868.2,3.6,99,Shankapark,27.7355,85.3434
2025-02-18T23:00,9.9,97,9.5,867.7,4.6,135,Shankapark,27.7355,85.3434
2025-02-19T00:00,8.6,100,8.6,866.2,6.7,153,Shankapark,27.7355,85.3434
2025-02-19T01:00,7.8,100,7.8,865.1,7.1,159,Shankapark,27.7355,85.3434
2025-02-19T02:00,7.0,100,7.0,864.1,6.0,153,Shankapark,27.7355,85.3434
2025-02-19T03:00,6.7,100,6.7,863.3,6.1,156,Shankapark,27.7355,85.3434
2025-02-19T04:00,6.4,100,6.4,863.1,5.5,157,Shankapark,27.7355,85.3434
2025-02-19T05:00,5.9,100,5.9,863.1,6.3,156,Shankapark,27.7355,85.3434
2025-02-19T06:00,6.5,100,6.5,864.3,7.9,147,Shankapark,27.7355,85.3434
2025-02-19T07:00,8.4,99,8.2,866.0,7.8,143,Shankapark,27.7355,85.3434
2025-02-19T08:00,12.3,90,10.6,868.6,4.5,127,Shankapark,27.7355,85.3434
2025-02-19T09:00,15.0,65,8.6,870.1,3.1,87,Shankapark,27.7355,85.3434
2025-02-19T10:00,17.3,48,6.1,870.2,1.4,140,Shankapark,27.7355,85.3434
2025-02-19T11:00,18.7,40,4.7,869.7,3.7,284,Shankapark,27.7355,85.3434
2025-02-19T12:00,19.3,36,3.9,868.8,8.0,286,Shankapark,27.7355,85.3434
2025-02-19T13:00,19.2,37,4.2,867.7,10.8,285,Shankapark,27.7355,85.3434
2025-02-19T14:00,19.1,37,3.9,867.1,9.8,294,Shankapark,27.7355,85.3434
2025-02-19T15:00,18.6,37,3.8,866.5,9.4,301,Shankapark,27.7355,85.3434
2025-02-19T16:00,17.6,44,5.1,866.2,9.4,302,Shankapark,27.7355,85.3434
2025-02-19T17:00,16.0,51,5.8,866.2,6.0,299,Shankapark,27.7355,85.3434
2025-02-19T18:00,14.6,63,7.7,866.6,1.9,209,Shankapark,27.7355,85.3434
2025-02-19T19:00,13.7,65,7.4,867.0,2.7,200,Shankapark,27.7355,85.3434
2025-02-19T20:00,13.3,70,7.9,867.4,2.6,214,Shankapark,27.7355,85.3434
2025-02-19T21:00,12.7,71,7.6,867.7,1.9,202,Shankapark,27.7355,85.3434
2025-02-19T22:00,12.1,75,7.8,867.5,1.1,189,Shankapark,27.7355,85.3434
2025-02-19T23:00,11.8,74,7.3,867.5,0.4,180,Shankapark,27.7355,85.3434
2025-02-20T00:00,11.1,77,7.2,866.8,2.2,156,Shankapark,27.7355,85.3434
2025-02-20T01:00,10.6,79,7.1,866.5,2.1,165,Shankapark,27.7355,85.3434
2025-02-20T02:00,10.1,81,7.0,866.0,3.5,152,Shankapark,27.7355,85.3434
2025-02-20T03:00,10.1,80,6.8,866.0,5.5,131,Shankapark,27.7355,85.3434
2025-02-20T04:00,9.9,79,6.4,866.1,6.6,125,Shankapark,27.7355,85.3434
2025-02-20T05:00,9.6,79,6.2,866.4,6.4,130,Shankapark,27.7355,85.3434
2025-02-20T06:00,8.9,89,7.2,867.5,7.0,136,Shankapark,27.7355,85.3434
2025-02-20T07:00,10.6,83,7.9,868.9,7.4,135,Shankapark,27.7355,85.3434
2025-02-20T08:00,13.7,71,8.5,871.1,5.6,111,Shankapark,27.7355,85.3434
2025-02-20T09:00,16.2,62,8.9,872.3,4.8,103,Shankapark,27.7355,85.3434
2025-02-20T10:00,18.3,43,5.6,872.5,0.5,180,Shankapark,27.7355,85.3434
2025-02-20T11:00,19.6,33,2.9,872.2,4.8,285,Shankapark,27.7355,85.3434
2025-02-20T12:00,19.6,36,4.0,871.5,9.9,295,Shankapark,27.7355,85.3434
2025-02-20T13:00,19.0,40,5.3,870.7,10.8,296,Shankapark,27.7355,85.3434
2025-02-20T14:00,19.0,40,5.3,870.0,9.5,299,Shankapark,27.7355,85.3434
2025-02-20T15:00,18.7,40,4.9,869.4,8.6,306,Shankapark,27.7355,85.3434
2025-02-20T16:00,18.0,42,5.0,869.2,10.8,306,Shankapark,27.7355,85.3434
2025-02-20T17:00,16.4,51,6.2,868.9,8.4,312,Shankapark,27.7355,85.3434
2025-02-20T18:00,14.4,67,8.4,869.3,6.2,253,Shankapark,27.7355,85.3434
2025-02-20T19:00,13.7,72,8.7,869.6,4.6,259,Shankapark,27.7355,85.3434
2025-02-20T20:00,13.1,75,8.8,869.8,1.5,256,Shankapark,27.7355,85.3434
2025-02-20T21:00,12.7,75,8.4,869.9,0.9,180,Shankapark,27.7355,85.3434
2025-02-20T22:00,12.3,78,8.5,869.7,2.5,184,Shankapark,27.7355,85.3434
2025-02-20T23:00,11.3,83,8.4,869.1,0.6,162,Shankapark,27.7355,85.3434
2025-02-21T00:00,10.6,84,8.0,868.8,0.6,162,Shankapark,27.7355,85.3434
2025-02-21T01:00,10.5,81,7.5,868.6,3.0,123,Shankapark,27.7355,85.3434
2025-02-21T02:00,10.6,80,7.2,868.1,4.5,137,Shankapark,27.7355,85.3434
2025-02-21T03:00,9.6,84,7.0,867.8,5.0,131,Shankapark,27.7355,85.3434
2025-02-21T04:00,9.0,87,6.9,867.3,4.4,153,Shankapark,27.7355,85.3434
2025-02-21T05:00,8.2,92,6.9,866.9,6.0,153,Shankapark,27.7355,85.3434
2025-02-21T06:00,8.2,94,7.3,868.0,4.3,156,Shankapark,27.7355,85.3434
2025-02-21T07:00,9.1,94,8.2,869.0,4.3,152,Shankapark,27.7355,85.3434
2025-02-21T08:00,13.5,72,8.6,871.5,2.0,135,Shankapark,27.7355,85.3434
2025-02-21T09:00,15.6,58,7.3,872.6,3.7,317,Shankapark,27.7355,85.3434
2025-02-21T10:00,16.8,49,6.0,872.7,8.7,294,Shankapark,27.7355,85.3434
2025-02-21T11:00,17.3,49,6.3,872.2,10.0,291,Shankapark,27.7355,85.3434
2025-02-21T12:00,17.6,45,5.6,871.2,11.3,292,Shankapark,27.7355,85.3434
2025-02-21T13:00,17.9,40,4.1,870.1,12.2,287,Shankapark,27.7355,85.3434
2025-02-21T14:00,18.1,40,4.3,869.4,12.6,287,Shankapark,27.7355,85.3434
2025-02-21T15:00,17.6,42,4.7,868.8,11.8,293,Shankapark,27.7355,85.3434
2025-02-21T16:00,16.7,46,5.2,868.2,11.5,314,Shankapark,27.7355,85.3434
2025-02-21T17:00,15.0,55,6.1,867.9,7.8,334,Shankapark,27.7355,85.3434
2025-02-21T18:00,14.1,63,7.3,868.2,4.8,304,Shankapark,27.7355,85.3434
2025-02-21T19:00,13.9,66,7.7,868.5,4.0,273,Shankapark,27.7355,85.3434
2025-02-21T20:00,13.2,70,7.9,868.8,4.2,295,Shankapark,27.7355,85.3434
2025-02-21T21:00,12.7,73,7.9,869.1,2.4,283,Shankapark,27.7355,85.3434
2025-02-21T22:00,12.2,73,7.6,868.9,1.7,238,Shankapark,27.7355,85.3434
2025-02-21T23:00,11.5,76,7.4,868.2,1.6,207,Shankapark,27.7355,85.3434
2025-02-22T00:00,10.8,78,7.2,867.3,0.4,180,Shankapark,27.7355,85.3434
2025-02-22T01:00,10.5,79,7.0,866.7,2.3,157,Shankapark,27.7355,85.3434
2025-02-22T02:00,10.1,82,7.1,865.7,4.7,162,Shankapark,27.7355,85.3434
2025-02-22T03:00,8.9,88,7.1,864.9,6.4,162,Shankapark,27.7355,85.3434
2025-02-22T04:00,8.2,91,6.8,864.7,7.6,152,Shankapark,27.7355,85.3434
2025-02-22T05:00,7.9,91,6.5,864.9,8.1,145,Shankapark,27.7355,85.3434
2025-02-22T06:00,8.4,91,7.0,865.8,7.6,153,Shankapark,27.7355,85.3434
2025-02-22T07:00,10.4,84,7.8,867.7,7.6,158,Shankapark,27.7355,85.3434
2025-02-22T08:00,14.9,66,8.7,870.7,4.1,135,Shankapark,27.7355,85.3434
2025-02-22T09:00,17.2,50,6.5,871.8,1.8,96,Shankapark,27.7355,85.3434
2025-02-22T10:00,18.9,35,3.1,872.1,0.2,180,Shankapark,27.7355,85.3434
2025-02-22T11:00,19.8,28,1.0,871.8,2.7,270,Shankapark,27.7355,85.3434
2025-02-22T12:00,20.4,28,1.1,871.0,4.9,262,Shankapark,27.7355,85.3434
2025-02-22T13:00,20.4,30,2.3,870.1,6.8,268,Shankapark,27.7355,85.3434
2025-02-22T14:00,20.1,33,3.2,869.5,8.3,276,Shankapark,27.7355,85.3434
2025-02-22T15:00,19.6,35,3.6,869.1,9.6,284,Shankapark,27.7355,85.3434
2025-02-22T16:00,18.3,37,3.4,868.8,9.3,298,Shankapark,27.7355,85.3434
2025-02-22T17:00,16.4,48,5.3,868.5,6.3,285,Shankapark,27.7355,85.3434
2025-02-22T18:00,14.6,57,6.2,869.0,6.1,258,Shankapark,27.7355,85.3434
2025-02-22T19:00,13.4,69,7.8,869.2,3.0,256,Shankapark,27.7355,85.3434
2025-02-22T20:00,12.8,69,7.3,869.2,1.0,202,Shankapark,27.7355,85.3434
2025-02-22T21:00,12.4,67,6.4,869.3,1.3,188,Shankapark,27.7355,85.3434
2025-02-22T22:00,11.7,70,6.4,869.1,1.1,180,Shankapark,27.7355,85.3434
2025-02-22T23:00,11.4,70,6.2,868.7,1.6,180,Shankapark,27.7355,85.3434
2025-02-23T00:00,11.0,72,6.1,868.3,3.5,156,Shankapark,27.7355,85.3434
2025-02-23T01:00,10.6,72,5.9,867.9,5.2,146,Shankapark,27.7355,85.3434
2025-02-23T02:00,10.1,73,5.4,867.4,6.0,141,Shankapark,27.7355,85.3434
2025-02-23T03:00,9.7,73,5.1,867.1,6.9,139,Shankapark,27.7355,85.3434
2025-02-23T04:00,9.0,76,5.0,866.8,6.9,143,Shankapark,27.7355,85.3434
2025-02-23T05:00,8.4,79,4.9,867.0,6.6,145,Shankapark,27.7355,85.3434
2025-02-23T06:00,8.5,74,4.1,867.9,7.6,153,Shankapark,27.7355,85.3434
2025-02-23T07:00,10.1,72,5.2,869.6,6.7,149,Shankapark,27.7355,85.3434
2025-02-23T08:00,13.8,59,5.9,871.9,4.5,113,Shankapark,27.7355,85.3434
2025-02-23T09:00,15.8,54,6.4,872.7,4.9,107,Shankapark,27.7355,85.3434
2025-02-23T10:00,17.2,46,5.5,872.9,3.9,106,Shankapark,27.7355,85.3434
2025-02-23T11:00,18.3,40,4.6,872.4,2.6,124,Shankapark,27.7355,85.3434
2025-02-23T12:00,19.0,38,4.3,871.4,3.1,193,Shankapark,27.7355,85.3434
2025-02-23T13:00,18.3,40,4.3,870.7,9.4,274,Shankapark,27.7355,85.3434
2025-02-23T14:00,17.3,43,4.6,869.9,7.0,274,Shankapark,27.7355,85.3434
2025-02-23T15:00,16.6,45,4.8,869.4,1.5,330,Shankapark,27.7355,85.3434
2025-02-23T16:00,15.9,48,4.9,869.1,4.0,216,Shankapark,27.7355,85.3434
2025-02-23T17:00,14.6,57,6.2,869.1,4.9,219,Shankapark,27.7355,85.3434
2025-02-23T18:00,14.3,56,5.8,869.9,5.5,234,Shankapark,27.7355,85.3434
2025-02-23T19:00,13.4,65,7.0,870.5,2.0,207,Shankapark,27.7355,85.3434
2025-02-23T20:00,12.6,72,7.8,870.5,0.6,198,Shankapark,27.7355,85.3434
2025-02-23T21:00,12.2,70,7.0,870.6,0.7,166,Shankapark,27.7355,85.3434
2025-02-23T22:00,11.5,73,6.8,870.5,1.9,146,Shankapark,27.7355,85.3434
2025-02-23T23:00,10.9,73,6.2,869.8,2.4,153,Shankapark,27.7355,85.3434
2025-02-24T00:00,10.2,76,6.2,869.3,3.1,149,Shankapark,27.7355,85.3434
2025-02-24T01:00,9.3,81,6.2,868.7,4.0,159,Shankapark,27.7355,85.3434
2025-02-24T02:00,8.1,87,6.1,867.8,3.4,164,Shankapark,27.7355,85.3434
2025-02-24T03:00,7.4,91,6.0,867.3,2.6,164,Shankapark,27.7355,85.3434
2025-02-24T04:00,7.2,91,5.9,867.3,2.6,164,Shankapark,27.7355,85.3434
2025-02-24T05:00,7.0,91,5.7,867.7,3.6,153,Shankapark,27.7355,85.3434
2025-02-24T06:00,8.3,88,6.4,869.2,2.3,162,Shankapark,27.7355,85.3434
2025-02-24T07:00,10.0,81,6.9,870.7,4.7,148,Shankapark,27.7355,85.3434
2025-02-24T08:00,13.4,63,6.6,873.1,2.8,79,Shankapark,27.7355,85.3434
2025-02-24T09:00,15.1,57,6.7,874.3,4.1,347,Shankapark,27.7355,85.3434
2025-02-24T10:00,16.4,50,6.0,874.1,3.8,311,Shankapark,27.7355,85.3434
2025-02-24T11:00,17.2,45,5.2,873.8,6.3,288,Shankapark,27.7355,85.3434
2025-02-24T12:00,17.2,46,5.6,872.7,7.9,290,Shankapark,27.7355,85.3434
2025-02-24T13:00,16.9,51,6.8,871.6,7.5,262,Shankapark,27.7355,85.3434
2025-02-24T14:00,17.0,51,6.9,870.5,8.7,292,Shankapark,27.7355,85.3434
2025-02-24T15:00,14.9,61,7.5,869.8,8.6,311,Shankapark,27.7355,85.3434
2025-02-24T16:00,14.2,64,7.5,869.6,0.2,180,Shankapark,27.7355,85.3434
2025-02-24T17:00,13.7,69,8.0,869.6,2.7,172,Shankapark,27.7355,85.3434
2025-02-24T18:00,13.6,59,5.9,870.5,7.8,241,Shankapark,27.7355,85.3434
2025-02-24T19:00,12.9,65,6.5,871.1,6.5,267,Shankapark,27.7355,85.3434
2025-02-24T20:00,12.0,73,7.3,871.6,4.8,312,Shankapark,27.7355,85.3434
2025-02-24T21:00,11.1,82,8.2,871.4,2.0,333,Shankapark,27.7355,85.3434
2025-02-24T22:00,10.8,86,8.5,871.4,1.8,270,Shankapark,27.7355,85.3434
2025-02-24T23:00,10.1,86,7.9,870.7,1.5,225,Shankapark,27.7355,85.3434
2025-02-25T00:00,9.7,87,7.7,870.1,0.7,180,Shankapark,27.7355,85.3434
2025-02-25T01:00,9.1,89,7.3,869.3,0.6,162,Shankapark,27.7355,85.3434
2025-02-25T02:00,8.8,88,7.0,868.2,2.0,153,Shankapark,27.7355,85.3434
2025-02-25T03:00,8.7,87,6.7,867.8,2.9,158,Shankapark,27.7355,85.3434
2025-02-25T04:00,8.3,87,6.3,867.5,2.3,162,Shankapark,27.7355,85.3434
2025-02-25T05:00,7.9,87,5.8,867.9,2.6,146,Shankapark,27.7355,85.3434
2025-02-25T06:00,8.0,85,5.7,869.1,3.6,147,Shankapark,27.7355,85.3434
2025-02-25T07:00,9.9,75,5.7,870.8,4.6,159,Shankapark,27.7355,85.3434
2025-02-25T08:00,13.0,59,5.1,873.0,2.4,107,Shankapark,27.7355,85.3434
2025-02-25T09:00,15.3,52,5.6,874.3,0.6,34,Shankapark,27.7355,85.3434
2025-02-25T10:00,16.9,49,6.2,874.8,0.7,14,Shankapark,27.7355,85.3434
2025-02-25T11:00,19.0,44,6.5,874.2,0.8,297,Shankapark,27.7355,85.3434
2025-02-25T12:00,20.6,35,4.7,873.8,7.8,296,Shankapark,27.7355,85.3434
2025-02-25T13:00,20.4,38,5.6,873.0,9.9,291,Shankapark,27.7355,85.3434
2025-02-25T14:00,20.2,39,5.9,872.2,9.7,298,Shankapark,27.7355,85.3434
2025-02-25T15:00,19.4,43,6.7,871.9,10.2,298,Shankapark,27.7355,85.3434
2025-02-25T16:00,18.4,45,6.5,871.8,10.5,303,Shankapark,27.7355,85.3434
2025-02-25T17:00,17.4,49,6.6,872.0,6.6,292,Shankapark,27.7355,85.3434
2025-02-25T18:00,16.0,66,9.5,872.8,3.6,210,Shankapark,27.7355,85.3434
2025-02-25T19:00,14.4,77,10.5,872.6,2.2,189,Shankapark,27.7355,85.3434
2025-02-25T20:00,13.2,81,10.1,872.7,1.3,196,Shankapark,27.7355,85.3434
2025-02-25T21:00,13.0,79,9.3,873.0,1.4,203,Shankapark,27.7355,85.3434
2025-02-25T22:00,12.9,74,8.4,872.9,0.4,180,Shankapark,27.7355,85.3434
2025-02-25T23:00,12.1,78,8.3,872.2,1.4,180,Shankapark,27.7355,85.3434
2025-02-26T00:00,11.3,81,8.1,871.6,1.3,188,Shankapark,27.7355,85.3434
2025-02-26T01:00,11.2,78,7.5,871.4,0.8,207,Shankapark,27.7355,85.3434
2025-02-26T02:00,11.4,74,7.0,871.3,0.8,207,Shankapark,27.7355,85.3434
2025-02-26T03:00,10.9,75,6.7,870.7,2.0,117,Shankapark,27.7355,85.3434
2025-02-26T04:00,10.2,79,6.7,869.9,3.6,123,Shankapark,27.7355,85.3434
2025-02-26T05:00,9.6,81,6.5,870.0,3.1,144,Shankapark,27.7355,85.3434
2025-02-26T06:00,9.1,86,6.9,871.2,3.6,150,Shankapark,27.7355,85.3434
2025-02-26T07:00,10.6,82,7.6,872.4,4.7,152,Shankapark,27.7355,85.3434
2025-02-26T08:00,14.5,63,7.5,874.8,2.5,111,Shankapark,27.7355,85.3434
2025-02-26T09:00,17.2,53,7.4,875.8,1.3,56,Shankapark,27.7355,85.3434
2025-02-26T10:00,19.1,42,5.8,876.2,2.0,333,Shankapark,27.7355,85.3434
2025-02-26T11:00,20.8,35,4.9,875.4,3.4,317,Shankapark,27.7355,85.3434
2025-02-26T12:00,21.8,35,5.6,874.8,6.4,306,Shankapark,27.7355,85.3434
2025-02-26T13:00,22.0,36,6.2,873.3,8.4,305,Shankapark,27.7355,85.3434
2025-02-26T14:00,21.4,38,6.5,872.0,9.3,306,Shankapark,27.7355,85.3434
2025-02-26T15:00,20.4,41,6.9,871.5,11.1,317,Shankapark,27.7355,85.3434
2025-02-26T16:00,19.3,45,7.2,871.2,7.9,315,Shankapark,27.7355,85.3434
2025-02-26T17:00,18.1,52,8.0,871.0,5.6,299,Shankapark,27.7355,85.3434
2025-02-26T18:00,16.3,63,9.4,870.7,4.5,217,Shankapark,27.7355,85.3434
2025-02-26T19:00,14.6,78,10.8,871.1,7.1,232,Shankapark,27.7355,85.3434
2025-02-26T20:00,13.8,84,11.2,871.7,5.1,238,Shankapark,27.7355,85.3434
2025-02-26T21:00,12.7,91,11.4,871.8,1.9,197,Shankapark,27.7355,85.3434
2025-02-26T22:00,12.2,93,11.2,872.1,2.6,231,Shankapark,27.7355,85.3434
2025-02-26T23:00,12.1,90,10.5,872.0,0.7,194,Shankapark,27.7355,85.3434
2025-02-27T00:00,11.7,92,10.5,870.6,3.7,157,Shankapark,27.7355,85.3434
2025-02-27T01:00,11.0,95,10.2,869.6,2.5,159,Shankapark,27.7355,85.3434
2025-02-27T02:00,10.6,95,9.9,869.0,1.7,167,Shankapark,27.7355,85.3434
2025-02-27T03:00,10.6,94,9.6,868.4,3.7,157,Shankapark,27.7355,85.3434
2025-02-27T04:00,10.0,95,9.3,868.2,4.2,160,Shankapark,27.7355,85.3434
2025-02-27T05:00,9.4,97,8.9,868.0,5.5,148,Shankapark,27.7355,85.3434
2025-02-27T06:00,8.7,100,8.7,868.4,5.6,151,Shankapark,27.7355,85.3434
2025-02-27T07:00,11.1,94,10.2,870.2,5.5,134,Shankapark,27.7355,85.3434
2025-02-27T08:00,14.8,78,11.1,872.4,4.9,94,Shankapark,27.7355,85.3434
2025-02-27T09:00,17.1,65,10.5,873.5,3.9,112,Shankapark,27.7355,85.3434
2025-02-27T10:00,18.9,55,9.8,873.9,0.6,288,Shankapark,27.7355,85.3434
2025-02-27T11:00,20.0,50,9.2,873.3,4.8,283,Shankapark,27.7355,85.3434
2025-02-27T12:00,20.6,47,8.9,872.1,6.5,264,Shankapark,27.7355,85.3434
2025-02-27T13:00,20.8,47,8.9,870.9,8.2,262,Shankapark,27.7355,85.3434
2025-02-27T14:00,20.4,47,8.8,869.8,9.7,268,Shankapark,27.7355,85.3434
2025-02-27T15:00,20.3,47,8.6,869.2,8.9,284,Shankapark,27.7355,85.3434
2025-02-27T16:00,19.8,45,7.7,869.1,10.4,298,Shankapark,27.7355,85.3434
2025-02-27T17:00,18.2,53,8.4,869.1,10.2,288,Shankapark,27.7355,85.3434
2025-02-27T18:00,15.4,77,11.3,869.3,6.7,273,Shankapark,27.7355,85.3434
2025-02-27T19:00,14.6,84,11.8,869.5,4.5,247,Shankapark,27.7355,85.3434
2025-02-27T20:00,13.9,87,11.9,869.8,2.9,227,Shankapark,27.7355,85.3434
2025-02-27T21:00,13.0,92,11.8,869.7,3.3,209,Shankapark,27.7355,85.3434
2025-02-27T22:00,11.9,98,11.5,869.0,1.5,187,Shankapark,27.7355,85.3434
2025-02-27T23:00,10.9,100,10.9,868.3,3.2,177,Shankapark,27.7355,85.3434
2025-02-28T00:00,10.1,100,10.1,867.7,2.8,169,Shankapark,27.7355,85.3434
2025-02-28T01:00,9.7,100,9.7,866.8,2.3,176,Shankapark,27.7355,85.3434
2025-02-28T02:00,9.0,100,9.0,865.9,2.5,172,Shankapark,27.7355,85.3434
2025-02-28T03:00,8.9,100,8.9,865.4,2.7,172,Shankapark,27.7355,85.3434
2025-02-28T04:00,8.5,100,8.5,865.1,4.6,159,Shankapark,27.7355,85.3434
2025-02-28T05:00,8.7,100,8.7,865.7,6.1,152,Shankapark,27.7355,85.3434
2025-02-28T06:00,8.7,100,8.7,866.6,3.5,152,Shankapark,27.7355,85.3434
2025-02-28T07:00,11.1,96,10.6,868.7,6.0,143,Shankapark,27.7355,85.3434
2025-02-28T08:00,15.1,77,11.0,871.1,4.9,129,Shankapark,27.7355,85.3434
2025-02-28T09:00,17.3,59,9.3,872.3,2.1,52,Shankapark,27.7355,85.3434
2025-02-28T10:00,19.1,49,8.2,872.9,7.0,302,Shankapark,27.7355,85.3434
2025-02-28T11:00,18.3,51,8.0,872.2,6.5,304,Shankapark,27.7355,85.3434
2025-02-28T12:00,16.8,56,8.0,871.5,6.3,268,Shankapark,27.7355,85.3434
2025-02-28T13:00,17.1,60,9.3,870.7,10.8,307,Shankapark,27.7355,85.3434
2025-02-28T14:00,15.1,69,9.5,869.8,7.0,314,Shankapark,27.7355,85.3434
2025-02-28T15:00,15.4,66,9.1,869.5,6.0,277,Shankapark,27.7355,85.3434
2025-02-28T16:00,14.5,75,10.1,869.6,3.5,279,Shankapark,27.7355,85.3434
2025-02-28T17:00,13.3,85,10.8,869.1,4.9,73,Shankapark,27.7355,85.3434
2025-02-28T18:00,13.4,75,9.1,869.7,5.3,225,Shankapark,27.7355,85.3434
2025-02-28T19:00,13.3,76,9.1,870.6,3.3,261,Shankapark,27.7355,85.3434
2025-02-28T20:00,12.4,83,9.6,870.4,3.6,147,Shankapark,27.7355,85.3434
2025-02-28T21:00,12.4,85,9.9,870.0,4.8,151,Shankapark,27.7355,85.3434
2025-02-28T22:00,11.9,89,10.2,869.5,4.8,160,Shankapark,27.7355,85.3434
2025-02-28T23:00,11.1,93,10.0,868.3,4.2,168,Shankapark,27.7355,85.3434
2025-03-01T00:00,10.7,91,9.3,867.3,3.2,164,Shankapark,27.7355,85.3434
2025-03-01T01:00,10.6,86,8.4,866.7,2.8,165,Shankapark,27.7355,85.3434
2025-03-01T02:00,10.2,84,7.7,866.2,2.5,150,Shankapark,27.7355,85.3434
2025-03-01T03:00,10.6,81,7.5,866.4,3.5,102,Shankapark,27.7355,85.3434
2025-03-01T04:00,10.7,80,7.4,866.2,2.6,102,Shankapark,27.7355,85.3434
2025-03-01T05:00,10.1,81,7.0,866.6,0.4,153,Shankapark,27.7355,85.3434
2025-03-01T06:00,9.4,95,8.7,866.5,6.9,113,Shankapark,27.7355,85.3434
2025-03-01T07:00,11.0,93,9.9,867.9,8.4,115,Shankapark,27.7355,85.3434
2025-03-01T08:00,14.1,78,10.3,870.2,5.1,135,Shankapark,27.7355,85.3434
2025-03-01T09:00,16.9,60,9.0,871.0,4.7,99,Shankapark,27.7355,85.3434
2025-03-01T10:00,19.0,47,7.3,870.9,1.3,56,Shankapark,27.7355,85.3434
2025-03-01T11:00,19.7,42,6.6,870.5,8.0,304,Shankapark,27.7355,85.3434
2025-03-01T12:00,19.6,42,6.4,869.4,10.5,295,Shankapark,27.7355,85.3434
2025-03-01T13:00,19.6,42,6.3,868.2,9.2,320,Shankapark,27.7355,85.3434
2025-03-01T14:00,19.8,41,6.1,867.4,9.8,301,Shankapark,27.7355,85.3434
2025-03-01T15:00,19.0,43,6.2,866.5,6.2,300,Shankapark,27.7355,85.3434
2025-03-01T16:00,18.4,46,6.7,866.2,8.4,317,Shankapark,27.7355,85.3434
2025-03-01T17:00,16.4,64,9.7,865.4,3.4,335,Shankapark,27.7355,85.3434
2025-03-01T18:00,14.0,68,8.2,865.8,0.9,180,Shankapark,27.7355,85.3434
2025-03-01T19:00,13.1,72,8.2,866.2,0.7,166,Shankapark,27.7355,85.3434
2025-03-01T20:00,12.7,73,8.1,866.4,2.1,165,Shankapark,27.7355,85.3434
2025-03-01T21:00,12.4,74,7.9,866.2,1.6,180,Shankapark,27.7355,85.3434
2025-03-01T22:00,12.2,74,7.8,866.0,1.8,174,Shankapark,27.7355,85.3434
2025-03-01T23:00,11.8,75,7.6,865.0,2.4,163,Shankapark,27.7355,85.3434
2025-03-02T00:00,11.0,78,7.3,863.9,2.2,156,Shankapark,27.7355,85.3434
2025-03-02T01:00,10.4,79,6.9,862.9,1.0,158,Shankapark,27.7355,85.3434
2025-03-02T02:00,10.1,78,6.5,861.8,0.6,146,Shankapark,27.7355,85.3434
2025-03-02T03:00,9.9,78,6.3,861.0,1.0,149,Shankapark,27.7355,85.3434
2025-03-02T04:00,9.8,77,6.0,860.8,1.2,153,Shankapark,27.7355,85.3434
2025-03-02T05:00,9.9,77,6.0,861.1,1.8,156,Shankapark,27.7355,85.3434
2025-03-02T06:00,10.0,75,5.9,862.1,1.1,162,Shankapark,27.7355,85.3434
2025-03-02T07:00,12.3,72,7.4,863.9,4.8,149,Shankapark,27.7355,85.3434
2025-03-02T08:00,15.5,57,7.0,865.9,4.5,90,Shankapark,27.7355,85.3434
2025-03-02T09:00,17.8,43,5.1,866.9,5.1,54,Shankapark,27.7355,85.3434
2025-03-02T10:00,19.5,37,4.4,867.0,4.1,2,Shankapark,27.7355,85.3434
2025-03-02T11:00,20.9,34,4.3,866.6,7.0,316,Shankapark,27.7355,85.3434
2025-03-02T12:00,21.8,31,3.9,865.6,9.9,305,Shankapark,27.7355,85.3434
2025-03-02T13:00,21.9,31,3.9,864.5,11.9,308,Shankapark,27.7355,85.3434
2025-03-02T14:00,21.8,31,4.1,863.6,12.1,308,Shankapark,27.7355,85.3434
2025-03-02T15:00,21.3,32,3.9,863.1,10.7,305,Shankapark,27.7355,85.3434
2025-03-02T16:00,20.3,37,5.3,862.9,9.1,304,Shankapark,27.7355,85.3434
2025-03-02T17:00,17.8,51,7.7,862.6,6.5,293,Shankapark,27.7355,85.3434
2025-03-02T18:00,16.1,54,6.7,863.1,5.9,268,Shankapark,27.7355,85.3434
2025-03-02T19:00,15.4,57,6.8,863.7,5.7,235,Shankapark,27.7355,85.3434
2025-03-02T20:00,14.1,66,7.9,863.9,4.4,207,Shankapark,27.7355,85.3434
2025-03-02T21:00,13.2,74,8.7,864.4,5.1,198,Shankapark,27.7355,85.3434
2025-03-02T22:00,12.3,80,9.0,864.6,2.4,189,Shankapark,27.7355,85.3434
2025-03-02T23:00,11.9,80,8.5,864.3,0.9,180,Shankapark,27.7355,85.3434
2025-03-03T00:00,11.8,77,7.8,863.8,1.3,172,Shankapark,27.7355,85.3434
2025-03-03T01:00,11.6,75,7.3,863.0,1.9,151,Shankapark,27.7355,85.3434
2025-03-03T02:00,11.0,77,7.2,862.0,2.9,150,Shankapark,27.7355,85.3434
2025-03-03T03:00,10.7,79,7.2,861.7,3.5,152,Shankapark,27.7355,85.3434
2025-03-03T04:00,10.0,82,7.1,861.3,4.2,149,Shankapark,27.7355,85.3434
2025-03-03T05:00,9.3,86,7.1,861.7,4.8,146,Shankapark,27.7355,85.3434
2025-03-03T06:00,10.0,85,7.6,863.2,2.9,150,Shankapark,27.7355,85.3434
2025-03-03T07:00,12.6,77,8.7,865.2,5.6,130,Shankapark,27.7355,85.3434
2025-03-03T08:00,15.8,58,7.6,867.1,3.9,103,Shankapark,27.7355,85.3434
2025-03-03T09:00,18.3,44,5.9,868.0,3.0,65,Shankapark,27.7355,85.3434
2025-03-03T10:00,20.8,34,4.2,868.3,2.4,351,Shankapark,27.7355,85.3434
2025-03-03T11:00,22.4,32,4.9,868.1,5.1,318,Shankapark,27.7355,85.3434
2025-03-03T12:00,23.2,32,5.5,866.8,9.9,307,Shankapark,27.7355,85.3434
2025-03-03T13:00,23.2,36,7.2,866.1,12.6,298,Shankapark,27.7355,85.3434
2025-03-03T14:00,22.7,36,6.8,865.2,11.8,295,Shankapark,27.7355,85.3434
2025-03-03T15:00,22.0,36,6.2,864.7,10.8,302,Shankapark,27.7355,85.3434
2025-03-03T16:00,20.8,39,6.3,864.7,10.2,304,Shankapark,27.7355,85.3434
2025-03-03T17:00,18.4,49,7.6,864.1,7.0,310,Shankapark,27.7355,85.3434
2025-03-03T18:00,16.7,64,9.7,864.4,5.3,282,Shankapark,27.7355,85.3434
2025-03-03T19:00,15.9,68,10.0,864.6,6.1,246,Shankapark,27.7355,85.3434
2025-03-03T20:00,14.7,74,10.1,865.0,4.5,223,Shankapark,27.7355,85.3434
2025-03-03T21:00,13.8,77,9.8,865.1,2.7,212,Shankapark,27.7355,85.3434
2025-03-03T22:00,13.2,78,9.5,865.2,2.3,198,Shankapark,27.7355,85.3434
2025-03-03T23:00,12.6,79,9.1,864.4,2.2,194,Shankapark,27.7355,85.3434
2025-03-04T00:00,12.3,78,8.5,863.9,2.7,188,Shankapark,27.7355,85.3434
2025-03-04T01:00,11.8,77,8.0,863.0,2.0,180,Shankapark,27.7355,85.3434
2025-03-04T02:00,11.5,76,7.4,862.1,0.7,166,Shankapark,27.7355,85.3434
2025-03-04T03:00,11.4,73,6.8,861.7,1.3,164,Shankapark,27.7355,85.3434
2025-03-04T04:00,11.3,72,6.5,861.6,2.5,159,Shankapark,27.7355,85.3434
2025-03-04T05:00,10.9,74,6.4,861.7,2.8,153,Shankapark,27.7355,85.3434
2025-03-04T06:00,11.3,79,7.9,862.9,3.3,158,Shankapark,27.7355,85.3434
2025-03-04T07:00,12.6,80,9.3,864.3,5.8,150,Shankapark,27.7355,85.3434
2025-03-04T08:00,16.4,61,9.0,866.7,2.3,135,Shankapark,27.7355,85.3434
2025-03-04T09:00,19.1,49,8.0,867.8,2.4,287,Shankapark,27.7355,85.3434
2025-03-04T10:00,20.9,35,4.9,868.5,9.2,291,Shankapark,27.7355,85.3434
2025-03-04T11:00,21.5,34,5.2,868.3,15.8,289,Shankapark,27.7355,85.3434
2025-03-04T12:00,21.7,31,3.7,867.3,16.2,291,Shankapark,27.7355,85.3434
2025-03-04T13:00,22.1,31,4.4,866.6,16.0,299,Shankapark,27.7355,85.3434
2025-03-04T14:00,22.2,32,4.5,865.8,15.9,301,Shankapark,27.7355,85.3434
2025-03-04T15:00,21.4,33,4.6,865.3,14.8,296,Shankapark,27.7355,85.3434
2025-03-04T16:00,19.7,42,6.4,864.9,14.4,285,Shankapark,27.7355,85.3434
2025-03-04T17:00,17.6,55,8.4,864.5,7.5,294,Shankapark,27.7355,85.3434
2025-03-04T18:00,16.3,63,9.2,864.3,4.9,278,Shankapark,27.7355,85.3434
2025-03-04T19:00,15.4,69,9.6,864.7,4.0,275,Shankapark,27.7355,85.3434
2025-03-04T20:00,14.9,67,8.7,864.9,3.9,236,Shankapark,27.7355,85.3434
2025-03-04T21:00,14.5,64,7.9,865.0,3.5,215,Shankapark,27.7355,85.3434
2025-03-04T22:00,13.8,66,7.6,864.5,4.0,207,Shankapark,27.7355,85.3434
2025-03-04T23:00,12.8,70,7.6,863.6,4.4,210,Shankapark,27.7355,85.3434
2025-03-05T00:00,12.0,74,7.5,862.7,3.9,208,Shankapark,27.7355,85.3434
2025-03-05T01:00,11.1,77,7.3,861.9,2.3,203,Shankapark,27.7355,85.3434
2025-03-05T02:00,10.6,77,6.7,861.0,1.1,189,Shankapark,27.7355,85.3434
2025-03-05T03:00,10.4,75,6.1,860.2,1.3,172,Shankapark,27.7355,85.3434
2025-03-05T04:00,9.8,76,5.7,859.8,1.1,171,Shankapark,27.7355,85.3434
2025-03-05T05:00,9.7,75,5.4,859.7,1.9,163,Shankapark,27.7355,85.3434
2025-03-05T06:00,10.8,74,6.4,860.7,2.2,180,Shankapark,27.7355,85.3434
2025-03-05T07:00,13.0,69,7.4,862.2,3.0,163,Shankapark,27.7355,85.3434
2025-03-05T08:00,15.5,51,5.4,864.0,2.0,85,Shankapark,27.7355,85.3434
2025-03-05T09:00,17.7,38,3.4,864.7,2.6,344,Shankapark,27.7355,85.3434
2025-03-05T10:00,19.6,32,2.4,865.3,4.2,313,Shankapark,27.7355,85.3434
2025-03-05T11:00,21.2,29,2.7,864.6,5.4,296,Shankapark,27.7355,85.3434
2025-03-05T12:00,22.2,30,3.8,863.9,9.0,282,Shankapark,27.7355,85.3434
2025-03-05T13:00,22.3,31,4.2,863.0,11.5,279,Shankapark,27.7355,85.3434
2025-03-05T14:00,22.0,30,3.5,862.4,11.7,280,Shankapark,27.7355,85.3434
2025-03-05T15:00,21.2,32,3.7,861.8,10.9,277,Shankapark,27.7355,85.3434
2025-03-05T16:00,19.4,41,5.8,861.7,9.5,268,Shankapark,27.7355,85.3434
2025-03-05T17:00,17.2,55,8.1,861.7,7.6,278,Shankapark,27.7355,85.3434
2025-03-05T18:00,15.2,71,9.9,862.6,7.5,294,Shankapark,27.7355,85.3434
2025-03-05T19:00,14.4,77,10.3,863.2,5.9,293,Shankapark,27.7355,85.3434
2025-03-05T20:00,13.7,80,10.3,863.7,6.8,305,Shankapark,27.7355,85.3434
2025-03-05T21:00,12.6,87,10.5,863.8,5.3,305,Shankapark,27.7355,85.3434
2025-03-05T22:00,11.6,94,10.7,863.4,1.1,189,Shankapark,27.7355,85.3434
2025-03-05T23:00,11.0,98,10.7,862.8,2.6,164,Shankapark,27.7355,85.3434
2025-03-06T00:00,10.7,99,10.6,862.8,4.3,158,Shankapark,27.7355,85.3434
2025-03-06T01:00,10.2,99,10.1,862.0,6.2,163,Shankapark,27.7355,85.3434
2025-03-06T02:00,9.6,100,9.6,861.2,7.4,151,Shankapark,27.7355,85.3434
2025-03-06T03:00,8.9,100,8.9,860.5,7.6,149,Shankapark,27.7355,85.3434
2025-03-06T04:00,8.5,100,8.5,860.4,7.1,146,Shankapark,27.7355,85.3434
2025-03-06T05:00,8.0,100,8.0,860.5,7.6,144,Shankapark,27.7355,85.3434
2025-03-06T06:00,8.8,100,8.8,862.2,7.9,133,Shankapark,27.7355,85.3434
2025-03-06T07:00,10.8,92,9.6,864.0,8.7,120,Shankapark,27.7355,85.3434
2025-03-06T08:00,14.1,73,9.3,866.4,6.8,115,Shankapark,27.7355,85.3434
2025-03-06T09:00,16.6,63,9.6,867.8,7.5,107,Shankapark,27.7355,85.3434
2025-03-06T10:00,18.8,54,9.3,868.4,7.7,118,Shankapark,27.7355,85.3434
2025-03-06T11:00,20.7,45,8.5,868.4,8.1,122,Shankapark,27.7355,85.3434
2025-03-06T12:00,22.4,38,7.3,867.8,6.7,124,Shankapark,27.7355,85.3434
2025-03-06T13:00,23.1,35,6.6,867.1,2.7,132,Shankapark,27.7355,85.3434
2025-03-06T14:00,22.6,35,6.3,866.9,4.3,253,Shankapark,27.7355,85.3434
2025-03-06T15:00,20.8,43,7.6,866.5,7.8,255,Shankapark,27.7355,85.3434
2025-03-06T16:00,19.1,51,8.8,866.1,7.2,251,Shankapark,27.7355,85.3434
2025-03-06T17:00,17.4,61,9.7,866.1,6.8,245,Shankapark,27.7355,85.3434
2025-03-06T18:00,15.3,77,11.3,866.7,5.0,235,Shankapark,27.7355,85.3434
2025-03-06T19:00,14.8,80,11.3,867.2,4.2,265,Shankapark,27.7355,85.3434
2025-03-06T20:00,14.5,81,11.2,867.6,4.5,272,Shankapark,27.7355,85.3434
2025-03-06T21:00,14.1,82,11.0,867.5,3.3,279,Shankapark,27.7355,85.3434
2025-03-06T22:00,13.8,83,11.0,867.2,2.3,356,Shankapark,27.7355,85.3434
2025-03-06T23:00,13.6,85,11.1,866.6,2.2,66,Shankapark,27.7355,85.3434
2025-03-07T00:00,13.0,90,11.4,865.7,2.3,119,Shankapark,27.7355,85.3434
2025-03-07T01:00,12.8,92,11.6,865.2,0.5,135,Shankapark,27.7355,85.3434
2025-03-07T02:00,12.4,96,11.7,864.2,0.6,124,Shankapark,27.7355,85.3434
2025-03-07T03:00,12.3,95,11.6,863.8,0.3,45,Shankapark,27.7355,85.3434
2025-03-07T04:00,12.4,95,11.7,864.0,1.7,302,Shankapark,27.7355,85.3434
2025-03-07T05:00,12.0,96,11.4,863.7,0.6,198,Shankapark,27.7355,85.3434
2025-03-07T06:00,11.8,100,11.8,864.1,1.7,162,Shankapark,27.7355,85.3434
2025-03-07T07:00,12.7,91,11.3,865.0,2.7,122,Shankapark,27.7355,85.3434
2025-03-07T08:00,13.8,85,11.4,866.1,2.2,48,Shankapark,27.7355,85.3434
2025-03-07T09:00,15.6,74,10.9,866.8,2.2,14,Shankapark,27.7355,85.3434
2025-03-07T10:00,16.2,72,11.2,866.7,1.8,315,Shankapark,27.7355,85.3434
2025-03-07T11:00,16.9,69,11.2,866.6,3.6,273,Shankapark,27.7355,85.3434
2025-03-07T12:00,16.9,69,11.2,866.0,5.5,259,Shankapark,27.7355,85.3434
2025-03-07T13:00,15.9,75,11.6,865.0,6.7,251,Shankapark,27.7355,85.3434
2025-03-07T14:00,15.9,76,11.7,864.1,6.7,262,Shankapark,27.7355,85.3434
2025-03-07T15:00,15.8,76,11.6,863.9,5.9,281,Shankapark,27.7355,85.3434
2025-03-07T16:00,15.3,77,11.3,863.7,5.0,285,Shankapark,27.7355,85.3434
2025-03-07T17:00,14.5,83,11.7,863.5,3.7,305,Shankapark,27.7355,85.3434
2025-03-07T18:00,13.8,90,12.2,863.9,4.6,288,Shankapark,27.7355,85.3434
2025-03-07T19:00,13.3,92,12.0,864.4,2.6,286,Shankapark,27.7355,85.3434
2025-03-07T20:00,13.4,92,12.0,865.0,2.2,346,Shankapark,27.7355,85.3434
2025-03-07T21:00,13.1,95,12.3,864.9,1.5,14,Shankapark,27.7355,85.3434
2025-03-07T22:00,12.9,95,12.1,864.8,2.3,321,Shankapark,27.7355,85.3434
2025-03-07T23:00,12.7,92,11.4,864.4,1.6,84,Shankapark,27.7355,85.3434
2025-03-08T00:00,12.6,92,11.4,864.0,1.7,77,Shankapark,27.7355,85.3434
2025-03-08T01:00,12.6,92,11.3,863.5,3.6,90,Shankapark,27.7355,85.3434
2025-03-08T02:00,12.2,91,10.8,862.7,2.4,126,Shankapark,27.7355,85.3434
2025-03-08T03:00,11.7,97,11.2,862.2,2.3,119,Shankapark,27.7355,85.3434
2025-03-08T04:00,11.0,88,9.2,862.2,2.8,79,Shankapark,27.7355,85.3434
2025-03-08T05:00,10.8,94,9.8,862.4,5.2,84,Shankapark,27.7355,85.3434
2025-03-08T06:00,10.8,97,10.4,862.3,2.6,146,Shankapark,27.7355,85.3434
2025-03-08T07:00,11.3,98,11.0,863.7,2.2,81,Shankapark,27.7355,85.3434
2025-03-08T08:00,11.9,93,10.8,864.9,5.6,33,Shankapark,27.7355,85.3434
2025-03-08T09:00,13.5,83,10.7,865.7,1.8,45,Shankapark,27.7355,85.3434
2025-03-08T10:00,15.9,66,9.6,865.9,2.0,333,Shankapark,27.7355,85.3434
2025-03-08T11:00,16.7,61,9.0,865.7,3.6,279,Shankapark,27.7355,85.3434
2025-03-08T12:00,17.7,54,8.3,865.2,5.2,286,Shankapark,27.7355,85.3434
2025-03-08T13:00,18.3,52,8.4,864.5,6.5,294,Shankapark,27.7355,85.3434
2025-03-08T14:00,18.2,53,8.4,864.0,6.5,298,Shankapark,27.7355,85.3434
2025-03-08T15:00,17.3,56,8.5,863.9,5.2,314,Shankapark,27.7355,85.3434
2025-03-08T16:00,17.0,56,8.2,863.9,2.9,4,Shankapark,27.7355,85.3434
2025-03-08T17:00,16.6,61,9.0,864.1,1.0,135,Shankapark,27.7355,85.3434
2025-03-08T18:00,15.1,76,10.8,864.8,4.5,185,Shankapark,27.7355,85.3434
2025-03-08T19:00,13.9,82,10.9,864.9,3.8,177,Shankapark,27.7355,85.3434
2025-03-08T20:00,12.9,89,11.2,865.2,3.5,171,Shankapark,27.7355,85.3434
2025-03-08T21:00,11.8,94,10.9,865.3,2.7,160,Shankapark,27.7355,85.3434
2025-03-08T22:00,11.4,93,10.3,865.2,4.3,152,Shankapark,27.7355,85.3434
2025-03-08T23:00,11.5,90,9.9,865.4,4.0,150,Shankapark,27.7355,85.3434
2025-03-09T00:00,11.6,87,9.5,865.4,4.0,144,Shankapark,27.7355,85.3434
2025-03-09T01:00,11.4,86,9.1,865.0,4.2,144,Shankapark,27.7355,85.3434
2025-03-09T02:00,10.6,88,8.8,864.6,3.7,157,Shankapark,27.7355,85.3434
2025-03-09T03:00,9.9,91,8.5,864.3,3.2,161,Shankapark,27.7355,85.3434
2025-03-09T04:00,9.5,92,8.3,864.3,3.5,156,Shankapark,27.7355,85.3434
2025-03-09T05:00,9.4,91,8.1,865.0,4.9,147,Shankapark,27.7355,85.3434
2025-03-09T06:00,10.5,91,9.1,866.0,6.1,146,Shankapark,27.7355,85.3434
2025-03-09T07:00,12.7,86,10.3,867.9,6.2,128,Shankapark,27.7355,85.3434
2025-03-09T08:00,15.2,73,10.3,870.2,4.7,92,Shankapark,27.7355,85.3434
2025-03-09T09:00,16.6,66,10.2,871.2,3.7,101,Shankapark,27.7355,85.3434
2025-03-09T10:00,17.9,56,9.1,871.9,1.8,174,Shankapark,27.7355,85.3434
2025-03-09T11:00,18.5,56,9.6,871.7,3.7,215,Shankapark,27.7355,85.3434
2025-03-09T12:00,18.4,57,9.7,871.2,3.8,225,Shankapark,27.7355,85.3434
2025-03-09T13:00,18.7,58,10.2,870.6,3.6,237,Shankapark,27.7355,85.3434
2025-03-09T14:00,18.3,57,9.7,870.0,3.1,234,Shankapark,27.7355,85.3434
2025-03-09T15:00,18.1,60,10.3,869.6,4.8,209,Shankapark,27.7355,85.3434
2025-03-09T16:00,17.9,62,10.5,869.4,6.0,197,Shankapark,27.7355,85.3434
2025-03-09T17:00,16.8,69,11.1,869.6,4.7,203,Shankapark,27.7355,85.3434
2025-03-09T18:00,15.3,83,12.5,870.1,4.5,180,Shankapark,27.7355,85.3434
2025-03-09T19:00,14.2,89,12.5,870.4,4.8,160,Shankapark,27.7355,85.3434
2025-03-09T20:00,13.3,93,12.1,870.4,3.0,163,Shankapark,27.7355,85.3434
2025-03-09T21:00,12.5,95,11.6,870.6,2.7,160,Shankapark,27.7355,85.3434
2025-03-09T22:00,12.5,93,11.4,871.1,3.1,152,Shankapark,27.7355,85.3434
2025-03-09T23:00,12.3,92,11.1,871.1,3.5,145,Shankapark,27.7355,85.3434
2025-03-10T00:00,12.2,91,10.8,870.8,2.9,150,Shankapark,27.7355,85.3434
2025-03-10T01:00,11.8,90,10.1,870.0,3.1,144,Shankapark,27.7355,85.3434
2025-03-10T02:00,11.8,86,9.5,869.6,2.2,138,Shankapark,27.7355,85.3434
2025-03-10T03:00,11.9,83,9.1,869.4,2.1,149,Shankapark,27.7355,85.3434
2025-03-10T04:00,11.9,83,9.1,869.4,3.0,155,Shankapark,27.7355,85.3434
2025-03-10T05:00,11.3,87,9.3,869.2,4.2,160,Shankapark,27.7355,85.3434
2025-03-10T06:00,10.1,98,9.8,870.0,4.3,165,Shankapark,27.7355,85.3434
2025-03-10T07:00,13.1,90,11.5,872.2,5.2,149,Shankapark,27.7355,85.3434
2025-03-10T08:00,16.3,75,12.0,874.4,3.8,90,Shankapark,27.7355,85.3434
2025-03-10T09:00,17.8,69,12.0,874.9,4.1,77,Shankapark,27.7355,85.3434
2025-03-10T10:00,19.3,61,11.5,875.2,1.9,68,Shankapark,27.7355,85.3434
2025-03-10T11:00,20.3,56,11.2,874.8,1.9,49,Shankapark,27.7355,85.3434
2025-03-10T12:00,20.4,56,11.3,873.7,2.1,218,Shankapark,27.7355,85.3434
2025-03-10T13:00,20.1,57,11.4,872.9,5.6,253,Shankapark,27.7355,85.3434
2025-03-10T14:00,19.4,61,11.7,871.9,5.1,260,Shankapark,27.7355,85.3434
2025-03-10T15:00,18.5,65,11.8,871.2,3.5,249,Shankapark,27.7355,85.3434
2025-03-10T16:00,17.7,71,12.3,870.9,5.6,268,Shankapark,27.7355,85.3434
2025-03-10T17:00,16.5,78,12.7,870.6,4.0,306,Shankapark,27.7355,85.3434
2025-03-10T18:00,13.7,98,13.4,870.8,4.3,315,Shankapark,27.7355,85.3434
2025-03-10T19:00,13.6,97,13.1,870.8,3.5,255,Shankapark,27.7355,85.3434
2025-03-10T20:00,14.2,95,13.3,871.3,0.6,198,Shankapark,27.7355,85.3434
2025-03-10T21:00,13.7,95,12.9,871.1,0.9,180,Shankapark,27.7355,85.3434
2025-03-10T22:00,13.4,93,12.3,870.4,1.2,153,Shankapark,27.7355,85.3434
2025-03-10T23:00,13.0,91,11.5,869.1,2.4,163,Shankapark,27.7355,85.3434
2025-03-11T00:00,12.7,91,11.2,868.8,2.4,171,Shankapark,27.7355,85.3434
2025-03-11T01:00,12.0,91,10.6,868.3,0.5,180,Shankapark,27.7355,85.3434
2025-03-11T02:00,12.3,86,10.1,867.9,1.3,172,Shankapark,27.7355,85.3434
2025-03-11T03:00,12.5,85,10.0,867.4,3.2,142,Shankapark,27.7355,85.3434
2025-03-11T04:00,12.3,88,10.3,867.3,5.2,146,Shankapark,27.7355,85.3434
2025-03-11T05:00,11.5,91,10.1,867.3,4.1,157,Shankapark,27.7355,85.3434
2025-03-11T06:00,11.1,99,11.0,868.0,5.8,146,Shankapark,27.7355,85.3434
2025-03-11T07:00,13.3,96,12.6,869.8,6.8,140,Shankapark,27.7355,85.3434
2025-03-11T08:00,16.4,79,12.8,872.1,3.3,112,Shankapark,27.7355,85.3434
2025-03-11T09:00,18.3,68,12.4,872.8,1.3,172,Shankapark,27.7355,85.3434
2025-03-11T10:00,19.8,61,12.1,872.7,1.8,307,Shankapark,27.7355,85.3434
2025-03-11T11:00,20.7,57,12.0,871.6,2.6,282,Shankapark,27.7355,85.3434
2025-03-11T12:00,20.8,57,12.0,870.4,4.9,246,Shankapark,27.7355,85.3434
2025-03-11T13:00,20.6,56,11.6,869.4,6.5,231,Shankapark,27.7355,85.3434
2025-03-11T14:00,20.3,55,10.9,868.6,8.5,228,Shankapark,27.7355,85.3434
2025-03-11T15:00,19.1,60,11.1,868.3,9.4,238,Shankapark,27.7355,85.3434
2025-03-11T16:00,18.4,64,11.5,867.9,7.7,231,Shankapark,27.7355,85.3434
2025-03-11T17:00,17.8,68,11.9,867.9,6.2,224,Shankapark,27.7355,85.3434
2025-03-11T18:00,16.3,84,13.6,867.8,5.5,216,Shankapark,27.7355,85.3434
2025-03-11T19:00,15.2,92,14.0,867.5,4.8,169,Shankapark,27.7355,85.3434
2025-03-11T20:00,13.9,98,13.6,867.1,6.2,150,Shankapark,27.7355,85.3434
2025-03-11T21:00,12.8,100,12.8,866.8,4.8,158,Shankapark,27.7355,85.3434
2025-03-11T22:00,12.1,100,12.1,866.3,5.0,159,Shankapark,27.7355,85.3434
2025-03-11T23:00,11.9,100,11.9,865.5,5.2,158,Shankapark,27.7355,85.3434
2025-03-12T00:00,11.5,100,11.5,864.8,5.6,155,Shankapark,27.7355,85.3434
2025-03-12T01:00,11.2,99,11.1,864.0,5.8,154,Shankapark,27.7355,85.3434
2025-03-12T02:00,11.3,98,10.9,863.5,6.1,152,Shankapark,27.7355,85.3434
2025-03-12T03:00,11.3,97,10.9,862.9,6.9,147,Shankapark,27.7355,85.3434
2025-03-12T04:00,11.1,98,10.8,862.8,6.7,149,Shankapark,27.7355,85.3434
2025-03-12T05:00,10.9,98,10.6,863.1,6.7,144,Shankapark,27.7355,85.3434
2025-03-12T06:00,10.8,100,10.8,864.0,7.6,137,Shankapark,27.7355,85.3434
2025-03-12T07:00,13.2,96,12.6,865.7,7.4,119,Shankapark,27.7355,85.3434
2025-03-12T08:00,15.6,86,13.3,867.3,6.5,96,Shankapark,27.7355,85.3434
2025-03-12T09:00,17.9,70,12.3,868.0,7.0,113,Shankapark,27.7355,85.3434
2025-03-12T10:00,19.9,60,11.9,868.2,4.0,117,Shankapark,27.7355,85.3434
2025-03-12T11:00,20.5,59,12.2,867.8,3.1,183,Shankapark,27.7355,85.3434
2025-03-12T12:00,21.1,58,12.4,866.5,4.3,185,Shankapark,27.7355,85.3434
2025-03-12T13:00,20.8,58,12.3,865.6,4.9,216,Shankapark,27.7355,85.3434
2025-03-12T14:00,19.8,59,11.6,864.8,5.3,242,Shankapark,27.7355,85.3434
2025-03-12T15:00,19.6,61,11.8,864.4,7.1,240,Shankapark,27.7355,85.3434
2025-03-12T16:00,18.3,66,11.9,864.1,7.0,252,Shankapark,27.7355,85.3434
2025-03-12T17:00,17.4,72,12.4,864.0,5.7,233,Shankapark,27.7355,85.3434
2025-03-12T18:00,14.8,91,13.3,864.4,7.4,266,Shankapark,27.7355,85.3434
2025-03-12T19:00,14.4,96,13.8,864.2,4.4,232,Shankapark,27.7355,85.3434
2025-03-12T20:00,13.9,97,13.5,864.4,3.2,164,Shankapark,27.7355,85.3434
2025-03-12T21:00,13.3,97,12.9,864.1,3.6,162,Shankapark,27.7355,85.3434
2025-03-12T22:00,13.4,95,12.5,864.3,4.0,159,Shankapark,27.7355,85.3434
2025-03-12T23:00,12.7,97,12.3,863.9,3.9,156,Shankapark,27.7355,85.3434
2025-03-13T00:00,12.9,94,11.9,863.9,5.7,136,Shankapark,27.7355,85.3434
2025-03-13T01:00,12.6,93,11.5,863.1,7.9,153,Shankapark,27.7355,85.3434
2025-03-13T02:00,11.7,97,11.2,862.4,8.9,148,Shankapark,27.7355,85.3434
2025-03-13T03:00,11.3,97,10.9,861.6,8.9,161,Shankapark,27.7355,85.3434
2025-03-13T04:00,11.1,96,10.5,861.7,6.6,158,Shankapark,27.7355,85.3434
2025-03-13T05:00,11.2,95,10.4,862.1,5.8,160,Shankapark,27.7355,85.3434
2025-03-13T06:00,10.8,100,10.8,863.0,7.7,149,Shankapark,27.7355,85.3434
2025-03-13T07:00,13.0,96,12.4,864.6,7.0,145,Shankapark,27.7355,85.3434
2025-03-13T08:00,16.0,83,13.1,866.6,3.5,125,Shankapark,27.7355,85.3434
2025-03-13T09:00,18.8,70,13.2,867.5,1.8,114,Shankapark,27.7355,85.3434
2025-03-13T10:00,20.9,56,11.9,867.5,5.2,272,Shankapark,27.7355,85.3434
2025-03-13T11:00,21.8,48,10.3,866.9,9.9,274,Shankapark,27.7355,85.3434
2025-03-13T12:00,21.3,47,9.7,866.1,13.4,275,Shankapark,27.7355,85.3434
2025-03-13T13:00,20.4,50,9.8,865.4,9.9,273,Shankapark,27.7355,85.3434
2025-03-13T14:00,19.6,55,10.4,864.5,12.5,285,Shankapark,27.7355,85.3434
2025-03-13T15:00,16.9,72,11.9,864.1,7.9,281,Shankapark,27.7355,85.3434
2025-03-13T16:00,16.1,74,11.6,864.2,3.9,323,Shankapark,27.7355,85.3434
2025-03-13T17:00,15.5,78,11.6,863.9,2.5,262,Shankapark,27.7355,85.3434
2025-03-13T18:00,13.4,93,12.3,863.0,6.0,177,Shankapark,27.7355,85.3434
2025-03-13T19:00,12.8,98,12.5,863.7,0.3,135,Shankapark,27.7355,85.3434
2025-03-13T20:00,12.2,100,12.2,863.7,2.7,172,Shankapark,27.7355,85.3434
2025-03-13T21:00,11.9,100,11.8,863.4,3.1,170,Shankapark,27.7355,85.3434
2025-03-13T22:00,11.1,100,11.0,862.6,6.0,171,Shankapark,27.7355,85.3434
2025-03-13T23:00,10.6,98,10.4,861.8,7.6,168,Shankapark,27.7355,85.3434
2025-03-14T00:00,10.1,98,9.8,861.3,6.4,164,Shankapark,27.7355,85.3434
2025-03-14T01:00,10.0,96,9.4,860.9,5.6,159,Shankapark,27.7355,85.3434
2025-03-14T02:00,9.9,94,9.1,860.4,5.4,159,Shankapark,27.7355,85.3434
2025-03-14T03:00,9.8,94,8.8,860.2,6.4,155,Shankapark,27.7355,85.3434
2025-03-14T04:00,9.8,93,8.7,860.6,6.9,147,Shankapark,27.7355,85.3434
2025-03-14T05:00,9.9,91,8.5,861.4,7.3,144,Shankapark,27.7355,85.3434
2025-03-14T06:00,10.9,90,9.3,862.9,7.2,143,Shankapark,27.7355,85.3434
2025-03-14T07:00,14.1,82,11.1,865.3,8.1,145,Shankapark,27.7355,85.3434
2025-03-14T08:00,17.8,67,11.8,868.2,4.2,144,Shankapark,27.7355,85.3434
2025-03-14T09:00,21.1,47,9.3,869.5,0.9,270,Shankapark,27.7355,85.3434
2025-03-14T10:00,22.5,36,6.5,869.7,10.1,290,Shankapark,27.7355,85.3434
2025-03-14T11:00,22.9,33,6.0,869.6,13.8,301,Shankapark,27.7355,85.3434
2025-03-14T12:00,23.1,31,5.1,868.8,15.3,300,Shankapark,27.7355,85.3434
2025-03-14T13:00,23.3,30,4.6,868.1,13.8,296,Shankapark,27.7355,85.3434
2025-03-14T14:00,23.4,30,4.7,867.2,14.4,300,Shankapark,27.7355,85.3434
2025-03-14T15:00,22.7,32,5.1,866.6,13.2,300,Shankapark,27.7355,85.3434
2025-03-14T16:00,21.8,35,5.9,866.4,11.0,294,Shankapark,27.7355,85.3434
2025-03-14T17:00,19.9,47,8.4,866.0,5.8,286,Shankapark,27.7355,85.3434
2025-03-14T18:00,18.1,59,9.9,865.9,4.2,258,Shankapark,27.7355,85.3434
2025-03-14T19:00,17.6,60,9.7,866.4,3.7,219,Shankapark,27.7355,85.3434
2025-03-14T20:00,17.2,62,9.8,867.0,4.2,250,Shankapark,27.7355,85.3434
2025-03-14T21:00,17.1,59,9.1,867.5,2.2,228,Shankapark,27.7355,85.3434
2025-03-14T22:00,16.1,62,8.8,867.0,1.5,201,Shankapark,27.7355,85.3434
2025-03-14T23:00,15.0,65,8.6,866.2,1.7,198,Shankapark,27.7355,85.3434
2025-03-15T00:00,14.6,67,8.6,865.5,3.4,183,Shankapark,27.7355,85.3434
2025-03-15T01:00,13.4,74,8.9,864.4,3.4,174,Shankapark,27.7355,85.3434
2025-03-15T02:00,12.4,79,8.8,863.6,2.2,166,Shankapark,27.7355,85.3434
2025-03-15T03:00,12.3,77,8.4,863.5,3.9,152,Shankapark,27.7355,85.3434
2025-03-15T04:00,12.3,75,7.9,863.8,5.5,144,Shankapark,27.7355,85.3434
2025-03-15T05:00,11.9,74,7.5,864.4,5.8,144,Shankapark,27.7355,85.3434
2025-03-15T06:00,12.3,80,9.0,865.2,3.8,161,Shankapark,27.7355,85.3434
2025-03-15T07:00,15.0,77,10.9,867.5,5.5,148,Shankapark,27.7355,85.3434
2025-03-15T08:00,19.3,57,10.7,870.1,4.2,140,Shankapark,27.7355,85.3434
2025-03-15T09:00,21.9,42,8.5,871.2,1.5,135,Shankapark,27.7355,85.3434
2025-03-15T10:00,24.2,31,5.8,871.5,5.2,284,Shankapark,27.7355,85.3434
2025-03-15T11:00,25.1,28,5.1,871.5,14.4,285,Shankapark,27.7355,85.3434
2025-03-15T12:00,24.6,29,5.3,871.0,16.0,284,Shankapark,27.7355,85.3434
2025-03-15T13:00,24.8,30,5.9,870.4,14.5,281,Shankapark,27.7355,85.3434
2025-03-15T14:00,24.2,33,6.8,870.0,15.7,285,Shankapark,27.7355,85.3434
2025-03-15T15:00,23.6,33,6.3,869.2,14.3,294,Shankapark,27.7355,85.3434
2025-03-15T16:00,22.3,38,7.2,869.1,12.6,308,Shankapark,27.7355,85.3434
2025-03-15T17:00,20.2,51,9.7,868.4,4.5,293,Shankapark,27.7355,85.3434
2025-03-15T18:00,18.3,57,9.6,868.3,4.1,209,Shankapark,27.7355,85.3434
2025-03-15T19:00,17.2,66,10.7,868.4,3.6,198,Shankapark,27.7355,85.3434
2025-03-15T20:00,16.9,67,10.8,868.9,1.5,187,Shankapark,27.7355,85.3434
2025-03-15T21:00,16.2,68,10.4,869.0,2.5,184,Shankapark,27.7355,85.3434
2025-03-15T22:00,15.7,68,9.9,868.8,2.5,180,Shankapark,27.7355,85.3434
2025-03-15T23:00,15.4,67,9.4,868.2,3.4,177,Shankapark,27.7355,85.3434
2025-03-16T00:00,14.9,71,9.6,867.6,2.4,167,Shankapark,27.7355,85.3434
2025-03-16T01:00,14.2,72,9.3,866.8,3.0,155,Shankapark,27.7355,85.3434
2025-03-16T02:00,13.9,73,9.2,865.9,3.7,145,Shankapark,27.7355,85.3434
2025-03-16T03:00,13.4,72,8.6,865.3,3.2,142,Shankapark,27.7355,85.3434
2025-03-16T04:00,13.6,68,7.9,865.3,3.4,155,Shankapark,27.7355,85.3434
2025-03-16T05:00,13.4,67,7.4,865.3,3.8,155,Shankapark,27.7355,85.3434
2025-03-16T06:00,14.5,70,9.0,866.5,4.0,159,Shankapark,27.7355,85.3434
2025-03-16T07:00,16.7,65,10.2,868.0,6.0,155,Shankapark,27.7355,85.3434
2025-03-16T08:00,20.3,46,8.4,870.2,4.9,152,Shankapark,27.7355,85.3434
2025-03-16T09:00,22.8,37,7.5,871.2,1.9,131,Shankapark,27.7355,85.3434
2025-03-16T10:00,24.2,31,5.9,871.3,7.9,270,Shankapark,27.7355,85.3434
2025-03-16T11:00,24.4,27,4.5,871.0,19.8,278,Shankapark,27.7355,85.3434
2025-03-16T12:00,23.3,35,6.8,870.4,21.1,287,Shankapark,27.7355,85.3434
2025-03-16T13:00,21.4,42,8.1,869.7,4.5,263,Shankapark,27.7355,85.3434
2025-03-16T14:00,19.3,55,10.1,869.1,13.4,256,Shankapark,27.7355,85.3434
2025-03-16T15:00,19.0,59,10.8,868.6,6.0,261,Shankapark,27.7355,85.3434
2025-03-16T16:00,19.0,56,9.9,868.2,3.3,319,Shankapark,27.7355,85.3434
2025-03-16T17:00,18.2,70,12.6,867.5,1.0,329,Shankapark,27.7355,85.3434
2025-03-16T18:00,18.2,58,9.9,866.8,5.2,258,Shankapark,27.7355,85.3434
2025-03-16T19:00,16.6,68,10.7,866.6,2.8,220,Shankapark,27.7355,85.3434
2025-03-16T20:00,15.8,70,10.4,867.3,1.3,135,Shankapark,27.7355,85.3434
2025-03-16T21:00,14.7,70,9.3,867.0,4.4,145,Shankapark,27.7355,85.3434
2025-03-16T22:00,13.2,76,9.1,866.1,5.4,154,Shankapark,27.7355,85.3434
2025-03-16T23:00,12.6,79,9.0,865.1,5.5,157,Shankapark,27.7355,85.3434
2025-03-17T00:00,12.5,77,8.6,864.7,4.9,152,Shankapark,27.7355,85.3434
2025-03-17T01:00,12.5,75,8.2,864.3,4.8,146,Shankapark,27.7355,85.3434
2025-03-17T02:00,12.2,75,7.9,863.8,5.1,141,Shankapark,27.7355,85.3434
2025-03-17T03:00,12.1,74,7.5,863.6,4.8,146,Shankapark,27.7355,85.3434
2025-03-17T04:00,11.9,73,7.3,863.4,4.1,146,Shankapark,27.7355,85.3434
2025-03-17T05:00,11.8,73,7.1,863.5,5.0,154,Shankapark,27.7355,85.3434
2025-03-17T06:00,13.1,75,8.8,864.7,2.9,158,Shankapark,27.7355,85.3434
2025-03-17T07:00,15.8,70,10.3,866.4,4.2,144,Shankapark,27.7355,85.3434
2025-03-17T08:00,19.8,48,8.4,868.9,2.6,102,Shankapark,27.7355,85.3434
2025-03-17T09:00,21.7,35,5.5,869.7,4.8,333,Shankapark,27.7355,85.3434
2025-03-17T10:00,21.7,32,4.2,869.9,4.9,276,Shankapark,27.7355,85.3434
2025-03-17T11:00,21.4,33,4.7,869.2,7.2,307,Shankapark,27.7355,85.3434
2025-03-17T12:00,23.1,31,5.2,868.8,10.7,295,Shankapark,27.7355,85.3434
2025-03-17T13:00,23.8,28,4.3,867.8,11.6,296,Shankapark,27.7355,85.3434
2025-03-17T14:00,23.9,25,2.5,866.7,14.3,299,Shankapark,27.7355,85.3434
2025-03-17T15:00,22.8,25,2.0,866.2,13.8,296,Shankapark,27.7355,85.3434
2025-03-17T16:00,21.8,27,1.8,866.1,12.4,300,Shankapark,27.7355,85.3434
2025-03-17T17:00,19.7,36,4.2,865.8,8.6,296,Shankapark,27.7355,85.3434
2025-03-17T18:00,17.8,52,7.8,865.8,4.1,257,Shankapark,27.7355,85.3434
2025-03-17T19:00,17.2,54,7.9,866.5,3.8,225,Shankapark,27.7355,85.3434
2025-03-17T20:00,16.4,54,7.1,867.5,4.9,303,Shankapark,27.7355,85.3434
2025-03-17T21:00,14.6,65,8.1,867.2,2.8,27,Shankapark,27.7355,85.3434
2025-03-17T22:00,14.3,64,7.6,866.7,1.1,171,Shankapark,27.7355,85.3434
2025-03-17T23:00,14.1,64,7.4,865.8,1.8,180,Shankapark,27.7355,85.3434
2025-03-18T00:00,13.7,63,6.9,865.1,1.8,186,Shankapark,27.7355,85.3434
2025-03-18T01:00,13.1,62,6.1,864.1,1.6,174,Shankapark,27.7355,85.3434
2025-03-18T02:00,12.3,64,5.6,863.2,1.3,172,Shankapark,27.7355,85.3434
2025-03-18T03:00,11.7,64,5.1,862.5,1.5,166,Shankapark,27.7355,85.3434
2025-03-18T04:00,11.4,64,4.8,862.6,2.7,152,Shankapark,27.7355,85.3434
2025-03-18T05:00,11.2,62,4.3,862.6,3.0,155,Shankapark,27.7355,85.3434
2025-03-18T06:00,9.7,86,7.4,862.8,5.0,154,Shankapark,27.7355,85.3434
2025-03-18T07:00,13.4,73,8.6,865.2,5.6,140,Shankapark,27.7355,85.3434
2025-03-18T08:00,17.4,49,6.7,867.5,3.3,84,Shankapark,27.7355,85.3434
2025-03-18T09:00,19.8,39,5.3,868.2,1.4,360,Shankapark,27.7355,85.3434
2025-03-18T10:00,21.5,30,3.4,868.5,3.9,307,Shankapark,27.7355,85.3434
2025-03-18T11:00,22.9,27,2.7,868.3,6.8,312,Shankapark,27.7355,85.3434
2025-03-18T12:00,23.7,27,3.4,867.8,9.0,307,Shankapark,27.7355,85.3434
2025-03-18T13:00,23.9,28,4.2,867.1,11.3,306,Shankapark,27.7355,85.3434
2025-03-18T14:00,23.7,29,4.5,866.4,12.5,305,Shankapark,27.7355,85.3434
2025-03-18T15:00,23.2,29,4.1,866.2,12.7,303,Shankapark,27.7355,85.3434
2025-03-18T16:00,22.2,30,4.0,866.1,12.2,303,Shankapark,27.7355,85.3434
2025-03-18T17:00,20.3,37,5.1,866.0,9.4,296,Shankapark,27.7355,85.3434
2025-03-18T18:00,18.3,45,6.3,866.7,8.2,280,Shankapark,27.7355,85.3434
2025-03-18T19:00,17.2,52,7.3,867.2,5.3,278,Shankapark,27.7355,85.3434
2025-03-18T20:00,16.4,59,8.3,867.6,3.5,261,Shankapark,27.7355,85.3434
2025-03-18T21:00,15.8,62,8.5,867.9,3.3,276,Shankapark,27.7355,85.3434
2025-03-18T22:00,15.1,63,8.1,867.9,2.1,218,Shankapark,27.7355,85.3434
2025-03-18T23:00,14.3,66,8.0,867.3,2.6,205,Shankapark,27.7355,85.3434
2025-03-19T00:00,13.8,68,8.0,866.8,3.5,195,Shankapark,27.7355,85.3434
2025-03-19T01:00,13.1,71,7.9,865.9,3.6,183,Shankapark,27.7355,85.3434
2025-03-19T02:00,12.5,72,7.6,865.1,2.3,180,Shankapark,27.7355,85.3434
2025-03-19T03:00,12.0,72,7.2,864.6,2.0,170,Shankapark,27.7355,85.3434
2025-03-19T04:00,11.5,73,6.8,864.6,2.5,159,Shankapark,27.7355,85.3434
2025-03-19T05:00,11.3,73,6.5,865.0,3.7,151,Shankapark,27.7355,85.3434
2025-03-19T06:00,12.8,70,7.5,866.7,3.1,159,Shankapark,27.7355,85.3434
2025-03-19T07:00,15.2,67,9.2,868.5,6.1,148,Shankapark,27.7355,85.3434
2025-03-19T08:00,18.9,48,7.8,870.5,3.0,123,Shankapark,27.7355,85.3434
2025-03-19T09:00,21.5,36,5.9,871.5,0.8,63,Shankapark,27.7355,85.3434
2025-03-19T10:00,23.9,26,3.1,872.1,2.2,318,Shankapark,27.7355,85.3434
2025-03-19T11:00,25.6,24,3.8,871.8,6.2,285,Shankapark,27.7355,85.3434
2025-03-19T12:00,26.0,26,5.0,871.4,9.7,280,Shankapark,27.7355,85.3434
2025-03-19T13:00,25.9,27,5.2,870.8,11.7,280,Shankapark,27.7355,85.3434
2025-03-19T14:00,25.8,24,3.4,870.2,11.6,286,Shankapark,27.7355,85.3434
2025-03-19T15:00,25.1,22,2.1,869.7,11.1,282,Shankapark,27.7355,85.3434
2025-03-19T16:00,23.6,27,3.3,869.4,10.3,281,Shankapark,27.7355,85.3434
2025-03-19T17:00,21.6,37,6.3,869.6,6.0,280,Shankapark,27.7355,85.3434
2025-03-19T18:00,19.8,48,8.6,869.7,4.3,255,Shankapark,27.7355,85.3434
2025-03-19T19:00,18.6,55,9.4,870.7,3.3,234,Shankapark,27.7355,85.3434
2025-03-19T20:00,17.9,57,9.2,870.8,4.0,201,Shankapark,27.7355,85.3434
2025-03-19T21:00,16.4,64,9.6,870.8,2.9,187,Shankapark,27.7355,85.3434
2025-03-19T22:00,15.6,67,9.5,870.3,2.0,180,Shankapark,27.7355,85.3434
2025-03-19T23:00,15.0,68,9.2,870.1,2.3,184,Shankapark,27.7355,85.3434
2025-03-20T00:00,14.6,68,8.8,870.1,2.2,194,Shankapark,27.7355,85.3434
2025-03-20T01:00,14.7,64,8.1,869.7,2.0,190,Shankapark,27.7355,85.3434
2025-03-20T02:00,14.7,63,7.6,869.3,2.9,180,Shankapark,27.7355,85.3434
2025-03-20T03:00,14.2,64,7.5,868.8,2.4,167,Shankapark,27.7355,85.3434
2025-03-20T04:00,13.8,63,6.9,868.8,2.4,163,Shankapark,27.7355,85.3434
2025-03-20T05:00,13.5,62,6.4,868.8,2.5,159,Shankapark,27.7355,85.3434
2025-03-20T06:00,13.5,69,7.9,869.4,5.5,163,Shankapark,27.7355,85.3434
2025-03-20T07:00,16.0,64,9.3,871.2,5.9,160,Shankapark,27.7355,85.3434
2025-03-20T08:00,20.6,40,6.4,873.7,2.6,164,Shankapark,27.7355,85.3434
2025-03-20T09:00,23.1,28,3.7,874.4,3.4,238,Shankapark,27.7355,85.3434
2025-03-20T10:00,24.6,24,2.5,874.5,5.8,256,Shankapark,27.7355,85.3434
2025-03-20T11:00,24.7,28,4.9,873.9,11.8,279,Shankapark,27.7355,85.3434
2025-03-20T12:00,24.4,31,6.2,873.3,12.8,286,Shankapark,27.7355,85.3434
2025-03-20T13:00,24.4,28,4.8,872.3,13.6,299,Shankapark,27.7355,85.3434
2025-03-20T14:00,24.3,27,3.9,871.2,14.2,300,Shankapark,27.7355,85.3434
2025-03-20T15:00,23.8,29,4.5,870.3,12.9,305,Shankapark,27.7355,85.3434
2025-03-20T16:00,22.8,30,4.4,869.9,12.3,307,Shankapark,27.7355,85.3434
2025-03-20T17:00,21.0,36,5.3,869.4,9.1,308,Shankapark,27.7355,85.3434
2025-03-20T18:00,19.7,40,5.7,869.1,6.4,254,Shankapark,27.7355,85.3434
2025-03-20T19:00,18.7,44,6.1,869.6,6.2,224,Shankapark,27.7355,85.3434
2025-03-20T20:00,17.8,50,7.1,870.3,5.7,204,Shankapark,27.7355,85.3434
2025-03-20T21:00,16.7,56,7.9,870.3,5.2,205,Shankapark,27.7355,85.3434
2025-03-20T22:00,16.3,58,7.9,870.5,4.2,211,Shankapark,27.7355,85.3434
2025-03-20T23:00,16.0,57,7.6,870.3,3.3,209,Shankapark,27.7355,85.3434
2025-03-21T00:00,15.4,61,7.9,869.9,2.6,214,Shankapark,27.7355,85.3434
2025-03-21T01:00,15.6,59,7.5,869.6,1.5,194,Shankapark,27.7355,85.3434
2025-03-21T02:00,15.1,58,7.0,868.8,2.9,184,Shankapark,27.7355,85.3434
2025-03-21T03:00,14.8,58,6.5,868.3,4.2,187,Shankapark,27.7355,85.3434
2025-03-21T04:00,14.4,58,6.3,868.1,5.0,180,Shankapark,27.7355,85.3434
2025-03-21T05:00,13.5,62,6.3,867.9,4.3,178,Shankapark,27.7355,85.3434
2025-03-21T06:00,12.4,75,8.0,868.2,4.4,161,Shankapark,27.7355,85.3434
2025-03-21T07:00,15.7,66,9.3,870.6,5.9,137,Shankapark,27.7355,85.3434
2025-03-21T08:00,19.8,44,7.2,872.9,3.5,105,Shankapark,27.7355,85.3434
2025-03-21T09:00,22.1,32,4.6,873.5,2.6,231,Shankapark,27.7355,85.3434
2025-03-21T10:00,23.1,29,4.0,873.5,9.0,264,Shankapark,27.7355,85.3434
2025-03-21T11:00,22.4,35,6.2,873.0,13.5,260,Shankapark,27.7355,85.3434
2025-03-21T12:00,22.9,32,5.6,872.2,10.3,277,Shankapark,27.7355,85.3434
2025-03-21T13:00,20.3,44,7.7,870.9,13.9,222,Shankapark,27.7355,85.3434
2025-03-21T14:00,21.4,38,6.5,869.8,13.3,261,Shankapark,27.7355,85.3434
2025-03-21T15:00,19.7,48,8.4,869.0,10.0,300,Shankapark,27.7355,85.3434
2025-03-21T16:00,19.6,46,7.8,868.7,8.8,296,Shankapark,27.7355,85.3434
2025-03-21T17:00,18.3,53,8.6,868.6,6.0,265,Shankapark,27.7355,85.3434
2025-03-21T18:00,15.3,78,11.4,868.5,3.8,275,Shankapark,27.7355,85.3434
2025-03-21T19:00,14.8,84,12.2,868.7,3.4,180,Shankapark,27.7355,85.3434
2025-03-21T20:00,14.1,89,12.3,869.3,0.4,180,Shankapark,27.7355,85.3434
2025-03-21T21:00,13.3,89,11.6,869.2,2.2,156,Shankapark,27.7355,85.3434
2025-03-21T22:00,13.9,81,10.7,869.2,1.8,180,Shankapark,27.7355,85.3434
2025-03-21T23:00,13.3,80,9.9,868.8,0.6,162,Shankapark,27.7355,85.3434
2025-03-22T00:00,13.3,73,8.6,868.7,0.9,180,Shankapark,27.7355,85.3434
2025-03-22T01:00,13.0,72,8.1,867.8,2.5,176,Shankapark,27.7355,85.3434
2025-03-22T02:00,12.4,75,8.1,866.8,3.8,163,Shankapark,27.7355,85.3434
2025-03-22T03:00,11.7,79,8.1,866.2,3.8,155,Shankapark,27.7355,85.3434
2025-03-22T04:00,11.2,81,8.1,866.0,4.3,163,Shankapark,27.7355,85.3434
2025-03-22T05:00,10.7,82,7.8,865.9,5.8,164,Shankapark,27.7355,85.3434
2025-03-22T06:00,12.1,75,7.8,866.8,3.6,160,Shankapark,27.7355,85.3434
2025-03-22T07:00,15.1,65,8.6,869.4,4.8,135,Shankapark,27.7355,85.3434
2025-03-22T08:00,18.4,48,7.1,871.5,4.0,80,Shankapark,27.7355,85.3434
2025-03-22T09:00,20.8,36,5.1,872.4,1.3,8,Shankapark,27.7355,85.3434
2025-03-22T10:00,22.2,28,2.6,872.7,5.6,303,Shankapark,27.7355,85.3434
2025-03-22T11:00,22.7,27,2.8,872.3,9.9,289,Shankapark,27.7355,85.3434
2025-03-22T12:00,22.9,29,3.8,871.4,7.6,278,Shankapark,27.7355,85.3434
2025-03-22T13:00,18.8,49,7.9,870.6,14.6,236,Shankapark,27.7355,85.3434
2025-03-22T14:00,20.2,38,5.6,869.9,3.8,262,Shankapark,27.7355,85.3434
2025-03-22T15:00,20.1,37,5.0,869.7,7.5,259,Shankapark,27.7355,85.3434
2025-03-22T16:00,18.5,43,5.8,869.5,7.7,267,Shankapark,27.7355,85.3434
2025-03-22T17:00,17.3,51,7.1,869.6,6.7,289,Shankapark,27.7355,85.3434
2025-03-22T18:00,16.0,63,9.0,870.1,0.7,194,Shankapark,27.7355,85.3434
2025-03-22T19:00,15.2,69,9.5,870.8,1.9,331,Shankapark,27.7355,85.3434
2025-03-22T20:00,14.6,70,9.2,871.3,2.4,63,Shankapark,27.7355,85.3434
2025-03-22T21:00,14.0,73,9.2,871.0,2.2,132,Shankapark,27.7355,85.3434
2025-03-22T22:00,13.1,76,9.0,870.1,3.9,158,Shankapark,27.7355,85.3434
2025-03-22T23:00,11.9,84,9.2,869.6,4.6,159,Shankapark,27.7355,85.3434
2025-03-23T00:00,11.2,87,9.2,868.8,4.0,162,Shankapark,27.7355,85.3434
2025-03-23T01:00,10.9,87,8.8,868.3,5.2,153,Shankapark,27.7355,85.3434
2025-03-23T02:00,10.7,86,8.4,867.4,6.5,150,Shankapark,27.7355,85.3434
2025-03-23T03:00,10.6,85,8.2,867.2,5.6,158,Shankapark,27.7355,85.3434
2025-03-23T04:00,10.0,88,8.1,867.0,4.2,160,Shankapark,27.7355,85.3434
2025-03-23T05:00,9.6,89,7.9,867.4,2.9,158,Shankapark,27.7355,85.3434
2025-03-23T06:00,9.5,93,8.5,868.7,4.7,152,Shankapark,27.7355,85.3434
2025-03-23T07:00,13.5,73,8.9,871.5,5.1,126,Shankapark,27.7355,85.3434
2025-03-23T08:00,16.3,56,7.4,873.0,3.5,105,Shankapark,27.7355,85.3434
2025-03-23T09:00,18.5,44,6.0,873.5,1.7,32,Shankapark,27.7355,85.3434
2025-03-23T10:00,20.1,37,5.0,873.6,4.6,329,Shankapark,27.7355,85.3434
2025-03-23T11:00,21.1,33,4.1,873.1,8.6,307,Shankapark,27.7355,85.3434
2025-03-23T12:00,21.6,30,3.3,872.2,9.9,297,Shankapark,27.7355,85.3434
2025-03-23T13:00,21.8,28,2.7,871.0,6.4,288,Shankapark,27.7355,85.3434
2025-03-23T14:00,21.3,29,2.5,870.3,9.7,269,Shankapark,27.7355,85.3434
2025-03-23T15:00,20.6,33,3.8,870.1,10.9,264,Shankapark,27.7355,85.3434
2025-03-23T16:00,19.9,35,3.8,869.9,10.8,275,Shankapark,27.7355,85.3434
2025-03-23T17:00,19.2,36,3.7,869.9,9.3,288,Shankapark,27.7355,85.3434
2025-03-23T18:00,16.9,48,5.8,870.2,3.6,243,Shankapark,27.7355,85.3434
2025-03-23T19:00,16.0,57,7.4,870.0,2.5,210,Shankapark,27.7355,85.3434
2025-03-23T20:00,14.9,64,8.1,870.1,0.4,180,Shankapark,27.7355,85.3434
2025-03-23T21:00,14.1,68,8.2,870.2,1.1,171,Shankapark,27.7355,85.3434
2025-03-23T22:00,13.9,67,8.0,870.1,0.9,180,Shankapark,27.7355,85.3434
2025-03-23T23:00,14.3,63,7.4,870.2,0.7,180,Shankapark,27.7355,85.3434
2025-03-24T00:00,14.7,58,6.5,870.2,1.4,140,Shankapark,27.7355,85.3434
2025-03-24T01:00,13.8,60,6.1,869.5,3.3,126,Shankapark,27.7355,85.3434
2025-03-24T02:00,13.2,60,5.5,868.8,3.8,121,Shankapark,27.7355,85.3434
2025-03-24T03:00,12.7,60,5.1,868.4,3.3,139,Shankapark,27.7355,85.3434
2025-03-24T04:00,12.1,61,4.9,868.4,2.6,155,Shankapark,27.7355,85.3434
2025-03-24T05:00,11.6,63,4.8,868.8,2.3,157,Shankapark,27.7355,85.3434
2025-03-24T06:00,11.4,68,5.8,869.6,2.3,148,Shankapark,27.7355,85.3434
2025-03-24T07:00,15.3,57,6.9,872.4,4.7,106,Shankapark,27.7355,85.3434
2025-03-24T08:00,17.3,45,5.2,873.8,3.1,62,Shankapark,27.7355,85.3434
2025-03-24T09:00,18.8,44,6.2,874.2,2.3,328,Shankapark,27.7355,85.3434
2025-03-24T10:00,20.3,40,6.1,874.1,6.6,305,Shankapark,27.7355,85.3434
2025-03-24T11:00,21.4,35,5.6,873.5,10.3,305,Shankapark,27.7355,85.3434
2025-03-24T12:00,22.4,33,5.4,872.8,11.9,312,Shankapark,27.7355,85.3434
2025-03-24T13:00,23.0,33,5.7,871.8,11.8,313,Shankapark,27.7355,85.3434
2025-03-24T14:00,23.2,34,6.6,870.9,10.6,313,Shankapark,27.7355,85.3434
2025-03-24T15:00,22.6,37,7.2,870.3,11.0,311,Shankapark,27.7355,85.3434
2025-03-24T16:00,21.4,40,7.3,870.2,11.5,318,Shankapark,27.7355,85.3434
2025-03-24T17:00,20.2,43,7.3,869.8,8.1,325,Shankapark,27.7355,85.3434
2025-03-24T18:00,18.8,56,9.9,869.8,2.8,255,Shankapark,27.7355,85.3434
2025-03-24T19:00,18.2,53,8.6,870.1,4.2,258,Shankapark,27.7355,85.3434
2025-03-24T20:00,17.3,56,8.6,870.4,4.0,249,Shankapark,27.7355,85.3434
2025-03-24T21:00,16.7,58,8.4,870.6,3.6,221,Shankapark,27.7355,85.3434
2025-03-24T22:00,16.0,61,8.4,870.1,2.4,193,Shankapark,27.7355,85.3434
2025-03-24T23:00,15.5,61,8.0,869.3,2.4,189,Shankapark,27.7355,85.3434
2025-03-25T00:00,14.9,63,7.9,868.3,2.0,180,Shankapark,27.7355,85.3434
2025-03-25T01:00,14.1,66,7.9,867.4,0.9,180,Shankapark,27.7355,85.3434
2025-03-25T02:00,14.0,65,7.6,866.7,0.4,153,Shankapark,27.7355,85.3434
2025-03-25T03:00,14.0,63,7.1,866.3,1.0,149,Shankapark,27.7355,85.3434
2025-03-25T04:00,13.6,64,7.0,865.9,1.7,148,Shankapark,27.7355,85.3434
2025-03-25T05:00,13.1,66,6.9,865.9,2.8,145,Shankapark,27.7355,85.3434
2025-03-25T06:00,12.1,74,7.7,866.3,3.5,152,Shankapark,27.7355,85.3434
2025-03-25T07:00,15.9,66,9.5,868.7,3.6,143,Shankapark,27.7355,85.3434
2025-03-25T08:00,19.0,48,7.8,870.1,1.2,63,Shankapark,27.7355,85.3434
2025-03-25T09:00,21.1,40,7.0,870.6,3.8,319,Shankapark,27.7355,85.3434
2025-03-25T10:00,22.8,34,6.3,870.7,6.4,310,Shankapark,27.7355,85.3434
2025-03-25T11:00,24.1,33,6.9,870.2,7.8,310,Shankapark,27.7355,85.3434
2025-03-25T12:00,24.8,33,7.6,869.3,8.9,312,Shankapark,27.7355,85.3434
2025-03-25T13:00,25.0,33,7.7,868.2,10.7,318,Shankapark,27.7355,85.3434
2025-03-25T14:00,25.1,32,7.4,867.2,11.9,325,Shankapark,27.7355,85.3434
2025-03-25T15:00,24.7,33,7.5,866.7,12.4,321,Shankapark,27.7355,85.3434
2025-03-25T16:00,23.7,37,8.1,866.2,11.7,317,Shankapark,27.7355,85.3434
2025-03-25T17:00,22.2,42,8.7,865.9,8.8,309,Shankapark,27.7355,85.3434
2025-03-25T18:00,20.4,50,9.5,865.8,5.4,256,Shankapark,27.7355,85.3434
2025-03-25T19:00,19.2,52,9.2,865.9,5.2,221,Shankapark,27.7355,85.3434
2025-03-25T20:00,18.2,55,8.9,866.2,3.5,204,Shankapark,27.7355,85.3434
2025-03-25T21:00,17.3,56,8.6,866.0,2.3,198,Shankapark,27.7355,85.3434
2025-03-25T22:00,17.1,59,9.0,866.1,1.4,203,Shankapark,27.7355,85.3434
2025-03-25T23:00,17.3,55,8.1,865.7,0.6,198,Shankapark,27.7355,85.3434
2025-03-26T00:00,17.1,54,7.8,865.2,0.5,180,Shankapark,27.7355,85.3434
2025-03-26T01:00,16.9,55,7.8,864.5,0.7,166,Shankapark,27.7355,85.3434
2025-03-26T02:00,16.4,57,7.8,863.7,1.2,141,Shankapark,27.7355,85.3434
2025-03-26T03:00,15.8,59,7.8,863.0,1.8,143,Shankapark,27.7355,85.3434
2025-03-26T04:00,14.9,63,7.8,862.8,3.6,143,Shankapark,27.7355,85.3434
2025-03-26T05:00,14.6,63,7.7,863.0,4.1,146,Shankapark,27.7355,85.3434
2025-03-26T06:00,15.4,63,8.4,864.6,4.0,144,Shankapark,27.7355,85.3434
2025-03-26T07:00,17.7,58,9.5,866.5,6.0,119,Shankapark,27.7355,85.3434
2025-03-26T08:00,20.4,47,8.6,868.1,5.0,90,Shankapark,27.7355,85.3434
2025-03-26T09:00,22.6,39,8.0,868.8,3.7,79,Shankapark,27.7355,85.3434
2025-03-26T10:00,24.4,36,8.4,869.0,3.4,16,Shankapark,27.7355,85.3434
2025-03-26T11:00,25.7,33,8.3,868.4,7.4,337,Shankapark,27.7355,85.3434
2025-03-26T12:00,26.5,31,8.2,867.8,9.0,301,Shankapark,27.7355,85.3434
2025-03-26T13:00,26.1,34,9.0,866.6,10.9,286,Shankapark,27.7355,85.3434
2025-03-26T14:00,25.7,35,9.0,865.9,8.8,275,Shankapark,27.7355,85.3434
2025-03-26T15:00,25.3,34,8.4,865.3,6.7,262,Shankapark,27.7355,85.3434
2025-03-26T16:00,24.6,37,8.8,865.0,10.0,261,Shankapark,27.7355,85.3434
2025-03-26T17:00,23.1,42,9.7,864.8,7.4,252,Shankapark,27.7355,85.3434
2025-03-26T18:00,21.7,49,10.5,865.1,6.5,231,Shankapark,27.7355,85.3434
2025-03-26T19:00,19.9,58,11.4,864.9,7.9,200,Shankapark,27.7355,85.3434
2025-03-26T20:00,18.5,65,11.8,865.1,6.4,191,Shankapark,27.7355,85.3434
2025-03-26T21:00,17.6,70,12.0,864.8,3.6,189,Shankapark,27.7355,85.3434
2025-03-26T22:00,17.5,69,11.7,865.0,0.7,180,Shankapark,27.7355,85.3434
2025-03-26T23:00,17.6,67,11.5,864.7,0.7,180,Shankapark,27.7355,85.3434
2025-03-27T00:00,17.4,67,11.3,864.1,1.3,172,Shankapark,27.7355,85.3434
2025-03-27T01:00,17.0,68,11.2,863.4,2.7,152,Shankapark,27.7355,85.3434
2025-03-27T02:00,16.9,66,10.6,862.8,3.9,143,Shankapark,27.7355,85.3434
2025-03-27T03:00,16.7,66,10.3,862.2,5.3,142,Shankapark,27.7355,85.3434
2025-03-27T04:00,15.7,70,10.2,861.9,7.0,138,Shankapark,27.7355,85.3434
2025-03-27T05:00,14.9,73,10.1,862.0,7.4,135,Shankapark,27.7355,85.3434
2025-03-27T06:00,15.4,73,10.6,862.9,8.3,147,Shankapark,27.7355,85.3434
2025-03-27T07:00,18.1,64,11.2,864.9,6.9,118,Shankapark,27.7355,85.3434
2025-03-27T08:00,21.2,51,10.7,866.6,7.3,97,Shankapark,27.7355,85.3434
2025-03-27T09:00,23.5,44,10.6,867.1,7.2,102,Shankapark,27.7355,85.3434
2025-03-27T10:00,25.4,40,10.7,867.4,5.1,98,Shankapark,27.7355,85.3434
2025-03-27T11:00,26.9,36,10.7,866.8,2.2,95,Shankapark,27.7355,85.3434
2025-03-27T12:00,28.2,33,10.4,866.0,2.6,295,Shankapark,27.7355,85.3434
2025-03-27T13:00,28.7,31,9.8,865.0,8.7,302,Shankapark,27.7355,85.3434
2025-03-27T14:00,28.4,31,9.7,864.4,12.1,300,Shankapark,27.7355,85.3434
2025-03-27T15:00,27.4,33,9.8,863.9,12.6,299,Shankapark,27.7355,85.3434
2025-03-27T16:00,26.4,35,9.7,863.9,12.3,299,Shankapark,27.7355,85.3434
2025-03-27T17:00,24.8,41,10.8,863.9,10.4,293,Shankapark,27.7355,85.3434
2025-03-27T18:00,23.2,49,11.8,863.7,6.2,260,Shankapark,27.7355,85.3434
2025-03-27T19:00,21.7,57,12.9,864.2,5.1,225,Shankapark,27.7355,85.3434
2025-03-27T20:00,20.5,65,13.8,864.2,2.4,189,Shankapark,27.7355,85.3434
2025-03-27T21:00,19.3,71,14.0,864.3,2.3,180,Shankapark,27.7355,85.3434
2025-03-27T22:00,19.3,71,13.9,864.3,4.0,170,Shankapark,27.7355,85.3434
2025-03-27T23:00,19.1,68,13.0,863.8,5.4,165,Shankapark,27.7355,85.3434
2025-03-28T00:00,18.5,68,12.6,863.3,5.1,163,Shankapark,27.7355,85.3434
2025-03-28T01:00,17.7,71,12.4,862.3,4.5,166,Shankapark,27.7355,85.3434
2025-03-28T02:00,17.0,73,12.1,861.3,4.5,166,Shankapark,27.7355,85.3434
2025-03-28T03:00,16.4,74,11.7,860.8,5.3,162,Shankapark,27.7355,85.3434
2025-03-28T04:00,15.7,76,11.5,861.0,5.6,158,Shankapark,27.7355,85.3434
2025-03-28T05:00,15.3,77,11.2,861.5,5.9,157,Shankapark,27.7355,85.3434
2025-03-28T06:00,15.5,80,12.1,862.2,5.8,160,Shankapark,27.7355,85.3434
2025-03-28T07:00,19.6,66,13.1,865.2,3.7,133,Shankapark,27.7355,85.3434
2025-03-28T08:00,22.5,50,11.7,866.8,0.6,18,Shankapark,27.7355,85.3434
2025-03-28T09:00,24.5,41,10.4,867.4,2.8,305,Shankapark,27.7355,85.3434
2025-03-28T10:00,26.5,35,9.6,867.7,6.7,290,Shankapark,27.7355,85.3434
2025-03-28T11:00,27.6,33,10.0,867.5,11.5,297,Shankapark,27.7355,85.3434
2025-03-28T12:00,27.7,32,9.5,866.9,15.7,300,Shankapark,27.7355,85.3434
2025-03-28T13:00,27.7,30,8.4,866.3,14.8,303,Shankapark,27.7355,85.3434
2025-03-28T14:00,27.9,28,7.5,865.4,13.4,299,Shankapark,27.7355,85.3434
2025-03-28T15:00,27.3,27,6.9,864.8,13.2,292,Shankapark,27.7355,85.3434
2025-03-28T16:00,26.2,29,6.7,864.6,12.9,283,Shankapark,27.7355,85.3434
2025-03-28T17:00,24.4,34,7.4,864.3,11.1,277,Shankapark,27.7355,85.3434
2025-03-28T18:00,22.7,47,10.9,864.2,10.3,283,Shankapark,27.7355,85.3434
2025-03-28T19:00,22.1,52,11.9,864.7,4.2,263,Shankapark,27.7355,85.3434
2025-03-28T20:00,21.5,55,12.0,865.1,3.2,207,Shankapark,27.7355,85.3434
2025-03-28T21:00,20.6,58,12.0,864.7,3.5,189,Shankapark,27.7355,85.3434
2025-03-28T22:00,19.2,63,12.0,863.9,4.0,185,Shankapark,27.7355,85.3434
2025-03-28T23:00,18.2,67,11.9,863.2,3.8,185,Shankapark,27.7355,85.3434
2025-03-29T00:00,17.6,67,11.4,862.4,4.9,172,Shankapark,27.7355,85.3434
2025-03-29T01:00,17.3,65,10.5,861.6,5.4,160,Shankapark,27.7355,85.3434
2025-03-29T02:00,16.9,62,9.7,861.0,5.4,154,Shankapark,27.7355,85.3434
2025-03-29T03:00,16.4,63,9.4,860.5,6.2,147,Shankapark,27.7355,85.3434
2025-03-29T04:00,16.0,64,9.2,860.5,6.5,146,Shankapark,27.7355,85.3434
2025-03-29T05:00,15.6,65,9.0,860.9,6.4,148,Shankapark,27.7355,85.3434
2025-03-29T06:00,15.8,67,9.6,861.6,7.1,146,Shankapark,27.7355,85.3434
2025-03-29T07:00,18.7,60,10.9,864.2,7.1,135,Shankapark,27.7355,85.3434
2025-03-29T08:00,22.2,47,10.3,866.4,5.1,100,Shankapark,27.7355,85.3434
2025-03-29T09:00,25.3,29,5.9,867.3,3.3,81,Shankapark,27.7355,85.3434
2025-03-29T10:00,27.9,19,2.4,867.9,1.0,338,Shankapark,27.7355,85.3434
2025-03-29T11:00,29.3,18,2.3,867.4,5.3,282,Shankapark,27.7355,85.3434
2025-03-29T12:00,30.0,18,2.8,866.8,11.3,277,Shankapark,27.7355,85.3434
2025-03-29T13:00,29.9,16,1.4,866.2,14.1,274,Shankapark,27.7355,85.3434
2025-03-29T14:00,29.2,16,1.1,865.7,13.2,276,Shankapark,27.7355,85.3434
2025-03-29T15:00,28.1,19,2.1,865.3,11.9,281,Shankapark,27.7355,85.3434
2025-03-29T16:00,26.5,23,3.8,865.2,11.4,286,Shankapark,27.7355,85.3434
2025-03-29T17:00,24.5,29,5.5,865.0,8.2,299,Shankapark,27.7355,85.3434
2025-03-29T18:00,22.8,39,8.2,865.1,7.2,284,Shankapark,27.7355,85.3434
2025-03-29T19:00,21.8,43,8.6,865.8,6.3,263,Shankapark,27.7355,85.3434
2025-03-29T20:00,21.2,46,9.0,866.4,4.8,239,Shankapark,27.7355,85.3434
2025-03-29T21:00,20.7,48,9.3,866.9,3.4,245,Shankapark,27.7355,85.3434
2025-03-29T22:00,20.0,51,9.5,867.2,2.7,238,Shankapark,27.7355,85.3434
2025-03-29T23:00,19.3,53,9.5,866.6,3.3,209,Shankapark,27.7355,85.3434
2025-03-30T00:00,18.5,56,9.6,865.5,3.8,197,Shankapark,27.7355,85.3434
2025-03-30T01:00,17.8,58,9.5,864.4,3.5,189,Shankapark,27.7355,85.3434
2025-03-30T02:00,17.3,60,9.3,863.5,3.1,183,Shankapark,27.7355,85.3434
2025-03-30T03:00,16.8,60,9.0,863.0,3.6,174,Shankapark,27.7355,85.3434
2025-03-30T04:00,16.2,61,8.6,862.9,4.1,165,Shankapark,27.7355,85.3434
2025-03-30T05:00,15.5,62,8.3,863.2,5.2,158,Shankapark,27.7355,85.3434
2025-03-30T06:00,15.1,71,9.9,864.2,6.5,156,Shankapark,27.7355,85.3434
2025-03-30T07:00,19.2,58,10.7,867.1,6.9,139,Shankapark,27.7355,85.3434
2025-03-30T08:00,23.1,41,9.3,869.3,4.8,112,Shankapark,27.7355,85.3434
2025-03-30T09:00,25.4,33,7.9,870.4,2.7,122,Shankapark,27.7355,85.3434
2025-03-30T10:00,27.3,26,6.0,870.9,1.4,180,Shankapark,27.7355,85.3434
2025-03-30T11:00,28.6,22,4.8,870.9,3.5,231,Shankapark,27.7355,85.3434
2025-03-30T12:00,29.3,22,5.1,870.3,6.5,268,Shankapark,27.7355,85.3434
2025-03-30T13:00,29.1,25,7.2,869.7,10.4,281,Shankapark,27.7355,85.3434
2025-03-30T14:00,28.4,26,7.1,868.8,12.0,282,Shankapark,27.7355,85.3434
2025-03-30T15:00,27.5,24,5.3,868.2,11.9,284,Shankapark,27.7355,85.3434
2025-03-30T16:00,26.2,25,4.6,868.1,11.5,292,Shankapark,27.7355,85.3434
2025-03-30T17:00,24.3,28,4.7,867.7,8.9,298,Shankapark,27.7355,85.3434
2025-03-30T18:00,22.8,36,6.8,867.9,8.2,289,Shankapark,27.7355,85.3434
2025-03-30T19:00,21.8,39,7.3,868.6,5.3,258,Shankapark,27.7355,85.3434
2025-03-30T20:00,20.8,43,7.7,869.1,2.7,228,Shankapark,27.7355,85.3434
2025-03-30T21:00,19.8,46,7.7,869.4,1.5,210,Shankapark,27.7355,85.3434
2025-03-30T22:00,18.9,49,8.1,868.9,2.1,200,Shankapark,27.7355,85.3434
2025-03-30T23:00,18.3,51,8.0,868.3,2.9,191,Shankapark,27.7355,85.3434
2025-03-31T00:00,17.7,52,7.7,867.5,3.3,193,Shankapark,27.7355,85.3434
2025-03-31T01:00,17.2,52,7.3,866.4,3.5,189,Shankapark,27.7355,85.3434
2025-03-31T02:00,16.6,52,6.7,865.4,3.4,177,Shankapark,27.7355,85.3434
2025-03-31T03:00,16.0,52,6.1,864.8,3.8,169,Shankapark,27.7355,85.3434
2025-03-31T04:00,15.4,52,5.7,864.6,5.0,159,Shankapark,27.7355,85.3434
2025-03-31T05:00,14.8,54,5.5,864.9,5.4,159,Shankapark,27.7355,85.3434
2025-03-31T06:00,14.6,67,8.5,866.1,4.1,167,Shankapark,27.7355,85.3434
2025-03-31T07:00,18.9,58,10.5,869.1,3.6,160,Shankapark,27.7355,85.3434
2025-03-31T08:00,21.8,42,8.4,870.6,0.3,45,Shankapark,27.7355,85.3434
2025-03-31T09:00,23.8,36,7.7,871.2,2.9,317,Shankapark,27.7355,85.3434
2025-03-31T10:00,25.6,30,6.9,871.4,5.4,307,Shankapark,27.7355,85.3434
2025-03-31T11:00,26.9,27,6.3,871.0,8.3,303,Shankapark,27.7355,85.3434
2025-03-31T12:00,27.6,26,6.4,870.4,11.3,297,Shankapark,27.7355,85.3434
2025-03-31T13:00,27.9,25,6.2,869.6,13.2,292,Shankapark,27.7355,85.3434
2025-03-31T14:00,27.6,24,5.0,868.4,13.7,295,Shankapark,27.7355,85.3434
2025-03-31T15:00,27.0,22,3.6,867.9,13.4,303,Shankapark,27.7355,85.3434
2025-03-31T16:00,25.9,25,4.1,867.4,12.5,300,Shankapark,27.7355,85.3434
2025-03-31T17:00,24.3,29,5.1,866.9,9.0,296,Shankapark,27.7355,85.3434
2025-03-31T18:00,22.7,36,6.9,866.6,5.6,277,Shankapark,27.7355,85.3434
2025-03-31T19:00,21.3,43,8.2,867.0,3.8,245,Shankapark,27.7355,85.3434
2025-03-31T20:00,20.5,47,8.7,867.3,4.9,234,Shankapark,27.7355,85.3434
2025-03-31T21:00,20.1,45,7.8,867.6,4.7,242,Shankapark,27.7355,85.3434
2025-03-31T22:00,19.4,46,7.5,867.4,3.5,235,Shankapark,27.7355,85.3434
2025-03-31T23:00,18.7,48,7.6,866.7,2.7,217,Shankapark,27.7355,85.3434
2025-04-01T00:00,17.9,51,7.6,866.0,2.7,200,Shankapark,27.7355,85.3434
2025-04-01T01:00,16.9,56,8.0,865.0,1.3,196,Shankapark,27.7355,85.3434
2025-04-01T02:00,16.6,56,7.7,864.4,1.3,180,Shankapark,27.7355,85.3434
2025-04-01T03:00,15.9,58,7.6,864.0,2.4,163,Shankapark,27.7355,85.3434
2025-04-01T04:00,15.7,57,7.1,864.3,3.2,153,Shankapark,27.7355,85.3434
2025-04-01T05:00,15.2,57,6.8,864.7,3.6,153,Shankapark,27.7355,85.3434
2025-04-01T06:00,15.4,62,8.1,865.4,5.2,158,Shankapark,27.7355,85.3434
2025-04-01T07:00,18.4,56,9.5,867.6,5.8,144,Shankapark,27.7355,85.3434
2025-04-01T08:00,21.8,39,7.3,869.5,2.7,118,Shankapark,27.7355,85.3434
2025-04-01T09:00,24.2,27,3.8,870.3,0.2,90,Shankapark,27.7355,85.3434
2025-04-01T10:00,26.2,17,-0.9,870.6,3.0,295,Shankapark,27.7355,85.3434
2025-04-01T11:00,27.4,16,-0.9,870.5,6.4,297,Shankapark,27.7355,85.3434
2025-04-01T12:00,27.9,17,0.6,869.9,9.6,298,Shankapark,27.7355,85.3434
2025-04-01T13:00,28.2,15,-0.6,869.1,11.8,297,Shankapark,27.7355,85.3434
2025-04-01T14:00,28.0,13,-3.0,868.1,12.6,294,Shankapark,27.7355,85.3434
2025-04-01T15:00,27.3,13,-3.4,867.5,12.5,288,Shankapark,27.7355,85.3434
2025-04-01T16:00,26.0,16,-1.7,867.1,11.8,283,Shankapark,27.7355,85.3434
2025-04-01T17:00,24.1,21,0.3,866.7,8.6,278,Shankapark,27.7355,85.3434
2025-04-01T18:00,22.8,29,3.7,867.1,7.1,254,Shankapark,27.7355,85.3434
2025-04-01T19:00,21.5,35,5.3,867.6,6.1,230,Shankapark,27.7355,85.3434
2025-04-01T20:00,20.1,41,6.4,867.8,4.4,210,Shankapark,27.7355,85.3434
2025-04-01T21:00,18.8,45,6.7,867.7,3.3,186,Shankapark,27.7355,85.3434
2025-04-01T22:00,17.7,49,6.9,867.4,2.5,184,Shankapark,27.7355,85.3434
2025-04-01T23:00,17.2,48,6.1,867.0,0.4,180,Shankapark,27.7355,85.3434
2025-04-02T00:00,17.2,45,5.2,866.5,1.3,180,Shankapark,27.7355,85.3434
2025-04-02T01:00,17.2,44,4.8,866.1,2.4,167,Shankapark,27.7355,85.3434
2025-04-02T02:00,16.7,45,4.6,865.7,3.2,161,Shankapark,27.7355,85.3434
2025-04-02T03:00,16.0,46,4.4,865.4,4.0,150,Shankapark,27.7355,85.3434
2025-04-02T04:00,16.2,45,4.1,865.8,4.9,147,Shankapark,27.7355,85.3434
2025-04-02T05:00,15.2,47,4.0,865.7,5.6,149,Shankapark,27.7355,85.3434
2025-04-02T06:00,15.3,49,4.8,866.5,5.9,153,Shankapark,27.7355,85.3434
2025-04-02T07:00,19.3,41,5.6,869.3,5.5,128,Shankapark,27.7355,85.3434
2025-04-02T08:00,22.4,31,4.5,871.2,4.0,93,Shankapark,27.7355,85.3434
2025-04-02T09:00,24.5,24,2.7,871.9,1.9,41,Shankapark,27.7355,85.3434
2025-04-02T10:00,26.1,20,1.4,872.1,3.0,335,Shankapark,27.7355,85.3434
2025-04-02T11:00,27.6,17,0.7,871.9,5.2,299,Shankapark,27.7355,85.3434
2025-04-02T12:00,28.1,17,1.1,871.4,9.4,293,Shankapark,27.7355,85.3434
2025-04-02T13:00,27.6,19,2.1,870.6,11.3,295,Shankapark,27.7355,85.3434
2025-04-02T14:00,27.6,19,2.0,869.9,11.8,294,Shankapark,27.7355,85.3434
2025-04-02T15:00,26.3,20,1.6,869.0,12.3,302,Shankapark,27.7355,85.3434
2025-04-02T16:00,25.1,21,1.1,868.7,10.5,294,Shankapark,27.7355,85.3434
2025-04-02T17:00,23.9,22,1.2,868.7,8.4,279,Shankapark,27.7355,85.3434
2025-04-02T18:00,22.9,28,3.6,869.1,7.4,276,Shankapark,27.7355,85.3434
2025-04-02T19:00,22.1,31,4.4,869.7,4.4,243,Shankapark,27.7355,85.3434
2025-04-02T20:00,21.3,34,4.9,870.0,4.2,230,Shankapark,27.7355,85.3434
2025-04-02T21:00,20.0,38,5.2,870.0,3.6,221,Shankapark,27.7355,85.3434
2025-04-02T22:00,19.1,40,5.0,869.6,2.3,209,Shankapark,27.7355,85.3434
2025-04-02T23:00,18.3,40,4.4,869.1,2.1,211,Shankapark,27.7355,85.3434
2025-04-03T00:00,18.0,39,3.7,868.6,2.1,200,Shankapark,27.7355,85.3434
2025-04-03T01:00,17.7,39,3.5,868.2,2.4,197,Shankapark,27.7355,85.3434
2025-04-03T02:00,16.7,40,3.1,867.3,2.2,189,Shankapark,27.7355,85.3434
2025-04-03T03:00,16.4,39,2.4,866.9,2.7,184,Shankapark,27.7355,85.3434
2025-04-03T04:00,16.1,38,1.6,867.1,2.7,176,Shankapark,27.7355,85.3434
2025-04-03T05:00,15.2,38,0.8,867.3,1.7,162,Shankapark,27.7355,85.3434
2025-04-03T06:00,16.8,39,2.8,868.4,3.8,177,Shankapark,27.7355,85.3434
2025-04-03T07:00,19.6,35,3.6,870.8,2.6,155,Shankapark,27.7355,85.3434
2025-04-03T08:00,22.8,19,-1.9,872.5,1.8,349,Shankapark,27.7355,85.3434
2025-04-03T09:00,24.9,16,-2.7,873.0,5.4,312,Shankapark,27.7355,85.3434
2025-04-03T10:00,26.3,17,-1.1,873.2,8.5,306,Shankapark,27.7355,85.3434
2025-04-03T11:00,27.2,17,0.3,872.7,10.2,301,Shankapark,27.7355,85.3434
2025-04-03T12:00,27.7,18,0.9,872.3,11.8,298,Shankapark,27.7355,85.3434
2025-04-03T13:00,27.8,16,-0.0,871.6,13.4,299,Shankapark,27.7355,85.3434
2025-04-03T14:00,27.1,15,-1.7,870.4,14.4,300,Shankapark,27.7355,85.3434
2025-04-03T15:00,26.6,14,-2.7,869.7,13.9,300,Shankapark,27.7355,85.3434
2025-04-03T16:00,25.6,15,-2.9,868.9,12.9,295,Shankapark,27.7355,85.3434
2025-04-03T17:00,24.2,17,-2.7,868.6,11.1,284,Shankapark,27.7355,85.3434
2025-04-03T18:00,22.3,21,-0.9,869.2,8.1,275,Shankapark,27.7355,85.3434
2025-04-03T19:00,21.8,21,-1.2,869.7,6.7,286,Shankapark,27.7355,85.3434
2025-04-03T20:00,21.1,21,-1.8,870.1,6.8,270,Shankapark,27.7355,85.3434
2025-04-03T21:00,20.6,22,-1.7,870.5,5.4,256,Shankapark,27.7355,85.3434
2025-04-03T22:00,19.7,24,-1.3,870.3,3.6,237,Shankapark,27.7355,85.3434
2025-04-03T23:00,19.1,26,-0.9,869.9,3.8,205,Shankapark,27.7355,85.3434
2025-04-04T00:00,18.8,28,-0.2,869.5,3.0,194,Shankapark,27.7355,85.3434
2025-04-04T01:00,18.4,29,-0.1,868.7,2.7,188,Shankapark,27.7355,85.3434
2025-04-04T02:00,17.7,30,-0.1,867.7,2.0,175,Shankapark,27.7355,85.3434
2025-04-04T03:00,16.7,31,-0.3,867.1,3.1,156,Shankapark,27.7355,85.3434
2025-04-04T04:00,15.8,33,-0.6,866.8,5.2,149,Shankapark,27.7355,85.3434
2025-04-04T05:00,14.8,35,-0.5,866.6,5.9,149,Shankapark,27.7355,85.3434
2025-04-04T06:00,15.1,39,1.2,867.7,7.1,144,Shankapark,27.7355,85.3434
2025-04-04T07:00,18.9,34,2.6,870.0,6.4,135,Shankapark,27.7355,85.3434
2025-04-04T08:00,22.8,25,1.7,871.6,3.3,96,Shankapark,27.7355,85.3434
2025-04-04T09:00,24.9,15,-3.1,871.9,3.0,303,Shankapark,27.7355,85.3434
2025-04-04T10:00,26.3,13,-4.3,872.1,8.7,291,Shankapark,27.7355,85.3434
2025-04-04T11:00,27.0,13,-3.4,871.3,11.1,292,Shankapark,27.7355,85.3434
2025-04-04T12:00,27.4,14,-2.8,870.4,12.5,293,Shankapark,27.7355,85.3434
2025-04-04T13:00,27.5,13,-3.4,869.6,13.5,295,Shankapark,27.7355,85.3434
2025-04-04T14:00,27.1,13,-4.0,868.4,13.8,292,Shankapark,27.7355,85.3434
2025-04-04T15:00,26.4,13,-4.1,867.7,13.8,284,Shankapark,27.7355,85.3434
2025-04-04T16:00,25.3,14,-4.0,867.1,12.9,282,Shankapark,27.7355,85.3434
2025-04-04T17:00,23.7,17,-2.9,866.7,11.6,282,Shankapark,27.7355,85.3434
2025-04-04T18:00,22.5,19,-2.3,867.1,8.3,252,Shankapark,27.7355,85.3434
2025-04-04T19:00,22.1,21,-1.5,867.8,5.7,238,Shankapark,27.7355,85.3434
2025-04-04T20:00,21.2,23,-0.9,868.3,2.8,215,Shankapark,27.7355,85.3434
2025-04-04T21:00,20.5,25,-0.4,868.6,2.9,202,Shankapark,27.7355,85.3434
2025-04-04T22:00,19.6,27,-0.1,867.9,0.9,169,Shankapark,27.7355,85.3434
2025-04-04T23:00,19.3,27,-0.1,867.4,3.8,161,Shankapark,27.7355,85.3434
2025-04-05T00:00,18.2,29,-0.2,866.3,5.8,146,Shankapark,27.7355,85.3434
2025-04-05T01:00,17.4,30,-0.5,865.8,6.7,136,Shankapark,27.7355,85.3434
2025-04-05T02:00,16.7,30,-0.7,865.4,7.3,138,Shankapark,27.7355,85.3434
2025-04-05T03:00,16.3,31,-0.7,865.0,7.3,136,Shankapark,27.7355,85.3434
2025-04-05T04:00,15.9,33,-0.6,865.1,7.1,139,Shankapark,27.7355,85.3434
2025-04-05T05:00,15.5,34,-0.5,865.3,7.4,141,Shankapark,27.7355,85.3434
2025-04-05T06:00,15.9,37,1.2,866.0,8.4,145,Shankapark,27.7355,85.3434
2025-04-05T07:00,18.9,32,1.8,867.9,6.9,127,Shankapark,27.7355,85.3434
2025-04-05T08:00,22.6,24,1.0,869.7,4.7,118,Shankapark,27.7355,85.3434
2025-04-05T09:00,25.1,19,-0.3,870.4,1.6,84,Shankapark,27.7355,85.3434
2025-04-05T10:00,26.7,17,-0.4,870.3,3.5,325,Shankapark,27.7355,85.3434
2025-04-05T11:00,27.5,17,-0.0,870.0,8.6,301,Shankapark,27.7355,85.3434
2025-04-05T12:00,27.6,16,-0.1,869.2,11.4,283,Shankapark,27.7355,85.3434
2025-04-05T13:00,27.4,17,-0.0,868.2,11.5,271,Shankapark,27.7355,85.3434
2025-04-05T14:00,26.8,18,0.5,867.3,12.7,259,Shankapark,27.7355,85.3434
2025-04-05T15:00,26.3,19,1.1,866.6,11.3,252,Shankapark,27.7355,85.3434
2025-04-05T16:00,25.6,20,0.7,866.2,11.7,268,Shankapark,27.7355,85.3434
2025-04-05T17:00,24.3,21,0.4,865.7,11.4,273,Shankapark,27.7355,85.3434
2025-04-05T18:00,23.1,24,1.4,866.2,9.1,240,Shankapark,27.7355,85.3434
2025-04-05T19:00,21.9,27,2.1,866.5,5.7,198,Shankapark,27.7355,85.3434
2025-04-05T20:00,20.8,31,2.9,866.7,4.9,184,Shankapark,27.7355,85.3434
2025-04-05T21:00,20.0,33,3.3,866.6,2.5,176,Shankapark,27.7355,85.3434
2025-04-05T22:00,19.8,30,1.6,866.5,2.0,185,Shankapark,27.7355,85.3434
2025-04-05T23:00,20.1,29,1.4,866.5,0.9,180,Shankapark,27.7355,85.3434
2025-04-06T00:00,19.8,29,1.1,866.0,0.7,166,Shankapark,27.7355,85.3434
2025-04-06T01:00,19.2,30,1.0,865.6,2.1,142,Shankapark,27.7355,85.3434
2025-04-06T02:00,18.4,31,0.9,865.4,4.3,132,Shankapark,27.7355,85.3434
2025-04-06T03:00,18.6,31,1.0,865.7,5.7,134,Shankapark,27.7355,85.3434
2025-04-06T04:00,17.7,33,1.2,865.7,7.1,131,Shankapark,27.7355,85.3434
2025-04-06T05:00,17.0,35,1.5,866.1,7.3,140,Shankapark,27.7355,85.3434
2025-04-06T06:00,16.1,46,4.5,866.2,9.3,146,Shankapark,27.7355,85.3434
2025-04-06T07:00,19.3,40,5.2,868.3,7.7,129,Shankapark,27.7355,85.3434
2025-04-06T08:00,23.0,32,5.6,870.2,6.4,101,Shankapark,27.7355,85.3434
2025-04-06T09:00,25.6,24,3.4,870.9,4.7,94,Shankapark,27.7355,85.3434
2025-04-06T10:00,27.4,20,2.4,870.9,0.4,63,Shankapark,27.7355,85.3434
2025-04-06T11:00,28.2,19,2.1,870.5,3.3,276,Shankapark,27.7355,85.3434
2025-04-06T12:00,28.5,18,1.9,869.4,6.5,276,Shankapark,27.7355,85.3434
2025-04-06T13:00,28.5,18,1.9,868.7,11.0,289,Shankapark,27.7355,85.3434
2025-04-06T14:00,27.3,19,1.9,867.6,11.6,294,Shankapark,27.7355,85.3434
2025-04-06T15:00,26.8,21,2.4,867.1,11.9,308,Shankapark,27.7355,85.3434
2025-04-06T16:00,26.0,22,3.0,866.9,11.6,318,Shankapark,27.7355,85.3434
2025-04-06T17:00,25.1,25,3.8,867.0,6.9,307,Shankapark,27.7355,85.3434
2025-04-06T18:00,23.4,30,4.9,867.6,3.2,214,Shankapark,27.7355,85.3434
2025-04-06T19:00,22.0,36,6.3,867.7,5.5,191,Shankapark,27.7355,85.3434
2025-04-06T20:00,20.4,43,7.5,868.1,5.6,184,Shankapark,27.7355,85.3434
2025-04-06T21:00,19.4,47,7.7,868.1,6.1,177,Shankapark,27.7355,85.3434
2025-04-06T22:00,19.1,47,7.4,868.3,5.4,172,Shankapark,27.7355,85.3434
2025-04-06T23:00,18.8,47,7.2,868.5,4.0,159,Shankapark,27.7355,85.3434
2025-04-07T00:00,19.3,44,6.7,868.8,4.4,159,Shankapark,27.7355,85.3434
2025-04-07T01:00,19.4,43,6.6,868.3,3.1,149,Shankapark,27.7355,85.3434
2025-04-07T02:00,19.2,44,6.6,867.7,2.2,171,Shankapark,27.7355,85.3434
2025-04-07T03:00,18.7,44,6.3,867.3,1.3,172,Shankapark,27.7355,85.3434
2025-04-07T04:00,18.4,41,5.1,867.6,2.3,157,Shankapark,27.7355,85.3434
2025-04-07T05:00,17.6,45,5.5,868.3,4.2,160,Shankapark,27.7355,85.3434
2025-04-07T06:00,16.8,57,8.3,869.0,6.6,163,Shankapark,27.7355,85.3434
2025-04-07T07:00,20.2,50,9.5,871.2,3.6,131,Shankapark,27.7355,85.3434
2025-04-07T08:00,22.9,39,8.4,872.7,4.0,80,Shankapark,27.7355,85.3434
2025-04-07T09:00,24.4,34,7.6,873.3,2.7,23,Shankapark,27.7355,85.3434
2025-04-07T10:00,25.6,30,6.8,873.2,6.1,336,Shankapark,27.7355,85.3434
2025-04-07T11:00,26.8,27,6.5,872.8,8.9,341,Shankapark,27.7355,85.3434
2025-04-07T12:00,27.4,27,6.9,872.0,10.4,332,Shankapark,27.7355,85.3434
2025-04-07T13:00,27.4,28,7.1,871.2,11.4,307,Shankapark,27.7355,85.3434
2025-04-07T14:00,26.6,29,7.4,870.3,12.0,303,Shankapark,27.7355,85.3434
2025-04-07T15:00,26.0,31,7.3,869.9,14.7,313,Shankapark,27.7355,85.3434
2025-04-07T16:00,24.8,33,7.7,869.6,13.3,311,Shankapark,27.7355,85.3434
2025-04-07T17:00,23.9,38,8.6,869.7,8.5,305,Shankapark,27.7355,85.3434
2025-04-07T18:00,21.9,56,12.8,869.6,2.6,254,Shankapark,27.7355,85.3434
2025-04-07T19:00,21.1,52,10.9,870.2,3.4,198,Shankapark,27.7355,85.3434
2025-04-07T20:00,20.1,61,12.3,870.9,3.8,177,Shankapark,27.7355,85.3434
2025-04-07T21:00,18.8,70,13.3,870.7,3.6,174,Shankapark,27.7355,85.3434
2025-04-07T22:00,17.9,77,13.9,870.4,4.2,175,Shankapark,27.7355,85.3434
2025-04-07T23:00,17.4,81,14.2,870.3,3.1,167,Shankapark,27.7355,85.3434
2025-04-08T00:00,17.7,79,13.9,870.0,4.8,155,Shankapark,27.7355,85.3434
2025-04-08T01:00,18.1,69,12.3,870.0,5.5,142,Shankapark,27.7355,85.3434
2025-04-08T02:00,18.3,65,11.5,870.1,5.4,132,Shankapark,27.7355,85.3434
2025-04-08T03:00,18.1,64,11.3,870.0,5.4,140,Shankapark,27.7355,85.3434
2025-04-08T04:00,17.4,68,11.5,869.8,4.8,158,Shankapark,27.7355,85.3434
2025-04-08T05:00,16.1,75,11.7,869.9,6.2,158,Shankapark,27.7355,85.3434
2025-04-08T06:00,16.9,77,13.0,872.1,6.9,166,Shankapark,27.7355,85.3434
2025-04-08T07:00,19.2,71,13.8,874.3,8.9,146,Shankapark,27.7355,85.3434
2025-04-08T08:00,20.7,62,13.2,875.5,7.6,128,Shankapark,27.7355,85.3434
2025-04-08T09:00,22.5,56,13.2,876.1,6.8,115,Shankapark,27.7355,85.3434
2025-04-08T10:00,23.7,54,13.7,876.1,6.0,131,Shankapark,27.7355,85.3434
2025-04-08T11:00,24.6,51,13.8,875.6,0.9,79,Shankapark,27.7355,85.3434
2025-04-08T12:00,22.3,58,13.8,874.6,2.7,172,Shankapark,27.7355,85.3434
2025-04-08T13:00,21.5,62,14.0,873.6,2.3,309,Shankapark,27.7355,85.3434
2025-04-08T14:00,22.2,55,12.6,872.5,2.6,56,Shankapark,27.7355,85.3434
2025-04-08T15:00,22.1,57,13.3,872.0,3.2,3,Shankapark,27.7355,85.3434
2025-04-08T16:00,21.6,59,13.2,871.6,4.4,353,Shankapark,27.7355,85.3434
2025-04-08T17:00,21.2,62,13.7,871.4,2.0,80,Shankapark,27.7355,85.3434
2025-04-08T18:00,19.7,72,14.6,870.7,2.7,188,Shankapark,27.7355,85.3434
2025-04-08T19:00,18.9,76,14.7,870.9,5.5,189,Shankapark,27.7355,85.3434
2025-04-08T20:00,18.1,81,14.8,871.1,5.9,182,Shankapark,27.7355,85.3434
2025-04-08T21:00,17.3,85,14.9,871.1,4.2,168,Shankapark,27.7355,85.3434
2025-04-08T22:00,16.8,88,14.8,870.9,5.2,153,Shankapark,27.7355,85.3434
2025-04-08T23:00,16.7,85,14.2,870.9,6.6,147,Shankapark,27.7355,85.3434
2025-04-09T00:00,16.8,83,13.8,870.6,6.8,155,Shankapark,27.7355,85.3434
2025-04-09T01:00,16.6,83,13.8,869.9,6.7,156,Shankapark,27.7355,85.3434
2025-04-09T02:00,16.5,83,13.7,869.3,4.7,157,Shankapark,27.7355,85.3434
2025-04-09T03:00,16.8,80,13.4,869.0,4.0,162,Shankapark,27.7355,85.3434
2025-04-09T04:00,16.5,81,13.3,869.0,5.1,163,Shankapark,27.7355,85.3434
2025-04-09T05:00,16.0,83,13.2,868.9,4.9,163,Shankapark,27.7355,85.3434
2025-04-09T06:00,15.7,86,13.4,870.0,7.5,147,Shankapark,27.7355,85.3434
2025-04-09T07:00,19.5,68,13.5,872.3,4.6,108,Shankapark,27.7355,85.3434
2025-04-09T08:00,22.2,58,13.5,873.0,5.9,90,Shankapark,27.7355,85.3434
2025-04-09T09:00,23.8,48,12.3,873.3,3.5,99,Shankapark,27.7355,85.3434
2025-04-09T10:00,25.1,43,11.7,872.8,0.6,124,Shankapark,27.7355,85.3434
2025-04-09T11:00,26.5,39,11.3,872.2,1.5,353,Shankapark,27.7355,85.3434
2025-04-09T12:00,26.9,37,11.0,871.1,3.7,247,Shankapark,27.7355,85.3434
2025-04-09T13:00,25.2,41,11.2,869.9,8.3,228,Shankapark,27.7355,85.3434
2025-04-09T14:00,24.4,43,11.1,868.9,9.0,227,Shankapark,27.7355,85.3434
2025-04-09T15:00,23.6,48,12.0,868.3,6.8,230,Shankapark,27.7355,85.3434
2025-04-09T16:00,23.5,49,12.1,868.4,4.2,260,Shankapark,27.7355,85.3434
2025-04-09T17:00,22.0,56,12.7,868.2,7.4,267,Shankapark,27.7355,85.3434
2025-04-09T18:00,19.6,76,15.2,867.8,6.6,225,Shankapark,27.7355,85.3434
2025-04-09T19:00,19.0,81,15.7,868.3,3.6,207,Shankapark,27.7355,85.3434
2025-04-09T20:00,18.7,85,16.2,868.2,4.0,150,Shankapark,27.7355,85.3434
2025-04-09T21:00,17.9,90,16.3,868.2,6.9,137,Shankapark,27.7355,85.3434
2025-04-09T22:00,17.4,90,15.8,868.1,5.9,160,Shankapark,27.7355,85.3434
2025-04-09T23:00,16.9,91,15.5,867.7,5.1,157,Shankapark,27.7355,85.3434
2025-04-10T00:00,16.4,93,15.3,866.9,5.4,150,Shankapark,27.7355,85.3434
2025-04-10T01:00,15.8,96,15.2,866.4,6.6,125,Shankapark,27.7355,85.3434
2025-04-10T02:00,15.3,98,15.0,864.5,4.0,188,Shankapark,27.7355,85.3434
2025-04-10T03:00,14.5,99,14.4,864.7,2.7,298,Shankapark,27.7355,85.3434
2025-04-10T04:00,15.0,99,14.8,864.4,6.1,146,Shankapark,27.7355,85.3434
2025-04-10T05:00,14.7,99,14.6,864.2,7.8,146,Shankapark,27.7355,85.3434
2025-04-10T06:00,15.3,100,15.3,865.9,6.6,123,Shankapark,27.7355,85.3434
2025-04-10T07:00,15.6,100,15.6,866.8,7.3,138,Shankapark,27.7355,85.3434
2025-04-10T08:00,16.7,90,15.1,867.8,5.2,139,Shankapark,27.7355,85.3434
2025-04-10T09:00,17.3,89,15.5,868.2,8.7,124,Shankapark,27.7355,85.3434
2025-04-10T10:00,19.0,77,15.0,868.2,9.7,115,Shankapark,27.7355,85.3434
2025-04-10T11:00,21.4,64,14.3,867.7,10.5,115,Shankapark,27.7355,85.3434
2025-04-10T12:00,23.1,53,12.9,866.5,10.1,107,Shankapark,27.7355,85.3434
2025-04-10T13:00,18.4,80,14.9,865.6,6.8,217,Shankapark,27.7355,85.3434
2025-04-10T14:00,20.3,70,14.8,864.3,3.4,317,Shankapark,27.7355,85.3434
2025-04-10T15:00,18.7,77,14.5,863.6,4.1,315,Shankapark,27.7355,85.3434
2025-04-10T16:00,18.0,80,14.6,863.2,2.7,143,Shankapark,27.7355,85.3434
2025-04-10T17:00,17.8,83,14.9,863.1,3.4,122,Shankapark,27.7355,85.3434
2025-04-10T18:00,16.6,91,15.1,862.2,6.8,115,Shankapark,27.7355,85.3434
2025-04-10T19:00,16.1,95,15.4,862.2,4.9,129,Shankapark,27.7355,85.3434
2025-04-10T20:00,15.4,98,15.1,862.7,5.5,153,Shankapark,27.7355,85.3434
2025-04-10T21:00,15.4,97,15.0,863.3,6.5,150,Shankapark,27.7355,85.3434
2025-04-10T22:00,15.3,97,14.8,864.0,4.6,149,Shankapark,27.7355,85.3434
2025-04-10T23:00,15.3,97,14.9,864.1,3.5,141,Shankapark,27.7355,85.3434
2025-04-11T00:00,15.3,95,14.5,864.0,4.7,113,Shankapark,27.7355,85.3434
2025-04-11T01:00,15.0,96,14.4,863.3,5.9,125,Shankapark,27.7355,85.3434
2025-04-11T02:00,14.6,98,14.2,862.5,6.8,132,Shankapark,27.7355,85.3434
2025-04-11T03:00,14.2,99,14.0,862.0,5.1,162,Shankapark,27.7355,85.3434
2025-04-11T04:00,14.2,99,14.1,862.4,5.3,123,Shankapark,27.7355,85.3434
2025-04-11T05:00,13.8,99,13.6,862.8,4.2,130,Shankapark,27.7355,85.3434
2025-04-11T06:00,14.8,97,14.2,863.8,7.5,111,Shankapark,27.7355,85.3434
2025-04-11T07:00,16.1,89,14.3,864.7,8.8,110,Shankapark,27.7355,85.3434
2025-04-11T08:00,17.4,82,14.3,865.1,10.3,117,Shankapark,27.7355,85.3434
2025-04-11T09:00,19.6,71,14.1,865.8,7.9,131,Shankapark,27.7355,85.3434
2025-04-11T10:00,21.2,66,14.7,866.1,4.7,176,Shankapark,27.7355,85.3434
2025-04-11T11:00,21.4,64,14.4,865.1,5.2,194,Shankapark,27.7355,85.3434
2025-04-11T12:00,18.0,79,14.4,865.0,9.2,259,Shankapark,27.7355,85.3434
2025-04-11T13:00,18.7,70,13.2,864.4,3.8,343,Shankapark,27.7355,85.3434
2025-04-11T14:00,19.6,73,14.5,863.5,5.2,286,Shankapark,27.7355,85.3434
2025-04-11T15:00,18.7,73,13.8,863.2,4.4,328,Shankapark,27.7355,85.3434
2025-04-11T16:00,18.5,77,14.3,862.8,3.4,342,Shankapark,27.7355,85.3434
2025-04-11T17:00,17.9,79,14.2,862.1,2.1,340,Shankapark,27.7355,85.3434
2025-04-11T18:00,16.1,94,15.1,862.7,0.5,135,Shankapark,27.7355,85.3434
2025-04-11T19:00,15.7,95,15.0,863.2,2.2,175,Shankapark,27.7355,85.3434
2025-04-11T20:00,15.0,98,14.7,863.3,3.2,177,Shankapark,27.7355,85.3434
2025-04-11T21:00,14.3,99,14.2,863.7,2.2,171,Shankapark,27.7355,85.3434
2025-04-11T22:00,14.1,99,13.9,863.9,2.2,166,Shankapark,27.7355,85.3434
2025-04-11T23:00,14.3,96,13.8,864.0,2.0,153,Shankapark,27.7355,85.3434
2025-04-12T00:00,14.5,94,13.6,863.9,3.5,165,Shankapark,27.7355,85.3434
2025-04-12T01:00,13.9,96,13.2,863.0,3.6,160,Shankapark,27.7355,85.3434
2025-04-12T02:00,13.4,96,12.8,862.5,5.3,162,Shankapark,27.7355,85.3434
2025-04-12T03:00,13.1,97,12.6,862.5,5.8,158,Shankapark,27.7355,85.3434
2025-04-12T04:00,12.9,97,12.5,862.7,5.9,169,Shankapark,27.7355,85.3434
2025-04-12T05:00,12.7,97,12.2,863.2,3.6,177,Shankapark,27.7355,85.3434
2025-04-12T06:00,13.6,98,13.4,864.0,4.2,187,Shankapark,27.7355,85.3434
2025-04-12T07:00,17.1,89,15.4,866.4,1.1,360,Shankapark,27.7355,85.3434
2025-04-12T08:00,18.6,80,15.0,868.1,5.9,308,Shankapark,27.7355,85.3434
2025-04-12T09:00,18.8,75,14.3,869.1,7.3,316,Shankapark,27.7355,85.3434
2025-04-12T10:00,19.7,74,15.0,868.8,2.4,318,Shankapark,27.7355,85.3434
2025-04-12T11:00,21.6,60,13.6,868.1,3.5,351,Shankapark,27.7355,85.3434
2025-04-12T12:00,22.8,52,12.6,867.5,2.7,307,Shankapark,27.7355,85.3434
2025-04-12T13:00,23.7,50,12.6,866.5,7.9,317,Shankapark,27.7355,85.3434
2025-04-12T14:00,22.4,52,12.1,865.6,10.1,303,Shankapark,27.7355,85.3434
2025-04-12T15:00,22.7,47,10.7,864.7,7.5,287,Shankapark,27.7355,85.3434
2025-04-12T16:00,22.3,48,10.8,864.4,5.8,279,Shankapark,27.7355,85.3434
2025-04-12T17:00,21.3,64,14.1,864.7,2.2,305,Shankapark,27.7355,85.3434
2025-04-12T18:00,18.4,70,12.8,864.7,6.4,218,Shankapark,27.7355,85.3434
2025-04-12T19:00,17.4,77,13.3,865.3,1.9,197,Shankapark,27.7355,85.3434
2025-04-12T20:00,18.2,68,12.1,866.1,1.6,96,Shankapark,27.7355,85.3434
2025-04-12T21:00,18.1,66,11.8,866.3,1.1,171,Shankapark,27.7355,85.3434
2025-04-12T22:00,17.3,70,11.9,866.2,4.7,187,Shankapark,27.7355,85.3434
2025-04-12T23:00,15.8,79,12.3,865.8,3.3,171,Shankapark,27.7355,85.3434
2025-04-13T00:00,15.4,81,12.2,865.7,2.2,166,Shankapark,27.7355,85.3434
2025-04-13T01:00,15.7,78,11.9,866.0,3.8,155,Shankapark,27.7355,85.3434
2025-04-13T02:00,15.8,76,11.6,865.9,3.5,156,Shankapark,27.7355,85.3434
2025-04-13T03:00,15.6,76,11.4,865.9,3.8,155,Shankapark,27.7355,85.3434
2025-04-13T04:00,14.8,80,11.3,866.1,4.7,171,Shankapark,27.7355,85.3434
2025-04-13T05:00,13.6,86,11.4,865.8,6.5,172,Shankapark,27.7355,85.3434
2025-04-13T06:00,16.3,79,12.6,867.2,3.1,170,Shankapark,27.7355,85.3434
2025-04-13T07:00,19.6,68,13.5,869.5,1.0,45,Shankapark,27.7355,85.3434
2025-04-13T08:00,21.7,57,12.8,870.6,2.3,32,Shankapark,27.7355,85.3434
2025-04-13T09:00,23.1,49,11.8,871.1,3.2,333,Shankapark,27.7355,85.3434
2025-04-13T10:00,24.0,44,11.2,871.0,6.0,316,Shankapark,27.7355,85.3434
2025-04-13T11:00,24.7,39,9.6,870.4,6.9,279,Shankapark,27.7355,85.3434
2025-04-13T12:00,24.6,42,11.0,869.5,7.5,291,Shankapark,27.7355,85.3434
2025-04-13T13:00,25.2,42,11.4,868.9,4.5,268,Shankapark,27.7355,85.3434
2025-04-13T14:00,21.1,62,13.6,867.6,11.7,236,Shankapark,27.7355,85.3434
2025-04-13T15:00,21.0,58,12.5,867.2,7.0,241,Shankapark,27.7355,85.3434
2025-04-13T16:00,21.2,58,12.5,867.4,6.5,302,Shankapark,27.7355,85.3434
2025-04-13T17:00,19.8,66,13.2,866.8,3.9,313,Shankapark,27.7355,85.3434
2025-04-13T18:00,17.3,90,15.8,866.1,2.9,173,Shankapark,27.7355,85.3434
2025-04-13T19:00,16.7,90,15.1,866.7,7.0,180,Shankapark,27.7355,85.3434
2025-04-13T20:00,16.7,85,14.2,868.1,5.3,172,Shankapark,27.7355,85.3434
2025-04-13T21:00,16.2,87,14.0,868.5,4.5,180,Shankapark,27.7355,85.3434
2025-04-13T22:00,15.4,90,13.8,868.4,3.3,167,Shankapark,27.7355,85.3434
2025-04-13T23:00,15.0,93,13.9,868.2,3.1,140,Shankapark,27.7355,85.3434
2025-04-14T00:00,15.0,89,13.2,867.7,2.7,132,Shankapark,27.7355,85.3434
2025-04-14T01:00,14.5,91,13.0,866.7,3.8,155,Shankapark,27.7355,85.3434
2025-04-14T02:00,13.6,94,12.7,865.6,3.9,158,Shankapark,27.7355,85.3434
2025-04-14T03:00,12.8,96,12.3,864.9,5.4,150,Shankapark,27.7355,85.3434
2025-04-14T04:00,12.4,98,12.1,864.9,7.3,136,Shankapark,27.7355,85.3434
2025-04-14T05:00,12.5,97,12.0,865.6,7.7,139,Shankapark,27.7355,85.3434
2025-04-14T06:00,13.9,94,12.9,867.6,8.3,131,Shankapark,27.7355,85.3434
2025-04-14T07:00,17.3,80,13.8,870.1,5.8,120,Shankapark,27.7355,85.3434
2025-04-14T08:00,19.3,68,13.4,871.5,8.9,111,Shankapark,27.7355,85.3434
2025-04-14T09:00,20.1,63,12.8,872.2,9.2,111,Shankapark,27.7355,85.3434
2025-04-14T10:00,21.7,53,11.8,871.8,8.0,113,Shankapark,27.7355,85.3434
2025-04-14T11:00,22.3,50,11.3,871.0,10.6,114,Shankapark,27.7355,85.3434
2025-04-14T12:00,23.3,44,10.4,870.3,14.3,97,Shankapark,27.7355,85.3434
2025-04-14T13:00,20.8,60,12.9,869.4,9.0,158,Shankapark,27.7355,85.3434
2025-04-14T14:00,21.9,54,12.3,868.4,6.3,143,Shankapark,27.7355,85.3434
2025-04-14T15:00,22.8,49,11.5,867.7,5.9,128,Shankapark,27.7355,85.3434
2025-04-14T16:00,22.7,48,11.2,867.5,5.9,130,Shankapark,27.7355,85.3434
2025-04-14T17:00,20.8,59,12.6,867.5,6.5,150,Shankapark,27.7355,85.3434
2025-04-14T18:00,17.7,77,13.6,867.4,4.2,130,Shankapark,27.7355,85.3434
2025-04-14T19:00,16.5,84,13.8,867.6,5.2,151,Shankapark,27.7355,85.3434
2025-04-14T20:00,15.8,87,13.6,868.1,4.5,151,Shankapark,27.7355,85.3434
2025-04-14T21:00,15.6,86,13.3,868.6,4.4,159,Shankapark,27.7355,85.3434
2025-04-14T22:00,15.0,88,13.0,868.1,6.6,158,Shankapark,27.7355,85.3434
2025-04-14T23:00,14.7,88,12.7,867.9,4.6,162,Shankapark,27.7355,85.3434
2025-04-15T00:00,14.7,86,12.4,867.7,4.5,157,Shankapark,27.7355,85.3434
2025-04-15T01:00,14.7,84,12.1,867.3,5.1,162,Shankapark,27.7355,85.3434
2025-04-15T02:00,14.5,84,11.9,867.1,5.0,159,Shankapark,27.7355,85.3434
2025-04-15T03:00,14.4,84,11.7,867.0,5.6,153,Shankapark,27.7355,85.3434
2025-04-15T04:00,14.4,83,11.6,867.3,5.0,154,Shankapark,27.7355,85.3434
2025-04-15T05:00,14.5,83,11.6,867.6,5.2,153,Shankapark,27.7355,85.3434
2025-04-15T06:00,14.3,92,12.9,868.6,6.5,148,Shankapark,27.7355,85.3434
2025-04-15T07:00,18.3,76,14.0,870.9,4.5,137,Shankapark,27.7355,85.3434
2025-04-15T08:00,20.8,62,13.3,871.7,2.6,124,Shankapark,27.7355,85.3434
2025-04-15T09:00,22.6,52,12.2,872.2,3.3,135,Shankapark,27.7355,85.3434
2025-04-15T10:00,23.8,45,11.3,871.8,4.3,147,Shankapark,27.7355,85.3434
2025-04-15T11:00,24.8,46,12.3,871.4,3.4,164,Shankapark,27.7355,85.3434
2025-04-15T12:00,25.4,46,13.0,870.6,3.8,211,Shankapark,27.7355,85.3434
2025-04-15T13:00,24.6,47,12.6,869.9,8.9,278,Shankapark,27.7355,85.3434
2025-04-15T14:00,20.7,68,14.7,869.1,2.8,145,Shankapark,27.7355,85.3434
2025-04-15T15:00,20.5,68,14.3,868.2,4.1,34,Shankapark,27.7355,85.3434
2025-04-15T16:00,20.8,62,13.3,867.7,4.2,277,Shankapark,27.7355,85.3434
2025-04-15T17:00,20.2,67,14.0,867.6,3.8,245,Shankapark,27.7355,85.3434
2025-04-15T18:00,16.9,88,15.0,866.6,4.4,173,Shankapark,27.7355,85.3434
2025-04-15T19:00,16.2,94,15.2,867.0,5.8,178,Shankapark,27.7355,85.3434
2025-04-15T20:00,15.8,95,15.1,867.6,4.9,174,Shankapark,27.7355,85.3434
2025-04-15T21:00,15.5,96,14.8,867.6,4.6,171,Shankapark,27.7355,85.3434
2025-04-15T22:00,15.3,95,14.4,867.6,4.2,168,Shankapark,27.7355,85.3434
2025-04-15T23:00,15.0,93,13.9,867.4,3.7,166,Shankapark,27.7355,85.3434
2025-04-16T00:00,14.8,93,13.7,867.1,3.5,165,Shankapark,27.7355,85.3434
2025-04-16T01:00,14.4,93,13.3,866.5,2.0,170,Shankapark,27.7355,85.3434
2025-04-16T02:00,14.8,89,13.0,866.5,1.8,156,Shankapark,27.7355,85.3434
2025-04-16T03:00,14.8,86,12.5,866.2,1.7,162,Shankapark,27.7355,85.3434
2025-04-16T04:00,15.4,80,12.0,866.6,0.7,166,Shankapark,27.7355,85.3434
2025-04-16T05:00,15.9,76,11.7,867.2,1.3,135,Shankapark,27.7355,85.3434
2025-04-16T06:00,15.8,85,13.4,868.2,2.3,151,Shankapark,27.7355,85.3434
2025-04-16T07:00,18.9,69,13.2,869.8,3.9,22,Shankapark,27.7355,85.3434
2025-04-16T08:00,20.3,64,13.3,870.5,2.9,7,Shankapark,27.7355,85.3434
2025-04-16T09:00,21.7,59,13.5,870.9,2.6,348,Shankapark,27.7355,85.3434
2025-04-16T10:00,22.9,54,13.3,870.4,3.7,337,Shankapark,27.7355,85.3434
2025-04-16T11:00,23.8,50,12.8,869.7,6.4,308,Shankapark,27.7355,85.3434
2025-04-16T12:00,24.4,48,12.7,869.0,9.0,296,Shankapark,27.7355,85.3434
2025-04-16T13:00,24.5,48,12.8,868.2,9.2,301,Shankapark,27.7355,85.3434
2025-04-16T14:00,23.8,51,13.0,867.2,9.2,290,Shankapark,27.7355,85.3434
2025-04-16T15:00,23.7,51,13.0,866.6,8.6,292,Shankapark,27.7355,85.3434
2025-04-16T16:00,23.0,54,13.3,866.2,8.1,313,Shankapark,27.7355,85.3434
2025-04-16T17:00,21.8,65,15.0,865.8,3.7,299,Shankapark,27.7355,85.3434
2025-04-16T18:00,18.8,78,15.0,865.5,6.1,204,Shankapark,27.7355,85.3434
2025-04-16T19:00,17.9,83,15.0,865.5,6.0,190,Shankapark,27.7355,85.3434
2025-04-16T20:00,17.4,86,15.0,865.8,4.3,182,Shankapark,27.7355,85.3434
2025-04-16T21:00,16.9,89,15.0,866.2,2.9,180,Shankapark,27.7355,85.3434
2025-04-16T22:00,16.4,89,14.6,866.3,0.9,180,Shankapark,27.7355,85.3434
2025-04-16T23:00,16.7,84,14.0,866.5,2.1,165,Shankapark,27.7355,85.3434
2025-04-17T00:00,17.1,80,13.6,866.3,2.7,157,Shankapark,27.7355,85.3434
2025-04-17T01:00,16.9,80,13.3,865.9,2.7,157,Shankapark,27.7355,85.3434
2025-04-17T02:00,16.6,81,13.2,865.4,3.2,164,Shankapark,27.7355,85.3434
2025-04-17T03:00,15.7,85,13.2,865.1,1.1,171,Shankapark,27.7355,85.3434
2025-04-17T04:00,16.2,83,13.2,865.5,1.3,164,Shankapark,27.7355,85.3434
2025-04-17T05:00,15.6,84,13.0,865.3,1.4,180,Shankapark,27.7355,85.3434
2025-04-17T06:00,15.6,97,15.1,865.8,5.7,134,Shankapark,27.7355,85.3434
2025-04-17T07:00,18.2,85,15.7,867.3,4.0,150,Shankapark,27.7355,85.3434
2025-04-17T08:00,20.4,73,15.5,868.5,1.5,104,Shankapark,27.7355,85.3434
2025-04-17T09:00,22.2,62,14.7,868.9,3.8,295,Shankapark,27.7355,85.3434
2025-04-17T10:00,22.8,60,14.6,868.8,7.4,296,Shankapark,27.7355,85.3434
2025-04-17T11:00,22.3,57,13.5,868.1,8.6,262,Shankapark,27.7355,85.3434
2025-04-17T12:00,22.3,63,14.8,867.0,4.9,253,Shankapark,27.7355,85.3434
2025-04-17T13:00,22.8,64,15.7,866.3,6.4,262,Shankapark,27.7355,85.3434
2025-04-17T14:00,20.7,72,15.4,865.4,9.8,283,Shankapark,27.7355,85.3434
2025-04-17T15:00,18.7,87,16.4,865.1,4.2,350,Shankapark,27.7355,85.3434
2025-04-17T16:00,18.6,90,16.8,864.7,4.5,323,Shankapark,27.7355,85.3434
2025-04-17T17:00,18.5,87,16.3,864.9,2.8,297,Shankapark,27.7355,85.3434
2025-04-17T18:00,17.5,93,16.4,864.4,2.2,99,Shankapark,27.7355,85.3434
2025-04-17T19:00,16.7,98,16.4,864.6,3.7,191,Shankapark,27.7355,85.3434
2025-04-17T20:00,16.4,97,15.9,864.7,5.4,178,Shankapark,27.7355,85.3434
2025-04-17T21:00,15.9,97,15.3,864.7,3.6,174,Shankapark,27.7355,85.3434
2025-04-17T22:00,15.5,97,15.1,864.5,3.3,167,Shankapark,27.7355,85.3434
2025-04-17T23:00,15.1,98,14.8,864.1,4.4,153,Shankapark,27.7355,85.3434
2025-04-18T00:00,14.7,98,14.4,863.7,6.5,167,Shankapark,27.7355,85.3434
2025-04-18T01:00,14.6,99,14.4,862.6,5.2,153,Shankapark,27.7355,85.3434
2025-04-18T02:00,14.3,100,14.3,862.3,3.8,180,Shankapark,27.7355,85.3434
2025-04-18T03:00,14.4,100,14.3,862.4,1.5,173,Shankapark,27.7355,85.3434
2025-04-18T04:00,14.7,99,14.5,863.2,3.5,145,Shankapark,27.7355,85.3434
2025-04-18T05:00,14.8,97,14.4,863.6,4.2,168,Shankapark,27.7355,85.3434
2025-04-18T06:00,15.8,93,14.7,865.1,4.8,155,Shankapark,27.7355,85.3434
2025-04-18T07:00,17.8,86,15.4,866.3,3.9,143,Shankapark,27.7355,85.3434
2025-04-18T08:00,20.2,74,15.4,867.4,4.9,98,Shankapark,27.7355,85.3434
2025-04-18T09:00,22.0,63,14.6,868.0,5.4,90,Shankapark,27.7355,85.3434
2025-04-18T10:00,22.8,60,14.6,868.0,3.8,115,Shankapark,27.7355,85.3434
2025-04-18T11:00,23.1,61,15.0,867.7,4.4,150,Shankapark,27.7355,85.3434
2025-04-18T12:00,23.4,63,15.9,867.1,2.6,164,Shankapark,27.7355,85.3434
2025-04-18T13:00,23.5,63,16.2,866.3,1.7,257,Shankapark,27.7355,85.3434
2025-04-18T14:00,23.5,62,15.7,865.4,5.6,310,Shankapark,27.7355,85.3434
2025-04-18T15:00,23.0,62,15.3,864.5,6.9,319,Shankapark,27.7355,85.3434
2025-04-18T16:00,22.4,64,15.4,863.8,7.2,321,Shankapark,27.7355,85.3434
2025-04-18T17:00,21.2,72,15.9,863.6,7.1,313,Shankapark,27.7355,85.3434
2025-04-18T18:00,19.4,84,16.7,863.9,3.1,347,Shankapark,27.7355,85.3434
2025-04-18T19:00,18.6,88,16.6,864.4,0.4,153,Shankapark,27.7355,85.3434
2025-04-18T20:00,18.0,92,16.6,864.9,1.3,180,Shankapark,27.7355,85.3434
2025-04-18T21:00,17.1,97,16.7,865.0,3.3,158,Shankapark,27.7355,85.3434
2025-04-18T22:00,16.9,98,16.7,865.3,3.4,164,Shankapark,27.7355,85.3434
2025-04-18T23:00,16.6,100,16.5,865.7,1.3,146,Shankapark,27.7355,85.3434
2025-04-19T00:00,16.3,100,16.3,865.2,2.4,144,Shankapark,27.7355,85.3434
2025-04-19T01:00,16.0,100,16.0,864.7,4.9,123,Shankapark,27.7355,85.3434
2025-04-19T02:00,15.9,100,15.9,864.4,3.6,147,Shankapark,27.7355,85.3434
2025-04-19T03:00,15.7,100,15.7,864.2,2.2,180,Shankapark,27.7355,85.3434
2025-04-19T04:00,15.5,100,15.5,864.4,0.5,135,Shankapark,27.7355,85.3434
2025-04-19T05:00,15.1,100,15.1,864.6,2.0,153,Shankapark,27.7355,85.3434
2025-04-19T06:00,16.5,99,16.3,866.5,3.7,133,Shankapark,27.7355,85.3434
2025-04-19T07:00,18.8,87,16.7,868.2,3.5,114,Shankapark,27.7355,85.3434
2025-04-19T08:00,20.6,79,16.8,868.9,3.5,105,Shankapark,27.7355,85.3434
2025-04-19T09:00,22.2,71,16.8,869.1,3.7,43,Shankapark,27.7355,85.3434
2025-04-19T10:00,20.8,72,15.6,868.8,1.1,162,Shankapark,27.7355,85.3434
2025-04-19T11:00,21.9,69,15.9,868.0,3.4,254,Shankapark,27.7355,85.3434
2025-04-19T12:00,22.9,66,16.2,867.7,5.0,319,Shankapark,27.7355,85.3434
2025-04-19T13:00,21.5,68,15.5,866.6,10.1,314,Shankapark,27.7355,85.3434
2025-04-19T14:00,19.3,87,17.1,865.5,5.4,318,Shankapark,27.7355,85.3434
2025-04-19T15:00,20.5,81,17.2,865.1,2.9,317,Shankapark,27.7355,85.3434
2025-04-19T16:00,20.6,73,15.5,864.8,3.6,290,Shankapark,27.7355,85.3434
2025-04-19T17:00,19.8,78,15.9,864.4,1.7,311,Shankapark,27.7355,85.3434
2025-04-19T18:00,19.0,88,16.9,864.8,2.3,288,Shankapark,27.7355,85.3434
2025-04-19T19:00,18.3,92,17.1,865.0,2.2,360,Shankapark,27.7355,85.3434
2025-04-19T20:00,17.8,94,16.9,865.3,0.2,180,Shankapark,27.7355,85.3434
2025-04-19T21:00,17.3,94,16.4,865.6,0.4,180,Shankapark,27.7355,85.3434
2025-04-19T22:00,16.9,96,16.3,865.9,1.5,187,Shankapark,27.7355,85.3434
2025-04-19T23:00,16.3,99,16.1,865.1,3.3,167,Shankapark,27.7355,85.3434
2025-04-20T00:00,15.6,100,15.6,864.2,3.6,160,Shankapark,27.7355,85.3434
2025-04-20T01:00,15.6,100,15.5,863.8,4.8,151,Shankapark,27.7355,85.3434
2025-04-20T02:00,15.5,97,15.0,863.4,4.4,153,Shankapark,27.7355,85.3434
2025-04-20T03:00,15.4,96,14.7,863.6,4.2,160,Shankapark,27.7355,85.3434
2025-04-20T04:00,15.4,95,14.6,863.6,4.1,151,Shankapark,27.7355,85.3434
2025-04-20T05:00,15.2,95,14.4,863.8,4.8,146,Shankapark,27.7355,85.3434
2025-04-20T06:00,16.8,96,16.2,865.4,4.8,149,Shankapark,27.7355,85.3434
2025-04-20T07:00,19.4,83,16.6,867.3,3.2,93,Shankapark,27.7355,85.3434
2025-04-20T08:00,21.1,72,15.9,868.0,1.9,29,Shankapark,27.7355,85.3434
2025-04-20T09:00,22.7,64,15.5,868.4,3.8,319,Shankapark,27.7355,85.3434
2025-04-20T10:00,24.1,58,15.2,868.6,7.1,317,Shankapark,27.7355,85.3434
2025-04-20T11:00,24.9,55,15.2,868.2,9.7,297,Shankapark,27.7355,85.3434
2025-04-20T12:00,24.8,56,15.5,867.7,11.4,288,Shankapark,27.7355,85.3434
2025-04-20T13:00,25.2,53,15.1,867.0,10.6,298,Shankapark,27.7355,85.3434
2025-04-20T14:00,24.8,56,15.4,866.3,10.9,306,Shankapark,27.7355,85.3434
2025-04-20T15:00,24.0,61,15.9,865.8,10.2,311,Shankapark,27.7355,85.3434
2025-04-20T16:00,23.2,63,15.8,865.4,8.6,309,Shankapark,27.7355,85.3434
2025-04-20T17:00,22.2,70,16.4,865.1,4.1,293,Shankapark,27.7355,85.3434
2025-04-20T18:00,21.1,74,16.2,865.1,2.8,230,Shankapark,27.7355,85.3434
2025-04-20T19:00,20.7,73,15.7,865.7,2.4,207,Shankapark,27.7355,85.3434
2025-04-20T20:00,20.4,73,15.5,866.1,2.3,212,Shankapark,27.7355,85.3434
2025-04-20T21:00,20.3,71,14.9,866.8,1.1,198,Shankapark,27.7355,85.3434
2025-04-20T22:00,19.8,71,14.5,866.6,0.7,194,Shankapark,27.7355,85.3434
2025-04-20T23:00,19.2,73,14.3,866.2,0.7,180,Shankapark,27.7355,85.3434
2025-04-21T00:00,18.4,77,14.3,865.9,1.6,180,Shankapark,27.7355,85.3434
2025-04-21T01:00,17.7,80,14.3,865.4,2.2,175,Shankapark,27.7355,85.3434
2025-04-21T02:00,17.1,83,14.3,865.0,3.4,174,Shankapark,27.7355,85.3434
2025-04-21T03:00,16.6,85,14.2,864.8,3.5,171,Shankapark,27.7355,85.3434
2025-04-21T04:00,16.4,86,14.0,864.8,3.5,165,Shankapark,27.7355,85.3434
2025-04-21T05:00,15.9,88,14.0,865.1,3.9,164,Shankapark,27.7355,85.3434
2025-04-21T06:00,18.6,84,15.9,867.0,0.7,166,Shankapark,27.7355,85.3434
2025-04-21T07:00,21.8,72,16.4,869.1,1.4,40,Shankapark,27.7355,85.3434
2025-04-21T08:00,23.1,66,16.4,869.7,4.1,315,Shankapark,27.7355,85.3434
2025-04-21T09:00,24.3,58,15.6,870.1,7.2,305,Shankapark,27.7355,85.3434
2025-04-21T10:00,25.4,53,15.3,870.2,10.2,311,Shankapark,27.7355,85.3434
2025-04-21T11:00,26.1,52,15.5,869.9,11.8,310,Shankapark,27.7355,85.3434
2025-04-21T12:00,26.4,50,15.1,869.5,12.5,311,Shankapark,27.7355,85.3434
2025-04-21T13:00,26.8,48,14.8,868.9,12.6,306,Shankapark,27.7355,85.3434
2025-04-21T14:00,26.5,46,14.1,868.3,12.3,308,Shankapark,27.7355,85.3434
2025-04-21T15:00,26.4,45,13.4,867.7,12.7,306,Shankapark,27.7355,85.3434
2025-04-21T16:00,25.3,49,13.9,867.6,11.3,306,Shankapark,27.7355,85.3434
2025-04-21T17:00,23.9,57,14.9,867.4,7.3,298,Shankapark,27.7355,85.3434
2025-04-21T18:00,22.4,63,15.1,867.6,4.8,283,Shankapark,27.7355,85.3434
2025-04-21T19:00,21.7,67,15.2,867.9,3.3,225,Shankapark,27.7355,85.3434
2025-04-21T20:00,21.0,69,15.1,868.3,2.5,201,Shankapark,27.7355,85.3434
2025-04-21T21:00,20.4,72,15.2,868.4,1.1,189,Shankapark,27.7355,85.3434
2025-04-21T22:00,19.8,75,15.2,868.2,1.5,187,Shankapark,27.7355,85.3434
2025-04-21T23:00,19.1,78,15.2,867.5,1.6,186,Shankapark,27.7355,85.3434
2025-04-22T00:00,18.2,83,15.3,866.6,3.6,183,Shankapark,27.7355,85.3434
2025-04-22T01:00,17.8,84,15.2,865.7,2.0,175,Shankapark,27.7355,85.3434
2025-04-22T02:00,18.1,81,14.8,865.5,2.0,170,Shankapark,27.7355,85.3434
2025-04-22T03:00,18.1,79,14.5,865.4,2.4,167,Shankapark,27.7355,85.3434
2025-04-22T04:00,17.8,78,14.0,865.4,2.4,163,Shankapark,27.7355,85.3434
2025-04-22T05:00,17.8,77,13.7,865.7,2.7,160,Shankapark,27.7355,85.3434
2025-04-22T06:00,19.8,80,16.2,866.9,2.1,160,Shankapark,27.7355,85.3434
2025-04-22T07:00,22.8,71,17.3,868.9,2.4,126,Shankapark,27.7355,85.3434
2025-04-22T08:00,24.8,57,15.6,870.1,1.3,286,Shankapark,27.7355,85.3434
2025-04-22T09:00,26.3,48,14.6,870.4,7.7,300,Shankapark,27.7355,85.3434
2025-04-22T10:00,26.9,46,14.5,870.4,12.3,302,Shankapark,27.7355,85.3434
2025-04-22T11:00,27.2,47,14.8,870.0,13.7,305,Shankapark,27.7355,85.3434
2025-04-22T12:00,27.8,45,14.6,869.4,12.5,309,Shankapark,27.7355,85.3434
2025-04-22T13:00,28.3,41,13.7,868.7,13.0,311,Shankapark,27.7355,85.3434
2025-04-22T14:00,28.3,39,12.8,867.8,13.4,298,Shankapark,27.7355,85.3434
2025-04-22T15:00,27.8,38,12.0,867.2,13.4,284,Shankapark,27.7355,85.3434
2025-04-22T16:00,26.7,42,12.8,866.9,10.7,276,Shankapark,27.7355,85.3434
2025-04-22T17:00,24.9,51,14.2,866.5,6.8,281,Shankapark,27.7355,85.3434
2025-04-22T18:00,23.2,60,15.1,866.0,5.2,248,Shankapark,27.7355,85.3434
2025-04-22T19:00,22.3,62,14.7,866.5,4.8,214,Shankapark,27.7355,85.3434
2025-04-22T20:00,21.8,64,14.8,866.8,2.8,195,Shankapark,27.7355,85.3434
2025-04-22T21:00,21.1,69,15.1,867.0,2.7,203,Shankapark,27.7355,85.3434
2025-04-22T22:00,20.7,68,14.5,866.7,1.7,198,Shankapark,27.7355,85.3434
2025-04-22T23:00,19.8,71,14.3,865.8,2.2,185,Shankapark,27.7355,85.3434
2025-04-23T00:00,19.1,72,13.9,864.4,2.2,175,Shankapark,27.7355,85.3434
2025-04-23T01:00,18.0,76,13.7,863.2,3.9,167,Shankapark,27.7355,85.3434
2025-04-23T02:00,17.2,78,13.3,862.6,4.9,163,Shankapark,27.7355,85.3434
2025-04-23T03:00,16.6,78,12.8,862.1,5.6,165,Shankapark,27.7355,85.3434
2025-04-23T04:00,16.2,77,12.1,862.0,5.0,167,Shankapark,27.7355,85.3434
2025-04-23T05:00,16.0,75,11.5,862.3,5.7,162,Shankapark,27.7355,85.3434
2025-04-23T06:00,17.9,81,14.6,863.6,6.6,158,Shankapark,27.7355,85.3434
2025-04-23T07:00,22.9,63,15.6,866.0,4.5,127,Shankapark,27.7355,85.3434
2025-04-23T08:00,25.3,51,14.3,867.1,2.2,114,Shankapark,27.7355,85.3434
2025-04-23T09:00,26.8,43,13.2,867.4,2.3,328,Shankapark,27.7355,85.3434
2025-04-23T10:00,27.9,38,12.2,867.2,6.0,314,Shankapark,27.7355,85.3434
2025-04-23T11:00,28.5,35,11.5,866.7,9.2,310,Shankapark,27.7355,85.3434
2025-04-23T12:00,28.8,34,11.5,865.9,12.1,310,Shankapark,27.7355,85.3434
2025-04-23T13:00,28.9,32,10.8,865.1,13.3,308,Shankapark,27.7355,85.3434
2025-04-23T14:00,28.9,32,10.6,864.2,12.8,304,Shankapark,27.7355,85.3434
2025-04-23T15:00,28.2,34,10.9,863.5,12.5,297,Shankapark,27.7355,85.3434
2025-04-23T16:00,27.1,39,12.1,863.4,10.7,290,Shankapark,27.7355,85.3434
2025-04-23T17:00,25.1,50,13.8,863.0,7.1,289,Shankapark,27.7355,85.3434
2025-04-23T18:00,22.9,57,13.9,862.8,5.2,266,Shankapark,27.7355,85.3434
2025-04-23T19:00,21.8,62,14.1,862.8,3.9,223,Shankapark,27.7355,85.3434
2025-04-23T20:00,21.2,62,13.7,863.1,2.4,207,Shankapark,27.7355,85.3434
2025-04-23T21:00,20.9,61,13.0,863.3,3.0,205,Shankapark,27.7355,85.3434
2025-04-23T22:00,19.8,66,13.2,862.6,1.9,202,Shankapark,27.7355,85.3434
2025-04-23T23:00,19.3,64,12.4,862.0,0.9,191,Shankapark,27.7355,85.3434
2025-04-24T00:00,18.8,64,11.9,861.0,2.2,189,Shankapark,27.7355,85.3434
2025-04-24T01:00,17.9,67,11.6,860.1,1.8,174,Shankapark,27.7355,85.3434
2025-04-24T02:00,17.3,66,11.0,859.6,4.2,155,Shankapark,27.7355,85.3434
2025-04-24T03:00,16.4,69,10.7,859.3,6.2,150,Shankapark,27.7355,85.3434
2025-04-24T04:00,15.9,70,10.4,859.3,6.9,150,Shankapark,27.7355,85.3434
2025-04-24T05:00,15.8,70,10.3,859.7,7.3,144,Shankapark,27.7355,85.3434
2025-04-24T06:00,18.2,67,12.1,861.7,8.7,146,Shankapark,27.7355,85.3434
2025-04-24T07:00,21.6,61,13.7,863.9,6.5,136,Shankapark,27.7355,85.3434
2025-04-24T08:00,24.9,48,13.2,865.7,5.1,113,Shankapark,27.7355,85.3434
2025-04-24T09:00,27.3,38,11.6,866.6,4.2,121,Shankapark,27.7355,85.3434
2025-04-24T10:00,28.9,30,9.8,866.9,3.6,150,Shankapark,27.7355,85.3434
2025-04-24T11:00,29.7,28,9.1,866.6,6.2,224,Shankapark,27.7355,85.3434
2025-04-24T12:00,29.6,28,9.2,865.9,9.4,250,Shankapark,27.7355,85.3434
2025-04-24T13:00,29.6,26,8.2,865.4,10.6,261,Shankapark,27.7355,85.3434
2025-04-24T14:00,29.3,24,6.3,864.7,9.9,270,Shankapark,27.7355,85.3434
2025-04-24T15:00,28.4,25,6.2,864.1,10.1,272,Shankapark,27.7355,85.3434
2025-04-24T16:00,27.0,31,8.2,863.8,7.8,263,Shankapark,27.7355,85.3434
2025-04-24T17:00,24.7,45,12.1,863.7,5.0,251,Shankapark,27.7355,85.3434
2025-04-24T18:00,22.1,56,13.1,863.5,4.7,223,Shankapark,27.7355,85.3434
2025-04-24T19:00,21.1,60,13.2,864.4,6.8,205,Shankapark,27.7355,85.3434
2025-04-24T20:00,20.2,64,13.2,864.8,6.9,194,Shankapark,27.7355,85.3434
2025-04-24T21:00,19.4,68,13.3,864.7,4.3,182,Shankapark,27.7355,85.3434
2025-04-24T22:00,18.8,70,13.2,864.5,1.1,180,Shankapark,27.7355,85.3434
2025-04-24T23:00,18.8,65,12.2,864.5,2.8,165,Shankapark,27.7355,85.3434
2025-04-25T00:00,18.6,64,11.7,863.9,3.8,163,Shankapark,27.7355,85.3434
2025-04-25T01:00,17.8,67,11.6,863.2,4.2,155,Shankapark,27.7355,85.3434
2025-04-25T02:00,17.2,69,11.4,862.4,5.7,152,Shankapark,27.7355,85.3434
2025-04-25T03:00,16.4,72,11.3,861.9,6.0,147,Shankapark,27.7355,85.3434
2025-04-25T04:00,16.0,73,11.2,861.8,7.3,142,Shankapark,27.7355,85.3434
2025-04-25T05:00,15.3,76,11.0,862.1,6.6,147,Shankapark,27.7355,85.3434
2025-04-25T06:00,17.5,73,12.7,863.8,7.8,157,Shankapark,27.7355,85.3434
2025-04-25T07:00,21.6,62,14.0,866.3,5.0,131,Shankapark,27.7355,85.3434
2025-04-25T08:00,24.8,44,11.6,868.0,2.9,101,Shankapark,27.7355,85.3434
2025-04-25T09:00,26.9,32,8.6,868.5,1.1,270,Shankapark,27.7355,85.3434
2025-04-25T10:00,27.8,26,6.6,868.7,6.4,278,Shankapark,27.7355,85.3434
2025-04-25T11:00,28.3,25,6.4,868.2,10.1,292,Shankapark,27.7355,85.3434
2025-04-25T12:00,28.6,22,5.0,867.6,12.6,299,Shankapark,27.7355,85.3434
2025-04-25T13:00,28.6,22,4.6,866.8,13.4,301,Shankapark,27.7355,85.3434
2025-04-25T14:00,28.4,23,5.3,866.1,12.6,304,Shankapark,27.7355,85.3434
2025-04-25T15:00,28.0,23,5.2,865.4,12.2,294,Shankapark,27.7355,85.3434
2025-04-25T16:00,26.9,28,6.6,865.3,11.1,283,Shankapark,27.7355,85.3434
2025-04-25T17:00,24.8,37,9.0,865.0,8.7,287,Shankapark,27.7355,85.3434
2025-04-25T18:00,22.8,46,10.6,864.5,5.7,261,Shankapark,27.7355,85.3434
2025-04-25T19:00,21.6,53,11.5,864.8,3.0,213,Shankapark,27.7355,85.3434
2025-04-25T20:00,21.1,51,10.6,865.1,0.7,180,Shankapark,27.7355,85.3434
2025-04-25T21:00,20.4,51,10.1,865.0,1.8,180,Shankapark,27.7355,85.3434
2025-04-25T22:00,19.3,54,9.8,864.4,1.8,174,Shankapark,27.7355,85.3434
2025-04-25T23:00,19.2,51,8.7,864.0,3.4,164,Shankapark,27.7355,85.3434
2025-04-26T00:00,18.3,52,8.4,863.1,4.2,155,Shankapark,27.7355,85.3434
2025-04-26T01:00,17.3,55,8.3,862.2,3.9,146,Shankapark,27.7355,85.3434
2025-04-26T02:00,16.9,54,7.7,862.2,5.1,153,Shankapark,27.7355,85.3434
2025-04-26T03:00,16.5,54,7.3,861.8,6.8,138,Shankapark,27.7355,85.3434
2025-04-26T04:00,15.8,56,7.1,861.8,7.0,145,Shankapark,27.7355,85.3434
2025-04-26T05:00,15.2,57,6.7,862.0,6.0,153,Shankapark,27.7355,85.3434
2025-04-26T06:00,17.4,60,9.5,863.7,7.9,150,Shankapark,27.7355,85.3434
2025-04-26T07:00,21.4,52,11.3,866.3,6.1,137,Shankapark,27.7355,85.3434
2025-04-26T08:00,24.9,38,9.6,868.2,4.1,119,Shankapark,27.7355,85.3434
2025-04-26T09:00,27.1,25,5.6,868.9,1.3,214,Shankapark,27.7355,85.3434
2025-04-26T10:00,28.3,23,4.9,869.0,5.4,290,Shankapark,27.7355,85.3434
2025-04-26T11:00,28.9,23,5.4,868.8,9.5,291,Shankapark,27.7355,85.3434
2025-04-26T12:00,29.5,19,3.6,868.3,11.7,287,Shankapark,27.7355,85.3434
2025-04-26T13:00,29.5,19,3.1,867.7,13.6,285,Shankapark,27.7355,85.3434
2025-04-26T14:00,29.2,19,3.0,866.8,13.1,286,Shankapark,27.7355,85.3434
2025-04-26T15:00,28.6,18,2.3,866.3,12.9,291,Shankapark,27.7355,85.3434
2025-04-26T16:00,27.6,20,2.6,866.2,11.5,297,Shankapark,27.7355,85.3434
2025-04-26T17:00,25.3,31,7.2,866.0,6.3,288,Shankapark,27.7355,85.3434
2025-04-26T18:00,23.2,49,11.8,866.0,4.3,253,Shankapark,27.7355,85.3434
2025-04-26T19:00,21.9,53,12.0,866.2,2.4,193,Shankapark,27.7355,85.3434
2025-04-26T20:00,20.7,57,11.8,866.4,0.9,180,Shankapark,27.7355,85.3434
2025-04-26T21:00,19.8,59,11.5,866.4,2.5,159,Shankapark,27.7355,85.3434
2025-04-26T22:00,19.3,56,10.3,866.3,2.3,157,Shankapark,27.7355,85.3434
2025-04-26T23:00,18.8,52,8.8,866.4,3.5,159,Shankapark,27.7355,85.3434
2025-04-27T00:00,17.9,54,8.4,865.4,4.8,143,Shankapark,27.7355,85.3434
2025-04-27T01:00,17.3,55,8.3,864.8,5.2,155,Shankapark,27.7355,85.3434
2025-04-27T02:00,17.4,55,8.4,864.7,5.4,154,Shankapark,27.7355,85.3434
2025-04-27T03:00,17.3,57,8.7,864.6,4.8,160,Shankapark,27.7355,85.3434
2025-04-27T04:00,16.4,61,8.8,864.6,5.0,159,Shankapark,27.7355,85.3434
2025-04-27T05:00,15.9,62,8.6,865.0,4.1,151,Shankapark,27.7355,85.3434
2025-04-27T06:00,17.5,70,12.1,866.0,7.2,153,Shankapark,27.7355,85.3434
2025-04-27T07:00,21.8,59,13.5,868.8,5.7,101,Shankapark,27.7355,85.3434
2025-04-27T08:00,24.4,47,12.3,870.5,4.6,77,Shankapark,27.7355,85.3434
2025-04-27T09:00,26.3,39,11.3,870.9,4.4,52,Shankapark,27.7355,85.3434
2025-04-27T10:00,25.9,39,11.0,871.1,3.8,343,Shankapark,27.7355,85.3434
2025-04-27T11:00,26.8,34,9.5,870.7,2.4,318,Shankapark,27.7355,85.3434
2025-04-27T12:00,26.9,32,8.6,869.9,4.7,137,Shankapark,27.7355,85.3434
2025-04-27T13:00,23.9,38,8.6,869.8,7.1,153,Shankapark,27.7355,85.3434
2025-04-27T14:00,24.7,39,9.7,868.4,8.3,56,Shankapark,27.7355,85.3434
2025-04-27T15:00,24.7,38,9.6,867.9,5.1,132,Shankapark,27.7355,85.3434
2025-04-27T16:00,22.7,48,11.0,867.8,6.9,200,Shankapark,27.7355,85.3434
2025-04-27T17:00,20.8,63,13.4,867.3,7.0,176,Shankapark,27.7355,85.3434
2025-04-27T18:00,19.4,72,14.3,867.6,3.6,171,Shankapark,27.7355,85.3434
2025-04-27T19:00,18.4,80,15.0,867.7,6.8,115,Shankapark,27.7355,85.3434
2025-04-27T20:00,17.8,84,15.1,867.9,6.1,148,Shankapark,27.7355,85.3434
2025-04-27T21:00,16.8,89,15.0,867.3,5.8,160,Shankapark,27.7355,85.3434
2025-04-27T22:00,16.2,90,14.6,867.1,6.9,152,Shankapark,27.7355,85.3434
2025-04-27T23:00,16.2,87,14.0,867.0,7.4,146,Shankapark,27.7355,85.3434
2025-04-28T00:00,15.5,87,13.4,866.3,7.3,150,Shankapark,27.7355,85.3434
2025-04-28T01:00,15.4,85,13.0,865.5,5.7,156,Shankapark,27.7355,85.3434
2025-04-28T02:00,15.4,85,12.9,865.5,4.1,157,Shankapark,27.7355,85.3434
2025-04-28T03:00,15.9,83,13.0,865.2,2.0,153,Shankapark,27.7355,85.3434
2025-04-28T04:00,16.1,80,12.6,865.0,2.7,152,Shankapark,27.7355,85.3434
2025-04-28T05:00,15.5,82,12.3,864.9,1.3,188,Shankapark,27.7355,85.3434
2025-04-28T06:00,15.0,99,14.9,867.4,3.2,142,Shankapark,27.7355,85.3434
2025-04-28T07:00,16.4,88,14.4,867.9,1.2,141,Shankapark,27.7355,85.3434
2025-04-28T08:00,17.3,82,14.3,868.3,2.5,120,Shankapark,27.7355,85.3434
2025-04-28T09:00,19.0,71,13.6,868.5,3.2,117,Shankapark,27.7355,85.3434
2025-04-28T10:00,19.9,61,12.1,868.7,6.4,101,Shankapark,27.7355,85.3434
2025-04-28T11:00,20.8,55,11.5,868.2,8.6,141,Shankapark,27.7355,85.3434
2025-04-28T12:00,20.7,56,11.5,868.0,6.7,136,Shankapark,27.7355,85.3434
2025-04-28T13:00,19.8,60,11.8,867.3,0.7,180,Shankapark,27.7355,85.3434
2025-04-28T14:00,19.9,62,12.5,866.4,1.8,191,Shankapark,27.7355,85.3434
2025-04-28T15:00,19.7,61,12.0,866.1,3.8,87,Shankapark,27.7355,85.3434
2025-04-28T16:00,18.7,71,13.3,865.9,6.8,151,Shankapark,27.7355,85.3434
2025-04-28T17:00,17.9,76,13.6,866.2,3.1,167,Shankapark,27.7355,85.3434
2025-04-28T18:00,16.6,85,14.1,866.2,3.9,127,Shankapark,27.7355,85.3434
2025-04-28T19:00,16.1,89,14.3,866.5,5.5,126,Shankapark,27.7355,85.3434
2025-04-28T20:00,15.7,93,14.5,866.7,6.5,122,Shankapark,27.7355,85.3434
2025-04-28T21:00,15.2,95,14.5,867.1,5.3,123,Shankapark,27.7355,85.3434
2025-04-28T22:00,14.8,97,14.4,867.0,4.5,157,Shankapark,27.7355,85.3434
2025-04-28T23:00,14.5,98,14.2,866.7,3.8,149,Shankapark,27.7355,85.3434
2025-04-29T00:00,14.6,98,14.3,866.4,5.2,166,Shankapark,27.7355,85.3434
2025-04-29T01:00,14.3,96,13.8,865.6,5.4,165,Shankapark,27.7355,85.3434
2025-04-29T02:00,13.7,97,13.3,865.1,6.4,155,Shankapark,27.7355,85.3434
2025-04-29T03:00,13.2,97,12.8,864.6,6.2,159,Shankapark,27.7355,85.3434
2025-04-29T04:00,12.7,97,12.3,864.4,5.6,158,Shankapark,27.7355,85.3434
2025-04-29T05:00,12.4,97,12.0,864.5,4.6,154,Shankapark,27.7355,85.3434
2025-04-29T06:00,14.9,95,14.1,866.8,4.9,147,Shankapark,27.7355,85.3434
2025-04-29T07:00,17.0,85,14.6,868.4,3.3,49,Shankapark,27.7355,85.3434
2025-04-29T08:00,18.3,67,12.2,869.1,6.0,41,Shankapark,27.7355,85.3434
2025-04-29T09:00,19.4,61,11.7,869.5,3.8,41,Shankapark,27.7355,85.3434
2025-04-29T10:00,20.9,56,11.9,869.4,4.5,40,Shankapark,27.7355,85.3434
2025-04-29T11:00,22.2,53,12.2,869.2,2.8,15,Shankapark,27.7355,85.3434
2025-04-29T12:00,22.6,54,12.9,868.2,2.3,309,Shankapark,27.7355,85.3434
2025-04-29T13:00,21.9,56,12.9,867.3,3.7,241,Shankapark,27.7355,85.3434
2025-04-29T14:00,21.8,56,12.6,866.2,4.0,262,Shankapark,27.7355,85.3434
2025-04-29T15:00,21.8,56,12.6,865.9,4.0,302,Shankapark,27.7355,85.3434
2025-04-29T16:00,21.4,55,12.0,865.3,7.7,309,Shankapark,27.7355,85.3434
2025-04-29T17:00,20.2,62,12.8,864.9,5.9,288,Shankapark,27.7355,85.3434
2025-04-29T18:00,18.8,73,13.8,865.5,4.5,236,Shankapark,27.7355,85.3434
2025-04-29T19:00,17.8,80,14.4,865.7,2.9,184,Shankapark,27.7355,85.3434
2025-04-29T20:00,16.8,88,14.7,865.9,5.1,174,Shankapark,27.7355,85.3434
2025-04-29T21:00,16.0,88,14.0,866.5,9.0,182,Shankapark,27.7355,85.3434
2025-04-29T22:00,15.6,91,14.2,867.2,8.1,185,Shankapark,27.7355,85.3434
2025-04-29T23:00,15.4,97,14.9,867.4,6.7,171,Shankapark,27.7355,85.3434
2025-04-30T00:00,15.3,97,14.9,867.3,5.6,147,Shankapark,27.7355,85.3434
2025-04-30T01:00,15.1,97,14.6,866.9,6.1,150,Shankapark,27.7355,85.3434
2025-04-30T02:00,14.8,98,14.5,866.5,5.8,160,Shankapark,27.7355,85.3434
2025-04-30T03:00,14.6,99,14.4,866.3,4.7,162,Shankapark,27.7355,85.3434
2025-04-30T04:00,14.4,99,14.3,866.6,4.6,144,Shankapark,27.7355,85.3434
2025-04-30T05:00,14.5,99,14.4,867.2,5.2,134,Shankapark,27.7355,85.3434
2025-04-30T06:00,15.9,94,14.9,868.6,3.0,147,Shankapark,27.7355,85.3434
2025-04-30T07:00,17.9,78,14.0,870.2,5.0,49,Shankapark,27.7355,85.3434
2025-04-30T08:00,18.9,73,14.0,871.0,5.3,66,Shankapark,27.7355,85.3434
2025-04-30T09:00,20.0,66,13.4,871.1,4.5,76,Shankapark,27.7355,85.3434
2025-04-30T10:00,21.1,63,13.7,870.8,2.5,45,Shankapark,27.7355,85.3434
2025-04-30T11:00,22.7,53,12.8,870.3,1.3,315,Shankapark,27.7355,85.3434
2025-04-30T12:00,23.3,50,12.2,869.6,2.4,287,Shankapark,27.7355,85.3434
2025-04-30T13:00,23.6,51,12.8,869.0,2.5,274,Shankapark,27.7355,85.3434
2025-04-30T14:00,22.8,53,12.8,867.9,3.5,298,Shankapark,27.7355,85.3434
2025-04-30T15:00,21.9,57,13.0,867.4,6.4,252,Shankapark,27.7355,85.3434
2025-04-30T16:00,19.8,72,14.7,867.3,1.9,311,Shankapark,27.7355,85.3434
2025-04-30T17:00,19.3,73,14.4,867.5,2.9,360,Shankapark,27.7355,85.3434
2025-04-30T18:00,17.9,81,14.7,867.8,1.5,111,Shankapark,27.7355,85.3434
2025-04-30T19:00,17.3,86,14.9,867.8,1.8,180,Shankapark,27.7355,85.3434
2025-04-30T20:00,16.9,89,15.1,868.3,3.8,175,Shankapark,27.7355,85.3434
2025-04-30T21:00,16.3,93,15.1,868.5,3.3,151,Shankapark,27.7355,85.3434
2025-04-30T22:00,15.5,96,14.8,868.5,5.7,145,Shankapark,27.7355,85.3434
2025-04-30T23:00,14.9,96,14.3,868.2,8.1,143,Shankapark,27.7355,85.3434
2025-05-01T00:00,14.9,94,14.0,867.8,6.9,137,Shankapark,27.7355,85.3434
2025-05-01T01:00,15.0,93,13.8,867.5,6.6,145,Shankapark,27.7355,85.3434
2025-05-01T02:00,14.8,93,13.7,867.5,6.6,137,Shankapark,27.7355,85.3434
2025-05-01T03:00,15.0,91,13.5,867.9,6.2,142,Shankapark,27.7355,85.3434
2025-05-01T04:00,14.8,91,13.4,868.2,2.8,165,Shankapark,27.7355,85.3434
2025-05-01T05:00,13.4,98,13.1,869.5,7.4,129,Shankapark,27.7355,85.3434
2025-05-01T06:00,15.0,93,14.0,870.4,8.3,160,Shankapark,27.7355,85.3434
2025-05-01T07:00,16.9,84,14.2,871.1,1.0,315,Shankapark,27.7355,85.3434
2025-05-01T08:00,17.8,81,14.4,872.1,1.2,39,Shankapark,27.7355,85.3434
2025-05-01T09:00,19.6,71,14.1,872.4,3.1,69,Shankapark,27.7355,85.3434
2025-05-01T10:00,21.2,63,14.0,872.4,3.4,108,Shankapark,27.7355,85.3434
2025-05-01T11:00,22.3,60,14.3,871.9,1.6,207,Shankapark,27.7355,85.3434
2025-05-01T12:00,20.7,63,13.4,871.3,6.5,185,Shankapark,27.7355,85.3434
2025-05-01T13:00,19.5,68,13.6,870.2,3.6,37,Shankapark,27.7355,85.3434
2025-05-01T14:00,20.3,67,13.9,869.8,5.2,46,Shankapark,27.7355,85.3434
2025-05-01T15:00,20.7,62,13.2,869.2,7.4,183,Shankapark,27.7355,85.3434
2025-05-01T16:00,19.7,68,13.6,868.8,4.5,196,Shankapark,27.7355,85.3434
2025-05-01T17:00,19.1,71,13.7,868.9,3.6,213,Shankapark,27.7355,85.3434
2025-05-01T18:00,19.3,73,14.4,868.6,2.4,193,Shankapark,27.7355,85.3434
2025-05-01T19:00,18.0,82,15.0,868.9,4.3,202,Shankapark,27.7355,85.3434
2025-05-01T20:00,17.9,80,14.4,869.7,5.7,191,Shankapark,27.7355,85.3434
2025-05-01T21:00,17.6,81,14.3,870.0,5.2,182,Shankapark,27.7355,85.3434
2025-05-01T22:00,16.0,88,14.0,869.9,7.1,186,Shankapark,27.7355,85.3434
2025-05-01T23:00,15.9,87,13.7,869.5,5.2,184,Shankapark,27.7355,85.3434
2025-05-02T00:00,15.4,91,14.0,868.1,2.5,176,Shankapark,27.7355,85.3434
2025-05-02T01:00,14.6,94,13.7,867.4,0.7,180,Shankapark,27.7355,85.3434
2025-05-02T02:00,14.6,90,12.9,867.2,1.3,172,Shankapark,27.7355,85.3434
2025-05-02T03:00,15.0,82,12.0,867.6,1.6,153,Shankapark,27.7355,85.3434
2025-05-02T04:00,15.3,79,11.6,867.9,0.9,180,Shankapark,27.7355,85.3434
2025-05-02T05:00,15.7,79,12.2,868.5,1.5,201,Shankapark,27.7355,85.3434
2025-05-02T06:00,16.6,80,13.0,870.6,1.8,233,Shankapark,27.7355,85.3434
2025-05-02T07:00,17.2,80,13.7,871.5,5.3,298,Shankapark,27.7355,85.3434
2025-05-02T08:00,18.4,74,13.8,871.7,3.5,291,Shankapark,27.7355,85.3434
2025-05-02T09:00,20.7,65,13.8,871.6,2.3,288,Shankapark,27.7355,85.3434
2025-05-02T10:00,22.3,56,13.0,871.3,2.4,306,Shankapark,27.7355,85.3434
2025-05-02T11:00,23.8,48,12.2,870.8,5.5,314,Shankapark,27.7355,85.3434
2025-05-02T12:00,22.6,52,12.4,870.5,10.7,265,Shankapark,27.7355,85.3434
2025-05-02T13:00,20.7,65,13.9,869.6,6.4,234,Shankapark,27.7355,85.3434
2025-05-02T14:00,21.9,58,13.3,868.6,7.3,263,Shankapark,27.7355,85.3434
2025-05-02T15:00,22.2,55,12.7,867.9,7.6,297,Shankapark,27.7355,85.3434
2025-05-02T16:00,21.6,56,12.5,867.2,6.8,295,Shankapark,27.7355,85.3434
2025-05-02T17:00,20.7,61,12.8,866.6,6.1,293,Shankapark,27.7355,85.3434
2025-05-02T18:00,19.0,77,14.8,866.3,2.1,142,Shankapark,27.7355,85.3434
2025-05-02T19:00,18.1,82,15.0,866.1,3.6,143,Shankapark,27.7355,85.3434
2025-05-02T20:00,16.9,90,15.3,866.1,3.7,169,Shankapark,27.7355,85.3434
2025-05-02T21:00,16.1,95,15.3,866.2,6.0,183,Shankapark,27.7355,85.3434
2025-05-02T22:00,15.5,96,14.8,866.1,4.9,172,Shankapark,27.7355,85.3434
2025-05-02T23:00,14.9,97,14.5,865.9,3.7,169,Shankapark,27.7355,85.3434
2025-05-03T00:00,14.6,97,14.0,865.4,3.1,173,Shankapark,27.7355,85.3434
2025-05-03T01:00,14.3,96,13.7,865.0,2.2,171,Shankapark,27.7355,85.3434
2025-05-03T02:00,14.4,94,13.4,864.8,1.6,174,Shankapark,27.7355,85.3434
2025-05-03T03:00,14.5,93,13.3,865.1,1.5,173,Shankapark,27.7355,85.3434
2025-05-03T04:00,15.0,90,13.3,865.5,3.3,151,Shankapark,27.7355,85.3434
2025-05-03T05:00,15.2,88,13.2,866.1,4.7,148,Shankapark,27.7355,85.3434
2025-05-03T06:00,16.6,90,15.0,867.3,3.9,156,Shankapark,27.7355,85.3434
2025-05-03T07:00,19.1,71,13.6,869.0,2.0,350,Shankapark,27.7355,85.3434
2025-05-03T08:00,20.1,69,14.2,869.3,1.5,353,Shankapark,27.7355,85.3434
2025-05-03T09:00,21.8,61,13.9,869.4,1.2,231,Shankapark,27.7355,85.3434
2025-05-03T10:00,22.9,56,13.7,869.3,2.5,291,Shankapark,27.7355,85.3434
2025-05-03T11:00,23.8,52,13.5,868.7,6.0,303,Shankapark,27.7355,85.3434
2025-05-03T12:00,24.4,51,13.6,868.2,7.8,265,Shankapark,27.7355,85.3434
2025-05-03T13:00,22.8,57,13.8,866.8,8.8,279,Shankapark,27.7355,85.3434
2025-05-03T14:00,23.2,57,14.1,865.8,8.4,298,Shankapark,27.7355,85.3434
2025-05-03T15:00,23.7,56,14.3,865.3,7.6,308,Shankapark,27.7355,85.3434
2025-05-03T16:00,22.0,65,15.1,864.7,11.0,291,Shankapark,27.7355,85.3434
2025-05-03T17:00,20.6,74,15.7,865.0,7.8,285,Shankapark,27.7355,85.3434
2025-05-03T18:00,18.4,86,16.1,863.6,5.2,236,Shankapark,27.7355,85.3434
2025-05-03T19:00,17.7,91,16.1,864.1,2.2,194,Shankapark,27.7355,85.3434
2025-05-03T20:00,17.1,94,16.1,864.8,3.5,159,Shankapark,27.7355,85.3434
2025-05-03T21:00,16.7,93,15.6,865.8,5.0,159,Shankapark,27.7355,85.3434
2025-05-03T22:00,16.4,93,15.3,865.9,5.0,178,Shankapark,27.7355,85.3434
2025-05-03T23:00,16.1,94,15.1,865.6,3.3,144,Shankapark,27.7355,85.3434
2025-05-04T00:00,15.5,95,14.7,864.9,6.9,165,Shankapark,27.7355,85.3434
2025-05-04T01:00,14.9,98,14.6,863.7,4.3,152,Shankapark,27.7355,85.3434
2025-05-04T02:00,14.7,98,14.4,863.1,6.9,165,Shankapark,27.7355,85.3434
2025-05-04T03:00,14.6,98,14.3,863.0,6.6,154,Shankapark,27.7355,85.3434
2025-05-04T04:00,14.8,96,14.2,863.7,7.3,140,Shankapark,27.7355,85.3434
2025-05-04T05:00,15.0,96,14.3,864.4,7.4,139,Shankapark,27.7355,85.3434
2025-05-04T06:00,16.7,93,15.5,865.9,4.2,137,Shankapark,27.7355,85.3434
2025-05-04T07:00,18.8,81,15.6,867.4,2.6,65,Shankapark,27.7355,85.3434
2025-05-04T08:00,20.3,74,15.7,868.5,2.3,58,Shankapark,27.7355,85.3434
2025-05-04T09:00,21.9,68,15.8,868.9,3.8,87,Shankapark,27.7355,85.3434
2025-05-04T10:00,23.5,63,16.0,868.5,2.6,65,Shankapark,27.7355,85.3434
2025-05-04T11:00,22.7,63,15.3,868.2,9.8,173,Shankapark,27.7355,85.3434
2025-05-04T12:00,19.2,77,15.1,866.9,0.9,281,Shankapark,27.7355,85.3434
2025-05-04T13:00,20.7,71,15.3,866.3,2.6,16,Shankapark,27.7355,85.3434
2025-05-04T14:00,21.4,68,15.3,865.3,3.1,103,Shankapark,27.7355,85.3434
2025-05-04T15:00,21.3,63,14.0,865.3,5.0,291,Shankapark,27.7355,85.3434
2025-05-04T16:00,19.4,79,15.7,865.0,4.2,190,Shankapark,27.7355,85.3434
2025-05-04T17:00,18.6,84,15.9,865.2,4.8,299,Shankapark,27.7355,85.3434
2025-05-04T18:00,18.8,80,15.4,865.4,2.4,189,Shankapark,27.7355,85.3434
2025-05-04T19:00,17.4,92,16.1,866.0,3.1,294,Shankapark,27.7355,85.3434
2025-05-04T20:00,16.7,96,16.1,866.1,4.2,149,Shankapark,27.7355,85.3434
2025-05-04T21:00,16.4,94,15.5,865.6,4.5,173,Shankapark,27.7355,85.3434
2025-05-04T22:00,16.1,92,14.9,865.6,3.6,177,Shankapark,27.7355,85.3434
2025-05-04T23:00,15.9,92,14.6,865.1,3.2,164,Shankapark,27.7355,85.3434
2025-05-05T00:00,15.8,91,14.2,864.5,3.2,161,Shankapark,27.7355,85.3434
2025-05-05T01:00,16.0,88,14.0,864.3,3.1,156,Shankapark,27.7355,85.3434
2025-05-05T02:00,15.7,90,14.0,864.1,4.0,162,Shankapark,27.7355,85.3434
2025-05-05T03:00,15.4,90,13.8,864.0,4.6,162,Shankapark,27.7355,85.3434
2025-05-05T04:00,15.3,91,13.8,864.4,4.7,157,Shankapark,27.7355,85.3434
2025-05-05T05:00,15.4,90,13.8,865.0,4.9,144,Shankapark,27.7355,85.3434
2025-05-05T06:00,16.2,93,15.1,866.4,5.9,133,Shankapark,27.7355,85.3434
2025-05-05T07:00,18.4,85,15.9,867.6,4.1,128,Shankapark,27.7355,85.3434
2025-05-05T08:00,20.6,73,15.5,868.5,2.9,94,Shankapark,27.7355,85.3434
2025-05-05T09:00,22.7,61,14.8,868.8,0.6,56,Shankapark,27.7355,85.3434
2025-05-05T10:00,24.3,52,13.9,868.4,3.0,308,Shankapark,27.7355,85.3434
2025-05-05T11:00,24.8,53,14.4,868.0,6.5,257,Shankapark,27.7355,85.3434
2025-05-05T12:00,24.9,54,14.9,867.3,7.2,264,Shankapark,27.7355,85.3434
2025-05-05T13:00,21.3,70,15.6,866.6,8.6,248,Shankapark,27.7355,85.3434
2025-05-05T14:00,21.4,66,15.0,866.0,7.1,229,Shankapark,27.7355,85.3434
2025-05-05T15:00,20.1,77,15.8,865.2,4.9,272,Shankapark,27.7355,85.3434
2025-05-05T16:00,19.9,77,15.7,865.3,5.1,354,Shankapark,27.7355,85.3434
2025-05-05T17:00,19.7,75,15.2,865.2,3.1,360,Shankapark,27.7355,85.3434
2025-05-05T18:00,18.8,88,16.8,865.1,0.7,14,Shankapark,27.7355,85.3434
2025-05-05T19:00,17.9,92,16.6,865.6,2.1,200,Shankapark,27.7355,85.3434
2025-05-05T20:00,17.2,96,16.5,866.1,1.6,186,Shankapark,27.7355,85.3434
2025-05-05T21:00,16.8,96,16.1,866.5,1.8,174,Shankapark,27.7355,85.3434
2025-05-05T22:00,16.2,97,15.7,866.5,3.4,174,Shankapark,27.7355,85.3434
2025-05-05T23:00,15.9,96,15.3,865.6,3.3,171,Shankapark,27.7355,85.3434
2025-05-06T00:00,15.6,96,14.9,864.5,1.9,163,Shankapark,27.7355,85.3434
2025-05-06T01:00,15.7,93,14.6,863.9,5.1,172,Shankapark,27.7355,85.3434
2025-05-06T02:00,15.3,93,14.2,864.0,6.1,166,Shankapark,27.7355,85.3434
2025-05-06T03:00,15.6,91,14.2,864.6,5.5,148,Shankapark,27.7355,85.3434
2025-05-06T04:00,15.2,93,14.1,864.7,6.9,155,Shankapark,27.7355,85.3434
2025-05-06T05:00,15.3,93,14.2,864.9,6.3,156,Shankapark,27.7355,85.3434
2025-05-06T06:00,16.8,90,15.2,866.8,5.7,134,Shankapark,27.7355,85.3434
2025-05-06T07:00,18.6,85,16.1,867.8,4.8,115,Shankapark,27.7355,85.3434
2025-05-06T08:00,20.4,78,16.5,869.1,4.9,84,Shankapark,27.7355,85.3434
2025-05-06T09:00,21.8,73,16.6,869.2,2.6,102,Shankapark,27.7355,85.3434
2025-05-06T10:00,21.1,68,14.9,869.0,6.3,233,Shankapark,27.7355,85.3434
2025-05-06T11:00,17.9,88,16.0,868.1,4.6,312,Shankapark,27.7355,85.3434
2025-05-06T12:00,21.3,72,16.2,868.0,4.7,320,Shankapark,27.7355,85.3434
2025-05-06T13:00,23.0,61,15.1,867.2,4.4,249,Shankapark,27.7355,85.3434
2025-05-06T14:00,21.2,69,15.2,866.2,2.6,214,Shankapark,27.7355,85.3434
2025-05-06T15:00,20.4,76,16.0,865.6,8.1,291,Shankapark,27.7355,85.3434
2025-05-06T16:00,19.8,81,16.4,864.8,2.6,282,Shankapark,27.7355,85.3434
2025-05-06T17:00,19.4,82,16.3,864.5,2.7,217,Shankapark,27.7355,85.3434
2025-05-06T18:00,16.9,99,16.7,864.4,1.8,186,Shankapark,27.7355,85.3434
2025-05-06T19:00,16.3,100,16.3,864.0,1.8,186,Shankapark,27.7355,85.3434
2025-05-06T20:00,15.9,100,15.9,864.1,4.5,180,Shankapark,27.7355,85.3434
2025-05-06T21:00,15.3,100,15.3,864.3,3.8,163,Shankapark,27.7355,85.3434
2025-05-06T22:00,14.7,100,14.7,864.7,3.9,158,Shankapark,27.7355,85.3434
2025-05-06T23:00,14.3,100,14.3,864.3,3.3,158,Shankapark,27.7355,85.3434
2025-05-07T00:00,14.1,100,14.1,863.6,3.2,164,Shankapark,27.7355,85.3434
2025-05-07T01:00,13.7,100,13.7,862.9,3.6,160,Shankapark,27.7355,85.3434
2025-05-07T02:00,13.7,99,13.6,863.0,3.0,166,Shankapark,27.7355,85.3434
2025-05-07T03:00,13.7,99,13.5,863.0,2.4,171,Shankapark,27.7355,85.3434
2025-05-07T04:00,13.7,98,13.3,863.5,1.6,174,Shankapark,27.7355,85.3434
2025-05-07T05:00,14.0,98,13.7,864.3,3.3,167,Shankapark,27.7355,85.3434
2025-05-07T06:00,16.4,94,15.3,866.2,6.1,118,Shankapark,27.7355,85.3434
2025-05-07T07:00,18.1,88,16.0,867.2,4.0,120,Shankapark,27.7355,85.3434
2025-05-07T08:00,20.3,76,16.1,867.8,2.5,111,Shankapark,27.7355,85.3434
2025-05-07T09:00,22.4,66,15.9,868.2,1.7,328,Shankapark,27.7355,85.3434
2025-05-07T10:00,24.1,62,16.2,868.0,6.9,313,Shankapark,27.7355,85.3434
2025-05-07T11:00,24.5,58,15.8,867.3,10.3,297,Shankapark,27.7355,85.3434
2025-05-07T12:00,24.0,60,15.7,866.6,8.0,275,Shankapark,27.7355,85.3434
2025-05-07T13:00,23.8,57,14.8,865.8,14.4,303,Shankapark,27.7355,85.3434
2025-05-07T14:00,22.5,64,15.3,864.8,11.1,309,Shankapark,27.7355,85.3434
2025-05-07T15:00,22.8,65,15.8,864.0,9.5,289,Shankapark,27.7355,85.3434
2025-05-07T16:00,22.4,65,15.6,863.7,9.6,282,Shankapark,27.7355,85.3434
2025-05-07T17:00,21.7,69,15.8,863.6,6.8,302,Shankapark,27.7355,85.3434
2025-05-07T18:00,19.8,82,16.8,863.9,2.5,274,Shankapark,27.7355,85.3434
2025-05-07T19:00,19.3,81,16.1,864.4,1.2,207,Shankapark,27.7355,85.3434
2025-05-07T20:00,18.7,83,15.8,865.0,2.4,193,Shankapark,27.7355,85.3434
2025-05-07T21:00,17.8,88,15.8,865.2,2.2,185,Shankapark,27.7355,85.3434
2025-05-07T22:00,17.3,90,15.6,865.1,2.3,184,Shankapark,27.7355,85.3434
2025-05-07T23:00,16.9,90,15.3,864.9,2.5,184,Shankapark,27.7355,85.3434
2025-05-08T00:00,16.9,89,15.0,864.6,1.8,186,Shankapark,27.7355,85.3434
2025-05-08T01:00,16.8,88,14.8,864.4,2.0,180,Shankapark,27.7355,85.3434
2025-05-08T02:00,16.7,88,14.7,864.2,2.2,180,Shankapark,27.7355,85.3434
2025-05-08T03:00,16.5,88,14.5,863.9,0.5,180,Shankapark,27.7355,85.3434
2025-05-08T04:00,16.7,86,14.3,864.3,0.7,166,Shankapark,27.7355,85.3434
2025-05-08T05:00,17.2,84,14.4,865.0,1.9,146,Shankapark,27.7355,85.3434
2025-05-08T06:00,18.4,88,16.4,865.8,2.3,180,Shankapark,27.7355,85.3434
2025-05-08T07:00,21.3,75,16.6,867.7,1.1,9,Shankapark,27.7355,85.3434
2025-05-08T08:00,23.1,62,15.3,868.4,4.2,306,Shankapark,27.7355,85.3434
2025-05-08T09:00,24.6,52,14.0,868.8,10.4,293,Shankapark,27.7355,85.3434
2025-05-08T10:00,24.9,51,14.3,868.8,13.8,301,Shankapark,27.7355,85.3434
2025-05-08T11:00,25.8,48,13.8,868.6,13.5,306,Shankapark,27.7355,85.3434
2025-05-08T12:00,26.3,48,14.4,868.1,13.4,305,Shankapark,27.7355,85.3434
2025-05-08T13:00,26.5,47,14.2,867.4,13.6,305,Shankapark,27.7355,85.3434
2025-05-08T14:00,26.1,47,13.9,866.8,12.8,301,Shankapark,27.7355,85.3434
2025-05-08T15:00,25.5,48,13.7,866.1,12.5,302,Shankapark,27.7355,85.3434
2025-05-08T16:00,24.4,54,14.5,866.0,10.9,289,Shankapark,27.7355,85.3434
2025-05-08T17:00,23.2,63,15.8,866.0,6.2,291,Shankapark,27.7355,85.3434
2025-05-08T18:00,21.4,67,15.1,865.5,4.5,310,Shankapark,27.7355,85.3434
2025-05-08T19:00,20.9,68,14.8,865.9,3.5,219,Shankapark,27.7355,85.3434
2025-05-08T20:00,20.0,74,15.3,866.5,3.1,201,Shankapark,27.7355,85.3434
2025-05-08T21:00,19.4,78,15.6,867.0,1.3,188,Shankapark,27.7355,85.3434
2025-05-08T22:00,19.1,80,15.5,867.2,0.5,180,Shankapark,27.7355,85.3434
2025-05-08T23:00,18.9,79,15.2,867.1,1.3,180,Shankapark,27.7355,85.3434
2025-05-09T00:00,18.8,79,15.0,866.6,1.8,180,Shankapark,27.7355,85.3434
2025-05-09T01:00,18.4,80,14.8,866.0,1.1,180,Shankapark,27.7355,85.3434
2025-05-09T02:00,18.3,79,14.5,865.6,1.1,171,Shankapark,27.7355,85.3434
2025-05-09T03:00,18.2,79,14.5,865.4,3.5,171,Shankapark,27.7355,85.3434
2025-05-09T04:00,17.8,81,14.4,865.4,3.1,167,Shankapark,27.7355,85.3434
2025-05-09T05:00,17.7,82,14.5,865.8,2.1,165,Shankapark,27.7355,85.3434
2025-05-09T06:00,19.3,84,16.6,867.3,4.6,159,Shankapark,27.7355,85.3434
2025-05-09T07:00,22.5,67,16.2,869.3,2.5,98,Shankapark,27.7355,85.3434
2025-05-09T08:00,24.3,59,15.8,869.9,1.1,360,Shankapark,27.7355,85.3434
2025-05-09T09:00,25.9,53,15.4,870.3,6.8,297,Shankapark,27.7355,85.3434
2025-05-09T10:00,26.3,47,14.1,870.2,13.8,299,Shankapark,27.7355,85.3434
2025-05-09T11:00,26.1,48,14.2,869.8,15.0,303,Shankapark,27.7355,85.3434
2025-05-09T12:00,27.0,45,14.0,869.2,14.6,299,Shankapark,27.7355,85.3434
2025-05-09T13:00,27.0,45,13.9,868.2,15.2,297,Shankapark,27.7355,85.3434
2025-05-09T14:00,27.0,43,13.4,867.5,14.4,292,Shankapark,27.7355,85.3434
2025-05-09T15:00,26.9,42,13.0,866.9,14.6,297,Shankapark,27.7355,85.3434
2025-05-09T16:00,25.1,49,13.8,866.4,14.5,297,Shankapark,27.7355,85.3434
2025-05-09T17:00,23.4,60,15.2,866.3,7.3,301,Shankapark,27.7355,85.3434
2025-05-09T18:00,21.9,70,16.2,865.8,3.4,238,Shankapark,27.7355,85.3434
2025-05-09T19:00,21.1,75,16.4,865.9,3.2,199,Shankapark,27.7355,85.3434
2025-05-09T20:00,20.3,79,16.4,866.2,1.3,180,Shankapark,27.7355,85.3434
2025-05-09T21:00,19.7,80,16.1,866.3,1.4,180,Shankapark,27.7355,85.3434
2025-05-09T22:00,19.3,80,15.7,866.3,2.0,180,Shankapark,27.7355,85.3434
2025-05-09T23:00,19.1,79,15.3,866.4,0.5,180,Shankapark,27.7355,85.3434
2025-05-10T00:00,19.2,74,14.6,866.1,0.4,180,Shankapark,27.7355,85.3434
2025-05-10T01:00,19.2,72,14.1,865.8,0.9,180,Shankapark,27.7355,85.3434
2025-05-10T02:00,19.2,71,13.8,865.5,0.7,166,Shankapark,27.7355,85.3434
2025-05-10T03:00,19.1,71,13.6,865.4,1.5,166,Shankapark,27.7355,85.3434
2025-05-10T04:00,18.9,71,13.5,865.5,1.9,158,Shankapark,27.7355,85.3434
2025-05-10T05:00,19.1,71,13.8,866.2,2.7,157,Shankapark,27.7355,85.3434
2025-05-10T06:00,19.6,80,16.2,866.6,5.0,159,Shankapark,27.7355,85.3434
2025-05-10T07:00,23.3,63,16.0,868.9,2.7,110,Shankapark,27.7355,85.3434
2025-05-10T08:00,25.2,54,15.3,869.7,0.7,346,Shankapark,27.7355,85.3434
2025-05-10T09:00,26.7,47,14.3,870.1,6.8,288,Shankapark,27.7355,85.3434
2025-05-10T10:00,27.4,42,13.5,870.0,12.4,291,Shankapark,27.7355,85.3434
2025-05-10T11:00,27.6,39,12.3,869.7,12.6,299,Shankapark,27.7355,85.3434
2025-05-10T12:00,27.2,40,12.5,868.6,11.3,283,Shankapark,27.7355,85.3434
2025-05-10T13:00,27.4,41,12.9,868.1,9.4,288,Shankapark,27.7355,85.3434
2025-05-10T14:00,27.1,42,13.2,867.3,10.8,294,Shankapark,27.7355,85.3434
2025-05-10T15:00,26.9,44,13.6,866.6,12.1,295,Shankapark,27.7355,85.3434
2025-05-10T16:00,25.1,51,14.4,866.4,10.8,294,Shankapark,27.7355,85.3434
2025-05-10T17:00,23.8,59,15.3,865.9,8.2,303,Shankapark,27.7355,85.3434
2025-05-10T18:00,22.4,68,16.1,865.3,4.3,292,Shankapark,27.7355,85.3434
2025-05-10T19:00,22.2,67,15.8,866.2,2.2,265,Shankapark,27.7355,85.3434
2025-05-10T20:00,22.1,66,15.4,866.8,1.7,238,Shankapark,27.7355,85.3434
2025-05-10T21:00,21.5,67,15.0,867.0,1.9,202,Shankapark,27.7355,85.3434
2025-05-10T22:00,20.7,72,15.5,866.9,1.7,198,Shankapark,27.7355,85.3434
2025-05-10T23:00,20.4,73,15.5,866.5,0.7,194,Shankapark,27.7355,85.3434
2025-05-11T00:00,20.3,73,15.3,865.8,1.8,191,Shankapark,27.7355,85.3434
2025-05-11T01:00,19.9,75,15.3,865.1,2.2,180,Shankapark,27.7355,85.3434
2025-05-11T02:00,19.5,76,15.2,865.0,1.9,163,Shankapark,27.7355,85.3434
2025-05-11T03:00,19.3,76,15.0,865.1,2.4,163,Shankapark,27.7355,85.3434
2025-05-11T04:00,18.8,78,15.0,865.4,2.2,166,Shankapark,27.7355,85.3434
2025-05-11T05:00,18.8,79,15.0,865.9,2.8,130,Shankapark,27.7355,85.3434
2025-05-11T06:00,20.2,79,16.4,866.6,3.5,156,Shankapark,27.7355,85.3434
2025-05-11T07:00,23.3,63,15.8,868.3,2.2,99,Shankapark,27.7355,85.3434
2025-05-11T08:00,24.8,58,16.0,868.7,0.9,37,Shankapark,27.7355,85.3434
2025-05-11T09:00,26.1,51,15.3,868.9,6.0,280,Shankapark,27.7355,85.3434
2025-05-11T10:00,24.9,55,15.3,868.5,9.0,264,Shankapark,27.7355,85.3434
2025-05-11T11:00,24.4,63,16.9,867.9,6.0,221,Shankapark,27.7355,85.3434
2025-05-11T12:00,25.9,57,16.7,867.3,8.3,300,Shankapark,27.7355,85.3434
2025-05-11T13:00,24.6,64,17.3,866.3,9.9,299,Shankapark,27.7355,85.3434
2025-05-11T14:00,24.2,66,17.5,865.0,10.0,279,Shankapark,27.7355,85.3434
2025-05-11T15:00,23.7,70,17.8,864.7,10.6,304,Shankapark,27.7355,85.3434
2025-05-11T16:00,21.9,81,18.4,864.3,7.0,310,Shankapark,27.7355,85.3434
2025-05-11T17:00,21.3,83,18.4,864.0,3.4,276,Shankapark,27.7355,85.3434
2025-05-11T18:00,21.6,80,18.0,863.6,2.4,216,Shankapark,27.7355,85.3434
2025-05-11T19:00,20.3,87,18.0,863.6,3.1,183,Shankapark,27.7355,85.3434
2025-05-11T20:00,19.3,93,18.1,864.0,2.0,180,Shankapark,27.7355,85.3434
2025-05-11T21:00,18.8,93,17.7,864.5,2.7,172,Shankapark,27.7355,85.3434
2025-05-11T22:00,18.3,93,17.2,864.4,3.3,171,Shankapark,27.7355,85.3434
2025-05-11T23:00,17.8,94,16.8,864.0,4.6,167,Shankapark,27.7355,85.3434
2025-05-12T00:00,17.6,93,16.4,863.5,4.6,162,Shankapark,27.7355,85.3434
2025-05-12T01:00,17.6,92,16.3,863.1,5.6,165,Shankapark,27.7355,85.3434
2025-05-12T02:00,17.1,94,16.2,863.3,0.5,225,Shankapark,27.7355,85.3434
2025-05-12T03:00,17.1,93,15.9,863.7,1.9,158,Shankapark,27.7355,85.3434
2025-05-12T04:00,16.8,95,16.0,863.6,3.9,124,Shankapark,27.7355,85.3434
2025-05-12T05:00,16.4,98,16.1,863.4,5.6,147,Shankapark,27.7355,85.3434
2025-05-12T06:00,17.6,95,16.9,864.4,3.5,156,Shankapark,27.7355,85.3434
2025-05-12T07:00,20.3,82,17.2,865.7,2.4,132,Shankapark,27.7355,85.3434
2025-05-12T08:00,23.1,68,16.8,866.5,1.0,45,Shankapark,27.7355,85.3434
2025-05-12T09:00,25.2,59,16.6,866.8,3.6,307,Shankapark,27.7355,85.3434
2025-05-12T10:00,26.4,53,16.0,866.8,6.7,284,Shankapark,27.7355,85.3434
2025-05-12T11:00,26.8,52,16.1,866.4,9.3,279,Shankapark,27.7355,85.3434
2025-05-12T12:00,26.7,54,16.7,865.9,9.8,287,Shankapark,27.7355,85.3434
2025-05-12T13:00,26.6,56,17.1,865.0,10.5,297,Shankapark,27.7355,85.3434
2025-05-12T14:00,26.4,58,17.3,864.4,11.6,305,Shankapark,27.7355,85.3434
2025-05-12T15:00,25.5,61,17.4,863.6,10.9,299,Shankapark,27.7355,85.3434
2025-05-12T16:00,25.1,59,16.5,863.2,10.7,301,Shankapark,27.7355,85.3434
2025-05-12T17:00,24.3,62,16.5,862.9,8.6,309,Shankapark,27.7355,85.3434
2025-05-12T18:00,22.5,80,18.8,863.0,0.4,153,Shankapark,27.7355,85.3434
2025-05-12T19:00,21.1,85,18.6,862.9,1.8,180,Shankapark,27.7355,85.3434
2025-05-12T20:00,19.8,94,18.8,862.9,3.4,164,Shankapark,27.7355,85.3434
2025-05-12T21:00,19.1,98,18.7,863.2,4.6,169,Shankapark,27.7355,85.3434
2025-05-12T22:00,18.7,98,18.4,863.6,4.2,168,Shankapark,27.7355,85.3434
2025-05-12T23:00,18.3,98,18.0,863.5,3.2,177,Shankapark,27.7355,85.3434
2025-05-13T00:00,18.2,98,17.8,863.3,3.1,170,Shankapark,27.7355,85.3434
2025-05-13T01:00,17.9,97,17.4,863.1,1.1,198,Shankapark,27.7355,85.3434
2025-05-13T02:00,17.9,95,17.2,863.7,0.7,284,Shankapark,27.7355,85.3434
2025-05-13T03:00,17.5,96,16.8,863.7,0.7,256,Shankapark,27.7355,85.3434
2025-05-13T04:00,17.3,96,16.6,863.4,2.4,189,Shankapark,27.7355,85.3434
2025-05-13T05:00,17.2,96,16.6,863.5,3.1,180,Shankapark,27.7355,85.3434
2025-05-13T06:00,18.8,89,16.9,864.7,3.3,174,Shankapark,27.7355,85.3434
2025-05-13T07:00,21.1,78,17.1,866.1,0.8,315,Shankapark,27.7355,85.3434
2025-05-13T08:00,23.0,68,16.9,866.6,3.6,307,Shankapark,27.7355,85.3434
2025-05-13T09:00,24.6,60,16.3,867.0,7.7,300,Shankapark,27.7355,85.3434
2025-05-13T10:00,25.7,54,15.8,867.1,10.1,301,Shankapark,27.7355,85.3434
2025-05-13T11:00,26.5,51,15.6,866.9,10.7,295,Shankapark,27.7355,85.3434
2025-05-13T12:00,26.6,51,15.7,866.2,10.6,293,Shankapark,27.7355,85.3434
2025-05-13T13:00,26.7,50,15.5,865.6,11.7,291,Shankapark,27.7355,85.3434
2025-05-13T14:00,26.1,51,15.2,864.4,11.7,291,Shankapark,27.7355,85.3434
2025-05-13T15:00,25.5,55,15.8,863.7,11.3,290,Shankapark,27.7355,85.3434
2025-05-13T16:00,24.9,59,16.4,863.2,9.5,299,Shankapark,27.7355,85.3434
2025-05-13T17:00,23.9,62,16.4,862.7,8.4,310,Shankapark,27.7355,85.3434
2025-05-13T18:00,23.0,72,17.8,862.7,3.2,270,Shankapark,27.7355,85.3434
2025-05-13T19:00,22.3,75,17.7,863.0,2.5,225,Shankapark,27.7355,85.3434
2025-05-13T20:00,21.3,79,17.6,863.3,1.5,187,Shankapark,27.7355,85.3434
2025-05-13T21:00,20.4,86,17.9,863.6,1.3,180,Shankapark,27.7355,85.3434
2025-05-13T22:00,19.9,88,17.8,863.7,2.0,180,Shankapark,27.7355,85.3434
2025-05-13T23:00,19.3,90,17.6,863.8,1.6,180,Shankapark,27.7355,85.3434
2025-05-14T00:00,19.0,90,17.3,863.5,3.3,209,Shankapark,27.7355,85.3434
2025-05-14T01:00,19.2,86,16.8,864.0,3.1,97,Shankapark,27.7355,85.3434
2025-05-14T02:00,19.3,82,16.2,863.8,4.5,133,Shankapark,27.7355,85.3434
2025-05-14T03:00,18.6,85,16.1,863.5,5.0,145,Shankapark,27.7355,85.3434
2025-05-14T04:00,17.8,89,16.0,863.5,5.8,154,Shankapark,27.7355,85.3434
2025-05-14T05:00,17.7,89,15.8,864.0,5.8,158,Shankapark,27.7355,85.3434
2025-05-14T06:00,19.4,90,17.7,865.3,3.6,135,Shankapark,27.7355,85.3434
2025-05-14T07:00,21.7,77,17.4,866.7,2.1,110,Shankapark,27.7355,85.3434
2025-05-14T08:00,23.8,67,17.2,867.5,0.7,104,Shankapark,27.7355,85.3434
2025-05-14T09:00,25.9,53,15.6,868.1,2.8,288,Shankapark,27.7355,85.3434
2025-05-14T10:00,27.6,43,13.8,868.1,7.7,286,Shankapark,27.7355,85.3434
2025-05-14T11:00,28.4,40,13.3,868.1,11.3,292,Shankapark,27.7355,85.3434
2025-05-14T12:00,28.7,40,13.7,867.6,12.9,293,Shankapark,27.7355,85.3434
2025-05-14T13:00,28.2,41,13.5,867.0,12.1,285,Shankapark,27.7355,85.3434
2025-05-14T14:00,27.0,44,13.6,866.4,11.8,264,Shankapark,27.7355,85.3434
2025-05-14T15:00,26.6,46,14.0,865.7,9.7,273,Shankapark,27.7355,85.3434
2025-05-14T16:00,25.0,53,14.8,865.4,10.1,289,Shankapark,27.7355,85.3434
2025-05-14T17:00,23.5,61,15.5,864.8,5.6,263,Shankapark,27.7355,85.3434
2025-05-14T18:00,21.4,76,17.0,864.3,5.4,201,Shankapark,27.7355,85.3434
2025-05-14T19:00,20.6,82,17.5,864.3,3.5,208,Shankapark,27.7355,85.3434
2025-05-14T20:00,20.1,88,18.1,864.6,1.8,186,Shankapark,27.7355,85.3434
2025-05-14T21:00,19.9,89,18.1,865.2,1.9,197,Shankapark,27.7355,85.3434
2025-05-14T22:00,19.6,91,18.0,865.4,2.8,191,Shankapark,27.7355,85.3434
2025-05-14T23:00,19.2,92,17.8,865.4,3.4,148,Shankapark,27.7355,85.3434
2025-05-15T00:00,18.0,93,16.8,866.2,9.6,38,Shankapark,27.7355,85.3434
2025-05-15T01:00,17.1,97,16.6,865.1,7.3,150,Shankapark,27.7355,85.3434
2025-05-15T02:00,16.9,97,16.4,864.4,6.6,158,Shankapark,27.7355,85.3434
2025-05-15T03:00,16.6,97,16.1,864.0,6.6,154,Shankapark,27.7355,85.3434
2025-05-15T04:00,16.2,97,15.7,863.7,6.8,151,Shankapark,27.7355,85.3434
2025-05-15T05:00,16.2,97,15.6,864.1,7.5,147,Shankapark,27.7355,85.3434
2025-05-15T06:00,19.4,85,16.8,865.8,5.6,138,Shankapark,27.7355,85.3434
2025-05-15T07:00,21.7,74,16.9,866.9,2.5,135,Shankapark,27.7355,85.3434
2025-05-15T08:00,24.2,60,15.9,867.6,0.6,108,Shankapark,27.7355,85.3434
2025-05-15T09:00,26.6,47,14.3,868.1,4.4,300,Shankapark,27.7355,85.3434
2025-05-15T10:00,28.3,39,12.9,868.3,8.0,304,Shankapark,27.7355,85.3434
2025-05-15T11:00,28.9,36,12.4,868.1,10.5,299,Shankapark,27.7355,85.3434
2025-05-15T12:00,28.8,36,12.5,867.9,11.9,293,Shankapark,27.7355,85.3434
2025-05-15T13:00,29.0,35,12.1,867.4,11.6,292,Shankapark,27.7355,85.3434
2025-05-15T14:00,28.7,36,12.1,866.4,11.3,292,Shankapark,27.7355,85.3434
2025-05-15T15:00,28.2,38,12.4,865.7,11.6,289,Shankapark,27.7355,85.3434
2025-05-15T16:00,27.3,41,12.8,865.0,10.8,291,Shankapark,27.7355,85.3434
2025-05-15T17:00,26.2,44,13.0,864.8,9.4,301,Shankapark,27.7355,85.3434
2025-05-15T18:00,24.7,52,14.3,864.7,6.6,283,Shankapark,27.7355,85.3434
2025-05-15T19:00,23.3,62,15.5,864.8,3.7,215,Shankapark,27.7355,85.3434
2025-05-15T20:00,21.9,72,16.6,864.9,3.3,186,Shankapark,27.7355,85.3434
2025-05-15T21:00,20.6,81,17.2,865.2,5.8,178,Shankapark,27.7355,85.3434
2025-05-15T22:00,20.3,81,17.0,865.7,7.0,180,Shankapark,27.7355,85.3434
2025-05-15T23:00,20.4,77,16.4,866.4,3.6,189,Shankapark,27.7355,85.3434
2025-05-16T00:00,20.3,78,16.4,865.8,5.4,184,Shankapark,27.7355,85.3434
2025-05-16T01:00,19.0,83,16.1,864.9,0.2,180,Shankapark,27.7355,85.3434
2025-05-16T02:00,19.1,77,14.9,864.6,1.5,159,Shankapark,27.7355,85.3434
2025-05-16T03:00,18.5,78,14.6,864.9,3.3,77,Shankapark,27.7355,85.3434
2025-05-16T04:00,18.6,77,14.5,865.0,1.8,143,Shankapark,27.7355,85.3434
2025-05-16T05:00,18.6,78,14.7,865.7,1.3,214,Shankapark,27.7355,85.3434
2025-05-16T06:00,19.8,79,16.0,866.2,1.3,180,Shankapark,27.7355,85.3434
2025-05-16T07:00,22.2,65,15.3,867.5,1.9,119,Shankapark,27.7355,85.3434
2025-05-16T08:00,24.7,56,15.2,867.9,1.2,63,Shankapark,27.7355,85.3434
2025-05-16T09:00,26.7,47,14.3,868.0,3.5,309,Shankapark,27.7355,85.3434
2025-05-16T10:00,28.2,38,12.6,868.0,7.8,307,Shankapark,27.7355,85.3434
2025-05-16T11:00,29.1,34,11.5,867.8,12.4,294,Shankapark,27.7355,85.3434
2025-05-16T12:00,28.6,38,13.0,867.5,11.9,293,Shankapark,27.7355,85.3434
2025-05-16T13:00,28.3,38,12.6,867.1,10.6,281,Shankapark,27.7355,85.3434
2025-05-16T14:00,25.5,50,14.2,866.6,11.2,294,Shankapark,27.7355,85.3434
2025-05-16T15:00,25.3,54,15.2,865.8,7.9,319,Shankapark,27.7355,85.3434
2025-05-16T16:00,24.3,59,15.9,865.4,10.3,306,Shankapark,27.7355,85.3434
2025-05-16T17:00,22.8,67,16.4,864.7,6.9,303,Shankapark,27.7355,85.3434
2025-05-16T18:00,21.6,75,16.9,865.3,9.6,307,Shankapark,27.7355,85.3434
2025-05-16T19:00,19.7,90,18.1,864.6,4.7,152,Shankapark,27.7355,85.3434
2025-05-16T20:00,19.3,96,18.6,864.2,5.9,169,Shankapark,27.7355,85.3434
2025-05-16T21:00,19.3,94,18.3,865.0,7.5,165,Shankapark,27.7355,85.3434
2025-05-16T22:00,19.2,93,18.1,865.5,5.4,166,Shankapark,27.7355,85.3434
2025-05-16T23:00,18.8,95,17.9,865.3,3.4,174,Shankapark,27.7355,85.3434
2025-05-17T00:00,18.2,97,17.7,865.0,2.5,120,Shankapark,27.7355,85.3434
2025-05-17T01:00,17.3,96,16.7,864.9,5.8,146,Shankapark,27.7355,85.3434
2025-05-17T02:00,16.9,97,16.6,864.0,4.4,145,Shankapark,27.7355,85.3434
2025-05-17T03:00,16.7,99,16.4,863.3,7.0,148,Shankapark,27.7355,85.3434
2025-05-17T04:00,16.8,99,16.6,863.3,4.2,168,Shankapark,27.7355,85.3434
2025-05-17T05:00,16.6,100,16.5,863.5,3.5,159,Shankapark,27.7355,85.3434
2025-05-17T06:00,17.2,88,15.2,864.8,4.8,127,Shankapark,27.7355,85.3434
2025-05-17T07:00,20.3,76,16.0,866.3,4.1,131,Shankapark,27.7355,85.3434
2025-05-17T08:00,23.3,57,14.4,867.0,3.1,144,Shankapark,27.7355,85.3434
2025-05-17T09:00,26.0,47,13.9,867.4,4.5,265,Shankapark,27.7355,85.3434
2025-05-17T10:00,24.7,58,15.9,867.8,10.3,257,Shankapark,27.7355,85.3434
2025-05-17T11:00,24.1,60,15.9,867.9,0.0,270,Shankapark,27.7355,85.3434
2025-05-17T12:00,22.2,70,16.6,867.0,3.3,292,Shankapark,27.7355,85.3434
2025-05-17T13:00,24.2,63,16.7,866.8,7.8,302,Shankapark,27.7355,85.3434
2025-05-17T14:00,22.8,71,17.3,865.4,3.8,8,Shankapark,27.7355,85.3434
2025-05-17T15:00,23.8,66,16.9,864.9,2.3,4,Shankapark,27.7355,85.3434
2025-05-17T16:00,23.3,66,16.7,864.4,3.6,323,Shankapark,27.7355,85.3434
2025-05-17T17:00,22.1,72,16.8,864.0,3.8,301,Shankapark,27.7355,85.3434
2025-05-17T18:00,20.7,80,17.1,864.2,1.9,17,Shankapark,27.7355,85.3434
2025-05-17T19:00,20.1,82,16.8,864.2,1.3,172,Shankapark,27.7355,85.3434
2025-05-17T20:00,18.9,90,17.3,864.1,4.0,162,Shankapark,27.7355,85.3434
2025-05-17T21:00,18.3,95,17.5,864.8,5.5,167,Shankapark,27.7355,85.3434
2025-05-17T22:00,18.3,95,17.5,865.4,6.0,159,Shankapark,27.7355,85.3434
2025-05-17T23:00,18.3,94,17.4,865.4,6.3,160,Shankapark,27.7355,85.3434
2025-05-18T00:00,17.9,94,16.9,865.3,4.8,169,Shankapark,27.7355,85.3434
2025-05-18T01:00,17.8,94,16.9,865.0,3.5,152,Shankapark,27.7355,85.3434
2025-05-18T02:00,17.6,97,17.1,864.8,3.9,133,Shankapark,27.7355,85.3434
2025-05-18T03:00,17.6,97,17.2,864.9,4.7,140,Shankapark,27.7355,85.3434
2025-05-18T04:00,17.3,98,16.9,865.1,3.4,155,Shankapark,27.7355,85.3434
2025-05-18T05:00,17.2,99,16.9,865.4,2.4,138,Shankapark,27.7355,85.3434
2025-05-18T06:00,19.1,91,17.6,867.1,1.7,41,Shankapark,27.7355,85.3434
2025-05-18T07:00,20.2,84,17.4,868.0,1.6,96,Shankapark,27.7355,85.3434
2025-05-18T08:00,21.8,76,17.4,868.3,1.9,107,Shankapark,27.7355,85.3434
2025-05-18T09:00,23.9,66,17.1,868.5,0.2,270,Shankapark,27.7355,85.3434
2025-05-18T10:00,25.7,59,17.1,868.0,2.2,261,Shankapark,27.7355,85.3434
2025-05-18T11:00,25.4,58,16.5,867.8,7.5,213,Shankapark,27.7355,85.3434
2025-05-18T12:00,22.7,68,16.6,867.2,6.3,141,Shankapark,27.7355,85.3434
2025-05-18T13:00,20.8,79,17.1,866.7,4.7,189,Shankapark,27.7355,85.3434
2025-05-18T14:00,21.7,77,17.5,865.7,3.7,313,Shankapark,27.7355,85.3434
2025-05-18T15:00,20.6,80,16.9,865.1,6.9,85,Shankapark,27.7355,85.3434
2025-05-18T16:00,20.9,78,16.9,864.8,6.0,171,Shankapark,27.7355,85.3434
2025-05-18T17:00,20.8,81,17.4,864.9,2.3,141,Shankapark,27.7355,85.3434
2025-05-18T18:00,20.3,89,18.4,864.8,2.3,94,Shankapark,27.7355,85.3434
2025-05-18T19:00,19.7,91,18.3,865.3,0.4,207,Shankapark,27.7355,85.3434
2025-05-18T20:00,19.1,93,17.9,865.5,3.2,146,Shankapark,27.7355,85.3434
2025-05-18T21:00,18.3,98,17.9,865.7,2.8,162,Shankapark,27.7355,85.3434
2025-05-18T22:00,17.8,100,17.8,865.8,2.5,180,Shankapark,27.7355,85.3434
2025-05-18T23:00,17.6,100,17.6,865.5,2.9,158,Shankapark,27.7355,85.3434
2025-05-19T00:00,17.2,100,17.1,864.7,4.6,159,Shankapark,27.7355,85.3434
2025-05-19T01:00,16.9,99,16.8,864.4,4.2,162,Shankapark,27.7355,85.3434
2025-05-19T02:00,16.8,99,16.7,864.1,4.8,158,Shankapark,27.7355,85.3434
2025-05-19T03:00,16.8,99,16.7,864.3,4.7,152,Shankapark,27.7355,85.3434
2025-05-19T04:00,16.7,100,16.7,864.6,4.8,146,Shankapark,27.7355,85.3434
2025-05-19T05:00,16.8,100,16.7,864.9,4.8,149,Shankapark,27.7355,85.3434
2025-05-19T06:00,18.3,95,17.5,866.5,2.8,135,Shankapark,27.7355,85.3434
2025-05-19T07:00,20.0,87,17.8,867.6,3.1,114,Shankapark,27.7355,85.3434
2025-05-19T08:00,21.7,80,18.1,867.7,5.6,107,Shankapark,27.7355,85.3434
2025-05-19T09:00,23.8,71,18.3,868.0,5.8,126,Shankapark,27.7355,85.3434
2025-05-19T10:00,25.6,63,18.1,868.2,3.4,180,Shankapark,27.7355,85.3434
2025-05-19T11:00,26.8,55,17.0,867.6,4.5,220,Shankapark,27.7355,85.3434
2025-05-19T12:00,20.7,81,17.3,866.7,7.6,258,Shankapark,27.7355,85.3434
2025-05-19T13:00,21.6,83,18.4,865.7,2.3,39,Shankapark,27.7355,85.3434
2025-05-19T14:00,22.7,79,18.9,865.4,1.9,319,Shankapark,27.7355,85.3434
2025-05-19T15:00,22.3,77,18.0,864.7,5.6,264,Shankapark,27.7355,85.3434
2025-05-19T16:00,21.9,79,18.1,864.5,4.5,256,Shankapark,27.7355,85.3434
2025-05-19T17:00,20.9,84,18.2,864.2,2.6,335,Shankapark,27.7355,85.3434
2025-05-19T18:00,19.5,92,18.2,863.6,3.7,76,Shankapark,27.7355,85.3434
2025-05-19T19:00,19.0,96,18.3,863.5,5.2,136,Shankapark,27.7355,85.3434
2025-05-19T20:00,18.7,97,18.3,864.1,4.6,167,Shankapark,27.7355,85.3434
2025-05-19T21:00,18.7,98,18.3,865.2,3.4,196,Shankapark,27.7355,85.3434
2025-05-19T22:00,18.3,98,18.0,865.8,1.1,252,Shankapark,27.7355,85.3434
2025-05-19T23:00,18.6,96,17.9,865.4,3.1,170,Shankapark,27.7355,85.3434
2025-05-20T00:00,18.0,99,17.8,864.5,2.1,142,Shankapark,27.7355,85.3434
2025-05-20T01:00,18.1,98,17.7,864.2,3.7,119,Shankapark,27.7355,85.3434
2025-05-20T02:00,17.8,98,17.6,863.8,3.3,135,Shankapark,27.7355,85.3434
2025-05-20T03:00,17.6,98,17.2,863.9,4.4,63,Shankapark,27.7355,85.3434
2025-05-20T04:00,17.4,98,17.2,863.5,6.2,105,Shankapark,27.7355,85.3434
2025-05-20T05:00,17.4,97,16.9,863.8,3.8,107,Shankapark,27.7355,85.3434
2025-05-20T06:00,17.4,94,16.4,863.9,5.3,82,Shankapark,27.7355,85.3434
2025-05-20T07:00,17.7,96,17.1,864.0,6.9,113,Shankapark,27.7355,85.3434
2025-05-20T08:00,20.5,82,17.3,864.8,5.2,115,Shankapark,27.7355,85.3434
2025-05-20T09:00,23.3,71,17.7,865.5,1.3,98,Shankapark,27.7355,85.3434
2025-05-20T10:00,24.8,67,18.3,865.6,3.0,284,Shankapark,27.7355,85.3434
2025-05-20T11:00,26.0,64,18.7,865.2,2.9,292,Shankapark,27.7355,85.3434
2025-05-20T12:00,24.9,64,17.7,865.0,6.7,236,Shankapark,27.7355,85.3434
2025-05-20T13:00,23.7,72,18.3,864.3,1.4,310,Shankapark,27.7355,85.3434
2025-05-20T14:00,23.3,77,18.9,863.5,3.4,288,Shankapark,27.7355,85.3434
2025-05-20T15:00,21.9,81,18.5,862.8,2.3,225,Shankapark,27.7355,85.3434
2025-05-20T16:00,22.2,82,18.8,862.8,3.3,54,Shankapark,27.7355,85.3434
2025-05-20T17:00,21.2,85,18.4,862.9,4.8,65,Shankapark,27.7355,85.3434
2025-05-20T18:00,21.4,84,18.6,863.1,0.8,117,Shankapark,27.7355,85.3434
2025-05-20T19:00,20.3,90,18.6,863.4,0.7,166,Shankapark,27.7355,85.3434
2025-05-20T20:00,19.9,93,18.7,864.2,2.1,142,Shankapark,27.7355,85.3434
2025-05-20T21:00,19.4,95,18.7,864.9,3.3,167,Shankapark,27.7355,85.3434
2025-05-20T22:00,19.2,97,18.7,865.0,3.9,103,Shankapark,27.7355,85.3434
2025-05-20T23:00,18.8,98,18.5,864.5,4.3,138,Shankapark,27.7355,85.3434
2025-05-21T00:00,18.6,99,18.4,864.2,4.2,137,Shankapark,27.7355,85.3434
2025-05-21T01:00,18.3,99,18.2,863.7,3.6,135,Shankapark,27.7355,85.3434
2025-05-21T02:00,17.9,100,17.9,863.7,5.0,154,Shankapark,27.7355,85.3434
2025-05-21T03:00,17.6,99,17.4,863.3,4.6,162,Shankapark,27.7355,85.3434
2025-05-21T04:00,17.3,100,17.2,863.0,6.2,159,Shankapark,27.7355,85.3434
2025-05-21T05:00,17.3,99,17.1,863.4,5.9,157,Shankapark,27.7355,85.3434
2025-05-21T06:00,19.1,95,18.2,864.8,4.1,165,Shankapark,27.7355,85.3434
2025-05-21T07:00,21.3,83,18.3,866.1,3.1,135,Shankapark,27.7355,85.3434
2025-05-21T08:00,23.3,73,18.2,867.1,3.7,137,Shankapark,27.7355,85.3434
2025-05-21T09:00,23.7,72,18.3,867.7,0.8,63,Shankapark,27.7355,85.3434
2025-05-21T10:00,22.4,77,18.2,868.0,1.7,212,Shankapark,27.7355,85.3434
2025-05-21T11:00,21.0,81,17.7,867.8,2.9,11,Shankapark,27.7355,85.3434
2025-05-21T12:00,20.1,88,18.0,866.8,4.2,130,Shankapark,27.7355,85.3434
2025-05-21T13:00,21.2,82,18.0,866.2,3.5,69,Shankapark,27.7355,85.3434
2025-05-21T14:00,24.2,68,17.8,865.5,5.5,113,Shankapark,27.7355,85.3434
2025-05-21T15:00,24.8,65,17.7,864.7,2.7,360,Shankapark,27.7355,85.3434
2025-05-21T16:00,24.7,64,17.3,864.2,4.4,328,Shankapark,27.7355,85.3434
2025-05-21T17:00,23.7,71,18.2,863.8,4.7,313,Shankapark,27.7355,85.3434
2025-05-21T18:00,20.8,91,19.3,863.8,4.5,220,Shankapark,27.7355,85.3434
2025-05-21T19:00,20.0,93,18.9,863.7,5.1,148,Shankapark,27.7355,85.3434
2025-05-21T20:00,19.3,94,18.3,864.3,6.8,163,Shankapark,27.7355,85.3434
2025-05-21T21:00,18.8,93,17.8,865.0,5.8,160,Shankapark,27.7355,85.3434
2025-05-21T22:00,18.4,94,17.4,865.3,4.7,164,Shankapark,27.7355,85.3434
2025-05-21T23:00,18.3,95,17.4,865.3,5.0,165,Shankapark,27.7355,85.3434
2025-05-22T00:00,17.3,97,16.8,865.2,2.4,167,Shankapark,27.7355,85.3434
2025-05-22T01:00,17.4,98,17.1,865.0,7.6,117,Shankapark,27.7355,85.3434
2025-05-22T02:00,17.3,100,17.3,864.8,5.2,106,Shankapark,27.7355,85.3434
2025-05-22T03:00,17.1,99,17.0,864.6,6.9,123,Shankapark,27.7355,85.3434
2025-05-22T04:00,16.8,99,16.7,864.3,6.2,144,Shankapark,27.7355,85.3434
2025-05-22T05:00,16.6,100,16.6,864.1,5.6,149,Shankapark,27.7355,85.3434
2025-05-22T06:00,17.8,96,17.2,865.7,4.0,150,Shankapark,27.7355,85.3434
2025-05-22T07:00,20.2,86,17.8,867.1,4.1,77,Shankapark,27.7355,85.3434
2025-05-22T08:00,22.3,75,17.7,867.3,4.2,115,Shankapark,27.7355,85.3434
2025-05-22T09:00,23.8,68,17.6,867.6,4.6,144,Shankapark,27.7355,85.3434
2025-05-22T10:00,25.0,65,17.9,867.6,2.5,90,Shankapark,27.7355,85.3434
2025-05-22T11:00,24.8,65,17.8,866.9,1.3,45,Shankapark,27.7355,85.3434
2025-05-22T12:00,24.8,64,17.4,866.4,3.1,111,Shankapark,27.7355,85.3434
2025-05-22T13:00,24.9,60,16.6,865.7,3.8,169,Shankapark,27.7355,85.3434
2025-05-22T14:00,23.8,69,17.8,865.0,2.7,157,Shankapark,27.7355,85.3434
2025-05-22T15:00,23.4,69,17.6,864.6,2.1,329,Shankapark,27.7355,85.3434
2025-05-22T16:00,22.9,71,17.3,864.5,4.1,322,Shankapark,27.7355,85.3434
2025-05-22T17:00,21.8,80,18.2,864.1,3.0,308,Shankapark,27.7355,85.3434
2025-05-22T18:00,21.2,88,19.0,863.6,3.9,294,Shankapark,27.7355,85.3434
2025-05-22T19:00,20.2,93,19.1,864.1,1.3,214,Shankapark,27.7355,85.3434
2025-05-22T20:00,20.1,94,19.1,864.5,1.1,171,Shankapark,27.7355,85.3434
2025-05-22T21:00,19.8,96,19.2,864.9,4.2,173,Shankapark,27.7355,85.3434
2025-05-22T22:00,19.8,94,18.8,865.2,4.0,170,Shankapark,27.7355,85.3434
2025-05-22T23:00,19.6,95,18.7,865.0,4.7,173,Shankapark,27.7355,85.3434
2025-05-23T00:00,18.8,98,18.4,864.0,4.5,164,Shankapark,27.7355,85.3434
2025-05-23T01:00,18.2,98,17.9,863.3,2.3,231,Shankapark,27.7355,85.3434
2025-05-23T02:00,18.1,98,17.8,863.3,2.2,156,Shankapark,27.7355,85.3434
2025-05-23T03:00,17.8,99,17.7,863.1,4.3,138,Shankapark,27.7355,85.3434
2025-05-23T04:00,17.6,99,17.5,863.0,4.7,137,Shankapark,27.7355,85.3434
2025-05-23T05:00,17.7,99,17.6,863.3,5.6,140,Shankapark,27.7355,85.3434
2025-05-23T06:00,19.1,95,18.2,864.4,3.1,130,Shankapark,27.7355,85.3434
2025-05-23T07:00,20.8,85,18.2,865.2,5.1,98,Shankapark,27.7355,85.3434
2025-05-23T08:00,22.7,73,17.7,866.0,6.7,114,Shankapark,27.7355,85.3434
2025-05-23T09:00,24.2,66,17.4,866.2,6.1,137,Shankapark,27.7355,85.3434
2025-05-23T10:00,25.1,62,17.3,866.1,6.2,165,Shankapark,27.7355,85.3434
2025-05-23T11:00,26.1,62,18.2,865.6,2.4,189,Shankapark,27.7355,85.3434
2025-05-23T12:00,25.1,64,17.8,864.9,1.5,187,Shankapark,27.7355,85.3434
2025-05-23T13:00,21.7,79,17.8,864.3,4.0,87,Shankapark,27.7355,85.3434
2025-05-23T14:00,23.4,71,17.9,863.4,1.9,56,Shankapark,27.7355,85.3434
2025-05-23T15:00,24.0,67,17.4,862.9,4.4,330,Shankapark,27.7355,85.3434
2025-05-23T16:00,22.4,74,17.6,862.8,2.6,282,Shankapark,27.7355,85.3434
2025-05-23T17:00,21.9,78,18.0,862.6,2.1,232,Shankapark,27.7355,85.3434
2025-05-23T18:00,20.5,90,18.8,863.0,4.0,175,Shankapark,27.7355,85.3434
2025-05-23T19:00,19.9,94,18.9,863.2,3.6,174,Shankapark,27.7355,85.3434
2025-05-23T20:00,19.3,97,18.8,863.6,2.7,160,Shankapark,27.7355,85.3434
2025-05-23T21:00,18.8,99,18.6,864.1,3.9,164,Shankapark,27.7355,85.3434
2025-05-23T22:00,18.2,100,18.2,864.4,3.9,164,Shankapark,27.7355,85.3434
2025-05-23T23:00,17.9,98,17.7,864.3,6.3,180,Shankapark,27.7355,85.3434
2025-05-24T00:00,17.7,97,17.1,863.5,4.3,165,Shankapark,27.7355,85.3434
2025-05-24T01:00,17.1,98,16.8,862.8,3.2,180,Shankapark,27.7355,85.3434
2025-05-24T02:00,16.9,97,16.4,862.4,4.0,175,Shankapark,27.7355,85.3434
2025-05-24T03:00,16.7,96,16.1,862.0,3.8,163,Shankapark,27.7355,85.3434
2025-05-24T04:00,16.6,95,15.8,862.3,2.5,172,Shankapark,27.7355,85.3434
2025-05-24T05:00,16.6,96,15.9,862.6,2.8,169,Shankapark,27.7355,85.3434
2025-05-24T06:00,18.8,94,17.8,865.3,4.8,138,Shankapark,27.7355,85.3434
2025-05-24T07:00,20.4,83,17.5,866.3,3.7,125,Shankapark,27.7355,85.3434
2025-05-24T08:00,22.2,75,17.5,866.7,4.4,99,Shankapark,27.7355,85.3434
2025-05-24T09:00,23.7,69,17.6,867.0,3.2,106,Shankapark,27.7355,85.3434
2025-05-24T10:00,25.1,63,17.5,866.9,2.6,78,Shankapark,27.7355,85.3434
2025-05-24T11:00,26.8,58,17.7,866.7,3.8,121,Shankapark,27.7355,85.3434
2025-05-24T12:00,25.6,61,17.7,865.9,10.2,152,Shankapark,27.7355,85.3434
2025-05-24T13:00,21.4,82,18.3,865.6,2.2,14,Shankapark,27.7355,85.3434
2025-05-24T14:00,22.4,78,18.3,864.7,1.1,342,Shankapark,27.7355,85.3434
2025-05-24T15:00,21.4,81,18.1,864.4,2.1,121,Shankapark,27.7355,85.3434
2025-05-24T16:00,21.3,84,18.4,863.9,0.3,135,Shankapark,27.7355,85.3434
2025-05-24T17:00,21.5,83,18.4,864.1,1.5,194,Shankapark,27.7355,85.3434
2025-05-24T18:00,20.3,91,18.8,863.9,4.3,185,Shankapark,27.7355,85.3434
2025-05-24T19:00,19.5,95,18.7,864.7,5.2,168,Shankapark,27.7355,85.3434
2025-05-24T20:00,19.0,97,18.5,865.2,4.9,163,Shankapark,27.7355,85.3434
2025-05-24T21:00,18.5,98,18.2,866.0,5.0,167,Shankapark,27.7355,85.3434
2025-05-24T22:00,18.1,98,17.8,866.4,4.0,177,Shankapark,27.7355,85.3434
2025-05-24T23:00,17.8,97,17.4,866.0,6.1,152,Shankapark,27.7355,85.3434
2025-05-25T00:00,17.8,97,17.3,865.4,6.7,156,Shankapark,27.7355,85.3434
2025-05-25T01:00,17.3,99,17.2,864.5,6.8,162,Shankapark,27.7355,85.3434
2025-05-25T02:00,17.1,100,17.0,863.8,5.4,166,Shankapark,27.7355,85.3434
2025-05-25T03:00,17.1,99,17.0,863.5,3.8,172,Shankapark,27.7355,85.3434
2025-05-25T04:00,17.2,98,16.9,863.6,3.3,171,Shankapark,27.7355,85.3434
2025-05-25T05:00,17.3,98,16.9,864.1,3.1,170,Shankapark,27.7355,85.3434
2025-05-25T06:00,19.6,93,18.4,866.4,3.1,242,Shankapark,27.7355,85.3434
2025-05-25T07:00,21.3,83,18.4,867.8,4.4,300,Shankapark,27.7355,85.3434
2025-05-25T08:00,22.6,78,18.5,868.3,3.5,298,Shankapark,27.7355,85.3434
2025-05-25T09:00,24.4,66,17.6,868.4,1.8,281,Shankapark,27.7355,85.3434
2025-05-25T10:00,26.2,57,16.9,868.3,2.4,324,Shankapark,27.7355,85.3434
2025-05-25T11:00,27.3,56,17.6,867.9,5.4,272,Shankapark,27.7355,85.3434
2025-05-25T12:00,23.8,72,18.3,867.2,4.2,187,Shankapark,27.7355,85.3434
2025-05-25T13:00,24.7,64,17.6,866.5,7.1,285,Shankapark,27.7355,85.3434
2025-05-25T14:00,23.1,77,18.8,865.4,4.1,315,Shankapark,27.7355,85.3434
2025-05-25T15:00,24.3,71,18.6,864.9,4.2,275,Shankapark,27.7355,85.3434
2025-05-25T16:00,24.4,69,18.4,864.7,3.1,242,Shankapark,27.7355,85.3434
2025-05-25T17:00,23.8,72,18.4,865.1,1.5,306,Shankapark,27.7355,85.3434
2025-05-25T18:00,20.9,90,19.3,865.1,2.3,180,Shankapark,27.7355,85.3434
2025-05-25T19:00,20.3,96,19.7,865.7,1.4,157,Shankapark,27.7355,85.3434
2025-05-25T20:00,20.3,97,19.8,866.2,2.5,159,Shankapark,27.7355,85.3434
2025-05-25T21:00,19.7,98,19.4,866.3,4.9,163,Shankapark,27.7355,85.3434
2025-05-25T22:00,19.5,98,19.2,866.5,2.4,167,Shankapark,27.7355,85.3434
2025-05-25T23:00,19.3,98,19.1,866.2,4.7,176,Shankapark,27.7355,85.3434
2025-05-26T00:00,18.9,99,18.8,865.4,1.4,180,Shankapark,27.7355,85.3434
2025-05-26T01:00,18.7,98,18.4,865.0,1.8,180,Shankapark,27.7355,85.3434
2025-05-26T02:00,18.3,98,18.1,864.2,3.6,162,Shankapark,27.7355,85.3434
2025-05-26T03:00,18.1,98,17.8,863.5,1.4,157,Shankapark,27.7355,85.3434
2025-05-26T04:00,17.7,98,17.4,863.3,3.6,160,Shankapark,27.7355,85.3434
2025-05-26T05:00,17.6,99,17.4,863.6,3.5,159,Shankapark,27.7355,85.3434
2025-05-26T06:00,20.4,95,19.5,864.9,2.9,176,Shankapark,27.7355,85.3434
2025-05-26T07:00,22.4,79,18.6,866.4,3.4,328,Shankapark,27.7355,85.3434
2025-05-26T08:00,23.3,73,18.3,866.5,3.4,328,Shankapark,27.7355,85.3434
2025-05-26T09:00,25.3,64,18.0,866.6,2.8,297,Shankapark,27.7355,85.3434
2025-05-26T10:00,26.1,59,17.4,866.5,3.6,288,Shankapark,27.7355,85.3434
2025-05-26T11:00,25.2,66,18.4,865.9,7.9,321,Shankapark,27.7355,85.3434
2025-05-26T12:00,24.3,72,19.0,865.4,6.8,217,Shankapark,27.7355,85.3434
2025-05-26T13:00,24.8,72,19.5,864.6,4.7,230,Shankapark,27.7355,85.3434
2025-05-26T14:00,24.6,67,17.9,863.8,4.7,298,Shankapark,27.7355,85.3434
2025-05-26T15:00,22.8,78,18.8,863.0,5.6,84,Shankapark,27.7355,85.3434
2025-05-26T16:00,23.6,75,18.8,862.9,3.8,79,Shankapark,27.7355,85.3434
2025-05-26T17:00,22.5,78,18.4,862.9,1.0,239,Shankapark,27.7355,85.3434
2025-05-26T18:00,21.4,87,19.2,863.2,4.8,146,Shankapark,27.7355,85.3434
2025-05-26T19:00,20.9,91,19.4,863.6,3.2,164,Shankapark,27.7355,85.3434
2025-05-26T20:00,20.8,92,19.4,864.1,3.8,139,Shankapark,27.7355,85.3434
2025-05-26T21:00,20.4,94,19.4,864.6,1.7,148,Shankapark,27.7355,85.3434
2025-05-26T22:00,19.8,97,19.3,864.5,3.6,171,Shankapark,27.7355,85.3434
2025-05-26T23:00,19.1,99,19.0,863.8,2.9,169,Shankapark,27.7355,85.3434
2025-05-27T00:00,18.6,100,18.6,863.2,3.8,175,Shankapark,27.7355,85.3434
2025-05-27T01:00,18.3,100,18.3,862.5,1.7,162,Shankapark,27.7355,85.3434
2025-05-27T02:00,18.3,100,18.3,862.5,1.7,212,Shankapark,27.7355,85.3434
2025-05-27T03:00,18.4,99,18.3,862.3,2.4,197,Shankapark,27.7355,85.3434
2025-05-27T04:00,18.3,100,18.2,862.3,0.9,180,Shankapark,27.7355,85.3434
2025-05-27T05:00,18.4,99,18.3,862.8,2.4,171,Shankapark,27.7355,85.3434
2025-05-27T06:00,20.2,93,18.9,863.5,2.1,200,Shankapark,27.7355,85.3434
2025-05-27T07:00,21.4,86,18.9,864.4,3.1,350,Shankapark,27.7355,85.3434
2025-05-27T08:00,22.7,78,18.7,864.5,2.9,338,Shankapark,27.7355,85.3434
2025-05-27T09:00,24.2,72,18.8,864.4,2.6,348,Shankapark,27.7355,85.3434
2025-05-27T10:00,26.0,64,18.6,864.1,2.4,318,Shankapark,27.7355,85.3434
2025-05-27T11:00,27.1,59,18.4,863.7,4.4,302,Shankapark,27.7355,85.3434
2025-05-27T12:00,27.4,58,18.5,863.3,6.1,282,Shankapark,27.7355,85.3434
2025-05-27T13:00,26.7,62,18.9,862.7,6.5,264,Shankapark,27.7355,85.3434
2025-05-27T14:00,26.0,67,19.3,862.0,6.3,272,Shankapark,27.7355,85.3434
2025-05-27T15:00,24.3,73,19.2,861.6,5.3,278,Shankapark,27.7355,85.3434
2025-05-27T16:00,23.7,78,19.6,861.5,0.8,63,Shankapark,27.7355,85.3434
2025-05-27T17:00,22.9,81,19.6,861.3,1.1,180,Shankapark,27.7355,85.3434
2025-05-27T18:00,21.6,90,19.9,861.4,3.6,110,Shankapark,27.7355,85.3434
2025-05-27T19:00,21.1,94,20.1,861.7,4.0,144,Shankapark,27.7355,85.3434
2025-05-27T20:00,20.7,96,19.9,861.8,3.6,153,Shankapark,27.7355,85.3434
2025-05-27T21:00,20.3,97,19.8,862.6,4.6,144,Shankapark,27.7355,85.3434
2025-05-27T22:00,19.8,98,19.6,863.1,6.1,130,Shankapark,27.7355,85.3434
2025-05-27T23:00,19.7,98,19.3,863.1,7.5,130,Shankapark,27.7355,85.3434
2025-05-28T00:00,19.4,98,19.1,862.7,6.4,151,Shankapark,27.7355,85.3434
2025-05-28T01:00,19.1,98,18.8,862.0,5.1,172,Shankapark,27.7355,85.3434
2025-05-28T02:00,18.6,100,18.6,861.5,2.1,142,Shankapark,27.7355,85.3434
2025-05-28T03:00,18.4,100,18.4,861.1,4.0,177,Shankapark,27.7355,85.3434
2025-05-28T04:00,18.1,100,18.1,860.6,4.4,159,Shankapark,27.7355,85.3434
2025-05-28T05:00,18.1,100,18.1,860.5,5.6,163,Shankapark,27.7355,85.3434
2025-05-28T06:00,20.5,93,19.4,861.6,3.3,167,Shankapark,27.7355,85.3434
2025-05-28T07:00,22.7,81,19.3,862.9,1.4,203,Shankapark,27.7355,85.3434
2025-05-28T08:00,24.1,75,19.3,863.4,2.8,310,Shankapark,27.7355,85.3434
2025-05-28T09:00,25.3,69,19.3,863.7,2.7,318,Shankapark,27.7355,85.3434
2025-05-28T10:00,25.6,69,19.6,863.7,4.4,277,Shankapark,27.7355,85.3434
2025-05-28T11:00,25.7,72,20.3,863.3,5.2,292,Shankapark,27.7355,85.3434
2025-05-28T12:00,24.8,74,19.8,862.4,7.6,285,Shankapark,27.7355,85.3434
2025-05-28T13:00,24.6,77,20.3,861.7,4.3,298,Shankapark,27.7355,85.3434
2025-05-28T14:00,26.1,70,20.3,861.0,6.5,302,Shankapark,27.7355,85.3434
2025-05-28T15:00,25.1,70,19.3,860.6,4.4,232,Shankapark,27.7355,85.3434
2025-05-28T16:00,24.9,72,19.4,860.0,2.7,266,Shankapark,27.7355,85.3434
2025-05-28T17:00,23.6,77,19.4,860.3,2.1,70,Shankapark,27.7355,85.3434
2025-05-28T18:00,22.8,85,20.3,859.9,0.4,180,Shankapark,27.7355,85.3434
2025-05-28T19:00,22.2,91,20.7,860.7,4.3,118,Shankapark,27.7355,85.3434
2025-05-28T20:00,21.5,95,20.7,861.0,4.7,122,Shankapark,27.7355,85.3434
2025-05-28T21:00,21.0,98,20.7,861.7,5.4,86,Shankapark,27.7355,85.3434
2025-05-28T22:00,20.2,95,19.3,862.3,5.7,118,Shankapark,27.7355,85.3434
2025-05-28T23:00,19.8,98,19.6,861.5,3.9,118,Shankapark,27.7355,85.3434
2025-05-29T00:00,19.4,99,19.3,861.3,5.9,45,Shankapark,27.7355,85.3434
2025-05-29T01:00,19.3,99,19.1,860.7,5.0,139,Shankapark,27.7355,85.3434
2025-05-29T02:00,18.9,98,18.7,859.8,3.4,148,Shankapark,27.7355,85.3434
2025-05-29T03:00,18.8,98,18.5,859.4,3.8,188,Shankapark,27.7355,85.3434
2025-05-29T04:00,18.7,99,18.6,859.4,2.8,259,Shankapark,27.7355,85.3434
2025-05-29T05:00,18.6,100,18.5,859.1,2.2,189,Shankapark,27.7355,85.3434
2025-05-29T06:00,20.8,93,19.7,860.2,3.1,183,Shankapark,27.7355,85.3434
2025-05-29T07:00,22.9,83,19.9,861.5,1.0,239,Shankapark,27.7355,85.3434
2025-05-29T08:00,24.6,73,19.4,861.9,3.6,307,Shankapark,27.7355,85.3434
2025-05-29T09:00,26.0,65,18.8,862.5,7.9,309,Shankapark,27.7355,85.3434
2025-05-29T10:00,26.6,63,19.0,862.3,10.2,301,Shankapark,27.7355,85.3434
2025-05-29T11:00,26.6,65,19.4,861.8,11.0,305,Shankapark,27.7355,85.3434
2025-05-29T12:00,27.1,63,19.3,860.8,10.9,303,Shankapark,27.7355,85.3434
2025-05-29T13:00,26.6,65,19.4,860.1,9.0,272,Shankapark,27.7355,85.3434
2025-05-29T14:00,26.6,66,19.7,859.4,8.5,282,Shankapark,27.7355,85.3434
2025-05-29T15:00,24.9,71,19.3,858.7,6.3,275,Shankapark,27.7355,85.3434
2025-05-29T16:00,24.7,73,19.4,858.7,1.3,164,Shankapark,27.7355,85.3434
2025-05-29T17:00,21.4,88,19.3,858.7,1.7,283,Shankapark,27.7355,85.3434
2025-05-29T18:00,23.6,86,21.0,858.4,3.2,286,Shankapark,27.7355,85.3434
2025-05-29T19:00,22.1,93,20.9,859.1,5.6,285,Shankapark,27.7355,85.3434
2025-05-29T20:00,21.3,97,20.8,859.3,0.6,146,Shankapark,27.7355,85.3434
2025-05-29T21:00,20.5,100,20.5,860.1,2.7,298,Shankapark,27.7355,85.3434
2025-05-29T22:00,20.6,100,20.6,860.0,2.3,302,Shankapark,27.7355,85.3434
2025-05-29T23:00,20.2,99,19.9,859.8,4.5,299,Shankapark,27.7355,85.3434
2025-05-30T00:00,19.8,98,19.4,858.9,3.7,309,Shankapark,27.7355,85.3434
2025-05-30T01:00,19.3,99,19.2,858.1,4.0,302,Shankapark,27.7355,85.3434
2025-05-30T02:00,19.3,99,19.2,857.5,4.9,287,Shankapark,27.7355,85.3434
2025-05-30T03:00,19.2,99,18.9,857.3,5.5,302,Shankapark,27.7355,85.3434
2025-05-30T04:00,19.1,99,18.8,857.0,4.7,313,Shankapark,27.7355,85.3434
2025-05-30T05:00,19.3,98,18.9,857.4,2.8,305,Shankapark,27.7355,85.3434
2025-05-30T06:00,19.7,98,19.3,858.4,6.8,302,Shankapark,27.7355,85.3434
2025-05-30T07:00,21.2,88,19.1,859.2,9.8,306,Shankapark,27.7355,85.3434
2025-05-30T08:00,21.9,85,19.3,859.7,11.3,306,Shankapark,27.7355,85.3434
2025-05-30T09:00,23.5,77,19.3,859.9,11.7,301,Shankapark,27.7355,85.3434
2025-05-30T10:00,24.6,73,19.4,859.8,13.6,302,Shankapark,27.7355,85.3434
2025-05-30T11:00,25.7,69,19.6,859.6,13.1,302,Shankapark,27.7355,85.3434
2025-05-30T12:00,26.4,66,19.4,859.0,12.6,301,Shankapark,27.7355,85.3434
2025-05-30T13:00,26.7,64,19.4,858.7,12.0,303,Shankapark,27.7355,85.3434
2025-05-30T14:00,26.8,64,19.3,858.2,12.2,297,Shankapark,27.7355,85.3434
2025-05-30T15:00,26.4,65,19.2,857.5,11.6,300,Shankapark,27.7355,85.3434
2025-05-30T16:00,25.6,68,19.3,857.3,11.0,295,Shankapark,27.7355,85.3434
2025-05-30T17:00,25.0,72,19.5,857.7,8.8,298,Shankapark,27.7355,85.3434
2025-05-30T18:00,23.3,81,19.9,857.3,3.7,309,Shankapark,27.7355,85.3434
2025-05-30T19:00,22.5,85,19.8,858.1,3.2,297,Shankapark,27.7355,85.3434
2025-05-30T20:00,22.2,86,19.8,858.7,2.6,231,Shankapark,27.7355,85.3434
2025-05-30T21:00,22.1,85,19.5,859.9,2.7,212,Shankapark,27.7355,85.3434
2025-05-30T22:00,21.4,90,19.7,860.6,4.0,188,Shankapark,27.7355,85.3434
2025-05-30T23:00,20.6,95,19.7,859.8,6.2,192,Shankapark,27.7355,85.3434
2025-05-31T00:00,20.1,95,19.2,859.0,8.1,149,Shankapark,27.7355,85.3434
2025-05-31T01:00,19.3,98,19.0,860.0,3.1,324,Shankapark,27.7355,85.3434
2025-05-31T02:00,19.5,99,19.3,859.3,4.3,132,Shankapark,27.7355,85.3434
2025-05-31T03:00,19.5,98,19.2,859.3,2.4,117,Shankapark,27.7355,85.3434
2025-05-31T04:00,19.1,99,18.9,859.6,5.9,168,Shankapark,27.7355,85.3434
2025-05-31T05:00,19.3,99,19.1,860.3,2.3,108,Shankapark,27.7355,85.3434
2025-05-31T06:00,21.2,94,20.2,860.7,2.7,312,Shankapark,27.7355,85.3434
2025-05-31T07:00,21.4,92,20.1,861.4,2.6,231,Shankapark,27.7355,85.3434
2025-05-31T08:00,22.1,88,20.1,861.8,0.9,323,Shankapark,27.7355,85.3434
2025-05-31T09:00,24.1,72,18.7,862.4,3.0,322,Shankapark,27.7355,85.3434
2025-05-31T10:00,26.3,57,17.1,863.1,7.4,317,Shankapark,27.7355,85.3434
2025-05-31T11:00,26.7,58,17.7,862.6,10.6,318,Shankapark,27.7355,85.3434
2025-05-31T12:00,26.3,60,17.9,862.0,9.7,305,Shankapark,27.7355,85.3434
2025-05-31T13:00,27.3,57,18.1,861.5,9.8,308,Shankapark,27.7355,85.3434
2025-05-31T14:00,26.8,60,18.3,860.7,11.3,299,Shankapark,27.7355,85.3434
2025-05-31T15:00,26.4,61,18.3,860.0,9.6,307,Shankapark,27.7355,85.3434
2025-05-31T16:00,26.4,60,18.0,859.6,8.9,304,Shankapark,27.7355,85.3434
2025-05-31T17:00,25.1,68,18.7,859.6,7.1,315,Shankapark,27.7355,85.3434
2025-05-31T18:00,23.7,73,18.6,859.9,5.9,301,Shankapark,27.7355,85.3434
2025-05-31T19:00,23.0,79,19.3,860.7,2.9,274,Shankapark,27.7355,85.3434
2025-05-31T20:00,21.9,83,18.9,861.1,1.1,189,Shankapark,27.7355,85.3434
2025-05-31T21:00,21.1,88,18.9,861.4,0.7,180,Shankapark,27.7355,85.3434
2025-05-31T22:00,20.9,88,18.9,861.5,2.6,168,Shankapark,27.7355,85.3434
2025-05-31T23:00,20.5,90,18.8,861.1,4.2,175,Shankapark,27.7355,85.3434
2025-06-01T00:00,20.0,93,18.8,860.6,2.9,281,Shankapark,27.7355,85.3434
2025-06-01T01:00,19.9,89,18.1,861.0,3.3,189,Shankapark,27.7355,85.3434
2025-06-01T02:00,19.3,91,17.8,860.5,5.4,304,Shankapark,27.7355,85.3434
2025-06-01T03:00,18.4,90,16.7,859.7,1.5,201,Shankapark,27.7355,85.3434
2025-06-01T04:00,17.6,95,16.8,858.7,6.0,190,Shankapark,27.7355,85.3434
2025-06-01T05:00,17.7,96,17.1,858.8,4.5,166,Shankapark,27.7355,85.3434
2025-06-01T06:00,20.3,94,19.3,860.6,3.1,249,Shankapark,27.7355,85.3434
2025-06-01T07:00,21.7,85,19.1,861.7,4.3,292,Shankapark,27.7355,85.3434
2025-06-01T08:00,23.4,75,18.8,861.8,4.1,308,Shankapark,27.7355,85.3434
2025-06-01T09:00,25.0,64,17.8,862.1,4.6,291,Shankapark,27.7355,85.3434
2025-06-01T10:00,26.8,54,16.7,862.2,7.7,309,Shankapark,27.7355,85.3434
2025-06-01T11:00,27.2,56,17.6,862.0,8.0,297,Shankapark,27.7355,85.3434
2025-06-01T12:00,27.9,48,16.0,861.6,8.2,285,Shankapark,27.7355,85.3434
2025-06-01T13:00,27.1,52,16.4,861.0,10.0,288,Shankapark,27.7355,85.3434
2025-06-01T14:00,26.5,57,17.3,860.6,7.1,319,Shankapark,27.7355,85.3434
2025-06-01T15:00,26.4,54,16.4,860.2,11.2,300,Shankapark,27.7355,85.3434
2025-06-01T16:00,25.4,59,16.7,860.1,9.0,282,Shankapark,27.7355,85.3434
2025-06-01T17:00,24.7,62,16.9,860.0,8.2,303,Shankapark,27.7355,85.3434
2025-06-01T18:00,22.3,82,19.2,860.4,1.5,30,Shankapark,27.7355,85.3434
2025-06-01T19:00,21.1,86,18.7,860.4,5.4,124,Shankapark,27.7355,85.3434
2025-06-01T20:00,20.1,90,18.4,860.5,6.2,126,Shankapark,27.7355,85.3434
2025-06-01T21:00,19.3,94,18.3,860.7,5.5,144,Shankapark,27.7355,85.3434
2025-06-01T22:00,19.3,92,18.1,860.8,6.5,152,Shankapark,27.7355,85.3434
2025-06-01T23:00,17.7,98,17.3,862.2,7.3,353,Shankapark,27.7355,85.3434
2025-06-02T00:00,17.8,94,16.9,861.1,2.8,165,Shankapark,27.7355,85.3434
2025-06-02T01:00,17.2,97,16.7,861.2,3.7,35,Shankapark,27.7355,85.3434
2025-06-02T02:00,17.3,97,16.8,860.1,4.3,138,Shankapark,27.7355,85.3434
2025-06-02T03:00,16.5,98,16.2,859.5,6.2,128,Shankapark,27.7355,85.3434
2025-06-02T04:00,16.0,99,15.8,859.1,5.5,142,Shankapark,27.7355,85.3434
2025-06-02T05:00,16.1,99,16.0,859.0,5.7,145,Shankapark,27.7355,85.3434
2025-06-02T06:00,17.9,94,16.9,860.1,6.8,140,Shankapark,27.7355,85.3434
2025-06-02T07:00,20.5,84,17.7,861.2,4.4,148,Shankapark,27.7355,85.3434
2025-06-02T08:00,23.3,71,17.7,862.2,0.9,11,Shankapark,27.7355,85.3434
2025-06-02T09:00,24.2,66,17.4,862.6,6.0,287,Shankapark,27.7355,85.3434
2025-06-02T10:00,24.8,60,16.5,862.7,7.9,300,Shankapark,27.7355,85.3434
2025-06-02T11:00,24.3,61,16.2,862.3,9.4,302,Shankapark,27.7355,85.3434
2025-06-02T12:00,25.4,56,16.0,862.1,12.1,305,Shankapark,27.7355,85.3434
2025-06-02T13:00,25.5,55,15.9,861.6,11.2,302,Shankapark,27.7355,85.3434
2025-06-02T14:00,25.8,53,15.6,860.9,9.8,294,Shankapark,27.7355,85.3434
2025-06-02T15:00,25.3,55,15.7,860.7,10.7,277,Shankapark,27.7355,85.3434
2025-06-02T16:00,24.3,57,15.3,860.6,10.1,292,Shankapark,27.7355,85.3434
2025-06-02T17:00,22.8,65,16.0,860.7,6.6,311,Shankapark,27.7355,85.3434
2025-06-02T18:00,20.1,82,16.8,860.5,8.7,228,Shankapark,27.7355,85.3434
2025-06-02T19:00,19.2,87,16.9,860.6,4.4,159,Shankapark,27.7355,85.3434
2025-06-02T20:00,19.1,88,17.0,860.8,4.1,151,Shankapark,27.7355,85.3434
2025-06-02T21:00,18.4,92,17.1,861.8,6.1,227,Shankapark,27.7355,85.3434
2025-06-02T22:00,18.7,84,15.9,862.3,3.5,192,Shankapark,27.7355,85.3434
2025-06-02T23:00,17.6,89,15.8,861.4,4.9,184,Shankapark,27.7355,85.3434
2025-06-03T00:00,17.5,93,16.4,860.6,4.1,165,Shankapark,27.7355,85.3434
2025-06-03T01:00,17.8,91,16.4,860.6,5.4,159,Shankapark,27.7355,85.3434
2025-06-03T02:00,17.8,91,16.2,860.1,6.1,146,Shankapark,27.7355,85.3434
2025-06-03T03:00,17.8,90,16.1,860.3,6.2,144,Shankapark,27.7355,85.3434
2025-06-03T04:00,17.3,90,15.7,860.3,6.5,141,Shankapark,27.7355,85.3434
2025-06-03T05:00,17.6,88,15.6,860.7,6.5,161,Shankapark,27.7355,85.3434
2025-06-03T06:00,20.8,83,17.8,861.6,4.9,174,Shankapark,27.7355,85.3434
2025-06-03T07:00,23.5,65,16.6,863.1,1.8,79,Shankapark,27.7355,85.3434
2025-06-03T08:00,22.6,71,17.1,863.7,5.7,307,Shankapark,27.7355,85.3434
2025-06-03T09:00,21.9,76,17.4,863.8,7.4,311,Shankapark,27.7355,85.3434
2025-06-03T10:00,22.6,72,17.3,864.0,2.0,315,Shankapark,27.7355,85.3434
2025-06-03T11:00,23.3,64,16.2,864.2,2.7,328,Shankapark,27.7355,85.3434
2025-06-03T12:00,23.4,59,14.9,863.4,4.5,353,Shankapark,27.7355,85.3434
2025-06-03T13:00,24.4,52,13.9,863.1,4.8,349,Shankapark,27.7355,85.3434
2025-06-03T14:00,25.3,47,13.4,863.0,3.0,245,Shankapark,27.7355,85.3434
2025-06-03T15:00,24.3,53,14.1,862.1,7.1,243,Shankapark,27.7355,85.3434
2025-06-03T16:00,24.4,54,14.6,861.9,6.4,281,Shankapark,27.7355,85.3434
2025-06-03T17:00,23.3,62,15.7,861.4,4.6,306,Shankapark,27.7355,85.3434
2025-06-03T18:00,20.9,81,17.7,861.7,4.1,270,Shankapark,27.7355,85.3434
2025-06-03T19:00,20.1,89,18.1,861.6,3.7,194,Shankapark,27.7355,85.3434
2025-06-03T20:00,19.3,91,17.8,862.1,4.0,177,Shankapark,27.7355,85.3434
2025-06-03T21:00,18.8,92,17.6,862.4,3.5,165,Shankapark,27.7355,85.3434
2025-06-03T22:00,18.3,94,17.3,862.7,2.2,171,Shankapark,27.7355,85.3434
2025-06-03T23:00,18.4,95,17.7,862.8,0.7,194,Shankapark,27.7355,85.3434
2025-06-04T00:00,18.2,90,16.5,863.2,4.5,61,Shankapark,27.7355,85.3434
2025-06-04T01:00,17.6,95,16.9,862.6,6.0,100,Shankapark,27.7355,85.3434
2025-06-04T02:00,17.3,94,16.4,862.2,7.2,141,Shankapark,27.7355,85.3434
2025-06-04T03:00,17.1,94,16.0,862.1,6.2,142,Shankapark,27.7355,85.3434
2025-06-04T04:00,17.3,94,16.3,862.4,3.8,175,Shankapark,27.7355,85.3434
2025-06-04T05:00,17.4,94,16.6,862.5,3.4,177,Shankapark,27.7355,85.3434
2025-06-04T06:00,17.8,97,17.3,863.3,4.5,143,Shankapark,27.7355,85.3434
2025-06-04T07:00,18.6,91,17.1,864.7,4.1,146,Shankapark,27.7355,85.3434
2025-06-04T08:00,19.3,88,17.2,865.4,3.4,122,Shankapark,27.7355,85.3434
2025-06-04T09:00,20.4,78,16.5,865.6,3.7,79,Shankapark,27.7355,85.3434
2025-06-04T10:00,22.6,65,15.8,865.9,3.7,55,Shankapark,27.7355,85.3434
2025-06-04T11:00,24.6,56,15.4,866.1,3.7,55,Shankapark,27.7355,85.3434
2025-06-04T12:00,25.3,51,14.5,865.4,2.9,360,Shankapark,27.7355,85.3434
2025-06-04T13:00,21.7,73,16.6,865.0,8.5,270,Shankapark,27.7355,85.3434
2025-06-04T14:00,20.9,78,16.9,864.2,0.6,18,Shankapark,27.7355,85.3434
2025-06-04T15:00,21.2,78,17.2,863.9,1.5,263,Shankapark,27.7355,85.3434
2025-06-04T16:00,21.3,73,16.4,864.2,2.5,21,Shankapark,27.7355,85.3434
2025-06-04T17:00,19.9,82,16.7,864.0,3.2,38,Shankapark,27.7355,85.3434
2025-06-04T18:00,20.1,86,17.6,864.9,0.9,127,Shankapark,27.7355,85.3434
2025-06-04T19:00,19.3,92,17.9,865.2,3.3,131,Shankapark,27.7355,85.3434
2025-06-04T20:00,19.1,93,17.9,866.0,3.9,158,Shankapark,27.7355,85.3434
2025-06-04T21:00,18.8,94,17.8,866.9,2.6,155,Shankapark,27.7355,85.3434
2025-06-04T22:00,17.3,96,16.7,867.0,5.3,156,Shankapark,27.7355,85.3434
2025-06-04T23:00,17.1,99,16.9,866.3,3.5,165,Shankapark,27.7355,85.3434
2025-06-05T00:00,16.4,99,16.3,865.1,5.9,160,Shankapark,27.7355,85.3434
2025-06-05T01:00,16.1,99,15.9,864.7,2.8,169,Shankapark,27.7355,85.3434
2025-06-05T02:00,15.9,99,15.8,864.3,3.5,189,Shankapark,27.7355,85.3434
2025-06-05T03:00,16.1,98,15.8,864.3,3.6,186,Shankapark,27.7355,85.3434
2025-06-05T04:00,16.3,98,16.1,864.8,1.6,174,Shankapark,27.7355,85.3434
2025-06-05T05:00,16.4,98,16.2,865.8,1.9,146,Shankapark,27.7355,85.3434
2025-06-05T06:00,18.3,90,16.7,867.3,2.2,189,Shankapark,27.7355,85.3434
2025-06-05T07:00,19.6,81,16.2,868.4,1.0,315,Shankapark,27.7355,85.3434
2025-06-05T08:00,21.2,77,16.9,868.6,2.9,349,Shankapark,27.7355,85.3434
2025-06-05T09:00,22.8,70,17.1,868.9,2.9,330,Shankapark,27.7355,85.3434
2025-06-05T10:00,23.8,66,17.2,868.8,4.2,306,Shankapark,27.7355,85.3434
2025-06-05T11:00,23.8,63,16.4,868.2,7.4,319,Shankapark,27.7355,85.3434
2025-06-05T12:00,22.1,69,16.2,868.2,6.9,250,Shankapark,27.7355,85.3434
2025-06-05T13:00,22.1,70,16.3,867.3,1.0,248,Shankapark,27.7355,85.3434
2025-06-05T14:00,20.8,77,16.6,867.3,7.7,295,Shankapark,27.7355,85.3434
2025-06-05T15:00,21.7,75,17.2,866.4,3.2,232,Shankapark,27.7355,85.3434
2025-06-05T16:00,22.3,71,16.8,866.1,3.0,295,Shankapark,27.7355,85.3434
2025-06-05T17:00,21.8,72,16.4,865.9,4.7,317,Shankapark,27.7355,85.3434
2025-06-05T18:00,21.5,77,17.3,866.1,2.2,318,Shankapark,27.7355,85.3434
2025-06-05T19:00,20.3,81,16.8,866.2,1.2,219,Shankapark,27.7355,85.3434
2025-06-05T20:00,19.4,83,16.4,866.7,0.7,194,Shankapark,27.7355,85.3434
2025-06-05T21:00,19.0,83,16.1,866.9,1.8,174,Shankapark,27.7355,85.3434
2025-06-05T22:00,18.3,88,16.2,866.9,2.9,169,Shankapark,27.7355,85.3434
2025-06-05T23:00,17.5,92,16.1,866.5,4.3,175,Shankapark,27.7355,85.3434
2025-06-06T00:00,17.1,93,15.9,865.9,2.0,185,Shankapark,27.7355,85.3434
2025-06-06T01:00,16.9,94,15.8,865.6,2.6,168,Shankapark,27.7355,85.3434
2025-06-06T02:00,16.6,93,15.4,865.2,3.1,170,Shankapark,27.7355,85.3434
2025-06-06T03:00,16.6,90,15.0,865.0,2.8,165,Shankapark,27.7355,85.3434
2025-06-06T04:00,16.9,88,14.9,865.1,2.0,170,Shankapark,27.7355,85.3434
2025-06-06T05:00,17.5,86,15.2,865.9,0.7,180,Shankapark,27.7355,85.3434
2025-06-06T06:00,19.8,78,15.9,867.6,2.3,274,Shankapark,27.7355,85.3434
2025-06-06T07:00,21.2,73,16.2,868.5,5.1,318,Shankapark,27.7355,85.3434
2025-06-06T08:00,22.0,69,16.1,868.8,7.4,319,Shankapark,27.7355,85.3434
2025-06-06T09:00,23.1,61,15.1,868.9,8.0,314,Shankapark,27.7355,85.3434
2025-06-06T10:00,23.7,60,15.6,868.8,8.9,317,Shankapark,27.7355,85.3434
2025-06-06T11:00,24.2,58,15.5,868.2,9.6,319,Shankapark,27.7355,85.3434
2025-06-06T12:00,24.8,54,15.0,868.0,9.8,244,Shankapark,27.7355,85.3434
2025-06-06T13:00,22.8,65,16.0,867.3,5.8,274,Shankapark,27.7355,85.3434
2025-06-06T14:00,23.1,64,16.0,867.2,8.1,321,Shankapark,27.7355,85.3434
2025-06-06T15:00,23.6,63,16.0,866.4,5.5,302,Shankapark,27.7355,85.3434
2025-06-06T16:00,23.4,61,15.5,865.9,7.2,297,Shankapark,27.7355,85.3434
2025-06-06T17:00,22.3,67,15.9,865.7,7.9,315,Shankapark,27.7355,85.3434
2025-06-06T18:00,20.7,82,17.4,865.5,3.3,338,Shankapark,27.7355,85.3434
2025-06-06T19:00,19.9,85,17.3,865.8,2.2,194,Shankapark,27.7355,85.3434
2025-06-06T20:00,19.2,90,17.5,865.8,3.4,183,Shankapark,27.7355,85.3434
2025-06-06T21:00,18.6,93,17.4,866.2,4.0,177,Shankapark,27.7355,85.3434
2025-06-06T22:00,18.1,94,17.1,866.0,3.4,183,Shankapark,27.7355,85.3434
2025-06-06T23:00,18.1,91,16.7,866.0,2.5,180,Shankapark,27.7355,85.3434
2025-06-07T00:00,17.8,91,16.3,865.2,3.2,180,Shankapark,27.7355,85.3434
2025-06-07T01:00,17.7,89,15.9,864.7,2.2,175,Shankapark,27.7355,85.3434
2025-06-07T02:00,17.6,87,15.5,864.4,1.3,180,Shankapark,27.7355,85.3434
2025-06-07T03:00,17.4,86,15.1,864.3,1.3,172,Shankapark,27.7355,85.3434
2025-06-07T04:00,17.3,86,14.8,864.5,0.9,169,Shankapark,27.7355,85.3434
2025-06-07T05:00,17.8,83,14.9,865.5,2.3,162,Shankapark,27.7355,85.3434
2025-06-07T06:00,19.9,83,16.9,866.9,1.6,180,Shankapark,27.7355,85.3434
2025-06-07T07:00,21.8,75,17.3,868.4,2.3,356,Shankapark,27.7355,85.3434
2025-06-07T08:00,23.2,70,17.4,868.8,2.8,345,Shankapark,27.7355,85.3434
2025-06-07T09:00,24.3,64,17.2,868.9,3.4,328,Shankapark,27.7355,85.3434
2025-06-07T10:00,25.2,62,17.3,868.8,4.4,308,Shankapark,27.7355,85.3434
2025-06-07T11:00,25.7,61,17.5,868.3,6.1,300,Shankapark,27.7355,85.3434
2025-06-07T12:00,26.1,57,17.1,867.8,7.7,286,Shankapark,27.7355,85.3434
2025-06-07T13:00,26.2,57,16.9,867.0,8.3,292,Shankapark,27.7355,85.3434
2025-06-07T14:00,26.2,56,16.8,866.1,9.9,295,Shankapark,27.7355,85.3434
2025-06-07T15:00,25.8,57,16.7,865.5,9.2,298,Shankapark,27.7355,85.3434
2025-06-07T16:00,25.1,61,17.1,865.0,8.7,300,Shankapark,27.7355,85.3434
2025-06-07T17:00,24.2,66,17.4,864.8,7.4,311,Shankapark,27.7355,85.3434
2025-06-07T18:00,23.1,75,18.4,865.1,3.7,284,Shankapark,27.7355,85.3434
2025-06-07T19:00,21.9,82,18.7,865.0,2.6,245,Shankapark,27.7355,85.3434
2025-06-07T20:00,20.9,85,18.4,864.9,1.5,194,Shankapark,27.7355,85.3434
2025-06-07T21:00,20.0,88,18.0,865.4,1.7,162,Shankapark,27.7355,85.3434
2025-06-07T22:00,18.7,97,18.3,865.2,3.8,175,Shankapark,27.7355,85.3434
2025-06-07T23:00,17.9,100,17.9,864.8,3.8,172,Shankapark,27.7355,85.3434
2025-06-08T00:00,17.7,100,17.7,864.5,4.0,170,Shankapark,27.7355,85.3434
2025-06-08T01:00,17.5,100,17.5,864.1,3.5,168,Shankapark,27.7355,85.3434
2025-06-08T02:00,17.4,99,17.3,864.0,3.4,174,Shankapark,27.7355,85.3434
2025-06-08T03:00,17.3,98,17.1,864.0,2.9,180,Shankapark,27.7355,85.3434
2025-06-08T04:00,17.4,97,16.9,864.1,1.3,180,Shankapark,27.7355,85.3434
2025-06-08T05:00,17.9,95,17.1,864.7,0.4,180,Shankapark,27.7355,85.3434
2025-06-08T06:00,20.9,87,18.7,866.6,1.6,276,Shankapark,27.7355,85.3434
2025-06-08T07:00,22.6,73,17.6,867.6,4.7,344,Shankapark,27.7355,85.3434
2025-06-08T08:00,23.4,70,17.6,867.8,6.5,346,Shankapark,27.7355,85.3434
2025-06-08T09:00,24.4,66,17.7,867.8,6.6,339,Shankapark,27.7355,85.3434
2025-06-08T10:00,25.8,61,17.6,867.6,6.7,326,Shankapark,27.7355,85.3434
2025-06-08T11:00,26.5,58,17.7,867.2,6.3,321,Shankapark,27.7355,85.3434
2025-06-08T12:00,27.2,56,17.8,866.6,7.3,314,Shankapark,27.7355,85.3434
2025-06-08T13:00,27.1,56,17.6,865.8,8.3,316,Shankapark,27.7355,85.3434
2025-06-08T14:00,27.0,56,17.4,865.2,8.8,301,Shankapark,27.7355,85.3434
2025-06-08T15:00,26.7,58,17.7,864.5,9.2,291,Shankapark,27.7355,85.3434
2025-06-08T16:00,25.9,63,18.3,864.1,8.3,292,Shankapark,27.7355,85.3434
2025-06-08T17:00,24.9,68,18.7,864.0,7.7,309,Shankapark,27.7355,85.3434
2025-06-08T18:00,23.2,80,19.6,864.4,3.6,307,Shankapark,27.7355,85.3434
2025-06-08T19:00,22.2,84,19.4,864.4,2.3,219,Shankapark,27.7355,85.3434
2025-06-08T20:00,21.3,89,19.4,864.5,1.8,180,Shankapark,27.7355,85.3434
2025-06-08T21:00,20.2,96,19.6,864.6,3.1,173,Shankapark,27.7355,85.3434
2025-06-08T22:00,19.8,97,19.3,864.7,2.2,166,Shankapark,27.7355,85.3434
2025-06-08T23:00,19.7,95,18.9,864.7,2.7,172,Shankapark,27.7355,85.3434
2025-06-09T00:00,19.6,95,18.7,864.4,3.5,165,Shankapark,27.7355,85.3434
2025-06-09T01:00,19.5,94,18.5,864.2,4.4,159,Shankapark,27.7355,85.3434
2025-06-09T02:00,19.3,94,18.3,864.2,5.0,159,Shankapark,27.7355,85.3434
2025-06-09T03:00,19.2,94,18.2,864.1,5.1,157,Shankapark,27.7355,85.3434
2025-06-09T04:00,18.9,95,18.0,864.0,4.6,159,Shankapark,27.7355,85.3434
2025-06-09T05:00,19.0,95,18.1,864.5,3.6,171,Shankapark,27.7355,85.3434
2025-06-09T06:00,22.3,86,19.8,866.4,2.3,162,Shankapark,27.7355,85.3434
2025-06-09T07:00,23.7,76,19.2,867.1,4.1,358,Shankapark,27.7355,85.3434
2025-06-09T08:00,24.8,71,19.2,867.2,5.6,343,Shankapark,27.7355,85.3434
2025-06-09T09:00,26.0,64,18.7,867.4,5.2,338,Shankapark,27.7355,85.3434
2025-06-09T10:00,27.2,59,18.5,867.2,6.6,327,Shankapark,27.7355,85.3434
2025-06-09T11:00,28.4,55,18.4,866.9,8.1,317,Shankapark,27.7355,85.3434
2025-06-09T12:00,29.2,51,18.1,866.1,8.8,311,Shankapark,27.7355,85.3434
2025-06-09T13:00,29.2,49,17.4,865.2,10.2,300,Shankapark,27.7355,85.3434
2025-06-09T14:00,28.7,52,17.7,864.4,11.8,289,Shankapark,27.7355,85.3434
2025-06-09T15:00,28.0,55,18.2,863.6,9.0,305,Shankapark,27.7355,85.3434
2025-06-09T16:00,27.1,59,18.3,863.0,7.2,307,Shankapark,27.7355,85.3434
2025-06-09T17:00,26.2,64,18.9,863.0,6.4,313,Shankapark,27.7355,85.3434
2025-06-09T18:00,24.3,76,19.8,862.8,2.8,310,Shankapark,27.7355,85.3434
2025-06-09T19:00,23.2,80,19.7,862.7,0.7,180,Shankapark,27.7355,85.3434
2025-06-09T20:00,22.0,89,20.2,863.1,2.5,176,Shankapark,27.7355,85.3434
2025-06-09T21:00,21.2,96,20.6,863.6,4.7,182,Shankapark,27.7355,85.3434
2025-06-09T22:00,20.8,99,20.6,863.8,4.5,175,Shankapark,27.7355,85.3434
2025-06-09T23:00,20.3,100,20.3,863.7,5.4,174,Shankapark,27.7355,85.3434
2025-06-10T00:00,19.9,100,19.9,863.5,4.9,170,Shankapark,27.7355,85.3434
2025-06-10T01:00,19.9,99,19.8,863.2,4.9,170,Shankapark,27.7355,85.3434
2025-06-10T02:00,19.9,98,19.6,863.1,3.7,169,Shankapark,27.7355,85.3434
2025-06-10T03:00,19.9,97,19.4,862.9,3.8,163,Shankapark,27.7355,85.3434
2025-06-10T04:00,20.1,95,19.3,863.1,3.5,171,Shankapark,27.7355,85.3434
2025-06-10T05:00,20.4,94,19.3,863.9,1.6,186,Shankapark,27.7355,85.3434
2025-06-10T06:00,22.8,89,20.8,865.0,1.7,257,Shankapark,27.7355,85.3434
2025-06-10T07:00,24.2,77,19.9,865.9,2.9,317,Shankapark,27.7355,85.3434
2025-06-10T08:00,25.4,69,19.4,866.4,4.2,310,Shankapark,27.7355,85.3434
2025-06-10T09:00,26.6,62,18.8,866.6,4.3,318,Shankapark,27.7355,85.3434
2025-06-10T10:00,28.0,55,18.0,866.9,5.7,347,Shankapark,27.7355,85.3434
2025-06-10T11:00,29.4,50,17.8,866.9,3.8,335,Shankapark,27.7355,85.3434
2025-06-10T12:00,30.0,49,18.1,866.3,3.9,283,Shankapark,27.7355,85.3434
2025-06-10T13:00,29.6,51,18.3,865.5,6.1,272,Shankapark,27.7355,85.3434
2025-06-10T14:00,29.4,52,18.5,865.1,5.8,290,Shankapark,27.7355,85.3434
2025-06-10T15:00,26.5,67,19.9,864.5,6.1,220,Shankapark,27.7355,85.3434
2025-06-10T16:00,25.8,70,19.8,864.3,6.3,268,Shankapark,27.7355,85.3434
2025-06-10T17:00,25.4,74,20.5,864.2,5.5,311,Shankapark,27.7355,85.3434
2025-06-10T18:00,23.6,82,20.3,864.5,2.5,225,Shankapark,27.7355,85.3434
2025-06-10T19:00,22.9,91,21.4,864.3,2.3,302,Shankapark,27.7355,85.3434
2025-06-10T20:00,22.3,96,21.7,864.7,2.7,176,Shankapark,27.7355,85.3434
2025-06-10T21:00,22.0,97,21.4,865.0,4.8,158,Shankapark,27.7355,85.3434
2025-06-10T22:00,21.6,97,21.1,865.0,4.8,153,Shankapark,27.7355,85.3434
2025-06-10T23:00,21.0,99,20.8,864.9,5.2,151,Shankapark,27.7355,85.3434
2025-06-11T00:00,20.6,100,20.6,864.6,4.8,155,Shankapark,27.7355,85.3434
2025-06-11T01:00,20.3,100,20.3,864.1,4.1,167,Shankapark,27.7355,85.3434
2025-06-11T02:00,19.8,100,19.8,863.5,3.8,169,Shankapark,27.7355,85.3434
2025-06-11T03:00,19.6,100,19.6,863.4,3.5,168,Shankapark,27.7355,85.3434
2025-06-11T04:00,19.4,100,19.4,863.8,4.2,168,Shankapark,27.7355,85.3434
2025-06-11T05:00,19.7,100,19.6,864.4,4.4,168,Shankapark,27.7355,85.3434
2025-06-11T06:00,22.1,93,20.9,866.2,1.9,197,Shankapark,27.7355,85.3434
2025-06-11T07:00,23.9,81,20.5,867.0,2.6,282,Shankapark,27.7355,85.3434
2025-06-11T08:00,25.3,73,20.2,867.5,4.8,292,Shankapark,27.7355,85.3434
2025-06-11T09:00,26.2,69,20.0,867.7,5.2,292,Shankapark,27.7355,85.3434
2025-06-11T10:00,27.2,64,19.8,867.6,5.8,274,Shankapark,27.7355,85.3434
2025-06-11T11:00,27.1,64,19.7,867.4,7.1,261,Shankapark,27.7355,85.3434
2025-06-11T12:00,27.8,64,20.3,867.1,7.4,283,Shankapark,27.7355,85.3434
2025-06-11T13:00,28.1,65,20.8,866.3,4.6,288,Shankapark,27.7355,85.3434
2025-06-11T14:00,26.4,69,20.3,865.6,7.7,245,Shankapark,27.7355,85.3434
2025-06-11T15:00,25.2,75,20.3,865.1,2.4,193,Shankapark,27.7355,85.3434
2025-06-11T16:00,24.6,76,20.0,864.8,3.6,319,Shankapark,27.7355,85.3434
2025-06-11T17:00,23.8,81,20.3,864.7,1.7,238,Shankapark,27.7355,85.3434
2025-06-11T18:00,22.8,89,20.8,864.6,1.0,239,Shankapark,27.7355,85.3434
2025-06-11T19:00,22.3,93,21.1,864.9,4.0,148,Shankapark,27.7355,85.3434
2025-06-11T20:00,22.0,95,21.1,865.3,5.2,136,Shankapark,27.7355,85.3434
2025-06-11T21:00,21.6,96,20.9,865.4,5.0,150,Shankapark,27.7355,85.3434
2025-06-11T22:00,21.1,98,20.8,865.5,5.4,166,Shankapark,27.7355,85.3434
2025-06-11T23:00,20.7,99,20.6,865.1,4.8,158,Shankapark,27.7355,85.3434
2025-06-12T00:00,20.2,100,20.2,864.5,4.8,167,Shankapark,27.7355,85.3434
2025-06-12T01:00,19.7,100,19.7,863.7,4.3,163,Shankapark,27.7355,85.3434
2025-06-12T02:00,19.3,100,19.3,863.2,3.6,171,Shankapark,27.7355,85.3434
2025-06-12T03:00,18.9,100,18.9,863.2,2.8,169,Shankapark,27.7355,85.3434
2025-06-12T04:00,18.8,100,18.8,863.6,3.7,157,Shankapark,27.7355,85.3434
2025-06-12T05:00,19.3,100,19.3,864.6,6.1,146,Shankapark,27.7355,85.3434
2025-06-12T06:00,22.8,89,20.8,866.0,3.3,158,Shankapark,27.7355,85.3434
2025-06-12T07:00,24.6,79,20.7,866.9,1.2,27,Shankapark,27.7355,85.3434
2025-06-12T08:00,25.9,71,20.3,867.4,1.9,311,Shankapark,27.7355,85.3434
2025-06-12T09:00,26.6,70,20.6,867.7,3.3,257,Shankapark,27.7355,85.3434
2025-06-12T10:00,26.6,69,20.4,867.6,5.0,244,Shankapark,27.7355,85.3434
2025-06-12T11:00,27.8,65,20.5,867.4,3.8,270,Shankapark,27.7355,85.3434
2025-06-12T12:00,24.7,77,20.3,866.5,3.0,197,Shankapark,27.7355,85.3434
2025-06-12T13:00,26.0,72,20.5,866.5,1.0,211,Shankapark,27.7355,85.3434
2025-06-12T14:00,24.3,75,19.7,865.9,5.2,311,Shankapark,27.7355,85.3434
2025-06-12T15:00,22.4,87,20.1,864.5,1.3,34,Shankapark,27.7355,85.3434
2025-06-12T16:00,23.5,85,20.8,864.5,1.9,241,Shankapark,27.7355,85.3434
2025-06-12T17:00,23.4,85,20.8,864.9,4.4,330,Shankapark,27.7355,85.3434
2025-06-12T18:00,22.8,90,21.1,865.4,1.2,51,Shankapark,27.7355,85.3434
2025-06-12T19:00,22.4,93,21.3,865.8,3.7,133,Shankapark,27.7355,85.3434
2025-06-12T20:00,22.1,95,21.2,865.4,4.9,156,Shankapark,27.7355,85.3434
2025-06-12T21:00,21.4,97,20.9,865.6,6.5,157,Shankapark,27.7355,85.3434
2025-06-12T22:00,20.8,98,20.6,865.2,6.6,164,Shankapark,27.7355,85.3434
2025-06-12T23:00,20.6,98,20.3,865.0,6.1,168,Shankapark,27.7355,85.3434
2025-06-13T00:00,20.2,99,20.1,864.9,6.3,156,Shankapark,27.7355,85.3434
2025-06-13T01:00,19.8,100,19.8,865.0,5.7,162,Shankapark,27.7355,85.3434
2025-06-13T02:00,19.8,100,19.8,865.0,5.2,160,Shankapark,27.7355,85.3434
2025-06-13T03:00,19.7,100,19.6,864.9,4.9,170,Shankapark,27.7355,85.3434
2025-06-13T04:00,19.4,99,19.3,864.8,4.9,172,Shankapark,27.7355,85.3434
2025-06-13T05:00,19.6,98,19.3,865.4,3.6,174,Shankapark,27.7355,85.3434
2025-06-13T06:00,22.5,90,20.8,866.8,3.6,135,Shankapark,27.7355,85.3434
2025-06-13T07:00,24.3,82,21.0,867.6,4.2,97,Shankapark,27.7355,85.3434
2025-06-13T08:00,25.9,71,20.3,867.9,1.8,101,Shankapark,27.7355,85.3434
2025-06-13T09:00,27.7,65,20.4,868.5,2.2,325,Shankapark,27.7355,85.3434
2025-06-13T10:00,28.3,61,20.2,868.0,6.1,300,Shankapark,27.7355,85.3434
2025-06-13T11:00,24.2,81,20.6,867.1,8.1,249,Shankapark,27.7355,85.3434
2025-06-13T12:00,26.9,70,20.9,867.2,2.6,205,Shankapark,27.7355,85.3434
2025-06-13T13:00,26.6,71,20.8,866.6,2.3,225,Shankapark,27.7355,85.3434
2025-06-13T14:00,23.4,83,20.3,865.7,1.8,6,Shankapark,27.7355,85.3434
2025-06-13T15:00,22.2,90,20.4,865.0,6.1,337,Shankapark,27.7355,85.3434
2025-06-13T16:00,22.7,85,20.0,864.5,2.3,219,Shankapark,27.7355,85.3434
2025-06-13T17:00,23.2,81,19.8,863.9,1.0,292,Shankapark,27.7355,85.3434
2025-06-13T18:00,22.9,87,20.8,864.3,2.2,138,Shankapark,27.7355,85.3434
2025-06-13T19:00,22.3,92,21.0,863.9,3.4,174,Shankapark,27.7355,85.3434
2025-06-13T20:00,21.6,97,21.2,863.8,3.6,160,Shankapark,27.7355,85.3434
2025-06-13T21:00,20.9,100,20.9,864.0,4.2,160,Shankapark,27.7355,85.3434
2025-06-13T22:00,20.5,100,20.5,864.3,5.3,162,Shankapark,27.7355,85.3434
2025-06-13T23:00,20.2,100,20.2,864.2,6.0,159,Shankapark,27.7355,85.3434
2025-06-14T00:00,20.1,100,20.1,864.1,6.1,166,Shankapark,27.7355,85.3434
2025-06-14T01:00,19.8,100,19.8,863.7,5.7,162,Shankapark,27.7355,85.3434
2025-06-14T02:00,19.6,100,19.6,863.5,3.9,167,Shankapark,27.7355,85.3434
2025-06-14T03:00,19.6,100,19.5,863.1,2.7,172,Shankapark,27.7355,85.3434
2025-06-14T04:00,19.7,98,19.3,863.1,2.5,172,Shankapark,27.7355,85.3434
2025-06-14T05:00,19.9,97,19.4,863.2,3.1,177,Shankapark,27.7355,85.3434
2025-06-14T06:00,21.7,93,20.4,864.5,2.7,143,Shankapark,27.7355,85.3434
2025-06-14T07:00,23.7,83,20.5,865.4,1.6,84,Shankapark,27.7355,85.3434
2025-06-14T08:00,25.1,75,20.3,865.7,2.0,27,Shankapark,27.7355,85.3434
2025-06-14T09:00,26.4,68,19.9,865.7,3.6,311,Shankapark,27.7355,85.3434
2025-06-14T10:00,27.6,62,19.6,865.6,6.2,280,Shankapark,27.7355,85.3434
2025-06-14T11:00,27.5,62,19.6,865.2,7.6,271,Shankapark,27.7355,85.3434
2025-06-14T12:00,27.4,63,19.8,864.5,5.4,256,Shankapark,27.7355,85.3434
2025-06-14T13:00,26.5,67,19.9,864.0,6.2,237,Shankapark,27.7355,85.3434
2025-06-14T14:00,24.8,74,19.8,863.3,2.7,212,Shankapark,27.7355,85.3434
2025-06-14T15:00,23.2,82,20.1,862.6,5.5,251,Shankapark,27.7355,85.3434
2025-06-14T16:00,22.9,86,20.4,862.1,0.5,270,Shankapark,27.7355,85.3434
2025-06-14T17:00,23.2,83,20.2,862.4,3.6,49,Shankapark,27.7355,85.3434
2025-06-14T18:00,22.9,87,20.6,861.9,4.9,180,Shankapark,27.7355,85.3434
2025-06-14T19:00,22.4,91,20.8,862.4,3.8,172,Shankapark,27.7355,85.3434
2025-06-14T20:00,21.8,94,20.9,863.3,4.4,142,Shankapark,27.7355,85.3434
2025-06-14T21:00,21.7,94,20.7,863.7,4.8,146,Shankapark,27.7355,85.3434
2025-06-14T22:00,21.4,94,20.4,863.9,5.5,167,Shankapark,27.7355,85.3434
2025-06-14T23:00,20.9,96,20.3,863.1,5.7,169,Shankapark,27.7355,85.3434
2025-06-15T00:00,20.7,96,20.0,862.6,5.6,187,Shankapark,27.7355,85.3434
2025-06-15T01:00,20.0,98,19.6,862.8,1.5,150,Shankapark,27.7355,85.3434
2025-06-15T02:00,20.3,99,20.1,862.7,4.1,167,Shankapark,27.7355,85.3434
2025-06-15T03:00,20.3,98,20.0,861.9,4.0,144,Shankapark,27.7355,85.3434
2025-06-15T04:00,20.0,99,19.8,861.8,5.6,155,Shankapark,27.7355,85.3434
2025-06-15T05:00,19.9,100,19.8,862.2,5.0,142,Shankapark,27.7355,85.3434
2025-06-15T06:00,21.6,97,21.1,863.3,1.7,257,Shankapark,27.7355,85.3434
2025-06-15T07:00,22.3,93,21.0,864.4,0.3,315,Shankapark,27.7355,85.3434
2025-06-15T08:00,22.4,84,19.7,865.0,5.4,230,Shankapark,27.7355,85.3434
2025-06-15T09:00,23.4,79,19.6,864.9,2.3,241,Shankapark,27.7355,85.3434
2025-06-15T10:00,25.2,73,19.9,864.7,1.9,221,Shankapark,27.7355,85.3434
2025-06-15T11:00,26.4,68,19.9,864.5,1.8,135,Shankapark,27.7355,85.3434
2025-06-15T12:00,26.0,67,19.4,863.9,3.8,177,Shankapark,27.7355,85.3434
2025-06-15T13:00,26.1,68,19.7,863.4,3.6,229,Shankapark,27.7355,85.3434
2025-06-15T14:00,25.8,70,19.8,862.6,2.0,153,Shankapark,27.7355,85.3434
2025-06-15T15:00,25.6,71,19.9,861.8,4.0,85,Shankapark,27.7355,85.3434
2025-06-15T16:00,24.8,75,19.9,861.7,0.9,53,Shankapark,27.7355,85.3434
2025-06-15T17:00,23.6,81,20.2,861.8,2.7,233,Shankapark,27.7355,85.3434
2025-06-15T18:00,23.2,86,20.7,861.9,2.3,108,Shankapark,27.7355,85.3434
2025-06-15T19:00,22.4,92,21.2,862.4,4.8,115,Shankapark,27.7355,85.3434
2025-06-15T20:00,21.6,96,21.0,863.3,2.9,133,Shankapark,27.7355,85.3434
2025-06-15T21:00,21.2,98,20.8,864.2,5.0,111,Shankapark,27.7355,85.3434
2025-06-15T22:00,20.8,100,20.8,864.3,3.3,68,Shankapark,27.7355,85.3434
2025-06-15T23:00,20.7,98,20.3,864.5,5.0,109,Shankapark,27.7355,85.3434
2025-06-16T00:00,20.6,98,20.3,863.7,4.2,137,Shankapark,27.7355,85.3434
2025-06-16T01:00,20.6,98,20.3,863.2,3.8,101,Shankapark,27.7355,85.3434
2025-06-16T02:00,20.3,99,20.2,862.5,4.0,129,Shankapark,27.7355,85.3434
2025-06-16T03:00,20.2,99,20.1,862.3,2.0,170,Shankapark,27.7355,85.3434
2025-06-16T04:00,20.2,99,20.1,862.3,1.5,166,Shankapark,27.7355,85.3434
2025-06-16T05:00,20.4,99,20.2,862.9,3.4,133,Shankapark,27.7355,85.3434
2025-06-16T06:00,21.7,92,20.3,862.7,3.6,150,Shankapark,27.7355,85.3434
2025-06-16T07:00,23.1,84,20.2,863.7,1.9,158,Shankapark,27.7355,85.3434
2025-06-16T08:00,24.5,75,19.7,864.2,1.5,339,Shankapark,27.7355,85.3434
2025-06-16T09:00,25.3,72,19.8,864.5,4.6,321,Shankapark,27.7355,85.3434
2025-06-16T10:00,25.9,72,20.3,864.5,5.4,312,Shankapark,27.7355,85.3434
2025-06-16T11:00,27.5,67,20.7,864.2,1.9,287,Shankapark,27.7355,85.3434
2025-06-16T12:00,26.5,69,20.4,863.5,7.3,208,Shankapark,27.7355,85.3434
2025-06-16T13:00,24.9,72,19.6,862.6,2.6,219,Shankapark,27.7355,85.3434
2025-06-16T14:00,25.4,75,20.6,862.1,2.8,342,Shankapark,27.7355,85.3434
2025-06-16T15:00,25.6,74,20.7,861.5,2.5,330,Shankapark,27.7355,85.3434
2025-06-16T16:00,24.8,75,20.1,861.0,2.6,304,Shankapark,27.7355,85.3434
2025-06-16T17:00,23.4,87,21.3,861.0,2.7,8,Shankapark,27.7355,85.3434
2025-06-16T18:00,23.8,88,21.6,861.5,1.6,6,Shankapark,27.7355,85.3434
2025-06-16T19:00,22.7,96,22.0,862.3,3.7,145,Shankapark,27.7355,85.3434
2025-06-16T20:00,20.9,100,20.9,863.0,5.6,149,Shankapark,27.7355,85.3434
2025-06-16T21:00,21.1,100,21.1,863.8,5.1,129,Shankapark,27.7355,85.3434
2025-06-16T22:00,20.7,100,20.7,864.3,5.6,83,Shankapark,27.7355,85.3434
2025-06-16T23:00,20.4,98,20.1,863.9,7.5,114,Shankapark,27.7355,85.3434
2025-06-17T00:00,20.1,98,19.7,863.4,5.8,129,Shankapark,27.7355,85.3434
2025-06-17T01:00,19.8,98,19.4,862.9,5.2,151,Shankapark,27.7355,85.3434
2025-06-17T02:00,19.6,98,19.3,862.3,2.3,180,Shankapark,27.7355,85.3434
2025-06-17T03:00,19.7,99,19.6,862.7,3.0,287,Shankapark,27.7355,85.3434
2025-06-17T04:00,19.5,100,19.5,862.7,2.8,320,Shankapark,27.7355,85.3434
2025-06-17T05:00,19.6,99,19.3,862.5,1.5,159,Shankapark,27.7355,85.3434
2025-06-17T06:00,21.2,94,20.2,863.3,1.5,111,Shankapark,27.7355,85.3434
2025-06-17T07:00,22.5,86,20.1,863.8,1.8,349,Shankapark,27.7355,85.3434
2025-06-17T08:00,24.2,77,19.9,863.9,2.1,290,Shankapark,27.7355,85.3434
2025-06-17T09:00,26.3,69,20.0,864.6,2.8,252,Shankapark,27.7355,85.3434
2025-06-17T10:00,27.1,68,20.6,864.5,3.4,267,Shankapark,27.7355,85.3434
2025-06-17T11:00,27.3,67,20.6,864.2,5.6,291,Shankapark,27.7355,85.3434
2025-06-17T12:00,24.6,77,20.2,863.4,9.5,306,Shankapark,27.7355,85.3434
2025-06-17T13:00,24.0,83,20.8,862.6,3.0,232,Shankapark,27.7355,85.3434
2025-06-17T14:00,24.6,77,20.4,861.9,4.2,306,Shankapark,27.7355,85.3434
2025-06-17T15:00,24.9,77,20.7,861.2,4.3,303,Shankapark,27.7355,85.3434
2025-06-17T16:00,24.1,81,20.7,860.7,5.9,281,Shankapark,27.7355,85.3434
2025-06-17T17:00,22.5,88,20.5,861.1,7.3,295,Shankapark,27.7355,85.3434
2025-06-17T18:00,22.9,87,20.7,861.6,4.4,249,Shankapark,27.7355,85.3434
2025-06-17T19:00,22.3,92,20.9,862.5,1.9,253,Shankapark,27.7355,85.3434
2025-06-17T20:00,21.8,93,20.7,862.9,2.0,350,Shankapark,27.7355,85.3434
2025-06-17T21:00,21.4,95,20.6,863.1,5.2,290,Shankapark,27.7355,85.3434
2025-06-17T22:00,20.7,98,20.4,863.0,1.2,231,Shankapark,27.7355,85.3434
2025-06-17T23:00,20.4,100,20.4,862.7,1.0,301,Shankapark,27.7355,85.3434
2025-06-18T00:00,20.4,99,20.3,862.3,2.4,312,Shankapark,27.7355,85.3434
2025-06-18T01:00,20.1,99,19.9,861.3,1.3,270,Shankapark,27.7355,85.3434
2025-06-18T02:00,19.7,99,19.6,860.2,1.0,211,Shankapark,27.7355,85.3434
2025-06-18T03:00,19.5,100,19.4,859.8,1.3,225,Shankapark,27.7355,85.3434
2025-06-18T04:00,19.7,100,19.6,860.1,2.9,274,Shankapark,27.7355,85.3434
2025-06-18T05:00,19.9,99,19.7,860.7,3.4,288,Shankapark,27.7355,85.3434
2025-06-18T06:00,20.8,98,20.4,860.7,4.9,303,Shankapark,27.7355,85.3434
2025-06-18T07:00,22.4,87,20.2,861.7,5.5,289,Shankapark,27.7355,85.3434
2025-06-18T08:00,23.7,81,20.2,862.4,6.6,296,Shankapark,27.7355,85.3434
2025-06-18T09:00,24.8,76,20.3,862.7,7.3,301,Shankapark,27.7355,85.3434
2025-06-18T10:00,25.9,71,20.2,862.4,8.6,300,Shankapark,27.7355,85.3434
2025-06-18T11:00,26.5,70,20.6,862.2,8.1,295,Shankapark,27.7355,85.3434
2025-06-18T12:00,26.3,71,20.6,861.6,8.4,279,Shankapark,27.7355,85.3434
2025-06-18T13:00,25.9,72,20.6,861.1,3.0,287,Shankapark,27.7355,85.3434
2025-06-18T14:00,23.7,81,20.2,860.3,6.9,261,Shankapark,27.7355,85.3434
2025-06-18T15:00,21.9,92,20.7,859.5,3.7,325,Shankapark,27.7355,85.3434
2025-06-18T16:00,21.9,90,20.2,859.3,3.4,286,Shankapark,27.7355,85.3434
2025-06-18T17:00,21.8,95,20.9,859.5,2.0,297,Shankapark,27.7355,85.3434
2025-06-18T18:00,21.6,98,21.2,860.2,4.4,297,Shankapark,27.7355,85.3434
2025-06-18T19:00,21.2,100,21.1,860.5,3.9,326,Shankapark,27.7355,85.3434
2025-06-18T20:00,21.0,99,20.9,860.8,2.1,308,Shankapark,27.7355,85.3434
2025-06-18T21:00,20.8,100,20.8,861.3,2.8,333,Shankapark,27.7355,85.3434
2025-06-18T22:00,20.8,99,20.7,861.3,2.6,236,Shankapark,27.7355,85.3434
2025-06-18T23:00,20.8,99,20.6,860.8,1.7,193,Shankapark,27.7355,85.3434
2025-06-19T00:00,20.7,98,20.4,860.3,1.5,249,Shankapark,27.7355,85.3434
2025-06-19T01:00,20.6,99,20.4,859.4,2.3,231,Shankapark,27.7355,85.3434
2025-06-19T02:00,20.3,99,20.3,858.6,3.0,237,Shankapark,27.7355,85.3434
2025-06-19T03:00,20.2,99,20.1,858.1,1.9,202,Shankapark,27.7355,85.3434
2025-06-19T04:00,19.8,100,19.8,858.2,2.4,163,Shankapark,27.7355,85.3434
2025-06-19T05:00,19.9,100,19.9,858.9,4.2,140,Shankapark,27.7355,85.3434
2025-06-19T06:00,21.7,96,21.1,859.8,3.0,147,Shankapark,27.7355,85.3434
2025-06-19T07:00,23.5,86,20.9,861.2,2.9,240,Shankapark,27.7355,85.3434
2025-06-19T08:00,24.2,83,21.1,862.0,3.9,304,Shankapark,27.7355,85.3434
2025-06-19T09:00,25.3,78,21.2,862.5,3.1,332,Shankapark,27.7355,85.3434
2025-06-19T10:00,26.6,72,21.2,862.3,2.4,318,Shankapark,27.7355,85.3434
2025-06-19T11:00,26.8,70,20.9,862.2,6.5,283,Shankapark,27.7355,85.3434
2025-06-19T12:00,26.4,72,20.9,861.4,7.6,273,Shankapark,27.7355,85.3434
2025-06-19T13:00,24.7,78,20.7,860.9,2.3,274,Shankapark,27.7355,85.3434
2025-06-19T14:00,24.4,78,20.3,860.6,3.6,221,Shankapark,27.7355,85.3434
2025-06-19T15:00,24.2,78,20.1,860.3,4.5,275,Shankapark,27.7355,85.3434
2025-06-19T16:00,22.9,88,20.8,860.3,3.8,273,Shankapark,27.7355,85.3434
2025-06-19T17:00,22.3,93,21.1,860.3,3.9,292,Shankapark,27.7355,85.3434
2025-06-19T18:00,21.8,96,21.0,860.7,2.4,171,Shankapark,27.7355,85.3434
2025-06-19T19:00,21.8,97,21.3,861.2,4.1,165,Shankapark,27.7355,85.3434
2025-06-19T20:00,21.8,93,20.6,861.8,4.5,230,Shankapark,27.7355,85.3434
2025-06-19T21:00,21.6,97,21.0,862.3,3.5,159,Shankapark,27.7355,85.3434
2025-06-19T22:00,21.3,98,21.1,862.4,4.6,193,Shankapark,27.7355,85.3434
2025-06-19T23:00,21.1,100,21.1,862.3,2.2,228,Shankapark,27.7355,85.3434
2025-06-20T00:00,21.0,99,20.8,861.9,3.6,177,Shankapark,27.7355,85.3434
2025-06-20T01:00,20.8,100,20.8,861.6,5.6,270,Shankapark,27.7355,85.3434
2025-06-20T02:00,20.6,100,20.6,861.5,5.1,297,Shankapark,27.7355,85.3434
2025-06-20T03:00,20.3,99,20.3,861.5,4.3,303,Shankapark,27.7355,85.3434
2025-06-20T04:00,20.1,100,20.1,861.4,4.1,283,Shankapark,27.7355,85.3434
2025-06-20T05:00,20.1,99,19.9,861.5,3.3,279,Shankapark,27.7355,85.3434
2025-06-20T06:00,20.4,98,20.0,862.1,5.7,257,Shankapark,27.7355,85.3434
2025-06-20T07:00,21.8,90,20.0,863.0,8.3,300,Shankapark,27.7355,85.3434
2025-06-20T08:00,22.9,85,20.3,863.6,6.5,302,Shankapark,27.7355,85.3434
2025-06-20T09:00,24.1,79,20.3,863.7,5.2,295,Shankapark,27.7355,85.3434
2025-06-20T10:00,25.4,73,20.3,863.7,5.6,291,Shankapark,27.7355,85.3434
2025-06-20T11:00,26.7,72,21.2,863.6,5.8,284,Shankapark,27.7355,85.3434
2025-06-20T12:00,27.4,70,21.6,863.0,6.0,303,Shankapark,27.7355,85.3434
2025-06-20T13:00,24.9,78,20.9,861.9,4.2,12,Shankapark,27.7355,85.3434
2025-06-20T14:00,24.2,84,21.3,861.6,3.1,170,Shankapark,27.7355,85.3434
2025-06-20T15:00,25.1,79,21.3,861.5,4.7,279,Shankapark,27.7355,85.3434
2025-06-20T16:00,24.8,80,21.1,861.3,5.5,293,Shankapark,27.7355,85.3434
2025-06-20T17:00,24.3,78,20.3,861.4,5.3,303,Shankapark,27.7355,85.3434
2025-06-20T18:00,23.7,83,20.6,862.1,0.8,45,Shankapark,27.7355,85.3434
2025-06-20T19:00,22.9,90,21.2,862.6,0.4,90,Shankapark,27.7355,85.3434
2025-06-20T20:00,22.6,91,20.9,863.3,1.7,257,Shankapark,27.7355,85.3434
2025-06-20T21:00,21.8,95,21.0,863.8,3.7,284,Shankapark,27.7355,85.3434
2025-06-20T22:00,21.5,97,20.9,863.9,2.4,257,Shankapark,27.7355,85.3434
2025-06-20T23:00,21.1,99,20.9,863.0,3.6,264,Shankapark,27.7355,85.3434
2025-06-21T00:00,20.8,99,20.6,862.5,4.0,252,Shankapark,27.7355,85.3434
2025-06-21T01:00,20.3,99,20.1,861.9,3.9,242,Shankapark,27.7355,85.3434
2025-06-21T02:00,19.8,99,19.6,861.6,3.7,215,Shankapark,27.7355,85.3434
2025-06-21T03:00,19.3,100,19.3,861.2,4.1,193,Shankapark,27.7355,85.3434
2025-06-21T04:00,19.1,100,19.1,861.2,4.5,182,Shankapark,27.7355,85.3434
2025-06-21T05:00,19.1,100,19.1,861.5,5.2,164,Shankapark,27.7355,85.3434
2025-06-21T06:00,21.9,95,21.0,862.8,3.8,149,Shankapark,27.7355,85.3434
2025-06-21T07:00,23.7,87,21.4,863.7,2.5,176,Shankapark,27.7355,85.3434
2025-06-21T08:00,25.6,79,21.7,864.3,0.9,360,Shankapark,27.7355,85.3434
2025-06-21T09:00,27.4,67,20.8,864.5,1.4,90,Shankapark,27.7355,85.3434
2025-06-21T10:00,28.4,62,20.4,864.5,1.8,135,Shankapark,27.7355,85.3434
2025-06-21T11:00,27.7,65,20.6,863.9,4.0,260,Shankapark,27.7355,85.3434
2025-06-21T12:00,27.1,68,20.8,863.4,5.2,284,Shankapark,27.7355,85.3434
2025-06-21T13:00,27.3,69,21.1,862.7,4.8,307,Shankapark,27.7355,85.3434
2025-06-21T14:00,26.6,72,21.3,862.2,2.1,301,Shankapark,27.7355,85.3434
2025-06-21T15:00,26.2,73,21.0,861.6,2.2,325,Shankapark,27.7355,85.3434
2025-06-21T16:00,25.2,79,21.3,861.4,4.8,335,Shankapark,27.7355,85.3434
2025-06-21T17:00,24.7,83,21.7,861.4,2.3,321,Shankapark,27.7355,85.3434
2025-06-21T18:00,23.6,86,21.1,862.8,2.7,113,Shankapark,27.7355,85.3434
2025-06-21T19:00,22.2,100,22.2,863.2,2.3,151,Shankapark,27.7355,85.3434
2025-06-21T20:00,22.3,99,22.1,863.5,4.7,133,Shankapark,27.7355,85.3434
2025-06-21T21:00,22.0,99,21.8,864.4,3.3,131,Shankapark,27.7355,85.3434
2025-06-21T22:00,21.8,97,21.4,864.4,5.0,131,Shankapark,27.7355,85.3434
2025-06-21T23:00,21.4,96,20.8,864.0,6.0,136,Shankapark,27.7355,85.3434
2025-06-22T00:00,21.2,98,20.8,863.5,5.0,136,Shankapark,27.7355,85.3434
2025-06-22T01:00,20.9,97,20.4,862.8,3.0,128,Shankapark,27.7355,85.3434
2025-06-22T02:00,20.7,99,20.6,862.8,0.7,166,Shankapark,27.7355,85.3434
2025-06-22T03:00,20.4,99,20.3,862.4,6.0,129,Shankapark,27.7355,85.3434
2025-06-22T04:00,20.4,98,20.1,862.7,3.7,137,Shankapark,27.7355,85.3434
2025-06-22T05:00,20.6,98,20.2,862.8,5.5,142,Shankapark,27.7355,85.3434
2025-06-22T06:00,22.1,94,21.2,863.6,5.2,112,Shankapark,27.7355,85.3434
2025-06-22T07:00,23.6,85,20.8,864.1,5.2,104,Shankapark,27.7355,85.3434
2025-06-22T08:00,25.4,75,20.7,864.6,4.9,118,Shankapark,27.7355,85.3434
2025-06-22T09:00,26.9,69,20.8,865.0,1.6,96,Shankapark,27.7355,85.3434
2025-06-22T10:00,28.1,67,21.5,864.9,1.5,277,Shankapark,27.7355,85.3434
2025-06-22T11:00,27.8,68,21.4,864.3,5.0,240,Shankapark,27.7355,85.3434
2025-06-22T12:00,25.0,77,20.7,863.4,5.0,240,Shankapark,27.7355,85.3434
2025-06-22T13:00,26.1,75,21.3,863.0,2.1,329,Shankapark,27.7355,85.3434
2025-06-22T14:00,26.7,72,21.1,862.3,2.6,309,Shankapark,27.7355,85.3434
2025-06-22T15:00,23.7,85,20.9,861.9,1.9,131,Shankapark,27.7355,85.3434
2025-06-22T16:00,23.7,85,21.0,861.4,2.7,356,Shankapark,27.7355,85.3434
2025-06-22T17:00,23.4,86,20.9,860.7,0.4,63,Shankapark,27.7355,85.3434
2025-06-22T18:00,23.1,90,21.4,861.8,1.9,139,Shankapark,27.7355,85.3434
2025-06-22T19:00,22.4,96,21.7,862.4,2.4,132,Shankapark,27.7355,85.3434
2025-06-22T20:00,22.1,96,21.4,862.6,5.7,145,Shankapark,27.7355,85.3434
2025-06-22T21:00,21.3,98,20.9,863.2,7.6,142,Shankapark,27.7355,85.3434
2025-06-22T22:00,20.8,100,20.8,863.2,3.0,163,Shankapark,27.7355,85.3434
2025-06-22T23:00,20.7,99,20.5,862.4,3.4,162,Shankapark,27.7355,85.3434
2025-06-23T00:00,20.4,100,20.4,861.4,3.9,167,Shankapark,27.7355,85.3434
2025-06-23T01:00,20.2,99,19.9,860.3,5.3,145,Shankapark,27.7355,85.3434
2025-06-23T02:00,19.9,98,19.7,860.7,4.2,168,Shankapark,27.7355,85.3434
2025-06-23T03:00,19.8,99,19.7,861.1,3.6,93,Shankapark,27.7355,85.3434
2025-06-23T04:00,20.1,97,19.7,860.9,5.0,145,Shankapark,27.7355,85.3434
2025-06-23T05:00,20.3,97,19.8,861.7,6.3,149,Shankapark,27.7355,85.3434
2025-06-23T06:00,21.2,95,20.4,861.5,5.2,153,Shankapark,27.7355,85.3434
2025-06-23T07:00,22.2,91,20.7,862.3,5.1,135,Shankapark,27.7355,85.3434
2025-06-23T08:00,23.0,86,20.6,862.8,5.4,120,Shankapark,27.7355,85.3434
2025-06-23T09:00,23.9,82,20.6,862.7,4.7,106,Shankapark,27.7355,85.3434
2025-06-23T10:00,26.3,72,20.8,862.7,3.2,109,Shankapark,27.7355,85.3434
2025-06-23T11:00,27.9,68,21.4,862.4,1.9,151,Shankapark,27.7355,85.3434
2025-06-23T12:00,25.7,73,20.5,860.7,8.4,223,Shankapark,27.7355,85.3434
2025-06-23T13:00,23.9,85,21.3,860.0,3.6,207,Shankapark,27.7355,85.3434
2025-06-23T14:00,24.8,82,21.6,859.7,3.9,313,Shankapark,27.7355,85.3434
2025-06-23T15:00,23.8,80,20.2,859.0,4.3,327,Shankapark,27.7355,85.3434
2025-06-23T16:00,23.2,87,20.9,859.0,2.5,98,Shankapark,27.7355,85.3434
2025-06-23T17:00,22.3,92,21.0,858.9,2.9,90,Shankapark,27.7355,85.3434
2025-06-23T18:00,21.9,95,21.1,860.0,2.8,235,Shankapark,27.7355,85.3434
2025-06-23T19:00,21.5,98,21.2,860.4,1.2,321,Shankapark,27.7355,85.3434
2025-06-23T20:00,21.4,99,21.2,860.8,2.6,115,Shankapark,27.7355,85.3434
2025-06-23T21:00,21.4,93,20.2,861.4,1.6,6,Shankapark,27.7355,85.3434
2025-06-23T22:00,20.8,98,20.6,861.5,0.9,101,Shankapark,27.7355,85.3434
2025-06-23T23:00,20.8,98,20.4,861.0,2.5,86,Shankapark,27.7355,85.3434
2025-06-24T00:00,20.5,100,20.4,860.4,3.8,115,Shankapark,27.7355,85.3434
2025-06-24T01:00,20.4,98,20.1,859.7,4.5,124,Shankapark,27.7355,85.3434
2025-06-24T02:00,20.3,98,19.9,858.8,3.8,135,Shankapark,27.7355,85.3434
2025-06-24T03:00,19.8,100,19.7,858.5,5.3,170,Shankapark,27.7355,85.3434
2025-06-24T04:00,19.6,100,19.5,858.7,3.9,164,Shankapark,27.7355,85.3434
2025-06-24T05:00,19.6,100,19.6,859.2,3.2,164,Shankapark,27.7355,85.3434
2025-06-24T06:00,21.8,96,21.2,860.2,3.1,130,Shankapark,27.7355,85.3434
2025-06-24T07:00,22.3,96,21.5,861.1,0.8,153,Shankapark,27.7355,85.3434
2025-06-24T08:00,23.3,88,21.2,861.2,2.1,31,Shankapark,27.7355,85.3434
2025-06-24T09:00,25.1,79,21.1,861.4,0.7,360,Shankapark,27.7355,85.3434
2025-06-24T10:00,26.9,71,21.3,861.8,1.1,279,Shankapark,27.7355,85.3434
2025-06-24T11:00,26.2,73,20.9,861.5,5.7,224,Shankapark,27.7355,85.3434
2025-06-24T12:00,23.8,82,20.6,861.1,4.7,270,Shankapark,27.7355,85.3434
2025-06-24T13:00,24.4,82,21.1,860.7,2.9,353,Shankapark,27.7355,85.3434
2025-06-24T14:00,24.6,83,21.4,860.2,2.7,242,Shankapark,27.7355,85.3434
2025-06-24T15:00,23.3,92,21.9,859.9,2.7,328,Shankapark,27.7355,85.3434
2025-06-24T16:00,23.4,93,22.2,859.6,3.6,9,Shankapark,27.7355,85.3434
2025-06-24T17:00,23.0,93,21.8,859.6,4.6,64,Shankapark,27.7355,85.3434
2025-06-24T18:00,21.8,100,21.8,860.6,3.3,119,Shankapark,27.7355,85.3434
2025-06-24T19:00,21.7,100,21.7,861.3,3.3,171,Shankapark,27.7355,85.3434
2025-06-24T20:00,21.9,98,21.7,862.1,3.0,123,Shankapark,27.7355,85.3434
2025-06-24T21:00,22.0,98,21.8,863.0,4.7,157,Shankapark,27.7355,85.3434
2025-06-24T22:00,21.8,98,21.6,863.4,4.3,147,Shankapark,27.7355,85.3434
2025-06-24T23:00,21.5,99,21.3,863.0,5.2,174,Shankapark,27.7355,85.3434
2025-06-25T00:00,21.3,98,20.9,862.9,6.4,170,Shankapark,27.7355,85.3434
2025-06-25T01:00,21.2,98,20.8,862.4,4.7,182,Shankapark,27.7355,85.3434
2025-06-25T02:00,20.9,99,20.8,861.9,4.0,175,Shankapark,27.7355,85.3434
2025-06-25T03:00,20.7,99,20.6,861.9,5.2,209,Shankapark,27.7355,85.3434
2025-06-25T04:00,20.3,99,20.3,862.0,4.0,216,Shankapark,27.7355,85.3434
2025-06-25T05:00,20.3,98,20.0,862.7,4.2,211,Shankapark,27.7355,85.3434
2025-06-25T06:00,21.8,94,20.8,863.7,2.4,287,Shankapark,27.7355,85.3434
2025-06-25T07:00,22.7,87,20.4,864.4,0.7,180,Shankapark,27.7355,85.3434
2025-06-25T08:00,23.8,83,20.8,864.9,1.5,21,Shankapark,27.7355,85.3434
2025-06-25T09:00,25.3,75,20.6,865.1,0.4,117,Shankapark,27.7355,85.3434
2025-06-25T10:00,27.1,66,20.3,865.4,0.2,270,Shankapark,27.7355,85.3434
2025-06-25T11:00,27.3,68,20.8,865.0,3.1,270,Shankapark,27.7355,85.3434
2025-06-25T12:00,24.8,79,21.0,864.6,4.0,291,Shankapark,27.7355,85.3434
2025-06-25T13:00,23.8,84,21.1,863.7,4.3,358,Shankapark,27.7355,85.3434
2025-06-25T14:00,25.3,77,21.1,863.6,3.0,322,Shankapark,27.7355,85.3434
2025-06-25T15:00,25.2,74,20.3,862.8,5.0,300,Shankapark,27.7355,85.3434
2025-06-25T16:00,24.4,81,21.1,862.3,5.2,272,Shankapark,27.7355,85.3434
2025-06-25T17:00,24.2,83,21.1,862.1,3.6,297,Shankapark,27.7355,85.3434
2025-06-25T18:00,23.4,88,21.3,863.4,3.5,231,Shankapark,27.7355,85.3434
2025-06-25T19:00,22.4,95,21.7,863.9,4.0,234,Shankapark,27.7355,85.3434
2025-06-25T20:00,21.8,98,21.6,864.8,2.6,236,Shankapark,27.7355,85.3434
2025-06-25T21:00,21.5,100,21.5,865.8,2.3,176,Shankapark,27.7355,85.3434
2025-06-25T22:00,21.4,98,21.2,865.8,4.7,212,Shankapark,27.7355,85.3434
2025-06-25T23:00,21.0,97,20.6,865.6,3.7,227,Shankapark,27.7355,85.3434
2025-06-26T00:00,20.6,98,20.3,865.2,5.0,232,Shankapark,27.7355,85.3434
2025-06-26T01:00,20.6,98,20.3,864.8,1.9,131,Shankapark,27.7355,85.3434
2025-06-26T02:00,20.4,99,20.3,864.6,3.7,166,Shankapark,27.7355,85.3434
2025-06-26T03:00,20.3,98,20.1,863.9,3.2,142,Shankapark,27.7355,85.3434
2025-06-26T04:00,20.2,99,20.0,863.9,3.5,125,Shankapark,27.7355,85.3434
2025-06-26T05:00,20.3,99,20.1,863.9,5.0,128,Shankapark,27.7355,85.3434
2025-06-26T06:00,21.8,96,21.2,865.2,4.7,133,Shankapark,27.7355,85.3434
2025-06-26T07:00,23.1,89,21.1,866.0,1.5,111,Shankapark,27.7355,85.3434
2025-06-26T08:00,24.8,79,20.9,866.4,1.1,189,Shankapark,27.7355,85.3434
2025-06-26T09:00,26.6,72,21.1,866.7,1.5,339,Shankapark,27.7355,85.3434
2025-06-26T10:00,27.7,69,21.4,866.5,2.5,4,Shankapark,27.7355,85.3434
2025-06-26T11:00,28.2,68,21.8,866.3,3.8,273,Shankapark,27.7355,85.3434
2025-06-26T12:00,25.4,76,21.0,865.7,3.5,195,Shankapark,27.7355,85.3434
2025-06-26T13:00,26.2,71,20.4,865.0,5.1,247,Shankapark,27.7355,85.3434
2025-06-26T14:00,24.5,80,20.9,864.0,3.6,315,Shankapark,27.7355,85.3434
2025-06-26T15:00,25.0,78,20.8,863.3,3.8,315,Shankapark,27.7355,85.3434
2025-06-26T16:00,25.1,79,21.1,863.3,2.6,286,Shankapark,27.7355,85.3434
2025-06-26T17:00,24.8,80,21.3,863.4,1.5,249,Shankapark,27.7355,85.3434
2025-06-26T18:00,23.7,86,21.3,864.2,0.8,153,Shankapark,27.7355,85.3434
2025-06-26T19:00,22.1,94,21.1,864.6,4.8,160,Shankapark,27.7355,85.3434
2025-06-26T20:00,21.7,99,21.5,865.1,4.1,124,Shankapark,27.7355,85.3434
2025-06-26T21:00,21.3,100,21.3,865.8,2.9,83,Shankapark,27.7355,85.3434
2025-06-26T22:00,21.1,99,20.9,866.0,4.6,101,Shankapark,27.7355,85.3434
2025-06-26T23:00,20.7,100,20.6,865.5,5.2,90,Shankapark,27.7355,85.3434
2025-06-27T00:00,20.5,98,20.1,864.7,4.0,87,Shankapark,27.7355,85.3434
2025-06-27T01:00,20.2,98,19.9,863.9,3.0,166,Shankapark,27.7355,85.3434
2025-06-27T02:00,20.1,98,19.8,863.0,3.6,183,Shankapark,27.7355,85.3434
2025-06-27T03:00,19.8,100,19.8,862.4,5.1,157,Shankapark,27.7355,85.3434
2025-06-27T04:00,19.5,100,19.5,862.2,4.0,170,Shankapark,27.7355,85.3434
2025-06-27T05:00,19.8,100,19.8,862.8,5.3,172,Shankapark,27.7355,85.3434
2025-06-27T06:00,22.1,95,21.3,863.7,2.1,142,Shankapark,27.7355,85.3434
2025-06-27T07:00,23.3,88,21.2,864.5,3.2,16,Shankapark,27.7355,85.3434
2025-06-27T08:00,24.4,81,20.9,864.9,2.2,360,Shankapark,27.7355,85.3434
2025-06-27T09:00,26.0,73,20.8,865.4,1.8,264,Shankapark,27.7355,85.3434
2025-06-27T10:00,26.9,71,21.3,865.5,3.1,273,Shankapark,27.7355,85.3434
2025-06-27T11:00,26.5,74,21.4,864.8,3.7,331,Shankapark,27.7355,85.3434
2025-06-27T12:00,26.3,72,20.9,864.1,3.6,297,Shankapark,27.7355,85.3434
2025-06-27T13:00,27.7,66,20.8,863.4,3.7,313,Shankapark,27.7355,85.3434
2025-06-27T14:00,25.1,77,20.7,862.7,6.3,267,Shankapark,27.7355,85.3434
2025-06-27T15:00,23.3,87,20.9,861.9,0.6,56,Shankapark,27.7355,85.3434
2025-06-27T16:00,24.0,84,21.1,861.7,2.5,356,Shankapark,27.7355,85.3434
2025-06-27T17:00,24.3,82,20.9,862.0,0.7,194,Shankapark,27.7355,85.3434
2025-06-27T18:00,23.0,84,20.2,863.0,1.5,111,Shankapark,27.7355,85.3434
2025-06-27T19:00,21.6,98,21.3,863.3,1.9,124,Shankapark,27.7355,85.3434
2025-06-27T20:00,21.3,99,21.2,864.4,3.6,127,Shankapark,27.7355,85.3434
2025-06-27T21:00,21.1,99,20.9,864.7,2.9,90,Shankapark,27.7355,85.3434
2025-06-27T22:00,20.8,99,20.6,864.7,1.6,84,Shankapark,27.7355,85.3434
2025-06-27T23:00,20.6,99,20.3,864.2,3.7,137,Shankapark,27.7355,85.3434
2025-06-28T00:00,20.4,99,20.3,863.6,3.9,156,Shankapark,27.7355,85.3434
2025-06-28T01:00,20.1,100,20.1,863.1,2.4,189,Shankapark,27.7355,85.3434
2025-06-28T02:00,19.8,100,19.8,862.6,2.7,228,Shankapark,27.7355,85.3434
2025-06-28T03:00,19.8,100,19.8,862.1,1.3,352,Shankapark,27.7355,85.3434
2025-06-28T04:00,19.6,99,19.4,861.4,3.5,145,Shankapark,27.7355,85.3434
2025-06-28T05:00,19.5,100,19.4,860.9,5.4,165,Shankapark,27.7355,85.3434
2025-06-28T06:00,21.8,96,21.2,861.8,3.2,180,Shankapark,27.7355,85.3434
2025-06-28T07:00,23.2,92,21.8,863.1,4.4,289,Shankapark,27.7355,85.3434
2025-06-28T08:00,24.3,85,21.6,863.4,4.9,298,Shankapark,27.7355,85.3434
2025-06-28T09:00,25.2,79,21.3,863.6,5.4,300,Shankapark,27.7355,85.3434
2025-06-28T10:00,26.5,73,21.2,863.5,5.3,303,Shankapark,27.7355,85.3434
2025-06-28T11:00,27.3,70,21.4,863.2,6.7,284,Shankapark,27.7355,85.3434
2025-06-28T12:00,24.1,83,20.9,862.3,7.8,263,Shankapark,27.7355,85.3434
2025-06-28T13:00,23.4,84,20.6,861.9,3.8,188,Shankapark,27.7355,85.3434
2025-06-28T14:00,24.1,81,20.6,861.5,3.6,303,Shankapark,27.7355,85.3434
2025-06-28T15:00,23.6,84,20.8,860.2,4.6,349,Shankapark,27.7355,85.3434
2025-06-28T16:00,23.3,87,21.0,860.1,1.5,346,Shankapark,27.7355,85.3434
2025-06-28T17:00,22.9,89,21.0,860.1,3.4,286,Shankapark,27.7355,85.3434
2025-06-28T18:00,22.4,93,21.3,861.1,3.5,255,Shankapark,27.7355,85.3434
2025-06-28T19:00,22.2,95,21.3,861.2,1.1,9,Shankapark,27.7355,85.3434
2025-06-28T20:00,21.8,96,21.2,861.4,2.3,176,Shankapark,27.7355,85.3434
2025-06-28T21:00,21.3,100,21.3,861.8,1.5,240,Shankapark,27.7355,85.3434
2025-06-28T22:00,21.3,100,21.3,861.9,1.8,135,Shankapark,27.7355,85.3434
2025-06-28T23:00,21.2,100,21.2,861.6,3.1,130,Shankapark,27.7355,85.3434
2025-06-29T00:00,20.8,100,20.8,860.5,3.2,161,Shankapark,27.7355,85.3434
2025-06-29T01:00,20.7,99,20.6,859.9,3.6,189,Shankapark,27.7355,85.3434
2025-06-29T02:00,20.2,100,20.2,859.4,1.3,164,Shankapark,27.7355,85.3434
2025-06-29T03:00,20.3,100,20.2,859.2,1.8,186,Shankapark,27.7355,85.3434
2025-06-29T04:00,20.1,100,20.1,858.9,2.4,167,Shankapark,27.7355,85.3434
2025-06-29T05:00,20.1,99,20.0,859.4,3.8,169,Shankapark,27.7355,85.3434
2025-06-29T06:00,21.6,98,21.3,860.1,1.0,239,Shankapark,27.7355,85.3434
2025-06-29T07:00,22.8,89,20.8,860.9,3.1,301,Shankapark,27.7355,85.3434
2025-06-29T08:00,24.2,79,20.4,861.0,4.0,262,Shankapark,27.7355,85.3434
2025-06-29T09:00,25.3,73,20.0,861.6,5.3,260,Shankapark,27.7355,85.3434
2025-06-29T10:00,25.6,74,20.6,861.7,5.9,288,Shankapark,27.7355,85.3434
2025-06-29T11:00,24.2,81,20.8,860.8,3.5,242,Shankapark,27.7355,85.3434
2025-06-29T12:00,24.2,81,20.8,860.5,6.9,253,Shankapark,27.7355,85.3434
2025-06-29T13:00,23.5,81,20.1,859.9,3.3,225,Shankapark,27.7355,85.3434
2025-06-29T14:00,24.2,82,20.8,859.7,0.6,214,Shankapark,27.7355,85.3434
2025-06-29T15:00,21.9,91,20.3,859.0,4.0,216,Shankapark,27.7355,85.3434
2025-06-29T16:00,22.1,93,20.9,858.9,3.1,21,Shankapark,27.7355,85.3434
2025-06-29T17:00,21.7,95,20.8,859.0,3.6,18,Shankapark,27.7355,85.3434
2025-06-29T18:00,21.3,96,20.7,860.0,1.8,11,Shankapark,27.7355,85.3434
2025-06-29T19:00,21.0,99,20.8,860.4,3.1,93,Shankapark,27.7355,85.3434
2025-06-29T20:00,21.0,97,20.5,860.8,4.5,124,Shankapark,27.7355,85.3434
2025-06-29T21:00,20.8,98,20.5,861.2,4.3,135,Shankapark,27.7355,85.3434
2025-06-29T22:00,20.8,98,20.4,861.1,4.2,144,Shankapark,27.7355,85.3434
2025-06-29T23:00,20.7,99,20.6,860.8,4.8,155,Shankapark,27.7355,85.3434
2025-06-30T00:00,20.7,99,20.6,860.0,3.1,193,Shankapark,27.7355,85.3434
2025-06-30T01:00,20.5,99,20.3,859.7,2.5,262,Shankapark,27.7355,85.3434
2025-06-30T02:00,20.3,100,20.2,859.3,1.0,211,Shankapark,27.7355,85.3434
2025-06-30T03:00,19.9,99,19.8,858.9,0.4,180,Shankapark,27.7355,85.3434
2025-06-30T04:00,19.9,100,19.9,859.2,0.9,233,Shankapark,27.7355,85.3434
2025-06-30T05:00,20.1,99,19.9,859.7,0.4,180,Shankapark,27.7355,85.3434
2025-06-30T06:00,21.3,96,20.6,860.7,1.3,34,Shankapark,27.7355,85.3434
2025-06-30T07:00,21.8,92,20.5,861.5,2.3,4,Shankapark,27.7355,85.3434
2025-06-30T08:00,23.1,85,20.5,861.8,3.2,326,Shankapark,27.7355,85.3434
2025-06-30T09:00,23.7,82,20.4,862.3,5.3,308,Shankapark,27.7355,85.3434
2025-06-30T10:00,24.3,78,20.3,862.7,6.2,327,Shankapark,27.7355,85.3434
2025-06-30T11:00,24.4,76,19.8,862.4,9.3,302,Shankapark,27.7355,85.3434
2025-06-30T12:00,23.2,86,20.7,861.9,6.6,261,Shankapark,27.7355,85.3434
2025-06-30T13:00,24.7,78,20.6,861.6,0.4,27,Shankapark,27.7355,85.3434
2025-06-30T14:00,24.8,77,20.4,860.8,0.6,288,Shankapark,27.7355,85.3434
2025-06-30T15:00,24.6,79,20.6,860.1,6.1,310,Shankapark,27.7355,85.3434
2025-06-30T16:00,22.8,85,20.3,859.7,4.7,288,Shankapark,27.7355,85.3434
2025-06-30T17:00,22.1,91,20.5,859.4,4.8,301,Shankapark,27.7355,85.3434
2025-06-30T18:00,21.7,92,20.4,860.6,1.5,234,Shankapark,27.7355,85.3434
2025-06-30T19:00,21.2,97,20.8,860.8,3.1,246,Shankapark,27.7355,85.3434
2025-06-30T20:00,21.2,97,20.7,861.2,3.8,211,Shankapark,27.7355,85.3434
2025-06-30T21:00,21.0,97,20.5,861.4,3.6,143,Shankapark,27.7355,85.3434
2025-06-30T22:00,20.7,98,20.4,861.3,3.5,141,Shankapark,27.7355,85.3434
2025-06-30T23:00,20.4,98,20.2,861.4,6.4,158,Shankapark,27.7355,85.3434
2025-07-01T00:00,20.3,98,20.0,860.9,4.4,153,Shankapark,27.7355,85.3434
2025-07-01T01:00,20.1,98,19.8,860.7,5.9,169,Shankapark,27.7355,85.3434
2025-07-01T02:00,19.8,99,19.7,860.1,3.9,158,Shankapark,27.7355,85.3434
2025-07-01T03:00,19.4,99,19.3,859.7,3.6,162,Shankapark,27.7355,85.3434
2025-07-01T04:00,19.1,99,18.9,859.6,3.1,177,Shankapark,27.7355,85.3434
2025-07-01T05:00,19.1,100,19.1,860.0,4.5,164,Shankapark,27.7355,85.3434
2025-07-01T06:00,21.4,97,20.9,860.9,4.6,144,Shankapark,27.7355,85.3434
2025-07-01T07:00,23.3,89,21.3,862.3,1.7,167,Shankapark,27.7355,85.3434
2025-07-01T08:00,24.8,80,21.1,862.9,3.6,333,Shankapark,27.7355,85.3434
2025-07-01T09:00,26.3,72,20.7,863.4,4.3,336,Shankapark,27.7355,85.3434
2025-07-01T10:00,27.7,66,20.7,863.4,3.6,307,Shankapark,27.7355,85.3434
2025-07-01T11:00,26.6,68,20.3,863.0,3.8,295,Shankapark,27.7355,85.3434
2025-07-01T12:00,26.8,68,20.4,862.1,5.9,325,Shankapark,27.7355,85.3434
2025-07-01T13:00,26.2,71,20.4,861.5,4.2,250,Shankapark,27.7355,85.3434
2025-07-01T14:00,26.5,73,21.3,860.9,2.8,285,Shankapark,27.7355,85.3434
2025-07-01T15:00,23.9,81,20.4,860.1,5.4,339,Shankapark,27.7355,85.3434
2025-07-01T16:00,22.9,92,21.4,859.9,2.4,167,Shankapark,27.7355,85.3434
2025-07-01T17:00,22.8,91,21.3,860.3,3.3,299,Shankapark,27.7355,85.3434
2025-07-01T18:00,21.4,96,20.8,861.6,2.1,110,Shankapark,27.7355,85.3434
2025-07-01T19:00,21.1,98,20.8,862.0,4.1,119,Shankapark,27.7355,85.3434
2025-07-01T20:00,20.8,99,20.7,862.2,4.2,144,Shankapark,27.7355,85.3434
2025-07-01T21:00,20.5,99,20.3,862.8,6.5,156,Shankapark,27.7355,85.3434
2025-07-01T22:00,20.4,99,20.3,862.5,4.9,147,Shankapark,27.7355,85.3434
2025-07-01T23:00,20.3,99,20.2,862.5,6.3,153,Shankapark,27.7355,85.3434
2025-07-02T00:00,20.1,99,19.9,862.1,5.2,149,Shankapark,27.7355,85.3434
2025-07-02T01:00,19.8,99,19.6,861.6,4.9,156,Shankapark,27.7355,85.3434
2025-07-02T02:00,19.8,100,19.7,860.9,4.8,165,Shankapark,27.7355,85.3434
2025-07-02T03:00,19.7,98,19.4,860.7,4.9,174,Shankapark,27.7355,85.3434
2025-07-02T04:00,19.4,98,19.2,860.5,3.4,180,Shankapark,27.7355,85.3434
2025-07-02T05:00,19.3,100,19.2,860.9,3.7,166,Shankapark,27.7355,85.3434
2025-07-02T06:00,21.7,98,21.3,862.1,1.8,186,Shankapark,27.7355,85.3434
2025-07-02T07:00,23.3,88,21.2,863.0,1.9,326,Shankapark,27.7355,85.3434
2025-07-02T08:00,24.8,80,21.2,863.3,1.9,311,Shankapark,27.7355,85.3434
2025-07-02T09:00,26.0,76,21.3,863.8,1.4,337,Shankapark,27.7355,85.3434
2025-07-02T10:00,27.7,71,21.8,864.1,0.6,34,Shankapark,27.7355,85.3434
2025-07-02T11:00,28.0,65,20.8,863.4,1.3,188,Shankapark,27.7355,85.3434
2025-07-02T12:00,24.6,79,20.7,862.8,6.9,237,Shankapark,27.7355,85.3434
2025-07-02T13:00,23.2,88,21.2,862.4,2.8,349,Shankapark,27.7355,85.3434
2025-07-02T14:00,24.1,85,21.4,861.9,2.7,323,Shankapark,27.7355,85.3434
2025-07-02T15:00,24.0,88,21.8,861.5,3.5,55,Shankapark,27.7355,85.3434
2025-07-02T16:00,23.3,84,20.4,861.5,3.1,126,Shankapark,27.7355,85.3434
2025-07-02T17:00,22.0,95,21.1,861.3,1.2,51,Shankapark,27.7355,85.3434
2025-07-02T18:00,22.3,95,21.3,862.3,1.5,330,Shankapark,27.7355,85.3434
2025-07-02T19:00,21.8,98,21.4,862.6,1.8,135,Shankapark,27.7355,85.3434
2025-07-02T20:00,21.3,99,21.2,862.8,2.0,180,Shankapark,27.7355,85.3434
2025-07-02T21:00,21.0,98,20.8,863.5,5.3,170,Shankapark,27.7355,85.3434
2025-07-02T22:00,20.8,98,20.4,863.8,3.9,152,Shankapark,27.7355,85.3434
2025-07-02T23:00,20.4,98,20.2,863.6,5.5,171,Shankapark,27.7355,85.3434
2025-07-03T00:00,20.3,99,20.1,863.1,4.8,169,Shankapark,27.7355,85.3434
2025-07-03T01:00,20.1,100,20.1,862.6,2.7,157,Shankapark,27.7355,85.3434
2025-07-03T02:00,20.3,100,20.2,862.2,2.8,153,Shankapark,27.7355,85.3434
2025-07-03T03:00,20.3,100,20.3,862.0,0.2,360,Shankapark,27.7355,85.3434
2025-07-03T04:00,20.1,100,20.0,861.7,1.5,166,Shankapark,27.7355,85.3434
2025-07-03T05:00,20.2,98,19.8,862.5,2.2,204,Shankapark,27.7355,85.3434
2025-07-03T06:00,21.2,97,20.7,862.7,2.8,108,Shankapark,27.7355,85.3434
2025-07-03T07:00,22.5,90,20.7,863.5,1.7,212,Shankapark,27.7355,85.3434
2025-07-03T08:00,23.8,83,20.8,863.9,2.4,324,Shankapark,27.7355,85.3434
2025-07-03T09:00,26.0,75,21.2,864.2,1.7,288,Shankapark,27.7355,85.3434
2025-07-03T10:00,27.8,70,21.8,864.3,3.1,239,Shankapark,27.7355,85.3434
2025-07-03T11:00,26.9,72,21.5,863.7,3.6,261,Shankapark,27.7355,85.3434
2025-07-03T12:00,23.8,86,21.3,863.2,6.4,245,Shankapark,27.7355,85.3434
2025-07-03T13:00,24.3,82,21.1,862.7,3.7,349,Shankapark,27.7355,85.3434
2025-07-03T14:00,23.7,83,20.7,862.0,2.6,34,Shankapark,27.7355,85.3434
2025-07-03T15:00,24.7,84,21.7,861.5,1.4,293,Shankapark,27.7355,85.3434
2025-07-03T16:00,23.8,88,21.7,861.4,2.5,291,Shankapark,27.7355,85.3434
2025-07-03T17:00,23.0,86,20.6,861.4,2.2,265,Shankapark,27.7355,85.3434
2025-07-03T18:00,22.3,92,20.9,862.8,3.4,212,Shankapark,27.7355,85.3434
2025-07-03T19:00,21.8,96,21.1,863.0,2.3,108,Shankapark,27.7355,85.3434
2025-07-03T20:00,21.1,98,20.8,863.7,2.6,141,Shankapark,27.7355,85.3434
2025-07-03T21:00,20.8,100,20.8,864.2,3.1,62,Shankapark,27.7355,85.3434
2025-07-03T22:00,20.7,99,20.5,864.2,3.8,172,Shankapark,27.7355,85.3434
2025-07-03T23:00,20.4,99,20.3,863.6,2.8,165,Shankapark,27.7355,85.3434
2025-07-04T00:00,20.3,98,20.0,862.8,3.1,173,Shankapark,27.7355,85.3434
2025-07-04T01:00,20.1,98,19.8,862.1,3.2,196,Shankapark,27.7355,85.3434
2025-07-04T02:00,20.2,97,19.8,861.9,2.3,176,Shankapark,27.7355,85.3434
2025-07-04T03:00,19.8,99,19.8,861.3,2.7,172,Shankapark,27.7355,85.3434
2025-07-04T04:00,19.7,100,19.7,861.4,4.3,158,Shankapark,27.7355,85.3434
2025-07-04T05:00,19.8,99,19.8,861.9,4.2,155,Shankapark,27.7355,85.3434
2025-07-04T06:00,21.6,98,21.2,863.1,2.4,153,Shankapark,27.7355,85.3434
2025-07-04T07:00,22.4,91,20.8,863.6,1.3,135,Shankapark,27.7355,85.3434
2025-07-04T08:00,24.3,81,20.7,863.8,1.1,9,Shankapark,27.7355,85.3434
2025-07-04T09:00,25.9,74,20.9,864.1,0.9,90,Shankapark,27.7355,85.3434
2025-07-04T10:00,27.0,71,21.3,864.3,1.5,187,Shankapark,27.7355,85.3434
2025-07-04T11:00,27.3,68,20.9,863.8,2.0,207,Shankapark,27.7355,85.3434
2025-07-04T12:00,23.4,85,20.7,862.8,6.8,270,Shankapark,27.7355,85.3434
2025-07-04T13:00,23.1,88,20.9,862.4,2.5,69,Shankapark,27.7355,85.3434
2025-07-04T14:00,23.3,88,21.3,862.0,3.2,333,Shankapark,27.7355,85.3434
2025-07-04T15:00,23.3,89,21.3,861.3,5.1,342,Shankapark,27.7355,85.3434
2025-07-04T16:00,22.9,87,20.7,861.2,4.3,318,Shankapark,27.7355,85.3434
2025-07-04T17:00,22.2,94,21.2,860.9,0.9,217,Shankapark,27.7355,85.3434
2025-07-04T18:00,21.7,92,20.3,862.3,3.2,43,Shankapark,27.7355,85.3434
2025-07-04T19:00,21.2,99,21.1,862.7,2.9,86,Shankapark,27.7355,85.3434
2025-07-04T20:00,21.2,97,20.7,862.9,3.4,93,Shankapark,27.7355,85.3434
2025-07-04T21:00,20.9,99,20.7,863.3,4.3,178,Shankapark,27.7355,85.3434
2025-07-04T22:00,20.8,97,20.3,863.4,4.2,252,Shankapark,27.7355,85.3434
2025-07-04T23:00,20.4,99,20.3,863.2,1.2,243,Shankapark,27.7355,85.3434
2025-07-05T00:00,20.3,100,20.3,862.7,0.7,14,Shankapark,27.7355,85.3434
2025-07-05T01:00,20.2,100,20.2,862.0,2.6,282,Shankapark,27.7355,85.3434
2025-07-05T02:00,19.9,100,19.9,861.3,4.5,203,Shankapark,27.7355,85.3434
2025-07-05T03:00,19.7,100,19.7,860.5,4.5,203,Shankapark,27.7355,85.3434
2025-07-05T04:00,19.3,100,19.3,860.0,3.8,180,Shankapark,27.7355,85.3434
2025-07-05T05:00,19.3,100,19.3,859.6,5.1,176,Shankapark,27.7355,85.3434
2025-07-05T06:00,21.2,98,20.8,861.0,3.8,188,Shankapark,27.7355,85.3434
2025-07-05T07:00,22.3,92,21.0,862.1,5.0,283,Shankapark,27.7355,85.3434
2025-07-05T08:00,23.7,83,20.6,862.3,3.8,311,Shankapark,27.7355,85.3434
2025-07-05T09:00,25.0,75,20.3,862.9,6.3,342,Shankapark,27.7355,85.3434
2025-07-05T10:00,26.1,70,20.3,863.0,4.0,309,Shankapark,27.7355,85.3434
2025-07-05T11:00,26.3,69,20.1,863.1,2.2,265,Shankapark,27.7355,85.3434
2025-07-05T12:00,26.2,72,20.8,862.5,4.2,216,Shankapark,27.7355,85.3434
2025-07-05T13:00,24.3,79,20.5,861.7,6.1,230,Shankapark,27.7355,85.3434
2025-07-05T14:00,23.9,83,20.8,860.6,4.5,277,Shankapark,27.7355,85.3434
2025-07-05T15:00,24.2,81,20.7,860.1,3.9,286,Shankapark,27.7355,85.3434
2025-07-05T16:00,23.8,83,20.8,859.8,4.3,318,Shankapark,27.7355,85.3434
2025-07-05T17:00,23.6,85,20.8,860.0,2.0,280,Shankapark,27.7355,85.3434
2025-07-05T18:00,22.2,91,20.6,860.5,2.3,270,Shankapark,27.7355,85.3434
2025-07-05T19:00,21.9,93,20.7,861.3,2.5,180,Shankapark,27.7355,85.3434
2025-07-05T20:00,21.9,95,21.1,862.0,2.3,209,Shankapark,27.7355,85.3434
2025-07-05T21:00,21.6,97,21.1,862.4,2.8,225,Shankapark,27.7355,85.3434
2025-07-05T22:00,21.3,98,21.0,862.8,3.4,227,Shankapark,27.7355,85.3434
2025-07-05T23:00,21.1,99,20.9,862.6,2.7,238,Shankapark,27.7355,85.3434
2025-07-06T00:00,20.8,99,20.7,861.7,4.1,214,Shankapark,27.7355,85.3434
2025-07-06T01:00,20.4,98,20.1,860.6,4.6,198,Shankapark,27.7355,85.3434
2025-07-06T02:00,19.8,100,19.8,859.8,3.6,183,Shankapark,27.7355,85.3434
2025-07-06T03:00,19.5,100,19.5,859.4,3.2,164,Shankapark,27.7355,85.3434
2025-07-06T04:00,19.4,100,19.4,859.6,1.4,180,Shankapark,27.7355,85.3434
2025-07-06T05:00,19.7,99,19.6,860.5,0.9,180,Shankapark,27.7355,85.3434
2025-07-06T06:00,20.7,97,20.2,860.6,2.4,167,Shankapark,27.7355,85.3434
2025-07-06T07:00,22.8,84,19.9,862.3,3.1,28,Shankapark,27.7355,85.3434
2025-07-06T08:00,23.9,77,19.6,862.6,2.8,11,Shankapark,27.7355,85.3434
2025-07-06T09:00,25.6,69,19.5,863.2,3.1,10,Shankapark,27.7355,85.3434
2025-07-06T10:00,26.9,65,19.7,863.5,1.9,29,Shankapark,27.7355,85.3434
2025-07-06T11:00,26.9,64,19.6,863.0,4.3,197,Shankapark,27.7355,85.3434
2025-07-06T12:00,26.3,66,19.6,862.6,4.9,216,Shankapark,27.7355,85.3434
2025-07-06T13:00,26.7,68,20.4,861.8,3.4,252,Shankapark,27.7355,85.3434
2025-07-06T14:00,26.3,70,20.4,861.1,6.0,279,Shankapark,27.7355,85.3434
2025-07-06T15:00,24.6,77,20.2,860.3,5.6,318,Shankapark,27.7355,85.3434
2025-07-06T16:00,23.8,84,20.9,859.8,4.5,313,Shankapark,27.7355,85.3434
2025-07-06T17:00,23.8,85,21.0,860.1,4.1,299,Shankapark,27.7355,85.3434
2025-07-06T18:00,22.7,88,20.6,860.7,2.2,360,Shankapark,27.7355,85.3434
2025-07-06T19:00,22.3,92,20.9,861.4,1.0,149,Shankapark,27.7355,85.3434
2025-07-06T20:00,21.9,93,20.8,862.0,3.3,186,Shankapark,27.7355,85.3434
2025-07-06T21:00,21.4,96,20.8,862.6,2.5,90,Shankapark,27.7355,85.3434
2025-07-06T22:00,20.6,100,20.6,863.1,5.3,108,Shankapark,27.7355,85.3434
2025-07-06T23:00,20.3,99,20.2,862.9,1.6,117,Shankapark,27.7355,85.3434
2025-07-07T00:00,20.1,100,20.1,862.1,4.1,180,Shankapark,27.7355,85.3434
2025-07-07T01:00,20.0,98,19.7,860.9,5.1,170,Shankapark,27.7355,85.3434
2025-07-07T02:00,19.7,98,19.3,860.3,4.5,178,Shankapark,27.7355,85.3434
2025-07-07T03:00,19.3,99,19.1,860.1,4.3,213,Shankapark,27.7355,85.3434
2025-07-07T04:00,19.0,99,18.9,860.0,2.8,195,Shankapark,27.7355,85.3434
2025-07-07T05:00,19.0,100,18.9,860.2,2.9,184,Shankapark,27.7355,85.3434
2025-07-07T06:00,21.6,96,20.8,861.2,2.2,204,Shankapark,27.7355,85.3434
2025-07-07T07:00,22.9,89,21.0,862.5,3.1,280,Shankapark,27.7355,85.3434
2025-07-07T08:00,23.8,81,20.3,862.9,6.0,299,Shankapark,27.7355,85.3434
2025-07-07T09:00,24.7,75,19.9,863.2,8.1,307,Shankapark,27.7355,85.3434
2025-07-07T10:00,26.0,68,19.7,863.4,9.1,306,Shankapark,27.7355,85.3434
2025-07-07T11:00,26.9,64,19.6,862.9,8.8,293,Shankapark,27.7355,85.3434
2025-07-07T12:00,27.2,60,18.7,862.4,9.5,284,Shankapark,27.7355,85.3434
2025-07-07T13:00,26.1,67,19.6,861.6,9.9,289,Shankapark,27.7355,85.3434
2025-07-07T14:00,25.4,71,19.8,861.1,7.3,308,Shankapark,27.7355,85.3434
2025-07-07T15:00,24.9,75,20.3,860.6,8.9,315,Shankapark,27.7355,85.3434
2025-07-07T16:00,24.1,81,20.7,860.2,6.4,324,Shankapark,27.7355,85.3434
2025-07-07T17:00,23.9,82,20.7,860.1,2.5,339,Shankapark,27.7355,85.3434
2025-07-07T18:00,23.9,84,21.1,860.4,4.4,279,Shankapark,27.7355,85.3434
2025-07-07T19:00,22.8,91,21.3,861.1,2.8,230,Shankapark,27.7355,85.3434
2025-07-07T20:00,22.1,95,21.3,861.4,2.2,215,Shankapark,27.7355,85.3434
2025-07-07T21:00,21.7,97,21.1,862.1,1.4,203,Shankapark,27.7355,85.3434
2025-07-07T22:00,21.4,97,20.9,862.5,1.8,191,Shankapark,27.7355,85.3434
2025-07-07T23:00,21.1,98,20.8,862.2,2.2,194,Shankapark,27.7355,85.3434
2025-07-08T00:00,20.9,99,20.7,861.9,4.9,246,Shankapark,27.7355,85.3434
2025-07-08T01:00,20.7,98,20.4,861.7,5.2,282,Shankapark,27.7355,85.3434
2025-07-08T02:00,20.6,98,20.3,860.9,3.6,279,Shankapark,27.7355,85.3434
2025-07-08T03:00,20.0,100,19.9,860.0,4.0,219,Shankapark,27.7355,85.3434
2025-07-08T04:00,19.8,100,19.7,860.2,4.4,232,Shankapark,27.7355,85.3434
2025-07-08T05:00,19.8,100,19.8,860.5,1.9,202,Shankapark,27.7355,85.3434
2025-07-08T06:00,21.9,93,20.8,861.3,2.1,285,Shankapark,27.7355,85.3434
2025-07-08T07:00,23.4,83,20.3,862.3,4.9,287,Shankapark,27.7355,85.3434
2025-07-08T08:00,24.4,77,20.2,862.8,8.7,292,Shankapark,27.7355,85.3434
2025-07-08T09:00,25.3,75,20.4,863.2,10.1,297,Shankapark,27.7355,85.3434
2025-07-08T10:00,26.0,70,20.1,863.4,9.5,297,Shankapark,27.7355,85.3434
2025-07-08T11:00,25.6,71,19.9,863.0,7.6,292,Shankapark,27.7355,85.3434
2025-07-08T12:00,25.3,73,20.0,862.6,5.3,315,Shankapark,27.7355,85.3434
2025-07-08T13:00,24.7,79,20.8,861.9,4.1,347,Shankapark,27.7355,85.3434
2025-07-08T14:00,25.2,76,20.7,861.3,3.3,315,Shankapark,27.7355,85.3434
2025-07-08T15:00,24.6,75,19.9,860.7,3.7,284,Shankapark,27.7355,85.3434
2025-07-08T16:00,22.9,86,20.4,860.2,3.6,333,Shankapark,27.7355,85.3434
2025-07-08T17:00,22.9,87,20.7,860.5,3.1,336,Shankapark,27.7355,85.3434
2025-07-08T18:00,22.8,88,20.7,861.5,2.2,5,Shankapark,27.7355,85.3434
2025-07-08T19:00,22.1,92,20.7,862.1,1.5,150,Shankapark,27.7355,85.3434
2025-07-08T20:00,21.0,99,20.8,862.6,3.8,121,Shankapark,27.7355,85.3434
2025-07-08T21:00,20.8,99,20.7,863.4,5.6,90,Shankapark,27.7355,85.3434
2025-07-08T22:00,20.7,100,20.7,863.7,4.1,88,Shankapark,27.7355,85.3434
2025-07-08T23:00,20.7,99,20.4,863.6,4.2,115,Shankapark,27.7355,85.3434
2025-07-09T00:00,20.3,99,20.2,862.8,3.5,118,Shankapark,27.7355,85.3434
2025-07-09T01:00,20.4,99,20.3,861.7,3.6,153,Shankapark,27.7355,85.3434
2025-07-09T02:00,20.2,100,20.1,861.2,2.7,184,Shankapark,27.7355,85.3434
2025-07-09T03:00,19.8,100,19.7,861.4,2.5,291,Shankapark,27.7355,85.3434
2025-07-09T04:00,20.1,98,19.8,862.0,4.1,257,Shankapark,27.7355,85.3434
2025-07-09T05:00,20.3,98,19.9,862.5,4.2,290,Shankapark,27.7355,85.3434
2025-07-09T06:00,20.9,98,20.7,862.8,4.0,280,Shankapark,27.7355,85.3434
2025-07-09T07:00,20.7,98,20.4,863.9,4.0,306,Shankapark,27.7355,85.3434
2025-07-09T08:00,20.8,98,20.4,863.8,0.9,37,Shankapark,27.7355,85.3434
2025-07-09T09:00,22.3,89,20.4,864.6,0.0,270,Shankapark,27.7355,85.3434
2025-07-09T10:00,23.6,84,20.7,864.6,4.0,297,Shankapark,27.7355,85.3434
2025-07-09T11:00,25.2,76,20.7,864.6,4.1,315,Shankapark,27.7355,85.3434
2025-07-09T12:00,25.0,77,20.7,863.6,4.6,315,Shankapark,27.7355,85.3434
2025-07-09T13:00,24.8,78,20.7,862.9,3.6,288,Shankapark,27.7355,85.3434
2025-07-09T14:00,25.1,75,20.3,862.1,2.4,283,Shankapark,27.7355,85.3434
2025-07-09T15:00,23.2,84,20.3,861.2,2.5,330,Shankapark,27.7355,85.3434
2025-07-09T16:00,22.8,87,20.5,861.2,1.5,300,Shankapark,27.7355,85.3434
2025-07-09T17:00,22.5,88,20.4,861.6,3.4,270,Shankapark,27.7355,85.3434
2025-07-09T18:00,21.8,92,20.4,862.7,2.3,309,Shankapark,27.7355,85.3434
2025-07-09T19:00,21.2,94,20.2,863.3,4.0,273,Shankapark,27.7355,85.3434
2025-07-09T20:00,20.9,97,20.5,863.7,2.0,260,Shankapark,27.7355,85.3434
2025-07-09T21:00,20.7,98,20.3,864.5,3.2,254,Shankapark,27.7355,85.3434
2025-07-09T22:00,20.8,98,20.5,864.8,3.9,292,Shankapark,27.7355,85.3434
2025-07-09T23:00,20.3,99,20.3,864.7,5.4,300,Shankapark,27.7355,85.3434
2025-07-10T00:00,20.0,100,19.9,864.3,3.2,322,Shankapark,27.7355,85.3434
2025-07-10T01:00,19.7,99,19.5,863.8,1.5,216,Shankapark,27.7355,85.3434
2025-07-10T02:00,19.4,98,19.2,863.3,3.4,245,Shankapark,27.7355,85.3434
2025-07-10T03:00,19.2,100,19.2,862.5,5.3,278,Shankapark,27.7355,85.3434
2025-07-10T04:00,19.1,100,19.1,862.4,5.0,251,Shankapark,27.7355,85.3434
2025-07-10T05:00,19.2,99,19.1,862.7,5.6,237,Shankapark,27.7355,85.3434
2025-07-10T06:00,20.3,97,19.8,863.1,6.1,227,Shankapark,27.7355,85.3434
2025-07-10T07:00,21.2,91,19.6,864.3,5.6,211,Shankapark,27.7355,85.3434
2025-07-10T08:00,22.9,82,19.7,865.2,3.9,227,Shankapark,27.7355,85.3434
2025-07-10T09:00,24.7,72,19.2,865.8,3.6,288,Shankapark,27.7355,85.3434
2025-07-10T10:00,25.4,68,19.1,865.8,6.8,287,Shankapark,27.7355,85.3434
2025-07-10T11:00,25.7,70,19.7,865.4,7.3,301,Shankapark,27.7355,85.3434
2025-07-10T12:00,26.2,63,18.5,865.1,7.4,270,Shankapark,27.7355,85.3434
2025-07-10T13:00,26.7,65,19.4,864.2,5.9,282,Shankapark,27.7355,85.3434
2025-07-10T14:00,25.3,70,19.5,863.0,4.4,249,Shankapark,27.7355,85.3434
2025-07-10T15:00,25.9,67,19.4,862.3,5.0,272,Shankapark,27.7355,85.3434
2025-07-10T16:00,25.1,73,19.8,862.0,8.0,316,Shankapark,27.7355,85.3434
2025-07-10T17:00,23.4,84,20.6,862.1,8.3,314,Shankapark,27.7355,85.3434
2025-07-10T18:00,22.7,88,20.6,863.6,3.1,291,Shankapark,27.7355,85.3434
2025-07-10T19:00,22.6,91,20.9,864.3,0.9,281,Shankapark,27.7355,85.3434
2025-07-10T20:00,21.9,94,20.9,864.6,2.8,230,Shankapark,27.7355,85.3434
2025-07-10T21:00,21.5,96,20.8,864.9,3.2,267,Shankapark,27.7355,85.3434
2025-07-10T22:00,21.0,96,20.4,864.9,2.7,222,Shankapark,27.7355,85.3434
2025-07-10T23:00,20.8,98,20.4,864.8,2.7,247,Shankapark,27.7355,85.3434
2025-07-11T00:00,20.7,97,20.2,864.4,3.5,249,Shankapark,27.7355,85.3434
2025-07-11T01:00,20.4,98,20.1,863.7,2.1,255,Shankapark,27.7355,85.3434
2025-07-11T02:00,20.2,98,19.8,863.0,0.7,194,Shankapark,27.7355,85.3434
2025-07-11T03:00,20.1,98,19.8,862.6,2.7,176,Shankapark,27.7355,85.3434
2025-07-11T04:00,19.8,98,19.6,862.3,4.3,202,Shankapark,27.7355,85.3434
2025-07-11T05:00,19.8,98,19.6,862.8,3.7,219,Shankapark,27.7355,85.3434
2025-07-11T06:00,21.1,96,20.4,863.2,3.5,171,Shankapark,27.7355,85.3434
2025-07-11T07:00,22.6,88,20.5,864.2,1.5,194,Shankapark,27.7355,85.3434
2025-07-11T08:00,24.0,82,20.7,864.6,0.9,360,Shankapark,27.7355,85.3434
2025-07-11T09:00,25.6,76,20.9,865.3,0.6,214,Shankapark,27.7355,85.3434
2025-07-11T10:00,27.4,66,20.4,865.4,1.9,214,Shankapark,27.7355,85.3434
2025-07-11T11:00,24.7,78,20.6,865.0,7.0,228,Shankapark,27.7355,85.3434
2025-07-11T12:00,24.3,80,20.7,864.7,6.3,307,Shankapark,27.7355,85.3434
2025-07-11T13:00,24.1,79,20.3,864.0,6.5,14,Shankapark,27.7355,85.3434
2025-07-11T14:00,24.5,84,21.7,863.0,2.8,333,Shankapark,27.7355,85.3434
2025-07-11T15:00,25.2,78,21.2,862.2,5.2,301,Shankapark,27.7355,85.3434
2025-07-11T16:00,24.9,79,20.9,861.8,5.6,312,Shankapark,27.7355,85.3434
2025-07-11T17:00,22.8,86,20.3,862.3,2.7,247,Shankapark,27.7355,85.3434
2025-07-11T18:00,22.6,87,20.3,863.6,1.4,203,Shankapark,27.7355,85.3434
2025-07-11T19:00,21.3,96,20.6,863.8,5.6,151,Shankapark,27.7355,85.3434
2025-07-11T20:00,21.1,97,20.6,863.9,3.0,155,Shankapark,27.7355,85.3434
2025-07-11T21:00,20.7,99,20.4,863.9,3.3,144,Shankapark,27.7355,85.3434
2025-07-11T22:00,20.4,99,20.3,864.0,6.4,164,Shankapark,27.7355,85.3434
2025-07-11T23:00,19.9,100,19.9,863.7,5.8,166,Shankapark,27.7355,85.3434
2025-07-12T00:00,19.7,100,19.6,863.4,5.6,165,Shankapark,27.7355,85.3434
2025-07-12T01:00,19.4,99,19.3,863.1,5.2,174,Shankapark,27.7355,85.3434
2025-07-12T02:00,19.2,100,19.2,862.3,3.9,167,Shankapark,27.7355,85.3434
2025-07-12T03:00,19.1,100,19.1,861.6,5.8,166,Shankapark,27.7355,85.3434
2025-07-12T04:00,19.1,100,19.1,861.7,5.6,155,Shankapark,27.7355,85.3434
2025-07-12T05:00,19.2,100,19.2,862.4,5.5,169,Shankapark,27.7355,85.3434
2025-07-12T06:00,21.5,98,21.1,864.0,4.6,154,Shankapark,27.7355,85.3434
2025-07-12T07:00,23.4,86,20.9,864.9,3.6,99,Shankapark,27.7355,85.3434
2025-07-12T08:00,24.8,78,20.7,865.4,1.9,124,Shankapark,27.7355,85.3434
2025-07-12T09:00,26.4,73,21.2,865.9,1.8,259,Shankapark,27.7355,85.3434
2025-07-12T10:00,27.0,71,21.3,866.1,3.2,308,Shankapark,27.7355,85.3434
2025-07-12T11:00,26.4,73,21.1,865.9,8.1,335,Shankapark,27.7355,85.3434
2025-07-12T12:00,24.9,79,21.1,865.0,4.9,280,Shankapark,27.7355,85.3434
2025-07-12T13:00,23.4,87,21.3,864.8,3.4,264,Shankapark,27.7355,85.3434
2025-07-12T14:00,23.8,85,21.2,863.8,2.0,100,Shankapark,27.7355,85.3434
2025-07-12T15:00,24.9,78,20.9,863.1,2.2,55,Shankapark,27.7355,85.3434
2025-07-12T16:00,25.2,77,20.8,862.5,2.8,18,Shankapark,27.7355,85.3434
2025-07-12T17:00,25.2,77,20.8,862.5,2.7,48,Shankapark,27.7355,85.3434
2025-07-12T18:00,23.8,87,21.6,864.1,1.1,108,Shankapark,27.7355,85.3434
2025-07-12T19:00,22.8,92,21.6,864.2,1.3,180,Shankapark,27.7355,85.3434
2025-07-12T20:00,22.1,97,21.5,864.5,4.2,175,Shankapark,27.7355,85.3434
2025-07-12T21:00,21.5,99,21.3,864.7,5.8,171,Shankapark,27.7355,85.3434
2025-07-12T22:00,21.3,98,20.9,865.3,6.5,167,Shankapark,27.7355,85.3434
2025-07-12T23:00,21.3,97,20.8,865.1,5.5,169,Shankapark,27.7355,85.3434
2025-07-13T00:00,20.9,97,20.4,864.6,4.7,173,Shankapark,27.7355,85.3434
2025-07-13T01:00,20.6,97,20.1,863.8,4.2,170,Shankapark,27.7355,85.3434
2025-07-13T02:00,20.2,97,19.8,863.4,4.6,171,Shankapark,27.7355,85.3434
2025-07-13T03:00,20.0,98,19.6,863.6,4.4,161,Shankapark,27.7355,85.3434
2025-07-13T04:00,19.9,97,19.4,863.4,2.8,165,Shankapark,27.7355,85.3434
2025-07-13T05:00,20.2,96,19.5,863.6,2.0,180,Shankapark,27.7355,85.3434
2025-07-13T06:00,22.1,94,21.1,865.0,2.2,204,Shankapark,27.7355,85.3434
2025-07-13T07:00,23.7,83,20.6,866.3,1.3,304,Shankapark,27.7355,85.3434
2025-07-13T08:00,25.2,76,20.7,866.9,1.3,262,Shankapark,27.7355,85.3434
2025-07-13T09:00,26.7,71,20.9,867.0,1.8,294,Shankapark,27.7355,85.3434
2025-07-13T10:00,27.7,69,21.4,866.7,2.1,301,Shankapark,27.7355,85.3434
2025-07-13T11:00,28.7,65,21.5,866.3,2.2,294,Shankapark,27.7355,85.3434
2025-07-13T12:00,25.3,77,20.9,865.6,9.4,258,Shankapark,27.7355,85.3434
2025-07-13T13:00,23.6,90,21.8,864.8,7.2,354,Shankapark,27.7355,85.3434
2025-07-13T14:00,23.2,91,21.6,864.3,5.5,38,Shankapark,27.7355,85.3434
2025-07-13T15:00,23.3,88,21.2,863.3,2.3,61,Shankapark,27.7355,85.3434
2025-07-13T16:00,24.1,82,20.8,862.9,1.9,29,Shankapark,27.7355,85.3434
2025-07-13T17:00,24.1,80,20.5,863.3,1.9,112,Shankapark,27.7355,85.3434
2025-07-13T18:00,23.2,89,21.3,864.4,3.1,114,Shankapark,27.7355,85.3434
2025-07-13T19:00,22.4,92,21.1,865.0,7.1,159,Shankapark,27.7355,85.3434
2025-07-13T20:00,21.8,93,20.7,865.4,5.8,154,Shankapark,27.7355,85.3434
2025-07-13T21:00,21.4,98,21.1,865.7,4.1,151,Shankapark,27.7355,85.3434
2025-07-13T22:00,21.3,98,21.0,865.9,3.3,167,Shankapark,27.7355,85.3434
2025-07-13T23:00,21.1,98,20.8,865.5,5.2,160,Shankapark,27.7355,85.3434
2025-07-14T00:00,20.9,98,20.7,864.5,4.7,162,Shankapark,27.7355,85.3434
2025-07-14T01:00,20.8,99,20.7,864.1,4.8,135,Shankapark,27.7355,85.3434
2025-07-14T02:00,20.7,98,20.4,864.0,4.3,152,Shankapark,27.7355,85.3434
2025-07-14T03:00,20.5,99,20.3,863.5,1.8,169,Shankapark,27.7355,85.3434
2025-07-14T04:00,20.5,97,20.1,863.4,3.8,169,Shankapark,27.7355,85.3434
2025-07-14T05:00,20.4,97,19.9,863.4,3.2,164,Shankapark,27.7355,85.3434
2025-07-14T06:00,20.5,97,20.1,863.4,3.8,172,Shankapark,27.7355,85.3434
2025-07-14T07:00,21.9,91,20.4,864.0,4.9,144,Shankapark,27.7355,85.3434
2025-07-14T08:00,23.8,84,20.8,865.1,4.8,115,Shankapark,27.7355,85.3434
2025-07-14T09:00,25.7,74,20.8,866.0,2.5,94,Shankapark,27.7355,85.3434
2025-07-14T10:00,27.2,68,20.7,866.2,1.8,323,Shankapark,27.7355,85.3434
2025-07-14T11:00,26.8,70,20.8,865.8,5.9,305,Shankapark,27.7355,85.3434
2025-07-14T12:00,25.2,71,19.6,864.7,8.0,247,Shankapark,27.7355,85.3434
2025-07-14T13:00,24.9,76,20.5,864.7,3.7,231,Shankapark,27.7355,85.3434
2025-07-14T14:00,25.4,73,20.3,863.7,4.7,342,Shankapark,27.7355,85.3434
2025-07-14T15:00,24.7,78,20.7,862.7,4.2,340,Shankapark,27.7355,85.3434
2025-07-14T16:00,23.6,85,20.9,862.7,3.1,360,Shankapark,27.7355,85.3434
2025-07-14T17:00,23.2,86,20.8,862.8,4.1,311,Shankapark,27.7355,85.3434
2025-07-14T18:00,21.9,94,20.9,863.7,5.4,262,Shankapark,27.7355,85.3434
2025-07-14T19:00,21.3,97,20.8,863.7,2.6,335,Shankapark,27.7355,85.3434
2025-07-14T20:00,21.3,97,20.9,864.4,1.5,249,Shankapark,27.7355,85.3434
2025-07-14T21:00,21.1,97,20.6,865.0,3.6,229,Shankapark,27.7355,85.3434
2025-07-14T22:00,21.2,97,20.7,864.9,1.9,202,Shankapark,27.7355,85.3434
2025-07-14T23:00,21.1,98,20.7,864.7,2.7,157,Shankapark,27.7355,85.3434
2025-07-15T00:00,20.8,98,20.4,864.2,5.8,292,Shankapark,27.7355,85.3434
2025-07-15T01:00,20.4,98,20.1,863.5,3.6,276,Shankapark,27.7355,85.3434
2025-07-15T02:00,20.3,98,19.9,862.8,2.7,290,Shankapark,27.7355,85.3434
2025-07-15T03:00,19.9,98,19.6,862.2,3.2,232,Shankapark,27.7355,85.3434
2025-07-15T04:00,19.7,98,19.3,861.8,4.6,225,Shankapark,27.7355,85.3434
2025-07-15T05:00,19.8,96,19.3,862.5,3.6,264,Shankapark,27.7355,85.3434
2025-07-15T06:00,20.7,94,19.7,862.9,3.1,246,Shankapark,27.7355,85.3434
2025-07-15T07:00,20.8,93,19.7,863.3,5.2,264,Shankapark,27.7355,85.3434
2025-07-15T08:00,22.7,83,19.8,863.8,4.2,275,Shankapark,27.7355,85.3434
2025-07-15T09:00,24.9,73,19.8,864.2,5.2,292,Shankapark,27.7355,85.3434
2025-07-15T10:00,26.6,67,19.9,864.4,6.5,294,Shankapark,27.7355,85.3434
2025-07-15T11:00,27.2,67,20.6,863.9,8.1,274,Shankapark,27.7355,85.3434
2025-07-15T12:00,25.3,77,20.8,863.4,6.0,261,Shankapark,27.7355,85.3434
2025-07-15T13:00,25.8,76,21.3,863.2,0.9,307,Shankapark,27.7355,85.3434
2025-07-15T14:00,23.3,83,20.3,861.9,2.3,135,Shankapark,27.7355,85.3434
2025-07-15T15:00,23.8,82,20.6,861.0,2.1,200,Shankapark,27.7355,85.3434
2025-07-15T16:00,24.8,75,20.1,860.7,3.0,308,Shankapark,27.7355,85.3434
2025-07-15T17:00,24.6,76,20.1,861.2,3.8,301,Shankapark,27.7355,85.3434
2025-07-15T18:00,21.8,94,20.8,862.7,2.4,103,Shankapark,27.7355,85.3434
2025-07-15T19:00,21.3,96,20.7,863.3,5.0,145,Shankapark,27.7355,85.3434
2025-07-15T20:00,21.1,95,20.2,863.9,4.3,158,Shankapark,27.7355,85.3434
2025-07-15T21:00,20.8,95,20.0,863.7,4.0,177,Shankapark,27.7355,85.3434
2025-07-15T22:00,20.6,95,19.8,863.9,4.5,182,Shankapark,27.7355,85.3434
2025-07-15T23:00,20.3,96,19.7,863.4,4.7,178,Shankapark,27.7355,85.3434
2025-07-16T00:00,19.7,99,19.6,862.9,2.3,180,Shankapark,27.7355,85.3434
2025-07-16T01:00,19.4,99,19.3,862.5,3.6,180,Shankapark,27.7355,85.3434
2025-07-16T02:00,19.4,98,19.1,861.9,2.4,167,Shankapark,27.7355,85.3434
2025-07-16T03:00,19.5,98,19.2,861.9,2.3,176,Shankapark,27.7355,85.3434
2025-07-16T04:00,19.3,98,19.1,861.6,2.2,175,Shankapark,27.7355,85.3434
2025-07-16T05:00,19.2,99,18.9,861.3,4.7,173,Shankapark,27.7355,85.3434
2025-07-16T06:00,21.2,97,20.7,863.1,3.6,127,Shankapark,27.7355,85.3434
2025-07-16T07:00,22.9,89,20.9,864.0,3.1,114,Shankapark,27.7355,85.3434
2025-07-16T08:00,24.4,79,20.7,864.7,4.0,90,Shankapark,27.7355,85.3434
2025-07-16T09:00,25.4,71,19.8,864.8,4.9,84,Shankapark,27.7355,85.3434
2025-07-16T10:00,27.4,61,19.2,864.9,5.4,110,Shankapark,27.7355,85.3434
2025-07-16T11:00,25.7,72,20.2,864.9,11.3,163,Shankapark,27.7355,85.3434
2025-07-16T12:00,24.8,79,20.8,864.3,5.7,127,Shankapark,27.7355,85.3434
2025-07-16T13:00,23.7,80,19.9,863.8,8.1,73,Shankapark,27.7355,85.3434
2025-07-16T14:00,24.6,81,21.2,863.3,5.9,79,Shankapark,27.7355,85.3434
2025-07-16T15:00,25.2,73,20.1,862.5,8.7,117,Shankapark,27.7355,85.3434
2025-07-16T16:00,25.2,71,19.6,862.5,7.7,123,Shankapark,27.7355,85.3434
2025-07-16T17:00,24.1,76,19.7,862.9,5.0,125,Shankapark,27.7355,85.3434
2025-07-16T18:00,22.8,84,19.9,863.8,5.6,112,Shankapark,27.7355,85.3434
2025-07-16T19:00,22.0,89,20.2,864.6,3.5,152,Shankapark,27.7355,85.3434
2025-07-16T20:00,21.3,94,20.2,865.1,3.5,168,Shankapark,27.7355,85.3434
2025-07-16T21:00,21.1,95,20.3,865.4,4.6,135,Shankapark,27.7355,85.3434
2025-07-16T22:00,20.8,96,20.3,865.7,5.1,144,Shankapark,27.7355,85.3434
2025-07-16T23:00,20.6,97,20.1,865.4,6.1,140,Shankapark,27.7355,85.3434
2025-07-17T00:00,20.3,98,20.0,865.0,5.6,135,Shankapark,27.7355,85.3434
2025-07-17T01:00,19.9,100,19.8,864.5,6.4,144,Shankapark,27.7355,85.3434
2025-07-17T02:00,19.9,99,19.8,864.6,6.5,132,Shankapark,27.7355,85.3434
2025-07-17T03:00,19.7,99,19.6,864.3,7.2,129,Shankapark,27.7355,85.3434
2025-07-17T04:00,19.6,99,19.4,864.5,6.5,141,Shankapark,27.7355,85.3434
2025-07-17T05:00,19.7,98,19.3,864.9,6.8,138,Shankapark,27.7355,85.3434
2025-07-17T06:00,20.8,95,20.0,865.9,4.9,141,Shankapark,27.7355,85.3434
2025-07-17T07:00,22.4,87,20.2,867.1,5.2,139,Shankapark,27.7355,85.3434
2025-07-17T08:00,23.8,80,20.2,867.4,7.2,104,Shankapark,27.7355,85.3434
2025-07-17T09:00,24.8,75,20.0,868.0,8.5,108,Shankapark,27.7355,85.3434
2025-07-17T10:00,25.6,72,20.1,867.7,9.6,113,Shankapark,27.7355,85.3434
2025-07-17T11:00,26.7,68,20.3,867.4,9.5,117,Shankapark,27.7355,85.3434
2025-07-17T12:00,27.7,64,20.3,866.9,8.6,119,Shankapark,27.7355,85.3434
2025-07-17T13:00,27.1,65,19.9,866.1,1.9,131,Shankapark,27.7355,85.3434
2025-07-17T14:00,24.8,76,20.2,865.6,3.5,291,Shankapark,27.7355,85.3434
2025-07-17T15:00,24.2,78,20.0,864.7,1.5,291,Shankapark,27.7355,85.3434
2025-07-17T16:00,24.5,77,20.3,864.5,3.1,324,Shankapark,27.7355,85.3434
2025-07-17T17:00,23.7,84,20.8,864.4,4.2,320,Shankapark,27.7355,85.3434
2025-07-17T18:00,22.0,94,20.9,865.5,0.5,135,Shankapark,27.7355,85.3434
2025-07-17T19:00,21.6,97,21.1,865.8,4.2,185,Shankapark,27.7355,85.3434
2025-07-17T20:00,21.2,98,20.9,866.1,3.6,180,Shankapark,27.7355,85.3434
2025-07-17T21:00,21.1,98,20.8,866.4,3.1,170,Shankapark,27.7355,85.3434
2025-07-17T22:00,20.8,98,20.6,866.5,4.0,172,Shankapark,27.7355,85.3434
2025-07-17T23:00,20.5,99,20.3,866.0,4.5,164,Shankapark,27.7355,85.3434
2025-07-18T00:00,20.1,99,19.9,865.2,3.8,163,Shankapark,27.7355,85.3434
2025-07-18T01:00,19.5,100,19.4,864.5,4.5,164,Shankapark,27.7355,85.3434
2025-07-18T02:00,19.0,100,19.0,864.2,3.8,161,Shankapark,27.7355,85.3434
2025-07-18T03:00,18.6,100,18.6,864.1,2.4,167,Shankapark,27.7355,85.3434
2025-07-18T04:00,18.3,100,18.3,863.8,3.1,159,Shankapark,27.7355,85.3434
2025-07-18T05:00,18.3,100,18.3,864.1,3.6,160,Shankapark,27.7355,85.3434
2025-07-18T06:00,20.8,98,20.6,865.5,4.1,182,Shankapark,27.7355,85.3434
2025-07-18T07:00,22.9,90,21.2,866.8,2.7,293,Shankapark,27.7355,85.3434
2025-07-18T08:00,24.4,82,21.1,867.2,1.5,315,Shankapark,27.7355,85.3434
2025-07-18T09:00,25.9,74,20.8,867.3,2.8,297,Shankapark,27.7355,85.3434
2025-07-18T10:00,27.1,68,20.7,867.0,5.8,296,Shankapark,27.7355,85.3434
2025-07-18T11:00,27.0,68,20.5,867.0,6.7,290,Shankapark,27.7355,85.3434
2025-07-18T12:00,27.1,66,20.2,866.2,7.3,287,Shankapark,27.7355,85.3434
2025-07-18T13:00,26.1,73,20.9,865.4,6.4,286,Shankapark,27.7355,85.3434
2025-07-18T14:00,26.6,68,20.3,864.9,8.3,271,Shankapark,27.7355,85.3434
2025-07-18T15:00,25.7,75,20.9,864.2,5.7,298,Shankapark,27.7355,85.3434
2025-07-18T16:00,25.1,80,21.3,863.3,6.5,312,Shankapark,27.7355,85.3434
2025-07-18T17:00,24.7,84,21.7,863.0,6.7,301,Shankapark,27.7355,85.3434
2025-07-18T18:00,23.5,89,21.6,863.2,3.5,309,Shankapark,27.7355,85.3434
2025-07-18T19:00,22.7,96,21.9,863.8,1.3,225,Shankapark,27.7355,85.3434
2025-07-18T20:00,22.1,98,21.8,864.0,1.6,207,Shankapark,27.7355,85.3434
2025-07-18T21:00,21.7,100,21.7,864.4,3.2,218,Shankapark,27.7355,85.3434
2025-07-18T22:00,21.5,100,21.5,864.1,3.9,204,Shankapark,27.7355,85.3434
2025-07-18T23:00,21.3,100,21.3,863.6,3.2,199,Shankapark,27.7355,85.3434
2025-07-19T00:00,21.2,100,21.1,863.0,3.7,194,Shankapark,27.7355,85.3434
2025-07-19T01:00,21.0,99,20.9,862.7,5.4,184,Shankapark,27.7355,85.3434
2025-07-19T02:00,20.7,100,20.7,862.5,3.9,164,Shankapark,27.7355,85.3434
2025-07-19T03:00,20.6,99,20.4,862.0,4.7,176,Shankapark,27.7355,85.3434
2025-07-19T04:00,20.2,99,20.1,861.5,4.3,182,Shankapark,27.7355,85.3434
2025-07-19T05:00,20.1,99,19.9,861.5,3.6,174,Shankapark,27.7355,85.3434
2025-07-19T06:00,22.4,96,21.8,862.6,1.1,189,Shankapark,27.7355,85.3434
2025-07-19T07:00,23.9,86,21.4,863.2,4.1,285,Shankapark,27.7355,85.3434
2025-07-19T08:00,25.2,79,21.3,863.3,6.0,291,Shankapark,27.7355,85.3434
2025-07-19T09:00,26.3,73,21.1,863.5,7.4,296,Shankapark,27.7355,85.3434
2025-07-19T10:00,27.5,67,20.8,863.5,7.5,305,Shankapark,27.7355,85.3434
2025-07-19T11:00,28.3,64,20.8,863.2,8.4,307,Shankapark,27.7355,85.3434
2025-07-19T12:00,28.0,66,21.2,862.5,9.7,297,Shankapark,27.7355,85.3434
2025-07-19T13:00,28.0,69,21.8,861.8,8.9,291,Shankapark,27.7355,85.3434
2025-07-19T14:00,27.5,71,21.8,860.8,8.0,284,Shankapark,27.7355,85.3434
2025-07-19T15:00,27.1,72,21.6,860.0,8.9,283,Shankapark,27.7355,85.3434
2025-07-19T16:00,25.9,77,21.6,859.6,9.1,279,Shankapark,27.7355,85.3434
2025-07-19T17:00,24.1,86,21.5,859.9,6.1,304,Shankapark,27.7355,85.3434
2025-07-19T18:00,23.8,88,21.8,860.3,5.5,293,Shankapark,27.7355,85.3434
2025-07-19T19:00,23.6,91,22.1,861.1,3.6,319,Shankapark,27.7355,85.3434
2025-07-19T20:00,23.1,94,22.0,861.8,1.9,343,Shankapark,27.7355,85.3434
2025-07-19T21:00,22.7,96,22.0,861.8,0.6,198,Shankapark,27.7355,85.3434
2025-07-19T22:00,22.4,98,22.2,862.0,2.3,209,Shankapark,27.7355,85.3434
2025-07-19T23:00,22.0,100,22.0,861.7,2.2,175,Shankapark,27.7355,85.3434
2025-07-20T00:00,21.8,100,21.8,861.2,2.5,172,Shankapark,27.7355,85.3434
2025-07-20T01:00,21.8,100,21.8,860.7,2.1,200,Shankapark,27.7355,85.3434
2025-07-20T02:00,21.8,100,21.8,860.3,2.0,207,Shankapark,27.7355,85.3434
2025-07-20T03:00,21.8,96,21.1,860.2,3.5,219,Shankapark,27.7355,85.3434
2025-07-20T04:00,21.6,100,21.6,860.1,3.7,215,Shankapark,27.7355,85.3434
2025-07-20T05:00,21.5,100,21.5,860.9,2.4,167,Shankapark,27.7355,85.3434
2025-07-20T06:00,21.4,90,19.8,862.1,2.8,225,Shankapark,27.7355,85.3434
2025-07-20T07:00,21.3,91,19.9,862.5,1.4,230,Shankapark,27.7355,85.3434
2025-07-20T08:00,22.3,90,20.6,863.4,2.4,287,Shankapark,27.7355,85.3434
2025-07-20T09:00,22.4,88,20.3,863.6,2.4,234,Shankapark,27.7355,85.3434
2025-07-20T10:00,23.8,81,20.4,864.0,1.7,283,Shankapark,27.7355,85.3434
2025-07-20T11:00,25.5,74,20.4,864.2,3.7,317,Shankapark,27.7355,85.3434
2025-07-20T12:00,25.6,72,20.1,863.5,6.6,325,Shankapark,27.7355,85.3434
2025-07-20T13:00,24.3,80,20.7,862.8,5.9,340,Shankapark,27.7355,85.3434
2025-07-20T14:00,24.0,81,20.4,862.0,4.7,332,Shankapark,27.7355,85.3434
2025-07-20T15:00,24.7,72,19.3,861.2,6.2,311,Shankapark,27.7355,85.3434
2025-07-20T16:00,24.3,73,19.0,860.7,4.6,315,Shankapark,27.7355,85.3434
2025-07-20T17:00,23.4,76,18.9,860.7,4.5,323,Shankapark,27.7355,85.3434
2025-07-20T18:00,22.6,86,20.2,861.4,3.1,3,Shankapark,27.7355,85.3434
2025-07-20T19:00,22.0,91,20.4,862.0,1.4,230,Shankapark,27.7355,85.3434
2025-07-20T20:00,21.7,93,20.6,862.5,2.6,231,Shankapark,27.7355,85.3434
2025-07-20T21:00,21.4,96,20.8,863.2,1.8,217,Shankapark,27.7355,85.3434
2025-07-20T22:00,21.0,98,20.7,863.5,2.8,195,Shankapark,27.7355,85.3434
2025-07-20T23:00,21.1,98,20.8,863.4,2.5,172,Shankapark,27.7355,85.3434
2025-07-21T00:00,20.8,100,20.8,863.0,2.2,185,Shankapark,27.7355,85.3434
2025-07-21T01:00,20.7,100,20.7,862.6,3.0,197,Shankapark,27.7355,85.3434
2025-07-21T02:00,20.4,100,20.4,862.3,2.9,202,Shankapark,27.7355,85.3434
2025-07-21T03:00,20.3,100,20.3,862.0,1.9,163,Shankapark,27.7355,85.3434
2025-07-21T04:00,20.0,100,20.0,862.0,0.8,153,Shankapark,27.7355,85.3434
2025-07-21T05:00,20.3,100,20.2,862.5,1.4,130,Shankapark,27.7355,85.3434
2025-07-21T06:00,21.9,96,21.3,863.8,1.7,319,Shankapark,27.7355,85.3434
2025-07-21T07:00,22.9,88,20.8,864.5,3.1,310,Shankapark,27.7355,85.3434
2025-07-21T08:00,24.2,80,20.5,865.2,3.1,320,Shankapark,27.7355,85.3434
2025-07-21T09:00,25.1,76,20.6,865.5,3.1,315,Shankapark,27.7355,85.3434
2025-07-21T10:00,25.5,76,20.9,865.6,2.8,349,Shankapark,27.7355,85.3434
2025-07-21T11:00,26.5,74,21.4,865.3,2.0,350,Shankapark,27.7355,85.3434
2025-07-21T12:00,26.7,72,21.3,864.4,4.7,310,Shankapark,27.7355,85.3434
2025-07-21T13:00,26.7,71,21.0,863.2,5.8,321,Shankapark,27.7355,85.3434
2025-07-21T14:00,26.0,75,21.1,862.3,9.1,300,Shankapark,27.7355,85.3434
2025-07-21T15:00,26.2,74,21.2,861.4,7.8,296,Shankapark,27.7355,85.3434
2025-07-21T16:00,25.9,73,20.8,861.3,6.5,289,Shankapark,27.7355,85.3434
2025-07-21T17:00,25.3,76,20.8,861.3,4.2,301,Shankapark,27.7355,85.3434
2025-07-21T18:00,23.6,87,21.3,862.4,2.2,336,Shankapark,27.7355,85.3434
2025-07-21T19:00,22.7,93,21.5,862.9,0.5,180,Shankapark,27.7355,85.3434
2025-07-21T20:00,22.2,97,21.7,863.2,0.9,191,Shankapark,27.7355,85.3434
2025-07-21T21:00,21.8,99,21.7,863.6,1.6,180,Shankapark,27.7355,85.3434
2025-07-21T22:00,21.7,100,21.7,864.1,4.3,158,Shankapark,27.7355,85.3434
2025-07-21T23:00,21.5,99,21.3,863.8,2.6,155,Shankapark,27.7355,85.3434
2025-07-22T00:00,21.4,98,21.1,863.3,3.2,164,Shankapark,27.7355,85.3434
2025-07-22T01:00,21.3,98,20.9,862.7,1.9,209,Shankapark,27.7355,85.3434
2025-07-22T02:00,20.9,99,20.8,862.2,0.7,194,Shankapark,27.7355,85.3434
2025-07-22T03:00,20.7,99,20.6,861.7,2.9,173,Shankapark,27.7355,85.3434
2025-07-22T04:00,20.3,100,20.3,861.6,1.9,163,Shankapark,27.7355,85.3434
2025-07-22T05:00,20.3,100,20.2,862.1,2.4,153,Shankapark,27.7355,85.3434
2025-07-22T06:00,21.6,97,21.1,862.9,1.9,197,Shankapark,27.7355,85.3434
2025-07-22T07:00,22.8,90,21.1,863.6,0.5,270,Shankapark,27.7355,85.3434
2025-07-22T08:00,23.7,86,21.2,863.7,2.2,346,Shankapark,27.7355,85.3434
2025-07-22T09:00,24.7,81,21.1,863.6,2.9,330,Shankapark,27.7355,85.3434
2025-07-22T10:00,25.8,75,20.9,863.5,5.0,308,Shankapark,27.7355,85.3434
2025-07-22T11:00,26.8,72,21.3,863.3,6.1,298,Shankapark,27.7355,85.3434
2025-07-22T12:00,27.3,70,21.4,862.6,5.4,256,Shankapark,27.7355,85.3434
2025-07-22T13:00,25.9,73,20.7,861.2,5.9,180,Shankapark,27.7355,85.3434
2025-07-22T14:00,25.0,82,21.8,860.6,4.9,204,Shankapark,27.7355,85.3434
2025-07-22T15:00,25.5,79,21.6,860.1,1.9,292,Shankapark,27.7355,85.3434
2025-07-22T16:00,25.4,76,21.0,859.7,5.6,320,Shankapark,27.7355,85.3434
2025-07-22T17:00,24.2,83,21.1,859.7,6.3,252,Shankapark,27.7355,85.3434
2025-07-22T18:00,23.3,91,21.7,860.9,4.2,277,Shankapark,27.7355,85.3434
2025-07-22T19:00,22.3,97,21.8,861.1,4.0,278,Shankapark,27.7355,85.3434
2025-07-22T20:00,21.9,99,21.8,861.5,3.3,306,Shankapark,27.7355,85.3434
2025-07-22T21:00,21.8,98,21.5,862.1,1.9,241,Shankapark,27.7355,85.3434
2025-07-22T22:00,21.7,98,21.3,862.1,2.6,192,Shankapark,27.7355,85.3434
2025-07-22T23:00,21.7,97,21.2,862.0,2.5,184,Shankapark,27.7355,85.3434
2025-07-23T00:00,21.6,95,20.8,861.4,1.7,193,Shankapark,27.7355,85.3434
2025-07-23T01:00,21.2,99,21.0,860.9,0.4,243,Shankapark,27.7355,85.3434
2025-07-23T02:00,21.1,98,20.8,860.5,0.8,207,Shankapark,27.7355,85.3434
2025-07-23T03:00,20.7,100,20.6,860.0,0.9,180,Shankapark,27.7355,85.3434
2025-07-23T04:00,20.7,99,20.5,859.7,0.6,146,Shankapark,27.7355,85.3434
2025-07-23T05:00,20.7,99,20.5,859.8,2.5,172,Shankapark,27.7355,85.3434
2025-07-23T06:00,21.5,97,21.0,860.4,0.9,143,Shankapark,27.7355,85.3434
2025-07-23T07:00,22.5,94,21.5,860.9,1.1,72,Shankapark,27.7355,85.3434
2025-07-23T08:00,24.3,84,21.4,861.3,0.5,90,Shankapark,27.7355,85.3434
2025-07-23T09:00,25.8,77,21.3,861.4,2.4,306,Shankapark,27.7355,85.3434
2025-07-23T10:00,27.2,71,21.4,861.2,4.1,315,Shankapark,27.7355,85.3434
2025-07-23T11:00,28.6,67,21.8,860.9,5.6,312,Shankapark,27.7355,85.3434
2025-07-23T12:00,27.9,72,22.3,860.1,7.2,245,Shankapark,27.7355,85.3434
2025-07-23T13:00,25.4,78,21.4,859.6,4.5,209,Shankapark,27.7355,85.3434
2025-07-23T14:00,25.3,80,21.6,858.5,2.1,15,Shankapark,27.7355,85.3434
2025-07-23T15:00,24.4,83,21.3,857.8,0.8,297,Shankapark,27.7355,85.3434
2025-07-23T16:00,24.7,83,21.7,857.4,3.5,336,Shankapark,27.7355,85.3434
2025-07-23T17:00,24.6,83,21.6,857.6,3.6,315,Shankapark,27.7355,85.3434
2025-07-23T18:00,23.3,92,22.0,858.3,3.0,107,Shankapark,27.7355,85.3434
2025-07-23T19:00,22.4,97,22.0,858.7,4.7,162,Shankapark,27.7355,85.3434
2025-07-23T20:00,21.9,100,21.9,859.5,4.2,168,Shankapark,27.7355,85.3434
2025-07-23T21:00,21.8,100,21.8,860.1,2.8,165,Shankapark,27.7355,85.3434
2025-07-23T22:00,21.7,100,21.7,860.1,3.3,158,Shankapark,27.7355,85.3434
2025-07-23T23:00,21.3,100,21.2,859.7,4.6,154,Shankapark,27.7355,85.3434
2025-07-24T00:00,20.8,100,20.8,858.7,4.7,162,Shankapark,27.7355,85.3434
2025-07-24T01:00,20.4,100,20.4,858.0,4.3,163,Shankapark,27.7355,85.3434
2025-07-24T02:00,20.1,99,20.0,857.4,3.6,171,Shankapark,27.7355,85.3434
2025-07-24T03:00,20.1,98,19.8,857.6,3.3,174,Shankapark,27.7355,85.3434
2025-07-24T04:00,19.9,98,19.6,857.9,3.6,160,Shankapark,27.7355,85.3434
2025-07-24T05:00,20.3,95,19.6,858.6,4.0,162,Shankapark,27.7355,85.3434
2025-07-24T06:00,22.3,97,21.7,859.1,4.0,126,Shankapark,27.7355,85.3434
2025-07-24T07:00,24.3,88,22.1,860.4,2.8,153,Shankapark,27.7355,85.3434
2025-07-24T08:00,25.7,82,22.3,860.8,1.2,27,Shankapark,27.7355,85.3434
2025-07-24T09:00,27.2,75,22.3,861.2,0.6,34,Shankapark,27.7355,85.3434
2025-07-24T10:00,28.8,70,22.8,861.4,0.9,349,Shankapark,27.7355,85.3434
2025-07-24T11:00,29.7,66,22.6,860.4,4.2,301,Shankapark,27.7355,85.3434
2025-07-24T12:00,24.8,84,21.9,859.9,6.8,202,Shankapark,27.7355,85.3434
2025-07-24T13:00,25.9,82,22.4,859.2,0.6,34,Shankapark,27.7355,85.3434
2025-07-24T14:00,25.5,82,22.3,857.5,3.3,13,Shankapark,27.7355,85.3434
2025-07-24T15:00,26.9,72,21.3,857.0,3.7,281,Shankapark,27.7355,85.3434
2025-07-24T16:00,26.7,72,21.2,856.8,6.8,235,Shankapark,27.7355,85.3434
2025-07-24T17:00,26.1,74,21.0,857.2,3.4,162,Shankapark,27.7355,85.3434
2025-07-24T18:00,23.4,93,22.3,857.6,1.8,180,Shankapark,27.7355,85.3434
2025-07-24T19:00,22.4,100,22.4,857.7,4.7,189,Shankapark,27.7355,85.3434
2025-07-24T20:00,22.3,98,22.0,858.5,3.4,186,Shankapark,27.7355,85.3434
2025-07-24T21:00,22.1,98,21.8,859.0,3.6,186,Shankapark,27.7355,85.3434
2025-07-24T22:00,21.5,100,21.4,858.9,2.5,172,Shankapark,27.7355,85.3434
2025-07-24T23:00,21.3,100,21.2,858.6,2.6,164,Shankapark,27.7355,85.3434
2025-07-25T00:00,20.9,100,20.9,858.1,2.2,171,Shankapark,27.7355,85.3434
2025-07-25T01:00,20.5,100,20.5,857.5,2.5,176,Shankapark,27.7355,85.3434
2025-07-25T02:00,20.3,100,20.3,856.9,1.8,169,Shankapark,27.7355,85.3434
2025-07-25T03:00,20.1,100,20.1,856.9,3.6,183,Shankapark,27.7355,85.3434
2025-07-25T04:00,20.0,100,20.0,857.2,3.1,177,Shankapark,27.7355,85.3434
2025-07-25T05:00,20.3,99,20.2,857.1,3.4,164,Shankapark,27.7355,85.3434
2025-07-25T06:00,22.7,96,22.1,857.9,3.6,162,Shankapark,27.7355,85.3434
2025-07-25T07:00,25.2,85,22.5,859.8,1.9,131,Shankapark,27.7355,85.3434
2025-07-25T08:00,26.9,76,22.3,860.4,1.3,236,Shankapark,27.7355,85.3434
2025-07-25T09:00,28.4,64,20.9,860.6,5.2,264,Shankapark,27.7355,85.3434
2025-07-25T10:00,28.7,61,20.4,860.7,7.9,237,Shankapark,27.7355,85.3434
2025-07-25T11:00,25.8,76,21.2,860.3,6.1,246,Shankapark,27.7355,85.3434
2025-07-25T12:00,26.5,74,21.4,860.4,4.3,275,Shankapark,27.7355,85.3434
2025-07-25T13:00,25.8,77,21.5,859.6,5.7,259,Shankapark,27.7355,85.3434
2025-07-25T14:00,25.0,82,21.8,858.8,7.6,301,Shankapark,27.7355,85.3434
2025-07-25T15:00,24.9,84,21.9,858.0,8.9,320,Shankapark,27.7355,85.3434
2025-07-25T16:00,24.9,85,22.2,857.6,8.7,317,Shankapark,27.7355,85.3434
2025-07-25T17:00,24.6,86,22.1,857.7,5.2,311,Shankapark,27.7355,85.3434
2025-07-25T18:00,22.8,94,21.9,859.1,4.1,311,Shankapark,27.7355,85.3434
2025-07-25T19:00,22.4,97,21.9,859.6,2.3,238,Shankapark,27.7355,85.3434
2025-07-25T20:00,22.4,95,21.6,859.9,3.2,214,Shankapark,27.7355,85.3434
2025-07-25T21:00,22.3,94,21.3,860.2,4.8,209,Shankapark,27.7355,85.3434
2025-07-25T22:00,21.8,97,21.2,860.3,2.6,196,Shankapark,27.7355,85.3434
2025-07-25T23:00,21.5,97,21.0,860.4,2.5,172,Shankapark,27.7355,85.3434
2025-07-26T00:00,21.3,98,20.9,859.8,4.7,182,Shankapark,27.7355,85.3434
2025-07-26T01:00,20.9,100,20.9,859.4,3.6,162,Shankapark,27.7355,85.3434
2025-07-26T02:00,20.6,100,20.6,858.6,3.1,159,Shankapark,27.7355,85.3434
2025-07-26T03:00,20.3,100,20.3,858.3,3.8,161,Shankapark,27.7355,85.3434
2025-07-26T04:00,19.9,100,19.9,857.8,3.7,169,Shankapark,27.7355,85.3434
2025-07-26T05:00,19.9,100,19.9,857.9,3.4,174,Shankapark,27.7355,85.3434
2025-07-26T06:00,22.3,96,21.8,859.5,3.3,171,Shankapark,27.7355,85.3434
2025-07-26T07:00,24.1,88,22.0,861.0,3.1,267,Shankapark,27.7355,85.3434
2025-07-26T08:00,24.7,86,22.2,861.4,1.2,309,Shankapark,27.7355,85.3434
2025-07-26T09:00,26.0,77,21.7,862.0,2.9,274,Shankapark,27.7355,85.3434
2025-07-26T10:00,24.9,78,20.9,861.9,3.7,235,Shankapark,27.7355,85.3434
2025-07-26T11:00,25.6,80,21.8,861.8,3.2,326,Shankapark,27.7355,85.3434
2025-07-26T12:00,26.4,77,21.9,861.4,4.6,347,Shankapark,27.7355,85.3434
2025-07-26T13:00,25.2,81,21.7,860.7,2.3,241,Shankapark,27.7355,85.3434
2025-07-26T14:00,24.7,85,21.9,860.1,0.6,72,Shankapark,27.7355,85.3434
2025-07-26T15:00,24.2,92,22.7,859.2,1.7,72,Shankapark,27.7355,85.3434
2025-07-26T16:00,24.3,90,22.6,859.1,2.2,95,Shankapark,27.7355,85.3434
2025-07-26T17:00,24.1,90,22.3,859.5,0.6,214,Shankapark,27.7355,85.3434
2025-07-26T18:00,22.8,94,21.8,860.3,1.9,139,Shankapark,27.7355,85.3434
2025-07-26T19:00,22.4,98,22.2,860.9,2.8,169,Shankapark,27.7355,85.3434
2025-07-26T20:00,22.4,98,22.2,861.7,4.6,149,Shankapark,27.7355,85.3434
2025-07-26T21:00,22.1,99,21.9,862.3,5.1,132,Shankapark,27.7355,85.3434
2025-07-26T22:00,22.1,97,21.6,862.6,4.1,146,Shankapark,27.7355,85.3434
2025-07-26T23:00,21.8,94,20.8,862.6,1.5,166,Shankapark,27.7355,85.3434
2025-07-27T00:00,21.7,96,20.9,861.9,1.3,180,Shankapark,27.7355,85.3434
2025-07-27T01:00,21.5,97,20.9,861.2,2.2,180,Shankapark,27.7355,85.3434
2025-07-27T02:00,21.2,99,21.0,860.8,3.6,177,Shankapark,27.7355,85.3434
2025-07-27T03:00,21.1,98,20.8,860.5,3.6,177,Shankapark,27.7355,85.3434
2025-07-27T04:00,20.8,99,20.7,860.2,3.5,159,Shankapark,27.7355,85.3434
2025-07-27T05:00,20.8,99,20.6,860.2,4.2,168,Shankapark,27.7355,85.3434
2025-07-27T06:00,22.1,96,21.5,860.8,2.5,150,Shankapark,27.7355,85.3434
2025-07-27T07:00,23.4,89,21.6,861.3,1.4,113,Shankapark,27.7355,85.3434
2025-07-27T08:00,24.9,81,21.6,861.7,1.3,98,Shankapark,27.7355,85.3434
2025-07-27T09:00,26.7,71,20.9,861.8,1.0,112,Shankapark,27.7355,85.3434
2025-07-27T10:00,27.5,67,20.8,861.6,2.7,110,Shankapark,27.7355,85.3434
2025-07-27T11:00,27.8,66,20.8,861.2,4.0,159,Shankapark,27.7355,85.3434
2025-07-27T12:00,27.7,68,21.3,860.7,5.0,215,Shankapark,27.7355,85.3434
2025-07-27T13:00,26.0,73,20.8,860.0,4.8,245,Shankapark,27.7355,85.3434
2025-07-27T14:00,25.7,77,21.3,859.5,5.0,270,Shankapark,27.7355,85.3434
2025-07-27T15:00,25.0,82,21.7,858.9,3.1,357,Shankapark,27.7355,85.3434
2025-07-27T16:00,23.8,86,21.3,858.8,0.9,127,Shankapark,27.7355,85.3434
2025-07-27T17:00,23.7,87,21.3,859.1,1.8,354,Shankapark,27.7355,85.3434
2025-07-27T18:00,22.4,98,22.1,860.0,1.3,124,Shankapark,27.7355,85.3434
2025-07-27T19:00,22.3,100,22.3,860.4,2.8,145,Shankapark,27.7355,85.3434
2025-07-27T20:00,22.2,100,22.2,860.8,4.2,149,Shankapark,27.7355,85.3434
2025-07-27T21:00,22.1,99,21.9,861.1,3.3,158,Shankapark,27.7355,85.3434
2025-07-27T22:00,21.9,98,21.7,861.1,2.2,125,Shankapark,27.7355,85.3434
2025-07-27T23:00,21.8,100,21.8,860.9,3.5,141,Shankapark,27.7355,85.3434
2025-07-28T00:00,21.8,100,21.7,860.1,3.3,135,Shankapark,27.7355,85.3434
2025-07-28T01:00,21.6,99,21.4,859.9,2.0,117,Shankapark,27.7355,85.3434
2025-07-28T02:00,21.4,100,21.4,859.5,0.6,56,Shankapark,27.7355,85.3434
2025-07-28T03:00,21.4,99,21.3,859.5,1.8,114,Shankapark,27.7355,85.3434
2025-07-28T04:00,21.4,99,21.2,859.4,1.9,163,Shankapark,27.7355,85.3434
2025-07-28T05:00,21.2,99,21.1,859.6,1.7,212,Shankapark,27.7355,85.3434
2025-07-28T06:00,21.6,96,20.8,860.3,3.9,114,Shankapark,27.7355,85.3434
2025-07-28T07:00,21.7,97,21.1,861.0,3.9,118,Shankapark,27.7355,85.3434
2025-07-28T08:00,21.9,97,21.4,861.3,3.2,124,Shankapark,27.7355,85.3434
2025-07-28T09:00,22.7,94,21.6,861.8,2.2,114,Shankapark,27.7355,85.3434
2025-07-28T10:00,23.5,92,22.2,861.8,0.6,18,Shankapark,27.7355,85.3434
2025-07-28T11:00,24.2,86,21.8,861.6,0.3,225,Shankapark,27.7355,85.3434
2025-07-28T12:00,24.8,85,22.2,861.2,0.7,14,Shankapark,27.7355,85.3434
2025-07-28T13:00,23.3,95,22.3,860.4,0.9,169,Shankapark,27.7355,85.3434
2025-07-28T14:00,23.4,94,22.3,859.8,2.1,290,Shankapark,27.7355,85.3434
2025-07-28T15:00,23.4,93,22.3,859.3,3.2,297,Shankapark,27.7355,85.3434
2025-07-28T16:00,23.3,84,20.5,859.1,3.4,286,Shankapark,27.7355,85.3434
2025-07-28T17:00,22.1,95,21.2,859.6,2.1,290,Shankapark,27.7355,85.3434
2025-07-28T18:00,21.7,96,21.1,860.8,1.9,124,Shankapark,27.7355,85.3434
2025-07-28T19:00,21.4,99,21.3,861.2,4.3,118,Shankapark,27.7355,85.3434
2025-07-28T20:00,21.3,99,21.2,861.4,4.4,125,Shankapark,27.7355,85.3434
2025-07-28T21:00,21.3,99,21.2,861.8,5.3,147,Shankapark,27.7355,85.3434
2025-07-28T22:00,21.2,99,21.1,861.9,5.1,162,Shankapark,27.7355,85.3434
2025-07-28T23:00,21.2,98,20.8,861.9,3.7,166,Shankapark,27.7355,85.3434
2025-07-29T00:00,21.3,98,20.9,861.5,2.2,171,Shankapark,27.7355,85.3434
2025-07-29T01:00,21.2,99,21.0,861.0,1.4,180,Shankapark,27.7355,85.3434
2025-07-29T02:00,21.1,100,21.1,860.6,1.6,117,Shankapark,27.7355,85.3434
2025-07-29T03:00,21.1,99,20.9,860.6,1.9,163,Shankapark,27.7355,85.3434
2025-07-29T04:00,21.0,99,20.9,860.4,2.6,129,Shankapark,27.7355,85.3434
2025-07-29T05:00,21.0,99,20.8,860.8,3.0,142,Shankapark,27.7355,85.3434
2025-07-29T06:00,21.1,98,20.8,861.3,3.1,118,Shankapark,27.7355,85.3434
2025-07-29T07:00,21.7,96,21.0,862.1,1.3,124,Shankapark,27.7355,85.3434
2025-07-29T08:00,22.4,92,21.1,862.7,1.7,328,Shankapark,27.7355,85.3434
2025-07-29T09:00,22.3,93,21.1,862.8,2.0,333,Shankapark,27.7355,85.3434
2025-07-29T10:00,23.1,88,20.9,862.9,3.6,315,Shankapark,27.7355,85.3434
2025-07-29T11:00,23.7,88,21.6,862.5,5.0,305,Shankapark,27.7355,85.3434
2025-07-29T12:00,23.6,84,20.8,862.1,6.6,317,Shankapark,27.7355,85.3434
2025-07-29T13:00,23.5,86,21.1,861.8,4.4,308,Shankapark,27.7355,85.3434
2025-07-29T14:00,22.9,90,21.2,861.1,5.0,334,Shankapark,27.7355,85.3434
2025-07-29T15:00,23.3,89,21.4,860.4,0.4,180,Shankapark,27.7355,85.3434
2025-07-29T16:00,23.3,90,21.5,860.2,0.5,45,Shankapark,27.7355,85.3434
2025-07-29T17:00,23.1,90,21.3,860.1,1.7,148,Shankapark,27.7355,85.3434
2025-07-29T18:00,22.3,95,21.4,861.1,0.5,225,Shankapark,27.7355,85.3434
2025-07-29T19:00,22.1,96,21.3,861.7,2.2,185,Shankapark,27.7355,85.3434
2025-07-29T20:00,21.8,98,21.4,862.0,2.6,155,Shankapark,27.7355,85.3434
2025-07-29T21:00,21.4,99,21.3,862.6,3.8,163,Shankapark,27.7355,85.3434
2025-07-29T22:00,21.1,100,21.1,862.7,3.8,169,Shankapark,27.7355,85.3434
2025-07-29T23:00,20.7,99,20.6,862.3,3.8,183,Shankapark,27.7355,85.3434
2025-07-30T00:00,20.2,99,20.0,862.1,6.7,175,Shankapark,27.7355,85.3434
2025-07-30T01:00,20.2,97,19.7,861.6,4.4,148,Shankapark,27.7355,85.3434
2025-07-30T02:00,20.1,98,19.7,861.3,3.9,156,Shankapark,27.7355,85.3434
2025-07-30T03:00,19.8,99,19.6,860.6,4.7,164,Shankapark,27.7355,85.3434
2025-07-30T04:00,19.4,99,19.3,860.3,5.1,163,Shankapark,27.7355,85.3434
2025-07-30T05:00,19.3,100,19.3,860.5,5.2,164,Shankapark,27.7355,85.3434
2025-07-30T06:00,21.2,97,20.8,861.9,5.1,132,Shankapark,27.7355,85.3434
2025-07-30T07:00,22.9,93,21.7,863.1,4.5,113,Shankapark,27.7355,85.3434
2025-07-30T08:00,24.4,85,21.8,863.7,1.1,90,Shankapark,27.7355,85.3434
2025-07-30T09:00,26.3,75,21.4,864.3,2.6,344,Shankapark,27.7355,85.3434
2025-07-30T10:00,26.7,72,21.2,863.9,4.0,324,Shankapark,27.7355,85.3434
2025-07-30T11:00,25.3,79,21.3,863.6,4.6,259,Shankapark,27.7355,85.3434
2025-07-30T12:00,25.8,80,21.9,863.3,4.7,293,Shankapark,27.7355,85.3434
2025-07-30T13:00,25.8,81,22.2,862.4,1.1,360,Shankapark,27.7355,85.3434
2025-07-30T14:00,23.2,87,20.9,861.5,1.7,162,Shankapark,27.7355,85.3434
2025-07-30T15:00,23.7,89,21.7,861.3,1.1,90,Shankapark,27.7355,85.3434
2025-07-30T16:00,23.8,89,21.8,861.4,2.5,330,Shankapark,27.7355,85.3434
2025-07-30T17:00,22.7,93,21.4,861.1,0.9,270,Shankapark,27.7355,85.3434
2025-07-30T18:00,21.4,99,21.3,862.7,3.2,214,Shankapark,27.7355,85.3434
2025-07-30T19:00,20.9,99,20.8,863.2,2.4,117,Shankapark,27.7355,85.3434
2025-07-30T20:00,21.1,98,20.7,863.7,4.6,132,Shankapark,27.7355,85.3434
2025-07-30T21:00,21.1,99,20.8,864.1,2.8,117,Shankapark,27.7355,85.3434
2025-07-30T22:00,20.8,99,20.7,864.0,5.4,120,Shankapark,27.7355,85.3434
2025-07-30T23:00,20.8,99,20.7,863.8,4.1,128,Shankapark,27.7355,85.3434
2025-07-31T00:00,20.8,99,20.7,863.1,3.8,155,Shankapark,27.7355,85.3434
2025-07-31T01:00,20.6,99,20.5,862.3,2.5,201,Shankapark,27.7355,85.3434
2025-07-31T02:00,20.4,100,20.4,861.7,2.5,240,Shankapark,27.7355,85.3434
2025-07-31T03:00,20.1,100,20.1,860.9,2.7,233,Shankapark,27.7355,85.3434
2025-07-31T04:00,19.7,100,19.6,860.7,1.2,207,Shankapark,27.7355,85.3434
2025-07-31T05:00,19.4,100,19.3,861.1,0.9,180,Shankapark,27.7355,85.3434
2025-07-31T06:00,21.1,99,20.9,862.6,1.5,54,Shankapark,27.7355,85.3434
2025-07-31T07:00,21.8,91,20.3,863.3,2.8,333,Shankapark,27.7355,85.3434
2025-07-31T08:00,23.1,85,20.3,863.5,3.3,292,Shankapark,27.7355,85.3434
2025-07-31T09:00,24.8,78,20.7,864.1,3.7,299,Shankapark,27.7355,85.3434
2025-07-31T10:00,25.8,74,20.7,864.0,3.7,299,Shankapark,27.7355,85.3434
2025-07-31T11:00,26.7,73,21.3,863.7,4.2,288,Shankapark,27.7355,85.3434
2025-07-31T12:00,26.9,72,21.4,863.1,6.2,255,Shankapark,27.7355,85.3434
2025-07-31T13:00,23.8,87,21.4,862.1,4.9,274,Shankapark,27.7355,85.3434
2025-07-31T14:00,23.8,89,21.9,861.8,2.9,356,Shankapark,27.7355,85.3434
2025-07-31T15:00,24.1,90,22.4,861.2,4.7,328,Shankapark,27.7355,85.3434
2025-07-31T16:00,23.8,88,21.8,860.9,4.1,337,Shankapark,27.7355,85.3434
2025-07-31T17:00,23.5,86,20.9,861.2,2.6,348,Shankapark,27.7355,85.3434
2025-07-31T18:00,22.3,94,21.3,862.4,2.2,222,Shankapark,27.7355,85.3434
2025-07-31T19:00,21.9,97,21.4,862.9,1.2,321,Shankapark,27.7355,85.3434
2025-07-31T20:00,21.8,98,21.4,863.6,1.5,97,Shankapark,27.7355,85.3434
2025-07-31T21:00,21.6,99,21.4,864.0,1.5,324,Shankapark,27.7355,85.3434
2025-07-31T22:00,21.1,99,20.8,863.8,1.7,288,Shankapark,27.7355,85.3434
2025-07-31T23:00,20.7,100,20.6,863.4,0.8,225,Shankapark,27.7355,85.3434
2025-08-01T00:00,20.6,100,20.6,862.5,1.0,158,Shankapark,27.7355,85.3434
2025-08-01T01:00,20.4,100,20.4,862.0,2.2,145,Shankapark,27.7355,85.3434
2025-08-01T02:00,20.3,100,20.3,861.3,1.5,166,Shankapark,27.7355,85.3434
2025-08-01T03:00,19.7,100,19.7,860.8,2.3,157,Shankapark,27.7355,85.3434
2025-08-01T04:00,19.4,100,19.4,860.5,3.6,162,Shankapark,27.7355,85.3434
2025-08-01T05:00,19.1,100,19.1,861.0,5.0,161,Shankapark,27.7355,85.3434
2025-08-01T06:00,21.3,98,20.9,862.6,3.2,207,Shankapark,27.7355,85.3434
2025-08-01T07:00,22.6,94,21.4,863.5,2.2,270,Shankapark,27.7355,85.3434
2025-08-01T08:00,23.6,87,21.4,864.0,3.2,326,Shankapark,27.7355,85.3434
2025-08-01T09:00,24.7,83,21.6,864.2,4.2,317,Shankapark,27.7355,85.3434
2025-08-01T10:00,25.6,80,21.8,864.1,3.0,327,Shankapark,27.7355,85.3434
2025-08-01T11:00,26.3,76,21.8,863.6,4.9,303,Shankapark,27.7355,85.3434
2025-08-01T12:00,26.5,70,20.4,862.9,6.0,303,Shankapark,27.7355,85.3434
2025-08-01T13:00,25.5,74,20.6,862.5,6.9,276,Shankapark,27.7355,85.3434
2025-08-01T14:00,24.9,80,21.3,861.8,4.1,272,Shankapark,27.7355,85.3434
2025-08-01T15:00,25.0,81,21.5,861.2,3.8,289,Shankapark,27.7355,85.3434
2025-08-01T16:00,24.4,82,21.2,861.0,4.2,301,Shankapark,27.7355,85.3434
2025-08-01T17:00,23.9,86,21.4,860.8,4.0,333,Shankapark,27.7355,85.3434
2025-08-01T18:00,22.3,95,21.5,862.4,2.7,337,Shankapark,27.7355,85.3434
2025-08-01T19:00,22.2,97,21.7,862.8,0.6,198,Shankapark,27.7355,85.3434
2025-08-01T20:00,22.0,98,21.7,863.2,2.9,240,Shankapark,27.7355,85.3434
2025-08-01T21:00,21.9,92,20.6,864.0,2.9,281,Shankapark,27.7355,85.3434
2025-08-01T22:00,21.5,97,21.0,864.1,2.2,265,Shankapark,27.7355,85.3434
2025-08-01T23:00,21.3,98,20.9,863.3,1.6,96,Shankapark,27.7355,85.3434
2025-08-02T00:00,21.2,98,20.8,862.6,3.3,186,Shankapark,27.7355,85.3434
2025-08-02T01:00,21.0,98,20.8,862.0,3.7,137,Shankapark,27.7355,85.3434
2025-08-02T02:00,20.8,99,20.7,861.3,4.0,141,Shankapark,27.7355,85.3434
2025-08-02T03:00,20.4,100,20.4,860.8,5.4,150,Shankapark,27.7355,85.3434
2025-08-02T04:00,20.3,100,20.3,860.9,5.2,164,Shankapark,27.7355,85.3434
2025-08-02T05:00,20.3,100,20.3,861.9,2.7,152,Shankapark,27.7355,85.3434
2025-08-02T06:00,21.8,99,21.7,862.9,3.6,160,Shankapark,27.7355,85.3434
2025-08-02T07:00,23.2,92,21.7,863.6,3.2,142,Shankapark,27.7355,85.3434
2025-08-02T08:00,24.7,81,21.3,864.1,1.9,209,Shankapark,27.7355,85.3434
2025-08-02T09:00,25.7,76,21.1,864.7,4.6,231,Shankapark,27.7355,85.3434
2025-08-02T10:00,26.7,74,21.6,864.7,3.6,270,Shankapark,27.7355,85.3434
2025-08-02T11:00,27.0,74,21.9,864.3,4.8,259,Shankapark,27.7355,85.3434
2025-08-02T12:00,24.3,80,20.7,863.4,6.5,276,Shankapark,27.7355,85.3434
2025-08-02T13:00,25.1,79,21.1,862.5,1.3,254,Shankapark,27.7355,85.3434
2025-08-02T14:00,25.1,79,21.2,861.8,2.4,318,Shankapark,27.7355,85.3434
2025-08-02T15:00,24.8,79,20.9,861.4,1.5,346,Shankapark,27.7355,85.3434
2025-08-02T16:00,24.8,79,20.9,861.6,3.1,277,Shankapark,27.7355,85.3434
2025-08-02T17:00,23.3,87,21.1,862.2,3.6,279,Shankapark,27.7355,85.3434
2025-08-02T18:00,22.3,98,21.9,863.5,2.4,42,Shankapark,27.7355,85.3434
2025-08-02T19:00,21.8,98,21.6,863.9,3.2,74,Shankapark,27.7355,85.3434
2025-08-02T20:00,21.6,99,21.4,864.4,2.2,360,Shankapark,27.7355,85.3434
2025-08-02T21:00,21.3,99,21.2,864.8,1.3,278,Shankapark,27.7355,85.3434
2025-08-02T22:00,21.4,98,21.2,865.1,1.1,90,Shankapark,27.7355,85.3434
2025-08-02T23:00,21.4,99,21.3,864.8,3.7,101,Shankapark,27.7355,85.3434
2025-08-03T00:00,21.4,98,21.2,864.0,2.6,164,Shankapark,27.7355,85.3434
2025-08-03T01:00,21.3,98,20.8,863.0,2.4,171,Shankapark,27.7355,85.3434
2025-08-03T02:00,21.1,98,20.8,862.2,4.1,157,Shankapark,27.7355,85.3434
2025-08-03T03:00,20.6,99,20.4,862.3,2.6,214,Shankapark,27.7355,85.3434
2025-08-03T04:00,20.4,100,20.4,862.9,5.0,257,Shankapark,27.7355,85.3434
2025-08-03T05:00,20.5,100,20.4,863.7,1.5,234,Shankapark,27.7355,85.3434
2025-08-03T06:00,21.3,99,21.2,863.4,4.5,151,Shankapark,27.7355,85.3434
2025-08-03T07:00,21.8,96,21.2,864.2,4.8,127,Shankapark,27.7355,85.3434
2025-08-03T08:00,22.9,92,21.6,865.2,5.8,124,Shankapark,27.7355,85.3434
2025-08-03T09:00,23.3,91,21.8,865.6,6.7,95,Shankapark,27.7355,85.3434
2025-08-03T10:00,23.5,91,21.9,865.7,5.4,98,Shankapark,27.7355,85.3434
2025-08-03T11:00,23.8,88,21.7,865.4,5.6,96,Shankapark,27.7355,85.3434
2025-08-03T12:00,23.2,96,22.5,864.8,4.2,140,Shankapark,27.7355,85.3434
2025-08-03T13:00,22.4,95,21.6,864.4,3.9,106,Shankapark,27.7355,85.3434
2025-08-03T14:00,22.8,95,21.9,864.0,3.1,77,Shankapark,27.7355,85.3434
2025-08-03T15:00,22.7,94,21.7,863.4,4.7,86,Shankapark,27.7355,85.3434
2025-08-03T16:00,22.6,95,21.7,863.2,5.3,82,Shankapark,27.7355,85.3434
2025-08-03T17:00,22.7,95,21.8,863.4,4.7,108,Shankapark,27.7355,85.3434
2025-08-03T18:00,21.8,97,21.3,864.5,5.2,104,Shankapark,27.7355,85.3434
2025-08-03T19:00,21.5,97,21.1,865.0,5.6,132,Shankapark,27.7355,85.3434
2025-08-03T20:00,21.3,99,21.2,865.6,4.2,130,Shankapark,27.7355,85.3434
2025-08-03T21:00,21.3,99,21.2,865.9,4.6,138,Shankapark,27.7355,85.3434
2025-08-03T22:00,20.9,99,20.8,865.8,4.8,151,Shankapark,27.7355,85.3434
2025-08-03T23:00,20.7,97,20.1,865.5,2.1,149,Shankapark,27.7355,85.3434
2025-08-04T00:00,20.7,99,20.6,864.9,2.6,129,Shankapark,27.7355,85.3434
2025-08-04T01:00,20.4,100,20.4,864.6,4.0,148,Shankapark,27.7355,85.3434
2025-08-04T02:00,20.4,98,20.2,864.3,5.2,134,Shankapark,27.7355,85.3434
2025-08-04T03:00,20.2,97,19.7,864.2,5.4,130,Shankapark,27.7355,85.3434
2025-08-04T04:00,20.1,99,19.8,864.0,5.7,127,Shankapark,27.7355,85.3434
2025-08-04T05:00,19.9,99,19.8,864.1,6.1,150,Shankapark,27.7355,85.3434
2025-08-04T06:00,20.6,99,20.4,865.1,5.0,139,Shankapark,27.7355,85.3434
2025-08-04T07:00,22.4,90,20.8,866.3,6.0,119,Shankapark,27.7355,85.3434
2025-08-04T08:00,23.6,86,21.2,866.9,7.6,124,Shankapark,27.7355,85.3434
2025-08-04T09:00,25.6,74,20.7,867.1,6.9,113,Shankapark,27.7355,85.3434
2025-08-04T10:00,25.8,74,20.7,866.9,7.7,114,Shankapark,27.7355,85.3434
2025-08-04T11:00,24.8,79,21.0,866.3,5.3,147,Shankapark,27.7355,85.3434
2025-08-04T12:00,24.6,82,21.3,866.0,5.8,178,Shankapark,27.7355,85.3434
2025-08-04T13:00,25.0,79,21.1,865.3,5.2,207,Shankapark,27.7355,85.3434
2025-08-04T14:00,23.8,80,20.2,864.3,6.9,194,Shankapark,27.7355,85.3434
2025-08-04T15:00,22.9,91,21.3,863.9,4.4,97,Shankapark,27.7355,85.3434
2025-08-04T16:00,22.9,89,21.1,863.9,1.2,129,Shankapark,27.7355,85.3434
2025-08-04T17:00,22.2,90,20.4,863.8,1.9,139,Shankapark,27.7355,85.3434
2025-08-04T18:00,21.4,96,20.8,864.9,0.0,270,Shankapark,27.7355,85.3434
2025-08-04T19:00,21.2,99,21.1,865.1,2.3,108,Shankapark,27.7355,85.3434
2025-08-04T20:00,21.2,98,20.9,865.5,3.5,125,Shankapark,27.7355,85.3434
2025-08-04T21:00,20.9,98,20.7,865.5,2.5,135,Shankapark,27.7355,85.3434
2025-08-04T22:00,21.0,99,20.8,865.9,3.1,159,Shankapark,27.7355,85.3434
2025-08-04T23:00,20.8,99,20.7,865.5,1.8,174,Shankapark,27.7355,85.3434
2025-08-05T00:00,20.5,99,20.3,864.9,1.6,174,Shankapark,27.7355,85.3434
2025-08-05T01:00,19.9,100,19.9,864.4,1.7,198,Shankapark,27.7355,85.3434
2025-08-05T02:00,20.0,99,19.8,864.4,2.4,167,Shankapark,27.7355,85.3434
2025-08-05T03:00,19.8,99,19.7,864.4,3.4,164,Shankapark,27.7355,85.3434
2025-08-05T04:00,19.8,99,19.7,864.6,3.6,160,Shankapark,27.7355,85.3434
2025-08-05T05:00,19.6,100,19.5,864.9,4.4,150,Shankapark,27.7355,85.3434
2025-08-05T06:00,20.9,97,20.4,865.4,2.9,176,Shankapark,27.7355,85.3434
2025-08-05T07:00,21.7,92,20.3,866.4,3.3,112,Shankapark,27.7355,85.3434
2025-08-05T08:00,22.1,92,20.7,866.9,4.2,133,Shankapark,27.7355,85.3434
2025-08-05T09:00,22.7,88,20.6,867.6,2.8,225,Shankapark,27.7355,85.3434
2025-08-05T10:00,23.4,85,20.7,867.3,6.3,268,Shankapark,27.7355,85.3434
2025-08-05T11:00,23.1,82,19.9,866.9,9.0,293,Shankapark,27.7355,85.3434
2025-08-05T12:00,22.7,84,19.8,866.6,6.1,315,Shankapark,27.7355,85.3434
2025-08-05T13:00,22.1,90,20.3,865.9,5.7,316,Shankapark,27.7355,85.3434
2025-08-05T14:00,22.3,88,20.3,865.4,5.1,324,Shankapark,27.7355,85.3434
2025-08-05T15:00,22.1,89,20.2,865.2,7.0,310,Shankapark,27.7355,85.3434
2025-08-05T16:00,21.8,89,19.9,864.9,6.7,297,Shankapark,27.7355,85.3434
2025-08-05T17:00,21.6,90,19.8,864.6,4.7,298,Shankapark,27.7355,85.3434
2025-08-05T18:00,20.2,96,19.5,865.2,1.3,196,Shankapark,27.7355,85.3434
2025-08-05T19:00,19.6,99,19.3,865.1,3.9,204,Shankapark,27.7355,85.3434
2025-08-05T20:00,19.3,98,18.9,865.2,4.1,221,Shankapark,27.7355,85.3434
2025-08-05T21:00,19.3,95,18.6,865.4,3.4,205,Shankapark,27.7355,85.3434
2025-08-05T22:00,19.1,95,18.3,865.2,2.5,188,Shankapark,27.7355,85.3434
2025-08-05T23:00,18.7,96,17.9,865.1,0.6,162,Shankapark,27.7355,85.3434
2025-08-06T00:00,18.3,98,18.0,864.4,2.2,156,Shankapark,27.7355,85.3434
2025-08-06T01:00,18.1,100,18.1,863.9,3.9,167,Shankapark,27.7355,85.3434
2025-08-06T02:00,18.0,100,18.0,863.5,2.8,165,Shankapark,27.7355,85.3434
2025-08-06T03:00,17.9,99,17.8,863.1,4.2,175,Shankapark,27.7355,85.3434
2025-08-06T04:00,17.3,100,17.3,862.9,3.0,166,Shankapark,27.7355,85.3434
2025-08-06T05:00,16.9,100,16.9,863.3,4.2,170,Shankapark,27.7355,85.3434
2025-08-06T06:00,18.9,97,18.3,864.1,4.5,164,Shankapark,27.7355,85.3434
2025-08-06T07:00,22.1,81,18.7,866.0,1.6,153,Shankapark,27.7355,85.3434
2025-08-06T08:00,23.3,76,18.8,866.9,0.3,315,Shankapark,27.7355,85.3434
2025-08-06T09:00,24.4,71,18.9,867.4,2.6,344,Shankapark,27.7355,85.3434
2025-08-06T10:00,25.7,68,19.2,867.2,3.6,333,Shankapark,27.7355,85.3434
2025-08-06T11:00,26.8,64,19.4,866.6,6.4,299,Shankapark,27.7355,85.3434
2025-08-06T12:00,26.6,66,19.7,865.6,10.0,291,Shankapark,27.7355,85.3434
2025-08-06T13:00,25.4,71,19.8,864.6,8.9,283,Shankapark,27.7355,85.3434
2025-08-06T14:00,25.0,77,20.7,863.8,5.8,300,Shankapark,27.7355,85.3434
2025-08-06T15:00,24.8,80,21.1,863.2,6.9,290,Shankapark,27.7355,85.3434
2025-08-06T16:00,23.5,85,20.8,862.7,5.5,279,Shankapark,27.7355,85.3434
2025-08-06T17:00,22.9,89,20.9,862.5,3.0,303,Shankapark,27.7355,85.3434
2025-08-06T18:00,22.1,94,21.1,863.0,2.7,270,Shankapark,27.7355,85.3434
2025-08-06T19:00,21.5,98,21.1,863.4,0.6,162,Shankapark,27.7355,85.3434
2025-08-06T20:00,21.1,99,21.0,863.9,1.1,198,Shankapark,27.7355,85.3434
2025-08-06T21:00,20.9,100,20.8,864.1,3.3,202,Shankapark,27.7355,85.3434
2025-08-06T22:00,20.8,99,20.8,864.1,3.1,187,Shankapark,27.7355,85.3434
2025-08-06T23:00,20.3,100,20.3,863.8,3.7,169,Shankapark,27.7355,85.3434
2025-08-07T00:00,20.4,99,20.3,863.6,4.0,172,Shankapark,27.7355,85.3434
2025-08-07T01:00,20.2,99,20.1,863.0,4.0,159,Shankapark,27.7355,85.3434
2025-08-07T02:00,19.8,100,19.8,862.8,5.3,156,Shankapark,27.7355,85.3434
2025-08-07T03:00,19.8,100,19.8,862.7,5.2,155,Shankapark,27.7355,85.3434
2025-08-07T04:00,19.4,100,19.4,862.5,4.8,160,Shankapark,27.7355,85.3434
2025-08-07T05:00,19.4,100,19.4,862.8,4.5,164,Shankapark,27.7355,85.3434
2025-08-07T06:00,21.5,98,21.1,863.3,3.1,183,Shankapark,27.7355,85.3434
2025-08-07T07:00,23.1,90,21.3,864.4,0.5,225,Shankapark,27.7355,85.3434
2025-08-07T08:00,24.6,82,21.3,865.2,1.7,77,Shankapark,27.7355,85.3434
2025-08-07T09:00,26.3,73,20.9,865.2,1.2,117,Shankapark,27.7355,85.3434
2025-08-07T10:00,27.6,67,20.9,865.2,0.7,104,Shankapark,27.7355,85.3434
2025-08-07T11:00,28.0,68,21.6,865.2,3.3,202,Shankapark,27.7355,85.3434
2025-08-07T12:00,26.6,74,21.6,864.3,7.9,219,Shankapark,27.7355,85.3434
2025-08-07T13:00,24.8,80,21.2,863.8,3.5,231,Shankapark,27.7355,85.3434
2025-08-07T14:00,25.7,80,21.9,863.0,5.0,341,Shankapark,27.7355,85.3434
2025-08-07T15:00,24.3,83,21.2,862.1,4.4,339,Shankapark,27.7355,85.3434
2025-08-07T16:00,24.3,84,21.3,862.0,1.6,264,Shankapark,27.7355,85.3434
2025-08-07T17:00,23.8,87,21.4,862.9,1.0,301,Shankapark,27.7355,85.3434
2025-08-07T18:00,22.0,98,21.8,863.4,2.4,107,Shankapark,27.7355,85.3434
2025-08-07T19:00,21.6,99,21.5,863.8,3.6,153,Shankapark,27.7355,85.3434
2025-08-07T20:00,21.2,98,20.8,864.2,5.0,178,Shankapark,27.7355,85.3434
2025-08-07T21:00,21.1,96,20.5,864.5,5.6,178,Shankapark,27.7355,85.3434
2025-08-07T22:00,20.9,98,20.7,864.4,6.0,151,Shankapark,27.7355,85.3434
2025-08-07T23:00,20.9,98,20.7,864.6,6.3,153,Shankapark,27.7355,85.3434
2025-08-08T00:00,21.0,99,20.8,864.2,6.9,139,Shankapark,27.7355,85.3434
2025-08-08T01:00,21.0,99,20.8,863.8,5.4,140,Shankapark,27.7355,85.3434
2025-08-08T02:00,20.9,99,20.8,863.6,4.5,143,Shankapark,27.7355,85.3434
2025-08-08T03:00,20.8,97,20.3,863.8,4.1,146,Shankapark,27.7355,85.3434
2025-08-08T04:00,20.8,98,20.6,863.9,4.8,117,Shankapark,27.7355,85.3434
2025-08-08T05:00,20.7,99,20.5,864.3,5.6,135,Shankapark,27.7355,85.3434
2025-08-08T06:00,21.3,96,20.7,865.4,6.9,115,Shankapark,27.7355,85.3434
2025-08-08T07:00,21.8,95,20.9,865.7,7.1,105,Shankapark,27.7355,85.3434
2025-08-08T08:00,23.1,89,21.1,866.4,7.3,115,Shankapark,27.7355,85.3434
2025-08-08T09:00,23.6,86,21.1,867.2,6.2,128,Shankapark,27.7355,85.3434
2025-08-08T10:00,24.1,84,21.1,867.6,2.8,135,Shankapark,27.7355,85.3434
2025-08-08T11:00,24.2,84,21.3,867.4,3.3,126,Shankapark,27.7355,85.3434
2025-08-08T12:00,26.2,74,21.2,867.1,2.0,80,Shankapark,27.7355,85.3434
2025-08-08T13:00,25.3,78,21.1,866.6,0.9,53,Shankapark,27.7355,85.3434
2025-08-08T14:00,24.8,83,21.7,865.6,2.3,23,Shankapark,27.7355,85.3434
2025-08-08T15:00,24.8,83,21.7,865.3,1.8,174,Shankapark,27.7355,85.3434
2025-08-08T16:00,24.8,80,21.1,865.4,3.5,141,Shankapark,27.7355,85.3434
2025-08-08T17:00,23.4,86,21.0,865.9,2.8,145,Shankapark,27.7355,85.3434
2025-08-08T18:00,21.7,97,21.2,866.8,3.7,119,Shankapark,27.7355,85.3434
2025-08-08T19:00,21.3,98,21.0,867.2,3.8,139,Shankapark,27.7355,85.3434
2025-08-08T20:00,21.3,98,20.9,867.6,3.3,135,Shankapark,27.7355,85.3434
2025-08-08T21:00,21.0,98,20.7,868.0,4.5,140,Shankapark,27.7355,85.3434
2025-08-08T22:00,20.9,98,20.7,868.5,4.8,138,Shankapark,27.7355,85.3434
2025-08-08T23:00,20.5,99,20.4,868.2,4.3,138,Shankapark,27.7355,85.3434
2025-08-09T00:00,20.5,99,20.3,867.8,4.5,133,Shankapark,27.7355,85.3434
2025-08-09T01:00,20.5,100,20.4,867.2,4.9,141,Shankapark,27.7355,85.3434
2025-08-09T02:00,20.3,99,20.3,866.6,4.9,144,Shankapark,27.7355,85.3434
2025-08-09T03:00,20.2,100,20.2,866.6,5.0,150,Shankapark,27.7355,85.3434
2025-08-09T04:00,20.1,100,20.1,866.8,5.2,158,Shankapark,27.7355,85.3434
2025-08-09T05:00,19.9,100,19.9,867.1,4.6,162,Shankapark,27.7355,85.3434
2025-08-09T06:00,20.9,98,20.7,867.7,5.4,178,Shankapark,27.7355,85.3434
2025-08-09T07:00,21.4,96,20.8,868.1,2.6,196,Shankapark,27.7355,85.3434
2025-08-09T08:00,23.0,86,20.5,868.7,3.6,131,Shankapark,27.7355,85.3434
2025-08-09T09:00,24.6,81,21.1,869.3,2.4,153,Shankapark,27.7355,85.3434
2025-08-09T10:00,25.9,75,21.2,869.2,2.5,90,Shankapark,27.7355,85.3434
2025-08-09T11:00,25.8,76,21.2,868.9,1.9,253,Shankapark,27.7355,85.3434
2025-08-09T12:00,23.8,81,20.4,868.2,6.8,245,Shankapark,27.7355,85.3434
2025-08-09T13:00,23.0,91,21.5,867.5,5.0,296,Shankapark,27.7355,85.3434
2025-08-09T14:00,23.3,92,21.9,866.5,3.5,305,Shankapark,27.7355,85.3434
2025-08-09T15:00,22.8,94,21.8,865.8,4.3,287,Shankapark,27.7355,85.3434
2025-08-09T16:00,23.3,91,21.8,865.6,3.7,305,Shankapark,27.7355,85.3434
2025-08-09T17:00,22.5,93,21.3,865.6,3.4,342,Shankapark,27.7355,85.3434
2025-08-09T18:00,21.4,98,21.1,866.4,2.6,309,Shankapark,27.7355,85.3434
2025-08-09T19:00,21.2,98,20.9,866.4,3.1,183,Shankapark,27.7355,85.3434
2025-08-09T20:00,20.9,99,20.8,866.6,3.6,198,Shankapark,27.7355,85.3434
2025-08-09T21:00,20.6,100,20.6,866.7,1.9,202,Shankapark,27.7355,85.3434
2025-08-09T22:00,20.4,100,20.4,866.8,3.0,194,Shankapark,27.7355,85.3434
2025-08-09T23:00,20.4,100,20.4,866.8,2.7,180,Shankapark,27.7355,85.3434
2025-08-10T00:00,20.6,100,20.6,866.5,2.9,169,Shankapark,27.7355,85.3434
2025-08-10T01:00,20.7,100,20.7,866.4,2.7,212,Shankapark,27.7355,85.3434
2025-08-10T02:00,20.6,100,20.6,866.0,1.5,225,Shankapark,27.7355,85.3434
2025-08-10T03:00,20.6,98,20.3,865.9,3.6,213,Shankapark,27.7355,85.3434
2025-08-10T04:00,20.3,99,20.2,865.7,1.3,225,Shankapark,27.7355,85.3434
2025-08-10T05:00,20.1,100,20.0,866.0,2.2,204,Shankapark,27.7355,85.3434
2025-08-10T06:00,20.8,99,20.7,866.0,0.6,236,Shankapark,27.7355,85.3434
2025-08-10T07:00,21.6,96,20.9,866.7,2.0,270,Shankapark,27.7355,85.3434
2025-08-10T08:00,22.7,92,21.3,867.5,2.8,310,Shankapark,27.7355,85.3434
2025-08-10T09:00,23.4,89,21.4,867.7,4.0,321,Shankapark,27.7355,85.3434
2025-08-10T10:00,24.9,83,21.9,867.7,3.3,311,Shankapark,27.7355,85.3434
2025-08-10T11:00,25.4,80,21.8,867.2,4.3,292,Shankapark,27.7355,85.3434
2025-08-10T12:00,23.8,83,20.7,866.6,6.7,270,Shankapark,27.7355,85.3434
2025-08-10T13:00,24.8,82,21.5,866.1,4.6,306,Shankapark,27.7355,85.3434
2025-08-10T14:00,25.1,81,21.5,865.2,4.6,288,Shankapark,27.7355,85.3434
2025-08-10T15:00,24.3,82,21.1,864.1,6.5,289,Shankapark,27.7355,85.3434
2025-08-10T16:00,24.1,84,21.3,863.8,4.5,272,Shankapark,27.7355,85.3434
2025-08-10T17:00,23.8,86,21.3,863.9,4.8,299,Shankapark,27.7355,85.3434
2025-08-10T18:00,22.0,96,21.3,864.8,1.3,278,Shankapark,27.7355,85.3434
2025-08-10T19:00,21.8,97,21.3,865.2,1.2,219,Shankapark,27.7355,85.3434
2025-08-10T20:00,21.6,99,21.4,865.7,1.4,203,Shankapark,27.7355,85.3434
2025-08-10T21:00,21.6,100,21.5,866.0,1.5,216,Shankapark,27.7355,85.3434
2025-08-10T22:00,21.3,99,21.3,865.8,1.7,198,Shankapark,27.7355,85.3434
2025-08-10T23:00,21.1,97,20.6,865.6,2.0,185,Shankapark,27.7355,85.3434
2025-08-11T00:00,20.6,100,20.5,865.2,1.6,186,Shankapark,27.7355,85.3434
2025-08-11T01:00,20.5,100,20.5,864.5,3.2,164,Shankapark,27.7355,85.3434
2025-08-11T02:00,20.5,100,20.4,864.2,2.8,145,Shankapark,27.7355,85.3434
2025-08-11T03:00,20.6,100,20.6,864.2,2.7,148,Shankapark,27.7355,85.3434
2025-08-11T04:00,20.7,99,20.6,864.2,2.0,117,Shankapark,27.7355,85.3434
2025-08-11T05:00,20.7,99,20.5,864.6,2.4,138,Shankapark,27.7355,85.3434
2025-08-11T06:00,21.3,99,21.1,865.3,2.5,270,Shankapark,27.7355,85.3434
2025-08-11T07:00,21.2,100,21.2,865.8,0.2,180,Shankapark,27.7355,85.3434
2025-08-11T08:00,21.8,98,21.3,866.2,2.1,52,Shankapark,27.7355,85.3434
2025-08-11T09:00,22.5,94,21.5,866.6,2.7,42,Shankapark,27.7355,85.3434
2025-08-11T10:00,23.8,89,21.9,866.9,3.1,28,Shankapark,27.7355,85.3434
2025-08-11T11:00,25.4,81,21.9,866.7,1.8,24,Shankapark,27.7355,85.3434
2025-08-11T12:00,25.9,77,21.6,866.0,2.2,256,Shankapark,27.7355,85.3434
2025-08-11T13:00,25.3,79,21.3,865.0,6.2,262,Shankapark,27.7355,85.3434
2025-08-11T14:00,24.6,83,21.4,864.0,6.2,287,Shankapark,27.7355,85.3434
2025-08-11T15:00,24.3,84,21.4,863.2,5.0,296,Shankapark,27.7355,85.3434
2025-08-11T16:00,24.2,85,21.4,862.6,5.4,304,Shankapark,27.7355,85.3434
2025-08-11T17:00,23.8,85,21.2,862.8,5.4,318,Shankapark,27.7355,85.3434
2025-08-11T18:00,21.8,98,21.4,864.0,2.7,250,Shankapark,27.7355,85.3434
2025-08-11T19:00,21.4,99,21.3,864.1,2.8,220,Shankapark,27.7355,85.3434
2025-08-11T20:00,21.3,99,21.1,864.5,3.9,202,Shankapark,27.7355,85.3434
2025-08-11T21:00,21.0,100,21.0,864.4,4.1,182,Shankapark,27.7355,85.3434
2025-08-11T22:00,20.8,100,20.8,864.6,5.4,174,Shankapark,27.7355,85.3434
2025-08-11T23:00,20.8,100,20.8,864.3,5.0,195,Shankapark,27.7355,85.3434
2025-08-12T00:00,20.8,99,20.7,864.1,4.2,227,Shankapark,27.7355,85.3434
2025-08-12T01:00,20.9,98,20.7,863.7,4.1,236,Shankapark,27.7355,85.3434
2025-08-12T02:00,20.9,98,20.7,863.4,4.2,227,Shankapark,27.7355,85.3434
2025-08-12T03:00,20.8,98,20.6,863.2,3.7,235,Shankapark,27.7355,85.3434
2025-08-12T04:00,20.4,99,20.3,863.0,3.2,232,Shankapark,27.7355,85.3434
2025-08-12T05:00,20.3,100,20.2,863.3,2.4,189,Shankapark,27.7355,85.3434
2025-08-12T06:00,21.4,99,21.2,864.1,1.3,262,Shankapark,27.7355,85.3434
2025-08-12T07:00,22.5,92,21.2,864.7,3.9,233,Shankapark,27.7355,85.3434
2025-08-12T08:00,23.8,88,21.6,864.8,2.8,288,Shankapark,27.7355,85.3434
2025-08-12T09:00,25.2,79,21.4,865.3,3.2,304,Shankapark,27.7355,85.3434
2025-08-12T10:00,26.6,73,21.3,865.1,4.7,293,Shankapark,27.7355,85.3434
2025-08-12T11:00,27.4,69,21.1,864.8,4.5,277,Shankapark,27.7355,85.3434
2025-08-12T12:00,27.4,69,21.2,864.3,7.7,279,Shankapark,27.7355,85.3434
2025-08-12T13:00,25.9,77,21.4,863.4,7.8,283,Shankapark,27.7355,85.3434
2025-08-12T14:00,26.4,74,21.4,862.3,7.7,286,Shankapark,27.7355,85.3434
2025-08-12T15:00,26.2,74,21.3,861.3,8.1,294,Shankapark,27.7355,85.3434
2025-08-12T16:00,25.2,82,21.8,861.5,5.7,279,Shankapark,27.7355,85.3434
2025-08-12T17:00,24.5,86,21.9,862.0,2.5,201,Shankapark,27.7355,85.3434
2025-08-12T18:00,23.2,96,22.5,862.6,3.7,223,Shankapark,27.7355,85.3434
2025-08-12T19:00,22.9,98,22.6,863.2,4.2,223,Shankapark,27.7355,85.3434
2025-08-12T20:00,23.0,95,22.2,863.6,3.6,279,Shankapark,27.7355,85.3434
2025-08-12T21:00,22.6,97,22.1,864.1,2.2,215,Shankapark,27.7355,85.3434
2025-08-12T22:00,22.3,96,21.6,864.1,1.2,153,Shankapark,27.7355,85.3434
2025-08-12T23:00,22.2,99,22.0,864.1,2.8,117,Shankapark,27.7355,85.3434
2025-08-13T00:00,21.8,100,21.8,863.0,2.5,172,Shankapark,27.7355,85.3434
2025-08-13T01:00,21.6,100,21.6,862.6,5.0,139,Shankapark,27.7355,85.3434
2025-08-13T02:00,21.5,100,21.4,862.2,5.0,136,Shankapark,27.7355,85.3434
2025-08-13T03:00,21.4,99,21.3,862.5,5.8,154,Shankapark,27.7355,85.3434
2025-08-13T04:00,21.6,99,21.4,862.7,5.0,134,Shankapark,27.7355,85.3434
2025-08-13T05:00,21.7,98,21.3,863.1,2.3,135,Shankapark,27.7355,85.3434
2025-08-13T06:00,21.8,100,21.8,864.1,2.5,188,Shankapark,27.7355,85.3434
2025-08-13T07:00,22.1,97,21.6,864.6,2.5,98,Shankapark,27.7355,85.3434
2025-08-13T08:00,22.7,99,22.5,865.2,2.3,122,Shankapark,27.7355,85.3434
2025-08-13T09:00,22.9,98,22.6,865.7,3.1,144,Shankapark,27.7355,85.3434
2025-08-13T10:00,23.6,95,22.8,866.0,3.1,156,Shankapark,27.7355,85.3434
2025-08-13T11:00,25.1,81,21.7,865.8,4.1,131,Shankapark,27.7355,85.3434
2025-08-13T12:00,24.4,86,21.9,865.3,4.2,140,Shankapark,27.7355,85.3434
2025-08-13T13:00,23.3,94,22.3,865.0,5.9,135,Shankapark,27.7355,85.3434
2025-08-13T14:00,22.8,95,21.9,864.7,5.6,140,Shankapark,27.7355,85.3434
2025-08-13T15:00,22.7,97,22.2,864.7,4.2,95,Shankapark,27.7355,85.3434
2025-08-13T16:00,22.3,96,21.7,864.5,6.0,99,Shankapark,27.7355,85.3434
2025-08-13T17:00,21.9,97,21.4,864.7,6.4,112,Shankapark,27.7355,85.3434
2025-08-13T18:00,21.7,99,21.5,865.7,6.1,93,Shankapark,27.7355,85.3434
2025-08-13T19:00,21.4,99,21.2,866.3,6.6,103,Shankapark,27.7355,85.3434
2025-08-13T20:00,21.3,99,21.1,866.6,6.4,122,Shankapark,27.7355,85.3434
2025-08-13T21:00,21.2,98,20.9,866.9,6.0,131,Shankapark,27.7355,85.3434
2025-08-13T22:00,21.2,99,20.9,867.2,4.8,149,Shankapark,27.7355,85.3434
2025-08-13T23:00,21.1,98,20.8,867.3,4.0,148,Shankapark,27.7355,85.3434
2025-08-14T00:00,21.0,97,20.5,866.9,3.4,162,Shankapark,27.7355,85.3434
2025-08-14T01:00,20.9,96,20.3,866.6,4.8,167,Shankapark,27.7355,85.3434
2025-08-14T02:00,20.8,95,20.1,866.5,5.1,174,Shankapark,27.7355,85.3434
2025-08-14T03:00,20.6,95,19.8,866.4,5.6,180,Shankapark,27.7355,85.3434
2025-08-14T04:00,20.4,96,19.8,866.4,4.5,180,Shankapark,27.7355,85.3434
2025-08-14T05:00,20.4,96,19.7,866.7,4.7,162,Shankapark,27.7355,85.3434
2025-08-14T06:00,20.5,96,19.9,867.5,4.2,175,Shankapark,27.7355,85.3434
2025-08-14T07:00,20.9,93,19.8,868.3,4.2,160,Shankapark,27.7355,85.3434
2025-08-14T08:00,21.7,90,19.9,868.6,2.8,135,Shankapark,27.7355,85.3434
2025-08-14T09:00,21.7,92,20.3,869.0,2.2,48,Shankapark,27.7355,85.3434
2025-08-14T10:00,21.7,91,20.2,868.5,3.1,21,Shankapark,27.7355,85.3434
2025-08-14T11:00,22.3,88,20.3,868.4,3.8,355,Shankapark,27.7355,85.3434
2025-08-14T12:00,23.6,82,20.4,867.7,6.3,357,Shankapark,27.7355,85.3434
2025-08-14T13:00,22.9,83,19.8,866.7,5.4,356,Shankapark,27.7355,85.3434
2025-08-14T14:00,22.7,89,20.8,866.0,3.5,285,Shankapark,27.7355,85.3434
2025-08-14T15:00,23.2,86,20.7,864.9,4.4,300,Shankapark,27.7355,85.3434
2025-08-14T16:00,23.3,84,20.5,864.6,1.8,259,Shankapark,27.7355,85.3434
2025-08-14T17:00,22.4,86,20.0,864.7,0.8,27,Shankapark,27.7355,85.3434
2025-08-14T18:00,21.0,95,20.2,865.1,2.0,190,Shankapark,27.7355,85.3434
2025-08-14T19:00,20.7,97,20.1,865.6,3.7,157,Shankapark,27.7355,85.3434
2025-08-14T20:00,20.4,98,20.2,866.2,3.5,152,Shankapark,27.7355,85.3434
2025-08-14T21:00,20.4,99,20.3,866.4,3.2,164,Shankapark,27.7355,85.3434
2025-08-14T22:00,20.3,99,20.2,866.6,3.2,207,Shankapark,27.7355,85.3434
2025-08-14T23:00,20.1,99,19.9,866.5,1.9,221,Shankapark,27.7355,85.3434
2025-08-15T00:00,19.8,99,19.7,865.5,2.6,196,Shankapark,27.7355,85.3434
2025-08-15T01:00,19.6,99,19.4,864.6,3.5,189,Shankapark,27.7355,85.3434
2025-08-15T02:00,19.2,100,19.2,863.7,5.1,190,Shankapark,27.7355,85.3434
2025-08-15T03:00,18.7,100,18.7,863.3,4.9,178,Shankapark,27.7355,85.3434
2025-08-15T04:00,18.3,100,18.3,863.1,4.2,168,Shankapark,27.7355,85.3434
2025-08-15T05:00,18.3,100,18.3,863.4,3.8,172,Shankapark,27.7355,85.3434
2025-08-15T06:00,20.6,98,20.2,864.8,3.6,210,Shankapark,27.7355,85.3434
2025-08-15T07:00,22.1,89,20.2,865.9,1.4,220,Shankapark,27.7355,85.3434
2025-08-15T08:00,23.3,82,19.9,866.2,1.5,306,Shankapark,27.7355,85.3434
2025-08-15T09:00,24.8,73,19.6,866.8,2.1,290,Shankapark,27.7355,85.3434
2025-08-15T10:00,26.2,66,19.4,866.7,1.8,336,Shankapark,27.7355,85.3434
2025-08-15T11:00,26.3,65,19.1,866.4,1.5,240,Shankapark,27.7355,85.3434
2025-08-15T12:00,26.1,67,19.3,866.1,1.8,217,Shankapark,27.7355,85.3434
2025-08-15T13:00,25.2,71,19.6,865.2,2.0,265,Shankapark,27.7355,85.3434
2025-08-15T14:00,24.4,77,20.1,864.5,5.7,229,Shankapark,27.7355,85.3434
2025-08-15T15:00,23.2,85,20.5,863.7,3.5,291,Shankapark,27.7355,85.3434
2025-08-15T16:00,23.3,85,20.7,863.4,2.0,350,Shankapark,27.7355,85.3434
2025-08-15T17:00,22.8,87,20.5,862.9,1.7,347,Shankapark,27.7355,85.3434
2025-08-15T18:00,21.3,97,20.8,863.6,2.1,285,Shankapark,27.7355,85.3434
2025-08-15T19:00,21.2,97,20.7,864.1,2.0,170,Shankapark,27.7355,85.3434
2025-08-15T20:00,20.9,99,20.7,864.5,3.1,149,Shankapark,27.7355,85.3434
2025-08-15T21:00,20.8,99,20.7,865.0,4.3,163,Shankapark,27.7355,85.3434
2025-08-15T22:00,20.6,99,20.5,865.5,2.8,162,Shankapark,27.7355,85.3434
2025-08-15T23:00,20.4,100,20.4,865.3,3.5,145,Shankapark,27.7355,85.3434
2025-08-16T00:00,20.3,100,20.3,864.8,4.5,164,Shankapark,27.7355,85.3434
2025-08-16T01:00,20.2,96,19.6,864.8,4.0,185,Shankapark,27.7355,85.3434
2025-08-16T02:00,19.9,99,19.8,864.3,1.3,164,Shankapark,27.7355,85.3434
2025-08-16T03:00,19.8,100,19.8,864.2,5.1,186,Shankapark,27.7355,85.3434
2025-08-16T04:00,19.9,98,19.7,864.2,3.0,128,Shankapark,27.7355,85.3434
2025-08-16T05:00,19.7,100,19.7,863.8,3.3,158,Shankapark,27.7355,85.3434
2025-08-16T06:00,20.5,99,20.3,864.9,1.2,27,Shankapark,27.7355,85.3434
2025-08-16T07:00,22.0,90,20.3,865.5,0.4,270,Shankapark,27.7355,85.3434
2025-08-16T08:00,23.6,83,20.4,865.8,2.1,105,Shankapark,27.7355,85.3434
2025-08-16T09:00,25.3,74,20.3,866.1,2.7,98,Shankapark,27.7355,85.3434
2025-08-16T10:00,26.7,71,20.8,865.9,2.6,65,Shankapark,27.7355,85.3434
2025-08-16T11:00,27.9,68,21.3,865.5,2.9,22,Shankapark,27.7355,85.3434
2025-08-16T12:00,28.1,65,21.0,864.6,2.0,350,Shankapark,27.7355,85.3434
2025-08-16T13:00,25.1,78,21.0,863.8,7.9,229,Shankapark,27.7355,85.3434
2025-08-16T14:00,24.4,82,21.1,863.9,2.7,307,Shankapark,27.7355,85.3434
2025-08-16T15:00,23.7,85,20.9,862.9,5.2,6,Shankapark,27.7355,85.3434
2025-08-16T16:00,22.8,91,21.2,862.5,1.2,309,Shankapark,27.7355,85.3434
2025-08-16T17:00,22.8,91,21.3,862.7,2.2,318,Shankapark,27.7355,85.3434
2025-08-16T18:00,21.7,96,20.9,863.8,0.8,315,Shankapark,27.7355,85.3434
2025-08-16T19:00,21.0,99,20.8,864.2,0.6,198,Shankapark,27.7355,85.3434
2025-08-16T20:00,20.8,100,20.8,864.3,5.2,180,Shankapark,27.7355,85.3434
2025-08-16T21:00,20.4,100,20.4,864.5,5.3,168,Shankapark,27.7355,85.3434
2025-08-16T22:00,20.0,100,20.0,865.2,5.1,162,Shankapark,27.7355,85.3434
2025-08-16T23:00,19.8,100,19.8,865.4,5.5,153,Shankapark,27.7355,85.3434
2025-08-17T00:00,19.8,100,19.8,865.3,6.7,134,Shankapark,27.7355,85.3434
2025-08-17T01:00,20.0,99,19.8,864.9,5.7,148,Shankapark,27.7355,85.3434
2025-08-17T02:00,20.0,99,19.9,864.6,4.2,173,Shankapark,27.7355,85.3434
2025-08-17T03:00,19.6,100,19.5,863.8,4.1,182,Shankapark,27.7355,85.3434
2025-08-17T04:00,19.2,100,19.2,863.5,2.8,169,Shankapark,27.7355,85.3434
2025-08-17T05:00,18.8,100,18.8,863.7,3.3,167,Shankapark,27.7355,85.3434
2025-08-17T06:00,21.2,98,20.9,865.3,2.9,169,Shankapark,27.7355,85.3434
2025-08-17T07:00,22.8,93,21.6,866.3,1.5,120,Shankapark,27.7355,85.3434
2025-08-17T08:00,24.4,81,21.0,867.3,1.3,98,Shankapark,27.7355,85.3434
2025-08-17T09:00,26.2,76,21.5,867.7,2.3,39,Shankapark,27.7355,85.3434
2025-08-17T10:00,26.8,75,22.0,867.5,1.9,331,Shankapark,27.7355,85.3434
2025-08-17T11:00,27.6,71,21.8,866.6,5.0,272,Shankapark,27.7355,85.3434
2025-08-17T12:00,24.9,78,20.8,866.2,6.6,225,Shankapark,27.7355,85.3434
2025-08-17T13:00,23.3,86,20.8,865.9,4.3,165,Shankapark,27.7355,85.3434
2025-08-17T14:00,24.3,82,21.2,865.0,1.5,14,Shankapark,27.7355,85.3434
2025-08-17T15:00,24.7,83,21.6,864.7,4.7,342,Shankapark,27.7355,85.3434
2025-08-17T16:00,24.2,79,20.3,864.6,3.1,301,Shankapark,27.7355,85.3434
2025-08-17T17:00,22.0,93,20.8,865.3,2.0,185,Shankapark,27.7355,85.3434
2025-08-17T18:00,21.2,98,20.8,866.2,2.2,175,Shankapark,27.7355,85.3434
2025-08-17T19:00,21.1,98,20.8,866.6,1.6,90,Shankapark,27.7355,85.3434
2025-08-17T20:00,20.4,100,20.4,867.4,1.8,174,Shankapark,27.7355,85.3434
2025-08-17T21:00,20.3,99,20.2,867.5,1.9,151,Shankapark,27.7355,85.3434
2025-08-17T22:00,20.4,98,20.2,867.7,2.4,171,Shankapark,27.7355,85.3434
2025-08-17T23:00,20.3,98,20.1,867.6,3.2,180,Shankapark,27.7355,85.3434
2025-08-18T00:00,20.3,98,19.9,866.9,3.6,171,Shankapark,27.7355,85.3434
2025-08-18T01:00,19.8,99,19.7,866.2,4.0,183,Shankapark,27.7355,85.3434
2025-08-18T02:00,19.7,100,19.6,865.6,3.8,172,Shankapark,27.7355,85.3434
2025-08-18T03:00,19.3,100,19.3,866.0,6.2,165,Shankapark,27.7355,85.3434
2025-08-18T04:00,19.3,99,19.1,865.9,5.4,154,Shankapark,27.7355,85.3434
2025-08-18T05:00,19.2,99,19.1,866.4,5.2,149,Shankapark,27.7355,85.3434
2025-08-18T06:00,19.8,99,19.7,867.1,3.6,143,Shankapark,27.7355,85.3434
2025-08-18T07:00,21.8,90,20.0,868.4,3.8,139,Shankapark,27.7355,85.3434
2025-08-18T08:00,23.5,82,20.3,868.5,3.0,104,Shankapark,27.7355,85.3434
2025-08-18T09:00,25.2,75,20.3,868.9,2.6,102,Shankapark,27.7355,85.3434
2025-08-18T10:00,26.7,70,20.8,868.8,2.4,42,Shankapark,27.7355,85.3434
2025-08-18T11:00,27.2,68,20.9,868.2,2.6,12,Shankapark,27.7355,85.3434
2025-08-18T12:00,27.6,65,20.5,867.4,3.6,20,Shankapark,27.7355,85.3434
2025-08-18T13:00,25.5,76,20.9,867.0,4.5,247,Shankapark,27.7355,85.3434
2025-08-18T14:00,24.8,79,20.9,866.2,1.4,230,Shankapark,27.7355,85.3434
2025-08-18T15:00,25.4,77,21.1,865.5,4.4,302,Shankapark,27.7355,85.3434
2025-08-18T16:00,23.0,86,20.5,865.1,3.5,345,Shankapark,27.7355,85.3434
2025-08-18T17:00,22.3,91,20.8,865.0,1.6,63,Shankapark,27.7355,85.3434
2025-08-18T18:00,21.3,93,20.1,866.1,2.7,110,Shankapark,27.7355,85.3434
2025-08-18T19:00,20.8,95,19.9,866.7,4.3,105,Shankapark,27.7355,85.3434
2025-08-18T20:00,20.3,95,19.5,867.1,4.9,141,Shankapark,27.7355,85.3434
2025-08-18T21:00,19.9,99,19.8,867.7,3.5,105,Shankapark,27.7355,85.3434
2025-08-18T22:00,19.8,98,19.5,867.7,3.6,147,Shankapark,27.7355,85.3434
2025-08-18T23:00,19.7,99,19.5,867.2,2.9,169,Shankapark,27.7355,85.3434
2025-08-19T00:00,19.5,100,19.5,866.1,3.0,166,Shankapark,27.7355,85.3434
2025-08-19T01:00,19.2,100,19.1,865.3,1.1,189,Shankapark,27.7355,85.3434
2025-08-19T02:00,19.1,100,19.1,865.0,1.1,171,Shankapark,27.7355,85.3434
2025-08-19T03:00,18.8,99,18.7,864.6,1.8,169,Shankapark,27.7355,85.3434
2025-08-19T04:00,18.7,99,18.6,864.4,2.2,166,Shankapark,27.7355,85.3434
2025-08-19T05:00,18.5,100,18.4,864.7,3.8,161,Shankapark,27.7355,85.3434
2025-08-19T06:00,20.8,98,20.6,866.1,4.0,172,Shankapark,27.7355,85.3434
2025-08-19T07:00,22.2,92,20.9,866.9,2.4,42,Shankapark,27.7355,85.3434
2025-08-19T08:00,23.4,84,20.5,867.1,0.9,90,Shankapark,27.7355,85.3434
2025-08-19T09:00,25.1,75,20.3,867.3,2.7,28,Shankapark,27.7355,85.3434
2025-08-19T10:00,26.4,69,20.2,867.5,2.7,32,Shankapark,27.7355,85.3434
2025-08-19T11:00,27.4,63,19.8,867.0,2.3,18,Shankapark,27.7355,85.3434
2025-08-19T12:00,28.1,60,19.7,866.1,1.2,219,Shankapark,27.7355,85.3434
2025-08-19T13:00,24.6,76,20.1,865.3,5.3,218,Shankapark,27.7355,85.3434
2025-08-19T14:00,24.8,77,20.6,864.2,1.9,304,Shankapark,27.7355,85.3434
2025-08-19T15:00,24.4,79,20.6,863.9,2.9,317,Shankapark,27.7355,85.3434
2025-08-19T16:00,23.8,79,20.0,864.0,3.2,333,Shankapark,27.7355,85.3434
2025-08-19T17:00,21.7,93,20.6,864.2,3.0,213,Shankapark,27.7355,85.3434
2025-08-19T18:00,21.4,95,20.6,865.4,4.5,227,Shankapark,27.7355,85.3434
2025-08-19T19:00,21.2,98,20.8,865.5,2.0,135,Shankapark,27.7355,85.3434
2025-08-19T20:00,20.7,100,20.6,866.3,6.2,147,Shankapark,27.7355,85.3434
2025-08-19T21:00,20.8,98,20.4,866.6,5.0,136,Shankapark,27.7355,85.3434
2025-08-19T22:00,20.6,98,20.2,866.5,5.2,131,Shankapark,27.7355,85.3434
2025-08-19T23:00,20.2,98,19.9,866.1,3.9,143,Shankapark,27.7355,85.3434
2025-08-20T00:00,19.8,100,19.8,865.6,5.2,158,Shankapark,27.7355,85.3434
2025-08-20T01:00,19.9,99,19.8,864.9,3.9,143,Shankapark,27.7355,85.3434
2025-08-20T02:00,19.7,99,19.5,864.4,4.0,172,Shankapark,27.7355,85.3434
2025-08-20T03:00,19.1,100,19.1,863.9,4.1,146,Shankapark,27.7355,85.3434
2025-08-20T04:00,19.3,100,19.2,864.0,5.2,149,Shankapark,27.7355,85.3434
2025-08-20T05:00,19.3,100,19.3,864.6,5.0,150,Shankapark,27.7355,85.3434
2025-08-20T06:00,20.6,98,20.3,865.3,3.8,161,Shankapark,27.7355,85.3434
2025-08-20T07:00,21.7,93,20.4,866.3,1.2,207,Shankapark,27.7355,85.3434
2025-08-20T08:00,23.1,86,20.7,867.1,2.2,351,Shankapark,27.7355,85.3434
2025-08-20T09:00,24.5,82,21.2,867.3,1.9,17,Shankapark,27.7355,85.3434
2025-08-20T10:00,26.3,72,20.8,867.2,1.2,51,Shankapark,27.7355,85.3434
2025-08-20T11:00,27.0,67,20.2,866.3,3.3,144,Shankapark,27.7355,85.3434
2025-08-20T12:00,23.5,80,19.9,865.8,8.2,199,Shankapark,27.7355,85.3434
2025-08-20T13:00,24.3,79,20.3,865.2,5.3,327,Shankapark,27.7355,85.3434
2025-08-20T14:00,24.1,80,20.4,864.1,7.1,353,Shankapark,27.7355,85.3434
2025-08-20T15:00,23.8,86,21.4,863.3,2.5,315,Shankapark,27.7355,85.3434
2025-08-20T16:00,23.8,81,20.3,863.1,3.1,211,Shankapark,27.7355,85.3434
2025-08-20T17:00,23.3,81,19.9,863.4,3.9,193,Shankapark,27.7355,85.3434
2025-08-20T18:00,21.8,93,20.7,863.9,2.0,153,Shankapark,27.7355,85.3434
2025-08-20T19:00,21.2,97,20.7,864.6,4.6,191,Shankapark,27.7355,85.3434
2025-08-20T20:00,20.7,98,20.3,865.3,5.6,184,Shankapark,27.7355,85.3434
2025-08-20T21:00,20.3,99,20.1,866.2,4.6,198,Shankapark,27.7355,85.3434
2025-08-20T22:00,20.0,99,19.8,866.6,1.0,202,Shankapark,27.7355,85.3434
2025-08-20T23:00,20.2,98,19.8,866.7,1.4,203,Shankapark,27.7355,85.3434
2025-08-21T00:00,20.1,98,19.8,866.3,3.2,124,Shankapark,27.7355,85.3434
2025-08-21T01:00,19.9,98,19.7,865.8,4.5,113,Shankapark,27.7355,85.3434
2025-08-21T02:00,19.8,98,19.6,865.2,2.7,132,Shankapark,27.7355,85.3434
2025-08-21T03:00,19.7,98,19.3,864.7,2.9,137,Shankapark,27.7355,85.3434
2025-08-21T04:00,19.5,97,19.1,864.4,3.9,158,Shankapark,27.7355,85.3434
2025-08-21T05:00,19.3,98,18.9,864.5,3.6,160,Shankapark,27.7355,85.3434
2025-08-21T06:00,20.6,98,20.2,865.3,4.2,144,Shankapark,27.7355,85.3434
2025-08-21T07:00,22.2,87,20.0,866.5,4.0,175,Shankapark,27.7355,85.3434
2025-08-21T08:00,23.5,85,20.9,867.0,1.9,343,Shankapark,27.7355,85.3434
2025-08-21T09:00,24.7,81,21.2,867.2,2.5,356,Shankapark,27.7355,85.3434
2025-08-21T10:00,26.1,74,21.1,867.0,4.2,355,Shankapark,27.7355,85.3434
2025-08-21T11:00,27.0,69,20.8,866.4,2.1,308,Shankapark,27.7355,85.3434
2025-08-21T12:00,24.1,76,19.5,865.4,8.8,235,Shankapark,27.7355,85.3434
2025-08-21T13:00,23.1,86,20.7,864.5,3.9,257,Shankapark,27.7355,85.3434
2025-08-21T14:00,24.2,80,20.4,863.3,1.5,249,Shankapark,27.7355,85.3434
2025-08-21T15:00,23.7,81,20.2,862.6,7.5,310,Shankapark,27.7355,85.3434
2025-08-21T16:00,23.4,84,20.4,862.2,4.0,278,Shankapark,27.7355,85.3434
2025-08-21T17:00,23.1,85,20.3,862.4,3.2,254,Shankapark,27.7355,85.3434
2025-08-21T18:00,22.4,90,20.7,864.2,1.8,217,Shankapark,27.7355,85.3434
2025-08-21T19:00,21.5,95,20.6,864.6,3.6,110,Shankapark,27.7355,85.3434
2025-08-21T20:00,21.3,96,20.7,865.1,4.7,113,Shankapark,27.7355,85.3434
2025-08-21T21:00,20.8,98,20.5,865.6,3.4,96,Shankapark,27.7355,85.3434
2025-08-21T22:00,20.4,100,20.4,865.7,5.0,145,Shankapark,27.7355,85.3434
2025-08-21T23:00,20.3,99,20.3,865.4,4.2,108,Shankapark,27.7355,85.3434
2025-08-22T00:00,20.2,100,20.1,864.7,4.0,150,Shankapark,27.7355,85.3434
2025-08-22T01:00,19.9,99,19.8,863.7,2.9,120,Shankapark,27.7355,85.3434
2025-08-22T02:00,19.7,100,19.6,863.1,3.8,185,Shankapark,27.7355,85.3434
2025-08-22T03:00,19.3,100,19.3,862.8,0.8,153,Shankapark,27.7355,85.3434
2025-08-22T04:00,19.2,100,19.2,862.6,2.0,153,Shankapark,27.7355,85.3434
2025-08-22T05:00,18.9,100,18.9,862.6,4.1,157,Shankapark,27.7355,85.3434
2025-08-22T06:00,20.8,98,20.4,863.3,1.3,146,Shankapark,27.7355,85.3434
2025-08-22T07:00,21.9,91,20.4,863.7,2.2,265,Shankapark,27.7355,85.3434
2025-08-22T08:00,23.1,85,20.5,864.2,1.0,211,Shankapark,27.7355,85.3434
2025-08-22T09:00,24.6,78,20.4,864.5,2.3,176,Shankapark,27.7355,85.3434
2025-08-22T10:00,26.4,73,21.1,864.5,1.7,162,Shankapark,27.7355,85.3434
2025-08-22T11:00,26.3,72,20.8,863.9,4.7,230,Shankapark,27.7355,85.3434
2025-08-22T12:00,24.5,78,20.4,863.6,6.3,231,Shankapark,27.7355,85.3434
2025-08-22T13:00,24.0,82,20.7,862.5,2.1,218,Shankapark,27.7355,85.3434
2025-08-22T14:00,23.8,85,21.2,861.6,3.6,360,Shankapark,27.7355,85.3434
2025-08-22T15:00,23.3,83,20.2,861.0,4.5,16,Shankapark,27.7355,85.3434
2025-08-22T16:00,22.9,84,20.1,861.2,3.8,265,Shankapark,27.7355,85.3434
2025-08-22T17:00,21.7,91,20.2,861.7,3.8,267,Shankapark,27.7355,85.3434
2025-08-22T18:00,21.4,95,20.7,862.5,1.9,146,Shankapark,27.7355,85.3434
2025-08-22T19:00,21.3,96,20.7,863.4,2.8,162,Shankapark,27.7355,85.3434
2025-08-22T20:00,21.2,97,20.7,863.9,4.2,173,Shankapark,27.7355,85.3434
2025-08-22T21:00,20.8,98,20.6,864.3,1.9,151,Shankapark,27.7355,85.3434
2025-08-22T22:00,20.7,100,20.7,864.4,1.4,140,Shankapark,27.7355,85.3434
2025-08-22T23:00,20.5,99,20.3,864.0,1.4,180,Shankapark,27.7355,85.3434
2025-08-23T00:00,20.2,100,20.2,863.1,1.4,270,Shankapark,27.7355,85.3434
2025-08-23T01:00,20.0,100,19.9,862.5,4.7,288,Shankapark,27.7355,85.3434
2025-08-23T02:00,19.8,100,19.8,862.2,4.0,291,Shankapark,27.7355,85.3434
2025-08-23T03:00,19.9,99,19.8,862.0,4.9,298,Shankapark,27.7355,85.3434
2025-08-23T04:00,19.7,99,19.5,861.8,1.5,291,Shankapark,27.7355,85.3434
2025-08-23T05:00,19.6,99,19.4,861.9,2.7,143,Shankapark,27.7355,85.3434
2025-08-23T06:00,19.8,98,19.6,862.5,0.7,166,Shankapark,27.7355,85.3434
2025-08-23T07:00,21.0,93,19.8,863.7,2.7,262,Shankapark,27.7355,85.3434
2025-08-23T08:00,22.5,87,20.3,864.5,1.7,288,Shankapark,27.7355,85.3434
2025-08-23T09:00,23.8,79,20.0,864.9,3.1,294,Shankapark,27.7355,85.3434
2025-08-23T10:00,25.3,75,20.4,864.7,4.8,323,Shankapark,27.7355,85.3434
2025-08-23T11:00,26.5,71,20.9,864.0,5.3,325,Shankapark,27.7355,85.3434
2025-08-23T12:00,26.5,72,21.1,863.3,7.5,300,Shankapark,27.7355,85.3434
2025-08-23T13:00,24.9,77,20.7,862.5,5.7,298,Shankapark,27.7355,85.3434
2025-08-23T14:00,25.2,76,20.6,861.8,1.8,336,Shankapark,27.7355,85.3434
2025-08-23T15:00,25.4,73,20.2,861.1,6.5,309,Shankapark,27.7355,85.3434
2025-08-23T16:00,23.6,81,20.1,861.3,3.6,250,Shankapark,27.7355,85.3434
2025-08-23T17:00,22.3,90,20.6,861.3,3.2,164,Shankapark,27.7355,85.3434
2025-08-23T18:00,22.2,92,20.8,862.5,3.1,177,Shankapark,27.7355,85.3434
2025-08-23T19:00,21.4,95,20.6,862.8,6.6,193,Shankapark,27.7355,85.3434
2025-08-23T20:00,21.1,94,20.1,863.4,5.9,200,Shankapark,27.7355,85.3434
2025-08-23T21:00,20.7,95,19.9,864.0,5.4,186,Shankapark,27.7355,85.3434
2025-08-23T22:00,20.2,98,19.9,864.0,4.9,178,Shankapark,27.7355,85.3434
2025-08-23T23:00,19.7,99,19.6,863.8,1.8,186,Shankapark,27.7355,85.3434
2025-08-24T00:00,19.5,100,19.4,863.2,1.8,180,Shankapark,27.7355,85.3434
2025-08-24T01:00,19.2,100,19.2,862.9,0.9,169,Shankapark,27.7355,85.3434
2025-08-24T02:00,19.3,100,19.3,862.6,2.4,171,Shankapark,27.7355,85.3434
2025-08-24T03:00,19.3,99,19.2,862.2,4.9,180,Shankapark,27.7355,85.3434
2025-08-24T04:00,19.2,99,19.1,861.9,3.8,169,Shankapark,27.7355,85.3434
2025-08-24T05:00,18.9,100,18.8,862.5,4.4,161,Shankapark,27.7355,85.3434
2025-08-24T06:00,20.4,98,20.2,863.2,5.1,163,Shankapark,27.7355,85.3434
2025-08-24T07:00,22.5,92,21.1,864.3,2.2,189,Shankapark,27.7355,85.3434
2025-08-24T08:00,24.6,79,20.7,865.4,0.5,90,Shankapark,27.7355,85.3434
2025-08-24T09:00,26.1,74,21.1,866.3,0.7,14,Shankapark,27.7355,85.3434
2025-08-24T10:00,27.4,68,20.9,866.0,4.4,83,Shankapark,27.7355,85.3434
2025-08-24T11:00,24.6,75,19.8,865.7,7.0,140,Shankapark,27.7355,85.3434
2025-08-24T12:00,25.6,77,21.2,865.2,5.1,117,Shankapark,27.7355,85.3434
2025-08-24T13:00,25.9,73,20.7,864.5,6.0,73,Shankapark,27.7355,85.3434
2025-08-24T14:00,25.9,73,20.7,863.6,4.0,100,Shankapark,27.7355,85.3434
2025-08-24T15:00,25.4,75,20.8,863.3,3.2,109,Shankapark,27.7355,85.3434
2025-08-24T16:00,24.9,78,20.8,863.1,2.5,150,Shankapark,27.7355,85.3434
2025-08-24T17:00,22.2,90,20.3,863.1,4.6,191,Shankapark,27.7355,85.3434
2025-08-24T18:00,21.8,97,21.2,863.8,0.7,180,Shankapark,27.7355,85.3434
2025-08-24T19:00,21.0,97,20.4,864.5,3.5,215,Shankapark,27.7355,85.3434
2025-08-24T20:00,20.3,99,20.2,865.1,1.5,216,Shankapark,27.7355,85.3434
2025-08-24T21:00,20.2,100,20.2,865.7,4.4,171,Shankapark,27.7355,85.3434
2025-08-24T22:00,20.2,99,20.0,865.7,3.0,166,Shankapark,27.7355,85.3434
2025-08-24T23:00,19.9,98,19.7,865.4,2.0,170,Shankapark,27.7355,85.3434
2025-08-25T00:00,19.7,99,19.6,864.8,3.6,153,Shankapark,27.7355,85.3434
2025-08-25T01:00,19.6,99,19.4,864.3,5.0,154,Shankapark,27.7355,85.3434
2025-08-25T02:00,19.7,99,19.5,864.3,4.7,152,Shankapark,27.7355,85.3434
2025-08-25T03:00,19.4,100,19.4,864.0,4.0,148,Shankapark,27.7355,85.3434
2025-08-25T04:00,19.3,99,19.2,863.8,3.3,174,Shankapark,27.7355,85.3434
2025-08-25T05:00,19.3,98,19.1,864.5,3.1,159,Shankapark,27.7355,85.3434
2025-08-25T06:00,20.4,99,20.3,865.1,3.5,129,Shankapark,27.7355,85.3434
2025-08-25T07:00,21.8,93,20.5,865.9,1.1,198,Shankapark,27.7355,85.3434
2025-08-25T08:00,23.4,84,20.6,866.6,2.1,110,Shankapark,27.7355,85.3434
2025-08-25T09:00,25.1,77,20.8,867.2,2.7,127,Shankapark,27.7355,85.3434
2025-08-25T10:00,26.0,72,20.6,867.0,3.2,133,Shankapark,27.7355,85.3434
2025-08-25T11:00,25.8,73,20.5,866.6,4.8,222,Shankapark,27.7355,85.3434
2025-08-25T12:00,24.8,78,20.7,866.5,2.0,333,Shankapark,27.7355,85.3434
2025-08-25T13:00,24.9,77,20.6,865.5,3.6,18,Shankapark,27.7355,85.3434
2025-08-25T14:00,23.3,82,20.1,864.5,4.9,80,Shankapark,27.7355,85.3434
2025-08-25T15:00,23.8,82,20.5,863.6,0.5,225,Shankapark,27.7355,85.3434
2025-08-25T16:00,23.6,80,19.9,863.1,2.2,48,Shankapark,27.7355,85.3434
2025-08-25T17:00,22.8,87,20.4,863.7,2.3,342,Shankapark,27.7355,85.3434
2025-08-25T18:00,21.7,95,20.8,865.0,2.6,141,Shankapark,27.7355,85.3434
2025-08-25T19:00,21.2,98,20.8,865.4,3.3,151,Shankapark,27.7355,85.3434
2025-08-25T20:00,20.8,98,20.5,865.9,3.3,167,Shankapark,27.7355,85.3434
2025-08-25T21:00,20.3,99,20.1,866.2,3.8,172,Shankapark,27.7355,85.3434
2025-08-25T22:00,19.8,99,19.7,866.7,5.5,157,Shankapark,27.7355,85.3434
2025-08-25T23:00,19.2,98,18.8,866.8,5.1,126,Shankapark,27.7355,85.3434
2025-08-26T00:00,18.6,100,18.5,866.7,5.8,141,Shankapark,27.7355,85.3434
2025-08-26T01:00,18.3,97,17.8,865.9,5.1,157,Shankapark,27.7355,85.3434
2025-08-26T02:00,18.1,97,17.7,865.0,5.4,160,Shankapark,27.7355,85.3434
2025-08-26T03:00,17.9,98,17.7,864.8,4.7,164,Shankapark,27.7355,85.3434
2025-08-26T04:00,17.7,100,17.7,864.3,5.0,159,Shankapark,27.7355,85.3434
2025-08-26T05:00,17.7,100,17.7,865.1,4.6,154,Shankapark,27.7355,85.3434
2025-08-26T06:00,19.8,93,18.6,866.4,4.9,144,Shankapark,27.7355,85.3434
2025-08-26T07:00,21.8,94,20.8,867.8,3.3,135,Shankapark,27.7355,85.3434
2025-08-26T08:00,23.4,85,20.7,868.4,2.1,52,Shankapark,27.7355,85.3434
2025-08-26T09:00,24.7,78,20.5,868.7,2.3,18,Shankapark,27.7355,85.3434
2025-08-26T10:00,26.2,69,19.9,868.5,0.6,146,Shankapark,27.7355,85.3434
2025-08-26T11:00,26.6,68,20.3,868.3,2.0,270,Shankapark,27.7355,85.3434
2025-08-26T12:00,26.8,65,19.6,867.4,5.4,266,Shankapark,27.7355,85.3434
2025-08-26T13:00,24.1,80,20.4,866.7,5.0,270,Shankapark,27.7355,85.3434
2025-08-26T14:00,24.3,81,20.8,865.8,3.9,298,Shankapark,27.7355,85.3434
2025-08-26T15:00,23.7,82,20.4,864.6,5.7,302,Shankapark,27.7355,85.3434
2025-08-26T16:00,22.8,85,20.1,864.3,0.5,270,Shankapark,27.7355,85.3434
2025-08-26T17:00,21.5,94,20.6,863.9,4.3,332,Shankapark,27.7355,85.3434
2025-08-26T18:00,21.4,97,20.8,865.4,1.1,99,Shankapark,27.7355,85.3434
2025-08-26T19:00,21.1,99,20.9,866.1,1.4,270,Shankapark,27.7355,85.3434
2025-08-26T20:00,20.9,99,20.7,866.4,2.1,285,Shankapark,27.7355,85.3434
2025-08-26T21:00,20.9,99,20.8,866.9,1.5,159,Shankapark,27.7355,85.3434
2025-08-26T22:00,20.8,100,20.8,867.2,3.9,127,Shankapark,27.7355,85.3434
2025-08-26T23:00,20.4,100,20.4,866.7,3.4,122,Shankapark,27.7355,85.3434
2025-08-27T00:00,20.6,99,20.4,866.0,3.0,166,Shankapark,27.7355,85.3434
2025-08-27T01:00,20.3,99,20.1,865.1,4.7,164,Shankapark,27.7355,85.3434
2025-08-27T02:00,19.9,100,19.9,864.5,5.0,161,Shankapark,27.7355,85.3434
2025-08-27T03:00,19.4,100,19.4,864.2,5.0,161,Shankapark,27.7355,85.3434
2025-08-27T04:00,19.3,100,19.2,864.1,4.6,159,Shankapark,27.7355,85.3434
2025-08-27T05:00,18.8,100,18.8,864.1,3.7,166,Shankapark,27.7355,85.3434
2025-08-27T06:00,20.9,99,20.8,865.2,4.8,124,Shankapark,27.7355,85.3434
2025-08-27T07:00,22.0,93,20.9,866.2,1.6,186,Shankapark,27.7355,85.3434
2025-08-27T08:00,22.8,88,20.8,866.7,1.8,323,Shankapark,27.7355,85.3434
2025-08-27T09:00,24.3,80,20.6,867.3,2.2,305,Shankapark,27.7355,85.3434
2025-08-27T10:00,25.7,75,20.8,867.2,2.3,315,Shankapark,27.7355,85.3434
2025-08-27T11:00,26.6,71,20.9,866.8,1.1,288,Shankapark,27.7355,85.3434
2025-08-27T12:00,25.9,73,20.6,865.8,3.1,283,Shankapark,27.7355,85.3434
2025-08-27T13:00,25.3,76,20.8,865.1,6.0,263,Shankapark,27.7355,85.3434
2025-08-27T14:00,23.8,79,19.9,864.5,5.2,266,Shankapark,27.7355,85.3434
2025-08-27T15:00,23.4,84,20.4,863.7,4.0,190,Shankapark,27.7355,85.3434
2025-08-27T16:00,23.1,82,19.8,863.3,3.6,252,Shankapark,27.7355,85.3434
2025-08-27T17:00,22.3,88,20.3,863.3,2.1,308,Shankapark,27.7355,85.3434
2025-08-27T18:00,21.6,94,20.6,864.8,2.7,233,Shankapark,27.7355,85.3434
2025-08-27T19:00,21.3,97,20.8,865.4,1.9,41,Shankapark,27.7355,85.3434
2025-08-27T20:00,21.2,95,20.3,866.0,2.4,63,Shankapark,27.7355,85.3434
2025-08-27T21:00,20.9,98,20.7,866.2,3.5,105,Shankapark,27.7355,85.3434
2025-08-27T22:00,20.9,97,20.5,866.4,4.5,104,Shankapark,27.7355,85.3434
2025-08-27T23:00,20.8,95,20.0,866.3,2.5,86,Shankapark,27.7355,85.3434
2025-08-28T00:00,20.5,99,20.3,865.4,4.1,124,Shankapark,27.7355,85.3434
2025-08-28T01:00,20.6,97,20.1,865.0,2.4,144,Shankapark,27.7355,85.3434
2025-08-28T02:00,20.6,96,19.8,865.0,0.6,18,Shankapark,27.7355,85.3434
2025-08-28T03:00,20.3,98,19.9,864.6,0.2,360,Shankapark,27.7355,85.3434
2025-08-28T04:00,20.3,98,19.9,864.6,2.4,81,Shankapark,27.7355,85.3434
2025-08-28T05:00,20.2,98,19.9,864.8,2.9,90,Shankapark,27.7355,85.3434
2025-08-28T06:00,20.5,96,19.8,865.9,2.3,113,Shankapark,27.7355,85.3434
2025-08-28T07:00,20.6,97,20.1,866.2,2.9,120,Shankapark,27.7355,85.3434
2025-08-28T08:00,20.8,96,20.3,866.5,2.4,144,Shankapark,27.7355,85.3434
2025-08-28T09:00,21.4,93,20.3,866.8,3.7,129,Shankapark,27.7355,85.3434
2025-08-28T10:00,22.6,87,20.3,866.6,4.0,120,Shankapark,27.7355,85.3434
2025-08-28T11:00,23.6,81,20.1,866.3,3.1,97,Shankapark,27.7355,85.3434
2025-08-28T12:00,25.0,74,19.9,865.6,1.1,162,Shankapark,27.7355,85.3434
2025-08-28T13:00,25.5,75,20.7,864.6,3.6,288,Shankapark,27.7355,85.3434
2025-08-28T14:00,25.5,78,21.4,863.8,5.9,317,Shankapark,27.7355,85.3434
2025-08-28T15:00,23.1,83,20.1,863.2,4.7,320,Shankapark,27.7355,85.3434
2025-08-28T16:00,22.7,88,20.7,863.0,1.3,106,Shankapark,27.7355,85.3434
2025-08-28T17:00,22.3,91,20.8,863.0,0.7,256,Shankapark,27.7355,85.3434
2025-08-28T18:00,20.8,98,20.5,864.5,2.2,275,Shankapark,27.7355,85.3434
2025-08-28T19:00,20.8,96,20.2,865.5,2.5,172,Shankapark,27.7355,85.3434
2025-08-28T20:00,20.8,98,20.4,866.0,3.0,128,Shankapark,27.7355,85.3434
2025-08-28T21:00,20.4,98,20.2,866.4,4.4,117,Shankapark,27.7355,85.3434
2025-08-28T22:00,20.4,98,20.1,866.7,4.1,135,Shankapark,27.7355,85.3434
2025-08-28T23:00,20.3,99,20.2,866.4,3.7,137,Shankapark,27.7355,85.3434
2025-08-29T00:00,20.3,99,20.2,865.6,2.7,110,Shankapark,27.7355,85.3434
2025-08-29T01:00,20.2,98,19.9,865.6,4.4,122,Shankapark,27.7355,85.3434
2025-08-29T02:00,20.1,99,19.8,865.1,4.2,121,Shankapark,27.7355,85.3434
2025-08-29T03:00,19.9,99,19.8,865.1,4.6,141,Shankapark,27.7355,85.3434
2025-08-29T04:00,19.8,99,19.6,865.2,5.5,153,Shankapark,27.7355,85.3434
2025-08-29T05:00,19.6,99,19.3,865.5,5.4,150,Shankapark,27.7355,85.3434
2025-08-29T06:00,20.2,100,20.2,866.3,3.5,111,Shankapark,27.7355,85.3434
2025-08-29T07:00,20.7,96,19.9,866.8,4.2,130,Shankapark,27.7355,85.3434
2025-08-29T08:00,21.4,92,20.1,867.5,4.4,128,Shankapark,27.7355,85.3434
2025-08-29T09:00,22.4,87,20.1,868.1,2.3,135,Shankapark,27.7355,85.3434
2025-08-29T10:00,22.6,90,20.9,867.9,4.1,61,Shankapark,27.7355,85.3434
2025-08-29T11:00,23.5,86,21.1,867.6,5.9,70,Shankapark,27.7355,85.3434
2025-08-29T12:00,24.5,80,20.8,866.9,6.5,76,Shankapark,27.7355,85.3434
2025-08-29T13:00,25.8,73,20.6,866.5,5.4,69,Shankapark,27.7355,85.3434
2025-08-29T14:00,24.7,78,20.7,865.0,2.7,58,Shankapark,27.7355,85.3434
2025-08-29T15:00,24.6,77,20.3,864.7,0.8,153,Shankapark,27.7355,85.3434
2025-08-29T16:00,24.3,80,20.6,865.1,0.7,166,Shankapark,27.7355,85.3434
2025-08-29T17:00,22.4,90,20.7,865.3,3.8,177,Shankapark,27.7355,85.3434
2025-08-29T18:00,21.6,96,20.8,866.2,4.3,135,Shankapark,27.7355,85.3434
2025-08-29T19:00,21.3,97,20.7,866.5,5.7,143,Shankapark,27.7355,85.3434
2025-08-29T20:00,20.8,98,20.4,867.3,5.6,155,Shankapark,27.7355,85.3434
2025-08-29T21:00,20.7,98,20.3,867.9,6.0,153,Shankapark,27.7355,85.3434
2025-08-29T22:00,20.4,98,20.2,868.0,5.1,163,Shankapark,27.7355,85.3434
2025-08-29T23:00,20.1,99,19.9,867.9,4.0,170,Shankapark,27.7355,85.3434
2025-08-30T00:00,19.9,97,19.5,867.6,2.4,207,Shankapark,27.7355,85.3434
2025-08-30T01:00,19.6,98,19.3,867.3,2.5,184,Shankapark,27.7355,85.3434
2025-08-30T02:00,19.4,100,19.3,866.9,1.5,216,Shankapark,27.7355,85.3434
2025-08-30T03:00,19.4,100,19.3,866.9,0.7,194,Shankapark,27.7355,85.3434
2025-08-30T04:00,19.4,99,19.3,866.8,1.8,180,Shankapark,27.7355,85.3434
2025-08-30T05:00,19.5,99,19.3,866.9,2.0,185,Shankapark,27.7355,85.3434
2025-08-30T06:00,20.4,98,20.1,868.2,2.7,148,Shankapark,27.7355,85.3434
2025-08-30T07:00,20.7,98,20.3,868.8,1.5,166,Shankapark,27.7355,85.3434
2025-08-30T08:00,22.1,92,20.7,869.4,0.6,56,Shankapark,27.7355,85.3434
2025-08-30T09:00,23.4,86,20.9,869.4,2.4,9,Shankapark,27.7355,85.3434
2025-08-30T10:00,24.4,81,20.9,869.3,0.0,270,Shankapark,27.7355,85.3434
2025-08-30T11:00,26.4,73,21.1,869.0,0.3,45,Shankapark,27.7355,85.3434
2025-08-30T12:00,26.2,70,20.3,867.8,0.7,256,Shankapark,27.7355,85.3434
2025-08-30T13:00,23.8,80,20.2,866.8,5.2,248,Shankapark,27.7355,85.3434
2025-08-30T14:00,23.2,84,20.4,866.0,4.6,309,Shankapark,27.7355,85.3434
2025-08-30T15:00,22.8,87,20.6,865.6,0.6,304,Shankapark,27.7355,85.3434
2025-08-30T16:00,22.9,86,20.4,865.3,5.2,295,Shankapark,27.7355,85.3434
2025-08-30T17:00,22.1,90,20.4,865.3,2.3,331,Shankapark,27.7355,85.3434
2025-08-30T18:00,21.4,96,20.8,866.7,1.5,104,Shankapark,27.7355,85.3434
2025-08-30T19:00,20.7,97,20.2,867.3,2.9,169,Shankapark,27.7355,85.3434
2025-08-30T20:00,20.3,99,20.2,867.9,4.4,173,Shankapark,27.7355,85.3434
2025-08-30T21:00,20.1,96,19.4,868.2,4.5,182,Shankapark,27.7355,85.3434
2025-08-30T22:00,20.1,98,19.8,868.4,3.8,155,Shankapark,27.7355,85.3434
2025-08-30T23:00,19.6,99,19.3,868.1,3.2,177,Shankapark,27.7355,85.3434
2025-08-31T00:00,19.7,98,19.4,867.3,4.3,156,Shankapark,27.7355,85.3434
2025-08-31T01:00,19.6,98,19.2,867.0,5.8,144,Shankapark,27.7355,85.3434
2025-08-31T02:00,19.3,98,19.1,866.2,6.3,156,Shankapark,27.7355,85.3434
2025-08-31T03:00,19.3,98,19.1,865.8,4.1,124,Shankapark,27.7355,85.3434
2025-08-31T04:00,19.1,98,18.8,866.2,5.9,142,Shankapark,27.7355,85.3434
2025-08-31T05:00,19.1,98,18.8,866.7,5.7,139,Shankapark,27.7355,85.3434
2025-08-31T06:00,19.8,96,19.2,867.4,4.1,131,Shankapark,27.7355,85.3434
2025-08-31T07:00,20.7,94,19.8,868.2,1.1,72,Shankapark,27.7355,85.3434
2025-08-31T08:00,21.7,90,20.0,868.7,2.2,76,Shankapark,27.7355,85.3434
2025-08-31T09:00,23.2,86,20.6,868.6,3.3,61,Shankapark,27.7355,85.3434
2025-08-31T10:00,25.1,76,20.7,868.5,3.9,77,Shankapark,27.7355,85.3434
2025-08-31T11:00,25.8,74,20.7,868.0,1.7,32,Shankapark,27.7355,85.3434
2025-08-31T12:00,25.6,75,20.7,867.0,5.8,275,Shankapark,27.7355,85.3434
2025-08-31T13:00,22.3,83,19.3,866.1,4.6,259,Shankapark,27.7355,85.3434
2025-08-31T14:00,22.9,84,20.0,864.9,2.7,8,Shankapark,27.7355,85.3434
2025-08-31T15:00,23.3,82,20.0,863.9,3.2,27,Shankapark,27.7355,85.3434
2025-08-31T16:00,23.3,82,20.1,863.7,0.8,27,Shankapark,27.7355,85.3434
2025-08-31T17:00,22.7,85,20.1,863.4,3.6,30,Shankapark,27.7355,85.3434
2025-08-31T18:00,20.7,95,19.8,864.6,1.5,339,Shankapark,27.7355,85.3434
2025-08-31T19:00,20.3,98,19.9,865.3,2.1,38,Shankapark,27.7355,85.3434
2025-08-31T20:00,20.0,98,19.8,866.0,4.4,32,Shankapark,27.7355,85.3434
2025-08-31T21:00,20.1,99,19.9,866.4,3.5,99,Shankapark,27.7355,85.3434
2025-08-31T22:00,20.1,98,19.8,866.3,4.3,68,Shankapark,27.7355,85.3434
2025-08-31T23:00,19.9,98,19.7,865.9,3.9,143,Shankapark,27.7355,85.3434
2025-09-01T00:00,19.8,98,19.5,865.5,3.4,148,Shankapark,27.7355,85.3434
2025-09-01T01:00,19.6,100,19.6,865.0,3.6,147,Shankapark,27.7355,85.3434
2025-09-01T02:00,19.2,100,19.1,864.5,3.2,146,Shankapark,27.7355,85.3434
2025-09-01T03:00,18.4,99,18.3,864.4,2.9,137,Shankapark,27.7355,85.3434
2025-09-01T04:00,18.6,98,18.3,864.1,4.9,123,Shankapark,27.7355,85.3434
2025-09-01T05:00,18.2,99,17.9,863.8,4.9,141,Shankapark,27.7355,85.3434
2025-09-01T06:00,19.3,99,19.1,864.6,5.7,145,Shankapark,27.7355,85.3434
2025-09-01T07:00,21.3,92,19.9,865.7,4.8,138,Shankapark,27.7355,85.3434
2025-09-01T08:00,23.2,81,19.8,866.5,2.6,78,Shankapark,27.7355,85.3434
2025-09-01T09:00,24.7,74,19.8,866.8,3.5,66,Shankapark,27.7355,85.3434
2025-09-01T10:00,26.2,67,19.7,866.6,3.5,81,Shankapark,27.7355,85.3434
2025-09-01T11:00,27.7,64,20.3,866.3,1.6,96,Shankapark,27.7355,85.3434
2025-09-01T12:00,27.9,64,20.6,865.4,2.7,242,Shankapark,27.7355,85.3434
2025-09-01T13:00,24.4,79,20.5,864.6,7.6,239,Shankapark,27.7355,85.3434
2025-09-01T14:00,24.8,76,20.3,863.5,2.4,73,Shankapark,27.7355,85.3434
2025-09-01T15:00,24.8,73,19.8,862.5,2.7,360,Shankapark,27.7355,85.3434
2025-09-01T16:00,23.3,83,20.2,861.9,3.1,193,Shankapark,27.7355,85.3434
2025-09-01T17:00,22.8,86,20.3,862.1,1.8,191,Shankapark,27.7355,85.3434
2025-09-01T18:00,20.4,98,20.1,863.9,3.5,75,Shankapark,27.7355,85.3434
2025-09-01T19:00,19.4,97,18.9,864.6,6.1,76,Shankapark,27.7355,85.3434
2025-09-01T20:00,19.4,97,18.9,865.5,6.2,144,Shankapark,27.7355,85.3434
2025-09-01T21:00,19.3,97,18.7,865.4,4.2,140,Shankapark,27.7355,85.3434
2025-09-01T22:00,18.7,100,18.7,865.2,5.2,139,Shankapark,27.7355,85.3434
2025-09-01T23:00,18.4,98,18.2,864.6,7.6,149,Shankapark,27.7355,85.3434
2025-09-02T00:00,18.1,99,17.9,863.3,7.7,159,Shankapark,27.7355,85.3434
2025-09-02T01:00,17.8,99,17.7,862.3,5.4,159,Shankapark,27.7355,85.3434
2025-09-02T02:00,17.5,100,17.5,861.7,4.6,169,Shankapark,27.7355,85.3434
2025-09-02T03:00,17.3,100,17.3,861.5,5.7,169,Shankapark,27.7355,85.3434
2025-09-02T04:00,17.3,99,17.3,862.1,3.8,161,Shankapark,27.7355,85.3434
2025-09-02T05:00,17.5,98,17.3,862.7,5.1,163,Shankapark,27.7355,85.3434
2025-09-02T06:00,18.9,99,18.8,864.5,8.2,154,Shankapark,27.7355,85.3434
2025-09-02T07:00,21.3,92,19.9,866.4,4.0,188,Shankapark,27.7355,85.3434
2025-09-02T08:00,23.2,82,19.9,867.1,1.8,354,Shankapark,27.7355,85.3434
2025-09-02T09:00,24.3,76,19.7,867.4,3.4,313,Shankapark,27.7355,85.3434
2025-09-02T10:00,25.4,72,20.1,867.2,4.4,325,Shankapark,27.7355,85.3434
2025-09-02T11:00,26.6,67,20.0,867.0,3.4,254,Shankapark,27.7355,85.3434
2025-09-02T12:00,25.9,70,20.1,866.1,3.4,264,Shankapark,27.7355,85.3434
2025-09-02T13:00,26.1,72,20.5,865.1,2.7,323,Shankapark,27.7355,85.3434
2025-09-02T14:00,26.4,70,20.5,864.3,4.4,333,Shankapark,27.7355,85.3434
2025-09-02T15:00,24.7,76,20.1,863.7,5.1,312,Shankapark,27.7355,85.3434
2025-09-02T16:00,23.4,81,20.1,863.9,1.5,194,Shankapark,27.7355,85.3434
2025-09-02T17:00,22.6,84,19.8,864.1,3.1,201,Shankapark,27.7355,85.3434
2025-09-02T18:00,21.5,96,20.8,864.9,3.4,212,Shankapark,27.7355,85.3434
2025-09-02T19:00,20.8,99,20.7,865.5,2.2,275,Shankapark,27.7355,85.3434
2025-09-02T20:00,20.4,99,20.2,866.7,7.6,194,Shankapark,27.7355,85.3434
2025-09-02T21:00,20.3,98,19.9,866.6,3.7,113,Shankapark,27.7355,85.3434
2025-09-02T22:00,19.8,98,19.5,867.2,6.7,142,Shankapark,27.7355,85.3434
2025-09-02T23:00,19.6,98,19.3,866.9,6.2,139,Shankapark,27.7355,85.3434
2025-09-03T00:00,19.2,99,19.1,866.1,5.0,142,Shankapark,27.7355,85.3434
2025-09-03T01:00,18.9,100,18.9,865.3,6.5,150,Shankapark,27.7355,85.3434
2025-09-03T02:00,18.9,100,18.8,864.9,5.6,158,Shankapark,27.7355,85.3434
2025-09-03T03:00,18.6,100,18.6,864.5,5.6,165,Shankapark,27.7355,85.3434
2025-09-03T04:00,18.4,100,18.4,864.2,5.8,160,Shankapark,27.7355,85.3434
2025-09-03T05:00,18.2,100,18.2,864.4,4.7,157,Shankapark,27.7355,85.3434
2025-09-03T06:00,19.3,98,19.0,865.3,5.7,167,Shankapark,27.7355,85.3434
2025-09-03T07:00,21.6,93,20.4,866.6,1.5,166,Shankapark,27.7355,85.3434
2025-09-03T08:00,23.7,80,19.9,867.5,1.7,77,Shankapark,27.7355,85.3434
2025-09-03T09:00,25.7,70,19.8,868.0,1.4,90,Shankapark,27.7355,85.3434
2025-09-03T10:00,26.9,65,19.6,867.9,1.3,106,Shankapark,27.7355,85.3434
2025-09-03T11:00,27.3,64,19.9,867.5,1.1,198,Shankapark,27.7355,85.3434
2025-09-03T12:00,26.8,66,19.8,866.9,2.9,210,Shankapark,27.7355,85.3434
2025-09-03T13:00,25.8,72,20.4,866.1,4.0,333,Shankapark,27.7355,85.3434
2025-09-03T14:00,25.2,72,19.9,865.2,4.4,9,Shankapark,27.7355,85.3434
2025-09-03T15:00,24.3,78,20.3,864.2,3.6,360,Shankapark,27.7355,85.3434
2025-09-03T16:00,23.9,81,20.4,863.7,1.7,41,Shankapark,27.7355,85.3434
2025-09-03T17:00,23.6,85,20.8,864.3,1.2,231,Shankapark,27.7355,85.3434
2025-09-03T18:00,21.2,100,21.2,865.4,2.4,197,Shankapark,27.7355,85.3434
2025-09-03T19:00,20.7,97,20.1,866.4,5.5,139,Shankapark,27.7355,85.3434
2025-09-03T20:00,20.3,98,20.1,867.3,4.9,141,Shankapark,27.7355,85.3434
2025-09-03T21:00,20.2,99,19.9,867.4,4.6,171,Shankapark,27.7355,85.3434
2025-09-03T22:00,19.7,100,19.7,867.1,3.5,171,Shankapark,27.7355,85.3434
2025-09-03T23:00,19.6,98,19.3,867.2,3.3,144,Shankapark,27.7355,85.3434
2025-09-04T00:00,19.7,96,19.1,866.8,5.1,148,Shankapark,27.7355,85.3434
2025-09-04T01:00,19.2,98,18.9,865.9,4.0,141,Shankapark,27.7355,85.3434
2025-09-04T02:00,19.1,98,18.7,864.9,4.4,159,Shankapark,27.7355,85.3434
2025-09-04T03:00,18.8,98,18.4,864.3,4.7,157,Shankapark,27.7355,85.3434
2025-09-04T04:00,18.3,100,18.3,864.1,6.2,159,Shankapark,27.7355,85.3434
2025-09-04T05:00,17.9,100,17.9,864.3,6.1,157,Shankapark,27.7355,85.3434
2025-09-04T06:00,19.8,98,19.5,866.1,6.6,159,Shankapark,27.7355,85.3434
2025-09-04T07:00,22.2,92,20.8,867.6,4.4,128,Shankapark,27.7355,85.3434
2025-09-04T08:00,24.0,79,20.2,868.4,3.2,93,Shankapark,27.7355,85.3434
2025-09-04T09:00,25.6,72,20.1,868.7,3.3,77,Shankapark,27.7355,85.3434
2025-09-04T10:00,27.0,66,20.1,868.5,4.0,117,Shankapark,27.7355,85.3434
2025-09-04T11:00,27.3,66,20.3,868.4,3.8,155,Shankapark,27.7355,85.3434
2025-09-04T12:00,26.8,68,20.3,867.5,2.5,150,Shankapark,27.7355,85.3434
2025-09-04T13:00,25.0,75,20.3,866.4,4.7,9,Shankapark,27.7355,85.3434
2025-09-04T14:00,25.6,71,19.9,865.4,4.0,32,Shankapark,27.7355,85.3434
2025-09-04T15:00,25.3,71,19.7,864.7,3.7,76,Shankapark,27.7355,85.3434
2025-09-04T16:00,25.1,72,19.6,864.9,3.6,131,Shankapark,27.7355,85.3434
2025-09-04T17:00,22.7,86,20.1,865.4,4.0,177,Shankapark,27.7355,85.3434
2025-09-04T18:00,21.1,96,20.5,866.1,5.1,162,Shankapark,27.7355,85.3434
2025-09-04T19:00,21.0,95,20.3,867.0,4.8,158,Shankapark,27.7355,85.3434
2025-09-04T20:00,20.7,97,20.2,867.5,4.9,152,Shankapark,27.7355,85.3434
2025-09-04T21:00,20.6,98,20.3,867.9,4.8,155,Shankapark,27.7355,85.3434
2025-09-04T22:00,20.3,98,20.0,867.6,5.2,139,Shankapark,27.7355,85.3434
2025-09-04T23:00,19.9,99,19.7,867.5,5.0,150,Shankapark,27.7355,85.3434
2025-09-05T00:00,19.4,99,19.3,866.5,4.8,158,Shankapark,27.7355,85.3434
2025-09-05T01:00,19.1,99,18.9,866.0,4.4,159,Shankapark,27.7355,85.3434
2025-09-05T02:00,18.5,100,18.5,865.5,4.5,157,Shankapark,27.7355,85.3434
2025-09-05T03:00,18.2,100,18.2,865.3,4.1,165,Shankapark,27.7355,85.3434
2025-09-05T04:00,17.8,100,17.8,865.3,3.8,163,Shankapark,27.7355,85.3434
2025-09-05T05:00,17.8,100,17.8,865.5,3.9,158,Shankapark,27.7355,85.3434
2025-09-05T06:00,19.4,99,19.3,866.7,3.6,162,Shankapark,27.7355,85.3434
2025-09-05T07:00,22.2,91,20.6,869.0,2.2,66,Shankapark,27.7355,85.3434
2025-09-05T08:00,23.4,83,20.3,869.4,2.8,55,Shankapark,27.7355,85.3434
2025-09-05T09:00,25.1,73,19.9,869.8,0.7,14,Shankapark,27.7355,85.3434
2025-09-05T10:00,26.6,66,19.7,869.5,0.6,252,Shankapark,27.7355,85.3434
2025-09-05T11:00,26.7,65,19.4,868.8,1.9,214,Shankapark,27.7355,85.3434
2025-09-05T12:00,24.7,74,19.8,868.3,6.9,301,Shankapark,27.7355,85.3434
2025-09-05T13:00,25.1,77,20.8,867.2,2.0,275,Shankapark,27.7355,85.3434
2025-09-05T14:00,24.9,78,20.9,866.4,2.4,283,Shankapark,27.7355,85.3434
2025-09-05T15:00,24.6,75,19.8,865.3,3.1,301,Shankapark,27.7355,85.3434
2025-09-05T16:00,24.1,80,20.3,864.7,3.5,351,Shankapark,27.7355,85.3434
2025-09-05T17:00,23.2,86,20.8,865.1,2.7,332,Shankapark,27.7355,85.3434
2025-09-05T18:00,21.5,96,20.9,866.7,2.0,207,Shankapark,27.7355,85.3434
2025-09-05T19:00,20.9,99,20.8,867.5,1.1,180,Shankapark,27.7355,85.3434
2025-09-05T20:00,20.9,99,20.8,868.0,3.7,166,Shankapark,27.7355,85.3434
2025-09-05T21:00,20.8,99,20.7,868.3,1.1,189,Shankapark,27.7355,85.3434
2025-09-05T22:00,20.6,98,20.3,868.5,2.7,138,Shankapark,27.7355,85.3434
2025-09-05T23:00,20.6,99,20.4,868.5,3.9,106,Shankapark,27.7355,85.3434
2025-09-06T00:00,20.3,98,20.0,867.9,2.3,203,Shankapark,27.7355,85.3434
2025-09-06T01:00,19.8,100,19.8,867.2,3.0,107,Shankapark,27.7355,85.3434
2025-09-06T02:00,19.7,100,19.7,866.7,5.7,162,Shankapark,27.7355,85.3434
2025-09-06T03:00,19.7,99,19.6,866.3,3.5,141,Shankapark,27.7355,85.3434
2025-09-06T04:00,19.4,99,19.3,866.4,5.2,153,Shankapark,27.7355,85.3434
2025-09-06T05:00,19.1,100,19.1,866.9,5.2,160,Shankapark,27.7355,85.3434
2025-09-06T06:00,20.1,98,19.8,867.9,5.2,166,Shankapark,27.7355,85.3434
2025-09-06T07:00,21.9,93,20.7,868.9,3.9,156,Shankapark,27.7355,85.3434
2025-09-06T08:00,23.4,83,20.3,869.3,2.9,60,Shankapark,27.7355,85.3434
2025-09-06T09:00,24.9,76,20.3,870.1,1.1,81,Shankapark,27.7355,85.3434
2025-09-06T10:00,25.6,73,20.3,870.0,2.6,205,Shankapark,27.7355,85.3434
2025-09-06T11:00,25.9,71,20.3,869.5,3.2,227,Shankapark,27.7355,85.3434
2025-09-06T12:00,25.2,73,20.1,868.9,5.7,224,Shankapark,27.7355,85.3434
2025-09-06T13:00,23.3,83,20.3,867.9,3.1,263,Shankapark,27.7355,85.3434
2025-09-06T14:00,22.8,87,20.4,867.2,4.0,357,Shankapark,27.7355,85.3434
2025-09-06T15:00,22.1,91,20.6,866.2,2.4,17,Shankapark,27.7355,85.3434
2025-09-06T16:00,22.3,90,20.5,865.8,1.7,319,Shankapark,27.7355,85.3434
2025-09-06T17:00,21.8,91,20.2,865.6,1.7,342,Shankapark,27.7355,85.3434
2025-09-06T18:00,21.1,97,20.6,867.1,0.5,45,Shankapark,27.7355,85.3434
2025-09-06T19:00,20.8,99,20.6,867.8,5.3,62,Shankapark,27.7355,85.3434
2025-09-06T20:00,20.8,98,20.3,868.3,3.6,162,Shankapark,27.7355,85.3434
2025-09-06T21:00,20.4,98,20.2,868.2,4.4,171,Shankapark,27.7355,85.3434
2025-09-06T22:00,20.1,99,20.0,868.2,3.1,180,Shankapark,27.7355,85.3434
2025-09-06T23:00,19.8,100,19.8,867.9,1.9,158,Shankapark,27.7355,85.3434
2025-09-07T00:00,19.8,100,19.8,867.4,2.5,176,Shankapark,27.7355,85.3434
2025-09-07T01:00,19.5,100,19.4,866.1,2.1,165,Shankapark,27.7355,85.3434
2025-09-07T02:00,19.2,98,18.9,865.9,1.8,156,Shankapark,27.7355,85.3434
2025-09-07T03:00,19.1,100,19.1,865.6,2.1,165,Shankapark,27.7355,85.3434
2025-09-07T04:00,19.1,99,18.8,865.8,2.2,171,Shankapark,27.7355,85.3434
2025-09-07T05:00,18.9,99,18.8,865.9,2.9,176,Shankapark,27.7355,85.3434
2025-09-07T06:00,19.8,99,19.6,866.5,3.6,160,Shankapark,27.7355,85.3434
2025-09-07T07:00,21.8,90,20.2,868.4,0.6,342,Shankapark,27.7355,85.3434
2025-09-07T08:00,23.2,80,19.7,868.9,2.8,345,Shankapark,27.7355,85.3434
2025-09-07T09:00,24.2,75,19.5,869.1,3.2,326,Shankapark,27.7355,85.3434
2025-09-07T10:00,25.1,71,19.4,868.8,2.9,300,Shankapark,27.7355,85.3434
2025-09-07T11:00,25.8,68,19.4,868.3,3.5,282,Shankapark,27.7355,85.3434
2025-09-07T12:00,25.7,68,19.3,867.3,4.6,288,Shankapark,27.7355,85.3434
2025-09-07T13:00,24.3,74,19.3,866.4,4.2,216,Shankapark,27.7355,85.3434
2025-09-07T14:00,24.0,76,19.5,865.5,4.9,260,Shankapark,27.7355,85.3434
2025-09-07T15:00,23.3,81,19.9,865.0,1.7,229,Shankapark,27.7355,85.3434
2025-09-07T16:00,22.5,85,19.8,864.8,4.0,275,Shankapark,27.7355,85.3434
2025-09-07T17:00,21.9,89,19.9,864.5,2.4,312,Shankapark,27.7355,85.3434
2025-09-07T18:00,21.5,95,20.7,865.5,3.0,287,Shankapark,27.7355,85.3434
2025-09-07T19:00,21.1,98,20.8,866.4,1.9,253,Shankapark,27.7355,85.3434
2025-09-07T20:00,20.9,99,20.8,867.1,1.6,180,Shankapark,27.7355,85.3434
2025-09-07T21:00,20.8,98,20.4,867.3,1.5,173,Shankapark,27.7355,85.3434
2025-09-07T22:00,20.3,100,20.3,867.3,1.4,180,Shankapark,27.7355,85.3434
2025-09-07T23:00,19.8,100,19.7,866.9,4.2,245,Shankapark,27.7355,85.3434
2025-09-08T00:00,19.7,100,19.7,866.7,2.7,212,Shankapark,27.7355,85.3434
2025-09-08T01:00,19.8,98,19.4,866.1,3.3,174,Shankapark,27.7355,85.3434
2025-09-08T02:00,19.4,100,19.3,865.8,1.9,146,Shankapark,27.7355,85.3434
2025-09-08T03:00,19.3,99,19.2,865.5,1.9,139,Shankapark,27.7355,85.3434
2025-09-08T04:00,19.2,98,18.8,865.5,1.5,159,Shankapark,27.7355,85.3434
2025-09-08T05:00,19.2,98,18.8,865.5,4.0,190,Shankapark,27.7355,85.3434
2025-09-08T06:00,20.3,97,19.8,866.8,3.1,170,Shankapark,27.7355,85.3434
2025-09-08T07:00,20.8,95,20.0,867.7,2.7,172,Shankapark,27.7355,85.3434
2025-09-08T08:00,21.7,91,20.1,868.3,0.8,135,Shankapark,27.7355,85.3434
2025-09-08T09:00,23.2,83,20.1,868.8,0.9,53,Shankapark,27.7355,85.3434
2025-09-08T10:00,24.3,76,19.8,868.7,2.3,288,Shankapark,27.7355,85.3434
2025-09-08T11:00,25.4,71,19.8,868.2,5.5,293,Shankapark,27.7355,85.3434
2025-09-08T12:00,25.8,70,20.0,867.6,8.7,287,Shankapark,27.7355,85.3434
2025-09-08T13:00,25.3,74,20.3,866.6,7.3,287,Shankapark,27.7355,85.3434
2025-09-08T14:00,25.7,72,20.2,865.8,7.0,283,Shankapark,27.7355,85.3434
2025-09-08T15:00,24.3,77,20.1,865.2,9.1,297,Shankapark,27.7355,85.3434
2025-09-08T16:00,23.7,83,20.6,865.0,5.2,295,Shankapark,27.7355,85.3434
2025-09-08T17:00,22.8,87,20.7,865.1,5.9,308,Shankapark,27.7355,85.3434
2025-09-08T18:00,21.4,95,20.6,866.2,4.5,233,Shankapark,27.7355,85.3434
2025-09-08T19:00,21.1,96,20.5,867.1,3.6,261,Shankapark,27.7355,85.3434
2025-09-08T20:00,20.8,97,20.3,867.8,2.4,197,Shankapark,27.7355,85.3434
2025-09-08T21:00,20.4,99,20.2,867.9,2.9,191,Shankapark,27.7355,85.3434
2025-09-08T22:00,19.9,100,19.9,867.6,2.7,176,Shankapark,27.7355,85.3434
2025-09-08T23:00,19.6,100,19.6,867.4,3.1,183,Shankapark,27.7355,85.3434
2025-09-09T00:00,19.3,100,19.3,866.8,3.0,163,Shankapark,27.7355,85.3434
2025-09-09T01:00,19.1,98,18.7,866.5,1.5,173,Shankapark,27.7355,85.3434
2025-09-09T02:00,18.6,98,18.3,865.6,1.7,162,Shankapark,27.7355,85.3434
2025-09-09T03:00,18.4,100,18.4,865.4,2.4,163,Shankapark,27.7355,85.3434
2025-09-09T04:00,18.3,100,18.3,865.6,1.5,194,Shankapark,27.7355,85.3434
2025-09-09T05:00,18.6,100,18.6,866.5,1.1,180,Shankapark,27.7355,85.3434
2025-09-09T06:00,20.2,97,19.8,867.3,1.4,157,Shankapark,27.7355,85.3434
2025-09-09T07:00,21.6,92,20.3,868.4,2.6,124,Shankapark,27.7355,85.3434
2025-09-09T08:00,23.2,83,20.1,869.1,2.4,99,Shankapark,27.7355,85.3434
2025-09-09T09:00,24.7,74,19.8,869.7,0.3,315,Shankapark,27.7355,85.3434
2025-09-09T10:00,26.1,67,19.4,869.5,4.7,298,Shankapark,27.7355,85.3434
2025-09-09T11:00,26.4,67,19.7,868.9,7.3,298,Shankapark,27.7355,85.3434
2025-09-09T12:00,26.1,66,19.3,868.0,7.5,291,Shankapark,27.7355,85.3434
2025-09-09T13:00,25.8,70,20.0,867.0,7.7,267,Shankapark,27.7355,85.3434
2025-09-09T14:00,25.5,74,20.4,866.2,8.0,293,Shankapark,27.7355,85.3434
2025-09-09T15:00,23.8,80,20.2,865.5,9.3,310,Shankapark,27.7355,85.3434
2025-09-09T16:00,22.8,88,20.8,865.2,4.9,303,Shankapark,27.7355,85.3434
2025-09-09T17:00,22.3,90,20.7,865.5,4.8,307,Shankapark,27.7355,85.3434
2025-09-09T18:00,21.2,97,20.7,866.3,2.4,257,Shankapark,27.7355,85.3434
2025-09-09T19:00,20.6,100,20.6,866.7,2.6,219,Shankapark,27.7355,85.3434
2025-09-09T20:00,20.3,100,20.3,866.9,2.7,188,Shankapark,27.7355,85.3434
2025-09-09T21:00,20.1,100,20.1,866.8,4.1,178,Shankapark,27.7355,85.3434
2025-09-09T22:00,19.6,100,19.6,866.6,4.8,169,Shankapark,27.7355,85.3434
2025-09-09T23:00,19.3,100,19.3,866.5,3.4,180,Shankapark,27.7355,85.3434
2025-09-10T00:00,19.0,100,19.0,865.7,4.0,185,Shankapark,27.7355,85.3434
2025-09-10T01:00,18.8,100,18.8,865.0,3.4,162,Shankapark,27.7355,85.3434
2025-09-10T02:00,18.5,100,18.5,864.7,2.5,180,Shankapark,27.7355,85.3434
2025-09-10T03:00,18.6,99,18.4,864.4,2.9,180,Shankapark,27.7355,85.3434
2025-09-10T04:00,18.3,100,18.3,864.7,2.9,169,Shankapark,27.7355,85.3434
2025-09-10T05:00,18.1,100,18.1,865.1,3.4,164,Shankapark,27.7355,85.3434
2025-09-10T06:00,19.4,98,19.1,866.5,6.0,183,Shankapark,27.7355,85.3434
2025-09-10T07:00,21.5,96,20.8,867.5,2.4,193,Shankapark,27.7355,85.3434
2025-09-10T08:00,23.4,84,20.5,868.3,1.5,83,Shankapark,27.7355,85.3434
2025-09-10T09:00,24.8,77,20.4,868.6,0.6,108,Shankapark,27.7355,85.3434
2025-09-10T10:00,26.2,71,20.4,868.4,2.6,286,Shankapark,27.7355,85.3434
2025-09-10T11:00,27.1,66,20.1,867.7,4.7,270,Shankapark,27.7355,85.3434
2025-09-10T12:00,26.5,70,20.7,866.7,5.7,279,Shankapark,27.7355,85.3434
2025-09-10T13:00,24.9,76,20.4,865.4,9.2,269,Shankapark,27.7355,85.3434
2025-09-10T14:00,24.4,76,19.8,864.4,3.6,273,Shankapark,27.7355,85.3434
2025-09-10T15:00,24.4,77,20.1,863.8,4.3,318,Shankapark,27.7355,85.3434
2025-09-10T16:00,23.4,84,20.5,863.5,4.2,348,Shankapark,27.7355,85.3434
2025-09-10T17:00,22.4,91,20.8,863.4,2.6,321,Shankapark,27.7355,85.3434
2025-09-10T18:00,21.6,96,20.9,864.3,2.0,153,Shankapark,27.7355,85.3434
2025-09-10T19:00,21.1,98,20.8,864.5,3.2,164,Shankapark,27.7355,85.3434
2025-09-10T20:00,20.6,100,20.6,864.9,5.5,169,Shankapark,27.7355,85.3434
2025-09-10T21:00,20.3,100,20.3,865.4,4.5,151,Shankapark,27.7355,85.3434
2025-09-10T22:00,20.2,98,19.8,865.8,5.3,145,Shankapark,27.7355,85.3434
2025-09-10T23:00,19.8,99,19.7,865.2,4.8,153,Shankapark,27.7355,85.3434
2025-09-11T00:00,19.9,99,19.8,864.6,6.0,143,Shankapark,27.7355,85.3434
2025-09-11T01:00,19.5,100,19.5,864.1,6.4,153,Shankapark,27.7355,85.3434
2025-09-11T02:00,19.3,100,19.3,863.8,6.6,147,Shankapark,27.7355,85.3434
2025-09-11T03:00,19.4,100,19.4,864.1,5.7,134,Shankapark,27.7355,85.3434
2025-09-11T04:00,19.6,99,19.4,864.2,7.4,146,Shankapark,27.7355,85.3434
2025-09-11T05:00,19.8,98,19.5,864.9,6.6,143,Shankapark,27.7355,85.3434
2025-09-11T06:00,20.3,99,20.2,866.4,4.9,144,Shankapark,27.7355,85.3434
2025-09-11T07:00,20.8,98,20.3,867.4,4.0,111,Shankapark,27.7355,85.3434
2025-09-11T08:00,21.3,93,20.1,867.6,6.1,120,Shankapark,27.7355,85.3434
2025-09-11T09:00,22.9,85,20.2,867.8,6.8,119,Shankapark,27.7355,85.3434
2025-09-11T10:00,24.8,76,20.3,867.8,6.7,117,Shankapark,27.7355,85.3434
2025-09-11T11:00,26.7,70,20.7,867.4,4.7,130,Shankapark,27.7355,85.3434
2025-09-11T12:00,27.1,71,21.3,866.7,2.6,231,Shankapark,27.7355,85.3434
2025-09-11T13:00,24.8,78,20.8,865.7,5.4,284,Shankapark,27.7355,85.3434
2025-09-11T14:00,23.6,85,20.9,865.0,4.2,288,Shankapark,27.7355,85.3434
2025-09-11T15:00,23.8,84,20.9,864.3,4.9,303,Shankapark,27.7355,85.3434
2025-09-11T16:00,23.4,82,20.3,864.4,3.6,300,Shankapark,27.7355,85.3434
2025-09-11T17:00,22.6,87,20.3,865.0,2.8,333,Shankapark,27.7355,85.3434
2025-09-11T18:00,21.6,97,21.1,865.5,1.1,171,Shankapark,27.7355,85.3434
2025-09-11T19:00,21.3,97,20.8,866.7,2.2,171,Shankapark,27.7355,85.3434
2025-09-11T20:00,21.0,98,20.8,867.4,1.8,135,Shankapark,27.7355,85.3434
2025-09-11T21:00,21.0,99,20.8,867.8,3.3,131,Shankapark,27.7355,85.3434
2025-09-11T22:00,20.7,100,20.7,867.7,3.2,146,Shankapark,27.7355,85.3434
2025-09-11T23:00,20.2,100,20.2,867.5,3.9,137,Shankapark,27.7355,85.3434
2025-09-12T00:00,20.0,100,20.0,866.5,4.2,144,Shankapark,27.7355,85.3434
2025-09-12T01:00,19.9,100,19.9,865.7,4.8,151,Shankapark,27.7355,85.3434
2025-09-12T02:00,19.8,100,19.8,865.5,6.2,154,Shankapark,27.7355,85.3434
2025-09-12T03:00,19.6,100,19.6,865.5,6.0,153,Shankapark,27.7355,85.3434
2025-09-12T04:00,19.3,100,19.3,865.6,5.0,161,Shankapark,27.7355,85.3434
2025-09-12T05:00,19.1,100,19.1,865.6,5.6,158,Shankapark,27.7355,85.3434
2025-09-12T06:00,20.2,99,20.1,867.1,4.5,164,Shankapark,27.7355,85.3434
2025-09-12T07:00,21.4,97,20.9,868.7,2.7,122,Shankapark,27.7355,85.3434
2025-09-12T08:00,22.6,88,20.6,869.3,1.3,74,Shankapark,27.7355,85.3434
2025-09-12T09:00,24.3,80,20.6,869.8,1.5,54,Shankapark,27.7355,85.3434
2025-09-12T10:00,25.3,75,20.7,869.7,1.3,74,Shankapark,27.7355,85.3434
2025-09-12T11:00,26.6,71,20.9,869.4,2.6,39,Shankapark,27.7355,85.3434
2025-09-12T12:00,25.3,75,20.7,868.5,6.2,248,Shankapark,27.7355,85.3434
2025-09-12T13:00,23.6,81,20.2,867.5,6.6,281,Shankapark,27.7355,85.3434
2025-09-12T14:00,23.3,87,21.1,866.7,3.5,348,Shankapark,27.7355,85.3434
2025-09-12T15:00,23.4,88,21.3,865.8,3.3,324,Shankapark,27.7355,85.3434
2025-09-12T16:00,22.8,89,20.8,865.6,4.6,342,Shankapark,27.7355,85.3434
2025-09-12T17:00,22.2,91,20.7,865.4,1.3,16,Shankapark,27.7355,85.3434
2025-09-12T18:00,21.4,96,20.8,866.8,1.9,158,Shankapark,27.7355,85.3434
2025-09-12T19:00,21.2,98,20.9,867.6,1.8,174,Shankapark,27.7355,85.3434
2025-09-12T20:00,21.0,99,20.8,868.4,4.1,157,Shankapark,27.7355,85.3434
2025-09-12T21:00,20.6,100,20.6,868.4,4.2,155,Shankapark,27.7355,85.3434
2025-09-12T22:00,20.3,99,20.2,868.3,3.6,162,Shankapark,27.7355,85.3434
2025-09-12T23:00,19.8,100,19.8,867.9,5.1,174,Shankapark,27.7355,85.3434
2025-09-13T00:00,19.7,100,19.7,867.6,4.2,170,Shankapark,27.7355,85.3434
2025-09-13T01:00,19.7,100,19.7,867.3,3.3,193,Shankapark,27.7355,85.3434
2025-09-13T02:00,19.8,99,19.8,867.2,3.8,172,Shankapark,27.7355,85.3434
2025-09-13T03:00,19.8,100,19.8,867.0,1.9,163,Shankapark,27.7355,85.3434
2025-09-13T04:00,19.6,100,19.6,867.1,1.3,214,Shankapark,27.7355,85.3434
2025-09-13T05:00,19.6,100,19.6,867.8,0.6,214,Shankapark,27.7355,85.3434
2025-09-13T06:00,20.6,100,20.6,868.5,1.3,164,Shankapark,27.7355,85.3434
2025-09-13T07:00,20.8,98,20.6,869.3,2.6,146,Shankapark,27.7355,85.3434
2025-09-13T08:00,21.5,96,20.8,869.8,2.7,127,Shankapark,27.7355,85.3434
2025-09-13T09:00,22.3,91,20.8,870.2,1.6,90,Shankapark,27.7355,85.3434
2025-09-13T10:00,23.3,87,20.9,870.1,2.4,48,Shankapark,27.7355,85.3434
2025-09-13T11:00,25.0,79,21.1,869.5,2.1,340,Shankapark,27.7355,85.3434
2025-09-13T12:00,25.7,78,21.6,868.6,5.9,290,Shankapark,27.7355,85.3434
2025-09-13T13:00,25.3,76,20.8,867.7,7.8,296,Shankapark,27.7355,85.3434
2025-09-13T14:00,25.2,78,21.1,866.7,6.2,308,Shankapark,27.7355,85.3434
2025-09-13T15:00,24.4,81,20.8,866.0,8.0,297,Shankapark,27.7355,85.3434
2025-09-13T16:00,22.9,88,20.8,865.8,3.8,259,Shankapark,27.7355,85.3434
2025-09-13T17:00,22.3,90,20.7,866.1,2.8,243,Shankapark,27.7355,85.3434
2025-09-13T18:00,20.8,99,20.6,866.6,1.5,159,Shankapark,27.7355,85.3434
2025-09-13T19:00,20.6,100,20.6,867.9,2.3,184,Shankapark,27.7355,85.3434
2025-09-13T20:00,20.4,100,20.4,868.6,2.8,162,Shankapark,27.7355,85.3434
2025-09-13T21:00,20.6,100,20.6,868.6,3.4,137,Shankapark,27.7355,85.3434
2025-09-13T22:00,20.2,100,20.2,868.3,4.4,150,Shankapark,27.7355,85.3434
2025-09-13T23:00,19.9,100,19.9,867.8,5.6,159,Shankapark,27.7355,85.3434
2025-09-14T00:00,19.7,100,19.7,867.3,3.3,151,Shankapark,27.7355,85.3434
2025-09-14T01:00,19.6,100,19.6,866.8,4.0,170,Shankapark,27.7355,85.3434
2025-09-14T02:00,19.3,100,19.3,866.1,5.1,170,Shankapark,27.7355,85.3434
2025-09-14T03:00,19.0,100,19.0,865.7,4.1,165,Shankapark,27.7355,85.3434
2025-09-14T04:00,18.7,100,18.7,865.9,5.1,162,Shankapark,27.7355,85.3434
2025-09-14T05:00,18.7,99,18.6,866.7,3.3,167,Shankapark,27.7355,85.3434
2025-09-14T06:00,20.3,99,20.3,868.0,5.4,166,Shankapark,27.7355,85.3434
2025-09-14T07:00,21.9,93,20.7,869.1,2.7,138,Shankapark,27.7355,85.3434
2025-09-14T08:00,22.4,91,20.9,869.7,1.9,139,Shankapark,27.7355,85.3434
2025-09-14T09:00,24.0,80,20.3,870.1,0.9,11,Shankapark,27.7355,85.3434
2025-09-14T10:00,25.3,72,20.0,869.7,1.3,344,Shankapark,27.7355,85.3434
2025-09-14T11:00,25.6,72,20.1,869.1,0.4,27,Shankapark,27.7355,85.3434
2025-09-14T12:00,23.6,78,19.5,868.2,1.0,315,Shankapark,27.7355,85.3434
2025-09-14T13:00,23.4,82,20.2,867.0,4.3,45,Shankapark,27.7355,85.3434
2025-09-14T14:00,24.8,77,20.5,866.4,3.1,3,Shankapark,27.7355,85.3434
2025-09-14T15:00,23.2,82,19.9,865.7,4.8,335,Shankapark,27.7355,85.3434
2025-09-14T16:00,22.4,85,19.8,865.7,4.4,289,Shankapark,27.7355,85.3434
2025-09-14T17:00,21.1,94,20.1,865.6,1.3,188,Shankapark,27.7355,85.3434
2025-09-14T18:00,20.4,98,20.2,867.2,2.6,214,Shankapark,27.7355,85.3434
2025-09-14T19:00,20.1,100,20.1,867.8,3.6,153,Shankapark,27.7355,85.3434
2025-09-14T20:00,20.1,100,20.1,868.2,2.3,148,Shankapark,27.7355,85.3434
2025-09-14T21:00,20.2,99,20.0,868.3,2.2,171,Shankapark,27.7355,85.3434
2025-09-14T22:00,20.2,97,19.6,868.1,2.0,135,Shankapark,27.7355,85.3434
2025-09-14T23:00,20.1,98,19.8,867.9,2.9,150,Shankapark,27.7355,85.3434
2025-09-15T00:00,20.1,99,19.8,867.2,2.8,125,Shankapark,27.7355,85.3434
2025-09-15T01:00,20.1,98,19.8,866.6,3.3,131,Shankapark,27.7355,85.3434
2025-09-15T02:00,19.9,98,19.7,865.9,2.6,129,Shankapark,27.7355,85.3434
2025-09-15T03:00,20.0,97,19.5,865.9,2.4,144,Shankapark,27.7355,85.3434
2025-09-15T04:00,19.9,99,19.7,865.8,1.5,166,Shankapark,27.7355,85.3434
2025-09-15T05:00,19.8,99,19.7,866.0,1.7,122,Shankapark,27.7355,85.3434
2025-09-15T06:00,20.4,97,19.9,866.7,3.1,170,Shankapark,27.7355,85.3434
2025-09-15T07:00,21.3,95,20.5,867.8,2.5,150,Shankapark,27.7355,85.3434
2025-09-15T08:00,21.8,96,21.0,868.1,0.7,270,Shankapark,27.7355,85.3434
2025-09-15T09:00,21.6,95,20.8,868.6,2.1,285,Shankapark,27.7355,85.3434
2025-09-15T10:00,21.8,93,20.7,868.2,1.0,31,Shankapark,27.7355,85.3434
2025-09-15T11:00,23.7,86,21.2,867.7,2.2,104,Shankapark,27.7355,85.3434
2025-09-15T12:00,25.4,78,21.2,867.0,1.3,180,Shankapark,27.7355,85.3434
2025-09-15T13:00,24.3,80,20.6,865.9,2.3,288,Shankapark,27.7355,85.3434
2025-09-15T14:00,22.3,81,18.8,865.1,6.3,267,Shankapark,27.7355,85.3434
2025-09-15T15:00,22.1,87,19.7,864.6,1.6,354,Shankapark,27.7355,85.3434
2025-09-15T16:00,22.2,86,19.7,864.9,2.2,48,Shankapark,27.7355,85.3434
2025-09-15T17:00,21.4,89,19.5,865.0,3.6,147,Shankapark,27.7355,85.3434
2025-09-15T18:00,20.8,99,20.6,865.7,4.7,137,Shankapark,27.7355,85.3434
2025-09-15T19:00,20.6,96,19.9,866.8,4.9,170,Shankapark,27.7355,85.3434
2025-09-15T20:00,20.3,98,19.9,867.5,5.2,139,Shankapark,27.7355,85.3434
2025-09-15T21:00,20.3,98,20.1,867.8,3.9,143,Shankapark,27.7355,85.3434
2025-09-15T22:00,20.3,97,19.8,867.5,4.7,130,Shankapark,27.7355,85.3434
2025-09-15T23:00,20.1,98,19.7,867.5,4.2,140,Shankapark,27.7355,85.3434
2025-09-16T00:00,19.8,98,19.6,867.0,3.2,133,Shankapark,27.7355,85.3434
2025-09-16T01:00,19.7,99,19.4,866.2,2.5,150,Shankapark,27.7355,85.3434
2025-09-16T02:00,19.5,99,19.3,865.7,3.8,139,Shankapark,27.7355,85.3434
2025-09-16T03:00,19.3,99,19.1,865.4,4.1,157,Shankapark,27.7355,85.3434
2025-09-16T04:00,19.2,99,18.9,865.3,3.9,152,Shankapark,27.7355,85.3434
2025-09-16T05:00,18.8,99,18.7,865.6,3.6,162,Shankapark,27.7355,85.3434
2025-09-16T06:00,19.9,98,19.6,866.3,4.5,157,Shankapark,27.7355,85.3434
2025-09-16T07:00,20.8,93,19.6,867.7,3.0,166,Shankapark,27.7355,85.3434
2025-09-16T08:00,21.9,90,20.2,868.4,2.4,99,Shankapark,27.7355,85.3434
2025-09-16T09:00,22.3,92,20.9,868.9,0.9,53,Shankapark,27.7355,85.3434
2025-09-16T10:00,23.2,85,20.4,868.7,2.6,205,Shankapark,27.7355,85.3434
2025-09-16T11:00,23.3,86,20.8,868.3,3.5,201,Shankapark,27.7355,85.3434
2025-09-16T12:00,22.6,88,20.5,867.3,1.2,153,Shankapark,27.7355,85.3434
2025-09-16T13:00,22.3,90,20.6,866.1,1.7,131,Shankapark,27.7355,85.3434
2025-09-16T14:00,23.2,86,20.6,865.6,1.2,207,Shankapark,27.7355,85.3434
2025-09-16T15:00,21.9,87,19.8,864.9,3.2,74,Shankapark,27.7355,85.3434
2025-09-16T16:00,21.7,89,19.8,865.0,2.9,94,Shankapark,27.7355,85.3434
2025-09-16T17:00,20.8,95,20.1,865.1,3.8,101,Shankapark,27.7355,85.3434
2025-09-16T18:00,20.7,99,20.4,865.6,4.0,129,Shankapark,27.7355,85.3434
2025-09-16T19:00,20.3,99,20.2,866.4,5.7,139,Shankapark,27.7355,85.3434
2025-09-16T20:00,20.3,99,20.2,867.3,5.5,142,Shankapark,27.7355,85.3434
2025-09-16T21:00,20.3,98,20.1,867.7,4.6,149,Shankapark,27.7355,85.3434
2025-09-16T22:00,19.9,97,19.3,867.5,5.8,144,Shankapark,27.7355,85.3434
2025-09-16T23:00,19.7,98,19.4,867.1,4.3,147,Shankapark,27.7355,85.3434
2025-09-17T00:00,19.7,97,19.2,867.0,4.5,157,Shankapark,27.7355,85.3434
2025-09-17T01:00,19.3,98,19.1,866.1,4.3,158,Shankapark,27.7355,85.3434
2025-09-17T02:00,19.1,99,18.9,865.7,4.7,152,Shankapark,27.7355,85.3434
2025-09-17T03:00,18.8,100,18.8,865.2,5.1,153,Shankapark,27.7355,85.3434
2025-09-17T04:00,18.6,100,18.6,865.6,4.8,158,Shankapark,27.7355,85.3434
2025-09-17T05:00,18.6,99,18.3,866.1,5.5,139,Shankapark,27.7355,85.3434
2025-09-17T06:00,19.7,99,19.6,867.0,5.6,132,Shankapark,27.7355,85.3434
2025-09-17T07:00,20.3,97,19.8,868.2,3.8,131,Shankapark,27.7355,85.3434
2025-09-17T08:00,21.6,93,20.4,869.1,4.5,104,Shankapark,27.7355,85.3434
2025-09-17T09:00,23.7,79,19.9,869.7,5.8,90,Shankapark,27.7355,85.3434
2025-09-17T10:00,23.6,80,19.8,869.1,7.0,87,Shankapark,27.7355,85.3434
2025-09-17T11:00,23.1,82,19.8,868.4,5.7,127,Shankapark,27.7355,85.3434
2025-09-17T12:00,23.1,83,19.9,867.7,3.4,96,Shankapark,27.7355,85.3434
2025-09-17T13:00,23.4,79,19.7,866.3,3.6,33,Shankapark,27.7355,85.3434
2025-09-17T14:00,22.4,84,19.5,865.2,3.8,355,Shankapark,27.7355,85.3434
2025-09-17T15:00,22.4,85,19.8,864.4,1.8,259,Shankapark,27.7355,85.3434
2025-09-17T16:00,22.2,86,19.7,864.3,3.3,209,Shankapark,27.7355,85.3434
2025-09-17T17:00,21.7,90,19.8,864.9,2.4,243,Shankapark,27.7355,85.3434
2025-09-17T18:00,20.4,96,19.8,866.1,1.9,146,Shankapark,27.7355,85.3434
2025-09-17T19:00,20.1,96,19.3,866.8,4.5,146,Shankapark,27.7355,85.3434
2025-09-17T20:00,19.8,97,19.3,867.4,4.2,133,Shankapark,27.7355,85.3434
2025-09-17T21:00,19.3,98,19.1,867.5,3.8,163,Shankapark,27.7355,85.3434
2025-09-17T22:00,19.2,97,18.8,867.5,1.9,163,Shankapark,27.7355,85.3434
2025-09-17T23:00,19.3,98,19.1,867.3,1.2,207,Shankapark,27.7355,85.3434
2025-09-18T00:00,19.1,99,18.9,866.7,1.0,158,Shankapark,27.7355,85.3434
2025-09-18T01:00,18.8,100,18.8,866.0,2.2,166,Shankapark,27.7355,85.3434
2025-09-18T02:00,18.8,99,18.7,865.3,4.1,157,Shankapark,27.7355,85.3434
2025-09-18T03:00,18.7,99,18.6,865.3,3.7,157,Shankapark,27.7355,85.3434
2025-09-18T04:00,18.6,100,18.5,865.2,4.1,151,Shankapark,27.7355,85.3434
2025-09-18T05:00,18.6,100,18.5,865.9,4.3,165,Shankapark,27.7355,85.3434
2025-09-18T06:00,19.4,99,19.3,867.0,2.4,144,Shankapark,27.7355,85.3434
2025-09-18T07:00,20.4,95,19.7,868.1,2.7,138,Shankapark,27.7355,85.3434
2025-09-18T08:00,21.3,90,19.6,868.5,1.4,140,Shankapark,27.7355,85.3434
2025-09-18T09:00,22.3,87,20.1,869.0,2.0,85,Shankapark,27.7355,85.3434
2025-09-18T10:00,23.1,82,19.9,868.8,1.3,74,Shankapark,27.7355,85.3434
2025-09-18T11:00,24.8,77,20.4,868.5,1.0,329,Shankapark,27.7355,85.3434
2025-09-18T12:00,26.6,68,20.2,867.5,2.8,15,Shankapark,27.7355,85.3434
2025-09-18T13:00,22.7,82,19.5,866.1,6.0,224,Shankapark,27.7355,85.3434
2025-09-18T14:00,21.4,89,19.5,865.0,2.2,312,Shankapark,27.7355,85.3434
2025-09-18T15:00,21.6,91,20.2,864.6,5.0,339,Shankapark,27.7355,85.3434
2025-09-18T16:00,21.4,91,20.0,864.5,4.1,304,Shankapark,27.7355,85.3434
2025-09-18T17:00,21.1,93,19.9,865.1,3.5,309,Shankapark,27.7355,85.3434
2025-09-18T18:00,20.5,98,20.3,866.4,1.3,146,Shankapark,27.7355,85.3434
2025-09-18T19:00,20.4,99,20.3,866.9,1.8,180,Shankapark,27.7355,85.3434
2025-09-18T20:00,20.3,100,20.2,867.5,3.6,135,Shankapark,27.7355,85.3434
2025-09-18T21:00,19.9,100,19.9,867.5,2.7,176,Shankapark,27.7355,85.3434
2025-09-18T22:00,19.3,100,19.3,867.1,2.4,171,Shankapark,27.7355,85.3434
2025-09-18T23:00,18.9,100,18.8,867.2,1.1,162,Shankapark,27.7355,85.3434
2025-09-19T00:00,18.7,100,18.7,866.6,3.8,149,Shankapark,27.7355,85.3434
2025-09-19T01:00,18.4,100,18.4,866.1,4.8,155,Shankapark,27.7355,85.3434
2025-09-19T02:00,18.5,99,18.3,865.9,4.2,155,Shankapark,27.7355,85.3434
2025-09-19T03:00,18.3,99,18.2,865.6,3.4,155,Shankapark,27.7355,85.3434
2025-09-19T04:00,18.4,98,18.2,865.8,4.5,146,Shankapark,27.7355,85.3434
2025-09-19T05:00,18.7,97,18.2,866.2,4.7,162,Shankapark,27.7355,85.3434
2025-09-19T06:00,19.6,91,18.2,867.4,4.7,157,Shankapark,27.7355,85.3434
2025-09-19T07:00,20.1,94,19.1,868.7,1.3,286,Shankapark,27.7355,85.3434
2025-09-19T08:00,21.2,88,19.2,869.2,2.4,347,Shankapark,27.7355,85.3434
2025-09-19T09:00,22.7,82,19.5,869.6,1.7,319,Shankapark,27.7355,85.3434
2025-09-19T10:00,24.3,76,19.9,869.9,3.8,319,Shankapark,27.7355,85.3434
2025-09-19T11:00,26.1,71,20.3,868.9,6.1,320,Shankapark,27.7355,85.3434
2025-09-19T12:00,24.1,74,19.2,867.7,8.1,270,Shankapark,27.7355,85.3434
2025-09-19T13:00,24.2,80,20.6,866.4,5.2,314,Shankapark,27.7355,85.3434
2025-09-19T14:00,23.9,78,19.8,865.4,6.4,286,Shankapark,27.7355,85.3434
2025-09-19T15:00,23.5,78,19.4,864.8,3.3,276,Shankapark,27.7355,85.3434
2025-09-19T16:00,22.8,82,19.7,865.0,3.8,267,Shankapark,27.7355,85.3434
2025-09-19T17:00,21.8,87,19.4,865.7,3.4,286,Shankapark,27.7355,85.3434
2025-09-19T18:00,20.5,98,20.2,866.5,3.6,300,Shankapark,27.7355,85.3434
2025-09-19T19:00,20.3,99,20.1,867.1,2.3,321,Shankapark,27.7355,85.3434
2025-09-19T20:00,20.1,98,19.8,867.2,2.2,14,Shankapark,27.7355,85.3434
2025-09-19T21:00,19.5,99,19.3,866.8,1.5,150,Shankapark,27.7355,85.3434
2025-09-19T22:00,19.5,99,19.3,866.3,5.0,154,Shankapark,27.7355,85.3434
2025-09-19T23:00,19.2,99,19.1,865.9,5.8,158,Shankapark,27.7355,85.3434
2025-09-20T00:00,19.2,99,19.0,865.7,4.7,162,Shankapark,27.7355,85.3434
2025-09-20T01:00,18.9,100,18.9,865.6,4.6,169,Shankapark,27.7355,85.3434
2025-09-20T02:00,19.1,99,18.9,865.6,4.5,151,Shankapark,27.7355,85.3434
2025-09-20T03:00,18.9,99,18.8,865.1,4.3,152,Shankapark,27.7355,85.3434
2025-09-20T04:00,19.1,98,18.7,865.2,4.2,160,Shankapark,27.7355,85.3434
2025-09-20T05:00,18.7,98,18.4,865.5,2.8,153,Shankapark,27.7355,85.3434
2025-09-20T06:00,19.1,98,18.7,866.1,3.1,180,Shankapark,27.7355,85.3434
2025-09-20T07:00,20.3,93,19.2,867.5,3.2,117,Shankapark,27.7355,85.3434
2025-09-20T08:00,21.9,89,20.0,868.0,2.2,104,Shankapark,27.7355,85.3434
2025-09-20T09:00,23.6,81,20.1,868.5,1.4,67,Shankapark,27.7355,85.3434
2025-09-20T10:00,24.8,74,19.9,868.4,2.9,47,Shankapark,27.7355,85.3434
2025-09-20T11:00,25.3,71,19.8,867.4,3.4,58,Shankapark,27.7355,85.3434
2025-09-20T12:00,25.4,72,20.1,866.5,1.4,293,Shankapark,27.7355,85.3434
2025-09-20T13:00,23.8,77,19.4,865.6,6.1,227,Shankapark,27.7355,85.3434
2025-09-20T14:00,23.3,80,19.7,864.5,2.5,274,Shankapark,27.7355,85.3434
2025-09-20T15:00,22.5,84,19.7,863.8,4.5,304,Shankapark,27.7355,85.3434
2025-09-20T16:00,22.3,86,19.9,863.7,3.8,311,Shankapark,27.7355,85.3434
2025-09-20T17:00,21.4,91,20.0,863.8,2.7,340,Shankapark,27.7355,85.3434
2025-09-20T18:00,20.7,97,20.2,864.7,2.6,34,Shankapark,27.7355,85.3434
2025-09-20T19:00,20.3,99,20.2,865.4,3.0,104,Shankapark,27.7355,85.3434
2025-09-20T20:00,20.0,100,20.0,866.0,2.7,160,Shankapark,27.7355,85.3434
2025-09-20T21:00,19.6,100,19.6,866.4,3.8,169,Shankapark,27.7355,85.3434
2025-09-20T22:00,19.4,98,19.1,866.4,6.7,180,Shankapark,27.7355,85.3434
2025-09-20T23:00,19.3,95,18.4,866.5,4.6,167,Shankapark,27.7355,85.3434
2025-09-21T00:00,18.9,98,18.6,865.6,1.9,163,Shankapark,27.7355,85.3434
2025-09-21T01:00,18.8,99,18.6,865.5,2.1,239,Shankapark,27.7355,85.3434
2025-09-21T02:00,18.8,96,18.2,865.0,1.1,90,Shankapark,27.7355,85.3434
2025-09-21T03:00,18.4,98,18.1,864.5,3.5,165,Shankapark,27.7355,85.3434
2025-09-21T04:00,17.9,99,17.8,864.1,4.8,165,Shankapark,27.7355,85.3434
2025-09-21T05:00,17.4,100,17.4,864.0,4.5,164,Shankapark,27.7355,85.3434
2025-09-21T06:00,18.4,99,18.2,864.6,3.6,153,Shankapark,27.7355,85.3434
2025-09-21T07:00,20.7,94,19.7,865.7,4.5,143,Shankapark,27.7355,85.3434
2025-09-21T08:00,22.8,84,19.9,866.9,2.5,120,Shankapark,27.7355,85.3434
2025-09-21T09:00,24.5,73,19.3,867.3,2.5,111,Shankapark,27.7355,85.3434
2025-09-21T10:00,25.3,69,19.2,867.5,0.4,180,Shankapark,27.7355,85.3434
2025-09-21T11:00,25.9,67,19.3,867.0,3.2,304,Shankapark,27.7355,85.3434
2025-09-21T12:00,25.1,73,19.9,866.2,6.5,300,Shankapark,27.7355,85.3434
2025-09-21T13:00,23.6,83,20.4,865.2,6.0,319,Shankapark,27.7355,85.3434
2025-09-21T14:00,24.3,77,20.2,864.4,1.7,257,Shankapark,27.7355,85.3434
2025-09-21T15:00,24.1,80,20.4,863.7,5.7,283,Shankapark,27.7355,85.3434
2025-09-21T16:00,23.2,83,20.2,863.7,4.4,305,Shankapark,27.7355,85.3434
2025-09-21T17:00,22.0,90,20.3,863.4,3.9,326,Shankapark,27.7355,85.3434
2025-09-21T18:00,20.7,97,20.2,863.9,1.0,158,Shankapark,27.7355,85.3434
2025-09-21T19:00,20.2,99,20.0,864.8,0.2,180,Shankapark,27.7355,85.3434
2025-09-21T20:00,20.2,98,19.9,865.6,0.9,169,Shankapark,27.7355,85.3434
2025-09-21T21:00,20.1,100,20.0,866.5,4.3,182,Shankapark,27.7355,85.3434
2025-09-21T22:00,19.3,100,19.3,866.8,3.7,166,Shankapark,27.7355,85.3434
2025-09-21T23:00,19.3,100,19.3,866.8,4.2,130,Shankapark,27.7355,85.3434
2025-09-22T00:00,19.3,100,19.3,866.8,2.9,180,Shankapark,27.7355,85.3434
2025-09-22T01:00,19.0,100,18.9,865.4,3.9,152,Shankapark,27.7355,85.3434
2025-09-22T02:00,18.5,100,18.5,864.3,5.1,157,Shankapark,27.7355,85.3434
2025-09-22T03:00,18.2,100,18.2,863.8,5.8,158,Shankapark,27.7355,85.3434
2025-09-22T04:00,17.9,100,17.9,864.1,6.3,162,Shankapark,27.7355,85.3434
2025-09-22T05:00,17.8,100,17.8,864.5,6.2,159,Shankapark,27.7355,85.3434
2025-09-22T06:00,18.8,99,18.7,864.9,4.5,173,Shankapark,27.7355,85.3434
2025-09-22T07:00,21.5,92,20.2,866.9,3.3,174,Shankapark,27.7355,85.3434
2025-09-22T08:00,23.7,80,19.9,867.9,2.0,117,Shankapark,27.7355,85.3434
2025-09-22T09:00,25.2,71,19.6,868.3,2.1,110,Shankapark,27.7355,85.3434
2025-09-22T10:00,26.6,64,19.3,868.2,1.0,135,Shankapark,27.7355,85.3434
2025-09-22T11:00,26.9,63,19.3,867.9,0.9,217,Shankapark,27.7355,85.3434
2025-09-22T12:00,24.9,69,18.9,867.2,5.1,293,Shankapark,27.7355,85.3434
2025-09-22T13:00,24.9,74,19.9,865.9,4.0,330,Shankapark,27.7355,85.3434
2025-09-22T14:00,25.3,73,20.2,864.7,5.7,302,Shankapark,27.7355,85.3434
2025-09-22T15:00,25.1,75,20.3,864.4,6.9,315,Shankapark,27.7355,85.3434
2025-09-22T16:00,24.1,81,20.7,864.1,6.0,316,Shankapark,27.7355,85.3434
2025-09-22T17:00,23.2,86,20.7,864.3,3.2,317,Shankapark,27.7355,85.3434
2025-09-22T18:00,21.3,99,21.3,864.9,0.9,143,Shankapark,27.7355,85.3434
2025-09-22T19:00,21.0,100,21.0,865.7,0.9,169,Shankapark,27.7355,85.3434
2025-09-22T20:00,20.8,100,20.8,866.4,2.2,171,Shankapark,27.7355,85.3434
2025-09-22T21:00,20.6,100,20.6,867.0,2.9,169,Shankapark,27.7355,85.3434
2025-09-22T22:00,20.3,100,20.3,866.9,3.5,165,Shankapark,27.7355,85.3434
2025-09-22T23:00,19.9,100,19.9,866.7,3.8,185,Shankapark,27.7355,85.3434
2025-09-23T00:00,19.7,100,19.7,866.3,3.3,167,Shankapark,27.7355,85.3434
2025-09-23T01:00,19.5,100,19.5,865.6,2.9,173,Shankapark,27.7355,85.3434
2025-09-23T02:00,19.4,100,19.4,865.0,4.5,157,Shankapark,27.7355,85.3434
2025-09-23T03:00,19.2,100,19.2,864.5,3.8,163,Shankapark,27.7355,85.3434
2025-09-23T04:00,18.9,99,18.8,864.4,3.6,162,Shankapark,27.7355,85.3434
2025-09-23T05:00,18.8,99,18.6,864.6,3.5,168,Shankapark,27.7355,85.3434
2025-09-23T06:00,19.9,100,19.8,865.7,2.4,167,Shankapark,27.7355,85.3434
2025-09-23T07:00,22.4,91,20.9,867.5,1.0,149,Shankapark,27.7355,85.3434
2025-09-23T08:00,24.0,81,20.6,868.2,1.7,32,Shankapark,27.7355,85.3434
2025-09-23T09:00,25.3,74,20.3,868.3,1.9,331,Shankapark,27.7355,85.3434
2025-09-23T10:00,26.5,67,19.9,868.5,2.8,310,Shankapark,27.7355,85.3434
2025-09-23T11:00,27.1,63,19.6,867.9,3.9,246,Shankapark,27.7355,85.3434
2025-09-23T12:00,26.4,68,20.1,867.1,3.8,281,Shankapark,27.7355,85.3434
2025-09-23T13:00,24.6,76,20.1,865.8,4.4,291,Shankapark,27.7355,85.3434
2025-09-23T14:00,24.6,77,20.3,864.9,2.4,351,Shankapark,27.7355,85.3434
2025-09-23T15:00,24.1,80,20.3,864.2,3.6,311,Shankapark,27.7355,85.3434
2025-09-23T16:00,23.8,82,20.6,864.4,4.7,277,Shankapark,27.7355,85.3434
2025-09-23T17:00,23.3,83,20.3,864.8,2.8,281,Shankapark,27.7355,85.3434
2025-09-23T18:00,22.2,93,21.0,865.1,3.3,248,Shankapark,27.7355,85.3434
2025-09-23T19:00,21.6,97,21.2,865.7,2.8,243,Shankapark,27.7355,85.3434
2025-09-23T20:00,21.1,100,21.0,865.6,2.9,169,Shankapark,27.7355,85.3434
2025-09-23T21:00,20.7,100,20.7,865.7,3.5,189,Shankapark,27.7355,85.3434
2025-09-23T22:00,20.2,100,20.2,865.4,2.0,185,Shankapark,27.7355,85.3434
2025-09-23T23:00,19.9,100,19.8,865.1,1.7,167,Shankapark,27.7355,85.3434
2025-09-24T00:00,19.7,100,19.7,864.5,2.2,166,Shankapark,27.7355,85.3434
2025-09-24T01:00,19.0,100,19.0,863.5,2.7,176,Shankapark,27.7355,85.3434
2025-09-24T02:00,18.5,100,18.5,862.6,3.1,167,Shankapark,27.7355,85.3434
2025-09-24T03:00,18.1,100,18.1,862.4,2.7,160,Shankapark,27.7355,85.3434
2025-09-24T04:00,18.2,100,18.2,862.6,4.6,149,Shankapark,27.7355,85.3434
2025-09-24T05:00,18.3,100,18.3,862.7,4.4,159,Shankapark,27.7355,85.3434
2025-09-24T06:00,19.9,99,19.8,864.6,3.4,164,Shankapark,27.7355,85.3434
2025-09-24T07:00,22.2,94,21.2,865.5,2.0,185,Shankapark,27.7355,85.3434
2025-09-24T08:00,24.1,80,20.3,866.0,2.0,225,Shankapark,27.7355,85.3434
2025-09-24T09:00,25.7,71,20.1,866.7,0.9,281,Shankapark,27.7355,85.3434
2025-09-24T10:00,27.5,63,19.9,867.1,1.3,360,Shankapark,27.7355,85.3434
2025-09-24T11:00,27.5,65,20.3,866.5,3.2,207,Shankapark,27.7355,85.3434
2025-09-24T12:00,25.7,72,20.2,865.4,6.6,241,Shankapark,27.7355,85.3434
2025-09-24T13:00,24.1,78,20.1,864.3,4.2,329,Shankapark,27.7355,85.3434
2025-09-24T14:00,24.2,79,20.3,863.4,4.3,138,Shankapark,27.7355,85.3434
2025-09-24T15:00,23.7,81,20.3,863.1,1.0,202,Shankapark,27.7355,85.3434
2025-09-24T16:00,21.8,90,20.1,862.7,3.2,344,Shankapark,27.7355,85.3434
2025-09-24T17:00,21.3,92,19.9,862.4,2.6,214,Shankapark,27.7355,85.3434
2025-09-24T18:00,21.3,95,20.4,864.4,0.7,104,Shankapark,27.7355,85.3434
2025-09-24T19:00,21.0,97,20.4,864.9,1.3,180,Shankapark,27.7355,85.3434
2025-09-24T20:00,20.4,100,20.4,865.2,4.0,159,Shankapark,27.7355,85.3434
2025-09-24T21:00,20.1,100,20.1,865.1,6.1,146,Shankapark,27.7355,85.3434
2025-09-24T22:00,19.7,100,19.7,864.6,5.7,156,Shankapark,27.7355,85.3434
2025-09-24T23:00,19.3,100,19.3,864.2,5.5,161,Shankapark,27.7355,85.3434
2025-09-25T00:00,18.8,100,18.8,863.4,6.0,159,Shankapark,27.7355,85.3434
2025-09-25T01:00,18.4,100,18.4,862.9,5.3,156,Shankapark,27.7355,85.3434
2025-09-25T02:00,18.2,100,18.2,862.6,3.7,166,Shankapark,27.7355,85.3434
2025-09-25T03:00,17.9,100,17.9,862.4,3.1,167,Shankapark,27.7355,85.3434
2025-09-25T04:00,17.9,100,17.9,862.5,3.1,167,Shankapark,27.7355,85.3434
2025-09-25T05:00,18.0,100,17.9,862.6,3.3,171,Shankapark,27.7355,85.3434
2025-09-25T06:00,19.2,98,18.8,863.9,5.3,162,Shankapark,27.7355,85.3434
2025-09-25T07:00,22.2,89,20.3,865.8,4.1,131,Shankapark,27.7355,85.3434
2025-09-25T08:00,24.3,79,20.5,867.3,3.3,96,Shankapark,27.7355,85.3434
2025-09-25T09:00,25.6,69,19.5,867.9,2.0,95,Shankapark,27.7355,85.3434
2025-09-25T10:00,26.4,65,19.3,868.0,1.3,344,Shankapark,27.7355,85.3434
2025-09-25T11:00,26.8,63,19.3,867.2,2.8,310,Shankapark,27.7355,85.3434
2025-09-25T12:00,26.1,65,18.8,866.3,6.3,270,Shankapark,27.7355,85.3434
2025-09-25T13:00,24.2,76,19.6,865.4,5.6,253,Shankapark,27.7355,85.3434
2025-09-25T14:00,24.1,79,20.2,864.5,2.5,274,Shankapark,27.7355,85.3434
2025-09-25T15:00,24.3,76,19.8,864.5,5.0,308,Shankapark,27.7355,85.3434
2025-09-25T16:00,23.2,82,19.9,864.2,4.2,313,Shankapark,27.7355,85.3434
2025-09-25T17:00,22.2,89,20.3,864.3,2.5,278,Shankapark,27.7355,85.3434
2025-09-25T18:00,21.4,95,20.6,865.1,1.5,150,Shankapark,27.7355,85.3434
2025-09-25T19:00,20.7,99,20.6,865.6,3.1,170,Shankapark,27.7355,85.3434
2025-09-25T20:00,20.2,100,20.2,865.9,4.5,180,Shankapark,27.7355,85.3434
2025-09-25T21:00,19.8,99,19.6,865.8,4.9,178,Shankapark,27.7355,85.3434
2025-09-25T22:00,19.2,100,19.2,865.6,4.4,168,Shankapark,27.7355,85.3434
2025-09-25T23:00,18.6,100,18.6,865.0,4.2,162,Shankapark,27.7355,85.3434
2025-09-26T00:00,18.3,100,18.3,864.3,4.4,161,Shankapark,27.7355,85.3434
2025-09-26T01:00,17.9,100,17.9,863.9,5.2,158,Shankapark,27.7355,85.3434
2025-09-26T02:00,18.2,98,17.8,863.8,5.8,158,Shankapark,27.7355,85.3434
2025-09-26T03:00,18.3,96,17.7,863.6,5.6,163,Shankapark,27.7355,85.3434
2025-09-26T04:00,18.3,95,17.6,863.7,5.2,158,Shankapark,27.7355,85.3434
2025-09-26T05:00,18.5,94,17.5,864.3,6.2,154,Shankapark,27.7355,85.3434
2025-09-26T06:00,19.6,95,18.7,865.4,5.4,160,Shankapark,27.7355,85.3434
2025-09-26T07:00,22.9,85,20.3,867.7,4.0,117,Shankapark,27.7355,85.3434
2025-09-26T08:00,25.1,71,19.5,869.0,3.1,93,Shankapark,27.7355,85.3434
2025-09-26T09:00,26.7,63,18.9,869.4,0.3,45,Shankapark,27.7355,85.3434
2025-09-26T10:00,28.2,57,18.8,869.3,3.1,298,Shankapark,27.7355,85.3434
2025-09-26T11:00,28.5,55,18.4,868.8,5.1,288,Shankapark,27.7355,85.3434
2025-09-26T12:00,27.1,63,19.6,867.8,6.4,288,Shankapark,27.7355,85.3434
2025-09-26T13:00,27.3,65,20.1,866.9,6.5,278,Shankapark,27.7355,85.3434
2025-09-26T14:00,25.2,75,20.3,866.6,3.8,188,Shankapark,27.7355,85.3434
2025-09-26T15:00,25.1,73,19.9,866.4,2.2,85,Shankapark,27.7355,85.3434
2025-09-26T16:00,24.3,78,20.3,866.6,4.5,90,Shankapark,27.7355,85.3434
2025-09-26T17:00,23.5,85,20.8,866.9,4.8,167,Shankapark,27.7355,85.3434
2025-09-26T18:00,22.1,91,20.6,867.4,6.5,177,Shankapark,27.7355,85.3434
2025-09-26T19:00,21.5,94,20.4,868.6,4.1,167,Shankapark,27.7355,85.3434
2025-09-26T20:00,21.2,95,20.4,869.7,5.0,142,Shankapark,27.7355,85.3434
2025-09-26T21:00,20.5,99,20.3,870.0,3.8,121,Shankapark,27.7355,85.3434
2025-09-26T22:00,20.2,99,20.1,869.8,4.7,133,Shankapark,27.7355,85.3434
2025-09-26T23:00,19.8,100,19.8,869.4,5.8,144,Shankapark,27.7355,85.3434
2025-09-27T00:00,19.1,100,19.1,868.4,6.5,150,Shankapark,27.7355,85.3434
2025-09-27T01:00,18.7,99,18.5,867.2,6.7,153,Shankapark,27.7355,85.3434
2025-09-27T02:00,18.2,100,18.2,866.7,7.2,155,Shankapark,27.7355,85.3434
2025-09-27T03:00,17.9,100,17.9,866.4,6.8,155,Shankapark,27.7355,85.3434
2025-09-27T04:00,17.7,100,17.7,866.4,6.0,163,Shankapark,27.7355,85.3434
2025-09-27T05:00,17.6,100,17.6,866.8,4.7,164,Shankapark,27.7355,85.3434
2025-09-27T06:00,18.8,99,18.6,868.2,5.0,161,Shankapark,27.7355,85.3434
2025-09-27T07:00,21.8,91,20.3,870.4,4.4,161,Shankapark,27.7355,85.3434
2025-09-27T08:00,23.6,80,19.9,871.8,1.9,131,Shankapark,27.7355,85.3434
2025-09-27T09:00,25.1,74,20.2,872.4,1.6,27,Shankapark,27.7355,85.3434
2025-09-27T10:00,26.5,67,19.8,872.3,2.7,332,Shankapark,27.7355,85.3434
2025-09-27T11:00,27.7,63,20.0,871.5,3.5,291,Shankapark,27.7355,85.3434
2025-09-27T12:00,24.9,74,20.0,870.5,7.1,255,Shankapark,27.7355,85.3434
2025-09-27T13:00,24.8,73,19.6,869.6,2.9,281,Shankapark,27.7355,85.3434
2025-09-27T14:00,24.7,77,20.3,868.2,2.3,315,Shankapark,27.7355,85.3434
2025-09-27T15:00,25.0,76,20.5,867.6,3.7,281,Shankapark,27.7355,85.3434
2025-09-27T16:00,24.3,79,20.6,867.7,3.1,332,Shankapark,27.7355,85.3434
2025-09-27T17:00,22.7,90,21.0,867.9,1.9,139,Shankapark,27.7355,85.3434
2025-09-27T18:00,21.7,93,20.5,869.1,1.1,162,Shankapark,27.7355,85.3434
2025-09-27T19:00,21.3,95,20.4,869.6,2.4,163,Shankapark,27.7355,85.3434
2025-09-27T20:00,20.8,96,20.2,869.7,3.5,159,Shankapark,27.7355,85.3434
2025-09-27T21:00,20.3,97,19.8,869.5,3.3,167,Shankapark,27.7355,85.3434
2025-09-27T22:00,19.9,97,19.4,869.5,4.2,170,Shankapark,27.7355,85.3434
2025-09-27T23:00,19.3,98,19.1,869.1,5.1,172,Shankapark,27.7355,85.3434
2025-09-28T00:00,18.9,98,18.7,868.4,4.0,172,Shankapark,27.7355,85.3434
2025-09-28T01:00,18.4,99,18.3,867.6,4.4,173,Shankapark,27.7355,85.3434
2025-09-28T02:00,18.1,100,18.1,867.2,4.0,170,Shankapark,27.7355,85.3434
2025-09-28T03:00,17.9,100,17.9,867.1,2.4,167,Shankapark,27.7355,85.3434
2025-09-28T04:00,17.8,100,17.8,867.6,0.7,166,Shankapark,27.7355,85.3434
2025-09-28T05:00,17.9,100,17.9,868.3,1.1,180,Shankapark,27.7355,85.3434
2025-09-28T06:00,19.8,99,19.6,869.7,2.6,164,Shankapark,27.7355,85.3434
2025-09-28T07:00,21.3,90,19.7,871.1,1.2,153,Shankapark,27.7355,85.3434
2025-09-28T08:00,22.7,83,19.6,871.4,2.1,38,Shankapark,27.7355,85.3434
2025-09-28T09:00,24.1,75,19.3,871.8,2.0,5,Shankapark,27.7355,85.3434
2025-09-28T10:00,25.3,70,19.3,871.4,2.5,300,Shankapark,27.7355,85.3434
2025-09-28T11:00,25.4,70,19.6,870.6,3.3,283,Shankapark,27.7355,85.3434
2025-09-28T12:00,26.1,69,20.0,869.6,3.4,295,Shankapark,27.7355,85.3434
2025-09-28T13:00,24.2,75,19.4,868.7,8.0,279,Shankapark,27.7355,85.3434
2025-09-28T14:00,24.0,78,20.0,867.5,3.9,323,Shankapark,27.7355,85.3434
2025-09-28T15:00,23.9,77,19.6,866.8,4.3,268,Shankapark,27.7355,85.3434
2025-09-28T16:00,23.7,77,19.4,866.8,4.2,288,Shankapark,27.7355,85.3434
2025-09-28T17:00,22.3,86,19.8,866.8,3.2,297,Shankapark,27.7355,85.3434
2025-09-28T18:00,20.6,97,20.2,867.4,1.8,204,Shankapark,27.7355,85.3434
2025-09-28T19:00,20.1,99,19.9,867.7,1.3,180,Shankapark,27.7355,85.3434
2025-09-28T20:00,19.9,97,19.4,868.3,1.9,163,Shankapark,27.7355,85.3434
2025-09-28T21:00,19.8,99,19.6,868.4,2.7,160,Shankapark,27.7355,85.3434
2025-09-28T22:00,19.3,99,19.1,868.4,2.2,132,Shankapark,27.7355,85.3434
2025-09-28T23:00,19.1,100,19.1,867.7,3.4,162,Shankapark,27.7355,85.3434
2025-09-29T00:00,19.1,100,19.1,867.0,4.1,165,Shankapark,27.7355,85.3434
2025-09-29T01:00,19.1,100,19.1,866.6,4.2,173,Shankapark,27.7355,85.3434
2025-09-29T02:00,19.3,99,19.2,866.5,4.0,185,Shankapark,27.7355,85.3434
2025-09-29T03:00,19.3,99,19.2,866.4,2.2,204,Shankapark,27.7355,85.3434
2025-09-29T04:00,19.3,99,19.2,866.8,2.2,215,Shankapark,27.7355,85.3434
2025-09-29T05:00,19.0,100,18.9,867.2,1.2,219,Shankapark,27.7355,85.3434
2025-09-29T06:00,19.6,99,19.4,867.9,3.9,124,Shankapark,27.7355,85.3434
2025-09-29T07:00,20.9,95,20.1,868.8,2.9,150,Shankapark,27.7355,85.3434
2025-09-29T08:00,22.3,85,19.7,869.6,2.1,110,Shankapark,27.7355,85.3434
2025-09-29T09:00,23.9,76,19.3,869.7,1.0,22,Shankapark,27.7355,85.3434
2025-09-29T10:00,25.3,70,19.3,869.0,2.7,323,Shankapark,27.7355,85.3434
2025-09-29T11:00,26.3,67,19.7,868.2,3.7,299,Shankapark,27.7355,85.3434
2025-09-29T12:00,26.4,67,19.8,867.3,6.4,288,Shankapark,27.7355,85.3434
2025-09-29T13:00,22.3,83,19.3,866.4,9.4,238,Shankapark,27.7355,85.3434
2025-09-29T14:00,22.8,82,19.6,865.5,3.0,205,Shankapark,27.7355,85.3434
2025-09-29T15:00,22.7,84,19.8,865.2,2.0,10,Shankapark,27.7355,85.3434
2025-09-29T16:00,21.7,88,19.7,865.1,1.7,311,Shankapark,27.7355,85.3434
2025-09-29T17:00,20.8,94,19.8,864.5,2.7,200,Shankapark,27.7355,85.3434
2025-09-29T18:00,20.6,96,19.9,865.2,4.6,216,Shankapark,27.7355,85.3434
2025-09-29T19:00,20.3,96,19.6,865.7,4.1,193,Shankapark,27.7355,85.3434
2025-09-29T20:00,19.8,98,19.4,866.1,2.7,176,Shankapark,27.7355,85.3434
2025-09-29T21:00,19.5,99,19.3,866.2,2.7,176,Shankapark,27.7355,85.3434
2025-09-29T22:00,19.1,100,19.1,865.9,3.3,167,Shankapark,27.7355,85.3434
2025-09-29T23:00,18.9,100,18.9,865.6,4.3,158,Shankapark,27.7355,85.3434
2025-09-30T00:00,18.8,100,18.7,865.1,4.8,167,Shankapark,27.7355,85.3434
2025-09-30T01:00,18.7,100,18.7,864.7,3.3,167,Shankapark,27.7355,85.3434
2025-09-30T02:00,18.6,100,18.6,863.9,3.6,160,Shankapark,27.7355,85.3434
2025-09-30T03:00,18.3,100,18.3,863.7,6.2,147,Shankapark,27.7355,85.3434
2025-09-30T04:00,18.1,100,18.1,863.4,4.6,171,Shankapark,27.7355,85.3434
2025-09-30T05:00,17.9,100,17.9,863.5,4.6,167,Shankapark,27.7355,85.3434
2025-09-30T06:00,19.2,99,19.1,864.9,3.4,162,Shankapark,27.7355,85.3434
2025-09-30T07:00,21.4,92,20.1,866.4,2.9,150,Shankapark,27.7355,85.3434
2025-09-30T08:00,22.8,84,19.9,867.3,1.0,292,Shankapark,27.7355,85.3434
2025-09-30T09:00,24.3,74,19.4,867.4,2.4,312,Shankapark,27.7355,85.3434
2025-09-30T10:00,26.2,64,18.8,866.8,1.8,294,Shankapark,27.7355,85.3434
2025-09-30T11:00,27.2,60,18.7,866.2,4.1,283,Shankapark,27.7355,85.3434
2025-09-30T12:00,26.0,65,18.8,865.3,5.2,250,Shankapark,27.7355,85.3434
2025-09-30T13:00,24.1,74,19.2,864.8,1.5,306,Shankapark,27.7355,85.3434
2025-09-30T14:00,23.2,78,19.2,864.1,2.9,330,Shankapark,27.7355,85.3434
2025-09-30T15:00,23.1,80,19.3,863.6,1.8,6,Shankapark,27.7355,85.3434
2025-09-30T16:00,22.6,82,19.3,863.0,1.9,326,Shankapark,27.7355,85.3434
2025-09-30T17:00,21.6,88,19.4,862.9,1.5,216,Shankapark,27.7355,85.3434
2025-09-30T18:00,20.8,93,19.6,863.2,3.8,180,Shankapark,27.7355,85.3434
2025-09-30T19:00,20.2,96,19.6,864.1,3.0,163,Shankapark,27.7355,85.3434
2025-09-30T20:00,19.3,100,19.3,864.8,3.6,162,Shankapark,27.7355,85.3434
2025-09-30T21:00,18.7,100,18.7,864.9,3.0,163,Shankapark,27.7355,85.3434
2025-09-30T22:00,18.6,100,18.6,865.0,3.9,164,Shankapark,27.7355,85.3434
2025-09-30T23:00,18.3,100,18.3,864.7,2.4,171,Shankapark,27.7355,85.3434
2025-10-01T00:00,18.1,100,18.1,864.2,5.4,166,Shankapark,27.7355,85.3434
2025-10-01T01:00,18.1,99,17.9,862.9,4.4,161,Shankapark,27.7355,85.3434
2025-10-01T02:00,17.8,99,17.7,861.9,3.5,168,Shankapark,27.7355,85.3434
2025-10-01T03:00,17.6,99,17.3,861.3,3.6,162,Shankapark,27.7355,85.3434
2025-10-01T04:00,17.2,99,17.1,861.2,4.6,162,Shankapark,27.7355,85.3434
2025-10-01T05:00,17.4,98,17.1,861.7,3.0,147,Shankapark,27.7355,85.3434
2025-10-01T06:00,18.1,98,17.7,862.8,6.7,161,Shankapark,27.7355,85.3434
2025-10-01T07:00,21.7,86,19.3,865.3,5.1,129,Shankapark,27.7355,85.3434
2025-10-01T08:00,23.4,79,19.6,866.2,3.2,109,Shankapark,27.7355,85.3434
2025-10-01T09:00,24.6,75,19.8,866.6,0.8,225,Shankapark,27.7355,85.3434
2025-10-01T10:00,26.1,68,19.7,866.6,2.6,304,Shankapark,27.7355,85.3434
2025-10-01T11:00,24.9,62,17.3,866.3,7.0,328,Shankapark,27.7355,85.3434
2025-10-01T12:00,25.1,67,18.6,865.7,1.9,319,Shankapark,27.7355,85.3434
2025-10-01T13:00,24.8,66,18.0,864.8,5.3,260,Shankapark,27.7355,85.3434
2025-10-01T14:00,25.1,64,17.8,864.1,5.3,308,Shankapark,27.7355,85.3434
2025-10-01T15:00,22.6,78,18.5,864.0,2.7,293,Shankapark,27.7355,85.3434
2025-10-01T16:00,22.0,80,18.3,863.8,2.3,90,Shankapark,27.7355,85.3434
2025-10-01T17:00,20.8,91,19.3,864.4,1.2,129,Shankapark,27.7355,85.3434
2025-10-01T18:00,20.4,94,19.5,865.2,3.4,115,Shankapark,27.7355,85.3434
2025-10-01T19:00,20.0,96,19.4,866.0,4.2,144,Shankapark,27.7355,85.3434
2025-10-01T20:00,19.4,97,19.0,867.1,6.1,148,Shankapark,27.7355,85.3434
2025-10-01T21:00,19.1,97,18.7,867.3,4.9,152,Shankapark,27.7355,85.3434
2025-10-01T22:00,18.8,98,18.4,867.3,2.3,212,Shankapark,27.7355,85.3434
2025-10-01T23:00,18.4,100,18.3,867.2,3.1,90,Shankapark,27.7355,85.3434
2025-10-02T00:00,19.0,98,18.7,866.9,3.2,161,Shankapark,27.7355,85.3434
2025-10-02T01:00,18.9,98,18.5,866.6,5.5,171,Shankapark,27.7355,85.3434
2025-10-02T02:00,18.8,97,18.4,866.6,5.6,135,Shankapark,27.7355,85.3434
2025-10-02T03:00,18.7,98,18.3,866.6,4.1,131,Shankapark,27.7355,85.3434
2025-10-02T04:00,18.5,98,18.2,866.3,4.4,161,Shankapark,27.7355,85.3434
2025-10-02T05:00,18.4,100,18.3,866.5,3.6,200,Shankapark,27.7355,85.3434
2025-10-02T06:00,18.7,98,18.4,867.3,5.3,142,Shankapark,27.7355,85.3434
2025-10-02T07:00,19.3,97,18.7,868.8,4.0,141,Shankapark,27.7355,85.3434
2025-10-02T08:00,19.6,95,18.8,869.9,2.7,118,Shankapark,27.7355,85.3434
2025-10-02T09:00,20.7,89,18.8,870.5,3.3,103,Shankapark,27.7355,85.3434
2025-10-02T10:00,22.1,80,18.6,870.7,3.7,101,Shankapark,27.7355,85.3434
2025-10-02T11:00,21.2,83,18.2,870.7,0.8,63,Shankapark,27.7355,85.3434
2025-10-02T12:00,21.9,80,18.4,870.2,2.0,315,Shankapark,27.7355,85.3434
2025-10-02T13:00,22.0,79,18.2,869.4,5.0,345,Shankapark,27.7355,85.3434
2025-10-02T14:00,21.9,81,18.6,868.4,5.1,342,Shankapark,27.7355,85.3434
2025-10-02T15:00,21.8,82,18.7,867.8,4.6,347,Shankapark,27.7355,85.3434
2025-10-02T16:00,21.4,85,18.8,868.1,2.3,337,Shankapark,27.7355,85.3434
2025-10-02T17:00,20.2,93,19.1,867.9,2.7,32,Shankapark,27.7355,85.3434
2025-10-02T18:00,19.8,95,18.9,868.5,2.3,108,Shankapark,27.7355,85.3434
2025-10-02T19:00,19.9,95,19.1,869.9,1.7,122,Shankapark,27.7355,85.3434
2025-10-02T20:00,19.7,97,19.1,870.3,2.1,128,Shankapark,27.7355,85.3434
2025-10-02T21:00,19.3,99,19.2,870.4,1.5,166,Shankapark,27.7355,85.3434
2025-10-02T22:00,19.3,98,19.0,869.9,2.3,151,Shankapark,27.7355,85.3434
2025-10-02T23:00,19.5,100,19.5,869.8,0.8,153,Shankapark,27.7355,85.3434
2025-10-03T00:00,19.2,99,18.9,869.3,3.3,158,Shankapark,27.7355,85.3434
2025-10-03T01:00,18.8,99,18.6,868.5,4.6,167,Shankapark,27.7355,85.3434
2025-10-03T02:00,18.3,99,18.2,868.5,3.7,166,Shankapark,27.7355,85.3434
2025-10-03T03:00,18.4,99,18.3,868.3,2.3,162,Shankapark,27.7355,85.3434
2025-10-03T04:00,18.3,99,18.1,868.6,2.5,180,Shankapark,27.7355,85.3434
2025-10-03T05:00,18.2,99,18.1,869.0,2.2,138,Shankapark,27.7355,85.3434
2025-10-03T06:00,18.7,99,18.4,869.5,3.1,140,Shankapark,27.7355,85.3434
2025-10-03T07:00,19.9,91,18.4,870.5,2.6,164,Shankapark,27.7355,85.3434
2025-10-03T08:00,21.7,81,18.3,871.5,2.8,130,Shankapark,27.7355,85.3434
2025-10-03T09:00,22.6,77,18.3,872.2,4.9,129,Shankapark,27.7355,85.3434
2025-10-03T10:00,24.3,69,18.2,872.4,4.0,100,Shankapark,27.7355,85.3434
2025-10-03T11:00,23.5,67,17.1,872.3,2.4,36,Shankapark,27.7355,85.3434
2025-10-03T12:00,23.4,72,18.0,871.3,3.8,41,Shankapark,27.7355,85.3434
2025-10-03T13:00,23.7,71,18.1,870.6,3.7,47,Shankapark,27.7355,85.3434
2025-10-03T14:00,24.3,68,17.9,869.8,3.0,38,Shankapark,27.7355,85.3434
2025-10-03T15:00,23.4,73,18.3,869.2,4.2,10,Shankapark,27.7355,85.3434
2025-10-03T16:00,23.0,78,19.0,869.4,3.7,331,Shankapark,27.7355,85.3434
2025-10-03T17:00,20.7,93,19.6,868.9,0.9,101,Shankapark,27.7355,85.3434
2025-10-03T18:00,20.6,93,19.4,869.4,3.0,155,Shankapark,27.7355,85.3434
2025-10-03T19:00,20.5,95,19.6,870.0,1.6,174,Shankapark,27.7355,85.3434
2025-10-03T20:00,20.3,97,19.7,870.3,2.7,180,Shankapark,27.7355,85.3434
2025-10-03T21:00,20.0,99,19.8,870.2,0.6,162,Shankapark,27.7355,85.3434
2025-10-03T22:00,19.6,100,19.6,870.1,2.2,185,Shankapark,27.7355,85.3434
2025-10-03T23:00,20.0,100,20.0,869.4,3.9,53,Shankapark,27.7355,85.3434
2025-10-04T00:00,20.0,98,19.8,868.4,4.7,122,Shankapark,27.7355,85.3434
2025-10-04T01:00,19.7,98,19.4,868.0,4.5,164,Shankapark,27.7355,85.3434
2025-10-04T02:00,19.5,98,19.3,868.0,4.2,144,Shankapark,27.7355,85.3434
2025-10-04T03:00,19.2,99,19.1,867.7,5.8,129,Shankapark,27.7355,85.3434
2025-10-04T04:00,19.1,99,18.8,867.5,4.0,129,Shankapark,27.7355,85.3434
2025-10-04T05:00,18.8,98,18.4,867.4,6.2,107,Shankapark,27.7355,85.3434
2025-10-04T06:00,18.8,97,18.3,868.1,5.2,121,Shankapark,27.7355,85.3434
2025-10-04T07:00,18.8,97,18.3,868.2,6.1,135,Shankapark,27.7355,85.3434
2025-10-04T08:00,18.7,98,18.3,868.2,7.1,131,Shankapark,27.7355,85.3434
2025-10-04T09:00,18.6,99,18.5,868.8,8.5,136,Shankapark,27.7355,85.3434
2025-10-04T10:00,18.3,98,17.9,868.2,6.1,124,Shankapark,27.7355,85.3434
2025-10-04T11:00,18.4,97,17.9,867.2,5.2,124,Shankapark,27.7355,85.3434
2025-10-04T12:00,17.8,96,17.2,865.3,8.1,122,Shankapark,27.7355,85.3434
2025-10-04T13:00,17.6,98,17.2,864.3,9.4,97,Shankapark,27.7355,85.3434
2025-10-04T14:00,17.3,96,16.7,863.7,8.9,108,Shankapark,27.7355,85.3434
2025-10-04T15:00,17.4,96,16.8,863.3,4.7,118,Shankapark,27.7355,85.3434
2025-10-04T16:00,17.1,99,16.9,862.7,1.1,18,Shankapark,27.7355,85.3434
2025-10-04T17:00,16.7,96,16.0,863.3,3.3,315,Shankapark,27.7355,85.3434
2025-10-04T18:00,16.8,98,16.4,863.1,2.1,160,Shankapark,27.7355,85.3434
2025-10-04T19:00,16.9,99,16.8,864.6,3.0,73,Shankapark,27.7355,85.3434
2025-10-04T20:00,16.9,99,16.8,864.4,3.0,123,Shankapark,27.7355,85.3434
2025-10-04T21:00,17.1,99,16.9,864.6,3.4,180,Shankapark,27.7355,85.3434
2025-10-04T22:00,17.2,99,17.0,864.6,1.7,288,Shankapark,27.7355,85.3434
2025-10-04T23:00,16.9,98,16.7,865.0,2.1,105,Shankapark,27.7355,85.3434
2025-10-05T00:00,16.8,98,16.4,864.4,2.3,113,Shankapark,27.7355,85.3434
2025-10-05T01:00,16.9,97,16.4,864.2,2.4,216,Shankapark,27.7355,85.3434
2025-10-05T02:00,17.0,97,16.5,864.3,2.5,159,Shankapark,27.7355,85.3434
2025-10-05T03:00,16.9,99,16.7,864.1,3.2,128,Shankapark,27.7355,85.3434
2025-10-05T04:00,16.9,97,16.4,864.4,4.7,187,Shankapark,27.7355,85.3434
2025-10-05T05:00,16.8,98,16.5,864.4,5.0,111,Shankapark,27.7355,85.3434
2025-10-05T06:00,17.0,98,16.7,865.3,6.7,144,Shankapark,27.7355,85.3434
2025-10-05T07:00,17.8,95,16.9,866.7,4.8,143,Shankapark,27.7355,85.3434
2025-10-05T08:00,18.8,87,16.6,868.0,3.1,159,Shankapark,27.7355,85.3434
2025-10-05T09:00,20.2,81,16.8,868.8,0.6,304,Shankapark,27.7355,85.3434
2025-10-05T10:00,21.0,77,16.8,868.9,2.2,318,Shankapark,27.7355,85.3434
2025-10-05T11:00,22.3,71,16.9,868.8,7.0,331,Shankapark,27.7355,85.3434
2025-10-05T12:00,23.3,67,16.7,868.2,4.8,318,Shankapark,27.7355,85.3434
2025-10-05T13:00,24.3,65,17.3,867.7,5.4,304,Shankapark,27.7355,85.3434
2025-10-05T14:00,24.3,66,17.4,866.8,5.2,304,Shankapark,27.7355,85.3434
2025-10-05T15:00,23.7,67,17.3,866.5,6.0,295,Shankapark,27.7355,85.3434
2025-10-05T16:00,22.3,73,17.3,866.1,5.0,308,Shankapark,27.7355,85.3434
2025-10-05T17:00,20.3,90,18.6,865.7,4.0,328,Shankapark,27.7355,85.3434
2025-10-05T18:00,19.5,94,18.5,866.5,0.9,191,Shankapark,27.7355,85.3434
2025-10-05T19:00,18.8,98,18.4,867.4,2.7,176,Shankapark,27.7355,85.3434
2025-10-05T20:00,18.4,99,18.3,868.2,2.4,207,Shankapark,27.7355,85.3434
2025-10-05T21:00,18.3,99,18.3,868.5,2.3,225,Shankapark,27.7355,85.3434
2025-10-05T22:00,18.3,98,18.0,868.6,1.3,146,Shankapark,27.7355,85.3434
2025-10-05T23:00,18.6,98,18.3,868.9,2.2,175,Shankapark,27.7355,85.3434
2025-10-06T00:00,17.8,95,17.1,868.1,2.2,189,Shankapark,27.7355,85.3434
2025-10-06T01:00,18.1,97,17.6,867.9,3.2,146,Shankapark,27.7355,85.3434
2025-10-06T02:00,18.1,97,17.6,867.4,2.5,180,Shankapark,27.7355,85.3434
2025-10-06T03:00,17.8,99,17.7,866.8,1.7,148,Shankapark,27.7355,85.3434
2025-10-06T04:00,17.5,100,17.5,866.7,4.3,178,Shankapark,27.7355,85.3434
2025-10-06T05:00,16.9,100,16.9,867.3,2.5,274,Shankapark,27.7355,85.3434
2025-10-06T06:00,17.9,98,17.6,868.4,2.7,250,Shankapark,27.7355,85.3434
2025-10-06T07:00,19.0,94,18.0,869.5,1.5,240,Shankapark,27.7355,85.3434
2025-10-06T08:00,20.8,85,18.3,870.1,1.0,315,Shankapark,27.7355,85.3434
2025-10-06T09:00,22.7,75,17.9,870.7,1.0,211,Shankapark,27.7355,85.3434
2025-10-06T10:00,24.1,67,17.5,871.0,2.1,290,Shankapark,27.7355,85.3434
2025-10-06T11:00,24.3,68,18.1,870.9,6.4,299,Shankapark,27.7355,85.3434
2025-10-06T12:00,24.1,65,17.0,870.5,7.3,300,Shankapark,27.7355,85.3434
2025-10-06T13:00,23.8,68,17.6,869.4,6.7,297,Shankapark,27.7355,85.3434
2025-10-06T14:00,23.7,67,17.1,868.8,8.8,303,Shankapark,27.7355,85.3434
2025-10-06T15:00,22.6,75,18.0,868.0,9.3,311,Shankapark,27.7355,85.3434
2025-10-06T16:00,21.1,82,17.9,867.5,9.1,306,Shankapark,27.7355,85.3434
2025-10-06T17:00,19.7,91,18.1,867.0,4.7,310,Shankapark,27.7355,85.3434
2025-10-06T18:00,18.8,96,18.3,867.5,1.8,307,Shankapark,27.7355,85.3434
2025-10-06T19:00,18.5,97,18.1,868.5,1.7,238,Shankapark,27.7355,85.3434
2025-10-06T20:00,18.4,97,17.9,869.2,1.3,214,Shankapark,27.7355,85.3434
2025-10-06T21:00,18.2,98,17.8,869.1,2.6,192,Shankapark,27.7355,85.3434
2025-10-06T22:00,17.6,100,17.6,868.3,3.2,183,Shankapark,27.7355,85.3434
2025-10-06T23:00,18.0,100,18.0,868.4,3.2,227,Shankapark,27.7355,85.3434
2025-10-07T00:00,17.7,100,17.6,867.7,4.7,203,Shankapark,27.7355,85.3434
2025-10-07T01:00,17.4,99,17.3,867.2,4.0,177,Shankapark,27.7355,85.3434
2025-10-07T02:00,17.2,99,16.9,866.7,3.5,171,Shankapark,27.7355,85.3434
2025-10-07T03:00,17.2,98,16.9,866.7,2.6,168,Shankapark,27.7355,85.3434
2025-10-07T04:00,17.2,98,16.9,866.2,2.6,168,Shankapark,27.7355,85.3434
2025-10-07T05:00,16.8,99,16.7,866.5,2.5,172,Shankapark,27.7355,85.3434
2025-10-07T06:00,16.9,99,16.8,867.5,2.3,157,Shankapark,27.7355,85.3434
2025-10-07T07:00,19.3,88,17.3,869.4,2.4,77,Shankapark,27.7355,85.3434
2025-10-07T08:00,21.1,79,17.3,870.5,2.7,48,Shankapark,27.7355,85.3434
2025-10-07T09:00,22.9,71,17.4,870.9,0.9,349,Shankapark,27.7355,85.3434
2025-10-07T10:00,23.8,66,17.0,871.0,4.0,297,Shankapark,27.7355,85.3434
2025-10-07T11:00,22.2,72,16.8,870.6,6.5,316,Shankapark,27.7355,85.3434
2025-10-07T12:00,23.3,71,17.8,870.0,6.7,324,Shankapark,27.7355,85.3434
2025-10-07T13:00,21.7,77,17.4,869.0,5.2,297,Shankapark,27.7355,85.3434
2025-10-07T14:00,21.9,78,18.0,868.6,5.1,266,Shankapark,27.7355,85.3434
2025-10-07T15:00,20.5,84,17.7,868.0,4.4,289,Shankapark,27.7355,85.3434
2025-10-07T16:00,19.8,88,17.7,867.8,3.6,270,Shankapark,27.7355,85.3434
2025-10-07T17:00,18.9,93,17.8,866.9,1.0,239,Shankapark,27.7355,85.3434
2025-10-07T18:00,18.6,95,17.7,867.6,0.7,194,Shankapark,27.7355,85.3434
2025-10-07T19:00,18.3,96,17.6,868.4,0.7,180,Shankapark,27.7355,85.3434
2025-10-07T20:00,17.8,98,17.4,869.0,2.8,169,Shankapark,27.7355,85.3434
2025-10-07T21:00,17.3,99,17.2,869.0,2.9,158,Shankapark,27.7355,85.3434
2025-10-07T22:00,16.9,100,16.8,869.0,5.4,154,Shankapark,27.7355,85.3434
2025-10-07T23:00,17.1,100,17.1,869.0,2.8,153,Shankapark,27.7355,85.3434
2025-10-08T00:00,17.8,99,17.6,869.2,3.5,152,Shankapark,27.7355,85.3434
2025-10-08T01:00,17.7,99,17.6,868.5,4.2,144,Shankapark,27.7355,85.3434
2025-10-08T02:00,17.5,100,17.5,868.0,3.5,141,Shankapark,27.7355,85.3434
2025-10-08T03:00,17.3,99,17.2,867.5,3.4,155,Shankapark,27.7355,85.3434
2025-10-08T04:00,17.2,99,17.1,867.6,1.8,156,Shankapark,27.7355,85.3434
2025-10-08T05:00,15.3,100,15.3,867.2,2.7,160,Shankapark,27.7355,85.3434
2025-10-08T06:00,16.2,99,16.1,868.1,4.3,156,Shankapark,27.7355,85.3434
2025-10-08T07:00,19.1,94,18.1,869.9,3.7,133,Shankapark,27.7355,85.3434
2025-10-08T08:00,20.8,84,18.0,870.8,2.5,94,Shankapark,27.7355,85.3434
2025-10-08T09:00,22.4,76,18.0,871.3,1.5,36,Shankapark,27.7355,85.3434
2025-10-08T10:00,23.8,68,17.7,871.2,2.7,337,Shankapark,27.7355,85.3434
2025-10-08T11:00,25.2,56,15.8,870.9,5.6,318,Shankapark,27.7355,85.3434
2025-10-08T12:00,22.6,70,16.8,870.2,7.2,292,Shankapark,27.7355,85.3434
2025-10-08T13:00,23.6,66,16.8,869.5,4.8,290,Shankapark,27.7355,85.3434
2025-10-08T14:00,22.4,72,17.0,868.4,8.7,320,Shankapark,27.7355,85.3434
2025-10-08T15:00,21.7,82,18.4,867.6,6.8,318,Shankapark,27.7355,85.3434
2025-10-08T16:00,21.1,85,18.5,867.3,4.8,329,Shankapark,27.7355,85.3434
2025-10-08T17:00,19.1,92,17.8,867.7,3.6,270,Shankapark,27.7355,85.3434
2025-10-08T18:00,18.6,94,17.6,868.4,3.3,186,Shankapark,27.7355,85.3434
2025-10-08T19:00,18.3,96,17.7,869.0,2.0,180,Shankapark,27.7355,85.3434
2025-10-08T20:00,18.0,96,17.4,869.9,0.7,180,Shankapark,27.7355,85.3434
2025-10-08T21:00,17.8,96,17.1,870.3,0.9,191,Shankapark,27.7355,85.3434
2025-10-08T22:00,17.7,95,16.9,870.2,2.3,141,Shankapark,27.7355,85.3434
2025-10-08T23:00,17.3,100,17.3,869.7,1.6,186,Shankapark,27.7355,85.3434
2025-10-09T00:00,17.0,99,16.9,869.4,2.0,185,Shankapark,27.7355,85.3434
2025-10-09T01:00,16.4,100,16.4,868.7,2.0,185,Shankapark,27.7355,85.3434
2025-10-09T02:00,16.4,99,16.3,868.6,2.2,185,Shankapark,27.7355,85.3434
2025-10-09T03:00,16.2,100,16.1,868.1,3.3,167,Shankapark,27.7355,85.3434
2025-10-09T04:00,15.6,100,15.6,867.7,3.9,158,Shankapark,27.7355,85.3434
2025-10-09T05:00,16.3,98,15.9,869.1,0.6,146,Shankapark,27.7355,85.3434
2025-10-09T06:00,17.1,96,16.4,869.6,1.3,172,Shankapark,27.7355,85.3434
2025-10-09T07:00,19.7,88,17.7,871.3,1.8,11,Shankapark,27.7355,85.3434
2025-10-09T08:00,21.0,79,17.3,871.9,3.5,332,Shankapark,27.7355,85.3434
2025-10-09T09:00,22.2,72,16.9,872.2,5.9,317,Shankapark,27.7355,85.3434
2025-10-09T10:00,23.3,63,16.0,872.2,7.4,317,Shankapark,27.7355,85.3434
2025-10-09T11:00,23.6,64,16.4,871.7,10.2,311,Shankapark,27.7355,85.3434
2025-10-09T12:00,23.9,60,15.6,871.1,10.2,309,Shankapark,27.7355,85.3434
2025-10-09T13:00,23.7,62,16.1,870.3,11.0,300,Shankapark,27.7355,85.3434
2025-10-09T14:00,23.3,67,16.9,869.6,10.3,308,Shankapark,27.7355,85.3434
2025-10-09T15:00,21.9,73,16.8,868.8,10.1,305,Shankapark,27.7355,85.3434
2025-10-09T16:00,21.0,77,16.9,868.1,6.7,297,Shankapark,27.7355,85.3434
2025-10-09T17:00,20.3,87,18.1,868.3,6.9,309,Shankapark,27.7355,85.3434
2025-10-09T18:00,19.5,90,17.9,868.3,2.7,247,Shankapark,27.7355,85.3434
2025-10-09T19:00,19.1,91,17.5,868.9,2.7,200,Shankapark,27.7355,85.3434
2025-10-09T20:00,18.4,92,17.1,869.4,1.5,201,Shankapark,27.7355,85.3434
2025-10-09T21:00,18.1,92,16.7,869.7,1.5,201,Shankapark,27.7355,85.3434
2025-10-09T22:00,17.7,92,16.3,869.4,1.6,186,Shankapark,27.7355,85.3434
2025-10-09T23:00,17.2,98,16.9,869.1,1.1,198,Shankapark,27.7355,85.3434
2025-10-10T00:00,17.0,96,16.4,869.1,3.1,190,Shankapark,27.7355,85.3434
2025-10-10T01:00,15.8,99,15.7,868.2,1.5,187,Shankapark,27.7355,85.3434
2025-10-10T02:00,15.1,100,15.1,867.4,3.4,183,Shankapark,27.7355,85.3434
2025-10-10T03:00,14.4,100,14.4,866.8,4.2,173,Shankapark,27.7355,85.3434
2025-10-10T04:00,14.4,98,14.2,866.5,3.8,172,Shankapark,27.7355,85.3434
2025-10-10T05:00,16.4,94,15.5,867.9,0.0,270,Shankapark,27.7355,85.3434
2025-10-10T06:00,17.2,92,15.9,868.7,1.8,186,Shankapark,27.7355,85.3434
2025-10-10T07:00,19.7,85,17.2,870.4,2.5,82,Shankapark,27.7355,85.3434
2025-10-10T08:00,21.4,73,16.3,871.6,3.1,24,Shankapark,27.7355,85.3434
2025-10-10T09:00,22.7,60,14.6,871.9,5.2,331,Shankapark,27.7355,85.3434
2025-10-10T10:00,23.7,53,13.4,871.8,7.8,312,Shankapark,27.7355,85.3434
2025-10-10T11:00,23.4,52,13.1,871.8,12.1,308,Shankapark,27.7355,85.3434
2025-10-10T12:00,23.4,50,12.4,871.4,11.0,305,Shankapark,27.7355,85.3434
2025-10-10T13:00,23.3,49,12.2,870.5,10.5,307,Shankapark,27.7355,85.3434
2025-10-10T14:00,23.1,51,12.5,869.7,10.3,310,Shankapark,27.7355,85.3434
2025-10-10T15:00,22.2,56,12.9,868.8,10.5,311,Shankapark,27.7355,85.3434
2025-10-10T16:00,20.9,64,13.8,867.9,7.8,307,Shankapark,27.7355,85.3434
2025-10-10T17:00,19.9,72,14.8,867.9,6.4,286,Shankapark,27.7355,85.3434
2025-10-10T18:00,18.9,78,15.0,867.8,3.1,234,Shankapark,27.7355,85.3434
2025-10-10T19:00,18.3,80,14.8,868.1,2.8,207,Shankapark,27.7355,85.3434
2025-10-10T20:00,17.7,82,14.7,868.3,2.0,190,Shankapark,27.7355,85.3434
2025-10-10T21:00,17.1,84,14.4,868.6,1.3,188,Shankapark,27.7355,85.3434
2025-10-10T22:00,16.8,84,14.1,868.2,2.0,190,Shankapark,27.7355,85.3434
2025-10-10T23:00,17.1,83,14.1,868.5,2.7,200,Shankapark,27.7355,85.3434
2025-10-11T00:00,16.6,84,13.9,868.0,2.2,185,Shankapark,27.7355,85.3434
2025-10-11T01:00,16.1,85,13.6,867.2,2.0,185,Shankapark,27.7355,85.3434
2025-10-11T02:00,15.9,85,13.4,866.8,2.9,187,Shankapark,27.7355,85.3434
2025-10-11T03:00,15.6,85,13.1,866.5,2.3,184,Shankapark,27.7355,85.3434
2025-10-11T04:00,15.3,85,12.8,866.5,1.3,172,Shankapark,27.7355,85.3434
2025-10-11T05:00,15.2,88,13.3,867.1,0.4,117,Shankapark,27.7355,85.3434
2025-10-11T06:00,16.1,88,14.1,868.0,3.3,174,Shankapark,27.7355,85.3434
2025-10-11T07:00,19.2,80,15.7,870.1,2.3,135,Shankapark,27.7355,85.3434
2025-10-11T08:00,21.0,69,15.1,871.0,1.8,45,Shankapark,27.7355,85.3434
2025-10-11T09:00,22.4,56,13.3,871.5,4.0,333,Shankapark,27.7355,85.3434
2025-10-11T10:00,23.6,49,12.2,871.5,6.8,323,Shankapark,27.7355,85.3434
2025-10-11T11:00,23.8,46,11.3,871.2,10.4,315,Shankapark,27.7355,85.3434
2025-10-11T12:00,23.8,45,11.2,870.6,11.1,317,Shankapark,27.7355,85.3434
2025-10-11T13:00,23.4,47,11.4,869.7,11.6,323,Shankapark,27.7355,85.3434
2025-10-11T14:00,22.9,51,12.2,869.0,12.0,325,Shankapark,27.7355,85.3434
2025-10-11T15:00,22.1,58,13.5,868.3,11.5,318,Shankapark,27.7355,85.3434
2025-10-11T16:00,21.0,66,14.3,867.8,8.1,309,Shankapark,27.7355,85.3434
2025-10-11T17:00,19.7,69,13.8,867.3,6.6,305,Shankapark,27.7355,85.3434
2025-10-11T18:00,18.8,72,13.7,867.4,4.3,248,Shankapark,27.7355,85.3434
2025-10-11T19:00,18.4,73,13.6,867.9,3.9,233,Shankapark,27.7355,85.3434
2025-10-11T20:00,17.9,75,13.5,868.1,2.7,233,Shankapark,27.7355,85.3434
2025-10-11T21:00,17.4,76,13.3,868.4,1.5,210,Shankapark,27.7355,85.3434
2025-10-11T22:00,17.0,78,13.1,868.2,1.8,204,Shankapark,27.7355,85.3434
2025-10-11T23:00,16.9,80,13.4,867.9,1.0,211,Shankapark,27.7355,85.3434
2025-10-12T00:00,16.3,81,13.1,867.5,1.7,193,Shankapark,27.7355,85.3434
2025-10-12T01:00,15.8,82,12.8,866.8,1.3,196,Shankapark,27.7355,85.3434
2025-10-12T02:00,15.4,83,12.6,866.4,1.5,187,Shankapark,27.7355,85.3434
2025-10-12T03:00,14.8,84,12.2,866.0,1.3,180,Shankapark,27.7355,85.3434
2025-10-12T04:00,14.5,85,12.0,865.8,1.8,169,Shankapark,27.7355,85.3434
2025-10-12T05:00,14.2,87,12.1,866.6,1.2,153,Shankapark,27.7355,85.3434
2025-10-12T06:00,15.4,85,12.8,867.9,2.2,171,Shankapark,27.7355,85.3434
2025-10-12T07:00,18.3,83,15.3,869.9,2.2,145,Shankapark,27.7355,85.3434
2025-10-12T08:00,20.7,67,14.3,871.3,1.5,45,Shankapark,27.7355,85.3434
2025-10-12T09:00,22.2,56,13.1,871.5,3.0,343,Shankapark,27.7355,85.3434
2025-10-12T10:00,23.5,50,12.5,871.2,4.4,330,Shankapark,27.7355,85.3434
2025-10-12T11:00,24.3,48,12.6,871.1,6.5,328,Shankapark,27.7355,85.3434
2025-10-12T12:00,24.8,48,13.0,870.5,8.1,323,Shankapark,27.7355,85.3434
2025-10-12T13:00,24.4,50,13.4,869.6,9.5,316,Shankapark,27.7355,85.3434
2025-10-12T14:00,23.4,54,13.7,869.0,10.8,318,Shankapark,27.7355,85.3434
2025-10-12T15:00,22.4,58,13.8,868.6,9.5,323,Shankapark,27.7355,85.3434
2025-10-12T16:00,20.9,64,13.8,868.1,6.6,339,Shankapark,27.7355,85.3434
2025-10-12T17:00,19.2,72,14.1,867.9,4.1,337,Shankapark,27.7355,85.3434
2025-10-12T18:00,18.7,76,14.3,868.2,2.7,228,Shankapark,27.7355,85.3434
2025-10-12T19:00,18.2,79,14.5,868.5,3.2,218,Shankapark,27.7355,85.3434
2025-10-12T20:00,17.7,82,14.5,868.7,2.4,216,Shankapark,27.7355,85.3434
2025-10-12T21:00,17.3,83,14.3,868.8,2.8,195,Shankapark,27.7355,85.3434
2025-10-12T22:00,16.6,85,14.1,868.2,3.4,196,Shankapark,27.7355,85.3434
2025-10-12T23:00,15.9,89,14.1,867.9,3.1,211,Shankapark,27.7355,85.3434
2025-10-13T00:00,15.7,89,13.9,867.8,2.6,205,Shankapark,27.7355,85.3434
2025-10-13T01:00,15.2,89,13.4,867.3,1.8,204,Shankapark,27.7355,85.3434
2025-10-13T02:00,15.1,88,13.1,867.2,0.7,194,Shankapark,27.7355,85.3434
2025-10-13T03:00,14.9,88,12.8,866.9,1.4,180,Shankapark,27.7355,85.3434
2025-10-13T04:00,14.1,90,12.4,866.9,2.7,172,Shankapark,27.7355,85.3434
2025-10-13T05:00,15.3,85,12.9,868.1,1.8,135,Shankapark,27.7355,85.3434
2025-10-13T06:00,15.9,84,13.3,869.1,4.0,159,Shankapark,27.7355,85.3434
2025-10-13T07:00,18.3,79,14.7,871.0,3.6,139,Shankapark,27.7355,85.3434
2025-10-13T08:00,20.5,69,14.6,872.2,2.2,81,Shankapark,27.7355,85.3434
2025-10-13T09:00,22.0,58,13.5,872.5,1.5,60,Shankapark,27.7355,85.3434
2025-10-13T10:00,23.4,51,12.6,872.4,0.3,45,Shankapark,27.7355,85.3434
2025-10-13T11:00,23.7,46,11.5,872.1,3.3,292,Shankapark,27.7355,85.3434
2025-10-13T12:00,24.1,46,11.7,871.8,5.8,284,Shankapark,27.7355,85.3434
2025-10-13T13:00,23.8,46,11.7,871.0,7.8,283,Shankapark,27.7355,85.3434
2025-10-13T14:00,22.9,54,13.1,870.4,9.2,301,Shankapark,27.7355,85.3434
2025-10-13T15:00,21.8,59,13.6,869.7,9.0,322,Shankapark,27.7355,85.3434
2025-10-13T16:00,20.6,64,13.5,869.4,5.9,333,Shankapark,27.7355,85.3434
2025-10-13T17:00,19.2,74,14.5,869.2,3.3,331,Shankapark,27.7355,85.3434
2025-10-13T18:00,18.7,69,12.8,868.9,3.5,231,Shankapark,27.7355,85.3434
2025-10-13T19:00,18.3,70,12.7,869.3,4.1,232,Shankapark,27.7355,85.3434
2025-10-13T20:00,17.7,73,12.9,869.2,2.8,225,Shankapark,27.7355,85.3434
2025-10-13T21:00,17.2,74,12.6,869.3,2.3,203,Shankapark,27.7355,85.3434
2025-10-13T22:00,16.7,76,12.5,868.9,2.2,185,Shankapark,27.7355,85.3434
2025-10-13T23:00,16.8,78,12.9,868.4,0.7,194,Shankapark,27.7355,85.3434
2025-10-14T00:00,16.1,81,12.8,867.6,0.9,180,Shankapark,27.7355,85.3434
2025-10-14T01:00,16.1,80,12.7,867.1,0.9,180,Shankapark,27.7355,85.3434
2025-10-14T02:00,16.1,79,12.4,866.6,2.4,167,Shankapark,27.7355,85.3434
2025-10-14T03:00,15.6,80,12.2,866.0,3.6,160,Shankapark,27.7355,85.3434
2025-10-14T04:00,15.1,82,12.0,865.8,5.0,150,Shankapark,27.7355,85.3434
2025-10-14T05:00,14.1,86,11.7,866.0,3.8,135,Shankapark,27.7355,85.3434
2025-10-14T06:00,14.5,85,12.1,867.2,6.7,149,Shankapark,27.7355,85.3434
2025-10-14T07:00,17.9,77,13.8,869.6,5.7,134,Shankapark,27.7355,85.3434
2025-10-14T08:00,20.8,65,14.1,871.3,4.3,107,Shankapark,27.7355,85.3434
2025-10-14T09:00,22.7,58,13.9,872.0,4.3,95,Shankapark,27.7355,85.3434
2025-10-14T10:00,24.0,52,13.6,872.2,4.1,92,Shankapark,27.7355,85.3434
2025-10-14T11:00,24.7,47,12.5,871.6,3.6,45,Shankapark,27.7355,85.3434
2025-10-14T12:00,25.1,46,12.6,871.0,2.4,77,Shankapark,27.7355,85.3434
2025-10-14T13:00,23.9,50,12.9,870.2,3.3,261,Shankapark,27.7355,85.3434
2025-10-14T14:00,23.2,58,14.5,869.8,6.5,276,Shankapark,27.7355,85.3434
2025-10-14T15:00,22.3,64,15.1,869.3,6.3,290,Shankapark,27.7355,85.3434
2025-10-14T16:00,21.1,72,15.7,868.9,6.5,312,Shankapark,27.7355,85.3434
2025-10-14T17:00,19.8,80,16.2,868.8,5.4,296,Shankapark,27.7355,85.3434
2025-10-14T18:00,19.1,83,16.1,868.8,3.0,245,Shankapark,27.7355,85.3434
2025-10-14T19:00,18.5,85,16.0,869.0,2.4,243,Shankapark,27.7355,85.3434
2025-10-14T20:00,17.9,87,15.7,869.0,1.6,207,Shankapark,27.7355,85.3434
2025-10-14T21:00,17.2,89,15.3,868.8,0.9,191,Shankapark,27.7355,85.3434
2025-10-14T22:00,16.7,89,14.9,868.4,0.5,180,Shankapark,27.7355,85.3434
2025-10-14T23:00,16.0,97,15.4,867.9,1.4,220,Shankapark,27.7355,85.3434
2025-10-15T00:00,16.1,94,15.1,867.6,0.9,191,Shankapark,27.7355,85.3434
2025-10-15T01:00,15.8,92,14.6,867.0,0.9,191,Shankapark,27.7355,85.3434
2025-10-15T02:00,15.6,91,14.2,866.8,1.7,167,Shankapark,27.7355,85.3434
2025-10-15T03:00,15.1,93,14.0,866.6,3.1,159,Shankapark,27.7355,85.3434
2025-10-15T04:00,14.7,94,13.8,866.4,3.6,153,Shankapark,27.7355,85.3434
2025-10-15T05:00,14.7,94,13.7,866.9,4.2,133,Shankapark,27.7355,85.3434
2025-10-15T06:00,15.2,93,14.1,868.0,5.7,152,Shankapark,27.7355,85.3434
2025-10-15T07:00,18.6,82,15.5,870.1,3.9,156,Shankapark,27.7355,85.3434
2025-10-15T08:00,21.4,70,15.7,871.7,1.1,81,Shankapark,27.7355,85.3434
2025-10-15T09:00,23.1,62,15.5,872.1,1.5,353,Shankapark,27.7355,85.3434
2025-10-15T10:00,24.3,55,14.7,872.1,3.6,307,Shankapark,27.7355,85.3434
2025-10-15T11:00,24.1,54,14.2,871.6,8.7,313,Shankapark,27.7355,85.3434
2025-10-15T12:00,23.9,57,15.0,871.2,9.6,310,Shankapark,27.7355,85.3434
2025-10-15T13:00,23.8,57,14.8,870.2,8.0,304,Shankapark,27.7355,85.3434
2025-10-15T14:00,23.7,57,14.5,869.7,7.2,307,Shankapark,27.7355,85.3434
2025-10-15T15:00,22.8,59,14.3,869.2,8.1,305,Shankapark,27.7355,85.3434
2025-10-15T16:00,21.4,65,14.7,868.8,7.3,310,Shankapark,27.7355,85.3434
2025-10-15T17:00,20.3,74,15.5,868.6,6.6,319,Shankapark,27.7355,85.3434
2025-10-15T18:00,19.3,80,15.8,868.3,3.5,279,Shankapark,27.7355,85.3434
2025-10-15T19:00,18.9,80,15.4,868.3,3.7,256,Shankapark,27.7355,85.3434
2025-10-15T20:00,18.4,80,15.0,868.4,2.3,225,Shankapark,27.7355,85.3434
2025-10-15T21:00,17.8,80,14.4,868.2,1.9,197,Shankapark,27.7355,85.3434
2025-10-15T22:00,17.5,80,14.0,868.2,3.8,188,Shankapark,27.7355,85.3434
2025-10-15T23:00,16.7,84,14.0,867.7,2.2,175,Shankapark,27.7355,85.3434
2025-10-16T00:00,16.4,82,13.4,867.3,3.2,180,Shankapark,27.7355,85.3434
2025-10-16T01:00,15.6,83,12.7,866.5,2.2,171,Shankapark,27.7355,85.3434
2025-10-16T02:00,15.2,80,11.8,866.3,3.2,164,Shankapark,27.7355,85.3434
2025-10-16T03:00,15.1,77,11.1,866.1,4.8,155,Shankapark,27.7355,85.3434
2025-10-16T04:00,14.7,77,10.8,865.9,4.9,156,Shankapark,27.7355,85.3434
2025-10-16T05:00,14.6,85,12.1,866.8,6.0,136,Shankapark,27.7355,85.3434
2025-10-16T06:00,14.7,85,12.3,867.7,7.0,151,Shankapark,27.7355,85.3434
2025-10-16T07:00,18.1,76,13.9,870.0,6.0,139,Shankapark,27.7355,85.3434
2025-10-16T08:00,21.4,65,14.6,872.0,2.6,102,Shankapark,27.7355,85.3434
2025-10-16T09:00,23.1,59,14.8,872.6,1.9,41,Shankapark,27.7355,85.3434
2025-10-16T10:00,24.2,56,14.9,872.4,2.0,355,Shankapark,27.7355,85.3434
2025-10-16T11:00,25.1,47,13.2,871.6,5.1,337,Shankapark,27.7355,85.3434
2025-10-16T12:00,25.3,45,12.7,871.0,4.1,308,Shankapark,27.7355,85.3434
2025-10-16T13:00,24.9,47,12.9,870.2,4.7,302,Shankapark,27.7355,85.3434
2025-10-16T14:00,24.4,50,13.4,869.7,4.6,315,Shankapark,27.7355,85.3434
2025-10-16T15:00,23.5,56,14.3,869.2,6.4,320,Shankapark,27.7355,85.3434
2025-10-16T16:00,22.2,64,15.0,869.0,7.1,324,Shankapark,27.7355,85.3434
2025-10-16T17:00,20.3,74,15.5,868.9,4.4,322,Shankapark,27.7355,85.3434
2025-10-16T18:00,19.6,78,15.6,869.0,1.5,216,Shankapark,27.7355,85.3434
2025-10-16T19:00,18.9,79,15.2,869.2,2.2,194,Shankapark,27.7355,85.3434
2025-10-16T20:00,18.6,80,15.1,869.7,1.6,186,Shankapark,27.7355,85.3434
2025-10-16T21:00,18.1,82,15.0,869.6,2.2,180,Shankapark,27.7355,85.3434
2025-10-16T22:00,17.4,86,15.0,869.5,3.4,177,Shankapark,27.7355,85.3434
2025-10-16T23:00,16.4,90,14.7,869.0,0.6,162,Shankapark,27.7355,85.3434
2025-10-17T00:00,16.5,89,14.8,868.7,1.3,172,Shankapark,27.7355,85.3434
2025-10-17T01:00,16.5,88,14.6,868.6,2.4,163,Shankapark,27.7355,85.3434
2025-10-17T02:00,16.1,89,14.4,868.2,3.4,162,Shankapark,27.7355,85.3434
2025-10-17T03:00,15.9,90,14.2,868.1,4.2,155,Shankapark,27.7355,85.3434
2025-10-17T04:00,15.8,89,14.1,868.2,4.3,158,Shankapark,27.7355,85.3434
2025-10-17T05:00,14.9,89,13.1,868.6,2.7,138,Shankapark,27.7355,85.3434
2025-10-17T06:00,15.4,90,13.8,869.4,4.7,157,Shankapark,27.7355,85.3434
2025-10-17T07:00,18.5,83,15.5,871.8,4.8,135,Shankapark,27.7355,85.3434
2025-10-17T08:00,21.6,70,15.9,873.3,2.4,99,Shankapark,27.7355,85.3434
2025-10-17T09:00,23.3,63,15.9,874.0,2.0,95,Shankapark,27.7355,85.3434
2025-10-17T10:00,24.3,56,14.9,873.9,1.3,124,Shankapark,27.7355,85.3434
2025-10-17T11:00,23.9,54,14.1,873.3,2.4,312,Shankapark,27.7355,85.3434
2025-10-17T12:00,24.1,54,14.2,872.6,3.5,282,Shankapark,27.7355,85.3434
2025-10-17T13:00,23.8,56,14.4,871.7,3.5,305,Shankapark,27.7355,85.3434
2025-10-17T14:00,23.3,58,14.7,871.0,4.2,320,Shankapark,27.7355,85.3434
2025-10-17T15:00,22.6,63,15.2,870.5,4.8,323,Shankapark,27.7355,85.3434
2025-10-17T16:00,21.3,73,16.3,870.2,5.2,319,Shankapark,27.7355,85.3434
2025-10-17T17:00,19.3,88,17.4,869.8,4.8,304,Shankapark,27.7355,85.3434
2025-10-17T18:00,18.8,91,17.3,869.8,1.3,180,Shankapark,27.7355,85.3434
2025-10-17T19:00,18.3,93,17.2,869.9,3.8,191,Shankapark,27.7355,85.3434
2025-10-17T20:00,18.1,92,16.9,870.2,3.1,183,Shankapark,27.7355,85.3434
2025-10-17T21:00,17.7,92,16.4,870.0,3.6,174,Shankapark,27.7355,85.3434
2025-10-17T22:00,17.2,92,15.9,870.1,3.5,168,Shankapark,27.7355,85.3434
2025-10-17T23:00,16.3,98,16.1,869.7,2.8,140,Shankapark,27.7355,85.3434
2025-10-18T00:00,15.6,100,15.6,869.1,3.7,169,Shankapark,27.7355,85.3434
2025-10-18T01:00,15.0,100,15.0,868.5,3.7,166,Shankapark,27.7355,85.3434
2025-10-18T02:00,14.8,100,14.8,868.5,5.6,155,Shankapark,27.7355,85.3434
2025-10-18T03:00,14.8,100,14.8,868.5,6.2,154,Shankapark,27.7355,85.3434
2025-10-18T04:00,14.9,98,14.6,868.3,6.1,150,Shankapark,27.7355,85.3434
2025-10-18T05:00,14.4,100,14.3,868.9,5.4,132,Shankapark,27.7355,85.3434
2025-10-18T06:00,15.1,100,15.1,869.9,6.1,150,Shankapark,27.7355,85.3434
2025-10-18T07:00,18.4,89,16.6,871.8,5.6,130,Shankapark,27.7355,85.3434
2025-10-18T08:00,21.2,73,16.3,873.2,3.9,106,Shankapark,27.7355,85.3434
2025-10-18T09:00,23.1,61,15.1,873.5,4.5,104,Shankapark,27.7355,85.3434
2025-10-18T10:00,24.3,53,14.1,873.4,4.9,114,Shankapark,27.7355,85.3434
2025-10-18T11:00,24.1,50,13.0,873.0,1.7,122,Shankapark,27.7355,85.3434
2025-10-18T12:00,24.8,48,13.0,872.4,1.0,121,Shankapark,27.7355,85.3434
2025-10-18T13:00,24.9,48,13.1,871.1,0.7,104,Shankapark,27.7355,85.3434
2025-10-18T14:00,24.8,48,13.1,870.5,0.8,45,Shankapark,27.7355,85.3434
2025-10-18T15:00,23.2,53,13.0,870.0,3.1,277,Shankapark,27.7355,85.3434
2025-10-18T16:00,21.8,62,14.4,869.5,5.6,301,Shankapark,27.7355,85.3434
2025-10-18T17:00,19.1,87,16.8,869.6,7.4,292,Shankapark,27.7355,85.3434
2025-10-18T18:00,18.6,83,15.7,869.8,2.9,210,Shankapark,27.7355,85.3434
2025-10-18T19:00,18.3,84,15.6,869.8,3.2,196,Shankapark,27.7355,85.3434
2025-10-18T20:00,17.8,90,16.1,869.7,2.5,188,Shankapark,27.7355,85.3434
2025-10-18T21:00,17.2,93,16.0,869.6,2.3,176,Shankapark,27.7355,85.3434
2025-10-18T22:00,17.1,90,15.4,869.5,2.4,171,Shankapark,27.7355,85.3434
2025-10-18T23:00,16.9,90,15.4,869.2,2.0,170,Shankapark,27.7355,85.3434
2025-10-19T00:00,17.1,89,15.3,868.8,2.3,176,Shankapark,27.7355,85.3434
2025-10-19T01:00,16.9,88,15.0,868.5,2.6,164,Shankapark,27.7355,85.3434
2025-10-19T02:00,16.5,89,14.7,868.2,3.8,155,Shankapark,27.7355,85.3434
2025-10-19T03:00,16.1,90,14.5,868.1,4.4,148,Shankapark,27.7355,85.3434
2025-10-19T04:00,15.8,91,14.2,868.0,4.8,149,Shankapark,27.7355,85.3434
2025-10-19T05:00,14.8,94,13.8,868.7,6.3,141,Shankapark,27.7355,85.3434
2025-10-19T06:00,15.1,93,14.1,869.5,7.6,149,Shankapark,27.7355,85.3434
2025-10-19T07:00,18.1,86,15.7,871.3,5.5,128,Shankapark,27.7355,85.3434
2025-10-19T08:00,21.0,74,16.1,872.9,4.2,102,Shankapark,27.7355,85.3434
2025-10-19T09:00,22.8,61,14.9,873.3,3.8,95,Shankapark,27.7355,85.3434
2025-10-19T10:00,24.1,52,13.8,873.2,2.1,70,Shankapark,27.7355,85.3434
2025-10-19T11:00,24.4,47,12.3,872.5,4.2,324,Shankapark,27.7355,85.3434
2025-10-19T12:00,25.4,41,11.2,871.9,6.1,302,Shankapark,27.7355,85.3434
2025-10-19T13:00,24.7,45,12.0,871.1,8.7,292,Shankapark,27.7355,85.3434
2025-10-19T14:00,23.7,50,12.8,870.2,8.6,292,Shankapark,27.7355,85.3434
2025-10-19T15:00,22.7,59,14.2,869.5,8.9,308,Shankapark,27.7355,85.3434
2025-10-19T16:00,21.3,70,15.6,869.0,7.4,315,Shankapark,27.7355,85.3434
2025-10-19T17:00,20.2,81,16.8,869.1,5.4,284,Shankapark,27.7355,85.3434
2025-10-19T18:00,19.6,84,16.7,868.9,2.7,212,Shankapark,27.7355,85.3434
2025-10-19T19:00,19.1,85,16.4,869.0,2.7,212,Shankapark,27.7355,85.3434
2025-10-19T20:00,18.5,86,16.1,869.3,1.6,207,Shankapark,27.7355,85.3434
2025-10-19T21:00,18.0,87,15.9,869.5,1.3,196,Shankapark,27.7355,85.3434
2025-10-19T22:00,17.6,88,15.6,869.5,1.8,191,Shankapark,27.7355,85.3434
2025-10-19T23:00,16.4,95,15.7,868.9,1.2,153,Shankapark,27.7355,85.3434
2025-10-20T00:00,16.4,95,15.5,868.8,2.5,172,Shankapark,27.7355,85.3434
2025-10-20T01:00,15.7,93,14.7,868.1,1.7,167,Shankapark,27.7355,85.3434
2025-10-20T02:00,15.6,90,14.1,867.9,2.2,166,Shankapark,27.7355,85.3434
2025-10-20T03:00,15.5,89,13.8,867.8,3.2,164,Shankapark,27.7355,85.3434
2025-10-20T04:00,14.8,92,13.5,867.6,4.4,159,Shankapark,27.7355,85.3434
2025-10-20T05:00,14.5,91,13.1,868.5,3.2,146,Shankapark,27.7355,85.3434
2025-10-20T06:00,15.0,92,13.7,869.3,5.4,165,Shankapark,27.7355,85.3434
2025-10-20T07:00,17.7,85,15.2,871.2,4.9,147,Shankapark,27.7355,85.3434
2025-10-20T08:00,20.9,71,15.4,873.3,2.8,105,Shankapark,27.7355,85.3434
2025-10-20T09:00,23.0,57,14.1,873.8,1.8,45,Shankapark,27.7355,85.3434
2025-10-20T10:00,24.3,49,12.9,873.6,2.5,339,Shankapark,27.7355,85.3434
2025-10-20T11:00,24.8,41,10.5,873.1,8.2,327,Shankapark,27.7355,85.3434
2025-10-20T12:00,25.3,39,10.4,872.4,8.5,324,Shankapark,27.7355,85.3434
2025-10-20T13:00,25.3,42,11.5,871.5,9.3,323,Shankapark,27.7355,85.3434
2025-10-20T14:00,24.6,47,12.4,870.7,10.2,326,Shankapark,27.7355,85.3434
2025-10-20T15:00,23.6,47,11.6,870.0,9.2,325,Shankapark,27.7355,85.3434
2025-10-20T16:00,22.1,52,11.8,869.6,6.1,337,Shankapark,27.7355,85.3434
2025-10-20T17:00,20.6,64,13.5,869.4,2.9,259,Shankapark,27.7355,85.3434
2025-10-20T18:00,19.6,71,14.3,869.6,2.7,200,Shankapark,27.7355,85.3434
2025-10-20T19:00,18.9,78,15.1,869.9,3.6,213,Shankapark,27.7355,85.3434
2025-10-20T20:00,18.3,81,15.1,870.3,2.2,204,Shankapark,27.7355,85.3434
2025-10-20T21:00,17.9,83,15.1,870.7,1.1,189,Shankapark,27.7355,85.3434
2025-10-20T22:00,17.7,84,14.9,870.6,1.5,194,Shankapark,27.7355,85.3434
2025-10-20T23:00,17.0,87,14.9,870.5,1.7,193,Shankapark,27.7355,85.3434
2025-10-21T00:00,16.7,88,14.6,870.0,1.6,180,Shankapark,27.7355,85.3434
2025-10-21T01:00,16.2,83,13.3,869.7,0.9,169,Shankapark,27.7355,85.3434
2025-10-21T02:00,16.1,77,12.0,869.7,2.0,170,Shankapark,27.7355,85.3434
2025-10-21T03:00,15.7,76,11.4,869.3,3.3,167,Shankapark,27.7355,85.3434
2025-10-21T04:00,14.6,78,10.8,868.6,3.9,167,Shankapark,27.7355,85.3434
2025-10-21T05:00,14.2,90,12.5,869.1,3.1,149,Shankapark,27.7355,85.3434
2025-10-21T06:00,14.5,87,12.4,870.0,5.0,159,Shankapark,27.7355,85.3434
2025-10-21T07:00,17.6,77,13.5,872.1,4.8,135,Shankapark,27.7355,85.3434
2025-10-21T08:00,20.9,62,13.3,874.1,3.6,81,Shankapark,27.7355,85.3434
2025-10-21T09:00,22.7,53,12.6,874.7,3.6,49,Shankapark,27.7355,85.3434
2025-10-21T10:00,24.3,42,10.7,874.7,3.1,21,Shankapark,27.7355,85.3434
2025-10-21T11:00,24.8,38,9.5,874.0,4.6,329,Shankapark,27.7355,85.3434
2025-10-21T12:00,25.8,36,9.7,873.3,4.8,345,Shankapark,27.7355,85.3434
2025-10-21T13:00,26.1,36,10.0,872.1,6.0,357,Shankapark,27.7355,85.3434
2025-10-21T14:00,26.1,37,10.3,871.6,5.4,346,Shankapark,27.7355,85.3434
2025-10-21T15:00,25.2,40,10.5,870.9,5.7,325,Shankapark,27.7355,85.3434
2025-10-21T16:00,23.6,45,11.0,870.8,5.9,310,Shankapark,27.7355,85.3434
2025-10-21T17:00,21.2,58,12.6,870.3,4.8,301,Shankapark,27.7355,85.3434
2025-10-21T18:00,20.3,63,12.9,870.4,1.2,207,Shankapark,27.7355,85.3434
2025-10-21T19:00,19.7,66,13.1,870.3,1.9,202,Shankapark,27.7355,85.3434
2025-10-21T20:00,18.9,70,13.3,870.3,1.5,194,Shankapark,27.7355,85.3434
2025-10-21T21:00,18.4,72,13.3,870.7,0.2,180,Shankapark,27.7355,85.3434
2025-10-21T22:00,18.3,70,12.7,870.7,0.9,191,Shankapark,27.7355,85.3434
2025-10-21T23:00,16.7,82,13.6,870.1,2.3,141,Shankapark,27.7355,85.3434
2025-10-22T00:00,17.1,78,13.2,870.1,1.6,180,Shankapark,27.7355,85.3434
2025-10-22T01:00,16.8,79,13.2,869.9,0.4,180,Shankapark,27.7355,85.3434
2025-10-22T02:00,16.5,79,12.8,869.9,1.3,172,Shankapark,27.7355,85.3434
2025-10-22T03:00,16.6,74,12.0,869.6,2.7,148,Shankapark,27.7355,85.3434
2025-10-22T04:00,16.4,73,11.6,869.8,3.9,137,Shankapark,27.7355,85.3434
2025-10-22T05:00,15.3,78,11.4,870.2,3.7,119,Shankapark,27.7355,85.3434
2025-10-22T06:00,15.9,74,11.4,870.9,5.7,148,Shankapark,27.7355,85.3434
2025-10-22T07:00,18.3,68,12.4,872.6,5.6,132,Shankapark,27.7355,85.3434
2025-10-22T08:00,21.2,59,12.9,874.0,4.0,95,Shankapark,27.7355,85.3434
2025-10-22T09:00,22.8,57,13.9,874.3,3.9,68,Shankapark,27.7355,85.3434
2025-10-22T10:00,24.0,54,14.0,874.1,3.2,43,Shankapark,27.7355,85.3434
2025-10-22T11:00,24.9,47,12.8,873.4,4.0,333,Shankapark,27.7355,85.3434
2025-10-22T12:00,25.8,43,12.4,872.9,5.8,324,Shankapark,27.7355,85.3434
2025-10-22T13:00,25.7,45,12.8,871.9,6.2,314,Shankapark,27.7355,85.3434
2025-10-22T14:00,25.1,47,13.2,871.3,7.2,307,Shankapark,27.7355,85.3434
2025-10-22T15:00,23.9,54,13.9,870.8,8.4,312,Shankapark,27.7355,85.3434
2025-10-22T16:00,22.4,61,14.6,870.3,8.0,316,Shankapark,27.7355,85.3434
2025-10-22T17:00,21.1,66,14.4,870.4,7.4,304,Shankapark,27.7355,85.3434
2025-10-22T18:00,20.4,70,14.9,870.3,1.2,219,Shankapark,27.7355,85.3434
2025-10-22T19:00,19.7,75,15.2,870.3,1.5,201,Shankapark,27.7355,85.3434
2025-10-22T20:00,18.8,81,15.6,870.6,2.3,209,Shankapark,27.7355,85.3434
2025-10-22T21:00,18.4,83,15.5,870.8,1.2,207,Shankapark,27.7355,85.3434
2025-10-22T22:00,18.2,83,15.2,870.9,0.8,207,Shankapark,27.7355,85.3434
2025-10-22T23:00,17.5,87,15.3,870.4,0.4,207,Shankapark,27.7355,85.3434
2025-10-23T00:00,17.0,89,15.1,870.4,1.7,212,Shankapark,27.7355,85.3434
2025-10-23T01:00,16.7,89,14.9,869.9,1.0,202,Shankapark,27.7355,85.3434
2025-10-23T02:00,16.7,88,14.6,869.7,0.6,162,Shankapark,27.7355,85.3434
2025-10-23T03:00,16.3,87,14.2,869.0,2.2,145,Shankapark,27.7355,85.3434
2025-10-23T04:00,16.1,87,13.9,869.0,2.1,149,Shankapark,27.7355,85.3434
2025-10-23T05:00,15.5,88,13.5,869.3,1.3,106,Shankapark,27.7355,85.3434
2025-10-23T06:00,15.9,88,14.0,869.8,4.3,152,Shankapark,27.7355,85.3434
2025-10-23T07:00,18.1,81,14.8,871.4,5.0,131,Shankapark,27.7355,85.3434
2025-10-23T08:00,20.8,66,14.2,872.8,2.3,108,Shankapark,27.7355,85.3434
2025-10-23T09:00,22.8,54,13.1,873.3,0.0,270,Shankapark,27.7355,85.3434
2025-10-23T10:00,24.6,42,10.9,873.4,2.9,292,Shankapark,27.7355,85.3434
2025-10-23T11:00,25.1,39,10.1,872.8,6.0,314,Shankapark,27.7355,85.3434
2025-10-23T12:00,25.0,38,9.6,872.5,8.4,295,Shankapark,27.7355,85.3434
2025-10-23T13:00,24.9,39,10.0,871.4,7.8,293,Shankapark,27.7355,85.3434
2025-10-23T14:00,23.9,46,11.7,870.4,7.4,276,Shankapark,27.7355,85.3434
2025-10-23T15:00,22.6,55,13.2,870.0,7.5,281,Shankapark,27.7355,85.3434
2025-10-23T16:00,21.3,63,14.1,870.0,5.9,270,Shankapark,27.7355,85.3434
2025-10-23T17:00,20.3,68,14.2,869.8,6.6,253,Shankapark,27.7355,85.3434
2025-10-23T18:00,19.4,73,14.5,870.1,7.4,229,Shankapark,27.7355,85.3434
2025-10-23T19:00,18.6,76,14.2,870.3,4.7,208,Shankapark,27.7355,85.3434
2025-10-23T20:00,17.5,82,14.4,870.2,2.8,198,Shankapark,27.7355,85.3434
2025-10-23T21:00,17.2,83,14.3,870.7,1.3,196,Shankapark,27.7355,85.3434
2025-10-23T22:00,17.2,85,14.6,871.0,1.7,167,Shankapark,27.7355,85.3434
2025-10-23T23:00,16.8,91,15.4,870.3,2.3,129,Shankapark,27.7355,85.3434
2025-10-24T00:00,16.3,93,15.1,869.8,5.8,178,Shankapark,27.7355,85.3434
2025-10-24T01:00,15.5,94,14.6,869.4,5.8,180,Shankapark,27.7355,85.3434
2025-10-24T02:00,14.8,94,13.9,868.9,3.7,166,Shankapark,27.7355,85.3434
2025-10-24T03:00,14.5,94,13.5,868.7,3.9,167,Shankapark,27.7355,85.3434
2025-10-24T04:00,14.3,93,13.2,868.9,3.8,163,Shankapark,27.7355,85.3434
2025-10-24T05:00,15.9,86,13.5,869.5,0.7,194,Shankapark,27.7355,85.3434
2025-10-24T06:00,16.3,85,13.8,870.1,3.5,165,Shankapark,27.7355,85.3434
2025-10-24T07:00,18.2,79,14.5,871.4,4.6,138,Shankapark,27.7355,85.3434
2025-10-24T08:00,20.8,59,12.6,872.7,1.9,119,Shankapark,27.7355,85.3434
2025-10-24T09:00,22.8,49,11.5,873.1,1.1,252,Shankapark,27.7355,85.3434
2025-10-24T10:00,24.4,41,10.4,873.2,5.1,276,Shankapark,27.7355,85.3434
2025-10-24T11:00,24.8,36,8.6,872.5,9.2,293,Shankapark,27.7355,85.3434
2025-10-24T12:00,25.1,36,9.0,872.0,10.7,287,Shankapark,27.7355,85.3434
2025-10-24T13:00,24.4,41,10.2,871.1,12.2,290,Shankapark,27.7355,85.3434
2025-10-24T14:00,23.3,47,11.4,870.2,12.6,297,Shankapark,27.7355,85.3434
2025-10-24T15:00,22.6,51,12.0,869.7,10.0,296,Shankapark,27.7355,85.3434
2025-10-24T16:00,21.3,60,13.3,869.2,7.8,304,Shankapark,27.7355,85.3434
2025-10-24T17:00,20.0,72,14.7,869.0,7.6,282,Shankapark,27.7355,85.3434
2025-10-24T18:00,19.2,77,15.1,869.0,4.5,217,Shankapark,27.7355,85.3434
2025-10-24T19:00,18.7,80,15.2,869.0,5.0,210,Shankapark,27.7355,85.3434
2025-10-24T20:00,18.3,81,14.9,869.2,3.1,204,Shankapark,27.7355,85.3434
2025-10-24T21:00,17.8,81,14.5,869.6,1.9,197,Shankapark,27.7355,85.3434
2025-10-24T22:00,17.2,83,14.2,869.5,0.4,180,Shankapark,27.7355,85.3434
2025-10-24T23:00,16.9,82,13.9,869.4,0.5,180,Shankapark,27.7355,85.3434
2025-10-25T00:00,16.9,81,13.6,869.0,0.7,166,Shankapark,27.7355,85.3434
2025-10-25T01:00,16.4,81,13.2,868.4,1.7,162,Shankapark,27.7355,85.3434
2025-10-25T02:00,16.3,80,12.9,867.9,1.5,159,Shankapark,27.7355,85.3434
2025-10-25T03:00,16.0,80,12.6,867.9,1.3,164,Shankapark,27.7355,85.3434
2025-10-25T04:00,15.6,81,12.4,867.9,2.0,153,Shankapark,27.7355,85.3434
2025-10-25T05:00,13.4,97,13.0,867.6,0.5,180,Shankapark,27.7355,85.3434
2025-10-25T06:00,14.2,94,13.3,868.8,3.3,158,Shankapark,27.7355,85.3434
2025-10-25T07:00,17.0,84,14.4,870.5,4.8,138,Shankapark,27.7355,85.3434
2025-10-25T08:00,19.8,67,13.6,872.1,3.1,93,Shankapark,27.7355,85.3434
2025-10-25T09:00,21.9,51,11.3,872.6,1.6,360,Shankapark,27.7355,85.3434
2025-10-25T10:00,23.3,39,8.6,872.6,6.0,311,Shankapark,27.7355,85.3434
2025-10-25T11:00,23.4,39,8.6,872.1,12.2,311,Shankapark,27.7355,85.3434
2025-10-25T12:00,23.7,38,8.7,871.4,11.6,306,Shankapark,27.7355,85.3434
2025-10-25T13:00,23.6,41,9.6,870.5,10.9,304,Shankapark,27.7355,85.3434
2025-10-25T14:00,22.9,45,10.5,869.8,10.8,312,Shankapark,27.7355,85.3434
2025-10-25T15:00,21.9,49,10.8,869.3,9.8,322,Shankapark,27.7355,85.3434
2025-10-25T16:00,20.7,54,11.1,869.0,7.4,321,Shankapark,27.7355,85.3434
2025-10-25T17:00,20.1,48,8.7,868.7,5.8,304,Shankapark,27.7355,85.3434
2025-10-25T18:00,19.6,52,9.6,869.0,3.7,223,Shankapark,27.7355,85.3434
2025-10-25T19:00,19.2,57,10.4,869.3,4.1,214,Shankapark,27.7355,85.3434
2025-10-25T20:00,18.4,62,11.0,869.5,2.7,200,Shankapark,27.7355,85.3434
2025-10-25T21:00,18.1,64,11.1,870.0,0.9,191,Shankapark,27.7355,85.3434
2025-10-25T22:00,18.3,61,10.5,870.5,0.4,207,Shankapark,27.7355,85.3434
2025-10-25T23:00,17.6,65,11.0,870.3,0.8,297,Shankapark,27.7355,85.3434
2025-10-26T00:00,17.2,68,11.3,870.1,0.3,225,Shankapark,27.7355,85.3434
2025-10-26T01:00,17.0,69,11.2,869.9,0.4,153,Shankapark,27.7355,85.3434
2025-10-26T02:00,16.3,70,10.9,869.5,1.5,144,Shankapark,27.7355,85.3434
2025-10-26T03:00,15.7,71,10.5,869.3,2.0,153,Shankapark,27.7355,85.3434
2025-10-26T04:00,14.9,73,10.2,868.9,2.9,150,Shankapark,27.7355,85.3434
2025-10-26T05:00,14.4,74,9.8,868.9,3.3,151,Shankapark,27.7355,85.3434
2025-10-26T06:00,14.7,71,9.4,869.5,4.6,154,Shankapark,27.7355,85.3434
2025-10-26T07:00,16.7,66,10.4,871.0,5.4,143,Shankapark,27.7355,85.3434
2025-10-26T08:00,19.6,54,10.2,872.6,2.7,118,Shankapark,27.7355,85.3434
2025-10-26T09:00,21.3,47,9.6,872.9,0.2,90,Shankapark,27.7355,85.3434
2025-10-26T10:00,22.8,38,7.8,873.0,3.3,315,Shankapark,27.7355,85.3434
2025-10-26T11:00,23.8,36,7.8,872.4,7.1,317,Shankapark,27.7355,85.3434
2025-10-26T12:00,24.1,37,8.5,871.8,9.8,317,Shankapark,27.7355,85.3434
2025-10-26T13:00,23.8,37,8.2,871.0,10.7,318,Shankapark,27.7355,85.3434
2025-10-26T14:00,23.3,35,6.9,870.2,10.9,314,Shankapark,27.7355,85.3434
2025-10-26T15:00,22.2,33,5.1,869.7,9.8,319,Shankapark,27.7355,85.3434
2025-10-26T16:00,20.6,41,7.1,868.9,5.8,309,Shankapark,27.7355,85.3434
2025-10-26T17:00,18.4,47,7.0,868.5,4.4,251,Shankapark,27.7355,85.3434
2025-10-26T18:00,17.5,52,7.6,868.6,4.0,198,Shankapark,27.7355,85.3434
2025-10-26T19:00,16.7,58,8.5,869.1,2.4,197,Shankapark,27.7355,85.3434
2025-10-26T20:00,16.6,57,8.0,869.6,1.5,194,Shankapark,27.7355,85.3434
2025-10-26T21:00,16.4,55,7.3,869.8,1.7,198,Shankapark,27.7355,85.3434
2025-10-26T22:00,16.0,57,7.5,869.9,1.4,203,Shankapark,27.7355,85.3434
2025-10-26T23:00,17.2,48,6.1,870.3,0.7,194,Shankapark,27.7355,85.3434
2025-10-27T00:00,17.3,47,5.8,870.3,0.7,166,Shankapark,27.7355,85.3434
2025-10-27T01:00,17.3,48,6.2,870.0,1.4,130,Shankapark,27.7355,85.3434
2025-10-27T02:00,17.2,48,6.1,869.7,1.8,127,Shankapark,27.7355,85.3434
2025-10-27T03:00,16.4,50,5.9,869.3,2.3,135,Shankapark,27.7355,85.3434
2025-10-27T04:00,15.5,52,5.5,868.7,3.4,137,Shankapark,27.7355,85.3434
2025-10-27T05:00,14.7,52,5.0,868.6,4.3,138,Shankapark,27.7355,85.3434
2025-10-27T06:00,15.1,52,5.2,869.4,5.3,145,Shankapark,27.7355,85.3434
2025-10-27T07:00,16.2,53,6.7,870.6,7.3,142,Shankapark,27.7355,85.3434
2025-10-27T08:00,19.4,45,7.2,872.7,5.2,121,Shankapark,27.7355,85.3434
2025-10-27T09:00,22.1,39,7.4,873.9,2.9,94,Shankapark,27.7355,85.3434
2025-10-27T10:00,23.8,32,6.3,874.1,1.5,30,Shankapark,27.7355,85.3434
2025-10-27T11:00,23.4,38,8.4,873.5,5.3,327,Shankapark,27.7355,85.3434
2025-10-27T12:00,24.1,37,8.4,873.2,6.7,316,Shankapark,27.7355,85.3434
2025-10-27T13:00,23.3,41,9.4,872.2,7.0,316,Shankapark,27.7355,85.3434
2025-10-27T14:00,22.1,50,11.2,871.4,6.2,324,Shankapark,27.7355,85.3434
2025-10-27T15:00,21.2,57,12.4,871.1,5.7,323,Shankapark,27.7355,85.3434
2025-10-27T16:00,20.2,65,13.3,870.6,3.1,315,Shankapark,27.7355,85.3434
2025-10-27T17:00,18.6,69,12.7,870.8,3.8,319,Shankapark,27.7355,85.3434
2025-10-27T18:00,17.8,75,13.4,870.8,1.3,188,Shankapark,27.7355,85.3434
2025-10-27T19:00,17.2,84,14.4,871.0,4.1,193,Shankapark,27.7355,85.3434
2025-10-27T20:00,17.0,88,15.0,871.4,3.6,207,Shankapark,27.7355,85.3434
2025-10-27T21:00,17.3,84,14.6,871.8,2.5,210,Shankapark,27.7355,85.3434
2025-10-27T22:00,17.3,83,14.4,871.8,3.1,211,Shankapark,27.7355,85.3434
2025-10-27T23:00,17.2,86,14.7,870.7,2.2,185,Shankapark,27.7355,85.3434
2025-10-28T00:00,16.9,85,14.4,870.0,5.6,176,Shankapark,27.7355,85.3434
2025-10-28T01:00,16.7,82,13.6,869.6,5.2,180,Shankapark,27.7355,85.3434
2025-10-28T02:00,16.1,85,13.5,869.1,3.1,183,Shankapark,27.7355,85.3434
2025-10-28T03:00,15.7,87,13.6,869.3,2.2,194,Shankapark,27.7355,85.3434
2025-10-28T04:00,15.8,84,13.1,869.5,0.7,166,Shankapark,27.7355,85.3434
2025-10-28T05:00,15.9,80,12.5,869.7,3.9,164,Shankapark,27.7355,85.3434
2025-10-28T06:00,15.3,88,13.3,871.0,3.1,156,Shankapark,27.7355,85.3434
2025-10-28T07:00,15.0,95,14.2,871.6,3.2,146,Shankapark,27.7355,85.3434
2025-10-28T08:00,15.0,90,13.4,872.5,4.5,133,Shankapark,27.7355,85.3434
2025-10-28T09:00,15.2,85,12.7,873.3,2.4,126,Shankapark,27.7355,85.3434
2025-10-28T10:00,15.3,91,13.8,873.0,3.5,105,Shankapark,27.7355,85.3434
2025-10-28T11:00,15.0,94,14.1,872.3,2.4,73,Shankapark,27.7355,85.3434
2025-10-28T12:00,15.3,94,14.3,871.5,5.1,117,Shankapark,27.7355,85.3434
2025-10-28T13:00,15.7,92,14.4,871.0,5.6,123,Shankapark,27.7355,85.3434
2025-10-28T14:00,15.7,93,14.5,870.4,5.6,135,Shankapark,27.7355,85.3434
2025-10-28T15:00,15.7,95,14.8,870.1,6.6,137,Shankapark,27.7355,85.3434
2025-10-28T16:00,15.2,93,14.1,869.6,6.4,133,Shankapark,27.7355,85.3434
2025-10-28T17:00,15.1,97,14.7,869.5,5.5,113,Shankapark,27.7355,85.3434
2025-10-28T18:00,14.7,97,14.2,869.1,6.5,146,Shankapark,27.7355,85.3434
2025-10-28T19:00,14.5,97,14.0,869.5,6.6,154,Shankapark,27.7355,85.3434
2025-10-28T20:00,14.3,97,13.9,869.9,5.6,149,Shankapark,27.7355,85.3434
2025-10-28T21:00,14.5,97,14.0,870.3,4.1,151,Shankapark,27.7355,85.3434
2025-10-28T22:00,14.5,97,14.0,869.7,4.2,155,Shankapark,27.7355,85.3434
2025-10-28T23:00,14.6,98,14.2,869.4,4.3,132,Shankapark,27.7355,85.3434
2025-10-29T00:00,14.4,98,14.2,869.4,4.2,126,Shankapark,27.7355,85.3434
2025-10-29T01:00,14.4,98,14.0,868.8,3.9,158,Shankapark,27.7355,85.3434
2025-10-29T02:00,14.4,97,13.9,868.3,3.8,172,Shankapark,27.7355,85.3434
2025-10-29T03:00,14.4,97,13.9,868.5,2.5,172,Shankapark,27.7355,85.3434
2025-10-29T04:00,14.5,96,13.8,868.6,2.3,141,Shankapark,27.7355,85.3434
2025-10-29T05:00,14.7,93,13.6,869.3,2.8,117,Shankapark,27.7355,85.3434
2025-10-29T06:00,14.6,95,13.9,869.2,4.3,152,Shankapark,27.7355,85.3434
2025-10-29T07:00,15.9,93,14.7,870.1,6.5,141,Shankapark,27.7355,85.3434
2025-10-29T08:00,17.5,85,15.0,871.2,5.4,138,Shankapark,27.7355,85.3434
2025-10-29T09:00,19.0,79,15.3,872.0,4.0,122,Shankapark,27.7355,85.3434
2025-10-29T10:00,21.5,71,16.0,872.3,3.1,135,Shankapark,27.7355,85.3434
2025-10-29T11:00,21.2,71,15.7,871.8,3.0,295,Shankapark,27.7355,85.3434
2025-10-29T12:00,21.0,70,15.4,871.2,4.3,292,Shankapark,27.7355,85.3434
2025-10-29T13:00,19.8,77,15.7,870.5,3.6,315,Shankapark,27.7355,85.3434
2025-10-29T14:00,19.5,80,16.1,869.8,3.7,331,Shankapark,27.7355,85.3434
2025-10-29T15:00,19.3,83,16.3,869.1,3.2,333,Shankapark,27.7355,85.3434
2025-10-29T16:00,18.6,86,16.2,868.6,3.5,348,Shankapark,27.7355,85.3434
2025-10-29T17:00,17.7,97,17.2,868.9,2.8,281,Shankapark,27.7355,85.3434
2025-10-29T18:00,17.3,98,17.1,869.3,3.1,201,Shankapark,27.7355,85.3434
2025-10-29T19:00,17.2,100,17.1,869.7,1.1,180,Shankapark,27.7355,85.3434
2025-10-29T20:00,16.8,99,16.7,869.9,4.3,152,Shankapark,27.7355,85.3434
2025-10-29T21:00,16.3,99,16.2,869.7,5.1,144,Shankapark,27.7355,85.3434
2025-10-29T22:00,16.3,99,16.2,869.8,6.4,148,Shankapark,27.7355,85.3434
2025-10-29T23:00,16.6,100,16.6,870.2,4.6,103,Shankapark,27.7355,85.3434
2025-10-30T00:00,16.4,98,16.2,869.7,5.0,136,Shankapark,27.7355,85.3434
2025-10-30T01:00,16.2,98,15.9,869.3,3.8,149,Shankapark,27.7355,85.3434
2025-10-30T02:00,16.3,97,15.9,869.5,3.8,155,Shankapark,27.7355,85.3434
2025-10-30T03:00,16.2,97,15.7,869.3,3.4,133,Shankapark,27.7355,85.3434
2025-10-30T04:00,16.0,97,15.6,868.9,4.1,146,Shankapark,27.7355,85.3434
2025-10-30T05:00,16.2,94,15.2,869.3,4.5,106,Shankapark,27.7355,85.3434
2025-10-30T06:00,16.0,95,15.2,870.1,5.3,135,Shankapark,27.7355,85.3434
2025-10-30T07:00,16.4,94,15.4,870.7,3.7,129,Shankapark,27.7355,85.3434
2025-10-30T08:00,17.1,92,15.8,871.1,4.8,127,Shankapark,27.7355,85.3434
2025-10-30T09:00,18.3,85,15.7,871.8,4.6,101,Shankapark,27.7355,85.3434
2025-10-30T10:00,20.1,75,15.4,872.3,6.0,99,Shankapark,27.7355,85.3434
2025-10-30T11:00,17.9,86,15.5,871.3,5.8,64,Shankapark,27.7355,85.3434
2025-10-30T12:00,19.4,74,14.7,870.8,4.7,74,Shankapark,27.7355,85.3434
2025-10-30T13:00,18.3,81,14.9,869.6,3.3,68,Shankapark,27.7355,85.3434
2025-10-30T14:00,18.5,82,15.4,869.1,3.6,72,Shankapark,27.7355,85.3434
2025-10-30T15:00,19.2,81,15.8,868.8,3.8,79,Shankapark,27.7355,85.3434
2025-10-30T16:00,18.6,85,16.0,868.5,2.9,90,Shankapark,27.7355,85.3434
2025-10-30T17:00,17.3,98,16.9,868.8,4.1,67,Shankapark,27.7355,85.3434
2025-10-30T18:00,17.2,96,16.6,869.0,4.9,100,Shankapark,27.7355,85.3434
2025-10-30T19:00,17.0,97,16.5,869.6,4.1,105,Shankapark,27.7355,85.3434
2025-10-30T20:00,16.8,98,16.4,869.4,5.1,129,Shankapark,27.7355,85.3434
2025-10-30T21:00,16.6,99,16.4,869.5,7.0,122,Shankapark,27.7355,85.3434
2025-10-30T22:00,16.6,98,16.4,869.6,5.6,155,Shankapark,27.7355,85.3434
2025-10-30T23:00,16.9,98,16.7,869.3,2.3,86,Shankapark,27.7355,85.3434
2025-10-31T00:00,16.8,99,16.6,868.9,3.1,130,Shankapark,27.7355,85.3434
2025-10-31T01:00,16.6,99,16.4,868.2,4.8,117,Shankapark,27.7355,85.3434
2025-10-31T02:00,16.4,99,16.3,867.7,4.8,103,Shankapark,27.7355,85.3434
2025-10-31T03:00,16.1,99,16.0,867.4,6.1,124,Shankapark,27.7355,85.3434
2025-10-31T04:00,15.9,99,15.7,867.0,6.8,130,Shankapark,27.7355,85.3434
2025-10-31T05:00,16.2,99,16.1,867.2,5.5,134,Shankapark,27.7355,85.3434
2025-10-31T06:00,16.2,99,16.1,867.7,5.5,103,Shankapark,27.7355,85.3434
2025-10-31T07:00,16.7,95,16.0,868.2,6.2,128,Shankapark,27.7355,85.3434
2025-10-31T08:00,18.3,91,16.9,869.0,4.8,132,Shankapark,27.7355,85.3434
2025-10-31T09:00,20.1,85,17.4,869.8,5.1,107,Shankapark,27.7355,85.3434
2025-10-31T10:00,20.1,83,17.1,869.4,6.5,109,Shankapark,27.7355,85.3434
2025-10-31T11:00,18.6,96,17.8,868.7,5.2,104,Shankapark,27.7355,85.3434
2025-10-31T12:00,18.3,98,17.8,868.0,4.8,101,Shankapark,27.7355,85.3434
2025-10-31T13:00,18.2,96,17.5,867.2,4.7,92,Shankapark,27.7355,85.3434
2025-10-31T14:00,18.2,95,17.4,866.8,5.3,80,Shankapark,27.7355,85.3434
2025-10-31T15:00,18.3,92,17.0,866.5,5.9,79,Shankapark,27.7355,85.3434
2025-10-31T16:00,17.7,94,16.8,866.5,5.8,86,Shankapark,27.7355,85.3434
2025-10-31T17:00,17.5,98,17.3,866.5,2.7,138,Shankapark,27.7355,85.3434
2025-10-31T18:00,17.4,99,17.3,867.4,1.3,124,Shankapark,27.7355,85.3434
2025-10-31T19:00,17.4,98,17.1,867.9,3.2,137,Shankapark,27.7355,85.3434
2025-10-31T20:00,17.2,97,16.7,868.3,1.0,135,Shankapark,27.7355,85.3434
2025-10-31T21:00,17.3,96,16.6,868.5,1.0,202,Shankapark,27.7355,85.3434
2025-10-31T22:00,17.2,96,16.6,868.5,1.8,90,Shankapark,27.7355,85.3434
2025-10-31T23:00,16.9,100,16.9,867.8,1.5,159,Shankapark,27.7355,85.3434
2025-11-01T00:00,16.8,99,16.7,867.7,1.9,112,Shankapark,27.7355,85.3434
2025-11-01T01:00,16.6,99,16.4,867.1,2.0,185,Shankapark,27.7355,85.3434
2025-11-01T02:00,16.2,100,16.1,866.9,1.3,225,Shankapark,27.7355,85.3434
2025-11-01T03:00,16.2,100,16.2,866.8,2.4,257,Shankapark,27.7355,85.3434
2025-11-01T04:00,16.2,99,16.1,867.0,2.0,45,Shankapark,27.7355,85.3434
2025-11-01T05:00,16.1,100,16.1,867.1,2.6,335,Shankapark,27.7355,85.3434
2025-11-01T06:00,16.4,100,16.4,867.7,1.2,141,Shankapark,27.7355,85.3434
2025-11-01T07:00,17.3,96,16.7,869.0,3.2,142,Shankapark,27.7355,85.3434
2025-11-01T08:00,18.5,90,16.8,870.0,2.2,261,Shankapark,27.7355,85.3434
2025-11-01T09:00,18.3,95,17.4,870.2,3.2,286,Shankapark,27.7355,85.3434
2025-11-01T10:00,18.2,97,17.6,869.8,2.6,304,Shankapark,27.7355,85.3434
2025-11-01T11:00,19.7,87,17.6,869.3,3.4,270,Shankapark,27.7355,85.3434
2025-11-01T12:00,20.4,82,17.2,868.6,4.9,270,Shankapark,27.7355,85.3434
2025-11-01T13:00,21.3,79,17.6,868.0,5.7,294,Shankapark,27.7355,85.3434
2025-11-01T14:00,20.8,76,16.4,867.3,6.2,282,Shankapark,27.7355,85.3434
2025-11-01T15:00,19.8,83,16.9,867.1,6.4,288,Shankapark,27.7355,85.3434
2025-11-01T16:00,18.7,88,16.8,866.6,4.8,301,Shankapark,27.7355,85.3434
2025-11-01T17:00,16.8,100,16.8,866.9,4.2,324,Shankapark,27.7355,85.3434
2025-11-01T18:00,16.1,100,16.1,867.0,0.6,214,Shankapark,27.7355,85.3434
2025-11-01T19:00,16.3,100,16.3,867.3,2.7,200,Shankapark,27.7355,85.3434
2025-11-01T20:00,16.4,100,16.5,867.7,3.8,199,Shankapark,27.7355,85.3434
2025-11-01T21:00,16.4,100,16.4,867.7,2.4,207,Shankapark,27.7355,85.3434
2025-11-01T22:00,16.4,100,16.4,867.8,3.0,213,Shankapark,27.7355,85.3434
2025-11-01T23:00,17.1,100,17.1,867.5,3.0,287,Shankapark,27.7355,85.3434
2025-11-02T00:00,16.9,97,16.4,867.2,5.4,326,Shankapark,27.7355,85.3434
2025-11-02T01:00,16.6,97,16.1,867.1,4.6,315,Shankapark,27.7355,85.3434
2025-11-02T02:00,16.2,99,16.1,866.5,3.3,299,Shankapark,27.7355,85.3434
2025-11-02T03:00,16.0,100,16.0,866.4,2.4,234,Shankapark,27.7355,85.3434
2025-11-02T04:00,16.1,99,16.0,866.1,3.4,227,Shankapark,27.7355,85.3434
2025-11-02T05:00,16.8,98,16.6,867.0,2.9,270,Shankapark,27.7355,85.3434
2025-11-02T06:00,16.8,97,16.4,867.3,2.9,240,Shankapark,27.7355,85.3434
2025-11-02T07:00,17.6,94,16.7,868.4,2.6,282,Shankapark,27.7355,85.3434
2025-11-02T08:00,18.4,86,16.2,869.1,2.8,288,Shankapark,27.7355,85.3434
2025-11-02T09:00,19.7,79,15.9,869.7,2.4,283,Shankapark,27.7355,85.3434
2025-11-02T10:00,21.3,69,15.4,869.5,2.2,284,Shankapark,27.7355,85.3434
2025-11-02T11:00,22.0,61,14.2,869.0,4.4,305,Shankapark,27.7355,85.3434
2025-11-02T12:00,22.3,60,14.3,868.5,7.0,288,Shankapark,27.7355,85.3434
2025-11-02T13:00,21.3,67,15.0,867.6,9.0,285,Shankapark,27.7355,85.3434
2025-11-02T14:00,20.5,75,15.9,867.0,9.0,293,Shankapark,27.7355,85.3434
2025-11-02T15:00,19.7,78,15.7,866.5,7.0,302,Shankapark,27.7355,85.3434
2025-11-02T16:00,18.7,83,15.8,866.1,5.7,305,Shankapark,27.7355,85.3434
2025-11-02T17:00,17.7,95,16.9,866.4,4.1,285,Shankapark,27.7355,85.3434
2025-11-02T18:00,17.1,97,16.6,866.5,1.7,238,Shankapark,27.7355,85.3434
2025-11-02T19:00,16.7,98,16.4,866.8,1.8,233,Shankapark,27.7355,85.3434
2025-11-02T20:00,16.4,100,16.4,866.7,0.5,225,Shankapark,27.7355,85.3434
2025-11-02T21:00,16.4,100,16.3,866.9,0.8,153,Shankapark,27.7355,85.3434
2025-11-02T22:00,16.1,100,16.1,866.8,0.4,117,Shankapark,27.7355,85.3434
2025-11-02T23:00,15.9,100,15.9,866.5,3.3,324,Shankapark,27.7355,85.3434
2025-11-03T00:00,15.9,100,15.9,866.2,2.5,339,Shankapark,27.7355,85.3434
2025-11-03T01:00,15.8,100,15.8,865.8,2.2,48,Shankapark,27.7355,85.3434
2025-11-03T02:00,15.9,99,15.7,865.6,2.6,124,Shankapark,27.7355,85.3434
2025-11-03T03:00,15.5,100,15.4,865.3,2.4,132,Shankapark,27.7355,85.3434
2025-11-03T04:00,15.4,98,15.1,865.2,2.6,141,Shankapark,27.7355,85.3434
2025-11-03T05:00,15.1,100,15.1,864.9,1.0,202,Shankapark,27.7355,85.3434
2025-11-03T06:00,15.2,100,15.2,865.4,3.5,145,Shankapark,27.7355,85.3434
2025-11-03T07:00,16.3,97,15.9,866.4,3.9,112,Shankapark,27.7355,85.3434
2025-11-03T08:00,18.1,81,14.8,867.3,4.1,90,Shankapark,27.7355,85.3434
2025-11-03T09:00,19.9,73,14.9,868.1,3.5,81,Shankapark,27.7355,85.3434
2025-11-03T10:00,21.3,65,14.5,868.3,4.4,58,Shankapark,27.7355,85.3434
2025-11-03T11:00,22.2,58,13.5,867.8,2.4,9,Shankapark,27.7355,85.3434
2025-11-03T12:00,23.2,56,14.0,867.5,4.1,23,Shankapark,27.7355,85.3434
2025-11-03T13:00,23.1,55,13.6,866.6,4.4,351,Shankapark,27.7355,85.3434
2025-11-03T14:00,22.6,57,13.6,866.1,4.5,344,Shankapark,27.7355,85.3434
2025-11-03T15:00,21.7,62,14.2,865.9,4.0,355,Shankapark,27.7355,85.3434
2025-11-03T16:00,20.5,74,15.7,865.8,3.0,335,Shankapark,27.7355,85.3434
2025-11-03T17:00,19.3,80,15.8,865.5,1.6,264,Shankapark,27.7355,85.3434
2025-11-03T18:00,18.5,85,16.0,866.1,2.5,225,Shankapark,27.7355,85.3434
2025-11-03T19:00,17.8,89,15.9,866.5,1.5,210,Shankapark,27.7355,85.3434
2025-11-03T20:00,17.4,91,15.9,867.1,0.2,180,Shankapark,27.7355,85.3434
2025-11-03T21:00,17.0,94,16.0,867.5,1.3,146,Shankapark,27.7355,85.3434
2025-11-03T22:00,16.6,94,15.7,867.4,1.6,153,Shankapark,27.7355,85.3434
2025-11-03T23:00,16.9,88,14.9,867.7,0.4,207,Shankapark,27.7355,85.3434
2025-11-04T00:00,16.5,93,15.3,867.2,2.5,188,Shankapark,27.7355,85.3434
2025-11-04T01:00,16.6,97,16.1,867.1,0.7,194,Shankapark,27.7355,85.3434
2025-11-04T02:00,16.7,96,16.0,867.1,2.8,281,Shankapark,27.7355,85.3434
2025-11-04T03:00,16.6,95,15.7,866.7,2.1,285,Shankapark,27.7355,85.3434
2025-11-04T04:00,16.7,93,15.5,866.8,0.6,198,Shankapark,27.7355,85.3434
2025-11-04T05:00,14.6,100,14.6,866.3,2.4,216,Shankapark,27.7355,85.3434
2025-11-04T06:00,14.2,100,14.2,866.6,3.8,163,Shankapark,27.7355,85.3434
2025-11-04T07:00,16.6,97,16.1,867.8,5.5,144,Shankapark,27.7355,85.3434
2025-11-04T08:00,19.1,86,16.6,869.3,4.3,118,Shankapark,27.7355,85.3434
2025-11-04T09:00,21.1,76,16.7,870.0,3.1,111,Shankapark,27.7355,85.3434
2025-11-04T10:00,22.7,70,16.9,870.1,0.0,270,Shankapark,27.7355,85.3434
2025-11-04T11:00,22.8,66,16.2,869.5,3.3,306,Shankapark,27.7355,85.3434
2025-11-04T12:00,23.2,63,15.9,868.8,4.3,287,Shankapark,27.7355,85.3434
2025-11-04T13:00,22.5,64,15.5,868.1,6.0,275,Shankapark,27.7355,85.3434
2025-11-04T14:00,21.1,72,15.8,867.4,5.8,290,Shankapark,27.7355,85.3434
2025-11-04T15:00,20.6,75,16.0,867.1,4.7,317,Shankapark,27.7355,85.3434
2025-11-04T16:00,18.8,85,16.1,866.9,4.4,289,Shankapark,27.7355,85.3434
2025-11-04T17:00,17.6,96,16.9,867.0,2.5,300,Shankapark,27.7355,85.3434
2025-11-04T18:00,17.1,99,16.9,867.4,0.6,288,Shankapark,27.7355,85.3434
2025-11-04T19:00,16.9,99,16.7,867.6,1.9,311,Shankapark,27.7355,85.3434
2025-11-04T20:00,16.3,98,16.0,867.7,1.6,276,Shankapark,27.7355,85.3434
2025-11-04T21:00,15.8,99,15.7,867.6,0.6,214,Shankapark,27.7355,85.3434
2025-11-04T22:00,15.4,100,15.4,867.2,1.5,187,Shankapark,27.7355,85.3434
2025-11-04T23:00,16.2,100,16.2,867.3,0.5,180,Shankapark,27.7355,85.3434
2025-11-05T00:00,16.0,100,16.0,866.7,4.0,180,Shankapark,27.7355,85.3434
2025-11-05T01:00,15.4,99,15.3,865.7,5.2,164,Shankapark,27.7355,85.3434
2025-11-05T02:00,15.2,97,14.7,865.7,3.4,155,Shankapark,27.7355,85.3434
2025-11-05T03:00,14.8,97,14.3,865.0,5.1,172,Shankapark,27.7355,85.3434
2025-11-05T04:00,14.5,98,14.2,864.9,4.6,159,Shankapark,27.7355,85.3434
2025-11-05T05:00,14.3,97,13.9,865.1,2.5,180,Shankapark,27.7355,85.3434
2025-11-05T06:00,14.3,97,13.8,865.6,4.9,178,Shankapark,27.7355,85.3434
2025-11-05T07:00,16.9,91,15.5,867.3,3.5,152,Shankapark,27.7355,85.3434
2025-11-05T08:00,19.2,80,15.7,868.8,2.9,90,Shankapark,27.7355,85.3434
2025-11-05T09:00,20.8,72,15.5,869.2,1.0,45,Shankapark,27.7355,85.3434
2025-11-05T10:00,22.1,60,14.0,868.9,2.6,326,Shankapark,27.7355,85.3434
2025-11-05T11:00,22.7,56,13.4,868.4,7.5,300,Shankapark,27.7355,85.3434
2025-11-05T12:00,22.7,56,13.4,867.5,7.3,298,Shankapark,27.7355,85.3434
2025-11-05T13:00,22.7,57,13.6,866.8,7.9,287,Shankapark,27.7355,85.3434
2025-11-05T14:00,22.1,60,13.8,866.4,8.7,283,Shankapark,27.7355,85.3434
2025-11-05T15:00,21.6,61,13.7,866.0,8.1,302,Shankapark,27.7355,85.3434
2025-11-05T16:00,20.3,68,14.3,865.8,4.3,318,Shankapark,27.7355,85.3434
2025-11-05T17:00,17.2,86,14.8,865.4,4.7,182,Shankapark,27.7355,85.3434
2025-11-05T18:00,16.4,91,15.0,865.7,4.8,165,Shankapark,27.7355,85.3434
2025-11-05T19:00,16.3,92,14.9,866.1,3.4,177,Shankapark,27.7355,85.3434
2025-11-05T20:00,16.1,92,14.9,866.6,2.4,163,Shankapark,27.7355,85.3434
2025-11-05T21:00,16.0,91,14.4,866.9,2.8,169,Shankapark,27.7355,85.3434
2025-11-05T22:00,15.4,92,14.1,866.6,2.1,165,Shankapark,27.7355,85.3434
2025-11-05T23:00,15.3,91,13.9,866.5,1.4,220,Shankapark,27.7355,85.3434
2025-11-06T00:00,15.1,93,13.9,866.2,4.7,176,Shankapark,27.7355,85.3434
2025-11-06T01:00,14.4,95,13.7,865.4,3.9,164,Shankapark,27.7355,85.3434
2025-11-06T02:00,14.0,96,13.4,865.1,5.0,161,Shankapark,27.7355,85.3434
2025-11-06T03:00,13.9,96,13.2,864.7,5.6,163,Shankapark,27.7355,85.3434
2025-11-06T04:00,13.6,95,12.8,864.7,5.4,166,Shankapark,27.7355,85.3434
2025-11-06T05:00,14.3,91,12.8,865.5,3.7,203,Shankapark,27.7355,85.3434
2025-11-06T06:00,14.6,90,13.0,866.2,3.5,165,Shankapark,27.7355,85.3434
2025-11-06T07:00,16.5,89,14.7,867.9,4.9,147,Shankapark,27.7355,85.3434
2025-11-06T08:00,19.4,70,13.8,869.6,3.9,124,Shankapark,27.7355,85.3434
2025-11-06T09:00,20.9,63,13.7,870.3,1.1,81,Shankapark,27.7355,85.3434
2025-11-06T10:00,22.2,53,12.3,870.3,2.2,284,Shankapark,27.7355,85.3434
2025-11-06T11:00,22.6,50,11.7,869.8,7.3,295,Shankapark,27.7355,85.3434
2025-11-06T12:00,22.7,49,11.5,869.1,8.6,285,Shankapark,27.7355,85.3434
2025-11-06T13:00,22.4,51,11.7,868.4,9.6,276,Shankapark,27.7355,85.3434
2025-11-06T14:00,21.8,55,12.4,867.9,8.6,271,Shankapark,27.7355,85.3434
2025-11-06T15:00,20.8,58,12.3,867.4,7.7,288,Shankapark,27.7355,85.3434
2025-11-06T16:00,19.4,67,13.1,866.7,5.2,301,Shankapark,27.7355,85.3434
2025-11-06T17:00,17.8,76,13.7,866.6,3.8,265,Shankapark,27.7355,85.3434
2025-11-06T18:00,17.2,78,13.3,867.0,2.8,207,Shankapark,27.7355,85.3434
2025-11-06T19:00,16.4,83,13.5,867.3,2.5,188,Shankapark,27.7355,85.3434
2025-11-06T20:00,15.8,86,13.4,867.6,1.1,180,Shankapark,27.7355,85.3434
2025-11-06T21:00,15.3,86,13.0,867.9,0.7,180,Shankapark,27.7355,85.3434
2025-11-06T22:00,15.6,81,12.4,868.0,0.7,180,Shankapark,27.7355,85.3434
2025-11-06T23:00,16.1,79,12.5,868.4,0.5,225,Shankapark,27.7355,85.3434
2025-11-07T00:00,15.4,82,12.3,867.7,2.2,194,Shankapark,27.7355,85.3434
2025-11-07T01:00,14.8,84,12.1,867.3,1.6,180,Shankapark,27.7355,85.3434
2025-11-07T02:00,14.6,83,11.7,867.3,1.3,172,Shankapark,27.7355,85.3434
2025-11-07T03:00,14.4,81,11.2,867.0,2.3,157,Shankapark,27.7355,85.3434
2025-11-07T04:00,14.0,82,11.0,866.8,2.7,160,Shankapark,27.7355,85.3434
2025-11-07T05:00,13.9,80,10.6,867.5,2.3,157,Shankapark,27.7355,85.3434
2025-11-07T06:00,14.1,82,11.2,868.3,3.9,156,Shankapark,27.7355,85.3434
2025-11-07T07:00,15.7,83,12.8,870.0,5.2,139,Shankapark,27.7355,85.3434
2025-11-07T08:00,18.3,68,12.4,871.8,4.0,100,Shankapark,27.7355,85.3434
2025-11-07T09:00,19.9,63,12.6,872.2,3.5,81,Shankapark,27.7355,85.3434
2025-11-07T10:00,21.1,57,12.4,871.9,2.1,59,Shankapark,27.7355,85.3434
2025-11-07T11:00,21.9,54,12.2,871.3,4.4,351,Shankapark,27.7355,85.3434
2025-11-07T12:00,22.7,52,12.5,870.7,6.1,341,Shankapark,27.7355,85.3434
2025-11-07T13:00,22.3,53,12.3,869.9,9.0,325,Shankapark,27.7355,85.3434
2025-11-07T14:00,21.3,55,11.9,869.3,10.3,320,Shankapark,27.7355,85.3434
2025-11-07T15:00,20.1,59,11.8,868.8,8.7,320,Shankapark,27.7355,85.3434
2025-11-07T16:00,18.2,71,12.8,868.2,4.4,328,Shankapark,27.7355,85.3434
2025-11-07T17:00,16.7,81,13.3,868.1,3.3,319,Shankapark,27.7355,85.3434
2025-11-07T18:00,16.2,82,13.1,868.6,1.9,202,Shankapark,27.7355,85.3434
2025-11-07T19:00,15.7,86,13.3,868.9,2.6,205,Shankapark,27.7355,85.3434
2025-11-07T20:00,15.3,88,13.3,869.0,2.1,195,Shankapark,27.7355,85.3434
2025-11-07T21:00,14.8,90,13.2,869.0,2.0,190,Shankapark,27.7355,85.3434
2025-11-07T22:00,14.3,92,12.9,868.6,2.5,188,Shankapark,27.7355,85.3434
2025-11-07T23:00,13.8,95,13.0,868.4,2.7,208,Shankapark,27.7355,85.3434
2025-11-08T00:00,13.8,94,12.8,868.5,1.3,180,Shankapark,27.7355,85.3434
2025-11-08T01:00,13.6,94,12.6,868.4,0.5,180,Shankapark,27.7355,85.3434
2025-11-08T02:00,13.3,95,12.5,868.1,0.9,180,Shankapark,27.7355,85.3434
2025-11-08T03:00,13.1,96,12.6,867.8,2.0,170,Shankapark,27.7355,85.3434
2025-11-08T04:00,12.3,99,12.1,867.4,3.7,166,Shankapark,27.7355,85.3434
2025-11-08T05:00,12.6,91,11.1,867.9,3.4,162,Shankapark,27.7355,85.3434
2025-11-08T06:00,11.8,94,10.9,868.3,5.0,159,Shankapark,27.7355,85.3434
2025-11-08T07:00,14.0,90,12.4,870.0,6.0,153,Shankapark,27.7355,85.3434
2025-11-08T08:00,17.4,71,12.1,871.8,3.6,139,Shankapark,27.7355,85.3434
2025-11-08T09:00,19.5,65,12.7,872.6,2.8,105,Shankapark,27.7355,85.3434
2025-11-08T10:00,21.1,59,12.8,872.4,2.1,75,Shankapark,27.7355,85.3434
2025-11-08T11:00,22.1,54,12.5,872.1,5.1,312,Shankapark,27.7355,85.3434
2025-11-08T12:00,22.5,53,12.6,871.4,8.1,317,Shankapark,27.7355,85.3434
2025-11-08T13:00,22.2,52,11.9,870.5,9.7,315,Shankapark,27.7355,85.3434
2025-11-08T14:00,21.3,54,11.8,870.0,9.4,310,Shankapark,27.7355,85.3434
2025-11-08T15:00,20.0,57,11.4,869.6,8.4,313,Shankapark,27.7355,85.3434
2025-11-08T16:00,18.3,68,12.2,869.0,3.7,321,Shankapark,27.7355,85.3434
2025-11-08T17:00,16.9,75,12.4,868.7,2.7,274,Shankapark,27.7355,85.3434
2025-11-08T18:00,16.5,76,12.3,869.2,2.2,204,Shankapark,27.7355,85.3434
2025-11-08T19:00,15.9,81,12.5,869.2,2.3,212,Shankapark,27.7355,85.3434
2025-11-08T20:00,15.7,81,12.4,869.5,1.4,203,Shankapark,27.7355,85.3434
2025-11-08T21:00,15.7,79,12.1,869.5,1.0,202,Shankapark,27.7355,85.3434
2025-11-08T22:00,15.1,82,12.0,869.0,0.7,194,Shankapark,27.7355,85.3434
2025-11-08T23:00,14.3,89,12.5,868.3,2.2,228,Shankapark,27.7355,85.3434
2025-11-09T00:00,14.0,90,12.4,867.6,2.2,185,Shankapark,27.7355,85.3434
2025-11-09T01:00,13.9,89,12.1,867.2,2.5,176,Shankapark,27.7355,85.3434
2025-11-09T02:00,13.2,89,11.4,866.5,2.8,165,Shankapark,27.7355,85.3434
2025-11-09T03:00,12.4,89,10.6,866.0,3.7,166,Shankapark,27.7355,85.3434
2025-11-09T04:00,11.5,90,9.9,865.2,4.1,167,Shankapark,27.7355,85.3434
2025-11-09T05:00,12.1,83,9.4,866.0,2.2,166,Shankapark,27.7355,85.3434
2025-11-09T06:00,12.3,85,9.8,866.8,4.6,154,Shankapark,27.7355,85.3434
2025-11-09T07:00,13.9,84,11.2,868.3,6.7,142,Shankapark,27.7355,85.3434
2025-11-09T08:00,17.3,63,10.3,870.6,4.3,118,Shankapark,27.7355,85.3434
2025-11-09T09:00,19.3,56,10.5,871.5,2.9,97,Shankapark,27.7355,85.3434
2025-11-09T10:00,21.0,50,10.3,871.3,1.3,56,Shankapark,27.7355,85.3434
2025-11-09T11:00,21.8,46,9.5,870.8,4.3,318,Shankapark,27.7355,85.3434
2025-11-09T12:00,22.4,44,9.7,870.1,4.2,317,Shankapark,27.7355,85.3434
2025-11-09T13:00,22.6,44,9.8,869.2,6.0,309,Shankapark,27.7355,85.3434
2025-11-09T14:00,21.9,49,10.8,868.6,7.5,300,Shankapark,27.7355,85.3434
2025-11-09T15:00,20.3,59,12.0,867.9,8.2,306,Shankapark,27.7355,85.3434
2025-11-09T16:00,18.6,69,12.7,867.5,4.4,302,Shankapark,27.7355,85.3434
2025-11-09T17:00,17.2,76,12.9,867.2,3.3,292,Shankapark,27.7355,85.3434
2025-11-09T18:00,16.7,77,12.6,867.7,2.7,222,Shankapark,27.7355,85.3434
2025-11-09T19:00,15.8,83,13.0,867.6,2.8,207,Shankapark,27.7355,85.3434
2025-11-09T20:00,15.1,87,13.0,867.8,1.7,193,Shankapark,27.7355,85.3434
2025-11-09T21:00,14.8,86,12.5,867.8,0.9,180,Shankapark,27.7355,85.3434
2025-11-09T22:00,14.4,87,12.3,867.4,1.8,186,Shankapark,27.7355,85.3434
2025-11-09T23:00,14.0,90,12.4,867.1,2.4,207,Shankapark,27.7355,85.3434
2025-11-10T00:00,13.6,90,12.0,866.4,2.4,189,Shankapark,27.7355,85.3434
2025-11-10T01:00,13.3,90,11.6,865.9,2.3,176,Shankapark,27.7355,85.3434
2025-11-10T02:00,12.6,91,11.2,865.5,3.2,164,Shankapark,27.7355,85.3434
2025-11-10T03:00,11.7,94,10.7,864.7,4.3,165,Shankapark,27.7355,85.3434
2025-11-10T04:00,10.8,96,10.2,864.3,5.1,163,Shankapark,27.7355,85.3434
2025-11-10T05:00,11.6,86,9.4,865.1,4.6,162,Shankapark,27.7355,85.3434
2025-11-10T06:00,11.0,90,9.5,865.5,6.4,153,Shankapark,27.7355,85.3434
2025-11-10T07:00,13.2,85,10.8,867.4,7.7,147,Shankapark,27.7355,85.3434
2025-11-10T08:00,17.1,67,11.0,870.2,4.9,123,Shankapark,27.7355,85.3434
2025-11-10T09:00,19.2,61,11.6,871.2,3.0,104,Shankapark,27.7355,85.3434
2025-11-10T10:00,20.7,53,10.7,871.2,0.7,90,Shankapark,27.7355,85.3434
2025-11-10T11:00,21.4,46,9.5,870.8,3.1,329,Shankapark,27.7355,85.3434
2025-11-10T12:00,22.2,45,9.6,870.3,4.2,301,Shankapark,27.7355,85.3434
2025-11-10T13:00,22.1,46,9.8,869.3,6.3,297,Shankapark,27.7355,85.3434
2025-11-10T14:00,21.2,53,11.3,868.9,8.1,298,Shankapark,27.7355,85.3434
2025-11-10T15:00,19.7,62,12.3,868.4,8.0,304,Shankapark,27.7355,85.3434
2025-11-10T16:00,18.0,71,12.8,868.1,5.1,302,Shankapark,27.7355,85.3434
2025-11-10T17:00,16.6,80,13.2,867.9,4.2,295,Shankapark,27.7355,85.3434
2025-11-10T18:00,16.1,81,12.7,868.4,2.8,259,Shankapark,27.7355,85.3434
2025-11-10T19:00,15.4,83,12.5,868.6,2.7,228,Shankapark,27.7355,85.3434
2025-11-10T20:00,14.8,85,12.3,868.4,2.3,203,Shankapark,27.7355,85.3434
2025-11-10T21:00,14.4,87,12.2,868.2,3.1,193,Shankapark,27.7355,85.3434
2025-11-10T22:00,14.0,87,11.9,867.8,3.7,191,Shankapark,27.7355,85.3434
2025-11-10T23:00,12.6,96,12.1,866.8,2.9,184,Shankapark,27.7355,85.3434
2025-11-11T00:00,11.4,98,11.1,865.9,2.0,180,Shankapark,27.7355,85.3434
2025-11-11T01:00,11.0,95,10.2,865.6,1.5,173,Shankapark,27.7355,85.3434
2025-11-11T02:00,10.1,98,9.8,864.9,3.1,167,Shankapark,27.7355,85.3434
2025-11-11T03:00,9.0,100,9.0,864.1,3.9,164,Shankapark,27.7355,85.3434
2025-11-11T04:00,8.3,100,8.4,863.8,4.7,162,Shankapark,27.7355,85.3434
2025-11-11T05:00,8.1,100,8.1,864.1,4.4,150,Shankapark,27.7355,85.3434
2025-11-11T06:00,8.2,100,8.2,864.7,5.2,155,Shankapark,27.7355,85.3434
2025-11-11T07:00,11.6,95,10.8,867.1,6.1,152,Shankapark,27.7355,85.3434
2025-11-11T08:00,16.5,73,11.7,870.0,3.7,119,Shankapark,27.7355,85.3434
2025-11-11T09:00,18.7,57,10.1,870.9,2.0,63,Shankapark,27.7355,85.3434
2025-11-11T10:00,20.3,49,9.3,870.8,2.3,360,Shankapark,27.7355,85.3434
2025-11-11T11:00,21.3,43,8.1,870.3,6.6,323,Shankapark,27.7355,85.3434
2025-11-11T12:00,21.8,43,8.7,869.7,8.1,315,Shankapark,27.7355,85.3434
2025-11-11T13:00,21.2,52,10.8,868.7,10.2,312,Shankapark,27.7355,85.3434
2025-11-11T14:00,20.2,59,11.9,868.2,10.2,312,Shankapark,27.7355,85.3434
2025-11-11T15:00,18.9,60,11.0,867.9,8.8,313,Shankapark,27.7355,85.3434
2025-11-11T16:00,16.9,70,11.4,867.6,4.4,328,Shankapark,27.7355,85.3434
2025-11-11T17:00,15.5,78,11.7,867.1,4.0,357,Shankapark,27.7355,85.3434
2025-11-11T18:00,15.4,75,11.0,867.9,0.7,180,Shankapark,27.7355,85.3434
2025-11-11T19:00,14.6,81,11.3,868.3,2.4,234,Shankapark,27.7355,85.3434
2025-11-11T20:00,13.9,85,11.4,868.3,2.4,228,Shankapark,27.7355,85.3434
2025-11-11T21:00,13.2,90,11.6,868.2,2.2,194,Shankapark,27.7355,85.3434
2025-11-11T22:00,12.3,96,11.7,867.8,3.1,180,Shankapark,27.7355,85.3434
2025-11-11T23:00,11.7,100,11.7,867.0,2.7,176,Shankapark,27.7355,85.3434
2025-11-12T00:00,11.3,99,11.2,866.4,5.4,172,Shankapark,27.7355,85.3434
2025-11-12T01:00,10.8,92,9.5,865.6,6.2,168,Shankapark,27.7355,85.3434
2025-11-12T02:00,9.6,92,8.3,864.7,6.2,159,Shankapark,27.7355,85.3434
2025-11-12T03:00,9.1,92,7.8,864.3,6.5,157,Shankapark,27.7355,85.3434
2025-11-12T04:00,8.6,94,7.8,864.3,6.6,154,Shankapark,27.7355,85.3434
2025-11-12T05:00,8.6,96,8.1,864.7,7.7,141,Shankapark,27.7355,85.3434
2025-11-12T06:00,9.5,93,8.5,866.2,8.1,145,Shankapark,27.7355,85.3434
2025-11-12T07:00,12.3,85,9.8,868.4,7.1,133,Shankapark,27.7355,85.3434
2025-11-12T08:00,15.3,76,11.1,870.6,4.8,110,Shankapark,27.7355,85.3434
2025-11-12T09:00,17.8,67,11.6,871.7,3.4,84,Shankapark,27.7355,85.3434
2025-11-12T10:00,19.7,57,10.9,871.7,2.4,42,Shankapark,27.7355,85.3434
2025-11-12T11:00,20.6,50,9.9,871.4,5.1,337,Shankapark,27.7355,85.3434
2025-11-12T12:00,21.4,46,9.5,870.6,5.3,325,Shankapark,27.7355,85.3434
2025-11-12T13:00,21.4,46,9.5,870.0,7.3,312,Shankapark,27.7355,85.3434
2025-11-12T14:00,20.7,55,11.2,869.4,8.8,313,Shankapark,27.7355,85.3434
2025-11-12T15:00,19.0,65,12.2,869.1,8.7,317,Shankapark,27.7355,85.3434
2025-11-12T16:00,17.0,74,12.4,868.8,5.0,314,Shankapark,27.7355,85.3434
2025-11-12T17:00,15.7,82,12.6,868.7,3.4,313,Shankapark,27.7355,85.3434
2025-11-12T18:00,15.1,83,12.2,869.0,1.9,229,Shankapark,27.7355,85.3434
2025-11-12T19:00,14.4,88,12.5,869.5,3.2,236,Shankapark,27.7355,85.3434
2025-11-12T20:00,13.4,93,12.4,869.4,2.0,207,Shankapark,27.7355,85.3434
2025-11-12T21:00,12.8,96,12.2,869.4,2.0,185,Shankapark,27.7355,85.3434
2025-11-12T22:00,11.7,99,11.5,868.7,2.7,176,Shankapark,27.7355,85.3434
2025-11-12T23:00,11.9,100,11.9,868.3,4.1,165,Shankapark,27.7355,85.3434
2025-11-13T00:00,11.6,100,11.5,868.0,4.6,162,Shankapark,27.7355,85.3434
2025-11-13T01:00,11.5,100,11.5,867.9,4.7,157,Shankapark,27.7355,85.3434
2025-11-13T02:00,12.3,99,12.1,867.9,5.4,160,Shankapark,27.7355,85.3434
2025-11-13T03:00,12.5,98,12.1,868.0,5.4,159,Shankapark,27.7355,85.3434
2025-11-13T04:00,12.1,98,11.7,868.4,5.1,144,Shankapark,27.7355,85.3434
2025-11-13T05:00,10.3,100,10.3,868.1,7.1,133,Shankapark,27.7355,85.3434
2025-11-13T06:00,10.8,100,10.8,869.1,7.4,129,Shankapark,27.7355,85.3434
2025-11-13T07:00,12.7,97,12.2,870.8,7.3,123,Shankapark,27.7355,85.3434
2025-11-13T08:00,14.6,91,13.1,872.3,6.0,119,Shankapark,27.7355,85.3434
2025-11-13T09:00,17.1,79,13.5,873.3,3.6,110,Shankapark,27.7355,85.3434
2025-11-13T10:00,19.0,68,12.9,873.1,3.5,99,Shankapark,27.7355,85.3434
2025-11-13T11:00,20.1,59,11.7,872.9,2.7,67,Shankapark,27.7355,85.3434
2025-11-13T12:00,21.2,53,11.3,872.5,2.0,5,Shankapark,27.7355,85.3434
2025-11-13T13:00,21.3,51,10.8,871.6,5.6,310,Shankapark,27.7355,85.3434
2025-11-13T14:00,20.5,54,11.0,871.0,7.7,298,Shankapark,27.7355,85.3434
2025-11-13T15:00,19.1,61,11.5,870.3,7.6,297,Shankapark,27.7355,85.3434
2025-11-13T16:00,17.3,72,12.4,870.0,5.1,306,Shankapark,27.7355,85.3434
2025-11-13T17:00,15.8,83,12.9,869.7,5.0,291,Shankapark,27.7355,85.3434
2025-11-13T18:00,15.1,85,12.6,870.2,3.5,235,Shankapark,27.7355,85.3434
2025-11-13T19:00,14.4,87,12.3,870.3,3.0,237,Shankapark,27.7355,85.3434
2025-11-13T20:00,14.0,88,12.1,870.5,1.8,204,Shankapark,27.7355,85.3434
2025-11-13T21:00,13.4,90,11.8,870.4,0.9,191,Shankapark,27.7355,85.3434
2025-11-13T22:00,12.7,93,11.6,869.9,0.4,180,Shankapark,27.7355,85.3434
2025-11-13T23:00,12.0,98,11.8,869.4,1.4,157,Shankapark,27.7355,85.3434
2025-11-14T00:00,11.1,100,11.0,868.4,3.2,164,Shankapark,27.7355,85.3434
2025-11-14T01:00,10.3,100,10.2,867.9,3.6,162,Shankapark,27.7355,85.3434
2025-11-14T02:00,10.5,98,10.2,867.7,4.7,164,Shankapark,27.7355,85.3434
2025-11-14T03:00,10.9,97,10.4,867.7,4.8,167,Shankapark,27.7355,85.3434
2025-11-14T04:00,10.4,99,10.3,867.3,4.8,167,Shankapark,27.7355,85.3434
2025-11-14T05:00,8.6,100,8.6,867.0,5.8,154,Shankapark,27.7355,85.3434
2025-11-14T06:00,9.1,100,9.1,867.8,7.1,150,Shankapark,27.7355,85.3434
2025-11-14T07:00,11.9,96,11.3,870.2,7.0,140,Shankapark,27.7355,85.3434
2025-11-14T08:00,15.4,82,12.3,872.5,4.2,126,Shankapark,27.7355,85.3434
2025-11-14T09:00,17.3,66,10.9,872.9,2.2,114,Shankapark,27.7355,85.3434
2025-11-14T10:00,18.9,57,10.2,872.9,0.3,315,Shankapark,27.7355,85.3434
2025-11-14T11:00,19.7,51,9.4,872.5,3.9,336,Shankapark,27.7355,85.3434
2025-11-14T12:00,20.4,47,8.9,871.9,4.1,319,Shankapark,27.7355,85.3434
2025-11-14T13:00,20.3,50,9.5,871.1,7.1,308,Shankapark,27.7355,85.3434
2025-11-14T14:00,19.5,56,10.5,870.5,8.4,317,Shankapark,27.7355,85.3434
2025-11-14T15:00,18.1,63,11.0,870.2,8.9,326,Shankapark,27.7355,85.3434
2025-11-14T16:00,16.2,71,10.9,869.6,4.6,324,Shankapark,27.7355,85.3434
2025-11-14T17:00,14.7,79,11.2,869.4,2.3,321,Shankapark,27.7355,85.3434
2025-11-14T18:00,14.3,80,10.9,869.4,0.7,180,Shankapark,27.7355,85.3434
2025-11-14T19:00,13.5,87,11.3,869.5,1.8,191,Shankapark,27.7355,85.3434
2025-11-14T20:00,12.8,88,10.8,869.8,1.3,180,Shankapark,27.7355,85.3434
2025-11-14T21:00,12.3,90,10.7,869.8,1.1,180,Shankapark,27.7355,85.3434
2025-11-14T22:00,11.1,96,10.6,869.2,1.8,174,Shankapark,27.7355,85.3434
2025-11-14T23:00,10.2,100,10.2,868.7,3.1,170,Shankapark,27.7355,85.3434
2025-11-15T00:00,10.0,100,10.0,868.4,3.0,163,Shankapark,27.7355,85.3434
2025-11-15T01:00,9.6,100,9.6,868.1,4.0,159,Shankapark,27.7355,85.3434
2025-11-15T02:00,9.3,100,9.3,867.8,4.5,157,Shankapark,27.7355,85.3434
2025-11-15T03:00,8.9,100,8.9,867.4,4.6,159,Shankapark,27.7355,85.3434
2025-11-15T04:00,8.5,100,8.5,867.2,5.5,157,Shankapark,27.7355,85.3434
2025-11-15T05:00,8.2,100,8.2,867.7,7.3,138,Shankapark,27.7355,85.3434
2025-11-15T06:00,8.7,100,8.7,868.8,6.9,152,Shankapark,27.7355,85.3434
2025-11-15T07:00,11.4,96,10.7,870.8,6.3,143,Shankapark,27.7355,85.3434
2025-11-15T08:00,15.2,83,12.3,873.2,3.1,114,Shankapark,27.7355,85.3434
2025-11-15T09:00,16.9,72,11.9,873.9,2.4,81,Shankapark,27.7355,85.3434
2025-11-15T10:00,18.7,64,11.6,873.9,1.7,77,Shankapark,27.7355,85.3434
2025-11-15T11:00,19.8,54,10.3,873.8,2.7,32,Shankapark,27.7355,85.3434
2025-11-15T12:00,20.3,53,10.4,873.1,4.2,18,Shankapark,27.7355,85.3434
2025-11-15T13:00,20.2,55,10.8,872.2,5.3,348,Shankapark,27.7355,85.3434
2025-11-15T14:00,19.8,58,11.2,871.8,5.7,323,Shankapark,27.7355,85.3434
2025-11-15T15:00,18.7,62,11.2,871.1,5.7,311,Shankapark,27.7355,85.3434
2025-11-15T16:00,16.9,74,12.2,870.9,4.1,308,Shankapark,27.7355,85.3434
2025-11-15T17:00,15.0,86,12.7,870.5,3.3,315,Shankapark,27.7355,85.3434
2025-11-15T18:00,14.4,87,12.3,870.9,1.5,216,Shankapark,27.7355,85.3434
2025-11-15T19:00,13.8,88,11.8,871.1,2.3,219,Shankapark,27.7355,85.3434
2025-11-15T20:00,13.4,85,11.0,871.7,1.5,210,Shankapark,27.7355,85.3434
2025-11-15T21:00,12.7,89,10.9,871.9,0.7,194,Shankapark,27.7355,85.3434
2025-11-15T22:00,11.7,94,10.8,871.7,0.5,180,Shankapark,27.7355,85.3434
2025-11-15T23:00,11.0,98,10.7,871.2,1.5,159,Shankapark,27.7355,85.3434
2025-11-16T00:00,10.8,98,10.5,870.8,2.1,165,Shankapark,27.7355,85.3434
2025-11-16T01:00,10.7,98,10.3,870.3,2.6,164,Shankapark,27.7355,85.3434
2025-11-16T02:00,10.7,96,10.1,870.4,2.8,162,Shankapark,27.7355,85.3434
2025-11-16T03:00,10.4,95,9.7,869.8,3.0,163,Shankapark,27.7355,85.3434
2025-11-16T04:00,9.2,100,9.2,869.1,3.8,161,Shankapark,27.7355,85.3434
2025-11-16T05:00,7.9,100,7.9,869.3,6.4,144,Shankapark,27.7355,85.3434
2025-11-16T06:00,8.2,100,8.2,870.0,6.8,151,Shankapark,27.7355,85.3434
2025-11-16T07:00,10.9,96,10.3,871.9,7.2,148,Shankapark,27.7355,85.3434
2025-11-16T08:00,15.0,81,11.8,874.5,4.1,119,Shankapark,27.7355,85.3434
2025-11-16T09:00,17.2,68,11.2,875.3,2.7,94,Shankapark,27.7355,85.3434
2025-11-16T10:00,18.9,59,10.8,875.5,1.7,72,Shankapark,27.7355,85.3434
2025-11-16T11:00,19.8,54,10.3,875.1,2.8,297,Shankapark,27.7355,85.3434
2025-11-16T12:00,20.6,52,10.3,874.3,4.0,321,Shankapark,27.7355,85.3434
2025-11-16T13:00,20.5,52,10.3,873.3,5.6,310,Shankapark,27.7355,85.3434
2025-11-16T14:00,19.7,57,11.0,872.7,7.5,312,Shankapark,27.7355,85.3434
2025-11-16T15:00,18.3,65,11.6,872.3,7.0,314,Shankapark,27.7355,85.3434
2025-11-16T16:00,16.6,75,12.2,871.7,4.6,321,Shankapark,27.7355,85.3434
2025-11-16T17:00,14.6,86,12.2,871.2,2.8,342,Shankapark,27.7355,85.3434
2025-11-16T18:00,14.2,85,11.8,871.7,0.4,180,Shankapark,27.7355,85.3434
2025-11-16T19:00,13.4,90,11.8,872.2,2.0,190,Shankapark,27.7355,85.3434
2025-11-16T20:00,13.1,91,11.6,872.3,0.8,135,Shankapark,27.7355,85.3434
2025-11-16T21:00,12.3,93,11.2,872.4,2.3,141,Shankapark,27.7355,85.3434
2025-11-16T22:00,11.7,95,11.0,872.2,3.1,159,Shankapark,27.7355,85.3434
2025-11-16T23:00,10.0,100,9.9,870.9,3.3,158,Shankapark,27.7355,85.3434
2025-11-17T00:00,9.9,100,9.9,870.4,3.5,156,Shankapark,27.7355,85.3434
2025-11-17T01:00,9.6,100,9.6,869.9,3.5,159,Shankapark,27.7355,85.3434
2025-11-17T02:00,9.4,99,9.3,869.6,3.1,159,Shankapark,27.7355,85.3434
2025-11-17T03:00,9.2,98,8.8,869.5,3.3,158,Shankapark,27.7355,85.3434
2025-11-17T04:00,9.0,97,8.6,869.6,2.7,157,Shankapark,27.7355,85.3434
2025-11-17T05:00,7.3,100,7.3,869.3,5.5,142,Shankapark,27.7355,85.3434
2025-11-17T06:00,7.7,100,7.7,870.1,5.6,155,Shankapark,27.7355,85.3434
2025-11-17T07:00,10.7,91,9.2,872.1,7.2,141,Shankapark,27.7355,85.3434
2025-11-17T08:00,15.1,70,9.6,874.6,5.8,126,Shankapark,27.7355,85.3434
2025-11-17T09:00,17.3,61,9.6,875.4,5.2,112,Shankapark,27.7355,85.3434
2025-11-17T10:00,19.2,55,10.0,875.5,3.7,104,Shankapark,27.7355,85.3434
2025-11-17T11:00,20.1,55,10.8,875.1,1.4,23,Shankapark,27.7355,85.3434
2025-11-17T12:00,21.3,51,10.8,874.4,4.1,326,Shankapark,27.7355,85.3434
2025-11-17T13:00,21.1,51,10.6,873.5,6.7,324,Shankapark,27.7355,85.3434
2025-11-17T14:00,20.2,56,11.1,873.1,6.9,321,Shankapark,27.7355,85.3434
2025-11-17T15:00,19.0,63,11.8,872.9,7.3,324,Shankapark,27.7355,85.3434
2025-11-17T16:00,17.1,74,12.5,872.7,5.2,335,Shankapark,27.7355,85.3434
2025-11-17T17:00,15.1,82,12.1,872.0,3.6,300,Shankapark,27.7355,85.3434
2025-11-17T18:00,14.9,77,11.0,872.8,0.7,194,Shankapark,27.7355,85.3434
2025-11-17T19:00,14.3,77,10.4,872.8,0.7,194,Shankapark,27.7355,85.3434
2025-11-17T20:00,13.8,77,9.9,872.9,1.0,211,Shankapark,27.7355,85.3434
2025-11-17T21:00,13.1,80,9.7,872.9,1.9,202,Shankapark,27.7355,85.3434
2025-11-17T22:00,12.7,82,9.7,872.4,2.2,194,Shankapark,27.7355,85.3434
2025-11-17T23:00,12.0,84,9.4,871.6,1.1,189,Shankapark,27.7355,85.3434
2025-11-18T00:00,12.0,83,9.2,871.1,1.1,189,Shankapark,27.7355,85.3434
2025-11-18T01:00,12.0,82,9.0,870.3,2.7,176,Shankapark,27.7355,85.3434
2025-11-18T02:00,11.4,84,8.8,869.5,2.6,168,Shankapark,27.7355,85.3434
2025-11-18T03:00,10.8,86,8.5,868.7,3.5,165,Shankapark,27.7355,85.3434
2025-11-18T04:00,10.2,87,8.2,868.3,4.5,164,Shankapark,27.7355,85.3434
2025-11-18T05:00,9.3,88,7.5,868.5,3.7,145,Shankapark,27.7355,85.3434
2025-11-18T06:00,9.2,89,7.5,868.9,5.2,160,Shankapark,27.7355,85.3434
2025-11-18T07:00,11.8,82,8.9,870.5,6.2,154,Shankapark,27.7355,85.3434
2025-11-18T08:00,16.5,65,9.9,873.1,4.1,128,Shankapark,27.7355,85.3434
2025-11-18T09:00,19.1,53,9.3,874.0,2.9,86,Shankapark,27.7355,85.3434
2025-11-18T10:00,20.8,48,9.4,873.9,1.8,45,Shankapark,27.7355,85.3434
2025-11-18T11:00,21.6,45,9.3,873.3,5.7,323,Shankapark,27.7355,85.3434
2025-11-18T12:00,22.0,46,9.9,872.3,6.5,309,Shankapark,27.7355,85.3434
2025-11-18T13:00,21.6,49,10.5,871.3,7.6,301,Shankapark,27.7355,85.3434
2025-11-18T14:00,20.6,56,11.6,870.7,8.2,311,Shankapark,27.7355,85.3434
2025-11-18T15:00,19.3,62,11.9,870.4,8.2,319,Shankapark,27.7355,85.3434
2025-11-18T16:00,17.3,72,12.3,869.7,5.3,327,Shankapark,27.7355,85.3434
2025-11-18T17:00,15.4,83,12.5,869.3,2.8,315,Shankapark,27.7355,85.3434
2025-11-18T18:00,15.0,83,12.2,869.7,0.9,191,Shankapark,27.7355,85.3434
2025-11-18T19:00,14.5,84,11.9,870.0,1.8,204,Shankapark,27.7355,85.3434
2025-11-18T20:00,14.0,85,11.4,870.2,1.1,189,Shankapark,27.7355,85.3434
2025-11-18T21:00,13.5,86,11.1,870.1,1.3,188,Shankapark,27.7355,85.3434
2025-11-18T22:00,13.0,86,10.7,870.0,0.5,180,Shankapark,27.7355,85.3434
2025-11-18T23:00,12.2,91,10.7,869.3,1.3,146,Shankapark,27.7355,85.3434
2025-11-19T00:00,12.4,89,10.7,869.1,3.8,163,Shankapark,27.7355,85.3434
2025-11-19T01:00,11.8,91,10.3,868.7,4.4,161,Shankapark,27.7355,85.3434
2025-11-19T02:00,11.3,92,10.0,868.3,5.1,162,Shankapark,27.7355,85.3434
2025-11-19T03:00,10.8,94,9.9,868.2,5.8,158,Shankapark,27.7355,85.3434
2025-11-19T04:00,10.4,96,9.8,868.4,6.0,155,Shankapark,27.7355,85.3434
2025-11-19T05:00,10.6,97,10.2,869.0,5.9,153,Shankapark,27.7355,85.3434
2025-11-19T06:00,10.8,98,10.5,870.1,5.9,149,Shankapark,27.7355,85.3434
2025-11-19T07:00,12.9,92,11.6,871.9,6.0,147,Shankapark,27.7355,85.3434
2025-11-19T08:00,16.1,79,12.5,874.1,3.3,99,Shankapark,27.7355,85.3434
2025-11-19T09:00,17.7,73,12.7,874.7,2.0,63,Shankapark,27.7355,85.3434
2025-11-19T10:00,19.2,62,11.7,874.8,2.0,360,Shankapark,27.7355,85.3434
2025-11-19T11:00,19.7,60,11.7,874.0,5.6,329,Shankapark,27.7355,85.3434
2025-11-19T12:00,20.2,58,11.6,873.1,6.9,321,Shankapark,27.7355,85.3434
2025-11-19T13:00,19.8,60,12.0,872.1,7.4,326,Shankapark,27.7355,85.3434
2025-11-19T14:00,19.3,64,12.4,871.2,6.9,321,Shankapark,27.7355,85.3434
2025-11-19T15:00,18.3,68,12.4,870.7,7.9,311,Shankapark,27.7355,85.3434
2025-11-19T16:00,16.6,77,12.5,870.2,5.9,308,Shankapark,27.7355,85.3434
2025-11-19T17:00,14.9,83,12.0,869.9,5.1,315,Shankapark,27.7355,85.3434
2025-11-19T18:00,14.6,86,12.2,870.1,0.9,180,Shankapark,27.7355,85.3434
2025-11-19T19:00,14.1,87,11.9,870.3,1.8,204,Shankapark,27.7355,85.3434
2025-11-19T20:00,13.7,88,11.7,870.6,1.4,203,Shankapark,27.7355,85.3434
2025-11-19T21:00,13.2,89,11.4,870.4,1.5,187,Shankapark,27.7355,85.3434
2025-11-19T22:00,12.8,90,11.2,870.1,0.7,180,Shankapark,27.7355,85.3434
2025-11-19T23:00,11.6,96,11.0,869.4,2.0,170,Shankapark,27.7355,85.3434
2025-11-20T00:00,11.7,95,11.0,869.4,3.2,164,Shankapark,27.7355,85.3434
2025-11-20T01:00,11.3,97,10.8,868.9,4.2,155,Shankapark,27.7355,85.3434
2025-11-20T02:00,10.9,98,10.5,868.7,5.0,154,Shankapark,27.7355,85.3434
2025-11-20T03:00,10.3,100,10.2,868.5,5.0,154,Shankapark,27.7355,85.3434
2025-11-20T04:00,9.6,100,9.6,868.2,5.1,153,Shankapark,27.7355,85.3434
2025-11-20T05:00,9.4,100,9.4,869.0,6.7,146,Shankapark,27.7355,85.3434
2025-11-20T06:00,9.1,100,9.1,869.5,6.2,158,Shankapark,27.7355,85.3434
2025-11-20T07:00,11.4,97,10.9,871.2,6.0,147,Shankapark,27.7355,85.3434
2025-11-20T08:00,15.4,82,12.4,873.9,3.5,125,Shankapark,27.7355,85.3434
2025-11-20T09:00,17.3,71,12.0,874.5,2.6,78,Shankapark,27.7355,85.3434
2025-11-20T10:00,18.7,61,11.1,874.4,1.4,23,Shankapark,27.7355,85.3434
2025-11-20T11:00,19.2,54,9.7,873.7,4.3,332,Shankapark,27.7355,85.3434
2025-11-20T12:00,19.8,52,9.6,873.0,5.3,322,Shankapark,27.7355,85.3434
2025-11-20T13:00,18.7,59,10.4,872.0,6.7,297,Shankapark,27.7355,85.3434
2025-11-20T14:00,17.4,69,11.7,871.5,7.6,284,Shankapark,27.7355,85.3434
2025-11-20T15:00,16.3,77,12.3,871.1,6.7,297,Shankapark,27.7355,85.3434
2025-11-20T16:00,15.5,82,12.4,870.8,4.8,326,Shankapark,27.7355,85.3434
2025-11-20T17:00,14.7,88,12.6,870.9,6.1,300,Shankapark,27.7355,85.3434
2025-11-20T18:00,14.0,89,12.3,870.9,2.4,253,Shankapark,27.7355,85.3434
2025-11-20T19:00,13.8,87,11.8,871.3,1.4,230,Shankapark,27.7355,85.3434
2025-11-20T20:00,13.7,87,11.5,871.9,0.8,207,Shankapark,27.7355,85.3434
2025-11-20T21:00,13.0,90,11.3,871.5,1.7,193,Shankapark,27.7355,85.3434
2025-11-20T22:00,12.3,93,11.2,871.3,0.9,191,Shankapark,27.7355,85.3434
2025-11-20T23:00,11.7,95,11.0,870.9,1.5,210,Shankapark,27.7355,85.3434
2025-11-21T00:00,11.5,96,10.8,870.6,0.7,180,Shankapark,27.7355,85.3434
2025-11-21T01:00,10.8,98,10.5,870.0,1.1,171,Shankapark,27.7355,85.3434
2025-11-21T02:00,10.1,100,10.0,869.6,1.8,169,Shankapark,27.7355,85.3434
2025-11-21T03:00,9.5,100,9.5,869.3,3.0,166,Shankapark,27.7355,85.3434
2025-11-21T04:00,9.2,100,9.2,869.3,3.4,164,Shankapark,27.7355,85.3434
2025-11-21T05:00,8.8,100,8.8,869.9,3.9,158,Shankapark,27.7355,85.3434
2025-11-21T06:00,9.0,99,8.9,870.6,5.2,158,Shankapark,27.7355,85.3434
2025-11-21T07:00,11.1,96,10.4,872.2,5.2,158,Shankapark,27.7355,85.3434
2025-11-21T08:00,15.1,79,11.5,874.8,2.4,167,Shankapark,27.7355,85.3434
2025-11-21T09:00,16.4,71,11.2,875.4,1.5,225,Shankapark,27.7355,85.3434
2025-11-21T10:00,17.3,65,10.6,875.1,3.8,273,Shankapark,27.7355,85.3434
2025-11-21T11:00,17.8,61,10.2,874.8,9.1,304,Shankapark,27.7355,85.3434
2025-11-21T12:00,17.8,61,10.2,873.6,8.6,301,Shankapark,27.7355,85.3434
2025-11-21T13:00,17.4,63,10.3,872.6,9.0,292,Shankapark,27.7355,85.3434
2025-11-21T14:00,17.0,65,10.5,872.2,8.9,289,Shankapark,27.7355,85.3434
2025-11-21T15:00,16.2,68,10.4,871.7,9.0,293,Shankapark,27.7355,85.3434
2025-11-21T16:00,15.1,78,11.3,871.4,6.0,291,Shankapark,27.7355,85.3434
2025-11-21T17:00,13.7,89,11.9,871.5,6.4,286,Shankapark,27.7355,85.3434
2025-11-21T18:00,12.9,93,11.8,871.3,2.4,197,Shankapark,27.7355,85.3434
2025-11-21T19:00,12.3,95,11.6,871.1,1.5,173,Shankapark,27.7355,85.3434
2025-11-21T20:00,11.6,97,11.2,870.9,0.4,180,Shankapark,27.7355,85.3434
2025-11-21T21:00,11.1,98,10.8,870.4,1.1,171,Shankapark,27.7355,85.3434
2025-11-21T22:00,10.5,98,10.2,870.0,0.9,180,Shankapark,27.7355,85.3434
2025-11-21T23:00,10.4,99,10.2,869.7,3.8,199,Shankapark,27.7355,85.3434
2025-11-22T00:00,10.1,98,9.8,868.9,2.7,176,Shankapark,27.7355,85.3434
2025-11-22T01:00,9.4,100,9.4,868.3,1.3,172,Shankapark,27.7355,85.3434
2025-11-22T02:00,8.5,100,8.4,867.6,2.4,163,Shankapark,27.7355,85.3434
2025-11-22T03:00,8.1,100,8.1,867.2,3.4,162,Shankapark,27.7355,85.3434
2025-11-22T04:00,8.0,100,8.0,867.1,3.5,165,Shankapark,27.7355,85.3434
2025-11-22T05:00,7.0,100,7.0,866.9,2.9,158,Shankapark,27.7355,85.3434
2025-11-22T06:00,6.9,100,6.9,867.5,3.3,158,Shankapark,27.7355,85.3434
2025-11-22T07:00,9.9,95,9.2,869.6,5.2,153,Shankapark,27.7355,85.3434
2025-11-22T08:00,14.3,76,10.2,872.1,3.5,114,Shankapark,27.7355,85.3434
2025-11-22T09:00,16.1,65,9.5,872.7,2.2,85,Shankapark,27.7355,85.3434
2025-11-22T10:00,17.7,58,9.4,872.6,1.1,9,Shankapark,27.7355,85.3434
2025-11-22T11:00,18.3,55,9.2,872.3,8.6,331,Shankapark,27.7355,85.3434
2025-11-22T12:00,18.9,55,9.7,871.3,8.8,321,Shankapark,27.7355,85.3434
2025-11-22T13:00,18.6,59,10.4,870.4,10.4,312,Shankapark,27.7355,85.3434
2025-11-22T14:00,17.8,62,10.5,869.8,10.4,312,Shankapark,27.7355,85.3434
2025-11-22T15:00,16.9,64,10.1,869.5,8.3,312,Shankapark,27.7355,85.3434
2025-11-22T16:00,15.4,73,10.6,869.1,3.3,306,Shankapark,27.7355,85.3434
2025-11-22T17:00,14.5,78,10.7,869.3,4.0,302,Shankapark,27.7355,85.3434
2025-11-22T18:00,13.8,81,10.6,869.4,2.5,262,Shankapark,27.7355,85.3434
2025-11-22T19:00,13.2,82,10.1,869.7,2.8,215,Shankapark,27.7355,85.3434
2025-11-22T20:00,12.3,88,10.3,869.6,2.3,209,Shankapark,27.7355,85.3434
2025-11-22T21:00,11.6,90,10.1,869.4,1.3,196,Shankapark,27.7355,85.3434
2025-11-22T22:00,11.2,92,10.0,869.1,1.4,180,Shankapark,27.7355,85.3434
2025-11-22T23:00,11.1,94,10.1,868.8,2.5,188,Shankapark,27.7355,85.3434
2025-11-23T00:00,10.1,97,9.6,868.1,1.6,174,Shankapark,27.7355,85.3434
2025-11-23T01:00,9.7,95,8.9,867.7,0.2,180,Shankapark,27.7355,85.3434
2025-11-23T02:00,9.2,95,8.5,867.0,1.5,166,Shankapark,27.7355,85.3434
2025-11-23T03:00,8.0,100,7.9,866.1,2.8,162,Shankapark,27.7355,85.3434
2025-11-23T04:00,7.1,100,7.1,865.8,2.6,164,Shankapark,27.7355,85.3434
2025-11-23T05:00,7.8,99,7.6,866.9,3.5,159,Shankapark,27.7355,85.3434
2025-11-23T06:00,6.8,100,6.8,867.0,4.9,163,Shankapark,27.7355,85.3434
2025-11-23T07:00,8.8,97,8.4,868.7,5.6,163,Shankapark,27.7355,85.3434
2025-11-23T08:00,14.2,72,9.3,872.0,2.6,129,Shankapark,27.7355,85.3434
2025-11-23T09:00,15.8,61,8.3,872.4,1.4,23,Shankapark,27.7355,85.3434
2025-11-23T10:00,17.3,50,6.7,872.4,2.9,330,Shankapark,27.7355,85.3434
2025-11-23T11:00,18.3,43,5.7,872.3,8.3,321,Shankapark,27.7355,85.3434
2025-11-23T12:00,18.9,43,6.2,871.4,8.3,314,Shankapark,27.7355,85.3434
2025-11-23T13:00,18.8,50,8.1,870.6,8.5,305,Shankapark,27.7355,85.3434
2025-11-23T14:00,18.1,57,9.3,869.8,8.4,315,Shankapark,27.7355,85.3434
2025-11-23T15:00,17.0,60,9.3,869.3,8.0,316,Shankapark,27.7355,85.3434
2025-11-23T16:00,15.2,70,9.8,868.7,3.8,311,Shankapark,27.7355,85.3434
2025-11-23T17:00,13.6,74,9.1,868.2,1.4,270,Shankapark,27.7355,85.3434
2025-11-23T18:00,13.0,77,9.0,868.8,2.1,200,Shankapark,27.7355,85.3434
2025-11-23T19:00,12.5,83,9.7,869.2,3.9,202,Shankapark,27.7355,85.3434
2025-11-23T20:00,11.6,88,9.8,869.1,2.3,203,Shankapark,27.7355,85.3434
2025-11-23T21:00,11.1,90,9.4,869.3,0.9,180,Shankapark,27.7355,85.3434
2025-11-23T22:00,10.6,91,9.2,869.0,0.7,180,Shankapark,27.7355,85.3434
2025-11-23T23:00,9.4,98,9.1,868.4,2.7,184,Shankapark,27.7355,85.3434
2025-11-24T00:00,8.8,99,8.6,867.9,2.7,172,Shankapark,27.7355,85.3434
2025-11-24T01:00,8.1,99,8.0,867.6,3.4,162,Shankapark,27.7355,85.3434
2025-11-24T02:00,7.5,100,7.5,867.5,5.4,159,Shankapark,27.7355,85.3434
2025-11-24T03:00,7.3,100,7.3,867.4,5.3,156,Shankapark,27.7355,85.3434
2025-11-24T04:00,7.7,99,7.5,867.6,5.1,157,Shankapark,27.7355,85.3434
2025-11-24T05:00,6.1,100,6.1,867.5,2.7,152,Shankapark,27.7355,85.3434
2025-11-24T06:00,6.2,100,6.2,868.3,4.8,158,Shankapark,27.7355,85.3434
2025-11-24T07:00,8.9,95,8.2,870.4,6.1,152,Shankapark,27.7355,85.3434
2025-11-24T08:00,13.2,81,10.1,872.9,3.9,124,Shankapark,27.7355,85.3434
2025-11-24T09:00,15.1,69,9.5,873.5,2.8,130,Shankapark,27.7355,85.3434
2025-11-24T10:00,16.9,58,8.6,873.5,1.5,97,Shankapark,27.7355,85.3434
2025-11-24T11:00,17.6,56,8.8,873.0,3.8,315,Shankapark,27.7355,85.3434
2025-11-24T12:00,18.7,51,8.3,872.2,2.8,320,Shankapark,27.7355,85.3434
2025-11-24T13:00,19.1,48,7.7,871.4,4.9,303,Shankapark,27.7355,85.3434
2025-11-24T14:00,18.3,52,8.3,871.0,7.3,295,Shankapark,27.7355,85.3434
2025-11-24T15:00,16.8,59,8.8,870.7,8.0,295,Shankapark,27.7355,85.3434
2025-11-24T16:00,15.0,68,9.2,870.6,5.1,306,Shankapark,27.7355,85.3434
2025-11-24T17:00,13.4,77,9.4,870.4,3.5,305,Shankapark,27.7355,85.3434
2025-11-24T18:00,13.0,79,9.5,870.8,1.5,216,Shankapark,27.7355,85.3434
2025-11-24T19:00,12.2,85,9.7,870.8,1.8,204,Shankapark,27.7355,85.3434
2025-11-24T20:00,11.5,87,9.4,871.1,1.5,201,Shankapark,27.7355,85.3434
2025-11-24T21:00,11.0,87,9.0,871.0,0.7,194,Shankapark,27.7355,85.3434
2025-11-24T22:00,10.7,87,8.6,870.9,0.6,162,Shankapark,27.7355,85.3434
2025-11-24T23:00,9.9,91,8.5,870.2,1.3,164,Shankapark,27.7355,85.3434
2025-11-25T00:00,9.4,93,8.2,869.6,2.9,158,Shankapark,27.7355,85.3434
2025-11-25T01:00,8.6,93,7.5,869.3,4.0,159,Shankapark,27.7355,85.3434
2025-11-25T02:00,7.9,93,6.9,868.5,4.5,157,Shankapark,27.7355,85.3434
2025-11-25T03:00,7.1,97,6.6,867.8,5.8,158,Shankapark,27.7355,85.3434
2025-11-25T04:00,6.8,97,6.3,867.5,6.4,158,Shankapark,27.7355,85.3434
2025-11-25T05:00,5.8,100,5.8,867.6,5.4,143,Shankapark,27.7355,85.3434
2025-11-25T06:00,6.3,99,6.1,868.3,7.8,151,Shankapark,27.7355,85.3434
2025-11-25T07:00,8.9,92,7.6,869.9,8.5,148,Shankapark,27.7355,85.3434
2025-11-25T08:00,13.0,79,9.3,872.3,5.8,124,Shankapark,27.7355,85.3434
2025-11-25T09:00,15.5,57,6.9,873.4,5.2,96,Shankapark,27.7355,85.3434
2025-11-25T10:00,17.2,44,4.7,873.2,5.9,70,Shankapark,27.7355,85.3434
2025-11-25T11:00,18.2,40,4.5,872.3,3.1,7,Shankapark,27.7355,85.3434
2025-11-25T12:00,19.2,40,5.4,871.4,3.1,50,Shankapark,27.7355,85.3434
2025-11-25T13:00,19.4,40,5.6,870.3,3.3,13,Shankapark,27.7355,85.3434
2025-11-25T14:00,19.1,42,5.8,869.8,4.1,322,Shankapark,27.7355,85.3434
2025-11-25T15:00,17.8,48,6.6,869.3,6.3,307,Shankapark,27.7355,85.3434
2025-11-25T16:00,15.8,63,8.7,868.6,4.5,293,Shankapark,27.7355,85.3434
2025-11-25T17:00,13.3,76,9.1,867.9,3.7,256,Shankapark,27.7355,85.3434
2025-11-25T18:00,12.7,77,8.8,868.2,1.7,198,Shankapark,27.7355,85.3434
2025-11-25T19:00,12.0,79,8.6,868.6,0.7,180,Shankapark,27.7355,85.3434
2025-11-25T20:00,11.9,77,8.0,868.8,0.4,180,Shankapark,27.7355,85.3434
2025-11-25T21:00,11.7,76,7.5,868.7,0.9,180,Shankapark,27.7355,85.3434
2025-11-25T22:00,11.0,78,7.3,868.3,1.6,174,Shankapark,27.7355,85.3434
2025-11-25T23:00,10.3,84,7.8,867.9,2.7,172,Shankapark,27.7355,85.3434
2025-11-26T00:00,9.4,89,7.6,867.3,3.5,159,Shankapark,27.7355,85.3434
2025-11-26T01:00,8.8,90,7.3,867.2,4.5,157,Shankapark,27.7355,85.3434
2025-11-26T02:00,8.3,91,7.0,867.0,4.0,159,Shankapark,27.7355,85.3434
2025-11-26T03:00,8.0,91,6.6,866.8,3.8,163,Shankapark,27.7355,85.3434
2025-11-26T04:00,7.7,91,6.4,866.9,3.8,163,Shankapark,27.7355,85.3434
2025-11-26T05:00,6.6,97,6.2,867.1,4.8,151,Shankapark,27.7355,85.3434
2025-11-26T06:00,6.7,96,6.1,868.1,5.2,155,Shankapark,27.7355,85.3434
2025-11-26T07:00,8.9,89,7.3,869.9,6.2,150,Shankapark,27.7355,85.3434
2025-11-26T08:00,13.6,70,8.2,873.0,4.1,119,Shankapark,27.7355,85.3434
2025-11-26T09:00,15.8,59,7.7,874.0,4.0,72,Shankapark,27.7355,85.3434
2025-11-26T10:00,17.3,52,7.3,874.0,3.8,49,Shankapark,27.7355,85.3434
2025-11-26T11:00,17.9,50,7.2,873.7,3.9,347,Shankapark,27.7355,85.3434
2025-11-26T12:00,18.8,47,7.3,872.9,4.0,357,Shankapark,27.7355,85.3434
2025-11-26T13:00,19.2,45,7.0,872.1,5.6,2,Shankapark,27.7355,85.3434
2025-11-26T14:00,18.9,46,7.1,871.7,5.1,337,Shankapark,27.7355,85.3434
2025-11-26T15:00,17.7,51,7.5,871.7,6.0,316,Shankapark,27.7355,85.3434
2025-11-26T16:00,15.7,64,8.8,871.6,4.4,300,Shankapark,27.7355,85.3434
2025-11-26T17:00,13.3,74,8.7,870.8,2.9,259,Shankapark,27.7355,85.3434
2025-11-26T18:00,13.0,73,8.3,871.5,2.2,194,Shankapark,27.7355,85.3434
2025-11-26T19:00,12.2,79,8.7,871.6,2.9,191,Shankapark,27.7355,85.3434
2025-11-26T20:00,11.7,80,8.4,871.9,1.7,198,Shankapark,27.7355,85.3434
2025-11-26T21:00,11.5,79,7.9,871.9,0.7,194,Shankapark,27.7355,85.3434
2025-11-26T22:00,11.5,76,7.3,872.1,0.7,180,Shankapark,27.7355,85.3434
2025-11-26T23:00,10.2,84,7.6,871.6,2.3,162,Shankapark,27.7355,85.3434
2025-11-27T00:00,10.2,82,7.2,871.3,3.1,152,Shankapark,27.7355,85.3434
2025-11-27T01:00,9.8,82,6.8,871.0,3.1,149,Shankapark,27.7355,85.3434
2025-11-27T02:00,9.4,82,6.6,870.7,3.5,156,Shankapark,27.7355,85.3434
2025-11-27T03:00,8.9,85,6.5,869.9,4.2,162,Shankapark,27.7355,85.3434
2025-11-27T04:00,8.5,86,6.3,869.5,4.1,167,Shankapark,27.7355,85.3434
2025-11-27T05:00,8.4,85,6.0,869.9,4.4,153,Shankapark,27.7355,85.3434
2025-11-27T06:00,8.9,84,6.3,870.6,3.8,161,Shankapark,27.7355,85.3434
2025-11-27T07:00,10.8,79,7.4,872.2,3.8,163,Shankapark,27.7355,85.3434
2025-11-27T08:00,14.8,72,9.9,874.6,3.4,155,Shankapark,27.7355,85.3434
2025-11-27T09:00,17.4,47,6.1,876.0,2.6,106,Shankapark,27.7355,85.3434
2025-11-27T10:00,18.7,42,5.5,875.7,1.9,68,Shankapark,27.7355,85.3434
2025-11-27T11:00,19.8,39,5.6,875.2,4.2,342,Shankapark,27.7355,85.3434
2025-11-27T12:00,20.9,36,5.4,874.7,5.5,343,Shankapark,27.7355,85.3434
2025-11-27T13:00,21.0,37,5.7,873.6,5.8,340,Shankapark,27.7355,85.3434
2025-11-27T14:00,20.6,41,7.0,873.2,6.8,318,Shankapark,27.7355,85.3434
2025-11-27T15:00,19.3,51,8.8,872.8,6.9,321,Shankapark,27.7355,85.3434
2025-11-27T16:00,16.9,68,11.1,871.9,3.7,317,Shankapark,27.7355,85.3434
2025-11-27T17:00,14.7,74,10.1,871.2,3.0,253,Shankapark,27.7355,85.3434
2025-11-27T18:00,14.1,74,9.6,871.8,2.7,203,Shankapark,27.7355,85.3434
2025-11-27T19:00,13.6,78,9.8,871.9,2.8,195,Shankapark,27.7355,85.3434
2025-11-27T20:00,13.1,79,9.6,871.9,1.7,193,Shankapark,27.7355,85.3434
2025-11-27T21:00,12.6,78,8.9,871.7,1.1,189,Shankapark,27.7355,85.3434
2025-11-27T22:00,12.3,76,8.1,871.2,0.9,180,Shankapark,27.7355,85.3434
2025-11-27T23:00,11.5,78,7.8,870.7,1.6,174,Shankapark,27.7355,85.3434
2025-11-28T00:00,11.2,78,7.5,870.4,1.5,166,Shankapark,27.7355,85.3434
2025-11-28T01:00,11.0,74,6.6,869.8,2.7,152,Shankapark,27.7355,85.3434
2025-11-28T02:00,10.8,73,6.2,869.5,3.3,158,Shankapark,27.7355,85.3434
2025-11-28T03:00,9.9,77,6.1,868.7,4.3,158,Shankapark,27.7355,85.3434
2025-11-28T04:00,9.1,81,6.0,868.0,5.2,158,Shankapark,27.7355,85.3434
2025-11-28T05:00,8.5,83,5.8,868.6,5.1,148,Shankapark,27.7355,85.3434
2025-11-28T06:00,8.0,85,5.5,868.8,5.5,157,Shankapark,27.7355,85.3434
2025-11-28T07:00,10.1,77,6.3,870.4,6.6,151,Shankapark,27.7355,85.3434
2025-11-28T08:00,14.9,62,7.7,873.2,5.4,127,Shankapark,27.7355,85.3434
2025-11-28T09:00,17.5,53,7.7,874.4,3.4,90,Shankapark,27.7355,85.3434
2025-11-28T10:00,19.3,46,7.3,874.2,2.0,45,Shankapark,27.7355,85.3434
2025-11-28T11:00,20.2,37,5.1,873.7,6.0,319,Shankapark,27.7355,85.3434
2025-11-28T12:00,20.5,36,5.1,872.7,7.4,309,Shankapark,27.7355,85.3434
2025-11-28T13:00,20.3,39,5.9,871.7,8.0,312,Shankapark,27.7355,85.3434
2025-11-28T14:00,19.7,42,6.5,871.1,8.8,313,Shankapark,27.7355,85.3434
2025-11-28T15:00,18.3,46,6.4,870.5,8.1,315,Shankapark,27.7355,85.3434
2025-11-28T16:00,16.0,61,8.5,869.8,3.8,311,Shankapark,27.7355,85.3434
2025-11-28T17:00,14.3,67,8.2,869.4,2.2,256,Shankapark,27.7355,85.3434
2025-11-28T18:00,13.8,68,8.1,869.5,1.8,186,Shankapark,27.7355,85.3434
2025-11-28T19:00,13.0,76,8.8,869.4,2.5,188,Shankapark,27.7355,85.3434
2025-11-28T20:00,12.4,78,8.6,869.2,1.5,194,Shankapark,27.7355,85.3434
2025-11-28T21:00,12.3,75,7.9,869.3,1.1,189,Shankapark,27.7355,85.3434
2025-11-28T22:00,12.3,71,7.2,869.1,0.2,180,Shankapark,27.7355,85.3434
2025-11-28T23:00,11.9,73,7.2,868.6,1.1,189,Shankapark,27.7355,85.3434
2025-11-29T00:00,11.3,72,6.5,868.0,0.4,180,Shankapark,27.7355,85.3434
2025-11-29T01:00,11.1,70,5.9,867.7,0.4,180,Shankapark,27.7355,85.3434
2025-11-29T02:00,10.9,69,5.4,867.3,1.0,158,Shankapark,27.7355,85.3434
2025-11-29T03:00,10.5,69,5.2,867.0,2.1,165,Shankapark,27.7355,85.3434
2025-11-29T04:00,10.1,71,5.1,866.7,2.4,167,Shankapark,27.7355,85.3434
2025-11-29T05:00,8.8,79,5.4,866.5,3.6,143,Shankapark,27.7355,85.3434
2025-11-29T06:00,8.4,81,5.3,867.0,4.6,154,Shankapark,27.7355,85.3434
2025-11-29T07:00,9.9,76,5.9,868.3,5.6,158,Shankapark,27.7355,85.3434
2025-11-29T08:00,14.3,62,7.2,870.5,4.7,137,Shankapark,27.7355,85.3434
2025-11-29T09:00,17.2,49,6.3,871.8,1.7,77,Shankapark,27.7355,85.3434
2025-11-29T10:00,18.8,41,5.4,871.7,4.0,330,Shankapark,27.7355,85.3434
2025-11-29T11:00,19.3,38,4.7,871.5,9.8,317,Shankapark,27.7355,85.3434
2025-11-29T12:00,19.4,39,5.2,870.7,10.7,316,Shankapark,27.7355,85.3434
2025-11-29T13:00,19.2,42,6.0,869.6,11.1,316,Shankapark,27.7355,85.3434
2025-11-29T14:00,18.6,46,6.7,869.0,10.9,316,Shankapark,27.7355,85.3434
2025-11-29T15:00,17.3,50,6.9,868.4,9.7,318,Shankapark,27.7355,85.3434
2025-11-29T16:00,15.3,63,8.3,867.7,4.5,313,Shankapark,27.7355,85.3434
2025-11-29T17:00,13.5,72,8.7,867.0,2.8,281,Shankapark,27.7355,85.3434
2025-11-29T18:00,13.4,70,8.1,867.1,1.5,194,Shankapark,27.7355,85.3434
2025-11-29T19:00,12.9,75,8.6,867.3,2.2,189,Shankapark,27.7355,85.3434
2025-11-29T20:00,12.2,77,8.3,867.1,1.1,189,Shankapark,27.7355,85.3434
2025-11-29T21:00,12.2,74,7.7,867.3,0.4,180,Shankapark,27.7355,85.3434
2025-11-29T22:00,12.2,72,7.4,867.4,0.5,180,Shankapark,27.7355,85.3434
2025-11-29T23:00,10.7,82,7.7,866.4,2.2,171,Shankapark,27.7355,85.3434
2025-11-30T00:00,10.1,84,7.5,866.1,1.7,167,Shankapark,27.7355,85.3434
2025-11-30T01:00,9.6,85,7.2,865.5,1.1,171,Shankapark,27.7355,85.3434
2025-11-30T02:00,9.5,84,6.9,865.4,2.4,167,Shankapark,27.7355,85.3434
2025-11-30T03:00,9.0,86,6.8,864.9,3.9,164,Shankapark,27.7355,85.3434
2025-11-30T04:00,7.9,91,6.5,864.0,5.6,163,Shankapark,27.7355,85.3434
2025-11-30T05:00,7.1,97,6.6,864.0,7.7,144,Shankapark,27.7355,85.3434
2025-11-30T06:00,7.1,95,6.3,864.6,8.0,153,Shankapark,27.7355,85.3434
2025-11-30T07:00,9.1,86,6.8,866.4,7.9,150,Shankapark,27.7355,85.3434
2025-11-30T08:00,13.3,70,7.9,869.1,5.0,131,Shankapark,27.7355,85.3434
2025-11-30T09:00,16.2,57,7.7,870.5,3.8,95,Shankapark,27.7355,85.3434
2025-11-30T10:00,18.1,48,6.8,870.4,4.0,72,Shankapark,27.7355,85.3434
2025-11-30T11:00,19.0,45,6.7,870.1,2.9,356,Shankapark,27.7355,85.3434
2025-11-30T12:00,20.4,41,6.7,869.5,2.7,312,Shankapark,27.7355,85.3434
2025-11-30T13:00,20.6,40,6.4,868.5,4.6,301,Shankapark,27.7355,85.3434
2025-11-30T14:00,19.8,44,7.1,867.9,6.6,303,Shankapark,27.7355,85.3434
2025-11-30T15:00,18.4,50,7.9,867.8,7.0,310,Shankapark,27.7355,85.3434
2025-11-30T16:00,16.2,65,9.7,867.4,3.6,319,Shankapark,27.7355,85.3434
2025-11-30T17:00,13.8,77,9.8,866.9,3.5,291,Shankapark,27.7355,85.3434
2025-11-30T18:00,13.4,75,9.0,867.5,1.1,198,Shankapark,27.7355,85.3434
2025-11-30T19:00,13.0,76,9.0,868.2,0.7,180,Shankapark,27.7355,85.3434
2025-11-30T20:00,12.0,81,8.8,868.1,1.5,166,Shankapark,27.7355,85.3434
2025-11-30T21:00,10.9,88,8.9,867.9,3.0,166,Shankapark,27.7355,85.3434
2025-11-30T22:00,9.7,94,8.8,867.5,4.0,162,Shankapark,27.7355,85.3434
2025-11-30T23:00,8.6,100,8.6,866.7,4.8,158,Shankapark,27.7355,85.3434
2025-12-01T00:00,8.3,100,8.3,866.5,5.5,153,Shankapark,27.7355,85.3434
2025-12-01T01:00,8.1,100,8.1,866.2,5.8,154,Shankapark,27.7355,85.3434
2025-12-01T02:00,7.8,100,7.8,865.5,5.8,154,Shankapark,27.7355,85.3434
2025-12-01T03:00,7.7,100,7.7,865.2,5.5,163,Shankapark,27.7355,85.3434
2025-12-01T04:00,7.2,100,7.2,864.5,5.9,160,Shankapark,27.7355,85.3434
2025-12-01T05:00,7.2,100,7.2,865.0,6.0,153,Shankapark,27.7355,85.3434
2025-12-01T06:00,7.0,100,7.0,865.3,6.6,158,Shankapark,27.7355,85.3434
2025-12-01T07:00,8.7,96,8.2,866.7,7.8,158,Shankapark,27.7355,85.3434
2025-12-01T08:00,13.4,76,9.4,869.4,5.7,145,Shankapark,27.7355,85.3434
2025-12-01T09:00,16.6,57,8.0,871.1,2.4,144,Shankapark,27.7355,85.3434
2025-12-01T10:00,18.2,50,7.7,871.0,1.2,333,Shankapark,27.7355,85.3434
2025-12-01T11:00,18.9,49,8.1,870.5,5.9,322,Shankapark,27.7355,85.3434
2025-12-01T12:00,19.6,49,8.6,869.7,6.9,317,Shankapark,27.7355,85.3434
2025-12-01T13:00,19.4,54,10.0,868.8,8.0,316,Shankapark,27.7355,85.3434
2025-12-01T14:00,18.8,60,11.0,868.2,8.4,317,Shankapark,27.7355,85.3434
2025-12-01T15:00,17.6,67,11.4,867.5,6.4,320,Shankapark,27.7355,85.3434
2025-12-01T16:00,15.8,77,11.7,867.1,4.6,312,Shankapark,27.7355,85.3434
2025-12-01T17:00,13.6,85,11.2,866.4,2.7,298,Shankapark,27.7355,85.3434
2025-12-01T18:00,13.1,87,10.9,867.0,2.2,222,Shankapark,27.7355,85.3434
2025-12-01T19:00,12.6,89,10.8,867.5,2.5,210,Shankapark,27.7355,85.3434
2025-12-01T20:00,11.9,93,10.8,867.5,2.9,202,Shankapark,27.7355,85.3434
2025-12-01T21:00,10.6,99,10.5,867.6,2.9,202,Shankapark,27.7355,85.3434
2025-12-01T22:00,9.7,100,9.8,867.2,1.6,186,Shankapark,27.7355,85.3434
2025-12-01T23:00,8.4,100,8.4,866.1,2.7,172,Shankapark,27.7355,85.3434
2025-12-02T00:00,8.5,100,8.5,866.0,3.6,171,Shankapark,27.7355,85.3434
2025-12-02T01:00,8.6,100,8.6,865.4,5.5,167,Shankapark,27.7355,85.3434
2025-12-02T02:00,8.6,100,8.6,865.2,7.0,162,Shankapark,27.7355,85.3434
2025-12-02T03:00,8.1,100,8.1,864.7,6.7,164,Shankapark,27.7355,85.3434
2025-12-02T04:00,8.0,100,8.0,864.4,6.3,165,Shankapark,27.7355,85.3434
2025-12-02T05:00,6.0,100,6.1,863.8,2.2,166,Shankapark,27.7355,85.3434
2025-12-02T06:00,5.8,100,5.8,864.1,3.4,162,Shankapark,27.7355,85.3434
2025-12-02T07:00,7.4,99,7.3,865.2,6.6,159,Shankapark,27.7355,85.3434
2025-12-02T08:00,13.2,85,10.7,868.3,5.5,161,Shankapark,27.7355,85.3434
2025-12-02T09:00,16.2,64,9.4,870.2,1.4,230,Shankapark,27.7355,85.3434
2025-12-02T10:00,18.3,50,7.6,870.3,3.1,310,Shankapark,27.7355,85.3434
2025-12-02T11:00,19.6,45,7.3,870.0,6.9,315,Shankapark,27.7355,85.3434
2025-12-02T12:00,20.2,43,7.2,869.4,7.8,312,Shankapark,27.7355,85.3434
2025-12-02T13:00,19.8,48,8.5,868.3,8.9,313,Shankapark,27.7355,85.3434
2025-12-02T14:00,19.1,56,10.2,867.7,8.7,313,Shankapark,27.7355,85.3434
2025-12-02T15:00,17.8,64,10.8,867.3,7.0,314,Shankapark,27.7355,85.3434
2025-12-02T16:00,15.8,75,11.4,866.8,3.8,315,Shankapark,27.7355,85.3434
2025-12-02T17:00,13.1,85,10.5,866.3,3.2,289,Shankapark,27.7355,85.3434
2025-12-02T18:00,12.3,89,10.6,867.0,1.9,197,Shankapark,27.7355,85.3434
2025-12-02T19:00,11.4,96,10.9,867.4,3.1,190,Shankapark,27.7355,85.3434
2025-12-02T20:00,10.4,100,10.4,867.4,3.6,174,Shankapark,27.7355,85.3434
2025-12-02T21:00,9.4,100,9.4,867.1,4.6,171,Shankapark,27.7355,85.3434
2025-12-02T22:00,8.8,100,8.8,867.0,5.9,169,Shankapark,27.7355,85.3434
2025-12-02T23:00,7.3,100,7.3,866.3,2.9,176,Shankapark,27.7355,85.3434
2025-12-03T00:00,7.4,100,7.4,866.3,2.8,165,Shankapark,27.7355,85.3434
2025-12-03T01:00,7.0,100,7.0,866.0,3.6,162,Shankapark,27.7355,85.3434
2025-12-03T02:00,7.4,100,7.4,866.0,4.2,160,Shankapark,27.7355,85.3434
2025-12-03T03:00,7.4,100,7.4,866.0,4.8,160,Shankapark,27.7355,85.3434
2025-12-03T04:00,7.5,100,7.5,865.8,5.0,159,Shankapark,27.7355,85.3434
2025-12-03T05:00,5.2,100,5.2,864.9,1.0,158,Shankapark,27.7355,85.3434
2025-12-03T06:00,5.3,100,5.3,865.5,4.8,167,Shankapark,27.7355,85.3434
2025-12-03T07:00,7.4,99,7.2,867.2,6.6,158,Shankapark,27.7355,85.3434
2025-12-03T08:00,12.9,86,10.6,870.7,5.1,153,Shankapark,27.7355,85.3434
2025-12-03T09:00,15.8,65,9.1,872.7,0.9,90,Shankapark,27.7355,85.3434
2025-12-03T10:00,17.7,49,6.9,872.8,2.4,343,Shankapark,27.7355,85.3434
2025-12-03T11:00,18.9,43,6.0,872.7,6.5,316,Shankapark,27.7355,85.3434
2025-12-03T12:00,19.5,43,6.5,871.9,7.4,313,Shankapark,27.7355,85.3434
2025-12-03T13:00,19.4,48,8.1,871.1,8.3,309,Shankapark,27.7355,85.3434
2025-12-03T14:00,18.7,58,10.3,870.6,8.6,301,Shankapark,27.7355,85.3434
2025-12-03T15:00,17.3,67,11.1,870.3,7.8,296,Shankapark,27.7355,85.3434
2025-12-03T16:00,15.5,75,11.1,869.9,4.6,309,Shankapark,27.7355,85.3434
2025-12-03T17:00,13.4,80,10.0,869.4,2.4,318,Shankapark,27.7355,85.3434
2025-12-03T18:00,12.9,81,9.6,870.0,1.9,202,Shankapark,27.7355,85.3434
2025-12-03T19:00,12.3,86,10.0,870.2,2.6,214,Shankapark,27.7355,85.3434
2025-12-03T20:00,11.9,86,9.7,870.3,2.3,219,Shankapark,27.7355,85.3434
2025-12-03T21:00,11.6,88,9.8,870.2,2.7,200,Shankapark,27.7355,85.3434
2025-12-03T22:00,10.7,93,9.6,869.6,3.6,189,Shankapark,27.7355,85.3434
2025-12-03T23:00,9.7,97,9.2,868.7,2.7,172,Shankapark,27.7355,85.3434
2025-12-04T00:00,8.7,97,8.3,867.9,4.0,177,Shankapark,27.7355,85.3434
2025-12-04T01:00,8.0,98,7.7,867.3,2.2,171,Shankapark,27.7355,85.3434
2025-12-04T02:00,7.1,99,7.0,866.6,3.3,167,Shankapark,27.7355,85.3434
2025-12-04T03:00,6.7,99,6.5,865.9,4.3,165,Shankapark,27.7355,85.3434
2025-12-04T04:00,5.9,100,5.9,865.1,4.6,162,Shankapark,27.7355,85.3434
2025-12-04T05:00,4.9,100,4.9,865.5,5.3,145,Shankapark,27.7355,85.3434
2025-12-04T06:00,6.0,100,5.9,866.5,6.1,150,Shankapark,27.7355,85.3434
2025-12-04T07:00,8.0,98,7.8,868.0,7.2,152,Shankapark,27.7355,85.3434
2025-12-04T08:00,12.3,86,10.0,870.7,5.7,131,Shankapark,27.7355,85.3434
2025-12-04T09:00,15.1,66,8.9,872.4,3.0,107,Shankapark,27.7355,85.3434
2025-12-04T10:00,17.2,50,6.7,872.5,2.7,62,Shankapark,27.7355,85.3434
2025-12-04T11:00,18.4,45,6.4,872.2,3.2,3,Shankapark,27.7355,85.3434
2025-12-04T12:00,19.4,41,5.8,871.7,3.9,13,Shankapark,27.7355,85.3434
2025-12-04T13:00,19.5,40,5.5,871.0,3.9,344,Shankapark,27.7355,85.3434
2025-12-04T14:00,18.9,42,5.6,870.7,5.0,319,Shankapark,27.7355,85.3434
2025-12-04T15:00,17.6,50,7.1,870.3,6.5,309,Shankapark,27.7355,85.3434
2025-12-04T16:00,15.3,69,9.7,869.9,3.7,309,Shankapark,27.7355,85.3434
2025-12-04T17:00,13.3,77,9.4,869.5,3.2,289,Shankapark,27.7355,85.3434
2025-12-04T18:00,13.0,77,9.0,870.2,2.6,236,Shankapark,27.7355,85.3434
2025-12-04T19:00,12.4,79,8.9,870.6,2.5,240,Shankapark,27.7355,85.3434
2025-12-04T20:00,11.6,83,8.7,870.7,2.1,211,Shankapark,27.7355,85.3434
2025-12-04T21:00,10.8,87,8.8,870.8,1.7,193,Shankapark,27.7355,85.3434
2025-12-04T22:00,9.2,96,8.6,870.0,2.0,180,Shankapark,27.7355,85.3434
2025-12-04T23:00,8.0,100,7.9,869.5,3.9,158,Shankapark,27.7355,85.3434
2025-12-05T00:00,7.5,100,7.5,869.2,4.2,160,Shankapark,27.7355,85.3434
2025-12-05T01:00,7.2,100,7.2,868.8,4.9,163,Shankapark,27.7355,85.3434
2025-12-05T02:00,6.9,100,6.9,868.7,5.5,161,Shankapark,27.7355,85.3434
2025-12-05T03:00,6.4,100,6.4,868.3,5.8,160,Shankapark,27.7355,85.3434
2025-12-05T04:00,6.0,100,6.0,867.8,5.4,159,Shankapark,27.7355,85.3434
2025-12-05T05:00,6.5,100,6.5,868.8,6.5,141,Shankapark,27.7355,85.3434
2025-12-05T06:00,6.9,100,6.9,869.5,7.5,150,Shankapark,27.7355,85.3434
2025-12-05T07:00,8.7,98,8.4,871.3,8.0,144,Shankapark,27.7355,85.3434
2025-12-05T08:00,11.7,89,9.9,873.6,5.5,131,Shankapark,27.7355,85.3434
2025-12-05T09:00,14.5,74,10.0,874.8,3.6,93,Shankapark,27.7355,85.3434
2025-12-05T10:00,16.6,62,9.2,874.8,3.4,72,Shankapark,27.7355,85.3434
2025-12-05T11:00,17.7,55,8.6,874.1,2.7,8,Shankapark,27.7355,85.3434
2025-12-05T12:00,18.7,51,8.2,873.3,4.1,331,Shankapark,27.7355,85.3434
2025-12-05T13:00,18.8,50,8.1,872.5,7.3,314,Shankapark,27.7355,85.3434
2025-12-05T14:00,18.0,54,8.5,872.0,9.0,317,Shankapark,27.7355,85.3434
2025-12-05T15:00,16.5,60,8.8,871.2,7.8,323,Shankapark,27.7355,85.3434
2025-12-05T16:00,14.4,72,9.5,870.5,4.5,323,Shankapark,27.7355,85.3434
2025-12-05T17:00,12.6,83,9.8,869.7,2.8,285,Shankapark,27.7355,85.3434
2025-12-05T18:00,12.0,85,9.5,870.0,1.9,209,Shankapark,27.7355,85.3434
2025-12-05T19:00,11.5,87,9.4,870.6,2.9,227,Shankapark,27.7355,85.3434
2025-12-05T20:00,11.1,87,9.0,870.6,1.9,214,Shankapark,27.7355,85.3434
2025-12-05T21:00,10.5,90,8.9,870.4,1.9,197,Shankapark,27.7355,85.3434
2025-12-05T22:00,9.3,97,8.8,869.6,3.1,187,Shankapark,27.7355,85.3434
2025-12-05T23:00,7.9,100,7.9,868.8,1.7,167,Shankapark,27.7355,85.3434
2025-12-06T00:00,7.1,100,7.1,868.1,2.0,170,Shankapark,27.7355,85.3434
2025-12-06T01:00,6.4,100,6.4,867.7,2.7,157,Shankapark,27.7355,85.3434
2025-12-06T02:00,6.0,100,6.0,867.5,5.2,155,Shankapark,27.7355,85.3434
2025-12-06T03:00,5.8,100,5.8,866.9,5.5,161,Shankapark,27.7355,85.3434
2025-12-06T04:00,5.3,100,5.3,866.5,5.4,160,Shankapark,27.7355,85.3434
2025-12-06T05:00,5.6,100,5.6,867.0,7.3,144,Shankapark,27.7355,85.3434
2025-12-06T06:00,6.1,100,6.1,867.7,6.6,154,Shankapark,27.7355,85.3434
2025-12-06T07:00,7.8,100,7.7,868.9,7.4,151,Shankapark,27.7355,85.3434
2025-12-06T08:00,12.5,87,10.4,871.9,6.2,136,Shankapark,27.7355,85.3434
2025-12-06T09:00,15.3,70,9.9,873.5,3.3,96,Shankapark,27.7355,85.3434
2025-12-06T10:00,17.3,58,9.0,873.5,3.2,63,Shankapark,27.7355,85.3434
2025-12-06T11:00,18.3,52,8.3,872.9,1.6,63,Shankapark,27.7355,85.3434
2025-12-06T12:00,19.3,51,8.8,872.1,1.8,323,Shankapark,27.7355,85.3434
2025-12-06T13:00,19.5,49,8.7,871.3,3.9,294,Shankapark,27.7355,85.3434
2025-12-06T14:00,18.8,50,8.3,870.8,7.1,294,Shankapark,27.7355,85.3434
2025-12-06T15:00,17.1,55,8.0,870.5,8.6,307,Shankapark,27.7355,85.3434
2025-12-06T16:00,15.0,66,8.7,870.0,4.8,331,Shankapark,27.7355,85.3434
2025-12-06T17:00,13.1,76,9.0,869.4,2.3,299,Shankapark,27.7355,85.3434
2025-12-06T18:00,12.5,77,8.5,869.7,0.6,198,Shankapark,27.7355,85.3434
2025-12-06T19:00,11.7,82,8.8,870.0,2.6,205,Shankapark,27.7355,85.3434
2025-12-06T20:00,11.2,84,8.6,870.0,1.4,203,Shankapark,27.7355,85.3434
2025-12-06T21:00,11.1,84,8.4,869.8,1.4,180,Shankapark,27.7355,85.3434
2025-12-06T22:00,10.6,87,8.4,868.9,4.0,175,Shankapark,27.7355,85.3434
2025-12-06T23:00,8.9,95,8.1,868.1,2.4,171,Shankapark,27.7355,85.3434
2025-12-07T00:00,8.7,94,7.7,868.3,1.6,180,Shankapark,27.7355,85.3434
2025-12-07T01:00,8.7,92,7.5,868.6,0.6,162,Shankapark,27.7355,85.3434
2025-12-07T02:00,8.7,92,7.5,868.5,3.2,153,Shankapark,27.7355,85.3434
2025-12-07T03:00,8.0,95,7.2,867.8,5.1,153,Shankapark,27.7355,85.3434
2025-12-07T04:00,7.4,97,7.0,867.3,5.7,156,Shankapark,27.7355,85.3434
2025-12-07T05:00,6.9,99,6.7,867.2,6.1,137,Shankapark,27.7355,85.3434
2025-12-07T06:00,7.5,96,6.9,867.7,7.7,150,Shankapark,27.7355,85.3434
2025-12-07T07:00,9.1,92,7.8,869.0,7.9,153,Shankapark,27.7355,85.3434
2025-12-07T08:00,12.9,78,9.2,871.5,5.3,147,Shankapark,27.7355,85.3434
2025-12-07T09:00,15.6,62,8.3,873.1,1.7,131,Shankapark,27.7355,85.3434
2025-12-07T10:00,17.0,55,8.0,873.2,0.5,45,Shankapark,27.7355,85.3434
2025-12-07T11:00,17.6,54,8.3,872.6,2.7,8,Shankapark,27.7355,85.3434
2025-12-07T12:00,18.4,52,8.4,871.9,4.0,355,Shankapark,27.7355,85.3434
2025-12-07T13:00,18.7,52,8.7,871.1,5.2,335,Shankapark,27.7355,85.3434
2025-12-07T14:00,18.3,55,9.1,870.3,6.2,324,Shankapark,27.7355,85.3434
2025-12-07T15:00,17.2,60,9.4,869.8,5.7,323,Shankapark,27.7355,85.3434
2025-12-07T16:00,15.2,73,10.4,869.5,3.7,309,Shankapark,27.7355,85.3434
2025-12-07T17:00,13.5,83,10.6,869.0,3.5,298,Shankapark,27.7355,85.3434
2025-12-07T18:00,12.8,85,10.3,869.4,0.5,180,Shankapark,27.7355,85.3434
2025-12-07T19:00,12.4,88,10.4,869.5,2.9,187,Shankapark,27.7355,85.3434
2025-12-07T20:00,11.8,91,10.5,869.5,2.5,188,Shankapark,27.7355,85.3434
2025-12-07T21:00,11.4,92,10.2,869.3,1.6,180,Shankapark,27.7355,85.3434
2025-12-07T22:00,10.7,93,9.6,869.1,1.6,180,Shankapark,27.7355,85.3434
2025-12-07T23:00,9.2,99,9.0,868.4,3.0,163,Shankapark,27.7355,85.3434
2025-12-08T00:00,8.5,99,8.3,867.9,3.9,164,Shankapark,27.7355,85.3434
2025-12-08T01:00,7.9,100,7.9,867.4,4.8,155,Shankapark,27.7355,85.3434
2025-12-08T02:00,7.4,100,7.4,866.9,6.1,157,Shankapark,27.7355,85.3434
2025-12-08T03:00,6.9,100,6.9,866.5,6.2,159,Shankapark,27.7355,85.3434
2025-12-08T04:00,6.5,100,6.5,866.1,6.3,156,Shankapark,27.7355,85.3434
2025-12-08T05:00,6.8,100,6.8,866.6,6.4,144,Shankapark,27.7355,85.3434
2025-12-08T06:00,7.1,100,7.1,867.3,6.4,153,Shankapark,27.7355,85.3434
2025-12-08T07:00,8.7,97,8.2,868.5,6.9,157,Shankapark,27.7355,85.3434
2025-12-08T08:00,13.0,81,9.9,871.2,5.8,141,Shankapark,27.7355,85.3434
2025-12-08T09:00,15.7,65,9.1,872.7,3.5,114,Shankapark,27.7355,85.3434
2025-12-08T10:00,17.4,55,8.4,873.0,0.6,18,Shankapark,27.7355,85.3434
2025-12-08T11:00,18.6,49,7.8,872.4,5.0,325,Shankapark,27.7355,85.3434
2025-12-08T12:00,19.3,49,8.3,871.6,6.2,314,Shankapark,27.7355,85.3434
2025-12-08T13:00,19.1,54,9.4,870.6,7.8,312,Shankapark,27.7355,85.3434
2025-12-08T14:00,18.4,59,10.4,870.0,8.5,302,Shankapark,27.7355,85.3434
2025-12-08T15:00,17.3,65,10.6,869.6,8.1,305,Shankapark,27.7355,85.3434
2025-12-08T16:00,15.4,74,10.8,869.1,4.5,317,Shankapark,27.7355,85.3434
2025-12-08T17:00,13.3,81,10.2,868.6,3.6,297,Shankapark,27.7355,85.3434
2025-12-08T18:00,13.0,79,9.3,869.4,1.4,220,Shankapark,27.7355,85.3434
2025-12-08T19:00,12.5,80,9.2,869.9,3.0,213,Shankapark,27.7355,85.3434
2025-12-08T20:00,11.9,85,9.5,869.9,3.1,201,Shankapark,27.7355,85.3434
2025-12-08T21:00,11.2,88,9.3,869.6,2.6,192,Shankapark,27.7355,85.3434
2025-12-08T22:00,10.7,90,9.1,869.1,2.7,188,Shankapark,27.7355,85.3434
2025-12-08T23:00,9.3,97,8.9,868.1,3.1,187,Shankapark,27.7355,85.3434
2025-12-09T00:00,8.1,100,8.1,867.4,2.5,180,Shankapark,27.7355,85.3434
2025-12-09T01:00,6.6,100,6.6,866.6,2.8,165,Shankapark,27.7355,85.3434
2025-12-09T02:00,5.6,100,5.6,865.7,5.1,148,Shankapark,27.7355,85.3434
2025-12-09T03:00,5.1,100,5.1,865.2,6.4,151,Shankapark,27.7355,85.3434
2025-12-09T04:00,5.0,100,5.0,864.6,5.7,156,Shankapark,27.7355,85.3434
2025-12-09T05:00,6.0,100,6.0,865.9,3.5,141,Shankapark,27.7355,85.3434
2025-12-09T06:00,6.1,100,6.1,866.1,5.2,158,Shankapark,27.7355,85.3434
2025-12-09T07:00,7.6,99,7.4,867.4,7.3,160,Shankapark,27.7355,85.3434
2025-12-09T08:00,12.4,86,10.1,870.3,6.1,157,Shankapark,27.7355,85.3434
2025-12-09T09:00,16.2,60,8.5,872.4,1.5,166,Shankapark,27.7355,85.3434
2025-12-09T10:00,18.4,49,7.6,872.2,2.2,275,Shankapark,27.7355,85.3434
2025-12-09T11:00,19.3,44,6.8,871.7,5.6,299,Shankapark,27.7355,85.3434
2025-12-09T12:00,20.1,40,5.9,870.7,6.2,296,Shankapark,27.7355,85.3434
2025-12-09T13:00,19.8,42,6.6,869.8,6.6,283,Shankapark,27.7355,85.3434
2025-12-09T14:00,18.4,54,9.0,869.6,9.5,291,Shankapark,27.7355,85.3434
2025-12-09T15:00,16.6,65,9.9,869.4,10.1,310,Shankapark,27.7355,85.3434
2025-12-09T16:00,14.6,75,10.2,868.9,6.5,336,Shankapark,27.7355,85.3434
2025-12-09T17:00,12.3,84,9.6,868.2,1.3,326,Shankapark,27.7355,85.3434
2025-12-09T18:00,11.5,88,9.5,868.5,0.4,153,Shankapark,27.7355,85.3434
2025-12-09T19:00,11.0,89,9.3,869.0,0.9,180,Shankapark,27.7355,85.3434
2025-12-09T20:00,10.5,90,8.9,868.9,1.3,172,Shankapark,27.7355,85.3434
2025-12-09T21:00,10.1,90,8.5,868.6,2.3,151,Shankapark,27.7355,85.3434
2025-12-09T22:00,10.0,88,8.2,868.5,2.7,157,Shankapark,27.7355,85.3434
2025-12-09T23:00,8.7,95,8.0,868.0,3.8,135,Shankapark,27.7355,85.3434
2025-12-10T00:00,8.5,95,7.7,867.9,2.7,157,Shankapark,27.7355,85.3434
2025-12-10T01:00,8.1,95,7.3,867.8,3.0,155,Shankapark,27.7355,85.3434
2025-12-10T02:00,7.6,95,6.9,867.4,3.4,155,Shankapark,27.7355,85.3434
2025-12-10T03:00,7.0,97,6.5,866.8,4.7,152,Shankapark,27.7355,85.3434
2025-12-10T04:00,6.5,98,6.2,866.4,5.7,152,Shankapark,27.7355,85.3434
2025-12-10T05:00,4.8,100,4.8,866.3,6.0,139,Shankapark,27.7355,85.3434
2025-12-10T06:00,5.3,99,5.2,867.2,5.9,160,Shankapark,27.7355,85.3434
2025-12-10T07:00,7.3,93,6.3,868.7,9.3,148,Shankapark,27.7355,85.3434
2025-12-10T08:00,11.8,77,7.9,871.6,7.5,134,Shankapark,27.7355,85.3434
2025-12-10T09:00,14.6,62,7.3,873.1,4.4,117,Shankapark,27.7355,85.3434
2025-12-10T10:00,16.7,57,8.1,873.4,2.4,81,Shankapark,27.7355,85.3434
2025-12-10T11:00,17.9,51,7.7,873.1,1.8,11,Shankapark,27.7355,85.3434
2025-12-10T12:00,18.8,47,7.3,872.2,2.9,353,Shankapark,27.7355,85.3434
2025-12-10T13:00,18.7,47,7.1,871.1,4.1,331,Shankapark,27.7355,85.3434
2025-12-10T14:00,18.2,48,7.1,870.7,5.9,313,Shankapark,27.7355,85.3434
2025-12-10T15:00,16.8,53,7.3,870.3,7.3,310,Shankapark,27.7355,85.3434
2025-12-10T16:00,14.6,67,8.7,870.2,3.7,317,Shankapark,27.7355,85.3434
2025-12-10T17:00,12.6,71,7.4,869.7,2.3,342,Shankapark,27.7355,85.3434
2025-12-10T18:00,11.9,74,7.3,869.6,0.4,180,Shankapark,27.7355,85.3434
2025-12-10T19:00,11.3,79,7.7,869.8,1.3,188,Shankapark,27.7355,85.3434
2025-12-10T20:00,11.0,80,7.6,869.8,0.9,191,Shankapark,27.7355,85.3434
2025-12-10T21:00,10.7,81,7.5,869.5,1.5,194,Shankapark,27.7355,85.3434
2025-12-10T22:00,10.1,83,7.3,869.4,0.7,194,Shankapark,27.7355,85.3434
2025-12-10T23:00,9.1,89,7.3,868.9,0.9,191,Shankapark,27.7355,85.3434
2025-12-11T00:00,9.2,88,7.3,868.4,0.7,180,Shankapark,27.7355,85.3434
2025-12-11T01:00,9.0,89,7.3,867.7,4.0,162,Shankapark,27.7355,85.3434
2025-12-11T02:00,8.1,93,7.1,867.0,5.2,160,Shankapark,27.7355,85.3434
2025-12-11T03:00,7.4,95,6.6,866.0,5.3,162,Shankapark,27.7355,85.3434
2025-12-11T04:00,7.0,94,6.2,865.6,5.4,160,Shankapark,27.7355,85.3434
2025-12-11T05:00,6.5,97,6.0,865.6,8.0,136,Shankapark,27.7355,85.3434
2025-12-11T06:00,7.1,90,5.5,866.2,7.3,149,Shankapark,27.7355,85.3434
2025-12-11T07:00,8.4,83,5.6,867.4,7.2,153,Shankapark,27.7355,85.3434
2025-12-11T08:00,12.6,67,6.7,869.9,6.5,141,Shankapark,27.7355,85.3434
2025-12-11T09:00,16.1,53,6.4,871.9,3.9,114,Shankapark,27.7355,85.3434
2025-12-11T10:00,18.1,47,6.5,872.0,2.5,69,Shankapark,27.7355,85.3434
2025-12-11T11:00,19.0,43,6.2,871.6,2.5,360,Shankapark,27.7355,85.3434
2025-12-11T12:00,19.7,41,6.1,870.8,4.2,340,Shankapark,27.7355,85.3434
2025-12-11T13:00,19.8,41,6.0,869.9,5.3,322,Shankapark,27.7355,85.3434
2025-12-11T14:00,19.1,44,6.6,869.0,6.8,307,Shankapark,27.7355,85.3434
2025-12-11T15:00,17.5,54,8.1,868.8,6.7,301,Shankapark,27.7355,85.3434
2025-12-11T16:00,15.0,74,10.4,868.0,2.6,286,Shankapark,27.7355,85.3434
2025-12-11T17:00,13.0,74,8.6,867.8,1.9,248,Shankapark,27.7355,85.3434
2025-12-11T18:00,12.2,75,7.9,868.2,1.7,212,Shankapark,27.7355,85.3434
2025-12-11T19:00,11.6,76,7.5,868.4,1.8,204,Shankapark,27.7355,85.3434
2025-12-11T20:00,11.4,75,7.1,868.7,0.2,180,Shankapark,27.7355,85.3434
2025-12-11T21:00,11.2,74,6.8,868.5,0.7,166,Shankapark,27.7355,85.3434
2025-12-11T22:00,11.1,73,6.4,868.3,1.3,146,Shankapark,27.7355,85.3434
2025-12-11T23:00,9.8,81,6.7,867.4,2.4,153,Shankapark,27.7355,85.3434
2025-12-12T00:00,9.5,82,6.7,866.7,2.1,165,Shankapark,27.7355,85.3434
2025-12-12T01:00,8.9,84,6.4,866.4,1.9,158,Shankapark,27.7355,85.3434
2025-12-12T02:00,8.8,83,6.2,866.2,2.1,160,Shankapark,27.7355,85.3434
2025-12-12T03:00,8.6,83,5.8,866.0,2.1,160,Shankapark,27.7355,85.3434
2025-12-12T04:00,8.7,80,5.5,866.1,3.0,155,Shankapark,27.7355,85.3434
2025-12-12T05:00,7.2,87,5.2,866.1,5.3,135,Shankapark,27.7355,85.3434
2025-12-12T06:00,7.0,88,5.1,866.7,6.2,150,Shankapark,27.7355,85.3434
2025-12-12T07:00,8.0,84,5.5,867.8,7.1,150,Shankapark,27.7355,85.3434
2025-12-12T08:00,11.9,72,7.1,870.3,6.4,135,Shankapark,27.7355,85.3434
2025-12-12T09:00,15.0,57,6.7,872.0,4.5,97,Shankapark,27.7355,85.3434
2025-12-12T10:00,16.9,48,5.8,872.1,3.9,66,Shankapark,27.7355,85.3434
2025-12-12T11:00,17.9,48,6.7,871.6,3.6,360,Shankapark,27.7355,85.3434
2025-12-12T12:00,18.6,46,6.8,870.8,5.3,336,Shankapark,27.7355,85.3434
2025-12-12T13:00,18.6,47,7.0,870.1,6.5,326,Shankapark,27.7355,85.3434
2025-12-12T14:00,18.0,49,7.2,869.4,7.3,322,Shankapark,27.7355,85.3434
2025-12-12T15:00,16.9,52,7.1,869.2,6.9,321,Shankapark,27.7355,85.3434
2025-12-12T16:00,14.6,67,8.6,868.5,3.7,321,Shankapark,27.7355,85.3434
2025-12-12T17:00,12.7,72,7.7,868.2,2.4,297,Shankapark,27.7355,85.3434
2025-12-12T18:00,12.0,72,7.1,868.5,0.5,180,Shankapark,27.7355,85.3434
2025-12-12T19:00,11.5,75,7.2,868.8,2.0,185,Shankapark,27.7355,85.3434
2025-12-12T20:00,11.0,77,7.0,869.0,1.6,186,Shankapark,27.7355,85.3434
2025-12-12T21:00,10.7,76,6.6,868.9,1.5,187,Shankapark,27.7355,85.3434
2025-12-12T22:00,10.4,74,6.0,868.5,0.7,194,Shankapark,27.7355,85.3434
2025-12-12T23:00,9.3,81,6.1,868.0,1.8,174,Shankapark,27.7355,85.3434
2025-12-13T00:00,9.3,80,5.9,867.6,1.3,164,Shankapark,27.7355,85.3434
2025-12-13T01:00,8.8,80,5.5,867.5,2.2,156,Shankapark,27.7355,85.3434
2025-12-13T02:00,8.9,79,5.4,867.5,3.1,149,Shankapark,27.7355,85.3434
2025-12-13T03:00,8.7,80,5.5,867.1,4.3,156,Shankapark,27.7355,85.3434
2025-12-13T04:00,8.0,84,5.5,866.6,4.3,163,Shankapark,27.7355,85.3434
2025-12-13T05:00,7.1,88,5.2,866.8,4.4,148,Shankapark,27.7355,85.3434
2025-12-13T06:00,7.1,89,5.3,867.3,5.0,154,Shankapark,27.7355,85.3434
2025-12-13T07:00,8.3,87,6.2,868.4,6.1,152,Shankapark,27.7355,85.3434
2025-12-13T08:00,12.3,75,8.1,871.2,5.9,135,Shankapark,27.7355,85.3434
2025-12-13T09:00,15.5,61,7.9,873.3,4.5,92,Shankapark,27.7355,85.3434
2025-12-13T10:00,17.3,51,7.3,873.3,4.3,75,Shankapark,27.7355,85.3434
2025-12-13T11:00,18.5,48,7.4,872.9,3.8,49,Shankapark,27.7355,85.3434
2025-12-13T12:00,19.4,45,7.3,872.1,4.0,8,Shankapark,27.7355,85.3434
2025-12-13T13:00,19.4,47,7.7,871.3,6.5,328,Shankapark,27.7355,85.3434
2025-12-13T14:00,18.5,51,8.3,870.5,8.2,319,Shankapark,27.7355,85.3434
2025-12-13T15:00,17.1,59,9.0,870.2,6.6,325,Shankapark,27.7355,85.3434
2025-12-13T16:00,14.8,75,10.4,869.6,3.3,311,Shankapark,27.7355,85.3434
2025-12-13T17:00,13.1,75,8.7,869.2,2.6,295,Shankapark,27.7355,85.3434
2025-12-13T18:00,12.5,74,8.0,869.7,2.3,198,Shankapark,27.7355,85.3434
2025-12-13T19:00,11.9,78,8.2,870.1,2.4,193,Shankapark,27.7355,85.3434
2025-12-13T20:00,11.4,80,8.0,870.4,1.5,187,Shankapark,27.7355,85.3434
2025-12-13T21:00,11.1,79,7.6,870.4,1.5,187,Shankapark,27.7355,85.3434
2025-12-13T22:00,10.9,79,7.3,869.7,0.9,180,Shankapark,27.7355,85.3434
2025-12-13T23:00,9.8,84,7.3,868.8,3.7,145,Shankapark,27.7355,85.3434
2025-12-14T00:00,9.5,87,7.4,868.3,5.5,163,Shankapark,27.7355,85.3434
2025-12-14T01:00,8.6,90,7.1,867.8,3.9,167,Shankapark,27.7355,85.3434
2025-12-14T02:00,8.1,91,6.8,867.5,3.1,159,Shankapark,27.7355,85.3434
2025-12-14T03:00,8.2,91,6.9,867.7,4.0,162,Shankapark,27.7355,85.3434
2025-12-14T04:00,8.0,91,6.6,867.4,4.0,162,Shankapark,27.7355,85.3434
2025-12-14T05:00,6.6,95,5.9,867.5,6.2,136,Shankapark,27.7355,85.3434
2025-12-14T06:00,7.0,94,6.1,868.6,5.2,160,Shankapark,27.7355,85.3434
2025-12-14T07:00,8.4,92,7.1,869.7,6.2,158,Shankapark,27.7355,85.3434
2025-12-14T08:00,12.6,80,9.2,872.5,6.0,141,Shankapark,27.7355,85.3434
2025-12-14T09:00,16.0,65,9.4,874.7,3.7,101,Shankapark,27.7355,85.3434
2025-12-14T10:00,17.9,52,7.9,874.5,3.2,43,Shankapark,27.7355,85.3434
2025-12-14T11:00,19.0,47,7.4,873.8,4.7,351,Shankapark,27.7355,85.3434
2025-12-14T12:00,19.6,47,7.9,872.7,5.2,344,Shankapark,27.7355,85.3434
2025-12-14T13:00,19.6,49,8.6,871.8,5.8,324,Shankapark,27.7355,85.3434
2025-12-14T14:00,18.8,53,9.1,870.9,7.4,313,Shankapark,27.7355,85.3434
2025-12-14T15:00,17.7,57,9.1,870.3,6.0,309,Shankapark,27.7355,85.3434
2025-12-14T16:00,15.3,73,10.4,869.6,3.3,299,Shankapark,27.7355,85.3434
2025-12-14T17:00,13.3,73,8.5,869.1,2.8,281,Shankapark,27.7355,85.3434
2025-12-14T18:00,12.7,73,8.0,869.4,1.6,207,Shankapark,27.7355,85.3434
2025-12-14T19:00,12.2,76,8.1,869.7,1.6,207,Shankapark,27.7355,85.3434
2025-12-14T20:00,11.8,77,7.9,870.1,1.9,221,Shankapark,27.7355,85.3434
2025-12-14T21:00,11.2,80,7.8,869.9,1.4,203,Shankapark,27.7355,85.3434
2025-12-14T22:00,10.9,80,7.6,869.5,0.4,207,Shankapark,27.7355,85.3434
2025-12-14T23:00,9.5,86,7.3,868.5,1.9,158,Shankapark,27.7355,85.3434
2025-12-15T00:00,9.5,86,7.3,868.5,0.9,180,Shankapark,27.7355,85.3434
2025-12-15T01:00,9.7,82,6.8,868.6,0.7,180,Shankapark,27.7355,85.3434
2025-12-15T02:00,10.0,78,6.4,868.3,1.2,153,Shankapark,27.7355,85.3434
2025-12-15T03:00,9.4,79,5.9,867.4,2.8,145,Shankapark,27.7355,85.3434
2025-12-15T04:00,9.1,80,5.8,867.1,2.9,150,Shankapark,27.7355,85.3434
2025-12-15T05:00,7.1,91,5.8,866.8,5.0,131,Shankapark,27.7355,85.3434
2025-12-15T06:00,6.7,94,5.8,867.4,5.9,149,Shankapark,27.7355,85.3434
2025-12-15T07:00,7.9,92,6.7,868.7,6.4,151,Shankapark,27.7355,85.3434
2025-12-15T08:00,12.2,77,8.3,871.5,6.1,133,Shankapark,27.7355,85.3434
2025-12-15T09:00,15.3,59,7.3,873.3,4.5,92,Shankapark,27.7355,85.3434
2025-12-15T10:00,17.3,48,6.0,873.2,4.2,59,Shankapark,27.7355,85.3434
2025-12-15T11:00,18.2,44,5.7,872.6,4.3,5,Shankapark,27.7355,85.3434
2025-12-15T12:00,19.0,42,6.0,871.8,5.0,345,Shankapark,27.7355,85.3434
2025-12-15T13:00,18.9,45,6.6,870.9,5.8,324,Shankapark,27.7355,85.3434
2025-12-15T14:00,18.3,48,7.1,870.5,8.0,318,Shankapark,27.7355,85.3434
2025-12-15T15:00,16.9,54,7.5,869.8,7.8,310,Shankapark,27.7355,85.3434
2025-12-15T16:00,14.5,69,8.8,869.1,4.0,330,Shankapark,27.7355,85.3434
2025-12-15T17:00,12.4,75,8.0,868.5,2.5,300,Shankapark,27.7355,85.3434
2025-12-15T18:00,12.1,73,7.4,869.0,0.9,191,Shankapark,27.7355,85.3434
2025-12-15T19:00,11.7,75,7.5,869.1,1.7,198,Shankapark,27.7355,85.3434
2025-12-15T20:00,11.5,74,7.1,869.4,0.7,194,Shankapark,27.7355,85.3434
2025-12-15T21:00,11.3,73,6.5,869.1,0.2,180,Shankapark,27.7355,85.3434
2025-12-15T22:00,11.1,71,6.1,868.9,0.5,180,Shankapark,27.7355,85.3434
2025-12-15T23:00,9.7,79,6.2,867.9,1.5,150,Shankapark,27.7355,85.3434
2025-12-16T00:00,9.3,80,5.9,867.5,2.9,133,Shankapark,27.7355,85.3434
2025-12-16T01:00,9.2,78,5.6,867.4,3.7,129,Shankapark,27.7355,85.3434
2025-12-16T02:00,8.8,78,5.1,866.6,3.8,139,Shankapark,27.7355,85.3434
2025-12-16T03:00,8.3,80,5.1,866.1,4.6,144,Shankapark,27.7355,85.3434
2025-12-16T04:00,7.6,84,5.0,865.4,5.8,146,Shankapark,27.7355,85.3434
2025-12-16T05:00,6.0,94,5.0,865.3,8.2,130,Shankapark,27.7355,85.3434
2025-12-16T06:00,6.2,93,5.1,866.1,7.0,140,Shankapark,27.7355,85.3434
2025-12-16T07:00,7.5,89,5.9,867.2,7.5,140,Shankapark,27.7355,85.3434
2025-12-16T08:00,11.4,75,7.1,869.7,7.3,113,Shankapark,27.7355,85.3434
2025-12-16T09:00,14.2,59,6.3,871.2,7.0,94,Shankapark,27.7355,85.3434
2025-12-16T10:00,15.9,53,6.3,871.1,6.7,87,Shankapark,27.7355,85.3434
2025-12-16T11:00,16.9,54,7.4,870.5,3.4,87,Shankapark,27.7355,85.3434
2025-12-16T12:00,18.1,50,7.6,870.1,3.7,51,Shankapark,27.7355,85.3434
2025-12-16T13:00,18.6,48,7.5,869.2,4.5,47,Shankapark,27.7355,85.3434
2025-12-16T14:00,18.6,48,7.5,868.6,3.6,33,Shankapark,27.7355,85.3434
2025-12-16T15:00,17.6,53,7.9,868.6,3.5,348,Shankapark,27.7355,85.3434
2025-12-16T16:00,15.2,69,9.7,868.1,3.4,317,Shankapark,27.7355,85.3434
2025-12-16T17:00,13.1,76,8.9,867.6,2.9,300,Shankapark,27.7355,85.3434
2025-12-16T18:00,12.5,75,8.2,868.3,1.1,252,Shankapark,27.7355,85.3434
2025-12-16T19:00,12.0,75,7.6,868.8,0.6,198,Shankapark,27.7355,85.3434
2025-12-16T20:00,11.9,72,7.1,869.1,0.8,153,Shankapark,27.7355,85.3434
2025-12-16T21:00,11.7,72,6.8,869.1,1.2,141,Shankapark,27.7355,85.3434
2025-12-16T22:00,11.1,73,6.5,868.7,3.5,129,Shankapark,27.7355,85.3434
2025-12-16T23:00,8.9,86,6.6,867.6,4.2,130,Shankapark,27.7355,85.3434
2025-12-17T00:00,8.5,85,6.1,867.6,3.2,137,Shankapark,27.7355,85.3434
2025-12-17T01:00,8.6,78,5.1,867.5,4.1,128,Shankapark,27.7355,85.3434
2025-12-17T02:00,8.5,74,4.2,867.1,3.9,137,Shankapark,27.7355,85.3434
2025-12-17T03:00,8.0,76,4.0,866.5,3.8,139,Shankapark,27.7355,85.3434
2025-12-17T04:00,7.7,78,4.0,866.4,5.4,140,Shankapark,27.7355,85.3434
2025-12-17T05:00,5.7,90,4.1,866.0,8.8,133,Shankapark,27.7355,85.3434
2025-12-17T06:00,5.9,88,4.0,866.9,6.8,143,Shankapark,27.7355,85.3434
2025-12-17T07:00,7.1,84,4.5,868.2,6.6,137,Shankapark,27.7355,85.3434
2025-12-17T08:00,11.0,69,5.6,870.9,5.9,117,Shankapark,27.7355,85.3434
2025-12-17T09:00,14.2,55,5.3,873.0,4.8,103,Shankapark,27.7355,85.3434
2025-12-17T10:00,16.0,51,5.8,872.9,4.4,102,Shankapark,27.7355,85.3434
2025-12-17T11:00,17.0,49,6.1,872.2,5.4,86,Shankapark,27.7355,85.3434
2025-12-17T12:00,18.0,47,6.7,871.7,2.9,43,Shankapark,27.7355,85.3434
2025-12-17T13:00,18.5,47,7.1,871.2,5.2,6,Shankapark,27.7355,85.3434
2025-12-17T14:00,18.3,48,7.0,870.8,5.9,11,Shankapark,27.7355,85.3434
2025-12-17T15:00,17.6,50,7.1,870.7,4.4,12,Shankapark,27.7355,85.3434
2025-12-17T16:00,15.2,67,9.0,870.4,3.3,351,Shankapark,27.7355,85.3434
2025-12-17T17:00,13.3,67,7.4,870.1,1.1,288,Shankapark,27.7355,85.3434
2025-12-17T18:00,12.7,68,7.0,870.5,0.4,180,Shankapark,27.7355,85.3434
2025-12-17T19:00,11.8,70,6.5,870.2,1.9,163,Shankapark,27.7355,85.3434
2025-12-17T20:00,11.6,68,6.0,870.1,2.2,166,Shankapark,27.7355,85.3434
2025-12-17T21:00,11.2,69,5.8,869.8,3.0,166,Shankapark,27.7355,85.3434
2025-12-17T22:00,10.1,73,5.4,869.4,0.9,180,Shankapark,27.7355,85.3434
2025-12-17T23:00,7.8,86,5.6,868.5,0.4,180,Shankapark,27.7355,85.3434
2025-12-18T00:00,8.4,79,5.1,868.6,1.5,166,Shankapark,27.7355,85.3434
2025-12-18T01:00,8.6,77,4.8,868.1,3.8,155,Shankapark,27.7355,85.3434
2025-12-18T02:00,7.9,80,4.7,867.4,4.9,156,Shankapark,27.7355,85.3434
2025-12-18T03:00,6.9,85,4.6,866.8,5.0,159,Shankapark,27.7355,85.3434
2025-12-18T04:00,6.3,88,4.4,866.4,4.8,160,Shankapark,27.7355,85.3434
2025-12-18T05:00,5.0,93,4.0,866.4,6.3,145,Shankapark,27.7355,85.3434
2025-12-18T06:00,5.4,90,3.8,867.6,4.0,159,Shankapark,27.7355,85.3434
2025-12-18T07:00,6.9,86,4.8,868.9,5.4,159,Shankapark,27.7355,85.3434
2025-12-18T08:00,12.1,73,7.3,872.1,6.3,143,Shankapark,27.7355,85.3434
2025-12-18T09:00,16.0,56,7.2,874.2,3.3,103,Shankapark,27.7355,85.3434
2025-12-18T10:00,17.8,50,7.2,874.3,1.9,41,Shankapark,27.7355,85.3434
2025-12-18T11:00,18.3,49,7.3,873.6,5.1,356,Shankapark,27.7355,85.3434
2025-12-18T12:00,19.3,46,7.2,872.6,4.9,352,Shankapark,27.7355,85.3434
2025-12-18T13:00,19.3,45,7.1,871.9,6.4,338,Shankapark,27.7355,85.3434
2025-12-18T14:00,18.7,47,7.2,871.2,6.5,332,Shankapark,27.7355,85.3434
2025-12-18T15:00,17.7,53,7.9,870.6,4.8,326,Shankapark,27.7355,85.3434
2025-12-18T16:00,15.0,71,9.8,869.3,3.4,317,Shankapark,27.7355,85.3434
2025-12-18T17:00,12.9,70,7.6,868.7,1.4,247,Shankapark,27.7355,85.3434
2025-12-18T18:00,12.2,72,7.2,868.9,1.2,207,Shankapark,27.7355,85.3434
2025-12-18T19:00,11.6,72,6.7,869.0,0.4,207,Shankapark,27.7355,85.3434
2025-12-18T20:00,11.2,73,6.5,868.9,1.0,202,Shankapark,27.7355,85.3434
2025-12-18T21:00,10.7,74,6.3,868.6,1.4,203,Shankapark,27.7355,85.3434
2025-12-18T22:00,10.3,75,6.1,868.1,1.5,194,Shankapark,27.7355,85.3434
2025-12-18T23:00,9.0,83,6.3,867.1,1.6,186,Shankapark,27.7355,85.3434
2025-12-19T00:00,9.2,81,6.0,867.2,0.2,180,Shankapark,27.7355,85.3434
2025-12-19T01:00,8.9,79,5.5,866.7,1.3,164,Shankapark,27.7355,85.3434
2025-12-19T02:00,8.8,79,5.4,866.2,2.7,157,Shankapark,27.7355,85.3434
2025-12-19T03:00,8.7,80,5.4,865.9,3.4,155,Shankapark,27.7355,85.3434
2025-12-19T04:00,8.1,83,5.3,865.3,4.3,152,Shankapark,27.7355,85.3434
2025-12-19T05:00,6.3,92,5.1,865.0,6.6,143,Shankapark,27.7355,85.3434
2025-12-19T06:00,6.1,92,4.9,865.5,3.5,156,Shankapark,27.7355,85.3434
2025-12-19T07:00,7.4,89,5.8,866.9,4.2,160,Shankapark,27.7355,85.3434
2025-12-19T08:00,12.1,78,8.3,869.7,5.1,129,Shankapark,27.7355,85.3434
2025-12-19T09:00,15.2,57,6.7,871.6,3.9,62,Shankapark,27.7355,85.3434
2025-12-19T10:00,16.9,46,5.4,871.2,4.4,35,Shankapark,27.7355,85.3434
2025-12-19T11:00,17.4,47,5.9,870.7,6.1,355,Shankapark,27.7355,85.3434
2025-12-19T12:00,18.0,46,6.3,869.8,6.8,335,Shankapark,27.7355,85.3434
2025-12-19T13:00,17.9,49,7.2,868.7,7.0,331,Shankapark,27.7355,85.3434
2025-12-19T14:00,17.4,52,7.5,867.9,7.5,327,Shankapark,27.7355,85.3434
2025-12-19T15:00,16.3,56,7.6,867.4,6.6,317,Shankapark,27.7355,85.3434
2025-12-19T16:00,14.2,71,9.0,866.8,3.6,333,Shankapark,27.7355,85.3434
2025-12-19T17:00,11.5,74,7.1,866.1,3.4,342,Shankapark,27.7355,85.3434
2025-12-19T18:00,11.2,72,6.4,866.2,0.9,191,Shankapark,27.7355,85.3434
2025-12-19T19:00,10.7,76,6.7,866.1,2.5,188,Shankapark,27.7355,85.3434
2025-12-19T20:00,10.1,80,6.8,866.0,0.9,180,Shankapark,27.7355,85.3434
2025-12-19T21:00,10.0,79,6.6,866.5,0.2,180,Shankapark,27.7355,85.3434
2025-12-19T22:00,10.0,78,6.3,866.6,0.9,169,Shankapark,27.7355,85.3434
2025-12-19T23:00,8.5,87,6.5,865.9,0.7,166,Shankapark,27.7355,85.3434
2025-12-20T00:00,8.5,86,6.3,865.3,2.6,141,Shankapark,27.7355,85.3434
2025-12-20T01:00,8.1,87,6.1,864.8,3.3,135,Shankapark,27.7355,85.3434
2025-12-20T02:00,7.7,88,5.8,864.3,4.1,135,Shankapark,27.7355,85.3434
2025-12-20T03:00,7.2,88,5.4,864.1,5.1,135,Shankapark,27.7355,85.3434
2025-12-20T04:00,6.9,89,5.2,863.6,6.1,148,Shankapark,27.7355,85.3434
2025-12-20T05:00,6.0,96,5.4,863.7,7.1,142,Shankapark,27.7355,85.3434
2025-12-20T06:00,6.1,96,5.5,864.9,3.5,152,Shankapark,27.7355,85.3434
2025-12-20T07:00,7.4,93,6.4,866.6,4.3,132,Shankapark,27.7355,85.3434
2025-12-20T08:00,11.5,77,7.6,869.0,5.1,126,Shankapark,27.7355,85.3434
2025-12-20T09:00,13.8,66,7.7,870.3,4.5,104,Shankapark,27.7355,85.3434
2025-12-20T10:00,15.5,60,7.9,870.3,3.7,67,Shankapark,27.7355,85.3434
2025-12-20T11:00,16.1,58,8.0,869.8,3.6,41,Shankapark,27.7355,85.3434
2025-12-20T12:00,17.6,53,7.8,869.0,3.9,28,Shankapark,27.7355,85.3434
2025-12-20T13:00,17.4,53,7.9,868.3,4.7,2,Shankapark,27.7355,85.3434
2025-12-20T14:00,17.1,56,8.3,867.8,5.5,333,Shankapark,27.7355,85.3434
2025-12-20T15:00,15.9,63,9.0,867.6,5.9,320,Shankapark,27.7355,85.3434
2025-12-20T16:00,13.9,77,9.9,867.2,3.4,328,Shankapark,27.7355,85.3434
2025-12-20T17:00,11.3,87,9.2,866.9,3.4,313,Shankapark,27.7355,85.3434
2025-12-20T18:00,11.2,83,8.5,867.5,0.6,198,Shankapark,27.7355,85.3434
2025-12-20T19:00,10.7,83,7.9,867.6,0.5,90,Shankapark,27.7355,85.3434
2025-12-20T20:00,10.0,86,7.7,867.4,2.3,119,Shankapark,27.7355,85.3434
2025-12-20T21:00,9.7,88,7.7,867.4,3.3,144,Shankapark,27.7355,85.3434
2025-12-20T22:00,9.2,89,7.5,866.8,3.1,156,Shankapark,27.7355,85.3434
2025-12-20T23:00,8.5,93,7.4,866.6,3.7,145,Shankapark,27.7355,85.3434
2025-12-21T00:00,8.5,92,7.3,866.3,3.4,148,Shankapark,27.7355,85.3434
2025-12-21T01:00,8.5,92,7.2,866.0,3.1,156,Shankapark,27.7355,85.3434
2025-12-21T02:00,8.1,92,6.9,866.1,2.6,146,Shankapark,27.7355,85.3434
2025-12-21T03:00,8.2,90,6.7,866.1,3.4,148,Shankapark,27.7355,85.3434
2025-12-21T04:00,8.0,91,6.6,865.5,4.7,152,Shankapark,27.7355,85.3434
2025-12-21T05:00,6.7,97,6.3,865.0,7.4,146,Shankapark,27.7355,85.3434
2025-12-21T06:00,6.7,96,6.1,865.9,4.2,162,Shankapark,27.7355,85.3434
2025-12-21T07:00,7.6,95,6.9,867.4,4.4,161,Shankapark,27.7355,85.3434
2025-12-21T08:00,11.8,82,8.9,870.1,5.0,131,Shankapark,27.7355,85.3434
2025-12-21T09:00,15.0,64,8.2,872.0,3.5,66,Shankapark,27.7355,85.3434
2025-12-21T10:00,17.0,54,7.7,872.1,3.1,21,Shankapark,27.7355,85.3434
2025-12-21T11:00,17.4,55,8.3,871.7,6.2,345,Shankapark,27.7355,85.3434
2025-12-21T12:00,18.2,53,8.6,871.0,5.8,340,Shankapark,27.7355,85.3434
2025-12-21T13:00,18.3,55,9.1,870.4,7.1,324,Shankapark,27.7355,85.3434
2025-12-21T14:00,17.3,58,8.9,870.0,7.9,317,Shankapark,27.7355,85.3434
2025-12-21T15:00,16.1,60,8.4,870.0,6.0,323,Shankapark,27.7355,85.3434
2025-12-21T16:00,14.1,72,9.1,869.5,3.1,336,Shankapark,27.7355,85.3434
2025-12-21T17:00,12.3,80,8.9,869.1,2.9,313,Shankapark,27.7355,85.3434
2025-12-21T18:00,12.1,79,8.5,869.5,1.2,207,Shankapark,27.7355,85.3434
2025-12-21T19:00,11.8,80,8.5,869.5,2.2,194,Shankapark,27.7355,85.3434
2025-12-21T20:00,11.5,83,8.7,869.5,2.7,184,Shankapark,27.7355,85.3434
2025-12-21T21:00,10.8,87,8.8,869.8,1.3,180,Shankapark,27.7355,85.3434
2025-12-21T22:00,10.6,87,8.5,869.7,1.5,166,Shankapark,27.7355,85.3434
2025-12-21T23:00,9.6,92,8.4,869.5,1.3,172,Shankapark,27.7355,85.3434
2025-12-22T00:00,9.3,92,8.0,869.2,0.9,180,Shankapark,27.7355,85.3434
2025-12-22T01:00,8.9,92,7.6,869.0,1.7,162,Shankapark,27.7355,85.3434
2025-12-22T02:00,9.0,90,7.5,868.6,2.2,166,Shankapark,27.7355,85.3434
2025-12-22T03:00,8.6,90,7.0,868.0,1.7,167,Shankapark,27.7355,85.3434
2025-12-22T04:00,8.4,90,6.9,867.6,1.5,166,Shankapark,27.7355,85.3434
2025-12-22T05:00,6.8,98,6.5,866.8,1.9,163,Shankapark,27.7355,85.3434
2025-12-22T06:00,6.4,99,6.3,866.9,1.3,164,Shankapark,27.7355,85.3434
2025-12-22T07:00,7.1,99,6.9,867.7,3.9,156,Shankapark,27.7355,85.3434
2025-12-22T08:00,11.4,88,9.6,870.5,5.7,152,Shankapark,27.7355,85.3434
2025-12-22T09:00,14.4,70,9.1,872.3,1.6,84,Shankapark,27.7355,85.3434
2025-12-22T10:00,15.9,62,8.7,871.9,2.5,339,Shankapark,27.7355,85.3434
2025-12-22T11:00,16.4,59,8.4,871.3,6.3,329,Shankapark,27.7355,85.3434
2025-12-22T12:00,17.2,57,8.5,870.5,7.2,325,Shankapark,27.7355,85.3434
2025-12-22T13:00,17.3,57,8.8,869.7,8.2,322,Shankapark,27.7355,85.3434
2025-12-22T14:00,16.8,58,8.6,868.8,8.2,324,Shankapark,27.7355,85.3434
2025-12-22T15:00,15.6,61,8.1,868.2,6.7,329,Shankapark,27.7355,85.3434
2025-12-22T16:00,13.8,72,8.9,867.3,3.2,333,Shankapark,27.7355,85.3434
2025-12-22T17:00,11.8,82,8.8,866.5,2.0,333,Shankapark,27.7355,85.3434
2025-12-22T18:00,11.5,81,8.4,866.8,0.7,194,Shankapark,27.7355,85.3434
2025-12-22T19:00,11.3,83,8.6,866.8,3.0,194,Shankapark,27.7355,85.3434
2025-12-22T20:00,10.8,85,8.5,866.8,2.8,191,Shankapark,27.7355,85.3434
2025-12-22T21:00,10.0,87,8.0,866.5,1.1,189,Shankapark,27.7355,85.3434
2025-12-22T22:00,9.8,86,7.5,866.3,0.7,180,Shankapark,27.7355,85.3434
2025-12-22T23:00,8.7,92,7.5,865.9,0.9,191,Shankapark,27.7355,85.3434
2025-12-23T00:00,8.7,90,7.2,865.8,0.5,180,Shankapark,27.7355,85.3434
2025-12-23T01:00,8.5,90,6.9,865.6,1.5,159,Shankapark,27.7355,85.3434
2025-12-23T02:00,8.5,89,6.8,865.4,2.7,160,Shankapark,27.7355,85.3434
2025-12-23T03:00,8.4,89,6.6,864.8,2.9,169,Shankapark,27.7355,85.3434
2025-12-23T04:00,8.0,90,6.5,864.5,3.3,167,Shankapark,27.7355,85.3434
2025-12-23T05:00,6.4,98,6.1,863.9,1.5,150,Shankapark,27.7355,85.3434
2025-12-23T06:00,6.3,98,6.0,864.1,3.5,165,Shankapark,27.7355,85.3434
2025-12-23T07:00,6.9,99,6.7,865.1,5.0,159,Shankapark,27.7355,85.3434
2025-12-23T08:00,11.2,89,9.4,867.4,5.3,147,Shankapark,27.7355,85.3434
2025-12-23T09:00,14.3,70,8.8,869.0,1.8,101,Shankapark,27.7355,85.3434
2025-12-23T10:00,16.5,55,7.4,869.0,1.9,343,Shankapark,27.7355,85.3434
2025-12-23T11:00,17.4,49,6.8,868.9,6.3,336,Shankapark,27.7355,85.3434
2025-12-23T12:00,18.1,48,6.9,868.2,7.2,328,Shankapark,27.7355,85.3434
2025-12-23T13:00,17.9,53,8.1,867.3,8.4,320,Shankapark,27.7355,85.3434
2025-12-23T14:00,17.3,58,8.9,866.8,8.8,319,Shankapark,27.7355,85.3434
2025-12-23T15:00,16.0,63,8.9,866.2,6.9,321,Shankapark,27.7355,85.3434
2025-12-23T16:00,13.5,75,9.2,865.5,4.4,328,Shankapark,27.7355,85.3434
2025-12-23T17:00,10.9,86,8.7,864.4,1.9,22,Shankapark,27.7355,85.3434
2025-12-23T18:00,10.5,87,8.4,864.6,0.2,180,Shankapark,27.7355,85.3434
2025-12-23T19:00,10.1,89,8.4,864.6,4.5,185,Shankapark,27.7355,85.3434
2025-12-23T20:00,9.2,94,8.2,864.3,4.7,178,Shankapark,27.7355,85.3434
2025-12-23T21:00,8.4,94,7.5,863.9,3.3,174,Shankapark,27.7355,85.3434
2025-12-23T22:00,8.0,92,6.8,863.5,2.4,171,Shankapark,27.7355,85.3434
2025-12-23T23:00,7.3,98,7.0,863.7,1.1,180,Shankapark,27.7355,85.3434
2025-12-24T00:00,6.7,98,6.5,863.1,3.5,168,Shankapark,27.7355,85.3434
2025-12-24T01:00,6.2,99,6.1,862.6,5.6,155,Shankapark,27.7355,85.3434
2025-12-24T02:00,5.8,100,5.8,862.5,5.2,155,Shankapark,27.7355,85.3434
2025-12-24T03:00,5.3,100,5.3,862.0,5.5,157,Shankapark,27.7355,85.3434
2025-12-24T04:00,5.5,100,5.5,862.1,6.1,156,Shankapark,27.7355,85.3434
2025-12-24T05:00,5.4,100,5.4,862.7,5.2,164,Shankapark,27.7355,85.3434
2025-12-24T06:00,5.5,100,5.5,863.5,5.6,159,Shankapark,27.7355,85.3434
2025-12-24T07:00,6.6,99,6.5,865.0,7.4,151,Shankapark,27.7355,85.3434
2025-12-24T08:00,9.6,85,7.3,867.1,6.9,143,Shankapark,27.7355,85.3434
2025-12-24T09:00,11.8,74,7.4,868.4,5.4,127,Shankapark,27.7355,85.3434
2025-12-24T10:00,14.4,61,7.0,868.8,3.2,87,Shankapark,27.7355,85.3434
2025-12-24T11:00,15.3,56,6.5,868.5,4.0,21,Shankapark,27.7355,85.3434
2025-12-24T12:00,16.4,51,6.4,867.9,3.3,22,Shankapark,27.7355,85.3434
2025-12-24T13:00,17.0,51,6.7,867.1,3.4,6,Shankapark,27.7355,85.3434
2025-12-24T14:00,16.7,54,7.4,866.6,5.1,337,Shankapark,27.7355,85.3434
2025-12-24T15:00,15.2,64,8.5,866.1,6.4,324,Shankapark,27.7355,85.3434
2025-12-24T16:00,12.9,78,9.2,865.8,5.6,318,Shankapark,27.7355,85.3434
2025-12-24T17:00,10.8,90,9.2,865.3,3.1,336,Shankapark,27.7355,85.3434
2025-12-24T18:00,10.4,91,9.0,865.7,0.5,180,Shankapark,27.7355,85.3434
2025-12-24T19:00,9.8,95,9.0,866.2,2.0,190,Shankapark,27.7355,85.3434
2025-12-24T20:00,8.9,100,8.9,866.4,2.3,184,Shankapark,27.7355,85.3434
2025-12-24T21:00,8.3,100,8.3,866.2,2.7,176,Shankapark,27.7355,85.3434
2025-12-24T22:00,7.5,100,7.5,865.6,4.5,164,Shankapark,27.7355,85.3434
2025-12-24T23:00,7.1,100,7.1,865.5,4.6,154,Shankapark,27.7355,85.3434
2025-12-25T00:00,7.0,100,7.0,865.1,5.5,157,Shankapark,27.7355,85.3434
2025-12-25T01:00,7.0,100,7.0,864.8,5.8,150,Shankapark,27.7355,85.3434
2025-12-25T02:00,6.9,100,6.9,864.6,5.6,147,Shankapark,27.7355,85.3434
2025-12-25T03:00,6.9,99,6.8,864.4,6.5,148,Shankapark,27.7355,85.3434
2025-12-25T04:00,6.6,100,6.6,864.4,6.7,146,Shankapark,27.7355,85.3434
2025-12-25T05:00,6.0,100,6.0,864.7,6.8,140,Shankapark,27.7355,85.3434
2025-12-25T06:00,6.4,100,6.3,865.4,6.4,128,Shankapark,27.7355,85.3434
2025-12-25T07:00,7.0,98,6.8,866.6,8.0,140,Shankapark,27.7355,85.3434
2025-12-25T08:00,9.3,92,8.1,868.5,5.5,142,Shankapark,27.7355,85.3434
2025-12-25T09:00,11.8,85,9.3,869.9,3.5,99,Shankapark,27.7355,85.3434
2025-12-25T10:00,14.3,72,9.3,870.3,4.5,74,Shankapark,27.7355,85.3434
2025-12-25T11:00,15.4,65,8.9,869.9,3.5,351,Shankapark,27.7355,85.3434
2025-12-25T12:00,16.4,60,8.7,869.2,4.3,343,Shankapark,27.7355,85.3434
2025-12-25T13:00,16.9,55,7.8,868.7,5.4,320,Shankapark,27.7355,85.3434
2025-12-25T14:00,16.4,56,7.6,868.4,7.1,300,Shankapark,27.7355,85.3434
2025-12-25T15:00,14.9,65,8.4,868.1,7.6,304,Shankapark,27.7355,85.3434
2025-12-25T16:00,13.1,75,8.8,867.8,5.2,311,Shankapark,27.7355,85.3434
2025-12-25T17:00,11.3,86,9.1,867.5,4.3,318,Shankapark,27.7355,85.3434
2025-12-25T18:00,11.1,87,9.0,868.1,0.5,180,Shankapark,27.7355,85.3434
2025-12-25T19:00,10.5,89,8.7,868.0,0.7,180,Shankapark,27.7355,85.3434
2025-12-25T20:00,9.6,91,8.2,868.1,1.1,180,Shankapark,27.7355,85.3434
2025-12-25T21:00,9.0,93,7.8,868.3,0.6,162,Shankapark,27.7355,85.3434
2025-12-25T22:00,7.9,99,7.8,867.7,1.0,158,Shankapark,27.7355,85.3434
2025-12-25T23:00,7.7,100,7.7,867.4,2.8,162,Shankapark,27.7355,85.3434
2025-12-26T00:00,7.2,100,7.2,866.5,4.2,162,Shankapark,27.7355,85.3434
2025-12-26T01:00,7.0,100,6.9,866.6,2.3,162,Shankapark,27.7355,85.3434
2025-12-26T02:00,6.8,100,6.8,866.2,2.7,157,Shankapark,27.7355,85.3434
2025-12-26T03:00,6.5,100,6.5,865.9,4.3,156,Shankapark,27.7355,85.3434
2025-12-26T04:00,6.5,100,6.5,865.4,5.2,149,Shankapark,27.7355,85.3434
2025-12-26T05:00,5.7,100,5.7,864.8,7.8,148,Shankapark,27.7355,85.3434
2025-12-26T06:00,5.3,100,5.3,865.2,6.3,153,Shankapark,27.7355,85.3434
2025-12-26T07:00,5.8,100,5.7,866.3,6.5,148,Shankapark,27.7355,85.3434
2025-12-26T08:00,9.9,92,8.6,869.1,6.0,129,Shankapark,27.7355,85.3434
2025-12-26T09:00,13.1,75,8.8,871.3,3.1,77,Shankapark,27.7355,85.3434
2025-12-26T10:00,15.0,65,8.4,871.4,3.5,35,Shankapark,27.7355,85.3434
2025-12-26T11:00,15.6,62,8.5,870.6,2.9,353,Shankapark,27.7355,85.3434
2025-12-26T12:00,16.8,57,8.3,869.7,3.2,344,Shankapark,27.7355,85.3434
2025-12-26T13:00,17.3,56,8.5,868.7,5.0,330,Shankapark,27.7355,85.3434
2025-12-26T14:00,17.2,58,8.9,868.3,6.7,308,Shankapark,27.7355,85.3434
2025-12-26T15:00,16.0,61,8.6,867.7,8.0,301,Shankapark,27.7355,85.3434
2025-12-26T16:00,13.8,70,8.4,867.3,5.2,311,Shankapark,27.7355,85.3434
2025-12-26T17:00,12.2,77,8.3,867.2,4.7,320,Shankapark,27.7355,85.3434
2025-12-26T18:00,11.1,82,8.1,867.0,0.7,180,Shankapark,27.7355,85.3434
2025-12-26T19:00,10.4,84,7.9,867.2,2.5,201,Shankapark,27.7355,85.3434
2025-12-26T20:00,9.8,88,7.9,867.6,3.2,232,Shankapark,27.7355,85.3434
2025-12-26T21:00,9.5,89,7.8,867.7,1.1,198,Shankapark,27.7355,85.3434
2025-12-26T22:00,9.1,92,7.8,867.0,2.2,175,Shankapark,27.7355,85.3434
2025-12-26T23:00,7.6,99,7.5,866.1,3.2,164,Shankapark,27.7355,85.3434
2025-12-27T00:00,6.4,100,6.4,865.2,3.0,166,Shankapark,27.7355,85.3434
2025-12-27T01:00,5.4,100,5.4,864.4,4.7,157,Shankapark,27.7355,85.3434
2025-12-27T02:00,5.3,100,5.3,864.2,5.9,160,Shankapark,27.7355,85.3434
2025-12-27T03:00,4.9,100,4.9,863.5,6.1,161,Shankapark,27.7355,85.3434
2025-12-27T04:00,4.6,100,4.6,863.1,5.6,163,Shankapark,27.7355,85.3434
2025-12-27T05:00,4.6,100,4.6,863.6,7.8,148,Shankapark,27.7355,85.3434
2025-12-27T06:00,5.1,100,5.1,864.3,5.2,166,Shankapark,27.7355,85.3434
2025-12-27T07:00,5.8,100,5.8,865.6,5.0,159,Shankapark,27.7355,85.3434
2025-12-27T08:00,10.8,89,9.1,868.8,5.4,132,Shankapark,27.7355,85.3434
2025-12-27T09:00,13.7,75,9.4,870.4,3.6,108,Shankapark,27.7355,85.3434
2025-12-27T10:00,15.6,65,9.1,870.6,1.0,31,Shankapark,27.7355,85.3434
2025-12-27T11:00,16.2,61,8.7,870.2,3.7,337,Shankapark,27.7355,85.3434
2025-12-27T12:00,17.3,56,8.5,869.8,4.8,331,Shankapark,27.7355,85.3434
2025-12-27T13:00,17.5,56,8.7,869.0,6.4,315,Shankapark,27.7355,85.3434
2025-12-27T14:00,17.2,59,9.1,868.4,7.1,306,Shankapark,27.7355,85.3434
2025-12-27T15:00,15.9,64,9.0,867.8,7.0,305,Shankapark,27.7355,85.3434
2025-12-27T16:00,13.9,73,9.1,867.5,4.7,313,Shankapark,27.7355,85.3434
2025-12-27T17:00,11.5,85,9.0,867.1,2.9,330,Shankapark,27.7355,85.3434
2025-12-27T18:00,11.1,84,8.5,867.4,1.0,202,Shankapark,27.7355,85.3434
2025-12-27T19:00,10.4,85,8.1,867.7,2.1,200,Shankapark,27.7355,85.3434
2025-12-27T20:00,9.9,86,7.8,867.9,1.8,186,Shankapark,27.7355,85.3434
2025-12-27T21:00,9.0,92,7.7,867.5,2.9,180,Shankapark,27.7355,85.3434
2025-12-27T22:00,7.6,98,7.3,866.5,3.4,174,Shankapark,27.7355,85.3434
2025-12-27T23:00,6.2,100,6.2,865.7,2.5,172,Shankapark,27.7355,85.3434
2025-12-28T00:00,5.2,100,5.2,864.9,4.2,160,Shankapark,27.7355,85.3434
2025-12-28T01:00,4.5,100,4.5,864.3,5.9,153,Shankapark,27.7355,85.3434
2025-12-28T02:00,4.6,100,4.6,864.2,5.2,158,Shankapark,27.7355,85.3434
2025-12-28T03:00,4.3,100,4.3,864.0,4.8,160,Shankapark,27.7355,85.3434
2025-12-28T04:00,4.3,100,4.3,863.7,5.5,157,Shankapark,27.7355,85.3434
2025-12-28T05:00,4.4,100,4.4,864.1,5.1,153,Shankapark,27.7355,85.3434
2025-12-28T06:00,4.4,100,4.4,864.9,5.5,157,Shankapark,27.7355,85.3434
2025-12-28T07:00,5.4,100,5.3,866.1,6.2,158,Shankapark,27.7355,85.3434
2025-12-28T08:00,10.4,88,8.6,869.3,5.6,155,Shankapark,27.7355,85.3434
2025-12-28T09:00,13.7,73,8.9,871.1,2.2,114,Shankapark,27.7355,85.3434
2025-12-28T10:00,15.8,64,9.1,871.2,0.4,27,Shankapark,27.7355,85.3434
2025-12-28T11:00,16.4,60,8.7,870.9,4.2,335,Shankapark,27.7355,85.3434
2025-12-28T12:00,17.3,56,8.4,870.1,6.2,327,Shankapark,27.7355,85.3434
2025-12-28T13:00,17.3,55,8.3,869.3,7.6,315,Shankapark,27.7355,85.3434
2025-12-28T14:00,16.8,57,8.3,868.4,8.6,311,Shankapark,27.7355,85.3434
2025-12-28T15:00,15.4,63,8.5,868.1,8.2,306,Shankapark,27.7355,85.3434
2025-12-28T16:00,13.5,74,9.0,867.5,5.0,308,Shankapark,27.7355,85.3434
2025-12-28T17:00,11.2,89,9.4,867.2,3.2,286,Shankapark,27.7355,85.3434
2025-12-28T18:00,10.6,91,9.2,867.4,1.3,188,Shankapark,27.7355,85.3434
2025-12-28T19:00,10.0,94,9.1,867.3,4.2,192,Shankapark,27.7355,85.3434
2025-12-28T20:00,9.2,97,8.7,867.3,3.6,186,Shankapark,27.7355,85.3434
2025-12-28T21:00,8.3,98,8.0,867.0,2.5,180,Shankapark,27.7355,85.3434
2025-12-28T22:00,7.2,99,7.1,865.9,2.4,171,Shankapark,27.7355,85.3434
2025-12-28T23:00,6.1,100,6.2,865.3,2.6,168,Shankapark,27.7355,85.3434
2025-12-29T00:00,4.5,100,4.5,864.2,2.7,160,Shankapark,27.7355,85.3434
2025-12-29T01:00,4.0,100,4.0,863.6,4.2,160,Shankapark,27.7355,85.3434
2025-12-29T02:00,3.7,100,3.7,863.0,6.3,156,Shankapark,27.7355,85.3434
2025-12-29T03:00,3.7,100,3.8,862.7,7.3,157,Shankapark,27.7355,85.3434
2025-12-29T04:00,4.3,100,4.3,863.0,7.3,157,Shankapark,27.7355,85.3434
2025-12-29T05:00,3.1,100,3.1,862.9,7.0,151,Shankapark,27.7355,85.3434
2025-12-29T06:00,3.1,100,3.2,863.2,7.3,149,Shankapark,27.7355,85.3434
2025-12-29T07:00,4.1,99,4.0,864.7,6.9,150,Shankapark,27.7355,85.3434
2025-12-29T08:00,8.5,95,7.7,867.7,5.7,143,Shankapark,27.7355,85.3434
2025-12-29T09:00,12.5,78,8.8,869.9,3.8,98,Shankapark,27.7355,85.3434
2025-12-29T10:00,15.0,62,7.7,870.0,4.3,85,Shankapark,27.7355,85.3434
2025-12-29T11:00,15.8,59,7.9,869.3,4.2,5,Shankapark,27.7355,85.3434
2025-12-29T12:00,16.9,58,8.5,868.7,3.9,338,Shankapark,27.7355,85.3434
2025-12-29T13:00,16.8,61,9.1,868.2,5.1,333,Shankapark,27.7355,85.3434
2025-12-29T14:00,16.1,66,9.7,867.7,6.1,320,Shankapark,27.7355,85.3434
2025-12-29T15:00,15.0,72,9.9,866.9,6.8,318,Shankapark,27.7355,85.3434
2025-12-29T16:00,13.1,80,9.8,866.4,5.4,320,Shankapark,27.7355,85.3434
2025-12-29T17:00,10.6,94,9.8,866.1,5.5,314,Shankapark,27.7355,85.3434
2025-12-29T18:00,9.9,98,9.5,866.7,2.7,228,Shankapark,27.7355,85.3434
2025-12-29T19:00,9.2,100,9.2,866.7,4.5,187,Shankapark,27.7355,85.3434
2025-12-29T20:00,8.7,100,8.7,866.7,2.2,185,Shankapark,27.7355,85.3434
2025-12-29T21:00,8.2,100,8.2,866.2,2.3,176,Shankapark,27.7355,85.3434
2025-12-29T22:00,7.1,100,7.2,865.1,5.6,165,Shankapark,27.7355,85.3434
2025-12-29T23:00,7.1,100,7.1,865.1,2.7,180,Shankapark,27.7355,85.3434
2025-12-30T00:00,6.6,100,6.6,864.3,4.2,168,Shankapark,27.7355,85.3434
2025-12-30T01:00,6.5,100,6.5,864.1,4.6,171,Shankapark,27.7355,85.3434
2025-12-30T02:00,6.4,100,6.4,864.0,2.5,172,Shankapark,27.7355,85.3434
2025-12-30T03:00,6.1,100,6.1,862.7,4.6,159,Shankapark,27.7355,85.3434
2025-12-30T04:00,5.5,100,5.4,861.5,7.4,157,Shankapark,27.7355,85.3434
2025-12-30T05:00,3.8,100,3.8,861.1,4.5,166,Shankapark,27.7355,85.3434
2025-12-30T06:00,3.5,100,3.5,861.5,4.2,155,Shankapark,27.7355,85.3434
2025-12-30T07:00,5.1,99,4.9,862.8,5.6,159,Shankapark,27.7355,85.3434
2025-12-30T08:00,9.8,79,6.4,865.6,5.1,132,Shankapark,27.7355,85.3434
2025-12-30T09:00,12.5,65,6.1,867.2,2.1,110,Shankapark,27.7355,85.3434
2025-12-30T10:00,14.6,58,6.4,867.3,2.2,360,Shankapark,27.7355,85.3434
2025-12-30T11:00,15.2,58,7.1,866.3,6.8,338,Shankapark,27.7355,85.3434
2025-12-30T12:00,15.7,56,7.1,865.1,6.6,331,Shankapark,27.7355,85.3434
2025-12-30T13:00,16.3,56,7.4,864.4,7.0,328,Shankapark,27.7355,85.3434
2025-12-30T14:00,15.4,62,8.1,863.8,9.7,315,Shankapark,27.7355,85.3434
2025-12-30T15:00,13.7,71,8.5,863.2,8.4,313,Shankapark,27.7355,85.3434
2025-12-30T16:00,11.8,80,8.4,863.3,6.1,326,Shankapark,27.7355,85.3434
2025-12-30T17:00,9.4,95,8.6,862.5,5.9,348,Shankapark,27.7355,85.3434
2025-12-30T18:00,8.6,99,8.4,863.2,1.4,203,Shankapark,27.7355,85.3434
2025-12-30T19:00,8.1,100,8.1,863.7,3.8,191,Shankapark,27.7355,85.3434
2025-12-30T20:00,7.9,100,7.8,864.0,4.9,156,Shankapark,27.7355,85.3434
2025-12-30T21:00,7.3,100,7.3,863.9,4.3,147,Shankapark,27.7355,85.3434
2025-12-30T22:00,7.0,100,6.9,864.1,3.7,151,Shankapark,27.7355,85.3434
2025-12-30T23:00,7.8,100,7.9,865.1,2.3,135,Shankapark,27.7355,85.3434
2025-12-31T00:00,7.9,98,7.7,865.0,5.1,113,Shankapark,27.7355,85.3434
2025-12-31T01:00,7.7,99,7.6,864.9,4.2,130,Shankapark,27.7355,85.3434
2025-12-31T02:00,7.3,100,7.3,864.7,4.7,118,Shankapark,27.7355,85.3434
2025-12-31T03:00,7.1,100,7.0,864.3,5.4,120,Shankapark,27.7355,85.3434
2025-12-31T04:00,6.9,100,6.9,863.7,6.5,129,Shankapark,27.7355,85.3434
2025-12-31T05:00,5.4,100,5.4,863.5,8.6,123,Shankapark,27.7355,85.3434
2025-12-31T06:00,5.4,100,5.4,863.5,8.5,128,Shankapark,27.7355,85.3434
2025-12-31T07:00,5.8,100,5.8,864.0,7.5,136,Shankapark,27.7355,85.3434
2025-12-31T08:00,9.0,88,7.0,866.2,6.7,126,Shankapark,27.7355,85.3434
2025-12-31T09:00,12.3,73,7.5,867.9,6.4,106,Shankapark,27.7355,85.3434
2025-12-31T10:00,14.8,60,7.1,868.2,5.6,90,Shankapark,27.7355,85.3434
2025-12-31T11:00,15.8,55,6.7,867.4,3.7,35,Shankapark,27.7355,85.3434
2025-12-31T12:00,17.2,50,6.7,866.5,4.6,13,Shankapark,27.7355,85.3434
2025-12-31T13:00,17.6,48,6.6,865.4,4.1,358,Shankapark,27.7355,85.3434
2025-12-31T14:00,17.2,52,7.3,864.8,5.9,322,Shankapark,27.7355,85.3434
2025-12-31T15:00,15.5,64,8.7,864.3,8.0,316,Shankapark,27.7355,85.3434
2025-12-31T16:00,13.4,74,8.8,863.8,6.2,324,Shankapark,27.7355,85.3434
2025-12-31T17:00,11.2,86,8.9,863.3,4.0,302,Shankapark,27.7355,85.3434
2025-12-31T18:00,10.2,89,8.5,864.2,2.5,266,Shankapark,27.7355,85.3434
2025-12-31T19:00,9.6,90,8.1,864.5,1.4,203,Shankapark,27.7355,85.3434
2025-12-31T20:00,9.1,94,8.2,864.7,1.8,174,Shankapark,27.7355,85.3434
2025-12-31T21:00,8.3,96,7.7,864.5,2.8,169,Shankapark,27.7355,85.3434
2025-12-31T22:00,7.5,97,7.0,863.8,2.8,165,Shankapark,27.7355,85.3434
2025-12-31T23:00,6.8,99,6.7,863.5,2.4,171,Shankapark,27.7355,85.3434
