timestamp,temperature,humidity,dew_point,pressure,wind_speed,wind_direction,station,latitude,longitude
2024-01-01T00:00,10.0,86,7.7,869.9,0.8,207,Khumaltar,27.6468,85.3248
2024-01-01T01:00,7.8,89,6.2,868.6,1.1,198,Khumaltar,27.6468,85.3248
2024-01-01T02:00,6.6,92,5.3,867.6,3.0,194,Khumaltar,27.6468,85.3248
2024-01-01T03:00,6.4,91,5.0,867.3,1.8,191,Khumaltar,27.6468,85.3248
2024-01-01T04:00,6.4,90,4.8,867.7,1.8,191,Khumaltar,27.6468,85.3248
2024-01-01T05:00,6.9,86,4.8,868.3,1.5,194,Khumaltar,27.6468,85.3248
2024-01-01T06:00,5.0,97,4.5,868.5,3.0,166,Khumaltar,27.6468,85.3248
2024-01-01T07:00,7.7,92,6.5,870.2,1.8,169,Khumaltar,27.6468,85.3248
2024-01-01T08:00,11.6,84,8.9,872.7,3.1,159,Khumaltar,27.6468,85.3248
2024-01-01T09:00,14.2,71,9.1,874.1,1.0,135,Khumaltar,27.6468,85.3248
2024-01-01T10:00,15.9,63,8.8,874.0,0.8,243,Khumaltar,27.6468,85.3248
2024-01-01T11:00,17.1,53,7.5,873.3,2.9,270,Khumaltar,27.6468,85.3248
2024-01-01T12:00,17.7,50,7.1,872.1,4.3,270,Khumaltar,27.6468,85.3248
2024-01-01T13:00,17.8,49,7.0,871.3,5.5,281,Khumaltar,27.6468,85.3248
2024-01-01T14:00,17.3,51,7.2,870.6,6.8,288,Khumaltar,27.6468,85.3248
2024-01-01T15:00,16.1,57,7.5,870.1,7.2,288,Khumaltar,27.6468,85.3248
2024-01-01T16:00,13.9,73,9.2,869.7,3.3,276,Khumaltar,27.6468,85.3248
2024-01-01T17:00,11.2,83,8.5,869.1,4.6,252,Khumaltar,27.6468,85.3248
2024-01-01T18:00,9.8,88,8.0,869.3,4.2,239,Khumaltar,27.6468,85.3248
2024-01-01T19:00,9.7,87,7.7,869.6,4.5,241,Khumaltar,27.6468,85.3248
2024-01-01T20:00,9.6,87,7.6,870.1,4.7,247,Khumaltar,27.6468,85.3248
2024-01-01T21:00,10.9,85,8.4,871.1,4.0,243,Khumaltar,27.6468,85.3248
2024-01-01T22:00,10.8,86,8.5,871.0,3.4,252,Khumaltar,27.6468,85.3248
2024-01-01T23:00,10.6,87,8.5,870.6,2.7,247,Khumaltar,27.6468,85.3248
2024-01-02T00:00,9.7,91,8.2,869.6,2.0,225,Khumaltar,27.6468,85.3248
2024-01-02T01:00,6.8,99,6.6,867.9,1.1,198,Khumaltar,27.6468,85.3248
2024-01-02T02:00,5.7,100,5.8,867.1,0.4,180,Khumaltar,27.6468,85.3248
2024-01-02T03:00,4.9,100,4.9,866.7,1.4,180,Khumaltar,27.6468,85.3248
2024-01-02T04:00,4.3,100,4.3,866.5,1.8,169,Khumaltar,27.6468,85.3248
2024-01-02T05:00,4.1,100,4.1,866.8,1.8,169,Khumaltar,27.6468,85.3248
2024-01-02T06:00,4.5,99,4.4,867.7,3.2,180,Khumaltar,27.6468,85.3248
2024-01-02T07:00,6.0,95,5.3,868.8,4.3,180,Khumaltar,27.6468,85.3248
2024-01-02T08:00,10.3,89,8.5,871.6,2.5,188,Khumaltar,27.6468,85.3248
2024-01-02T09:00,13.7,73,9.0,873.5,0.7,180,Khumaltar,27.6468,85.3248
2024-01-02T10:00,15.3,63,8.4,873.3,0.7,270,Khumaltar,27.6468,85.3248
2024-01-02T11:00,16.4,54,7.2,872.6,2.2,270,Khumaltar,27.6468,85.3248
2024-01-02T12:00,17.0,49,6.4,871.6,4.0,265,Khumaltar,27.6468,85.3248
2024-01-02T13:00,17.1,48,6.1,870.8,5.1,262,Khumaltar,27.6468,85.3248
2024-01-02T14:00,16.7,50,6.1,870.4,6.1,270,Khumaltar,27.6468,85.3248
2024-01-02T15:00,15.9,53,6.4,870.1,6.2,280,Khumaltar,27.6468,85.3248
2024-01-02T16:00,13.7,70,8.3,869.3,3.5,294,Khumaltar,27.6468,85.3248
2024-01-02T17:00,10.6,81,7.5,868.6,5.4,278,Khumaltar,27.6468,85.3248
2024-01-02T18:00,9.2,88,7.3,869.2,4.9,234,Khumaltar,27.6468,85.3248
2024-01-02T19:00,8.6,88,6.7,869.1,4.8,228,Khumaltar,27.6468,85.3248
2024-01-02T20:00,8.8,86,6.5,869.4,4.4,235,Khumaltar,27.6468,85.3248
2024-01-02T21:00,9.8,82,6.9,870.3,3.3,221,Khumaltar,27.6468,85.3248
2024-01-02T22:00,9.2,85,6.8,869.9,2.6,214,Khumaltar,27.6468,85.3248
2024-01-02T23:00,9.4,87,7.4,870.1,2.8,220,Khumaltar,27.6468,85.3248
2024-01-03T00:00,8.3,95,7.5,869.7,3.6,186,Khumaltar,27.6468,85.3248
2024-01-03T01:00,6.2,100,6.2,868.5,4.2,160,Khumaltar,27.6468,85.3248
2024-01-03T02:00,4.8,100,4.8,867.5,3.5,156,Khumaltar,27.6468,85.3248
2024-01-03T03:00,4.8,100,4.8,867.4,1.5,166,Khumaltar,27.6468,85.3248
2024-01-03T04:00,4.2,100,4.1,867.0,1.8,169,Khumaltar,27.6468,85.3248
2024-01-03T05:00,3.9,97,3.5,867.2,1.4,180,Khumaltar,27.6468,85.3248
2024-01-03T06:00,3.3,99,3.1,867.6,3.2,180,Khumaltar,27.6468,85.3248
2024-01-03T07:00,4.5,96,3.8,868.7,2.9,180,Khumaltar,27.6468,85.3248
2024-01-03T08:00,9.1,87,7.1,871.8,2.3,162,Khumaltar,27.6468,85.3248
2024-01-03T09:00,12.9,69,7.3,873.8,2.5,90,Khumaltar,27.6468,85.3248
2024-01-03T10:00,14.7,62,7.4,873.7,0.8,63,Khumaltar,27.6468,85.3248
2024-01-03T11:00,15.9,54,6.6,873.1,1.4,270,Khumaltar,27.6468,85.3248
2024-01-03T12:00,16.6,49,5.7,872.0,2.9,270,Khumaltar,27.6468,85.3248
2024-01-03T13:00,16.7,46,5.0,871.1,6.4,254,Khumaltar,27.6468,85.3248
2024-01-03T14:00,15.9,47,4.6,870.4,8.6,255,Khumaltar,27.6468,85.3248
2024-01-03T15:00,14.8,50,4.6,870.2,8.4,263,Khumaltar,27.6468,85.3248
2024-01-03T16:00,13.1,62,6.0,869.6,5.4,290,Khumaltar,27.6468,85.3248
2024-01-03T17:00,10.0,80,6.7,868.5,6.4,286,Khumaltar,27.6468,85.3248
2024-01-03T18:00,9.6,84,7.1,868.9,5.8,270,Khumaltar,27.6468,85.3248
2024-01-03T19:00,10.4,79,6.9,869.6,4.0,243,Khumaltar,27.6468,85.3248
2024-01-03T20:00,11.3,75,7.1,870.4,2.6,254,Khumaltar,27.6468,85.3248
2024-01-03T21:00,11.5,74,7.0,870.8,1.6,243,Khumaltar,27.6468,85.3248
2024-01-03T22:00,11.3,73,6.6,870.4,2.1,239,Khumaltar,27.6468,85.3248
2024-01-03T23:00,11.3,70,6.0,870.1,1.3,214,Khumaltar,27.6468,85.3248
2024-01-04T00:00,11.4,67,5.5,869.9,1.5,194,Khumaltar,27.6468,85.3248
2024-01-04T01:00,11.5,65,5.2,869.7,2.2,189,Khumaltar,27.6468,85.3248
2024-01-04T02:00,11.5,65,5.2,869.6,2.3,198,Khumaltar,27.6468,85.3248
2024-01-04T03:00,11.2,66,5.1,869.4,0.5,225,Khumaltar,27.6468,85.3248
2024-01-04T04:00,10.9,67,5.0,869.4,0.5,225,Khumaltar,27.6468,85.3248
2024-01-04T05:00,10.7,67,4.8,870.0,0.5,225,Khumaltar,27.6468,85.3248
2024-01-04T06:00,9.7,71,4.7,870.6,1.8,180,Khumaltar,27.6468,85.3248
2024-01-04T07:00,10.0,70,4.8,871.4,3.0,166,Khumaltar,27.6468,85.3248
2024-01-04T08:00,11.1,73,6.4,872.7,1.1,198,Khumaltar,27.6468,85.3248
2024-01-04T09:00,13.0,65,6.6,874.0,1.9,22,Khumaltar,27.6468,85.3248
2024-01-04T10:00,14.5,55,5.6,873.9,2.9,353,Khumaltar,27.6468,85.3248
2024-01-04T11:00,15.8,46,4.1,872.8,4.9,324,Khumaltar,27.6468,85.3248
2024-01-04T12:00,16.6,42,3.6,871.8,6.4,308,Khumaltar,27.6468,85.3248
2024-01-04T13:00,16.8,41,3.4,870.8,6.8,288,Khumaltar,27.6468,85.3248
2024-01-04T14:00,16.4,43,3.8,870.1,8.1,283,Khumaltar,27.6468,85.3248
2024-01-04T15:00,15.3,49,4.6,869.7,8.9,284,Khumaltar,27.6468,85.3248
2024-01-04T16:00,13.0,63,6.1,869.3,4.8,297,Khumaltar,27.6468,85.3248
2024-01-04T17:00,10.1,74,5.7,868.5,5.9,284,Khumaltar,27.6468,85.3248
2024-01-04T18:00,11.1,66,4.9,869.2,3.7,241,Khumaltar,27.6468,85.3248
2024-01-04T19:00,8.5,77,4.7,868.6,3.9,214,Khumaltar,27.6468,85.3248
2024-01-04T20:00,10.5,68,4.8,869.9,3.3,221,Khumaltar,27.6468,85.3248
2024-01-04T21:00,11.5,64,4.9,870.8,4.2,250,Khumaltar,27.6468,85.3248
2024-01-04T22:00,11.7,62,4.7,870.7,3.4,252,Khumaltar,27.6468,85.3248
2024-01-04T23:00,11.6,61,4.4,870.6,3.7,259,Khumaltar,27.6468,85.3248
2024-01-05T00:00,11.5,60,4.1,870.3,1.5,225,Khumaltar,27.6468,85.3248
2024-01-05T01:00,11.1,61,3.9,870.1,1.0,225,Khumaltar,27.6468,85.3248
2024-01-05T02:00,10.8,61,3.7,869.9,3.6,233,Khumaltar,27.6468,85.3248
2024-01-05T03:00,10.7,57,2.6,869.8,3.4,198,Khumaltar,27.6468,85.3248
2024-01-05T04:00,10.2,56,1.8,869.7,1.5,194,Khumaltar,27.6468,85.3248
2024-01-05T05:00,9.4,60,2.0,869.8,1.5,194,Khumaltar,27.6468,85.3248
2024-01-05T06:00,4.5,85,2.2,868.3,1.1,180,Khumaltar,27.6468,85.3248
2024-01-05T07:00,5.7,87,3.7,869.8,1.8,169,Khumaltar,27.6468,85.3248
2024-01-05T08:00,10.0,75,5.7,872.6,3.4,122,Khumaltar,27.6468,85.3248
2024-01-05T09:00,12.7,62,5.6,874.3,4.2,70,Khumaltar,27.6468,85.3248
2024-01-05T10:00,14.7,56,6.0,874.4,2.9,83,Khumaltar,27.6468,85.3248
2024-01-05T11:00,16.1,50,5.5,873.6,1.1,72,Khumaltar,27.6468,85.3248
2024-01-05T12:00,16.9,43,4.2,872.4,2.6,286,Khumaltar,27.6468,85.3248
2024-01-05T13:00,17.1,41,3.7,871.6,6.9,276,Khumaltar,27.6468,85.3248
2024-01-05T14:00,16.4,44,4.2,871.1,9.4,277,Khumaltar,27.6468,85.3248
2024-01-05T15:00,15.2,52,5.5,870.7,9.5,295,Khumaltar,27.6468,85.3248
2024-01-05T16:00,13.3,66,7.0,870.5,5.0,300,Khumaltar,27.6468,85.3248
2024-01-05T17:00,11.3,72,6.3,870.2,5.1,274,Khumaltar,27.6468,85.3248
2024-01-05T18:00,8.3,83,5.6,869.2,5.4,233,Khumaltar,27.6468,85.3248
2024-01-05T19:00,7.8,86,5.7,869.8,5.4,228,Khumaltar,27.6468,85.3248
2024-01-05T20:00,8.1,84,5.5,870.4,5.2,236,Khumaltar,27.6468,85.3248
2024-01-05T21:00,11.1,73,6.5,872.1,3.6,233,Khumaltar,27.6468,85.3248
2024-01-05T22:00,11.0,74,6.5,872.3,3.2,243,Khumaltar,27.6468,85.3248
2024-01-05T23:00,11.2,73,6.4,872.1,5.1,39,Khumaltar,27.6468,85.3248
2024-01-06T00:00,10.7,73,6.1,871.7,2.6,164,Khumaltar,27.6468,85.3248
2024-01-06T01:00,9.3,77,5.5,870.7,2.9,173,Khumaltar,27.6468,85.3248
2024-01-06T02:00,9.0,78,5.3,870.2,2.2,180,Khumaltar,27.6468,85.3248
2024-01-06T03:00,9.6,75,5.3,870.2,2.2,180,Khumaltar,27.6468,85.3248
2024-01-06T04:00,10.4,70,5.2,870.2,2.5,172,Khumaltar,27.6468,85.3248
2024-01-06T05:00,7.1,79,3.7,868.9,3.6,180,Khumaltar,27.6468,85.3248
2024-01-06T06:00,6.7,86,4.6,869.4,4.1,195,Khumaltar,27.6468,85.3248
2024-01-06T07:00,7.6,86,5.4,870.8,2.2,171,Khumaltar,27.6468,85.3248
2024-01-06T08:00,11.7,75,7.4,873.7,3.8,107,Khumaltar,27.6468,85.3248
2024-01-06T09:00,13.6,63,6.8,874.7,2.5,98,Khumaltar,27.6468,85.3248
2024-01-06T10:00,15.1,58,7.0,874.3,0.7,270,Khumaltar,27.6468,85.3248
2024-01-06T11:00,15.9,52,6.0,873.5,3.4,288,Khumaltar,27.6468,85.3248
2024-01-06T12:00,16.2,49,5.4,872.5,5.4,278,Khumaltar,27.6468,85.3248
2024-01-06T13:00,16.3,48,5.4,871.7,6.5,276,Khumaltar,27.6468,85.3248
2024-01-06T14:00,16.0,50,5.5,871.2,8.7,277,Khumaltar,27.6468,85.3248
2024-01-06T15:00,15.1,53,5.6,871.1,8.8,282,Khumaltar,27.6468,85.3248
2024-01-06T16:00,13.2,65,6.8,870.8,4.8,297,Khumaltar,27.6468,85.3248
2024-01-06T17:00,10.0,80,6.7,870.0,6.4,308,Khumaltar,27.6468,85.3248
2024-01-06T18:00,9.3,82,6.4,870.7,5.8,266,Khumaltar,27.6468,85.3248
2024-01-06T19:00,9.6,79,6.2,871.2,6.5,273,Khumaltar,27.6468,85.3248
2024-01-06T20:00,10.7,75,6.5,871.9,4.5,241,Khumaltar,27.6468,85.3248
2024-01-06T21:00,8.7,82,5.8,871.2,3.6,217,Khumaltar,27.6468,85.3248
2024-01-06T22:00,6.9,87,4.9,870.3,3.7,209,Khumaltar,27.6468,85.3248
2024-01-06T23:00,9.9,75,5.7,871.6,2.4,207,Khumaltar,27.6468,85.3248
2024-01-07T00:00,10.5,69,5.0,871.4,3.3,229,Khumaltar,27.6468,85.3248
2024-01-07T01:00,10.9,64,4.3,871.4,3.3,229,Khumaltar,27.6468,85.3248
2024-01-07T02:00,11.1,58,3.3,871.4,2.1,211,Khumaltar,27.6468,85.3248
2024-01-07T03:00,11.0,56,2.5,871.1,1.8,191,Khumaltar,27.6468,85.3248
2024-01-07T04:00,10.6,56,2.2,871.1,1.4,180,Khumaltar,27.6468,85.3248
2024-01-07T05:00,10.3,56,2.0,871.1,2.2,171,Khumaltar,27.6468,85.3248
2024-01-07T06:00,9.5,63,2.8,871.8,0.7,180,Khumaltar,27.6468,85.3248
2024-01-07T07:00,7.8,73,3.4,871.8,2.5,172,Khumaltar,27.6468,85.3248
2024-01-07T08:00,11.3,68,5.5,874.3,1.8,191,Khumaltar,27.6468,85.3248
2024-01-07T09:00,13.7,58,5.6,875.7,0.4,90,Khumaltar,27.6468,85.3248
2024-01-07T10:00,15.4,53,5.7,875.7,1.5,346,Khumaltar,27.6468,85.3248
2024-01-07T11:00,16.4,47,5.0,875.0,2.9,330,Khumaltar,27.6468,85.3248
2024-01-07T12:00,16.9,44,4.6,874.0,4.9,324,Khumaltar,27.6468,85.3248
2024-01-07T13:00,17.1,43,4.5,873.0,6.2,324,Khumaltar,27.6468,85.3248
2024-01-07T14:00,16.7,46,5.2,872.2,6.9,313,Khumaltar,27.6468,85.3248
2024-01-07T15:00,15.8,53,6.2,871.8,6.9,298,Khumaltar,27.6468,85.3248
2024-01-07T16:00,13.5,72,8.6,870.9,3.4,288,Khumaltar,27.6468,85.3248
2024-01-07T17:00,10.6,79,7.1,870.1,4.9,253,Khumaltar,27.6468,85.3248
2024-01-07T18:00,9.3,84,6.8,870.0,4.9,234,Khumaltar,27.6468,85.3248
2024-01-07T19:00,8.6,88,6.6,869.7,4.6,225,Khumaltar,27.6468,85.3248
2024-01-07T20:00,8.7,87,6.7,870.5,3.6,225,Khumaltar,27.6468,85.3248
2024-01-07T21:00,8.6,90,7.0,870.9,3.3,229,Khumaltar,27.6468,85.3248
2024-01-07T22:00,8.8,92,7.5,871.2,3.8,229,Khumaltar,27.6468,85.3248
2024-01-07T23:00,8.1,94,7.3,870.7,3.1,201,Khumaltar,27.6468,85.3248
2024-01-08T00:00,5.8,99,5.6,869.0,2.5,188,Khumaltar,27.6468,85.3248
2024-01-08T01:00,5.5,99,5.4,868.5,1.8,180,Khumaltar,27.6468,85.3248
2024-01-08T02:00,5.1,98,4.9,868.1,1.1,180,Khumaltar,27.6468,85.3248
2024-01-08T03:00,4.5,96,4.0,867.9,1.4,180,Khumaltar,27.6468,85.3248
2024-01-08T04:00,4.4,93,3.4,867.8,1.1,180,Khumaltar,27.6468,85.3248
2024-01-08T05:00,5.2,87,3.3,868.7,0.7,180,Khumaltar,27.6468,85.3248
2024-01-08T06:00,8.5,80,5.3,871.2,0.7,180,Khumaltar,27.6468,85.3248
2024-01-08T07:00,8.9,76,4.9,872.6,1.8,180,Khumaltar,27.6468,85.3248
2024-01-08T08:00,11.1,71,5.9,874.2,1.8,307,Khumaltar,27.6468,85.3248
2024-01-08T09:00,13.1,58,5.0,875.4,4.1,15,Khumaltar,27.6468,85.3248
2024-01-08T10:00,14.7,53,5.2,875.1,4.3,360,Khumaltar,27.6468,85.3248
2024-01-08T11:00,16.0,48,4.9,874.3,5.5,328,Khumaltar,27.6468,85.3248
2024-01-08T12:00,16.8,45,4.7,873.2,7.4,321,Khumaltar,27.6468,85.3248
2024-01-08T13:00,16.9,46,5.1,872.5,9.7,321,Khumaltar,27.6468,85.3248
2024-01-08T14:00,16.4,48,5.5,871.9,10.6,325,Khumaltar,27.6468,85.3248
2024-01-08T15:00,15.6,52,5.8,871.6,9.3,324,Khumaltar,27.6468,85.3248
2024-01-08T16:00,13.3,68,7.5,870.9,4.1,308,Khumaltar,27.6468,85.3248
2024-01-08T17:00,11.1,72,6.2,870.3,5.6,297,Khumaltar,27.6468,85.3248
2024-01-08T18:00,9.6,77,5.8,870.2,5.4,250,Khumaltar,27.6468,85.3248
2024-01-08T19:00,9.2,77,5.4,870.3,4.1,218,Khumaltar,27.6468,85.3248
2024-01-08T20:00,11.4,68,5.6,871.7,3.6,217,Khumaltar,27.6468,85.3248
2024-01-08T21:00,10.8,67,4.9,871.5,1.6,207,Khumaltar,27.6468,85.3248
2024-01-08T22:00,7.7,77,3.9,869.9,3.9,214,Khumaltar,27.6468,85.3248
2024-01-08T23:00,11.0,62,3.9,871.1,2.6,214,Khumaltar,27.6468,85.3248
2024-01-09T00:00,11.4,56,3.0,871.0,2.6,214,Khumaltar,27.6468,85.3248
2024-01-09T01:00,11.3,54,2.4,870.9,2.1,211,Khumaltar,27.6468,85.3248
2024-01-09T02:00,11.0,54,2.0,870.7,2.9,187,Khumaltar,27.6468,85.3248
2024-01-09T03:00,10.4,54,1.4,870.2,3.5,156,Khumaltar,27.6468,85.3248
2024-01-09T04:00,9.7,54,0.8,869.6,3.0,166,Khumaltar,27.6468,85.3248
2024-01-09T05:00,9.1,55,0.5,869.4,1.1,180,Khumaltar,27.6468,85.3248
2024-01-09T06:00,5.4,82,2.5,868.7,1.8,180,Khumaltar,27.6468,85.3248
2024-01-09T07:00,6.2,86,4.0,869.5,2.2,171,Khumaltar,27.6468,85.3248
2024-01-09T08:00,10.6,75,6.4,872.2,2.9,150,Khumaltar,27.6468,85.3248
2024-01-09T09:00,13.6,64,6.9,873.7,1.1,108,Khumaltar,27.6468,85.3248
2024-01-09T10:00,15.6,58,7.4,873.8,0.4,270,Khumaltar,27.6468,85.3248
2024-01-09T11:00,17.0,51,6.8,873.0,2.1,301,Khumaltar,27.6468,85.3248
2024-01-09T12:00,18.0,46,6.3,872.0,4.3,318,Khumaltar,27.6468,85.3248
2024-01-09T13:00,18.3,45,6.0,871.0,6.4,313,Khumaltar,27.6468,85.3248
2024-01-09T14:00,18.0,47,6.5,870.8,8.4,310,Khumaltar,27.6468,85.3248
2024-01-09T15:00,16.9,54,7.6,870.4,7.9,317,Khumaltar,27.6468,85.3248
2024-01-09T16:00,14.2,73,9.4,869.6,3.4,302,Khumaltar,27.6468,85.3248
2024-01-09T17:00,10.7,81,7.6,868.5,6.1,298,Khumaltar,27.6468,85.3248
2024-01-09T18:00,11.6,74,7.2,869.5,4.5,241,Khumaltar,27.6468,85.3248
2024-01-09T19:00,8.9,85,6.5,868.7,2.2,189,Khumaltar,27.6468,85.3248
2024-01-09T20:00,7.6,90,6.1,868.1,3.7,169,Khumaltar,27.6468,85.3248
2024-01-09T21:00,7.0,90,5.4,868.0,3.8,197,Khumaltar,27.6468,85.3248
2024-01-09T22:00,6.9,88,5.0,868.0,2.7,203,Khumaltar,27.6468,85.3248
2024-01-09T23:00,6.8,78,3.3,867.6,3.2,207,Khumaltar,27.6468,85.3248
2024-01-10T00:00,7.8,67,2.0,867.9,2.4,207,Khumaltar,27.6468,85.3248
2024-01-10T01:00,9.2,57,1.2,868.4,3.3,221,Khumaltar,27.6468,85.3248
2024-01-10T02:00,10.2,49,0.1,868.5,2.8,220,Khumaltar,27.6468,85.3248
2024-01-10T03:00,11.3,43,-0.8,868.5,3.1,216,Khumaltar,27.6468,85.3248
2024-01-10T04:00,13.2,36,-1.6,869.4,4.1,232,Khumaltar,27.6468,85.3248
2024-01-10T05:00,13.4,35,-1.7,869.7,3.8,229,Khumaltar,27.6468,85.3248
2024-01-10T06:00,7.3,57,-0.6,867.6,4.3,204,Khumaltar,27.6468,85.3248
2024-01-10T07:00,8.2,65,1.9,868.4,4.6,198,Khumaltar,27.6468,85.3248
2024-01-10T08:00,13.1,54,4.0,871.1,2.6,196,Khumaltar,27.6468,85.3248
2024-01-10T09:00,15.4,44,3.4,872.3,0.8,333,Khumaltar,27.6468,85.3248
2024-01-10T10:00,16.8,42,3.8,872.2,3.9,326,Khumaltar,27.6468,85.3248
2024-01-10T11:00,17.7,39,3.6,871.0,6.4,322,Khumaltar,27.6468,85.3248
2024-01-10T12:00,18.1,38,3.7,869.6,7.7,319,Khumaltar,27.6468,85.3248
2024-01-10T13:00,18.3,41,4.7,868.7,7.2,307,Khumaltar,27.6468,85.3248
2024-01-10T14:00,18.0,42,4.8,868.1,6.7,286,Khumaltar,27.6468,85.3248
2024-01-10T15:00,16.9,45,4.9,867.9,7.2,276,Khumaltar,27.6468,85.3248
2024-01-10T16:00,14.3,62,7.0,867.4,4.0,275,Khumaltar,27.6468,85.3248
2024-01-10T17:00,10.2,76,6.1,866.5,6.5,251,Khumaltar,27.6468,85.3248
2024-01-10T18:00,9.1,76,5.0,866.6,4.4,215,Khumaltar,27.6468,85.3248
2024-01-10T19:00,8.1,84,5.5,867.0,3.9,214,Khumaltar,27.6468,85.3248
2024-01-10T20:00,7.0,90,5.4,867.0,2.4,207,Khumaltar,27.6468,85.3248
2024-01-10T21:00,6.3,92,5.1,866.8,0.7,180,Khumaltar,27.6468,85.3248
2024-01-10T22:00,5.6,95,4.8,866.6,0.7,180,Khumaltar,27.6468,85.3248
2024-01-10T23:00,5.2,94,4.4,866.6,0.7,180,Khumaltar,27.6468,85.3248
2024-01-11T00:00,5.0,93,4.0,866.3,1.1,180,Khumaltar,27.6468,85.3248
2024-01-11T01:00,4.8,93,3.7,866.3,1.1,180,Khumaltar,27.6468,85.3248
2024-01-11T02:00,4.5,94,3.6,866.2,1.1,180,Khumaltar,27.6468,85.3248
2024-01-11T03:00,4.4,96,3.7,866.1,1.5,166,Khumaltar,27.6468,85.3248
2024-01-11T04:00,4.0,97,3.6,866.0,2.2,171,Khumaltar,27.6468,85.3248
2024-01-11T05:00,3.6,98,3.3,866.3,2.5,172,Khumaltar,27.6468,85.3248
2024-01-11T06:00,3.5,97,3.0,867.2,4.6,162,Khumaltar,27.6468,85.3248
2024-01-11T07:00,5.7,93,4.6,869.1,2.2,171,Khumaltar,27.6468,85.3248
2024-01-11T08:00,9.4,84,6.8,871.7,3.1,159,Khumaltar,27.6468,85.3248
2024-01-11T09:00,12.1,69,6.5,873.3,3.3,84,Khumaltar,27.6468,85.3248
2024-01-11T10:00,14.0,63,7.0,873.0,3.3,49,Khumaltar,27.6468,85.3248
2024-01-11T11:00,15.6,57,7.1,872.3,2.6,16,Khumaltar,27.6468,85.3248
2024-01-11T12:00,16.7,53,7.0,871.5,3.4,342,Khumaltar,27.6468,85.3248
2024-01-11T13:00,17.1,49,6.4,870.6,3.7,331,Khumaltar,27.6468,85.3248
2024-01-11T14:00,16.8,46,5.3,870.0,5.7,325,Khumaltar,27.6468,85.3248
2024-01-11T15:00,16.1,46,4.4,869.7,6.1,320,Khumaltar,27.6468,85.3248
2024-01-11T16:00,13.6,67,7.6,869.0,3.3,311,Khumaltar,27.6468,85.3248
2024-01-11T17:00,12.8,57,4.5,869.1,2.9,263,Khumaltar,27.6468,85.3248
2024-01-11T18:00,11.4,61,4.2,869.3,2.8,230,Khumaltar,27.6468,85.3248
2024-01-11T19:00,10.9,63,4.1,869.2,2.5,225,Khumaltar,27.6468,85.3248
2024-01-11T20:00,10.3,64,3.8,869.3,1.5,194,Khumaltar,27.6468,85.3248
2024-01-11T21:00,8.7,70,3.6,868.8,1.8,169,Khumaltar,27.6468,85.3248
2024-01-11T22:00,6.1,81,3.2,867.7,3.7,169,Khumaltar,27.6468,85.3248
2024-01-11T23:00,6.7,78,3.1,868.1,4.2,160,Khumaltar,27.6468,85.3248
2024-01-12T00:00,6.2,80,3.0,867.8,5.4,143,Khumaltar,27.6468,85.3248
2024-01-12T01:00,5.5,84,3.0,867.3,5.2,146,Khumaltar,27.6468,85.3248
2024-01-12T02:00,5.3,86,3.2,866.7,4.9,144,Khumaltar,27.6468,85.3248
2024-01-12T03:00,4.3,90,2.8,865.8,5.6,140,Khumaltar,27.6468,85.3248
2024-01-12T04:00,3.8,93,2.8,865.6,5.0,159,Khumaltar,27.6468,85.3248
2024-01-12T05:00,3.8,95,3.0,866.0,4.5,166,Khumaltar,27.6468,85.3248
2024-01-12T06:00,3.7,97,3.2,867.3,5.3,152,Khumaltar,27.6468,85.3248
2024-01-12T07:00,6.2,91,4.9,869.4,3.4,148,Khumaltar,27.6468,85.3248
2024-01-12T08:00,10.1,78,6.4,871.9,5.2,115,Khumaltar,27.6468,85.3248
2024-01-12T09:00,12.7,66,6.6,873.5,5.1,98,Khumaltar,27.6468,85.3248
2024-01-12T10:00,14.5,62,7.4,873.4,6.6,99,Khumaltar,27.6468,85.3248
2024-01-12T11:00,16.0,58,7.7,872.5,6.4,106,Khumaltar,27.6468,85.3248
2024-01-12T12:00,17.1,55,8.0,871.8,5.2,115,Khumaltar,27.6468,85.3248
2024-01-12T13:00,17.6,54,8.3,870.9,3.5,114,Khumaltar,27.6468,85.3248
2024-01-12T14:00,17.6,55,8.5,870.4,2.7,113,Khumaltar,27.6468,85.3248
2024-01-12T15:00,17.1,57,8.4,870.2,1.3,124,Khumaltar,27.6468,85.3248
2024-01-12T16:00,14.6,80,11.1,869.7,2.5,262,Khumaltar,27.6468,85.3248
2024-01-12T17:00,13.9,67,7.9,869.9,4.5,284,Khumaltar,27.6468,85.3248
2024-01-12T18:00,12.8,69,7.3,869.7,1.8,217,Khumaltar,27.6468,85.3248
2024-01-12T19:00,12.4,70,7.1,869.9,1.8,233,Khumaltar,27.6468,85.3248
2024-01-12T20:00,11.8,72,6.9,870.4,4.4,279,Khumaltar,27.6468,85.3248
2024-01-12T21:00,11.4,74,6.9,870.5,2.9,240,Khumaltar,27.6468,85.3248
2024-01-12T22:00,11.3,73,6.6,869.9,2.9,173,Khumaltar,27.6468,85.3248
2024-01-12T23:00,7.8,80,4.7,867.7,4.3,175,Khumaltar,27.6468,85.3248
2024-01-13T00:00,10.7,69,5.1,868.8,3.7,169,Khumaltar,27.6468,85.3248
2024-01-13T01:00,10.6,68,4.9,868.8,1.1,180,Khumaltar,27.6468,85.3248
2024-01-13T02:00,10.1,69,4.6,867.9,2.6,164,Khumaltar,27.6468,85.3248
2024-01-13T03:00,8.5,73,4.0,866.9,4.7,148,Khumaltar,27.6468,85.3248
2024-01-13T04:00,7.5,76,3.6,866.5,4.2,149,Khumaltar,27.6468,85.3248
2024-01-13T05:00,6.0,81,2.9,866.1,2.5,172,Khumaltar,27.6468,85.3248
2024-01-13T06:00,4.4,83,1.7,866.3,3.3,167,Khumaltar,27.6468,85.3248
2024-01-13T07:00,6.9,78,3.3,868.1,2.6,164,Khumaltar,27.6468,85.3248
2024-01-13T08:00,11.4,66,5.3,870.9,2.9,173,Khumaltar,27.6468,85.3248
2024-01-13T09:00,15.0,56,6.4,873.2,2.9,83,Khumaltar,27.6468,85.3248
2024-01-13T10:00,17.2,49,6.5,873.5,3.4,58,Khumaltar,27.6468,85.3248
2024-01-13T11:00,19.0,44,6.6,873.3,3.6,53,Khumaltar,27.6468,85.3248
2024-01-13T12:00,20.1,42,6.9,872.6,3.1,45,Khumaltar,27.6468,85.3248
2024-01-13T13:00,20.5,40,6.6,871.9,3.3,13,Khumaltar,27.6468,85.3248
2024-01-13T14:00,20.3,39,5.8,871.1,3.4,342,Khumaltar,27.6468,85.3248
2024-01-13T15:00,19.5,42,6.1,870.8,3.3,319,Khumaltar,27.6468,85.3248
2024-01-13T16:00,16.3,69,10.6,870.0,4.6,288,Khumaltar,27.6468,85.3248
2024-01-13T17:00,13.4,67,7.4,869.5,5.8,270,Khumaltar,27.6468,85.3248
2024-01-13T18:00,11.7,78,8.0,869.8,5.4,262,Khumaltar,27.6468,85.3248
2024-01-13T19:00,12.7,74,8.3,870.7,3.1,225,Khumaltar,27.6468,85.3248
2024-01-13T20:00,12.4,75,8.2,870.9,1.8,217,Khumaltar,27.6468,85.3248
2024-01-13T21:00,12.4,74,7.8,870.9,1.1,198,Khumaltar,27.6468,85.3248
2024-01-13T22:00,13.1,64,6.4,870.7,1.5,194,Khumaltar,27.6468,85.3248
2024-01-13T23:00,13.5,57,5.1,870.4,2.5,180,Khumaltar,27.6468,85.3248
2024-01-14T00:00,9.1,72,4.4,868.0,4.0,185,Khumaltar,27.6468,85.3248
2024-01-14T01:00,7.3,80,4.2,867.1,4.5,194,Khumaltar,27.6468,85.3248
2024-01-14T02:00,8.2,75,4.0,867.4,1.8,191,Khumaltar,27.6468,85.3248
2024-01-14T03:00,7.8,76,3.8,866.9,1.4,180,Khumaltar,27.6468,85.3248
2024-01-14T04:00,6.5,80,3.3,866.0,2.9,180,Khumaltar,27.6468,85.3248
2024-01-14T05:00,5.9,81,2.9,866.0,3.6,186,Khumaltar,27.6468,85.3248
2024-01-14T06:00,5.3,78,1.9,866.9,3.7,169,Khumaltar,27.6468,85.3248
2024-01-14T07:00,7.5,69,2.2,868.8,2.5,172,Khumaltar,27.6468,85.3248
2024-01-14T08:00,11.8,63,4.9,871.5,3.5,156,Khumaltar,27.6468,85.3248
2024-01-14T09:00,15.2,45,3.3,873.5,2.2,90,Khumaltar,27.6468,85.3248
2024-01-14T10:00,16.9,43,4.2,873.6,1.8,53,Khumaltar,27.6468,85.3248
2024-01-14T11:00,18.3,38,3.9,872.9,0.4,270,Khumaltar,27.6468,85.3248
2024-01-14T12:00,19.1,33,2.4,872.1,2.6,254,Khumaltar,27.6468,85.3248
2024-01-14T13:00,19.3,31,1.7,871.4,4.1,255,Khumaltar,27.6468,85.3248
2024-01-14T14:00,18.8,33,2.0,870.9,5.8,266,Khumaltar,27.6468,85.3248
2024-01-14T15:00,17.6,37,2.7,870.3,6.6,261,Khumaltar,27.6468,85.3248
2024-01-14T16:00,15.1,54,5.8,869.8,4.0,260,Khumaltar,27.6468,85.3248
2024-01-14T17:00,10.8,69,5.4,868.5,7.1,255,Khumaltar,27.6468,85.3248
2024-01-14T18:00,10.4,76,6.3,869.3,5.2,245,Khumaltar,27.6468,85.3248
2024-01-14T19:00,11.4,69,5.9,870.2,4.2,239,Khumaltar,27.6468,85.3248
2024-01-14T20:00,11.7,68,5.9,870.9,2.5,225,Khumaltar,27.6468,85.3248
2024-01-14T21:00,11.4,69,6.0,871.0,2.0,225,Khumaltar,27.6468,85.3248
2024-01-14T22:00,11.3,71,6.3,870.7,2.3,219,Khumaltar,27.6468,85.3248
2024-01-14T23:00,11.7,70,6.5,870.4,1.8,217,Khumaltar,27.6468,85.3248
2024-01-15T00:00,11.9,67,6.1,869.9,2.0,225,Khumaltar,27.6468,85.3248
2024-01-15T01:00,12.1,64,5.6,869.8,2.0,225,Khumaltar,27.6468,85.3248
2024-01-15T02:00,11.8,65,5.3,869.0,0.4,180,Khumaltar,27.6468,85.3248
2024-01-15T03:00,11.3,65,5.0,868.5,1.6,207,Khumaltar,27.6468,85.3248
2024-01-15T04:00,10.8,66,4.7,868.1,1.1,198,Khumaltar,27.6468,85.3248
2024-01-15T05:00,10.7,65,4.3,868.3,2.2,180,Khumaltar,27.6468,85.3248
2024-01-15T06:00,5.1,88,3.3,866.4,2.9,173,Khumaltar,27.6468,85.3248
2024-01-15T07:00,7.3,85,5.0,868.4,2.6,164,Khumaltar,27.6468,85.3248
2024-01-15T08:00,11.2,72,6.3,871.1,2.6,146,Khumaltar,27.6468,85.3248
2024-01-15T09:00,13.9,61,6.5,872.6,2.6,56,Khumaltar,27.6468,85.3248
2024-01-15T10:00,15.8,55,6.7,872.8,1.6,153,Khumaltar,27.6468,85.3248
2024-01-15T11:00,17.0,48,6.1,872.4,2.9,210,Khumaltar,27.6468,85.3248
2024-01-15T12:00,17.8,44,5.3,871.5,4.9,216,Khumaltar,27.6468,85.3248
2024-01-15T13:00,17.8,41,4.3,870.5,5.7,215,Khumaltar,27.6468,85.3248
2024-01-15T14:00,17.2,42,4.2,869.8,6.7,216,Khumaltar,27.6468,85.3248
2024-01-15T15:00,16.0,47,4.6,869.5,8.1,238,Khumaltar,27.6468,85.3248
2024-01-15T16:00,14.5,53,5.0,869.4,5.4,262,Khumaltar,27.6468,85.3248
2024-01-15T17:00,11.2,68,5.6,868.4,6.1,273,Khumaltar,27.6468,85.3248
2024-01-15T18:00,9.3,78,5.7,868.3,6.2,260,Khumaltar,27.6468,85.3248
2024-01-15T19:00,8.7,80,5.4,868.1,6.0,245,Khumaltar,27.6468,85.3248
2024-01-15T20:00,9.4,75,5.1,868.9,3.6,225,Khumaltar,27.6468,85.3248
2024-01-15T21:00,9.5,75,5.2,869.0,2.1,211,Khumaltar,27.6468,85.3248
2024-01-15T22:00,10.0,73,5.3,868.9,2.3,219,Khumaltar,27.6468,85.3248
2024-01-15T23:00,10.2,71,5.1,868.4,2.1,211,Khumaltar,27.6468,85.3248
2024-01-16T00:00,10.5,69,5.0,868.0,1.9,202,Khumaltar,27.6468,85.3248
2024-01-16T01:00,10.6,68,5.0,867.6,2.2,189,Khumaltar,27.6468,85.3248
2024-01-16T02:00,10.4,68,4.9,867.2,1.9,202,Khumaltar,27.6468,85.3248
2024-01-16T03:00,10.1,69,4.7,866.9,2.3,219,Khumaltar,27.6468,85.3248
2024-01-16T04:00,9.8,69,4.4,867.1,2.3,219,Khumaltar,27.6468,85.3248
2024-01-16T05:00,9.6,70,4.3,867.3,1.1,162,Khumaltar,27.6468,85.3248
2024-01-16T06:00,8.5,75,4.4,868.0,0.7,180,Khumaltar,27.6468,85.3248
2024-01-16T07:00,7.7,83,5.0,868.4,2.7,157,Khumaltar,27.6468,85.3248
2024-01-16T08:00,10.9,71,5.8,870.7,2.3,108,Khumaltar,27.6468,85.3248
2024-01-16T09:00,12.7,65,6.2,871.8,1.8,79,Khumaltar,27.6468,85.3248
2024-01-16T10:00,13.8,64,7.0,872.0,3.9,124,Khumaltar,27.6468,85.3248
2024-01-16T11:00,14.7,64,7.8,871.1,3.8,139,Khumaltar,27.6468,85.3248
2024-01-16T12:00,14.5,63,7.6,870.1,3.6,180,Khumaltar,27.6468,85.3248
2024-01-16T13:00,13.9,66,7.7,869.2,4.2,160,Khumaltar,27.6468,85.3248
2024-01-16T14:00,14.3,65,7.8,868.6,1.1,288,Khumaltar,27.6468,85.3248
2024-01-16T15:00,13.0,70,7.6,868.2,0.7,270,Khumaltar,27.6468,85.3248
2024-01-16T16:00,12.5,76,8.3,868.1,1.5,315,Khumaltar,27.6468,85.3248
2024-01-16T17:00,10.7,85,8.2,867.8,3.4,288,Khumaltar,27.6468,85.3248
2024-01-16T18:00,9.7,94,8.8,868.3,2.6,236,Khumaltar,27.6468,85.3248
2024-01-16T19:00,9.1,93,8.1,868.2,3.9,214,Khumaltar,27.6468,85.3248
2024-01-16T20:00,9.6,88,7.7,868.6,1.0,225,Khumaltar,27.6468,85.3248
2024-01-16T21:00,9.0,91,7.6,868.5,1.8,169,Khumaltar,27.6468,85.3248
2024-01-16T22:00,8.7,92,7.4,868.2,0.4,180,Khumaltar,27.6468,85.3248
2024-01-16T23:00,8.2,93,7.1,867.7,0.8,207,Khumaltar,27.6468,85.3248
2024-01-17T00:00,6.6,96,5.9,866.5,0.8,207,Khumaltar,27.6468,85.3248
2024-01-17T01:00,5.7,97,5.2,865.7,1.5,194,Khumaltar,27.6468,85.3248
2024-01-17T02:00,5.3,97,4.9,865.1,2.3,198,Khumaltar,27.6468,85.3248
2024-01-17T03:00,6.9,94,5.9,865.7,1.6,207,Khumaltar,27.6468,85.3248
2024-01-17T04:00,8.6,87,6.5,866.4,2.2,171,Khumaltar,27.6468,85.3248
2024-01-17T05:00,9.2,82,6.3,866.9,2.6,164,Khumaltar,27.6468,85.3248
2024-01-17T06:00,5.0,95,4.2,865.9,2.3,198,Khumaltar,27.6468,85.3248
2024-01-17T07:00,7.1,92,5.9,867.7,1.8,191,Khumaltar,27.6468,85.3248
2024-01-17T08:00,10.1,87,8.1,869.8,2.3,162,Khumaltar,27.6468,85.3248
2024-01-17T09:00,11.7,78,8.0,870.7,3.0,104,Khumaltar,27.6468,85.3248
2024-01-17T10:00,13.2,67,7.3,870.7,3.5,114,Khumaltar,27.6468,85.3248
2024-01-17T11:00,13.8,65,7.3,870.1,3.1,144,Khumaltar,27.6468,85.3248
2024-01-17T12:00,13.8,65,7.3,869.3,3.8,197,Khumaltar,27.6468,85.3248
2024-01-17T13:00,13.5,64,6.9,868.5,6.4,207,Khumaltar,27.6468,85.3248
2024-01-17T14:00,12.6,68,6.9,868.0,4.3,204,Khumaltar,27.6468,85.3248
2024-01-17T15:00,12.8,69,7.2,867.8,2.4,243,Khumaltar,27.6468,85.3248
2024-01-17T16:00,12.3,71,7.2,867.6,1.4,270,Khumaltar,27.6468,85.3248
2024-01-17T17:00,11.6,75,7.2,867.9,1.1,108,Khumaltar,27.6468,85.3248
2024-01-17T18:00,8.0,94,7.0,867.1,4.3,222,Khumaltar,27.6468,85.3248
2024-01-17T19:00,7.7,94,6.8,867.5,3.4,212,Khumaltar,27.6468,85.3248
2024-01-17T20:00,6.9,97,6.5,867.6,1.4,180,Khumaltar,27.6468,85.3248
2024-01-17T21:00,6.0,99,5.8,867.6,1.1,180,Khumaltar,27.6468,85.3248
2024-01-17T22:00,6.8,98,6.5,868.1,1.8,180,Khumaltar,27.6468,85.3248
2024-01-17T23:00,5.9,98,5.6,867.4,1.4,180,Khumaltar,27.6468,85.3248
2024-01-18T00:00,4.7,99,4.5,866.3,0.7,180,Khumaltar,27.6468,85.3248
2024-01-18T01:00,4.0,98,3.7,865.6,1.1,180,Khumaltar,27.6468,85.3248
2024-01-18T02:00,3.7,99,3.5,865.0,1.1,180,Khumaltar,27.6468,85.3248
2024-01-18T03:00,3.8,98,3.5,864.7,1.4,180,Khumaltar,27.6468,85.3248
2024-01-18T04:00,3.3,97,2.9,864.5,0.7,180,Khumaltar,27.6468,85.3248
2024-01-18T05:00,3.2,98,2.9,864.9,0.4,180,Khumaltar,27.6468,85.3248
2024-01-18T06:00,3.7,100,3.7,866.1,1.5,166,Khumaltar,27.6468,85.3248
2024-01-18T07:00,4.4,99,4.3,867.2,3.3,174,Khumaltar,27.6468,85.3248
2024-01-18T08:00,8.2,95,7.5,869.6,3.3,186,Khumaltar,27.6468,85.3248
2024-01-18T09:00,10.8,80,7.4,870.9,2.6,106,Khumaltar,27.6468,85.3248
2024-01-18T10:00,12.8,64,6.1,870.6,2.6,106,Khumaltar,27.6468,85.3248
2024-01-18T11:00,14.1,58,5.9,870.0,0.8,153,Khumaltar,27.6468,85.3248
2024-01-18T12:00,14.9,51,4.9,869.5,2.5,262,Khumaltar,27.6468,85.3248
2024-01-18T13:00,15.1,49,4.5,868.7,4.3,265,Khumaltar,27.6468,85.3248
2024-01-18T14:00,14.6,51,4.5,868.1,5.8,277,Khumaltar,27.6468,85.3248
2024-01-18T15:00,13.9,52,4.3,867.9,7.2,276,Khumaltar,27.6468,85.3248
2024-01-18T16:00,12.4,61,5.0,867.8,5.5,281,Khumaltar,27.6468,85.3248
2024-01-18T17:00,8.9,82,6.0,866.8,5.1,278,Khumaltar,27.6468,85.3248
2024-01-18T18:00,8.3,88,6.4,867.4,3.6,225,Khumaltar,27.6468,85.3248
2024-01-18T19:00,7.9,91,6.5,867.8,3.3,229,Khumaltar,27.6468,85.3248
2024-01-18T20:00,7.0,94,6.1,867.9,3.9,236,Khumaltar,27.6468,85.3248
2024-01-18T21:00,6.6,95,5.9,868.4,4.8,243,Khumaltar,27.6468,85.3248
2024-01-18T22:00,5.9,97,5.5,868.0,3.6,217,Khumaltar,27.6468,85.3248
2024-01-18T23:00,4.8,100,4.8,867.3,2.7,203,Khumaltar,27.6468,85.3248
2024-01-19T00:00,4.2,100,4.2,866.7,1.4,180,Khumaltar,27.6468,85.3248
2024-01-19T01:00,4.2,100,4.2,866.5,1.5,194,Khumaltar,27.6468,85.3248
2024-01-19T02:00,3.8,100,3.8,865.9,0.7,180,Khumaltar,27.6468,85.3248
2024-01-19T03:00,3.5,100,3.5,865.5,0.4,180,Khumaltar,27.6468,85.3248
2024-01-19T04:00,3.7,96,3.1,865.7,1.5,194,Khumaltar,27.6468,85.3248
2024-01-19T05:00,3.5,94,2.7,866.0,1.1,198,Khumaltar,27.6468,85.3248
2024-01-19T06:00,4.3,100,4.3,867.6,1.8,191,Khumaltar,27.6468,85.3248
2024-01-19T07:00,5.5,99,5.3,869.0,4.0,190,Khumaltar,27.6468,85.3248
2024-01-19T08:00,8.4,90,6.8,871.4,1.9,202,Khumaltar,27.6468,85.3248
2024-01-19T09:00,10.7,76,6.6,872.6,3.3,41,Khumaltar,27.6468,85.3248
2024-01-19T10:00,12.6,63,5.7,872.6,4.3,42,Khumaltar,27.6468,85.3248
2024-01-19T11:00,14.5,51,4.5,871.9,3.8,17,Khumaltar,27.6468,85.3248
2024-01-19T12:00,15.5,46,3.9,871.0,5.5,349,Khumaltar,27.6468,85.3248
2024-01-19T13:00,15.4,46,3.8,870.2,5.9,322,Khumaltar,27.6468,85.3248
2024-01-19T14:00,14.9,45,3.2,869.8,5.2,295,Khumaltar,27.6468,85.3248
2024-01-19T15:00,14.1,49,3.6,869.4,5.4,270,Khumaltar,27.6468,85.3248
2024-01-19T16:00,12.7,57,4.4,869.1,5.1,274,Khumaltar,27.6468,85.3248
2024-01-19T17:00,9.7,73,5.1,868.1,4.7,274,Khumaltar,27.6468,85.3248
2024-01-19T18:00,9.2,83,6.5,869.2,3.5,294,Khumaltar,27.6468,85.3248
2024-01-19T19:00,8.3,88,6.4,869.6,4.3,270,Khumaltar,27.6468,85.3248
2024-01-19T20:00,7.6,92,6.4,869.7,4.2,250,Khumaltar,27.6468,85.3248
2024-01-19T21:00,6.2,99,6.1,869.1,3.6,217,Khumaltar,27.6468,85.3248
2024-01-19T22:00,5.5,100,5.5,868.6,2.5,188,Khumaltar,27.6468,85.3248
2024-01-19T23:00,5.2,100,5.2,868.1,1.9,202,Khumaltar,27.6468,85.3248
2024-01-20T00:00,4.7,100,4.7,867.4,1.1,198,Khumaltar,27.6468,85.3248
2024-01-20T01:00,4.5,99,4.4,867.0,0.7,180,Khumaltar,27.6468,85.3248
2024-01-20T02:00,3.8,99,3.7,866.1,0.7,180,Khumaltar,27.6468,85.3248
2024-01-20T03:00,3.3,98,3.0,865.3,1.1,180,Khumaltar,27.6468,85.3248
2024-01-20T04:00,3.0,98,2.7,864.9,1.1,180,Khumaltar,27.6468,85.3248
2024-01-20T05:00,2.7,97,2.3,865.2,1.4,180,Khumaltar,27.6468,85.3248
2024-01-20T06:00,3.0,100,3.0,866.7,0.4,180,Khumaltar,27.6468,85.3248
2024-01-20T07:00,4.3,99,4.2,868.2,2.5,172,Khumaltar,27.6468,85.3248
2024-01-20T08:00,8.4,93,7.3,871.1,2.2,171,Khumaltar,27.6468,85.3248
2024-01-20T09:00,11.8,73,7.0,872.9,2.1,121,Khumaltar,27.6468,85.3248
2024-01-20T10:00,13.7,62,6.4,872.9,2.5,135,Khumaltar,27.6468,85.3248
2024-01-20T11:00,14.9,49,4.3,872.3,3.7,169,Khumaltar,27.6468,85.3248
2024-01-20T12:00,15.6,41,2.4,871.5,4.7,180,Khumaltar,27.6468,85.3248
2024-01-20T13:00,15.9,38,1.7,870.6,5.2,192,Khumaltar,27.6468,85.3248
2024-01-20T14:00,15.7,38,1.5,869.9,5.8,210,Khumaltar,27.6468,85.3248
2024-01-20T15:00,14.8,39,1.0,869.3,6.6,229,Khumaltar,27.6468,85.3248
2024-01-20T16:00,12.9,47,1.7,868.6,5.6,243,Khumaltar,27.6468,85.3248
2024-01-20T17:00,9.0,64,2.6,867.1,5.8,240,Khumaltar,27.6468,85.3248
2024-01-20T18:00,7.7,73,3.2,867.5,5.5,238,Khumaltar,27.6468,85.3248
2024-01-20T19:00,7.9,67,2.3,868.2,4.4,235,Khumaltar,27.6468,85.3248
2024-01-20T20:00,6.6,74,2.2,867.9,3.1,216,Khumaltar,27.6468,85.3248
2024-01-20T21:00,6.2,76,2.2,868.1,3.3,221,Khumaltar,27.6468,85.3248
2024-01-20T22:00,6.7,74,2.3,868.2,3.8,221,Khumaltar,27.6468,85.3248
2024-01-20T23:00,8.4,66,2.5,868.9,3.8,229,Khumaltar,27.6468,85.3248
2024-01-21T00:00,8.8,63,2.2,868.5,3.6,233,Khumaltar,27.6468,85.3248
2024-01-21T01:00,9.0,61,1.9,868.0,3.1,234,Khumaltar,27.6468,85.3248
2024-01-21T02:00,8.9,62,1.9,867.0,1.1,198,Khumaltar,27.6468,85.3248
2024-01-21T03:00,8.5,62,1.6,866.2,1.5,194,Khumaltar,27.6468,85.3248
2024-01-21T04:00,8.4,61,1.2,865.9,1.1,198,Khumaltar,27.6468,85.3248
2024-01-21T05:00,8.7,57,0.7,866.1,1.8,191,Khumaltar,27.6468,85.3248
2024-01-21T06:00,7.2,49,-2.8,866.4,1.9,202,Khumaltar,27.6468,85.3248
2024-01-21T07:00,8.5,45,-2.9,867.8,1.1,198,Khumaltar,27.6468,85.3248
2024-01-21T08:00,9.6,50,-0.4,869.3,1.0,45,Khumaltar,27.6468,85.3248
2024-01-21T09:00,11.3,51,1.7,870.1,1.8,90,Khumaltar,27.6468,85.3248
2024-01-21T10:00,13.0,49,2.5,870.2,0.7,360,Khumaltar,27.6468,85.3248
2024-01-21T11:00,14.1,46,2.6,869.7,2.1,301,Khumaltar,27.6468,85.3248
2024-01-21T12:00,14.9,43,2.3,868.9,3.8,287,Khumaltar,27.6468,85.3248
2024-01-21T13:00,15.2,41,2.0,868.2,5.8,270,Khumaltar,27.6468,85.3248
2024-01-21T14:00,14.7,42,1.8,867.6,7.9,273,Khumaltar,27.6468,85.3248
2024-01-21T15:00,13.6,46,2.0,867.5,8.4,280,Khumaltar,27.6468,85.3248
2024-01-21T16:00,12.0,53,2.6,867.3,7.2,288,Khumaltar,27.6468,85.3248
2024-01-21T17:00,8.6,69,3.3,866.6,5.4,266,Khumaltar,27.6468,85.3248
2024-01-21T18:00,6.9,76,3.0,867.1,6.3,294,Khumaltar,27.6468,85.3248
2024-01-21T19:00,6.9,76,2.9,868.0,2.8,230,Khumaltar,27.6468,85.3248
2024-01-21T20:00,7.2,75,3.0,868.7,1.1,198,Khumaltar,27.6468,85.3248
2024-01-21T21:00,7.2,75,3.0,869.4,2.3,198,Khumaltar,27.6468,85.3248
2024-01-21T22:00,8.1,69,2.8,869.6,3.5,156,Khumaltar,27.6468,85.3248
2024-01-21T23:00,8.8,61,1.7,869.6,3.5,156,Khumaltar,27.6468,85.3248
2024-01-22T00:00,8.8,57,0.8,869.2,2.9,173,Khumaltar,27.6468,85.3248
2024-01-22T01:00,8.5,58,0.7,868.9,3.5,156,Khumaltar,27.6468,85.3248
2024-01-22T02:00,8.0,60,0.7,868.3,4.4,145,Khumaltar,27.6468,85.3248
2024-01-22T03:00,7.4,61,0.5,867.8,4.0,153,Khumaltar,27.6468,85.3248
2024-01-22T04:00,7.1,62,0.2,867.6,4.2,149,Khumaltar,27.6468,85.3248
2024-01-22T05:00,5.9,64,-0.4,867.4,4.7,148,Khumaltar,27.6468,85.3248
2024-01-22T06:00,4.3,69,-0.9,868.7,5.4,138,Khumaltar,27.6468,85.3248
2024-01-22T07:00,4.8,75,0.7,869.3,3.1,159,Khumaltar,27.6468,85.3248
2024-01-22T08:00,8.9,61,1.8,871.9,3.4,148,Khumaltar,27.6468,85.3248
2024-01-22T09:00,11.6,51,1.8,873.6,2.5,98,Khumaltar,27.6468,85.3248
2024-01-22T10:00,13.5,46,1.9,874.0,3.4,108,Khumaltar,27.6468,85.3248
2024-01-22T11:00,14.7,43,2.2,873.5,3.1,135,Khumaltar,27.6468,85.3248
2024-01-22T12:00,15.4,42,2.6,872.7,1.3,146,Khumaltar,27.6468,85.3248
2024-01-22T13:00,15.8,42,2.9,871.8,1.8,37,Khumaltar,27.6468,85.3248
2024-01-22T14:00,15.8,42,3.0,871.1,1.3,34,Khumaltar,27.6468,85.3248
2024-01-22T15:00,15.2,44,2.9,870.7,1.5,256,Khumaltar,27.6468,85.3248
2024-01-22T16:00,13.3,56,4.7,870.3,2.9,270,Khumaltar,27.6468,85.3248
2024-01-22T17:00,9.1,68,3.6,869.0,5.9,259,Khumaltar,27.6468,85.3248
2024-01-22T18:00,7.6,77,3.8,869.4,5.1,231,Khumaltar,27.6468,85.3248
2024-01-22T19:00,7.8,74,3.4,870.2,4.6,231,Khumaltar,27.6468,85.3248
2024-01-22T20:00,9.1,66,3.1,871.3,3.6,233,Khumaltar,27.6468,85.3248
2024-01-22T21:00,8.9,66,3.0,871.5,2.3,219,Khumaltar,27.6468,85.3248
2024-01-22T22:00,8.8,67,3.1,871.4,3.2,207,Khumaltar,27.6468,85.3248
2024-01-22T23:00,9.0,68,3.4,871.0,3.4,198,Khumaltar,27.6468,85.3248
2024-01-23T00:00,9.1,68,3.6,870.5,3.7,169,Khumaltar,27.6468,85.3248
2024-01-23T01:00,9.0,67,3.3,870.1,4.3,138,Khumaltar,27.6468,85.3248
2024-01-23T02:00,8.5,67,2.7,869.4,4.0,153,Khumaltar,27.6468,85.3248
2024-01-23T03:00,7.9,67,2.2,868.6,3.7,151,Khumaltar,27.6468,85.3248
2024-01-23T04:00,5.5,74,1.3,867.1,2.6,164,Khumaltar,27.6468,85.3248
2024-01-23T05:00,3.4,81,0.5,866.3,1.5,166,Khumaltar,27.6468,85.3248
2024-01-23T06:00,2.9,88,1.1,866.9,1.8,180,Khumaltar,27.6468,85.3248
2024-01-23T07:00,5.4,82,2.7,868.4,1.8,180,Khumaltar,27.6468,85.3248
2024-01-23T08:00,9.7,75,5.4,871.3,2.2,180,Khumaltar,27.6468,85.3248
2024-01-23T09:00,12.3,62,5.3,872.7,1.0,45,Khumaltar,27.6468,85.3248
2024-01-23T10:00,13.8,57,5.3,872.7,1.8,53,Khumaltar,27.6468,85.3248
2024-01-23T11:00,15.2,46,3.6,871.9,2.6,106,Khumaltar,27.6468,85.3248
2024-01-23T12:00,16.0,42,3.1,870.8,4.3,132,Khumaltar,27.6468,85.3248
2024-01-23T13:00,15.8,41,2.7,869.9,4.3,180,Khumaltar,27.6468,85.3248
2024-01-23T14:00,15.0,43,2.6,869.2,5.9,223,Khumaltar,27.6468,85.3248
2024-01-23T15:00,14.0,44,2.0,868.9,6.3,239,Khumaltar,27.6468,85.3248
2024-01-23T16:00,12.7,50,2.4,868.4,4.7,247,Khumaltar,27.6468,85.3248
2024-01-23T17:00,9.4,65,3.1,867.4,4.8,228,Khumaltar,27.6468,85.3248
2024-01-23T18:00,8.8,69,3.4,867.9,5.4,222,Khumaltar,27.6468,85.3248
2024-01-23T19:00,7.6,80,4.3,867.9,4.2,211,Khumaltar,27.6468,85.3248
2024-01-23T20:00,6.4,88,4.5,867.5,4.0,207,Khumaltar,27.6468,85.3248
2024-01-23T21:00,5.8,90,4.3,867.7,4.3,222,Khumaltar,27.6468,85.3248
2024-01-23T22:00,8.5,78,4.9,869.3,4.2,239,Khumaltar,27.6468,85.3248
2024-01-23T23:00,9.0,75,4.8,869.6,4.7,270,Khumaltar,27.6468,85.3248
2024-01-24T00:00,9.5,73,4.9,869.6,5.2,335,Khumaltar,27.6468,85.3248
2024-01-24T01:00,9.4,73,4.9,869.3,4.1,105,Khumaltar,27.6468,85.3248
2024-01-24T02:00,9.0,74,4.7,868.8,2.2,189,Khumaltar,27.6468,85.3248
2024-01-24T03:00,8.6,75,4.4,868.3,1.1,198,Khumaltar,27.6468,85.3248
2024-01-24T04:00,8.0,77,4.2,867.8,1.1,198,Khumaltar,27.6468,85.3248
2024-01-24T05:00,5.1,85,2.9,866.9,1.8,180,Khumaltar,27.6468,85.3248
2024-01-24T06:00,3.2,94,2.3,867.2,2.6,196,Khumaltar,27.6468,85.3248
2024-01-24T07:00,5.8,90,4.3,869.0,1.1,198,Khumaltar,27.6468,85.3248
2024-01-24T08:00,9.2,82,6.2,871.5,1.6,63,Khumaltar,27.6468,85.3248
2024-01-24T09:00,11.3,72,6.4,872.5,2.1,59,Khumaltar,27.6468,85.3248
2024-01-24T10:00,12.8,59,5.0,872.7,0.8,117,Khumaltar,27.6468,85.3248
2024-01-24T11:00,13.8,53,4.4,872.3,1.8,217,Khumaltar,27.6468,85.3248
2024-01-24T12:00,13.8,51,3.8,871.2,1.8,233,Khumaltar,27.6468,85.3248
2024-01-24T13:00,13.9,48,3.1,870.3,3.2,243,Khumaltar,27.6468,85.3248
2024-01-24T14:00,13.4,49,2.9,869.4,4.3,246,Khumaltar,27.6468,85.3248
2024-01-24T15:00,13.0,51,3.0,868.8,4.1,255,Khumaltar,27.6468,85.3248
2024-01-24T16:00,11.9,56,3.3,868.7,4.2,239,Khumaltar,27.6468,85.3248
2024-01-24T17:00,9.4,70,4.2,868.2,3.7,259,Khumaltar,27.6468,85.3248
2024-01-24T18:00,7.7,80,4.6,869.0,5.5,281,Khumaltar,27.6468,85.3248
2024-01-24T19:00,8.8,70,3.5,870.2,1.8,217,Khumaltar,27.6468,85.3248
2024-01-24T20:00,8.5,72,3.8,870.5,0.8,207,Khumaltar,27.6468,85.3248
2024-01-24T21:00,8.6,72,3.9,871.1,2.4,243,Khumaltar,27.6468,85.3248
2024-01-24T22:00,8.7,73,4.1,871.3,4.0,297,Khumaltar,27.6468,85.3248
2024-01-24T23:00,9.0,72,4.2,871.4,3.3,276,Khumaltar,27.6468,85.3248
2024-01-25T00:00,9.1,71,4.0,870.8,1.0,225,Khumaltar,27.6468,85.3248
2024-01-25T01:00,9.1,69,3.8,870.7,1.8,191,Khumaltar,27.6468,85.3248
2024-01-25T02:00,9.0,68,3.5,870.3,3.3,167,Khumaltar,27.6468,85.3248
2024-01-25T03:00,9.0,67,3.2,869.9,2.2,180,Khumaltar,27.6468,85.3248
2024-01-25T04:00,8.8,67,3.1,869.5,1.8,180,Khumaltar,27.6468,85.3248
2024-01-25T05:00,8.6,68,3.0,869.9,0.7,180,Khumaltar,27.6468,85.3248
2024-01-25T06:00,3.8,88,2.0,869.3,2.2,171,Khumaltar,27.6468,85.3248
2024-01-25T07:00,5.1,90,3.6,870.5,0.4,180,Khumaltar,27.6468,85.3248
2024-01-25T08:00,8.7,76,4.7,872.7,2.8,40,Khumaltar,27.6468,85.3248
2024-01-25T09:00,10.9,61,3.7,873.8,3.5,66,Khumaltar,27.6468,85.3248
2024-01-25T10:00,12.8,54,3.7,874.4,0.4,90,Khumaltar,27.6468,85.3248
2024-01-25T11:00,14.3,46,2.7,873.9,1.1,288,Khumaltar,27.6468,85.3248
2024-01-25T12:00,15.0,42,2.2,873.1,2.9,270,Khumaltar,27.6468,85.3248
2024-01-25T13:00,14.7,43,2.2,872.3,6.5,270,Khumaltar,27.6468,85.3248
2024-01-25T14:00,13.7,46,2.3,871.7,8.3,272,Khumaltar,27.6468,85.3248
2024-01-25T15:00,12.9,51,3.1,871.2,7.2,273,Khumaltar,27.6468,85.3248
2024-01-25T16:00,12.1,56,3.6,871.1,7.2,270,Khumaltar,27.6468,85.3248
2024-01-25T17:00,9.2,77,5.3,870.1,5.8,270,Khumaltar,27.6468,85.3248
2024-01-25T18:00,8.0,77,4.3,870.5,5.8,274,Khumaltar,27.6468,85.3248
2024-01-25T19:00,6.9,84,4.3,870.5,5.5,247,Khumaltar,27.6468,85.3248
2024-01-25T20:00,6.4,85,4.0,870.8,5.0,240,Khumaltar,27.6468,85.3248
2024-01-25T21:00,6.8,81,3.9,871.6,4.5,241,Khumaltar,27.6468,85.3248
2024-01-25T22:00,8.5,74,4.1,872.2,3.1,225,Khumaltar,27.6468,85.3248
2024-01-25T23:00,9.0,70,3.8,872.2,5.5,328,Khumaltar,27.6468,85.3248
2024-01-26T00:00,9.2,67,3.4,871.8,3.3,257,Khumaltar,27.6468,85.3248
2024-01-26T01:00,8.9,67,3.2,871.3,4.0,265,Khumaltar,27.6468,85.3248
2024-01-26T02:00,8.9,67,3.1,871.1,3.2,180,Khumaltar,27.6468,85.3248
2024-01-26T03:00,8.4,69,3.0,870.8,3.4,148,Khumaltar,27.6468,85.3248
2024-01-26T04:00,8.0,70,2.9,870.5,3.1,135,Khumaltar,27.6468,85.3248
2024-01-26T05:00,7.5,71,2.6,870.7,3.3,139,Khumaltar,27.6468,85.3248
2024-01-26T06:00,4.8,82,2.0,870.0,2.7,157,Khumaltar,27.6468,85.3248
2024-01-26T07:00,4.7,89,3.1,870.7,2.7,157,Khumaltar,27.6468,85.3248
2024-01-26T08:00,8.9,75,4.8,873.5,1.8,90,Khumaltar,27.6468,85.3248
2024-01-26T09:00,11.6,63,4.7,875.4,1.6,27,Khumaltar,27.6468,85.3248
2024-01-26T10:00,13.4,50,3.2,875.8,3.6,315,Khumaltar,27.6468,85.3248
2024-01-26T11:00,14.4,42,1.8,875.2,5.8,300,Khumaltar,27.6468,85.3248
2024-01-26T12:00,15.1,39,1.1,874.1,7.4,293,Khumaltar,27.6468,85.3248
2024-01-26T13:00,15.3,36,0.3,872.8,10.0,291,Khumaltar,27.6468,85.3248
2024-01-26T14:00,14.9,37,0.3,872.1,11.4,283,Khumaltar,27.6468,85.3248
2024-01-26T15:00,13.8,38,-0.4,871.7,10.6,280,Khumaltar,27.6468,85.3248
2024-01-26T16:00,12.3,43,0.2,871.2,7.5,287,Khumaltar,27.6468,85.3248
2024-01-26T17:00,9.1,57,1.1,870.2,5.1,266,Khumaltar,27.6468,85.3248
2024-01-26T18:00,7.5,66,1.5,870.3,5.6,255,Khumaltar,27.6468,85.3248
2024-01-26T19:00,6.1,74,1.9,870.1,5.1,225,Khumaltar,27.6468,85.3248
2024-01-26T20:00,5.5,76,1.6,869.9,5.5,238,Khumaltar,27.6468,85.3248
2024-01-26T21:00,5.1,73,0.7,869.7,6.8,252,Khumaltar,27.6468,85.3248
2024-01-26T22:00,7.5,54,-1.2,871.0,6.8,270,Khumaltar,27.6468,85.3248
2024-01-26T23:00,8.7,48,-1.6,871.3,6.1,267,Khumaltar,27.6468,85.3248
2024-01-27T00:00,9.0,49,-1.2,871.0,4.7,261,Khumaltar,27.6468,85.3248
2024-01-27T01:00,9.2,50,-0.7,870.8,2.3,198,Khumaltar,27.6468,85.3248
2024-01-27T02:00,9.2,51,-0.5,870.3,0.8,207,Khumaltar,27.6468,85.3248
2024-01-27T03:00,9.3,49,-0.8,870.0,0.5,225,Khumaltar,27.6468,85.3248
2024-01-27T04:00,9.5,50,-0.4,869.8,2.2,189,Khumaltar,27.6468,85.3248
2024-01-27T05:00,9.4,51,-0.2,870.0,3.7,151,Khumaltar,27.6468,85.3248
2024-01-27T06:00,4.6,70,-0.4,868.6,5.3,152,Khumaltar,27.6468,85.3248
2024-01-27T07:00,5.3,78,1.8,869.7,4.8,153,Khumaltar,27.6468,85.3248
2024-01-27T08:00,9.6,60,2.2,872.2,3.8,107,Khumaltar,27.6468,85.3248
2024-01-27T09:00,11.7,50,1.6,873.2,4.7,94,Khumaltar,27.6468,85.3248
2024-01-27T10:00,13.1,44,1.2,873.4,6.5,109,Khumaltar,27.6468,85.3248
2024-01-27T11:00,14.1,43,1.8,872.9,6.5,124,Khumaltar,27.6468,85.3248
2024-01-27T12:00,14.6,45,2.8,871.8,6.6,139,Khumaltar,27.6468,85.3248
2024-01-27T13:00,15.2,45,3.2,870.8,6.5,161,Khumaltar,27.6468,85.3248
2024-01-27T14:00,14.5,49,3.8,870.3,7.6,185,Khumaltar,27.6468,85.3248
2024-01-27T15:00,13.5,52,3.7,869.8,6.6,209,Khumaltar,27.6468,85.3248
2024-01-27T16:00,12.0,57,3.7,869.5,5.6,225,Khumaltar,27.6468,85.3248
2024-01-27T17:00,8.9,71,4.0,868.8,4.1,232,Khumaltar,27.6468,85.3248
2024-01-27T18:00,7.2,77,3.4,869.6,4.8,228,Khumaltar,27.6468,85.3248
2024-01-27T19:00,8.0,71,3.0,870.3,2.6,214,Khumaltar,27.6468,85.3248
2024-01-27T20:00,7.9,71,2.9,870.6,2.1,211,Khumaltar,27.6468,85.3248
2024-01-27T21:00,7.8,72,3.2,870.9,1.8,217,Khumaltar,27.6468,85.3248
2024-01-27T22:00,7.7,75,3.6,871.1,3.6,225,Khumaltar,27.6468,85.3248
2024-01-27T23:00,7.7,75,3.6,870.8,3.6,135,Khumaltar,27.6468,85.3248
2024-01-28T00:00,7.2,76,3.2,870.0,1.8,180,Khumaltar,27.6468,85.3248
2024-01-28T01:00,6.7,77,3.0,869.3,1.4,180,Khumaltar,27.6468,85.3248
2024-01-28T02:00,5.1,80,2.0,868.0,3.5,156,Khumaltar,27.6468,85.3248
2024-01-28T03:00,2.7,87,0.7,866.3,3.8,163,Khumaltar,27.6468,85.3248
2024-01-28T04:00,2.5,87,0.5,866.2,2.9,180,Khumaltar,27.6468,85.3248
2024-01-28T05:00,2.6,84,0.1,866.9,2.6,164,Khumaltar,27.6468,85.3248
2024-01-28T06:00,2.1,85,-0.2,867.8,4.6,141,Khumaltar,27.6468,85.3248
2024-01-28T07:00,4.7,83,2.1,869.9,3.6,135,Khumaltar,27.6468,85.3248
2024-01-28T08:00,8.7,68,3.1,872.5,2.9,97,Khumaltar,27.6468,85.3248
2024-01-28T09:00,11.1,59,3.5,874.1,2.9,97,Khumaltar,27.6468,85.3248
2024-01-28T10:00,12.9,56,4.3,874.6,3.7,101,Khumaltar,27.6468,85.3248
2024-01-28T11:00,14.2,53,4.8,874.0,3.0,104,Khumaltar,27.6468,85.3248
2024-01-28T12:00,15.5,47,4.2,873.0,3.1,111,Khumaltar,27.6468,85.3248
2024-01-28T13:00,16.4,43,3.9,871.9,2.4,117,Khumaltar,27.6468,85.3248
2024-01-28T14:00,16.5,42,3.7,871.4,3.0,194,Khumaltar,27.6468,85.3248
2024-01-28T15:00,15.3,45,3.5,871.2,5.6,243,Khumaltar,27.6468,85.3248
2024-01-28T16:00,13.4,51,3.5,871.5,5.8,270,Khumaltar,27.6468,85.3248
2024-01-28T17:00,10.5,66,4.5,870.7,4.6,288,Khumaltar,27.6468,85.3248
2024-01-28T18:00,8.9,80,5.5,871.2,7.2,307,Khumaltar,27.6468,85.3248
2024-01-28T19:00,9.2,73,4.6,871.7,4.0,243,Khumaltar,27.6468,85.3248
2024-01-28T20:00,8.3,76,4.4,871.7,4.3,246,Khumaltar,27.6468,85.3248
2024-01-28T21:00,9.7,68,4.2,872.8,3.1,234,Khumaltar,27.6468,85.3248
2024-01-28T22:00,9.9,67,4.1,872.8,1.0,225,Khumaltar,27.6468,85.3248
2024-01-28T23:00,10.1,66,4.1,872.5,1.3,214,Khumaltar,27.6468,85.3248
2024-01-29T00:00,10.0,67,4.1,872.0,2.3,219,Khumaltar,27.6468,85.3248
2024-01-29T01:00,9.8,67,4.1,871.6,2.5,225,Khumaltar,27.6468,85.3248
2024-01-29T02:00,9.6,68,4.0,870.9,3.3,221,Khumaltar,27.6468,85.3248
2024-01-29T03:00,9.2,69,3.7,870.3,2.2,180,Khumaltar,27.6468,85.3248
2024-01-29T04:00,8.3,71,3.3,869.6,1.4,180,Khumaltar,27.6468,85.3248
2024-01-29T05:00,7.4,73,3.0,869.2,1.5,166,Khumaltar,27.6468,85.3248
2024-01-29T06:00,3.1,90,1.6,868.2,2.6,196,Khumaltar,27.6468,85.3248
2024-01-29T07:00,6.1,82,3.3,870.1,1.5,194,Khumaltar,27.6468,85.3248
2024-01-29T08:00,10.4,75,6.2,873.0,1.6,207,Khumaltar,27.6468,85.3248
2024-01-29T09:00,12.8,57,4.6,873.8,0.4,360,Khumaltar,27.6468,85.3248
2024-01-29T10:00,14.5,50,4.2,874.1,1.5,346,Khumaltar,27.6468,85.3248
2024-01-29T11:00,15.7,45,3.9,873.4,1.8,323,Khumaltar,27.6468,85.3248
2024-01-29T12:00,16.5,42,3.6,872.2,2.9,277,Khumaltar,27.6468,85.3248
2024-01-29T13:00,16.8,42,3.8,871.3,5.7,252,Khumaltar,27.6468,85.3248
2024-01-29T14:00,16.5,44,4.0,870.6,9.3,242,Khumaltar,27.6468,85.3248
2024-01-29T15:00,15.3,46,3.9,870.1,9.5,233,Khumaltar,27.6468,85.3248
2024-01-29T16:00,13.8,53,4.5,869.9,7.1,229,Khumaltar,27.6468,85.3248
2024-01-29T17:00,11.2,66,5.0,869.4,4.8,222,Khumaltar,27.6468,85.3248
2024-01-29T18:00,9.1,74,4.7,869.2,4.9,216,Khumaltar,27.6468,85.3248
2024-01-29T19:00,8.1,81,5.0,869.1,5.2,214,Khumaltar,27.6468,85.3248
2024-01-29T20:00,6.9,87,4.9,868.8,4.9,216,Khumaltar,27.6468,85.3248
2024-01-29T21:00,8.3,79,4.9,869.8,2.8,220,Khumaltar,27.6468,85.3248
2024-01-29T22:00,9.9,73,5.2,870.8,3.1,234,Khumaltar,27.6468,85.3248
2024-01-29T23:00,10.5,69,5.2,870.8,3.6,225,Khumaltar,27.6468,85.3248
2024-01-30T00:00,10.5,69,5.1,870.4,1.3,214,Khumaltar,27.6468,85.3248
2024-01-30T01:00,10.2,70,4.9,869.9,2.1,211,Khumaltar,27.6468,85.3248
2024-01-30T02:00,9.9,70,4.7,869.3,2.5,188,Khumaltar,27.6468,85.3248
2024-01-30T03:00,9.4,71,4.4,868.6,1.4,180,Khumaltar,27.6468,85.3248
2024-01-30T04:00,8.1,76,4.1,867.9,1.5,194,Khumaltar,27.6468,85.3248
2024-01-30T05:00,5.3,85,3.0,866.9,2.2,180,Khumaltar,27.6468,85.3248
2024-01-30T06:00,3.9,91,2.6,867.3,3.2,180,Khumaltar,27.6468,85.3248
2024-01-30T07:00,5.5,90,4.0,868.7,3.3,186,Khumaltar,27.6468,85.3248
2024-01-30T08:00,10.0,78,6.3,871.6,2.4,207,Khumaltar,27.6468,85.3248
2024-01-30T09:00,12.1,62,5.0,873.0,1.9,202,Khumaltar,27.6468,85.3248
2024-01-30T10:00,13.3,55,4.4,873.1,1.3,214,Khumaltar,27.6468,85.3248
2024-01-30T11:00,14.2,51,4.1,872.3,0.0,270,Khumaltar,27.6468,85.3248
2024-01-30T12:00,14.6,50,4.2,871.3,2.3,231,Khumaltar,27.6468,85.3248
2024-01-30T13:00,14.1,53,4.6,870.4,5.8,240,Khumaltar,27.6468,85.3248
2024-01-30T14:00,13.0,59,5.1,869.8,6.1,242,Khumaltar,27.6468,85.3248
2024-01-30T15:00,12.5,61,5.2,869.3,3.6,270,Khumaltar,27.6468,85.3248
2024-01-30T16:00,11.9,64,5.3,869.3,4.1,285,Khumaltar,27.6468,85.3248
2024-01-30T17:00,10.3,77,6.5,869.0,3.3,276,Khumaltar,27.6468,85.3248
2024-01-30T18:00,8.9,92,7.6,869.4,4.4,235,Khumaltar,27.6468,85.3248
2024-01-30T19:00,7.9,93,6.9,869.3,4.3,228,Khumaltar,27.6468,85.3248
2024-01-30T20:00,8.6,89,6.8,870.1,4.4,235,Khumaltar,27.6468,85.3248
2024-01-30T21:00,9.8,79,6.4,870.9,4.2,250,Khumaltar,27.6468,85.3248
2024-01-30T22:00,10.0,77,6.1,871.0,2.9,240,Khumaltar,27.6468,85.3248
2024-01-30T23:00,10.0,76,6.0,870.6,3.4,238,Khumaltar,27.6468,85.3248
2024-01-31T00:00,9.9,74,5.5,870.1,3.1,225,Khumaltar,27.6468,85.3248
2024-01-31T01:00,9.8,73,5.1,869.9,1.8,217,Khumaltar,27.6468,85.3248
2024-01-31T02:00,9.4,74,5.1,869.4,2.3,219,Khumaltar,27.6468,85.3248
2024-01-31T03:00,9.1,76,5.0,868.9,2.4,207,Khumaltar,27.6468,85.3248
2024-01-31T04:00,8.7,75,4.6,868.4,3.2,153,Khumaltar,27.6468,85.3248
2024-01-31T05:00,8.4,76,4.3,868.7,2.3,162,Khumaltar,27.6468,85.3248
2024-01-31T06:00,4.7,98,4.4,867.7,2.6,196,Khumaltar,27.6468,85.3248
2024-01-31T07:00,6.1,98,5.9,869.1,0.7,180,Khumaltar,27.6468,85.3248
2024-01-31T08:00,9.4,90,7.9,871.6,0.4,270,Khumaltar,27.6468,85.3248
2024-01-31T09:00,11.6,75,7.3,872.8,1.1,18,Khumaltar,27.6468,85.3248
2024-01-31T10:00,13.4,65,7.0,872.8,4.7,4,Khumaltar,27.6468,85.3248
2024-01-31T11:00,14.6,58,6.3,872.1,4.5,346,Khumaltar,27.6468,85.3248
2024-01-31T12:00,15.8,49,5.2,871.0,4.7,302,Khumaltar,27.6468,85.3248
2024-01-31T13:00,16.2,43,3.6,870.1,7.4,256,Khumaltar,27.6468,85.3248
2024-01-31T14:00,15.5,46,4.0,869.6,9.2,244,Khumaltar,27.6468,85.3248
2024-01-31T15:00,14.5,51,4.6,869.4,8.6,237,Khumaltar,27.6468,85.3248
2024-01-31T16:00,13.4,55,4.6,869.2,6.3,239,Khumaltar,27.6468,85.3248
2024-01-31T17:00,11.0,70,5.8,868.7,3.6,225,Khumaltar,27.6468,85.3248
2024-01-31T18:00,9.4,83,6.7,868.8,4.6,225,Khumaltar,27.6468,85.3248
2024-01-31T19:00,7.8,93,6.8,868.8,4.7,212,Khumaltar,27.6468,85.3248
2024-01-31T20:00,7.6,97,7.1,869.4,3.4,212,Khumaltar,27.6468,85.3248
2024-01-31T21:00,7.1,99,6.9,869.5,3.1,201,Khumaltar,27.6468,85.3248
2024-01-31T22:00,7.0,99,6.9,869.5,3.1,201,Khumaltar,27.6468,85.3248
2024-01-31T23:00,8.0,98,7.7,869.9,3.8,163,Khumaltar,27.6468,85.3248
2024-02-01T00:00,8.2,95,7.4,869.9,4.4,125,Khumaltar,27.6468,85.3248
2024-02-01T01:00,8.2,92,7.0,869.8,4.2,121,Khumaltar,27.6468,85.3248
2024-02-01T02:00,8.3,88,6.4,869.4,4.4,99,Khumaltar,27.6468,85.3248
2024-02-01T03:00,8.2,85,5.8,869.1,4.3,132,Khumaltar,27.6468,85.3248
2024-02-01T04:00,7.9,84,5.4,868.8,3.2,153,Khumaltar,27.6468,85.3248
2024-02-01T05:00,6.8,85,4.4,868.5,3.1,159,Khumaltar,27.6468,85.3248
2024-02-01T06:00,2.8,99,2.7,867.5,4.0,185,Khumaltar,27.6468,85.3248
2024-02-01T07:00,3.9,98,3.6,868.9,5.1,176,Khumaltar,27.6468,85.3248
2024-02-01T08:00,9.5,85,7.2,872.2,3.5,156,Khumaltar,27.6468,85.3248
2024-02-01T09:00,12.2,70,7.0,873.6,2.9,120,Khumaltar,27.6468,85.3248
2024-02-01T10:00,13.9,62,6.8,873.7,1.6,153,Khumaltar,27.6468,85.3248
2024-02-01T11:00,15.2,51,5.0,873.1,3.1,339,Khumaltar,27.6468,85.3248
2024-02-01T12:00,14.7,51,4.7,872.1,6.8,335,Khumaltar,27.6468,85.3248
2024-02-01T13:00,13.3,61,6.0,871.2,9.1,326,Khumaltar,27.6468,85.3248
2024-02-01T14:00,12.1,71,7.1,870.7,7.9,336,Khumaltar,27.6468,85.3248
2024-02-01T15:00,10.9,79,7.5,870.4,7.0,339,Khumaltar,27.6468,85.3248
2024-02-01T16:00,10.4,79,6.9,870.3,5.4,318,Khumaltar,27.6468,85.3248
2024-02-01T17:00,9.7,81,6.6,869.8,1.9,338,Khumaltar,27.6468,85.3248
2024-02-01T18:00,9.3,90,7.8,870.0,3.1,324,Khumaltar,27.6468,85.3248
2024-02-01T19:00,9.2,90,7.6,870.2,3.3,257,Khumaltar,27.6468,85.3248
2024-02-01T20:00,8.6,88,6.8,870.1,2.3,219,Khumaltar,27.6468,85.3248
2024-02-01T21:00,9.3,86,7.0,870.5,2.3,231,Khumaltar,27.6468,85.3248
2024-02-01T22:00,8.8,83,6.1,870.0,2.5,225,Khumaltar,27.6468,85.3248
2024-02-01T23:00,9.6,70,4.5,870.1,1.6,207,Khumaltar,27.6468,85.3248
2024-02-02T00:00,11.0,60,3.5,870.3,1.5,194,Khumaltar,27.6468,85.3248
2024-02-02T01:00,11.4,55,2.8,869.9,1.8,169,Khumaltar,27.6468,85.3248
2024-02-02T02:00,11.4,55,2.6,869.4,0.8,207,Khumaltar,27.6468,85.3248
2024-02-02T03:00,11.3,54,2.4,869.0,3.0,256,Khumaltar,27.6468,85.3248
2024-02-02T04:00,11.2,53,2.0,868.4,4.0,265,Khumaltar,27.6468,85.3248
2024-02-02T05:00,11.1,52,1.6,868.5,4.4,261,Khumaltar,27.6468,85.3248
2024-02-02T06:00,7.2,73,2.6,867.8,6.2,260,Khumaltar,27.6468,85.3248
2024-02-02T07:00,7.8,77,4.0,868.6,5.8,274,Khumaltar,27.6468,85.3248
2024-02-02T08:00,10.9,64,4.4,870.5,4.1,322,Khumaltar,27.6468,85.3248
2024-02-02T09:00,12.4,59,4.6,871.3,5.9,349,Khumaltar,27.6468,85.3248
2024-02-02T10:00,14.0,47,2.8,871.4,6.4,333,Khumaltar,27.6468,85.3248
2024-02-02T11:00,15.5,37,1.0,870.8,7.5,305,Khumaltar,27.6468,85.3248
2024-02-02T12:00,16.3,32,-0.3,869.9,9.5,299,Khumaltar,27.6468,85.3248
2024-02-02T13:00,16.4,33,0.0,868.9,10.3,295,Khumaltar,27.6468,85.3248
2024-02-02T14:00,16.1,34,0.4,868.1,9.8,287,Khumaltar,27.6468,85.3248
2024-02-02T15:00,15.4,35,0.2,867.5,8.6,268,Khumaltar,27.6468,85.3248
2024-02-02T16:00,13.7,46,2.4,867.1,5.9,259,Khumaltar,27.6468,85.3248
2024-02-02T17:00,10.0,66,3.9,866.0,4.9,253,Khumaltar,27.6468,85.3248
2024-02-02T18:00,8.7,79,5.3,866.4,5.4,266,Khumaltar,27.6468,85.3248
2024-02-02T19:00,7.4,88,5.5,866.3,5.3,242,Khumaltar,27.6468,85.3248
2024-02-02T20:00,6.1,92,4.8,866.1,4.9,216,Khumaltar,27.6468,85.3248
2024-02-02T21:00,6.1,89,4.4,866.4,3.2,207,Khumaltar,27.6468,85.3248
2024-02-02T22:00,9.7,72,4.8,868.0,2.6,214,Khumaltar,27.6468,85.3248
2024-02-02T23:00,10.4,69,5.0,868.0,1.5,194,Khumaltar,27.6468,85.3248
2024-02-03T00:00,10.7,68,4.9,867.6,1.8,180,Khumaltar,27.6468,85.3248
2024-02-03T01:00,11.0,62,4.0,867.3,2.7,157,Khumaltar,27.6468,85.3248
2024-02-03T02:00,10.9,61,3.6,866.6,4.2,301,Khumaltar,27.6468,85.3248
2024-02-03T03:00,10.6,59,2.8,866.3,5.0,30,Khumaltar,27.6468,85.3248
2024-02-03T04:00,10.3,54,1.5,865.9,5.4,90,Khumaltar,27.6468,85.3248
2024-02-03T05:00,10.0,48,-0.4,866.1,5.4,94,Khumaltar,27.6468,85.3248
2024-02-03T06:00,9.0,62,2.1,866.2,4.6,129,Khumaltar,27.6468,85.3248
2024-02-03T07:00,9.7,56,1.3,866.9,4.6,129,Khumaltar,27.6468,85.3248
2024-02-03T08:00,11.1,59,3.4,868.8,1.8,79,Khumaltar,27.6468,85.3248
2024-02-03T09:00,13.1,48,2.5,869.7,3.3,49,Khumaltar,27.6468,85.3248
2024-02-03T10:00,15.0,45,3.0,870.2,1.3,56,Khumaltar,27.6468,85.3248
2024-02-03T11:00,16.7,42,3.7,869.9,4.5,299,Khumaltar,27.6468,85.3248
2024-02-03T12:00,17.6,39,3.6,869.0,6.6,311,Khumaltar,27.6468,85.3248
2024-02-03T13:00,18.0,40,4.4,868.4,8.1,283,Khumaltar,27.6468,85.3248
2024-02-03T14:00,17.4,47,6.0,867.9,9.4,277,Khumaltar,27.6468,85.3248
2024-02-03T15:00,16.3,55,7.2,867.6,8.5,282,Khumaltar,27.6468,85.3248
2024-02-03T16:00,15.0,61,7.7,867.4,6.7,286,Khumaltar,27.6468,85.3248
2024-02-03T17:00,11.1,81,7.9,866.1,5.8,292,Khumaltar,27.6468,85.3248
2024-02-03T18:00,9.9,78,6.3,867.1,5.6,255,Khumaltar,27.6468,85.3248
2024-02-03T19:00,9.7,83,7.0,868.5,3.7,241,Khumaltar,27.6468,85.3248
2024-02-03T20:00,10.1,83,7.4,869.3,2.3,219,Khumaltar,27.6468,85.3248
2024-02-03T21:00,9.2,90,7.6,869.3,2.8,140,Khumaltar,27.6468,85.3248
2024-02-03T22:00,7.1,98,6.8,868.2,3.7,151,Khumaltar,27.6468,85.3248
2024-02-03T23:00,6.2,100,6.2,867.7,1.9,158,Khumaltar,27.6468,85.3248
2024-02-04T00:00,5.7,100,5.7,867.1,2.4,153,Khumaltar,27.6468,85.3248
2024-02-04T01:00,5.1,100,5.0,866.5,3.1,159,Khumaltar,27.6468,85.3248
2024-02-04T02:00,4.7,99,4.6,865.7,4.1,165,Khumaltar,27.6468,85.3248
2024-02-04T03:00,4.8,96,4.2,865.4,4.1,165,Khumaltar,27.6468,85.3248
2024-02-04T04:00,5.0,93,4.0,865.4,3.3,167,Khumaltar,27.6468,85.3248
2024-02-04T05:00,5.6,91,4.2,866.0,3.4,162,Khumaltar,27.6468,85.3248
2024-02-04T06:00,4.9,96,4.4,867.6,4.0,170,Khumaltar,27.6468,85.3248
2024-02-04T07:00,6.7,92,5.6,869.4,5.2,168,Khumaltar,27.6468,85.3248
2024-02-04T08:00,10.5,84,7.9,872.0,4.7,171,Khumaltar,27.6468,85.3248
2024-02-04T09:00,13.2,71,8.1,873.3,4.3,156,Khumaltar,27.6468,85.3248
2024-02-04T10:00,15.4,61,7.9,874.0,0.7,180,Khumaltar,27.6468,85.3248
2024-02-04T11:00,16.2,59,8.1,873.3,2.4,333,Khumaltar,27.6468,85.3248
2024-02-04T12:00,15.8,59,7.8,872.5,8.9,328,Khumaltar,27.6468,85.3248
2024-02-04T13:00,13.6,76,9.5,871.6,7.1,330,Khumaltar,27.6468,85.3248
2024-02-04T14:00,12.5,87,10.3,870.9,3.3,311,Khumaltar,27.6468,85.3248
2024-02-04T15:00,11.7,91,10.3,870.5,3.2,333,Khumaltar,27.6468,85.3248
2024-02-04T16:00,12.1,90,10.4,870.3,2.3,51,Khumaltar,27.6468,85.3248
2024-02-04T17:00,11.6,92,10.3,870.0,2.6,124,Khumaltar,27.6468,85.3248
2024-02-04T18:00,10.3,95,9.6,871.0,1.1,252,Khumaltar,27.6468,85.3248
2024-02-04T19:00,10.1,96,9.5,871.4,0.5,225,Khumaltar,27.6468,85.3248
2024-02-04T20:00,8.2,99,8.1,870.8,2.9,187,Khumaltar,27.6468,85.3248
2024-02-04T21:00,7.9,100,7.9,870.9,0.7,180,Khumaltar,27.6468,85.3248
2024-02-04T22:00,7.5,99,7.4,869.8,3.1,159,Khumaltar,27.6468,85.3248
2024-02-04T23:00,7.2,99,7.0,869.4,2.9,180,Khumaltar,27.6468,85.3248
2024-02-05T00:00,6.8,99,6.7,869.1,0.7,180,Khumaltar,27.6468,85.3248
2024-02-05T01:00,7.3,98,6.9,868.7,0.8,153,Khumaltar,27.6468,85.3248
2024-02-05T02:00,7.5,97,7.0,868.4,0.4,180,Khumaltar,27.6468,85.3248
2024-02-05T03:00,7.9,94,6.9,868.4,2.2,180,Khumaltar,27.6468,85.3248
2024-02-05T04:00,7.5,92,6.3,867.8,1.8,180,Khumaltar,27.6468,85.3248
2024-02-05T05:00,8.1,90,6.5,868.5,1.5,194,Khumaltar,27.6468,85.3248
2024-02-05T06:00,7.2,90,5.7,868.8,2.5,172,Khumaltar,27.6468,85.3248
2024-02-05T07:00,8.6,88,6.8,870.1,4.8,132,Khumaltar,27.6468,85.3248
2024-02-05T08:00,11.7,76,7.7,871.7,2.9,120,Khumaltar,27.6468,85.3248
2024-02-05T09:00,13.6,70,8.2,873.0,1.1,198,Khumaltar,27.6468,85.3248
2024-02-05T10:00,15.5,60,7.9,873.5,4.1,285,Khumaltar,27.6468,85.3248
2024-02-05T11:00,16.8,51,6.5,872.9,8.0,288,Khumaltar,27.6468,85.3248
2024-02-05T12:00,17.4,42,4.4,871.9,11.5,284,Khumaltar,27.6468,85.3248
2024-02-05T13:00,17.2,40,3.7,871.0,13.3,283,Khumaltar,27.6468,85.3248
2024-02-05T14:00,16.7,42,3.8,870.3,12.6,290,Khumaltar,27.6468,85.3248
2024-02-05T15:00,16.0,47,4.5,869.9,11.4,298,Khumaltar,27.6468,85.3248
2024-02-05T16:00,14.7,52,5.0,869.7,9.5,299,Khumaltar,27.6468,85.3248
2024-02-05T17:00,11.7,69,6.3,868.7,4.6,288,Khumaltar,27.6468,85.3248
2024-02-05T18:00,10.3,79,6.8,868.7,4.3,246,Khumaltar,27.6468,85.3248
2024-02-05T19:00,9.7,83,7.0,869.2,4.7,266,Khumaltar,27.6468,85.3248
2024-02-05T20:00,9.1,87,7.0,869.5,4.0,243,Khumaltar,27.6468,85.3248
2024-02-05T21:00,7.5,95,6.8,869.4,1.1,198,Khumaltar,27.6468,85.3248
2024-02-05T22:00,6.3,100,6.2,868.9,0.4,180,Khumaltar,27.6468,85.3248
2024-02-05T23:00,5.8,100,5.8,868.4,0.4,180,Khumaltar,27.6468,85.3248
2024-02-06T00:00,5.3,100,5.3,867.5,0.7,180,Khumaltar,27.6468,85.3248
2024-02-06T01:00,5.0,100,4.9,866.8,1.1,180,Khumaltar,27.6468,85.3248
2024-02-06T02:00,4.6,100,4.6,866.0,1.8,180,Khumaltar,27.6468,85.3248
2024-02-06T03:00,4.9,99,4.8,865.9,2.9,180,Khumaltar,27.6468,85.3248
2024-02-06T04:00,5.4,91,4.1,865.9,2.2,180,Khumaltar,27.6468,85.3248
2024-02-06T05:00,5.0,88,3.2,865.9,1.4,180,Khumaltar,27.6468,85.3248
2024-02-06T06:00,4.9,88,3.1,866.6,2.5,188,Khumaltar,27.6468,85.3248
2024-02-06T07:00,6.9,84,4.4,868.7,1.8,180,Khumaltar,27.6468,85.3248
2024-02-06T08:00,11.3,69,5.9,871.3,3.3,84,Khumaltar,27.6468,85.3248
2024-02-06T09:00,13.6,52,4.1,872.3,3.8,73,Khumaltar,27.6468,85.3248
2024-02-06T10:00,15.8,43,3.4,872.7,1.9,68,Khumaltar,27.6468,85.3248
2024-02-06T11:00,17.2,28,-1.4,872.2,3.5,294,Khumaltar,27.6468,85.3248
2024-02-06T12:00,18.0,21,-4.6,871.3,7.0,282,Khumaltar,27.6468,85.3248
2024-02-06T13:00,17.9,21,-4.9,870.3,9.1,279,Khumaltar,27.6468,85.3248
2024-02-06T14:00,17.6,21,-4.7,869.5,9.8,278,Khumaltar,27.6468,85.3248
2024-02-06T15:00,16.6,25,-3.3,868.9,10.0,283,Khumaltar,27.6468,85.3248
2024-02-06T16:00,15.1,36,-0.0,868.7,8.2,299,Khumaltar,27.6468,85.3248
2024-02-06T17:00,11.3,56,2.9,867.8,5.4,278,Khumaltar,27.6468,85.3248
2024-02-06T18:00,9.4,85,6.9,868.2,5.0,249,Khumaltar,27.6468,85.3248
2024-02-06T19:00,7.9,91,6.6,868.4,6.5,270,Khumaltar,27.6468,85.3248
2024-02-06T20:00,8.1,92,6.9,869.0,4.3,246,Khumaltar,27.6468,85.3248
2024-02-06T21:00,6.4,99,6.3,868.2,1.1,198,Khumaltar,27.6468,85.3248
2024-02-06T22:00,5.8,99,5.7,867.6,2.6,196,Khumaltar,27.6468,85.3248
2024-02-06T23:00,4.9,100,4.8,866.7,2.3,198,Khumaltar,27.6468,85.3248
2024-02-07T00:00,4.5,98,4.2,866.1,1.9,202,Khumaltar,27.6468,85.3248
2024-02-07T01:00,4.4,91,3.0,865.5,1.9,202,Khumaltar,27.6468,85.3248
2024-02-07T02:00,4.1,80,1.0,865.0,4.8,222,Khumaltar,27.6468,85.3248
2024-02-07T03:00,7.2,56,-1.1,866.3,6.0,253,Khumaltar,27.6468,85.3248
2024-02-07T04:00,7.6,59,0.1,866.1,4.6,231,Khumaltar,27.6468,85.3248
2024-02-07T05:00,7.7,57,-0.2,866.2,4.3,222,Khumaltar,27.6468,85.3248
2024-02-07T06:00,4.8,81,1.9,865.1,3.1,201,Khumaltar,27.6468,85.3248
2024-02-07T07:00,7.6,71,2.7,867.0,1.1,180,Khumaltar,27.6468,85.3248
2024-02-07T08:00,11.9,60,4.5,869.4,4.5,194,Khumaltar,27.6468,85.3248
2024-02-07T09:00,15.5,37,0.9,871.5,1.4,180,Khumaltar,27.6468,85.3248
2024-02-07T10:00,17.6,28,-1.4,871.9,3.4,328,Khumaltar,27.6468,85.3248
2024-02-07T11:00,18.8,22,-3.1,871.5,8.2,308,Khumaltar,27.6468,85.3248
2024-02-07T12:00,19.1,23,-2.6,870.7,10.9,304,Khumaltar,27.6468,85.3248
2024-02-07T13:00,19.0,24,-2.3,869.7,11.1,299,Khumaltar,27.6468,85.3248
2024-02-07T14:00,18.4,23,-3.3,869.0,10.0,285,Khumaltar,27.6468,85.3248
2024-02-07T15:00,17.4,22,-4.3,868.4,9.1,277,Khumaltar,27.6468,85.3248
2024-02-07T16:00,15.6,31,-1.3,868.0,4.7,266,Khumaltar,27.6468,85.3248
2024-02-07T17:00,11.2,53,1.9,866.3,5.2,236,Khumaltar,27.6468,85.3248
2024-02-07T18:00,9.2,70,4.0,866.8,5.4,222,Khumaltar,27.6468,85.3248
2024-02-07T19:00,8.0,88,6.1,866.8,3.4,198,Khumaltar,27.6468,85.3248
2024-02-07T20:00,7.8,95,7.0,867.3,3.3,193,Khumaltar,27.6468,85.3248
2024-02-07T21:00,7.4,97,6.9,867.9,2.3,198,Khumaltar,27.6468,85.3248
2024-02-07T22:00,6.8,99,6.7,867.6,1.8,191,Khumaltar,27.6468,85.3248
2024-02-07T23:00,6.5,100,6.5,867.0,1.8,191,Khumaltar,27.6468,85.3248
2024-02-08T00:00,5.4,100,5.4,865.6,1.4,180,Khumaltar,27.6468,85.3248
2024-02-08T01:00,4.4,100,4.4,864.4,0.7,180,Khumaltar,27.6468,85.3248
2024-02-08T02:00,4.1,96,3.5,863.4,0.7,180,Khumaltar,27.6468,85.3248
2024-02-08T03:00,3.9,89,2.3,862.7,1.5,194,Khumaltar,27.6468,85.3248
2024-02-08T04:00,4.5,77,0.7,863.0,3.7,209,Khumaltar,27.6468,85.3248
2024-02-08T05:00,9.2,46,-1.8,865.1,3.2,207,Khumaltar,27.6468,85.3248
2024-02-08T06:00,8.8,56,0.6,865.9,3.4,212,Khumaltar,27.6468,85.3248
2024-02-08T07:00,9.5,52,0.2,867.1,3.0,194,Khumaltar,27.6468,85.3248
2024-02-08T08:00,11.5,53,2.3,868.6,1.3,236,Khumaltar,27.6468,85.3248
2024-02-08T09:00,14.1,43,1.6,869.9,4.4,305,Khumaltar,27.6468,85.3248
2024-02-08T10:00,15.8,37,1.0,870.5,9.1,304,Khumaltar,27.6468,85.3248
2024-02-08T11:00,16.7,34,0.8,870.3,10.7,303,Khumaltar,27.6468,85.3248
2024-02-08T12:00,17.1,33,0.8,869.6,11.3,292,Khumaltar,27.6468,85.3248
2024-02-08T13:00,16.9,34,0.7,868.7,10.9,279,Khumaltar,27.6468,85.3248
2024-02-08T14:00,16.5,37,1.6,868.1,11.7,288,Khumaltar,27.6468,85.3248
2024-02-08T15:00,15.8,41,2.5,867.5,10.6,294,Khumaltar,27.6468,85.3248
2024-02-08T16:00,14.4,45,2.7,867.2,8.6,268,Khumaltar,27.6468,85.3248
2024-02-08T17:00,10.7,68,5.0,866.3,4.4,235,Khumaltar,27.6468,85.3248
2024-02-08T18:00,8.8,77,5.1,866.5,4.4,215,Khumaltar,27.6468,85.3248
2024-02-08T19:00,7.8,90,6.2,866.3,3.6,225,Khumaltar,27.6468,85.3248
2024-02-08T20:00,6.8,95,6.1,866.5,3.4,212,Khumaltar,27.6468,85.3248
2024-02-08T21:00,6.6,97,6.2,867.6,2.6,196,Khumaltar,27.6468,85.3248
2024-02-08T22:00,7.5,95,6.8,868.3,4.9,73,Khumaltar,27.6468,85.3248
2024-02-08T23:00,6.8,97,6.3,867.7,4.4,125,Khumaltar,27.6468,85.3248
2024-02-09T00:00,5.6,98,5.3,866.7,2.6,164,Khumaltar,27.6468,85.3248
2024-02-09T01:00,5.0,97,4.6,866.4,2.3,162,Khumaltar,27.6468,85.3248
2024-02-09T02:00,4.7,97,4.2,866.0,3.2,153,Khumaltar,27.6468,85.3248
2024-02-09T03:00,4.7,95,4.0,866.0,3.4,162,Khumaltar,27.6468,85.3248
2024-02-09T04:00,4.3,96,3.6,865.9,4.1,165,Khumaltar,27.6468,85.3248
2024-02-09T05:00,3.9,96,3.3,866.2,4.2,160,Khumaltar,27.6468,85.3248
2024-02-09T06:00,3.0,97,2.6,867.4,3.9,158,Khumaltar,27.6468,85.3248
2024-02-09T07:00,4.7,93,3.6,869.4,6.2,159,Khumaltar,27.6468,85.3248
2024-02-09T08:00,10.0,71,4.9,873.0,4.7,122,Khumaltar,27.6468,85.3248
2024-02-09T09:00,12.0,63,5.2,874.3,5.3,118,Khumaltar,27.6468,85.3248
2024-02-09T10:00,14.0,59,6.2,874.9,4.8,117,Khumaltar,27.6468,85.3248
2024-02-09T11:00,15.6,55,6.7,874.8,5.4,90,Khumaltar,27.6468,85.3248
2024-02-09T12:00,16.7,51,6.5,874.1,5.9,76,Khumaltar,27.6468,85.3248
2024-02-09T13:00,17.4,46,5.7,873.5,2.3,51,Khumaltar,27.6468,85.3248
2024-02-09T14:00,16.8,47,5.3,872.9,2.6,236,Khumaltar,27.6468,85.3248
2024-02-09T15:00,15.9,50,5.4,872.4,4.0,260,Khumaltar,27.6468,85.3248
2024-02-09T16:00,14.7,56,5.9,872.4,5.0,270,Khumaltar,27.6468,85.3248
2024-02-09T17:00,11.8,75,7.6,871.8,4.7,274,Khumaltar,27.6468,85.3248
2024-02-09T18:00,12.2,66,6.1,872.8,3.2,243,Khumaltar,27.6468,85.3248
2024-02-09T19:00,11.6,70,6.3,873.3,3.1,225,Khumaltar,27.6468,85.3248
2024-02-09T20:00,11.7,69,6.2,874.0,4.5,331,Khumaltar,27.6468,85.3248
2024-02-09T21:00,11.3,71,6.2,874.5,2.9,300,Khumaltar,27.6468,85.3248
2024-02-09T22:00,10.5,75,6.2,874.3,3.1,306,Khumaltar,27.6468,85.3248
2024-02-09T23:00,10.0,77,6.2,874.0,3.9,34,Khumaltar,27.6468,85.3248
2024-02-10T00:00,9.9,77,6.0,873.4,1.4,180,Khumaltar,27.6468,85.3248
2024-02-10T01:00,9.0,77,5.2,872.4,1.8,180,Khumaltar,27.6468,85.3248
2024-02-10T02:00,9.7,74,5.3,872.0,1.8,180,Khumaltar,27.6468,85.3248
2024-02-10T03:00,9.5,74,5.1,871.4,1.8,180,Khumaltar,27.6468,85.3248
2024-02-10T04:00,9.3,74,4.9,871.3,1.4,180,Khumaltar,27.6468,85.3248
2024-02-10T05:00,9.3,74,4.9,871.5,1.4,180,Khumaltar,27.6468,85.3248
2024-02-10T06:00,6.2,83,3.6,871.1,3.2,180,Khumaltar,27.6468,85.3248
2024-02-10T07:00,8.3,85,5.9,873.0,1.8,169,Khumaltar,27.6468,85.3248
2024-02-10T08:00,12.6,68,6.8,875.7,1.1,162,Khumaltar,27.6468,85.3248
2024-02-10T09:00,15.0,60,7.2,876.7,0.8,63,Khumaltar,27.6468,85.3248
2024-02-10T10:00,17.0,49,6.1,876.9,0.8,243,Khumaltar,27.6468,85.3248
2024-02-10T11:00,18.6,36,3.4,876.9,3.6,217,Khumaltar,27.6468,85.3248
2024-02-10T12:00,19.3,32,2.0,876.1,4.8,222,Khumaltar,27.6468,85.3248
2024-02-10T13:00,19.4,30,1.5,875.2,4.8,228,Khumaltar,27.6468,85.3248
2024-02-10T14:00,19.1,31,1.4,874.5,7.4,227,Khumaltar,27.6468,85.3248
2024-02-10T15:00,17.9,35,2.1,874.1,10.7,230,Khumaltar,27.6468,85.3248
2024-02-10T16:00,16.2,41,3.0,874.1,8.9,238,Khumaltar,27.6468,85.3248
2024-02-10T17:00,12.8,55,4.1,873.4,4.8,228,Khumaltar,27.6468,85.3248
2024-02-10T18:00,10.9,64,4.2,872.9,5.9,223,Khumaltar,27.6468,85.3248
2024-02-10T19:00,10.0,68,4.3,872.8,4.8,222,Khumaltar,27.6468,85.3248
2024-02-10T20:00,12.7,55,3.8,874.6,2.6,214,Khumaltar,27.6468,85.3248
2024-02-10T21:00,12.9,56,4.4,875.1,2.5,225,Khumaltar,27.6468,85.3248
2024-02-10T22:00,12.6,60,5.1,875.1,3.4,238,Khumaltar,27.6468,85.3248
2024-02-10T23:00,12.3,64,5.6,874.6,2.1,211,Khumaltar,27.6468,85.3248
2024-02-11T00:00,11.7,66,5.5,873.5,1.8,191,Khumaltar,27.6468,85.3248
2024-02-11T01:00,11.1,67,5.3,872.8,2.5,172,Khumaltar,27.6468,85.3248
2024-02-11T02:00,9.5,72,4.7,871.7,1.8,169,Khumaltar,27.6468,85.3248
2024-02-11T03:00,7.1,79,3.7,870.3,2.3,162,Khumaltar,27.6468,85.3248
2024-02-11T04:00,5.8,82,2.9,869.8,2.7,157,Khumaltar,27.6468,85.3248
2024-02-11T05:00,5.3,82,2.5,869.7,2.1,149,Khumaltar,27.6468,85.3248
2024-02-11T06:00,4.7,86,2.6,870.5,3.8,163,Khumaltar,27.6468,85.3248
2024-02-11T07:00,8.0,76,4.1,872.9,2.4,153,Khumaltar,27.6468,85.3248
2024-02-11T08:00,12.6,71,7.4,875.9,3.7,101,Khumaltar,27.6468,85.3248
2024-02-11T09:00,15.2,56,6.6,877.3,3.0,76,Khumaltar,27.6468,85.3248
2024-02-11T10:00,17.2,47,5.9,877.7,2.5,82,Khumaltar,27.6468,85.3248
2024-02-11T11:00,18.8,38,4.1,877.8,3.3,167,Khumaltar,27.6468,85.3248
2024-02-11T12:00,19.5,30,1.6,877.1,5.6,207,Khumaltar,27.6468,85.3248
2024-02-11T13:00,19.4,28,0.4,876.1,7.7,221,Khumaltar,27.6468,85.3248
2024-02-11T14:00,18.8,27,-0.4,875.3,7.7,233,Khumaltar,27.6468,85.3248
2024-02-11T15:00,18.1,28,-0.9,874.9,6.7,254,Khumaltar,27.6468,85.3248
2024-02-11T16:00,16.8,34,0.9,874.4,4.9,253,Khumaltar,27.6468,85.3248
2024-02-11T17:00,13.0,46,1.6,873.2,4.9,234,Khumaltar,27.6468,85.3248
2024-02-11T18:00,11.2,58,3.2,872.9,4.9,216,Khumaltar,27.6468,85.3248
2024-02-11T19:00,10.3,64,3.7,872.8,4.8,207,Khumaltar,27.6468,85.3248
2024-02-11T20:00,9.5,71,4.5,873.1,4.3,204,Khumaltar,27.6468,85.3248
2024-02-11T21:00,8.4,78,4.9,873.1,3.9,202,Khumaltar,27.6468,85.3248
2024-02-11T22:00,7.9,79,4.5,873.0,2.4,207,Khumaltar,27.6468,85.3248
2024-02-11T23:00,11.6,59,4.0,874.6,3.3,221,Khumaltar,27.6468,85.3248
2024-02-12T00:00,12.7,59,4.9,874.8,4.8,228,Khumaltar,27.6468,85.3248
2024-02-12T01:00,12.9,60,5.4,874.4,4.9,126,Khumaltar,27.6468,85.3248
2024-02-12T02:00,12.6,61,5.2,873.8,4.9,107,Khumaltar,27.6468,85.3248
2024-02-12T03:00,12.2,61,4.9,873.1,5.1,94,Khumaltar,27.6468,85.3248
2024-02-12T04:00,11.7,61,4.4,872.8,4.9,107,Khumaltar,27.6468,85.3248
2024-02-12T05:00,11.0,61,3.7,872.9,4.1,128,Khumaltar,27.6468,85.3248
2024-02-12T06:00,4.8,90,3.3,870.9,4.3,156,Khumaltar,27.6468,85.3248
2024-02-12T07:00,7.9,84,5.3,873.1,3.1,144,Khumaltar,27.6468,85.3248
2024-02-12T08:00,12.2,73,7.5,875.6,3.4,108,Khumaltar,27.6468,85.3248
2024-02-12T09:00,15.3,57,6.9,877.1,2.2,90,Khumaltar,27.6468,85.3248
2024-02-12T10:00,17.7,39,3.5,877.6,2.1,149,Khumaltar,27.6468,85.3248
2024-02-12T11:00,19.1,28,0.0,877.2,3.8,197,Khumaltar,27.6468,85.3248
2024-02-12T12:00,19.6,27,0.0,876.2,4.6,225,Khumaltar,27.6468,85.3248
2024-02-12T13:00,19.6,27,-0.0,875.0,6.8,238,Khumaltar,27.6468,85.3248
2024-02-12T14:00,19.1,31,1.6,874.4,9.9,237,Khumaltar,27.6468,85.3248
2024-02-12T15:00,17.9,37,3.2,874.1,10.0,232,Khumaltar,27.6468,85.3248
2024-02-12T16:00,16.3,45,4.3,873.5,8.2,229,Khumaltar,27.6468,85.3248
2024-02-12T17:00,13.4,57,5.1,873.2,5.4,217,Khumaltar,27.6468,85.3248
2024-02-12T18:00,10.8,72,6.0,872.8,6.0,213,Khumaltar,27.6468,85.3248
2024-02-12T19:00,9.7,77,5.9,872.7,5.3,208,Khumaltar,27.6468,85.3248
2024-02-12T20:00,12.5,62,5.5,874.6,3.9,214,Khumaltar,27.6468,85.3248
2024-02-12T21:00,12.7,63,5.8,875.3,2.5,225,Khumaltar,27.6468,85.3248
2024-02-12T22:00,12.6,64,6.0,875.3,2.6,236,Khumaltar,27.6468,85.3248
2024-02-12T23:00,13.0,63,6.1,875.6,1.3,214,Khumaltar,27.6468,85.3248
2024-02-13T00:00,13.1,63,6.2,875.0,2.9,180,Khumaltar,27.6468,85.3248
2024-02-13T01:00,13.4,61,6.0,874.6,3.2,180,Khumaltar,27.6468,85.3248
2024-02-13T02:00,13.1,60,5.6,873.8,3.4,162,Khumaltar,27.6468,85.3248
2024-02-13T03:00,9.5,74,5.2,871.4,3.2,180,Khumaltar,27.6468,85.3248
2024-02-13T04:00,8.6,76,4.7,870.8,2.9,187,Khumaltar,27.6468,85.3248
2024-02-13T05:00,7.2,81,4.2,870.2,2.2,171,Khumaltar,27.6468,85.3248
2024-02-13T06:00,6.7,83,4.1,871.3,3.1,159,Khumaltar,27.6468,85.3248
2024-02-13T07:00,9.2,77,5.4,873.2,1.8,169,Khumaltar,27.6468,85.3248
2024-02-13T08:00,13.2,68,7.5,875.7,1.6,153,Khumaltar,27.6468,85.3248
2024-02-13T09:00,15.7,55,6.8,876.6,2.3,129,Khumaltar,27.6468,85.3248
2024-02-13T10:00,17.9,37,3.0,877.1,3.6,186,Khumaltar,27.6468,85.3248
2024-02-13T11:00,19.1,22,-2.8,876.9,7.2,207,Khumaltar,27.6468,85.3248
2024-02-13T12:00,18.9,23,-2.7,875.7,10.0,210,Khumaltar,27.6468,85.3248
2024-02-13T13:00,18.6,27,-0.5,874.6,9.7,225,Khumaltar,27.6468,85.3248
2024-02-13T14:00,18.6,30,0.8,873.9,8.3,252,Khumaltar,27.6468,85.3248
2024-02-13T15:00,18.0,33,1.6,873.4,8.6,255,Khumaltar,27.6468,85.3248
2024-02-13T16:00,16.7,38,2.4,873.3,7.6,262,Khumaltar,27.6468,85.3248
2024-02-13T17:00,13.3,56,4.8,872.3,5.8,270,Khumaltar,27.6468,85.3248
2024-02-13T18:00,11.9,61,4.6,872.7,6.2,260,Khumaltar,27.6468,85.3248
2024-02-13T19:00,12.5,54,3.5,873.6,4.5,241,Khumaltar,27.6468,85.3248
2024-02-13T20:00,13.7,49,3.1,874.4,2.0,225,Khumaltar,27.6468,85.3248
2024-02-13T21:00,13.7,49,3.1,874.4,1.0,225,Khumaltar,27.6468,85.3248
2024-02-13T22:00,10.2,63,3.6,872.6,3.6,217,Khumaltar,27.6468,85.3248
2024-02-13T23:00,12.5,53,3.3,873.1,2.1,211,Khumaltar,27.6468,85.3248
2024-02-14T00:00,13.1,50,3.0,873.0,1.6,207,Khumaltar,27.6468,85.3248
2024-02-14T01:00,12.0,54,3.0,872.2,2.1,211,Khumaltar,27.6468,85.3248
2024-02-14T02:00,12.3,52,2.7,871.8,2.4,207,Khumaltar,27.6468,85.3248
2024-02-14T03:00,12.8,49,2.3,871.8,2.2,180,Khumaltar,27.6468,85.3248
2024-02-14T04:00,13.5,46,2.1,872.0,7.1,75,Khumaltar,27.6468,85.3248
2024-02-14T05:00,13.3,47,2.2,872.0,3.8,131,Khumaltar,27.6468,85.3248
2024-02-14T06:00,7.6,77,3.8,870.5,2.9,173,Khumaltar,27.6468,85.3248
2024-02-14T07:00,10.5,69,5.0,872.4,2.3,162,Khumaltar,27.6468,85.3248
2024-02-14T08:00,12.8,66,6.7,874.4,3.3,193,Khumaltar,27.6468,85.3248
2024-02-14T09:00,14.7,52,5.0,875.5,1.4,180,Khumaltar,27.6468,85.3248
2024-02-14T10:00,15.4,51,5.2,875.3,3.3,77,Khumaltar,27.6468,85.3248
2024-02-14T11:00,16.6,48,5.5,874.6,3.1,126,Khumaltar,27.6468,85.3248
2024-02-14T12:00,16.3,50,5.7,873.8,5.2,196,Khumaltar,27.6468,85.3248
2024-02-14T13:00,16.4,51,6.1,873.3,6.1,220,Khumaltar,27.6468,85.3248
2024-02-14T14:00,15.9,53,6.2,872.6,3.3,221,Khumaltar,27.6468,85.3248
2024-02-14T15:00,14.6,60,6.9,872.1,4.2,211,Khumaltar,27.6468,85.3248
2024-02-14T16:00,13.5,71,8.3,871.8,1.8,270,Khumaltar,27.6468,85.3248
2024-02-14T17:00,12.2,79,8.7,871.4,3.6,315,Khumaltar,27.6468,85.3248
2024-02-14T18:00,10.8,70,5.5,871.5,1.0,225,Khumaltar,27.6468,85.3248
2024-02-14T19:00,10.3,67,4.4,871.6,1.9,202,Khumaltar,27.6468,85.3248
2024-02-14T20:00,9.1,72,4.3,871.4,2.2,171,Khumaltar,27.6468,85.3248
2024-02-14T21:00,7.4,78,3.9,870.7,1.8,191,Khumaltar,27.6468,85.3248
2024-02-14T22:00,8.2,72,3.5,870.8,2.6,196,Khumaltar,27.6468,85.3248
2024-02-14T23:00,10.9,57,2.8,872.0,2.6,196,Khumaltar,27.6468,85.3248
2024-02-15T00:00,12.4,50,2.3,872.5,2.7,203,Khumaltar,27.6468,85.3248
2024-02-15T01:00,13.0,47,1.9,872.3,3.6,225,Khumaltar,27.6468,85.3248
2024-02-15T02:00,13.2,45,1.6,872.2,3.8,253,Khumaltar,27.6468,85.3248
2024-02-15T03:00,13.3,44,1.1,871.8,3.6,276,Khumaltar,27.6468,85.3248
2024-02-15T04:00,13.4,42,0.8,872.0,5.5,337,Khumaltar,27.6468,85.3248
2024-02-15T05:00,13.3,42,0.5,872.2,6.2,353,Khumaltar,27.6468,85.3248
2024-02-15T06:00,10.1,61,3.0,872.0,3.8,229,Khumaltar,27.6468,85.3248
2024-02-15T07:00,10.2,64,3.6,872.9,3.6,225,Khumaltar,27.6468,85.3248
2024-02-15T08:00,12.1,66,5.9,874.7,2.8,50,Khumaltar,27.6468,85.3248
2024-02-15T09:00,14.1,56,5.5,875.7,4.1,45,Khumaltar,27.6468,85.3248
2024-02-15T10:00,15.9,51,5.7,875.9,5.1,45,Khumaltar,27.6468,85.3248
2024-02-15T11:00,17.4,47,5.9,875.5,4.8,27,Khumaltar,27.6468,85.3248
2024-02-15T12:00,19.1,41,5.4,874.9,4.1,345,Khumaltar,27.6468,85.3248
2024-02-15T13:00,19.9,40,5.8,873.9,5.8,338,Khumaltar,27.6468,85.3248
2024-02-15T14:00,19.3,37,4.2,873.3,5.8,300,Khumaltar,27.6468,85.3248
2024-02-15T15:00,18.2,38,3.6,873.1,6.9,279,Khumaltar,27.6468,85.3248
2024-02-15T16:00,16.7,44,4.3,872.8,6.5,276,Khumaltar,27.6468,85.3248
2024-02-15T17:00,12.9,67,6.9,871.9,5.6,255,Khumaltar,27.6468,85.3248
2024-02-15T18:00,10.8,69,5.4,871.9,4.5,209,Khumaltar,27.6468,85.3248
2024-02-15T19:00,9.8,75,5.5,871.7,4.8,207,Khumaltar,27.6468,85.3248
2024-02-15T20:00,13.5,54,4.3,873.8,3.9,236,Khumaltar,27.6468,85.3248
2024-02-15T21:00,13.8,51,3.8,874.5,5.1,274,Khumaltar,27.6468,85.3248
2024-02-15T22:00,13.6,51,3.7,874.7,5.8,300,Khumaltar,27.6468,85.3248
2024-02-15T23:00,13.3,52,3.6,874.7,4.4,279,Khumaltar,27.6468,85.3248
2024-02-16T00:00,12.9,53,3.6,874.5,1.8,180,Khumaltar,27.6468,85.3248
2024-02-16T01:00,12.5,55,3.6,873.9,3.4,148,Khumaltar,27.6468,85.3248
2024-02-16T02:00,12.2,55,3.5,873.2,4.4,125,Khumaltar,27.6468,85.3248
2024-02-16T03:00,11.6,58,3.5,872.6,3.4,148,Khumaltar,27.6468,85.3248
2024-02-16T04:00,10.9,60,3.5,871.9,2.3,162,Khumaltar,27.6468,85.3248
2024-02-16T05:00,9.9,64,3.5,872.0,2.3,162,Khumaltar,27.6468,85.3248
2024-02-16T06:00,6.1,81,3.1,870.9,4.7,171,Khumaltar,27.6468,85.3248
2024-02-16T07:00,9.6,74,5.1,873.3,2.5,180,Khumaltar,27.6468,85.3248
2024-02-16T08:00,13.6,64,6.9,876.0,2.5,188,Khumaltar,27.6468,85.3248
2024-02-16T09:00,16.2,50,5.6,877.3,1.4,180,Khumaltar,27.6468,85.3248
2024-02-16T10:00,17.9,39,3.7,877.2,1.8,233,Khumaltar,27.6468,85.3248
2024-02-16T11:00,19.1,37,4.1,876.7,4.0,265,Khumaltar,27.6468,85.3248
2024-02-16T12:00,19.7,37,4.5,875.8,5.4,274,Khumaltar,27.6468,85.3248
2024-02-16T13:00,19.9,38,5.1,874.9,6.8,270,Khumaltar,27.6468,85.3248
2024-02-16T14:00,19.6,41,6.1,874.2,7.7,281,Khumaltar,27.6468,85.3248
2024-02-16T15:00,18.9,45,6.6,873.5,8.0,297,Khumaltar,27.6468,85.3248
2024-02-16T16:00,17.5,50,7.0,872.9,7.1,311,Khumaltar,27.6468,85.3248
2024-02-16T17:00,13.7,74,9.1,871.7,6.6,311,Khumaltar,27.6468,85.3248
2024-02-16T18:00,11.6,74,7.2,871.0,6.9,242,Khumaltar,27.6468,85.3248
2024-02-16T19:00,10.7,83,7.9,871.0,6.8,238,Khumaltar,27.6468,85.3248
2024-02-16T20:00,10.1,86,7.9,871.0,6.2,234,Khumaltar,27.6468,85.3248
2024-02-16T21:00,13.1,75,8.8,872.4,5.2,245,Khumaltar,27.6468,85.3248
2024-02-16T22:00,13.2,72,8.2,872.3,4.3,265,Khumaltar,27.6468,85.3248
2024-02-16T23:00,12.8,71,7.8,871.7,4.0,260,Khumaltar,27.6468,85.3248
2024-02-17T00:00,12.1,73,7.5,871.0,3.1,225,Khumaltar,27.6468,85.3248
2024-02-17T01:00,11.5,75,7.3,870.3,3.1,225,Khumaltar,27.6468,85.3248
2024-02-17T02:00,11.1,77,7.2,869.4,2.6,214,Khumaltar,27.6468,85.3248
2024-02-17T03:00,10.5,78,6.9,868.3,1.4,180,Khumaltar,27.6468,85.3248
2024-02-17T04:00,9.9,80,6.6,867.9,3.5,156,Khumaltar,27.6468,85.3248
2024-02-17T05:00,6.4,90,4.9,865.9,2.9,173,Khumaltar,27.6468,85.3248
2024-02-17T06:00,5.8,95,5.1,866.3,2.9,180,Khumaltar,27.6468,85.3248
2024-02-17T07:00,8.9,88,7.0,868.8,2.7,203,Khumaltar,27.6468,85.3248
2024-02-17T08:00,13.7,69,8.2,871.5,1.4,90,Khumaltar,27.6468,85.3248
2024-02-17T09:00,15.9,59,7.9,872.2,3.4,72,Khumaltar,27.6468,85.3248
2024-02-17T10:00,17.5,55,8.3,872.0,2.3,129,Khumaltar,27.6468,85.3248
2024-02-17T11:00,19.2,46,7.3,871.7,3.7,241,Khumaltar,27.6468,85.3248
2024-02-17T12:00,20.0,41,6.4,870.6,5.8,240,Khumaltar,27.6468,85.3248
2024-02-17T13:00,19.0,47,7.4,869.6,7.3,237,Khumaltar,27.6468,85.3248
2024-02-17T14:00,18.3,55,9.0,868.9,10.1,235,Khumaltar,27.6468,85.3248
2024-02-17T15:00,17.3,59,9.2,868.5,9.2,239,Khumaltar,27.6468,85.3248
2024-02-17T16:00,16.7,59,8.7,868.3,6.2,249,Khumaltar,27.6468,85.3248
2024-02-17T17:00,14.9,68,9.0,867.9,3.6,233,Khumaltar,27.6468,85.3248
2024-02-17T18:00,12.6,75,8.2,868.0,4.6,231,Khumaltar,27.6468,85.3248
2024-02-17T19:00,11.6,80,8.3,868.2,4.0,243,Khumaltar,27.6468,85.3248
2024-02-17T20:00,10.9,83,8.1,868.3,4.7,238,Khumaltar,27.6468,85.3248
2024-02-17T21:00,11.8,75,7.5,869.4,4.7,266,Khumaltar,27.6468,85.3248
2024-02-17T22:00,11.8,76,7.7,869.4,3.7,259,Khumaltar,27.6468,85.3248
2024-02-17T23:00,12.0,78,8.2,869.4,2.9,210,Khumaltar,27.6468,85.3248
2024-02-18T00:00,11.9,79,8.4,868.7,1.1,180,Khumaltar,27.6468,85.3248
2024-02-18T01:00,8.7,88,6.9,866.5,3.7,191,Khumaltar,27.6468,85.3248
2024-02-18T02:00,8.2,89,6.5,865.8,3.2,180,Khumaltar,27.6468,85.3248
2024-02-18T03:00,6.7,94,5.8,864.8,3.6,174,Khumaltar,27.6468,85.3248
2024-02-18T04:00,6.5,96,5.8,864.6,3.3,174,Khumaltar,27.6468,85.3248
2024-02-18T05:00,6.3,96,5.7,865.0,2.9,180,Khumaltar,27.6468,85.3248
2024-02-18T06:00,6.8,91,5.5,866.3,3.4,162,Khumaltar,27.6468,85.3248
2024-02-18T07:00,9.3,86,7.1,868.5,4.3,175,Khumaltar,27.6468,85.3248
2024-02-18T08:00,13.5,71,8.3,871.4,1.9,202,Khumaltar,27.6468,85.3248
2024-02-18T09:00,15.8,55,6.7,872.2,1.1,90,Khumaltar,27.6468,85.3248
2024-02-18T10:00,17.4,50,6.8,872.7,1.0,45,Khumaltar,27.6468,85.3248
2024-02-18T11:00,18.7,47,7.1,872.1,1.1,18,Khumaltar,27.6468,85.3248
2024-02-18T12:00,20.0,41,6.5,870.8,2.0,225,Khumaltar,27.6468,85.3248
2024-02-18T13:00,20.8,37,5.7,869.8,6.1,242,Khumaltar,27.6468,85.3248
2024-02-18T14:00,19.7,41,6.1,869.0,9.4,247,Khumaltar,27.6468,85.3248
2024-02-18T15:00,18.1,49,7.3,868.8,8.9,243,Khumaltar,27.6468,85.3248
2024-02-18T16:00,16.9,54,7.5,868.8,7.4,241,Khumaltar,27.6468,85.3248
2024-02-18T17:00,15.1,63,8.1,868.7,3.5,246,Khumaltar,27.6468,85.3248
2024-02-18T18:00,12.4,74,7.9,868.8,5.5,247,Khumaltar,27.6468,85.3248
2024-02-18T19:00,11.5,80,8.3,869.1,5.7,235,Khumaltar,27.6468,85.3248
2024-02-18T20:00,12.7,72,7.8,870.1,2.8,220,Khumaltar,27.6468,85.3248
2024-02-18T21:00,12.2,75,7.9,870.2,0.8,207,Khumaltar,27.6468,85.3248
2024-02-18T22:00,11.5,78,7.9,870.0,1.4,180,Khumaltar,27.6468,85.3248
2024-02-18T23:00,9.8,85,7.3,869.2,1.1,180,Khumaltar,27.6468,85.3248
2024-02-19T00:00,8.2,91,6.8,868.3,2.6,196,Khumaltar,27.6468,85.3248
2024-02-19T01:00,7.6,92,6.4,867.8,2.3,198,Khumaltar,27.6468,85.3248
2024-02-19T02:00,7.9,90,6.3,867.4,0.4,180,Khumaltar,27.6468,85.3248
2024-02-19T03:00,9.7,83,6.9,868.0,2.6,164,Khumaltar,27.6468,85.3248
2024-02-19T04:00,9.6,82,6.7,867.7,3.0,166,Khumaltar,27.6468,85.3248
2024-02-19T05:00,7.3,89,5.6,866.9,2.5,180,Khumaltar,27.6468,85.3248
2024-02-19T06:00,6.6,90,5.2,867.8,2.5,188,Khumaltar,27.6468,85.3248
2024-02-19T07:00,9.7,82,6.7,870.2,3.3,193,Khumaltar,27.6468,85.3248
2024-02-19T08:00,13.8,68,8.1,872.8,2.2,180,Khumaltar,27.6468,85.3248
2024-02-19T09:00,16.1,60,8.2,873.8,1.6,117,Khumaltar,27.6468,85.3248
2024-02-19T10:00,17.8,55,8.7,873.9,1.1,342,Khumaltar,27.6468,85.3248
2024-02-19T11:00,19.4,49,8.5,873.5,3.9,292,Khumaltar,27.6468,85.3248
2024-02-19T12:00,20.6,42,7.3,872.3,9.0,293,Khumaltar,27.6468,85.3248
2024-02-19T13:00,20.2,46,8.1,871.2,11.5,284,Khumaltar,27.6468,85.3248
2024-02-19T14:00,19.6,48,8.2,870.6,11.3,277,Khumaltar,27.6468,85.3248
2024-02-19T15:00,18.8,49,8.0,870.3,10.0,285,Khumaltar,27.6468,85.3248
2024-02-19T16:00,17.8,51,7.6,870.0,8.2,293,Khumaltar,27.6468,85.3248
2024-02-19T17:00,14.7,68,8.9,868.8,4.7,266,Khumaltar,27.6468,85.3248
2024-02-19T18:00,11.9,74,7.5,868.7,7.6,275,Khumaltar,27.6468,85.3248
2024-02-19T19:00,11.1,76,7.0,868.9,6.8,273,Khumaltar,27.6468,85.3248
2024-02-19T20:00,10.6,76,6.6,868.9,5.7,252,Khumaltar,27.6468,85.3248
2024-02-19T21:00,11.5,70,6.2,869.8,5.2,254,Khumaltar,27.6468,85.3248
2024-02-19T22:00,13.4,61,6.0,870.8,5.8,270,Khumaltar,27.6468,85.3248
2024-02-19T23:00,13.7,59,5.9,870.8,6.7,286,Khumaltar,27.6468,85.3248
2024-02-20T00:00,13.8,59,5.8,870.2,4.0,260,Khumaltar,27.6468,85.3248
2024-02-20T01:00,13.5,59,5.6,869.3,3.0,256,Khumaltar,27.6468,85.3248
2024-02-20T02:00,13.5,56,5.0,868.5,2.9,187,Khumaltar,27.6468,85.3248
2024-02-20T03:00,13.4,54,4.4,868.1,5.1,352,Khumaltar,27.6468,85.3248
2024-02-20T04:00,13.4,54,4.1,868.1,4.9,343,Khumaltar,27.6468,85.3248
2024-02-20T05:00,13.4,53,4.1,868.2,2.6,196,Khumaltar,27.6468,85.3248
2024-02-20T06:00,10.1,73,5.5,867.4,4.0,243,Khumaltar,27.6468,85.3248
2024-02-20T07:00,12.4,67,6.5,869.6,4.8,333,Khumaltar,27.6468,85.3248
2024-02-20T08:00,14.7,58,6.4,871.4,4.3,5,Khumaltar,27.6468,85.3248
2024-02-20T09:00,17.2,50,6.6,872.5,5.4,340,Khumaltar,27.6468,85.3248
2024-02-20T10:00,18.2,46,6.5,872.6,11.8,322,Khumaltar,27.6468,85.3248
2024-02-20T11:00,18.8,46,7.0,872.2,12.3,308,Khumaltar,27.6468,85.3248
2024-02-20T12:00,19.6,41,6.1,871.1,14.6,290,Khumaltar,27.6468,85.3248
2024-02-20T13:00,19.9,35,4.0,869.9,16.9,286,Khumaltar,27.6468,85.3248
2024-02-20T14:00,19.7,35,3.7,869.2,14.2,286,Khumaltar,27.6468,85.3248
2024-02-20T15:00,19.6,34,3.5,868.4,13.9,291,Khumaltar,27.6468,85.3248
2024-02-20T16:00,18.2,41,4.6,867.8,15.0,305,Khumaltar,27.6468,85.3248
2024-02-20T17:00,15.3,58,7.1,867.3,7.0,325,Khumaltar,27.6468,85.3248
2024-02-20T18:00,12.4,71,7.3,866.0,6.1,273,Khumaltar,27.6468,85.3248
2024-02-20T19:00,11.0,78,7.4,866.0,8.0,262,Khumaltar,27.6468,85.3248
2024-02-20T20:00,10.8,78,7.1,866.3,7.2,252,Khumaltar,27.6468,85.3248
2024-02-20T21:00,12.2,70,6.8,867.3,6.5,267,Khumaltar,27.6468,85.3248
2024-02-20T22:00,9.9,82,6.9,866.7,8.7,312,Khumaltar,27.6468,85.3248
2024-02-20T23:00,9.5,84,6.9,866.6,7.9,309,Khumaltar,27.6468,85.3248
2024-02-21T00:00,12.4,72,7.5,867.3,5.4,290,Khumaltar,27.6468,85.3248
2024-02-21T01:00,12.0,74,7.6,866.2,3.1,234,Khumaltar,27.6468,85.3248
2024-02-21T02:00,10.2,84,7.7,864.6,3.4,212,Khumaltar,27.6468,85.3248
2024-02-21T03:00,10.3,85,7.9,864.4,3.9,236,Khumaltar,27.6468,85.3248
2024-02-21T04:00,12.2,74,7.8,864.9,4.7,270,Khumaltar,27.6468,85.3248
2024-02-21T05:00,9.9,83,7.1,864.4,2.6,214,Khumaltar,27.6468,85.3248
2024-02-21T06:00,9.6,92,8.4,864.1,1.8,169,Khumaltar,27.6468,85.3248
2024-02-21T07:00,11.2,89,9.4,865.9,1.9,158,Khumaltar,27.6468,85.3248
2024-02-21T08:00,12.7,83,9.8,867.6,1.3,236,Khumaltar,27.6468,85.3248
2024-02-21T09:00,16.5,59,8.3,869.3,3.0,284,Khumaltar,27.6468,85.3248
2024-02-21T10:00,17.7,47,6.2,869.4,5.1,266,Khumaltar,27.6468,85.3248
2024-02-21T11:00,17.7,43,4.9,868.8,8.0,262,Khumaltar,27.6468,85.3248
2024-02-21T12:00,17.9,43,5.0,867.8,8.3,268,Khumaltar,27.6468,85.3248
2024-02-21T13:00,18.9,35,3.1,867.1,12.6,272,Khumaltar,27.6468,85.3248
2024-02-21T14:00,18.0,37,3.3,866.4,12.7,263,Khumaltar,27.6468,85.3248
2024-02-21T15:00,17.5,40,3.8,866.3,12.6,272,Khumaltar,27.6468,85.3248
2024-02-21T16:00,16.4,44,4.1,866.2,9.1,277,Khumaltar,27.6468,85.3248
2024-02-21T17:00,13.5,61,6.1,865.3,4.8,318,Khumaltar,27.6468,85.3248
2024-02-21T18:00,13.9,60,6.2,866.0,2.7,247,Khumaltar,27.6468,85.3248
2024-02-21T19:00,12.8,62,5.6,866.5,1.1,198,Khumaltar,27.6468,85.3248
2024-02-21T20:00,11.6,70,6.3,866.6,2.2,180,Khumaltar,27.6468,85.3248
2024-02-21T21:00,9.8,82,6.8,867.8,5.8,338,Khumaltar,27.6468,85.3248
2024-02-21T22:00,9.7,83,6.9,867.4,1.1,108,Khumaltar,27.6468,85.3248
2024-02-21T23:00,7.5,91,6.1,865.8,3.6,143,Khumaltar,27.6468,85.3248
2024-02-22T00:00,6.5,93,5.4,864.8,3.4,162,Khumaltar,27.6468,85.3248
2024-02-22T01:00,7.3,92,6.0,864.1,2.2,171,Khumaltar,27.6468,85.3248
2024-02-22T02:00,7.9,89,6.3,863.9,3.7,191,Khumaltar,27.6468,85.3248
2024-02-22T03:00,8.1,87,6.0,863.2,2.9,187,Khumaltar,27.6468,85.3248
2024-02-22T04:00,8.7,81,5.6,863.5,1.4,180,Khumaltar,27.6468,85.3248
2024-02-22T05:00,9.5,74,5.0,864.5,2.3,198,Khumaltar,27.6468,85.3248
2024-02-22T06:00,9.0,74,4.7,864.9,3.5,204,Khumaltar,27.6468,85.3248
2024-02-22T07:00,10.1,74,5.6,866.0,3.4,198,Khumaltar,27.6468,85.3248
2024-02-22T08:00,15.0,51,4.8,868.7,2.5,278,Khumaltar,27.6468,85.3248
2024-02-22T09:00,16.7,32,-0.2,869.7,3.6,264,Khumaltar,27.6468,85.3248
2024-02-22T10:00,16.3,32,-0.3,869.4,4.4,235,Khumaltar,27.6468,85.3248
2024-02-22T11:00,17.3,31,-0.0,869.3,7.2,252,Khumaltar,27.6468,85.3248
2024-02-22T12:00,17.7,30,-0.1,868.2,8.0,262,Khumaltar,27.6468,85.3248
2024-02-22T13:00,17.9,31,0.5,867.1,10.8,268,Khumaltar,27.6468,85.3248
2024-02-22T14:00,16.7,36,1.6,866.6,12.3,275,Khumaltar,27.6468,85.3248
2024-02-22T15:00,15.3,43,2.9,866.3,11.8,290,Khumaltar,27.6468,85.3248
2024-02-22T16:00,14.2,53,4.9,866.5,8.9,291,Khumaltar,27.6468,85.3248
2024-02-22T17:00,12.2,67,6.4,866.1,4.2,290,Khumaltar,27.6468,85.3248
2024-02-22T18:00,10.5,70,5.4,866.7,4.4,279,Khumaltar,27.6468,85.3248
2024-02-22T19:00,9.5,75,5.2,867.0,4.0,260,Khumaltar,27.6468,85.3248
2024-02-22T20:00,8.9,80,5.6,868.1,6.1,357,Khumaltar,27.6468,85.3248
2024-02-22T21:00,7.7,94,6.8,868.8,4.0,10,Khumaltar,27.6468,85.3248
2024-02-22T22:00,8.1,92,6.8,868.8,3.3,84,Khumaltar,27.6468,85.3248
2024-02-22T23:00,6.5,93,5.4,867.5,4.3,114,Khumaltar,27.6468,85.3248
2024-02-23T00:00,5.5,94,4.6,866.7,3.6,143,Khumaltar,27.6468,85.3248
2024-02-23T01:00,5.3,94,4.4,865.6,3.6,186,Khumaltar,27.6468,85.3248
2024-02-23T02:00,4.9,94,4.0,864.5,2.7,203,Khumaltar,27.6468,85.3248
2024-02-23T03:00,4.9,89,3.3,864.4,3.5,204,Khumaltar,27.6468,85.3248
2024-02-23T04:00,8.4,70,3.2,866.0,1.1,180,Khumaltar,27.6468,85.3248
2024-02-23T05:00,5.6,80,2.3,864.8,2.5,172,Khumaltar,27.6468,85.3248
2024-02-23T06:00,4.3,87,2.3,865.1,2.6,196,Khumaltar,27.6468,85.3248
2024-02-23T07:00,8.4,68,2.7,867.9,0.7,180,Khumaltar,27.6468,85.3248
2024-02-23T08:00,12.6,54,3.6,870.7,2.3,39,Khumaltar,27.6468,85.3248
2024-02-23T09:00,14.3,46,2.8,871.3,2.0,45,Khumaltar,27.6468,85.3248
2024-02-23T10:00,15.9,30,-1.5,871.4,1.3,236,Khumaltar,27.6468,85.3248
2024-02-23T11:00,16.8,24,-3.6,870.8,4.2,250,Khumaltar,27.6468,85.3248
2024-02-23T12:00,17.4,22,-4.6,869.9,6.9,261,Khumaltar,27.6468,85.3248
2024-02-23T13:00,17.2,23,-4.3,869.1,9.3,257,Khumaltar,27.6468,85.3248
2024-02-23T14:00,16.6,26,-3.1,868.5,10.3,258,Khumaltar,27.6468,85.3248
2024-02-23T15:00,16.1,28,-2.2,868.2,9.7,270,Khumaltar,27.6468,85.3248
2024-02-23T16:00,15.4,31,-1.8,867.9,9.5,279,Khumaltar,27.6468,85.3248
2024-02-23T17:00,13.4,36,-1.2,867.7,6.8,267,Khumaltar,27.6468,85.3248
2024-02-23T18:00,10.4,47,-0.5,867.4,6.0,245,Khumaltar,27.6468,85.3248
2024-02-23T19:00,9.0,53,0.0,867.7,5.2,214,Khumaltar,27.6468,85.3248
2024-02-23T20:00,8.3,56,0.1,868.1,4.9,216,Khumaltar,27.6468,85.3248
2024-02-23T21:00,7.2,63,0.5,868.0,5.7,215,Khumaltar,27.6468,85.3248
2024-02-23T22:00,10.0,49,-0.2,869.1,3.8,221,Khumaltar,27.6468,85.3248
2024-02-23T23:00,11.6,40,-1.6,869.4,3.9,248,Khumaltar,27.6468,85.3248
2024-02-24T00:00,11.6,38,-2.3,869.2,4.9,253,Khumaltar,27.6468,85.3248
2024-02-24T01:00,11.3,39,-2.3,869.0,6.5,267,Khumaltar,27.6468,85.3248
2024-02-24T02:00,11.4,38,-2.4,868.7,6.1,320,Khumaltar,27.6468,85.3248
2024-02-24T03:00,11.3,38,-2.6,868.3,6.4,74,Khumaltar,27.6468,85.3248
2024-02-24T04:00,10.7,39,-2.7,867.9,3.8,139,Khumaltar,27.6468,85.3248
2024-02-24T05:00,9.8,42,-2.5,868.0,1.5,166,Khumaltar,27.6468,85.3248
2024-02-24T06:00,6.8,75,2.7,867.5,1.5,166,Khumaltar,27.6468,85.3248
2024-02-24T07:00,7.7,76,3.7,868.8,3.9,124,Khumaltar,27.6468,85.3248
2024-02-24T08:00,11.8,62,4.7,871.8,3.2,117,Khumaltar,27.6468,85.3248
2024-02-24T09:00,14.1,49,3.6,872.5,3.4,148,Khumaltar,27.6468,85.3248
2024-02-24T10:00,15.8,32,-0.8,873.0,5.8,180,Khumaltar,27.6468,85.3248
2024-02-24T11:00,16.6,29,-1.7,872.9,6.4,196,Khumaltar,27.6468,85.3248
2024-02-24T12:00,16.8,30,-1.0,871.9,6.5,199,Khumaltar,27.6468,85.3248
2024-02-24T13:00,16.5,34,0.7,871.0,8.7,197,Khumaltar,27.6468,85.3248
2024-02-24T14:00,15.5,41,2.3,870.3,12.2,199,Khumaltar,27.6468,85.3248
2024-02-24T15:00,14.8,41,1.5,870.0,12.7,195,Khumaltar,27.6468,85.3248
2024-02-24T16:00,13.8,41,0.7,869.7,12.2,199,Khumaltar,27.6468,85.3248
2024-02-24T17:00,11.9,45,0.4,869.5,8.5,208,Khumaltar,27.6468,85.3248
2024-02-24T18:00,9.9,55,1.3,869.7,5.2,205,Khumaltar,27.6468,85.3248
2024-02-24T19:00,8.6,61,1.5,869.6,3.8,197,Khumaltar,27.6468,85.3248
2024-02-24T20:00,7.0,67,1.2,869.7,3.8,197,Khumaltar,27.6468,85.3248
2024-02-24T21:00,6.2,70,1.1,869.7,3.3,193,Khumaltar,27.6468,85.3248
2024-02-24T22:00,5.5,73,1.1,869.4,2.3,198,Khumaltar,27.6468,85.3248
2024-02-24T23:00,9.4,51,-0.1,871.0,5.4,250,Khumaltar,27.6468,85.3248
2024-02-25T00:00,10.1,49,-0.2,871.0,5.0,300,Khumaltar,27.6468,85.3248
2024-02-25T01:00,10.1,49,-0.1,870.3,3.8,131,Khumaltar,27.6468,85.3248
2024-02-25T02:00,9.5,51,-0.0,869.3,5.5,101,Khumaltar,27.6468,85.3248
2024-02-25T03:00,8.8,54,-0.0,868.5,5.5,113,Khumaltar,27.6468,85.3248
2024-02-25T04:00,7.0,62,0.3,867.5,4.4,145,Khumaltar,27.6468,85.3248
2024-02-25T05:00,5.5,68,-0.0,866.9,3.6,174,Khumaltar,27.6468,85.3248
2024-02-25T06:00,3.2,69,-2.0,866.4,4.2,149,Khumaltar,27.6468,85.3248
2024-02-25T07:00,8.1,57,0.1,869.8,3.1,126,Khumaltar,27.6468,85.3248
2024-02-25T08:00,12.4,45,0.8,872.8,2.3,108,Khumaltar,27.6468,85.3248
2024-02-25T09:00,14.7,36,-0.3,873.5,2.5,225,Khumaltar,27.6468,85.3248
2024-02-25T10:00,16.1,27,-3.0,873.8,3.3,311,Khumaltar,27.6468,85.3248
2024-02-25T11:00,17.1,25,-2.8,873.6,4.4,305,Khumaltar,27.6468,85.3248
2024-02-25T12:00,17.7,25,-2.3,872.7,5.6,315,Khumaltar,27.6468,85.3248
2024-02-25T13:00,18.1,27,-1.4,871.8,5.1,309,Khumaltar,27.6468,85.3248
2024-02-25T14:00,18.0,26,-1.7,870.9,5.2,286,Khumaltar,27.6468,85.3248
2024-02-25T15:00,17.6,25,-2.5,870.4,8.0,252,Khumaltar,27.6468,85.3248
2024-02-25T16:00,15.7,31,-1.5,870.1,11.7,227,Khumaltar,27.6468,85.3248
2024-02-25T17:00,12.7,45,1.1,870.1,8.3,214,Khumaltar,27.6468,85.3248
2024-02-25T18:00,10.6,55,2.0,870.1,8.5,216,Khumaltar,27.6468,85.3248
2024-02-25T19:00,8.8,66,2.7,870.5,5.1,219,Khumaltar,27.6468,85.3248
2024-02-25T20:00,10.1,58,2.2,871.5,4.8,257,Khumaltar,27.6468,85.3248
2024-02-25T21:00,9.9,58,2.0,871.9,8.8,341,Khumaltar,27.6468,85.3248
2024-02-25T22:00,12.0,43,-0.2,873.1,6.4,344,Khumaltar,27.6468,85.3248
2024-02-25T23:00,12.1,42,-0.5,873.3,3.6,307,Khumaltar,27.6468,85.3248
2024-02-26T00:00,11.9,42,-0.6,872.9,0.5,225,Khumaltar,27.6468,85.3248
2024-02-26T01:00,8.7,55,0.2,870.5,3.7,209,Khumaltar,27.6468,85.3248
2024-02-26T02:00,7.1,61,0.2,868.8,3.4,198,Khumaltar,27.6468,85.3248
2024-02-26T03:00,9.1,48,-1.2,869.3,0.4,180,Khumaltar,27.6468,85.3248
2024-02-26T04:00,10.8,38,-3.1,870.2,2.2,171,Khumaltar,27.6468,85.3248
2024-02-26T05:00,11.2,33,-4.4,871.0,1.4,180,Khumaltar,27.6468,85.3248
2024-02-26T06:00,5.5,65,-0.6,868.8,4.6,198,Khumaltar,27.6468,85.3248
2024-02-26T07:00,10.2,55,1.5,871.5,2.1,211,Khumaltar,27.6468,85.3248
2024-02-26T08:00,14.1,37,-0.6,873.4,1.5,104,Khumaltar,27.6468,85.3248
2024-02-26T09:00,16.0,32,-0.7,873.9,1.6,153,Khumaltar,27.6468,85.3248
2024-02-26T10:00,17.8,29,-0.5,874.5,2.6,236,Khumaltar,27.6468,85.3248
2024-02-26T11:00,18.8,28,0.1,874.1,2.9,263,Khumaltar,27.6468,85.3248
2024-02-26T12:00,19.4,29,0.7,873.8,6.8,273,Khumaltar,27.6468,85.3248
2024-02-26T13:00,19.2,31,1.4,873.2,10.4,284,Khumaltar,27.6468,85.3248
2024-02-26T14:00,18.3,33,1.8,872.5,8.4,280,Khumaltar,27.6468,85.3248
2024-02-26T15:00,17.8,34,1.7,872.2,7.4,284,Khumaltar,27.6468,85.3248
2024-02-26T16:00,16.9,34,1.0,872.1,8.2,311,Khumaltar,27.6468,85.3248
2024-02-26T17:00,13.8,51,3.7,870.8,5.1,321,Khumaltar,27.6468,85.3248
2024-02-26T18:00,11.9,56,3.3,870.8,5.4,250,Khumaltar,27.6468,85.3248
2024-02-26T19:00,9.7,68,4.1,870.2,7.2,233,Khumaltar,27.6468,85.3248
2024-02-26T20:00,12.4,54,3.4,871.8,4.6,225,Khumaltar,27.6468,85.3248
2024-02-26T21:00,12.9,51,3.0,872.1,0.7,180,Khumaltar,27.6468,85.3248
2024-02-26T22:00,9.0,70,3.9,870.5,6.1,220,Khumaltar,27.6468,85.3248
2024-02-26T23:00,12.0,54,3.0,872.0,4.8,283,Khumaltar,27.6468,85.3248
2024-02-27T00:00,12.2,49,1.9,871.9,6.4,297,Khumaltar,27.6468,85.3248
2024-02-27T01:00,11.9,48,1.3,871.1,2.8,230,Khumaltar,27.6468,85.3248
2024-02-27T02:00,12.0,47,1.1,870.5,2.5,225,Khumaltar,27.6468,85.3248
2024-02-27T03:00,11.9,48,1.1,870.2,3.3,229,Khumaltar,27.6468,85.3248
2024-02-27T04:00,11.6,49,1.2,870.0,3.3,229,Khumaltar,27.6468,85.3248
2024-02-27T05:00,10.3,53,1.2,869.2,1.1,180,Khumaltar,27.6468,85.3248
2024-02-27T06:00,6.7,77,2.9,868.1,4.0,175,Khumaltar,27.6468,85.3248
2024-02-27T07:00,10.6,65,4.3,870.8,3.2,207,Khumaltar,27.6468,85.3248
2024-02-27T08:00,14.8,47,3.6,873.9,2.3,309,Khumaltar,27.6468,85.3248
2024-02-27T09:00,17.1,37,2.4,874.8,4.1,345,Khumaltar,27.6468,85.3248
2024-02-27T10:00,18.7,33,1.9,874.6,6.3,336,Khumaltar,27.6468,85.3248
2024-02-27T11:00,20.0,30,2.1,874.0,6.6,311,Khumaltar,27.6468,85.3248
2024-02-27T12:00,20.8,32,3.3,873.1,8.7,275,Khumaltar,27.6468,85.3248
2024-02-27T13:00,20.5,33,3.6,872.4,11.9,268,Khumaltar,27.6468,85.3248
2024-02-27T14:00,19.5,36,4.1,871.7,10.9,278,Khumaltar,27.6468,85.3248
2024-02-27T15:00,19.2,36,3.9,871.1,10.2,288,Khumaltar,27.6468,85.3248
2024-02-27T16:00,18.0,40,4.2,870.4,8.5,298,Khumaltar,27.6468,85.3248
2024-02-27T17:00,15.5,51,5.3,869.6,4.5,299,Khumaltar,27.6468,85.3248
2024-02-27T18:00,11.9,67,6.0,868.7,6.5,270,Khumaltar,27.6468,85.3248
2024-02-27T19:00,14.1,51,4.0,870.1,3.9,248,Khumaltar,27.6468,85.3248
2024-02-27T20:00,14.4,48,3.4,870.1,2.5,225,Khumaltar,27.6468,85.3248
2024-02-27T21:00,10.2,65,4.0,868.5,5.2,236,Khumaltar,27.6468,85.3248
2024-02-27T22:00,10.1,64,3.6,868.5,5.0,249,Khumaltar,27.6468,85.3248
2024-02-27T23:00,11.0,56,2.5,868.7,3.9,236,Khumaltar,27.6468,85.3248
2024-02-28T00:00,13.4,43,1.2,869.4,2.0,225,Khumaltar,27.6468,85.3248
2024-02-28T01:00,13.9,40,0.4,869.4,2.3,231,Khumaltar,27.6468,85.3248
2024-02-28T02:00,14.0,39,0.1,868.8,2.1,239,Khumaltar,27.6468,85.3248
2024-02-28T03:00,14.2,39,0.5,868.4,1.8,217,Khumaltar,27.6468,85.3248
2024-02-28T04:00,14.3,41,1.2,868.1,1.3,214,Khumaltar,27.6468,85.3248
2024-02-28T05:00,14.1,42,1.4,868.3,0.8,207,Khumaltar,27.6468,85.3248
2024-02-28T06:00,9.2,59,1.5,867.0,4.0,207,Khumaltar,27.6468,85.3248
2024-02-28T07:00,12.7,65,6.3,869.5,0.7,180,Khumaltar,27.6468,85.3248
2024-02-28T08:00,15.7,45,3.9,871.5,1.5,76,Khumaltar,27.6468,85.3248
2024-02-28T09:00,17.8,40,4.1,871.9,0.0,270,Khumaltar,27.6468,85.3248
2024-02-28T10:00,19.4,36,4.0,871.9,3.3,276,Khumaltar,27.6468,85.3248
2024-02-28T11:00,21.0,31,3.1,871.6,9.0,286,Khumaltar,27.6468,85.3248
2024-02-28T12:00,21.4,29,2.6,870.3,13.6,282,Khumaltar,27.6468,85.3248
2024-02-28T13:00,20.7,33,3.9,869.3,12.6,265,Khumaltar,27.6468,85.3248
2024-02-28T14:00,20.2,34,4.0,868.6,11.0,247,Khumaltar,27.6468,85.3248
2024-02-28T15:00,19.8,34,3.5,868.1,12.0,249,Khumaltar,27.6468,85.3248
2024-02-28T16:00,17.9,44,5.4,867.8,10.9,253,Khumaltar,27.6468,85.3248
2024-02-28T17:00,15.2,55,6.3,867.4,5.1,266,Khumaltar,27.6468,85.3248
2024-02-28T18:00,12.6,71,7.6,866.8,5.4,266,Khumaltar,27.6468,85.3248
2024-02-28T19:00,11.1,82,8.1,866.9,7.0,258,Khumaltar,27.6468,85.3248
2024-02-28T20:00,11.3,79,7.9,867.4,6.0,253,Khumaltar,27.6468,85.3248
2024-02-28T21:00,10.2,82,7.3,867.4,7.6,273,Khumaltar,27.6468,85.3248
2024-02-28T22:00,10.7,76,6.7,868.1,6.6,279,Khumaltar,27.6468,85.3248
2024-02-28T23:00,12.7,68,6.9,868.8,3.7,241,Khumaltar,27.6468,85.3248
2024-02-29T00:00,12.3,69,6.9,868.1,1.1,180,Khumaltar,27.6468,85.3248
2024-02-29T01:00,12.1,70,6.7,867.2,2.2,180,Khumaltar,27.6468,85.3248
2024-02-29T02:00,7.8,84,5.3,864.4,4.0,185,Khumaltar,27.6468,85.3248
2024-02-29T03:00,7.9,84,5.3,864.1,4.0,190,Khumaltar,27.6468,85.3248
2024-02-29T04:00,7.4,85,5.0,863.9,3.6,186,Khumaltar,27.6468,85.3248
2024-02-29T05:00,7.0,84,4.5,864.1,2.9,187,Khumaltar,27.6468,85.3248
2024-02-29T06:00,7.4,87,5.3,865.7,2.9,180,Khumaltar,27.6468,85.3248
2024-02-29T07:00,11.2,77,7.3,868.6,4.7,184,Khumaltar,27.6468,85.3248
2024-02-29T08:00,15.4,59,7.5,871.7,2.6,146,Khumaltar,27.6468,85.3248
2024-02-29T09:00,17.2,51,7.0,872.5,2.6,106,Khumaltar,27.6468,85.3248
2024-02-29T10:00,18.8,44,6.4,872.6,1.9,112,Khumaltar,27.6468,85.3248
2024-02-29T11:00,20.1,38,5.4,872.2,1.8,191,Khumaltar,27.6468,85.3248
2024-02-29T12:00,20.9,36,5.2,871.5,5.1,225,Khumaltar,27.6468,85.3248
2024-02-29T13:00,20.8,37,5.7,870.7,10.0,232,Khumaltar,27.6468,85.3248
2024-02-29T14:00,20.2,41,6.6,870.1,11.8,232,Khumaltar,27.6468,85.3248
2024-02-29T15:00,19.2,47,7.5,869.7,10.9,236,Khumaltar,27.6468,85.3248
2024-02-29T16:00,17.8,51,7.6,869.4,10.3,245,Khumaltar,27.6468,85.3248
2024-02-29T17:00,15.9,59,8.0,869.1,5.2,254,Khumaltar,27.6468,85.3248
2024-02-29T18:00,13.0,73,8.3,868.7,4.8,243,Khumaltar,27.6468,85.3248
2024-02-29T19:00,11.5,84,8.9,868.6,5.4,228,Khumaltar,27.6468,85.3248
2024-02-29T20:00,13.4,73,8.7,870.1,3.9,236,Khumaltar,27.6468,85.3248
2024-02-29T21:00,13.6,71,8.5,870.6,5.9,308,Khumaltar,27.6468,85.3248
2024-02-29T22:00,13.8,68,8.1,871.0,6.4,344,Khumaltar,27.6468,85.3248
2024-02-29T23:00,13.5,69,7.9,870.7,3.6,264,Khumaltar,27.6468,85.3248
2024-03-01T00:00,13.2,70,7.7,870.1,1.8,217,Khumaltar,27.6468,85.3248
2024-03-01T01:00,11.5,75,7.2,868.5,1.5,194,Khumaltar,27.6468,85.3248
2024-03-01T02:00,10.6,78,7.0,867.6,1.8,191,Khumaltar,27.6468,85.3248
2024-03-01T03:00,11.8,74,7.3,868.1,1.8,180,Khumaltar,27.6468,85.3248
2024-03-01T04:00,11.5,74,7.1,868.2,2.6,164,Khumaltar,27.6468,85.3248
2024-03-01T05:00,9.6,80,6.4,868.2,4.2,149,Khumaltar,27.6468,85.3248
2024-03-01T06:00,7.4,92,6.2,868.7,4.5,151,Khumaltar,27.6468,85.3248
2024-03-01T07:00,11.3,84,8.6,871.5,4.6,141,Khumaltar,27.6468,85.3248
2024-03-01T08:00,14.9,70,9.5,874.3,3.7,101,Khumaltar,27.6468,85.3248
2024-03-01T09:00,17.1,61,9.4,874.9,4.5,119,Khumaltar,27.6468,85.3248
2024-03-01T10:00,18.8,54,9.2,874.9,3.6,135,Khumaltar,27.6468,85.3248
2024-03-01T11:00,20.2,48,9.0,874.3,2.6,196,Khumaltar,27.6468,85.3248
2024-03-01T12:00,21.2,44,8.5,873.3,4.7,266,Khumaltar,27.6468,85.3248
2024-03-01T13:00,21.9,42,8.3,872.2,8.0,288,Khumaltar,27.6468,85.3248
2024-03-01T14:00,21.5,43,8.4,871.5,9.5,279,Khumaltar,27.6468,85.3248
2024-03-01T15:00,20.5,45,8.2,870.8,9.7,274,Khumaltar,27.6468,85.3248
2024-03-01T16:00,19.1,49,8.2,870.3,8.3,288,Khumaltar,27.6468,85.3248
2024-03-01T17:00,16.3,68,10.3,869.5,4.0,270,Khumaltar,27.6468,85.3248
2024-03-01T18:00,13.4,74,8.9,868.5,5.4,233,Khumaltar,27.6468,85.3248
2024-03-01T19:00,12.3,82,9.4,868.7,5.4,228,Khumaltar,27.6468,85.3248
2024-03-01T20:00,11.4,88,9.5,869.3,5.2,214,Khumaltar,27.6468,85.3248
2024-03-01T21:00,10.8,91,9.4,870.0,3.5,204,Khumaltar,27.6468,85.3248
2024-03-01T22:00,9.6,95,8.9,869.7,1.8,191,Khumaltar,27.6468,85.3248
2024-03-01T23:00,11.0,90,9.4,870.4,1.4,180,Khumaltar,27.6468,85.3248
2024-03-02T00:00,11.2,87,9.2,870.6,1.5,166,Khumaltar,27.6468,85.3248
2024-03-02T01:00,10.2,89,8.5,869.7,0.7,180,Khumaltar,27.6468,85.3248
2024-03-02T02:00,9.1,92,7.9,868.6,1.8,191,Khumaltar,27.6468,85.3248
2024-03-02T03:00,8.6,93,7.5,867.8,1.5,194,Khumaltar,27.6468,85.3248
2024-03-02T04:00,9.0,92,7.7,867.7,3.1,159,Khumaltar,27.6468,85.3248
2024-03-02T05:00,9.2,91,7.8,868.2,4.8,138,Khumaltar,27.6468,85.3248
2024-03-02T06:00,9.1,95,8.3,870.0,2.2,180,Khumaltar,27.6468,85.3248
2024-03-02T07:00,12.3,88,10.3,872.4,2.6,164,Khumaltar,27.6468,85.3248
2024-03-02T08:00,15.0,78,11.1,873.9,4.3,48,Khumaltar,27.6468,85.3248
2024-03-02T09:00,17.3,68,11.3,874.2,2.6,74,Khumaltar,27.6468,85.3248
2024-03-02T10:00,18.5,62,11.2,873.8,4.8,42,Khumaltar,27.6468,85.3248
2024-03-02T11:00,20.2,55,10.9,872.9,4.7,86,Khumaltar,27.6468,85.3248
2024-03-02T12:00,22.0,43,8.9,872.3,7.1,240,Khumaltar,27.6468,85.3248
2024-03-02T13:00,21.3,45,9.0,871.6,13.0,246,Khumaltar,27.6468,85.3248
2024-03-02T14:00,19.1,56,10.1,871.2,9.7,248,Khumaltar,27.6468,85.3248
2024-03-02T15:00,18.7,55,9.5,870.7,8.4,280,Khumaltar,27.6468,85.3248
2024-03-02T16:00,17.9,59,9.8,870.6,6.8,288,Khumaltar,27.6468,85.3248
2024-03-02T17:00,17.2,64,10.4,870.5,7.2,307,Khumaltar,27.6468,85.3248
2024-03-02T18:00,15.4,69,9.8,870.6,8.4,317,Khumaltar,27.6468,85.3248
2024-03-02T19:00,14.5,76,10.3,871.1,8.1,328,Khumaltar,27.6468,85.3248
2024-03-02T20:00,13.0,88,11.1,870.6,4.6,321,Khumaltar,27.6468,85.3248
2024-03-02T21:00,13.9,84,11.3,871.3,2.1,211,Khumaltar,27.6468,85.3248
2024-03-02T22:00,13.4,90,11.8,870.6,3.6,135,Khumaltar,27.6468,85.3248
2024-03-02T23:00,11.9,95,11.2,869.8,3.7,169,Khumaltar,27.6468,85.3248
2024-03-03T00:00,10.5,96,9.8,868.7,3.3,193,Khumaltar,27.6468,85.3248
2024-03-03T01:00,11.8,91,10.3,868.8,1.6,207,Khumaltar,27.6468,85.3248
2024-03-03T02:00,13.4,81,10.1,869.0,1.8,169,Khumaltar,27.6468,85.3248
2024-03-03T03:00,14.2,76,9.9,868.8,1.9,158,Khumaltar,27.6468,85.3248
2024-03-03T04:00,12.8,83,9.9,868.3,0.4,180,Khumaltar,27.6468,85.3248
2024-03-03T05:00,12.8,87,10.7,868.9,2.6,236,Khumaltar,27.6468,85.3248
2024-03-03T06:00,12.2,88,10.3,870.2,4.4,235,Khumaltar,27.6468,85.3248
2024-03-03T07:00,13.2,86,10.9,871.3,3.4,32,Khumaltar,27.6468,85.3248
2024-03-03T08:00,15.1,81,11.9,872.6,4.6,51,Khumaltar,27.6468,85.3248
2024-03-03T09:00,16.0,75,11.6,873.0,3.7,61,Khumaltar,27.6468,85.3248
2024-03-03T10:00,17.6,64,10.6,872.8,5.0,60,Khumaltar,27.6468,85.3248
2024-03-03T11:00,17.0,66,10.5,872.0,5.0,60,Khumaltar,27.6468,85.3248
2024-03-03T12:00,17.7,62,10.3,871.6,3.2,243,Khumaltar,27.6468,85.3248
2024-03-03T13:00,17.2,64,10.2,870.6,3.8,229,Khumaltar,27.6468,85.3248
2024-03-03T14:00,14.8,82,11.7,870.2,5.5,281,Khumaltar,27.6468,85.3248
2024-03-03T15:00,14.2,85,11.8,869.2,7.7,28,Khumaltar,27.6468,85.3248
2024-03-03T16:00,14.3,84,11.6,869.8,4.5,346,Khumaltar,27.6468,85.3248
2024-03-03T17:00,13.3,90,11.8,868.7,2.3,18,Khumaltar,27.6468,85.3248
2024-03-03T18:00,13.0,89,11.2,869.3,3.4,342,Khumaltar,27.6468,85.3248
2024-03-03T19:00,12.2,96,11.6,869.2,2.2,9,Khumaltar,27.6468,85.3248
2024-03-03T20:00,12.0,97,11.6,870.0,4.6,288,Khumaltar,27.6468,85.3248
2024-03-03T21:00,12.0,93,11.0,870.9,2.6,304,Khumaltar,27.6468,85.3248
2024-03-03T22:00,12.0,93,10.9,869.3,5.1,94,Khumaltar,27.6468,85.3248
2024-03-03T23:00,11.7,98,11.4,869.2,3.6,90,Khumaltar,27.6468,85.3248
2024-03-04T00:00,11.7,98,11.3,868.6,2.9,173,Khumaltar,27.6468,85.3248
2024-03-04T01:00,9.9,100,9.9,867.2,3.3,167,Khumaltar,27.6468,85.3248
2024-03-04T02:00,11.2,98,10.9,867.6,3.8,107,Khumaltar,27.6468,85.3248
2024-03-04T03:00,9.9,98,9.6,866.5,4.4,125,Khumaltar,27.6468,85.3248
2024-03-04T04:00,8.8,98,8.5,865.9,4.4,189,Khumaltar,27.6468,85.3248
2024-03-04T05:00,9.6,93,8.5,866.6,6.7,196,Khumaltar,27.6468,85.3248
2024-03-04T06:00,10.9,72,6.1,868.1,2.7,203,Khumaltar,27.6468,85.3248
2024-03-04T07:00,13.0,70,7.6,869.7,2.9,210,Khumaltar,27.6468,85.3248
2024-03-04T08:00,15.4,66,9.2,871.5,2.9,360,Khumaltar,27.6468,85.3248
2024-03-04T09:00,17.0,59,9.0,872.0,3.6,6,Khumaltar,27.6468,85.3248
2024-03-04T10:00,18.9,48,7.7,872.3,3.1,249,Khumaltar,27.6468,85.3248
2024-03-04T11:00,20.1,37,4.8,872.2,7.9,246,Khumaltar,27.6468,85.3248
2024-03-04T12:00,19.7,37,4.7,871.7,10.9,243,Khumaltar,27.6468,85.3248
2024-03-04T13:00,19.5,40,5.4,871.1,10.2,238,Khumaltar,27.6468,85.3248
2024-03-04T14:00,19.4,39,5.2,870.5,8.7,253,Khumaltar,27.6468,85.3248
2024-03-04T15:00,19.2,40,5.2,869.9,7.6,289,Khumaltar,27.6468,85.3248
2024-03-04T16:00,18.3,44,5.9,869.4,8.7,308,Khumaltar,27.6468,85.3248
2024-03-04T17:00,15.9,56,7.2,868.7,6.6,319,Khumaltar,27.6468,85.3248
2024-03-04T18:00,12.5,72,7.6,868.1,6.9,309,Khumaltar,27.6468,85.3248
2024-03-04T19:00,12.0,71,6.9,868.3,6.8,288,Khumaltar,27.6468,85.3248
2024-03-04T20:00,11.0,76,6.8,868.6,7.9,267,Khumaltar,27.6468,85.3248
2024-03-04T21:00,11.3,72,6.5,869.1,6.9,264,Khumaltar,27.6468,85.3248
2024-03-04T22:00,11.6,69,6.2,869.5,6.8,267,Khumaltar,27.6468,85.3248
2024-03-04T23:00,12.4,64,5.8,869.6,6.8,273,Khumaltar,27.6468,85.3248
2024-03-05T00:00,13.4,59,5.6,869.9,6.2,280,Khumaltar,27.6468,85.3248
2024-03-05T01:00,13.4,58,5.4,869.2,5.8,277,Khumaltar,27.6468,85.3248
2024-03-05T02:00,13.2,58,5.0,868.6,4.4,261,Khumaltar,27.6468,85.3248
2024-03-05T03:00,13.2,57,4.9,868.4,4.4,261,Khumaltar,27.6468,85.3248
2024-03-05T04:00,13.2,57,4.8,868.3,3.9,236,Khumaltar,27.6468,85.3248
2024-03-05T05:00,13.2,56,4.6,868.3,3.6,225,Khumaltar,27.6468,85.3248
2024-03-05T06:00,11.0,67,5.2,868.2,5.8,248,Khumaltar,27.6468,85.3248
2024-03-05T07:00,13.2,63,6.3,869.9,2.3,231,Khumaltar,27.6468,85.3248
2024-03-05T08:00,15.8,46,4.0,872.2,2.6,16,Khumaltar,27.6468,85.3248
2024-03-05T09:00,17.6,39,3.6,872.8,4.3,355,Khumaltar,27.6468,85.3248
2024-03-05T10:00,19.7,30,1.5,873.1,5.4,307,Khumaltar,27.6468,85.3248
2024-03-05T11:00,21.1,19,-3.4,872.7,9.1,288,Khumaltar,27.6468,85.3248
2024-03-05T12:00,21.5,20,-2.2,871.7,11.1,283,Khumaltar,27.6468,85.3248
2024-03-05T13:00,21.5,21,-1.5,870.9,12.7,295,Khumaltar,27.6468,85.3248
2024-03-05T14:00,21.2,20,-2.4,870.1,13.6,302,Khumaltar,27.6468,85.3248
2024-03-05T15:00,20.5,22,-2.1,869.1,12.9,306,Khumaltar,27.6468,85.3248
2024-03-05T16:00,19.2,26,-0.7,868.6,11.2,312,Khumaltar,27.6468,85.3248
2024-03-05T17:00,15.7,41,2.6,867.3,5.9,322,Khumaltar,27.6468,85.3248
2024-03-05T18:00,13.8,44,1.7,867.5,6.8,295,Khumaltar,27.6468,85.3248
2024-03-05T19:00,12.1,55,3.3,867.4,7.7,298,Khumaltar,27.6468,85.3248
2024-03-05T20:00,11.2,61,3.8,867.5,7.7,281,Khumaltar,27.6468,85.3248
2024-03-05T21:00,10.4,66,4.2,867.4,7.6,267,Khumaltar,27.6468,85.3248
2024-03-05T22:00,9.8,67,3.9,867.1,8.0,265,Khumaltar,27.6468,85.3248
2024-03-05T23:00,11.0,56,2.6,867.9,6.9,276,Khumaltar,27.6468,85.3248
2024-03-06T00:00,12.0,48,1.4,867.6,5.2,245,Khumaltar,27.6468,85.3248
2024-03-06T01:00,13.5,38,-0.5,867.5,4.1,232,Khumaltar,27.6468,85.3248
2024-03-06T02:00,13.5,34,-1.9,866.8,3.5,204,Khumaltar,27.6468,85.3248
2024-03-06T03:00,13.7,33,-2.3,866.3,1.4,180,Khumaltar,27.6468,85.3248
2024-03-06T04:00,13.7,33,-2.2,866.5,1.8,191,Khumaltar,27.6468,85.3248
2024-03-06T05:00,14.2,32,-2.5,867.2,4.7,99,Khumaltar,27.6468,85.3248
2024-03-06T06:00,12.6,43,0.3,867.9,5.2,214,Khumaltar,27.6468,85.3248
2024-03-06T07:00,13.5,48,2.7,869.1,2.3,141,Khumaltar,27.6468,85.3248
2024-03-06T08:00,16.6,46,4.9,871.2,1.9,68,Khumaltar,27.6468,85.3248
2024-03-06T09:00,19.2,37,4.1,872.6,1.6,27,Khumaltar,27.6468,85.3248
2024-03-06T10:00,21.0,26,1.0,872.9,3.8,311,Khumaltar,27.6468,85.3248
2024-03-06T11:00,22.2,21,-1.3,872.6,6.5,276,Khumaltar,27.6468,85.3248
2024-03-06T12:00,22.7,18,-2.7,872.1,10.1,268,Khumaltar,27.6468,85.3248
2024-03-06T13:00,22.6,17,-3.5,870.8,11.3,277,Khumaltar,27.6468,85.3248
2024-03-06T14:00,22.2,18,-3.1,869.8,11.4,281,Khumaltar,27.6468,85.3248
2024-03-06T15:00,21.3,19,-3.2,869.0,10.4,268,Khumaltar,27.6468,85.3248
2024-03-06T16:00,20.0,23,-1.8,868.7,8.3,272,Khumaltar,27.6468,85.3248
2024-03-06T17:00,16.2,45,4.3,867.4,5.2,258,Khumaltar,27.6468,85.3248
2024-03-06T18:00,13.0,67,7.0,867.4,7.1,255,Khumaltar,27.6468,85.3248
2024-03-06T19:00,13.4,63,6.4,868.3,7.7,311,Khumaltar,27.6468,85.3248
2024-03-06T20:00,15.0,54,5.8,869.7,4.7,266,Khumaltar,27.6468,85.3248
2024-03-06T21:00,14.8,47,3.6,869.4,3.8,253,Khumaltar,27.6468,85.3248
2024-03-06T22:00,14.8,38,0.6,869.1,4.5,241,Khumaltar,27.6468,85.3248
2024-03-06T23:00,10.7,52,1.4,866.5,6.1,230,Khumaltar,27.6468,85.3248
2024-03-07T00:00,12.5,41,-0.3,866.7,5.6,230,Khumaltar,27.6468,85.3248
2024-03-07T01:00,15.1,29,-2.6,867.3,4.4,235,Khumaltar,27.6468,85.3248
2024-03-07T02:00,15.4,29,-2.6,867.0,4.4,261,Khumaltar,27.6468,85.3248
2024-03-07T03:00,15.4,30,-2.0,866.8,3.9,22,Khumaltar,27.6468,85.3248
2024-03-07T04:00,14.9,33,-1.2,866.6,4.7,81,Khumaltar,27.6468,85.3248
2024-03-07T05:00,14.3,37,-0.1,866.8,4.2,121,Khumaltar,27.6468,85.3248
2024-03-07T06:00,9.2,57,1.0,865.2,2.5,172,Khumaltar,27.6468,85.3248
2024-03-07T07:00,13.6,48,2.7,868.5,0.8,153,Khumaltar,27.6468,85.3248
2024-03-07T08:00,17.5,38,3.2,871.2,1.1,342,Khumaltar,27.6468,85.3248
2024-03-07T09:00,19.7,32,2.5,872.2,3.8,319,Khumaltar,27.6468,85.3248
2024-03-07T10:00,21.2,27,1.6,872.4,8.0,280,Khumaltar,27.6468,85.3248
2024-03-07T11:00,21.3,26,1.0,872.2,13.0,270,Khumaltar,27.6468,85.3248
2024-03-07T12:00,20.6,29,1.7,871.5,14.8,269,Khumaltar,27.6468,85.3248
2024-03-07T13:00,20.0,30,1.9,870.8,14.1,276,Khumaltar,27.6468,85.3248
2024-03-07T14:00,19.7,30,1.9,869.6,11.2,291,Khumaltar,27.6468,85.3248
2024-03-07T15:00,19.4,32,2.1,869.1,10.4,304,Khumaltar,27.6468,85.3248
2024-03-07T16:00,18.5,34,2.4,868.6,11.0,322,Khumaltar,27.6468,85.3248
2024-03-07T17:00,16.0,49,5.2,867.8,4.9,324,Khumaltar,27.6468,85.3248
2024-03-07T18:00,14.1,50,3.9,867.7,4.7,238,Khumaltar,27.6468,85.3248
2024-03-07T19:00,12.9,62,5.9,867.9,4.6,219,Khumaltar,27.6468,85.3248
2024-03-07T20:00,12.0,74,7.5,867.8,4.3,222,Khumaltar,27.6468,85.3248
2024-03-07T21:00,11.2,80,7.8,867.9,5.8,240,Khumaltar,27.6468,85.3248
2024-03-07T22:00,10.7,80,7.4,867.6,7.0,249,Khumaltar,27.6468,85.3248
2024-03-07T23:00,11.9,72,6.9,867.9,5.3,242,Khumaltar,27.6468,85.3248
2024-03-08T00:00,14.4,59,6.5,868.5,3.1,225,Khumaltar,27.6468,85.3248
2024-03-08T01:00,14.5,55,5.6,868.2,3.3,229,Khumaltar,27.6468,85.3248
2024-03-08T02:00,14.6,53,5.1,867.7,2.8,230,Khumaltar,27.6468,85.3248
2024-03-08T03:00,14.5,53,4.9,867.3,2.3,219,Khumaltar,27.6468,85.3248
2024-03-08T04:00,14.4,54,5.3,867.4,2.9,150,Khumaltar,27.6468,85.3248
2024-03-08T05:00,14.0,58,5.8,867.7,3.9,124,Khumaltar,27.6468,85.3248
2024-03-08T06:00,8.2,81,5.1,866.1,2.5,188,Khumaltar,27.6468,85.3248
2024-03-08T07:00,13.0,69,7.3,869.1,2.5,180,Khumaltar,27.6468,85.3248
2024-03-08T08:00,15.8,59,7.8,871.4,2.9,353,Khumaltar,27.6468,85.3248
2024-03-08T09:00,17.2,54,7.7,872.3,6.3,347,Khumaltar,27.6468,85.3248
2024-03-08T10:00,18.7,41,5.2,872.3,6.8,328,Khumaltar,27.6468,85.3248
2024-03-08T11:00,20.2,34,3.6,872.0,8.2,308,Khumaltar,27.6468,85.3248
2024-03-08T12:00,21.1,32,3.6,871.1,9.0,293,Khumaltar,27.6468,85.3248
2024-03-08T13:00,21.3,31,3.7,870.1,10.5,278,Khumaltar,27.6468,85.3248
2024-03-08T14:00,21.0,32,3.6,869.4,12.3,277,Khumaltar,27.6468,85.3248
2024-03-08T15:00,20.1,33,3.5,868.8,11.9,275,Khumaltar,27.6468,85.3248
2024-03-08T16:00,18.8,39,4.7,868.8,10.8,268,Khumaltar,27.6468,85.3248
2024-03-08T17:00,16.5,52,6.7,868.2,6.9,261,Khumaltar,27.6468,85.3248
2024-03-08T18:00,14.1,71,8.8,868.3,6.9,264,Khumaltar,27.6468,85.3248
2024-03-08T19:00,12.3,81,9.1,868.2,4.9,253,Khumaltar,27.6468,85.3248
2024-03-08T20:00,11.2,86,8.9,868.4,6.2,249,Khumaltar,27.6468,85.3248
2024-03-08T21:00,13.5,69,8.0,869.7,5.2,258,Khumaltar,27.6468,85.3248
2024-03-08T22:00,14.1,61,6.7,870.1,6.8,302,Khumaltar,27.6468,85.3248
2024-03-08T23:00,13.9,60,6.3,869.9,6.4,308,Khumaltar,27.6468,85.3248
2024-03-09T00:00,13.5,62,6.2,869.2,3.2,243,Khumaltar,27.6468,85.3248
2024-03-09T01:00,10.5,72,5.7,867.1,2.9,210,Khumaltar,27.6468,85.3248
2024-03-09T02:00,9.2,76,5.2,865.8,3.0,194,Khumaltar,27.6468,85.3248
2024-03-09T03:00,8.9,75,4.7,865.0,1.1,198,Khumaltar,27.6468,85.3248
2024-03-09T04:00,8.3,76,4.3,864.7,1.5,194,Khumaltar,27.6468,85.3248
2024-03-09T05:00,12.2,58,4.1,867.2,2.6,164,Khumaltar,27.6468,85.3248
2024-03-09T06:00,8.8,78,5.1,866.6,3.7,151,Khumaltar,27.6468,85.3248
2024-03-09T07:00,12.8,67,6.9,869.3,3.6,174,Khumaltar,27.6468,85.3248
2024-03-09T08:00,16.8,52,6.9,871.9,2.2,171,Khumaltar,27.6468,85.3248
2024-03-09T09:00,18.8,44,6.4,872.9,2.4,153,Khumaltar,27.6468,85.3248
2024-03-09T10:00,20.2,40,6.3,872.9,1.6,153,Khumaltar,27.6468,85.3248
2024-03-09T11:00,21.2,37,6.1,872.6,2.9,240,Khumaltar,27.6468,85.3248
2024-03-09T12:00,21.8,36,6.2,871.7,8.1,249,Khumaltar,27.6468,85.3248
2024-03-09T13:00,21.4,40,7.2,870.9,12.1,247,Khumaltar,27.6468,85.3248
2024-03-09T14:00,20.9,41,7.1,870.5,11.8,250,Khumaltar,27.6468,85.3248
2024-03-09T15:00,19.9,42,6.6,870.2,10.4,250,Khumaltar,27.6468,85.3248
2024-03-09T16:00,18.9,45,6.5,869.9,10.4,256,Khumaltar,27.6468,85.3248
2024-03-09T17:00,16.7,57,8.1,869.7,6.0,253,Khumaltar,27.6468,85.3248
2024-03-09T18:00,13.6,73,8.9,869.0,4.5,241,Khumaltar,27.6468,85.3248
2024-03-09T19:00,12.1,82,9.0,868.9,4.8,222,Khumaltar,27.6468,85.3248
2024-03-09T20:00,11.3,83,8.6,869.0,3.8,221,Khumaltar,27.6468,85.3248
2024-03-09T21:00,14.1,66,7.9,870.5,5.1,274,Khumaltar,27.6468,85.3248
2024-03-09T22:00,14.6,61,7.2,870.4,4.7,337,Khumaltar,27.6468,85.3248
2024-03-09T23:00,14.2,62,7.0,870.0,2.7,247,Khumaltar,27.6468,85.3248
2024-03-10T00:00,13.7,63,6.9,869.5,1.8,233,Khumaltar,27.6468,85.3248
2024-03-10T01:00,13.5,64,6.8,868.8,1.3,214,Khumaltar,27.6468,85.3248
2024-03-10T02:00,13.6,63,6.8,868.5,2.5,180,Khumaltar,27.6468,85.3248
2024-03-10T03:00,13.8,62,6.8,868.2,4.2,149,Khumaltar,27.6468,85.3248
2024-03-10T04:00,13.6,62,6.6,868.3,3.3,167,Khumaltar,27.6468,85.3248
2024-03-10T05:00,9.9,75,5.8,867.0,4.4,171,Khumaltar,27.6468,85.3248
2024-03-10T06:00,8.9,85,6.6,868.2,3.9,158,Khumaltar,27.6468,85.3248
2024-03-10T07:00,13.3,72,8.4,871.3,4.6,129,Khumaltar,27.6468,85.3248
2024-03-10T08:00,16.5,60,8.6,873.6,4.5,104,Khumaltar,27.6468,85.3248
2024-03-10T09:00,18.5,53,8.8,874.4,5.1,135,Khumaltar,27.6468,85.3248
2024-03-10T10:00,20.1,49,9.0,875.2,6.0,155,Khumaltar,27.6468,85.3248
2024-03-10T11:00,21.3,46,9.1,875.2,4.0,175,Khumaltar,27.6468,85.3248
2024-03-10T12:00,22.7,39,8.1,874.5,1.9,202,Khumaltar,27.6468,85.3248
2024-03-10T13:00,22.9,40,8.5,873.6,3.4,198,Khumaltar,27.6468,85.3248
2024-03-10T14:00,22.8,38,7.9,872.7,5.6,230,Khumaltar,27.6468,85.3248
2024-03-10T15:00,21.7,40,7.5,872.6,7.4,247,Khumaltar,27.6468,85.3248
2024-03-10T16:00,20.0,46,8.0,872.5,9.1,261,Khumaltar,27.6468,85.3248
2024-03-10T17:00,17.9,55,8.6,872.5,6.7,254,Khumaltar,27.6468,85.3248
2024-03-10T18:00,15.4,68,9.5,872.3,4.3,228,Khumaltar,27.6468,85.3248
2024-03-10T19:00,14.0,75,9.6,872.5,4.7,238,Khumaltar,27.6468,85.3248
2024-03-10T20:00,14.9,69,9.3,873.5,4.1,225,Khumaltar,27.6468,85.3248
2024-03-10T21:00,15.0,69,9.3,874.2,5.1,274,Khumaltar,27.6468,85.3248
2024-03-10T22:00,15.2,69,9.6,874.5,3.8,319,Khumaltar,27.6468,85.3248
2024-03-10T23:00,14.9,72,9.8,874.3,2.0,225,Khumaltar,27.6468,85.3248
2024-03-11T00:00,14.4,73,9.7,873.7,0.8,207,Khumaltar,27.6468,85.3248
2024-03-11T01:00,13.7,76,9.5,872.8,1.8,169,Khumaltar,27.6468,85.3248
2024-03-11T02:00,13.0,78,9.2,871.9,2.5,172,Khumaltar,27.6468,85.3248
2024-03-11T03:00,9.3,90,7.7,869.8,3.2,180,Khumaltar,27.6468,85.3248
2024-03-11T04:00,8.8,91,7.4,869.7,2.9,173,Khumaltar,27.6468,85.3248
2024-03-11T05:00,8.8,90,7.2,869.7,3.0,166,Khumaltar,27.6468,85.3248
2024-03-11T06:00,9.6,92,8.3,871.1,2.2,171,Khumaltar,27.6468,85.3248
2024-03-11T07:00,13.7,80,10.3,874.1,2.6,146,Khumaltar,27.6468,85.3248
2024-03-11T08:00,16.9,68,11.1,876.0,2.9,90,Khumaltar,27.6468,85.3248
2024-03-11T09:00,19.3,59,11.1,876.7,2.5,82,Khumaltar,27.6468,85.3248
2024-03-11T10:00,21.3,51,10.9,876.8,2.3,321,Khumaltar,27.6468,85.3248
2024-03-11T11:00,22.9,45,10.2,876.1,7.1,319,Khumaltar,27.6468,85.3248
2024-03-11T12:00,23.8,39,8.9,874.9,7.9,321,Khumaltar,27.6468,85.3248
2024-03-11T13:00,24.0,38,8.7,873.8,7.4,309,Khumaltar,27.6468,85.3248
2024-03-11T14:00,23.5,39,8.8,872.6,7.5,287,Khumaltar,27.6468,85.3248
2024-03-11T15:00,22.7,42,9.0,871.8,9.4,268,Khumaltar,27.6468,85.3248
2024-03-11T16:00,21.3,48,9.7,871.6,9.6,257,Khumaltar,27.6468,85.3248
2024-03-11T17:00,18.9,59,10.8,871.1,4.5,256,Khumaltar,27.6468,85.3248
2024-03-11T18:00,16.4,70,10.9,871.2,4.6,219,Khumaltar,27.6468,85.3248
2024-03-11T19:00,15.0,76,10.9,871.0,3.6,217,Khumaltar,27.6468,85.3248
2024-03-11T20:00,14.1,79,10.5,871.2,4.3,222,Khumaltar,27.6468,85.3248
2024-03-11T21:00,13.1,83,10.3,871.0,3.6,225,Khumaltar,27.6468,85.3248
2024-03-11T22:00,12.3,86,10.1,870.4,5.1,231,Khumaltar,27.6468,85.3248
2024-03-11T23:00,13.6,77,9.7,870.6,5.7,252,Khumaltar,27.6468,85.3248
2024-03-12T00:00,13.7,74,9.2,870.3,4.1,232,Khumaltar,27.6468,85.3248
2024-03-12T01:00,15.3,67,9.2,870.1,3.3,229,Khumaltar,27.6468,85.3248
2024-03-12T02:00,14.9,67,8.9,869.3,2.8,220,Khumaltar,27.6468,85.3248
2024-03-12T03:00,14.7,66,8.4,868.6,1.9,202,Khumaltar,27.6468,85.3248
2024-03-12T04:00,14.3,65,7.8,868.2,1.5,194,Khumaltar,27.6468,85.3248
2024-03-12T05:00,14.2,62,7.1,868.5,1.1,180,Khumaltar,27.6468,85.3248
2024-03-12T06:00,12.2,79,8.6,868.3,2.7,203,Khumaltar,27.6468,85.3248
2024-03-12T07:00,15.8,69,10.1,870.6,1.8,191,Khumaltar,27.6468,85.3248
2024-03-12T08:00,18.7,44,6.4,872.2,0.7,180,Khumaltar,27.6468,85.3248
2024-03-12T09:00,20.6,39,6.2,872.7,2.2,261,Khumaltar,27.6468,85.3248
2024-03-12T10:00,22.3,35,6.1,872.9,4.3,275,Khumaltar,27.6468,85.3248
2024-03-12T11:00,23.5,29,4.3,872.7,7.9,267,Khumaltar,27.6468,85.3248
2024-03-12T12:00,23.9,28,4.5,872.0,10.4,270,Khumaltar,27.6468,85.3248
2024-03-12T13:00,24.0,27,4.1,871.1,11.6,275,Khumaltar,27.6468,85.3248
2024-03-12T14:00,23.7,26,2.9,870.1,11.8,282,Khumaltar,27.6468,85.3248
2024-03-12T15:00,23.0,26,2.5,869.4,11.2,285,Khumaltar,27.6468,85.3248
2024-03-12T16:00,21.5,32,4.1,869.1,9.8,276,Khumaltar,27.6468,85.3248
2024-03-12T17:00,19.0,43,6.3,868.6,5.8,263,Khumaltar,27.6468,85.3248
2024-03-12T18:00,16.4,60,8.7,868.8,6.3,239,Khumaltar,27.6468,85.3248
2024-03-12T19:00,14.9,71,9.7,868.7,4.8,228,Khumaltar,27.6468,85.3248
2024-03-12T20:00,14.0,75,9.7,869.0,5.1,225,Khumaltar,27.6468,85.3248
2024-03-12T21:00,12.5,83,9.7,868.5,4.1,218,Khumaltar,27.6468,85.3248
2024-03-12T22:00,12.0,83,9.3,867.9,3.6,217,Khumaltar,27.6468,85.3248
2024-03-12T23:00,11.6,83,8.8,867.5,3.1,216,Khumaltar,27.6468,85.3248
2024-03-13T00:00,13.2,73,8.4,867.4,1.8,217,Khumaltar,27.6468,85.3248
2024-03-13T01:00,15.5,62,8.3,867.8,0.5,225,Khumaltar,27.6468,85.3248
2024-03-13T02:00,15.9,60,8.1,867.4,0.4,180,Khumaltar,27.6468,85.3248
2024-03-13T03:00,15.7,60,8.0,866.9,1.1,180,Khumaltar,27.6468,85.3248
2024-03-13T04:00,15.2,62,8.0,866.7,1.9,158,Khumaltar,27.6468,85.3248
2024-03-13T05:00,14.4,64,7.8,866.9,2.1,149,Khumaltar,27.6468,85.3248
2024-03-13T06:00,10.3,86,8.1,866.5,1.8,169,Khumaltar,27.6468,85.3248
2024-03-13T07:00,14.8,72,9.8,869.3,3.3,131,Khumaltar,27.6468,85.3248
2024-03-13T08:00,18.2,56,9.4,871.4,3.1,69,Khumaltar,27.6468,85.3248
2024-03-13T09:00,20.6,41,6.9,872.2,2.4,117,Khumaltar,27.6468,85.3248
2024-03-13T10:00,22.3,28,2.9,872.4,4.7,189,Khumaltar,27.6468,85.3248
2024-03-13T11:00,23.1,27,3.1,872.3,6.7,216,Khumaltar,27.6468,85.3248
2024-03-13T12:00,23.4,30,4.9,871.5,9.3,234,Khumaltar,27.6468,85.3248
2024-03-13T13:00,23.4,34,6.5,870.7,11.3,239,Khumaltar,27.6468,85.3248
2024-03-13T14:00,22.5,38,7.4,870.1,11.8,239,Khumaltar,27.6468,85.3248
2024-03-13T15:00,21.9,38,7.1,869.6,9.6,236,Khumaltar,27.6468,85.3248
2024-03-13T16:00,20.9,39,6.3,869.7,9.7,248,Khumaltar,27.6468,85.3248
2024-03-13T17:00,19.2,45,7.1,869.5,6.3,257,Khumaltar,27.6468,85.3248
2024-03-13T18:00,16.2,52,6.5,869.6,5.6,225,Khumaltar,27.6468,85.3248
2024-03-13T19:00,14.6,54,5.5,869.8,4.9,234,Khumaltar,27.6468,85.3248
2024-03-13T20:00,13.4,60,5.8,870.2,5.9,232,Khumaltar,27.6468,85.3248
2024-03-13T21:00,12.5,60,5.0,870.1,4.2,211,Khumaltar,27.6468,85.3248
2024-03-13T22:00,13.1,53,3.8,870.1,2.4,207,Khumaltar,27.6468,85.3248
2024-03-13T23:00,15.0,43,2.5,870.5,1.5,194,Khumaltar,27.6468,85.3248
2024-03-14T00:00,15.3,42,2.4,870.2,1.5,194,Khumaltar,27.6468,85.3248
2024-03-14T01:00,15.1,43,2.5,869.7,2.4,207,Khumaltar,27.6468,85.3248
2024-03-14T02:00,15.2,43,2.7,869.2,3.9,248,Khumaltar,27.6468,85.3248
2024-03-14T03:00,15.2,43,2.8,868.8,1.5,194,Khumaltar,27.6468,85.3248
2024-03-14T04:00,15.1,44,2.9,868.9,2.2,171,Khumaltar,27.6468,85.3248
2024-03-14T05:00,14.9,45,3.1,869.1,1.1,162,Khumaltar,27.6468,85.3248
2024-03-14T06:00,10.1,72,5.2,867.9,3.6,174,Khumaltar,27.6468,85.3248
2024-03-14T07:00,14.4,59,6.4,870.7,2.6,164,Khumaltar,27.6468,85.3248
2024-03-14T08:00,18.4,42,5.1,872.9,0.0,270,Khumaltar,27.6468,85.3248
2024-03-14T09:00,20.5,34,3.9,873.5,1.8,307,Khumaltar,27.6468,85.3248
2024-03-14T10:00,22.2,28,3.1,873.4,5.2,286,Khumaltar,27.6468,85.3248
2024-03-14T11:00,23.0,27,2.8,873.1,10.3,282,Khumaltar,27.6468,85.3248
2024-03-14T12:00,23.3,28,3.7,872.3,13.0,276,Khumaltar,27.6468,85.3248
2024-03-14T13:00,23.1,29,3.9,871.6,13.7,268,Khumaltar,27.6468,85.3248
2024-03-14T14:00,23.2,27,3.2,870.7,12.6,267,Khumaltar,27.6468,85.3248
2024-03-14T15:00,22.7,25,1.5,870.1,14.1,276,Khumaltar,27.6468,85.3248
2024-03-14T16:00,21.4,26,1.3,869.7,14.8,284,Khumaltar,27.6468,85.3248
2024-03-14T17:00,19.1,34,2.8,869.4,9.8,278,Khumaltar,27.6468,85.3248
2024-03-14T18:00,15.5,49,4.8,868.8,5.0,240,Khumaltar,27.6468,85.3248
2024-03-14T19:00,14.3,55,5.2,868.9,5.1,225,Khumaltar,27.6468,85.3248
2024-03-14T20:00,14.2,55,5.3,869.5,5.9,232,Khumaltar,27.6468,85.3248
2024-03-14T21:00,13.5,60,6.0,869.5,5.8,248,Khumaltar,27.6468,85.3248
2024-03-14T22:00,12.4,66,6.3,868.7,7.6,267,Khumaltar,27.6468,85.3248
2024-03-14T23:00,13.2,62,6.0,868.6,6.6,261,Khumaltar,27.6468,85.3248
2024-03-15T00:00,16.0,49,5.3,869.5,4.0,243,Khumaltar,27.6468,85.3248
2024-03-15T01:00,16.1,48,5.1,869.0,1.6,207,Khumaltar,27.6468,85.3248
2024-03-15T02:00,15.9,48,5.0,868.3,2.6,146,Khumaltar,27.6468,85.3248
2024-03-15T03:00,15.4,50,4.9,867.7,3.9,146,Khumaltar,27.6468,85.3248
2024-03-15T04:00,13.8,55,4.9,866.9,3.7,151,Khumaltar,27.6468,85.3248
2024-03-15T05:00,10.7,67,4.8,865.9,3.3,167,Khumaltar,27.6468,85.3248
2024-03-15T06:00,10.5,73,5.9,867.0,1.8,180,Khumaltar,27.6468,85.3248
2024-03-15T07:00,14.7,62,7.6,869.8,4.4,171,Khumaltar,27.6468,85.3248
2024-03-15T08:00,19.1,42,6.0,872.6,2.6,164,Khumaltar,27.6468,85.3248
2024-03-15T09:00,20.9,32,3.7,873.4,1.8,169,Khumaltar,27.6468,85.3248
2024-03-15T10:00,22.3,27,2.4,873.7,3.0,194,Khumaltar,27.6468,85.3248
2024-03-15T11:00,23.3,26,2.4,873.5,5.6,207,Khumaltar,27.6468,85.3248
2024-03-15T12:00,23.9,24,2.0,872.9,8.4,211,Khumaltar,27.6468,85.3248
2024-03-15T13:00,24.2,22,1.2,872.5,10.2,219,Khumaltar,27.6468,85.3248
2024-03-15T14:00,23.9,22,1.0,871.6,9.7,239,Khumaltar,27.6468,85.3248
2024-03-15T15:00,23.3,23,1.2,871.1,10.5,243,Khumaltar,27.6468,85.3248
2024-03-15T16:00,21.8,28,2.5,871.1,11.1,241,Khumaltar,27.6468,85.3248
2024-03-15T17:00,19.2,38,4.5,870.5,5.6,230,Khumaltar,27.6468,85.3248
2024-03-15T18:00,16.1,44,3.9,870.8,7.3,213,Khumaltar,27.6468,85.3248
2024-03-15T19:00,14.7,44,2.6,871.0,6.4,207,Khumaltar,27.6468,85.3248
2024-03-15T20:00,13.2,48,2.5,871.1,4.6,198,Khumaltar,27.6468,85.3248
2024-03-15T21:00,12.0,54,2.9,870.9,3.4,198,Khumaltar,27.6468,85.3248
2024-03-15T22:00,11.6,57,3.3,870.7,3.4,212,Khumaltar,27.6468,85.3248
2024-03-15T23:00,11.7,56,3.3,870.4,2.9,210,Khumaltar,27.6468,85.3248
2024-03-16T00:00,12.9,50,2.8,870.7,1.6,207,Khumaltar,27.6468,85.3248
2024-03-16T01:00,15.3,40,1.6,871.3,2.6,196,Khumaltar,27.6468,85.3248
2024-03-16T02:00,15.1,40,1.7,871.1,4.6,129,Khumaltar,27.6468,85.3248
2024-03-16T03:00,14.5,43,2.0,870.8,5.4,94,Khumaltar,27.6468,85.3248
2024-03-16T04:00,13.9,46,2.3,870.6,6.6,103,Khumaltar,27.6468,85.3248
2024-03-16T05:00,8.6,67,2.9,868.6,6.1,130,Khumaltar,27.6468,85.3248
2024-03-16T06:00,9.7,69,4.3,870.5,2.6,164,Khumaltar,27.6468,85.3248
2024-03-16T07:00,14.0,59,6.2,873.4,3.1,135,Khumaltar,27.6468,85.3248
2024-03-16T08:00,17.9,44,5.4,875.6,3.0,76,Khumaltar,27.6468,85.3248
2024-03-16T09:00,19.8,39,5.5,875.9,3.7,61,Khumaltar,27.6468,85.3248
2024-03-16T10:00,21.4,29,2.6,875.6,1.6,153,Khumaltar,27.6468,85.3248
2024-03-16T11:00,22.9,18,-2.6,875.4,6.9,219,Khumaltar,27.6468,85.3248
2024-03-16T12:00,23.4,18,-2.3,874.7,12.3,232,Khumaltar,27.6468,85.3248
2024-03-16T13:00,23.2,20,-0.7,873.9,13.5,236,Khumaltar,27.6468,85.3248
2024-03-16T14:00,22.7,23,0.5,872.8,13.4,234,Khumaltar,27.6468,85.3248
2024-03-16T15:00,21.6,24,-0.1,872.2,12.1,233,Khumaltar,27.6468,85.3248
2024-03-16T16:00,20.6,24,-0.9,871.8,10.1,253,Khumaltar,27.6468,85.3248
2024-03-16T17:00,18.2,33,1.6,871.1,5.1,278,Khumaltar,27.6468,85.3248
2024-03-16T18:00,14.4,39,0.6,870.5,6.9,261,Khumaltar,27.6468,85.3248
2024-03-16T19:00,16.4,28,-2.0,871.8,5.5,247,Khumaltar,27.6468,85.3248
2024-03-16T20:00,15.3,33,-1.0,871.6,1.5,194,Khumaltar,27.6468,85.3248
2024-03-16T21:00,11.9,48,1.2,870.3,3.4,198,Khumaltar,27.6468,85.3248
2024-03-16T22:00,10.8,51,1.1,869.9,4.3,204,Khumaltar,27.6468,85.3248
2024-03-16T23:00,13.8,36,-1.0,870.8,3.3,221,Khumaltar,27.6468,85.3248
2024-03-17T00:00,15.6,30,-1.7,871.6,4.1,232,Khumaltar,27.6468,85.3248
2024-03-17T01:00,15.8,30,-1.6,871.3,3.8,229,Khumaltar,27.6468,85.3248
2024-03-17T02:00,15.7,31,-1.4,871.1,5.1,45,Khumaltar,27.6468,85.3248
2024-03-17T03:00,15.4,32,-1.1,871.1,5.4,70,Khumaltar,27.6468,85.3248
2024-03-17T04:00,14.5,35,-0.9,871.1,4.4,99,Khumaltar,27.6468,85.3248
2024-03-17T05:00,13.9,36,-0.9,871.5,3.6,135,Khumaltar,27.6468,85.3248
2024-03-17T06:00,8.7,46,-2.3,869.9,4.3,156,Khumaltar,27.6468,85.3248
2024-03-17T07:00,13.8,35,-1.4,872.9,4.8,138,Khumaltar,27.6468,85.3248
2024-03-17T08:00,17.9,23,-3.8,875.5,4.2,121,Khumaltar,27.6468,85.3248
2024-03-17T09:00,20.2,17,-5.6,876.1,4.7,157,Khumaltar,27.6468,85.3248
2024-03-17T10:00,21.9,17,-4.3,876.4,4.8,193,Khumaltar,27.6468,85.3248
2024-03-17T11:00,22.9,18,-2.8,875.8,5.5,212,Khumaltar,27.6468,85.3248
2024-03-17T12:00,23.7,18,-2.3,874.8,5.9,232,Khumaltar,27.6468,85.3248
2024-03-17T13:00,24.1,17,-2.7,873.6,8.0,252,Khumaltar,27.6468,85.3248
2024-03-17T14:00,23.9,17,-2.7,872.8,11.1,257,Khumaltar,27.6468,85.3248
2024-03-17T15:00,23.1,19,-2.0,872.1,10.8,274,Khumaltar,27.6468,85.3248
2024-03-17T16:00,22.0,21,-1.6,871.8,9.8,294,Khumaltar,27.6468,85.3248
2024-03-17T17:00,19.0,31,1.5,870.6,5.2,304,Khumaltar,27.6468,85.3248
2024-03-17T18:00,15.4,39,1.4,870.1,7.3,259,Khumaltar,27.6468,85.3248
2024-03-17T19:00,15.0,42,2.3,870.6,8.0,262,Khumaltar,27.6468,85.3248
2024-03-17T20:00,15.9,37,1.1,871.4,8.0,288,Khumaltar,27.6468,85.3248
2024-03-17T21:00,17.8,30,-0.1,872.6,5.6,255,Khumaltar,27.6468,85.3248
2024-03-17T22:00,14.3,42,1.5,871.0,3.1,216,Khumaltar,27.6468,85.3248
2024-03-17T23:00,15.6,36,0.6,871.1,0.7,180,Khumaltar,27.6468,85.3248
2024-03-18T00:00,13.8,41,0.9,869.7,1.8,191,Khumaltar,27.6468,85.3248
2024-03-18T01:00,13.2,43,0.9,868.8,3.0,194,Khumaltar,27.6468,85.3248
2024-03-18T02:00,14.5,38,0.2,869.4,1.8,191,Khumaltar,27.6468,85.3248
2024-03-18T03:00,15.7,33,-0.5,869.6,0.4,180,Khumaltar,27.6468,85.3248
2024-03-18T04:00,15.4,33,-0.7,869.5,1.1,180,Khumaltar,27.6468,85.3248
2024-03-18T05:00,13.0,40,-0.4,868.8,2.9,173,Khumaltar,27.6468,85.3248
2024-03-18T06:00,10.7,68,4.9,868.9,3.0,166,Khumaltar,27.6468,85.3248
2024-03-18T07:00,15.0,57,6.5,871.6,3.9,146,Khumaltar,27.6468,85.3248
2024-03-18T08:00,18.8,40,4.9,874.0,3.1,126,Khumaltar,27.6468,85.3248
2024-03-18T09:00,21.0,30,2.7,874.8,4.1,128,Khumaltar,27.6468,85.3248
2024-03-18T10:00,22.5,23,0.4,875.1,4.3,114,Khumaltar,27.6468,85.3248
2024-03-18T11:00,23.5,21,0.1,874.6,5.0,120,Khumaltar,27.6468,85.3248
2024-03-18T12:00,24.2,20,-0.4,873.4,6.1,140,Khumaltar,27.6468,85.3248
2024-03-18T13:00,24.4,19,-0.9,872.3,9.0,180,Khumaltar,27.6468,85.3248
2024-03-18T14:00,23.7,20,-0.7,871.1,11.3,202,Khumaltar,27.6468,85.3248
2024-03-18T15:00,22.9,21,-0.4,870.3,12.5,213,Khumaltar,27.6468,85.3248
2024-03-18T16:00,21.4,22,-1.1,869.9,12.7,215,Khumaltar,27.6468,85.3248
2024-03-18T17:00,19.2,24,-2.1,869.6,8.9,207,Khumaltar,27.6468,85.3248
2024-03-18T18:00,16.0,37,1.3,869.2,5.3,208,Khumaltar,27.6468,85.3248
2024-03-18T19:00,14.0,43,1.6,868.9,4.0,207,Khumaltar,27.6468,85.3248
2024-03-18T20:00,13.2,43,1.0,869.6,4.4,189,Khumaltar,27.6468,85.3248
2024-03-18T21:00,12.6,45,1.0,870.2,5.9,191,Khumaltar,27.6468,85.3248
2024-03-18T22:00,11.3,51,1.5,869.9,3.0,194,Khumaltar,27.6468,85.3248
2024-03-18T23:00,10.4,59,2.6,869.6,1.4,180,Khumaltar,27.6468,85.3248
2024-03-19T00:00,10.3,59,2.7,869.2,2.2,180,Khumaltar,27.6468,85.3248
2024-03-19T01:00,9.6,63,2.9,868.3,2.2,189,Khumaltar,27.6468,85.3248
2024-03-19T02:00,10.8,56,2.3,868.6,1.5,194,Khumaltar,27.6468,85.3248
2024-03-19T03:00,11.8,50,1.8,868.8,0.7,180,Khumaltar,27.6468,85.3248
2024-03-19T04:00,13.1,45,1.3,869.4,2.7,157,Khumaltar,27.6468,85.3248
2024-03-19T05:00,13.0,45,1.2,869.9,3.8,139,Khumaltar,27.6468,85.3248
2024-03-19T06:00,10.4,68,4.8,870.2,3.9,146,Khumaltar,27.6468,85.3248
2024-03-19T07:00,14.8,55,5.8,872.8,4.1,142,Khumaltar,27.6468,85.3248
2024-03-19T08:00,18.5,41,5.1,874.6,3.4,72,Khumaltar,27.6468,85.3248
2024-03-19T09:00,20.7,29,2.2,875.1,3.7,29,Khumaltar,27.6468,85.3248
2024-03-19T10:00,22.4,24,0.8,874.9,4.0,5,Khumaltar,27.6468,85.3248
2024-03-19T11:00,23.7,21,-0.3,874.5,1.5,315,Khumaltar,27.6468,85.3248
2024-03-19T12:00,24.6,18,-1.1,873.3,5.9,232,Khumaltar,27.6468,85.3248
2024-03-19T13:00,25.0,18,-0.6,872.4,10.3,241,Khumaltar,27.6468,85.3248
2024-03-19T14:00,23.7,21,-0.1,871.8,11.5,256,Khumaltar,27.6468,85.3248
2024-03-19T15:00,22.8,22,-0.0,871.3,6.7,286,Khumaltar,27.6468,85.3248
2024-03-19T16:00,22.4,24,0.6,870.8,4.1,285,Khumaltar,27.6468,85.3248
2024-03-19T17:00,20.2,30,2.0,870.5,5.4,228,Khumaltar,27.6468,85.3248
2024-03-19T18:00,17.1,36,1.7,870.3,5.7,198,Khumaltar,27.6468,85.3248
2024-03-19T19:00,15.9,40,2.5,870.9,8.3,185,Khumaltar,27.6468,85.3248
2024-03-19T20:00,14.9,45,3.0,871.6,5.8,210,Khumaltar,27.6468,85.3248
2024-03-19T21:00,13.5,55,4.7,871.0,6.1,220,Khumaltar,27.6468,85.3248
2024-03-19T22:00,14.4,47,3.1,872.0,4.7,212,Khumaltar,27.6468,85.3248
2024-03-19T23:00,13.3,55,4.5,871.3,4.2,211,Khumaltar,27.6468,85.3248
2024-03-20T00:00,17.1,38,2.5,872.6,3.1,225,Khumaltar,27.6468,85.3248
2024-03-20T01:00,18.0,34,1.8,872.2,3.6,217,Khumaltar,27.6468,85.3248
2024-03-20T02:00,17.8,33,1.2,871.5,4.7,113,Khumaltar,27.6468,85.3248
2024-03-20T03:00,17.3,34,1.2,870.4,2.6,214,Khumaltar,27.6468,85.3248
2024-03-20T04:00,16.9,35,1.5,870.1,1.9,248,Khumaltar,27.6468,85.3248
2024-03-20T05:00,16.3,37,1.7,870.3,3.6,127,Khumaltar,27.6468,85.3248
2024-03-20T06:00,12.6,59,4.7,869.3,2.9,180,Khumaltar,27.6468,85.3248
2024-03-20T07:00,15.3,57,6.8,871.7,0.5,225,Khumaltar,27.6468,85.3248
2024-03-20T08:00,16.6,50,6.2,873.6,5.0,150,Khumaltar,27.6468,85.3248
2024-03-20T09:00,15.0,76,10.8,873.9,6.9,231,Khumaltar,27.6468,85.3248
2024-03-20T10:00,16.5,66,10.1,874.0,2.2,99,Khumaltar,27.6468,85.3248
2024-03-20T11:00,15.7,65,9.2,873.4,9.5,189,Khumaltar,27.6468,85.3248
2024-03-20T12:00,15.8,70,10.3,872.7,6.6,202,Khumaltar,27.6468,85.3248
2024-03-20T13:00,15.7,71,10.5,871.8,6.6,209,Khumaltar,27.6468,85.3248
2024-03-20T14:00,15.4,73,10.6,871.1,3.3,257,Khumaltar,27.6468,85.3248
2024-03-20T15:00,15.1,75,10.8,870.5,2.7,67,Khumaltar,27.6468,85.3248
2024-03-20T16:00,14.6,80,11.2,870.7,5.4,70,Khumaltar,27.6468,85.3248
2024-03-20T17:00,13.8,89,12.0,870.7,3.7,79,Khumaltar,27.6468,85.3248
2024-03-20T18:00,12.0,90,10.4,871.2,2.3,219,Khumaltar,27.6468,85.3248
2024-03-20T19:00,11.4,92,10.1,871.5,2.9,277,Khumaltar,27.6468,85.3248
2024-03-20T20:00,11.4,93,10.3,872.1,1.5,256,Khumaltar,27.6468,85.3248
2024-03-20T21:00,11.2,94,10.2,872.2,2.6,304,Khumaltar,27.6468,85.3248
2024-03-20T22:00,11.2,95,10.3,871.6,3.1,216,Khumaltar,27.6468,85.3248
2024-03-20T23:00,11.1,96,10.4,871.1,5.3,242,Khumaltar,27.6468,85.3248
2024-03-21T00:00,11.0,96,10.4,870.9,2.5,82,Khumaltar,27.6468,85.3248
2024-03-21T01:00,10.4,98,10.1,870.7,2.6,106,Khumaltar,27.6468,85.3248
2024-03-21T02:00,10.6,97,10.2,869.9,0.5,225,Khumaltar,27.6468,85.3248
2024-03-21T03:00,10.6,97,10.1,869.6,2.5,315,Khumaltar,27.6468,85.3248
2024-03-21T04:00,10.6,97,10.1,869.5,3.6,217,Khumaltar,27.6468,85.3248
2024-03-21T05:00,10.7,96,10.1,869.5,0.8,153,Khumaltar,27.6468,85.3248
2024-03-21T06:00,10.8,96,10.1,871.2,5.8,112,Khumaltar,27.6468,85.3248
2024-03-21T07:00,11.5,93,10.4,872.1,3.6,90,Khumaltar,27.6468,85.3248
2024-03-21T08:00,12.8,86,10.5,872.8,5.0,120,Khumaltar,27.6468,85.3248
2024-03-21T09:00,16.0,71,10.6,872.9,1.8,101,Khumaltar,27.6468,85.3248
2024-03-21T10:00,18.7,56,9.8,872.7,2.5,188,Khumaltar,27.6468,85.3248
2024-03-21T11:00,20.0,49,8.9,872.0,4.3,204,Khumaltar,27.6468,85.3248
2024-03-21T12:00,19.5,51,9.1,871.3,7.4,223,Khumaltar,27.6468,85.3248
2024-03-21T13:00,18.5,58,10.2,870.2,8.3,265,Khumaltar,27.6468,85.3248
2024-03-21T14:00,18.3,59,10.0,869.5,10.7,310,Khumaltar,27.6468,85.3248
2024-03-21T15:00,17.7,62,10.2,868.7,9.7,309,Khumaltar,27.6468,85.3248
2024-03-21T16:00,16.5,67,10.5,868.6,7.4,293,Khumaltar,27.6468,85.3248
2024-03-21T17:00,15.8,72,10.7,868.7,4.7,270,Khumaltar,27.6468,85.3248
2024-03-21T18:00,13.3,91,11.9,869.7,4.4,261,Khumaltar,27.6468,85.3248
2024-03-21T19:00,12.8,97,12.4,870.2,3.2,243,Khumaltar,27.6468,85.3248
2024-03-21T20:00,12.0,99,11.9,870.4,2.8,220,Khumaltar,27.6468,85.3248
2024-03-21T21:00,11.3,100,11.2,870.3,1.1,180,Khumaltar,27.6468,85.3248
2024-03-21T22:00,10.6,100,10.6,870.2,3.1,234,Khumaltar,27.6468,85.3248
2024-03-21T23:00,10.8,99,10.7,869.9,4.3,265,Khumaltar,27.6468,85.3248
2024-03-22T00:00,11.3,98,11.1,869.7,4.3,275,Khumaltar,27.6468,85.3248
2024-03-22T01:00,11.5,98,11.2,868.8,3.2,270,Khumaltar,27.6468,85.3248
2024-03-22T02:00,11.2,98,10.9,867.9,2.9,263,Khumaltar,27.6468,85.3248
2024-03-22T03:00,10.9,99,10.7,867.1,2.9,277,Khumaltar,27.6468,85.3248
2024-03-22T04:00,10.1,100,10.1,866.6,4.7,274,Khumaltar,27.6468,85.3248
2024-03-22T05:00,9.8,100,9.8,866.4,4.5,256,Khumaltar,27.6468,85.3248
2024-03-22T06:00,11.4,100,11.3,867.6,4.2,290,Khumaltar,27.6468,85.3248
2024-03-22T07:00,12.3,95,11.6,868.4,3.8,287,Khumaltar,27.6468,85.3248
2024-03-22T08:00,14.2,89,12.3,869.5,4.3,318,Khumaltar,27.6468,85.3248
2024-03-22T09:00,16.2,74,11.6,870.1,7.1,300,Khumaltar,27.6468,85.3248
2024-03-22T10:00,17.8,63,10.8,870.1,10.3,299,Khumaltar,27.6468,85.3248
2024-03-22T11:00,18.7,58,10.2,869.5,10.2,288,Khumaltar,27.6468,85.3248
2024-03-22T12:00,19.1,56,10.0,868.6,11.2,276,Khumaltar,27.6468,85.3248
2024-03-22T13:00,19.2,54,9.8,867.5,11.9,265,Khumaltar,27.6468,85.3248
2024-03-22T14:00,18.5,57,9.8,866.8,12.3,273,Khumaltar,27.6468,85.3248
2024-03-22T15:00,18.2,58,9.7,866.4,10.1,276,Khumaltar,27.6468,85.3248
2024-03-22T16:00,17.3,60,9.6,866.2,7.9,294,Khumaltar,27.6468,85.3248
2024-03-22T17:00,16.0,69,10.3,865.9,3.8,287,Khumaltar,27.6468,85.3248
2024-03-22T18:00,13.0,87,10.8,865.7,5.1,274,Khumaltar,27.6468,85.3248
2024-03-22T19:00,12.8,88,10.9,866.2,4.7,270,Khumaltar,27.6468,85.3248
2024-03-22T20:00,12.6,88,10.7,866.7,4.4,261,Khumaltar,27.6468,85.3248
2024-03-22T21:00,12.7,89,10.9,866.9,4.3,275,Khumaltar,27.6468,85.3248
2024-03-22T22:00,11.1,96,10.5,866.3,3.6,233,Khumaltar,27.6468,85.3248
2024-03-22T23:00,11.4,97,11.0,866.3,0.7,180,Khumaltar,27.6468,85.3248
2024-03-23T00:00,11.7,97,11.3,865.9,1.1,180,Khumaltar,27.6468,85.3248
2024-03-23T01:00,11.6,98,11.2,865.1,1.1,198,Khumaltar,27.6468,85.3248
2024-03-23T02:00,11.5,98,11.1,864.4,1.5,194,Khumaltar,27.6468,85.3248
2024-03-23T03:00,11.5,98,11.2,864.0,2.2,189,Khumaltar,27.6468,85.3248
2024-03-23T04:00,11.3,98,11.0,864.1,3.3,193,Khumaltar,27.6468,85.3248
2024-03-23T05:00,11.3,98,11.0,864.5,5.0,210,Khumaltar,27.6468,85.3248
2024-03-23T06:00,12.2,98,11.9,865.9,2.1,149,Khumaltar,27.6468,85.3248
2024-03-23T07:00,13.7,93,12.7,867.1,2.9,180,Khumaltar,27.6468,85.3248
2024-03-23T08:00,15.6,80,12.1,868.2,2.9,150,Khumaltar,27.6468,85.3248
2024-03-23T09:00,16.9,76,12.7,868.6,2.3,141,Khumaltar,27.6468,85.3248
2024-03-23T10:00,17.6,72,12.4,868.4,1.8,217,Khumaltar,27.6468,85.3248
2024-03-23T11:00,18.6,69,12.8,868.0,4.8,257,Khumaltar,27.6468,85.3248
2024-03-23T12:00,19.4,63,12.3,867.0,6.6,257,Khumaltar,27.6468,85.3248
2024-03-23T13:00,17.7,73,12.8,866.2,10.3,241,Khumaltar,27.6468,85.3248
2024-03-23T14:00,17.8,74,13.2,865.6,2.3,219,Khumaltar,27.6468,85.3248
2024-03-23T15:00,18.0,71,12.7,865.5,10.0,285,Khumaltar,27.6468,85.3248
2024-03-23T16:00,17.6,72,12.4,865.7,10.1,274,Khumaltar,27.6468,85.3248
2024-03-23T17:00,16.4,79,12.7,865.6,6.6,292,Khumaltar,27.6468,85.3248
2024-03-23T18:00,14.3,91,12.8,866.1,4.7,293,Khumaltar,27.6468,85.3248
2024-03-23T19:00,14.0,92,12.6,866.7,5.2,282,Khumaltar,27.6468,85.3248
2024-03-23T20:00,14.6,89,12.8,867.6,4.3,275,Khumaltar,27.6468,85.3248
2024-03-23T21:00,14.4,89,12.7,868.0,2.8,220,Khumaltar,27.6468,85.3248
2024-03-23T22:00,13.9,92,12.6,868.0,0.7,180,Khumaltar,27.6468,85.3248
2024-03-23T23:00,12.0,96,11.5,866.9,2.9,150,Khumaltar,27.6468,85.3248
2024-03-24T00:00,10.6,98,10.3,866.0,3.9,158,Khumaltar,27.6468,85.3248
2024-03-24T01:00,10.4,99,10.2,865.4,3.0,166,Khumaltar,27.6468,85.3248
2024-03-24T02:00,10.2,98,10.0,865.0,2.3,162,Khumaltar,27.6468,85.3248
2024-03-24T03:00,10.1,97,9.6,864.4,1.5,166,Khumaltar,27.6468,85.3248
2024-03-24T04:00,13.4,85,10.9,866.3,2.4,153,Khumaltar,27.6468,85.3248
2024-03-24T05:00,14.4,79,10.7,867.4,3.8,131,Khumaltar,27.6468,85.3248
2024-03-24T06:00,12.8,96,12.2,867.4,2.7,157,Khumaltar,27.6468,85.3248
2024-03-24T07:00,15.4,94,14.5,869.6,3.9,158,Khumaltar,27.6468,85.3248
2024-03-24T08:00,17.2,86,14.9,871.4,2.5,82,Khumaltar,27.6468,85.3248
2024-03-24T09:00,18.2,79,14.6,871.8,4.3,85,Khumaltar,27.6468,85.3248
2024-03-24T10:00,19.4,73,14.5,871.8,2.6,146,Khumaltar,27.6468,85.3248
2024-03-24T11:00,20.0,71,14.7,871.8,3.4,198,Khumaltar,27.6468,85.3248
2024-03-24T12:00,20.5,69,14.7,871.4,5.4,233,Khumaltar,27.6468,85.3248
2024-03-24T13:00,19.6,71,14.1,870.5,9.0,233,Khumaltar,27.6468,85.3248
2024-03-24T14:00,19.7,69,13.9,869.9,8.7,240,Khumaltar,27.6468,85.3248
2024-03-24T15:00,18.6,74,13.9,870.0,7.4,284,Khumaltar,27.6468,85.3248
2024-03-24T16:00,17.7,80,14.2,870.2,5.8,292,Khumaltar,27.6468,85.3248
2024-03-24T17:00,17.0,85,14.5,870.2,5.5,328,Khumaltar,27.6468,85.3248
2024-03-24T18:00,15.4,95,14.5,871.0,3.1,291,Khumaltar,27.6468,85.3248
2024-03-24T19:00,14.9,97,14.5,871.1,1.8,259,Khumaltar,27.6468,85.3248
2024-03-24T20:00,14.1,99,13.9,871.3,4.4,279,Khumaltar,27.6468,85.3248
2024-03-24T21:00,14.2,96,13.6,871.4,3.4,212,Khumaltar,27.6468,85.3248
2024-03-24T22:00,14.6,93,13.5,871.6,1.5,194,Khumaltar,27.6468,85.3248
2024-03-24T23:00,13.1,97,12.6,870.9,1.9,202,Khumaltar,27.6468,85.3248
2024-03-25T00:00,13.4,98,13.1,870.7,2.9,210,Khumaltar,27.6468,85.3248
2024-03-25T01:00,12.1,99,12.0,869.5,1.1,180,Khumaltar,27.6468,85.3248
2024-03-25T02:00,11.3,99,11.2,868.5,1.4,180,Khumaltar,27.6468,85.3248
2024-03-25T03:00,11.4,98,11.1,868.5,1.1,180,Khumaltar,27.6468,85.3248
2024-03-25T04:00,11.6,97,11.2,868.0,1.4,180,Khumaltar,27.6468,85.3248
2024-03-25T05:00,12.2,95,11.4,867.9,2.6,164,Khumaltar,27.6468,85.3248
2024-03-25T06:00,12.0,99,11.8,869.3,3.6,186,Khumaltar,27.6468,85.3248
2024-03-25T07:00,14.8,94,13.9,870.8,6.9,186,Khumaltar,27.6468,85.3248
2024-03-25T08:00,18.5,81,15.1,873.0,2.6,254,Khumaltar,27.6468,85.3248
2024-03-25T09:00,19.7,64,12.6,873.5,5.9,259,Khumaltar,27.6468,85.3248
2024-03-25T10:00,20.1,60,12.0,873.5,9.7,266,Khumaltar,27.6468,85.3248
2024-03-25T11:00,19.1,68,13.1,873.0,10.0,300,Khumaltar,27.6468,85.3248
2024-03-25T12:00,19.7,66,13.2,872.0,10.3,282,Khumaltar,27.6468,85.3248
2024-03-25T13:00,19.7,64,12.7,870.7,9.3,283,Khumaltar,27.6468,85.3248
2024-03-25T14:00,18.8,67,12.5,869.8,10.9,304,Khumaltar,27.6468,85.3248
2024-03-25T15:00,18.8,68,12.7,869.1,8.7,312,Khumaltar,27.6468,85.3248
2024-03-25T16:00,18.4,69,12.6,868.5,6.4,313,Khumaltar,27.6468,85.3248
2024-03-25T17:00,17.3,78,13.4,868.2,3.2,297,Khumaltar,27.6468,85.3248
2024-03-25T18:00,15.0,86,12.6,868.3,5.2,282,Khumaltar,27.6468,85.3248
2024-03-25T19:00,14.4,88,12.5,868.6,6.4,286,Khumaltar,27.6468,85.3248
2024-03-25T20:00,14.0,91,12.5,868.9,6.6,299,Khumaltar,27.6468,85.3248
2024-03-25T21:00,15.8,82,12.7,870.4,3.6,225,Khumaltar,27.6468,85.3248
2024-03-25T22:00,13.8,88,11.8,869.3,2.9,187,Khumaltar,27.6468,85.3248
2024-03-25T23:00,12.5,92,11.2,868.6,1.8,180,Khumaltar,27.6468,85.3248
2024-03-26T00:00,12.4,91,11.0,868.7,3.8,229,Khumaltar,27.6468,85.3248
2024-03-26T01:00,12.2,94,11.2,868.7,4.3,204,Khumaltar,27.6468,85.3248
2024-03-26T02:00,12.7,94,11.8,868.5,1.4,180,Khumaltar,27.6468,85.3248
2024-03-26T03:00,12.2,94,11.2,867.6,1.1,180,Khumaltar,27.6468,85.3248
2024-03-26T04:00,12.3,91,10.9,867.9,1.5,194,Khumaltar,27.6468,85.3248
2024-03-26T05:00,12.1,92,10.8,868.5,2.9,210,Khumaltar,27.6468,85.3248
2024-03-26T06:00,12.8,92,11.5,869.3,1.1,180,Khumaltar,27.6468,85.3248
2024-03-26T07:00,15.0,88,13.0,871.2,2.9,330,Khumaltar,27.6468,85.3248
2024-03-26T08:00,17.0,79,13.4,872.6,5.4,20,Khumaltar,27.6468,85.3248
2024-03-26T09:00,18.9,68,12.9,873.2,4.3,5,Khumaltar,27.6468,85.3248
2024-03-26T10:00,20.6,59,12.4,873.3,4.8,297,Khumaltar,27.6468,85.3248
2024-03-26T11:00,21.4,55,12.1,873.0,6.8,288,Khumaltar,27.6468,85.3248
2024-03-26T12:00,21.9,53,11.8,872.3,9.4,288,Khumaltar,27.6468,85.3248
2024-03-26T13:00,21.9,53,11.8,871.5,9.5,299,Khumaltar,27.6468,85.3248
2024-03-26T14:00,22.0,53,11.9,870.6,10.0,296,Khumaltar,27.6468,85.3248
2024-03-26T15:00,21.7,55,12.1,870.4,9.7,285,Khumaltar,27.6468,85.3248
2024-03-26T16:00,20.6,59,12.4,870.9,10.4,270,Khumaltar,27.6468,85.3248
2024-03-26T17:00,18.8,72,13.7,871.1,6.8,245,Khumaltar,27.6468,85.3248
2024-03-26T18:00,16.1,87,13.8,871.0,4.1,225,Khumaltar,27.6468,85.3248
2024-03-26T19:00,14.8,91,13.3,870.9,3.8,221,Khumaltar,27.6468,85.3248
2024-03-26T20:00,14.2,92,12.9,871.4,2.7,203,Khumaltar,27.6468,85.3248
2024-03-26T21:00,13.9,95,13.1,871.9,5.2,205,Khumaltar,27.6468,85.3248
2024-03-26T22:00,13.5,97,13.0,872.3,4.7,212,Khumaltar,27.6468,85.3248
2024-03-26T23:00,13.3,98,13.0,872.0,2.4,207,Khumaltar,27.6468,85.3248
2024-03-27T00:00,13.1,99,12.9,871.4,1.9,202,Khumaltar,27.6468,85.3248
2024-03-27T01:00,14.0,94,13.1,871.2,2.4,207,Khumaltar,27.6468,85.3248
2024-03-27T02:00,12.6,97,12.2,870.0,1.8,191,Khumaltar,27.6468,85.3248
2024-03-27T03:00,12.9,98,12.6,869.9,1.5,194,Khumaltar,27.6468,85.3248
2024-03-27T04:00,14.2,94,13.3,871.0,4.0,207,Khumaltar,27.6468,85.3248
2024-03-27T05:00,14.5,93,13.5,871.6,5.9,43,Khumaltar,27.6468,85.3248
2024-03-27T06:00,14.3,95,13.4,872.4,0.8,153,Khumaltar,27.6468,85.3248
2024-03-27T07:00,16.3,91,14.8,873.8,0.0,270,Khumaltar,27.6468,85.3248
2024-03-27T08:00,18.1,81,14.7,875.0,3.1,306,Khumaltar,27.6468,85.3248
2024-03-27T09:00,19.2,75,14.7,875.7,4.3,294,Khumaltar,27.6468,85.3248
2024-03-27T10:00,19.1,75,14.5,875.5,5.5,293,Khumaltar,27.6468,85.3248
2024-03-27T11:00,20.1,72,14.8,875.0,4.7,238,Khumaltar,27.6468,85.3248
2024-03-27T12:00,19.8,75,15.2,874.1,5.9,256,Khumaltar,27.6468,85.3248
2024-03-27T13:00,19.0,81,15.6,873.1,5.2,254,Khumaltar,27.6468,85.3248
2024-03-27T14:00,20.0,75,15.5,872.2,6.1,270,Khumaltar,27.6468,85.3248
2024-03-27T15:00,18.2,86,15.7,871.3,6.3,283,Khumaltar,27.6468,85.3248
2024-03-27T16:00,18.6,82,15.5,871.1,4.0,280,Khumaltar,27.6468,85.3248
2024-03-27T17:00,17.8,86,15.5,870.8,4.3,275,Khumaltar,27.6468,85.3248
2024-03-27T18:00,16.4,92,15.1,871.3,2.3,231,Khumaltar,27.6468,85.3248
2024-03-27T19:00,14.9,97,14.4,871.2,0.7,180,Khumaltar,27.6468,85.3248
2024-03-27T20:00,14.5,98,14.3,871.8,1.5,194,Khumaltar,27.6468,85.3248
2024-03-27T21:00,14.3,99,14.1,872.2,1.9,202,Khumaltar,27.6468,85.3248
2024-03-27T22:00,14.3,99,14.2,872.2,1.1,180,Khumaltar,27.6468,85.3248
2024-03-27T23:00,15.0,99,14.9,872.5,1.6,117,Khumaltar,27.6468,85.3248
2024-03-28T00:00,14.7,100,14.6,871.6,2.3,129,Khumaltar,27.6468,85.3248
2024-03-28T01:00,14.2,100,14.2,870.9,2.3,129,Khumaltar,27.6468,85.3248
2024-03-28T02:00,14.7,100,14.7,870.4,3.4,162,Khumaltar,27.6468,85.3248
2024-03-28T03:00,15.0,99,14.8,869.7,2.2,171,Khumaltar,27.6468,85.3248
2024-03-28T04:00,15.0,99,14.8,869.6,2.1,121,Khumaltar,27.6468,85.3248
2024-03-28T05:00,15.0,98,14.8,869.8,2.1,149,Khumaltar,27.6468,85.3248
2024-03-28T06:00,14.5,99,14.3,870.6,2.9,173,Khumaltar,27.6468,85.3248
2024-03-28T07:00,16.2,96,15.5,872.1,0.8,117,Khumaltar,27.6468,85.3248
2024-03-28T08:00,17.1,92,15.7,872.8,2.8,40,Khumaltar,27.6468,85.3248
2024-03-28T09:00,17.5,91,15.9,872.8,3.4,58,Khumaltar,27.6468,85.3248
2024-03-28T10:00,18.5,83,15.6,872.7,1.5,104,Khumaltar,27.6468,85.3248
2024-03-28T11:00,19.2,80,15.7,872.1,3.1,216,Khumaltar,27.6468,85.3248
2024-03-28T12:00,19.3,79,15.7,871.4,5.0,240,Khumaltar,27.6468,85.3248
2024-03-28T13:00,19.3,79,15.7,870.4,5.2,236,Khumaltar,27.6468,85.3248
2024-03-28T14:00,20.0,75,15.5,869.5,4.0,275,Khumaltar,27.6468,85.3248
2024-03-28T15:00,20.1,75,15.5,869.1,4.0,270,Khumaltar,27.6468,85.3248
2024-03-28T16:00,19.2,80,15.6,869.1,6.1,270,Khumaltar,27.6468,85.3248
2024-03-28T17:00,18.4,86,16.0,869.3,4.3,275,Khumaltar,27.6468,85.3248
2024-03-28T18:00,16.7,96,16.1,869.9,2.4,243,Khumaltar,27.6468,85.3248
2024-03-28T19:00,16.3,98,16.1,870.2,3.8,319,Khumaltar,27.6468,85.3248
2024-03-28T20:00,16.1,98,15.8,870.8,5.4,20,Khumaltar,27.6468,85.3248
2024-03-28T21:00,16.4,98,16.1,871.1,4.1,75,Khumaltar,27.6468,85.3248
2024-03-28T22:00,14.5,100,14.5,870.1,3.4,148,Khumaltar,27.6468,85.3248
2024-03-28T23:00,14.8,100,14.8,870.1,2.6,146,Khumaltar,27.6468,85.3248
2024-03-29T00:00,14.7,99,14.5,869.7,4.1,142,Khumaltar,27.6468,85.3248
2024-03-29T01:00,14.5,99,14.4,869.1,4.7,157,Khumaltar,27.6468,85.3248
2024-03-29T02:00,14.2,99,14.0,868.6,4.7,184,Khumaltar,27.6468,85.3248
2024-03-29T03:00,14.6,98,14.2,868.4,3.8,197,Khumaltar,27.6468,85.3248
2024-03-29T04:00,14.6,97,14.2,868.7,2.2,180,Khumaltar,27.6468,85.3248
2024-03-29T05:00,14.9,97,14.4,869.1,2.4,153,Khumaltar,27.6468,85.3248
2024-03-29T06:00,15.4,98,15.1,870.5,3.2,180,Khumaltar,27.6468,85.3248
2024-03-29T07:00,16.7,95,15.9,871.7,2.6,164,Khumaltar,27.6468,85.3248
2024-03-29T08:00,17.3,90,15.7,872.7,3.8,139,Khumaltar,27.6468,85.3248
2024-03-29T09:00,18.4,84,15.6,873.5,4.7,148,Khumaltar,27.6468,85.3248
2024-03-29T10:00,19.2,78,15.4,873.5,4.7,184,Khumaltar,27.6468,85.3248
2024-03-29T11:00,20.5,73,15.5,873.2,5.1,219,Khumaltar,27.6468,85.3248
2024-03-29T12:00,21.5,68,15.4,872.3,5.2,258,Khumaltar,27.6468,85.3248
2024-03-29T13:00,22.2,66,15.5,871.5,6.5,267,Khumaltar,27.6468,85.3248
2024-03-29T14:00,21.6,68,15.3,870.7,9.3,257,Khumaltar,27.6468,85.3248
2024-03-29T15:00,21.0,69,15.2,870.0,9.2,259,Khumaltar,27.6468,85.3248
2024-03-29T16:00,20.7,70,15.1,869.7,7.9,273,Khumaltar,27.6468,85.3248
2024-03-29T17:00,19.8,76,15.3,869.3,6.6,292,Khumaltar,27.6468,85.3248
2024-03-29T18:00,17.9,86,15.6,869.5,4.0,260,Khumaltar,27.6468,85.3248
2024-03-29T19:00,16.3,95,15.5,869.1,2.3,231,Khumaltar,27.6468,85.3248
2024-03-29T20:00,15.2,97,14.7,869.1,2.3,198,Khumaltar,27.6468,85.3248
2024-03-29T21:00,14.4,98,14.1,869.2,1.8,180,Khumaltar,27.6468,85.3248
2024-03-29T22:00,14.0,100,14.0,869.3,1.5,194,Khumaltar,27.6468,85.3248
2024-03-29T23:00,13.9,100,13.9,869.4,2.2,189,Khumaltar,27.6468,85.3248
2024-03-30T00:00,13.6,100,13.6,869.3,1.5,194,Khumaltar,27.6468,85.3248
2024-03-30T01:00,13.5,100,13.5,868.9,0.7,180,Khumaltar,27.6468,85.3248
2024-03-30T02:00,13.8,99,13.6,868.5,1.1,180,Khumaltar,27.6468,85.3248
2024-03-30T03:00,13.9,98,13.7,868.0,1.1,180,Khumaltar,27.6468,85.3248
2024-03-30T04:00,13.3,99,13.1,867.9,1.4,180,Khumaltar,27.6468,85.3248
2024-03-30T05:00,13.0,100,12.9,868.1,1.1,180,Khumaltar,27.6468,85.3248
2024-03-30T06:00,13.5,99,13.4,869.6,1.8,191,Khumaltar,27.6468,85.3248
2024-03-30T07:00,17.0,96,16.4,871.8,2.1,211,Khumaltar,27.6468,85.3248
2024-03-30T08:00,20.2,79,16.5,873.5,1.6,27,Khumaltar,27.6468,85.3248
2024-03-30T09:00,22.0,71,16.5,873.9,3.3,347,Khumaltar,27.6468,85.3248
2024-03-30T10:00,23.1,66,16.5,874.2,6.0,295,Khumaltar,27.6468,85.3248
2024-03-30T11:00,24.0,61,15.9,873.9,8.9,291,Khumaltar,27.6468,85.3248
2024-03-30T12:00,24.2,49,12.7,873.7,12.4,296,Khumaltar,27.6468,85.3248
2024-03-30T13:00,23.7,54,13.7,872.4,11.4,305,Khumaltar,27.6468,85.3248
2024-03-30T14:00,23.4,55,13.9,871.2,12.1,307,Khumaltar,27.6468,85.3248
2024-03-30T15:00,23.6,53,13.4,870.7,10.9,278,Khumaltar,27.6468,85.3248
2024-03-30T16:00,21.6,60,13.5,870.9,8.3,272,Khumaltar,27.6468,85.3248
2024-03-30T17:00,20.2,68,14.1,870.9,6.6,283,Khumaltar,27.6468,85.3248
2024-03-30T18:00,17.7,84,15.1,869.5,4.3,265,Khumaltar,27.6468,85.3248
2024-03-30T19:00,15.9,91,14.4,869.6,4.5,241,Khumaltar,27.6468,85.3248
2024-03-30T20:00,18.4,78,14.5,871.5,5.0,270,Khumaltar,27.6468,85.3248
2024-03-30T21:00,16.0,88,13.9,871.0,5.0,249,Khumaltar,27.6468,85.3248
2024-03-30T22:00,15.3,88,13.3,870.7,4.1,218,Khumaltar,27.6468,85.3248
2024-03-30T23:00,14.8,89,13.0,870.1,2.9,187,Khumaltar,27.6468,85.3248
2024-03-31T00:00,14.2,88,12.2,869.5,4.3,156,Khumaltar,27.6468,85.3248
2024-03-31T01:00,15.0,83,12.1,869.7,4.7,148,Khumaltar,27.6468,85.3248
2024-03-31T02:00,13.9,86,11.6,868.6,4.0,190,Khumaltar,27.6468,85.3248
2024-03-31T03:00,13.6,87,11.4,867.9,3.8,197,Khumaltar,27.6468,85.3248
2024-03-31T04:00,16.5,73,11.7,869.4,1.1,180,Khumaltar,27.6468,85.3248
2024-03-31T05:00,16.5,72,11.4,869.8,3.6,143,Khumaltar,27.6468,85.3248
2024-03-31T06:00,13.9,93,12.8,869.6,1.8,180,Khumaltar,27.6468,85.3248
2024-03-31T07:00,17.8,88,15.7,871.7,1.5,166,Khumaltar,27.6468,85.3248
2024-03-31T08:00,21.2,68,15.1,873.4,0.8,297,Khumaltar,27.6468,85.3248
2024-03-31T09:00,23.7,48,12.1,873.9,10.6,298,Khumaltar,27.6468,85.3248
2024-03-31T10:00,24.7,37,9.2,873.6,15.8,297,Khumaltar,27.6468,85.3248
2024-03-31T11:00,25.2,36,9.0,873.2,17.1,295,Khumaltar,27.6468,85.3248
2024-03-31T12:00,25.2,36,9.0,872.4,17.6,296,Khumaltar,27.6468,85.3248
2024-03-31T13:00,24.8,32,7.0,871.3,21.0,301,Khumaltar,27.6468,85.3248
2024-03-31T14:00,24.4,38,9.0,870.3,17.7,297,Khumaltar,27.6468,85.3248
2024-03-31T15:00,23.9,38,8.8,869.5,15.8,287,Khumaltar,27.6468,85.3248
2024-03-31T16:00,22.5,44,9.6,869.1,12.6,290,Khumaltar,27.6468,85.3248
2024-03-31T17:00,20.4,66,13.7,868.4,4.0,280,Khumaltar,27.6468,85.3248
2024-03-31T18:00,16.9,81,13.5,868.5,2.2,261,Khumaltar,27.6468,85.3248
2024-03-31T19:00,15.2,86,12.9,867.6,3.7,151,Khumaltar,27.6468,85.3248
2024-03-31T20:00,14.1,86,11.8,867.3,4.3,156,Khumaltar,27.6468,85.3248
2024-03-31T21:00,14.1,83,11.3,867.0,4.0,175,Khumaltar,27.6468,85.3248
2024-03-31T22:00,13.7,83,10.9,866.3,4.9,163,Khumaltar,27.6468,85.3248
2024-03-31T23:00,13.5,82,10.5,865.3,5.0,159,Khumaltar,27.6468,85.3248
2024-04-01T00:00,12.8,82,9.8,864.3,5.2,164,Khumaltar,27.6468,85.3248
2024-04-01T01:00,12.5,80,9.1,863.4,4.6,162,Khumaltar,27.6468,85.3248
2024-04-01T02:00,12.3,77,8.5,862.7,4.0,170,Khumaltar,27.6468,85.3248
2024-04-01T03:00,12.3,75,8.1,862.3,3.6,180,Khumaltar,27.6468,85.3248
2024-04-01T04:00,12.0,77,8.0,862.4,2.5,172,Khumaltar,27.6468,85.3248
2024-04-01T05:00,11.4,76,7.4,862.4,3.4,148,Khumaltar,27.6468,85.3248
2024-04-01T06:00,14.4,71,9.2,864.7,1.9,158,Khumaltar,27.6468,85.3248
2024-04-01T07:00,18.2,68,12.2,867.2,3.3,131,Khumaltar,27.6468,85.3248
2024-04-01T08:00,21.4,54,11.6,868.6,5.0,69,Khumaltar,27.6468,85.3248
2024-04-01T09:00,23.2,47,11.2,868.9,2.9,30,Khumaltar,27.6468,85.3248
2024-04-01T10:00,24.7,43,11.3,869.0,2.8,320,Khumaltar,27.6468,85.3248
2024-04-01T11:00,25.9,41,11.6,868.5,3.3,283,Khumaltar,27.6468,85.3248
2024-04-01T12:00,26.7,37,11.0,867.7,6.7,286,Khumaltar,27.6468,85.3248
2024-04-01T13:00,26.9,37,10.8,866.9,12.5,288,Khumaltar,27.6468,85.3248
2024-04-01T14:00,25.9,40,11.2,866.2,14.8,293,Khumaltar,27.6468,85.3248
2024-04-01T15:00,25.1,40,10.7,865.6,11.6,292,Khumaltar,27.6468,85.3248
2024-04-01T16:00,24.1,41,10.1,865.3,9.0,275,Khumaltar,27.6468,85.3248
2024-04-01T17:00,21.2,56,12.2,864.6,5.4,266,Khumaltar,27.6468,85.3248
2024-04-01T18:00,18.0,65,11.3,865.5,5.4,250,Khumaltar,27.6468,85.3248
2024-04-01T19:00,17.0,69,11.3,865.6,4.8,228,Khumaltar,27.6468,85.3248
2024-04-01T20:00,16.5,71,11.3,865.8,4.6,225,Khumaltar,27.6468,85.3248
2024-04-01T21:00,15.5,76,11.3,865.6,4.9,234,Khumaltar,27.6468,85.3248
2024-04-01T22:00,14.8,78,11.0,865.2,6.0,245,Khumaltar,27.6468,85.3248
2024-04-01T23:00,14.7,75,10.3,864.8,5.5,247,Khumaltar,27.6468,85.3248
2024-04-02T00:00,15.6,68,9.6,864.5,3.6,233,Khumaltar,27.6468,85.3248
2024-04-02T01:00,15.5,67,9.3,863.6,1.6,207,Khumaltar,27.6468,85.3248
2024-04-02T02:00,13.6,75,9.2,861.9,2.5,188,Khumaltar,27.6468,85.3248
2024-04-02T03:00,13.7,73,9.0,861.7,1.8,180,Khumaltar,27.6468,85.3248
2024-04-02T04:00,14.0,71,8.8,861.8,1.4,180,Khumaltar,27.6468,85.3248
2024-04-02T05:00,14.8,66,8.5,862.6,0.4,180,Khumaltar,27.6468,85.3248
2024-04-02T06:00,15.6,76,11.4,864.3,1.1,162,Khumaltar,27.6468,85.3248
2024-04-02T07:00,19.3,68,13.2,866.4,3.8,107,Khumaltar,27.6468,85.3248
2024-04-02T08:00,21.7,56,12.5,867.9,3.3,49,Khumaltar,27.6468,85.3248
2024-04-02T09:00,24.0,43,10.7,868.5,2.8,40,Khumaltar,27.6468,85.3248
2024-04-02T10:00,25.9,35,9.2,868.6,0.5,135,Khumaltar,27.6468,85.3248
2024-04-02T11:00,27.3,30,8.1,868.4,5.2,258,Khumaltar,27.6468,85.3248
2024-04-02T12:00,27.8,29,8.2,867.5,10.4,268,Khumaltar,27.6468,85.3248
2024-04-02T13:00,27.2,30,8.0,866.9,14.9,262,Khumaltar,27.6468,85.3248
2024-04-02T14:00,26.3,33,8.9,866.4,13.2,253,Khumaltar,27.6468,85.3248
2024-04-02T15:00,25.4,37,9.7,865.9,12.1,253,Khumaltar,27.6468,85.3248
2024-04-02T16:00,23.9,45,11.1,865.9,9.3,254,Khumaltar,27.6468,85.3248
2024-04-02T17:00,21.3,61,13.4,865.3,4.0,260,Khumaltar,27.6468,85.3248
2024-04-02T18:00,18.5,67,12.4,865.5,5.1,219,Khumaltar,27.6468,85.3248
2024-04-02T19:00,17.3,70,11.7,866.1,5.5,203,Khumaltar,27.6468,85.3248
2024-04-02T20:00,15.9,76,11.7,866.2,3.8,221,Khumaltar,27.6468,85.3248
2024-04-02T21:00,15.1,80,11.7,866.4,4.6,231,Khumaltar,27.6468,85.3248
2024-04-02T22:00,16.2,73,11.4,867.0,5.2,236,Khumaltar,27.6468,85.3248
2024-04-02T23:00,15.8,75,11.3,866.3,2.6,214,Khumaltar,27.6468,85.3248
2024-04-03T00:00,15.3,76,11.1,865.5,1.6,207,Khumaltar,27.6468,85.3248
2024-04-03T01:00,15.7,73,10.9,865.3,1.9,202,Khumaltar,27.6468,85.3248
2024-04-03T02:00,17.7,64,10.7,866.0,0.7,180,Khumaltar,27.6468,85.3248
2024-04-03T03:00,17.6,63,10.4,865.7,2.3,162,Khumaltar,27.6468,85.3248
2024-04-03T04:00,14.7,75,10.3,864.4,4.4,145,Khumaltar,27.6468,85.3248
2024-04-03T05:00,12.7,84,10.0,863.6,3.8,163,Khumaltar,27.6468,85.3248
2024-04-03T06:00,15.2,77,11.1,865.6,1.8,169,Khumaltar,27.6468,85.3248
2024-04-03T07:00,19.1,73,14.2,868.2,1.3,56,Khumaltar,27.6468,85.3248
2024-04-03T08:00,22.5,53,12.3,870.1,1.6,27,Khumaltar,27.6468,85.3248
2024-04-03T09:00,24.5,42,10.6,870.6,1.5,315,Khumaltar,27.6468,85.3248
2024-04-03T10:00,25.9,37,10.1,870.8,5.5,259,Khumaltar,27.6468,85.3248
2024-04-03T11:00,26.8,35,10.1,870.6,9.1,263,Khumaltar,27.6468,85.3248
2024-04-03T12:00,27.1,33,9.5,870.2,12.4,280,Khumaltar,27.6468,85.3248
2024-04-03T13:00,26.9,31,8.3,869.4,13.6,282,Khumaltar,27.6468,85.3248
2024-04-03T14:00,26.5,30,7.4,868.6,13.0,273,Khumaltar,27.6468,85.3248
2024-04-03T15:00,25.6,32,7.7,868.0,11.7,261,Khumaltar,27.6468,85.3248
2024-04-03T16:00,24.1,43,10.7,867.8,10.6,246,Khumaltar,27.6468,85.3248
2024-04-03T17:00,21.7,60,13.6,867.6,5.3,242,Khumaltar,27.6468,85.3248
2024-04-03T18:00,19.0,60,11.0,867.8,6.7,216,Khumaltar,27.6468,85.3248
2024-04-03T19:00,17.2,60,9.5,867.8,5.4,200,Khumaltar,27.6468,85.3248
2024-04-03T20:00,16.1,60,8.3,867.7,5.5,203,Khumaltar,27.6468,85.3248
2024-04-03T21:00,15.0,65,8.4,867.4,2.3,198,Khumaltar,27.6468,85.3248
2024-04-03T22:00,14.7,66,8.4,867.1,0.8,207,Khumaltar,27.6468,85.3248
2024-04-03T23:00,14.7,68,8.8,866.6,2.2,180,Khumaltar,27.6468,85.3248
2024-04-04T00:00,14.9,66,8.6,866.3,3.3,186,Khumaltar,27.6468,85.3248
2024-04-04T01:00,14.7,66,8.4,865.7,4.5,194,Khumaltar,27.6468,85.3248
2024-04-04T02:00,15.4,61,7.8,865.8,1.8,180,Khumaltar,27.6468,85.3248
2024-04-04T03:00,17.5,49,6.6,866.6,2.4,153,Khumaltar,27.6468,85.3248
2024-04-04T04:00,16.3,55,7.3,866.1,3.6,143,Khumaltar,27.6468,85.3248
2024-04-04T05:00,14.5,64,7.8,865.3,3.4,148,Khumaltar,27.6468,85.3248
2024-04-04T06:00,16.1,72,11.1,867.1,1.1,180,Khumaltar,27.6468,85.3248
2024-04-04T07:00,20.1,64,13.1,869.7,1.8,90,Khumaltar,27.6468,85.3248
2024-04-04T08:00,23.4,47,11.4,871.4,3.6,45,Khumaltar,27.6468,85.3248
2024-04-04T09:00,25.2,33,7.6,871.9,5.4,318,Khumaltar,27.6468,85.3248
2024-04-04T10:00,26.6,27,6.0,871.7,11.8,293,Khumaltar,27.6468,85.3248
2024-04-04T11:00,27.3,25,5.7,871.2,15.3,294,Khumaltar,27.6468,85.3248
2024-04-04T12:00,27.4,25,5.7,870.7,16.3,295,Khumaltar,27.6468,85.3248
2024-04-04T13:00,27.4,26,6.4,869.8,13.4,290,Khumaltar,27.6468,85.3248
2024-04-04T14:00,27.3,28,7.0,869.1,13.8,285,Khumaltar,27.6468,85.3248
2024-04-04T15:00,26.6,29,7.3,868.4,15.8,287,Khumaltar,27.6468,85.3248
2024-04-04T16:00,24.8,32,7.2,868.2,15.5,282,Khumaltar,27.6468,85.3248
2024-04-04T17:00,22.8,39,8.1,868.2,8.4,277,Khumaltar,27.6468,85.3248
2024-04-04T18:00,19.1,53,9.3,867.7,4.8,222,Khumaltar,27.6468,85.3248
2024-04-04T19:00,18.6,53,8.9,868.4,4.5,209,Khumaltar,27.6468,85.3248
2024-04-04T20:00,17.0,65,10.4,868.2,2.3,198,Khumaltar,27.6468,85.3248
2024-04-04T21:00,20.0,46,8.1,869.7,2.6,164,Khumaltar,27.6468,85.3248
2024-04-04T22:00,21.1,42,7.5,870.1,5.7,125,Khumaltar,27.6468,85.3248
2024-04-04T23:00,21.1,42,7.6,869.4,5.4,127,Khumaltar,27.6468,85.3248
2024-04-05T00:00,16.7,63,9.6,866.6,4.5,151,Khumaltar,27.6468,85.3248
2024-04-05T01:00,16.7,62,9.3,866.2,4.5,166,Khumaltar,27.6468,85.3248
2024-04-05T02:00,16.4,61,8.9,865.2,3.8,163,Khumaltar,27.6468,85.3248
2024-04-05T03:00,14.6,67,8.4,864.2,4.7,171,Khumaltar,27.6468,85.3248
2024-04-05T04:00,14.3,67,8.2,864.0,4.0,175,Khumaltar,27.6468,85.3248
2024-04-05T05:00,14.4,66,8.1,864.5,2.9,173,Khumaltar,27.6468,85.3248
2024-04-05T06:00,15.5,66,9.1,865.8,3.7,191,Khumaltar,27.6468,85.3248
2024-04-05T07:00,20.5,64,13.3,868.3,0.8,117,Khumaltar,27.6468,85.3248
2024-04-05T08:00,24.0,37,8.6,870.4,1.1,270,Khumaltar,27.6468,85.3248
2024-04-05T09:00,25.6,31,7.1,870.7,3.3,276,Khumaltar,27.6468,85.3248
2024-04-05T10:00,26.2,29,6.9,870.4,2.2,261,Khumaltar,27.6468,85.3248
2024-04-05T11:00,27.4,28,7.4,870.3,7.4,256,Khumaltar,27.6468,85.3248
2024-04-05T12:00,27.5,27,6.7,869.5,13.4,256,Khumaltar,27.6468,85.3248
2024-04-05T13:00,26.8,29,7.2,868.7,15.0,253,Khumaltar,27.6468,85.3248
2024-04-05T14:00,26.3,31,7.7,867.9,14.9,250,Khumaltar,27.6468,85.3248
2024-04-05T15:00,25.5,32,7.8,867.4,13.7,247,Khumaltar,27.6468,85.3248
2024-04-05T16:00,24.4,34,7.4,867.2,10.4,256,Khumaltar,27.6468,85.3248
2024-04-05T17:00,22.2,46,10.1,866.9,5.9,256,Khumaltar,27.6468,85.3248
2024-04-05T18:00,19.3,55,10.0,866.8,5.1,219,Khumaltar,27.6468,85.3248
2024-04-05T19:00,18.5,57,9.8,867.2,5.7,235,Khumaltar,27.6468,85.3248
2024-04-05T20:00,18.2,62,10.8,868.0,8.3,304,Khumaltar,27.6468,85.3248
2024-04-05T21:00,17.0,66,10.5,868.1,8.9,40,Khumaltar,27.6468,85.3248
2024-04-05T22:00,16.1,67,10.0,867.4,7.9,90,Khumaltar,27.6468,85.3248
2024-04-05T23:00,16.0,67,10.0,867.0,5.2,146,Khumaltar,27.6468,85.3248
2024-04-06T00:00,15.0,73,10.2,866.0,4.7,184,Khumaltar,27.6468,85.3248
2024-04-06T01:00,15.7,72,10.6,865.8,2.7,203,Khumaltar,27.6468,85.3248
2024-04-06T02:00,17.5,60,9.7,866.3,1.6,207,Khumaltar,27.6468,85.3248
2024-04-06T03:00,18.4,54,9.0,866.5,1.5,194,Khumaltar,27.6468,85.3248
2024-04-06T04:00,18.6,52,8.4,866.6,1.9,158,Khumaltar,27.6468,85.3248
2024-04-06T05:00,18.1,53,8.5,866.9,3.8,139,Khumaltar,27.6468,85.3248
2024-04-06T06:00,16.9,71,11.7,867.2,1.1,198,Khumaltar,27.6468,85.3248
2024-04-06T07:00,20.5,63,13.2,869.5,2.1,121,Khumaltar,27.6468,85.3248
2024-04-06T08:00,23.3,38,8.1,871.1,2.9,30,Khumaltar,27.6468,85.3248
2024-04-06T09:00,25.1,27,4.9,871.3,6.1,315,Khumaltar,27.6468,85.3248
2024-04-06T10:00,26.1,28,6.0,871.4,7.9,270,Khumaltar,27.6468,85.3248
2024-04-06T11:00,27.0,25,5.6,870.8,8.6,272,Khumaltar,27.6468,85.3248
2024-04-06T12:00,27.2,24,4.9,869.6,11.5,272,Khumaltar,27.6468,85.3248
2024-04-06T13:00,27.2,24,4.6,868.8,15.1,273,Khumaltar,27.6468,85.3248
2024-04-06T14:00,26.5,25,4.6,868.3,17.7,275,Khumaltar,27.6468,85.3248
2024-04-06T15:00,25.2,26,4.1,867.7,16.2,273,Khumaltar,27.6468,85.3248
2024-04-06T16:00,24.1,30,5.3,867.9,14.1,274,Khumaltar,27.6468,85.3248
2024-04-06T17:00,22.4,38,7.3,867.8,10.7,290,Khumaltar,27.6468,85.3248
2024-04-06T18:00,19.2,50,8.5,867.3,5.4,270,Khumaltar,27.6468,85.3248
2024-04-06T19:00,17.6,62,10.2,867.4,8.3,288,Khumaltar,27.6468,85.3248
2024-04-06T20:00,19.0,45,6.9,868.7,5.4,266,Khumaltar,27.6468,85.3248
2024-04-06T21:00,18.9,45,6.6,869.1,4.5,241,Khumaltar,27.6468,85.3248
2024-04-06T22:00,16.7,54,7.4,867.7,2.6,214,Khumaltar,27.6468,85.3248
2024-04-06T23:00,14.9,62,7.7,866.5,2.7,203,Khumaltar,27.6468,85.3248
2024-04-07T00:00,15.8,55,6.7,866.4,1.9,202,Khumaltar,27.6468,85.3248
2024-04-07T01:00,18.3,42,5.2,867.0,1.9,158,Khumaltar,27.6468,85.3248
2024-04-07T02:00,17.9,42,4.7,866.4,5.2,115,Khumaltar,27.6468,85.3248
2024-04-07T03:00,17.8,41,4.2,866.3,3.6,135,Khumaltar,27.6468,85.3248
2024-04-07T04:00,17.8,41,4.2,866.3,2.4,153,Khumaltar,27.6468,85.3248
2024-04-07T05:00,17.4,42,4.3,866.6,2.8,140,Khumaltar,27.6468,85.3248
2024-04-07T06:00,15.8,65,9.3,866.7,1.5,166,Khumaltar,27.6468,85.3248
2024-04-07T07:00,20.1,62,12.6,869.5,1.0,45,Khumaltar,27.6468,85.3248
2024-04-07T08:00,23.0,43,9.6,871.3,2.6,56,Khumaltar,27.6468,85.3248
2024-04-07T09:00,24.8,28,5.1,871.4,1.8,217,Khumaltar,27.6468,85.3248
2024-04-07T10:00,25.4,26,4.4,871.5,8.7,228,Khumaltar,27.6468,85.3248
2024-04-07T11:00,25.9,26,5.1,870.8,11.0,221,Khumaltar,27.6468,85.3248
2024-04-07T12:00,26.0,27,5.4,870.2,13.2,227,Khumaltar,27.6468,85.3248
2024-04-07T13:00,25.4,29,6.1,869.7,15.3,229,Khumaltar,27.6468,85.3248
2024-04-07T14:00,24.8,29,5.8,868.9,15.0,228,Khumaltar,27.6468,85.3248
2024-04-07T15:00,24.5,29,5.2,868.4,11.6,240,Khumaltar,27.6468,85.3248
2024-04-07T16:00,24.0,31,5.7,868.0,7.2,264,Khumaltar,27.6468,85.3248
2024-04-07T17:00,21.8,45,9.5,867.7,4.5,299,Khumaltar,27.6468,85.3248
2024-04-07T18:00,20.5,38,5.5,867.1,7.3,281,Khumaltar,27.6468,85.3248
2024-04-07T19:00,17.8,54,8.3,867.2,7.9,330,Khumaltar,27.6468,85.3248
2024-04-07T20:00,19.4,41,5.8,869.2,5.5,101,Khumaltar,27.6468,85.3248
2024-04-07T21:00,16.5,59,8.4,868.7,4.0,153,Khumaltar,27.6468,85.3248
2024-04-07T22:00,14.9,65,8.5,867.8,2.9,180,Khumaltar,27.6468,85.3248
2024-04-07T23:00,14.0,66,7.8,867.1,4.7,157,Khumaltar,27.6468,85.3248
2024-04-08T00:00,13.8,65,7.4,867.0,5.7,145,Khumaltar,27.6468,85.3248
2024-04-08T01:00,13.0,69,7.3,866.2,4.8,167,Khumaltar,27.6468,85.3248
2024-04-08T02:00,12.7,68,7.1,865.4,4.5,166,Khumaltar,27.6468,85.3248
2024-04-08T03:00,12.5,68,6.7,865.2,4.6,162,Khumaltar,27.6468,85.3248
2024-04-08T04:00,12.2,67,6.2,865.1,4.5,151,Khumaltar,27.6468,85.3248
2024-04-08T05:00,11.8,64,5.3,865.5,5.5,157,Khumaltar,27.6468,85.3248
2024-04-08T06:00,15.0,59,7.0,867.3,3.1,159,Khumaltar,27.6468,85.3248
2024-04-08T07:00,19.6,52,9.4,870.3,3.4,162,Khumaltar,27.6468,85.3248
2024-04-08T08:00,23.0,27,2.9,872.3,1.1,162,Khumaltar,27.6468,85.3248
2024-04-08T09:00,24.6,19,-0.4,872.8,1.5,166,Khumaltar,27.6468,85.3248
2024-04-08T10:00,25.7,18,-0.5,873.0,4.4,189,Khumaltar,27.6468,85.3248
2024-04-08T11:00,26.4,17,-0.7,872.9,8.9,194,Khumaltar,27.6468,85.3248
2024-04-08T12:00,26.4,18,0.0,872.1,12.2,204,Khumaltar,27.6468,85.3248
2024-04-08T13:00,26.2,19,0.5,871.4,13.6,212,Khumaltar,27.6468,85.3248
2024-04-08T14:00,26.0,19,0.8,870.7,13.3,218,Khumaltar,27.6468,85.3248
2024-04-08T15:00,25.4,21,1.2,870.2,12.7,223,Khumaltar,27.6468,85.3248
2024-04-08T16:00,23.9,21,0.5,869.9,13.6,220,Khumaltar,27.6468,85.3248
2024-04-08T17:00,21.5,27,1.8,869.9,9.3,216,Khumaltar,27.6468,85.3248
2024-04-08T18:00,18.4,35,2.8,869.5,6.4,207,Khumaltar,27.6468,85.3248
2024-04-08T19:00,16.5,40,2.8,869.4,6.3,193,Khumaltar,27.6468,85.3248
2024-04-08T20:00,14.9,46,3.4,869.8,5.3,208,Khumaltar,27.6468,85.3248
2024-04-08T21:00,13.9,50,3.7,869.6,4.2,200,Khumaltar,27.6468,85.3248
2024-04-08T22:00,13.5,53,4.0,869.0,3.4,198,Khumaltar,27.6468,85.3248
2024-04-08T23:00,18.1,31,0.7,870.8,3.2,207,Khumaltar,27.6468,85.3248
2024-04-09T00:00,20.0,26,0.1,871.2,2.4,27,Khumaltar,27.6468,85.3248
2024-04-09T01:00,20.1,27,0.8,870.6,3.2,180,Khumaltar,27.6468,85.3248
2024-04-09T02:00,19.0,30,1.0,869.8,3.0,166,Khumaltar,27.6468,85.3248
2024-04-09T03:00,18.2,32,1.1,869.1,3.2,153,Khumaltar,27.6468,85.3248
2024-04-09T04:00,17.5,33,1.2,868.9,1.4,180,Khumaltar,27.6468,85.3248
2024-04-09T05:00,12.0,51,2.1,867.0,5.9,191,Khumaltar,27.6468,85.3248
2024-04-09T06:00,14.9,52,5.3,869.2,1.1,180,Khumaltar,27.6468,85.3248
2024-04-09T07:00,19.4,49,8.3,872.0,2.4,207,Khumaltar,27.6468,85.3248
2024-04-09T08:00,22.1,32,4.6,873.7,1.1,342,Khumaltar,27.6468,85.3248
2024-04-09T09:00,23.6,27,3.4,874.1,2.7,293,Khumaltar,27.6468,85.3248
2024-04-09T10:00,24.7,23,2.3,874.2,4.5,284,Khumaltar,27.6468,85.3248
2024-04-09T11:00,25.2,23,2.5,874.0,7.2,267,Khumaltar,27.6468,85.3248
2024-04-09T12:00,26.0,23,3.2,873.6,10.8,268,Khumaltar,27.6468,85.3248
2024-04-09T13:00,24.4,32,6.4,872.9,12.3,265,Khumaltar,27.6468,85.3248
2024-04-09T14:00,24.8,29,5.7,872.1,8.2,221,Khumaltar,27.6468,85.3248
2024-04-09T15:00,22.9,34,6.2,871.6,13.0,242,Khumaltar,27.6468,85.3248
2024-04-09T16:00,23.2,29,4.2,870.9,8.8,235,Khumaltar,27.6468,85.3248
2024-04-09T17:00,21.7,34,5.1,870.6,6.7,254,Khumaltar,27.6468,85.3248
2024-04-09T18:00,18.9,39,4.6,870.4,6.1,220,Khumaltar,27.6468,85.3248
2024-04-09T19:00,16.9,46,5.2,870.1,4.3,204,Khumaltar,27.6468,85.3248
2024-04-09T20:00,15.1,53,5.5,869.8,4.2,200,Khumaltar,27.6468,85.3248
2024-04-09T21:00,15.8,48,5.0,870.2,2.4,207,Khumaltar,27.6468,85.3248
2024-04-09T22:00,16.8,39,2.6,870.7,4.4,235,Khumaltar,27.6468,85.3248
2024-04-09T23:00,15.4,44,3.2,870.0,5.1,231,Khumaltar,27.6468,85.3248
2024-04-10T00:00,16.7,36,1.6,870.3,5.0,240,Khumaltar,27.6468,85.3248
2024-04-10T01:00,18.6,27,-0.7,870.9,3.3,221,Khumaltar,27.6468,85.3248
2024-04-10T02:00,18.2,27,-1.1,870.2,1.1,180,Khumaltar,27.6468,85.3248
2024-04-10T03:00,16.4,32,-0.3,869.1,5.9,128,Khumaltar,27.6468,85.3248
2024-04-10T04:00,17.3,28,-1.3,870.1,6.9,118,Khumaltar,27.6468,85.3248
2024-04-10T05:00,14.2,39,0.5,869.3,3.0,166,Khumaltar,27.6468,85.3248
2024-04-10T06:00,15.2,62,7.9,871.6,5.6,117,Khumaltar,27.6468,85.3248
2024-04-10T07:00,18.9,46,7.0,873.9,1.8,90,Khumaltar,27.6468,85.3248
2024-04-10T08:00,22.0,32,4.8,875.4,3.3,49,Khumaltar,27.6468,85.3248
2024-04-10T09:00,24.0,22,0.8,875.5,10.5,319,Khumaltar,27.6468,85.3248
2024-04-10T10:00,24.7,19,-0.3,875.2,18.0,307,Khumaltar,27.6468,85.3248
2024-04-10T11:00,25.0,20,0.4,874.7,17.7,299,Khumaltar,27.6468,85.3248
2024-04-10T12:00,25.5,20,0.7,874.1,15.3,297,Khumaltar,27.6468,85.3248
2024-04-10T13:00,25.7,20,1.2,873.2,14.5,305,Khumaltar,27.6468,85.3248
2024-04-10T14:00,25.7,21,1.7,872.3,13.8,309,Khumaltar,27.6468,85.3248
2024-04-10T15:00,25.0,21,1.3,871.3,12.3,308,Khumaltar,27.6468,85.3248
2024-04-10T16:00,24.1,22,1.2,870.9,9.9,303,Khumaltar,27.6468,85.3248
2024-04-10T17:00,21.8,29,2.8,870.3,7.4,309,Khumaltar,27.6468,85.3248
2024-04-10T18:00,19.2,34,2.8,870.1,7.1,300,Khumaltar,27.6468,85.3248
2024-04-10T19:00,18.3,36,2.9,870.5,6.7,286,Khumaltar,27.6468,85.3248
2024-04-10T20:00,16.9,43,4.3,870.5,9.0,272,Khumaltar,27.6468,85.3248
2024-04-10T21:00,20.9,27,1.3,873.0,5.9,281,Khumaltar,27.6468,85.3248
2024-04-10T22:00,20.7,27,1.2,873.4,1.8,217,Khumaltar,27.6468,85.3248
2024-04-10T23:00,15.7,45,3.9,871.1,3.9,202,Khumaltar,27.6468,85.3248
2024-04-11T00:00,14.4,50,4.1,870.2,2.7,203,Khumaltar,27.6468,85.3248
2024-04-11T01:00,14.4,49,3.7,870.1,1.5,194,Khumaltar,27.6468,85.3248
2024-04-11T02:00,18.1,33,1.5,871.5,1.8,180,Khumaltar,27.6468,85.3248
2024-04-11T03:00,18.2,33,1.4,871.2,3.4,162,Khumaltar,27.6468,85.3248
2024-04-11T04:00,18.2,32,1.4,871.4,0.0,270,Khumaltar,27.6468,85.3248
2024-04-11T05:00,18.1,32,1.3,871.7,0.7,180,Khumaltar,27.6468,85.3248
2024-04-11T06:00,16.4,58,8.2,872.2,1.4,180,Khumaltar,27.6468,85.3248
2024-04-11T07:00,20.4,53,10.6,874.7,0.8,27,Khumaltar,27.6468,85.3248
2024-04-11T08:00,22.6,36,6.8,876.2,2.4,333,Khumaltar,27.6468,85.3248
2024-04-11T09:00,23.7,29,4.7,876.5,7.1,285,Khumaltar,27.6468,85.3248
2024-04-11T10:00,24.4,28,4.6,876.4,8.4,263,Khumaltar,27.6468,85.3248
2024-04-11T11:00,25.2,28,5.2,875.8,9.6,257,Khumaltar,27.6468,85.3248
2024-04-11T12:00,25.7,28,5.7,875.2,9.1,252,Khumaltar,27.6468,85.3248
2024-04-11T13:00,24.5,31,6.2,874.2,14.0,252,Khumaltar,27.6468,85.3248
2024-04-11T14:00,22.2,38,7.3,873.8,6.3,239,Khumaltar,27.6468,85.3248
2024-04-11T15:00,24.3,31,5.9,872.9,11.3,263,Khumaltar,27.6468,85.3248
2024-04-11T16:00,20.1,51,9.7,872.9,8.2,218,Khumaltar,27.6468,85.3248
2024-04-11T17:00,19.1,52,9.1,871.9,4.7,203,Khumaltar,27.6468,85.3248
2024-04-11T18:00,18.0,61,10.4,871.8,5.3,208,Khumaltar,27.6468,85.3248
2024-04-11T19:00,18.2,54,8.8,872.0,2.2,180,Khumaltar,27.6468,85.3248
2024-04-11T20:00,17.5,55,8.2,872.4,2.2,189,Khumaltar,27.6468,85.3248
2024-04-11T21:00,14.6,69,9.0,871.3,3.3,193,Khumaltar,27.6468,85.3248
2024-04-11T22:00,13.9,70,8.6,870.9,1.1,198,Khumaltar,27.6468,85.3248
2024-04-11T23:00,13.3,71,8.1,870.2,1.1,198,Khumaltar,27.6468,85.3248
2024-04-12T00:00,12.8,71,7.7,869.4,1.4,180,Khumaltar,27.6468,85.3248
2024-04-12T01:00,13.3,68,7.4,869.3,2.2,171,Khumaltar,27.6468,85.3248
2024-04-12T02:00,15.2,57,6.8,869.8,3.7,169,Khumaltar,27.6468,85.3248
2024-04-12T03:00,13.0,69,7.4,868.4,2.5,172,Khumaltar,27.6468,85.3248
2024-04-12T04:00,12.7,69,7.1,868.3,3.3,174,Khumaltar,27.6468,85.3248
2024-04-12T05:00,12.4,70,7.0,868.5,3.3,186,Khumaltar,27.6468,85.3248
2024-04-12T06:00,14.8,73,10.0,871.0,2.2,180,Khumaltar,27.6468,85.3248
2024-04-12T07:00,19.7,61,12.0,873.9,1.9,22,Khumaltar,27.6468,85.3248
2024-04-12T08:00,21.9,43,8.8,875.2,4.7,356,Khumaltar,27.6468,85.3248
2024-04-12T09:00,23.3,36,7.2,875.1,6.9,317,Khumaltar,27.6468,85.3248
2024-04-12T10:00,24.4,32,6.4,874.9,11.1,295,Khumaltar,27.6468,85.3248
2024-04-12T11:00,25.0,31,6.5,874.4,15.0,291,Khumaltar,27.6468,85.3248
2024-04-12T12:00,25.2,31,6.7,873.7,14.6,280,Khumaltar,27.6468,85.3248
2024-04-12T13:00,24.7,33,7.3,873.0,14.1,267,Khumaltar,27.6468,85.3248
2024-04-12T14:00,23.4,41,9.4,872.3,14.6,260,Khumaltar,27.6468,85.3248
2024-04-12T15:00,23.2,42,9.6,871.6,12.0,261,Khumaltar,27.6468,85.3248
2024-04-12T16:00,23.1,42,9.4,871.3,8.7,263,Khumaltar,27.6468,85.3248
2024-04-12T17:00,21.7,48,10.2,871.0,5.1,274,Khumaltar,27.6468,85.3248
2024-04-12T18:00,18.5,57,10.0,870.7,4.8,228,Khumaltar,27.6468,85.3248
2024-04-12T19:00,17.7,59,9.7,871.0,5.6,225,Khumaltar,27.6468,85.3248
2024-04-12T20:00,16.3,67,10.2,871.2,4.3,222,Khumaltar,27.6468,85.3248
2024-04-12T21:00,15.1,74,10.4,871.0,4.6,219,Khumaltar,27.6468,85.3248
2024-04-12T22:00,14.3,75,9.9,870.5,2.7,203,Khumaltar,27.6468,85.3248
2024-04-12T23:00,15.2,67,9.1,870.7,1.9,202,Khumaltar,27.6468,85.3248
2024-04-13T00:00,16.5,58,8.1,870.6,1.5,194,Khumaltar,27.6468,85.3248
2024-04-13T01:00,14.4,67,8.4,869.4,1.9,202,Khumaltar,27.6468,85.3248
2024-04-13T02:00,14.3,67,8.3,869.2,2.6,196,Khumaltar,27.6468,85.3248
2024-04-13T03:00,18.4,49,7.5,871.0,1.8,191,Khumaltar,27.6468,85.3248
2024-04-13T04:00,18.4,49,7.5,871.6,0.7,180,Khumaltar,27.6468,85.3248
2024-04-13T05:00,18.2,50,7.5,871.9,1.1,162,Khumaltar,27.6468,85.3248
2024-04-13T06:00,16.6,67,10.4,872.5,1.8,169,Khumaltar,27.6468,85.3248
2024-04-13T07:00,20.0,59,11.6,874.6,2.9,210,Khumaltar,27.6468,85.3248
2024-04-13T08:00,22.4,46,10.2,875.6,2.4,333,Khumaltar,27.6468,85.3248
2024-04-13T09:00,23.8,39,8.8,876.0,8.4,313,Khumaltar,27.6468,85.3248
2024-04-13T10:00,24.6,36,8.6,875.8,12.3,308,Khumaltar,27.6468,85.3248
2024-04-13T11:00,25.2,33,7.9,875.0,14.5,305,Khumaltar,27.6468,85.3248
2024-04-13T12:00,25.8,31,7.6,874.1,12.9,300,Khumaltar,27.6468,85.3248
2024-04-13T13:00,26.5,30,7.6,873.0,11.0,293,Khumaltar,27.6468,85.3248
2024-04-13T14:00,24.9,36,8.9,872.1,10.9,262,Khumaltar,27.6468,85.3248
2024-04-13T15:00,24.1,39,9.1,871.5,9.6,236,Khumaltar,27.6468,85.3248
2024-04-13T16:00,24.1,36,8.3,871.1,8.0,252,Khumaltar,27.6468,85.3248
2024-04-13T17:00,22.9,41,9.1,870.9,4.9,306,Khumaltar,27.6468,85.3248
2024-04-13T18:00,20.3,46,8.3,871.1,6.3,294,Khumaltar,27.6468,85.3248
2024-04-13T19:00,19.3,51,8.8,871.6,6.2,291,Khumaltar,27.6468,85.3248
2024-04-13T20:00,20.3,47,8.6,872.8,5.1,266,Khumaltar,27.6468,85.3248
2024-04-13T21:00,17.6,60,9.8,872.2,2.6,196,Khumaltar,27.6468,85.3248
2024-04-13T22:00,16.2,65,9.7,871.9,4.8,193,Khumaltar,27.6468,85.3248
2024-04-13T23:00,17.4,57,8.9,872.3,2.5,172,Khumaltar,27.6468,85.3248
2024-04-14T00:00,17.4,56,8.6,872.0,3.5,156,Khumaltar,27.6468,85.3248
2024-04-14T01:00,15.4,66,9.0,870.7,3.3,167,Khumaltar,27.6468,85.3248
2024-04-14T02:00,14.5,70,9.1,870.0,3.7,191,Khumaltar,27.6468,85.3248
2024-04-14T03:00,16.7,59,8.7,870.9,1.5,194,Khumaltar,27.6468,85.3248
2024-04-14T04:00,18.5,53,8.8,872.0,1.5,194,Khumaltar,27.6468,85.3248
2024-04-14T05:00,18.7,53,8.9,872.2,2.9,150,Khumaltar,27.6468,85.3248
2024-04-14T06:00,16.7,68,10.9,872.4,2.2,189,Khumaltar,27.6468,85.3248
2024-04-14T07:00,20.7,62,13.2,874.6,0.7,360,Khumaltar,27.6468,85.3248
2024-04-14T08:00,23.2,44,10.3,875.8,3.7,331,Khumaltar,27.6468,85.3248
2024-04-14T09:00,24.8,36,8.8,876.0,6.9,298,Khumaltar,27.6468,85.3248
2024-04-14T10:00,26.3,31,8.0,875.8,9.8,287,Khumaltar,27.6468,85.3248
2024-04-14T11:00,27.1,30,7.8,875.5,14.1,283,Khumaltar,27.6468,85.3248
2024-04-14T12:00,26.8,30,8.0,874.8,14.7,281,Khumaltar,27.6468,85.3248
2024-04-14T13:00,27.0,31,8.3,873.8,13.7,293,Khumaltar,27.6468,85.3248
2024-04-14T14:00,26.6,31,8.3,873.0,13.0,289,Khumaltar,27.6468,85.3248
2024-04-14T15:00,26.2,31,7.5,871.9,12.1,297,Khumaltar,27.6468,85.3248
2024-04-14T16:00,25.5,32,7.6,871.5,12.7,315,Khumaltar,27.6468,85.3248
2024-04-14T17:00,23.8,37,8.4,871.3,10.2,312,Khumaltar,27.6468,85.3248
2024-04-14T18:00,21.6,42,8.3,871.4,6.6,292,Khumaltar,27.6468,85.3248
2024-04-14T19:00,18.9,56,9.8,871.0,6.6,257,Khumaltar,27.6468,85.3248
2024-04-14T20:00,17.9,58,9.4,871.5,5.1,219,Khumaltar,27.6468,85.3248
2024-04-14T21:00,16.7,64,9.9,871.5,5.2,214,Khumaltar,27.6468,85.3248
2024-04-14T22:00,16.2,64,9.4,871.2,4.0,207,Khumaltar,27.6468,85.3248
2024-04-14T23:00,17.4,58,9.0,872.1,4.3,228,Khumaltar,27.6468,85.3248
2024-04-15T00:00,20.8,44,8.2,873.1,2.8,220,Khumaltar,27.6468,85.3248
2024-04-15T01:00,21.7,43,8.4,872.7,2.3,198,Khumaltar,27.6468,85.3248
2024-04-15T02:00,21.0,45,8.5,872.1,2.0,225,Khumaltar,27.6468,85.3248
2024-04-15T03:00,20.2,47,8.6,871.5,2.9,240,Khumaltar,27.6468,85.3248
2024-04-15T04:00,20.1,48,8.6,871.4,2.2,171,Khumaltar,27.6468,85.3248
2024-04-15T05:00,19.5,49,8.6,871.5,2.4,153,Khumaltar,27.6468,85.3248
2024-04-15T06:00,18.9,73,13.9,872.0,0.4,180,Khumaltar,27.6468,85.3248
2024-04-15T07:00,22.2,50,11.4,874.0,0.8,63,Khumaltar,27.6468,85.3248
2024-04-15T08:00,24.0,45,11.4,875.2,3.1,315,Khumaltar,27.6468,85.3248
2024-04-15T09:00,25.7,40,11.2,875.6,9.0,323,Khumaltar,27.6468,85.3248
2024-04-15T10:00,26.7,37,10.7,875.5,12.6,323,Khumaltar,27.6468,85.3248
2024-04-15T11:00,27.4,35,10.4,875.0,14.3,326,Khumaltar,27.6468,85.3248
2024-04-15T12:00,28.1,33,10.2,874.1,13.2,317,Khumaltar,27.6468,85.3248
2024-04-15T13:00,28.2,32,10.1,873.2,13.7,297,Khumaltar,27.6468,85.3248
2024-04-15T14:00,27.8,33,9.9,872.1,13.1,291,Khumaltar,27.6468,85.3248
2024-04-15T15:00,27.5,33,9.7,871.3,13.0,294,Khumaltar,27.6468,85.3248
2024-04-15T16:00,26.3,36,9.8,871.0,13.9,291,Khumaltar,27.6468,85.3248
2024-04-15T17:00,24.8,39,9.9,871.3,11.8,290,Khumaltar,27.6468,85.3248
2024-04-15T18:00,21.4,50,10.7,870.8,5.8,300,Khumaltar,27.6468,85.3248
2024-04-15T19:00,19.8,57,11.0,870.6,4.5,256,Khumaltar,27.6468,85.3248
2024-04-15T20:00,18.8,65,12.0,870.9,7.2,273,Khumaltar,27.6468,85.3248
2024-04-15T21:00,21.2,52,11.0,872.1,4.5,241,Khumaltar,27.6468,85.3248
2024-04-15T22:00,17.7,70,12.2,870.4,3.6,217,Khumaltar,27.6468,85.3248
2024-04-15T23:00,17.2,71,12.0,870.0,2.6,214,Khumaltar,27.6468,85.3248
2024-04-16T00:00,17.7,69,11.8,869.8,2.1,211,Khumaltar,27.6468,85.3248
2024-04-16T01:00,19.6,59,11.4,870.0,1.8,180,Khumaltar,27.6468,85.3248
2024-04-16T02:00,18.9,62,11.4,869.3,2.2,180,Khumaltar,27.6468,85.3248
2024-04-16T03:00,20.2,56,11.2,869.6,3.2,153,Khumaltar,27.6468,85.3248
2024-04-16T04:00,19.9,57,11.2,869.5,5.2,115,Khumaltar,27.6468,85.3248
2024-04-16T05:00,15.9,77,11.8,867.7,6.5,124,Khumaltar,27.6468,85.3248
2024-04-16T06:00,18.3,70,12.6,869.3,2.5,172,Khumaltar,27.6468,85.3248
2024-04-16T07:00,22.6,58,13.8,871.4,1.5,166,Khumaltar,27.6468,85.3248
2024-04-16T08:00,24.8,47,12.8,872.3,0.0,270,Khumaltar,27.6468,85.3248
2024-04-16T09:00,26.1,43,12.4,872.5,1.4,270,Khumaltar,27.6468,85.3248
2024-04-16T10:00,27.3,41,12.7,872.4,1.5,315,Khumaltar,27.6468,85.3248
2024-04-16T11:00,28.6,37,12.6,871.8,5.7,252,Khumaltar,27.6468,85.3248
2024-04-16T12:00,27.2,39,11.9,871.4,15.4,249,Khumaltar,27.6468,85.3248
2024-04-16T13:00,27.8,37,11.8,870.5,11.9,265,Khumaltar,27.6468,85.3248
2024-04-16T14:00,27.6,38,12.1,869.5,11.0,259,Khumaltar,27.6468,85.3248
2024-04-16T15:00,25.4,45,12.7,869.1,8.3,252,Khumaltar,27.6468,85.3248
2024-04-16T16:00,25.7,43,12.1,868.7,10.2,288,Khumaltar,27.6468,85.3248
2024-04-16T17:00,24.2,44,11.1,868.4,10.5,308,Khumaltar,27.6468,85.3248
2024-04-16T18:00,21.5,55,11.9,868.2,6.7,324,Khumaltar,27.6468,85.3248
2024-04-16T19:00,19.8,69,14.0,867.7,5.4,266,Khumaltar,27.6468,85.3248
2024-04-16T20:00,19.2,69,13.4,868.2,2.0,225,Khumaltar,27.6468,85.3248
2024-04-16T21:00,17.9,73,12.9,867.6,4.0,170,Khumaltar,27.6468,85.3248
2024-04-16T22:00,17.4,74,12.6,867.1,4.5,166,Khumaltar,27.6468,85.3248
2024-04-16T23:00,17.0,74,12.2,866.6,5.0,150,Khumaltar,27.6468,85.3248
2024-04-17T00:00,16.9,73,12.0,866.0,3.9,158,Khumaltar,27.6468,85.3248
2024-04-17T01:00,16.5,74,11.7,865.2,5.2,168,Khumaltar,27.6468,85.3248
2024-04-17T02:00,15.6,76,11.4,864.3,4.0,175,Khumaltar,27.6468,85.3248
2024-04-17T03:00,14.9,79,11.3,864.0,3.1,159,Khumaltar,27.6468,85.3248
2024-04-17T04:00,14.3,82,11.2,864.0,2.9,150,Khumaltar,27.6468,85.3248
2024-04-17T05:00,14.1,82,11.2,864.3,3.1,159,Khumaltar,27.6468,85.3248
2024-04-17T06:00,16.5,75,12.0,865.5,4.9,144,Khumaltar,27.6468,85.3248
2024-04-17T07:00,21.4,62,13.9,868.0,3.3,139,Khumaltar,27.6468,85.3248
2024-04-17T08:00,24.3,47,12.2,869.0,2.2,180,Khumaltar,27.6468,85.3248
2024-04-17T09:00,26.1,37,10.4,869.5,3.8,221,Khumaltar,27.6468,85.3248
2024-04-17T10:00,27.0,36,10.7,869.6,7.1,229,Khumaltar,27.6468,85.3248
2024-04-17T11:00,27.4,38,11.8,869.6,11.0,247,Khumaltar,27.6468,85.3248
2024-04-17T12:00,27.2,38,11.6,868.9,13.3,257,Khumaltar,27.6468,85.3248
2024-04-17T13:00,26.4,42,12.6,868.5,14.8,257,Khumaltar,27.6468,85.3248
2024-04-17T14:00,25.6,47,13.4,868.0,13.1,249,Khumaltar,27.6468,85.3248
2024-04-17T15:00,25.6,45,12.7,867.2,11.0,251,Khumaltar,27.6468,85.3248
2024-04-17T16:00,25.6,41,11.5,866.8,10.8,268,Khumaltar,27.6468,85.3248
2024-04-17T17:00,24.2,43,10.8,866.7,8.7,287,Khumaltar,27.6468,85.3248
2024-04-17T18:00,21.1,58,12.4,867.0,5.0,249,Khumaltar,27.6468,85.3248
2024-04-17T19:00,19.5,66,12.9,867.0,4.6,225,Khumaltar,27.6468,85.3248
2024-04-17T20:00,18.1,73,13.1,866.7,4.6,219,Khumaltar,27.6468,85.3248
2024-04-17T21:00,17.5,74,12.8,866.5,3.4,212,Khumaltar,27.6468,85.3248
2024-04-17T22:00,16.9,76,12.6,866.1,1.9,202,Khumaltar,27.6468,85.3248
2024-04-17T23:00,16.7,74,12.0,866.0,1.8,180,Khumaltar,27.6468,85.3248
2024-04-18T00:00,17.2,69,11.5,866.0,3.7,169,Khumaltar,27.6468,85.3248
2024-04-18T01:00,18.0,63,10.9,866.4,5.6,140,Khumaltar,27.6468,85.3248
2024-04-18T02:00,16.7,69,10.9,865.4,5.1,141,Khumaltar,27.6468,85.3248
2024-04-18T03:00,15.6,74,10.9,864.7,3.5,156,Khumaltar,27.6468,85.3248
2024-04-18T04:00,15.0,76,10.9,864.4,3.4,162,Khumaltar,27.6468,85.3248
2024-04-18T05:00,15.0,76,10.9,864.9,3.4,162,Khumaltar,27.6468,85.3248
2024-04-18T06:00,18.3,68,12.4,867.0,3.7,191,Khumaltar,27.6468,85.3248
2024-04-18T07:00,22.3,56,13.1,869.2,2.5,188,Khumaltar,27.6468,85.3248
2024-04-18T08:00,24.6,44,11.6,869.7,4.0,190,Khumaltar,27.6468,85.3248
2024-04-18T09:00,25.9,39,10.8,869.9,7.7,191,Khumaltar,27.6468,85.3248
2024-04-18T10:00,26.7,36,10.6,869.7,10.1,197,Khumaltar,27.6468,85.3248
2024-04-18T11:00,27.5,36,10.9,869.4,12.3,201,Khumaltar,27.6468,85.3248
2024-04-18T12:00,27.2,42,13.1,868.5,12.6,193,Khumaltar,27.6468,85.3248
2024-04-18T13:00,26.5,47,14.3,867.8,10.9,207,Khumaltar,27.6468,85.3248
2024-04-18T14:00,25.4,54,15.4,867.1,10.9,214,Khumaltar,27.6468,85.3248
2024-04-18T15:00,24.8,56,15.5,866.4,8.9,230,Khumaltar,27.6468,85.3248
2024-04-18T16:00,24.4,54,14.5,865.9,8.7,265,Khumaltar,27.6468,85.3248
2024-04-18T17:00,23.7,54,13.9,866.0,8.1,283,Khumaltar,27.6468,85.3248
2024-04-18T18:00,20.7,68,14.6,865.8,3.9,248,Khumaltar,27.6468,85.3248
2024-04-18T19:00,19.3,78,15.4,865.8,3.4,238,Khumaltar,27.6468,85.3248
2024-04-18T20:00,18.5,84,15.7,866.1,4.2,239,Khumaltar,27.6468,85.3248
2024-04-18T21:00,18.1,86,15.6,866.3,3.7,241,Khumaltar,27.6468,85.3248
2024-04-18T22:00,18.2,83,15.3,866.4,3.3,221,Khumaltar,27.6468,85.3248
2024-04-18T23:00,16.8,87,14.7,865.2,0.5,225,Khumaltar,27.6468,85.3248
2024-04-19T00:00,16.1,88,14.1,864.1,2.1,211,Khumaltar,27.6468,85.3248
2024-04-19T01:00,15.7,87,13.6,863.3,1.6,207,Khumaltar,27.6468,85.3248
2024-04-19T02:00,15.3,87,13.2,862.9,1.9,202,Khumaltar,27.6468,85.3248
2024-04-19T03:00,14.8,87,12.7,862.2,2.2,189,Khumaltar,27.6468,85.3248
2024-04-19T04:00,15.1,84,12.5,862.3,1.1,198,Khumaltar,27.6468,85.3248
2024-04-19T05:00,16.5,76,12.3,863.3,0.4,180,Khumaltar,27.6468,85.3248
2024-04-19T06:00,18.5,80,15.0,864.3,2.6,196,Khumaltar,27.6468,85.3248
2024-04-19T07:00,21.8,67,15.3,866.3,1.1,360,Khumaltar,27.6468,85.3248
2024-04-19T08:00,23.7,54,13.8,867.2,3.6,323,Khumaltar,27.6468,85.3248
2024-04-19T09:00,25.5,46,13.0,867.5,5.8,300,Khumaltar,27.6468,85.3248
2024-04-19T10:00,27.1,40,12.5,867.6,9.4,288,Khumaltar,27.6468,85.3248
2024-04-19T11:00,28.2,37,12.0,867.1,14.5,293,Khumaltar,27.6468,85.3248
2024-04-19T12:00,28.2,36,11.9,866.4,17.3,291,Khumaltar,27.6468,85.3248
2024-04-19T13:00,28.1,37,12.1,865.7,16.4,299,Khumaltar,27.6468,85.3248
2024-04-19T14:00,27.4,38,11.7,865.1,18.2,295,Khumaltar,27.6468,85.3248
2024-04-19T15:00,26.5,40,11.8,864.7,17.1,292,Khumaltar,27.6468,85.3248
2024-04-19T16:00,25.9,42,12.1,864.5,15.5,292,Khumaltar,27.6468,85.3248
2024-04-19T17:00,24.8,46,12.5,864.3,10.9,314,Khumaltar,27.6468,85.3248
2024-04-19T18:00,22.2,60,14.2,864.2,4.9,306,Khumaltar,27.6468,85.3248
2024-04-19T19:00,21.3,65,14.4,864.5,5.2,258,Khumaltar,27.6468,85.3248
2024-04-19T20:00,19.3,73,14.3,864.2,2.9,210,Khumaltar,27.6468,85.3248
2024-04-19T21:00,18.5,73,13.7,864.0,2.6,196,Khumaltar,27.6468,85.3248
2024-04-19T22:00,18.1,73,13.3,863.5,4.2,200,Khumaltar,27.6468,85.3248
2024-04-19T23:00,17.6,75,13.1,863.0,4.7,203,Khumaltar,27.6468,85.3248
2024-04-20T00:00,17.0,76,12.7,862.2,4.0,207,Khumaltar,27.6468,85.3248
2024-04-20T01:00,16.5,77,12.4,861.7,2.7,203,Khumaltar,27.6468,85.3248
2024-04-20T02:00,16.0,78,12.3,861.2,1.8,191,Khumaltar,27.6468,85.3248
2024-04-20T03:00,15.3,82,12.2,860.5,1.4,180,Khumaltar,27.6468,85.3248
2024-04-20T04:00,19.4,60,11.6,862.6,2.5,188,Khumaltar,27.6468,85.3248
2024-04-20T05:00,20.1,58,11.5,863.2,1.5,194,Khumaltar,27.6468,85.3248
2024-04-20T06:00,19.4,73,14.3,863.5,1.8,191,Khumaltar,27.6468,85.3248
2024-04-20T07:00,23.9,58,15.0,866.1,3.1,306,Khumaltar,27.6468,85.3248
2024-04-20T08:00,26.1,44,13.1,867.3,7.1,300,Khumaltar,27.6468,85.3248
2024-04-20T09:00,27.6,36,11.2,867.8,15.3,300,Khumaltar,27.6468,85.3248
2024-04-20T10:00,28.3,33,10.3,867.9,18.7,298,Khumaltar,27.6468,85.3248
2024-04-20T11:00,29.0,29,9.3,867.5,19.0,295,Khumaltar,27.6468,85.3248
2024-04-20T12:00,29.3,28,8.7,867.1,19.8,295,Khumaltar,27.6468,85.3248
2024-04-20T13:00,28.9,28,8.6,866.4,21.6,298,Khumaltar,27.6468,85.3248
2024-04-20T14:00,28.4,27,7.7,865.9,20.9,299,Khumaltar,27.6468,85.3248
2024-04-20T15:00,28.1,26,6.7,865.4,20.9,285,Khumaltar,27.6468,85.3248
2024-04-20T16:00,27.7,26,6.4,864.7,15.9,288,Khumaltar,27.6468,85.3248
2024-04-20T17:00,25.9,29,6.4,864.8,9.7,285,Khumaltar,27.6468,85.3248
2024-04-20T18:00,22.0,46,9.8,864.3,6.0,245,Khumaltar,27.6468,85.3248
2024-04-20T19:00,20.6,46,8.7,864.5,5.2,214,Khumaltar,27.6468,85.3248
2024-04-20T20:00,19.9,42,6.8,864.7,4.5,194,Khumaltar,27.6468,85.3248
2024-04-20T21:00,19.1,38,4.6,864.7,5.5,191,Khumaltar,27.6468,85.3248
2024-04-20T22:00,18.3,37,3.2,864.5,6.4,196,Khumaltar,27.6468,85.3248
2024-04-20T23:00,17.8,36,2.7,864.4,6.0,213,Khumaltar,27.6468,85.3248
2024-04-21T00:00,16.8,40,3.0,863.3,5.6,225,Khumaltar,27.6468,85.3248
2024-04-21T01:00,16.5,41,3.1,862.8,6.5,236,Khumaltar,27.6468,85.3248
2024-04-21T02:00,16.0,45,4.2,862.2,5.6,230,Khumaltar,27.6468,85.3248
2024-04-21T03:00,19.0,32,1.8,863.5,1.6,207,Khumaltar,27.6468,85.3248
2024-04-21T04:00,19.2,31,1.8,863.8,6.4,128,Khumaltar,27.6468,85.3248
2024-04-21T05:00,18.0,36,2.6,863.7,6.9,118,Khumaltar,27.6468,85.3248
2024-04-21T06:00,18.5,43,5.8,864.8,4.0,180,Khumaltar,27.6468,85.3248
2024-04-21T07:00,23.0,36,7.0,866.9,5.7,162,Khumaltar,27.6468,85.3248
2024-04-21T08:00,26.0,20,1.0,868.5,2.5,172,Khumaltar,27.6468,85.3248
2024-04-21T09:00,27.5,15,-1.1,869.0,0.5,135,Khumaltar,27.6468,85.3248
2024-04-21T10:00,28.6,14,-1.4,868.8,0.8,27,Khumaltar,27.6468,85.3248
2024-04-21T11:00,29.6,14,-0.9,868.4,2.5,270,Khumaltar,27.6468,85.3248
2024-04-21T12:00,30.3,15,1.1,867.9,10.4,270,Khumaltar,27.6468,85.3248
2024-04-21T13:00,29.6,19,3.4,867.3,17.0,275,Khumaltar,27.6468,85.3248
2024-04-21T14:00,28.9,17,1.6,866.5,16.0,278,Khumaltar,27.6468,85.3248
2024-04-21T15:00,28.2,17,1.2,866.1,14.0,282,Khumaltar,27.6468,85.3248
2024-04-21T16:00,27.0,19,1.4,865.8,13.5,286,Khumaltar,27.6468,85.3248
2024-04-21T17:00,25.2,24,2.9,865.9,10.7,284,Khumaltar,27.6468,85.3248
2024-04-21T18:00,21.8,31,3.9,866.1,5.9,256,Khumaltar,27.6468,85.3248
2024-04-21T19:00,21.5,33,4.7,866.1,6.8,273,Khumaltar,27.6468,85.3248
2024-04-21T20:00,21.1,38,6.4,866.7,6.1,273,Khumaltar,27.6468,85.3248
2024-04-21T21:00,18.9,54,9.3,865.9,7.4,247,Khumaltar,27.6468,85.3248
2024-04-21T22:00,18.2,53,8.5,865.7,5.6,230,Khumaltar,27.6468,85.3248
2024-04-21T23:00,17.6,57,8.9,865.4,4.3,228,Khumaltar,27.6468,85.3248
2024-04-22T00:00,19.1,49,8.2,865.4,4.5,256,Khumaltar,27.6468,85.3248
2024-04-22T01:00,18.3,52,8.4,864.6,3.7,241,Khumaltar,27.6468,85.3248
2024-04-22T02:00,20.1,43,7.1,864.9,3.1,234,Khumaltar,27.6468,85.3248
2024-04-22T03:00,20.7,40,6.5,864.9,1.9,202,Khumaltar,27.6468,85.3248
2024-04-22T04:00,17.4,52,7.4,863.5,1.5,194,Khumaltar,27.6468,85.3248
2024-04-22T05:00,15.6,62,8.3,863.0,4.9,197,Khumaltar,27.6468,85.3248
2024-04-22T06:00,19.6,51,9.1,866.3,2.8,140,Khumaltar,27.6468,85.3248
2024-04-22T07:00,22.9,43,9.8,868.5,2.3,39,Khumaltar,27.6468,85.3248
2024-04-22T08:00,26.0,33,8.4,869.9,3.1,339,Khumaltar,27.6468,85.3248
2024-04-22T09:00,28.3,24,6.1,870.2,8.4,310,Khumaltar,27.6468,85.3248
2024-04-22T10:00,29.9,22,5.7,870.1,11.9,295,Khumaltar,27.6468,85.3248
2024-04-22T11:00,30.4,20,5.1,870.0,15.2,284,Khumaltar,27.6468,85.3248
2024-04-22T12:00,30.4,20,4.6,869.7,15.6,278,Khumaltar,27.6468,85.3248
2024-04-22T13:00,29.9,18,2.9,869.0,18.7,268,Khumaltar,27.6468,85.3248
2024-04-22T14:00,28.5,15,-0.4,868.5,19.9,257,Khumaltar,27.6468,85.3248
2024-04-22T15:00,27.5,21,3.4,868.0,18.6,261,Khumaltar,27.6468,85.3248
2024-04-22T16:00,26.5,23,3.8,867.8,15.3,262,Khumaltar,27.6468,85.3248
2024-04-22T17:00,25.1,29,5.6,867.8,9.4,270,Khumaltar,27.6468,85.3248
2024-04-22T18:00,21.6,41,8.0,867.5,4.8,243,Khumaltar,27.6468,85.3248
2024-04-22T19:00,20.7,45,8.4,867.9,4.3,222,Khumaltar,27.6468,85.3248
2024-04-22T20:00,19.9,46,8.0,868.0,4.5,209,Khumaltar,27.6468,85.3248
2024-04-22T21:00,19.0,49,8.2,868.2,5.2,214,Khumaltar,27.6468,85.3248
2024-04-22T22:00,18.5,48,7.3,868.0,4.7,212,Khumaltar,27.6468,85.3248
2024-04-22T23:00,17.8,48,6.8,867.3,5.4,222,Khumaltar,27.6468,85.3248
2024-04-23T00:00,17.1,51,6.8,866.1,5.6,230,Khumaltar,27.6468,85.3248
2024-04-23T01:00,16.8,53,7.1,865.6,5.2,236,Khumaltar,27.6468,85.3248
2024-04-23T02:00,16.5,53,6.9,865.0,6.6,248,Khumaltar,27.6468,85.3248
2024-04-23T03:00,16.0,53,6.6,864.6,7.0,235,Khumaltar,27.6468,85.3248
2024-04-23T04:00,20.0,37,5.0,866.3,3.2,207,Khumaltar,27.6468,85.3248
2024-04-23T05:00,20.0,38,5.1,866.5,1.6,153,Khumaltar,27.6468,85.3248
2024-04-23T06:00,19.2,54,9.6,866.8,2.4,207,Khumaltar,27.6468,85.3248
2024-04-23T07:00,23.4,42,9.7,869.1,3.0,284,Khumaltar,27.6468,85.3248
2024-04-23T08:00,25.7,28,5.9,870.2,9.0,299,Khumaltar,27.6468,85.3248
2024-04-23T09:00,26.8,23,3.9,870.8,15.3,304,Khumaltar,27.6468,85.3248
2024-04-23T10:00,27.5,23,4.5,870.8,17.4,300,Khumaltar,27.6468,85.3248
2024-04-23T11:00,28.3,22,4.8,870.2,16.4,296,Khumaltar,27.6468,85.3248
2024-04-23T12:00,28.6,23,5.3,869.7,16.6,292,Khumaltar,27.6468,85.3248
2024-04-23T13:00,28.6,23,5.3,869.0,17.4,283,Khumaltar,27.6468,85.3248
2024-04-23T14:00,28.0,24,5.4,868.1,17.3,282,Khumaltar,27.6468,85.3248
2024-04-23T15:00,27.0,27,6.2,867.8,16.6,275,Khumaltar,27.6468,85.3248
2024-04-23T16:00,25.7,29,6.4,867.2,15.6,285,Khumaltar,27.6468,85.3248
2024-04-23T17:00,24.2,32,6.6,867.1,11.9,299,Khumaltar,27.6468,85.3248
2024-04-23T18:00,20.2,55,10.9,866.2,7.4,331,Khumaltar,27.6468,85.3248
2024-04-23T19:00,21.1,41,7.2,867.0,4.5,256,Khumaltar,27.6468,85.3248
2024-04-23T20:00,18.3,56,9.3,865.8,3.4,212,Khumaltar,27.6468,85.3248
2024-04-23T21:00,17.7,51,7.6,865.7,3.1,201,Khumaltar,27.6468,85.3248
2024-04-23T22:00,17.6,50,7.0,865.7,4.2,200,Khumaltar,27.6468,85.3248
2024-04-23T23:00,16.9,52,6.9,865.1,3.2,207,Khumaltar,27.6468,85.3248
2024-04-24T00:00,16.0,57,7.4,864.1,3.8,221,Khumaltar,27.6468,85.3248
2024-04-24T01:00,20.4,38,5.5,865.7,4.2,239,Khumaltar,27.6468,85.3248
2024-04-24T02:00,20.8,36,5.2,865.7,6.5,6,Khumaltar,27.6468,85.3248
2024-04-24T03:00,20.6,36,5.0,865.4,4.4,99,Khumaltar,27.6468,85.3248
2024-04-24T04:00,20.2,37,4.9,865.4,2.5,188,Khumaltar,27.6468,85.3248
2024-04-24T05:00,19.7,38,5.0,865.4,1.6,207,Khumaltar,27.6468,85.3248
2024-04-24T06:00,18.3,55,9.0,865.7,2.3,198,Khumaltar,27.6468,85.3248
2024-04-24T07:00,22.7,45,10.1,868.4,3.1,234,Khumaltar,27.6468,85.3248
2024-04-24T08:00,25.1,29,6.0,869.3,3.6,264,Khumaltar,27.6468,85.3248
2024-04-24T09:00,26.3,26,5.1,869.7,6.8,267,Khumaltar,27.6468,85.3248
2024-04-24T10:00,27.3,24,4.7,869.7,9.0,268,Khumaltar,27.6468,85.3248
2024-04-24T11:00,28.1,22,4.5,869.5,11.2,272,Khumaltar,27.6468,85.3248
2024-04-24T12:00,28.3,22,4.7,868.9,14.1,276,Khumaltar,27.6468,85.3248
2024-04-24T13:00,28.2,23,4.9,868.2,15.6,278,Khumaltar,27.6468,85.3248
2024-04-24T14:00,27.8,23,5.0,867.4,16.7,276,Khumaltar,27.6468,85.3248
2024-04-24T15:00,27.0,25,5.3,867.0,17.5,284,Khumaltar,27.6468,85.3248
2024-04-24T16:00,25.7,28,6.0,866.8,16.7,289,Khumaltar,27.6468,85.3248
2024-04-24T17:00,24.3,32,6.6,866.7,10.0,296,Khumaltar,27.6468,85.3248
2024-04-24T18:00,20.5,52,10.2,866.1,7.7,311,Khumaltar,27.6468,85.3248
2024-04-24T19:00,19.4,51,8.9,865.7,8.6,285,Khumaltar,27.6468,85.3248
2024-04-24T20:00,21.8,33,4.7,867.4,3.1,234,Khumaltar,27.6468,85.3248
2024-04-24T21:00,18.6,42,5.5,866.4,4.9,197,Khumaltar,27.6468,85.3248
2024-04-24T22:00,17.5,43,4.8,866.0,5.2,205,Khumaltar,27.6468,85.3248
2024-04-24T23:00,16.0,49,5.1,865.0,3.7,209,Khumaltar,27.6468,85.3248
2024-04-25T00:00,15.5,52,5.6,864.2,3.4,212,Khumaltar,27.6468,85.3248
2024-04-25T01:00,15.9,49,5.2,863.9,3.1,216,Khumaltar,27.6468,85.3248
2024-04-25T02:00,18.3,38,3.9,864.6,2.6,214,Khumaltar,27.6468,85.3248
2024-04-25T03:00,19.7,33,3.0,865.1,1.1,180,Khumaltar,27.6468,85.3248
2024-04-25T04:00,19.1,34,3.1,865.0,1.5,166,Khumaltar,27.6468,85.3248
2024-04-25T05:00,17.6,40,3.9,864.9,2.6,146,Khumaltar,27.6468,85.3248
2024-04-25T06:00,18.2,50,7.5,865.9,2.1,149,Khumaltar,27.6468,85.3248
2024-04-25T07:00,22.4,44,9.5,868.4,2.1,149,Khumaltar,27.6468,85.3248
2024-04-25T08:00,25.3,30,6.4,869.7,1.8,259,Khumaltar,27.6468,85.3248
2024-04-25T09:00,27.3,20,2.7,870.2,4.7,270,Khumaltar,27.6468,85.3248
2024-04-25T10:00,28.6,19,2.6,870.1,6.9,261,Khumaltar,27.6468,85.3248
2024-04-25T11:00,29.5,18,2.7,869.8,8.6,270,Khumaltar,27.6468,85.3248
2024-04-25T12:00,30.2,17,2.6,869.0,10.7,284,Khumaltar,27.6468,85.3248
2024-04-25T13:00,30.3,16,1.9,868.1,12.9,300,Khumaltar,27.6468,85.3248
2024-04-25T14:00,29.8,16,1.0,867.3,14.7,301,Khumaltar,27.6468,85.3248
2024-04-25T15:00,29.0,16,0.6,866.9,13.4,297,Khumaltar,27.6468,85.3248
2024-04-25T16:00,27.7,19,1.8,866.5,11.5,290,Khumaltar,27.6468,85.3248
2024-04-25T17:00,25.4,25,4.2,866.2,8.0,288,Khumaltar,27.6468,85.3248
2024-04-25T18:00,22.2,34,5.6,866.5,6.7,254,Khumaltar,27.6468,85.3248
2024-04-25T19:00,20.8,40,6.6,866.6,5.6,225,Khumaltar,27.6468,85.3248
2024-04-25T20:00,20.2,42,6.9,866.7,6.1,230,Khumaltar,27.6468,85.3248
2024-04-25T21:00,19.0,46,7.0,866.7,5.1,219,Khumaltar,27.6468,85.3248
2024-04-25T22:00,17.8,49,6.9,866.2,3.2,207,Khumaltar,27.6468,85.3248
2024-04-25T23:00,17.2,47,5.7,865.5,2.1,211,Khumaltar,27.6468,85.3248
2024-04-26T00:00,16.4,49,5.7,864.6,0.8,207,Khumaltar,27.6468,85.3248
2024-04-26T01:00,16.4,48,5.3,864.1,2.5,188,Khumaltar,27.6468,85.3248
2024-04-26T02:00,20.3,32,3.0,865.6,3.7,169,Khumaltar,27.6468,85.3248
2024-04-26T03:00,18.9,37,3.9,864.9,4.5,151,Khumaltar,27.6468,85.3248
2024-04-26T04:00,16.6,45,4.7,864.1,5.2,146,Khumaltar,27.6468,85.3248
2024-04-26T05:00,15.2,55,6.2,864.0,5.9,137,Khumaltar,27.6468,85.3248
2024-04-26T06:00,18.5,52,8.5,866.1,3.8,139,Khumaltar,27.6468,85.3248
2024-04-26T07:00,22.7,45,10.1,868.6,2.9,90,Khumaltar,27.6468,85.3248
2024-04-26T08:00,25.9,32,8.0,870.0,2.3,72,Khumaltar,27.6468,85.3248
2024-04-26T09:00,27.9,22,4.3,870.4,0.0,270,Khumaltar,27.6468,85.3248
2024-04-26T10:00,29.3,19,3.6,870.1,3.8,253,Khumaltar,27.6468,85.3248
2024-04-26T11:00,30.2,19,3.9,869.7,8.7,253,Khumaltar,27.6468,85.3248
2024-04-26T12:00,30.4,20,4.6,869.0,15.2,256,Khumaltar,27.6468,85.3248
2024-04-26T13:00,30.0,19,4.1,868.5,17.0,257,Khumaltar,27.6468,85.3248
2024-04-26T14:00,29.7,20,4.3,867.7,16.1,243,Khumaltar,27.6468,85.3248
2024-04-26T15:00,29.0,20,3.8,867.2,14.8,247,Khumaltar,27.6468,85.3248
2024-04-26T16:00,27.9,21,3.8,866.8,13.0,267,Khumaltar,27.6468,85.3248
2024-04-26T17:00,26.1,27,5.8,866.6,9.1,288,Khumaltar,27.6468,85.3248
2024-04-26T18:00,22.7,35,6.3,866.5,5.8,266,Khumaltar,27.6468,85.3248
2024-04-26T19:00,20.9,41,7.2,866.3,5.4,233,Khumaltar,27.6468,85.3248
2024-04-26T20:00,20.2,40,6.1,866.7,4.4,215,Khumaltar,27.6468,85.3248
2024-04-26T21:00,19.0,43,6.2,866.5,3.9,202,Khumaltar,27.6468,85.3248
2024-04-26T22:00,18.2,47,6.6,866.0,1.8,191,Khumaltar,27.6468,85.3248
2024-04-26T23:00,17.8,48,6.7,865.7,2.5,188,Khumaltar,27.6468,85.3248
2024-04-27T00:00,18.2,48,6.9,865.5,3.6,186,Khumaltar,27.6468,85.3248
2024-04-27T01:00,17.9,51,7.7,865.2,4.3,175,Khumaltar,27.6468,85.3248
2024-04-27T02:00,17.1,54,7.7,864.6,5.8,158,Khumaltar,27.6468,85.3248
2024-04-27T03:00,17.2,53,7.5,864.6,4.4,171,Khumaltar,27.6468,85.3248
2024-04-27T04:00,16.4,53,6.9,864.4,4.2,160,Khumaltar,27.6468,85.3248
2024-04-27T05:00,16.1,59,8.0,864.6,2.9,173,Khumaltar,27.6468,85.3248
2024-04-27T06:00,19.9,49,8.9,867.7,1.1,180,Khumaltar,27.6468,85.3248
2024-04-27T07:00,24.2,41,10.2,870.1,1.3,214,Khumaltar,27.6468,85.3248
2024-04-27T08:00,27.2,25,5.6,871.2,4.6,288,Khumaltar,27.6468,85.3248
2024-04-27T09:00,28.8,21,4.3,871.6,8.9,284,Khumaltar,27.6468,85.3248
2024-04-27T10:00,29.7,19,4.0,871.5,11.7,279,Khumaltar,27.6468,85.3248
2024-04-27T11:00,30.1,19,4.0,871.4,15.8,282,Khumaltar,27.6468,85.3248
2024-04-27T12:00,30.1,19,3.7,870.7,17.2,281,Khumaltar,27.6468,85.3248
2024-04-27T13:00,29.9,20,4.6,870.0,18.3,280,Khumaltar,27.6468,85.3248
2024-04-27T14:00,29.5,22,5.3,868.9,18.6,280,Khumaltar,27.6468,85.3248
2024-04-27T15:00,28.6,24,6.1,868.2,18.8,282,Khumaltar,27.6468,85.3248
2024-04-27T16:00,27.6,25,5.7,867.8,18.1,293,Khumaltar,27.6468,85.3248
2024-04-27T17:00,26.5,27,6.2,867.4,11.3,292,Khumaltar,27.6468,85.3248
2024-04-27T18:00,23.2,41,9.3,867.7,6.8,267,Khumaltar,27.6468,85.3248
2024-04-27T19:00,21.0,56,11.8,867.6,4.8,257,Khumaltar,27.6468,85.3248
2024-04-27T20:00,19.9,66,13.3,867.8,5.2,254,Khumaltar,27.6468,85.3248
2024-04-27T21:00,18.8,69,12.9,867.9,5.2,245,Khumaltar,27.6468,85.3248
2024-04-27T22:00,18.0,69,12.3,867.3,3.6,217,Khumaltar,27.6468,85.3248
2024-04-27T23:00,17.7,68,11.7,866.7,2.6,196,Khumaltar,27.6468,85.3248
2024-04-28T00:00,17.1,70,11.6,865.9,2.6,196,Khumaltar,27.6468,85.3248
2024-04-28T01:00,16.9,68,11.1,865.1,1.5,194,Khumaltar,27.6468,85.3248
2024-04-28T02:00,18.2,61,10.4,865.4,2.5,180,Khumaltar,27.6468,85.3248
2024-04-28T03:00,17.2,64,10.3,864.6,2.5,180,Khumaltar,27.6468,85.3248
2024-04-28T04:00,16.9,65,10.2,864.8,2.5,188,Khumaltar,27.6468,85.3248
2024-04-28T05:00,19.1,54,9.6,866.2,1.1,198,Khumaltar,27.6468,85.3248
2024-04-28T06:00,20.0,63,12.8,867.4,2.2,180,Khumaltar,27.6468,85.3248
2024-04-28T07:00,23.9,49,12.6,869.6,1.5,104,Khumaltar,27.6468,85.3248
2024-04-28T08:00,26.0,34,9.1,870.2,3.4,328,Khumaltar,27.6468,85.3248
2024-04-28T09:00,27.5,28,7.4,870.5,9.0,299,Khumaltar,27.6468,85.3248
2024-04-28T10:00,28.6,24,6.1,870.6,12.1,293,Khumaltar,27.6468,85.3248
2024-04-28T11:00,29.3,23,5.9,870.2,12.2,294,Khumaltar,27.6468,85.3248
2024-04-28T12:00,29.8,22,5.7,869.9,12.4,300,Khumaltar,27.6468,85.3248
2024-04-28T13:00,29.7,20,4.5,869.2,15.4,291,Khumaltar,27.6468,85.3248
2024-04-28T14:00,29.2,21,4.5,868.5,15.1,282,Khumaltar,27.6468,85.3248
2024-04-28T15:00,28.2,26,6.6,868.0,17.7,287,Khumaltar,27.6468,85.3248
2024-04-28T16:00,26.8,29,7.3,867.6,19.5,298,Khumaltar,27.6468,85.3248
2024-04-28T17:00,25.5,31,7.2,867.6,13.8,290,Khumaltar,27.6468,85.3248
2024-04-28T18:00,23.7,36,7.7,867.9,9.5,281,Khumaltar,27.6468,85.3248
2024-04-28T19:00,22.2,37,7.0,867.6,6.8,270,Khumaltar,27.6468,85.3248
2024-04-28T20:00,20.5,42,7.2,867.5,5.2,245,Khumaltar,27.6468,85.3248
2024-04-28T21:00,19.5,44,6.9,867.6,4.8,228,Khumaltar,27.6468,85.3248
2024-04-28T22:00,18.3,48,7.1,866.9,4.8,222,Khumaltar,27.6468,85.3248
2024-04-28T23:00,17.4,49,6.6,866.3,3.2,207,Khumaltar,27.6468,85.3248
2024-04-29T00:00,16.7,51,6.6,865.7,3.6,217,Khumaltar,27.6468,85.3248
2024-04-29T01:00,17.4,48,6.1,865.7,3.3,221,Khumaltar,27.6468,85.3248
2024-04-29T02:00,20.6,34,4.2,866.9,1.5,194,Khumaltar,27.6468,85.3248
2024-04-29T03:00,20.7,33,4.0,866.6,4.9,144,Khumaltar,27.6468,85.3248
2024-04-29T04:00,18.0,42,5.0,865.7,5.6,135,Khumaltar,27.6468,85.3248
2024-04-29T05:00,15.3,59,7.3,864.6,5.0,150,Khumaltar,27.6468,85.3248
2024-04-29T06:00,19.6,50,8.8,867.4,2.3,141,Khumaltar,27.6468,85.3248
2024-04-29T07:00,23.8,39,9.0,869.7,2.1,121,Khumaltar,27.6468,85.3248
2024-04-29T08:00,26.4,27,6.0,870.8,0.8,333,Khumaltar,27.6468,85.3248
2024-04-29T09:00,28.2,24,5.6,871.3,4.0,333,Khumaltar,27.6468,85.3248
2024-04-29T10:00,29.7,21,5.3,871.3,6.8,302,Khumaltar,27.6468,85.3248
2024-04-29T11:00,30.6,21,5.5,871.1,12.0,277,Khumaltar,27.6468,85.3248
2024-04-29T12:00,30.7,20,4.9,870.5,14.8,264,Khumaltar,27.6468,85.3248
2024-04-29T13:00,30.4,21,5.5,869.8,15.7,250,Khumaltar,27.6468,85.3248
2024-04-29T14:00,30.2,19,4.2,869.0,15.3,255,Khumaltar,27.6468,85.3248
2024-04-29T15:00,29.0,20,4.0,868.6,17.4,264,Khumaltar,27.6468,85.3248
2024-04-29T16:00,27.8,24,5.1,868.2,15.5,269,Khumaltar,27.6468,85.3248
2024-04-29T17:00,26.4,27,5.8,867.8,11.8,290,Khumaltar,27.6468,85.3248
2024-04-29T18:00,24.1,33,7.0,868.0,8.0,280,Khumaltar,27.6468,85.3248
2024-04-29T19:00,21.5,47,9.8,867.5,7.4,284,Khumaltar,27.6468,85.3248
2024-04-29T20:00,22.4,39,7.7,868.3,4.2,239,Khumaltar,27.6468,85.3248
2024-04-29T21:00,19.6,45,7.5,867.0,3.6,217,Khumaltar,27.6468,85.3248
2024-04-29T22:00,19.4,42,6.0,866.6,4.6,219,Khumaltar,27.6468,85.3248
2024-04-29T23:00,18.5,43,5.7,865.9,3.4,212,Khumaltar,27.6468,85.3248
2024-04-30T00:00,17.4,47,6.1,864.4,2.4,207,Khumaltar,27.6468,85.3248
2024-04-30T01:00,17.0,48,5.9,863.5,2.9,210,Khumaltar,27.6468,85.3248
2024-04-30T02:00,17.9,45,5.7,863.3,3.6,217,Khumaltar,27.6468,85.3248
2024-04-30T03:00,21.5,31,3.8,864.5,5.4,132,Khumaltar,27.6468,85.3248
2024-04-30T04:00,18.4,41,4.8,863.6,7.3,123,Khumaltar,27.6468,85.3248
2024-04-30T05:00,15.7,56,6.9,862.8,6.1,152,Khumaltar,27.6468,85.3248
2024-04-30T06:00,18.8,48,7.5,864.9,3.4,198,Khumaltar,27.6468,85.3248
2024-04-30T07:00,24.3,39,9.3,867.6,4.0,185,Khumaltar,27.6468,85.3248
2024-04-30T08:00,27.2,23,4.4,868.4,5.5,293,Khumaltar,27.6468,85.3248
2024-04-30T09:00,28.8,18,2.2,868.6,11.0,302,Khumaltar,27.6468,85.3248
2024-04-30T10:00,29.7,18,2.7,868.2,12.2,298,Khumaltar,27.6468,85.3248
2024-04-30T11:00,30.4,17,2.7,867.6,13.9,287,Khumaltar,27.6468,85.3248
2024-04-30T12:00,30.7,17,3.3,867.0,14.4,283,Khumaltar,27.6468,85.3248
2024-04-30T13:00,30.6,17,3.1,866.2,15.7,279,Khumaltar,27.6468,85.3248
2024-04-30T14:00,30.0,19,3.9,865.3,16.2,273,Khumaltar,27.6468,85.3248
2024-04-30T15:00,29.2,22,5.3,864.7,15.0,281,Khumaltar,27.6468,85.3248
2024-04-30T16:00,28.4,23,5.4,864.3,14.7,295,Khumaltar,27.6468,85.3248
2024-04-30T17:00,26.8,27,6.1,864.1,9.8,306,Khumaltar,27.6468,85.3248
2024-04-30T18:00,22.7,45,10.1,863.4,5.9,259,Khumaltar,27.6468,85.3248
2024-04-30T19:00,21.1,45,8.8,863.5,5.5,238,Khumaltar,27.6468,85.3248
2024-04-30T20:00,20.5,43,7.6,863.8,3.9,214,Khumaltar,27.6468,85.3248
2024-04-30T21:00,19.7,45,7.5,863.6,3.2,207,Khumaltar,27.6468,85.3248
2024-04-30T22:00,18.8,47,7.3,863.0,3.1,201,Khumaltar,27.6468,85.3248
2024-04-30T23:00,18.1,47,6.8,862.1,2.9,210,Khumaltar,27.6468,85.3248
2024-05-01T00:00,17.3,49,6.5,860.9,2.4,207,Khumaltar,27.6468,85.3248
2024-05-01T01:00,16.7,50,6.2,860.1,1.6,207,Khumaltar,27.6468,85.3248
2024-05-01T02:00,16.4,48,5.5,859.7,2.9,210,Khumaltar,27.6468,85.3248
2024-05-01T03:00,15.7,51,5.5,859.2,2.4,207,Khumaltar,27.6468,85.3248
2024-05-01T04:00,15.3,52,5.5,859.3,1.5,194,Khumaltar,27.6468,85.3248
2024-05-01T05:00,15.6,56,6.8,860.0,2.5,180,Khumaltar,27.6468,85.3248
2024-05-01T06:00,18.9,48,7.7,862.4,3.6,174,Khumaltar,27.6468,85.3248
2024-05-01T07:00,23.6,39,8.6,864.8,2.5,82,Khumaltar,27.6468,85.3248
2024-05-01T08:00,26.2,28,6.0,866.1,0.8,117,Khumaltar,27.6468,85.3248
2024-05-01T09:00,28.1,22,4.2,866.7,1.4,270,Khumaltar,27.6468,85.3248
2024-05-01T10:00,29.3,17,1.6,866.5,5.6,255,Khumaltar,27.6468,85.3248
2024-05-01T11:00,30.0,15,0.7,866.0,11.5,238,Khumaltar,27.6468,85.3248
2024-05-01T12:00,29.4,17,1.7,865.2,19.6,227,Khumaltar,27.6468,85.3248
2024-05-01T13:00,29.2,15,0.3,865.0,21.1,224,Khumaltar,27.6468,85.3248
2024-05-01T14:00,29.2,11,-3.9,864.3,19.1,238,Khumaltar,27.6468,85.3248
2024-05-01T15:00,28.0,13,-3.1,863.7,17.3,253,Khumaltar,27.6468,85.3248
2024-05-01T16:00,27.0,15,-2.1,863.6,13.5,254,Khumaltar,27.6468,85.3248
2024-05-01T17:00,25.2,18,-1.1,863.0,7.1,255,Khumaltar,27.6468,85.3248
2024-05-01T18:00,21.9,17,-4.0,863.0,8.1,225,Khumaltar,27.6468,85.3248
2024-05-01T19:00,20.4,18,-4.9,863.4,9.2,219,Khumaltar,27.6468,85.3248
2024-05-01T20:00,18.9,20,-4.4,863.5,7.1,210,Khumaltar,27.6468,85.3248
2024-05-01T21:00,17.6,23,-3.7,863.7,5.7,198,Khumaltar,27.6468,85.3248
2024-05-01T22:00,16.2,27,-2.9,863.2,4.7,184,Khumaltar,27.6468,85.3248
2024-05-01T23:00,15.4,29,-2.6,862.5,4.0,207,Khumaltar,27.6468,85.3248
2024-05-02T00:00,14.7,33,-1.5,861.5,5.3,208,Khumaltar,27.6468,85.3248
2024-05-02T01:00,14.5,34,-1.3,860.8,5.0,201,Khumaltar,27.6468,85.3248
2024-05-02T02:00,14.7,36,-0.2,860.6,5.6,207,Khumaltar,27.6468,85.3248
2024-05-02T03:00,18.9,20,-4.3,862.3,5.8,274,Khumaltar,27.6468,85.3248
2024-05-02T04:00,16.8,27,-2.6,861.6,8.7,95,Khumaltar,27.6468,85.3248
2024-05-02T05:00,13.8,43,1.6,860.7,8.1,122,Khumaltar,27.6468,85.3248
2024-05-02T06:00,18.2,37,3.3,863.4,4.9,126,Khumaltar,27.6468,85.3248
2024-05-02T07:00,22.0,28,2.8,865.3,6.5,84,Khumaltar,27.6468,85.3248
2024-05-02T08:00,24.1,19,-0.9,866.5,3.6,90,Khumaltar,27.6468,85.3248
2024-05-02T09:00,25.3,17,-1.5,866.9,5.2,102,Khumaltar,27.6468,85.3248
2024-05-02T10:00,26.4,16,-1.8,867.0,7.4,119,Khumaltar,27.6468,85.3248
2024-05-02T11:00,27.3,15,-1.4,866.4,8.1,148,Khumaltar,27.6468,85.3248
2024-05-02T12:00,27.7,17,0.4,865.7,11.5,182,Khumaltar,27.6468,85.3248
2024-05-02T13:00,27.5,19,1.5,864.7,14.9,200,Khumaltar,27.6468,85.3248
2024-05-02T14:00,26.4,22,2.7,864.3,18.4,208,Khumaltar,27.6468,85.3248
2024-05-02T15:00,25.7,22,2.3,864.3,16.6,231,Khumaltar,27.6468,85.3248
2024-05-02T16:00,25.1,23,2.6,864.2,14.3,260,Khumaltar,27.6468,85.3248
2024-05-02T17:00,23.9,25,2.6,864.3,10.7,284,Khumaltar,27.6468,85.3248
2024-05-02T18:00,20.3,36,4.9,864.5,5.5,259,Khumaltar,27.6468,85.3248
2024-05-02T19:00,18.7,43,6.0,864.5,5.4,233,Khumaltar,27.6468,85.3248
2024-05-02T20:00,20.8,31,2.9,866.2,5.1,266,Khumaltar,27.6468,85.3248
2024-05-02T21:00,20.7,29,2.3,866.3,3.8,229,Khumaltar,27.6468,85.3248
2024-05-02T22:00,19.5,33,2.8,865.8,2.7,203,Khumaltar,27.6468,85.3248
2024-05-02T23:00,17.5,40,3.6,865.0,4.9,234,Khumaltar,27.6468,85.3248
2024-05-03T00:00,20.0,29,1.3,865.7,5.5,247,Khumaltar,27.6468,85.3248
2024-05-03T01:00,17.0,38,2.6,863.5,1.8,191,Khumaltar,27.6468,85.3248
2024-05-03T02:00,14.9,46,3.4,862.3,1.8,191,Khumaltar,27.6468,85.3248
2024-05-03T03:00,18.5,31,0.9,863.9,2.5,180,Khumaltar,27.6468,85.3248
2024-05-03T04:00,18.5,30,0.8,864.6,4.1,142,Khumaltar,27.6468,85.3248
2024-05-03T05:00,18.2,32,1.1,865.3,3.8,139,Khumaltar,27.6468,85.3248
2024-05-03T06:00,18.0,46,6.0,865.7,0.8,207,Khumaltar,27.6468,85.3248
2024-05-03T07:00,22.1,36,6.4,868.5,4.5,29,Khumaltar,27.6468,85.3248
2024-05-03T08:00,24.1,30,5.6,869.6,6.4,47,Khumaltar,27.6468,85.3248
2024-05-03T09:00,26.4,26,5.4,870.2,5.3,62,Khumaltar,27.6468,85.3248
2024-05-03T10:00,28.3,24,5.8,870.4,2.2,180,Khumaltar,27.6468,85.3248
2024-05-03T11:00,29.5,23,6.1,870.3,3.5,246,Khumaltar,27.6468,85.3248
2024-05-03T12:00,30.2,22,6.2,869.7,6.1,267,Khumaltar,27.6468,85.3248
2024-05-03T13:00,30.2,22,6.5,869.2,10.4,250,Khumaltar,27.6468,85.3248
2024-05-03T14:00,29.4,25,7.1,868.7,13.4,234,Khumaltar,27.6468,85.3248
2024-05-03T15:00,28.3,27,7.5,868.2,14.3,227,Khumaltar,27.6468,85.3248
2024-05-03T16:00,27.1,27,6.7,868.1,13.8,223,Khumaltar,27.6468,85.3248
2024-05-03T17:00,25.6,28,5.5,868.1,10.8,217,Khumaltar,27.6468,85.3248
2024-05-03T18:00,22.6,32,4.9,868.7,6.1,208,Khumaltar,27.6468,85.3248
2024-05-03T19:00,20.7,36,5.1,868.3,5.2,192,Khumaltar,27.6468,85.3248
2024-05-03T20:00,19.4,39,5.1,868.6,4.4,189,Khumaltar,27.6468,85.3248
2024-05-03T21:00,18.3,43,5.5,868.2,3.4,198,Khumaltar,27.6468,85.3248
2024-05-03T22:00,17.7,44,5.2,867.9,1.8,191,Khumaltar,27.6468,85.3248
2024-05-03T23:00,17.2,44,5.0,866.8,1.8,191,Khumaltar,27.6468,85.3248
2024-05-04T00:00,17.0,48,5.8,866.0,1.5,194,Khumaltar,27.6468,85.3248
2024-05-04T01:00,16.9,48,5.8,865.8,2.6,196,Khumaltar,27.6468,85.3248
2024-05-04T02:00,19.9,34,3.6,867.2,3.2,153,Khumaltar,27.6468,85.3248
2024-05-04T03:00,17.4,45,5.3,865.9,4.5,151,Khumaltar,27.6468,85.3248
2024-05-04T04:00,16.2,50,5.7,865.6,2.9,180,Khumaltar,27.6468,85.3248
2024-05-04T05:00,16.1,50,5.8,866.3,2.9,187,Khumaltar,27.6468,85.3248
2024-05-04T06:00,18.8,45,6.7,868.6,2.7,203,Khumaltar,27.6468,85.3248
2024-05-04T07:00,23.2,35,7.1,870.9,0.7,180,Khumaltar,27.6468,85.3248
2024-05-04T08:00,25.2,29,5.8,871.7,1.1,252,Khumaltar,27.6468,85.3248
2024-05-04T09:00,26.6,26,5.4,871.8,3.7,241,Khumaltar,27.6468,85.3248
2024-05-04T10:00,27.7,24,5.5,871.6,7.1,255,Khumaltar,27.6468,85.3248
2024-05-04T11:00,28.5,23,5.6,870.8,8.6,270,Khumaltar,27.6468,85.3248
2024-05-04T12:00,28.8,24,6.0,870.1,11.9,265,Khumaltar,27.6468,85.3248
2024-05-04T13:00,28.9,23,5.7,869.1,13.4,256,Khumaltar,27.6468,85.3248
2024-05-04T14:00,28.5,27,7.8,868.4,17.3,253,Khumaltar,27.6468,85.3248
2024-05-04T15:00,26.3,36,10.2,867.9,15.8,240,Khumaltar,27.6468,85.3248
2024-05-04T16:00,25.9,34,8.8,867.3,13.0,246,Khumaltar,27.6468,85.3248
2024-05-04T17:00,25.4,33,7.8,867.0,10.9,261,Khumaltar,27.6468,85.3248
2024-05-04T18:00,22.7,39,8.1,867.7,6.9,242,Khumaltar,27.6468,85.3248
2024-05-04T19:00,21.6,43,8.3,867.8,5.9,232,Khumaltar,27.6468,85.3248
2024-05-04T20:00,19.7,49,8.6,867.1,5.1,225,Khumaltar,27.6468,85.3248
2024-05-04T21:00,18.1,56,9.3,866.3,3.9,202,Khumaltar,27.6468,85.3248
2024-05-04T22:00,17.4,56,8.6,865.7,1.4,180,Khumaltar,27.6468,85.3248
2024-05-04T23:00,16.7,57,8.3,865.0,1.1,198,Khumaltar,27.6468,85.3248
2024-05-05T00:00,16.4,56,7.7,864.1,1.8,191,Khumaltar,27.6468,85.3248
2024-05-05T01:00,15.8,58,7.6,863.2,1.1,198,Khumaltar,27.6468,85.3248
2024-05-05T02:00,15.8,58,7.5,862.7,1.5,194,Khumaltar,27.6468,85.3248
2024-05-05T03:00,15.8,58,7.5,862.3,1.9,202,Khumaltar,27.6468,85.3248
2024-05-05T04:00,15.4,59,7.5,862.2,2.1,211,Khumaltar,27.6468,85.3248
2024-05-05T05:00,15.6,59,7.7,862.5,2.6,196,Khumaltar,27.6468,85.3248
2024-05-05T06:00,18.8,56,9.8,865.0,5.4,188,Khumaltar,27.6468,85.3248
2024-05-05T07:00,22.9,41,8.8,867.2,1.8,127,Khumaltar,27.6468,85.3248
2024-05-05T08:00,24.5,36,8.6,867.6,0.4,90,Khumaltar,27.6468,85.3248
2024-05-05T09:00,26.0,33,8.7,867.8,3.6,276,Khumaltar,27.6468,85.3248
2024-05-05T10:00,27.4,31,8.6,867.6,7.7,281,Khumaltar,27.6468,85.3248
2024-05-05T11:00,28.5,29,8.5,867.4,13.4,276,Khumaltar,27.6468,85.3248
2024-05-05T12:00,28.3,28,8.0,866.8,15.1,271,Khumaltar,27.6468,85.3248
2024-05-05T13:00,28.0,29,8.3,866.2,15.2,266,Khumaltar,27.6468,85.3248
2024-05-05T14:00,27.6,29,7.9,865.6,15.9,273,Khumaltar,27.6468,85.3248
2024-05-05T15:00,27.3,30,8.4,865.0,15.2,266,Khumaltar,27.6468,85.3248
2024-05-05T16:00,25.6,37,10.0,864.9,11.9,256,Khumaltar,27.6468,85.3248
2024-05-05T17:00,25.1,38,9.6,865.3,9.0,272,Khumaltar,27.6468,85.3248
2024-05-05T18:00,21.8,52,11.5,865.6,4.4,279,Khumaltar,27.6468,85.3248
2024-05-05T19:00,20.6,64,13.4,865.8,5.6,255,Khumaltar,27.6468,85.3248
2024-05-05T20:00,21.5,51,11.0,867.0,1.8,180,Khumaltar,27.6468,85.3248
2024-05-05T21:00,19.6,65,12.8,866.4,4.0,117,Khumaltar,27.6468,85.3248
2024-05-05T22:00,20.5,56,11.4,866.9,2.3,162,Khumaltar,27.6468,85.3248
2024-05-05T23:00,18.1,66,11.5,865.6,3.0,194,Khumaltar,27.6468,85.3248
2024-05-06T00:00,17.6,67,11.5,865.0,1.5,194,Khumaltar,27.6468,85.3248
2024-05-06T01:00,17.0,68,11.0,864.1,1.1,198,Khumaltar,27.6468,85.3248
2024-05-06T02:00,17.4,63,10.4,864.2,2.7,203,Khumaltar,27.6468,85.3248
2024-05-06T03:00,17.0,65,10.4,864.2,1.5,194,Khumaltar,27.6468,85.3248
2024-05-06T04:00,16.9,65,10.2,864.7,2.2,189,Khumaltar,27.6468,85.3248
2024-05-06T05:00,16.8,68,10.9,865.3,1.8,191,Khumaltar,27.6468,85.3248
2024-05-06T06:00,18.7,64,11.8,868.1,4.8,117,Khumaltar,27.6468,85.3248
2024-05-06T07:00,21.4,53,11.4,869.6,4.4,81,Khumaltar,27.6468,85.3248
2024-05-06T08:00,24.1,44,11.2,870.4,2.0,45,Khumaltar,27.6468,85.3248
2024-05-06T09:00,26.7,38,11.2,870.8,6.5,289,Khumaltar,27.6468,85.3248
2024-05-06T10:00,28.3,32,10.1,870.7,10.9,279,Khumaltar,27.6468,85.3248
2024-05-06T11:00,28.5,31,9.7,870.6,14.8,256,Khumaltar,27.6468,85.3248
2024-05-06T12:00,27.6,37,11.7,870.0,12.8,238,Khumaltar,27.6468,85.3248
2024-05-06T13:00,27.5,36,11.1,869.1,14.4,248,Khumaltar,27.6468,85.3248
2024-05-06T14:00,26.3,38,10.8,868.5,16.6,246,Khumaltar,27.6468,85.3248
2024-05-06T15:00,24.9,44,12.0,868.2,14.0,258,Khumaltar,27.6468,85.3248
2024-05-06T16:00,24.8,46,12.4,867.7,12.0,286,Khumaltar,27.6468,85.3248
2024-05-06T17:00,23.8,46,11.6,867.7,11.7,304,Khumaltar,27.6468,85.3248
2024-05-06T18:00,21.9,58,13.3,868.1,10.8,249,Khumaltar,27.6468,85.3248
2024-05-06T19:00,19.5,76,15.1,868.6,10.0,218,Khumaltar,27.6468,85.3248
2024-05-06T20:00,18.6,82,15.5,868.9,7.9,204,Khumaltar,27.6468,85.3248
2024-05-06T21:00,18.1,85,15.5,869.1,5.9,218,Khumaltar,27.6468,85.3248
2024-05-06T22:00,17.5,89,15.7,868.9,4.2,200,Khumaltar,27.6468,85.3248
2024-05-06T23:00,16.9,89,15.0,868.6,6.0,197,Khumaltar,27.6468,85.3248
2024-05-07T00:00,16.6,95,15.8,868.3,5.8,202,Khumaltar,27.6468,85.3248
2024-05-07T01:00,16.2,98,15.9,868.0,6.4,196,Khumaltar,27.6468,85.3248
2024-05-07T02:00,15.8,100,15.8,868.2,1.9,158,Khumaltar,27.6468,85.3248
2024-05-07T03:00,16.0,99,15.9,868.0,1.3,146,Khumaltar,27.6468,85.3248
2024-05-07T04:00,15.3,99,15.2,868.2,3.2,153,Khumaltar,27.6468,85.3248
2024-05-07T05:00,15.2,99,15.1,868.5,2.2,180,Khumaltar,27.6468,85.3248
2024-05-07T06:00,17.4,89,15.5,870.7,3.3,139,Khumaltar,27.6468,85.3248
2024-05-07T07:00,19.0,78,15.1,871.8,3.8,131,Khumaltar,27.6468,85.3248
2024-05-07T08:00,20.3,70,14.7,872.8,6.9,189,Khumaltar,27.6468,85.3248
2024-05-07T09:00,21.1,69,15.3,873.1,3.6,217,Khumaltar,27.6468,85.3248
2024-05-07T10:00,22.6,64,15.5,873.2,2.6,254,Khumaltar,27.6468,85.3248
2024-05-07T11:00,24.2,55,14.6,872.7,3.9,248,Khumaltar,27.6468,85.3248
2024-05-07T12:00,19.4,76,15.2,871.8,7.2,264,Khumaltar,27.6468,85.3248
2024-05-07T13:00,19.4,85,16.8,871.2,4.0,175,Khumaltar,27.6468,85.3248
2024-05-07T14:00,19.5,79,15.7,870.7,2.1,31,Khumaltar,27.6468,85.3248
2024-05-07T15:00,20.2,78,16.3,871.0,3.3,84,Khumaltar,27.6468,85.3248
2024-05-07T16:00,19.4,84,16.5,870.7,5.4,48,Khumaltar,27.6468,85.3248
2024-05-07T17:00,18.6,92,17.2,870.2,6.4,47,Khumaltar,27.6468,85.3248
2024-05-07T18:00,17.5,91,16.1,869.6,2.7,157,Khumaltar,27.6468,85.3248
2024-05-07T19:00,17.4,90,15.7,870.1,10.0,193,Khumaltar,27.6468,85.3248
2024-05-07T20:00,17.2,90,15.5,871.2,6.4,218,Khumaltar,27.6468,85.3248
2024-05-07T21:00,16.3,96,15.6,871.4,5.2,192,Khumaltar,27.6468,85.3248
2024-05-07T22:00,16.2,96,15.6,871.6,4.7,212,Khumaltar,27.6468,85.3248
2024-05-07T23:00,16.1,97,15.7,870.9,3.8,163,Khumaltar,27.6468,85.3248
2024-05-08T00:00,16.3,95,15.4,870.7,3.8,163,Khumaltar,27.6468,85.3248
2024-05-08T01:00,15.9,96,15.3,870.1,3.1,201,Khumaltar,27.6468,85.3248
2024-05-08T02:00,15.9,96,15.3,870.1,2.7,203,Khumaltar,27.6468,85.3248
2024-05-08T03:00,15.8,97,15.4,869.9,2.9,83,Khumaltar,27.6468,85.3248
2024-05-08T04:00,15.7,98,15.3,869.7,4.9,107,Khumaltar,27.6468,85.3248
2024-05-08T05:00,15.8,97,15.4,870.0,5.1,135,Khumaltar,27.6468,85.3248
2024-05-08T06:00,16.2,95,15.4,871.0,4.8,103,Khumaltar,27.6468,85.3248
2024-05-08T07:00,17.6,89,15.8,872.1,5.4,138,Khumaltar,27.6468,85.3248
2024-05-08T08:00,18.7,81,15.5,872.6,4.2,121,Khumaltar,27.6468,85.3248
2024-05-08T09:00,21.2,69,15.4,873.1,6.4,133,Khumaltar,27.6468,85.3248
2024-05-08T10:00,19.9,71,14.5,873.0,10.1,186,Khumaltar,27.6468,85.3248
2024-05-08T11:00,19.2,77,15.0,872.6,10.8,201,Khumaltar,27.6468,85.3248
2024-05-08T12:00,19.2,80,15.6,871.8,3.2,207,Khumaltar,27.6468,85.3248
2024-05-08T13:00,20.3,78,16.2,871.3,5.3,118,Khumaltar,27.6468,85.3248
2024-05-08T14:00,19.3,78,15.4,870.4,7.0,125,Khumaltar,27.6468,85.3248
2024-05-08T15:00,18.6,80,15.0,870.0,2.4,117,Khumaltar,27.6468,85.3248
2024-05-08T16:00,18.5,84,15.7,869.7,2.4,63,Khumaltar,27.6468,85.3248
2024-05-08T17:00,18.3,86,16.0,869.2,3.4,58,Khumaltar,27.6468,85.3248
2024-05-08T18:00,17.1,91,15.6,870.1,3.2,180,Khumaltar,27.6468,85.3248
2024-05-08T19:00,16.1,95,15.3,869.7,3.6,180,Khumaltar,27.6468,85.3248
2024-05-08T20:00,15.8,97,15.3,870.1,1.8,180,Khumaltar,27.6468,85.3248
2024-05-08T21:00,15.9,97,15.4,870.4,2.4,153,Khumaltar,27.6468,85.3248
2024-05-08T22:00,15.6,97,15.1,870.3,2.9,180,Khumaltar,27.6468,85.3248
2024-05-08T23:00,15.4,98,15.1,869.6,1.8,191,Khumaltar,27.6468,85.3248
2024-05-09T00:00,15.5,97,15.1,868.5,0.4,180,Khumaltar,27.6468,85.3248
2024-05-09T01:00,15.6,95,14.9,868.2,1.4,180,Khumaltar,27.6468,85.3248
2024-05-09T02:00,15.0,96,14.3,866.7,1.5,166,Khumaltar,27.6468,85.3248
2024-05-09T03:00,15.0,95,14.1,866.3,2.6,164,Khumaltar,27.6468,85.3248
2024-05-09T04:00,14.4,95,13.5,866.5,2.2,171,Khumaltar,27.6468,85.3248
2024-05-09T05:00,14.8,93,13.7,867.6,1.4,180,Khumaltar,27.6468,85.3248
2024-05-09T06:00,16.3,93,15.2,870.0,5.6,165,Khumaltar,27.6468,85.3248
2024-05-09T07:00,19.0,81,15.7,871.9,3.6,127,Khumaltar,27.6468,85.3248
2024-05-09T08:00,20.8,74,16.0,873.2,6.0,123,Khumaltar,27.6468,85.3248
2024-05-09T09:00,22.0,67,15.5,872.6,5.9,104,Khumaltar,27.6468,85.3248
2024-05-09T10:00,23.3,59,14.9,872.0,7.9,87,Khumaltar,27.6468,85.3248
2024-05-09T11:00,23.9,55,14.3,871.1,9.0,119,Khumaltar,27.6468,85.3248
2024-05-09T12:00,24.5,55,14.9,870.2,7.9,141,Khumaltar,27.6468,85.3248
2024-05-09T13:00,23.6,59,15.2,869.8,6.9,174,Khumaltar,27.6468,85.3248
2024-05-09T14:00,21.8,67,15.4,869.1,8.2,209,Khumaltar,27.6468,85.3248
2024-05-09T15:00,21.8,67,15.3,868.1,8.1,249,Khumaltar,27.6468,85.3248
2024-05-09T16:00,21.0,68,14.9,868.4,3.9,292,Khumaltar,27.6468,85.3248
2024-05-09T17:00,20.4,72,15.1,869.0,4.6,162,Khumaltar,27.6468,85.3248
2024-05-09T18:00,18.6,86,16.3,868.4,1.8,169,Khumaltar,27.6468,85.3248
2024-05-09T19:00,16.9,94,15.8,868.4,3.7,191,Khumaltar,27.6468,85.3248
2024-05-09T20:00,16.4,95,15.6,869.1,4.1,195,Khumaltar,27.6468,85.3248
2024-05-09T21:00,15.7,98,15.4,869.4,2.9,180,Khumaltar,27.6468,85.3248
2024-05-09T22:00,15.4,99,15.2,869.7,3.6,180,Khumaltar,27.6468,85.3248
2024-05-09T23:00,15.5,98,15.2,869.3,5.4,180,Khumaltar,27.6468,85.3248
2024-05-10T00:00,14.9,99,14.8,868.3,1.8,180,Khumaltar,27.6468,85.3248
2024-05-10T01:00,14.7,100,14.7,868.3,1.3,214,Khumaltar,27.6468,85.3248
2024-05-10T02:00,15.3,99,15.1,868.0,1.6,153,Khumaltar,27.6468,85.3248
2024-05-10T03:00,15.4,98,15.1,868.0,1.8,180,Khumaltar,27.6468,85.3248
2024-05-10T04:00,15.4,98,15.0,868.1,3.7,191,Khumaltar,27.6468,85.3248
2024-05-10T05:00,15.4,98,15.1,869.0,3.4,198,Khumaltar,27.6468,85.3248
2024-05-10T06:00,16.5,97,15.9,871.2,1.1,108,Khumaltar,27.6468,85.3248
2024-05-10T07:00,18.6,87,16.4,872.5,3.2,63,Khumaltar,27.6468,85.3248
2024-05-10T08:00,20.6,76,16.3,872.8,2.5,45,Khumaltar,27.6468,85.3248
2024-05-10T09:00,22.7,61,14.7,872.7,2.3,108,Khumaltar,27.6468,85.3248
2024-05-10T10:00,22.6,61,14.7,872.2,6.5,199,Khumaltar,27.6468,85.3248
2024-05-10T11:00,19.6,77,15.6,871.9,4.7,247,Khumaltar,27.6468,85.3248
2024-05-10T12:00,21.9,68,15.7,871.2,1.5,194,Khumaltar,27.6468,85.3248
2024-05-10T13:00,23.4,60,15.2,870.4,2.3,51,Khumaltar,27.6468,85.3248
2024-05-10T14:00,23.8,57,14.7,869.0,1.1,108,Khumaltar,27.6468,85.3248
2024-05-10T15:00,24.2,56,14.7,867.9,1.8,259,Khumaltar,27.6468,85.3248
2024-05-10T16:00,24.1,55,14.5,867.7,1.8,270,Khumaltar,27.6468,85.3248
2024-05-10T17:00,23.0,64,15.8,868.1,1.9,248,Khumaltar,27.6468,85.3248
2024-05-10T18:00,19.9,73,15.0,868.4,5.4,307,Khumaltar,27.6468,85.3248
2024-05-10T19:00,18.3,85,15.6,868.7,4.1,255,Khumaltar,27.6468,85.3248
2024-05-10T20:00,17.6,87,15.4,869.3,1.6,207,Khumaltar,27.6468,85.3248
2024-05-10T21:00,17.0,90,15.3,869.6,3.2,207,Khumaltar,27.6468,85.3248
2024-05-10T22:00,16.1,97,15.6,869.6,4.2,200,Khumaltar,27.6468,85.3248
2024-05-10T23:00,15.9,100,15.9,869.6,4.7,203,Khumaltar,27.6468,85.3248
2024-05-11T00:00,16.2,100,16.2,869.6,4.7,203,Khumaltar,27.6468,85.3248
2024-05-11T01:00,16.1,100,16.1,869.4,3.2,180,Khumaltar,27.6468,85.3248
2024-05-11T02:00,16.2,100,16.2,869.3,3.2,180,Khumaltar,27.6468,85.3248
2024-05-11T03:00,16.3,100,16.3,869.1,3.9,202,Khumaltar,27.6468,85.3248
2024-05-11T04:00,16.4,100,16.4,869.6,2.7,203,Khumaltar,27.6468,85.3248
2024-05-11T05:00,16.5,100,16.4,870.0,1.1,198,Khumaltar,27.6468,85.3248
2024-05-11T06:00,18.6,93,17.4,872.4,2.6,196,Khumaltar,27.6468,85.3248
2024-05-11T07:00,20.5,82,17.3,873.3,1.8,169,Khumaltar,27.6468,85.3248
2024-05-11T08:00,21.9,74,17.1,873.7,3.6,96,Khumaltar,27.6468,85.3248
2024-05-11T09:00,22.9,70,17.1,873.4,4.3,95,Khumaltar,27.6468,85.3248
2024-05-11T10:00,23.2,70,17.4,873.0,2.8,130,Khumaltar,27.6468,85.3248
2024-05-11T11:00,23.4,70,17.6,872.5,4.8,193,Khumaltar,27.6468,85.3248
2024-05-11T12:00,23.3,71,17.7,872.0,7.7,233,Khumaltar,27.6468,85.3248
2024-05-11T13:00,21.3,77,17.2,871.6,4.1,255,Khumaltar,27.6468,85.3248
2024-05-11T14:00,20.6,82,17.5,870.8,6.5,273,Khumaltar,27.6468,85.3248
2024-05-11T15:00,20.2,85,17.7,869.8,6.6,338,Khumaltar,27.6468,85.3248
2024-05-11T16:00,21.5,79,17.8,869.1,3.9,56,Khumaltar,27.6468,85.3248
2024-05-11T17:00,21.3,80,17.8,869.5,4.0,95,Khumaltar,27.6468,85.3248
2024-05-11T18:00,18.7,94,17.7,868.7,3.4,212,Khumaltar,27.6468,85.3248
2024-05-11T19:00,18.3,94,17.3,869.3,6.2,216,Khumaltar,27.6468,85.3248
2024-05-11T20:00,18.2,95,17.3,870.5,7.2,198,Khumaltar,27.6468,85.3248
2024-05-11T21:00,17.4,98,17.1,871.8,3.4,238,Khumaltar,27.6468,85.3248
2024-05-11T22:00,17.1,99,17.0,871.7,1.8,143,Khumaltar,27.6468,85.3248
2024-05-11T23:00,17.1,99,16.9,870.5,2.2,189,Khumaltar,27.6468,85.3248
2024-05-12T00:00,16.8,99,16.6,870.1,2.2,171,Khumaltar,27.6468,85.3248
2024-05-12T01:00,16.9,98,16.6,870.0,3.4,162,Khumaltar,27.6468,85.3248
2024-05-12T02:00,16.5,97,16.1,869.9,3.6,135,Khumaltar,27.6468,85.3248
2024-05-12T03:00,16.7,97,16.2,869.7,3.6,127,Khumaltar,27.6468,85.3248
2024-05-12T04:00,16.3,97,15.8,869.6,2.3,162,Khumaltar,27.6468,85.3248
2024-05-12T05:00,16.3,97,15.8,869.8,3.3,186,Khumaltar,27.6468,85.3248
2024-05-12T06:00,17.5,94,16.6,872.8,5.0,111,Khumaltar,27.6468,85.3248
2024-05-12T07:00,18.3,92,17.0,873.3,5.9,101,Khumaltar,27.6468,85.3248
2024-05-12T08:00,20.6,85,18.1,874.6,5.7,145,Khumaltar,27.6468,85.3248
2024-05-12T09:00,22.5,78,18.5,874.1,2.9,150,Khumaltar,27.6468,85.3248
2024-05-12T10:00,22.4,75,17.7,873.6,5.4,143,Khumaltar,27.6468,85.3248
2024-05-12T11:00,21.4,79,17.6,873.0,4.9,144,Khumaltar,27.6468,85.3248
2024-05-12T12:00,21.7,76,17.4,872.5,8.6,180,Khumaltar,27.6468,85.3248
2024-05-12T13:00,22.1,76,17.7,872.1,2.3,198,Khumaltar,27.6468,85.3248
2024-05-12T14:00,23.4,70,17.7,871.2,3.1,45,Khumaltar,27.6468,85.3248
2024-05-12T15:00,22.2,76,17.7,870.3,5.2,25,Khumaltar,27.6468,85.3248
2024-05-12T16:00,21.0,78,17.1,870.0,3.9,236,Khumaltar,27.6468,85.3248
2024-05-12T17:00,19.9,84,17.1,870.0,3.3,229,Khumaltar,27.6468,85.3248
2024-05-12T18:00,17.7,96,17.1,870.0,2.9,263,Khumaltar,27.6468,85.3248
2024-05-12T19:00,17.1,98,16.8,870.2,2.8,230,Khumaltar,27.6468,85.3248
2024-05-12T20:00,16.7,100,16.6,870.3,3.5,204,Khumaltar,27.6468,85.3248
2024-05-12T21:00,16.4,99,16.3,870.7,2.6,214,Khumaltar,27.6468,85.3248
2024-05-12T22:00,16.1,99,16.0,870.9,1.9,202,Khumaltar,27.6468,85.3248
2024-05-12T23:00,16.4,99,16.3,870.5,2.1,149,Khumaltar,27.6468,85.3248
2024-05-13T00:00,16.0,99,15.9,869.8,2.9,173,Khumaltar,27.6468,85.3248
2024-05-13T01:00,16.0,100,16.0,869.7,3.2,180,Khumaltar,27.6468,85.3248
2024-05-13T02:00,16.0,99,15.8,869.2,1.8,169,Khumaltar,27.6468,85.3248
2024-05-13T03:00,16.1,99,15.9,869.2,2.6,164,Khumaltar,27.6468,85.3248
2024-05-13T04:00,16.2,100,16.2,869.4,3.8,163,Khumaltar,27.6468,85.3248
2024-05-13T05:00,16.1,99,16.0,869.8,5.2,168,Khumaltar,27.6468,85.3248
2024-05-13T06:00,17.6,97,17.1,872.8,4.5,151,Khumaltar,27.6468,85.3248
2024-05-13T07:00,19.9,84,17.2,874.1,5.2,74,Khumaltar,27.6468,85.3248
2024-05-13T08:00,21.4,78,17.5,874.4,6.1,90,Khumaltar,27.6468,85.3248
2024-05-13T09:00,23.1,71,17.6,874.1,4.7,113,Khumaltar,27.6468,85.3248
2024-05-13T10:00,24.6,66,17.9,873.8,2.9,173,Khumaltar,27.6468,85.3248
2024-05-13T11:00,24.3,65,17.2,872.8,6.4,153,Khumaltar,27.6468,85.3248
2024-05-13T12:00,22.6,74,17.7,872.1,4.4,215,Khumaltar,27.6468,85.3248
2024-05-13T13:00,23.7,68,17.3,871.6,3.8,139,Khumaltar,27.6468,85.3248
2024-05-13T14:00,24.5,66,17.7,871.1,5.1,135,Khumaltar,27.6468,85.3248
2024-05-13T15:00,22.6,71,17.1,870.4,5.4,228,Khumaltar,27.6468,85.3248
2024-05-13T16:00,21.6,73,16.6,870.2,6.1,315,Khumaltar,27.6468,85.3248
2024-05-13T17:00,21.2,76,16.8,870.5,1.8,307,Khumaltar,27.6468,85.3248
2024-05-13T18:00,18.4,94,17.5,869.8,4.4,235,Khumaltar,27.6468,85.3248
2024-05-13T19:00,17.5,97,17.0,869.7,3.7,209,Khumaltar,27.6468,85.3248
2024-05-13T20:00,16.7,98,16.4,869.6,2.7,203,Khumaltar,27.6468,85.3248
2024-05-13T21:00,16.6,97,16.2,870.0,1.8,180,Khumaltar,27.6468,85.3248
2024-05-13T22:00,16.6,96,16.0,870.1,3.5,156,Khumaltar,27.6468,85.3248
2024-05-13T23:00,16.3,97,15.8,869.7,2.9,180,Khumaltar,27.6468,85.3248
2024-05-14T00:00,16.4,98,16.1,869.6,3.2,180,Khumaltar,27.6468,85.3248
2024-05-14T01:00,15.8,99,15.6,869.2,2.3,162,Khumaltar,27.6468,85.3248
2024-05-14T02:00,15.1,100,15.1,868.9,2.2,171,Khumaltar,27.6468,85.3248
2024-05-14T03:00,15.2,100,15.2,868.6,1.5,194,Khumaltar,27.6468,85.3248
2024-05-14T04:00,15.4,99,15.2,868.7,2.2,180,Khumaltar,27.6468,85.3248
2024-05-14T05:00,16.0,97,15.5,869.8,2.3,162,Khumaltar,27.6468,85.3248
2024-05-14T06:00,18.1,92,16.8,871.7,3.3,193,Khumaltar,27.6468,85.3248
2024-05-14T07:00,20.6,84,17.8,873.7,1.3,146,Khumaltar,27.6468,85.3248
2024-05-14T08:00,22.4,75,17.6,874.2,1.6,63,Khumaltar,27.6468,85.3248
2024-05-14T09:00,23.9,66,17.2,873.9,2.5,352,Khumaltar,27.6468,85.3248
2024-05-14T10:00,25.2,57,16.1,873.7,1.8,307,Khumaltar,27.6468,85.3248
2024-05-14T11:00,26.0,53,15.6,873.1,3.1,291,Khumaltar,27.6468,85.3248
2024-05-14T12:00,26.0,53,15.7,872.6,4.7,293,Khumaltar,27.6468,85.3248
2024-05-14T13:00,26.1,54,16.1,872.2,5.6,285,Khumaltar,27.6468,85.3248
2024-05-14T14:00,25.8,55,16.2,871.5,6.6,283,Khumaltar,27.6468,85.3248
2024-05-14T15:00,25.4,57,16.3,870.5,8.6,285,Khumaltar,27.6468,85.3248
2024-05-14T16:00,23.9,64,16.6,870.3,6.5,264,Khumaltar,27.6468,85.3248
2024-05-14T17:00,23.2,69,17.1,870.9,4.7,266,Khumaltar,27.6468,85.3248
2024-05-14T18:00,20.8,88,18.7,871.2,4.0,265,Khumaltar,27.6468,85.3248
2024-05-14T19:00,19.0,95,18.2,870.5,3.3,229,Khumaltar,27.6468,85.3248
2024-05-14T20:00,18.1,97,17.5,870.3,2.1,211,Khumaltar,27.6468,85.3248
2024-05-14T21:00,17.9,94,17.0,870.7,1.5,194,Khumaltar,27.6468,85.3248
2024-05-14T22:00,17.6,94,16.6,870.8,1.9,202,Khumaltar,27.6468,85.3248
2024-05-14T23:00,17.3,94,16.2,870.3,1.1,198,Khumaltar,27.6468,85.3248
2024-05-15T00:00,17.1,93,15.9,869.7,0.4,180,Khumaltar,27.6468,85.3248
2024-05-15T01:00,16.9,93,15.7,869.4,1.1,180,Khumaltar,27.6468,85.3248
2024-05-15T02:00,16.4,94,15.5,868.9,1.5,166,Khumaltar,27.6468,85.3248
2024-05-15T03:00,16.2,95,15.3,868.7,0.7,180,Khumaltar,27.6468,85.3248
2024-05-15T04:00,16.2,94,15.3,868.7,1.4,180,Khumaltar,27.6468,85.3248
2024-05-15T05:00,16.9,92,15.7,869.6,1.4,180,Khumaltar,27.6468,85.3248
2024-05-15T06:00,20.7,79,16.9,873.6,1.3,214,Khumaltar,27.6468,85.3248
2024-05-15T07:00,23.6,70,17.9,875.1,0.7,270,Khumaltar,27.6468,85.3248
2024-05-15T08:00,25.2,58,16.5,875.9,6.8,295,Khumaltar,27.6468,85.3248
2024-05-15T09:00,25.9,55,16.2,875.7,9.0,307,Khumaltar,27.6468,85.3248
2024-05-15T10:00,26.2,55,16.4,875.3,10.1,297,Khumaltar,27.6468,85.3248
2024-05-15T11:00,27.3,50,16.1,874.9,12.6,307,Khumaltar,27.6468,85.3248
2024-05-15T12:00,26.4,53,16.0,873.9,14.0,299,Khumaltar,27.6468,85.3248
2024-05-15T13:00,24.2,63,16.7,873.5,6.6,257,Khumaltar,27.6468,85.3248
2024-05-15T14:00,25.6,55,16.0,873.3,9.3,286,Khumaltar,27.6468,85.3248
2024-05-15T15:00,25.1,57,16.1,872.3,8.4,301,Khumaltar,27.6468,85.3248
2024-05-15T16:00,24.5,60,16.4,872.3,9.2,315,Khumaltar,27.6468,85.3248
2024-05-15T17:00,23.4,68,17.1,872.7,5.2,304,Khumaltar,27.6468,85.3248
2024-05-15T18:00,21.6,76,17.2,872.2,5.6,297,Khumaltar,27.6468,85.3248
2024-05-15T19:00,19.8,87,17.5,872.3,4.0,265,Khumaltar,27.6468,85.3248
2024-05-15T20:00,19.5,88,17.4,873.0,3.8,229,Khumaltar,27.6468,85.3248
2024-05-15T21:00,18.2,93,17.1,872.7,1.9,202,Khumaltar,27.6468,85.3248
2024-05-15T22:00,18.6,90,17.0,873.0,0.7,180,Khumaltar,27.6468,85.3248
2024-05-15T23:00,18.4,89,16.6,872.4,1.1,180,Khumaltar,27.6468,85.3248
2024-05-16T00:00,17.9,90,16.1,871.2,0.8,207,Khumaltar,27.6468,85.3248
2024-05-16T01:00,17.1,91,15.6,870.3,1.5,194,Khumaltar,27.6468,85.3248
2024-05-16T02:00,17.1,90,15.4,869.8,0.4,180,Khumaltar,27.6468,85.3248
2024-05-16T03:00,17.5,86,15.2,870.0,1.4,180,Khumaltar,27.6468,85.3248
2024-05-16T04:00,17.5,84,14.8,870.3,2.3,198,Khumaltar,27.6468,85.3248
2024-05-16T05:00,17.7,82,14.5,871.1,1.5,194,Khumaltar,27.6468,85.3248
2024-05-16T06:00,20.6,81,17.2,873.5,1.3,214,Khumaltar,27.6468,85.3248
2024-05-16T07:00,23.7,67,17.1,875.0,4.0,10,Khumaltar,27.6468,85.3248
2024-05-16T08:00,25.3,53,14.9,875.1,6.1,315,Khumaltar,27.6468,85.3248
2024-05-16T09:00,26.6,47,14.3,875.2,10.0,291,Khumaltar,27.6468,85.3248
2024-05-16T10:00,27.9,43,14.1,874.9,10.5,286,Khumaltar,27.6468,85.3248
2024-05-16T11:00,28.2,42,14.1,874.3,9.9,280,Khumaltar,27.6468,85.3248
2024-05-16T12:00,28.0,43,14.3,873.5,10.4,268,Khumaltar,27.6468,85.3248
2024-05-16T13:00,27.9,45,14.8,872.8,9.1,261,Khumaltar,27.6468,85.3248
2024-05-16T14:00,27.6,45,14.7,872.3,9.0,275,Khumaltar,27.6468,85.3248
2024-05-16T15:00,27.0,46,14.3,871.5,9.7,297,Khumaltar,27.6468,85.3248
2024-05-16T16:00,26.2,48,14.3,871.0,10.4,316,Khumaltar,27.6468,85.3248
2024-05-16T17:00,24.8,53,14.7,870.5,8.2,322,Khumaltar,27.6468,85.3248
2024-05-16T18:00,22.0,58,13.3,869.4,6.2,277,Khumaltar,27.6468,85.3248
2024-05-16T19:00,20.0,65,13.2,869.2,5.4,233,Khumaltar,27.6468,85.3248
2024-05-16T20:00,20.1,61,12.4,869.5,5.1,231,Khumaltar,27.6468,85.3248
2024-05-16T21:00,20.2,59,11.8,869.8,2.6,214,Khumaltar,27.6468,85.3248
2024-05-16T22:00,18.3,67,12.1,869.3,3.4,212,Khumaltar,27.6468,85.3248
2024-05-16T23:00,19.8,56,10.7,870.4,4.9,234,Khumaltar,27.6468,85.3248
2024-05-17T00:00,18.8,60,10.9,869.4,3.3,221,Khumaltar,27.6468,85.3248
2024-05-17T01:00,19.4,56,10.5,869.0,1.3,214,Khumaltar,27.6468,85.3248
2024-05-17T02:00,22.1,43,9.1,869.8,1.8,180,Khumaltar,27.6468,85.3248
2024-05-17T03:00,22.4,43,9.1,869.8,1.8,180,Khumaltar,27.6468,85.3248
2024-05-17T04:00,22.0,44,9.2,870.0,1.6,207,Khumaltar,27.6468,85.3248
2024-05-17T05:00,21.8,45,9.3,870.3,1.1,198,Khumaltar,27.6468,85.3248
2024-05-17T06:00,21.0,62,13.6,871.2,1.6,153,Khumaltar,27.6468,85.3248
2024-05-17T07:00,24.0,59,15.6,872.8,3.3,49,Khumaltar,27.6468,85.3248
2024-05-17T08:00,25.5,54,15.5,873.3,3.0,14,Khumaltar,27.6468,85.3248
2024-05-17T09:00,27.2,45,14.2,873.2,7.5,305,Khumaltar,27.6468,85.3248
2024-05-17T10:00,28.3,40,13.6,872.8,11.3,297,Khumaltar,27.6468,85.3248
2024-05-17T11:00,28.8,39,13.5,872.3,14.1,302,Khumaltar,27.6468,85.3248
2024-05-17T12:00,29.0,38,13.4,871.3,15.7,307,Khumaltar,27.6468,85.3248
2024-05-17T13:00,29.0,38,13.3,870.2,16.1,299,Khumaltar,27.6468,85.3248
2024-05-17T14:00,28.5,40,13.7,869.7,15.3,297,Khumaltar,27.6468,85.3248
2024-05-17T15:00,28.0,41,13.3,869.1,11.4,298,Khumaltar,27.6468,85.3248
2024-05-17T16:00,26.9,43,13.3,868.7,10.3,299,Khumaltar,27.6468,85.3248
2024-05-17T17:00,25.3,52,14.8,868.5,6.8,302,Khumaltar,27.6468,85.3248
2024-05-17T18:00,22.8,61,15.0,868.5,4.7,247,Khumaltar,27.6468,85.3248
2024-05-17T19:00,21.5,66,14.8,868.5,4.1,225,Khumaltar,27.6468,85.3248
2024-05-17T20:00,20.4,71,15.0,868.5,4.6,231,Khumaltar,27.6468,85.3248
2024-05-17T21:00,20.1,70,14.3,868.8,4.1,225,Khumaltar,27.6468,85.3248
2024-05-17T22:00,19.7,71,14.3,868.9,3.1,216,Khumaltar,27.6468,85.3248
2024-05-17T23:00,19.0,74,14.3,868.3,2.1,211,Khumaltar,27.6468,85.3248
2024-05-18T00:00,19.2,76,14.8,867.5,1.9,202,Khumaltar,27.6468,85.3248
2024-05-18T01:00,20.0,69,14.2,867.3,1.1,198,Khumaltar,27.6468,85.3248
2024-05-18T02:00,18.8,75,14.2,866.8,1.5,194,Khumaltar,27.6468,85.3248
2024-05-18T03:00,18.5,75,14.0,866.5,2.3,198,Khumaltar,27.6468,85.3248
2024-05-18T04:00,18.6,75,14.0,866.6,1.1,198,Khumaltar,27.6468,85.3248
2024-05-18T05:00,18.8,79,15.1,867.0,2.1,211,Khumaltar,27.6468,85.3248
2024-05-18T06:00,23.3,69,17.2,869.9,3.1,234,Khumaltar,27.6468,85.3248
2024-05-18T07:00,25.5,59,16.9,871.1,0.8,243,Khumaltar,27.6468,85.3248
2024-05-18T08:00,26.6,54,16.5,871.4,2.4,333,Khumaltar,27.6468,85.3248
2024-05-18T09:00,27.6,50,16.1,871.3,6.8,295,Khumaltar,27.6468,85.3248
2024-05-18T10:00,28.3,48,16.3,870.9,7.9,270,Khumaltar,27.6468,85.3248
2024-05-18T11:00,25.8,60,17.5,870.1,1.6,207,Khumaltar,27.6468,85.3248
2024-05-18T12:00,27.9,52,17.0,869.2,8.4,263,Khumaltar,27.6468,85.3248
2024-05-18T13:00,28.1,47,15.9,868.8,12.8,286,Khumaltar,27.6468,85.3248
2024-05-18T14:00,27.7,47,15.4,868.1,13.9,287,Khumaltar,27.6468,85.3248
2024-05-18T15:00,26.9,50,15.7,867.7,9.4,270,Khumaltar,27.6468,85.3248
2024-05-18T16:00,26.6,52,16.0,867.2,6.5,304,Khumaltar,27.6468,85.3248
2024-05-18T17:00,25.4,62,17.6,866.9,3.9,326,Khumaltar,27.6468,85.3248
2024-05-18T18:00,24.7,62,17.0,867.1,2.2,99,Khumaltar,27.6468,85.3248
2024-05-18T19:00,21.5,79,17.6,866.0,2.7,203,Khumaltar,27.6468,85.3248
2024-05-18T20:00,20.6,81,17.2,866.6,3.1,216,Khumaltar,27.6468,85.3248
2024-05-18T21:00,20.0,83,17.0,867.1,3.1,225,Khumaltar,27.6468,85.3248
2024-05-18T22:00,19.7,84,17.0,867.0,2.3,219,Khumaltar,27.6468,85.3248
2024-05-18T23:00,18.9,92,17.6,867.3,3.8,221,Khumaltar,27.6468,85.3248
2024-05-19T00:00,19.8,83,16.8,867.5,3.6,276,Khumaltar,27.6468,85.3248
2024-05-19T01:00,18.9,90,17.2,867.3,3.3,77,Khumaltar,27.6468,85.3248
2024-05-19T02:00,18.1,92,16.9,866.6,3.6,127,Khumaltar,27.6468,85.3248
2024-05-19T03:00,16.9,96,16.2,864.9,2.9,173,Khumaltar,27.6468,85.3248
2024-05-19T04:00,16.8,95,16.0,865.2,2.2,180,Khumaltar,27.6468,85.3248
2024-05-19T05:00,17.2,94,16.2,865.2,3.6,174,Khumaltar,27.6468,85.3248
2024-05-19T06:00,19.4,85,16.8,867.9,6.1,93,Khumaltar,27.6468,85.3248
2024-05-19T07:00,21.1,79,17.4,869.1,3.0,166,Khumaltar,27.6468,85.3248
2024-05-19T08:00,23.6,65,16.7,869.9,2.7,157,Khumaltar,27.6468,85.3248
2024-05-19T09:00,25.8,56,16.3,870.0,4.6,252,Khumaltar,27.6468,85.3248
2024-05-19T10:00,26.3,55,16.5,869.9,7.7,311,Khumaltar,27.6468,85.3248
2024-05-19T11:00,25.2,59,16.6,869.0,4.2,340,Khumaltar,27.6468,85.3248
2024-05-19T12:00,27.1,51,16.2,868.4,6.8,335,Khumaltar,27.6468,85.3248
2024-05-19T13:00,27.6,49,16.0,867.5,7.4,313,Khumaltar,27.6468,85.3248
2024-05-19T14:00,26.3,56,16.7,866.8,8.3,270,Khumaltar,27.6468,85.3248
2024-05-19T15:00,26.6,54,16.4,866.3,7.1,300,Khumaltar,27.6468,85.3248
2024-05-19T16:00,25.8,56,16.4,866.0,9.0,286,Khumaltar,27.6468,85.3248
2024-05-19T17:00,25.2,60,16.9,865.9,5.2,258,Khumaltar,27.6468,85.3248
2024-05-19T18:00,22.1,75,17.4,865.2,4.4,235,Khumaltar,27.6468,85.3248
2024-05-19T19:00,20.5,86,18.0,864.9,4.7,238,Khumaltar,27.6468,85.3248
2024-05-19T20:00,19.3,93,18.1,865.1,2.4,207,Khumaltar,27.6468,85.3248
2024-05-19T21:00,18.8,94,17.7,865.4,2.1,211,Khumaltar,27.6468,85.3248
2024-05-19T22:00,18.7,92,17.3,865.6,0.8,207,Khumaltar,27.6468,85.3248
2024-05-19T23:00,18.6,92,17.2,865.8,2.2,180,Khumaltar,27.6468,85.3248
2024-05-20T00:00,18.3,92,17.0,865.2,2.2,189,Khumaltar,27.6468,85.3248
2024-05-20T01:00,17.9,93,16.7,864.7,1.9,158,Khumaltar,27.6468,85.3248
2024-05-20T02:00,18.8,87,16.7,865.6,4.5,119,Khumaltar,27.6468,85.3248
2024-05-20T03:00,18.9,89,17.1,865.6,1.6,207,Khumaltar,27.6468,85.3248
2024-05-20T04:00,18.0,92,16.6,866.0,8.3,175,Khumaltar,27.6468,85.3248
2024-05-20T05:00,18.7,84,15.9,866.7,5.0,180,Khumaltar,27.6468,85.3248
2024-05-20T06:00,20.0,86,17.5,867.5,4.0,180,Khumaltar,27.6468,85.3248
2024-05-20T07:00,22.3,77,18.2,869.6,4.1,142,Khumaltar,27.6468,85.3248
2024-05-20T08:00,23.8,71,18.3,870.4,6.2,100,Khumaltar,27.6468,85.3248
2024-05-20T09:00,24.7,68,18.3,870.4,8.0,85,Khumaltar,27.6468,85.3248
2024-05-20T10:00,25.5,63,17.9,869.9,7.9,93,Khumaltar,27.6468,85.3248
2024-05-20T11:00,26.2,60,17.8,868.9,7.6,109,Khumaltar,27.6468,85.3248
2024-05-20T12:00,23.6,73,18.5,868.6,8.9,194,Khumaltar,27.6468,85.3248
2024-05-20T13:00,25.0,68,18.6,867.7,8.7,222,Khumaltar,27.6468,85.3248
2024-05-20T14:00,25.1,64,17.7,867.1,3.3,283,Khumaltar,27.6468,85.3248
2024-05-20T15:00,23.3,71,17.7,866.6,8.3,304,Khumaltar,27.6468,85.3248
2024-05-20T16:00,24.1,66,17.4,866.0,3.6,264,Khumaltar,27.6468,85.3248
2024-05-20T17:00,23.7,67,17.2,866.0,2.9,263,Khumaltar,27.6468,85.3248
2024-05-20T18:00,20.9,85,18.3,866.1,3.6,276,Khumaltar,27.6468,85.3248
2024-05-20T19:00,20.0,88,17.9,866.7,2.1,239,Khumaltar,27.6468,85.3248
2024-05-20T20:00,19.2,94,18.2,867.2,2.8,230,Khumaltar,27.6468,85.3248
2024-05-20T21:00,18.7,98,18.4,867.4,4.1,225,Khumaltar,27.6468,85.3248
2024-05-20T22:00,18.7,100,18.7,867.6,4.3,204,Khumaltar,27.6468,85.3248
2024-05-20T23:00,18.7,100,18.7,867.3,2.9,173,Khumaltar,27.6468,85.3248
2024-05-21T00:00,18.7,100,18.6,866.9,4.6,162,Khumaltar,27.6468,85.3248
2024-05-21T01:00,18.7,99,18.6,867.0,4.2,149,Khumaltar,27.6468,85.3248
2024-05-21T02:00,19.0,98,18.6,866.7,2.6,124,Khumaltar,27.6468,85.3248
2024-05-21T03:00,18.8,98,18.5,866.6,2.9,180,Khumaltar,27.6468,85.3248
2024-05-21T04:00,19.1,97,18.6,866.8,5.0,201,Khumaltar,27.6468,85.3248
2024-05-21T05:00,19.1,96,18.5,867.6,4.9,197,Khumaltar,27.6468,85.3248
2024-05-21T06:00,19.2,92,17.9,869.1,3.2,90,Khumaltar,27.6468,85.3248
2024-05-21T07:00,20.3,87,18.1,870.2,2.6,74,Khumaltar,27.6468,85.3248
2024-05-21T08:00,22.4,79,18.6,871.0,2.4,63,Khumaltar,27.6468,85.3248
2024-05-21T09:00,24.6,68,18.4,871.4,3.1,111,Khumaltar,27.6468,85.3248
2024-05-21T10:00,25.8,65,18.6,871.0,5.7,162,Khumaltar,27.6468,85.3248
2024-05-21T11:00,27.1,57,17.8,870.5,7.1,195,Khumaltar,27.6468,85.3248
2024-05-21T12:00,27.8,50,16.3,869.3,9.1,214,Khumaltar,27.6468,85.3248
2024-05-21T13:00,27.1,49,15.4,868.4,11.0,221,Khumaltar,27.6468,85.3248
2024-05-21T14:00,25.9,55,16.1,867.9,5.1,188,Khumaltar,27.6468,85.3248
2024-05-21T15:00,25.7,55,16.0,867.6,1.3,34,Khumaltar,27.6468,85.3248
2024-05-21T16:00,23.8,67,17.3,867.2,4.1,322,Khumaltar,27.6468,85.3248
2024-05-21T17:00,23.4,70,17.7,867.3,5.5,337,Khumaltar,27.6468,85.3248
2024-05-21T18:00,22.3,77,18.0,867.5,5.4,312,Khumaltar,27.6468,85.3248
2024-05-21T19:00,20.4,89,18.6,867.3,5.3,298,Khumaltar,27.6468,85.3248
2024-05-21T20:00,20.2,88,18.2,868.1,3.7,241,Khumaltar,27.6468,85.3248
2024-05-21T21:00,20.5,86,18.1,868.9,1.8,217,Khumaltar,27.6468,85.3248
2024-05-21T22:00,20.5,87,18.3,869.5,2.2,171,Khumaltar,27.6468,85.3248
2024-05-21T23:00,20.1,90,18.4,869.0,1.5,194,Khumaltar,27.6468,85.3248
2024-05-22T00:00,18.5,97,18.0,868.1,1.5,194,Khumaltar,27.6468,85.3248
2024-05-22T01:00,18.6,97,18.1,868.0,1.1,198,Khumaltar,27.6468,85.3248
2024-05-22T02:00,17.9,98,17.7,867.4,0.4,180,Khumaltar,27.6468,85.3248
2024-05-22T03:00,17.5,99,17.4,867.2,1.0,225,Khumaltar,27.6468,85.3248
2024-05-22T04:00,17.7,98,17.4,867.4,1.1,198,Khumaltar,27.6468,85.3248
2024-05-22T05:00,18.2,98,17.9,867.9,1.1,198,Khumaltar,27.6468,85.3248
2024-05-22T06:00,19.0,98,18.6,869.3,3.0,256,Khumaltar,27.6468,85.3248
2024-05-22T07:00,21.3,87,19.1,870.7,0.5,315,Khumaltar,27.6468,85.3248
2024-05-22T08:00,23.5,77,19.2,871.1,2.7,23,Khumaltar,27.6468,85.3248
2024-05-22T09:00,25.3,68,18.9,871.4,4.5,29,Khumaltar,27.6468,85.3248
2024-05-22T10:00,27.1,61,19.0,871.3,1.5,14,Khumaltar,27.6468,85.3248
2024-05-22T11:00,25.3,66,18.5,870.7,8.3,198,Khumaltar,27.6468,85.3248
2024-05-22T12:00,25.2,66,18.4,870.1,1.5,135,Khumaltar,27.6468,85.3248
2024-05-22T13:00,24.8,67,18.2,869.2,4.4,235,Khumaltar,27.6468,85.3248
2024-05-22T14:00,22.7,78,18.7,868.5,4.3,318,Khumaltar,27.6468,85.3248
2024-05-22T15:00,23.8,72,18.5,867.9,4.0,10,Khumaltar,27.6468,85.3248
2024-05-22T16:00,24.0,70,18.2,867.7,5.3,28,Khumaltar,27.6468,85.3248
2024-05-22T17:00,23.6,69,17.7,867.6,2.8,320,Khumaltar,27.6468,85.3248
2024-05-22T18:00,21.2,91,19.8,867.0,4.3,294,Khumaltar,27.6468,85.3248
2024-05-22T19:00,19.9,95,19.2,867.3,3.6,264,Khumaltar,27.6468,85.3248
2024-05-22T20:00,20.7,93,19.5,868.3,1.8,233,Khumaltar,27.6468,85.3248
2024-05-22T21:00,19.2,97,18.7,868.3,2.6,164,Khumaltar,27.6468,85.3248
2024-05-22T22:00,19.3,97,18.7,868.6,2.2,189,Khumaltar,27.6468,85.3248
2024-05-22T23:00,19.1,97,18.7,867.9,1.8,191,Khumaltar,27.6468,85.3248
2024-05-23T00:00,18.8,98,18.4,867.2,2.4,153,Khumaltar,27.6468,85.3248
2024-05-23T01:00,18.4,98,18.2,866.7,2.6,164,Khumaltar,27.6468,85.3248
2024-05-23T02:00,18.7,98,18.4,866.7,3.6,186,Khumaltar,27.6468,85.3248
2024-05-23T03:00,18.6,98,18.2,866.7,2.9,187,Khumaltar,27.6468,85.3248
2024-05-23T04:00,18.5,98,18.1,867.0,3.2,153,Khumaltar,27.6468,85.3248
2024-05-23T05:00,18.7,98,18.3,867.8,3.6,135,Khumaltar,27.6468,85.3248
2024-05-23T06:00,20.3,93,19.1,869.5,3.7,61,Khumaltar,27.6468,85.3248
2024-05-23T07:00,21.4,86,19.0,870.2,3.3,103,Khumaltar,27.6468,85.3248
2024-05-23T08:00,22.1,84,19.2,870.7,4.3,132,Khumaltar,27.6468,85.3248
2024-05-23T09:00,22.9,80,19.3,870.9,6.0,123,Khumaltar,27.6468,85.3248
2024-05-23T10:00,23.1,79,19.2,870.7,6.5,93,Khumaltar,27.6468,85.3248
2024-05-23T11:00,24.2,71,18.6,870.5,6.7,74,Khumaltar,27.6468,85.3248
2024-05-23T12:00,25.6,63,17.9,869.8,7.4,104,Khumaltar,27.6468,85.3248
2024-05-23T13:00,26.7,58,17.8,869.1,6.3,103,Khumaltar,27.6468,85.3248
2024-05-23T14:00,27.1,57,17.8,868.2,4.7,99,Khumaltar,27.6468,85.3248
2024-05-23T15:00,27.0,55,17.3,867.3,4.1,135,Khumaltar,27.6468,85.3248
2024-05-23T16:00,26.4,56,16.9,866.8,4.1,165,Khumaltar,27.6468,85.3248
2024-05-23T17:00,25.5,68,19.1,866.3,1.0,225,Khumaltar,27.6468,85.3248
2024-05-23T18:00,22.1,84,19.3,866.3,1.1,288,Khumaltar,27.6468,85.3248
2024-05-23T19:00,20.2,94,19.2,865.8,1.8,180,Khumaltar,27.6468,85.3248
2024-05-23T20:00,19.8,94,18.8,866.5,1.1,198,Khumaltar,27.6468,85.3248
2024-05-23T21:00,19.4,94,18.3,866.9,1.5,194,Khumaltar,27.6468,85.3248
2024-05-23T22:00,19.0,94,18.0,867.0,1.4,180,Khumaltar,27.6468,85.3248
2024-05-23T23:00,18.7,94,17.7,866.6,1.4,180,Khumaltar,27.6468,85.3248
2024-05-24T00:00,18.5,95,17.7,866.4,1.8,180,Khumaltar,27.6468,85.3248
2024-05-24T01:00,18.3,96,17.6,866.2,1.1,162,Khumaltar,27.6468,85.3248
2024-05-24T02:00,18.3,95,17.5,866.1,1.6,153,Khumaltar,27.6468,85.3248
2024-05-24T03:00,18.1,95,17.3,866.0,1.9,158,Khumaltar,27.6468,85.3248
2024-05-24T04:00,18.1,94,17.2,865.9,1.5,166,Khumaltar,27.6468,85.3248
2024-05-24T05:00,18.7,93,17.6,866.5,1.1,180,Khumaltar,27.6468,85.3248
2024-05-24T06:00,19.7,95,18.8,869.3,4.3,95,Khumaltar,27.6468,85.3248
2024-05-24T07:00,21.7,86,19.2,869.8,3.2,117,Khumaltar,27.6468,85.3248
2024-05-24T08:00,23.9,77,19.6,870.0,2.2,99,Khumaltar,27.6468,85.3248
2024-05-24T09:00,26.0,66,19.1,870.0,1.8,143,Khumaltar,27.6468,85.3248
2024-05-24T10:00,27.3,57,18.1,869.6,4.7,157,Khumaltar,27.6468,85.3248
2024-05-24T11:00,27.9,54,17.8,869.3,6.1,183,Khumaltar,27.6468,85.3248
2024-05-24T12:00,27.8,55,17.9,868.9,8.7,204,Khumaltar,27.6468,85.3248
2024-05-24T13:00,27.6,56,18.1,868.3,8.1,225,Khumaltar,27.6468,85.3248
2024-05-24T14:00,27.0,58,17.9,867.7,2.2,270,Khumaltar,27.6468,85.3248
2024-05-24T15:00,27.2,56,17.5,866.8,3.6,315,Khumaltar,27.6468,85.3248
2024-05-24T16:00,26.3,59,17.7,866.1,2.7,293,Khumaltar,27.6468,85.3248
2024-05-24T17:00,25.5,64,18.1,865.9,4.1,285,Khumaltar,27.6468,85.3248
2024-05-24T18:00,22.8,84,19.9,865.9,4.3,336,Khumaltar,27.6468,85.3248
2024-05-24T19:00,22.5,82,19.2,866.1,2.1,239,Khumaltar,27.6468,85.3248
2024-05-24T20:00,20.8,91,19.2,865.9,1.1,198,Khumaltar,27.6468,85.3248
2024-05-24T21:00,20.2,93,19.0,866.2,1.1,180,Khumaltar,27.6468,85.3248
2024-05-24T22:00,19.8,94,18.8,866.3,1.8,169,Khumaltar,27.6468,85.3248
2024-05-24T23:00,19.8,93,18.7,866.3,1.8,191,Khumaltar,27.6468,85.3248
2024-05-25T00:00,19.8,93,18.7,866.3,2.7,203,Khumaltar,27.6468,85.3248
2024-05-25T01:00,19.4,95,18.6,866.0,2.5,188,Khumaltar,27.6468,85.3248
2024-05-25T02:00,19.2,95,18.3,865.9,1.8,180,Khumaltar,27.6468,85.3248
2024-05-25T03:00,18.8,95,18.1,865.4,1.6,153,Khumaltar,27.6468,85.3248
2024-05-25T04:00,18.5,95,17.7,865.0,1.9,158,Khumaltar,27.6468,85.3248
2024-05-25T05:00,19.2,93,18.0,865.1,2.3,162,Khumaltar,27.6468,85.3248
2024-05-25T06:00,21.6,89,19.7,866.7,3.1,135,Khumaltar,27.6468,85.3248
2024-05-25T07:00,24.4,71,18.7,868.3,3.6,53,Khumaltar,27.6468,85.3248
2024-05-25T08:00,25.9,65,18.9,868.5,2.3,18,Khumaltar,27.6468,85.3248
2024-05-25T09:00,27.2,60,18.7,868.5,2.8,320,Khumaltar,27.6468,85.3248
2024-05-25T10:00,28.4,53,18.1,868.2,4.0,297,Khumaltar,27.6468,85.3248
2024-05-25T11:00,29.2,52,18.3,867.7,4.1,285,Khumaltar,27.6468,85.3248
2024-05-25T12:00,28.4,54,18.1,867.1,7.2,233,Khumaltar,27.6468,85.3248
2024-05-25T13:00,26.9,63,19.2,866.6,10.3,241,Khumaltar,27.6468,85.3248
2024-05-25T14:00,27.9,60,19.3,865.9,6.6,241,Khumaltar,27.6468,85.3248
2024-05-25T15:00,26.6,65,19.4,865.4,10.1,268,Khumaltar,27.6468,85.3248
2024-05-25T16:00,21.9,93,20.7,864.8,2.9,210,Khumaltar,27.6468,85.3248
2024-05-25T17:00,22.0,92,20.7,864.0,6.3,156,Khumaltar,27.6468,85.3248
2024-05-25T18:00,22.5,93,21.3,864.8,0.8,333,Khumaltar,27.6468,85.3248
2024-05-25T19:00,21.9,96,21.3,864.8,2.9,60,Khumaltar,27.6468,85.3248
2024-05-25T20:00,21.1,99,20.9,865.6,4.7,86,Khumaltar,27.6468,85.3248
2024-05-25T21:00,20.9,99,20.8,866.5,3.2,117,Khumaltar,27.6468,85.3248
2024-05-25T22:00,20.9,98,20.7,866.4,2.3,162,Khumaltar,27.6468,85.3248
2024-05-25T23:00,20.5,98,20.2,866.1,2.9,150,Khumaltar,27.6468,85.3248
2024-05-26T00:00,20.3,98,20.0,866.0,4.5,151,Khumaltar,27.6468,85.3248
2024-05-26T01:00,19.9,97,19.5,865.4,2.3,129,Khumaltar,27.6468,85.3248
2024-05-26T02:00,19.3,100,19.2,865.1,3.8,139,Khumaltar,27.6468,85.3248
2024-05-26T03:00,18.9,100,18.8,864.1,2.5,172,Khumaltar,27.6468,85.3248
2024-05-26T04:00,18.5,100,18.4,863.5,2.2,171,Khumaltar,27.6468,85.3248
2024-05-26T05:00,19.0,99,18.8,863.5,4.0,175,Khumaltar,27.6468,85.3248
2024-05-26T06:00,21.8,93,20.6,866.0,4.9,197,Khumaltar,27.6468,85.3248
2024-05-26T07:00,24.1,83,21.0,867.3,3.6,90,Khumaltar,27.6468,85.3248
2024-05-26T08:00,25.3,73,20.2,867.8,2.8,140,Khumaltar,27.6468,85.3248
2024-05-26T09:00,27.0,68,20.7,868.1,4.0,175,Khumaltar,27.6468,85.3248
2024-05-26T10:00,28.1,61,20.0,868.0,5.0,210,Khumaltar,27.6468,85.3248
2024-05-26T11:00,28.7,58,19.5,867.7,7.5,235,Khumaltar,27.6468,85.3248
2024-05-26T12:00,26.7,63,19.2,867.2,10.0,255,Khumaltar,27.6468,85.3248
2024-05-26T13:00,26.0,69,19.9,866.5,3.0,284,Khumaltar,27.6468,85.3248
2024-05-26T14:00,26.7,68,20.3,865.7,4.9,324,Khumaltar,27.6468,85.3248
2024-05-26T15:00,26.9,67,20.2,864.9,5.7,342,Khumaltar,27.6468,85.3248
2024-05-26T16:00,26.5,69,20.4,864.0,5.3,332,Khumaltar,27.6468,85.3248
2024-05-26T17:00,26.0,72,20.6,863.6,4.3,312,Khumaltar,27.6468,85.3248
2024-05-26T18:00,22.5,93,21.3,863.1,3.8,287,Khumaltar,27.6468,85.3248
2024-05-26T19:00,22.2,92,20.8,863.4,2.9,263,Khumaltar,27.6468,85.3248
2024-05-26T20:00,20.8,96,20.1,863.4,1.3,214,Khumaltar,27.6468,85.3248
2024-05-26T21:00,20.4,97,19.9,863.9,2.2,189,Khumaltar,27.6468,85.3248
2024-05-26T22:00,20.1,97,19.6,864.1,1.1,198,Khumaltar,27.6468,85.3248
2024-05-26T23:00,20.2,95,19.5,864.0,1.4,180,Khumaltar,27.6468,85.3248
2024-05-27T00:00,19.5,97,19.0,863.3,1.1,180,Khumaltar,27.6468,85.3248
2024-05-27T01:00,19.4,97,19.0,862.6,1.4,180,Khumaltar,27.6468,85.3248
2024-05-27T02:00,19.0,98,18.6,861.9,1.6,207,Khumaltar,27.6468,85.3248
2024-05-27T03:00,18.9,98,18.5,861.3,1.1,180,Khumaltar,27.6468,85.3248
2024-05-27T04:00,19.0,98,18.6,861.5,2.9,180,Khumaltar,27.6468,85.3248
2024-05-27T05:00,19.2,98,18.9,862.1,1.8,180,Khumaltar,27.6468,85.3248
2024-05-27T06:00,22.6,92,21.2,863.6,2.5,188,Khumaltar,27.6468,85.3248
2024-05-27T07:00,25.1,79,21.2,865.1,1.4,180,Khumaltar,27.6468,85.3248
2024-05-27T08:00,26.4,70,20.4,865.1,3.9,304,Khumaltar,27.6468,85.3248
2024-05-27T09:00,27.6,64,20.2,865.1,8.0,306,Khumaltar,27.6468,85.3248
2024-05-27T10:00,28.1,62,20.2,864.8,8.0,297,Khumaltar,27.6468,85.3248
2024-05-27T11:00,27.6,63,20.0,864.5,9.3,283,Khumaltar,27.6468,85.3248
2024-05-27T12:00,28.4,65,21.3,863.9,7.6,251,Khumaltar,27.6468,85.3248
2024-05-27T13:00,25.7,73,20.6,863.6,4.0,275,Khumaltar,27.6468,85.3248
2024-05-27T14:00,25.1,76,20.7,862.8,6.4,286,Khumaltar,27.6468,85.3248
2024-05-27T15:00,24.5,79,20.6,862.5,2.2,180,Khumaltar,27.6468,85.3248
2024-05-27T16:00,24.0,83,20.9,862.1,1.8,349,Khumaltar,27.6468,85.3248
2024-05-27T17:00,23.6,86,21.0,862.0,3.7,11,Khumaltar,27.6468,85.3248
2024-05-27T18:00,23.0,89,21.0,862.0,5.1,278,Khumaltar,27.6468,85.3248
2024-05-27T19:00,22.1,96,21.4,861.8,1.6,243,Khumaltar,27.6468,85.3248
2024-05-27T20:00,21.3,99,21.1,862.2,2.3,252,Khumaltar,27.6468,85.3248
2024-05-27T21:00,21.4,100,21.4,862.2,1.5,256,Khumaltar,27.6468,85.3248
2024-05-27T22:00,21.4,98,21.1,862.5,4.1,255,Khumaltar,27.6468,85.3248
2024-05-27T23:00,21.3,98,21.0,862.2,3.8,343,Khumaltar,27.6468,85.3248
2024-05-28T00:00,21.0,99,20.8,861.3,1.1,342,Khumaltar,27.6468,85.3248
2024-05-28T01:00,20.7,99,20.6,860.0,2.4,207,Khumaltar,27.6468,85.3248
2024-05-28T02:00,20.3,99,20.2,859.1,3.3,193,Khumaltar,27.6468,85.3248
2024-05-28T03:00,20.1,99,19.9,858.5,3.1,201,Khumaltar,27.6468,85.3248
2024-05-28T04:00,19.9,99,19.8,858.5,2.6,196,Khumaltar,27.6468,85.3248
2024-05-28T05:00,20.1,99,19.9,859.0,3.6,186,Khumaltar,27.6468,85.3248
2024-05-28T06:00,20.9,94,20.0,861.4,6.1,267,Khumaltar,27.6468,85.3248
2024-05-28T07:00,21.4,92,20.1,861.7,2.5,270,Khumaltar,27.6468,85.3248
2024-05-28T08:00,22.0,90,20.3,862.2,3.6,217,Khumaltar,27.6468,85.3248
2024-05-28T09:00,23.9,81,20.5,862.7,3.8,197,Khumaltar,27.6468,85.3248
2024-05-28T10:00,25.3,74,20.4,862.4,5.9,223,Khumaltar,27.6468,85.3248
2024-05-28T11:00,23.1,83,20.1,862.0,6.4,218,Khumaltar,27.6468,85.3248
2024-05-28T12:00,24.7,81,21.3,862.1,3.1,291,Khumaltar,27.6468,85.3248
2024-05-28T13:00,25.7,76,21.2,861.6,4.4,305,Khumaltar,27.6468,85.3248
2024-05-28T14:00,25.0,75,20.3,861.0,6.0,295,Khumaltar,27.6468,85.3248
2024-05-28T15:00,25.0,78,20.9,860.7,3.3,264,Khumaltar,27.6468,85.3248
2024-05-28T16:00,25.0,77,20.7,860.3,4.3,336,Khumaltar,27.6468,85.3248
2024-05-28T17:00,24.7,79,20.9,860.4,4.5,29,Khumaltar,27.6468,85.3248
2024-05-28T18:00,22.5,92,21.1,861.1,3.1,36,Khumaltar,27.6468,85.3248
2024-05-28T19:00,20.9,96,20.3,860.8,5.8,60,Khumaltar,27.6468,85.3248
2024-05-28T20:00,20.9,100,20.8,862.0,4.0,90,Khumaltar,27.6468,85.3248
2024-05-28T21:00,20.1,100,20.1,862.0,3.5,156,Khumaltar,27.6468,85.3248
2024-05-28T22:00,20.5,100,20.5,862.1,2.3,162,Khumaltar,27.6468,85.3248
2024-05-28T23:00,18.7,100,18.7,861.2,6.2,97,Khumaltar,27.6468,85.3248
2024-05-29T00:00,18.6,100,18.6,860.5,5.7,125,Khumaltar,27.6468,85.3248
2024-05-29T01:00,18.6,99,18.5,859.7,4.2,160,Khumaltar,27.6468,85.3248
2024-05-29T02:00,18.7,98,18.4,859.3,4.3,185,Khumaltar,27.6468,85.3248
2024-05-29T03:00,18.7,96,18.1,859.0,5.5,191,Khumaltar,27.6468,85.3248
2024-05-29T04:00,18.7,94,17.7,859.4,4.3,185,Khumaltar,27.6468,85.3248
2024-05-29T05:00,19.0,93,17.9,860.1,2.2,180,Khumaltar,27.6468,85.3248
2024-05-29T06:00,21.3,95,20.4,862.3,1.8,127,Khumaltar,27.6468,85.3248
2024-05-29T07:00,24.4,80,20.7,864.0,3.4,32,Khumaltar,27.6468,85.3248
2024-05-29T08:00,26.1,70,20.3,864.4,2.2,360,Khumaltar,27.6468,85.3248
2024-05-29T09:00,27.9,55,18.0,864.9,4.4,261,Khumaltar,27.6468,85.3248
2024-05-29T10:00,28.8,48,16.6,865.3,7.8,257,Khumaltar,27.6468,85.3248
2024-05-29T11:00,28.2,49,16.6,865.4,9.3,257,Khumaltar,27.6468,85.3248
2024-05-29T12:00,27.0,54,17.0,865.5,7.1,285,Khumaltar,27.6468,85.3248
2024-05-29T13:00,28.4,51,17.3,864.9,7.9,267,Khumaltar,27.6468,85.3248
2024-05-29T14:00,27.2,55,17.4,864.8,6.4,308,Khumaltar,27.6468,85.3248
2024-05-29T15:00,26.6,61,18.5,864.4,8.4,335,Khumaltar,27.6468,85.3248
2024-05-29T16:00,26.0,67,19.5,863.8,6.9,351,Khumaltar,27.6468,85.3248
2024-05-29T17:00,25.4,70,19.5,863.7,4.6,342,Khumaltar,27.6468,85.3248
2024-05-29T18:00,23.7,83,20.6,863.6,4.1,285,Khumaltar,27.6468,85.3248
2024-05-29T19:00,22.0,90,20.2,863.2,3.9,248,Khumaltar,27.6468,85.3248
2024-05-29T20:00,21.0,92,19.6,863.3,2.5,225,Khumaltar,27.6468,85.3248
2024-05-29T21:00,21.0,90,19.2,863.8,2.6,214,Khumaltar,27.6468,85.3248
2024-05-29T22:00,20.3,89,18.5,863.7,1.5,194,Khumaltar,27.6468,85.3248
2024-05-29T23:00,22.7,74,17.9,864.6,4.0,153,Khumaltar,27.6468,85.3248
2024-05-30T00:00,23.2,72,17.9,864.1,4.1,142,Khumaltar,27.6468,85.3248
2024-05-30T01:00,23.3,71,17.8,863.7,3.1,144,Khumaltar,27.6468,85.3248
2024-05-30T02:00,23.3,68,17.1,863.6,3.2,153,Khumaltar,27.6468,85.3248
2024-05-30T03:00,21.1,74,16.3,862.4,3.4,162,Khumaltar,27.6468,85.3248
2024-05-30T04:00,19.5,80,16.0,861.8,3.3,193,Khumaltar,27.6468,85.3248
2024-05-30T05:00,20.2,78,16.3,862.7,3.9,202,Khumaltar,27.6468,85.3248
2024-05-30T06:00,24.1,70,18.4,865.5,1.6,153,Khumaltar,27.6468,85.3248
2024-05-30T07:00,26.5,66,19.7,867.1,5.5,32,Khumaltar,27.6468,85.3248
2024-05-30T08:00,28.1,56,18.6,867.8,4.7,356,Khumaltar,27.6468,85.3248
2024-05-30T09:00,30.1,44,16.3,868.0,7.8,292,Khumaltar,27.6468,85.3248
2024-05-30T10:00,31.1,37,14.8,867.9,13.0,276,Khumaltar,27.6468,85.3248
2024-05-30T11:00,30.6,38,14.9,867.8,14.1,257,Khumaltar,27.6468,85.3248
2024-05-30T12:00,29.7,43,15.9,867.2,12.0,263,Khumaltar,27.6468,85.3248
2024-05-30T13:00,29.8,45,16.5,866.8,11.9,272,Khumaltar,27.6468,85.3248
2024-05-30T14:00,29.8,44,16.3,866.1,10.8,274,Khumaltar,27.6468,85.3248
2024-05-30T15:00,27.7,53,17.3,866.0,8.3,268,Khumaltar,27.6468,85.3248
2024-05-30T16:00,28.0,53,17.4,865.2,7.6,315,Khumaltar,27.6468,85.3248
2024-05-30T17:00,26.6,62,18.6,865.2,5.3,332,Khumaltar,27.6468,85.3248
2024-05-30T18:00,24.2,72,18.9,865.3,5.5,259,Khumaltar,27.6468,85.3248
2024-05-30T19:00,22.9,78,18.9,865.5,4.4,235,Khumaltar,27.6468,85.3248
2024-05-30T20:00,22.8,79,19.1,866.5,8.2,209,Khumaltar,27.6468,85.3248
2024-05-30T21:00,21.4,93,20.2,866.3,3.7,209,Khumaltar,27.6468,85.3248
2024-05-30T22:00,20.5,98,20.2,865.7,1.1,198,Khumaltar,27.6468,85.3248
2024-05-30T23:00,20.7,98,20.3,865.3,1.8,217,Khumaltar,27.6468,85.3248
2024-05-31T00:00,20.7,95,19.9,864.8,2.8,230,Khumaltar,27.6468,85.3248
2024-05-31T01:00,22.1,84,19.3,865.3,3.9,214,Khumaltar,27.6468,85.3248
2024-05-31T02:00,22.9,76,18.5,865.1,3.3,186,Khumaltar,27.6468,85.3248
2024-05-31T03:00,22.9,75,18.2,864.9,1.8,191,Khumaltar,27.6468,85.3248
2024-05-31T04:00,19.8,88,17.7,863.6,2.3,219,Khumaltar,27.6468,85.3248
2024-05-31T05:00,20.9,85,18.4,864.5,3.8,221,Khumaltar,27.6468,85.3248
2024-05-31T06:00,23.3,85,20.6,867.1,5.4,290,Khumaltar,27.6468,85.3248
2024-05-31T07:00,25.0,76,20.5,868.0,5.6,297,Khumaltar,27.6468,85.3248
2024-05-31T08:00,27.2,65,20.1,868.5,8.1,283,Khumaltar,27.6468,85.3248
2024-05-31T09:00,28.0,57,18.7,868.8,10.5,278,Khumaltar,27.6468,85.3248
2024-05-31T10:00,28.3,55,18.3,868.5,10.2,288,Khumaltar,27.6468,85.3248
2024-05-31T11:00,29.2,53,18.5,868.5,10.6,294,Khumaltar,27.6468,85.3248
2024-05-31T12:00,29.6,50,18.0,867.9,12.4,292,Khumaltar,27.6468,85.3248
2024-05-31T13:00,29.8,47,17.4,867.2,13.2,292,Khumaltar,27.6468,85.3248
2024-05-31T14:00,29.3,47,16.8,866.5,13.2,287,Khumaltar,27.6468,85.3248
2024-05-31T15:00,27.7,56,18.2,866.1,10.1,274,Khumaltar,27.6468,85.3248
2024-05-31T16:00,27.4,58,18.3,866.1,9.2,291,Khumaltar,27.6468,85.3248
2024-05-31T17:00,25.9,65,18.8,865.8,8.1,283,Khumaltar,27.6468,85.3248
2024-05-31T18:00,23.0,83,20.0,866.1,5.0,291,Khumaltar,27.6468,85.3248
2024-05-31T19:00,21.7,86,19.2,866.0,4.0,243,Khumaltar,27.6468,85.3248
2024-05-31T20:00,20.8,89,18.9,865.7,3.1,225,Khumaltar,27.6468,85.3248
2024-05-31T21:00,20.4,92,19.1,865.9,3.5,204,Khumaltar,27.6468,85.3248
2024-05-31T22:00,20.0,97,19.5,866.6,5.6,207,Khumaltar,27.6468,85.3248
2024-05-31T23:00,20.6,97,20.1,866.6,0.7,180,Khumaltar,27.6468,85.3248
2024-06-01T00:00,20.4,96,19.8,866.2,2.6,146,Khumaltar,27.6468,85.3248
2024-06-01T01:00,20.2,96,19.5,865.8,3.0,166,Khumaltar,27.6468,85.3248
2024-06-01T02:00,19.7,98,19.4,865.4,4.7,180,Khumaltar,27.6468,85.3248
2024-06-01T03:00,19.1,99,19.0,865.3,4.3,175,Khumaltar,27.6468,85.3248
2024-06-01T04:00,18.8,100,18.8,865.4,4.3,185,Khumaltar,27.6468,85.3248
2024-06-01T05:00,19.0,99,18.9,866.2,3.6,174,Khumaltar,27.6468,85.3248
2024-06-01T06:00,19.9,97,19.4,867.6,4.0,95,Khumaltar,27.6468,85.3248
2024-06-01T07:00,22.2,86,19.8,868.6,2.9,83,Khumaltar,27.6468,85.3248
2024-06-01T08:00,24.5,75,19.8,869.1,1.1,72,Khumaltar,27.6468,85.3248
2024-06-01T09:00,26.2,61,18.1,869.8,4.3,246,Khumaltar,27.6468,85.3248
2024-06-01T10:00,27.4,56,17.7,870.0,6.6,261,Khumaltar,27.6468,85.3248
2024-06-01T11:00,24.4,66,17.7,870.0,5.4,217,Khumaltar,27.6468,85.3248
2024-06-01T12:00,25.3,61,17.3,869.2,3.4,288,Khumaltar,27.6468,85.3248
2024-06-01T13:00,26.4,59,17.7,869.0,1.3,326,Khumaltar,27.6468,85.3248
2024-06-01T14:00,26.8,57,17.7,868.1,5.0,270,Khumaltar,27.6468,85.3248
2024-06-01T15:00,26.2,58,17.4,867.5,4.5,346,Khumaltar,27.6468,85.3248
2024-06-01T16:00,26.2,58,17.4,867.2,3.4,328,Khumaltar,27.6468,85.3248
2024-06-01T17:00,25.4,63,17.7,867.0,5.4,318,Khumaltar,27.6468,85.3248
2024-06-01T18:00,22.6,81,19.3,867.1,4.5,331,Khumaltar,27.6468,85.3248
2024-06-01T19:00,20.9,92,19.5,866.8,2.9,277,Khumaltar,27.6468,85.3248
2024-06-01T20:00,20.1,95,19.3,866.5,2.1,211,Khumaltar,27.6468,85.3248
2024-06-01T21:00,19.7,94,18.8,866.6,1.1,198,Khumaltar,27.6468,85.3248
2024-06-01T22:00,20.0,92,18.7,866.9,5.1,184,Khumaltar,27.6468,85.3248
2024-06-01T23:00,19.6,92,18.4,867.2,4.0,185,Khumaltar,27.6468,85.3248
2024-06-02T00:00,19.4,93,18.2,866.7,2.5,188,Khumaltar,27.6468,85.3248
2024-06-02T01:00,18.7,95,17.9,866.7,2.7,247,Khumaltar,27.6468,85.3248
2024-06-02T02:00,18.9,95,18.0,866.3,1.5,166,Khumaltar,27.6468,85.3248
2024-06-02T03:00,18.4,95,17.7,866.2,1.3,214,Khumaltar,27.6468,85.3248
2024-06-02T04:00,18.7,93,17.5,866.5,2.3,198,Khumaltar,27.6468,85.3248
2024-06-02T05:00,19.3,92,18.0,867.2,0.4,180,Khumaltar,27.6468,85.3248
2024-06-02T06:00,20.6,87,18.4,868.7,2.9,120,Khumaltar,27.6468,85.3248
2024-06-02T07:00,23.3,72,18.1,870.2,4.4,55,Khumaltar,27.6468,85.3248
2024-06-02T08:00,25.4,64,18.2,870.8,4.6,51,Khumaltar,27.6468,85.3248
2024-06-02T09:00,27.1,56,17.6,870.4,4.3,336,Khumaltar,27.6468,85.3248
2024-06-02T10:00,25.6,59,16.9,870.1,9.5,245,Khumaltar,27.6468,85.3248
2024-06-02T11:00,27.5,54,17.5,870.1,9.3,306,Khumaltar,27.6468,85.3248
2024-06-02T12:00,27.8,51,16.6,869.7,10.4,304,Khumaltar,27.6468,85.3248
2024-06-02T13:00,27.7,53,17.4,869.2,7.9,300,Khumaltar,27.6468,85.3248
2024-06-02T14:00,28.3,53,17.8,868.3,5.7,305,Khumaltar,27.6468,85.3248
2024-06-02T15:00,28.6,50,17.1,867.4,7.1,285,Khumaltar,27.6468,85.3248
2024-06-02T16:00,27.5,54,17.5,866.8,9.7,301,Khumaltar,27.6468,85.3248
2024-06-02T17:00,26.3,63,18.6,866.8,6.2,306,Khumaltar,27.6468,85.3248
2024-06-02T18:00,22.3,75,17.7,865.9,3.9,236,Khumaltar,27.6468,85.3248
2024-06-02T19:00,21.2,85,18.5,866.5,4.9,216,Khumaltar,27.6468,85.3248
2024-06-02T20:00,21.0,95,20.1,867.2,5.8,210,Khumaltar,27.6468,85.3248
2024-06-02T21:00,20.7,100,20.7,868.0,8.9,220,Khumaltar,27.6468,85.3248
2024-06-02T22:00,20.3,100,20.3,869.2,6.9,223,Khumaltar,27.6468,85.3248
2024-06-02T23:00,20.0,99,19.8,868.6,4.8,222,Khumaltar,27.6468,85.3248
2024-06-03T00:00,19.7,99,19.5,868.3,1.8,53,Khumaltar,27.6468,85.3248
2024-06-03T01:00,19.0,100,19.0,867.4,1.4,90,Khumaltar,27.6468,85.3248
2024-06-03T02:00,18.7,100,18.6,866.5,1.5,166,Khumaltar,27.6468,85.3248
2024-06-03T03:00,18.1,99,18.0,865.7,3.3,186,Khumaltar,27.6468,85.3248
2024-06-03T04:00,17.5,100,17.5,865.4,2.9,180,Khumaltar,27.6468,85.3248
2024-06-03T05:00,17.4,99,17.3,865.7,2.2,180,Khumaltar,27.6468,85.3248
2024-06-03T06:00,19.9,97,19.4,866.8,0.5,135,Khumaltar,27.6468,85.3248
2024-06-03T07:00,22.6,81,19.2,868.3,2.4,63,Khumaltar,27.6468,85.3248
2024-06-03T08:00,24.7,67,18.2,868.9,1.5,225,Khumaltar,27.6468,85.3248
2024-06-03T09:00,26.1,58,17.2,869.6,6.2,263,Khumaltar,27.6468,85.3248
2024-06-03T10:00,25.8,61,17.6,869.5,6.5,251,Khumaltar,27.6468,85.3248
2024-06-03T11:00,26.5,61,18.3,869.2,7.2,270,Khumaltar,27.6468,85.3248
2024-06-03T12:00,27.0,60,18.7,868.8,8.1,283,Khumaltar,27.6468,85.3248
2024-06-03T13:00,26.0,64,18.7,867.7,10.3,295,Khumaltar,27.6468,85.3248
2024-06-03T14:00,25.5,64,18.3,867.0,4.0,260,Khumaltar,27.6468,85.3248
2024-06-03T15:00,26.2,60,17.9,866.3,7.0,291,Khumaltar,27.6468,85.3248
2024-06-03T16:00,26.1,59,17.6,865.8,7.1,311,Khumaltar,27.6468,85.3248
2024-06-03T17:00,25.2,64,17.9,865.8,7.6,315,Khumaltar,27.6468,85.3248
2024-06-03T18:00,23.4,75,18.6,866.3,6.6,311,Khumaltar,27.6468,85.3248
2024-06-03T19:00,22.1,83,19.1,866.6,4.5,299,Khumaltar,27.6468,85.3248
2024-06-03T20:00,21.8,84,19.0,867.0,4.3,294,Khumaltar,27.6468,85.3248
2024-06-03T21:00,20.2,94,19.2,866.9,2.8,230,Khumaltar,27.6468,85.3248
2024-06-03T22:00,19.6,95,18.9,866.8,0.4,180,Khumaltar,27.6468,85.3248
2024-06-03T23:00,19.1,96,18.5,866.0,1.1,180,Khumaltar,27.6468,85.3248
2024-06-04T00:00,18.9,96,18.2,865.3,0.4,180,Khumaltar,27.6468,85.3248
2024-06-04T01:00,18.6,96,17.9,864.8,0.4,180,Khumaltar,27.6468,85.3248
2024-06-04T02:00,18.5,95,17.6,864.4,1.1,180,Khumaltar,27.6468,85.3248
2024-06-04T03:00,18.8,93,17.6,864.2,2.2,171,Khumaltar,27.6468,85.3248
2024-06-04T04:00,18.8,93,17.6,864.8,4.6,225,Khumaltar,27.6468,85.3248
2024-06-04T05:00,19.8,91,18.2,866.1,1.1,198,Khumaltar,27.6468,85.3248
2024-06-04T06:00,21.7,86,19.2,867.7,3.8,197,Khumaltar,27.6468,85.3248
2024-06-04T07:00,23.5,76,19.1,868.8,1.1,342,Khumaltar,27.6468,85.3248
2024-06-04T08:00,24.5,73,19.5,869.4,1.8,349,Khumaltar,27.6468,85.3248
2024-06-04T09:00,25.8,68,19.5,870.1,2.9,300,Khumaltar,27.6468,85.3248
2024-06-04T10:00,27.2,61,18.9,869.9,7.8,292,Khumaltar,27.6468,85.3248
2024-06-04T11:00,26.4,57,17.2,869.4,9.3,298,Khumaltar,27.6468,85.3248
2024-06-04T12:00,26.9,60,18.4,868.9,6.8,295,Khumaltar,27.6468,85.3248
2024-06-04T13:00,27.6,59,18.7,868.1,7.5,287,Khumaltar,27.6468,85.3248
2024-06-04T14:00,24.6,69,18.7,867.4,12.0,291,Khumaltar,27.6468,85.3248
2024-06-04T15:00,25.4,64,18.2,867.0,3.2,270,Khumaltar,27.6468,85.3248
2024-06-04T16:00,24.7,66,18.0,866.5,1.3,214,Khumaltar,27.6468,85.3248
2024-06-04T17:00,24.9,67,18.2,866.5,4.0,260,Khumaltar,27.6468,85.3248
2024-06-04T18:00,23.3,75,18.6,866.4,3.8,253,Khumaltar,27.6468,85.3248
2024-06-04T19:00,21.6,83,18.6,866.7,6.3,239,Khumaltar,27.6468,85.3248
2024-06-04T20:00,20.9,88,18.9,867.4,7.1,210,Khumaltar,27.6468,85.3248
2024-06-04T21:00,20.1,96,19.5,867.5,2.8,310,Khumaltar,27.6468,85.3248
2024-06-04T22:00,19.3,97,18.8,867.9,1.6,207,Khumaltar,27.6468,85.3248
2024-06-04T23:00,19.3,97,18.8,867.6,3.4,148,Khumaltar,27.6468,85.3248
2024-06-05T00:00,18.9,97,18.4,867.1,4.0,175,Khumaltar,27.6468,85.3248
2024-06-05T01:00,18.7,98,18.4,866.8,2.2,180,Khumaltar,27.6468,85.3248
2024-06-05T02:00,18.6,100,18.6,866.2,2.8,50,Khumaltar,27.6468,85.3248
2024-06-05T03:00,19.0,99,18.8,866.4,2.7,113,Khumaltar,27.6468,85.3248
2024-06-05T04:00,18.9,97,18.5,866.9,1.9,112,Khumaltar,27.6468,85.3248
2024-06-05T05:00,18.8,96,18.2,866.9,5.6,153,Khumaltar,27.6468,85.3248
2024-06-05T06:00,19.9,92,18.6,868.0,3.2,117,Khumaltar,27.6468,85.3248
2024-06-05T07:00,21.7,87,19.4,869.4,2.2,99,Khumaltar,27.6468,85.3248
2024-06-05T08:00,23.5,78,19.3,870.0,4.3,66,Khumaltar,27.6468,85.3248
2024-06-05T09:00,25.2,68,18.8,870.1,2.1,59,Khumaltar,27.6468,85.3248
2024-06-05T10:00,26.4,62,18.5,869.8,4.3,275,Khumaltar,27.6468,85.3248
2024-06-05T11:00,27.1,58,18.0,869.6,6.9,264,Khumaltar,27.6468,85.3248
2024-06-05T12:00,25.6,64,18.2,868.9,7.6,251,Khumaltar,27.6468,85.3248
2024-06-05T13:00,24.8,68,18.5,868.5,6.4,223,Khumaltar,27.6468,85.3248
2024-06-05T14:00,24.0,69,18.0,867.8,6.8,252,Khumaltar,27.6468,85.3248
2024-06-05T15:00,24.3,71,18.6,867.3,2.2,261,Khumaltar,27.6468,85.3248
2024-06-05T16:00,23.9,72,18.4,866.7,5.1,278,Khumaltar,27.6468,85.3248
2024-06-05T17:00,23.7,73,18.5,866.7,4.2,290,Khumaltar,27.6468,85.3248
2024-06-05T18:00,21.8,87,19.5,866.2,1.9,202,Khumaltar,27.6468,85.3248
2024-06-05T19:00,20.3,89,18.4,866.1,3.8,197,Khumaltar,27.6468,85.3248
2024-06-05T20:00,19.3,95,18.5,866.4,5.7,198,Khumaltar,27.6468,85.3248
2024-06-05T21:00,19.2,98,18.9,866.7,5.2,192,Khumaltar,27.6468,85.3248
2024-06-05T22:00,19.1,100,19.1,867.5,5.5,191,Khumaltar,27.6468,85.3248
2024-06-05T23:00,19.6,100,19.5,867.8,2.3,198,Khumaltar,27.6468,85.3248
2024-06-06T00:00,19.5,100,19.5,868.1,6.0,197,Khumaltar,27.6468,85.3248
2024-06-06T01:00,19.4,100,19.3,867.4,3.2,117,Khumaltar,27.6468,85.3248
2024-06-06T02:00,19.0,100,19.0,867.6,5.0,201,Khumaltar,27.6468,85.3248
2024-06-06T03:00,18.9,100,18.9,867.2,2.1,239,Khumaltar,27.6468,85.3248
2024-06-06T04:00,18.4,99,18.2,867.2,0.4,180,Khumaltar,27.6468,85.3248
2024-06-06T05:00,18.9,98,18.7,867.5,1.8,169,Khumaltar,27.6468,85.3248
2024-06-06T06:00,21.1,90,19.4,869.2,3.0,194,Khumaltar,27.6468,85.3248
2024-06-06T07:00,23.0,82,19.8,870.4,2.0,45,Khumaltar,27.6468,85.3248
2024-06-06T08:00,24.9,73,19.7,871.0,3.3,77,Khumaltar,27.6468,85.3248
2024-06-06T09:00,26.3,67,19.7,870.8,3.8,163,Khumaltar,27.6468,85.3248
2024-06-06T10:00,27.6,62,19.6,870.6,5.4,200,Khumaltar,27.6468,85.3248
2024-06-06T11:00,27.8,60,19.4,870.1,8.9,212,Khumaltar,27.6468,85.3248
2024-06-06T12:00,27.4,60,19.1,869.6,10.2,225,Khumaltar,27.6468,85.3248
2024-06-06T13:00,27.5,60,19.0,868.8,8.8,251,Khumaltar,27.6468,85.3248
2024-06-06T14:00,27.2,59,18.6,868.1,9.0,275,Khumaltar,27.6468,85.3248
2024-06-06T15:00,26.9,59,18.1,867.3,9.6,283,Khumaltar,27.6468,85.3248
2024-06-06T16:00,26.2,61,18.1,866.7,9.7,292,Khumaltar,27.6468,85.3248
2024-06-06T17:00,24.8,68,18.5,866.7,7.4,284,Khumaltar,27.6468,85.3248
2024-06-06T18:00,22.6,84,19.8,866.6,3.8,311,Khumaltar,27.6468,85.3248
2024-06-06T19:00,21.3,94,20.3,866.5,2.7,293,Khumaltar,27.6468,85.3248
2024-06-06T20:00,20.7,97,20.2,866.5,2.6,286,Khumaltar,27.6468,85.3248
2024-06-06T21:00,20.9,95,20.1,867.6,2.6,254,Khumaltar,27.6468,85.3248
2024-06-06T22:00,20.6,97,20.1,868.1,1.0,225,Khumaltar,27.6468,85.3248
2024-06-06T23:00,20.5,98,20.2,867.9,0.5,315,Khumaltar,27.6468,85.3248
2024-06-07T00:00,20.4,98,20.0,867.2,0.5,225,Khumaltar,27.6468,85.3248
2024-06-07T01:00,20.1,98,19.8,866.9,2.6,164,Khumaltar,27.6468,85.3248
2024-06-07T02:00,20.0,97,19.6,866.9,2.2,180,Khumaltar,27.6468,85.3248
2024-06-07T03:00,19.0,98,18.8,866.8,4.1,285,Khumaltar,27.6468,85.3248
2024-06-07T04:00,18.9,95,18.1,866.6,3.7,151,Khumaltar,27.6468,85.3248
2024-06-07T05:00,18.9,93,17.7,866.7,1.1,72,Khumaltar,27.6468,85.3248
2024-06-07T06:00,19.8,98,19.4,867.1,4.3,138,Khumaltar,27.6468,85.3248
2024-06-07T07:00,22.4,82,19.2,868.0,4.3,204,Khumaltar,27.6468,85.3248
2024-06-07T08:00,23.9,74,18.9,868.2,3.1,234,Khumaltar,27.6468,85.3248
2024-06-07T09:00,24.7,70,18.9,868.5,3.1,249,Khumaltar,27.6468,85.3248
2024-06-07T10:00,24.7,70,19.0,868.2,6.8,252,Khumaltar,27.6468,85.3248
2024-06-07T11:00,23.9,74,19.0,867.8,6.4,223,Khumaltar,27.6468,85.3248
2024-06-07T12:00,23.6,75,18.9,866.9,4.0,265,Khumaltar,27.6468,85.3248
2024-06-07T13:00,24.9,72,19.5,866.6,6.2,260,Khumaltar,27.6468,85.3248
2024-06-07T14:00,25.6,69,19.4,865.8,5.4,274,Khumaltar,27.6468,85.3248
2024-06-07T15:00,24.8,71,19.1,865.4,6.3,283,Khumaltar,27.6468,85.3248
2024-06-07T16:00,24.2,74,19.2,864.9,6.1,310,Khumaltar,27.6468,85.3248
2024-06-07T17:00,23.6,79,19.7,864.7,7.7,319,Khumaltar,27.6468,85.3248
2024-06-07T18:00,22.0,88,20.0,864.7,4.0,333,Khumaltar,27.6468,85.3248
2024-06-07T19:00,20.4,96,19.8,864.4,5.5,11,Khumaltar,27.6468,85.3248
2024-06-07T20:00,20.2,97,19.7,864.8,4.2,110,Khumaltar,27.6468,85.3248
2024-06-07T21:00,19.3,99,19.1,865.1,3.6,135,Khumaltar,27.6468,85.3248
2024-06-07T22:00,19.0,98,18.8,865.2,3.4,162,Khumaltar,27.6468,85.3248
2024-06-07T23:00,19.2,97,18.7,865.0,3.6,186,Khumaltar,27.6468,85.3248
2024-06-08T00:00,18.9,96,18.3,864.7,3.8,197,Khumaltar,27.6468,85.3248
2024-06-08T01:00,19.2,95,18.4,864.7,4.5,209,Khumaltar,27.6468,85.3248
2024-06-08T02:00,18.6,96,18.0,864.3,2.9,210,Khumaltar,27.6468,85.3248
2024-06-08T03:00,19.9,91,18.5,865.0,4.6,309,Khumaltar,27.6468,85.3248
2024-06-08T04:00,19.8,93,18.5,865.1,2.3,198,Khumaltar,27.6468,85.3248
2024-06-08T05:00,19.3,96,18.7,864.9,1.5,166,Khumaltar,27.6468,85.3248
2024-06-08T06:00,20.9,93,19.8,865.9,2.5,172,Khumaltar,27.6468,85.3248
2024-06-08T07:00,22.9,84,20.1,867.1,0.8,333,Khumaltar,27.6468,85.3248
2024-06-08T08:00,24.2,74,19.3,867.2,5.6,297,Khumaltar,27.6468,85.3248
2024-06-08T09:00,25.4,69,19.3,867.4,9.2,296,Khumaltar,27.6468,85.3248
2024-06-08T10:00,26.5,65,19.4,867.3,10.0,291,Khumaltar,27.6468,85.3248
2024-06-08T11:00,27.3,61,19.3,867.0,9.9,280,Khumaltar,27.6468,85.3248
2024-06-08T12:00,27.2,60,18.7,866.4,10.4,272,Khumaltar,27.6468,85.3248
2024-06-08T13:00,27.0,59,18.4,865.9,9.6,257,Khumaltar,27.6468,85.3248
2024-06-08T14:00,26.9,60,18.4,865.3,8.3,268,Khumaltar,27.6468,85.3248
2024-06-08T15:00,27.0,60,18.5,865.0,9.4,293,Khumaltar,27.6468,85.3248
2024-06-08T16:00,26.1,64,18.6,864.5,9.1,288,Khumaltar,27.6468,85.3248
2024-06-08T17:00,25.0,70,19.2,864.4,10.4,316,Khumaltar,27.6468,85.3248
2024-06-08T18:00,23.2,82,19.9,864.6,5.4,318,Khumaltar,27.6468,85.3248
2024-06-08T19:00,21.5,93,20.3,864.5,4.2,301,Khumaltar,27.6468,85.3248
2024-06-08T20:00,20.7,95,20.0,864.7,3.7,241,Khumaltar,27.6468,85.3248
2024-06-08T21:00,20.5,95,19.6,865.3,3.6,217,Khumaltar,27.6468,85.3248
2024-06-08T22:00,20.5,94,19.5,865.4,2.8,220,Khumaltar,27.6468,85.3248
2024-06-08T23:00,21.7,86,19.2,865.6,3.7,241,Khumaltar,27.6468,85.3248
2024-06-09T00:00,22.0,82,18.8,865.4,4.9,287,Khumaltar,27.6468,85.3248
2024-06-09T01:00,21.6,84,18.7,864.6,2.0,225,Khumaltar,27.6468,85.3248
2024-06-09T02:00,21.9,83,18.8,864.7,1.1,162,Khumaltar,27.6468,85.3248
2024-06-09T03:00,21.9,82,18.7,864.4,1.8,191,Khumaltar,27.6468,85.3248
2024-06-09T04:00,21.9,82,18.6,864.3,4.0,243,Khumaltar,27.6468,85.3248
2024-06-09T05:00,20.5,87,18.2,863.9,4.8,257,Khumaltar,27.6468,85.3248
2024-06-09T06:00,22.7,87,20.5,865.4,1.1,252,Khumaltar,27.6468,85.3248
2024-06-09T07:00,24.9,69,18.9,866.5,1.1,18,Khumaltar,27.6468,85.3248
2024-06-09T08:00,26.4,61,18.3,867.0,2.1,329,Khumaltar,27.6468,85.3248
2024-06-09T09:00,27.5,58,18.5,867.1,6.0,303,Khumaltar,27.6468,85.3248
2024-06-09T10:00,28.6,55,18.6,866.8,10.2,293,Khumaltar,27.6468,85.3248
2024-06-09T11:00,29.0,53,18.6,866.8,13.0,294,Khumaltar,27.6468,85.3248
2024-06-09T12:00,29.1,53,18.6,866.6,12.6,294,Khumaltar,27.6468,85.3248
2024-06-09T13:00,29.2,53,18.5,866.3,11.8,297,Khumaltar,27.6468,85.3248
2024-06-09T14:00,29.2,52,18.5,865.7,11.3,301,Khumaltar,27.6468,85.3248
2024-06-09T15:00,28.7,54,18.5,865.2,11.8,308,Khumaltar,27.6468,85.3248
2024-06-09T16:00,27.3,61,19.2,864.8,11.8,310,Khumaltar,27.6468,85.3248
2024-06-09T17:00,26.1,67,19.6,864.5,8.2,311,Khumaltar,27.6468,85.3248
2024-06-09T18:00,24.5,77,20.3,865.1,4.0,297,Khumaltar,27.6468,85.3248
2024-06-09T19:00,22.8,87,20.5,865.2,4.1,255,Khumaltar,27.6468,85.3248
2024-06-09T20:00,22.2,89,20.3,865.7,4.9,253,Khumaltar,27.6468,85.3248
2024-06-09T21:00,22.2,88,20.0,866.1,3.5,246,Khumaltar,27.6468,85.3248
2024-06-09T22:00,21.5,91,20.0,865.9,5.1,262,Khumaltar,27.6468,85.3248
2024-06-09T23:00,22.2,87,19.9,866.3,3.4,238,Khumaltar,27.6468,85.3248
2024-06-10T00:00,21.4,89,19.6,865.9,2.1,211,Khumaltar,27.6468,85.3248
2024-06-10T01:00,22.0,86,19.5,865.8,2.5,225,Khumaltar,27.6468,85.3248
2024-06-10T02:00,23.1,79,19.2,865.8,2.6,236,Khumaltar,27.6468,85.3248
2024-06-10T03:00,22.5,79,18.7,865.4,2.6,236,Khumaltar,27.6468,85.3248
2024-06-10T04:00,22.3,79,18.4,865.4,3.8,253,Khumaltar,27.6468,85.3248
2024-06-10T05:00,22.4,78,18.3,865.7,3.7,259,Khumaltar,27.6468,85.3248
2024-06-10T06:00,23.2,84,20.3,866.4,1.5,284,Khumaltar,27.6468,85.3248
2024-06-10T07:00,25.3,70,19.4,867.3,2.6,16,Khumaltar,27.6468,85.3248
2024-06-10T08:00,27.2,57,17.9,867.7,2.7,337,Khumaltar,27.6468,85.3248
2024-06-10T09:00,28.9,48,16.7,868.1,5.7,288,Khumaltar,27.6468,85.3248
2024-06-10T10:00,30.3,42,16.0,868.0,9.2,281,Khumaltar,27.6468,85.3248
2024-06-10T11:00,30.7,41,16.0,867.9,12.8,286,Khumaltar,27.6468,85.3248
2024-06-10T12:00,30.4,45,17.0,867.5,14.2,291,Khumaltar,27.6468,85.3248
2024-06-10T13:00,30.0,46,17.2,866.9,12.9,300,Khumaltar,27.6468,85.3248
2024-06-10T14:00,29.4,50,17.9,866.0,13.4,306,Khumaltar,27.6468,85.3248
2024-06-10T15:00,28.9,53,18.5,865.4,12.3,302,Khumaltar,27.6468,85.3248
2024-06-10T16:00,28.2,57,18.9,865.0,10.3,295,Khumaltar,27.6468,85.3248
2024-06-10T17:00,27.3,62,19.4,864.7,7.0,282,Khumaltar,27.6468,85.3248
2024-06-10T18:00,24.9,75,20.1,864.9,4.0,275,Khumaltar,27.6468,85.3248
2024-06-10T19:00,23.3,82,20.1,865.3,3.6,233,Khumaltar,27.6468,85.3248
2024-06-10T20:00,22.6,91,21.0,866.2,3.4,212,Khumaltar,27.6468,85.3248
2024-06-10T21:00,22.1,98,21.7,866.5,4.1,218,Khumaltar,27.6468,85.3248
2024-06-10T22:00,21.8,100,21.8,866.3,3.3,221,Khumaltar,27.6468,85.3248
2024-06-10T23:00,21.3,100,21.3,866.1,1.9,202,Khumaltar,27.6468,85.3248
2024-06-11T00:00,20.7,100,20.7,865.6,0.0,270,Khumaltar,27.6468,85.3248
2024-06-11T01:00,20.3,100,20.3,864.9,0.7,180,Khumaltar,27.6468,85.3248
2024-06-11T02:00,19.8,100,19.7,864.3,0.7,180,Khumaltar,27.6468,85.3248
2024-06-11T03:00,19.4,100,19.3,863.9,2.3,198,Khumaltar,27.6468,85.3248
2024-06-11T04:00,19.2,100,19.2,863.7,2.6,196,Khumaltar,27.6468,85.3248
2024-06-11T05:00,19.5,100,19.4,864.3,2.9,210,Khumaltar,27.6468,85.3248
2024-06-11T06:00,22.5,96,21.8,866.1,1.8,217,Khumaltar,27.6468,85.3248
2024-06-11T07:00,24.9,78,20.8,867.4,1.3,214,Khumaltar,27.6468,85.3248
2024-06-11T08:00,26.4,69,20.2,868.0,1.5,256,Khumaltar,27.6468,85.3248
2024-06-11T09:00,27.9,61,19.8,867.9,4.5,284,Khumaltar,27.6468,85.3248
2024-06-11T10:00,29.0,56,19.4,867.5,8.6,292,Khumaltar,27.6468,85.3248
2024-06-11T11:00,29.1,56,19.5,867.4,10.9,287,Khumaltar,27.6468,85.3248
2024-06-11T12:00,29.2,56,19.5,867.0,10.1,274,Khumaltar,27.6468,85.3248
2024-06-11T13:00,28.9,57,19.6,866.3,9.8,276,Khumaltar,27.6468,85.3248
2024-06-11T14:00,28.2,60,19.7,865.7,6.6,257,Khumaltar,27.6468,85.3248
2024-06-11T15:00,27.9,62,20.0,865.2,8.6,255,Khumaltar,27.6468,85.3248
2024-06-11T16:00,27.2,65,20.1,865.2,8.4,263,Khumaltar,27.6468,85.3248
2024-06-11T17:00,26.4,67,19.9,865.0,7.6,289,Khumaltar,27.6468,85.3248
2024-06-11T18:00,24.1,80,20.5,865.7,3.7,299,Khumaltar,27.6468,85.3248
2024-06-11T19:00,22.9,89,21.0,865.6,2.3,309,Khumaltar,27.6468,85.3248
2024-06-11T20:00,21.9,95,21.1,865.9,2.1,301,Khumaltar,27.6468,85.3248
2024-06-11T21:00,21.5,98,21.2,866.5,1.8,270,Khumaltar,27.6468,85.3248
2024-06-11T22:00,21.0,100,21.0,866.6,2.3,321,Khumaltar,27.6468,85.3248
2024-06-11T23:00,20.7,99,20.6,866.5,0.4,180,Khumaltar,27.6468,85.3248
2024-06-12T00:00,20.9,97,20.4,866.2,1.5,76,Khumaltar,27.6468,85.3248
2024-06-12T01:00,20.1,99,19.9,865.3,2.5,135,Khumaltar,27.6468,85.3248
2024-06-12T02:00,19.6,99,19.4,864.7,1.8,191,Khumaltar,27.6468,85.3248
2024-06-12T03:00,19.3,99,19.2,864.4,2.6,196,Khumaltar,27.6468,85.3248
2024-06-12T04:00,19.5,99,19.3,864.6,3.9,214,Khumaltar,27.6468,85.3248
2024-06-12T05:00,19.8,99,19.6,865.1,2.6,214,Khumaltar,27.6468,85.3248
2024-06-12T06:00,22.5,93,21.3,866.9,1.9,338,Khumaltar,27.6468,85.3248
2024-06-12T07:00,24.5,80,20.9,868.1,4.0,5,Khumaltar,27.6468,85.3248
2024-06-12T08:00,26.2,68,19.9,868.3,3.3,347,Khumaltar,27.6468,85.3248
2024-06-12T09:00,28.0,58,19.0,868.7,3.6,307,Khumaltar,27.6468,85.3248
2024-06-12T10:00,29.0,53,18.6,868.5,7.1,285,Khumaltar,27.6468,85.3248
2024-06-12T11:00,29.3,53,18.8,868.2,9.8,278,Khumaltar,27.6468,85.3248
2024-06-12T12:00,29.7,54,19.4,867.6,9.6,283,Khumaltar,27.6468,85.3248
2024-06-12T13:00,29.6,55,19.5,867.1,9.0,275,Khumaltar,27.6468,85.3248
2024-06-12T14:00,28.9,57,19.4,866.4,8.0,278,Khumaltar,27.6468,85.3248
2024-06-12T15:00,28.6,57,19.3,865.9,8.0,280,Khumaltar,27.6468,85.3248
2024-06-12T16:00,27.9,59,19.2,865.4,8.6,285,Khumaltar,27.6468,85.3248
2024-06-12T17:00,27.2,62,19.4,864.7,8.0,297,Khumaltar,27.6468,85.3248
2024-06-12T18:00,25.6,70,19.7,865.6,4.7,302,Khumaltar,27.6468,85.3248
2024-06-12T19:00,23.9,81,20.5,865.4,3.1,234,Khumaltar,27.6468,85.3248
2024-06-12T20:00,23.1,85,20.4,865.9,2.8,220,Khumaltar,27.6468,85.3248
2024-06-12T21:00,22.1,93,20.9,866.1,3.7,209,Khumaltar,27.6468,85.3248
2024-06-12T22:00,21.5,98,21.2,866.3,3.6,233,Khumaltar,27.6468,85.3248
2024-06-12T23:00,21.4,99,21.2,865.9,4.3,270,Khumaltar,27.6468,85.3248
2024-06-13T00:00,20.9,99,20.7,865.3,3.1,234,Khumaltar,27.6468,85.3248
2024-06-13T01:00,20.9,97,20.4,864.6,2.5,225,Khumaltar,27.6468,85.3248
2024-06-13T02:00,20.4,98,20.0,864.0,2.8,220,Khumaltar,27.6468,85.3248
2024-06-13T03:00,20.0,99,19.8,863.8,1.1,198,Khumaltar,27.6468,85.3248
2024-06-13T04:00,19.6,100,19.6,863.7,1.1,198,Khumaltar,27.6468,85.3248
2024-06-13T05:00,19.5,99,19.4,864.1,0.7,180,Khumaltar,27.6468,85.3248
2024-06-13T06:00,23.1,88,21.0,865.3,3.0,284,Khumaltar,27.6468,85.3248
2024-06-13T07:00,24.8,80,21.0,866.2,4.1,315,Khumaltar,27.6468,85.3248
2024-06-13T08:00,26.3,71,20.7,866.6,5.4,312,Khumaltar,27.6468,85.3248
2024-06-13T09:00,27.3,67,20.6,866.8,8.2,293,Khumaltar,27.6468,85.3248
2024-06-13T10:00,27.9,65,20.6,866.8,9.7,272,Khumaltar,27.6468,85.3248
2024-06-13T11:00,28.7,61,20.4,866.8,10.1,274,Khumaltar,27.6468,85.3248
2024-06-13T12:00,29.2,58,20.0,866.2,10.5,274,Khumaltar,27.6468,85.3248
2024-06-13T13:00,29.1,56,19.5,865.4,11.2,264,Khumaltar,27.6468,85.3248
2024-06-13T14:00,28.0,60,19.5,864.8,11.0,247,Khumaltar,27.6468,85.3248
2024-06-13T15:00,27.0,66,20.0,864.5,9.0,275,Khumaltar,27.6468,85.3248
2024-06-13T16:00,26.2,70,20.2,864.0,7.9,300,Khumaltar,27.6468,85.3248
2024-06-13T17:00,25.8,72,20.3,863.7,5.5,302,Khumaltar,27.6468,85.3248
2024-06-13T18:00,24.6,81,21.1,864.4,3.4,302,Khumaltar,27.6468,85.3248
2024-06-13T19:00,23.0,92,21.6,864.5,3.6,323,Khumaltar,27.6468,85.3248
2024-06-13T20:00,23.1,90,21.4,865.2,1.1,198,Khumaltar,27.6468,85.3248
2024-06-13T21:00,21.8,97,21.3,865.0,4.0,297,Khumaltar,27.6468,85.3248
2024-06-13T22:00,21.8,98,21.4,865.7,3.3,221,Khumaltar,27.6468,85.3248
2024-06-13T23:00,20.9,96,20.3,865.7,2.5,352,Khumaltar,27.6468,85.3248
2024-06-14T00:00,20.6,98,20.3,865.0,3.2,27,Khumaltar,27.6468,85.3248
2024-06-14T01:00,20.2,99,20.0,863.7,2.4,117,Khumaltar,27.6468,85.3248
2024-06-14T02:00,19.6,99,19.5,863.0,3.1,159,Khumaltar,27.6468,85.3248
2024-06-14T03:00,19.6,98,19.3,862.5,3.9,202,Khumaltar,27.6468,85.3248
2024-06-14T04:00,19.6,98,19.2,862.3,2.8,230,Khumaltar,27.6468,85.3248
2024-06-14T05:00,20.5,97,19.9,863.2,1.3,214,Khumaltar,27.6468,85.3248
2024-06-14T06:00,21.7,97,21.2,863.4,3.9,158,Khumaltar,27.6468,85.3248
2024-06-14T07:00,24.6,84,21.6,865.1,2.3,141,Khumaltar,27.6468,85.3248
2024-06-14T08:00,26.4,71,20.8,865.5,2.0,315,Khumaltar,27.6468,85.3248
2024-06-14T09:00,27.6,64,20.3,865.6,8.2,308,Khumaltar,27.6468,85.3248
2024-06-14T10:00,28.8,60,20.2,865.7,11.2,303,Khumaltar,27.6468,85.3248
2024-06-14T11:00,29.3,58,20.1,865.5,12.1,287,Khumaltar,27.6468,85.3248
2024-06-14T12:00,29.1,57,19.8,865.1,10.1,270,Khumaltar,27.6468,85.3248
2024-06-14T13:00,28.2,60,19.7,864.7,9.4,263,Khumaltar,27.6468,85.3248
2024-06-14T14:00,27.4,64,19.9,864.2,11.6,263,Khumaltar,27.6468,85.3248
2024-06-14T15:00,27.0,67,20.2,863.8,10.5,286,Khumaltar,27.6468,85.3248
2024-06-14T16:00,26.7,70,20.8,863.2,9.0,293,Khumaltar,27.6468,85.3248
2024-06-14T17:00,25.8,75,21.1,863.0,7.9,294,Khumaltar,27.6468,85.3248
2024-06-14T18:00,23.9,86,21.4,864.3,4.0,275,Khumaltar,27.6468,85.3248
2024-06-14T19:00,23.0,93,21.8,864.5,2.3,288,Khumaltar,27.6468,85.3248
2024-06-14T20:00,22.1,94,21.2,865.1,4.0,333,Khumaltar,27.6468,85.3248
2024-06-14T21:00,21.4,98,21.1,865.2,4.4,35,Khumaltar,27.6468,85.3248
2024-06-14T22:00,21.0,97,20.5,865.4,3.2,180,Khumaltar,27.6468,85.3248
2024-06-14T23:00,20.4,98,20.1,865.7,0.7,360,Khumaltar,27.6468,85.3248
2024-06-15T00:00,20.2,97,19.7,865.1,4.0,5,Khumaltar,27.6468,85.3248
2024-06-15T01:00,19.7,98,19.4,864.1,4.3,24,Khumaltar,27.6468,85.3248
2024-06-15T02:00,19.8,97,19.4,863.3,2.3,141,Khumaltar,27.6468,85.3248
2024-06-15T03:00,19.5,98,19.3,862.9,1.8,169,Khumaltar,27.6468,85.3248
2024-06-15T04:00,19.5,100,19.5,862.9,2.3,162,Khumaltar,27.6468,85.3248
2024-06-15T05:00,19.6,99,19.5,863.1,1.4,180,Khumaltar,27.6468,85.3248
2024-06-15T06:00,21.7,96,21.1,864.0,1.1,108,Khumaltar,27.6468,85.3248
2024-06-15T07:00,23.9,88,21.7,865.4,3.3,49,Khumaltar,27.6468,85.3248
2024-06-15T08:00,26.0,75,21.3,865.8,0.7,90,Khumaltar,27.6468,85.3248
2024-06-15T09:00,28.2,63,20.5,866.0,5.1,262,Khumaltar,27.6468,85.3248
2024-06-15T10:00,29.2,57,19.8,865.9,9.1,261,Khumaltar,27.6468,85.3248
2024-06-15T11:00,29.6,55,19.8,865.8,11.1,257,Khumaltar,27.6468,85.3248
2024-06-15T12:00,29.2,56,19.5,865.5,12.1,258,Khumaltar,27.6468,85.3248
2024-06-15T13:00,29.2,55,19.1,865.2,11.1,257,Khumaltar,27.6468,85.3248
2024-06-15T14:00,28.6,57,19.2,864.4,9.8,264,Khumaltar,27.6468,85.3248
2024-06-15T15:00,28.1,58,19.1,863.9,10.2,288,Khumaltar,27.6468,85.3248
2024-06-15T16:00,27.3,63,19.6,863.6,8.3,268,Khumaltar,27.6468,85.3248
2024-06-15T17:00,26.4,68,20.0,863.4,7.9,286,Khumaltar,27.6468,85.3248
2024-06-15T18:00,24.5,82,21.3,863.9,3.2,243,Khumaltar,27.6468,85.3248
2024-06-15T19:00,23.0,90,21.4,863.7,2.9,277,Khumaltar,27.6468,85.3248
2024-06-15T20:00,22.7,94,21.8,864.1,1.8,259,Khumaltar,27.6468,85.3248
2024-06-15T21:00,21.9,97,21.5,864.9,2.3,219,Khumaltar,27.6468,85.3248
2024-06-15T22:00,21.8,98,21.5,865.2,2.1,149,Khumaltar,27.6468,85.3248
2024-06-15T23:00,21.7,98,21.4,865.3,0.8,27,Khumaltar,27.6468,85.3248
2024-06-16T00:00,21.2,98,21.0,865.1,1.6,117,Khumaltar,27.6468,85.3248
2024-06-16T01:00,20.8,99,20.6,864.4,4.3,48,Khumaltar,27.6468,85.3248
2024-06-16T02:00,20.4,99,20.3,864.3,1.8,79,Khumaltar,27.6468,85.3248
2024-06-16T03:00,20.1,99,19.9,864.3,2.6,74,Khumaltar,27.6468,85.3248
2024-06-16T04:00,19.5,99,19.4,863.8,1.4,180,Khumaltar,27.6468,85.3248
2024-06-16T05:00,20.1,99,19.9,864.2,2.5,188,Khumaltar,27.6468,85.3248
2024-06-16T06:00,22.0,96,21.4,865.0,1.8,169,Khumaltar,27.6468,85.3248
2024-06-16T07:00,23.5,90,21.9,866.4,0.7,270,Khumaltar,27.6468,85.3248
2024-06-16T08:00,24.8,86,22.2,866.8,2.1,149,Khumaltar,27.6468,85.3248
2024-06-16T09:00,26.7,78,22.6,867.5,3.6,233,Khumaltar,27.6468,85.3248
2024-06-16T10:00,28.1,68,21.6,867.3,7.3,281,Khumaltar,27.6468,85.3248
2024-06-16T11:00,27.8,67,21.1,867.0,8.0,288,Khumaltar,27.6468,85.3248
2024-06-16T12:00,28.0,65,20.8,866.6,8.3,288,Khumaltar,27.6468,85.3248
2024-06-16T13:00,27.9,65,20.6,866.4,6.2,277,Khumaltar,27.6468,85.3248
2024-06-16T14:00,27.5,64,20.1,865.7,6.4,254,Khumaltar,27.6468,85.3248
2024-06-16T15:00,26.7,68,20.3,865.2,6.0,287,Khumaltar,27.6468,85.3248
2024-06-16T16:00,26.9,69,20.7,864.8,5.4,274,Khumaltar,27.6468,85.3248
2024-06-16T17:00,25.5,74,20.6,864.9,3.4,302,Khumaltar,27.6468,85.3248
2024-06-16T18:00,23.9,89,22.0,865.4,3.6,323,Khumaltar,27.6468,85.3248
2024-06-16T19:00,22.7,97,22.2,865.5,3.6,323,Khumaltar,27.6468,85.3248
2024-06-16T20:00,22.0,100,21.9,865.6,3.0,14,Khumaltar,27.6468,85.3248
2024-06-16T21:00,21.6,100,21.5,865.6,3.1,126,Khumaltar,27.6468,85.3248
2024-06-16T22:00,21.7,100,21.7,866.1,3.4,148,Khumaltar,27.6468,85.3248
2024-06-16T23:00,21.6,98,21.4,865.8,3.2,63,Khumaltar,27.6468,85.3248
2024-06-17T00:00,21.7,98,21.3,865.4,2.9,97,Khumaltar,27.6468,85.3248
2024-06-17T01:00,21.5,99,21.3,865.2,1.8,143,Khumaltar,27.6468,85.3248
2024-06-17T02:00,21.1,98,20.8,865.0,3.5,294,Khumaltar,27.6468,85.3248
2024-06-17T03:00,21.2,96,20.6,864.8,1.9,292,Khumaltar,27.6468,85.3248
2024-06-17T04:00,21.1,97,20.6,864.7,0.8,333,Khumaltar,27.6468,85.3248
2024-06-17T05:00,21.2,97,20.7,865.2,3.3,139,Khumaltar,27.6468,85.3248
2024-06-17T06:00,22.1,92,20.7,866.1,1.8,101,Khumaltar,27.6468,85.3248
2024-06-17T07:00,22.7,92,21.3,866.6,5.0,60,Khumaltar,27.6468,85.3248
2024-06-17T08:00,22.9,92,21.6,866.6,5.3,62,Khumaltar,27.6468,85.3248
2024-06-17T09:00,24.3,86,21.8,867.0,5.1,82,Khumaltar,27.6468,85.3248
2024-06-17T10:00,25.6,82,22.2,866.9,2.5,82,Khumaltar,27.6468,85.3248
2024-06-17T11:00,26.5,78,22.4,866.7,3.1,144,Khumaltar,27.6468,85.3248
2024-06-17T12:00,27.2,73,22.0,866.3,6.1,230,Khumaltar,27.6468,85.3248
2024-06-17T13:00,27.2,72,21.7,865.8,7.6,270,Khumaltar,27.6468,85.3248
2024-06-17T14:00,26.2,77,21.8,865.2,5.8,248,Khumaltar,27.6468,85.3248
2024-06-17T15:00,26.8,73,21.6,864.7,5.4,250,Khumaltar,27.6468,85.3248
2024-06-17T16:00,26.2,75,21.3,864.4,7.6,289,Khumaltar,27.6468,85.3248
2024-06-17T17:00,24.7,81,21.3,864.2,5.7,305,Khumaltar,27.6468,85.3248
2024-06-17T18:00,22.7,92,21.4,864.8,2.6,344,Khumaltar,27.6468,85.3248
2024-06-17T19:00,21.9,98,21.5,864.5,2.5,352,Khumaltar,27.6468,85.3248
2024-06-17T20:00,21.4,99,21.3,864.6,1.3,236,Khumaltar,27.6468,85.3248
2024-06-17T21:00,21.1,100,21.0,865.0,1.8,217,Khumaltar,27.6468,85.3248
2024-06-17T22:00,20.8,100,20.8,865.1,0.0,270,Khumaltar,27.6468,85.3248
2024-06-17T23:00,21.2,99,21.1,865.2,3.2,297,Khumaltar,27.6468,85.3248
2024-06-18T00:00,21.2,99,21.0,864.5,4.0,63,Khumaltar,27.6468,85.3248
2024-06-18T01:00,20.9,100,20.9,863.6,1.9,68,Khumaltar,27.6468,85.3248
2024-06-18T02:00,20.9,99,20.8,863.2,2.7,157,Khumaltar,27.6468,85.3248
2024-06-18T03:00,21.1,98,20.9,863.1,5.2,192,Khumaltar,27.6468,85.3248
2024-06-18T04:00,21.3,98,21.0,863.2,4.1,218,Khumaltar,27.6468,85.3248
2024-06-18T05:00,21.5,95,20.7,863.9,2.6,254,Khumaltar,27.6468,85.3248
2024-06-18T06:00,21.8,98,21.4,863.2,3.5,246,Khumaltar,27.6468,85.3248
2024-06-18T07:00,22.8,94,21.8,863.8,1.8,281,Khumaltar,27.6468,85.3248
2024-06-18T08:00,23.9,89,22.1,864.5,3.3,6,Khumaltar,27.6468,85.3248
2024-06-18T09:00,25.4,85,22.7,864.7,2.4,27,Khumaltar,27.6468,85.3248
2024-06-18T10:00,27.3,73,22.1,864.7,2.2,279,Khumaltar,27.6468,85.3248
2024-06-18T11:00,27.3,72,21.8,864.2,6.4,227,Khumaltar,27.6468,85.3248
2024-06-18T12:00,26.2,73,21.1,863.5,6.4,254,Khumaltar,27.6468,85.3248
2024-06-18T13:00,26.7,71,21.0,863.5,7.3,213,Khumaltar,27.6468,85.3248
2024-06-18T14:00,25.9,76,21.2,862.9,6.9,227,Khumaltar,27.6468,85.3248
2024-06-18T15:00,25.9,77,21.5,862.5,4.7,274,Khumaltar,27.6468,85.3248
2024-06-18T16:00,25.4,79,21.4,862.1,5.5,337,Khumaltar,27.6468,85.3248
2024-06-18T17:00,24.4,86,21.8,861.6,4.1,15,Khumaltar,27.6468,85.3248
2024-06-18T18:00,22.8,94,21.7,862.1,0.4,360,Khumaltar,27.6468,85.3248
2024-06-18T19:00,22.3,96,21.7,862.1,3.3,167,Khumaltar,27.6468,85.3248
2024-06-18T20:00,22.2,96,21.5,863.4,1.0,45,Khumaltar,27.6468,85.3248
2024-06-18T21:00,21.9,98,21.6,863.7,4.7,58,Khumaltar,27.6468,85.3248
2024-06-18T22:00,21.3,100,21.2,863.5,2.3,72,Khumaltar,27.6468,85.3248
2024-06-18T23:00,21.1,99,21.0,863.1,4.1,75,Khumaltar,27.6468,85.3248
2024-06-19T00:00,20.9,100,20.9,862.4,3.0,104,Khumaltar,27.6468,85.3248
2024-06-19T01:00,20.9,100,20.8,862.0,1.1,342,Khumaltar,27.6468,85.3248
2024-06-19T02:00,20.9,99,20.7,861.6,2.7,23,Khumaltar,27.6468,85.3248
2024-06-19T03:00,20.8,99,20.7,861.3,3.6,90,Khumaltar,27.6468,85.3248
2024-06-19T04:00,20.7,99,20.5,861.2,2.9,60,Khumaltar,27.6468,85.3248
2024-06-19T05:00,20.8,98,20.5,861.5,3.1,69,Khumaltar,27.6468,85.3248
2024-06-19T06:00,20.8,94,19.7,861.7,2.4,153,Khumaltar,27.6468,85.3248
2024-06-19T07:00,21.1,96,20.4,862.3,6.8,342,Khumaltar,27.6468,85.3248
2024-06-19T08:00,21.5,93,20.3,862.6,2.6,106,Khumaltar,27.6468,85.3248
2024-06-19T09:00,24.3,83,21.2,863.5,2.9,150,Khumaltar,27.6468,85.3248
2024-06-19T10:00,27.0,70,21.2,863.6,2.1,301,Khumaltar,27.6468,85.3248
2024-06-19T11:00,27.5,70,21.6,863.3,6.1,242,Khumaltar,27.6468,85.3248
2024-06-19T12:00,25.6,76,21.0,862.8,7.0,235,Khumaltar,27.6468,85.3248
2024-06-19T13:00,25.9,77,21.6,862.5,6.9,231,Khumaltar,27.6468,85.3248
2024-06-19T14:00,23.8,82,20.6,862.2,7.2,252,Khumaltar,27.6468,85.3248
2024-06-19T15:00,22.9,92,21.6,861.7,3.3,276,Khumaltar,27.6468,85.3248
2024-06-19T16:00,22.6,91,21.0,861.3,6.4,313,Khumaltar,27.6468,85.3248
2024-06-19T17:00,22.8,92,21.4,861.6,2.7,337,Khumaltar,27.6468,85.3248
2024-06-19T18:00,22.2,96,21.5,861.9,2.7,67,Khumaltar,27.6468,85.3248
2024-06-19T19:00,22.1,95,21.3,862.2,2.3,252,Khumaltar,27.6468,85.3248
2024-06-19T20:00,22.3,97,21.8,862.7,6.4,142,Khumaltar,27.6468,85.3248
2024-06-19T21:00,21.8,98,21.5,863.5,5.0,111,Khumaltar,27.6468,85.3248
2024-06-19T22:00,21.3,97,20.8,863.7,6.4,128,Khumaltar,27.6468,85.3248
2024-06-19T23:00,21.3,97,20.7,863.5,4.0,297,Khumaltar,27.6468,85.3248
2024-06-20T00:00,20.9,95,20.1,863.1,3.1,291,Khumaltar,27.6468,85.3248
2024-06-20T01:00,20.5,97,20.0,862.1,8.2,241,Khumaltar,27.6468,85.3248
2024-06-20T02:00,20.1,96,19.5,861.5,5.2,236,Khumaltar,27.6468,85.3248
2024-06-20T03:00,19.7,97,19.1,861.5,4.8,243,Khumaltar,27.6468,85.3248
2024-06-20T04:00,19.6,97,19.2,861.8,6.6,158,Khumaltar,27.6468,85.3248
2024-06-20T05:00,19.8,94,18.7,862.5,2.7,157,Khumaltar,27.6468,85.3248
2024-06-20T06:00,20.6,95,19.8,863.7,2.4,117,Khumaltar,27.6468,85.3248
2024-06-20T07:00,22.3,90,20.6,864.4,4.4,81,Khumaltar,27.6468,85.3248
2024-06-20T08:00,24.5,80,20.7,865.2,4.5,151,Khumaltar,27.6468,85.3248
2024-06-20T09:00,24.9,74,20.0,865.6,8.1,193,Khumaltar,27.6468,85.3248
2024-06-20T10:00,25.3,72,20.0,865.8,9.3,234,Khumaltar,27.6468,85.3248
2024-06-20T11:00,26.1,71,20.4,865.4,6.3,294,Khumaltar,27.6468,85.3248
2024-06-20T12:00,27.4,69,21.1,864.9,6.3,301,Khumaltar,27.6468,85.3248
2024-06-20T13:00,27.8,68,21.3,864.2,7.2,297,Khumaltar,27.6468,85.3248
2024-06-20T14:00,27.6,65,20.3,863.3,7.6,289,Khumaltar,27.6468,85.3248
2024-06-20T15:00,26.3,71,20.7,863.0,7.8,248,Khumaltar,27.6468,85.3248
2024-06-20T16:00,25.0,80,21.3,862.8,6.6,261,Khumaltar,27.6468,85.3248
2024-06-20T17:00,23.5,86,21.0,862.9,4.7,261,Khumaltar,27.6468,85.3248
2024-06-20T18:00,23.8,85,21.2,862.3,2.2,270,Khumaltar,27.6468,85.3248
2024-06-20T19:00,22.9,91,21.4,863.4,1.9,248,Khumaltar,27.6468,85.3248
2024-06-20T20:00,22.5,91,20.9,864.4,4.0,175,Khumaltar,27.6468,85.3248
2024-06-20T21:00,21.7,96,21.0,865.5,2.8,140,Khumaltar,27.6468,85.3248
2024-06-20T22:00,21.3,97,20.9,866.0,1.8,349,Khumaltar,27.6468,85.3248
2024-06-20T23:00,21.1,99,20.9,865.6,4.7,266,Khumaltar,27.6468,85.3248
2024-06-21T00:00,20.9,98,20.7,865.4,4.6,252,Khumaltar,27.6468,85.3248
2024-06-21T01:00,20.8,98,20.5,864.8,3.4,238,Khumaltar,27.6468,85.3248
2024-06-21T02:00,20.8,98,20.6,864.5,1.0,45,Khumaltar,27.6468,85.3248
2024-06-21T03:00,20.8,98,20.4,864.2,2.1,211,Khumaltar,27.6468,85.3248
2024-06-21T04:00,20.8,97,20.3,864.3,3.2,360,Khumaltar,27.6468,85.3248
2024-06-21T05:00,20.6,99,20.4,864.7,3.6,37,Khumaltar,27.6468,85.3248
2024-06-21T06:00,21.2,93,20.1,865.0,3.4,58,Khumaltar,27.6468,85.3248
2024-06-21T07:00,22.4,88,20.3,865.4,4.2,59,Khumaltar,27.6468,85.3248
2024-06-21T08:00,24.0,79,20.2,866.0,4.0,95,Khumaltar,27.6468,85.3248
2024-06-21T09:00,24.9,75,20.2,866.5,1.8,127,Khumaltar,27.6468,85.3248
2024-06-21T10:00,26.0,72,20.6,866.6,0.0,270,Khumaltar,27.6468,85.3248
2024-06-21T11:00,26.6,70,20.6,866.3,2.9,277,Khumaltar,27.6468,85.3248
2024-06-21T12:00,26.0,71,20.4,865.9,5.1,231,Khumaltar,27.6468,85.3248
2024-06-21T13:00,26.4,72,20.9,865.4,4.7,247,Khumaltar,27.6468,85.3248
2024-06-21T14:00,25.6,76,21.0,864.4,9.2,301,Khumaltar,27.6468,85.3248
2024-06-21T15:00,24.3,80,20.7,864.1,4.8,297,Khumaltar,27.6468,85.3248
2024-06-21T16:00,24.3,81,20.8,863.7,3.6,264,Khumaltar,27.6468,85.3248
2024-06-21T17:00,24.2,81,20.7,863.6,1.9,292,Khumaltar,27.6468,85.3248
2024-06-21T18:00,22.8,92,21.5,863.7,1.6,333,Khumaltar,27.6468,85.3248
2024-06-21T19:00,22.4,92,21.0,864.5,1.9,338,Khumaltar,27.6468,85.3248
2024-06-21T20:00,21.7,98,21.3,865.3,1.4,180,Khumaltar,27.6468,85.3248
2024-06-21T21:00,21.5,98,21.1,865.9,2.2,180,Khumaltar,27.6468,85.3248
2024-06-21T22:00,21.2,99,21.1,866.1,2.3,51,Khumaltar,27.6468,85.3248
2024-06-21T23:00,21.2,99,21.1,865.6,0.5,225,Khumaltar,27.6468,85.3248
2024-06-22T00:00,21.3,95,20.5,865.3,1.4,90,Khumaltar,27.6468,85.3248
2024-06-22T01:00,21.1,96,20.4,864.8,1.8,143,Khumaltar,27.6468,85.3248
2024-06-22T02:00,21.1,95,20.4,864.3,1.9,112,Khumaltar,27.6468,85.3248
2024-06-22T03:00,20.9,97,20.4,864.0,4.1,128,Khumaltar,27.6468,85.3248
2024-06-22T04:00,20.9,97,20.4,864.2,2.9,187,Khumaltar,27.6468,85.3248
2024-06-22T05:00,20.8,97,20.3,865.0,2.7,337,Khumaltar,27.6468,85.3248
2024-06-22T06:00,20.8,97,20.2,865.8,5.0,111,Khumaltar,27.6468,85.3248
2024-06-22T07:00,22.4,88,20.4,866.5,4.7,99,Khumaltar,27.6468,85.3248
2024-06-22T08:00,24.2,82,21.0,867.0,5.4,90,Khumaltar,27.6468,85.3248
2024-06-22T09:00,26.0,74,21.0,867.3,5.7,125,Khumaltar,27.6468,85.3248
2024-06-22T10:00,27.3,68,20.9,867.2,5.9,137,Khumaltar,27.6468,85.3248
2024-06-22T11:00,26.0,75,21.2,866.7,7.4,151,Khumaltar,27.6468,85.3248
2024-06-22T12:00,25.7,78,21.5,866.4,7.0,235,Khumaltar,27.6468,85.3248
2024-06-22T13:00,26.0,76,21.5,866.0,4.7,266,Khumaltar,27.6468,85.3248
2024-06-22T14:00,26.5,72,21.1,865.4,3.0,284,Khumaltar,27.6468,85.3248
2024-06-22T15:00,25.8,76,21.3,864.6,4.1,315,Khumaltar,27.6468,85.3248
2024-06-22T16:00,25.0,81,21.5,864.2,3.8,319,Khumaltar,27.6468,85.3248
2024-06-22T17:00,24.2,85,21.4,864.2,4.9,324,Khumaltar,27.6468,85.3248
2024-06-22T18:00,23.6,90,21.8,865.0,2.9,330,Khumaltar,27.6468,85.3248
2024-06-22T19:00,22.4,91,20.8,865.3,1.1,180,Khumaltar,27.6468,85.3248
2024-06-22T20:00,21.5,95,20.7,865.9,1.8,217,Khumaltar,27.6468,85.3248
2024-06-22T21:00,20.9,98,20.6,866.2,1.6,207,Khumaltar,27.6468,85.3248
2024-06-22T22:00,20.2,100,20.2,866.4,2.2,180,Khumaltar,27.6468,85.3248
2024-06-22T23:00,19.8,100,19.8,866.3,3.6,174,Khumaltar,27.6468,85.3248
2024-06-23T00:00,19.8,100,19.7,865.8,3.4,162,Khumaltar,27.6468,85.3248
2024-06-23T01:00,19.7,99,19.5,865.5,2.9,150,Khumaltar,27.6468,85.3248
2024-06-23T02:00,19.8,98,19.6,865.3,3.7,169,Khumaltar,27.6468,85.3248
2024-06-23T03:00,19.8,98,19.5,865.3,1.1,198,Khumaltar,27.6468,85.3248
2024-06-23T04:00,20.0,99,19.8,865.6,2.4,153,Khumaltar,27.6468,85.3248
2024-06-23T05:00,20.1,99,20.0,866.1,3.6,127,Khumaltar,27.6468,85.3248
2024-06-23T06:00,21.5,95,20.7,867.6,2.0,135,Khumaltar,27.6468,85.3248
2024-06-23T07:00,23.1,89,21.1,868.1,3.6,84,Khumaltar,27.6468,85.3248
2024-06-23T08:00,24.5,86,21.9,868.1,2.3,72,Khumaltar,27.6468,85.3248
2024-06-23T09:00,26.2,79,22.3,868.1,1.3,146,Khumaltar,27.6468,85.3248
2024-06-23T10:00,27.6,72,22.0,868.2,3.5,204,Khumaltar,27.6468,85.3248
2024-06-23T11:00,27.2,72,21.7,868.1,5.6,207,Khumaltar,27.6468,85.3248
2024-06-23T12:00,26.1,77,21.7,867.5,6.9,264,Khumaltar,27.6468,85.3248
2024-06-23T13:00,27.0,74,21.9,866.7,4.1,315,Khumaltar,27.6468,85.3248
2024-06-23T14:00,25.3,82,22.1,865.3,4.1,15,Khumaltar,27.6468,85.3248
2024-06-23T15:00,25.4,81,22.0,864.6,2.2,360,Khumaltar,27.6468,85.3248
2024-06-23T16:00,25.8,78,21.6,864.3,5.3,298,Khumaltar,27.6468,85.3248
2024-06-23T17:00,25.1,80,21.5,864.1,4.6,315,Khumaltar,27.6468,85.3248
2024-06-23T18:00,24.2,84,21.4,864.6,2.4,297,Khumaltar,27.6468,85.3248
2024-06-23T19:00,22.5,93,21.3,864.6,3.6,264,Khumaltar,27.6468,85.3248
2024-06-23T20:00,23.0,89,21.0,865.5,2.3,141,Khumaltar,27.6468,85.3248
2024-06-23T21:00,21.9,96,21.2,865.7,0.4,180,Khumaltar,27.6468,85.3248
2024-06-23T22:00,21.5,97,21.0,866.1,2.7,157,Khumaltar,27.6468,85.3248
2024-06-23T23:00,21.4,97,20.9,866.0,4.7,189,Khumaltar,27.6468,85.3248
2024-06-24T00:00,21.0,98,20.6,865.5,2.5,188,Khumaltar,27.6468,85.3248
2024-06-24T01:00,20.6,98,20.3,865.2,1.1,198,Khumaltar,27.6468,85.3248
2024-06-24T02:00,20.4,100,20.4,864.9,1.5,166,Khumaltar,27.6468,85.3248
2024-06-24T03:00,20.2,99,20.1,864.5,3.4,162,Khumaltar,27.6468,85.3248
2024-06-24T04:00,19.9,100,19.8,864.6,2.6,164,Khumaltar,27.6468,85.3248
2024-06-24T05:00,20.2,99,20.1,865.2,2.2,171,Khumaltar,27.6468,85.3248
2024-06-24T06:00,21.9,96,21.2,865.9,1.8,143,Khumaltar,27.6468,85.3248
2024-06-24T07:00,23.7,88,21.7,866.7,1.8,101,Khumaltar,27.6468,85.3248
2024-06-24T08:00,25.2,77,21.0,867.0,2.2,171,Khumaltar,27.6468,85.3248
2024-06-24T09:00,26.2,72,20.9,867.1,2.9,210,Khumaltar,27.6468,85.3248
2024-06-24T10:00,27.2,68,20.8,867.2,4.0,265,Khumaltar,27.6468,85.3248
2024-06-24T11:00,27.5,67,20.8,866.7,5.1,266,Khumaltar,27.6468,85.3248
2024-06-24T12:00,27.2,67,20.6,866.1,6.8,252,Khumaltar,27.6468,85.3248
2024-06-24T13:00,27.8,65,20.7,865.3,4.3,265,Khumaltar,27.6468,85.3248
2024-06-24T14:00,26.4,72,20.8,864.5,7.6,273,Khumaltar,27.6468,85.3248
2024-06-24T15:00,26.3,75,21.6,864.0,4.2,290,Khumaltar,27.6468,85.3248
2024-06-24T16:00,25.7,77,21.3,863.6,6.3,283,Khumaltar,27.6468,85.3248
2024-06-24T17:00,24.9,83,21.9,863.3,4.7,293,Khumaltar,27.6468,85.3248
2024-06-24T18:00,24.7,86,22.1,864.4,5.5,293,Khumaltar,27.6468,85.3248
2024-06-24T19:00,23.3,93,22.2,864.4,2.6,214,Khumaltar,27.6468,85.3248
2024-06-24T20:00,23.0,95,22.1,865.0,4.8,222,Khumaltar,27.6468,85.3248
2024-06-24T21:00,22.0,99,21.8,865.1,2.2,189,Khumaltar,27.6468,85.3248
2024-06-24T22:00,21.7,100,21.7,864.9,3.1,201,Khumaltar,27.6468,85.3248
2024-06-24T23:00,21.7,99,21.6,864.9,3.3,221,Khumaltar,27.6468,85.3248
2024-06-25T00:00,21.3,100,21.3,864.5,0.4,180,Khumaltar,27.6468,85.3248
2024-06-25T01:00,21.3,100,21.3,864.1,1.3,214,Khumaltar,27.6468,85.3248
2024-06-25T02:00,21.3,99,21.2,863.7,1.8,180,Khumaltar,27.6468,85.3248
2024-06-25T03:00,21.0,100,21.0,863.6,1.8,169,Khumaltar,27.6468,85.3248
2024-06-25T04:00,21.2,99,21.0,863.5,3.3,139,Khumaltar,27.6468,85.3248
2024-06-25T05:00,21.1,99,21.0,863.8,3.9,202,Khumaltar,27.6468,85.3248
2024-06-25T06:00,22.6,95,21.8,864.8,0.4,360,Khumaltar,27.6468,85.3248
2024-06-25T07:00,24.2,85,21.6,865.3,2.0,45,Khumaltar,27.6468,85.3248
2024-06-25T08:00,25.4,81,22.0,865.9,3.6,180,Khumaltar,27.6468,85.3248
2024-06-25T09:00,26.5,75,21.8,866.4,1.5,256,Khumaltar,27.6468,85.3248
2024-06-25T10:00,27.9,70,21.9,866.3,0.7,360,Khumaltar,27.6468,85.3248
2024-06-25T11:00,27.0,71,21.4,865.7,1.0,225,Khumaltar,27.6468,85.3248
2024-06-25T12:00,25.8,78,21.7,865.2,4.2,200,Khumaltar,27.6468,85.3248
2024-06-25T13:00,26.9,75,22.2,864.8,4.2,211,Khumaltar,27.6468,85.3248
2024-06-25T14:00,26.3,77,22.0,864.5,3.2,243,Khumaltar,27.6468,85.3248
2024-06-25T15:00,25.2,81,21.7,864.1,4.3,294,Khumaltar,27.6468,85.3248
2024-06-25T16:00,25.1,80,21.5,863.8,6.5,354,Khumaltar,27.6468,85.3248
2024-06-25T17:00,24.2,87,21.9,863.5,5.0,21,Khumaltar,27.6468,85.3248
2024-06-25T18:00,24.0,91,22.3,863.3,1.8,259,Khumaltar,27.6468,85.3248
2024-06-25T19:00,22.7,96,22.1,863.2,1.5,225,Khumaltar,27.6468,85.3248
2024-06-25T20:00,22.2,99,22.0,864.0,2.2,180,Khumaltar,27.6468,85.3248
2024-06-25T21:00,22.1,99,22.0,865.1,3.0,166,Khumaltar,27.6468,85.3248
2024-06-25T22:00,22.2,98,21.9,865.7,1.5,166,Khumaltar,27.6468,85.3248
2024-06-25T23:00,22.1,99,22.0,865.7,3.7,79,Khumaltar,27.6468,85.3248
2024-06-26T00:00,21.8,99,21.6,864.8,4.3,48,Khumaltar,27.6468,85.3248
2024-06-26T01:00,22.0,96,21.2,864.3,4.0,117,Khumaltar,27.6468,85.3248
2024-06-26T02:00,22.0,96,21.3,864.9,4.0,180,Khumaltar,27.6468,85.3248
2024-06-26T03:00,21.9,96,21.3,864.7,2.9,97,Khumaltar,27.6468,85.3248
2024-06-26T04:00,21.9,96,21.3,864.8,2.2,180,Khumaltar,27.6468,85.3248
2024-06-26T05:00,21.7,97,21.3,865.5,4.1,195,Khumaltar,27.6468,85.3248
2024-06-26T06:00,21.5,98,21.2,865.5,2.2,180,Khumaltar,27.6468,85.3248
2024-06-26T07:00,21.9,97,21.4,866.6,4.2,160,Khumaltar,27.6468,85.3248
2024-06-26T08:00,22.0,96,21.4,866.6,1.8,79,Khumaltar,27.6468,85.3248
2024-06-26T09:00,22.3,96,21.7,866.8,3.1,21,Khumaltar,27.6468,85.3248
2024-06-26T10:00,23.1,92,21.8,866.7,5.2,16,Khumaltar,27.6468,85.3248
2024-06-26T11:00,25.6,81,22.1,866.8,2.3,108,Khumaltar,27.6468,85.3248
2024-06-26T12:00,27.4,73,22.2,866.4,5.4,138,Khumaltar,27.6468,85.3248
2024-06-26T13:00,26.1,77,21.8,866.0,7.9,120,Khumaltar,27.6468,85.3248
2024-06-26T14:00,26.2,79,22.2,865.3,5.6,105,Khumaltar,27.6468,85.3248
2024-06-26T15:00,26.7,76,22.1,864.5,4.7,122,Khumaltar,27.6468,85.3248
2024-06-26T16:00,26.8,74,21.9,864.1,2.4,117,Khumaltar,27.6468,85.3248
2024-06-26T17:00,26.2,76,21.6,864.0,2.0,315,Khumaltar,27.6468,85.3248
2024-06-26T18:00,23.2,93,22.0,864.0,2.4,153,Khumaltar,27.6468,85.3248
2024-06-26T19:00,22.5,96,21.9,865.2,3.1,126,Khumaltar,27.6468,85.3248
2024-06-26T20:00,22.4,98,22.0,866.6,3.7,119,Khumaltar,27.6468,85.3248
2024-06-26T21:00,22.0,99,21.9,867.9,3.8,139,Khumaltar,27.6468,85.3248
2024-06-26T22:00,21.5,98,21.1,868.1,3.2,153,Khumaltar,27.6468,85.3248
2024-06-26T23:00,20.8,99,20.6,867.9,2.9,150,Khumaltar,27.6468,85.3248
2024-06-27T00:00,20.7,97,20.1,867.6,2.3,141,Khumaltar,27.6468,85.3248
2024-06-27T01:00,20.5,98,20.1,867.0,3.1,111,Khumaltar,27.6468,85.3248
2024-06-27T02:00,19.9,99,19.8,866.0,2.5,135,Khumaltar,27.6468,85.3248
2024-06-27T03:00,19.4,99,19.3,865.6,2.2,180,Khumaltar,27.6468,85.3248
2024-06-27T04:00,19.4,98,19.2,865.7,3.2,180,Khumaltar,27.6468,85.3248
2024-06-27T05:00,19.7,97,19.2,866.5,4.0,175,Khumaltar,27.6468,85.3248
2024-06-27T06:00,21.6,97,21.2,867.2,3.4,162,Khumaltar,27.6468,85.3248
2024-06-27T07:00,23.5,87,21.2,868.5,3.2,90,Khumaltar,27.6468,85.3248
2024-06-27T08:00,24.9,77,20.7,868.9,3.2,90,Khumaltar,27.6468,85.3248
2024-06-27T09:00,26.1,73,20.8,869.2,2.2,360,Khumaltar,27.6468,85.3248
2024-06-27T10:00,26.5,72,21.0,869.2,1.3,304,Khumaltar,27.6468,85.3248
2024-06-27T11:00,26.5,73,21.2,869.1,3.0,284,Khumaltar,27.6468,85.3248
2024-06-27T12:00,26.6,74,21.5,868.3,3.6,270,Khumaltar,27.6468,85.3248
2024-06-27T13:00,27.1,72,21.7,867.4,6.6,311,Khumaltar,27.6468,85.3248
2024-06-27T14:00,26.9,73,21.7,866.5,6.4,317,Khumaltar,27.6468,85.3248
2024-06-27T15:00,26.7,73,21.5,866.1,4.6,252,Khumaltar,27.6468,85.3248
2024-06-27T16:00,25.1,79,21.3,866.0,7.7,229,Khumaltar,27.6468,85.3248
2024-06-27T17:00,24.6,82,21.4,865.9,4.7,261,Khumaltar,27.6468,85.3248
2024-06-27T18:00,24.3,91,22.7,865.9,1.5,166,Khumaltar,27.6468,85.3248
2024-06-27T19:00,22.8,95,21.9,865.8,3.3,186,Khumaltar,27.6468,85.3248
2024-06-27T20:00,22.2,97,21.7,866.6,3.0,194,Khumaltar,27.6468,85.3248
2024-06-27T21:00,21.9,97,21.5,867.4,2.2,180,Khumaltar,27.6468,85.3248
2024-06-27T22:00,22.0,98,21.7,867.8,2.6,214,Khumaltar,27.6468,85.3248
2024-06-27T23:00,21.7,99,21.6,867.5,4.7,270,Khumaltar,27.6468,85.3248
2024-06-28T00:00,21.5,98,21.2,867.1,4.0,270,Khumaltar,27.6468,85.3248
2024-06-28T01:00,21.4,98,21.1,866.3,2.3,219,Khumaltar,27.6468,85.3248
2024-06-28T02:00,21.4,99,21.2,865.9,1.8,233,Khumaltar,27.6468,85.3248
2024-06-28T03:00,21.3,99,21.1,865.6,2.6,196,Khumaltar,27.6468,85.3248
2024-06-28T04:00,20.9,100,20.8,865.4,2.0,225,Khumaltar,27.6468,85.3248
2024-06-28T05:00,20.9,100,20.8,865.6,0.8,153,Khumaltar,27.6468,85.3248
2024-06-28T06:00,22.2,97,21.7,866.6,2.2,189,Khumaltar,27.6468,85.3248
2024-06-28T07:00,23.1,95,22.2,867.3,2.3,342,Khumaltar,27.6468,85.3248
2024-06-28T08:00,24.4,88,22.4,867.5,2.5,270,Khumaltar,27.6468,85.3248
2024-06-28T09:00,25.2,82,21.9,867.4,3.6,276,Khumaltar,27.6468,85.3248
2024-06-28T10:00,26.2,76,21.6,867.0,4.1,285,Khumaltar,27.6468,85.3248
2024-06-28T11:00,27.3,70,21.4,866.5,4.3,275,Khumaltar,27.6468,85.3248
2024-06-28T12:00,27.1,71,21.3,865.8,4.8,243,Khumaltar,27.6468,85.3248
2024-06-28T13:00,24.4,82,21.1,865.1,6.6,248,Khumaltar,27.6468,85.3248
2024-06-28T14:00,24.3,84,21.3,864.3,4.3,275,Khumaltar,27.6468,85.3248
2024-06-28T15:00,24.0,88,21.9,863.8,4.3,228,Khumaltar,27.6468,85.3248
2024-06-28T16:00,24.9,85,22.2,863.5,1.9,248,Khumaltar,27.6468,85.3248
2024-06-28T17:00,24.4,86,21.9,863.5,2.6,236,Khumaltar,27.6468,85.3248
2024-06-28T18:00,23.9,90,22.1,863.6,2.1,239,Khumaltar,27.6468,85.3248
2024-06-28T19:00,22.8,94,21.8,864.0,2.4,207,Khumaltar,27.6468,85.3248
2024-06-28T20:00,22.4,95,21.5,864.6,2.3,231,Khumaltar,27.6468,85.3248
2024-06-28T21:00,22.2,97,21.6,865.4,1.8,169,Khumaltar,27.6468,85.3248
2024-06-28T22:00,22.1,97,21.7,865.3,4.0,207,Khumaltar,27.6468,85.3248
2024-06-28T23:00,22.0,98,21.7,865.1,4.2,200,Khumaltar,27.6468,85.3248
2024-06-29T00:00,21.9,97,21.4,864.7,4.7,189,Khumaltar,27.6468,85.3248
2024-06-29T01:00,21.8,96,21.2,864.4,4.8,207,Khumaltar,27.6468,85.3248
2024-06-29T02:00,21.6,94,20.6,864.5,4.8,222,Khumaltar,27.6468,85.3248
2024-06-29T03:00,21.6,96,20.9,864.2,3.4,238,Khumaltar,27.6468,85.3248
2024-06-29T04:00,21.4,98,21.1,864.0,1.8,11,Khumaltar,27.6468,85.3248
2024-06-29T05:00,21.4,98,21.1,864.2,1.3,124,Khumaltar,27.6468,85.3248
2024-06-29T06:00,21.9,96,21.2,864.7,3.2,117,Khumaltar,27.6468,85.3248
2024-06-29T07:00,23.2,88,21.1,865.0,3.8,73,Khumaltar,27.6468,85.3248
2024-06-29T08:00,24.8,81,21.2,865.5,1.9,202,Khumaltar,27.6468,85.3248
2024-06-29T09:00,25.4,77,21.1,865.7,1.5,225,Khumaltar,27.6468,85.3248
2024-06-29T10:00,25.8,77,21.4,866.0,3.4,238,Khumaltar,27.6468,85.3248
2024-06-29T11:00,24.5,84,21.7,865.8,6.1,270,Khumaltar,27.6468,85.3248
2024-06-29T12:00,24.8,84,21.9,865.4,3.8,253,Khumaltar,27.6468,85.3248
2024-06-29T13:00,25.2,83,22.1,864.7,2.2,270,Khumaltar,27.6468,85.3248
2024-06-29T14:00,25.7,81,22.2,863.9,3.5,336,Khumaltar,27.6468,85.3248
2024-06-29T15:00,26.2,79,22.2,863.3,3.1,339,Khumaltar,27.6468,85.3248
2024-06-29T16:00,25.2,78,21.0,863.2,4.8,243,Khumaltar,27.6468,85.3248
2024-06-29T17:00,23.6,87,21.4,863.5,5.0,270,Khumaltar,27.6468,85.3248
2024-06-29T18:00,23.4,89,21.4,864.2,3.3,167,Khumaltar,27.6468,85.3248
2024-06-29T19:00,21.6,98,21.2,865.0,3.5,246,Khumaltar,27.6468,85.3248
2024-06-29T20:00,21.9,96,21.3,865.4,4.4,145,Khumaltar,27.6468,85.3248
2024-06-29T21:00,21.9,96,21.3,866.1,1.1,198,Khumaltar,27.6468,85.3248
2024-06-29T22:00,22.0,96,21.3,866.1,1.9,158,Khumaltar,27.6468,85.3248
2024-06-29T23:00,21.9,97,21.4,865.4,2.6,146,Khumaltar,27.6468,85.3248
2024-06-30T00:00,21.9,98,21.5,864.7,3.2,180,Khumaltar,27.6468,85.3248
2024-06-30T01:00,21.5,99,21.4,864.0,1.3,214,Khumaltar,27.6468,85.3248
2024-06-30T02:00,21.3,99,21.2,863.5,2.6,344,Khumaltar,27.6468,85.3248
2024-06-30T03:00,21.0,100,21.0,863.1,1.9,158,Khumaltar,27.6468,85.3248
2024-06-30T04:00,20.8,100,20.8,862.8,4.4,215,Khumaltar,27.6468,85.3248
2024-06-30T05:00,20.6,100,20.6,863.1,2.7,203,Khumaltar,27.6468,85.3248
2024-06-30T06:00,21.8,94,20.7,863.9,3.6,233,Khumaltar,27.6468,85.3248
2024-06-30T07:00,23.2,87,20.9,864.8,1.8,323,Khumaltar,27.6468,85.3248
2024-06-30T08:00,24.4,80,20.7,865.5,0.4,360,Khumaltar,27.6468,85.3248
2024-06-30T09:00,24.8,79,20.8,865.7,1.8,143,Khumaltar,27.6468,85.3248
2024-06-30T10:00,25.3,77,21.0,865.9,2.5,188,Khumaltar,27.6468,85.3248
2024-06-30T11:00,25.4,80,21.7,865.7,2.9,210,Khumaltar,27.6468,85.3248
2024-06-30T12:00,25.4,79,21.5,865.0,4.0,153,Khumaltar,27.6468,85.3248
2024-06-30T13:00,24.9,81,21.4,863.9,7.2,186,Khumaltar,27.6468,85.3248
2024-06-30T14:00,25.5,76,21.1,863.5,3.4,212,Khumaltar,27.6468,85.3248
2024-06-30T15:00,25.0,79,21.0,862.7,4.0,243,Khumaltar,27.6468,85.3248
2024-06-30T16:00,24.3,81,20.9,862.7,4.5,284,Khumaltar,27.6468,85.3248
2024-06-30T17:00,23.5,87,21.3,862.6,2.3,252,Khumaltar,27.6468,85.3248
2024-06-30T18:00,23.3,92,21.9,862.9,3.3,221,Khumaltar,27.6468,85.3248
2024-06-30T19:00,22.6,96,22.0,863.4,1.8,191,Khumaltar,27.6468,85.3248
2024-06-30T20:00,22.7,96,22.0,864.3,1.0,135,Khumaltar,27.6468,85.3248
2024-06-30T21:00,22.4,95,21.6,864.8,1.3,146,Khumaltar,27.6468,85.3248
2024-06-30T22:00,22.1,96,21.3,864.7,1.5,346,Khumaltar,27.6468,85.3248
2024-06-30T23:00,21.9,97,21.4,864.1,1.0,45,Khumaltar,27.6468,85.3248
2024-07-01T00:00,21.6,99,21.4,863.4,1.4,360,Khumaltar,27.6468,85.3248
2024-07-01T01:00,21.4,99,21.3,862.7,1.5,284,Khumaltar,27.6468,85.3248
2024-07-01T02:00,21.4,100,21.3,862.3,0.0,270,Khumaltar,27.6468,85.3248
2024-07-01T03:00,21.2,100,21.2,861.8,2.1,121,Khumaltar,27.6468,85.3248
2024-07-01T04:00,21.1,100,21.1,861.6,3.7,169,Khumaltar,27.6468,85.3248
2024-07-01T05:00,21.1,100,21.1,861.9,2.2,171,Khumaltar,27.6468,85.3248
2024-07-01T06:00,22.3,95,21.5,862.0,2.0,225,Khumaltar,27.6468,85.3248
2024-07-01T07:00,23.7,87,21.4,863.1,2.1,239,Khumaltar,27.6468,85.3248
2024-07-01T08:00,24.8,82,21.6,863.5,0.8,243,Khumaltar,27.6468,85.3248
2024-07-01T09:00,25.2,81,21.7,863.5,2.6,254,Khumaltar,27.6468,85.3248
2024-07-01T10:00,25.6,81,22.0,863.5,2.5,278,Khumaltar,27.6468,85.3248
2024-07-01T11:00,25.6,82,22.3,863.0,1.4,270,Khumaltar,27.6468,85.3248
2024-07-01T12:00,26.0,79,22.1,862.1,4.9,234,Khumaltar,27.6468,85.3248
2024-07-01T13:00,25.8,84,22.8,861.6,5.3,242,Khumaltar,27.6468,85.3248
2024-07-01T14:00,25.4,81,21.8,860.8,4.5,284,Khumaltar,27.6468,85.3248
2024-07-01T15:00,25.3,85,22.6,860.2,1.5,194,Khumaltar,27.6468,85.3248
2024-07-01T16:00,24.9,87,22.6,859.9,3.8,197,Khumaltar,27.6468,85.3248
2024-07-01T17:00,24.0,92,22.6,860.2,1.8,191,Khumaltar,27.6468,85.3248
2024-07-01T18:00,23.4,90,21.6,861.1,2.9,210,Khumaltar,27.6468,85.3248
2024-07-01T19:00,22.9,94,21.9,861.5,4.3,204,Khumaltar,27.6468,85.3248
2024-07-01T20:00,22.4,96,21.6,862.2,3.1,144,Khumaltar,27.6468,85.3248
2024-07-01T21:00,22.2,97,21.6,862.5,4.2,70,Khumaltar,27.6468,85.3248
2024-07-01T22:00,22.0,98,21.7,862.2,0.8,63,Khumaltar,27.6468,85.3248
2024-07-01T23:00,21.5,99,21.4,861.8,2.1,211,Khumaltar,27.6468,85.3248
2024-07-02T00:00,21.8,98,21.5,861.1,1.8,217,Khumaltar,27.6468,85.3248
2024-07-02T01:00,21.7,99,21.5,860.7,1.4,360,Khumaltar,27.6468,85.3248
2024-07-02T02:00,21.6,99,21.4,860.3,0.4,270,Khumaltar,27.6468,85.3248
2024-07-02T03:00,21.3,99,21.2,860.0,1.8,127,Khumaltar,27.6468,85.3248
2024-07-02T04:00,21.4,99,21.3,860.3,3.7,151,Khumaltar,27.6468,85.3248
2024-07-02T05:00,21.6,98,21.2,860.8,4.0,80,Khumaltar,27.6468,85.3248
2024-07-02T06:00,22.4,96,21.8,861.8,4.3,138,Khumaltar,27.6468,85.3248
2024-07-02T07:00,24.1,88,22.0,862.6,4.0,185,Khumaltar,27.6468,85.3248
2024-07-02T08:00,25.4,82,22.1,863.0,0.7,180,Khumaltar,27.6468,85.3248
2024-07-02T09:00,26.4,76,21.8,863.3,2.6,106,Khumaltar,27.6468,85.3248
2024-07-02T10:00,25.8,78,21.7,863.3,4.7,157,Khumaltar,27.6468,85.3248
2024-07-02T11:00,25.4,78,21.4,862.8,7.1,165,Khumaltar,27.6468,85.3248
2024-07-02T12:00,24.9,84,22.0,862.3,6.5,177,Khumaltar,27.6468,85.3248
2024-07-02T13:00,25.0,82,21.6,861.8,5.0,201,Khumaltar,27.6468,85.3248
2024-07-02T14:00,24.6,84,21.8,861.3,7.9,231,Khumaltar,27.6468,85.3248
2024-07-02T15:00,23.6,89,21.7,860.9,6.2,249,Khumaltar,27.6468,85.3248
2024-07-02T16:00,23.5,92,22.0,861.0,3.9,236,Khumaltar,27.6468,85.3248
2024-07-02T17:00,23.3,91,21.7,861.4,4.4,215,Khumaltar,27.6468,85.3248
2024-07-02T18:00,22.4,96,21.7,861.3,4.6,231,Khumaltar,27.6468,85.3248
2024-07-02T19:00,22.1,97,21.6,862.1,4.3,222,Khumaltar,27.6468,85.3248
2024-07-02T20:00,21.9,98,21.5,862.9,3.5,204,Khumaltar,27.6468,85.3248
2024-07-02T21:00,21.8,98,21.5,863.4,6.0,205,Khumaltar,27.6468,85.3248
2024-07-02T22:00,21.8,98,21.5,863.8,5.2,192,Khumaltar,27.6468,85.3248
2024-07-02T23:00,21.6,98,21.4,863.4,4.7,180,Khumaltar,27.6468,85.3248
2024-07-03T00:00,21.4,98,21.2,863.0,5.4,184,Khumaltar,27.6468,85.3248
2024-07-03T01:00,21.1,98,20.9,862.6,6.8,183,Khumaltar,27.6468,85.3248
2024-07-03T02:00,20.8,99,20.7,862.1,5.8,202,Khumaltar,27.6468,85.3248
2024-07-03T03:00,20.7,99,20.6,861.9,4.7,203,Khumaltar,27.6468,85.3248
2024-07-03T04:00,20.5,99,20.3,862.1,3.5,204,Khumaltar,27.6468,85.3248
2024-07-03T05:00,20.4,99,20.3,862.5,4.8,207,Khumaltar,27.6468,85.3248
2024-07-03T06:00,22.1,95,21.3,863.2,4.6,252,Khumaltar,27.6468,85.3248
2024-07-03T07:00,23.2,89,21.3,864.4,4.8,283,Khumaltar,27.6468,85.3248
2024-07-03T08:00,24.2,82,21.0,864.9,5.2,304,Khumaltar,27.6468,85.3248
2024-07-03T09:00,24.9,79,21.1,865.3,6.0,327,Khumaltar,27.6468,85.3248
2024-07-03T10:00,25.1,81,21.6,865.4,4.6,342,Khumaltar,27.6468,85.3248
2024-07-03T11:00,24.7,82,21.5,865.3,5.4,340,Khumaltar,27.6468,85.3248
2024-07-03T12:00,25.1,82,21.8,865.1,4.3,312,Khumaltar,27.6468,85.3248
2024-07-03T13:00,25.6,81,22.1,864.4,6.6,311,Khumaltar,27.6468,85.3248
2024-07-03T14:00,25.8,82,22.5,863.8,4.8,297,Khumaltar,27.6468,85.3248
2024-07-03T15:00,24.5,88,22.4,863.2,7.1,294,Khumaltar,27.6468,85.3248
2024-07-03T16:00,23.4,90,21.7,863.4,3.0,346,Khumaltar,27.6468,85.3248
2024-07-03T17:00,23.0,93,21.8,863.6,0.8,297,Khumaltar,27.6468,85.3248
2024-07-03T18:00,21.7,98,21.4,864.3,2.2,351,Khumaltar,27.6468,85.3248
2024-07-03T19:00,21.6,97,21.1,864.3,3.1,144,Khumaltar,27.6468,85.3248
2024-07-03T20:00,21.4,99,21.2,864.7,3.5,156,Khumaltar,27.6468,85.3248
2024-07-03T21:00,21.3,99,21.1,865.1,3.3,139,Khumaltar,27.6468,85.3248
2024-07-03T22:00,21.3,99,21.2,865.8,4.0,180,Khumaltar,27.6468,85.3248
2024-07-03T23:00,21.2,100,21.2,865.8,5.0,210,Khumaltar,27.6468,85.3248
2024-07-04T00:00,21.2,100,21.1,865.2,2.8,220,Khumaltar,27.6468,85.3248
2024-07-04T01:00,21.2,100,21.2,864.9,2.0,225,Khumaltar,27.6468,85.3248
2024-07-04T02:00,21.1,100,21.1,864.8,1.3,214,Khumaltar,27.6468,85.3248
2024-07-04T03:00,21.1,100,21.1,864.8,1.9,158,Khumaltar,27.6468,85.3248
2024-07-04T04:00,21.2,99,21.1,864.9,2.1,149,Khumaltar,27.6468,85.3248
2024-07-04T05:00,21.4,98,21.1,865.4,2.8,140,Khumaltar,27.6468,85.3248
2024-07-04T06:00,22.2,94,21.3,866.0,2.8,140,Khumaltar,27.6468,85.3248
2024-07-04T07:00,22.4,94,21.4,866.5,4.6,45,Khumaltar,27.6468,85.3248
2024-07-04T08:00,23.2,90,21.4,866.7,3.1,45,Khumaltar,27.6468,85.3248
2024-07-04T09:00,24.5,84,21.7,867.2,2.8,140,Khumaltar,27.6468,85.3248
2024-07-04T10:00,24.7,85,21.9,867.1,1.5,135,Khumaltar,27.6468,85.3248
2024-07-04T11:00,26.1,81,22.6,867.0,3.9,158,Khumaltar,27.6468,85.3248
2024-07-04T12:00,26.8,77,22.4,866.3,7.0,159,Khumaltar,27.6468,85.3248
2024-07-04T13:00,24.7,85,22.0,865.6,11.5,182,Khumaltar,27.6468,85.3248
2024-07-04T14:00,24.5,89,22.5,865.4,4.9,197,Khumaltar,27.6468,85.3248
2024-07-04T15:00,24.8,88,22.8,865.1,2.3,108,Khumaltar,27.6468,85.3248
2024-07-04T16:00,24.2,91,22.5,865.0,3.6,90,Khumaltar,27.6468,85.3248
2024-07-04T17:00,23.7,92,22.2,865.0,2.3,108,Khumaltar,27.6468,85.3248
2024-07-04T18:00,23.9,92,22.5,864.3,5.9,191,Khumaltar,27.6468,85.3248
2024-07-04T19:00,22.5,98,22.1,864.9,4.3,228,Khumaltar,27.6468,85.3248
2024-07-04T20:00,21.5,99,21.4,865.5,2.7,203,Khumaltar,27.6468,85.3248
2024-07-04T21:00,21.5,100,21.5,866.0,2.9,150,Khumaltar,27.6468,85.3248
2024-07-04T22:00,21.6,100,21.5,866.3,5.4,217,Khumaltar,27.6468,85.3248
2024-07-04T23:00,21.7,99,21.5,865.8,5.4,222,Khumaltar,27.6468,85.3248
2024-07-05T00:00,21.7,98,21.3,865.2,6.0,213,Khumaltar,27.6468,85.3248
2024-07-05T01:00,21.4,98,21.1,864.6,4.6,225,Khumaltar,27.6468,85.3248
2024-07-05T02:00,21.1,98,20.8,864.0,1.4,270,Khumaltar,27.6468,85.3248
2024-07-05T03:00,21.0,98,20.7,863.6,1.6,243,Khumaltar,27.6468,85.3248
2024-07-05T04:00,20.7,98,20.4,863.5,1.8,233,Khumaltar,27.6468,85.3248
2024-07-05T05:00,20.9,97,20.4,863.7,2.2,270,Khumaltar,27.6468,85.3248
2024-07-05T06:00,21.7,97,21.1,863.5,4.8,138,Khumaltar,27.6468,85.3248
2024-07-05T07:00,22.4,94,21.3,864.9,3.9,124,Khumaltar,27.6468,85.3248
2024-07-05T08:00,23.8,87,21.5,865.7,4.1,128,Khumaltar,27.6468,85.3248
2024-07-05T09:00,24.0,84,21.2,865.9,5.2,106,Khumaltar,27.6468,85.3248
2024-07-05T10:00,23.3,89,21.4,865.5,6.2,126,Khumaltar,27.6468,85.3248
2024-07-05T11:00,23.5,86,21.0,865.3,5.2,146,Khumaltar,27.6468,85.3248
2024-07-05T12:00,24.1,90,22.3,864.7,5.9,169,Khumaltar,27.6468,85.3248
2024-07-05T13:00,25.1,82,21.9,864.0,4.3,228,Khumaltar,27.6468,85.3248
2024-07-05T14:00,23.2,89,21.2,863.0,4.0,153,Khumaltar,27.6468,85.3248
2024-07-05T15:00,22.8,93,21.6,862.6,6.0,147,Khumaltar,27.6468,85.3248
2024-07-05T16:00,22.3,95,21.5,862.5,5.4,176,Khumaltar,27.6468,85.3248
2024-07-05T17:00,22.2,94,21.2,862.3,3.9,158,Khumaltar,27.6468,85.3248
2024-07-05T18:00,21.9,96,21.3,862.6,4.1,128,Khumaltar,27.6468,85.3248
2024-07-05T19:00,21.6,98,21.4,862.9,4.8,138,Khumaltar,27.6468,85.3248
2024-07-05T20:00,21.5,99,21.3,863.5,4.2,160,Khumaltar,27.6468,85.3248
2024-07-05T21:00,21.3,98,20.9,863.7,5.9,191,Khumaltar,27.6468,85.3248
2024-07-05T22:00,21.5,97,21.0,863.8,5.1,184,Khumaltar,27.6468,85.3248
2024-07-05T23:00,21.6,97,21.0,863.5,4.7,176,Khumaltar,27.6468,85.3248
2024-07-06T00:00,21.5,97,21.0,863.1,3.6,174,Khumaltar,27.6468,85.3248
2024-07-06T01:00,21.4,98,21.0,862.3,3.4,122,Khumaltar,27.6468,85.3248
2024-07-06T02:00,21.4,98,21.0,861.8,4.5,119,Khumaltar,27.6468,85.3248
2024-07-06T03:00,21.3,98,21.0,861.5,4.7,122,Khumaltar,27.6468,85.3248
2024-07-06T04:00,21.2,98,21.0,861.7,6.0,163,Khumaltar,27.6468,85.3248
2024-07-06T05:00,21.3,98,21.0,862.2,4.5,119,Khumaltar,27.6468,85.3248
2024-07-06T06:00,21.2,99,21.0,862.6,4.7,122,Khumaltar,27.6468,85.3248
2024-07-06T07:00,21.3,98,21.0,863.1,4.5,104,Khumaltar,27.6468,85.3248
2024-07-06T08:00,21.6,97,21.1,863.7,6.9,141,Khumaltar,27.6468,85.3248
2024-07-06T09:00,22.1,95,21.3,864.1,6.3,156,Khumaltar,27.6468,85.3248
2024-07-06T10:00,22.5,94,21.4,864.1,7.4,133,Khumaltar,27.6468,85.3248
2024-07-06T11:00,22.1,94,21.2,863.7,8.2,128,Khumaltar,27.6468,85.3248
2024-07-06T12:00,22.0,96,21.4,863.4,6.3,121,Khumaltar,27.6468,85.3248
2024-07-06T13:00,22.3,95,21.5,863.4,6.0,115,Khumaltar,27.6468,85.3248
2024-07-06T14:00,22.2,95,21.3,863.1,6.8,115,Khumaltar,27.6468,85.3248
2024-07-06T15:00,22.0,95,21.2,863.0,8.0,117,Khumaltar,27.6468,85.3248
2024-07-06T16:00,21.9,95,21.1,863.2,7.4,119,Khumaltar,27.6468,85.3248
2024-07-06T17:00,21.9,96,21.2,863.2,5.0,111,Khumaltar,27.6468,85.3248
2024-07-06T18:00,21.3,97,20.8,864.1,4.9,107,Khumaltar,27.6468,85.3248
2024-07-06T19:00,21.0,98,20.7,864.5,3.6,135,Khumaltar,27.6468,85.3248
2024-07-06T20:00,20.9,98,20.7,865.3,4.5,104,Khumaltar,27.6468,85.3248
2024-07-06T21:00,20.8,98,20.5,865.9,4.1,135,Khumaltar,27.6468,85.3248
2024-07-06T22:00,20.7,98,20.4,866.4,3.1,135,Khumaltar,27.6468,85.3248
2024-07-06T23:00,20.8,98,20.6,866.2,3.5,114,Khumaltar,27.6468,85.3248
2024-07-07T00:00,20.7,98,20.5,865.4,4.9,107,Khumaltar,27.6468,85.3248
2024-07-07T01:00,20.4,99,20.2,865.0,3.9,146,Khumaltar,27.6468,85.3248
2024-07-07T02:00,20.3,100,20.3,864.8,4.9,197,Khumaltar,27.6468,85.3248
2024-07-07T03:00,20.3,100,20.2,864.7,5.2,164,Khumaltar,27.6468,85.3248
2024-07-07T04:00,20.1,100,20.1,864.8,5.3,152,Khumaltar,27.6468,85.3248
2024-07-07T05:00,20.1,100,20.0,865.1,4.8,132,Khumaltar,27.6468,85.3248
2024-07-07T06:00,20.8,95,20.1,865.8,6.8,115,Khumaltar,27.6468,85.3248
2024-07-07T07:00,22.7,89,20.7,867.0,6.1,177,Khumaltar,27.6468,85.3248
2024-07-07T08:00,24.1,85,21.3,868.0,6.1,180,Khumaltar,27.6468,85.3248
2024-07-07T09:00,24.3,82,21.0,868.5,5.1,94,Khumaltar,27.6468,85.3248
2024-07-07T10:00,23.3,86,20.8,868.5,6.5,90,Khumaltar,27.6468,85.3248
2024-07-07T11:00,24.8,82,21.6,868.3,5.5,113,Khumaltar,27.6468,85.3248
2024-07-07T12:00,26.8,73,21.6,868.1,4.5,104,Khumaltar,27.6468,85.3248
2024-07-07T13:00,24.6,80,21.0,867.1,6.4,153,Khumaltar,27.6468,85.3248
2024-07-07T14:00,24.3,85,21.5,866.3,3.3,229,Khumaltar,27.6468,85.3248
2024-07-07T15:00,25.2,82,21.9,866.3,3.8,311,Khumaltar,27.6468,85.3248
2024-07-07T16:00,25.2,79,21.4,865.7,2.6,304,Khumaltar,27.6468,85.3248
2024-07-07T17:00,24.1,81,20.7,865.8,2.4,63,Khumaltar,27.6468,85.3248
2024-07-07T18:00,22.9,94,21.8,866.5,2.2,81,Khumaltar,27.6468,85.3248
2024-07-07T19:00,21.5,96,20.8,866.3,2.5,180,Khumaltar,27.6468,85.3248
2024-07-07T20:00,21.7,97,21.2,867.2,3.8,163,Khumaltar,27.6468,85.3248
2024-07-07T21:00,21.6,97,21.1,867.8,4.6,162,Khumaltar,27.6468,85.3248
2024-07-07T22:00,21.4,95,20.5,868.2,2.6,164,Khumaltar,27.6468,85.3248
2024-07-07T23:00,21.0,98,20.7,868.1,3.7,151,Khumaltar,27.6468,85.3248
2024-07-08T00:00,20.8,99,20.6,867.3,2.2,171,Khumaltar,27.6468,85.3248
2024-07-08T01:00,20.5,98,20.3,866.7,2.5,172,Khumaltar,27.6468,85.3248
2024-07-08T02:00,20.5,96,19.9,866.4,2.5,172,Khumaltar,27.6468,85.3248
2024-07-08T03:00,20.2,98,19.8,866.0,1.8,180,Khumaltar,27.6468,85.3248
2024-07-08T04:00,20.2,98,19.9,866.2,1.1,180,Khumaltar,27.6468,85.3248
2024-07-08T05:00,20.5,98,20.1,866.8,3.1,135,Khumaltar,27.6468,85.3248
2024-07-08T06:00,21.2,98,20.9,866.6,4.1,165,Khumaltar,27.6468,85.3248
2024-07-08T07:00,22.4,93,21.2,867.1,4.5,166,Khumaltar,27.6468,85.3248
2024-07-08T08:00,23.8,86,21.3,867.9,6.5,183,Khumaltar,27.6468,85.3248
2024-07-08T09:00,24.3,84,21.4,868.3,4.5,209,Khumaltar,27.6468,85.3248
2024-07-08T10:00,25.3,79,21.4,868.8,2.5,270,Khumaltar,27.6468,85.3248
2024-07-08T11:00,25.8,77,21.5,868.5,4.5,284,Khumaltar,27.6468,85.3248
2024-07-08T12:00,26.7,73,21.5,868.0,5.8,266,Khumaltar,27.6468,85.3248
2024-07-08T13:00,27.4,69,21.3,867.0,4.7,279,Khumaltar,27.6468,85.3248
2024-07-08T14:00,25.3,77,21.0,866.2,6.5,273,Khumaltar,27.6468,85.3248
2024-07-08T15:00,24.6,83,21.6,865.7,6.1,267,Khumaltar,27.6468,85.3248
2024-07-08T16:00,24.8,82,21.5,865.6,5.9,259,Khumaltar,27.6468,85.3248
2024-07-08T17:00,24.8,80,21.2,865.9,4.7,274,Khumaltar,27.6468,85.3248
2024-07-08T18:00,23.4,90,21.6,866.4,3.6,315,Khumaltar,27.6468,85.3248
2024-07-08T19:00,22.0,97,21.5,866.1,3.5,294,Khumaltar,27.6468,85.3248
2024-07-08T20:00,22.2,96,21.5,866.9,1.6,243,Khumaltar,27.6468,85.3248
2024-07-08T21:00,21.5,98,21.2,867.3,2.2,171,Khumaltar,27.6468,85.3248
2024-07-08T22:00,21.1,99,21.0,867.6,1.3,214,Khumaltar,27.6468,85.3248
2024-07-08T23:00,21.1,99,20.9,867.4,2.2,189,Khumaltar,27.6468,85.3248
2024-07-09T00:00,20.8,97,20.3,867.2,2.9,187,Khumaltar,27.6468,85.3248
2024-07-09T01:00,21.2,97,20.7,867.0,3.3,174,Khumaltar,27.6468,85.3248
2024-07-09T02:00,21.1,97,20.7,866.5,2.1,239,Khumaltar,27.6468,85.3248
2024-07-09T03:00,20.8,97,20.3,866.4,2.1,239,Khumaltar,27.6468,85.3248
2024-07-09T04:00,20.4,98,20.1,866.2,0.4,180,Khumaltar,27.6468,85.3248
2024-07-09T05:00,20.4,98,20.1,866.4,2.4,207,Khumaltar,27.6468,85.3248
2024-07-09T06:00,21.5,97,21.1,867.3,4.6,18,Khumaltar,27.6468,85.3248
2024-07-09T07:00,23.4,87,21.0,868.3,3.1,249,Khumaltar,27.6468,85.3248
2024-07-09T08:00,24.6,82,21.3,868.4,3.6,354,Khumaltar,27.6468,85.3248
2024-07-09T09:00,26.5,73,21.3,868.6,1.3,326,Khumaltar,27.6468,85.3248
2024-07-09T10:00,27.8,69,21.5,868.5,1.6,333,Khumaltar,27.6468,85.3248
2024-07-09T11:00,28.3,68,21.8,868.5,3.6,264,Khumaltar,27.6468,85.3248
2024-07-09T12:00,26.2,76,21.6,868.0,8.9,227,Khumaltar,27.6468,85.3248
2024-07-09T13:00,25.2,84,22.4,867.7,9.2,228,Khumaltar,27.6468,85.3248
2024-07-09T14:00,25.1,85,22.4,867.2,6.9,189,Khumaltar,27.6468,85.3248
2024-07-09T15:00,24.1,88,21.9,866.2,4.0,207,Khumaltar,27.6468,85.3248
2024-07-09T16:00,24.2,89,22.2,866.2,3.7,209,Khumaltar,27.6468,85.3248
2024-07-09T17:00,24.0,89,22.1,866.3,2.5,8,Khumaltar,27.6468,85.3248
2024-07-09T18:00,23.1,92,21.7,867.4,3.7,349,Khumaltar,27.6468,85.3248
2024-07-09T19:00,22.5,96,21.8,867.4,3.7,349,Khumaltar,27.6468,85.3248
2024-07-09T20:00,21.5,98,21.3,867.6,3.0,166,Khumaltar,27.6468,85.3248
2024-07-09T21:00,21.8,98,21.5,868.2,2.6,164,Khumaltar,27.6468,85.3248
2024-07-09T22:00,21.9,98,21.6,868.4,2.7,157,Khumaltar,27.6468,85.3248
2024-07-09T23:00,21.7,98,21.4,868.2,2.6,146,Khumaltar,27.6468,85.3248
2024-07-10T00:00,21.7,98,21.5,868.1,3.1,159,Khumaltar,27.6468,85.3248
2024-07-10T01:00,21.4,99,21.3,867.5,2.5,180,Khumaltar,27.6468,85.3248
2024-07-10T02:00,21.2,99,21.1,866.9,2.9,187,Khumaltar,27.6468,85.3248
2024-07-10T03:00,20.9,100,20.8,866.2,2.9,180,Khumaltar,27.6468,85.3248
2024-07-10T04:00,20.6,100,20.6,866.4,3.6,180,Khumaltar,27.6468,85.3248
2024-07-10T05:00,20.8,99,20.7,867.1,4.5,166,Khumaltar,27.6468,85.3248
2024-07-10T06:00,21.7,98,21.4,867.6,3.1,225,Khumaltar,27.6468,85.3248
2024-07-10T07:00,22.2,97,21.6,868.1,1.6,207,Khumaltar,27.6468,85.3248
2024-07-10T08:00,22.7,92,21.4,868.4,1.4,90,Khumaltar,27.6468,85.3248
2024-07-10T09:00,24.5,85,21.8,868.8,0.0,270,Khumaltar,27.6468,85.3248
2024-07-10T10:00,26.0,79,22.0,868.8,2.9,210,Khumaltar,27.6468,85.3248
2024-07-10T11:00,25.6,80,21.8,868.3,4.1,195,Khumaltar,27.6468,85.3248
2024-07-10T12:00,25.8,80,22.1,868.1,5.0,291,Khumaltar,27.6468,85.3248
2024-07-10T13:00,27.1,74,22.1,867.3,7.4,321,Khumaltar,27.6468,85.3248
2024-07-10T14:00,24.4,84,21.5,866.6,3.5,294,Khumaltar,27.6468,85.3248
2024-07-10T15:00,24.6,81,21.2,865.9,4.1,218,Khumaltar,27.6468,85.3248
2024-07-10T16:00,23.6,89,21.6,865.7,2.6,326,Khumaltar,27.6468,85.3248
2024-07-10T17:00,23.6,89,21.6,865.6,1.6,333,Khumaltar,27.6468,85.3248
2024-07-10T18:00,23.0,92,21.6,866.4,3.7,281,Khumaltar,27.6468,85.3248
2024-07-10T19:00,22.6,95,21.8,866.9,2.5,278,Khumaltar,27.6468,85.3248
2024-07-10T20:00,22.3,97,21.7,867.4,1.4,270,Khumaltar,27.6468,85.3248
2024-07-10T21:00,22.3,97,21.7,867.5,1.8,180,Khumaltar,27.6468,85.3248
2024-07-10T22:00,22.3,97,21.8,867.4,3.7,169,Khumaltar,27.6468,85.3248
2024-07-10T23:00,22.2,98,21.8,866.7,4.0,180,Khumaltar,27.6468,85.3248
2024-07-11T00:00,21.9,97,21.4,865.9,4.7,184,Khumaltar,27.6468,85.3248
2024-07-11T01:00,21.8,96,21.2,865.2,5.0,201,Khumaltar,27.6468,85.3248
2024-07-11T02:00,21.7,97,21.3,864.9,5.1,184,Khumaltar,27.6468,85.3248
2024-07-11T03:00,21.7,98,21.3,864.5,4.7,171,Khumaltar,27.6468,85.3248
2024-07-11T04:00,21.7,97,21.2,864.7,3.9,202,Khumaltar,27.6468,85.3248
2024-07-11T05:00,21.8,97,21.3,864.7,4.0,175,Khumaltar,27.6468,85.3248
2024-07-11T06:00,22.0,97,21.5,865.5,2.6,196,Khumaltar,27.6468,85.3248
2024-07-11T07:00,22.8,95,21.9,865.7,1.8,127,Khumaltar,27.6468,85.3248
2024-07-11T08:00,23.9,88,21.8,865.9,1.5,135,Khumaltar,27.6468,85.3248
2024-07-11T09:00,24.7,86,22.2,866.0,1.5,194,Khumaltar,27.6468,85.3248
2024-07-11T10:00,24.6,84,21.7,865.8,4.2,250,Khumaltar,27.6468,85.3248
2024-07-11T11:00,25.6,81,22.2,865.9,5.8,266,Khumaltar,27.6468,85.3248
2024-07-11T12:00,25.6,83,22.4,864.8,6.6,299,Khumaltar,27.6468,85.3248
2024-07-11T13:00,25.1,83,22.0,863.6,2.7,293,Khumaltar,27.6468,85.3248
2024-07-11T14:00,25.9,79,22.1,863.0,3.3,257,Khumaltar,27.6468,85.3248
2024-07-11T15:00,25.9,80,22.2,862.0,4.0,280,Khumaltar,27.6468,85.3248
2024-07-11T16:00,25.5,81,21.9,861.9,3.2,243,Khumaltar,27.6468,85.3248
2024-07-11T17:00,24.8,83,21.6,862.0,2.9,270,Khumaltar,27.6468,85.3248
2024-07-11T18:00,23.3,91,21.7,862.6,3.6,217,Khumaltar,27.6468,85.3248
2024-07-11T19:00,23.0,94,21.9,862.8,3.0,166,Khumaltar,27.6468,85.3248
2024-07-11T20:00,22.4,96,21.7,862.8,4.7,157,Khumaltar,27.6468,85.3248
2024-07-11T21:00,22.3,96,21.7,863.5,3.8,163,Khumaltar,27.6468,85.3248
2024-07-11T22:00,22.1,98,21.8,863.7,4.7,189,Khumaltar,27.6468,85.3248
2024-07-11T23:00,22.1,98,21.7,862.7,5.6,135,Khumaltar,27.6468,85.3248
2024-07-12T00:00,21.9,97,21.3,862.0,5.8,150,Khumaltar,27.6468,85.3248
2024-07-12T01:00,21.7,98,21.4,861.3,6.8,155,Khumaltar,27.6468,85.3248
2024-07-12T02:00,21.7,98,21.4,861.0,5.2,155,Khumaltar,27.6468,85.3248
2024-07-12T03:00,21.7,98,21.4,860.9,5.4,188,Khumaltar,27.6468,85.3248
2024-07-12T04:00,21.7,98,21.3,860.8,5.2,164,Khumaltar,27.6468,85.3248
2024-07-12T05:00,21.5,98,21.2,861.1,3.1,135,Khumaltar,27.6468,85.3248
2024-07-12T06:00,21.4,98,21.1,862.4,3.1,291,Khumaltar,27.6468,85.3248
2024-07-12T07:00,21.5,97,21.0,862.7,1.6,153,Khumaltar,27.6468,85.3248
2024-07-12T08:00,21.8,95,20.9,863.0,2.8,230,Khumaltar,27.6468,85.3248
2024-07-12T09:00,21.9,93,20.8,863.6,3.4,162,Khumaltar,27.6468,85.3248
2024-07-12T10:00,23.2,92,21.9,864.1,2.1,121,Khumaltar,27.6468,85.3248
2024-07-12T11:00,23.4,91,21.8,863.9,3.7,119,Khumaltar,27.6468,85.3248
2024-07-12T12:00,23.9,87,21.6,863.7,3.3,131,Khumaltar,27.6468,85.3248
2024-07-12T13:00,24.0,86,21.6,863.1,4.1,105,Khumaltar,27.6468,85.3248
2024-07-12T14:00,24.0,86,21.5,862.6,5.6,105,Khumaltar,27.6468,85.3248
2024-07-12T15:00,24.3,82,21.1,862.3,3.6,96,Khumaltar,27.6468,85.3248
2024-07-12T16:00,22.7,91,21.2,862.0,4.3,114,Khumaltar,27.6468,85.3248
2024-07-12T17:00,22.5,94,21.4,862.4,4.0,90,Khumaltar,27.6468,85.3248
2024-07-12T18:00,22.5,92,21.1,862.9,2.1,121,Khumaltar,27.6468,85.3248
2024-07-12T19:00,22.0,96,21.4,863.3,4.7,113,Khumaltar,27.6468,85.3248
2024-07-12T20:00,21.9,97,21.4,863.6,4.4,125,Khumaltar,27.6468,85.3248
2024-07-12T21:00,21.8,96,21.1,864.2,3.1,126,Khumaltar,27.6468,85.3248
2024-07-12T22:00,21.6,97,21.1,864.3,2.8,130,Khumaltar,27.6468,85.3248
2024-07-12T23:00,21.3,98,21.0,864.2,3.6,127,Khumaltar,27.6468,85.3248
2024-07-13T00:00,21.1,100,21.0,863.5,3.8,131,Khumaltar,27.6468,85.3248
2024-07-13T01:00,21.0,100,20.9,863.1,4.2,149,Khumaltar,27.6468,85.3248
2024-07-13T02:00,21.0,99,20.8,862.6,3.8,131,Khumaltar,27.6468,85.3248
2024-07-13T03:00,20.9,99,20.7,862.3,3.3,167,Khumaltar,27.6468,85.3248
2024-07-13T04:00,20.8,99,20.6,862.0,3.5,204,Khumaltar,27.6468,85.3248
2024-07-13T05:00,20.7,99,20.5,862.3,3.4,148,Khumaltar,27.6468,85.3248
2024-07-13T06:00,21.2,98,21.0,863.2,4.1,165,Khumaltar,27.6468,85.3248
2024-07-13T07:00,22.8,91,21.3,863.8,4.4,145,Khumaltar,27.6468,85.3248
2024-07-13T08:00,24.0,85,21.4,864.3,2.8,140,Khumaltar,27.6468,85.3248
2024-07-13T09:00,25.5,78,21.3,864.9,1.3,214,Khumaltar,27.6468,85.3248
2024-07-13T10:00,26.4,73,21.3,864.6,1.9,292,Khumaltar,27.6468,85.3248
2024-07-13T11:00,26.9,71,21.2,864.1,1.8,259,Khumaltar,27.6468,85.3248
2024-07-13T12:00,25.9,75,21.1,863.6,4.3,265,Khumaltar,27.6468,85.3248
2024-07-13T13:00,25.7,76,21.2,862.7,4.7,266,Khumaltar,27.6468,85.3248
2024-07-13T14:00,26.0,75,21.1,862.3,4.9,287,Khumaltar,27.6468,85.3248
2024-07-13T15:00,25.9,76,21.3,861.4,4.0,297,Khumaltar,27.6468,85.3248
2024-07-13T16:00,25.8,76,21.3,861.1,4.1,285,Khumaltar,27.6468,85.3248
2024-07-13T17:00,25.3,79,21.4,861.3,4.2,290,Khumaltar,27.6468,85.3248
2024-07-13T18:00,23.7,88,21.7,862.3,3.1,306,Khumaltar,27.6468,85.3248
2024-07-13T19:00,23.0,94,22.0,862.5,1.8,323,Khumaltar,27.6468,85.3248
2024-07-13T20:00,22.5,96,21.9,863.1,2.8,310,Khumaltar,27.6468,85.3248
2024-07-13T21:00,21.9,99,21.8,863.2,2.3,321,Khumaltar,27.6468,85.3248
2024-07-13T22:00,21.6,98,21.3,863.2,2.6,124,Khumaltar,27.6468,85.3248
2024-07-13T23:00,21.8,98,21.4,863.2,2.9,120,Khumaltar,27.6468,85.3248
2024-07-14T00:00,21.7,97,21.1,862.9,2.4,117,Khumaltar,27.6468,85.3248
2024-07-14T01:00,21.6,98,21.2,862.3,2.5,135,Khumaltar,27.6468,85.3248
2024-07-14T02:00,21.4,98,21.0,862.0,2.6,146,Khumaltar,27.6468,85.3248
2024-07-14T03:00,21.3,98,21.1,862.2,2.5,98,Khumaltar,27.6468,85.3248
2024-07-14T04:00,21.2,98,20.9,862.2,2.5,135,Khumaltar,27.6468,85.3248
2024-07-14T05:00,21.3,98,20.9,862.9,3.4,122,Khumaltar,27.6468,85.3248
2024-07-14T06:00,21.8,97,21.3,863.4,5.4,98,Khumaltar,27.6468,85.3248
2024-07-14T07:00,23.0,90,21.3,864.1,3.7,151,Khumaltar,27.6468,85.3248
2024-07-14T08:00,25.2,83,22.0,864.6,2.6,146,Khumaltar,27.6468,85.3248
2024-07-14T09:00,26.5,79,22.6,865.3,3.2,90,Khumaltar,27.6468,85.3248
2024-07-14T10:00,26.9,75,22.1,864.9,4.7,86,Khumaltar,27.6468,85.3248
2024-07-14T11:00,26.5,79,22.5,864.8,1.9,202,Khumaltar,27.6468,85.3248
2024-07-14T12:00,27.5,74,22.4,864.2,1.6,243,Khumaltar,27.6468,85.3248
2024-07-14T13:00,27.9,72,22.5,863.5,1.1,180,Khumaltar,27.6468,85.3248
2024-07-14T14:00,27.2,76,22.5,862.8,4.1,195,Khumaltar,27.6468,85.3248
2024-07-14T15:00,25.9,80,22.2,862.1,3.4,238,Khumaltar,27.6468,85.3248
2024-07-14T16:00,26.0,79,22.1,861.9,3.4,302,Khumaltar,27.6468,85.3248
2024-07-14T17:00,25.3,82,21.9,862.2,2.9,270,Khumaltar,27.6468,85.3248
2024-07-14T18:00,23.9,92,22.6,862.8,4.5,209,Khumaltar,27.6468,85.3248
2024-07-14T19:00,22.8,98,22.4,863.5,6.5,199,Khumaltar,27.6468,85.3248
2024-07-14T20:00,22.5,98,22.1,864.4,3.5,204,Khumaltar,27.6468,85.3248
2024-07-14T21:00,22.8,98,22.4,865.7,3.7,169,Khumaltar,27.6468,85.3248
2024-07-14T22:00,22.6,97,22.1,865.8,2.6,146,Khumaltar,27.6468,85.3248
2024-07-14T23:00,22.4,95,21.6,865.8,3.6,143,Khumaltar,27.6468,85.3248
2024-07-15T00:00,22.2,97,21.8,865.8,4.0,175,Khumaltar,27.6468,85.3248
2024-07-15T01:00,22.2,96,21.5,865.7,3.6,143,Khumaltar,27.6468,85.3248
2024-07-15T02:00,22.1,97,21.6,865.7,3.8,139,Khumaltar,27.6468,85.3248
2024-07-15T03:00,21.9,98,21.6,865.6,3.3,139,Khumaltar,27.6468,85.3248
2024-07-15T04:00,21.5,99,21.4,865.6,2.9,173,Khumaltar,27.6468,85.3248
2024-07-15T05:00,21.2,99,21.1,866.4,2.9,180,Khumaltar,27.6468,85.3248
2024-07-15T06:00,22.2,97,21.7,865.9,2.6,164,Khumaltar,27.6468,85.3248
2024-07-15T07:00,24.1,91,22.4,867.0,4.7,180,Khumaltar,27.6468,85.3248
2024-07-15T08:00,26.0,78,21.9,867.6,4.2,160,Khumaltar,27.6468,85.3248
2024-07-15T09:00,27.1,73,22.0,868.0,1.3,146,Khumaltar,27.6468,85.3248
2024-07-15T10:00,27.9,74,22.7,867.8,1.1,18,Khumaltar,27.6468,85.3248
2024-07-15T11:00,28.3,72,22.8,867.3,1.5,45,Khumaltar,27.6468,85.3248
2024-07-15T12:00,28.6,72,23.0,866.7,3.1,234,Khumaltar,27.6468,85.3248
2024-07-15T13:00,27.5,74,22.5,866.4,6.4,223,Khumaltar,27.6468,85.3248
2024-07-15T14:00,26.8,77,22.5,865.8,5.3,298,Khumaltar,27.6468,85.3248
2024-07-15T15:00,24.8,87,22.6,864.9,2.9,277,Khumaltar,27.6468,85.3248
2024-07-15T16:00,25.2,84,22.4,864.5,3.7,241,Khumaltar,27.6468,85.3248
2024-07-15T17:00,25.1,83,22.0,864.7,2.3,231,Khumaltar,27.6468,85.3248
2024-07-15T18:00,23.9,90,22.1,865.6,1.1,252,Khumaltar,27.6468,85.3248
2024-07-15T19:00,23.3,95,22.4,866.0,0.8,297,Khumaltar,27.6468,85.3248
2024-07-15T20:00,23.1,97,22.6,866.6,1.3,214,Khumaltar,27.6468,85.3248
2024-07-15T21:00,22.8,98,22.4,867.3,4.5,194,Khumaltar,27.6468,85.3248
2024-07-15T22:00,22.5,98,22.1,867.7,4.0,185,Khumaltar,27.6468,85.3248
2024-07-15T23:00,22.4,98,22.1,867.5,2.2,180,Khumaltar,27.6468,85.3248
2024-07-16T00:00,22.3,98,22.1,867.3,2.0,135,Khumaltar,27.6468,85.3248
2024-07-16T01:00,22.1,99,22.0,866.8,0.4,270,Khumaltar,27.6468,85.3248
2024-07-16T02:00,22.1,100,22.0,866.7,1.8,191,Khumaltar,27.6468,85.3248
2024-07-16T03:00,22.0,100,22.0,866.4,3.2,63,Khumaltar,27.6468,85.3248
2024-07-16T04:00,21.9,100,21.9,866.2,2.2,99,Khumaltar,27.6468,85.3248
2024-07-16T05:00,21.8,100,21.8,866.2,0.8,243,Khumaltar,27.6468,85.3248
2024-07-16T06:00,21.7,98,21.3,866.8,4.2,149,Khumaltar,27.6468,85.3248
2024-07-16T07:00,22.6,96,22.0,867.2,4.6,162,Khumaltar,27.6468,85.3248
2024-07-16T08:00,23.6,92,22.3,868.4,3.1,135,Khumaltar,27.6468,85.3248
2024-07-16T09:00,25.3,83,22.3,868.8,3.4,108,Khumaltar,27.6468,85.3248
2024-07-16T10:00,26.7,75,21.9,868.7,5.5,79,Khumaltar,27.6468,85.3248
2024-07-16T11:00,27.5,71,21.8,868.2,6.0,107,Khumaltar,27.6468,85.3248
2024-07-16T12:00,27.5,74,22.4,868.0,6.2,144,Khumaltar,27.6468,85.3248
2024-07-16T13:00,27.3,75,22.5,867.1,4.4,171,Khumaltar,27.6468,85.3248
2024-07-16T14:00,25.6,84,22.6,866.6,3.4,198,Khumaltar,27.6468,85.3248
2024-07-16T15:00,24.7,89,22.8,866.0,2.2,171,Khumaltar,27.6468,85.3248
2024-07-16T16:00,24.5,90,22.8,865.7,0.7,270,Khumaltar,27.6468,85.3248
2024-07-16T17:00,24.0,89,22.1,865.8,4.7,328,Khumaltar,27.6468,85.3248
2024-07-16T18:00,23.0,94,21.9,865.9,3.1,315,Khumaltar,27.6468,85.3248
2024-07-16T19:00,22.4,98,22.1,865.9,0.8,333,Khumaltar,27.6468,85.3248
2024-07-16T20:00,21.6,100,21.6,865.9,2.5,188,Khumaltar,27.6468,85.3248
2024-07-16T21:00,21.8,100,21.8,866.8,3.4,198,Khumaltar,27.6468,85.3248
2024-07-16T22:00,22.0,100,22.0,867.2,3.2,207,Khumaltar,27.6468,85.3248
2024-07-16T23:00,22.3,97,21.9,867.4,3.4,238,Khumaltar,27.6468,85.3248
2024-07-17T00:00,22.1,98,21.7,866.8,4.1,218,Khumaltar,27.6468,85.3248
2024-07-17T01:00,22.0,97,21.6,866.6,5.0,201,Khumaltar,27.6468,85.3248
2024-07-17T02:00,22.0,96,21.4,866.3,4.7,189,Khumaltar,27.6468,85.3248
2024-07-17T03:00,21.9,97,21.4,866.0,4.2,200,Khumaltar,27.6468,85.3248
2024-07-17T04:00,21.7,98,21.3,866.2,3.9,202,Khumaltar,27.6468,85.3248
2024-07-17T05:00,21.6,98,21.3,866.5,3.4,198,Khumaltar,27.6468,85.3248
2024-07-17T06:00,21.9,97,21.5,867.1,1.6,63,Khumaltar,27.6468,85.3248
2024-07-17T07:00,22.5,96,21.8,867.4,1.5,45,Khumaltar,27.6468,85.3248
2024-07-17T08:00,23.4,93,22.1,867.9,1.8,259,Khumaltar,27.6468,85.3248
2024-07-17T09:00,24.6,85,22.0,868.2,0.7,270,Khumaltar,27.6468,85.3248
2024-07-17T10:00,25.9,77,21.5,868.2,1.1,180,Khumaltar,27.6468,85.3248
2024-07-17T11:00,26.6,75,21.9,868.0,1.0,225,Khumaltar,27.6468,85.3248
2024-07-17T12:00,26.1,77,21.7,867.4,3.1,225,Khumaltar,27.6468,85.3248
2024-07-17T13:00,24.7,84,21.9,866.8,4.1,232,Khumaltar,27.6468,85.3248
2024-07-17T14:00,25.8,81,22.2,866.3,2.3,309,Khumaltar,27.6468,85.3248
2024-07-17T15:00,25.4,83,22.4,865.5,2.4,333,Khumaltar,27.6468,85.3248
2024-07-17T16:00,23.8,88,21.7,864.7,5.0,330,Khumaltar,27.6468,85.3248
2024-07-17T17:00,24.2,89,22.3,865.0,2.3,321,Khumaltar,27.6468,85.3248
2024-07-17T18:00,23.4,96,22.7,864.8,2.1,329,Khumaltar,27.6468,85.3248
2024-07-17T19:00,22.8,97,22.4,865.3,2.5,270,Khumaltar,27.6468,85.3248
2024-07-17T20:00,22.1,99,21.9,865.7,1.8,180,Khumaltar,27.6468,85.3248
2024-07-17T21:00,22.3,93,21.1,866.8,3.6,143,Khumaltar,27.6468,85.3248
2024-07-17T22:00,22.3,94,21.4,867.2,2.7,157,Khumaltar,27.6468,85.3248
2024-07-17T23:00,22.1,96,21.3,866.8,1.1,180,Khumaltar,27.6468,85.3248
2024-07-18T00:00,21.9,96,21.2,866.2,1.8,217,Khumaltar,27.6468,85.3248
2024-07-18T01:00,21.6,97,21.2,865.4,3.4,212,Khumaltar,27.6468,85.3248
2024-07-18T02:00,21.6,97,21.2,865.1,3.1,225,Khumaltar,27.6468,85.3248
2024-07-18T03:00,21.4,99,21.2,864.8,2.3,252,Khumaltar,27.6468,85.3248
2024-07-18T04:00,21.3,99,21.2,864.9,2.1,211,Khumaltar,27.6468,85.3248
2024-07-18T05:00,21.3,99,21.2,865.5,2.4,207,Khumaltar,27.6468,85.3248
2024-07-18T06:00,22.2,97,21.6,866.6,1.0,315,Khumaltar,27.6468,85.3248
2024-07-18T07:00,22.5,94,21.6,866.8,5.0,30,Khumaltar,27.6468,85.3248
2024-07-18T08:00,24.1,86,21.6,867.2,4.3,42,Khumaltar,27.6468,85.3248
2024-07-18T09:00,25.8,79,21.8,867.2,1.3,56,Khumaltar,27.6468,85.3248
2024-07-18T10:00,27.1,71,21.5,867.2,0.8,63,Khumaltar,27.6468,85.3248
2024-07-18T11:00,28.0,64,20.6,866.7,3.7,191,Khumaltar,27.6468,85.3248
2024-07-18T12:00,27.5,67,20.8,866.5,5.4,228,Khumaltar,27.6468,85.3248
2024-07-18T13:00,26.8,72,21.3,865.4,6.0,253,Khumaltar,27.6468,85.3248
2024-07-18T14:00,25.6,77,21.4,864.7,3.6,270,Khumaltar,27.6468,85.3248
2024-07-18T15:00,25.5,79,21.7,863.7,3.9,248,Khumaltar,27.6468,85.3248
2024-07-18T16:00,25.6,80,21.8,863.4,3.1,324,Khumaltar,27.6468,85.3248
2024-07-18T17:00,24.8,84,21.9,863.3,4.3,336,Khumaltar,27.6468,85.3248
2024-07-18T18:00,23.8,94,22.7,863.9,2.1,301,Khumaltar,27.6468,85.3248
2024-07-18T19:00,23.1,94,22.0,864.5,1.6,243,Khumaltar,27.6468,85.3248
2024-07-18T20:00,22.9,96,22.3,865.4,1.8,169,Khumaltar,27.6468,85.3248
2024-07-18T21:00,22.6,96,21.8,866.1,3.1,159,Khumaltar,27.6468,85.3248
2024-07-18T22:00,22.7,96,22.0,866.2,2.6,164,Khumaltar,27.6468,85.3248
2024-07-18T23:00,22.4,96,21.7,865.8,2.9,173,Khumaltar,27.6468,85.3248
2024-07-19T00:00,22.2,97,21.6,865.3,3.7,169,Khumaltar,27.6468,85.3248
2024-07-19T01:00,22.0,97,21.5,864.6,1.5,225,Khumaltar,27.6468,85.3248
2024-07-19T02:00,21.8,98,21.5,864.2,3.2,63,Khumaltar,27.6468,85.3248
2024-07-19T03:00,21.6,99,21.4,864.1,3.7,119,Khumaltar,27.6468,85.3248
2024-07-19T04:00,21.6,99,21.4,864.1,3.5,114,Khumaltar,27.6468,85.3248
2024-07-19T05:00,21.5,99,21.4,864.8,3.8,107,Khumaltar,27.6468,85.3248
2024-07-19T06:00,21.4,99,21.2,864.6,5.1,94,Khumaltar,27.6468,85.3248
2024-07-19T07:00,22.1,95,21.3,864.3,3.6,135,Khumaltar,27.6468,85.3248
2024-07-19T08:00,23.2,92,21.9,864.6,4.5,194,Khumaltar,27.6468,85.3248
2024-07-19T09:00,24.8,86,22.2,865.5,5.1,219,Khumaltar,27.6468,85.3248
2024-07-19T10:00,25.1,83,22.0,865.8,3.9,248,Khumaltar,27.6468,85.3248
2024-07-19T11:00,25.0,83,21.8,865.5,1.1,288,Khumaltar,27.6468,85.3248
2024-07-19T12:00,26.2,78,22.0,865.1,1.6,297,Khumaltar,27.6468,85.3248
2024-07-19T13:00,27.0,73,21.9,864.5,4.0,275,Khumaltar,27.6468,85.3248
2024-07-19T14:00,27.0,75,22.1,863.6,6.1,270,Khumaltar,27.6468,85.3248
2024-07-19T15:00,26.3,76,21.8,862.4,4.0,260,Khumaltar,27.6468,85.3248
2024-07-19T16:00,26.3,75,21.6,862.1,2.7,247,Khumaltar,27.6468,85.3248
2024-07-19T17:00,26.1,77,21.7,862.2,2.8,320,Khumaltar,27.6468,85.3248
2024-07-19T18:00,23.8,93,22.5,863.5,1.9,338,Khumaltar,27.6468,85.3248
2024-07-19T19:00,23.2,96,22.6,863.6,1.1,342,Khumaltar,27.6468,85.3248
2024-07-19T20:00,22.9,97,22.4,864.0,1.1,198,Khumaltar,27.6468,85.3248
2024-07-19T21:00,22.8,98,22.4,864.5,2.2,171,Khumaltar,27.6468,85.3248
2024-07-19T22:00,22.5,98,22.1,864.7,2.9,187,Khumaltar,27.6468,85.3248
2024-07-19T23:00,22.2,98,21.9,864.9,5.7,198,Khumaltar,27.6468,85.3248
2024-07-20T00:00,21.7,96,21.1,864.7,3.4,212,Khumaltar,27.6468,85.3248
2024-07-20T01:00,21.6,97,21.1,864.2,4.2,200,Khumaltar,27.6468,85.3248
2024-07-20T02:00,21.6,98,21.2,864.0,2.2,180,Khumaltar,27.6468,85.3248
2024-07-20T03:00,21.4,99,21.2,863.5,0.8,153,Khumaltar,27.6468,85.3248
2024-07-20T04:00,21.1,100,21.0,863.5,0.8,207,Khumaltar,27.6468,85.3248
2024-07-20T05:00,20.9,99,20.8,864.0,0.8,207,Khumaltar,27.6468,85.3248
2024-07-20T06:00,22.1,99,21.9,865.0,1.8,259,Khumaltar,27.6468,85.3248
2024-07-20T07:00,24.0,89,22.1,865.9,3.6,323,Khumaltar,27.6468,85.3248
2024-07-20T08:00,25.5,81,22.1,866.3,4.6,342,Khumaltar,27.6468,85.3248
2024-07-20T09:00,27.0,73,21.7,866.6,1.1,18,Khumaltar,27.6468,85.3248
2024-07-20T10:00,28.1,67,21.4,866.5,1.5,166,Khumaltar,27.6468,85.3248
2024-07-20T11:00,28.0,67,21.3,866.2,2.3,219,Khumaltar,27.6468,85.3248
2024-07-20T12:00,27.7,70,21.8,865.8,4.3,228,Khumaltar,27.6468,85.3248
2024-07-20T13:00,27.3,76,22.8,865.0,3.8,229,Khumaltar,27.6468,85.3248
2024-07-20T14:00,25.7,85,23.0,864.2,6.8,177,Khumaltar,27.6468,85.3248
2024-07-20T15:00,25.5,81,22.0,863.9,3.2,207,Khumaltar,27.6468,85.3248
2024-07-20T16:00,25.4,81,21.9,863.8,4.4,35,Khumaltar,27.6468,85.3248
2024-07-20T17:00,24.5,88,22.3,863.9,5.8,7,Khumaltar,27.6468,85.3248
2024-07-20T18:00,23.3,93,22.1,864.5,2.8,310,Khumaltar,27.6468,85.3248
2024-07-20T19:00,22.5,99,22.3,864.5,2.7,157,Khumaltar,27.6468,85.3248
2024-07-20T20:00,22.2,100,22.2,864.6,3.3,193,Khumaltar,27.6468,85.3248
2024-07-20T21:00,22.4,99,22.2,865.4,2.3,231,Khumaltar,27.6468,85.3248
2024-07-20T22:00,22.3,98,22.0,866.1,4.7,171,Khumaltar,27.6468,85.3248
2024-07-20T23:00,22.4,98,22.1,866.0,1.8,233,Khumaltar,27.6468,85.3248
2024-07-21T00:00,22.3,98,22.0,865.4,4.8,207,Khumaltar,27.6468,85.3248
2024-07-21T01:00,22.3,98,21.9,865.0,3.8,221,Khumaltar,27.6468,85.3248
2024-07-21T02:00,22.2,97,21.7,864.8,3.6,270,Khumaltar,27.6468,85.3248
2024-07-21T03:00,22.2,96,21.6,864.5,3.3,264,Khumaltar,27.6468,85.3248
2024-07-21T04:00,22.0,98,21.6,864.2,3.0,256,Khumaltar,27.6468,85.3248
2024-07-21T05:00,22.0,98,21.6,864.5,3.7,281,Khumaltar,27.6468,85.3248
2024-07-21T06:00,21.9,99,21.8,865.4,0.8,333,Khumaltar,27.6468,85.3248
2024-07-21T07:00,22.2,98,21.9,865.3,4.7,328,Khumaltar,27.6468,85.3248
2024-07-21T08:00,22.8,94,21.8,865.8,5.2,326,Khumaltar,27.6468,85.3248
2024-07-21T09:00,23.9,88,21.8,866.3,1.8,323,Khumaltar,27.6468,85.3248
2024-07-21T10:00,24.6,86,22.0,866.4,2.9,353,Khumaltar,27.6468,85.3248
2024-07-21T11:00,25.4,82,22.1,866.6,1.1,342,Khumaltar,27.6468,85.3248
2024-07-21T12:00,26.1,80,22.4,866.0,1.6,297,Khumaltar,27.6468,85.3248
2024-07-21T13:00,26.6,78,22.4,865.3,3.2,333,Khumaltar,27.6468,85.3248
2024-07-21T14:00,26.1,79,22.2,864.5,2.5,352,Khumaltar,27.6468,85.3248
2024-07-21T15:00,25.6,81,22.1,863.8,3.3,347,Khumaltar,27.6468,85.3248
2024-07-21T16:00,25.9,81,22.3,863.8,3.9,338,Khumaltar,27.6468,85.3248
2024-07-21T17:00,25.5,82,22.2,863.6,1.1,342,Khumaltar,27.6468,85.3248
2024-07-21T18:00,23.4,92,22.1,864.0,1.8,349,Khumaltar,27.6468,85.3248
2024-07-21T19:00,22.7,97,22.2,864.2,0.5,225,Khumaltar,27.6468,85.3248
2024-07-21T20:00,22.0,99,21.8,864.6,1.8,191,Khumaltar,27.6468,85.3248
2024-07-21T21:00,22.3,99,22.1,865.5,3.3,167,Khumaltar,27.6468,85.3248
2024-07-21T22:00,22.5,98,22.2,865.7,3.3,174,Khumaltar,27.6468,85.3248
2024-07-21T23:00,22.1,97,21.7,865.6,3.9,214,Khumaltar,27.6468,85.3248
2024-07-22T00:00,22.0,97,21.6,865.0,4.3,222,Khumaltar,27.6468,85.3248
2024-07-22T01:00,21.8,96,21.1,864.9,3.6,225,Khumaltar,27.6468,85.3248
2024-07-22T02:00,21.7,97,21.3,864.3,1.8,233,Khumaltar,27.6468,85.3248
2024-07-22T03:00,21.6,98,21.4,864.3,1.9,248,Khumaltar,27.6468,85.3248
2024-07-22T04:00,21.5,99,21.4,864.3,2.3,252,Khumaltar,27.6468,85.3248
2024-07-22T05:00,21.6,98,21.3,864.5,1.5,256,Khumaltar,27.6468,85.3248
2024-07-22T06:00,21.6,99,21.4,864.8,2.2,180,Khumaltar,27.6468,85.3248
2024-07-22T07:00,22.3,96,21.7,865.6,1.6,153,Khumaltar,27.6468,85.3248
2024-07-22T08:00,22.6,94,21.7,866.2,1.9,22,Khumaltar,27.6468,85.3248
2024-07-22T09:00,23.1,91,21.6,866.4,1.8,360,Khumaltar,27.6468,85.3248
2024-07-22T10:00,23.6,90,21.9,866.3,3.3,13,Khumaltar,27.6468,85.3248
2024-07-22T11:00,24.4,85,21.8,866.0,2.6,344,Khumaltar,27.6468,85.3248
2024-07-22T12:00,25.4,81,21.9,865.3,3.0,284,Khumaltar,27.6468,85.3248
2024-07-22T13:00,26.1,80,22.4,865.0,4.3,270,Khumaltar,27.6468,85.3248
2024-07-22T14:00,26.6,79,22.6,864.4,3.3,257,Khumaltar,27.6468,85.3248
2024-07-22T15:00,25.7,81,22.2,863.6,2.6,56,Khumaltar,27.6468,85.3248
2024-07-22T16:00,24.9,83,21.7,863.5,2.3,18,Khumaltar,27.6468,85.3248
2024-07-22T17:00,24.4,87,22.1,863.6,1.8,169,Khumaltar,27.6468,85.3248
2024-07-22T18:00,24.6,85,22.0,863.9,0.4,270,Khumaltar,27.6468,85.3248
2024-07-22T19:00,23.0,95,22.2,864.1,2.3,219,Khumaltar,27.6468,85.3248
2024-07-22T20:00,22.7,97,22.2,864.7,2.9,173,Khumaltar,27.6468,85.3248
2024-07-22T21:00,22.6,97,22.1,865.4,4.0,170,Khumaltar,27.6468,85.3248
2024-07-22T22:00,22.2,99,22.1,865.7,0.7,270,Khumaltar,27.6468,85.3248
2024-07-22T23:00,22.3,98,22.1,865.8,2.3,219,Khumaltar,27.6468,85.3248
2024-07-23T00:00,22.2,98,21.9,865.2,1.3,236,Khumaltar,27.6468,85.3248
2024-07-23T01:00,22.0,98,21.7,864.6,1.0,315,Khumaltar,27.6468,85.3248
2024-07-23T02:00,21.9,99,21.8,863.8,1.5,315,Khumaltar,27.6468,85.3248
2024-07-23T03:00,21.8,100,21.7,863.8,3.4,288,Khumaltar,27.6468,85.3248
2024-07-23T04:00,21.3,100,21.3,863.8,2.4,333,Khumaltar,27.6468,85.3248
2024-07-23T05:00,21.3,100,21.3,864.1,1.8,349,Khumaltar,27.6468,85.3248
2024-07-23T06:00,22.0,98,21.7,864.0,1.3,56,Khumaltar,27.6468,85.3248
2024-07-23T07:00,22.6,96,21.8,864.4,3.5,294,Khumaltar,27.6468,85.3248
2024-07-23T08:00,23.4,90,21.6,865.0,5.8,330,Khumaltar,27.6468,85.3248
2024-07-23T09:00,23.9,87,21.7,865.5,4.7,351,Khumaltar,27.6468,85.3248
2024-07-23T10:00,24.5,85,21.9,865.5,3.4,328,Khumaltar,27.6468,85.3248
2024-07-23T11:00,24.9,85,22.1,865.2,3.1,324,Khumaltar,27.6468,85.3248
2024-07-23T12:00,24.8,88,22.7,864.6,3.8,319,Khumaltar,27.6468,85.3248
2024-07-23T13:00,25.4,83,22.3,863.8,4.0,333,Khumaltar,27.6468,85.3248
2024-07-23T14:00,26.4,79,22.6,862.8,6.5,326,Khumaltar,27.6468,85.3248
2024-07-23T15:00,27.1,75,22.3,861.9,3.6,323,Khumaltar,27.6468,85.3248
2024-07-23T16:00,26.1,77,21.7,861.7,4.0,185,Khumaltar,27.6468,85.3248
2024-07-23T17:00,25.5,80,21.8,861.7,3.6,217,Khumaltar,27.6468,85.3248
2024-07-23T18:00,23.8,89,21.9,862.5,2.2,261,Khumaltar,27.6468,85.3248
2024-07-23T19:00,22.7,96,22.0,862.5,1.8,53,Khumaltar,27.6468,85.3248
2024-07-23T20:00,22.6,96,22.0,863.0,2.3,231,Khumaltar,27.6468,85.3248
2024-07-23T21:00,22.0,98,21.6,863.2,4.5,194,Khumaltar,27.6468,85.3248
2024-07-23T22:00,22.1,97,21.6,863.2,4.0,207,Khumaltar,27.6468,85.3248
2024-07-23T23:00,22.1,98,21.8,863.1,3.1,201,Khumaltar,27.6468,85.3248
2024-07-24T00:00,21.9,99,21.7,862.5,1.8,233,Khumaltar,27.6468,85.3248
2024-07-24T01:00,22.0,98,21.8,862.0,3.1,249,Khumaltar,27.6468,85.3248
2024-07-24T02:00,21.8,100,21.8,861.5,3.3,257,Khumaltar,27.6468,85.3248
2024-07-24T03:00,21.8,100,21.8,861.0,2.5,262,Khumaltar,27.6468,85.3248
2024-07-24T04:00,21.7,100,21.7,860.9,2.6,286,Khumaltar,27.6468,85.3248
2024-07-24T05:00,21.7,100,21.6,861.2,2.1,329,Khumaltar,27.6468,85.3248
2024-07-24T06:00,22.2,98,21.8,861.0,3.9,214,Khumaltar,27.6468,85.3248
2024-07-24T07:00,23.5,90,21.8,861.8,2.3,231,Khumaltar,27.6468,85.3248
2024-07-24T08:00,24.6,85,21.8,862.3,0.7,180,Khumaltar,27.6468,85.3248
2024-07-24T09:00,25.3,84,22.4,862.7,0.8,333,Khumaltar,27.6468,85.3248
2024-07-24T10:00,26.8,77,22.5,862.7,0.8,333,Khumaltar,27.6468,85.3248
2024-07-24T11:00,27.8,70,21.9,862.3,3.3,283,Khumaltar,27.6468,85.3248
2024-07-24T12:00,26.1,78,21.9,861.7,4.7,302,Khumaltar,27.6468,85.3248
2024-07-24T13:00,24.9,87,22.5,861.0,2.5,360,Khumaltar,27.6468,85.3248
2024-07-24T14:00,24.6,85,21.9,860.2,7.0,339,Khumaltar,27.6468,85.3248
2024-07-24T15:00,25.5,84,22.6,859.4,5.5,337,Khumaltar,27.6468,85.3248
2024-07-24T16:00,25.7,82,22.4,859.2,5.6,320,Khumaltar,27.6468,85.3248
2024-07-24T17:00,25.1,85,22.3,859.1,3.8,319,Khumaltar,27.6468,85.3248
2024-07-24T18:00,23.9,90,22.1,859.7,3.1,315,Khumaltar,27.6468,85.3248
2024-07-24T19:00,23.1,96,22.4,859.8,1.5,256,Khumaltar,27.6468,85.3248
2024-07-24T20:00,22.4,99,22.2,860.2,4.7,203,Khumaltar,27.6468,85.3248
2024-07-24T21:00,22.4,98,22.0,861.1,5.5,191,Khumaltar,27.6468,85.3248
2024-07-24T22:00,22.3,96,21.7,861.2,3.9,158,Khumaltar,27.6468,85.3248
2024-07-24T23:00,22.1,97,21.7,860.8,1.6,207,Khumaltar,27.6468,85.3248
2024-07-25T00:00,21.8,96,21.1,860.2,1.8,259,Khumaltar,27.6468,85.3248
2024-07-25T01:00,21.5,99,21.3,859.4,0.7,270,Khumaltar,27.6468,85.3248
2024-07-25T02:00,21.4,100,21.4,858.9,1.9,292,Khumaltar,27.6468,85.3248
2024-07-25T03:00,21.4,100,21.3,858.6,1.8,233,Khumaltar,27.6468,85.3248
2024-07-25T04:00,21.4,100,21.4,858.5,3.3,193,Khumaltar,27.6468,85.3248
2024-07-25T05:00,21.3,100,21.3,858.9,2.6,164,Khumaltar,27.6468,85.3248
2024-07-25T06:00,22.4,99,22.2,858.9,1.5,256,Khumaltar,27.6468,85.3248
2024-07-25T07:00,23.9,91,22.4,860.4,1.3,304,Khumaltar,27.6468,85.3248
2024-07-25T08:00,24.8,85,22.0,861.3,2.9,300,Khumaltar,27.6468,85.3248
2024-07-25T09:00,25.4,84,22.5,861.8,4.0,333,Khumaltar,27.6468,85.3248
2024-07-25T10:00,25.7,82,22.4,861.6,5.6,345,Khumaltar,27.6468,85.3248
2024-07-25T11:00,27.1,76,22.5,861.3,7.0,348,Khumaltar,27.6468,85.3248
2024-07-25T12:00,27.3,75,22.6,860.5,3.1,306,Khumaltar,27.6468,85.3248
2024-07-25T13:00,26.8,79,22.9,860.2,4.1,255,Khumaltar,27.6468,85.3248
2024-07-25T14:00,26.6,80,22.9,859.3,4.6,321,Khumaltar,27.6468,85.3248
2024-07-25T15:00,26.0,86,23.4,858.7,1.1,270,Khumaltar,27.6468,85.3248
2024-07-25T16:00,25.5,83,22.3,858.5,3.3,319,Khumaltar,27.6468,85.3248
2024-07-25T17:00,24.1,94,23.1,859.3,3.0,284,Khumaltar,27.6468,85.3248
2024-07-25T18:00,23.9,89,21.9,860.0,1.1,90,Khumaltar,27.6468,85.3248
2024-07-25T19:00,23.2,95,22.3,860.5,2.2,261,Khumaltar,27.6468,85.3248
2024-07-25T20:00,22.8,97,22.4,861.2,4.0,95,Khumaltar,27.6468,85.3248
2024-07-25T21:00,22.4,99,22.2,861.8,4.7,99,Khumaltar,27.6468,85.3248
2024-07-25T22:00,22.3,98,22.0,861.9,2.2,90,Khumaltar,27.6468,85.3248
2024-07-25T23:00,22.3,97,21.8,861.2,2.5,135,Khumaltar,27.6468,85.3248
2024-07-26T00:00,22.0,98,21.7,860.5,1.1,162,Khumaltar,27.6468,85.3248
2024-07-26T01:00,21.8,100,21.7,860.1,0.8,243,Khumaltar,27.6468,85.3248
2024-07-26T02:00,21.8,98,21.6,859.9,4.6,219,Khumaltar,27.6468,85.3248
2024-07-26T03:00,21.6,98,21.3,859.5,3.5,204,Khumaltar,27.6468,85.3248
2024-07-26T04:00,21.3,99,21.1,859.6,1.4,180,Khumaltar,27.6468,85.3248
2024-07-26T05:00,21.2,100,21.2,860.0,0.4,180,Khumaltar,27.6468,85.3248
2024-07-26T06:00,22.5,99,22.4,860.4,2.1,211,Khumaltar,27.6468,85.3248
2024-07-26T07:00,24.6,91,23.0,862.1,2.1,239,Khumaltar,27.6468,85.3248
2024-07-26T08:00,25.5,85,22.8,862.8,1.3,304,Khumaltar,27.6468,85.3248
2024-07-26T09:00,26.5,80,22.8,863.6,3.2,297,Khumaltar,27.6468,85.3248
2024-07-26T10:00,26.3,79,22.4,863.4,2.7,293,Khumaltar,27.6468,85.3248
2024-07-26T11:00,24.9,88,22.9,863.4,1.5,225,Khumaltar,27.6468,85.3248
2024-07-26T12:00,25.2,88,23.1,862.5,2.5,270,Khumaltar,27.6468,85.3248
2024-07-26T13:00,25.0,93,23.8,861.9,4.6,18,Khumaltar,27.6468,85.3248
2024-07-26T14:00,26.5,82,23.1,861.6,4.3,360,Khumaltar,27.6468,85.3248
2024-07-26T15:00,27.0,77,22.6,860.7,5.8,353,Khumaltar,27.6468,85.3248
2024-07-26T16:00,26.9,76,22.4,860.7,6.3,329,Khumaltar,27.6468,85.3248
2024-07-26T17:00,25.9,82,22.5,861.0,6.1,332,Khumaltar,27.6468,85.3248
2024-07-26T18:00,24.6,91,22.9,861.0,3.4,302,Khumaltar,27.6468,85.3248
2024-07-26T19:00,23.4,96,22.7,861.4,2.6,236,Khumaltar,27.6468,85.3248
2024-07-26T20:00,22.9,98,22.5,862.1,2.9,210,Khumaltar,27.6468,85.3248
2024-07-26T21:00,22.2,99,22.1,862.4,0.4,180,Khumaltar,27.6468,85.3248
2024-07-26T22:00,22.2,99,22.1,862.8,1.1,180,Khumaltar,27.6468,85.3248
2024-07-26T23:00,21.9,99,21.8,862.5,2.7,157,Khumaltar,27.6468,85.3248
2024-07-27T00:00,22.0,99,21.8,862.6,1.8,169,Khumaltar,27.6468,85.3248
2024-07-27T01:00,21.6,99,21.5,862.3,1.1,198,Khumaltar,27.6468,85.3248
2024-07-27T02:00,21.4,99,21.3,861.7,1.5,194,Khumaltar,27.6468,85.3248
2024-07-27T03:00,21.5,100,21.5,861.5,5.3,208,Khumaltar,27.6468,85.3248
2024-07-27T04:00,21.2,100,21.1,861.7,4.7,203,Khumaltar,27.6468,85.3248
2024-07-27T05:00,21.1,100,21.1,862.1,1.8,180,Khumaltar,27.6468,85.3248
2024-07-27T06:00,22.8,96,22.1,863.2,3.3,139,Khumaltar,27.6468,85.3248
2024-07-27T07:00,25.1,87,22.7,865.0,1.3,34,Khumaltar,27.6468,85.3248
2024-07-27T08:00,26.6,77,22.2,865.9,1.6,333,Khumaltar,27.6468,85.3248
2024-07-27T09:00,26.2,79,22.3,866.3,4.1,255,Khumaltar,27.6468,85.3248
2024-07-27T10:00,26.7,78,22.6,865.9,0.4,270,Khumaltar,27.6468,85.3248
2024-07-27T11:00,28.0,73,22.8,866.1,5.0,360,Khumaltar,27.6468,85.3248
2024-07-27T12:00,28.6,70,22.7,865.6,10.4,346,Khumaltar,27.6468,85.3248
2024-07-27T13:00,28.9,67,22.0,865.0,7.7,323,Khumaltar,27.6468,85.3248
2024-07-27T14:00,28.5,68,22.1,864.2,6.6,299,Khumaltar,27.6468,85.3248
2024-07-27T15:00,28.5,68,22.1,863.5,5.0,300,Khumaltar,27.6468,85.3248
2024-07-27T16:00,28.4,69,22.2,863.4,4.2,290,Khumaltar,27.6468,85.3248
2024-07-27T17:00,27.0,75,22.2,863.4,1.4,270,Khumaltar,27.6468,85.3248
2024-07-27T18:00,24.6,90,22.9,863.2,2.8,230,Khumaltar,27.6468,85.3248
2024-07-27T19:00,23.9,96,23.1,863.9,2.8,230,Khumaltar,27.6468,85.3248
2024-07-27T20:00,23.5,96,22.8,864.6,3.9,214,Khumaltar,27.6468,85.3248
2024-07-27T21:00,23.0,98,22.6,864.9,2.5,225,Khumaltar,27.6468,85.3248
2024-07-27T22:00,22.9,98,22.6,865.0,4.0,170,Khumaltar,27.6468,85.3248
2024-07-27T23:00,22.7,98,22.3,865.4,4.4,171,Khumaltar,27.6468,85.3248
2024-07-28T00:00,22.5,98,22.1,864.7,2.1,149,Khumaltar,27.6468,85.3248
2024-07-28T01:00,22.4,99,22.3,864.6,4.2,110,Khumaltar,27.6468,85.3248
2024-07-28T02:00,22.1,100,22.1,864.2,4.4,145,Khumaltar,27.6468,85.3248
2024-07-28T03:00,21.6,100,21.6,863.9,1.6,207,Khumaltar,27.6468,85.3248
2024-07-28T04:00,21.5,100,21.5,863.9,2.2,180,Khumaltar,27.6468,85.3248
2024-07-28T05:00,21.6,100,21.5,864.4,4.0,185,Khumaltar,27.6468,85.3248
2024-07-28T06:00,22.5,98,22.1,865.1,2.0,135,Khumaltar,27.6468,85.3248
2024-07-28T07:00,24.4,91,22.7,865.8,3.0,76,Khumaltar,27.6468,85.3248
2024-07-28T08:00,26.5,80,22.8,866.2,2.2,90,Khumaltar,27.6468,85.3248
2024-07-28T09:00,28.1,74,22.9,866.5,0.8,27,Khumaltar,27.6468,85.3248
2024-07-28T10:00,28.9,73,23.5,866.4,2.2,360,Khumaltar,27.6468,85.3248
2024-07-28T11:00,29.5,70,23.5,865.7,1.5,346,Khumaltar,27.6468,85.3248
2024-07-28T12:00,28.0,76,23.3,865.1,4.3,270,Khumaltar,27.6468,85.3248
2024-07-28T13:00,27.3,79,23.4,864.3,1.6,297,Khumaltar,27.6468,85.3248
2024-07-28T14:00,27.1,81,23.5,863.8,3.4,342,Khumaltar,27.6468,85.3248
2024-07-28T15:00,26.5,83,23.5,863.3,2.0,315,Khumaltar,27.6468,85.3248
2024-07-28T16:00,26.9,81,23.4,863.2,2.6,326,Khumaltar,27.6468,85.3248
2024-07-28T17:00,24.6,88,22.4,863.3,3.8,311,Khumaltar,27.6468,85.3248
2024-07-28T18:00,24.8,91,23.2,863.6,2.1,329,Khumaltar,27.6468,85.3248
2024-07-28T19:00,23.6,95,22.8,863.6,1.5,225,Khumaltar,27.6468,85.3248
2024-07-28T20:00,23.2,96,22.6,864.1,2.5,180,Khumaltar,27.6468,85.3248
2024-07-28T21:00,22.8,97,22.3,864.8,3.6,180,Khumaltar,27.6468,85.3248
2024-07-28T22:00,22.6,98,22.4,864.9,0.4,270,Khumaltar,27.6468,85.3248
2024-07-28T23:00,22.5,100,22.5,864.7,1.9,22,Khumaltar,27.6468,85.3248
2024-07-29T00:00,22.3,100,22.3,864.5,2.9,30,Khumaltar,27.6468,85.3248
2024-07-29T01:00,22.3,100,22.2,864.1,2.3,141,Khumaltar,27.6468,85.3248
2024-07-29T02:00,22.1,100,22.1,863.7,4.0,80,Khumaltar,27.6468,85.3248
2024-07-29T03:00,22.1,100,22.1,863.8,2.9,90,Khumaltar,27.6468,85.3248
2024-07-29T04:00,22.0,100,22.0,863.8,2.4,207,Khumaltar,27.6468,85.3248
2024-07-29T05:00,22.0,100,22.0,864.1,3.5,204,Khumaltar,27.6468,85.3248
2024-07-29T06:00,22.9,98,22.5,864.1,3.3,186,Khumaltar,27.6468,85.3248
2024-07-29T07:00,24.6,91,23.1,865.1,1.6,27,Khumaltar,27.6468,85.3248
2024-07-29T08:00,25.9,82,22.7,865.5,4.5,29,Khumaltar,27.6468,85.3248
2024-07-29T09:00,27.4,75,22.6,865.8,5.1,8,Khumaltar,27.6468,85.3248
2024-07-29T10:00,28.5,69,22.2,865.8,2.7,23,Khumaltar,27.6468,85.3248
2024-07-29T11:00,28.8,71,22.9,865.5,2.3,342,Khumaltar,27.6468,85.3248
2024-07-29T12:00,28.8,72,23.3,864.8,3.9,304,Khumaltar,27.6468,85.3248
2024-07-29T13:00,27.3,79,23.3,864.1,1.3,236,Khumaltar,27.6468,85.3248
2024-07-29T14:00,27.5,81,23.8,863.6,3.4,238,Khumaltar,27.6468,85.3248
2024-07-29T15:00,27.1,81,23.7,863.4,4.5,256,Khumaltar,27.6468,85.3248
2024-07-29T16:00,26.6,85,23.9,863.0,2.6,286,Khumaltar,27.6468,85.3248
2024-07-29T17:00,24.0,89,22.1,862.8,4.7,270,Khumaltar,27.6468,85.3248
2024-07-29T18:00,24.0,91,22.5,864.7,3.9,236,Khumaltar,27.6468,85.3248
2024-07-29T19:00,23.5,93,22.3,864.7,1.6,63,Khumaltar,27.6468,85.3248
2024-07-29T20:00,23.1,96,22.5,865.2,2.3,141,Khumaltar,27.6468,85.3248
2024-07-29T21:00,22.8,98,22.5,865.7,4.4,145,Khumaltar,27.6468,85.3248
2024-07-29T22:00,22.4,97,22.0,865.9,4.4,125,Khumaltar,27.6468,85.3248
2024-07-29T23:00,22.3,97,21.8,865.5,1.5,135,Khumaltar,27.6468,85.3248
2024-07-30T00:00,22.0,98,21.8,865.2,4.3,204,Khumaltar,27.6468,85.3248
2024-07-30T01:00,21.9,99,21.8,864.9,1.6,117,Khumaltar,27.6468,85.3248
2024-07-30T02:00,22.0,99,21.8,864.5,3.7,191,Khumaltar,27.6468,85.3248
2024-07-30T03:00,22.0,98,21.6,864.0,2.0,225,Khumaltar,27.6468,85.3248
2024-07-30T04:00,21.6,99,21.5,864.4,3.9,202,Khumaltar,27.6468,85.3248
2024-07-30T05:00,22.0,98,21.7,865.5,4.5,256,Khumaltar,27.6468,85.3248
2024-07-30T06:00,22.7,98,22.3,865.5,3.4,328,Khumaltar,27.6468,85.3248
2024-07-30T07:00,24.0,91,22.4,866.0,1.3,304,Khumaltar,27.6468,85.3248
2024-07-30T08:00,25.5,82,22.1,866.8,3.1,315,Khumaltar,27.6468,85.3248
2024-07-30T09:00,26.8,74,21.8,867.3,4.3,312,Khumaltar,27.6468,85.3248
2024-07-30T10:00,28.0,70,22.0,867.3,7.1,315,Khumaltar,27.6468,85.3248
2024-07-30T11:00,28.0,70,22.0,867.0,7.9,294,Khumaltar,27.6468,85.3248
2024-07-30T12:00,28.7,68,22.2,866.4,9.6,304,Khumaltar,27.6468,85.3248
2024-07-30T13:00,27.9,70,22.0,866.0,6.1,298,Khumaltar,27.6468,85.3248
2024-07-30T14:00,27.9,72,22.4,865.4,7.9,309,Khumaltar,27.6468,85.3248
2024-07-30T15:00,27.6,73,22.2,864.4,6.0,303,Khumaltar,27.6468,85.3248
2024-07-30T16:00,27.3,74,22.2,864.2,7.1,300,Khumaltar,27.6468,85.3248
2024-07-30T17:00,25.9,81,22.4,864.3,7.1,285,Khumaltar,27.6468,85.3248
2024-07-30T18:00,24.4,90,22.6,865.1,5.9,313,Khumaltar,27.6468,85.3248
2024-07-30T19:00,23.4,95,22.6,865.3,2.2,261,Khumaltar,27.6468,85.3248
2024-07-30T20:00,22.8,92,21.4,866.4,5.9,223,Khumaltar,27.6468,85.3248
2024-07-30T21:00,22.9,92,21.6,866.4,2.6,146,Khumaltar,27.6468,85.3248
2024-07-30T22:00,21.9,97,21.4,867.3,0.5,135,Khumaltar,27.6468,85.3248
2024-07-30T23:00,21.8,98,21.4,866.8,6.4,63,Khumaltar,27.6468,85.3248
2024-07-31T00:00,21.6,98,21.3,866.2,1.3,56,Khumaltar,27.6468,85.3248
2024-07-31T01:00,21.4,100,21.4,865.5,6.6,139,Khumaltar,27.6468,85.3248
2024-07-31T02:00,21.3,99,21.1,865.6,6.8,108,Khumaltar,27.6468,85.3248
2024-07-31T03:00,21.1,99,21.0,865.5,3.6,45,Khumaltar,27.6468,85.3248
2024-07-31T04:00,20.9,99,20.7,865.1,4.8,257,Khumaltar,27.6468,85.3248
2024-07-31T05:00,20.8,99,20.7,865.0,6.1,208,Khumaltar,27.6468,85.3248
2024-07-31T06:00,21.6,97,21.0,865.1,5.4,222,Khumaltar,27.6468,85.3248
2024-07-31T07:00,23.8,89,21.8,865.7,3.2,297,Khumaltar,27.6468,85.3248
2024-07-31T08:00,25.8,80,22.0,867.1,3.1,144,Khumaltar,27.6468,85.3248
2024-07-31T09:00,27.2,71,21.6,867.7,6.1,152,Khumaltar,27.6468,85.3248
2024-07-31T10:00,27.8,71,22.1,868.2,2.5,135,Khumaltar,27.6468,85.3248
2024-07-31T11:00,27.6,74,22.5,868.5,1.5,14,Khumaltar,27.6468,85.3248
2024-07-31T12:00,26.6,79,22.8,867.9,3.9,292,Khumaltar,27.6468,85.3248
2024-07-31T13:00,27.1,77,22.8,866.8,4.0,360,Khumaltar,27.6468,85.3248
2024-07-31T14:00,27.5,76,22.9,865.9,6.9,332,Khumaltar,27.6468,85.3248
2024-07-31T15:00,27.0,78,22.9,864.6,8.8,325,Khumaltar,27.6468,85.3248
2024-07-31T16:00,26.9,78,22.7,863.6,7.1,315,Khumaltar,27.6468,85.3248
2024-07-31T17:00,26.3,81,22.8,863.4,5.2,295,Khumaltar,27.6468,85.3248
2024-07-31T18:00,24.6,88,22.6,865.1,3.1,306,Khumaltar,27.6468,85.3248
2024-07-31T19:00,23.7,92,22.4,865.7,3.0,256,Khumaltar,27.6468,85.3248
2024-07-31T20:00,23.0,97,22.6,866.7,4.0,153,Khumaltar,27.6468,85.3248
2024-07-31T21:00,22.9,98,22.5,867.3,2.9,150,Khumaltar,27.6468,85.3248
2024-07-31T22:00,22.7,99,22.5,867.4,3.7,61,Khumaltar,27.6468,85.3248
2024-07-31T23:00,22.4,100,22.4,866.9,4.4,55,Khumaltar,27.6468,85.3248
2024-08-01T00:00,22.1,100,22.1,865.6,1.3,236,Khumaltar,27.6468,85.3248
2024-08-01T01:00,21.7,100,21.6,864.2,4.2,200,Khumaltar,27.6468,85.3248
2024-08-01T02:00,21.3,100,21.3,863.4,4.6,198,Khumaltar,27.6468,85.3248
2024-08-01T03:00,20.9,100,20.9,863.1,6.5,183,Khumaltar,27.6468,85.3248
2024-08-01T04:00,20.9,100,20.9,863.4,7.2,186,Khumaltar,27.6468,85.3248
2024-08-01T05:00,21.1,100,21.1,864.2,6.1,180,Khumaltar,27.6468,85.3248
2024-08-01T06:00,22.3,97,21.8,864.3,3.9,202,Khumaltar,27.6468,85.3248
2024-08-01T07:00,24.1,86,21.7,865.4,1.3,236,Khumaltar,27.6468,85.3248
2024-08-01T08:00,25.5,80,21.7,866.0,0.0,270,Khumaltar,27.6468,85.3248
2024-08-01T09:00,27.2,72,21.8,866.5,1.3,214,Khumaltar,27.6468,85.3248
2024-08-01T10:00,28.0,70,21.9,866.5,3.1,225,Khumaltar,27.6468,85.3248
2024-08-01T11:00,24.9,81,21.5,866.2,7.2,243,Khumaltar,27.6468,85.3248
2024-08-01T12:00,24.5,87,22.1,865.3,3.4,302,Khumaltar,27.6468,85.3248
2024-08-01T13:00,25.4,84,22.5,864.5,3.1,306,Khumaltar,27.6468,85.3248
2024-08-01T14:00,26.3,79,22.3,864.1,4.7,328,Khumaltar,27.6468,85.3248
2024-08-01T15:00,26.2,75,21.4,863.7,7.7,332,Khumaltar,27.6468,85.3248
2024-08-01T16:00,25.5,80,21.7,863.1,6.6,331,Khumaltar,27.6468,85.3248
2024-08-01T17:00,25.0,82,21.8,863.5,4.1,315,Khumaltar,27.6468,85.3248
2024-08-01T18:00,23.7,88,21.7,863.7,2.9,300,Khumaltar,27.6468,85.3248
2024-08-01T19:00,22.7,93,21.6,864.4,4.6,231,Khumaltar,27.6468,85.3248
2024-08-01T20:00,22.3,95,21.4,865.0,5.0,240,Khumaltar,27.6468,85.3248
2024-08-01T21:00,22.2,96,21.5,865.1,2.3,219,Khumaltar,27.6468,85.3248
2024-08-01T22:00,22.2,96,21.5,865.0,3.4,18,Khumaltar,27.6468,85.3248
2024-08-01T23:00,22.0,98,21.6,864.6,1.5,76,Khumaltar,27.6468,85.3248
2024-08-02T00:00,21.7,98,21.3,863.5,3.7,299,Khumaltar,27.6468,85.3248
2024-08-02T01:00,21.4,98,21.0,862.5,5.1,309,Khumaltar,27.6468,85.3248
2024-08-02T02:00,21.0,100,20.9,861.9,6.1,315,Khumaltar,27.6468,85.3248
2024-08-02T03:00,20.8,100,20.8,861.6,5.6,310,Khumaltar,27.6468,85.3248
2024-08-02T04:00,20.5,100,20.5,861.3,4.5,299,Khumaltar,27.6468,85.3248
2024-08-02T05:00,20.7,100,20.6,861.7,3.1,306,Khumaltar,27.6468,85.3248
2024-08-02T06:00,20.9,98,20.6,862.4,2.6,214,Khumaltar,27.6468,85.3248
2024-08-02T07:00,22.2,90,20.5,863.3,2.2,180,Khumaltar,27.6468,85.3248
2024-08-02T08:00,23.6,83,20.5,863.6,1.3,236,Khumaltar,27.6468,85.3248
2024-08-02T09:00,25.4,78,21.2,864.5,1.6,27,Khumaltar,27.6468,85.3248
2024-08-02T10:00,26.7,73,21.4,864.5,0.5,225,Khumaltar,27.6468,85.3248
2024-08-02T11:00,25.6,78,21.4,863.9,4.7,238,Khumaltar,27.6468,85.3248
2024-08-02T12:00,25.5,81,22.0,863.7,4.3,228,Khumaltar,27.6468,85.3248
2024-08-02T13:00,26.6,77,22.1,863.1,4.0,275,Khumaltar,27.6468,85.3248
2024-08-02T14:00,25.0,82,21.8,862.2,4.1,105,Khumaltar,27.6468,85.3248
2024-08-02T15:00,23.9,89,22.0,862.3,1.8,307,Khumaltar,27.6468,85.3248
2024-08-02T16:00,23.7,89,21.8,862.1,3.6,354,Khumaltar,27.6468,85.3248
2024-08-02T17:00,23.3,89,21.4,862.5,2.5,8,Khumaltar,27.6468,85.3248
2024-08-02T18:00,22.9,92,21.5,863.0,2.6,124,Khumaltar,27.6468,85.3248
2024-08-02T19:00,22.1,97,21.6,863.3,3.4,58,Khumaltar,27.6468,85.3248
2024-08-02T20:00,21.7,100,21.7,863.8,4.0,27,Khumaltar,27.6468,85.3248
2024-08-02T21:00,21.5,100,21.5,864.1,2.2,180,Khumaltar,27.6468,85.3248
2024-08-02T22:00,21.4,100,21.3,864.0,3.3,167,Khumaltar,27.6468,85.3248
2024-08-02T23:00,21.2,100,21.2,863.8,2.5,172,Khumaltar,27.6468,85.3248
2024-08-03T00:00,21.0,100,21.0,863.3,0.5,315,Khumaltar,27.6468,85.3248
2024-08-03T01:00,20.8,100,20.7,862.8,2.2,180,Khumaltar,27.6468,85.3248
2024-08-03T02:00,20.7,100,20.7,862.6,3.7,209,Khumaltar,27.6468,85.3248
2024-08-03T03:00,20.6,100,20.6,862.5,2.5,135,Khumaltar,27.6468,85.3248
2024-08-03T04:00,20.3,100,20.3,862.7,2.4,117,Khumaltar,27.6468,85.3248
2024-08-03T05:00,20.2,100,20.2,862.9,1.5,135,Khumaltar,27.6468,85.3248
2024-08-03T06:00,21.2,96,20.5,864.1,4.7,67,Khumaltar,27.6468,85.3248
2024-08-03T07:00,21.8,95,20.9,864.7,4.0,80,Khumaltar,27.6468,85.3248
2024-08-03T08:00,23.2,87,21.0,865.8,5.8,112,Khumaltar,27.6468,85.3248
2024-08-03T09:00,24.7,80,21.1,866.4,4.7,99,Khumaltar,27.6468,85.3248
2024-08-03T10:00,25.9,75,21.0,866.6,6.0,123,Khumaltar,27.6468,85.3248
2024-08-03T11:00,27.1,72,21.6,866.6,8.3,124,Khumaltar,27.6468,85.3248
2024-08-03T12:00,25.8,74,20.9,865.9,12.7,135,Khumaltar,27.6468,85.3248
2024-08-03T13:00,24.6,81,21.1,865.5,0.5,315,Khumaltar,27.6468,85.3248
2024-08-03T14:00,25.3,79,21.4,864.9,4.4,99,Khumaltar,27.6468,85.3248
2024-08-03T15:00,25.2,80,21.5,864.8,3.8,107,Khumaltar,27.6468,85.3248
2024-08-03T16:00,24.3,85,21.5,864.8,2.7,157,Khumaltar,27.6468,85.3248
2024-08-03T17:00,23.9,86,21.5,864.9,1.8,169,Khumaltar,27.6468,85.3248
2024-08-03T18:00,22.9,92,21.5,865.9,2.2,99,Khumaltar,27.6468,85.3248
2024-08-03T19:00,22.3,95,21.4,866.6,3.2,63,Khumaltar,27.6468,85.3248
2024-08-03T20:00,20.9,98,20.6,866.8,2.5,180,Khumaltar,27.6468,85.3248
2024-08-03T21:00,20.7,98,20.4,867.4,2.2,189,Khumaltar,27.6468,85.3248
2024-08-03T22:00,20.8,98,20.5,867.9,4.0,175,Khumaltar,27.6468,85.3248
2024-08-03T23:00,20.8,98,20.5,867.9,6.1,180,Khumaltar,27.6468,85.3248
2024-08-04T00:00,20.8,98,20.5,867.5,5.4,188,Khumaltar,27.6468,85.3248
2024-08-04T01:00,20.7,99,20.5,867.1,5.1,184,Khumaltar,27.6468,85.3248
2024-08-04T02:00,20.3,100,20.3,866.6,4.7,189,Khumaltar,27.6468,85.3248
2024-08-04T03:00,20.0,100,20.0,866.5,3.2,207,Khumaltar,27.6468,85.3248
2024-08-04T04:00,19.8,100,19.8,866.5,2.3,198,Khumaltar,27.6468,85.3248
2024-08-04T05:00,19.7,100,19.7,866.9,2.5,172,Khumaltar,27.6468,85.3248
2024-08-04T06:00,20.4,98,20.2,867.0,4.0,100,Khumaltar,27.6468,85.3248
2024-08-04T07:00,22.3,89,20.4,867.9,4.2,110,Khumaltar,27.6468,85.3248
2024-08-04T08:00,24.5,79,20.5,868.7,5.6,140,Khumaltar,27.6468,85.3248
2024-08-04T09:00,25.5,74,20.6,869.3,7.9,137,Khumaltar,27.6468,85.3248
2024-08-04T10:00,26.4,74,21.3,869.8,6.1,130,Khumaltar,27.6468,85.3248
2024-08-04T11:00,27.3,71,21.5,869.1,9.0,119,Khumaltar,27.6468,85.3248
2024-08-04T12:00,25.4,79,21.5,868.8,6.0,155,Khumaltar,27.6468,85.3248
2024-08-04T13:00,24.7,83,21.7,868.0,4.6,198,Khumaltar,27.6468,85.3248
2024-08-04T14:00,24.8,82,21.5,867.0,0.5,45,Khumaltar,27.6468,85.3248
2024-08-04T15:00,25.5,79,21.5,866.2,3.6,45,Khumaltar,27.6468,85.3248
2024-08-04T16:00,25.5,80,21.7,866.1,3.5,66,Khumaltar,27.6468,85.3248
2024-08-04T17:00,25.1,80,21.3,866.2,3.8,107,Khumaltar,27.6468,85.3248
2024-08-04T18:00,23.6,87,21.3,866.6,1.6,297,Khumaltar,27.6468,85.3248
2024-08-04T19:00,21.8,96,21.2,867.0,2.5,172,Khumaltar,27.6468,85.3248
2024-08-04T20:00,21.9,96,21.3,868.0,3.7,169,Khumaltar,27.6468,85.3248
2024-08-04T21:00,21.3,100,21.3,868.6,3.7,151,Khumaltar,27.6468,85.3248
2024-08-04T22:00,21.1,99,21.0,868.7,4.0,170,Khumaltar,27.6468,85.3248
2024-08-04T23:00,20.9,100,20.9,868.5,3.5,204,Khumaltar,27.6468,85.3248
2024-08-05T00:00,21.2,99,21.1,868.0,3.8,197,Khumaltar,27.6468,85.3248
2024-08-05T01:00,21.2,99,21.0,867.4,2.6,214,Khumaltar,27.6468,85.3248
2024-08-05T02:00,20.9,100,20.9,867.1,1.9,202,Khumaltar,27.6468,85.3248
2024-08-05T03:00,20.8,99,20.6,866.9,2.4,207,Khumaltar,27.6468,85.3248
2024-08-05T04:00,20.9,98,20.6,867.0,1.1,162,Khumaltar,27.6468,85.3248
2024-08-05T05:00,20.8,98,20.5,866.7,2.2,189,Khumaltar,27.6468,85.3248
2024-08-05T06:00,21.1,98,20.8,866.9,2.9,187,Khumaltar,27.6468,85.3248
2024-08-05T07:00,23.0,90,21.2,868.3,2.3,198,Khumaltar,27.6468,85.3248
2024-08-05T08:00,23.8,86,21.3,868.7,0.8,333,Khumaltar,27.6468,85.3248
2024-08-05T09:00,24.8,81,21.3,869.2,2.6,236,Khumaltar,27.6468,85.3248
2024-08-05T10:00,25.4,79,21.5,868.8,4.9,253,Khumaltar,27.6468,85.3248
2024-08-05T11:00,26.0,76,21.3,868.3,6.3,246,Khumaltar,27.6468,85.3248
2024-08-05T12:00,26.4,75,21.7,867.7,4.8,257,Khumaltar,27.6468,85.3248
2024-08-05T13:00,24.6,83,21.6,867.0,6.9,242,Khumaltar,27.6468,85.3248
2024-08-05T14:00,24.0,88,21.8,866.1,4.3,246,Khumaltar,27.6468,85.3248
2024-08-05T15:00,24.2,85,21.5,865.1,0.0,270,Khumaltar,27.6468,85.3248
2024-08-05T16:00,24.2,83,21.2,865.2,3.7,11,Khumaltar,27.6468,85.3248
2024-08-05T17:00,23.6,90,21.8,865.1,3.8,41,Khumaltar,27.6468,85.3248
2024-08-05T18:00,23.2,92,21.8,865.8,2.2,351,Khumaltar,27.6468,85.3248
2024-08-05T19:00,22.6,97,22.1,866.0,2.9,353,Khumaltar,27.6468,85.3248
2024-08-05T20:00,21.9,99,21.8,866.4,2.5,180,Khumaltar,27.6468,85.3248
2024-08-05T21:00,22.1,98,21.7,866.8,2.9,187,Khumaltar,27.6468,85.3248
2024-08-05T22:00,22.2,94,21.2,867.0,3.7,191,Khumaltar,27.6468,85.3248
2024-08-05T23:00,21.9,96,21.2,866.9,4.3,180,Khumaltar,27.6468,85.3248
2024-08-06T00:00,21.8,98,21.6,866.3,0.0,270,Khumaltar,27.6468,85.3248
2024-08-06T01:00,21.5,99,21.3,865.5,4.6,321,Khumaltar,27.6468,85.3248
2024-08-06T02:00,21.5,98,21.2,865.2,3.4,212,Khumaltar,27.6468,85.3248
2024-08-06T03:00,21.6,98,21.2,864.9,1.9,248,Khumaltar,27.6468,85.3248
2024-08-06T04:00,21.5,99,21.3,864.7,2.4,63,Khumaltar,27.6468,85.3248
2024-08-06T05:00,21.5,98,21.3,864.9,3.1,54,Khumaltar,27.6468,85.3248
2024-08-06T06:00,21.7,97,21.3,866.0,5.6,165,Khumaltar,27.6468,85.3248
2024-08-06T07:00,21.9,96,21.3,866.4,5.9,169,Khumaltar,27.6468,85.3248
2024-08-06T08:00,22.4,93,21.1,867.3,3.8,139,Khumaltar,27.6468,85.3248
2024-08-06T09:00,22.1,95,21.3,867.4,5.2,106,Khumaltar,27.6468,85.3248
2024-08-06T10:00,22.6,93,21.4,867.3,6.4,106,Khumaltar,27.6468,85.3248
2024-08-06T11:00,23.4,90,21.6,867.2,4.4,125,Khumaltar,27.6468,85.3248
2024-08-06T12:00,23.6,89,21.7,866.4,3.9,146,Khumaltar,27.6468,85.3248
2024-08-06T13:00,24.4,89,22.5,865.9,3.7,191,Khumaltar,27.6468,85.3248
2024-08-06T14:00,24.1,89,22.1,865.3,4.8,207,Khumaltar,27.6468,85.3248
2024-08-06T15:00,24.0,81,20.5,864.7,4.7,203,Khumaltar,27.6468,85.3248
2024-08-06T16:00,22.9,89,20.9,864.7,3.2,270,Khumaltar,27.6468,85.3248
2024-08-06T17:00,22.3,90,20.6,864.9,3.7,241,Khumaltar,27.6468,85.3248
2024-08-06T18:00,22.1,93,20.9,865.3,2.1,329,Khumaltar,27.6468,85.3248
2024-08-06T19:00,22.1,94,21.0,866.1,2.2,180,Khumaltar,27.6468,85.3248
2024-08-06T20:00,22.0,95,21.1,867.0,2.4,153,Khumaltar,27.6468,85.3248
2024-08-06T21:00,21.9,95,21.0,867.4,3.0,166,Khumaltar,27.6468,85.3248
2024-08-06T22:00,21.7,95,20.9,867.6,2.9,180,Khumaltar,27.6468,85.3248
2024-08-06T23:00,21.5,96,20.9,867.2,2.7,203,Khumaltar,27.6468,85.3248
2024-08-07T00:00,21.3,96,20.7,866.6,0.8,117,Khumaltar,27.6468,85.3248
2024-08-07T01:00,21.2,95,20.5,866.0,2.6,146,Khumaltar,27.6468,85.3248
2024-08-07T02:00,21.2,96,20.5,865.7,2.4,153,Khumaltar,27.6468,85.3248
2024-08-07T03:00,21.1,96,20.4,865.9,3.3,193,Khumaltar,27.6468,85.3248
2024-08-07T04:00,21.0,96,20.4,865.9,1.3,124,Khumaltar,27.6468,85.3248
2024-08-07T05:00,20.8,98,20.5,866.2,4.4,81,Khumaltar,27.6468,85.3248
2024-08-07T06:00,21.2,97,20.6,866.8,3.1,144,Khumaltar,27.6468,85.3248
2024-08-07T07:00,22.3,92,21.0,867.6,3.3,186,Khumaltar,27.6468,85.3248
2024-08-07T08:00,23.3,87,21.0,868.0,1.8,180,Khumaltar,27.6468,85.3248
2024-08-07T09:00,23.3,88,21.2,868.2,2.4,207,Khumaltar,27.6468,85.3248
2024-08-07T10:00,24.0,87,21.8,868.4,0.4,270,Khumaltar,27.6468,85.3248
2024-08-07T11:00,25.3,80,21.7,868.0,4.3,318,Khumaltar,27.6468,85.3248
2024-08-07T12:00,25.8,77,21.5,867.2,4.3,265,Khumaltar,27.6468,85.3248
2024-08-07T13:00,23.6,90,21.9,866.1,3.1,234,Khumaltar,27.6468,85.3248
2024-08-07T14:00,24.9,85,22.2,865.6,1.9,292,Khumaltar,27.6468,85.3248
2024-08-07T15:00,25.2,80,21.5,864.7,3.4,288,Khumaltar,27.6468,85.3248
2024-08-07T16:00,24.1,84,21.3,865.1,1.8,233,Khumaltar,27.6468,85.3248
2024-08-07T17:00,23.5,84,20.7,865.4,3.1,306,Khumaltar,27.6468,85.3248
2024-08-07T18:00,22.3,93,21.1,866.4,2.6,236,Khumaltar,27.6468,85.3248
2024-08-07T19:00,22.0,94,21.0,866.9,1.8,180,Khumaltar,27.6468,85.3248
2024-08-07T20:00,21.8,96,21.1,867.3,1.5,76,Khumaltar,27.6468,85.3248
2024-08-07T21:00,21.6,97,21.1,867.9,3.7,169,Khumaltar,27.6468,85.3248
2024-08-07T22:00,21.4,98,21.1,867.9,2.9,120,Khumaltar,27.6468,85.3248
2024-08-07T23:00,21.1,97,20.6,867.8,2.5,98,Khumaltar,27.6468,85.3248
2024-08-08T00:00,21.0,98,20.6,867.3,2.9,210,Khumaltar,27.6468,85.3248
2024-08-08T01:00,21.0,98,20.7,866.4,1.1,72,Khumaltar,27.6468,85.3248
2024-08-08T02:00,20.8,100,20.8,866.3,4.0,153,Khumaltar,27.6468,85.3248
2024-08-08T03:00,20.7,100,20.7,866.1,1.3,124,Khumaltar,27.6468,85.3248
2024-08-08T04:00,20.4,99,20.2,866.3,3.9,158,Khumaltar,27.6468,85.3248
2024-08-08T05:00,20.2,99,20.1,866.6,1.6,117,Khumaltar,27.6468,85.3248
2024-08-08T06:00,21.3,98,21.0,866.6,1.9,248,Khumaltar,27.6468,85.3248
2024-08-08T07:00,22.7,93,21.4,867.8,2.8,50,Khumaltar,27.6468,85.3248
2024-08-08T08:00,24.3,82,21.1,868.3,3.1,45,Khumaltar,27.6468,85.3248
2024-08-08T09:00,26.3,76,21.7,868.8,2.2,99,Khumaltar,27.6468,85.3248
2024-08-08T10:00,26.5,73,21.3,869.0,3.3,186,Khumaltar,27.6468,85.3248
2024-08-08T11:00,25.1,80,21.5,868.4,7.9,219,Khumaltar,27.6468,85.3248
2024-08-08T12:00,24.7,81,21.2,868.0,5.3,242,Khumaltar,27.6468,85.3248
2024-08-08T13:00,25.4,82,22.1,867.3,5.6,315,Khumaltar,27.6468,85.3248
2024-08-08T14:00,24.0,85,21.3,866.1,3.5,336,Khumaltar,27.6468,85.3248
2024-08-08T15:00,24.1,86,21.6,866.2,2.3,252,Khumaltar,27.6468,85.3248
2024-08-08T16:00,23.6,88,21.5,866.3,3.0,256,Khumaltar,27.6468,85.3248
2024-08-08T17:00,23.2,91,21.7,866.7,1.9,158,Khumaltar,27.6468,85.3248
2024-08-08T18:00,22.4,92,21.1,867.7,2.5,225,Khumaltar,27.6468,85.3248
2024-08-08T19:00,21.7,97,21.2,868.2,3.2,243,Khumaltar,27.6468,85.3248
2024-08-08T20:00,21.5,97,21.0,868.6,2.9,120,Khumaltar,27.6468,85.3248
2024-08-08T21:00,21.6,95,20.8,869.1,3.9,124,Khumaltar,27.6468,85.3248
2024-08-08T22:00,21.6,98,21.2,869.1,3.7,151,Khumaltar,27.6468,85.3248
2024-08-08T23:00,21.3,97,20.8,868.8,3.4,162,Khumaltar,27.6468,85.3248
2024-08-09T00:00,21.3,98,20.9,868.3,2.5,172,Khumaltar,27.6468,85.3248
2024-08-09T01:00,21.2,98,20.9,867.8,4.1,195,Khumaltar,27.6468,85.3248
2024-08-09T02:00,21.1,99,20.9,867.3,1.9,68,Khumaltar,27.6468,85.3248
2024-08-09T03:00,20.9,100,20.9,867.2,2.5,98,Khumaltar,27.6468,85.3248
2024-08-09T04:00,20.8,100,20.8,866.9,4.8,138,Khumaltar,27.6468,85.3248
2024-08-09T05:00,20.7,99,20.6,867.2,3.7,151,Khumaltar,27.6468,85.3248
2024-08-09T06:00,21.2,98,20.8,867.6,5.9,166,Khumaltar,27.6468,85.3248
2024-08-09T07:00,22.1,94,21.0,868.6,5.9,166,Khumaltar,27.6468,85.3248
2024-08-09T08:00,22.8,90,21.2,869.3,4.6,141,Khumaltar,27.6468,85.3248
2024-08-09T09:00,23.3,89,21.4,869.8,2.6,124,Khumaltar,27.6468,85.3248
2024-08-09T10:00,24.6,83,21.5,870.1,4.6,129,Khumaltar,27.6468,85.3248
2024-08-09T11:00,24.3,84,21.5,869.4,3.1,126,Khumaltar,27.6468,85.3248
2024-08-09T12:00,24.4,85,21.8,868.7,3.0,194,Khumaltar,27.6468,85.3248
2024-08-09T13:00,24.9,85,22.2,868.0,2.9,210,Khumaltar,27.6468,85.3248
2024-08-09T14:00,25.1,81,21.7,867.2,4.2,200,Khumaltar,27.6468,85.3248
2024-08-09T15:00,24.0,83,21.0,867.1,2.1,121,Khumaltar,27.6468,85.3248
2024-08-09T16:00,24.1,86,21.6,866.9,3.6,217,Khumaltar,27.6468,85.3248
2024-08-09T17:00,22.6,94,21.6,866.8,3.3,276,Khumaltar,27.6468,85.3248
2024-08-09T18:00,22.0,98,21.6,867.8,4.6,225,Khumaltar,27.6468,85.3248
2024-08-09T19:00,21.7,98,21.3,868.2,4.4,215,Khumaltar,27.6468,85.3248
2024-08-09T20:00,21.2,99,21.0,869.0,4.7,203,Khumaltar,27.6468,85.3248
2024-08-09T21:00,21.3,99,21.1,869.3,2.0,45,Khumaltar,27.6468,85.3248
2024-08-09T22:00,21.1,100,21.1,868.9,2.3,72,Khumaltar,27.6468,85.3248
2024-08-09T23:00,20.9,100,20.8,868.4,2.7,157,Khumaltar,27.6468,85.3248
2024-08-10T00:00,20.7,100,20.7,867.6,4.5,194,Khumaltar,27.6468,85.3248
2024-08-10T01:00,20.5,100,20.4,866.9,4.4,171,Khumaltar,27.6468,85.3248
2024-08-10T02:00,20.3,100,20.3,866.5,4.0,180,Khumaltar,27.6468,85.3248
2024-08-10T03:00,20.1,100,20.0,866.5,3.6,180,Khumaltar,27.6468,85.3248
2024-08-10T04:00,20.4,100,20.3,866.8,2.5,180,Khumaltar,27.6468,85.3248
2024-08-10T05:00,20.6,100,20.5,867.4,1.0,315,Khumaltar,27.6468,85.3248
2024-08-10T06:00,21.4,96,20.7,867.5,2.9,150,Khumaltar,27.6468,85.3248
2024-08-10T07:00,22.4,91,20.9,868.3,1.6,153,Khumaltar,27.6468,85.3248
2024-08-10T08:00,23.4,88,21.3,868.8,1.6,117,Khumaltar,27.6468,85.3248
2024-08-10T09:00,24.5,83,21.4,869.2,0.8,117,Khumaltar,27.6468,85.3248
2024-08-10T10:00,25.5,77,21.1,869.1,1.6,207,Khumaltar,27.6468,85.3248
2024-08-10T11:00,24.8,83,21.8,868.5,3.2,243,Khumaltar,27.6468,85.3248
2024-08-10T12:00,24.8,86,22.3,867.8,7.3,250,Khumaltar,27.6468,85.3248
2024-08-10T13:00,24.3,83,21.2,867.0,5.2,236,Khumaltar,27.6468,85.3248
2024-08-10T14:00,24.2,88,22.0,866.2,4.0,280,Khumaltar,27.6468,85.3248
2024-08-10T15:00,23.2,88,21.0,865.5,3.5,294,Khumaltar,27.6468,85.3248
2024-08-10T16:00,23.5,87,21.2,865.9,1.4,270,Khumaltar,27.6468,85.3248
2024-08-10T17:00,22.9,89,20.9,866.2,1.6,333,Khumaltar,27.6468,85.3248
2024-08-10T18:00,22.2,95,21.4,866.5,5.2,12,Khumaltar,27.6468,85.3248
2024-08-10T19:00,21.5,98,21.3,866.5,2.3,39,Khumaltar,27.6468,85.3248
2024-08-10T20:00,21.7,98,21.4,867.2,4.2,149,Khumaltar,27.6468,85.3248
2024-08-10T21:00,21.4,99,21.3,867.8,5.6,153,Khumaltar,27.6468,85.3248
2024-08-10T22:00,21.5,99,21.4,868.0,3.9,56,Khumaltar,27.6468,85.3248
2024-08-10T23:00,21.2,99,21.0,867.1,3.7,79,Khumaltar,27.6468,85.3248
2024-08-11T00:00,20.9,100,20.9,866.3,3.1,144,Khumaltar,27.6468,85.3248
2024-08-11T01:00,20.9,99,20.8,865.6,6.0,197,Khumaltar,27.6468,85.3248
2024-08-11T02:00,20.9,100,20.8,865.3,0.7,90,Khumaltar,27.6468,85.3248
2024-08-11T03:00,20.9,99,20.8,865.3,0.5,135,Khumaltar,27.6468,85.3248
2024-08-11T04:00,20.8,100,20.7,865.1,4.0,153,Khumaltar,27.6468,85.3248
2024-08-11T05:00,20.8,100,20.7,865.9,2.6,164,Khumaltar,27.6468,85.3248
2024-08-11T06:00,21.2,99,21.1,866.3,3.6,180,Khumaltar,27.6468,85.3248
2024-08-11T07:00,21.8,97,21.3,867.0,3.3,174,Khumaltar,27.6468,85.3248
2024-08-11T08:00,22.4,96,21.8,867.7,3.2,117,Khumaltar,27.6468,85.3248
2024-08-11T09:00,22.6,93,21.4,868.1,5.2,115,Khumaltar,27.6468,85.3248
2024-08-11T10:00,23.3,90,21.6,868.0,4.5,119,Khumaltar,27.6468,85.3248
2024-08-11T11:00,24.1,86,21.7,867.9,4.0,100,Khumaltar,27.6468,85.3248
2024-08-11T12:00,25.0,83,22.0,867.1,3.3,103,Khumaltar,27.6468,85.3248
2024-08-11T13:00,26.1,77,21.8,866.3,2.9,120,Khumaltar,27.6468,85.3248
2024-08-11T14:00,25.2,80,21.4,866.0,5.0,210,Khumaltar,27.6468,85.3248
2024-08-11T15:00,24.6,85,21.8,865.3,1.9,338,Khumaltar,27.6468,85.3248
2024-08-11T16:00,23.9,87,21.6,864.8,6.4,27,Khumaltar,27.6468,85.3248
2024-08-11T17:00,23.3,90,21.6,864.9,2.5,90,Khumaltar,27.6468,85.3248
2024-08-11T18:00,21.8,96,21.1,865.3,3.8,107,Khumaltar,27.6468,85.3248
2024-08-11T19:00,21.1,97,20.6,865.6,2.6,164,Khumaltar,27.6468,85.3248
2024-08-11T20:00,20.9,98,20.7,866.4,3.3,193,Khumaltar,27.6468,85.3248
2024-08-11T21:00,21.2,97,20.7,867.2,5.1,184,Khumaltar,27.6468,85.3248
2024-08-11T22:00,20.8,99,20.6,867.2,4.0,153,Khumaltar,27.6468,85.3248
2024-08-11T23:00,20.5,99,20.4,866.6,3.8,163,Khumaltar,27.6468,85.3248
2024-08-12T00:00,20.2,100,20.2,866.1,3.3,167,Khumaltar,27.6468,85.3248
2024-08-12T01:00,20.0,100,20.0,865.7,3.3,174,Khumaltar,27.6468,85.3248
2024-08-12T02:00,19.8,100,19.8,865.3,2.5,172,Khumaltar,27.6468,85.3248
2024-08-12T03:00,19.6,100,19.5,865.2,3.0,166,Khumaltar,27.6468,85.3248
2024-08-12T04:00,19.7,100,19.7,865.4,3.4,162,Khumaltar,27.6468,85.3248
2024-08-12T05:00,20.2,99,20.1,866.2,4.0,153,Khumaltar,27.6468,85.3248
2024-08-12T06:00,20.9,98,20.6,866.8,4.5,166,Khumaltar,27.6468,85.3248
2024-08-12T07:00,22.8,90,21.0,868.0,3.3,96,Khumaltar,27.6468,85.3248
2024-08-12T08:00,24.5,82,21.2,868.5,3.2,90,Khumaltar,27.6468,85.3248
2024-08-12T09:00,25.9,77,21.7,869.2,2.8,130,Khumaltar,27.6468,85.3248
2024-08-12T10:00,26.6,74,21.5,869.1,3.2,207,Khumaltar,27.6468,85.3248
2024-08-12T11:00,25.1,81,21.6,868.4,6.3,246,Khumaltar,27.6468,85.3248
2024-08-12T12:00,25.7,80,22.1,867.8,4.9,234,Khumaltar,27.6468,85.3248
2024-08-12T13:00,24.9,86,22.3,866.9,4.7,238,Khumaltar,27.6468,85.3248
2024-08-12T14:00,24.2,90,22.4,866.2,3.8,229,Khumaltar,27.6468,85.3248
2024-08-12T15:00,23.9,93,22.7,865.8,1.3,146,Khumaltar,27.6468,85.3248
2024-08-12T16:00,23.6,89,21.6,866.1,0.7,180,Khumaltar,27.6468,85.3248
2024-08-12T17:00,23.2,88,21.1,866.5,2.1,149,Khumaltar,27.6468,85.3248
2024-08-12T18:00,22.7,91,21.2,867.2,0.8,297,Khumaltar,27.6468,85.3248
2024-08-12T19:00,22.6,92,21.2,868.0,1.3,34,Khumaltar,27.6468,85.3248
2024-08-12T20:00,22.3,94,21.3,868.4,1.5,166,Khumaltar,27.6468,85.3248
2024-08-12T21:00,22.3,94,21.3,868.8,1.5,76,Khumaltar,27.6468,85.3248
2024-08-12T22:00,21.9,98,21.5,868.7,2.6,56,Khumaltar,27.6468,85.3248
2024-08-12T23:00,21.5,99,21.3,868.3,2.4,117,Khumaltar,27.6468,85.3248
2024-08-13T00:00,21.2,100,21.2,867.7,1.5,104,Khumaltar,27.6468,85.3248
2024-08-13T01:00,21.1,100,21.0,867.2,2.1,121,Khumaltar,27.6468,85.3248
2024-08-13T02:00,20.8,100,20.8,866.6,3.4,198,Khumaltar,27.6468,85.3248
2024-08-13T03:00,20.4,100,20.4,865.9,2.5,188,Khumaltar,27.6468,85.3248
2024-08-13T04:00,20.0,100,20.0,865.6,3.3,174,Khumaltar,27.6468,85.3248
2024-08-13T05:00,19.7,100,19.7,866.0,5.4,176,Khumaltar,27.6468,85.3248
2024-08-13T06:00,20.9,99,20.8,867.5,3.6,180,Khumaltar,27.6468,85.3248
2024-08-13T07:00,23.0,94,21.9,869.0,2.8,140,Khumaltar,27.6468,85.3248
2024-08-13T08:00,24.6,86,22.1,870.0,2.6,146,Khumaltar,27.6468,85.3248
2024-08-13T09:00,26.0,79,22.0,870.5,1.8,180,Khumaltar,27.6468,85.3248
2024-08-13T10:00,25.8,79,21.8,870.1,4.0,190,Khumaltar,27.6468,85.3248
2024-08-13T11:00,24.5,81,21.1,869.8,4.6,252,Khumaltar,27.6468,85.3248
2024-08-13T12:00,26.1,75,21.4,869.2,3.1,306,Khumaltar,27.6468,85.3248
2024-08-13T13:00,25.5,81,21.9,868.2,2.7,337,Khumaltar,27.6468,85.3248
2024-08-13T14:00,24.0,92,22.5,867.1,3.6,186,Khumaltar,27.6468,85.3248
2024-08-13T15:00,24.0,93,22.8,866.8,1.5,14,Khumaltar,27.6468,85.3248
2024-08-13T16:00,24.4,89,22.6,866.5,1.6,333,Khumaltar,27.6468,85.3248
2024-08-13T17:00,23.9,87,21.6,866.9,2.4,297,Khumaltar,27.6468,85.3248
2024-08-13T18:00,22.5,95,21.7,867.7,1.4,270,Khumaltar,27.6468,85.3248
2024-08-13T19:00,21.9,98,21.7,868.4,2.3,219,Khumaltar,27.6468,85.3248
2024-08-13T20:00,21.5,100,21.5,868.7,2.3,219,Khumaltar,27.6468,85.3248
2024-08-13T21:00,21.7,98,21.4,869.6,4.0,175,Khumaltar,27.6468,85.3248
2024-08-13T22:00,21.6,98,21.2,869.9,2.4,153,Khumaltar,27.6468,85.3248
2024-08-13T23:00,21.5,98,21.2,869.5,2.7,157,Khumaltar,27.6468,85.3248
2024-08-14T00:00,21.5,98,21.1,869.0,3.6,127,Khumaltar,27.6468,85.3248
2024-08-14T01:00,21.3,100,21.3,868.5,3.6,53,Khumaltar,27.6468,85.3248
2024-08-14T02:00,21.3,100,21.3,867.8,3.3,84,Khumaltar,27.6468,85.3248
2024-08-14T03:00,21.1,100,21.1,867.5,4.5,119,Khumaltar,27.6468,85.3248
2024-08-14T04:00,21.0,100,21.0,867.3,6.4,164,Khumaltar,27.6468,85.3248
2024-08-14T05:00,21.0,100,21.0,867.5,4.7,94,Khumaltar,27.6468,85.3248
2024-08-14T06:00,21.0,100,20.9,868.7,3.2,117,Khumaltar,27.6468,85.3248
2024-08-14T07:00,21.3,99,21.1,868.9,3.0,104,Khumaltar,27.6468,85.3248
2024-08-14T08:00,23.1,91,21.5,869.9,2.6,124,Khumaltar,27.6468,85.3248
2024-08-14T09:00,23.8,88,21.7,870.6,3.6,174,Khumaltar,27.6468,85.3248
2024-08-14T10:00,25.4,82,22.1,870.9,3.1,135,Khumaltar,27.6468,85.3248
2024-08-14T11:00,25.5,81,22.0,870.5,4.0,90,Khumaltar,27.6468,85.3248
2024-08-14T12:00,24.8,83,21.7,869.6,3.3,84,Khumaltar,27.6468,85.3248
2024-08-14T13:00,24.1,88,22.1,868.7,2.6,56,Khumaltar,27.6468,85.3248
2024-08-14T14:00,24.6,86,22.1,867.9,2.3,39,Khumaltar,27.6468,85.3248
2024-08-14T15:00,24.4,87,22.0,866.8,4.2,31,Khumaltar,27.6468,85.3248
2024-08-14T16:00,24.8,84,22.0,866.5,2.3,342,Khumaltar,27.6468,85.3248
2024-08-14T17:00,24.6,84,21.8,866.6,2.5,225,Khumaltar,27.6468,85.3248
2024-08-14T18:00,23.1,95,22.2,867.6,3.0,194,Khumaltar,27.6468,85.3248
2024-08-14T19:00,22.5,93,21.3,868.6,3.1,144,Khumaltar,27.6468,85.3248
2024-08-14T20:00,22.3,97,21.8,869.3,1.8,169,Khumaltar,27.6468,85.3248
2024-08-14T21:00,21.7,98,21.4,870.2,2.3,252,Khumaltar,27.6468,85.3248
2024-08-14T22:00,21.6,98,21.3,870.1,1.3,146,Khumaltar,27.6468,85.3248
2024-08-14T23:00,21.5,97,21.0,869.4,1.5,166,Khumaltar,27.6468,85.3248
2024-08-15T00:00,21.1,99,20.9,868.5,3.6,186,Khumaltar,27.6468,85.3248
2024-08-15T01:00,20.9,99,20.8,868.1,7.6,177,Khumaltar,27.6468,85.3248
2024-08-15T02:00,20.9,98,20.5,867.8,4.5,166,Khumaltar,27.6468,85.3248
2024-08-15T03:00,20.4,100,20.4,867.4,2.5,135,Khumaltar,27.6468,85.3248
2024-08-15T04:00,20.5,99,20.4,867.2,5.8,180,Khumaltar,27.6468,85.3248
2024-08-15T05:00,20.4,98,20.2,866.9,3.1,159,Khumaltar,27.6468,85.3248
2024-08-15T06:00,21.2,98,20.8,868.3,2.8,140,Khumaltar,27.6468,85.3248
2024-08-15T07:00,22.8,91,21.2,868.6,1.1,108,Khumaltar,27.6468,85.3248
2024-08-15T08:00,24.4,87,22.1,868.8,1.0,45,Khumaltar,27.6468,85.3248
2024-08-15T09:00,26.3,75,21.6,869.3,2.2,189,Khumaltar,27.6468,85.3248
2024-08-15T10:00,27.6,69,21.4,869.5,7.1,204,Khumaltar,27.6468,85.3248
2024-08-15T11:00,27.7,69,21.5,869.4,8.5,208,Khumaltar,27.6468,85.3248
2024-08-15T12:00,27.5,69,21.3,868.7,8.9,223,Khumaltar,27.6468,85.3248
2024-08-15T13:00,27.2,69,21.0,868.1,7.0,235,Khumaltar,27.6468,85.3248
2024-08-15T14:00,26.7,72,21.2,867.2,5.4,278,Khumaltar,27.6468,85.3248
2024-08-15T15:00,25.9,76,21.4,866.3,4.4,325,Khumaltar,27.6468,85.3248
2024-08-15T16:00,25.7,77,21.4,865.8,4.0,297,Khumaltar,27.6468,85.3248
2024-08-15T17:00,25.3,78,21.2,865.6,2.6,304,Khumaltar,27.6468,85.3248
2024-08-15T18:00,23.8,91,22.2,867.1,0.8,27,Khumaltar,27.6468,85.3248
2024-08-15T19:00,23.3,93,22.0,868.0,1.1,198,Khumaltar,27.6468,85.3248
2024-08-15T20:00,22.8,95,22.0,868.8,2.5,98,Khumaltar,27.6468,85.3248
2024-08-15T21:00,22.3,96,21.6,869.1,1.4,180,Khumaltar,27.6468,85.3248
2024-08-15T22:00,21.8,93,20.6,870.0,2.5,45,Khumaltar,27.6468,85.3248
2024-08-15T23:00,21.7,94,20.7,869.5,2.3,108,Khumaltar,27.6468,85.3248
2024-08-16T00:00,21.5,96,20.8,868.5,3.3,77,Khumaltar,27.6468,85.3248
2024-08-16T01:00,21.1,97,20.6,867.8,3.9,124,Khumaltar,27.6468,85.3248
2024-08-16T02:00,20.3,98,20.0,866.2,4.0,180,Khumaltar,27.6468,85.3248
2024-08-16T03:00,19.3,99,19.2,865.8,4.1,232,Khumaltar,27.6468,85.3248
2024-08-16T04:00,19.8,99,19.7,866.1,4.3,270,Khumaltar,27.6468,85.3248
2024-08-16T05:00,19.6,98,19.4,866.0,0.7,180,Khumaltar,27.6468,85.3248
2024-08-16T06:00,20.5,99,20.4,866.5,2.5,188,Khumaltar,27.6468,85.3248
2024-08-16T07:00,22.6,92,21.2,867.5,1.5,104,Khumaltar,27.6468,85.3248
2024-08-16T08:00,24.4,82,21.2,868.3,4.3,85,Khumaltar,27.6468,85.3248
2024-08-16T09:00,26.3,71,20.7,869.1,4.2,110,Khumaltar,27.6468,85.3248
2024-08-16T10:00,27.1,67,20.5,869.5,4.1,128,Khumaltar,27.6468,85.3248
2024-08-16T11:00,25.9,74,21.0,869.5,2.9,187,Khumaltar,27.6468,85.3248
2024-08-16T12:00,25.3,77,21.0,868.7,5.4,222,Khumaltar,27.6468,85.3248
2024-08-16T13:00,23.8,84,20.9,867.8,7.3,200,Khumaltar,27.6468,85.3248
2024-08-16T14:00,24.5,84,21.5,867.3,3.3,354,Khumaltar,27.6468,85.3248
2024-08-16T15:00,24.7,82,21.3,866.3,7.5,17,Khumaltar,27.6468,85.3248
2024-08-16T16:00,25.1,77,20.8,866.0,2.8,40,Khumaltar,27.6468,85.3248
2024-08-16T17:00,25.0,78,20.8,865.7,1.6,207,Khumaltar,27.6468,85.3248
2024-08-16T18:00,22.9,90,21.3,866.5,2.0,225,Khumaltar,27.6468,85.3248
2024-08-16T19:00,22.0,94,21.1,867.4,6.1,225,Khumaltar,27.6468,85.3248
2024-08-16T20:00,21.7,97,21.1,868.1,7.1,210,Khumaltar,27.6468,85.3248
2024-08-16T21:00,21.4,98,21.0,868.9,4.0,170,Khumaltar,27.6468,85.3248
2024-08-16T22:00,21.2,99,21.0,869.3,1.1,162,Khumaltar,27.6468,85.3248
2024-08-16T23:00,21.0,100,21.0,869.3,2.0,45,Khumaltar,27.6468,85.3248
2024-08-17T00:00,21.1,99,21.0,869.1,2.9,30,Khumaltar,27.6468,85.3248
2024-08-17T01:00,21.0,98,20.8,868.7,1.0,45,Khumaltar,27.6468,85.3248
2024-08-17T02:00,20.8,99,20.6,868.1,2.5,90,Khumaltar,27.6468,85.3248
2024-08-17T03:00,20.7,98,20.4,867.4,2.3,141,Khumaltar,27.6468,85.3248
2024-08-17T04:00,20.1,98,19.9,866.7,5.2,192,Khumaltar,27.6468,85.3248
2024-08-17T05:00,20.3,98,19.9,867.5,5.7,198,Khumaltar,27.6468,85.3248
2024-08-17T06:00,21.0,98,20.7,868.2,2.5,172,Khumaltar,27.6468,85.3248
2024-08-17T07:00,22.9,90,21.2,869.1,0.0,270,Khumaltar,27.6468,85.3248
2024-08-17T08:00,24.7,79,20.8,869.9,4.0,350,Khumaltar,27.6468,85.3248
2024-08-17T09:00,26.0,72,20.6,870.5,5.0,339,Khumaltar,27.6468,85.3248
2024-08-17T10:00,27.1,68,20.6,870.4,3.4,342,Khumaltar,27.6468,85.3248
2024-08-17T11:00,27.7,66,20.8,870.1,2.6,304,Khumaltar,27.6468,85.3248
2024-08-17T12:00,27.6,68,21.1,869.5,4.2,239,Khumaltar,27.6468,85.3248
2024-08-17T13:00,27.2,73,21.9,868.5,2.9,263,Khumaltar,27.6468,85.3248
2024-08-17T14:00,26.8,74,21.8,867.9,1.9,248,Khumaltar,27.6468,85.3248
2024-08-17T15:00,24.3,84,21.4,867.0,4.4,351,Khumaltar,27.6468,85.3248
2024-08-17T16:00,24.3,84,21.5,866.8,4.1,345,Khumaltar,27.6468,85.3248
2024-08-17T17:00,24.3,84,21.4,867.0,2.9,263,Khumaltar,27.6468,85.3248
2024-08-17T18:00,22.4,95,21.5,867.5,2.6,254,Khumaltar,27.6468,85.3248
2024-08-17T19:00,21.9,97,21.5,867.8,2.5,188,Khumaltar,27.6468,85.3248
2024-08-17T20:00,21.3,99,21.2,868.4,3.8,131,Khumaltar,27.6468,85.3248
2024-08-17T21:00,21.0,100,21.0,869.2,4.1,195,Khumaltar,27.6468,85.3248
2024-08-17T22:00,21.0,98,20.7,869.7,4.3,48,Khumaltar,27.6468,85.3248
2024-08-17T23:00,21.0,97,20.6,869.5,2.6,124,Khumaltar,27.6468,85.3248
2024-08-18T00:00,20.5,100,20.5,868.7,2.3,162,Khumaltar,27.6468,85.3248
2024-08-18T01:00,20.4,98,20.2,868.2,5.0,150,Khumaltar,27.6468,85.3248
2024-08-18T02:00,20.4,99,20.3,868.5,4.1,128,Khumaltar,27.6468,85.3248
2024-08-18T03:00,20.2,98,19.8,869.2,8.0,153,Khumaltar,27.6468,85.3248
2024-08-18T04:00,20.0,99,19.8,868.6,3.8,49,Khumaltar,27.6468,85.3248
2024-08-18T05:00,19.9,98,19.5,868.6,5.0,150,Khumaltar,27.6468,85.3248
2024-08-18T06:00,20.3,98,20.0,869.2,3.1,111,Khumaltar,27.6468,85.3248
2024-08-18T07:00,21.5,93,20.3,870.0,3.3,84,Khumaltar,27.6468,85.3248
2024-08-18T08:00,23.1,86,20.7,871.1,5.9,76,Khumaltar,27.6468,85.3248
2024-08-18T09:00,24.6,80,20.8,871.3,4.7,86,Khumaltar,27.6468,85.3248
2024-08-18T10:00,26.5,72,21.0,871.3,5.6,75,Khumaltar,27.6468,85.3248
2024-08-18T11:00,27.9,65,20.7,870.9,3.6,84,Khumaltar,27.6468,85.3248
2024-08-18T12:00,28.7,64,21.3,870.4,3.2,153,Khumaltar,27.6468,85.3248
2024-08-18T13:00,26.6,72,21.1,869.1,5.8,248,Khumaltar,27.6468,85.3248
2024-08-18T14:00,26.5,70,20.7,868.1,4.1,315,Khumaltar,27.6468,85.3248
2024-08-18T15:00,26.3,72,20.9,867.5,5.4,360,Khumaltar,27.6468,85.3248
2024-08-18T16:00,25.8,74,20.8,867.0,3.6,323,Khumaltar,27.6468,85.3248
2024-08-18T17:00,25.3,77,21.1,866.9,3.5,294,Khumaltar,27.6468,85.3248
2024-08-18T18:00,22.7,92,21.3,867.9,1.9,292,Khumaltar,27.6468,85.3248
2024-08-18T19:00,21.6,97,21.1,868.1,2.7,247,Khumaltar,27.6468,85.3248
2024-08-18T20:00,21.5,98,21.1,869.0,1.5,76,Khumaltar,27.6468,85.3248
2024-08-18T21:00,21.3,99,21.2,869.6,2.6,56,Khumaltar,27.6468,85.3248
2024-08-18T22:00,21.0,100,21.0,870.1,2.8,40,Khumaltar,27.6468,85.3248
2024-08-18T23:00,21.1,99,21.0,869.8,1.8,101,Khumaltar,27.6468,85.3248
2024-08-19T00:00,20.7,100,20.7,869.1,1.8,101,Khumaltar,27.6468,85.3248
2024-08-19T01:00,20.5,100,20.5,868.6,2.4,117,Khumaltar,27.6468,85.3248
2024-08-19T02:00,20.3,100,20.3,868.0,3.1,126,Khumaltar,27.6468,85.3248
2024-08-19T03:00,19.8,100,19.8,867.0,1.4,180,Khumaltar,27.6468,85.3248
2024-08-19T04:00,19.3,100,19.3,866.6,1.8,191,Khumaltar,27.6468,85.3248
2024-08-19T05:00,19.0,100,19.0,866.1,3.0,194,Khumaltar,27.6468,85.3248
2024-08-19T06:00,21.0,99,20.9,867.7,0.4,270,Khumaltar,27.6468,85.3248
2024-08-19T07:00,22.7,87,20.4,868.8,1.1,342,Khumaltar,27.6468,85.3248
2024-08-19T08:00,24.6,75,19.9,869.6,0.0,270,Khumaltar,27.6468,85.3248
2024-08-19T09:00,26.0,65,18.8,869.9,3.2,270,Khumaltar,27.6468,85.3248
2024-08-19T10:00,26.4,63,18.7,869.8,5.9,259,Khumaltar,27.6468,85.3248
2024-08-19T11:00,25.3,69,19.3,869.4,6.6,248,Khumaltar,27.6468,85.3248
2024-08-19T12:00,25.6,69,19.5,868.4,5.8,292,Khumaltar,27.6468,85.3248
2024-08-19T13:00,24.8,77,20.5,867.4,6.2,280,Khumaltar,27.6468,85.3248
2024-08-19T14:00,24.6,77,20.4,866.5,4.0,275,Khumaltar,27.6468,85.3248
2024-08-19T15:00,25.2,77,21.0,866.2,1.5,315,Khumaltar,27.6468,85.3248
2024-08-19T16:00,24.8,77,20.5,866.2,5.5,328,Khumaltar,27.6468,85.3248
2024-08-19T17:00,23.0,86,20.4,866.4,5.5,293,Khumaltar,27.6468,85.3248
2024-08-19T18:00,22.7,88,20.7,867.2,2.5,262,Khumaltar,27.6468,85.3248
2024-08-19T19:00,21.7,97,21.1,867.4,2.6,254,Khumaltar,27.6468,85.3248
2024-08-19T20:00,21.7,96,21.1,868.0,1.1,108,Khumaltar,27.6468,85.3248
2024-08-19T21:00,21.6,95,20.8,868.8,1.0,135,Khumaltar,27.6468,85.3248
2024-08-19T22:00,21.5,96,20.8,869.0,0.4,90,Khumaltar,27.6468,85.3248
2024-08-19T23:00,21.6,97,21.0,868.8,2.5,188,Khumaltar,27.6468,85.3248
2024-08-20T00:00,21.3,98,21.0,868.0,2.7,67,Khumaltar,27.6468,85.3248
2024-08-20T01:00,21.0,99,20.9,867.3,3.3,84,Khumaltar,27.6468,85.3248
2024-08-20T02:00,20.9,99,20.8,866.9,2.6,164,Khumaltar,27.6468,85.3248
2024-08-20T03:00,20.6,100,20.6,866.5,4.7,184,Khumaltar,27.6468,85.3248
2024-08-20T04:00,20.5,98,20.3,866.7,4.0,190,Khumaltar,27.6468,85.3248
2024-08-20T05:00,20.4,98,20.1,867.2,4.1,218,Khumaltar,27.6468,85.3248
2024-08-20T06:00,20.5,96,19.8,867.5,2.3,342,Khumaltar,27.6468,85.3248
2024-08-20T07:00,21.8,92,20.5,868.2,1.3,304,Khumaltar,27.6468,85.3248
2024-08-20T08:00,23.2,84,20.3,869.3,2.2,261,Khumaltar,27.6468,85.3248
2024-08-20T09:00,24.0,79,20.1,870.1,1.4,270,Khumaltar,27.6468,85.3248
2024-08-20T10:00,25.2,74,20.3,870.2,5.3,242,Khumaltar,27.6468,85.3248
2024-08-20T11:00,23.9,78,19.8,869.6,7.1,225,Khumaltar,27.6468,85.3248
2024-08-20T12:00,23.1,85,20.3,869.3,5.4,290,Khumaltar,27.6468,85.3248
2024-08-20T13:00,22.9,87,20.6,868.6,5.4,278,Khumaltar,27.6468,85.3248
2024-08-20T14:00,24.2,81,20.7,868.0,6.6,315,Khumaltar,27.6468,85.3248
2024-08-20T15:00,23.5,81,20.1,867.4,8.1,328,Khumaltar,27.6468,85.3248
2024-08-20T16:00,22.7,88,20.6,866.9,8.9,328,Khumaltar,27.6468,85.3248
2024-08-20T17:00,22.0,92,20.6,867.0,6.3,329,Khumaltar,27.6468,85.3248
2024-08-20T18:00,20.5,97,20.0,867.7,5.1,352,Khumaltar,27.6468,85.3248
2024-08-20T19:00,20.1,98,19.8,868.0,2.3,288,Khumaltar,27.6468,85.3248
2024-08-20T20:00,20.0,99,19.8,868.8,3.4,198,Khumaltar,27.6468,85.3248
2024-08-20T21:00,20.4,98,20.0,869.3,6.0,197,Khumaltar,27.6468,85.3248
2024-08-20T22:00,20.6,98,20.3,869.9,5.2,214,Khumaltar,27.6468,85.3248
2024-08-20T23:00,20.7,99,20.5,870.2,2.5,225,Khumaltar,27.6468,85.3248
2024-08-21T00:00,20.8,95,20.0,869.9,4.3,270,Khumaltar,27.6468,85.3248
2024-08-21T01:00,20.6,96,20.0,869.4,4.2,250,Khumaltar,27.6468,85.3248
2024-08-21T02:00,20.5,98,20.2,869.0,2.7,293,Khumaltar,27.6468,85.3248
2024-08-21T03:00,20.3,98,20.0,868.5,1.5,315,Khumaltar,27.6468,85.3248
2024-08-21T04:00,20.3,98,20.0,868.5,4.6,321,Khumaltar,27.6468,85.3248
2024-08-21T05:00,20.0,98,19.7,868.7,4.2,340,Khumaltar,27.6468,85.3248
2024-08-21T06:00,20.1,98,19.9,869.4,5.0,330,Khumaltar,27.6468,85.3248
2024-08-21T07:00,21.0,93,19.9,870.4,6.4,333,Khumaltar,27.6468,85.3248
2024-08-21T08:00,22.2,86,19.8,870.8,5.8,330,Khumaltar,27.6468,85.3248
2024-08-21T09:00,23.7,77,19.5,871.1,4.9,324,Khumaltar,27.6468,85.3248
2024-08-21T10:00,24.1,76,19.6,871.2,4.6,309,Khumaltar,27.6468,85.3248
2024-08-21T11:00,23.7,77,19.5,870.7,3.6,264,Khumaltar,27.6468,85.3248
2024-08-21T12:00,23.9,79,20.0,870.1,2.0,225,Khumaltar,27.6468,85.3248
2024-08-21T13:00,24.6,75,19.9,869.1,1.9,248,Khumaltar,27.6468,85.3248
2024-08-21T14:00,23.5,80,19.9,868.1,4.2,329,Khumaltar,27.6468,85.3248
2024-08-21T15:00,23.3,85,20.6,867.3,5.3,332,Khumaltar,27.6468,85.3248
2024-08-21T16:00,23.0,86,20.5,866.8,5.9,317,Khumaltar,27.6468,85.3248
2024-08-21T17:00,22.8,88,20.7,867.4,5.2,295,Khumaltar,27.6468,85.3248
2024-08-21T18:00,20.6,98,20.3,867.9,1.5,256,Khumaltar,27.6468,85.3248
2024-08-21T19:00,20.7,98,20.3,868.5,2.1,211,Khumaltar,27.6468,85.3248
2024-08-21T20:00,20.7,98,20.4,869.0,1.5,194,Khumaltar,27.6468,85.3248
2024-08-21T21:00,20.7,98,20.3,869.2,2.6,236,Khumaltar,27.6468,85.3248
2024-08-21T22:00,20.5,99,20.4,869.4,2.3,231,Khumaltar,27.6468,85.3248
2024-08-21T23:00,20.3,100,20.3,869.3,2.3,252,Khumaltar,27.6468,85.3248
2024-08-22T00:00,20.4,100,20.3,869.1,2.2,261,Khumaltar,27.6468,85.3248
2024-08-22T01:00,20.2,100,20.2,868.3,2.8,230,Khumaltar,27.6468,85.3248
2024-08-22T02:00,20.0,100,20.0,867.7,3.2,243,Khumaltar,27.6468,85.3248
2024-08-22T03:00,19.8,100,19.7,867.4,3.4,198,Khumaltar,27.6468,85.3248
2024-08-22T04:00,19.4,99,19.3,866.8,2.1,211,Khumaltar,27.6468,85.3248
2024-08-22T05:00,18.7,100,18.7,866.4,2.5,188,Khumaltar,27.6468,85.3248
2024-08-22T06:00,20.4,98,20.0,868.1,3.6,270,Khumaltar,27.6468,85.3248
2024-08-22T07:00,21.5,89,19.7,869.2,1.5,225,Khumaltar,27.6468,85.3248
2024-08-22T08:00,22.2,87,19.9,869.9,1.1,252,Khumaltar,27.6468,85.3248
2024-08-22T09:00,23.0,84,20.1,870.3,4.0,5,Khumaltar,27.6468,85.3248
2024-08-22T10:00,24.4,77,20.1,870.3,2.9,30,Khumaltar,27.6468,85.3248
2024-08-22T11:00,25.1,74,20.1,869.7,2.5,8,Khumaltar,27.6468,85.3248
2024-08-22T12:00,26.1,72,20.7,868.9,4.2,329,Khumaltar,27.6468,85.3248
2024-08-22T13:00,25.7,74,20.6,868.0,3.2,243,Khumaltar,27.6468,85.3248
2024-08-22T14:00,24.8,77,20.5,866.9,3.3,229,Khumaltar,27.6468,85.3248
2024-08-22T15:00,24.4,79,20.4,866.1,4.6,342,Khumaltar,27.6468,85.3248
2024-08-22T16:00,24.1,83,21.0,866.3,2.3,321,Khumaltar,27.6468,85.3248
2024-08-22T17:00,23.4,88,21.2,866.6,3.3,13,Khumaltar,27.6468,85.3248
2024-08-22T18:00,22.1,96,21.4,868.3,1.8,191,Khumaltar,27.6468,85.3248
2024-08-22T19:00,21.7,98,21.5,868.6,2.7,67,Khumaltar,27.6468,85.3248
2024-08-22T20:00,21.6,98,21.3,869.1,2.9,173,Khumaltar,27.6468,85.3248
2024-08-22T21:00,21.1,100,21.1,869.2,2.3,162,Khumaltar,27.6468,85.3248
2024-08-22T22:00,20.9,100,20.9,869.4,1.9,202,Khumaltar,27.6468,85.3248
2024-08-22T23:00,20.4,100,20.4,868.8,1.5,194,Khumaltar,27.6468,85.3248
2024-08-23T00:00,20.0,100,20.0,867.9,2.7,203,Khumaltar,27.6468,85.3248
2024-08-23T01:00,19.6,100,19.6,867.0,4.7,212,Khumaltar,27.6468,85.3248
2024-08-23T02:00,19.5,100,19.5,866.6,5.6,195,Khumaltar,27.6468,85.3248
2024-08-23T03:00,19.5,100,19.4,866.4,7.5,197,Khumaltar,27.6468,85.3248
2024-08-23T04:00,19.6,100,19.5,866.9,5.5,203,Khumaltar,27.6468,85.3248
2024-08-23T05:00,19.4,100,19.4,867.5,3.4,198,Khumaltar,27.6468,85.3248
2024-08-23T06:00,20.7,97,20.2,868.6,2.5,315,Khumaltar,27.6468,85.3248
2024-08-23T07:00,21.9,91,20.3,869.5,4.4,351,Khumaltar,27.6468,85.3248
2024-08-23T08:00,23.4,83,20.3,870.3,5.5,349,Khumaltar,27.6468,85.3248
2024-08-23T09:00,24.6,78,20.5,870.5,7.2,342,Khumaltar,27.6468,85.3248
2024-08-23T10:00,26.0,73,20.7,870.3,5.8,338,Khumaltar,27.6468,85.3248
2024-08-23T11:00,26.8,72,21.3,870.2,2.6,304,Khumaltar,27.6468,85.3248
2024-08-23T12:00,26.3,75,21.5,869.5,3.3,257,Khumaltar,27.6468,85.3248
2024-08-23T13:00,26.6,73,21.3,868.4,3.6,270,Khumaltar,27.6468,85.3248
2024-08-23T14:00,25.3,79,21.3,867.4,0.8,297,Khumaltar,27.6468,85.3248
2024-08-23T15:00,23.3,86,20.9,867.0,5.9,232,Khumaltar,27.6468,85.3248
2024-08-23T16:00,23.3,87,21.0,867.3,4.3,222,Khumaltar,27.6468,85.3248
2024-08-23T17:00,22.5,92,21.0,867.3,4.5,346,Khumaltar,27.6468,85.3248
2024-08-23T18:00,22.4,93,21.2,868.3,2.5,360,Khumaltar,27.6468,85.3248
2024-08-23T19:00,22.0,96,21.3,868.8,1.4,180,Khumaltar,27.6468,85.3248
2024-08-23T20:00,21.3,98,21.1,869.0,1.0,225,Khumaltar,27.6468,85.3248
2024-08-23T21:00,21.0,99,20.8,869.1,3.4,162,Khumaltar,27.6468,85.3248
2024-08-23T22:00,20.7,99,20.5,869.2,5.1,184,Khumaltar,27.6468,85.3248
2024-08-23T23:00,20.4,99,20.3,869.2,4.8,193,Khumaltar,27.6468,85.3248
2024-08-24T00:00,20.4,99,20.3,869.0,4.3,180,Khumaltar,27.6468,85.3248
2024-08-24T01:00,20.2,100,20.1,868.2,2.6,196,Khumaltar,27.6468,85.3248
2024-08-24T02:00,20.0,100,19.9,868.0,2.9,187,Khumaltar,27.6468,85.3248
2024-08-24T03:00,19.8,100,19.8,867.7,2.9,187,Khumaltar,27.6468,85.3248
2024-08-24T04:00,19.6,100,19.6,867.8,1.1,180,Khumaltar,27.6468,85.3248
2024-08-24T05:00,19.4,100,19.4,868.0,1.9,158,Khumaltar,27.6468,85.3248
2024-08-24T06:00,20.1,99,20.0,868.6,4.5,166,Khumaltar,27.6468,85.3248
2024-08-24T07:00,22.2,95,21.3,870.0,2.5,172,Khumaltar,27.6468,85.3248
2024-08-24T08:00,23.8,89,21.9,870.9,1.8,191,Khumaltar,27.6468,85.3248
2024-08-24T09:00,25.4,81,21.9,871.3,2.9,60,Khumaltar,27.6468,85.3248
2024-08-24T10:00,26.7,73,21.5,871.0,6.1,50,Khumaltar,27.6468,85.3248
2024-08-24T11:00,27.5,70,21.4,870.3,4.5,76,Khumaltar,27.6468,85.3248
2024-08-24T12:00,27.4,71,21.6,869.9,4.6,162,Khumaltar,27.6468,85.3248
2024-08-24T13:00,26.3,74,21.2,868.8,5.1,176,Khumaltar,27.6468,85.3248
2024-08-24T14:00,26.0,76,21.4,867.9,0.8,117,Khumaltar,27.6468,85.3248
2024-08-24T15:00,26.3,70,20.5,867.0,5.4,82,Khumaltar,27.6468,85.3248
2024-08-24T16:00,25.2,74,20.3,867.1,1.3,146,Khumaltar,27.6468,85.3248
2024-08-24T17:00,24.9,77,20.5,866.8,1.3,34,Khumaltar,27.6468,85.3248
2024-08-24T18:00,22.9,88,20.8,867.6,4.4,215,Khumaltar,27.6468,85.3248
2024-08-24T19:00,21.8,93,20.6,868.7,6.4,196,Khumaltar,27.6468,85.3248
2024-08-24T20:00,21.2,96,20.5,869.0,4.0,180,Khumaltar,27.6468,85.3248
2024-08-24T21:00,20.5,100,20.5,869.2,1.4,270,Khumaltar,27.6468,85.3248
2024-08-24T22:00,20.0,99,19.9,869.6,2.6,74,Khumaltar,27.6468,85.3248
2024-08-24T23:00,20.1,99,19.9,868.9,2.2,99,Khumaltar,27.6468,85.3248
2024-08-25T00:00,19.3,100,19.3,868.5,3.6,174,Khumaltar,27.6468,85.3248
2024-08-25T01:00,19.4,100,19.3,867.7,1.8,191,Khumaltar,27.6468,85.3248
2024-08-25T02:00,18.8,100,18.8,866.8,2.3,198,Khumaltar,27.6468,85.3248
2024-08-25T03:00,19.3,100,19.2,866.4,2.5,172,Khumaltar,27.6468,85.3248
2024-08-25T04:00,19.1,100,19.1,865.9,3.5,156,Khumaltar,27.6468,85.3248
2024-08-25T05:00,18.8,100,18.8,865.9,4.3,180,Khumaltar,27.6468,85.3248
2024-08-25T06:00,20.4,100,20.3,866.8,3.8,163,Khumaltar,27.6468,85.3248
2024-08-25T07:00,22.5,92,21.2,868.0,3.6,127,Khumaltar,27.6468,85.3248
2024-08-25T08:00,24.8,80,21.0,868.6,4.2,121,Khumaltar,27.6468,85.3248
2024-08-25T09:00,26.7,70,20.8,869.1,3.5,114,Khumaltar,27.6468,85.3248
2024-08-25T10:00,27.9,63,20.2,869.1,4.7,94,Khumaltar,27.6468,85.3248
2024-08-25T11:00,27.5,62,19.5,868.6,3.7,151,Khumaltar,27.6468,85.3248
2024-08-25T12:00,27.3,66,20.4,868.4,2.5,262,Khumaltar,27.6468,85.3248
2024-08-25T13:00,27.0,69,20.8,867.6,1.1,18,Khumaltar,27.6468,85.3248
2024-08-25T14:00,26.0,72,20.6,866.4,4.0,350,Khumaltar,27.6468,85.3248
2024-08-25T15:00,25.7,74,20.8,866.2,1.1,198,Khumaltar,27.6468,85.3248
2024-08-25T16:00,25.2,78,21.0,866.0,2.7,293,Khumaltar,27.6468,85.3248
2024-08-25T17:00,24.5,80,20.8,865.9,4.7,351,Khumaltar,27.6468,85.3248
2024-08-25T18:00,22.2,94,21.2,866.0,5.4,340,Khumaltar,27.6468,85.3248
2024-08-25T19:00,21.7,95,20.8,866.0,2.4,243,Khumaltar,27.6468,85.3248
2024-08-25T20:00,20.9,97,20.4,866.4,1.8,217,Khumaltar,27.6468,85.3248
2024-08-25T21:00,20.6,97,20.2,866.5,1.6,207,Khumaltar,27.6468,85.3248
2024-08-25T22:00,20.2,98,19.8,866.5,1.4,180,Khumaltar,27.6468,85.3248
2024-08-25T23:00,20.0,97,19.5,866.2,3.1,159,Khumaltar,27.6468,85.3248
2024-08-26T00:00,19.7,97,19.3,865.7,2.5,172,Khumaltar,27.6468,85.3248
2024-08-26T01:00,19.8,98,19.4,865.4,2.5,188,Khumaltar,27.6468,85.3248
2024-08-26T02:00,19.5,99,19.4,865.0,2.3,198,Khumaltar,27.6468,85.3248
2024-08-26T03:00,19.0,100,19.0,864.7,1.6,207,Khumaltar,27.6468,85.3248
2024-08-26T04:00,19.0,100,18.9,865.1,4.6,198,Khumaltar,27.6468,85.3248
2024-08-26T05:00,19.3,100,19.3,865.6,1.1,180,Khumaltar,27.6468,85.3248
2024-08-26T06:00,20.7,98,20.5,866.4,1.5,225,Khumaltar,27.6468,85.3248
2024-08-26T07:00,22.4,89,20.6,867.7,1.5,284,Khumaltar,27.6468,85.3248
2024-08-26T08:00,24.3,78,20.2,868.8,1.1,252,Khumaltar,27.6468,85.3248
2024-08-26T09:00,25.9,68,19.5,869.3,0.7,270,Khumaltar,27.6468,85.3248
2024-08-26T10:00,26.1,71,20.4,869.2,2.3,198,Khumaltar,27.6468,85.3248
2024-08-26T11:00,26.3,71,20.7,868.8,3.1,249,Khumaltar,27.6468,85.3248
2024-08-26T12:00,24.9,76,20.4,868.2,3.3,354,Khumaltar,27.6468,85.3248
2024-08-26T13:00,25.4,75,20.5,867.7,2.0,315,Khumaltar,27.6468,85.3248
2024-08-26T14:00,25.0,77,20.7,867.1,3.3,354,Khumaltar,27.6468,85.3248
2024-08-26T15:00,23.2,86,20.6,866.2,6.3,13,Khumaltar,27.6468,85.3248
2024-08-26T16:00,23.0,87,20.7,866.1,5.6,320,Khumaltar,27.6468,85.3248
2024-08-26T17:00,23.1,86,20.6,866.5,3.2,243,Khumaltar,27.6468,85.3248
2024-08-26T18:00,22.1,94,21.1,867.9,2.8,220,Khumaltar,27.6468,85.3248
2024-08-26T19:00,21.1,95,20.3,868.6,8.7,197,Khumaltar,27.6468,85.3248
2024-08-26T20:00,20.7,91,19.1,869.1,8.0,207,Khumaltar,27.6468,85.3248
2024-08-26T21:00,20.2,94,19.1,868.7,4.6,225,Khumaltar,27.6468,85.3248
2024-08-26T22:00,19.5,97,19.1,868.1,2.4,207,Khumaltar,27.6468,85.3248
2024-08-26T23:00,19.3,98,19.1,867.6,1.8,180,Khumaltar,27.6468,85.3248
2024-08-27T00:00,19.0,98,18.7,866.6,0.7,180,Khumaltar,27.6468,85.3248
2024-08-27T01:00,18.5,97,18.0,865.8,1.8,169,Khumaltar,27.6468,85.3248
2024-08-27T02:00,18.5,96,17.9,865.9,1.1,198,Khumaltar,27.6468,85.3248
2024-08-27T03:00,18.6,97,18.1,866.2,2.7,203,Khumaltar,27.6468,85.3248
2024-08-27T04:00,18.4,99,18.2,866.2,3.8,197,Khumaltar,27.6468,85.3248
2024-08-27T05:00,18.2,99,18.1,867.0,1.9,202,Khumaltar,27.6468,85.3248
2024-08-27T06:00,19.9,99,19.7,868.2,1.5,256,Khumaltar,27.6468,85.3248
2024-08-27T07:00,21.9,88,19.8,869.7,1.6,117,Khumaltar,27.6468,85.3248
2024-08-27T08:00,22.9,84,20.0,870.3,2.9,83,Khumaltar,27.6468,85.3248
2024-08-27T09:00,24.0,80,20.3,870.8,2.9,90,Khumaltar,27.6468,85.3248
2024-08-27T10:00,24.5,79,20.6,870.9,4.1,135,Khumaltar,27.6468,85.3248
2024-08-27T11:00,25.9,75,21.1,870.5,4.5,76,Khumaltar,27.6468,85.3248
2024-08-27T12:00,26.4,73,21.1,869.9,4.5,76,Khumaltar,27.6468,85.3248
2024-08-27T13:00,26.5,73,21.2,869.0,3.7,61,Khumaltar,27.6468,85.3248
2024-08-27T14:00,26.5,70,20.6,867.7,1.8,37,Khumaltar,27.6468,85.3248
2024-08-27T15:00,24.7,78,20.7,867.6,6.2,170,Khumaltar,27.6468,85.3248
2024-08-27T16:00,24.0,81,20.5,867.6,0.5,225,Khumaltar,27.6468,85.3248
2024-08-27T17:00,23.3,85,20.6,868.0,4.0,297,Khumaltar,27.6468,85.3248
2024-08-27T18:00,22.9,85,20.3,869.2,3.1,306,Khumaltar,27.6468,85.3248
2024-08-27T19:00,21.1,95,20.3,869.4,3.5,294,Khumaltar,27.6468,85.3248
2024-08-27T20:00,20.6,97,20.2,869.7,2.1,239,Khumaltar,27.6468,85.3248
2024-08-27T21:00,20.3,98,20.0,869.7,2.1,211,Khumaltar,27.6468,85.3248
2024-08-27T22:00,19.8,99,19.7,869.3,2.5,188,Khumaltar,27.6468,85.3248
2024-08-27T23:00,19.9,99,19.7,869.2,3.6,174,Khumaltar,27.6468,85.3248
2024-08-28T00:00,19.4,99,19.2,868.6,2.5,172,Khumaltar,27.6468,85.3248
2024-08-28T01:00,19.4,100,19.4,868.6,2.9,180,Khumaltar,27.6468,85.3248
2024-08-28T02:00,19.3,100,19.3,868.3,1.4,180,Khumaltar,27.6468,85.3248
2024-08-28T03:00,19.3,100,19.3,867.8,2.9,150,Khumaltar,27.6468,85.3248
2024-08-28T04:00,19.2,100,19.1,867.3,3.1,159,Khumaltar,27.6468,85.3248
2024-08-28T05:00,18.7,100,18.7,867.1,2.5,180,Khumaltar,27.6468,85.3248
2024-08-28T06:00,20.6,99,20.4,869.0,3.8,163,Khumaltar,27.6468,85.3248
2024-08-28T07:00,22.1,92,20.8,869.7,2.1,121,Khumaltar,27.6468,85.3248
2024-08-28T08:00,24.3,79,20.5,870.2,2.5,82,Khumaltar,27.6468,85.3248
2024-08-28T09:00,26.4,71,20.8,870.7,1.8,37,Khumaltar,27.6468,85.3248
2024-08-28T10:00,26.9,69,20.7,870.5,1.5,45,Khumaltar,27.6468,85.3248
2024-08-28T11:00,26.4,74,21.5,870.0,2.5,225,Khumaltar,27.6468,85.3248
2024-08-28T12:00,26.7,75,21.9,869.5,4.4,189,Khumaltar,27.6468,85.3248
2024-08-28T13:00,25.2,77,20.8,868.8,4.6,225,Khumaltar,27.6468,85.3248
2024-08-28T14:00,25.6,78,21.6,867.7,2.2,180,Khumaltar,27.6468,85.3248
2024-08-28T15:00,25.0,80,21.4,867.0,3.2,333,Khumaltar,27.6468,85.3248
2024-08-28T16:00,24.3,81,20.9,865.8,1.5,45,Khumaltar,27.6468,85.3248
2024-08-28T17:00,24.3,83,21.2,866.2,3.8,221,Khumaltar,27.6468,85.3248
2024-08-28T18:00,22.1,95,21.2,867.4,3.4,238,Khumaltar,27.6468,85.3248
2024-08-28T19:00,21.4,98,21.0,868.2,2.6,214,Khumaltar,27.6468,85.3248
2024-08-28T20:00,20.5,99,20.3,868.5,1.9,202,Khumaltar,27.6468,85.3248
2024-08-28T21:00,20.5,100,20.5,868.9,1.8,191,Khumaltar,27.6468,85.3248
2024-08-28T22:00,20.3,99,20.2,868.9,3.0,194,Khumaltar,27.6468,85.3248
2024-08-28T23:00,19.7,99,19.6,868.5,2.5,188,Khumaltar,27.6468,85.3248
2024-08-29T00:00,19.5,100,19.5,868.0,2.9,173,Khumaltar,27.6468,85.3248
2024-08-29T01:00,19.4,100,19.4,867.5,2.2,180,Khumaltar,27.6468,85.3248
2024-08-29T02:00,19.5,100,19.5,867.0,3.2,180,Khumaltar,27.6468,85.3248
2024-08-29T03:00,19.3,100,19.2,866.5,2.9,187,Khumaltar,27.6468,85.3248
2024-08-29T04:00,19.0,100,18.9,866.6,1.8,191,Khumaltar,27.6468,85.3248
2024-08-29T05:00,18.9,100,18.8,866.9,1.1,180,Khumaltar,27.6468,85.3248
2024-08-29T06:00,19.6,99,19.5,867.4,1.4,180,Khumaltar,27.6468,85.3248
2024-08-29T07:00,22.7,93,21.5,869.3,2.3,198,Khumaltar,27.6468,85.3248
2024-08-29T08:00,24.9,79,21.0,870.2,1.1,90,Khumaltar,27.6468,85.3248
2024-08-29T09:00,26.3,71,20.6,870.7,1.1,162,Khumaltar,27.6468,85.3248
2024-08-29T10:00,26.6,73,21.3,870.7,3.4,212,Khumaltar,27.6468,85.3248
2024-08-29T11:00,25.8,75,21.0,870.2,3.6,233,Khumaltar,27.6468,85.3248
2024-08-29T12:00,25.5,77,21.2,869.6,4.9,253,Khumaltar,27.6468,85.3248
2024-08-29T13:00,25.3,79,21.4,868.3,2.6,74,Khumaltar,27.6468,85.3248
2024-08-29T14:00,24.2,85,21.5,867.7,2.2,261,Khumaltar,27.6468,85.3248
2024-08-29T15:00,24.3,85,21.7,867.2,2.6,74,Khumaltar,27.6468,85.3248
2024-08-29T16:00,23.8,86,21.3,867.2,4.0,27,Khumaltar,27.6468,85.3248
2024-08-29T17:00,23.3,88,21.3,867.5,4.0,350,Khumaltar,27.6468,85.3248
2024-08-29T18:00,21.5,97,20.9,867.6,1.9,202,Khumaltar,27.6468,85.3248
2024-08-29T19:00,21.3,97,20.9,868.6,2.9,210,Khumaltar,27.6468,85.3248
2024-08-29T20:00,20.7,98,20.5,869.2,2.1,211,Khumaltar,27.6468,85.3248
2024-08-29T21:00,20.6,100,20.6,869.8,2.3,198,Khumaltar,27.6468,85.3248
2024-08-29T22:00,20.3,100,20.3,869.7,1.9,202,Khumaltar,27.6468,85.3248
2024-08-29T23:00,20.1,99,20.0,869.1,0.4,180,Khumaltar,27.6468,85.3248
2024-08-30T00:00,19.8,100,19.7,868.0,1.3,214,Khumaltar,27.6468,85.3248
2024-08-30T01:00,19.9,100,19.8,867.1,2.2,189,Khumaltar,27.6468,85.3248
2024-08-30T02:00,19.7,99,19.6,866.5,3.0,194,Khumaltar,27.6468,85.3248
2024-08-30T03:00,19.3,100,19.3,866.5,2.5,180,Khumaltar,27.6468,85.3248
2024-08-30T04:00,19.2,99,19.1,866.7,3.6,180,Khumaltar,27.6468,85.3248
2024-08-30T05:00,19.0,99,18.9,867.0,2.2,180,Khumaltar,27.6468,85.3248
2024-08-30T06:00,20.2,99,20.0,868.3,3.2,180,Khumaltar,27.6468,85.3248
2024-08-30T07:00,23.4,86,21.0,870.3,0.4,90,Khumaltar,27.6468,85.3248
2024-08-30T08:00,25.0,80,21.2,871.0,3.1,36,Khumaltar,27.6468,85.3248
2024-08-30T09:00,26.4,75,21.6,871.5,3.1,21,Khumaltar,27.6468,85.3248
2024-08-30T10:00,28.0,69,21.8,871.6,2.4,333,Khumaltar,27.6468,85.3248
2024-08-30T11:00,28.7,68,22.3,871.3,2.9,300,Khumaltar,27.6468,85.3248
2024-08-30T12:00,26.9,75,22.0,870.5,3.6,225,Khumaltar,27.6468,85.3248
2024-08-30T13:00,25.2,79,21.3,869.9,7.9,183,Khumaltar,27.6468,85.3248
2024-08-30T14:00,26.2,76,21.6,869.6,1.4,180,Khumaltar,27.6468,85.3248
2024-08-30T15:00,24.2,83,21.1,868.6,1.8,233,Khumaltar,27.6468,85.3248
2024-08-30T16:00,24.8,82,21.5,868.0,1.8,323,Khumaltar,27.6468,85.3248
2024-08-30T17:00,24.3,84,21.5,867.0,1.9,292,Khumaltar,27.6468,85.3248
2024-08-30T18:00,23.1,90,21.3,868.0,5.1,321,Khumaltar,27.6468,85.3248
2024-08-30T19:00,21.8,95,20.9,868.0,3.1,234,Khumaltar,27.6468,85.3248
2024-08-30T20:00,21.3,96,20.7,868.8,2.9,240,Khumaltar,27.6468,85.3248
2024-08-30T21:00,20.6,96,20.0,869.4,3.3,229,Khumaltar,27.6468,85.3248
2024-08-30T22:00,20.3,96,19.6,869.8,2.1,211,Khumaltar,27.6468,85.3248
2024-08-30T23:00,20.1,96,19.5,869.3,2.3,219,Khumaltar,27.6468,85.3248
2024-08-31T00:00,20.4,94,19.4,869.0,2.9,210,Khumaltar,27.6468,85.3248
2024-08-31T01:00,20.1,95,19.2,868.0,2.9,210,Khumaltar,27.6468,85.3248
2024-08-31T02:00,20.0,93,18.9,867.3,1.5,194,Khumaltar,27.6468,85.3248
2024-08-31T03:00,19.8,94,18.8,867.3,1.8,191,Khumaltar,27.6468,85.3248
2024-08-31T04:00,19.8,94,18.7,867.5,1.5,194,Khumaltar,27.6468,85.3248
2024-08-31T05:00,19.3,94,18.4,867.6,1.9,158,Khumaltar,27.6468,85.3248
2024-08-31T06:00,20.2,92,18.9,867.5,3.0,166,Khumaltar,27.6468,85.3248
2024-08-31T07:00,24.0,78,19.9,869.3,0.4,360,Khumaltar,27.6468,85.3248
2024-08-31T08:00,25.9,71,20.3,869.9,1.1,72,Khumaltar,27.6468,85.3248
2024-08-31T09:00,27.5,65,20.5,870.5,1.5,166,Khumaltar,27.6468,85.3248
2024-08-31T10:00,28.7,62,20.6,870.5,2.1,211,Khumaltar,27.6468,85.3248
2024-08-31T11:00,29.4,58,20.2,870.0,2.5,262,Khumaltar,27.6468,85.3248
2024-08-31T12:00,29.2,60,20.6,869.8,3.7,241,Khumaltar,27.6468,85.3248
2024-08-31T13:00,26.5,71,20.8,869.4,7.1,221,Khumaltar,27.6468,85.3248
2024-08-31T14:00,26.5,74,21.4,868.5,3.8,253,Khumaltar,27.6468,85.3248
2024-08-31T15:00,24.8,83,21.7,867.8,6.6,248,Khumaltar,27.6468,85.3248
2024-08-31T16:00,24.7,83,21.6,867.6,4.9,287,Khumaltar,27.6468,85.3248
2024-08-31T17:00,24.3,84,21.5,867.5,1.8,307,Khumaltar,27.6468,85.3248
2024-08-31T18:00,23.6,90,21.8,868.4,2.5,262,Khumaltar,27.6468,85.3248
2024-08-31T19:00,23.2,91,21.7,869.4,2.3,309,Khumaltar,27.6468,85.3248
2024-08-31T20:00,22.6,95,21.8,870.0,3.0,284,Khumaltar,27.6468,85.3248
2024-08-31T21:00,22.6,94,21.5,870.6,3.6,135,Khumaltar,27.6468,85.3248
2024-08-31T22:00,22.3,94,21.4,870.6,1.4,90,Khumaltar,27.6468,85.3248
2024-08-31T23:00,22.0,96,21.3,870.7,2.5,98,Khumaltar,27.6468,85.3248
2024-09-01T00:00,21.7,95,20.8,869.9,0.4,90,Khumaltar,27.6468,85.3248
2024-09-01T01:00,21.4,97,20.8,869.1,2.5,82,Khumaltar,27.6468,85.3248
2024-09-01T02:00,21.2,98,20.9,868.7,4.6,129,Khumaltar,27.6468,85.3248
2024-09-01T03:00,21.1,98,20.8,868.5,3.2,117,Khumaltar,27.6468,85.3248
2024-09-01T04:00,21.1,98,20.9,869.0,1.5,45,Khumaltar,27.6468,85.3248
2024-09-01T05:00,20.9,99,20.8,869.3,2.9,90,Khumaltar,27.6468,85.3248
2024-09-01T06:00,21.5,96,20.9,869.4,1.9,158,Khumaltar,27.6468,85.3248
2024-09-01T07:00,22.1,93,21.0,870.3,1.8,233,Khumaltar,27.6468,85.3248
2024-09-01T08:00,22.4,93,21.3,871.1,1.9,202,Khumaltar,27.6468,85.3248
2024-09-01T09:00,23.2,89,21.4,871.7,4.1,165,Khumaltar,27.6468,85.3248
2024-09-01T10:00,23.2,90,21.5,871.6,5.4,132,Khumaltar,27.6468,85.3248
2024-09-01T11:00,23.2,92,21.8,871.4,3.1,144,Khumaltar,27.6468,85.3248
2024-09-01T12:00,22.6,93,21.5,870.5,5.4,127,Khumaltar,27.6468,85.3248
2024-09-01T13:00,23.6,90,21.9,869.5,5.2,115,Khumaltar,27.6468,85.3248
2024-09-01T14:00,23.0,93,21.9,868.7,5.1,82,Khumaltar,27.6468,85.3248
2024-09-01T15:00,24.5,86,22.0,868.4,4.4,55,Khumaltar,27.6468,85.3248
2024-09-01T16:00,24.6,82,21.4,868.5,3.6,45,Khumaltar,27.6468,85.3248
2024-09-01T17:00,23.8,85,21.1,868.6,1.5,194,Khumaltar,27.6468,85.3248
2024-09-01T18:00,21.4,96,20.8,869.3,2.1,329,Khumaltar,27.6468,85.3248
2024-09-01T19:00,20.4,98,20.1,869.2,1.5,194,Khumaltar,27.6468,85.3248
2024-09-01T20:00,20.6,98,20.2,869.6,4.3,204,Khumaltar,27.6468,85.3248
2024-09-01T21:00,20.2,98,19.9,869.8,2.4,207,Khumaltar,27.6468,85.3248
2024-09-01T22:00,20.1,98,19.7,870.0,5.5,191,Khumaltar,27.6468,85.3248
2024-09-01T23:00,19.7,98,19.3,869.9,4.0,190,Khumaltar,27.6468,85.3248
2024-09-02T00:00,19.3,98,19.1,869.4,2.2,189,Khumaltar,27.6468,85.3248
2024-09-02T01:00,18.8,99,18.6,869.0,1.8,191,Khumaltar,27.6468,85.3248
2024-09-02T02:00,18.7,99,18.6,868.9,0.7,180,Khumaltar,27.6468,85.3248
2024-09-02T03:00,18.7,99,18.6,868.8,0.8,207,Khumaltar,27.6468,85.3248
2024-09-02T04:00,18.5,99,18.4,868.6,0.7,180,Khumaltar,27.6468,85.3248
2024-09-02T05:00,18.3,100,18.2,868.6,0.4,180,Khumaltar,27.6468,85.3248
2024-09-02T06:00,19.8,99,19.7,869.4,1.8,180,Khumaltar,27.6468,85.3248
2024-09-02T07:00,22.3,92,20.9,871.1,1.6,153,Khumaltar,27.6468,85.3248
2024-09-02T08:00,23.8,84,21.0,872.2,1.8,127,Khumaltar,27.6468,85.3248
2024-09-02T09:00,25.1,75,20.4,872.5,2.3,72,Khumaltar,27.6468,85.3248
2024-09-02T10:00,26.2,72,20.7,872.7,2.3,72,Khumaltar,27.6468,85.3248
2024-09-02T11:00,27.0,69,20.8,872.2,0.0,270,Khumaltar,27.6468,85.3248
2024-09-02T12:00,25.9,73,20.7,871.3,5.4,274,Khumaltar,27.6468,85.3248
2024-09-02T13:00,25.3,78,21.2,870.1,4.4,261,Khumaltar,27.6468,85.3248
2024-09-02T14:00,25.1,79,21.1,868.7,2.9,330,Khumaltar,27.6468,85.3248
2024-09-02T15:00,24.9,81,21.4,868.1,3.3,311,Khumaltar,27.6468,85.3248
2024-09-02T16:00,24.6,81,21.2,867.7,4.0,5,Khumaltar,27.6468,85.3248
2024-09-02T17:00,24.1,83,21.1,867.4,1.5,14,Khumaltar,27.6468,85.3248
2024-09-02T18:00,22.0,93,20.8,868.2,1.6,117,Khumaltar,27.6468,85.3248
2024-09-02T19:00,20.6,98,20.3,868.6,2.9,150,Khumaltar,27.6468,85.3248
2024-09-02T20:00,20.4,99,20.3,869.4,2.6,146,Khumaltar,27.6468,85.3248
2024-09-02T21:00,20.0,100,20.0,870.0,2.4,153,Khumaltar,27.6468,85.3248
2024-09-02T22:00,19.7,100,19.7,870.2,1.9,158,Khumaltar,27.6468,85.3248
2024-09-02T23:00,19.6,99,19.5,870.4,0.8,207,Khumaltar,27.6468,85.3248
2024-09-03T00:00,19.3,99,19.1,869.8,0.7,180,Khumaltar,27.6468,85.3248
2024-09-03T01:00,19.8,98,19.4,869.8,3.2,180,Khumaltar,27.6468,85.3248
2024-09-03T02:00,19.8,97,19.3,869.2,5.2,196,Khumaltar,27.6468,85.3248
2024-09-03T03:00,19.2,98,18.8,868.8,3.1,201,Khumaltar,27.6468,85.3248
2024-09-03T04:00,18.8,98,18.4,868.5,1.8,191,Khumaltar,27.6468,85.3248
2024-09-03T05:00,18.3,97,17.8,868.2,2.6,214,Khumaltar,27.6468,85.3248
2024-09-03T06:00,19.8,99,19.6,869.5,2.0,225,Khumaltar,27.6468,85.3248
2024-09-03T07:00,22.2,90,20.5,871.2,2.1,329,Khumaltar,27.6468,85.3248
2024-09-03T08:00,23.9,81,20.4,871.7,2.0,45,Khumaltar,27.6468,85.3248
2024-09-03T09:00,25.7,73,20.4,871.9,2.4,117,Khumaltar,27.6468,85.3248
2024-09-03T10:00,26.9,69,20.8,872.1,3.6,143,Khumaltar,27.6468,85.3248
2024-09-03T11:00,27.6,68,21.2,871.8,3.7,151,Khumaltar,27.6468,85.3248
2024-09-03T12:00,25.0,78,20.8,870.8,7.8,257,Khumaltar,27.6468,85.3248
2024-09-03T13:00,25.0,77,20.8,870.2,1.8,259,Khumaltar,27.6468,85.3248
2024-09-03T14:00,24.9,76,20.3,869.1,3.0,284,Khumaltar,27.6468,85.3248
2024-09-03T15:00,24.3,77,20.0,868.3,3.8,311,Khumaltar,27.6468,85.3248
2024-09-03T16:00,22.3,87,20.1,868.3,6.2,353,Khumaltar,27.6468,85.3248
2024-09-03T17:00,21.7,94,20.6,868.9,2.6,146,Khumaltar,27.6468,85.3248
2024-09-03T18:00,21.3,95,20.5,869.7,2.4,63,Khumaltar,27.6468,85.3248
2024-09-03T19:00,20.9,98,20.5,870.0,2.3,51,Khumaltar,27.6468,85.3248
2024-09-03T20:00,20.7,98,20.4,870.2,2.1,211,Khumaltar,27.6468,85.3248
2024-09-03T21:00,20.2,99,20.1,870.2,3.0,194,Khumaltar,27.6468,85.3248
2024-09-03T22:00,20.4,99,20.2,870.0,2.6,196,Khumaltar,27.6468,85.3248
2024-09-03T23:00,20.3,99,20.1,869.6,2.7,203,Khumaltar,27.6468,85.3248
2024-09-04T00:00,20.1,99,19.9,869.0,2.1,211,Khumaltar,27.6468,85.3248
2024-09-04T01:00,20.0,99,19.9,868.3,1.8,217,Khumaltar,27.6468,85.3248
2024-09-04T02:00,19.6,98,19.4,867.7,2.3,231,Khumaltar,27.6468,85.3248
2024-09-04T03:00,19.3,98,19.1,866.8,1.6,207,Khumaltar,27.6468,85.3248
2024-09-04T04:00,19.3,99,19.1,866.8,3.0,194,Khumaltar,27.6468,85.3248
2024-09-04T05:00,19.0,99,18.9,867.2,2.9,187,Khumaltar,27.6468,85.3248
2024-09-04T06:00,20.6,99,20.4,868.2,2.5,135,Khumaltar,27.6468,85.3248
2024-09-04T07:00,22.1,93,20.8,869.1,2.4,27,Khumaltar,27.6468,85.3248
2024-09-04T08:00,23.3,85,20.6,869.2,2.3,342,Khumaltar,27.6468,85.3248
2024-09-04T09:00,25.0,74,20.1,869.4,3.1,291,Khumaltar,27.6468,85.3248
2024-09-04T10:00,25.5,71,20.0,868.7,3.6,270,Khumaltar,27.6468,85.3248
2024-09-04T11:00,24.6,77,20.3,868.3,6.8,245,Khumaltar,27.6468,85.3248
2024-09-04T12:00,24.9,79,21.1,867.3,4.8,257,Khumaltar,27.6468,85.3248
2024-09-04T13:00,24.1,82,20.7,866.4,7.6,278,Khumaltar,27.6468,85.3248
2024-09-04T14:00,22.2,88,20.2,864.8,3.5,246,Khumaltar,27.6468,85.3248
2024-09-04T15:00,23.6,83,20.6,864.4,3.0,166,Khumaltar,27.6468,85.3248
2024-09-04T16:00,23.5,84,20.6,864.3,2.4,153,Khumaltar,27.6468,85.3248
2024-09-04T17:00,23.0,85,20.3,864.7,1.8,191,Khumaltar,27.6468,85.3248
2024-09-04T18:00,21.6,95,20.8,865.7,1.8,270,Khumaltar,27.6468,85.3248
2024-09-04T19:00,21.0,97,20.5,866.1,2.3,288,Khumaltar,27.6468,85.3248
2024-09-04T20:00,21.0,97,20.5,866.8,3.2,333,Khumaltar,27.6468,85.3248
2024-09-04T21:00,20.7,99,20.5,866.7,1.9,68,Khumaltar,27.6468,85.3248
2024-09-04T22:00,20.2,100,20.1,866.4,2.7,113,Khumaltar,27.6468,85.3248
2024-09-04T23:00,20.2,100,20.2,865.7,1.1,180,Khumaltar,27.6468,85.3248
2024-09-05T00:00,19.7,100,19.6,864.8,2.6,196,Khumaltar,27.6468,85.3248
2024-09-05T01:00,19.4,100,19.3,864.6,5.1,176,Khumaltar,27.6468,85.3248
2024-09-05T02:00,19.5,99,19.4,864.6,4.0,170,Khumaltar,27.6468,85.3248
2024-09-05T03:00,19.3,100,19.2,864.2,3.2,180,Khumaltar,27.6468,85.3248
2024-09-05T04:00,19.3,100,19.2,864.4,1.1,180,Khumaltar,27.6468,85.3248
2024-09-05T05:00,18.8,100,18.7,864.6,2.6,146,Khumaltar,27.6468,85.3248
2024-09-05T06:00,20.2,99,20.0,866.0,4.0,90,Khumaltar,27.6468,85.3248
2024-09-05T07:00,21.5,91,20.0,866.8,3.9,68,Khumaltar,27.6468,85.3248
2024-09-05T08:00,23.5,81,20.1,867.6,4.4,171,Khumaltar,27.6468,85.3248
2024-09-05T09:00,24.4,77,20.0,868.5,2.9,173,Khumaltar,27.6468,85.3248
2024-09-05T10:00,25.4,73,20.3,868.6,0.4,90,Khumaltar,27.6468,85.3248
2024-09-05T11:00,26.1,69,20.1,868.0,1.3,326,Khumaltar,27.6468,85.3248
2024-09-05T12:00,25.0,73,19.9,866.9,1.5,135,Khumaltar,27.6468,85.3248
2024-09-05T13:00,24.8,78,20.7,866.0,3.4,212,Khumaltar,27.6468,85.3248
2024-09-05T14:00,24.2,81,20.7,865.1,1.8,169,Khumaltar,27.6468,85.3248
2024-09-05T15:00,24.1,82,20.7,864.3,2.0,45,Khumaltar,27.6468,85.3248
2024-09-05T16:00,24.1,80,20.4,864.3,0.7,360,Khumaltar,27.6468,85.3248
2024-09-05T17:00,23.3,83,20.3,864.8,1.0,315,Khumaltar,27.6468,85.3248
2024-09-05T18:00,21.5,95,20.7,865.7,3.9,214,Khumaltar,27.6468,85.3248
2024-09-05T19:00,21.3,96,20.6,866.4,4.2,200,Khumaltar,27.6468,85.3248
2024-09-05T20:00,21.4,95,20.7,867.1,3.3,186,Khumaltar,27.6468,85.3248
2024-09-05T21:00,21.2,96,20.6,867.6,2.1,149,Khumaltar,27.6468,85.3248
2024-09-05T22:00,21.2,95,20.3,867.8,3.6,174,Khumaltar,27.6468,85.3248
2024-09-05T23:00,21.0,97,20.5,867.6,2.4,153,Khumaltar,27.6468,85.3248
2024-09-06T00:00,21.0,96,20.4,867.3,3.6,174,Khumaltar,27.6468,85.3248
2024-09-06T01:00,20.9,95,20.2,867.0,4.0,190,Khumaltar,27.6468,85.3248
2024-09-06T02:00,20.9,95,20.1,866.8,1.8,180,Khumaltar,27.6468,85.3248
2024-09-06T03:00,20.9,93,19.7,866.9,2.2,180,Khumaltar,27.6468,85.3248
2024-09-06T04:00,20.6,95,19.8,867.0,2.6,124,Khumaltar,27.6468,85.3248
2024-09-06T05:00,20.4,96,19.7,867.6,3.1,126,Khumaltar,27.6468,85.3248
2024-09-06T06:00,20.4,97,20.0,868.6,3.4,108,Khumaltar,27.6468,85.3248
2024-09-06T07:00,20.9,96,20.2,869.4,3.9,112,Khumaltar,27.6468,85.3248
2024-09-06T08:00,21.8,93,20.5,869.8,4.0,117,Khumaltar,27.6468,85.3248
2024-09-06T09:00,23.6,84,20.7,870.4,4.0,90,Khumaltar,27.6468,85.3248
2024-09-06T10:00,25.6,78,21.4,870.7,3.0,104,Khumaltar,27.6468,85.3248
2024-09-06T11:00,26.7,73,21.4,870.0,3.8,107,Khumaltar,27.6468,85.3248
2024-09-06T12:00,26.5,73,21.2,869.1,3.9,158,Khumaltar,27.6468,85.3248
2024-09-06T13:00,24.5,77,20.3,868.0,5.9,223,Khumaltar,27.6468,85.3248
2024-09-06T14:00,25.3,76,20.8,867.0,5.0,240,Khumaltar,27.6468,85.3248
2024-09-06T15:00,24.2,79,20.4,866.3,4.2,250,Khumaltar,27.6468,85.3248
2024-09-06T16:00,23.4,83,20.3,866.0,4.2,301,Khumaltar,27.6468,85.3248
2024-09-06T17:00,22.6,89,20.6,866.1,3.8,319,Khumaltar,27.6468,85.3248
2024-09-06T18:00,21.6,94,20.7,867.4,1.1,360,Khumaltar,27.6468,85.3248
2024-09-06T19:00,21.2,97,20.7,868.4,3.2,360,Khumaltar,27.6468,85.3248
2024-09-06T20:00,20.9,98,20.6,869.0,4.3,42,Khumaltar,27.6468,85.3248
2024-09-06T21:00,20.8,98,20.5,869.7,3.9,34,Khumaltar,27.6468,85.3248
2024-09-06T22:00,20.7,98,20.3,870.0,2.3,72,Khumaltar,27.6468,85.3248
2024-09-06T23:00,20.4,98,20.1,869.4,2.4,27,Khumaltar,27.6468,85.3248
2024-09-07T00:00,20.6,97,20.1,868.6,1.8,143,Khumaltar,27.6468,85.3248
2024-09-07T01:00,19.8,98,19.6,867.1,2.6,164,Khumaltar,27.6468,85.3248
2024-09-07T02:00,19.7,99,19.5,866.6,3.3,186,Khumaltar,27.6468,85.3248
2024-09-07T03:00,19.7,98,19.3,866.4,3.7,191,Khumaltar,27.6468,85.3248
2024-09-07T04:00,19.8,97,19.3,866.4,4.1,195,Khumaltar,27.6468,85.3248
2024-09-07T05:00,19.5,97,19.1,867.0,3.2,180,Khumaltar,27.6468,85.3248
2024-09-07T06:00,20.3,98,19.9,867.2,4.0,185,Khumaltar,27.6468,85.3248
2024-09-07T07:00,23.1,87,20.9,868.8,2.6,164,Khumaltar,27.6468,85.3248
2024-09-07T08:00,24.9,78,20.8,869.9,2.0,135,Khumaltar,27.6468,85.3248
2024-09-07T09:00,26.3,72,20.9,870.3,2.3,51,Khumaltar,27.6468,85.3248
2024-09-07T10:00,27.3,67,20.8,870.4,2.5,352,Khumaltar,27.6468,85.3248
2024-09-07T11:00,27.8,64,20.3,870.0,0.4,270,Khumaltar,27.6468,85.3248
2024-09-07T12:00,27.6,67,20.8,869.4,1.8,233,Khumaltar,27.6468,85.3248
2024-09-07T13:00,25.8,74,20.8,868.8,6.5,276,Khumaltar,27.6468,85.3248
2024-09-07T14:00,26.5,73,21.3,867.7,4.0,297,Khumaltar,27.6468,85.3248
2024-09-07T15:00,25.8,74,20.8,866.9,3.9,304,Khumaltar,27.6468,85.3248
2024-09-07T16:00,24.9,78,20.7,866.4,1.9,292,Khumaltar,27.6468,85.3248
2024-09-07T17:00,23.6,83,20.6,866.5,2.8,230,Khumaltar,27.6468,85.3248
2024-09-07T18:00,22.3,92,21.0,867.4,3.3,186,Khumaltar,27.6468,85.3248
2024-09-07T19:00,21.7,95,20.9,868.5,1.4,90,Khumaltar,27.6468,85.3248
2024-09-07T20:00,21.2,97,20.8,869.5,3.2,90,Khumaltar,27.6468,85.3248
2024-09-07T21:00,21.6,94,20.5,870.3,2.5,172,Khumaltar,27.6468,85.3248
2024-09-07T22:00,20.7,96,20.0,870.0,3.9,68,Khumaltar,27.6468,85.3248
2024-09-07T23:00,20.5,96,19.9,869.4,2.9,120,Khumaltar,27.6468,85.3248
2024-09-08T00:00,19.8,97,19.4,868.0,3.8,163,Khumaltar,27.6468,85.3248
2024-09-08T01:00,19.1,98,18.8,866.6,2.9,180,Khumaltar,27.6468,85.3248
2024-09-08T02:00,19.1,98,18.8,865.9,2.9,180,Khumaltar,27.6468,85.3248
2024-09-08T03:00,19.6,95,18.7,866.6,5.1,188,Khumaltar,27.6468,85.3248
2024-09-08T04:00,19.8,93,18.5,867.6,6.7,196,Khumaltar,27.6468,85.3248
2024-09-08T05:00,20.2,91,18.7,868.5,3.3,186,Khumaltar,27.6468,85.3248
2024-09-08T06:00,20.5,93,19.4,867.5,4.7,212,Khumaltar,27.6468,85.3248
2024-09-08T07:00,24.0,81,20.5,869.6,3.7,241,Khumaltar,27.6468,85.3248
2024-09-08T08:00,25.7,66,18.9,870.3,3.3,6,Khumaltar,27.6468,85.3248
2024-09-08T09:00,26.9,63,19.2,870.5,2.1,329,Khumaltar,27.6468,85.3248
2024-09-08T10:00,28.0,59,19.1,870.3,3.8,287,Khumaltar,27.6468,85.3248
2024-09-08T11:00,28.6,58,19.6,869.8,4.8,297,Khumaltar,27.6468,85.3248
2024-09-08T12:00,29.0,59,20.1,869.3,6.1,273,Khumaltar,27.6468,85.3248
2024-09-08T13:00,27.6,63,20.0,868.0,8.0,252,Khumaltar,27.6468,85.3248
2024-09-08T14:00,26.8,67,20.2,866.9,6.6,261,Khumaltar,27.6468,85.3248
2024-09-08T15:00,26.1,70,20.3,866.5,4.6,288,Khumaltar,27.6468,85.3248
2024-09-08T16:00,25.7,73,20.4,866.2,5.4,312,Khumaltar,27.6468,85.3248
2024-09-08T17:00,24.8,81,21.2,866.6,2.7,293,Khumaltar,27.6468,85.3248
2024-09-08T18:00,23.3,86,20.8,867.4,4.1,315,Khumaltar,27.6468,85.3248
2024-09-08T19:00,22.7,88,20.7,868.0,4.8,312,Khumaltar,27.6468,85.3248
2024-09-08T20:00,21.7,93,20.6,868.2,5.0,300,Khumaltar,27.6468,85.3248
2024-09-08T21:00,22.5,88,20.4,868.9,3.4,252,Khumaltar,27.6468,85.3248
2024-09-08T22:00,21.1,94,20.1,868.0,2.3,198,Khumaltar,27.6468,85.3248
2024-09-08T23:00,20.6,95,19.8,866.9,2.2,180,Khumaltar,27.6468,85.3248
2024-09-09T00:00,20.5,95,19.8,866.4,2.5,180,Khumaltar,27.6468,85.3248
2024-09-09T01:00,20.5,95,19.7,866.1,4.7,184,Khumaltar,27.6468,85.3248
2024-09-09T02:00,20.2,96,19.6,866.3,5.2,192,Khumaltar,27.6468,85.3248
2024-09-09T03:00,20.0,98,19.6,866.3,2.7,203,Khumaltar,27.6468,85.3248
2024-09-09T04:00,19.5,98,19.1,865.9,1.5,194,Khumaltar,27.6468,85.3248
2024-09-09T05:00,19.7,98,19.3,865.8,0.7,180,Khumaltar,27.6468,85.3248
2024-09-09T06:00,20.8,96,20.2,866.2,3.7,169,Khumaltar,27.6468,85.3248
2024-09-09T07:00,23.7,85,21.1,868.1,0.8,207,Khumaltar,27.6468,85.3248
2024-09-09T08:00,25.3,77,21.1,868.3,0.8,243,Khumaltar,27.6468,85.3248
2024-09-09T09:00,26.6,72,21.1,868.9,3.6,217,Khumaltar,27.6468,85.3248
2024-09-09T10:00,26.5,73,21.2,869.0,6.0,205,Khumaltar,27.6468,85.3248
2024-09-09T11:00,25.3,77,20.9,868.2,3.7,241,Khumaltar,27.6468,85.3248
2024-09-09T12:00,25.9,76,21.3,867.5,4.0,207,Khumaltar,27.6468,85.3248
2024-09-09T13:00,25.0,81,21.6,866.6,2.3,288,Khumaltar,27.6468,85.3248
2024-09-09T14:00,25.5,80,21.9,865.7,2.9,353,Khumaltar,27.6468,85.3248
2024-09-09T15:00,24.1,81,20.6,864.9,4.3,360,Khumaltar,27.6468,85.3248
2024-09-09T16:00,23.7,86,21.3,864.6,4.8,347,Khumaltar,27.6468,85.3248
2024-09-09T17:00,23.1,91,21.5,864.8,2.3,321,Khumaltar,27.6468,85.3248
2024-09-09T18:00,22.0,94,20.9,865.7,4.6,321,Khumaltar,27.6468,85.3248
2024-09-09T19:00,21.5,95,20.7,866.2,1.1,198,Khumaltar,27.6468,85.3248
2024-09-09T20:00,20.7,98,20.4,866.2,1.5,194,Khumaltar,27.6468,85.3248
2024-09-09T21:00,21.0,97,20.6,866.6,4.7,189,Khumaltar,27.6468,85.3248
2024-09-09T22:00,20.7,97,20.2,866.7,5.4,188,Khumaltar,27.6468,85.3248
2024-09-09T23:00,20.3,96,19.7,866.6,3.6,174,Khumaltar,27.6468,85.3248
2024-09-10T00:00,20.2,97,19.7,866.4,2.9,187,Khumaltar,27.6468,85.3248
2024-09-10T01:00,20.0,98,19.8,865.3,3.1,201,Khumaltar,27.6468,85.3248
2024-09-10T02:00,19.6,99,19.5,864.5,2.9,187,Khumaltar,27.6468,85.3248
2024-09-10T03:00,19.1,100,19.1,864.1,1.4,180,Khumaltar,27.6468,85.3248
2024-09-10T04:00,19.3,99,19.2,864.8,1.5,194,Khumaltar,27.6468,85.3248
2024-09-10T05:00,19.1,100,19.0,865.3,1.1,198,Khumaltar,27.6468,85.3248
2024-09-10T06:00,20.0,99,19.8,865.8,3.4,162,Khumaltar,27.6468,85.3248
2024-09-10T07:00,21.7,92,20.4,868.0,1.5,135,Khumaltar,27.6468,85.3248
2024-09-10T08:00,23.8,82,20.6,868.8,4.5,61,Khumaltar,27.6468,85.3248
2024-09-10T09:00,25.0,76,20.5,869.1,5.8,60,Khumaltar,27.6468,85.3248
2024-09-10T10:00,26.4,69,20.2,868.8,3.9,68,Khumaltar,27.6468,85.3248
2024-09-10T11:00,27.5,64,20.2,868.2,3.2,117,Khumaltar,27.6468,85.3248
2024-09-10T12:00,27.9,63,20.1,867.6,3.1,159,Khumaltar,27.6468,85.3248
2024-09-10T13:00,27.4,64,20.0,866.2,2.6,214,Khumaltar,27.6468,85.3248
2024-09-10T14:00,27.7,62,19.6,865.3,1.0,225,Khumaltar,27.6468,85.3248
2024-09-10T15:00,26.4,67,19.9,864.6,3.3,229,Khumaltar,27.6468,85.3248
2024-09-10T16:00,25.8,72,20.3,864.9,4.9,324,Khumaltar,27.6468,85.3248
2024-09-10T17:00,24.6,82,21.4,865.1,3.0,14,Khumaltar,27.6468,85.3248
2024-09-10T18:00,22.3,92,20.9,865.3,2.6,196,Khumaltar,27.6468,85.3248
2024-09-10T19:00,21.8,95,20.9,865.6,4.1,195,Khumaltar,27.6468,85.3248
2024-09-10T20:00,21.3,96,20.7,866.5,4.5,194,Khumaltar,27.6468,85.3248
2024-09-10T21:00,20.5,99,20.3,867.0,5.2,168,Khumaltar,27.6468,85.3248
2024-09-10T22:00,20.5,97,20.0,867.3,7.6,161,Khumaltar,27.6468,85.3248
2024-09-10T23:00,20.5,96,19.9,867.3,1.8,169,Khumaltar,27.6468,85.3248
2024-09-11T00:00,20.0,99,19.8,866.3,2.6,164,Khumaltar,27.6468,85.3248
2024-09-11T01:00,19.9,99,19.8,865.7,3.3,193,Khumaltar,27.6468,85.3248
2024-09-11T02:00,19.4,100,19.4,865.1,3.0,194,Khumaltar,27.6468,85.3248
2024-09-11T03:00,19.4,100,19.3,865.5,2.4,153,Khumaltar,27.6468,85.3248
2024-09-11T04:00,19.3,100,19.3,865.5,3.0,166,Khumaltar,27.6468,85.3248
2024-09-11T05:00,19.6,99,19.5,866.1,4.3,185,Khumaltar,27.6468,85.3248
2024-09-11T06:00,20.2,99,20.0,866.1,2.5,188,Khumaltar,27.6468,85.3248
2024-09-11T07:00,22.9,91,21.4,867.6,4.4,125,Khumaltar,27.6468,85.3248
2024-09-11T08:00,24.8,83,21.8,868.2,4.9,126,Khumaltar,27.6468,85.3248
2024-09-11T09:00,26.6,74,21.7,869.1,5.9,137,Khumaltar,27.6468,85.3248
2024-09-11T10:00,27.5,72,21.9,869.1,7.4,137,Khumaltar,27.6468,85.3248
2024-09-11T11:00,27.7,72,22.2,868.7,9.0,119,Khumaltar,27.6468,85.3248
2024-09-11T12:00,28.0,70,22.1,867.8,6.9,141,Khumaltar,27.6468,85.3248
2024-09-11T13:00,26.5,76,22.0,866.7,1.1,90,Khumaltar,27.6468,85.3248
2024-09-11T14:00,26.9,73,21.6,865.9,1.6,207,Khumaltar,27.6468,85.3248
2024-09-11T15:00,25.0,80,21.4,865.9,4.0,265,Khumaltar,27.6468,85.3248
2024-09-11T16:00,24.8,82,21.5,866.5,1.5,225,Khumaltar,27.6468,85.3248
2024-09-11T17:00,23.0,88,21.0,867.2,0.8,243,Khumaltar,27.6468,85.3248
2024-09-11T18:00,21.6,93,20.5,867.4,1.9,202,Khumaltar,27.6468,85.3248
2024-09-11T19:00,21.1,96,20.5,867.9,2.5,98,Khumaltar,27.6468,85.3248
2024-09-11T20:00,21.1,99,20.9,868.3,4.3,114,Khumaltar,27.6468,85.3248
2024-09-11T21:00,21.0,98,20.6,868.8,3.4,212,Khumaltar,27.6468,85.3248
2024-09-11T22:00,20.6,98,20.4,868.7,4.4,125,Khumaltar,27.6468,85.3248
2024-09-11T23:00,20.7,98,20.4,868.1,4.7,148,Khumaltar,27.6468,85.3248
2024-09-12T00:00,20.4,98,20.1,867.1,2.9,120,Khumaltar,27.6468,85.3248
2024-09-12T01:00,20.0,99,19.8,866.8,2.1,149,Khumaltar,27.6468,85.3248
2024-09-12T02:00,19.8,99,19.6,866.1,2.2,189,Khumaltar,27.6468,85.3248
2024-09-12T03:00,19.7,99,19.5,865.9,6.0,205,Khumaltar,27.6468,85.3248
2024-09-12T04:00,19.6,99,19.4,866.1,3.6,174,Khumaltar,27.6468,85.3248
2024-09-12T05:00,19.6,99,19.4,866.9,6.3,167,Khumaltar,27.6468,85.3248
2024-09-12T06:00,20.4,98,20.1,866.5,4.7,189,Khumaltar,27.6468,85.3248
2024-09-12T07:00,22.6,92,21.3,868.2,2.9,187,Khumaltar,27.6468,85.3248
2024-09-12T08:00,24.2,83,21.1,869.5,1.6,63,Khumaltar,27.6468,85.3248
2024-09-12T09:00,24.8,78,20.8,869.8,4.3,95,Khumaltar,27.6468,85.3248
2024-09-12T10:00,26.1,77,21.7,869.8,2.9,83,Khumaltar,27.6468,85.3248
2024-09-12T11:00,27.4,72,22.0,869.5,3.1,126,Khumaltar,27.6468,85.3248
2024-09-12T12:00,27.0,71,21.3,868.3,8.9,137,Khumaltar,27.6468,85.3248
2024-09-12T13:00,23.8,84,20.9,867.7,4.0,260,Khumaltar,27.6468,85.3248
2024-09-12T14:00,25.1,81,21.6,867.0,3.2,360,Khumaltar,27.6468,85.3248
2024-09-12T15:00,25.2,80,21.6,865.9,7.2,72,Khumaltar,27.6468,85.3248
2024-09-12T16:00,25.2,81,21.7,865.9,0.8,117,Khumaltar,27.6468,85.3248
2024-09-12T17:00,22.8,89,21.0,866.9,5.1,225,Khumaltar,27.6468,85.3248
2024-09-12T18:00,21.0,98,20.7,867.6,2.6,74,Khumaltar,27.6468,85.3248
2024-09-12T19:00,20.7,100,20.7,867.5,2.3,162,Khumaltar,27.6468,85.3248
2024-09-12T20:00,20.3,99,20.2,867.7,3.3,193,Khumaltar,27.6468,85.3248
2024-09-12T21:00,20.0,98,19.7,867.4,3.5,204,Khumaltar,27.6468,85.3248
2024-09-12T22:00,19.5,99,19.3,867.0,1.8,169,Khumaltar,27.6468,85.3248
2024-09-12T23:00,19.3,99,19.2,866.5,1.1,180,Khumaltar,27.6468,85.3248
2024-09-13T00:00,19.2,99,19.1,865.7,1.8,191,Khumaltar,27.6468,85.3248
2024-09-13T01:00,19.0,100,19.0,865.1,1.9,202,Khumaltar,27.6468,85.3248
2024-09-13T02:00,19.5,98,19.2,865.0,2.9,210,Khumaltar,27.6468,85.3248
2024-09-13T03:00,19.7,95,19.0,865.1,4.1,232,Khumaltar,27.6468,85.3248
2024-09-13T04:00,19.5,96,18.8,865.0,1.6,207,Khumaltar,27.6468,85.3248
2024-09-13T05:00,19.3,97,18.8,865.0,1.5,194,Khumaltar,27.6468,85.3248
2024-09-13T06:00,20.4,98,20.0,866.0,0.4,180,Khumaltar,27.6468,85.3248
2024-09-13T07:00,22.9,90,21.1,867.5,3.1,126,Khumaltar,27.6468,85.3248
2024-09-13T08:00,24.8,80,21.2,868.8,2.7,113,Khumaltar,27.6468,85.3248
2024-09-13T09:00,26.3,71,20.7,869.3,3.6,84,Khumaltar,27.6468,85.3248
2024-09-13T10:00,27.6,67,20.9,869.0,2.9,97,Khumaltar,27.6468,85.3248
2024-09-13T11:00,27.8,64,20.3,868.1,2.4,243,Khumaltar,27.6468,85.3248
2024-09-13T12:00,25.6,73,20.4,866.9,5.1,274,Khumaltar,27.6468,85.3248
2024-09-13T13:00,26.3,69,20.1,865.7,7.2,252,Khumaltar,27.6468,85.3248
2024-09-13T14:00,25.9,70,20.0,864.8,8.2,299,Khumaltar,27.6468,85.3248
2024-09-13T15:00,24.7,77,20.3,864.3,5.9,281,Khumaltar,27.6468,85.3248
2024-09-13T16:00,24.4,79,20.5,864.7,3.6,217,Khumaltar,27.6468,85.3248
2024-09-13T17:00,23.2,86,20.7,865.3,2.4,243,Khumaltar,27.6468,85.3248
2024-09-13T18:00,22.2,97,21.7,865.3,5.2,348,Khumaltar,27.6468,85.3248
2024-09-13T19:00,21.8,99,21.7,865.4,3.2,270,Khumaltar,27.6468,85.3248
2024-09-13T20:00,20.5,100,20.5,865.3,1.8,217,Khumaltar,27.6468,85.3248
2024-09-13T21:00,20.2,100,20.2,864.9,2.6,214,Khumaltar,27.6468,85.3248
2024-09-13T22:00,19.9,98,19.7,864.2,1.9,202,Khumaltar,27.6468,85.3248
2024-09-13T23:00,19.6,97,19.1,863.7,2.1,211,Khumaltar,27.6468,85.3248
2024-09-14T00:00,19.3,95,18.6,863.0,2.4,207,Khumaltar,27.6468,85.3248
2024-09-14T01:00,19.5,94,18.5,862.8,1.5,194,Khumaltar,27.6468,85.3248
2024-09-14T02:00,18.9,95,18.2,862.7,0.0,270,Khumaltar,27.6468,85.3248
2024-09-14T03:00,19.0,95,18.2,862.7,0.7,180,Khumaltar,27.6468,85.3248
2024-09-14T04:00,18.9,96,18.2,862.7,2.2,171,Khumaltar,27.6468,85.3248
2024-09-14T05:00,18.9,95,18.1,863.2,4.0,153,Khumaltar,27.6468,85.3248
2024-09-14T06:00,20.7,92,19.4,864.9,6.5,177,Khumaltar,27.6468,85.3248
2024-09-14T07:00,22.8,85,20.1,867.0,4.4,145,Khumaltar,27.6468,85.3248
2024-09-14T08:00,23.8,83,20.7,867.6,5.2,115,Khumaltar,27.6468,85.3248
2024-09-14T09:00,24.8,79,20.9,867.9,5.0,159,Khumaltar,27.6468,85.3248
2024-09-14T10:00,26.0,69,19.9,867.6,8.0,188,Khumaltar,27.6468,85.3248
2024-09-14T11:00,25.0,73,19.7,867.0,10.6,198,Khumaltar,27.6468,85.3248
2024-09-14T12:00,23.9,79,20.0,866.5,7.4,219,Khumaltar,27.6468,85.3248
2024-09-14T13:00,23.8,80,20.2,866.0,6.0,205,Khumaltar,27.6468,85.3248
2024-09-14T14:00,22.7,84,19.9,865.4,6.3,246,Khumaltar,27.6468,85.3248
2024-09-14T15:00,22.4,87,20.1,864.9,1.8,37,Khumaltar,27.6468,85.3248
2024-09-14T16:00,21.8,89,19.9,865.1,1.3,34,Khumaltar,27.6468,85.3248
2024-09-14T17:00,21.4,93,20.2,865.0,3.3,49,Khumaltar,27.6468,85.3248
2024-09-14T18:00,21.0,94,20.1,866.0,2.3,288,Khumaltar,27.6468,85.3248
2024-09-14T19:00,20.8,96,20.2,866.3,2.6,254,Khumaltar,27.6468,85.3248
2024-09-14T20:00,20.5,98,20.2,866.5,3.1,249,Khumaltar,27.6468,85.3248
2024-09-14T21:00,20.3,99,20.1,866.0,3.6,264,Khumaltar,27.6468,85.3248
2024-09-14T22:00,19.8,98,19.5,865.7,3.4,252,Khumaltar,27.6468,85.3248
2024-09-14T23:00,19.0,98,18.7,865.4,2.8,230,Khumaltar,27.6468,85.3248
2024-09-15T00:00,18.6,98,18.2,864.8,2.8,230,Khumaltar,27.6468,85.3248
2024-09-15T01:00,18.1,98,17.8,863.8,2.8,230,Khumaltar,27.6468,85.3248
2024-09-15T02:00,17.9,98,17.6,863.4,3.3,229,Khumaltar,27.6468,85.3248
2024-09-15T03:00,18.1,98,17.8,863.3,2.4,207,Khumaltar,27.6468,85.3248
2024-09-15T04:00,18.3,98,18.1,863.6,2.6,214,Khumaltar,27.6468,85.3248
2024-09-15T05:00,19.1,98,18.8,864.3,2.8,220,Khumaltar,27.6468,85.3248
2024-09-15T06:00,20.0,97,19.6,865.3,2.6,254,Khumaltar,27.6468,85.3248
2024-09-15T07:00,21.8,87,19.6,866.6,4.6,342,Khumaltar,27.6468,85.3248
2024-09-15T08:00,22.7,84,19.8,867.0,8.6,327,Khumaltar,27.6468,85.3248
2024-09-15T09:00,23.8,78,19.8,867.4,10.5,322,Khumaltar,27.6468,85.3248
2024-09-15T10:00,24.7,75,19.9,867.3,12.3,322,Khumaltar,27.6468,85.3248
2024-09-15T11:00,24.8,75,20.1,867.0,10.5,308,Khumaltar,27.6468,85.3248
2024-09-15T12:00,23.6,82,20.3,866.1,9.4,302,Khumaltar,27.6468,85.3248
2024-09-15T13:00,24.2,79,20.3,865.3,5.9,317,Khumaltar,27.6468,85.3248
2024-09-15T14:00,23.9,79,20.0,864.4,5.4,290,Khumaltar,27.6468,85.3248
2024-09-15T15:00,23.9,77,19.6,864.3,5.9,313,Khumaltar,27.6468,85.3248
2024-09-15T16:00,22.8,81,19.4,864.9,2.5,270,Khumaltar,27.6468,85.3248
2024-09-15T17:00,22.1,85,19.4,865.2,2.5,278,Khumaltar,27.6468,85.3248
2024-09-15T18:00,21.0,93,19.9,866.2,1.5,346,Khumaltar,27.6468,85.3248
2024-09-15T19:00,20.7,94,19.7,867.1,2.6,236,Khumaltar,27.6468,85.3248
2024-09-15T20:00,20.3,97,19.8,867.4,5.4,318,Khumaltar,27.6468,85.3248
2024-09-15T21:00,20.1,98,19.7,867.5,5.0,339,Khumaltar,27.6468,85.3248
2024-09-15T22:00,19.9,97,19.4,867.1,2.9,300,Khumaltar,27.6468,85.3248
2024-09-15T23:00,19.7,96,19.1,866.4,3.1,234,Khumaltar,27.6468,85.3248
2024-09-16T00:00,19.7,97,19.1,865.5,4.5,241,Khumaltar,27.6468,85.3248
2024-09-16T01:00,19.5,97,19.1,864.8,2.4,243,Khumaltar,27.6468,85.3248
2024-09-16T02:00,19.2,97,18.7,864.3,3.0,256,Khumaltar,27.6468,85.3248
2024-09-16T03:00,19.3,95,18.5,863.9,2.5,270,Khumaltar,27.6468,85.3248
2024-09-16T04:00,18.7,95,17.9,864.0,2.6,236,Khumaltar,27.6468,85.3248
2024-09-16T05:00,18.0,96,17.4,864.3,2.2,189,Khumaltar,27.6468,85.3248
2024-09-16T06:00,19.4,97,18.9,865.9,4.3,175,Khumaltar,27.6468,85.3248
2024-09-16T07:00,21.6,88,19.4,868.0,5.0,180,Khumaltar,27.6468,85.3248
2024-09-16T08:00,22.4,82,19.2,868.9,2.5,172,Khumaltar,27.6468,85.3248
2024-09-16T09:00,23.7,75,19.0,869.6,3.0,284,Khumaltar,27.6468,85.3248
2024-09-16T10:00,24.3,73,19.1,869.7,4.3,294,Khumaltar,27.6468,85.3248
2024-09-16T11:00,25.2,70,19.3,869.6,6.0,303,Khumaltar,27.6468,85.3248
2024-09-16T12:00,26.1,67,19.6,869.1,4.8,297,Khumaltar,27.6468,85.3248
2024-09-16T13:00,25.3,68,19.1,868.3,1.5,284,Khumaltar,27.6468,85.3248
2024-09-16T14:00,24.5,71,19.0,867.5,5.5,349,Khumaltar,27.6468,85.3248
2024-09-16T15:00,24.6,74,19.7,867.3,5.2,344,Khumaltar,27.6468,85.3248
2024-09-16T16:00,24.2,76,19.7,867.5,5.4,312,Khumaltar,27.6468,85.3248
2024-09-16T17:00,23.0,86,20.5,867.6,3.9,326,Khumaltar,27.6468,85.3248
2024-09-16T18:00,21.8,89,19.9,868.3,2.5,8,Khumaltar,27.6468,85.3248
2024-09-16T19:00,20.8,95,19.9,868.7,4.3,175,Khumaltar,27.6468,85.3248
2024-09-16T20:00,20.4,97,19.8,868.6,3.6,180,Khumaltar,27.6468,85.3248
2024-09-16T21:00,19.6,98,19.3,868.5,2.2,171,Khumaltar,27.6468,85.3248
2024-09-16T22:00,18.9,98,18.7,868.1,1.8,180,Khumaltar,27.6468,85.3248
2024-09-16T23:00,19.1,98,18.8,867.9,1.1,162,Khumaltar,27.6468,85.3248
2024-09-17T00:00,19.1,98,18.8,867.6,1.1,180,Khumaltar,27.6468,85.3248
2024-09-17T01:00,19.2,98,18.9,867.4,1.4,180,Khumaltar,27.6468,85.3248
2024-09-17T02:00,19.3,99,19.1,867.0,3.3,186,Khumaltar,27.6468,85.3248
2024-09-17T03:00,19.5,98,19.2,867.2,4.0,185,Khumaltar,27.6468,85.3248
2024-09-17T04:00,19.4,98,19.0,867.8,4.0,180,Khumaltar,27.6468,85.3248
2024-09-17T05:00,19.2,98,18.9,868.3,2.5,172,Khumaltar,27.6468,85.3248
2024-09-17T06:00,20.2,98,19.9,869.2,3.5,156,Khumaltar,27.6468,85.3248
2024-09-17T07:00,21.7,91,20.2,870.9,2.5,82,Khumaltar,27.6468,85.3248
2024-09-17T08:00,23.1,83,20.0,871.6,3.4,32,Khumaltar,27.6468,85.3248
2024-09-17T09:00,24.4,78,20.2,872.3,4.1,15,Khumaltar,27.6468,85.3248
2024-09-17T10:00,25.7,73,20.5,872.1,3.5,24,Khumaltar,27.6468,85.3248
2024-09-17T11:00,25.7,71,20.1,871.8,2.4,117,Khumaltar,27.6468,85.3248
2024-09-17T12:00,26.0,69,19.8,871.1,1.8,127,Khumaltar,27.6468,85.3248
2024-09-17T13:00,23.9,78,19.8,870.2,1.9,22,Khumaltar,27.6468,85.3248
2024-09-17T14:00,25.0,76,20.4,869.5,3.9,22,Khumaltar,27.6468,85.3248
2024-09-17T15:00,22.8,83,19.7,868.8,3.6,135,Khumaltar,27.6468,85.3248
2024-09-17T16:00,22.5,84,19.6,868.3,3.2,243,Khumaltar,27.6468,85.3248
2024-09-17T17:00,21.8,90,20.0,867.5,1.8,259,Khumaltar,27.6468,85.3248
2024-09-17T18:00,20.5,98,20.2,867.8,2.4,243,Khumaltar,27.6468,85.3248
2024-09-17T19:00,19.7,99,19.6,868.0,1.8,217,Khumaltar,27.6468,85.3248
2024-09-17T20:00,19.5,98,19.1,868.3,2.2,171,Khumaltar,27.6468,85.3248
2024-09-17T21:00,19.6,96,19.0,868.7,2.6,164,Khumaltar,27.6468,85.3248
2024-09-17T22:00,19.1,97,18.7,868.4,2.2,171,Khumaltar,27.6468,85.3248
2024-09-17T23:00,19.0,98,18.6,868.4,2.2,180,Khumaltar,27.6468,85.3248
2024-09-18T00:00,18.8,98,18.5,868.0,2.2,189,Khumaltar,27.6468,85.3248
2024-09-18T01:00,18.5,99,18.3,867.7,1.8,191,Khumaltar,27.6468,85.3248
2024-09-18T02:00,18.5,99,18.3,867.4,1.8,191,Khumaltar,27.6468,85.3248
2024-09-18T03:00,18.5,98,18.3,867.4,2.2,189,Khumaltar,27.6468,85.3248
2024-09-18T04:00,18.4,98,18.1,867.6,1.4,180,Khumaltar,27.6468,85.3248
2024-09-18T05:00,18.2,98,17.9,868.0,1.1,180,Khumaltar,27.6468,85.3248
2024-09-18T06:00,19.7,96,19.0,869.0,3.1,159,Khumaltar,27.6468,85.3248
2024-09-18T07:00,22.5,89,20.7,870.9,1.8,53,Khumaltar,27.6468,85.3248
2024-09-18T08:00,24.3,82,21.0,871.6,3.1,54,Khumaltar,27.6468,85.3248
2024-09-18T09:00,25.8,74,20.9,871.9,3.3,84,Khumaltar,27.6468,85.3248
2024-09-18T10:00,27.3,70,21.3,871.8,2.3,108,Khumaltar,27.6468,85.3248
2024-09-18T11:00,28.1,68,21.7,871.6,2.6,124,Khumaltar,27.6468,85.3248
2024-09-18T12:00,28.2,67,21.5,870.8,3.2,180,Khumaltar,27.6468,85.3248
2024-09-18T13:00,26.5,73,21.2,869.6,3.1,249,Khumaltar,27.6468,85.3248
2024-09-18T14:00,26.8,73,21.6,868.9,4.7,337,Khumaltar,27.6468,85.3248
2024-09-18T15:00,25.7,77,21.4,868.3,5.2,335,Khumaltar,27.6468,85.3248
2024-09-18T16:00,25.0,79,21.0,868.1,2.6,236,Khumaltar,27.6468,85.3248
2024-09-18T17:00,23.8,90,22.2,867.8,2.3,288,Khumaltar,27.6468,85.3248
2024-09-18T18:00,22.1,96,21.4,868.0,4.4,279,Khumaltar,27.6468,85.3248
2024-09-18T19:00,20.9,99,20.7,868.2,4.0,243,Khumaltar,27.6468,85.3248
2024-09-18T20:00,20.4,100,20.4,868.5,3.3,221,Khumaltar,27.6468,85.3248
2024-09-18T21:00,20.1,100,20.1,868.5,1.9,202,Khumaltar,27.6468,85.3248
2024-09-18T22:00,20.1,100,20.0,868.5,1.8,191,Khumaltar,27.6468,85.3248
2024-09-18T23:00,19.9,100,19.9,868.4,1.8,191,Khumaltar,27.6468,85.3248
2024-09-19T00:00,19.5,100,19.5,867.9,1.8,180,Khumaltar,27.6468,85.3248
2024-09-19T01:00,19.5,99,19.4,867.8,0.4,180,Khumaltar,27.6468,85.3248
2024-09-19T02:00,19.4,99,19.3,867.5,0.7,180,Khumaltar,27.6468,85.3248
2024-09-19T03:00,19.1,100,19.0,867.1,1.5,194,Khumaltar,27.6468,85.3248
2024-09-19T04:00,18.5,100,18.5,867.1,0.7,180,Khumaltar,27.6468,85.3248
2024-09-19T05:00,18.3,100,18.3,867.6,0.4,180,Khumaltar,27.6468,85.3248
2024-09-19T06:00,19.4,99,19.2,868.4,3.2,180,Khumaltar,27.6468,85.3248
2024-09-19T07:00,22.6,94,21.6,870.7,2.1,149,Khumaltar,27.6468,85.3248
2024-09-19T08:00,25.1,80,21.5,871.9,1.4,90,Khumaltar,27.6468,85.3248
2024-09-19T09:00,26.9,71,21.2,872.4,1.8,11,Khumaltar,27.6468,85.3248
2024-09-19T10:00,28.1,64,20.6,872.1,4.1,345,Khumaltar,27.6468,85.3248
2024-09-19T11:00,28.7,60,20.1,871.4,4.6,321,Khumaltar,27.6468,85.3248
2024-09-19T12:00,28.9,59,20.0,870.6,4.9,287,Khumaltar,27.6468,85.3248
2024-09-19T13:00,28.3,61,20.0,869.7,6.2,249,Khumaltar,27.6468,85.3248
2024-09-19T14:00,27.3,65,20.2,869.0,7.6,273,Khumaltar,27.6468,85.3248
2024-09-19T15:00,26.5,71,20.7,868.2,6.3,283,Khumaltar,27.6468,85.3248
2024-09-19T16:00,26.1,74,21.0,868.0,7.1,294,Khumaltar,27.6468,85.3248
2024-09-19T17:00,24.7,83,21.5,867.6,4.1,315,Khumaltar,27.6468,85.3248
2024-09-19T18:00,22.8,94,21.8,867.6,4.4,325,Khumaltar,27.6468,85.3248
2024-09-19T19:00,22.8,92,21.5,868.3,4.8,283,Khumaltar,27.6468,85.3248
2024-09-19T20:00,22.3,94,21.3,868.6,2.5,225,Khumaltar,27.6468,85.3248
2024-09-19T21:00,21.6,98,21.2,868.5,2.5,225,Khumaltar,27.6468,85.3248
2024-09-19T22:00,20.2,100,20.2,867.9,3.1,216,Khumaltar,27.6468,85.3248
2024-09-19T23:00,20.1,100,20.1,867.5,2.2,189,Khumaltar,27.6468,85.3248
2024-09-20T00:00,19.5,100,19.5,867.2,2.2,180,Khumaltar,27.6468,85.3248
2024-09-20T01:00,18.7,100,18.7,866.5,2.2,180,Khumaltar,27.6468,85.3248
2024-09-20T02:00,18.2,100,18.2,866.2,2.2,171,Khumaltar,27.6468,85.3248
2024-09-20T03:00,18.3,98,18.1,866.2,2.5,172,Khumaltar,27.6468,85.3248
2024-09-20T04:00,18.3,98,18.0,866.4,4.0,180,Khumaltar,27.6468,85.3248
2024-09-20T05:00,18.8,96,18.1,866.8,3.6,174,Khumaltar,27.6468,85.3248
2024-09-20T06:00,20.7,95,20.0,868.2,4.5,151,Khumaltar,27.6468,85.3248
2024-09-20T07:00,23.4,88,21.3,869.9,3.8,131,Khumaltar,27.6468,85.3248
2024-09-20T08:00,24.9,81,21.4,870.8,3.9,124,Khumaltar,27.6468,85.3248
2024-09-20T09:00,25.7,79,21.9,871.4,2.5,98,Khumaltar,27.6468,85.3248
2024-09-20T10:00,26.4,76,21.7,871.5,3.1,36,Khumaltar,27.6468,85.3248
2024-09-20T11:00,27.0,72,21.6,871.3,3.3,41,Khumaltar,27.6468,85.3248
2024-09-20T12:00,27.8,71,22.0,870.6,2.8,40,Khumaltar,27.6468,85.3248
2024-09-20T13:00,27.8,70,21.9,869.8,3.3,311,Khumaltar,27.6468,85.3248
2024-09-20T14:00,27.6,66,20.7,868.9,4.9,306,Khumaltar,27.6468,85.3248
2024-09-20T15:00,26.1,73,20.8,868.3,5.8,266,Khumaltar,27.6468,85.3248
2024-09-20T16:00,25.5,76,21.0,868.2,4.2,290,Khumaltar,27.6468,85.3248
2024-09-20T17:00,24.3,85,21.6,867.9,2.5,262,Khumaltar,27.6468,85.3248
2024-09-20T18:00,22.4,94,21.3,868.8,3.0,284,Khumaltar,27.6468,85.3248
2024-09-20T19:00,21.4,98,21.1,868.4,1.8,169,Khumaltar,27.6468,85.3248
2024-09-20T20:00,20.9,99,20.8,868.5,2.5,188,Khumaltar,27.6468,85.3248
2024-09-20T21:00,20.5,100,20.5,868.3,3.0,194,Khumaltar,27.6468,85.3248
2024-09-20T22:00,20.0,100,20.0,868.6,1.8,191,Khumaltar,27.6468,85.3248
2024-09-20T23:00,20.0,100,20.0,868.9,1.8,191,Khumaltar,27.6468,85.3248
2024-09-21T00:00,19.8,100,19.8,868.7,2.2,180,Khumaltar,27.6468,85.3248
2024-09-21T01:00,19.7,100,19.7,868.5,3.4,162,Khumaltar,27.6468,85.3248
2024-09-21T02:00,20.2,99,20.1,868.9,3.7,101,Khumaltar,27.6468,85.3248
2024-09-21T03:00,20.4,99,20.3,868.8,4.3,138,Khumaltar,27.6468,85.3248
2024-09-21T04:00,20.5,100,20.5,869.1,4.3,90,Khumaltar,27.6468,85.3248
2024-09-21T05:00,20.3,100,20.3,869.5,2.9,120,Khumaltar,27.6468,85.3248
2024-09-21T06:00,20.9,98,20.5,869.8,3.9,146,Khumaltar,27.6468,85.3248
2024-09-21T07:00,22.0,96,21.2,871.4,3.6,84,Khumaltar,27.6468,85.3248
2024-09-21T08:00,21.9,94,20.9,871.8,2.9,97,Khumaltar,27.6468,85.3248
2024-09-21T09:00,23.0,85,20.3,872.8,2.7,67,Khumaltar,27.6468,85.3248
2024-09-21T10:00,23.2,83,20.1,872.9,3.1,69,Khumaltar,27.6468,85.3248
2024-09-21T11:00,23.9,78,19.9,872.5,3.3,49,Khumaltar,27.6468,85.3248
2024-09-21T12:00,25.4,68,19.1,871.9,3.3,41,Khumaltar,27.6468,85.3248
2024-09-21T13:00,25.7,63,18.3,870.5,2.8,50,Khumaltar,27.6468,85.3248
2024-09-21T14:00,26.1,61,18.1,869.6,1.5,346,Khumaltar,27.6468,85.3248
2024-09-21T15:00,26.8,59,18.1,868.9,1.9,338,Khumaltar,27.6468,85.3248
2024-09-21T16:00,26.6,63,19.0,868.7,1.8,323,Khumaltar,27.6468,85.3248
2024-09-21T17:00,24.2,80,20.6,867.6,4.7,274,Khumaltar,27.6468,85.3248
2024-09-21T18:00,23.0,91,21.5,868.3,3.6,225,Khumaltar,27.6468,85.3248
2024-09-21T19:00,22.2,93,21.0,869.1,3.2,207,Khumaltar,27.6468,85.3248
2024-09-21T20:00,21.5,95,20.7,869.5,3.6,217,Khumaltar,27.6468,85.3248
2024-09-21T21:00,21.2,96,20.6,869.6,2.3,198,Khumaltar,27.6468,85.3248
2024-09-21T22:00,20.7,98,20.3,869.6,2.4,207,Khumaltar,27.6468,85.3248
2024-09-21T23:00,20.2,99,20.0,869.1,3.1,201,Khumaltar,27.6468,85.3248
2024-09-22T00:00,21.6,97,21.1,869.4,1.9,202,Khumaltar,27.6468,85.3248
2024-09-22T01:00,21.0,97,20.5,868.4,2.1,211,Khumaltar,27.6468,85.3248
2024-09-22T02:00,20.3,98,20.0,867.7,1.9,202,Khumaltar,27.6468,85.3248
2024-09-22T03:00,21.3,95,20.5,868.0,4.5,194,Khumaltar,27.6468,85.3248
2024-09-22T04:00,20.7,96,20.0,867.9,2.2,189,Khumaltar,27.6468,85.3248
2024-09-22T05:00,19.9,95,19.1,868.0,2.3,198,Khumaltar,27.6468,85.3248
2024-09-22T06:00,21.0,91,19.4,869.0,4.7,184,Khumaltar,27.6468,85.3248
2024-09-22T07:00,24.5,83,21.4,871.1,1.6,153,Khumaltar,27.6468,85.3248
2024-09-22T08:00,26.4,69,20.3,871.9,1.8,360,Khumaltar,27.6468,85.3248
2024-09-22T09:00,28.1,61,19.8,872.5,2.2,360,Khumaltar,27.6468,85.3248
2024-09-22T10:00,29.4,55,19.4,872.5,1.9,338,Khumaltar,27.6468,85.3248
2024-09-22T11:00,30.1,53,19.5,872.4,0.4,180,Khumaltar,27.6468,85.3248
2024-09-22T12:00,30.4,53,19.7,871.6,1.1,360,Khumaltar,27.6468,85.3248
2024-09-22T13:00,30.3,51,19.2,870.5,1.4,270,Khumaltar,27.6468,85.3248
2024-09-22T14:00,29.5,53,18.9,869.2,1.0,315,Khumaltar,27.6468,85.3248
2024-09-22T15:00,29.1,56,19.4,868.4,2.5,315,Khumaltar,27.6468,85.3248
2024-09-22T16:00,27.8,65,20.6,867.9,4.7,328,Khumaltar,27.6468,85.3248
2024-09-22T17:00,25.6,84,22.6,867.6,3.4,288,Khumaltar,27.6468,85.3248
2024-09-22T18:00,23.2,89,21.2,868.2,4.8,257,Khumaltar,27.6468,85.3248
2024-09-22T19:00,23.5,84,20.7,868.8,2.6,214,Khumaltar,27.6468,85.3248
2024-09-22T20:00,21.8,91,20.3,868.6,2.2,189,Khumaltar,27.6468,85.3248
2024-09-22T21:00,21.3,92,20.0,868.5,2.5,188,Khumaltar,27.6468,85.3248
2024-09-22T22:00,20.9,93,19.7,868.4,1.8,180,Khumaltar,27.6468,85.3248
2024-09-22T23:00,20.6,93,19.4,868.4,1.1,180,Khumaltar,27.6468,85.3248
2024-09-23T00:00,20.5,92,19.2,868.3,1.8,180,Khumaltar,27.6468,85.3248
2024-09-23T01:00,20.3,92,19.0,867.8,1.8,169,Khumaltar,27.6468,85.3248
2024-09-23T02:00,19.8,93,18.7,867.5,1.9,158,Khumaltar,27.6468,85.3248
2024-09-23T03:00,19.8,93,18.6,867.4,2.3,162,Khumaltar,27.6468,85.3248
2024-09-23T04:00,19.8,93,18.6,867.4,1.4,180,Khumaltar,27.6468,85.3248
2024-09-23T05:00,19.7,93,18.6,867.5,1.8,191,Khumaltar,27.6468,85.3248
2024-09-23T06:00,21.5,91,20.1,869.7,3.1,201,Khumaltar,27.6468,85.3248
2024-09-23T07:00,25.2,79,21.4,872.0,0.7,270,Khumaltar,27.6468,85.3248
2024-09-23T08:00,26.9,74,21.9,872.7,3.0,14,Khumaltar,27.6468,85.3248
2024-09-23T09:00,28.4,65,21.3,872.9,1.1,270,Khumaltar,27.6468,85.3248
2024-09-23T10:00,29.3,60,20.7,872.7,3.5,246,Khumaltar,27.6468,85.3248
2024-09-23T11:00,29.4,60,21.0,872.4,5.4,274,Khumaltar,27.6468,85.3248
2024-09-23T12:00,28.7,65,21.4,871.8,4.7,293,Khumaltar,27.6468,85.3248
2024-09-23T13:00,28.1,69,21.9,870.7,6.6,315,Khumaltar,27.6468,85.3248
2024-09-23T14:00,27.1,73,21.9,869.5,4.8,333,Khumaltar,27.6468,85.3248
2024-09-23T15:00,26.2,75,21.4,868.4,2.9,300,Khumaltar,27.6468,85.3248
2024-09-23T16:00,26.3,74,21.3,868.3,2.9,270,Khumaltar,27.6468,85.3248
2024-09-23T17:00,24.6,88,22.5,867.8,3.4,252,Khumaltar,27.6468,85.3248
2024-09-23T18:00,22.1,95,21.2,867.3,1.5,194,Khumaltar,27.6468,85.3248
2024-09-23T19:00,21.5,95,20.6,867.8,1.8,169,Khumaltar,27.6468,85.3248
2024-09-23T20:00,21.4,92,20.1,868.6,2.2,171,Khumaltar,27.6468,85.3248
2024-09-23T21:00,21.3,90,19.6,869.0,2.9,180,Khumaltar,27.6468,85.3248
2024-09-23T22:00,20.8,91,19.3,869.0,2.2,180,Khumaltar,27.6468,85.3248
2024-09-23T23:00,20.3,91,18.8,868.6,2.3,162,Khumaltar,27.6468,85.3248
2024-09-24T00:00,20.5,90,18.8,868.5,2.2,171,Khumaltar,27.6468,85.3248
2024-09-24T01:00,20.0,92,18.7,867.4,1.8,169,Khumaltar,27.6468,85.3248
2024-09-24T02:00,20.0,93,18.8,867.1,1.4,180,Khumaltar,27.6468,85.3248
2024-09-24T03:00,19.9,95,19.1,867.4,3.3,167,Khumaltar,27.6468,85.3248
2024-09-24T04:00,20.0,97,19.5,868.3,7.2,174,Khumaltar,27.6468,85.3248
2024-09-24T05:00,20.0,99,19.9,868.7,3.6,225,Khumaltar,27.6468,85.3248
2024-09-24T06:00,20.5,98,20.1,868.8,5.1,184,Khumaltar,27.6468,85.3248
2024-09-24T07:00,23.8,87,21.5,871.3,7.7,217,Khumaltar,27.6468,85.3248
2024-09-24T08:00,24.2,86,21.7,871.5,4.8,297,Khumaltar,27.6468,85.3248
2024-09-24T09:00,25.0,81,21.5,871.9,6.1,310,Khumaltar,27.6468,85.3248
2024-09-24T10:00,26.5,72,21.0,871.7,6.7,344,Khumaltar,27.6468,85.3248
2024-09-24T11:00,27.5,64,20.2,871.4,2.5,315,Khumaltar,27.6468,85.3248
2024-09-24T12:00,27.9,62,19.8,870.1,3.9,304,Khumaltar,27.6468,85.3248
2024-09-24T13:00,27.3,63,19.8,868.5,9.7,268,Khumaltar,27.6468,85.3248
2024-09-24T14:00,26.2,72,20.6,867.6,7.6,251,Khumaltar,27.6468,85.3248
2024-09-24T15:00,25.2,75,20.6,867.3,6.2,249,Khumaltar,27.6468,85.3248
2024-09-24T16:00,24.2,82,20.8,867.5,3.9,304,Khumaltar,27.6468,85.3248
2024-09-24T17:00,23.5,87,21.2,868.0,2.1,329,Khumaltar,27.6468,85.3248
2024-09-24T18:00,21.6,96,21.0,868.3,0.7,180,Khumaltar,27.6468,85.3248
2024-09-24T19:00,21.0,98,20.8,868.7,3.2,180,Khumaltar,27.6468,85.3248
2024-09-24T20:00,20.7,99,20.5,869.2,3.0,194,Khumaltar,27.6468,85.3248
2024-09-24T21:00,20.5,98,20.3,869.7,3.1,249,Khumaltar,27.6468,85.3248
2024-09-24T22:00,20.3,98,20.0,869.7,3.4,238,Khumaltar,27.6468,85.3248
2024-09-24T23:00,20.2,97,19.7,869.3,1.1,198,Khumaltar,27.6468,85.3248
2024-09-25T00:00,19.8,99,19.7,868.3,3.3,167,Khumaltar,27.6468,85.3248
2024-09-25T01:00,19.7,99,19.6,868.4,7.2,180,Khumaltar,27.6468,85.3248
2024-09-25T02:00,19.9,97,19.5,869.0,1.0,315,Khumaltar,27.6468,85.3248
2024-09-25T03:00,19.9,99,19.7,868.6,2.4,117,Khumaltar,27.6468,85.3248
2024-09-25T04:00,19.7,100,19.7,868.3,1.1,180,Khumaltar,27.6468,85.3248
2024-09-25T05:00,19.3,100,19.3,867.9,2.5,188,Khumaltar,27.6468,85.3248
2024-09-25T06:00,20.2,97,19.7,869.4,1.3,164,Khumaltar,27.6468,85.3248
2024-09-25T07:00,21.0,96,20.3,870.1,2.1,195,Khumaltar,27.6468,85.3248
2024-09-25T08:00,21.8,92,20.5,871.1,1.3,352,Khumaltar,27.6468,85.3248
2024-09-25T09:00,22.6,90,20.8,871.8,1.0,338,Khumaltar,27.6468,85.3248
2024-09-25T10:00,23.1,87,20.9,871.7,3.1,357,Khumaltar,27.6468,85.3248
2024-09-25T11:00,23.9,82,20.6,871.2,3.4,354,Khumaltar,27.6468,85.3248
2024-09-25T12:00,24.8,80,21.1,870.3,4.6,9,Khumaltar,27.6468,85.3248
2024-09-25T13:00,24.3,82,21.1,869.3,4.5,76,Khumaltar,27.6468,85.3248
2024-09-25T14:00,24.2,83,21.1,868.3,3.2,63,Khumaltar,27.6468,85.3248
2024-09-25T15:00,24.6,77,20.4,867.9,2.7,94,Khumaltar,27.6468,85.3248
2024-09-25T16:00,24.1,80,20.4,868.2,3.4,180,Khumaltar,27.6468,85.3248
2024-09-25T17:00,22.9,89,20.9,868.4,2.2,261,Khumaltar,27.6468,85.3248
2024-09-25T18:00,21.9,94,20.9,868.7,2.1,255,Khumaltar,27.6468,85.3248
2024-09-25T19:00,21.5,94,20.6,869.8,2.5,300,Khumaltar,27.6468,85.3248
2024-09-25T20:00,21.1,96,20.5,870.0,1.7,311,Khumaltar,27.6468,85.3248
2024-09-25T21:00,21.1,97,20.6,870.3,0.9,233,Khumaltar,27.6468,85.3248
2024-09-25T22:00,21.1,97,20.7,870.1,1.8,204,Khumaltar,27.6468,85.3248
2024-09-25T23:00,21.0,98,20.7,869.8,1.4,180,Khumaltar,27.6468,85.3248
2024-09-26T00:00,20.6,99,20.4,869.4,0.8,117,Khumaltar,27.6468,85.3248
2024-09-26T01:00,20.5,99,20.4,868.9,1.3,16,Khumaltar,27.6468,85.3248
2024-09-26T02:00,20.4,99,20.3,868.3,3.9,332,Khumaltar,27.6468,85.3248
2024-09-26T03:00,20.1,100,20.1,867.6,2.3,342,Khumaltar,27.6468,85.3248
2024-09-26T04:00,20.1,100,20.0,867.7,3.4,108,Khumaltar,27.6468,85.3248
2024-09-26T05:00,20.0,99,19.9,867.9,4.0,98,Khumaltar,27.6468,85.3248
2024-09-26T06:00,19.9,96,19.3,868.4,4.2,100,Khumaltar,27.6468,85.3248
2024-09-26T07:00,20.7,91,19.1,869.1,0.9,180,Khumaltar,27.6468,85.3248
2024-09-26T08:00,22.1,84,19.3,869.9,1.4,310,Khumaltar,27.6468,85.3248
2024-09-26T09:00,22.6,83,19.6,870.3,2.3,90,Khumaltar,27.6468,85.3248
2024-09-26T10:00,23.8,79,19.9,870.9,4.9,94,Khumaltar,27.6468,85.3248
2024-09-26T11:00,22.9,85,20.3,870.1,7.4,67,Khumaltar,27.6468,85.3248
2024-09-26T12:00,22.2,91,20.6,869.2,5.6,69,Khumaltar,27.6468,85.3248
2024-09-26T13:00,21.9,91,20.5,868.4,5.9,117,Khumaltar,27.6468,85.3248
2024-09-26T14:00,21.7,92,20.4,867.8,5.9,125,Khumaltar,27.6468,85.3248
2024-09-26T15:00,21.8,93,20.6,867.7,7.2,108,Khumaltar,27.6468,85.3248
2024-09-26T16:00,21.2,96,20.6,867.8,5.8,106,Khumaltar,27.6468,85.3248
2024-09-26T17:00,20.7,98,20.5,868.1,6.6,167,Khumaltar,27.6468,85.3248
2024-09-26T18:00,20.7,98,20.3,868.9,5.3,125,Khumaltar,27.6468,85.3248
2024-09-26T19:00,20.4,98,20.0,869.7,7.4,112,Khumaltar,27.6468,85.3248
2024-09-26T20:00,20.1,99,19.9,870.2,5.7,101,Khumaltar,27.6468,85.3248
2024-09-26T21:00,20.1,99,19.9,870.4,7.2,118,Khumaltar,27.6468,85.3248
2024-09-26T22:00,20.0,99,19.8,870.3,5.7,125,Khumaltar,27.6468,85.3248
2024-09-26T23:00,19.8,99,19.6,869.6,1.9,107,Khumaltar,27.6468,85.3248
2024-09-27T00:00,20.0,97,19.5,869.4,3.0,147,Khumaltar,27.6468,85.3248
2024-09-27T01:00,20.0,95,19.2,869.4,4.2,115,Khumaltar,27.6468,85.3248
2024-09-27T02:00,19.7,98,19.3,868.7,4.1,77,Khumaltar,27.6468,85.3248
2024-09-27T03:00,19.6,98,19.3,868.3,4.4,150,Khumaltar,27.6468,85.3248
2024-09-27T04:00,19.5,98,19.2,868.4,4.0,111,Khumaltar,27.6468,85.3248
2024-09-27T05:00,19.4,99,19.2,868.2,6.1,78,Khumaltar,27.6468,85.3248
2024-09-27T06:00,19.3,98,18.9,869.2,5.1,117,Khumaltar,27.6468,85.3248
2024-09-27T07:00,19.6,97,19.1,869.7,5.4,132,Khumaltar,27.6468,85.3248
2024-09-27T08:00,20.0,96,19.3,870.1,7.0,157,Khumaltar,27.6468,85.3248
2024-09-27T09:00,20.3,95,19.5,871.0,4.3,165,Khumaltar,27.6468,85.3248
2024-09-27T10:00,20.4,95,19.5,871.2,3.9,143,Khumaltar,27.6468,85.3248
2024-09-27T11:00,20.2,96,19.5,870.6,4.0,90,Khumaltar,27.6468,85.3248
2024-09-27T12:00,20.1,98,19.7,869.5,7.1,63,Khumaltar,27.6468,85.3248
2024-09-27T13:00,19.6,97,19.0,868.6,6.8,11,Khumaltar,27.6468,85.3248
2024-09-27T14:00,19.5,90,17.8,868.2,2.9,349,Khumaltar,27.6468,85.3248
2024-09-27T15:00,19.4,90,17.6,867.8,2.0,175,Khumaltar,27.6468,85.3248
2024-09-27T16:00,19.6,89,17.7,868.1,2.0,80,Khumaltar,27.6468,85.3248
2024-09-27T17:00,19.3,94,18.3,868.5,4.4,97,Khumaltar,27.6468,85.3248
2024-09-27T18:00,19.7,97,19.2,869.0,6.6,139,Khumaltar,27.6468,85.3248
2024-09-27T19:00,20.0,98,19.6,870.2,7.2,145,Khumaltar,27.6468,85.3248
2024-09-27T20:00,19.9,98,19.7,870.8,6.0,127,Khumaltar,27.6468,85.3248
2024-09-27T21:00,19.8,98,19.4,871.1,5.5,107,Khumaltar,27.6468,85.3248
2024-09-27T22:00,19.5,96,18.9,870.7,6.2,107,Khumaltar,27.6468,85.3248
2024-09-27T23:00,19.4,96,18.7,870.0,4.5,130,Khumaltar,27.6468,85.3248
2024-09-28T00:00,19.3,97,18.8,869.6,3.3,135,Khumaltar,27.6468,85.3248
2024-09-28T01:00,19.3,97,18.8,869.0,4.3,156,Khumaltar,27.6468,85.3248
2024-09-28T02:00,19.2,98,18.9,868.5,5.8,146,Khumaltar,27.6468,85.3248
2024-09-28T03:00,19.1,99,18.9,868.4,5.8,146,Khumaltar,27.6468,85.3248
2024-09-28T04:00,19.1,99,19.0,868.5,5.9,113,Khumaltar,27.6468,85.3248
2024-09-28T05:00,19.0,99,18.8,868.9,7.2,102,Khumaltar,27.6468,85.3248
2024-09-28T06:00,18.6,99,18.4,868.8,6.3,92,Khumaltar,27.6468,85.3248
2024-09-28T07:00,18.8,98,18.5,869.4,6.6,135,Khumaltar,27.6468,85.3248
2024-09-28T08:00,19.2,96,18.6,869.8,4.8,138,Khumaltar,27.6468,85.3248
2024-09-28T09:00,19.5,96,18.9,870.5,2.9,158,Khumaltar,27.6468,85.3248
2024-09-28T10:00,20.0,94,19.0,870.8,4.5,214,Khumaltar,27.6468,85.3248
2024-09-28T11:00,20.3,92,18.9,870.9,2.9,202,Khumaltar,27.6468,85.3248
2024-09-28T12:00,20.2,91,18.7,870.4,2.6,129,Khumaltar,27.6468,85.3248
2024-09-28T13:00,20.1,93,18.9,869.5,5.8,106,Khumaltar,27.6468,85.3248
2024-09-28T14:00,19.8,95,18.9,868.5,6.1,88,Khumaltar,27.6468,85.3248
2024-09-28T15:00,19.8,93,18.6,868.2,4.1,119,Khumaltar,27.6468,85.3248
2024-09-28T16:00,19.7,95,19.0,868.3,6.2,136,Khumaltar,27.6468,85.3248
2024-09-28T17:00,19.3,98,18.9,869.1,4.8,59,Khumaltar,27.6468,85.3248
2024-09-28T18:00,19.6,97,19.1,870.1,1.8,101,Khumaltar,27.6468,85.3248
2024-09-28T19:00,19.2,98,18.9,870.7,5.2,88,Khumaltar,27.6468,85.3248
2024-09-28T20:00,19.0,98,18.6,871.2,4.2,97,Khumaltar,27.6468,85.3248
2024-09-28T21:00,18.8,97,18.3,871.4,2.2,166,Khumaltar,27.6468,85.3248
2024-09-28T22:00,18.8,97,18.3,871.2,1.8,174,Khumaltar,27.6468,85.3248
2024-09-28T23:00,18.9,97,18.4,870.8,2.2,156,Khumaltar,27.6468,85.3248
2024-09-29T00:00,19.0,96,18.3,870.0,1.8,180,Khumaltar,27.6468,85.3248
2024-09-29T01:00,18.4,96,17.8,868.9,0.8,207,Khumaltar,27.6468,85.3248
2024-09-29T02:00,18.7,96,18.1,868.6,2.7,208,Khumaltar,27.6468,85.3248
2024-09-29T03:00,17.9,97,17.5,868.2,1.9,197,Khumaltar,27.6468,85.3248
2024-09-29T04:00,17.7,98,17.3,868.5,1.8,169,Khumaltar,27.6468,85.3248
2024-09-29T05:00,17.8,98,17.5,869.0,2.0,180,Khumaltar,27.6468,85.3248
2024-09-29T06:00,18.4,99,18.3,869.3,3.8,135,Khumaltar,27.6468,85.3248
2024-09-29T07:00,20.5,94,19.5,871.0,2.8,162,Khumaltar,27.6468,85.3248
2024-09-29T08:00,22.6,86,20.2,872.3,0.2,90,Khumaltar,27.6468,85.3248
2024-09-29T09:00,24.4,76,19.9,872.7,2.7,302,Khumaltar,27.6468,85.3248
2024-09-29T10:00,25.5,71,19.9,872.8,4.0,288,Khumaltar,27.6468,85.3248
2024-09-29T11:00,24.7,75,20.0,872.4,5.4,290,Khumaltar,27.6468,85.3248
2024-09-29T12:00,24.5,75,19.8,871.7,6.0,299,Khumaltar,27.6468,85.3248
2024-09-29T13:00,24.1,79,20.2,870.9,6.9,303,Khumaltar,27.6468,85.3248
2024-09-29T14:00,24.0,83,20.8,870.2,6.5,309,Khumaltar,27.6468,85.3248
2024-09-29T15:00,24.0,83,20.9,869.5,6.0,311,Khumaltar,27.6468,85.3248
2024-09-29T16:00,23.8,84,20.9,869.1,5.4,300,Khumaltar,27.6468,85.3248
2024-09-29T17:00,22.3,93,21.1,868.6,3.1,329,Khumaltar,27.6468,85.3248
2024-09-29T18:00,20.3,99,20.2,869.7,4.0,324,Khumaltar,27.6468,85.3248
2024-09-29T19:00,20.3,99,20.2,870.6,2.4,207,Khumaltar,27.6468,85.3248
2024-09-29T20:00,19.8,100,19.7,870.6,2.7,208,Khumaltar,27.6468,85.3248
2024-09-29T21:00,19.6,100,19.6,870.5,2.3,203,Khumaltar,27.6468,85.3248
2024-09-29T22:00,19.2,99,19.1,870.0,2.8,207,Khumaltar,27.6468,85.3248
2024-09-29T23:00,18.7,100,18.7,869.8,3.7,235,Khumaltar,27.6468,85.3248
2024-09-30T00:00,18.8,100,18.8,869.5,3.6,240,Khumaltar,27.6468,85.3248
2024-09-30T01:00,18.5,100,18.5,868.6,2.1,211,Khumaltar,27.6468,85.3248
2024-09-30T02:00,18.5,99,18.4,868.1,2.2,204,Khumaltar,27.6468,85.3248
2024-09-30T03:00,18.1,99,18.0,867.8,2.4,197,Khumaltar,27.6468,85.3248
2024-09-30T04:00,17.7,99,17.6,868.1,1.4,180,Khumaltar,27.6468,85.3248
2024-09-30T05:00,17.4,99,17.3,868.4,0.2,180,Khumaltar,27.6468,85.3248
2024-09-30T06:00,18.2,98,17.9,869.0,2.1,195,Khumaltar,27.6468,85.3248
2024-09-30T07:00,21.4,91,19.9,871.3,1.5,249,Khumaltar,27.6468,85.3248
2024-09-30T08:00,23.4,83,20.4,872.1,1.3,8,Khumaltar,27.6468,85.3248
2024-09-30T09:00,25.2,74,20.3,872.4,3.3,299,Khumaltar,27.6468,85.3248
2024-09-30T10:00,26.3,69,20.2,872.0,5.0,305,Khumaltar,27.6468,85.3248
2024-09-30T11:00,26.8,69,20.6,871.2,6.0,309,Khumaltar,27.6468,85.3248
2024-09-30T12:00,27.0,68,20.6,870.4,7.0,293,Khumaltar,27.6468,85.3248
2024-09-30T13:00,26.0,73,20.8,869.4,8.0,279,Khumaltar,27.6468,85.3248
2024-09-30T14:00,25.4,76,20.8,868.8,6.7,286,Khumaltar,27.6468,85.3248
2024-09-30T15:00,24.6,80,20.9,868.1,7.8,307,Khumaltar,27.6468,85.3248
2024-09-30T16:00,23.6,85,21.0,867.7,7.2,321,Khumaltar,27.6468,85.3248
2024-09-30T17:00,22.4,93,21.3,867.1,4.8,338,Khumaltar,27.6468,85.3248
2024-09-30T18:00,21.1,98,20.8,867.8,2.4,228,Khumaltar,27.6468,85.3248
2024-09-30T19:00,19.9,99,19.8,867.6,4.0,234,Khumaltar,27.6468,85.3248
2024-09-30T20:00,19.4,100,19.4,867.7,4.7,252,Khumaltar,27.6468,85.3248
2024-09-30T21:00,20.4,100,20.4,868.4,3.6,250,Khumaltar,27.6468,85.3248
2024-09-30T22:00,19.3,100,19.3,867.6,3.6,225,Khumaltar,27.6468,85.3248
2024-09-30T23:00,18.9,100,18.9,867.2,2.8,198,Khumaltar,27.6468,85.3248
2024-10-01T00:00,19.1,99,19.0,866.9,2.2,194,Khumaltar,27.6468,85.3248
2024-10-01T01:00,19.1,99,18.9,866.4,2.2,204,Khumaltar,27.6468,85.3248
2024-10-01T02:00,18.7,98,18.4,865.8,2.2,204,Khumaltar,27.6468,85.3248
2024-10-01T03:00,18.4,98,18.1,865.5,1.1,198,Khumaltar,27.6468,85.3248
2024-10-01T04:00,18.2,99,18.1,865.6,1.1,189,Khumaltar,27.6468,85.3248
2024-10-01T05:00,18.0,100,17.9,865.9,0.4,180,Khumaltar,27.6468,85.3248
2024-10-01T06:00,18.4,99,18.2,866.3,3.3,193,Khumaltar,27.6468,85.3248
2024-10-01T07:00,21.8,98,21.5,868.4,1.8,233,Khumaltar,27.6468,85.3248
2024-10-01T08:00,24.2,79,20.4,869.6,2.4,48,Khumaltar,27.6468,85.3248
2024-10-01T09:00,25.7,72,20.4,870.0,1.0,68,Khumaltar,27.6468,85.3248
2024-10-01T10:00,27.0,65,20.0,870.0,1.1,252,Khumaltar,27.6468,85.3248
2024-10-01T11:00,27.5,63,19.8,869.3,3.1,270,Khumaltar,27.6468,85.3248
2024-10-01T12:00,27.0,66,20.1,868.4,5.0,257,Khumaltar,27.6468,85.3248
2024-10-01T13:00,26.6,68,20.3,867.5,6.5,272,Khumaltar,27.6468,85.3248
2024-10-01T14:00,25.4,74,20.4,866.8,6.1,272,Khumaltar,27.6468,85.3248
2024-10-01T15:00,24.8,79,20.8,866.3,5.3,288,Khumaltar,27.6468,85.3248
2024-10-01T16:00,23.9,84,21.0,866.2,6.3,301,Khumaltar,27.6468,85.3248
2024-10-01T17:00,23.1,90,21.3,866.2,4.6,315,Khumaltar,27.6468,85.3248
2024-10-01T18:00,21.3,99,21.1,866.3,3.6,333,Khumaltar,27.6468,85.3248
2024-10-01T19:00,21.2,100,21.2,867.3,2.2,76,Khumaltar,27.6468,85.3248
2024-10-01T20:00,21.0,100,20.9,867.9,1.5,144,Khumaltar,27.6468,85.3248
2024-10-01T21:00,20.3,100,20.3,868.0,0.4,180,Khumaltar,27.6468,85.3248
2024-10-01T22:00,20.3,100,20.2,867.9,2.0,185,Khumaltar,27.6468,85.3248
2024-10-01T23:00,20.3,99,20.1,867.8,4.3,180,Khumaltar,27.6468,85.3248
2024-10-02T00:00,19.9,99,19.8,867.3,2.3,184,Khumaltar,27.6468,85.3248
2024-10-02T01:00,20.0,98,19.8,866.7,2.1,195,Khumaltar,27.6468,85.3248
2024-10-02T02:00,20.5,97,19.9,866.7,1.7,193,Khumaltar,27.6468,85.3248
2024-10-02T03:00,20.6,97,20.0,866.4,0.9,180,Khumaltar,27.6468,85.3248
2024-10-02T04:00,20.7,97,20.2,866.5,1.5,135,Khumaltar,27.6468,85.3248
2024-10-02T05:00,21.0,97,20.4,867.1,2.2,90,Khumaltar,27.6468,85.3248
2024-10-02T06:00,21.7,96,21.0,867.6,2.6,51,Khumaltar,27.6468,85.3248
2024-10-02T07:00,22.2,93,21.1,868.0,3.3,54,Khumaltar,27.6468,85.3248
2024-10-02T08:00,24.0,83,21.0,868.9,2.7,110,Khumaltar,27.6468,85.3248
2024-10-02T09:00,25.2,77,20.8,869.1,3.1,93,Khumaltar,27.6468,85.3248
2024-10-02T10:00,25.6,75,20.9,869.0,1.7,122,Khumaltar,27.6468,85.3248
2024-10-02T11:00,25.9,75,21.2,868.7,2.3,180,Khumaltar,27.6468,85.3248
2024-10-02T12:00,25.6,76,21.0,868.0,4.3,228,Khumaltar,27.6468,85.3248
2024-10-02T13:00,23.5,85,20.9,867.2,5.9,162,Khumaltar,27.6468,85.3248
2024-10-02T14:00,22.4,88,20.3,866.8,4.5,182,Khumaltar,27.6468,85.3248
2024-10-02T15:00,22.2,92,20.9,866.4,2.4,257,Khumaltar,27.6468,85.3248
2024-10-02T16:00,21.7,91,20.1,866.6,4.4,282,Khumaltar,27.6468,85.3248
2024-10-02T17:00,21.4,91,19.8,866.4,2.0,265,Khumaltar,27.6468,85.3248
2024-10-02T18:00,20.7,96,20.1,866.9,3.4,252,Khumaltar,27.6468,85.3248
2024-10-02T19:00,20.4,98,20.1,867.4,1.6,186,Khumaltar,27.6468,85.3248
2024-10-02T20:00,20.0,98,19.7,867.5,2.0,180,Khumaltar,27.6468,85.3248
2024-10-02T21:00,19.9,98,19.6,868.0,2.4,189,Khumaltar,27.6468,85.3248
2024-10-02T22:00,19.9,98,19.5,868.0,2.0,175,Khumaltar,27.6468,85.3248
2024-10-02T23:00,20.2,97,19.7,868.0,1.8,246,Khumaltar,27.6468,85.3248
2024-10-03T00:00,19.9,97,19.4,867.7,1.3,214,Khumaltar,27.6468,85.3248
2024-10-03T01:00,19.9,96,19.3,867.1,3.4,180,Khumaltar,27.6468,85.3248
2024-10-03T02:00,20.0,96,19.3,866.9,1.3,254,Khumaltar,27.6468,85.3248
2024-10-03T03:00,19.7,97,19.3,866.9,1.8,276,Khumaltar,27.6468,85.3248
2024-10-03T04:00,19.6,98,19.3,866.7,1.9,163,Khumaltar,27.6468,85.3248
2024-10-03T05:00,19.8,97,19.3,867.0,3.6,183,Khumaltar,27.6468,85.3248
2024-10-03T06:00,19.1,98,18.8,867.5,2.7,307,Khumaltar,27.6468,85.3248
2024-10-03T07:00,20.2,95,19.4,868.7,0.5,315,Khumaltar,27.6468,85.3248
2024-10-03T08:00,21.5,89,19.6,869.6,3.6,333,Khumaltar,27.6468,85.3248
2024-10-03T09:00,22.4,85,19.8,870.0,0.7,270,Khumaltar,27.6468,85.3248
2024-10-03T10:00,24.2,78,20.2,869.9,3.8,3,Khumaltar,27.6468,85.3248
2024-10-03T11:00,23.2,81,19.8,869.0,4.5,317,Khumaltar,27.6468,85.3248
2024-10-03T12:00,23.7,76,19.3,868.2,2.4,318,Khumaltar,27.6468,85.3248
2024-10-03T13:00,24.5,77,20.2,867.4,6.0,343,Khumaltar,27.6468,85.3248
2024-10-03T14:00,23.9,80,20.2,866.7,5.5,347,Khumaltar,27.6468,85.3248
2024-10-03T15:00,23.0,83,19.9,866.1,4.1,315,Khumaltar,27.6468,85.3248
2024-10-03T16:00,22.6,84,19.8,866.2,6.4,324,Khumaltar,27.6468,85.3248
2024-10-03T17:00,21.2,93,20.1,866.4,2.6,304,Khumaltar,27.6468,85.3248
2024-10-03T18:00,19.5,99,19.4,866.5,3.8,289,Khumaltar,27.6468,85.3248
2024-10-03T19:00,20.2,99,20.0,867.9,1.0,211,Khumaltar,27.6468,85.3248
2024-10-03T20:00,20.1,99,20.0,868.4,3.5,294,Khumaltar,27.6468,85.3248
2024-10-03T21:00,20.2,98,19.9,868.6,0.6,236,Khumaltar,27.6468,85.3248
2024-10-03T22:00,19.7,99,19.6,868.3,1.5,194,Khumaltar,27.6468,85.3248
2024-10-03T23:00,19.4,100,19.4,868.2,2.8,198,Khumaltar,27.6468,85.3248
2024-10-04T00:00,19.5,100,19.5,868.1,4.1,225,Khumaltar,27.6468,85.3248
2024-10-04T01:00,19.6,98,19.3,867.7,3.8,273,Khumaltar,27.6468,85.3248
2024-10-04T02:00,19.7,96,19.0,867.3,3.0,256,Khumaltar,27.6468,85.3248
2024-10-04T03:00,19.7,97,19.1,867.2,2.7,266,Khumaltar,27.6468,85.3248
2024-10-04T04:00,19.6,98,19.2,867.3,2.8,259,Khumaltar,27.6468,85.3248
2024-10-04T05:00,19.1,99,18.9,867.5,1.8,246,Khumaltar,27.6468,85.3248
2024-10-04T06:00,20.1,97,19.6,867.8,4.5,331,Khumaltar,27.6468,85.3248
2024-10-04T07:00,20.5,95,19.8,868.6,6.5,330,Khumaltar,27.6468,85.3248
2024-10-04T08:00,22.1,87,19.8,869.7,6.7,329,Khumaltar,27.6468,85.3248
2024-10-04T09:00,23.3,80,19.7,870.3,5.6,329,Khumaltar,27.6468,85.3248
2024-10-04T10:00,23.9,77,19.7,870.4,5.6,333,Khumaltar,27.6468,85.3248
2024-10-04T11:00,24.6,74,19.7,870.2,4.9,280,Khumaltar,27.6468,85.3248
2024-10-04T12:00,24.1,75,19.4,869.3,7.6,270,Khumaltar,27.6468,85.3248
2024-10-04T13:00,23.7,76,19.3,868.6,6.7,289,Khumaltar,27.6468,85.3248
2024-10-04T14:00,22.8,81,19.5,867.7,7.3,286,Khumaltar,27.6468,85.3248
2024-10-04T15:00,22.7,84,19.9,867.2,5.1,302,Khumaltar,27.6468,85.3248
2024-10-04T16:00,22.3,87,20.0,866.9,5.4,300,Khumaltar,27.6468,85.3248
2024-10-04T17:00,20.7,96,20.0,866.7,3.4,317,Khumaltar,27.6468,85.3248
2024-10-04T18:00,19.6,99,19.5,867.6,4.3,345,Khumaltar,27.6468,85.3248
2024-10-04T19:00,19.5,100,19.4,868.7,2.7,228,Khumaltar,27.6468,85.3248
2024-10-04T20:00,19.7,99,19.6,869.6,1.9,214,Khumaltar,27.6468,85.3248
2024-10-04T21:00,20.3,96,19.7,870.0,2.3,231,Khumaltar,27.6468,85.3248
2024-10-04T22:00,20.2,97,19.7,870.0,1.6,264,Khumaltar,27.6468,85.3248
2024-10-04T23:00,20.1,97,19.6,869.8,0.9,191,Khumaltar,27.6468,85.3248
2024-10-05T00:00,19.9,98,19.6,869.2,1.4,203,Khumaltar,27.6468,85.3248
2024-10-05T01:00,19.8,98,19.5,869.0,3.3,229,Khumaltar,27.6468,85.3248
2024-10-05T02:00,19.7,98,19.4,868.6,2.9,274,Khumaltar,27.6468,85.3248
2024-10-05T03:00,19.6,98,19.3,868.5,4.3,332,Khumaltar,27.6468,85.3248
2024-10-05T04:00,19.3,99,19.1,868.4,4.7,342,Khumaltar,27.6468,85.3248
2024-10-05T05:00,19.4,98,19.0,868.8,3.8,341,Khumaltar,27.6468,85.3248
2024-10-05T06:00,19.7,98,19.4,869.0,4.7,337,Khumaltar,27.6468,85.3248
2024-10-05T07:00,20.2,95,19.4,870.1,4.3,336,Khumaltar,27.6468,85.3248
2024-10-05T08:00,21.6,87,19.4,871.0,4.4,341,Khumaltar,27.6468,85.3248
2024-10-05T09:00,23.1,79,19.2,871.8,2.4,333,Khumaltar,27.6468,85.3248
2024-10-05T10:00,24.1,73,18.8,871.9,1.4,293,Khumaltar,27.6468,85.3248
2024-10-05T11:00,24.6,72,19.3,871.8,3.7,259,Khumaltar,27.6468,85.3248
2024-10-05T12:00,24.4,76,19.8,871.0,4.8,259,Khumaltar,27.6468,85.3248
2024-10-05T13:00,23.6,79,19.6,870.1,4.4,291,Khumaltar,27.6468,85.3248
2024-10-05T14:00,21.8,85,19.1,869.5,1.8,225,Khumaltar,27.6468,85.3248
2024-10-05T15:00,22.5,83,19.4,869.1,3.8,311,Khumaltar,27.6468,85.3248
2024-10-05T16:00,22.4,83,19.5,869.2,5.1,318,Khumaltar,27.6468,85.3248
2024-10-05T17:00,20.7,95,19.9,869.0,4.1,311,Khumaltar,27.6468,85.3248
2024-10-05T18:00,19.3,100,19.3,869.7,2.2,189,Khumaltar,27.6468,85.3248
2024-10-05T19:00,19.6,98,19.3,870.9,4.4,192,Khumaltar,27.6468,85.3248
2024-10-05T20:00,19.7,97,19.2,871.6,4.5,173,Khumaltar,27.6468,85.3248
2024-10-05T21:00,19.4,97,18.9,871.8,3.1,216,Khumaltar,27.6468,85.3248
2024-10-05T22:00,19.1,98,18.7,872.1,1.9,112,Khumaltar,27.6468,85.3248
2024-10-05T23:00,19.1,97,18.6,872.0,2.4,171,Khumaltar,27.6468,85.3248
2024-10-06T00:00,18.8,98,18.5,871.9,0.2,180,Khumaltar,27.6468,85.3248
2024-10-06T01:00,18.8,98,18.5,871.3,1.3,172,Khumaltar,27.6468,85.3248
2024-10-06T02:00,18.1,99,18.0,870.9,0.5,180,Khumaltar,27.6468,85.3248
2024-10-06T03:00,17.9,99,17.8,870.6,1.4,180,Khumaltar,27.6468,85.3248
2024-10-06T04:00,17.6,99,17.5,870.5,2.1,218,Khumaltar,27.6468,85.3248
2024-10-06T05:00,17.4,99,17.2,870.8,0.7,180,Khumaltar,27.6468,85.3248
2024-10-06T06:00,18.2,100,18.2,871.8,2.5,225,Khumaltar,27.6468,85.3248
2024-10-06T07:00,19.3,97,18.7,873.3,1.1,288,Khumaltar,27.6468,85.3248
2024-10-06T08:00,21.7,84,18.9,874.4,3.8,357,Khumaltar,27.6468,85.3248
2024-10-06T09:00,23.3,79,19.4,874.8,4.4,333,Khumaltar,27.6468,85.3248
2024-10-06T10:00,24.6,74,19.6,875.2,2.9,313,Khumaltar,27.6468,85.3248
2024-10-06T11:00,25.3,70,19.4,874.7,2.8,281,Khumaltar,27.6468,85.3248
2024-10-06T12:00,24.9,71,19.3,874.1,3.8,253,Khumaltar,27.6468,85.3248
2024-10-06T13:00,24.8,71,19.2,873.0,3.8,273,Khumaltar,27.6468,85.3248
2024-10-06T14:00,24.2,71,18.7,872.2,7.0,312,Khumaltar,27.6468,85.3248
2024-10-06T15:00,22.5,80,18.8,872.0,4.0,302,Khumaltar,27.6468,85.3248
2024-10-06T16:00,22.2,82,19.0,871.8,4.0,302,Khumaltar,27.6468,85.3248
2024-10-06T17:00,20.5,93,19.4,871.4,4.0,309,Khumaltar,27.6468,85.3248
2024-10-06T18:00,20.1,97,19.5,872.6,3.8,287,Khumaltar,27.6468,85.3248
2024-10-06T19:00,19.1,100,19.0,873.2,1.1,189,Khumaltar,27.6468,85.3248
2024-10-06T20:00,19.3,99,19.2,873.7,1.5,234,Khumaltar,27.6468,85.3248
2024-10-06T21:00,19.3,99,19.2,873.9,1.5,234,Khumaltar,27.6468,85.3248
2024-10-06T22:00,19.1,100,19.0,873.8,0.9,169,Khumaltar,27.6468,85.3248
2024-10-06T23:00,18.7,100,18.6,873.5,1.7,162,Khumaltar,27.6468,85.3248
2024-10-07T00:00,18.6,99,18.4,873.2,2.2,185,Khumaltar,27.6468,85.3248
2024-10-07T01:00,18.1,99,18.0,872.5,3.1,183,Khumaltar,27.6468,85.3248
2024-10-07T02:00,17.4,99,17.3,872.0,2.9,176,Khumaltar,27.6468,85.3248
2024-10-07T03:00,17.2,99,17.1,872.1,2.4,171,Khumaltar,27.6468,85.3248
2024-10-07T04:00,16.9,99,16.7,872.3,2.0,190,Khumaltar,27.6468,85.3248
2024-10-07T05:00,17.7,98,17.4,873.3,2.2,204,Khumaltar,27.6468,85.3248
2024-10-07T06:00,19.1,99,19.0,874.7,1.1,261,Khumaltar,27.6468,85.3248
2024-10-07T07:00,20.5,90,18.8,875.9,2.0,10,Khumaltar,27.6468,85.3248
2024-10-07T08:00,22.0,81,18.6,876.4,3.2,16,Khumaltar,27.6468,85.3248
2024-10-07T09:00,23.4,72,18.1,876.9,2.2,9,Khumaltar,27.6468,85.3248
2024-10-07T10:00,24.7,66,18.0,876.8,3.4,342,Khumaltar,27.6468,85.3248
2024-10-07T11:00,25.5,62,17.8,876.2,2.7,328,Khumaltar,27.6468,85.3248
2024-10-07T12:00,25.9,59,17.2,875.6,2.5,278,Khumaltar,27.6468,85.3248
2024-10-07T13:00,25.1,62,17.3,874.6,6.2,258,Khumaltar,27.6468,85.3248
2024-10-07T14:00,24.7,65,17.7,873.5,6.3,283,Khumaltar,27.6468,85.3248
2024-10-07T15:00,23.8,70,18.1,872.5,7.3,301,Khumaltar,27.6468,85.3248
2024-10-07T16:00,23.0,76,18.5,872.3,7.3,306,Khumaltar,27.6468,85.3248
2024-10-07T17:00,21.0,89,19.1,872.3,3.7,325,Khumaltar,27.6468,85.3248
2024-10-07T18:00,19.9,96,19.3,873.3,2.3,225,Khumaltar,27.6468,85.3248
2024-10-07T19:00,18.9,99,18.7,874.2,1.5,194,Khumaltar,27.6468,85.3248
2024-10-07T20:00,18.4,100,18.4,874.5,2.7,222,Khumaltar,27.6468,85.3248
2024-10-07T21:00,18.0,100,18.0,874.3,2.4,228,Khumaltar,27.6468,85.3248
2024-10-07T22:00,18.3,99,18.2,873.9,1.5,194,Khumaltar,27.6468,85.3248
2024-10-07T23:00,18.3,99,18.2,873.9,1.3,188,Khumaltar,27.6468,85.3248
2024-10-08T00:00,18.2,98,18.0,873.4,1.5,194,Khumaltar,27.6468,85.3248
2024-10-08T01:00,18.0,98,17.8,873.0,1.9,209,Khumaltar,27.6468,85.3248
2024-10-08T02:00,17.9,98,17.6,872.5,1.1,198,Khumaltar,27.6468,85.3248
2024-10-08T03:00,17.6,99,17.4,872.3,0.4,207,Khumaltar,27.6468,85.3248
2024-10-08T04:00,16.9,99,16.8,872.2,1.3,214,Khumaltar,27.6468,85.3248
2024-10-08T05:00,16.5,99,16.3,872.0,2.4,189,Khumaltar,27.6468,85.3248
2024-10-08T06:00,18.0,99,17.8,873.7,1.8,204,Khumaltar,27.6468,85.3248
2024-10-08T07:00,20.1,95,19.4,875.3,1.1,81,Khumaltar,27.6468,85.3248
2024-10-08T08:00,21.9,84,19.1,876.4,3.1,24,Khumaltar,27.6468,85.3248
2024-10-08T09:00,23.5,73,18.4,876.8,3.5,339,Khumaltar,27.6468,85.3248
2024-10-08T10:00,24.4,68,18.2,876.4,5.9,313,Khumaltar,27.6468,85.3248
2024-10-08T11:00,24.9,66,18.1,875.6,7.5,300,Khumaltar,27.6468,85.3248
2024-10-08T12:00,25.2,64,17.9,874.4,8.4,298,Khumaltar,27.6468,85.3248
2024-10-08T13:00,25.0,66,18.1,873.3,8.1,299,Khumaltar,27.6468,85.3248
2024-10-08T14:00,24.5,67,17.9,872.2,8.1,307,Khumaltar,27.6468,85.3248
2024-10-08T15:00,23.8,71,18.3,870.8,9.7,317,Khumaltar,27.6468,85.3248
2024-10-08T16:00,22.7,78,18.6,870.5,6.4,313,Khumaltar,27.6468,85.3248
2024-10-08T17:00,20.3,92,19.0,870.4,4.8,326,Khumaltar,27.6468,85.3248
2024-10-08T18:00,20.1,92,18.8,872.0,3.2,227,Khumaltar,27.6468,85.3248
2024-10-08T19:00,18.4,97,17.9,872.2,4.0,238,Khumaltar,27.6468,85.3248
2024-10-08T20:00,18.6,96,17.9,872.8,4.8,257,Khumaltar,27.6468,85.3248
2024-10-08T21:00,18.2,98,17.8,872.8,4.2,250,Khumaltar,27.6468,85.3248
2024-10-08T22:00,18.1,99,18.0,872.7,4.4,258,Khumaltar,27.6468,85.3248
2024-10-08T23:00,17.1,100,17.1,872.0,2.4,216,Khumaltar,27.6468,85.3248
2024-10-09T00:00,16.9,100,16.9,871.2,1.1,198,Khumaltar,27.6468,85.3248
2024-10-09T01:00,16.8,99,16.7,870.4,1.7,193,Khumaltar,27.6468,85.3248
2024-10-09T02:00,16.2,99,16.0,869.6,2.2,189,Khumaltar,27.6468,85.3248
2024-10-09T03:00,15.8,99,15.7,869.1,1.5,187,Khumaltar,27.6468,85.3248
2024-10-09T04:00,15.5,99,15.4,868.8,0.9,180,Khumaltar,27.6468,85.3248
2024-10-09T05:00,15.1,99,15.0,868.8,2.3,180,Khumaltar,27.6468,85.3248
2024-10-09T06:00,16.8,98,16.5,870.8,3.1,201,Khumaltar,27.6468,85.3248
2024-10-09T07:00,19.2,97,18.7,872.6,0.4,27,Khumaltar,27.6468,85.3248
2024-10-09T08:00,21.4,86,18.9,873.9,2.6,25,Khumaltar,27.6468,85.3248
2024-10-09T09:00,23.0,74,18.0,874.3,2.5,352,Khumaltar,27.6468,85.3248
2024-10-09T10:00,24.2,66,17.3,874.1,5.2,311,Khumaltar,27.6468,85.3248
2024-10-09T11:00,24.7,63,17.3,873.3,7.5,303,Khumaltar,27.6468,85.3248
2024-10-09T12:00,24.7,63,17.3,872.2,8.1,302,Khumaltar,27.6468,85.3248
2024-10-09T13:00,24.8,63,17.2,871.3,8.0,298,Khumaltar,27.6468,85.3248
2024-10-09T14:00,24.4,64,17.2,870.4,9.4,308,Khumaltar,27.6468,85.3248
2024-10-09T15:00,23.4,71,17.9,869.0,11.6,319,Khumaltar,27.6468,85.3248
2024-10-09T16:00,22.2,80,18.5,868.3,7.9,315,Khumaltar,27.6468,85.3248
2024-10-09T17:00,19.7,94,18.7,867.7,4.7,293,Khumaltar,27.6468,85.3248
2024-10-09T18:00,19.1,96,18.5,869.6,3.4,270,Khumaltar,27.6468,85.3248
2024-10-09T19:00,18.8,97,18.2,870.4,3.9,246,Khumaltar,27.6468,85.3248
2024-10-09T20:00,18.0,99,17.8,870.6,5.4,300,Khumaltar,27.6468,85.3248
2024-10-09T21:00,18.2,100,18.2,870.9,4.2,258,Khumaltar,27.6468,85.3248
2024-10-09T22:00,17.6,99,17.5,870.4,1.9,202,Khumaltar,27.6468,85.3248
2024-10-09T23:00,17.2,99,17.1,869.9,2.7,208,Khumaltar,27.6468,85.3248
2024-10-10T00:00,16.5,100,16.5,869.2,3.0,205,Khumaltar,27.6468,85.3248
2024-10-10T01:00,15.8,100,15.8,868.6,2.4,197,Khumaltar,27.6468,85.3248
2024-10-10T02:00,15.2,100,15.2,868.0,1.5,187,Khumaltar,27.6468,85.3248
2024-10-10T03:00,14.9,100,14.9,867.6,1.1,189,Khumaltar,27.6468,85.3248
2024-10-10T04:00,14.7,100,14.7,867.1,0.9,180,Khumaltar,27.6468,85.3248
2024-10-10T05:00,14.4,100,14.4,867.3,0.5,180,Khumaltar,27.6468,85.3248
2024-10-10T06:00,15.7,99,15.5,869.0,2.8,195,Khumaltar,27.6468,85.3248
2024-10-10T07:00,19.0,99,18.8,871.1,1.1,18,Khumaltar,27.6468,85.3248
2024-10-10T08:00,21.5,82,18.2,872.4,2.6,16,Khumaltar,27.6468,85.3248
2024-10-10T09:00,23.1,71,17.5,872.7,3.9,344,Khumaltar,27.6468,85.3248
2024-10-10T10:00,24.3,64,17.0,872.5,5.9,317,Khumaltar,27.6468,85.3248
2024-10-10T11:00,24.9,60,16.6,871.7,7.3,300,Khumaltar,27.6468,85.3248
2024-10-10T12:00,24.9,59,16.5,870.9,9.3,292,Khumaltar,27.6468,85.3248
2024-10-10T13:00,24.2,64,17.0,870.0,10.4,284,Khumaltar,27.6468,85.3248
2024-10-10T14:00,23.6,68,17.2,869.4,8.9,289,Khumaltar,27.6468,85.3248
2024-10-10T15:00,22.7,72,17.4,869.0,8.7,288,Khumaltar,27.6468,85.3248
2024-10-10T16:00,21.8,77,17.6,868.4,7.1,311,Khumaltar,27.6468,85.3248
2024-10-10T17:00,19.9,88,17.9,867.3,3.9,317,Khumaltar,27.6468,85.3248
2024-10-10T18:00,19.2,92,17.8,868.8,4.4,289,Khumaltar,27.6468,85.3248
2024-10-10T19:00,18.3,94,17.4,869.2,5.8,279,Khumaltar,27.6468,85.3248
2024-10-10T20:00,18.4,93,17.2,869.6,4.5,254,Khumaltar,27.6468,85.3248
2024-10-10T21:00,18.6,93,17.4,870.0,4.7,277,Khumaltar,27.6468,85.3248
2024-10-10T22:00,18.4,96,17.7,870.2,2.1,232,Khumaltar,27.6468,85.3248
2024-10-10T23:00,17.5,97,17.1,869.3,2.5,225,Khumaltar,27.6468,85.3248
2024-10-11T00:00,18.0,97,17.5,869.0,3.0,237,Khumaltar,27.6468,85.3248
2024-10-11T01:00,17.3,98,16.9,868.5,4.1,247,Khumaltar,27.6468,85.3248
2024-10-11T02:00,17.5,95,16.8,868.2,3.4,238,Khumaltar,27.6468,85.3248
2024-10-11T03:00,17.2,96,16.6,868.0,0.7,194,Khumaltar,27.6468,85.3248
2024-10-11T04:00,15.5,99,15.3,867.4,0.6,198,Khumaltar,27.6468,85.3248
2024-10-11T05:00,15.4,99,15.3,867.5,1.5,187,Khumaltar,27.6468,85.3248
2024-10-11T06:00,16.3,99,16.1,868.6,2.7,184,Khumaltar,27.6468,85.3248
2024-10-11T07:00,20.2,93,18.9,871.0,1.8,169,Khumaltar,27.6468,85.3248
2024-10-11T08:00,22.6,68,16.5,872.3,1.2,129,Khumaltar,27.6468,85.3248
2024-10-11T09:00,24.1,62,16.4,872.8,1.8,246,Khumaltar,27.6468,85.3248
2024-10-11T10:00,24.8,61,16.8,872.6,4.5,265,Khumaltar,27.6468,85.3248
2024-10-11T11:00,25.1,60,16.8,872.0,7.9,271,Khumaltar,27.6468,85.3248
2024-10-11T12:00,24.8,62,17.0,871.3,10.1,281,Khumaltar,27.6468,85.3248
2024-10-11T13:00,24.7,63,17.2,870.0,10.2,288,Khumaltar,27.6468,85.3248
2024-10-11T14:00,24.4,65,17.3,869.4,10.6,288,Khumaltar,27.6468,85.3248
2024-10-11T15:00,23.6,66,16.8,869.0,9.8,288,Khumaltar,27.6468,85.3248
2024-10-11T16:00,22.4,71,16.9,868.7,6.8,299,Khumaltar,27.6468,85.3248
2024-10-11T17:00,20.0,86,17.5,868.1,3.6,297,Khumaltar,27.6468,85.3248
2024-10-11T18:00,18.5,95,17.6,868.3,5.6,292,Khumaltar,27.6468,85.3248
2024-10-11T19:00,17.6,97,17.1,868.3,5.2,258,Khumaltar,27.6468,85.3248
2024-10-11T20:00,17.3,99,17.2,869.0,5.4,264,Khumaltar,27.6468,85.3248
2024-10-11T21:00,18.0,100,18.0,869.8,4.7,254,Khumaltar,27.6468,85.3248
2024-10-11T22:00,17.9,100,17.8,869.9,4.3,248,Khumaltar,27.6468,85.3248
2024-10-11T23:00,16.7,100,16.7,869.4,3.3,225,Khumaltar,27.6468,85.3248
2024-10-12T00:00,16.7,99,16.6,868.8,1.2,207,Khumaltar,27.6468,85.3248
2024-10-12T01:00,16.1,98,15.9,868.1,0.9,180,Khumaltar,27.6468,85.3248
2024-10-12T02:00,15.7,98,15.4,867.7,2.3,180,Khumaltar,27.6468,85.3248
2024-10-12T03:00,15.4,98,15.2,867.3,2.5,172,Khumaltar,27.6468,85.3248
2024-10-12T04:00,15.0,98,14.8,867.4,1.7,167,Khumaltar,27.6468,85.3248
2024-10-12T05:00,15.3,95,14.6,868.0,2.3,151,Khumaltar,27.6468,85.3248
2024-10-12T06:00,16.2,91,14.8,869.0,4.8,169,Khumaltar,27.6468,85.3248
2024-10-12T07:00,19.6,86,17.2,871.6,5.0,154,Khumaltar,27.6468,85.3248
2024-10-12T08:00,21.7,72,16.5,873.2,2.8,153,Khumaltar,27.6468,85.3248
2024-10-12T09:00,23.2,65,16.3,873.8,3.0,213,Khumaltar,27.6468,85.3248
2024-10-12T10:00,24.6,49,13.0,873.8,2.4,257,Khumaltar,27.6468,85.3248
2024-10-12T11:00,25.4,44,12.2,873.3,3.5,261,Khumaltar,27.6468,85.3248
2024-10-12T12:00,25.1,47,13.0,872.5,7.1,240,Khumaltar,27.6468,85.3248
2024-10-12T13:00,24.7,55,15.0,871.8,8.1,239,Khumaltar,27.6468,85.3248
2024-10-12T14:00,24.1,60,15.8,871.1,7.7,249,Khumaltar,27.6468,85.3248
2024-10-12T15:00,23.3,64,16.0,871.0,7.7,252,Khumaltar,27.6468,85.3248
2024-10-12T16:00,22.0,70,16.3,870.9,6.0,261,Khumaltar,27.6468,85.3248
2024-10-12T17:00,19.9,82,16.6,870.4,3.4,270,Khumaltar,27.6468,85.3248
2024-10-12T18:00,18.1,90,16.4,870.0,6.5,318,Khumaltar,27.6468,85.3248
2024-10-12T19:00,18.0,90,16.3,870.8,5.7,294,Khumaltar,27.6468,85.3248
2024-10-12T20:00,18.5,91,17.0,871.6,4.6,279,Khumaltar,27.6468,85.3248
2024-10-12T21:00,18.0,95,17.2,871.4,3.5,261,Khumaltar,27.6468,85.3248
2024-10-12T22:00,17.4,95,16.7,871.0,2.2,204,Khumaltar,27.6468,85.3248
2024-10-12T23:00,14.7,100,14.7,869.2,2.0,185,Khumaltar,27.6468,85.3248
2024-10-13T00:00,14.2,99,14.1,868.3,3.2,177,Khumaltar,27.6468,85.3248
2024-10-13T01:00,13.3,99,13.2,867.7,4.0,175,Khumaltar,27.6468,85.3248
2024-10-13T02:00,13.5,95,12.7,867.7,2.9,176,Khumaltar,27.6468,85.3248
2024-10-13T03:00,13.1,95,12.2,867.6,3.1,177,Khumaltar,27.6468,85.3248
2024-10-13T04:00,13.4,91,12.0,868.1,3.1,180,Khumaltar,27.6468,85.3248
2024-10-13T05:00,13.6,89,11.8,868.9,2.3,180,Khumaltar,27.6468,85.3248
2024-10-13T06:00,15.1,80,11.7,870.0,3.3,174,Khumaltar,27.6468,85.3248
2024-10-13T07:00,18.9,79,15.3,873.0,3.9,167,Khumaltar,27.6468,85.3248
2024-10-13T08:00,21.4,63,14.1,874.4,2.2,132,Khumaltar,27.6468,85.3248
2024-10-13T09:00,22.8,56,13.5,874.9,2.2,175,Khumaltar,27.6468,85.3248
2024-10-13T10:00,23.7,55,14.0,874.8,3.2,223,Khumaltar,27.6468,85.3248
2024-10-13T11:00,24.2,54,14.4,874.4,4.2,265,Khumaltar,27.6468,85.3248
2024-10-13T12:00,24.0,56,14.7,873.3,6.7,275,Khumaltar,27.6468,85.3248
2024-10-13T13:00,24.1,57,15.1,872.7,8.2,292,Khumaltar,27.6468,85.3248
2024-10-13T14:00,23.8,59,15.4,872.2,9.0,296,Khumaltar,27.6468,85.3248
2024-10-13T15:00,22.7,65,15.8,871.6,9.3,307,Khumaltar,27.6468,85.3248
2024-10-13T16:00,21.4,74,16.5,871.1,9.2,317,Khumaltar,27.6468,85.3248
2024-10-13T17:00,18.7,90,17.0,870.2,4.0,321,Khumaltar,27.6468,85.3248
2024-10-13T18:00,18.2,90,16.6,870.8,5.1,278,Khumaltar,27.6468,85.3248
2024-10-13T19:00,17.4,93,16.3,871.2,4.0,234,Khumaltar,27.6468,85.3248
2024-10-13T20:00,18.4,91,16.9,872.4,4.6,281,Khumaltar,27.6468,85.3248
2024-10-13T21:00,18.1,94,17.1,872.3,1.5,194,Khumaltar,27.6468,85.3248
2024-10-13T22:00,17.2,98,16.9,871.6,1.1,189,Khumaltar,27.6468,85.3248
2024-10-13T23:00,16.6,99,16.5,871.1,1.2,207,Khumaltar,27.6468,85.3248
2024-10-14T00:00,16.7,99,16.6,871.0,0.4,207,Khumaltar,27.6468,85.3248
2024-10-14T01:00,16.1,99,16.0,870.3,0.9,180,Khumaltar,27.6468,85.3248
2024-10-14T02:00,15.8,99,15.7,870.1,2.2,180,Khumaltar,27.6468,85.3248
2024-10-14T03:00,15.3,99,15.2,869.7,4.0,188,Khumaltar,27.6468,85.3248
2024-10-14T04:00,14.9,99,14.8,869.9,5.1,188,Khumaltar,27.6468,85.3248
2024-10-14T05:00,14.9,98,14.7,870.2,4.0,183,Khumaltar,27.6468,85.3248
2024-10-14T06:00,14.8,98,14.6,870.9,3.1,170,Khumaltar,27.6468,85.3248
2024-10-14T07:00,18.1,97,17.7,873.1,3.7,145,Khumaltar,27.6468,85.3248
2024-10-14T08:00,20.5,83,17.5,874.3,2.5,176,Khumaltar,27.6468,85.3248
2024-10-14T09:00,22.0,73,16.9,874.9,3.9,242,Khumaltar,27.6468,85.3248
2024-10-14T10:00,23.2,67,16.8,874.8,5.2,272,Khumaltar,27.6468,85.3248
2024-10-14T11:00,23.2,68,16.9,874.0,7.8,278,Khumaltar,27.6468,85.3248
2024-10-14T12:00,22.9,70,17.2,873.2,9.2,270,Khumaltar,27.6468,85.3248
2024-10-14T13:00,22.4,72,17.1,872.3,9.4,274,Khumaltar,27.6468,85.3248
2024-10-14T14:00,21.8,76,17.4,871.6,9.7,295,Khumaltar,27.6468,85.3248
2024-10-14T15:00,21.0,80,17.5,870.8,7.4,304,Khumaltar,27.6468,85.3248
2024-10-14T16:00,20.5,83,17.5,870.5,5.9,297,Khumaltar,27.6468,85.3248
2024-10-14T17:00,18.6,94,17.6,869.9,3.1,310,Khumaltar,27.6468,85.3248
2024-10-14T18:00,17.4,100,17.3,870.1,4.8,250,Khumaltar,27.6468,85.3248
2024-10-14T19:00,17.7,100,17.6,871.0,3.6,273,Khumaltar,27.6468,85.3248
2024-10-14T20:00,17.9,99,17.8,871.5,2.7,290,Khumaltar,27.6468,85.3248
2024-10-14T21:00,17.9,98,17.6,871.6,2.2,246,Khumaltar,27.6468,85.3248
2024-10-14T22:00,17.8,98,17.4,871.5,1.7,229,Khumaltar,27.6468,85.3248
2024-10-14T23:00,17.7,96,17.1,871.4,0.6,214,Khumaltar,27.6468,85.3248
2024-10-15T00:00,17.8,93,16.7,871.2,0.8,117,Khumaltar,27.6468,85.3248
2024-10-15T01:00,17.6,93,16.4,870.8,1.8,90,Khumaltar,27.6468,85.3248
2024-10-15T02:00,17.3,94,16.2,870.3,2.3,119,Khumaltar,27.6468,85.3248
2024-10-15T03:00,16.8,95,16.1,869.9,3.6,131,Khumaltar,27.6468,85.3248
2024-10-15T04:00,16.3,99,16.1,869.8,3.6,139,Khumaltar,27.6468,85.3248
2024-10-15T05:00,16.3,98,16.0,869.9,3.8,155,Khumaltar,27.6468,85.3248
2024-10-15T06:00,16.8,99,16.7,870.7,2.9,120,Khumaltar,27.6468,85.3248
2024-10-15T07:00,17.6,97,17.1,871.7,2.8,135,Khumaltar,27.6468,85.3248
2024-10-15T08:00,19.9,85,17.3,872.8,2.6,164,Khumaltar,27.6468,85.3248
2024-10-15T09:00,22.0,71,16.5,873.3,2.6,254,Khumaltar,27.6468,85.3248
2024-10-15T10:00,22.8,67,16.3,873.1,3.2,251,Khumaltar,27.6468,85.3248
2024-10-15T11:00,23.3,64,16.2,872.4,4.2,239,Khumaltar,27.6468,85.3248
2024-10-15T12:00,22.0,69,16.2,871.9,6.8,253,Khumaltar,27.6468,85.3248
2024-10-15T13:00,21.4,74,16.5,871.1,3.8,273,Khumaltar,27.6468,85.3248
2024-10-15T14:00,21.0,78,16.9,870.4,5.5,302,Khumaltar,27.6468,85.3248
2024-10-15T15:00,20.2,83,17.2,869.8,5.9,320,Khumaltar,27.6468,85.3248
2024-10-15T16:00,20.0,84,17.3,869.6,5.1,312,Khumaltar,27.6468,85.3248
2024-10-15T17:00,18.7,93,17.5,869.3,4.6,321,Khumaltar,27.6468,85.3248
2024-10-15T18:00,17.1,99,16.9,869.1,3.6,276,Khumaltar,27.6468,85.3248
2024-10-15T19:00,16.8,100,16.7,869.7,2.5,201,Khumaltar,27.6468,85.3248
2024-10-15T20:00,16.9,98,16.5,870.2,2.3,141,Khumaltar,27.6468,85.3248
2024-10-15T21:00,16.7,98,16.4,870.3,2.6,146,Khumaltar,27.6468,85.3248
2024-10-15T22:00,15.0,100,15.0,869.5,2.2,180,Khumaltar,27.6468,85.3248
2024-10-15T23:00,15.1,99,15.0,869.4,2.7,188,Khumaltar,27.6468,85.3248
2024-10-16T00:00,14.9,99,14.7,868.9,4.2,187,Khumaltar,27.6468,85.3248
2024-10-16T01:00,14.6,99,14.4,868.4,4.4,187,Khumaltar,27.6468,85.3248
2024-10-16T02:00,14.6,100,14.5,868.2,4.7,189,Khumaltar,27.6468,85.3248
2024-10-16T03:00,14.9,99,14.8,868.3,3.8,185,Khumaltar,27.6468,85.3248
2024-10-16T04:00,14.6,99,14.5,868.5,2.9,180,Khumaltar,27.6468,85.3248
2024-10-16T05:00,14.4,99,14.3,869.0,4.0,177,Khumaltar,27.6468,85.3248
2024-10-16T06:00,16.0,99,15.8,870.4,2.7,98,Khumaltar,27.6468,85.3248
2024-10-16T07:00,17.3,94,16.4,871.7,4.1,61,Khumaltar,27.6468,85.3248
2024-10-16T08:00,19.0,84,16.2,872.6,4.9,66,Khumaltar,27.6468,85.3248
2024-10-16T09:00,20.9,73,15.9,873.3,4.7,86,Khumaltar,27.6468,85.3248
2024-10-16T10:00,22.0,68,15.8,872.8,5.0,77,Khumaltar,27.6468,85.3248
2024-10-16T11:00,23.0,63,15.6,872.2,4.0,100,Khumaltar,27.6468,85.3248
2024-10-16T12:00,22.9,63,15.5,871.6,2.8,191,Khumaltar,27.6468,85.3248
2024-10-16T13:00,22.5,68,16.3,870.9,5.3,237,Khumaltar,27.6468,85.3248
2024-10-16T14:00,21.5,75,16.8,870.4,7.3,245,Khumaltar,27.6468,85.3248
2024-10-16T15:00,20.9,77,16.7,870.2,8.1,253,Khumaltar,27.6468,85.3248
2024-10-16T16:00,20.1,80,16.4,870.0,5.7,279,Khumaltar,27.6468,85.3248
2024-10-16T17:00,19.2,85,16.6,869.8,2.9,292,Khumaltar,27.6468,85.3248
2024-10-16T18:00,17.7,98,17.3,870.2,2.1,308,Khumaltar,27.6468,85.3248
2024-10-16T19:00,17.3,99,17.2,870.8,2.3,321,Khumaltar,27.6468,85.3248
2024-10-16T20:00,17.1,99,17.0,871.3,3.3,347,Khumaltar,27.6468,85.3248
2024-10-16T21:00,16.6,100,16.6,871.2,3.1,28,Khumaltar,27.6468,85.3248
2024-10-16T22:00,17.0,99,16.8,871.7,0.9,180,Khumaltar,27.6468,85.3248
2024-10-16T23:00,16.8,100,16.7,871.5,2.2,235,Khumaltar,27.6468,85.3248
2024-10-17T00:00,16.9,99,16.8,871.5,1.7,283,Khumaltar,27.6468,85.3248
2024-10-17T01:00,17.2,98,16.9,871.2,1.5,300,Khumaltar,27.6468,85.3248
2024-10-17T02:00,17.1,99,16.9,870.8,0.8,243,Khumaltar,27.6468,85.3248
2024-10-17T03:00,16.7,100,16.7,870.2,1.0,211,Khumaltar,27.6468,85.3248
2024-10-17T04:00,16.3,100,16.2,869.9,1.3,196,Khumaltar,27.6468,85.3248
2024-10-17T05:00,15.9,100,15.9,870.0,1.2,207,Khumaltar,27.6468,85.3248
2024-10-17T06:00,17.2,98,17.0,871.2,1.8,276,Khumaltar,27.6468,85.3248
2024-10-17T07:00,17.5,98,17.3,871.9,1.3,214,Khumaltar,27.6468,85.3248
2024-10-17T08:00,18.6,94,17.5,872.9,3.0,232,Khumaltar,27.6468,85.3248
2024-10-17T09:00,19.7,87,17.5,873.6,3.3,276,Khumaltar,27.6468,85.3248
2024-10-17T10:00,20.7,82,17.5,873.4,3.6,288,Khumaltar,27.6468,85.3248
2024-10-17T11:00,21.7,77,17.5,872.8,3.1,273,Khumaltar,27.6468,85.3248
2024-10-17T12:00,22.1,74,17.2,872.0,5.2,264,Khumaltar,27.6468,85.3248
2024-10-17T13:00,21.8,75,17.1,871.1,5.4,274,Khumaltar,27.6468,85.3248
2024-10-17T14:00,21.1,77,16.9,870.5,4.5,268,Khumaltar,27.6468,85.3248
2024-10-17T15:00,20.1,81,16.7,870.1,6.4,297,Khumaltar,27.6468,85.3248
2024-10-17T16:00,19.3,86,16.9,870.0,6.4,302,Khumaltar,27.6468,85.3248
2024-10-17T17:00,18.2,93,17.0,870.0,5.9,315,Khumaltar,27.6468,85.3248
2024-10-17T18:00,16.6,99,16.5,869.7,3.7,299,Khumaltar,27.6468,85.3248
2024-10-17T19:00,15.9,100,15.9,869.8,3.9,246,Khumaltar,27.6468,85.3248
2024-10-17T20:00,16.2,99,16.0,870.3,2.2,204,Khumaltar,27.6468,85.3248
2024-10-17T21:00,15.2,100,15.2,870.1,2.5,172,Khumaltar,27.6468,85.3248
2024-10-17T22:00,15.3,99,15.2,870.3,2.4,171,Khumaltar,27.6468,85.3248
2024-10-17T23:00,15.1,99,14.9,870.1,3.3,189,Khumaltar,27.6468,85.3248
2024-10-18T00:00,14.9,99,14.8,869.9,4.0,183,Khumaltar,27.6468,85.3248
2024-10-18T01:00,14.5,99,14.4,869.3,3.1,180,Khumaltar,27.6468,85.3248
2024-10-18T02:00,14.5,99,14.3,868.9,0.9,180,Khumaltar,27.6468,85.3248
2024-10-18T03:00,14.8,98,14.5,868.7,1.9,151,Khumaltar,27.6468,85.3248
2024-10-18T04:00,15.1,98,14.8,868.9,1.1,180,Khumaltar,27.6468,85.3248
2024-10-18T05:00,14.4,100,14.4,869.0,2.8,195,Khumaltar,27.6468,85.3248
2024-10-18T06:00,15.7,99,15.6,870.6,1.5,194,Khumaltar,27.6468,85.3248
2024-10-18T07:00,17.3,96,16.7,871.9,0.0,270,Khumaltar,27.6468,85.3248
2024-10-18T08:00,19.4,83,16.5,872.8,2.9,338,Khumaltar,27.6468,85.3248
2024-10-18T09:00,20.9,74,16.2,873.3,4.0,333,Khumaltar,27.6468,85.3248
2024-10-18T10:00,21.9,69,16.1,873.0,4.8,312,Khumaltar,27.6468,85.3248
2024-10-18T11:00,22.3,67,15.8,872.3,6.9,295,Khumaltar,27.6468,85.3248
2024-10-18T12:00,22.0,68,15.9,871.7,6.7,265,Khumaltar,27.6468,85.3248
2024-10-18T13:00,21.6,70,15.9,870.7,5.7,294,Khumaltar,27.6468,85.3248
2024-10-18T14:00,20.8,77,16.6,870.1,6.4,308,Khumaltar,27.6468,85.3248
2024-10-18T15:00,20.7,78,16.6,869.6,6.6,305,Khumaltar,27.6468,85.3248
2024-10-18T16:00,19.8,84,17.0,869.5,6.1,313,Khumaltar,27.6468,85.3248
2024-10-18T17:00,17.8,96,17.1,869.0,3.2,297,Khumaltar,27.6468,85.3248
2024-10-18T18:00,16.5,99,16.3,869.0,4.7,277,Khumaltar,27.6468,85.3248
2024-10-18T19:00,15.9,100,15.9,869.5,3.4,223,Khumaltar,27.6468,85.3248
2024-10-18T20:00,15.7,100,15.6,870.0,3.1,225,Khumaltar,27.6468,85.3248
2024-10-18T21:00,15.2,100,15.2,870.3,3.0,213,Khumaltar,27.6468,85.3248
2024-10-18T22:00,15.8,99,15.6,870.6,2.4,243,Khumaltar,27.6468,85.3248
2024-10-18T23:00,15.3,99,15.2,870.4,1.5,187,Khumaltar,27.6468,85.3248
2024-10-19T00:00,14.6,98,14.3,870.0,0.4,180,Khumaltar,27.6468,85.3248
2024-10-19T01:00,14.8,100,14.9,869.9,1.8,180,Khumaltar,27.6468,85.3248
2024-10-19T02:00,14.8,100,14.8,869.8,3.6,189,Khumaltar,27.6468,85.3248
2024-10-19T03:00,14.7,100,14.7,869.7,4.2,192,Khumaltar,27.6468,85.3248
2024-10-19T04:00,14.5,99,14.4,869.8,2.2,194,Khumaltar,27.6468,85.3248
2024-10-19T05:00,14.3,99,14.2,870.0,1.5,194,Khumaltar,27.6468,85.3248
2024-10-19T06:00,15.7,99,15.5,871.6,0.9,169,Khumaltar,27.6468,85.3248
2024-10-19T07:00,16.7,97,16.3,872.5,0.4,27,Khumaltar,27.6468,85.3248
2024-10-19T08:00,18.9,87,16.6,873.4,1.9,343,Khumaltar,27.6468,85.3248
2024-10-19T09:00,20.8,72,15.6,873.6,2.9,281,Khumaltar,27.6468,85.3248
2024-10-19T10:00,22.4,60,14.3,873.5,6.0,277,Khumaltar,27.6468,85.3248
2024-10-19T11:00,22.7,58,13.9,873.1,7.2,273,Khumaltar,27.6468,85.3248
2024-10-19T12:00,22.2,61,14.2,872.5,6.5,272,Khumaltar,27.6468,85.3248
2024-10-19T13:00,21.6,64,14.5,871.5,5.1,262,Khumaltar,27.6468,85.3248
2024-10-19T14:00,22.0,63,14.6,871.0,4.0,249,Khumaltar,27.6468,85.3248
2024-10-19T15:00,21.2,66,14.6,870.7,5.6,287,Khumaltar,27.6468,85.3248
2024-10-19T16:00,20.4,72,15.2,870.1,3.5,285,Khumaltar,27.6468,85.3248
2024-10-19T17:00,18.1,84,15.4,869.4,3.8,267,Khumaltar,27.6468,85.3248
2024-10-19T18:00,16.7,92,15.4,869.8,3.4,254,Khumaltar,27.6468,85.3248
2024-10-19T19:00,16.2,94,15.3,870.5,3.1,234,Khumaltar,27.6468,85.3248
2024-10-19T20:00,16.0,96,15.4,871.2,2.4,216,Khumaltar,27.6468,85.3248
2024-10-19T21:00,15.5,97,15.1,871.5,2.6,129,Khumaltar,27.6468,85.3248
2024-10-19T22:00,15.3,98,15.0,871.8,1.7,167,Khumaltar,27.6468,85.3248
2024-10-19T23:00,14.9,99,14.8,871.7,1.2,207,Khumaltar,27.6468,85.3248
2024-10-20T00:00,14.8,99,14.7,871.5,3.1,180,Khumaltar,27.6468,85.3248
2024-10-20T01:00,14.7,98,14.5,871.2,4.5,203,Khumaltar,27.6468,85.3248
2024-10-20T02:00,14.4,99,14.2,870.9,1.8,186,Khumaltar,27.6468,85.3248
2024-10-20T03:00,14.2,98,13.9,870.7,2.4,189,Khumaltar,27.6468,85.3248
2024-10-20T04:00,13.5,100,13.4,870.7,3.8,191,Khumaltar,27.6468,85.3248
2024-10-20T05:00,13.6,99,13.4,871.1,2.0,190,Khumaltar,27.6468,85.3248
2024-10-20T06:00,14.4,99,14.3,872.3,3.2,161,Khumaltar,27.6468,85.3248
2024-10-20T07:00,17.4,93,16.3,874.3,3.2,180,Khumaltar,27.6468,85.3248
2024-10-20T08:00,19.5,81,16.2,875.5,0.7,90,Khumaltar,27.6468,85.3248
2024-10-20T09:00,20.9,76,16.5,875.9,1.3,172,Khumaltar,27.6468,85.3248
2024-10-20T10:00,21.6,70,15.9,875.4,3.2,227,Khumaltar,27.6468,85.3248
2024-10-20T11:00,22.0,67,15.7,874.8,4.6,234,Khumaltar,27.6468,85.3248
2024-10-20T12:00,21.3,73,16.4,874.1,3.6,270,Khumaltar,27.6468,85.3248
2024-10-20T13:00,21.1,75,16.4,872.9,6.7,261,Khumaltar,27.6468,85.3248
2024-10-20T14:00,20.0,80,16.3,872.6,3.9,233,Khumaltar,27.6468,85.3248
2024-10-20T15:00,19.9,77,15.7,872.4,3.7,313,Khumaltar,27.6468,85.3248
2024-10-20T16:00,18.7,84,15.8,872.3,3.7,337,Khumaltar,27.6468,85.3248
2024-10-20T17:00,17.9,90,16.2,872.3,1.8,354,Khumaltar,27.6468,85.3248
2024-10-20T18:00,16.6,96,15.9,872.1,4.4,300,Khumaltar,27.6468,85.3248
2024-10-20T19:00,16.4,98,16.1,872.3,3.0,253,Khumaltar,27.6468,85.3248
2024-10-20T20:00,15.1,99,15.0,872.0,2.7,188,Khumaltar,27.6468,85.3248
2024-10-20T21:00,14.6,100,14.6,872.0,3.4,177,Khumaltar,27.6468,85.3248
2024-10-20T22:00,14.7,100,14.6,872.2,2.9,176,Khumaltar,27.6468,85.3248
2024-10-20T23:00,14.8,100,14.8,872.4,2.2,180,Khumaltar,27.6468,85.3248
2024-10-21T00:00,14.2,100,14.2,872.0,2.3,176,Khumaltar,27.6468,85.3248
2024-10-21T01:00,14.1,100,14.1,871.7,3.1,177,Khumaltar,27.6468,85.3248
2024-10-21T02:00,14.0,99,13.9,871.6,3.4,180,Khumaltar,27.6468,85.3248
2024-10-21T03:00,13.7,99,13.6,871.4,2.5,180,Khumaltar,27.6468,85.3248
2024-10-21T04:00,13.4,99,13.3,871.0,2.7,180,Khumaltar,27.6468,85.3248
2024-10-21T05:00,12.8,100,12.7,870.9,2.7,176,Khumaltar,27.6468,85.3248
2024-10-21T06:00,13.6,99,13.5,871.4,5.0,161,Khumaltar,27.6468,85.3248
2024-10-21T07:00,15.8,99,15.7,873.6,4.7,137,Khumaltar,27.6468,85.3248
2024-10-21T08:00,19.0,85,16.5,875.6,3.9,118,Khumaltar,27.6468,85.3248
2024-10-21T09:00,20.8,72,15.5,875.9,4.6,129,Khumaltar,27.6468,85.3248
2024-10-21T10:00,22.0,62,14.3,875.4,6.0,129,Khumaltar,27.6468,85.3248
2024-10-21T11:00,22.7,60,14.5,874.7,6.5,113,Khumaltar,27.6468,85.3248
2024-10-21T12:00,22.3,62,14.7,873.9,6.9,133,Khumaltar,27.6468,85.3248
2024-10-21T13:00,20.9,71,15.5,873.4,8.0,211,Khumaltar,27.6468,85.3248
2024-10-21T14:00,20.6,76,16.1,872.9,6.1,194,Khumaltar,27.6468,85.3248
2024-10-21T15:00,20.9,73,15.8,872.7,1.8,225,Khumaltar,27.6468,85.3248
2024-10-21T16:00,18.8,79,15.1,872.8,2.2,14,Khumaltar,27.6468,85.3248
2024-10-21T17:00,16.5,92,15.2,871.4,2.5,184,Khumaltar,27.6468,85.3248
2024-10-21T18:00,15.7,95,14.9,871.3,3.2,161,Khumaltar,27.6468,85.3248
2024-10-21T19:00,14.8,98,14.5,870.9,2.8,169,Khumaltar,27.6468,85.3248
2024-10-21T20:00,14.2,98,13.9,871.2,2.2,175,Khumaltar,27.6468,85.3248
2024-10-21T21:00,14.2,97,13.7,871.9,2.3,176,Khumaltar,27.6468,85.3248
2024-10-21T22:00,14.1,97,13.7,872.3,2.5,188,Khumaltar,27.6468,85.3248
2024-10-21T23:00,13.8,97,13.4,872.2,2.5,201,Khumaltar,27.6468,85.3248
2024-10-22T00:00,13.2,96,12.6,871.6,2.1,211,Khumaltar,27.6468,85.3248
2024-10-22T01:00,13.5,92,12.2,871.5,0.4,180,Khumaltar,27.6468,85.3248
2024-10-22T02:00,12.7,93,11.5,870.5,1.1,189,Khumaltar,27.6468,85.3248
2024-10-22T03:00,12.4,93,11.3,870.1,1.6,186,Khumaltar,27.6468,85.3248
2024-10-22T04:00,12.1,93,11.0,869.8,0.7,180,Khumaltar,27.6468,85.3248
2024-10-22T05:00,11.9,93,10.8,870.0,0.4,180,Khumaltar,27.6468,85.3248
2024-10-22T06:00,13.7,94,12.7,871.7,2.2,166,Khumaltar,27.6468,85.3248
2024-10-22T07:00,17.1,91,15.5,873.7,2.3,157,Khumaltar,27.6468,85.3248
2024-10-22T08:00,20.3,75,15.7,875.4,1.5,126,Khumaltar,27.6468,85.3248
2024-10-22T09:00,22.6,62,15.0,876.1,0.4,333,Khumaltar,27.6468,85.3248
2024-10-22T10:00,24.0,52,13.6,875.8,0.4,90,Khumaltar,27.6468,85.3248
2024-10-22T11:00,24.5,49,13.2,875.2,1.7,193,Khumaltar,27.6468,85.3248
2024-10-22T12:00,24.4,51,13.7,874.6,1.4,247,Khumaltar,27.6468,85.3248
2024-10-22T13:00,23.3,55,13.7,873.9,4.3,268,Khumaltar,27.6468,85.3248
2024-10-22T14:00,22.7,54,13.0,873.4,1.5,324,Khumaltar,27.6468,85.3248
2024-10-22T15:00,22.7,56,13.5,873.1,5.1,309,Khumaltar,27.6468,85.3248
2024-10-22T16:00,21.1,72,15.8,872.9,3.9,317,Khumaltar,27.6468,85.3248
2024-10-22T17:00,18.2,82,15.0,871.7,6.8,318,Khumaltar,27.6468,85.3248
2024-10-22T18:00,18.0,79,14.2,872.0,3.8,245,Khumaltar,27.6468,85.3248
2024-10-22T19:00,17.9,74,13.3,872.6,1.3,214,Khumaltar,27.6468,85.3248
2024-10-22T20:00,18.5,68,12.5,873.4,1.3,196,Khumaltar,27.6468,85.3248
2024-10-22T21:00,18.3,67,12.1,873.3,1.6,180,Khumaltar,27.6468,85.3248
2024-10-22T22:00,17.3,70,11.8,872.7,2.0,170,Khumaltar,27.6468,85.3248
2024-10-22T23:00,14.5,83,11.6,870.9,2.7,180,Khumaltar,27.6468,85.3248
2024-10-23T00:00,14.3,84,11.6,870.5,3.1,180,Khumaltar,27.6468,85.3248
2024-10-23T01:00,14.1,85,11.6,870.3,3.0,166,Khumaltar,27.6468,85.3248
2024-10-23T02:00,14.2,84,11.6,870.2,3.2,153,Khumaltar,27.6468,85.3248
2024-10-23T03:00,14.4,83,11.6,870.2,2.3,157,Khumaltar,27.6468,85.3248
2024-10-23T04:00,14.9,80,11.4,870.5,1.9,151,Khumaltar,27.6468,85.3248
2024-10-23T05:00,14.1,84,11.3,870.6,0.9,169,Khumaltar,27.6468,85.3248
2024-10-23T06:00,15.1,90,13.4,872.7,2.8,140,Khumaltar,27.6468,85.3248
2024-10-23T07:00,17.9,85,15.4,874.0,4.1,124,Khumaltar,27.6468,85.3248
2024-10-23T08:00,20.5,69,14.7,875.6,4.1,90,Khumaltar,27.6468,85.3248
2024-10-23T09:00,22.4,58,13.8,875.7,6.0,57,Khumaltar,27.6468,85.3248
2024-10-23T10:00,23.9,50,12.9,875.6,6.0,74,Khumaltar,27.6468,85.3248
2024-10-23T11:00,25.5,41,11.4,874.7,4.3,95,Khumaltar,27.6468,85.3248
2024-10-23T12:00,26.2,39,11.3,873.8,4.0,122,Khumaltar,27.6468,85.3248
2024-10-23T13:00,26.2,39,11.3,873.0,4.0,122,Khumaltar,27.6468,85.3248
2024-10-23T14:00,25.1,45,12.5,872.5,5.7,189,Khumaltar,27.6468,85.3248
2024-10-23T15:00,23.9,56,14.7,872.2,4.2,239,Khumaltar,27.6468,85.3248
2024-10-23T16:00,22.0,72,16.7,871.9,3.9,246,Khumaltar,27.6468,85.3248
2024-10-23T17:00,18.6,85,16.0,871.0,5.3,246,Khumaltar,27.6468,85.3248
2024-10-23T18:00,17.6,89,15.8,871.4,4.6,206,Khumaltar,27.6468,85.3248
2024-10-23T19:00,16.1,93,15.0,871.2,1.8,180,Khumaltar,27.6468,85.3248
2024-10-23T20:00,15.7,91,14.3,871.4,1.5,159,Khumaltar,27.6468,85.3248
2024-10-23T21:00,16.1,92,14.8,871.6,6.8,178,Khumaltar,27.6468,85.3248
2024-10-23T22:00,15.4,95,14.5,871.0,3.4,186,Khumaltar,27.6468,85.3248
2024-10-23T23:00,15.0,93,13.9,870.8,0.4,180,Khumaltar,27.6468,85.3248
2024-10-24T00:00,15.2,89,13.3,870.3,1.7,198,Khumaltar,27.6468,85.3248
2024-10-24T01:00,15.5,87,13.4,869.8,3.0,205,Khumaltar,27.6468,85.3248
2024-10-24T02:00,14.6,88,12.6,869.1,1.9,197,Khumaltar,27.6468,85.3248
2024-10-24T03:00,18.0,72,12.9,870.5,2.2,189,Khumaltar,27.6468,85.3248
2024-10-24T04:00,19.0,69,13.2,871.1,4.4,235,Khumaltar,27.6468,85.3248
2024-10-24T05:00,19.0,72,13.9,871.7,3.9,28,Khumaltar,27.6468,85.3248
2024-10-24T06:00,18.4,80,14.8,872.1,4.5,256,Khumaltar,27.6468,85.3248
2024-10-24T07:00,19.2,80,15.7,872.9,4.4,322,Khumaltar,27.6468,85.3248
2024-10-24T08:00,20.7,76,16.3,873.9,2.4,343,Khumaltar,27.6468,85.3248
2024-10-24T09:00,22.8,64,15.5,874.6,0.7,284,Khumaltar,27.6468,85.3248
2024-10-24T10:00,24.3,54,14.3,874.4,2.1,308,Khumaltar,27.6468,85.3248
2024-10-24T11:00,24.7,52,14.2,873.5,4.6,312,Khumaltar,27.6468,85.3248
2024-10-24T12:00,24.7,54,14.7,872.4,6.2,303,Khumaltar,27.6468,85.3248
2024-10-24T13:00,24.1,56,14.8,871.6,7.1,264,Khumaltar,27.6468,85.3248
2024-10-24T14:00,23.2,62,15.6,871.1,7.4,264,Khumaltar,27.6468,85.3248
2024-10-24T15:00,22.7,65,15.8,871.1,5.8,268,Khumaltar,27.6468,85.3248
2024-10-24T16:00,21.4,74,16.6,870.9,4.4,282,Khumaltar,27.6468,85.3248
2024-10-24T17:00,18.9,87,16.6,870.5,4.7,268,Khumaltar,27.6468,85.3248
2024-10-24T18:00,17.4,94,16.3,870.4,4.6,234,Khumaltar,27.6468,85.3248
2024-10-24T19:00,17.7,95,16.9,871.5,2.4,216,Khumaltar,27.6468,85.3248
2024-10-24T20:00,17.7,96,17.0,871.8,1.7,212,Khumaltar,27.6468,85.3248
2024-10-24T21:00,17.4,96,16.8,872.1,3.4,238,Khumaltar,27.6468,85.3248
2024-10-24T22:00,18.3,90,16.6,872.5,2.7,262,Khumaltar,27.6468,85.3248
2024-10-24T23:00,17.6,94,16.7,871.7,2.8,333,Khumaltar,27.6468,85.3248
2024-10-25T00:00,16.8,99,16.6,870.8,3.2,317,Khumaltar,27.6468,85.3248
2024-10-25T01:00,16.6,99,16.5,870.2,4.0,278,Khumaltar,27.6468,85.3248
2024-10-25T02:00,16.6,100,16.6,869.7,1.4,230,Khumaltar,27.6468,85.3248
2024-10-25T03:00,16.9,97,16.5,869.7,1.5,277,Khumaltar,27.6468,85.3248
2024-10-25T04:00,17.0,96,16.3,869.8,0.4,117,Khumaltar,27.6468,85.3248
2024-10-25T05:00,16.7,96,16.1,870.3,1.9,146,Khumaltar,27.6468,85.3248
2024-10-25T06:00,17.1,95,16.3,871.0,0.9,143,Khumaltar,27.6468,85.3248
2024-10-25T07:00,17.3,95,16.5,871.5,2.8,153,Khumaltar,27.6468,85.3248
2024-10-25T08:00,18.9,86,16.6,872.6,3.0,142,Khumaltar,27.6468,85.3248
2024-10-25T09:00,21.3,77,17.2,873.4,3.4,137,Khumaltar,27.6468,85.3248
2024-10-25T10:00,23.0,66,16.3,873.3,3.8,139,Khumaltar,27.6468,85.3248
2024-10-25T11:00,23.7,62,16.0,872.7,3.5,156,Khumaltar,27.6468,85.3248
2024-10-25T12:00,23.7,60,15.4,871.9,4.2,192,Khumaltar,27.6468,85.3248
2024-10-25T13:00,23.2,63,15.7,871.2,7.7,221,Khumaltar,27.6468,85.3248
2024-10-25T14:00,21.9,69,16.0,871.0,7.4,225,Khumaltar,27.6468,85.3248
2024-10-25T15:00,21.3,72,16.2,871.0,4.1,255,Khumaltar,27.6468,85.3248
2024-10-25T16:00,20.6,77,16.3,871.2,3.4,267,Khumaltar,27.6468,85.3248
2024-10-25T17:00,18.5,88,16.4,871.2,3.0,256,Khumaltar,27.6468,85.3248
2024-10-25T18:00,17.5,95,16.6,870.8,3.5,261,Khumaltar,27.6468,85.3248
2024-10-25T19:00,17.7,93,16.5,871.6,1.8,233,Khumaltar,27.6468,85.3248
2024-10-25T20:00,16.8,98,16.5,871.9,1.7,221,Khumaltar,27.6468,85.3248
2024-10-25T21:00,16.4,99,16.3,872.3,1.6,174,Khumaltar,27.6468,85.3248
2024-10-25T22:00,15.5,100,15.4,871.7,1.3,180,Khumaltar,27.6468,85.3248
2024-10-25T23:00,15.3,99,15.2,871.1,1.6,180,Khumaltar,27.6468,85.3248
2024-10-26T00:00,15.2,99,15.1,870.3,3.2,183,Khumaltar,27.6468,85.3248
2024-10-26T01:00,14.6,100,14.6,869.4,3.6,171,Khumaltar,27.6468,85.3248
2024-10-26T02:00,14.1,99,14.0,868.7,1.9,163,Khumaltar,27.6468,85.3248
2024-10-26T03:00,13.7,100,13.6,868.3,2.3,157,Khumaltar,27.6468,85.3248
2024-10-26T04:00,13.4,100,13.4,868.2,1.7,167,Khumaltar,27.6468,85.3248
2024-10-26T05:00,13.1,100,13.0,868.5,1.3,172,Khumaltar,27.6468,85.3248
2024-10-26T06:00,13.0,99,12.9,869.1,0.9,180,Khumaltar,27.6468,85.3248
2024-10-26T07:00,16.2,98,15.8,871.2,2.0,175,Khumaltar,27.6468,85.3248
2024-10-26T08:00,20.2,82,17.1,873.7,2.2,132,Khumaltar,27.6468,85.3248
2024-10-26T09:00,22.1,73,17.0,874.3,1.0,45,Khumaltar,27.6468,85.3248
2024-10-26T10:00,23.4,67,16.9,873.9,1.8,354,Khumaltar,27.6468,85.3248
2024-10-26T11:00,24.0,61,16.0,873.2,0.7,14,Khumaltar,27.6468,85.3248
2024-10-26T12:00,24.3,60,16.0,872.6,1.1,18,Khumaltar,27.6468,85.3248
2024-10-26T13:00,24.1,60,15.8,871.7,1.0,239,Khumaltar,27.6468,85.3248
2024-10-26T14:00,23.7,62,15.9,871.3,2.5,278,Khumaltar,27.6468,85.3248
2024-10-26T15:00,23.2,64,15.9,870.9,3.5,294,Khumaltar,27.6468,85.3248
2024-10-26T16:00,21.8,76,17.4,870.7,3.1,301,Khumaltar,27.6468,85.3248
2024-10-26T17:00,18.9,86,16.5,870.2,5.3,280,Khumaltar,27.6468,85.3248
2024-10-26T18:00,17.7,93,16.6,870.4,3.2,218,Khumaltar,27.6468,85.3248
2024-10-26T19:00,17.6,97,17.0,871.2,4.2,220,Khumaltar,27.6468,85.3248
2024-10-26T20:00,17.6,98,17.2,871.7,2.4,228,Khumaltar,27.6468,85.3248
2024-10-26T21:00,18.2,93,17.0,872.1,2.6,236,Khumaltar,27.6468,85.3248
2024-10-26T22:00,18.3,89,16.4,872.1,2.4,228,Khumaltar,27.6468,85.3248
2024-10-26T23:00,16.9,91,15.4,871.0,2.0,207,Khumaltar,27.6468,85.3248
2024-10-27T00:00,15.7,94,14.7,870.1,1.3,172,Khumaltar,27.6468,85.3248
2024-10-27T01:00,14.5,97,14.0,869.1,1.6,174,Khumaltar,27.6468,85.3248
2024-10-27T02:00,14.2,98,14.0,868.5,1.5,173,Khumaltar,27.6468,85.3248
2024-10-27T03:00,13.8,99,13.6,868.0,1.7,167,Khumaltar,27.6468,85.3248
2024-10-27T04:00,14.1,96,13.6,868.1,2.6,164,Khumaltar,27.6468,85.3248
2024-10-27T05:00,13.4,97,12.9,868.1,2.4,167,Khumaltar,27.6468,85.3248
2024-10-27T06:00,14.1,100,14.1,869.5,3.9,164,Khumaltar,27.6468,85.3248
2024-10-27T07:00,17.2,96,16.6,871.4,2.1,165,Khumaltar,27.6468,85.3248
2024-10-27T08:00,21.2,77,17.1,873.5,4.0,183,Khumaltar,27.6468,85.3248
2024-10-27T09:00,22.9,70,17.1,873.9,1.8,225,Khumaltar,27.6468,85.3248
2024-10-27T10:00,24.2,63,16.8,873.7,1.4,270,Khumaltar,27.6468,85.3248
2024-10-27T11:00,24.7,60,16.4,872.8,2.9,274,Khumaltar,27.6468,85.3248
2024-10-27T12:00,24.3,62,16.5,872.0,5.1,260,Khumaltar,27.6468,85.3248
2024-10-27T13:00,23.7,65,16.8,871.0,6.9,263,Khumaltar,27.6468,85.3248
2024-10-27T14:00,22.8,70,16.9,870.5,7.4,277,Khumaltar,27.6468,85.3248
2024-10-27T15:00,22.4,72,17.1,870.1,6.2,300,Khumaltar,27.6468,85.3248
2024-10-27T16:00,21.4,80,17.8,870.1,5.3,322,Khumaltar,27.6468,85.3248
2024-10-27T17:00,18.5,94,17.5,869.1,4.3,336,Khumaltar,27.6468,85.3248
2024-10-27T18:00,18.7,91,17.2,869.5,4.4,322,Khumaltar,27.6468,85.3248
2024-10-27T19:00,18.5,89,16.7,870.0,3.3,225,Khumaltar,27.6468,85.3248
2024-10-27T20:00,18.7,86,16.2,870.4,3.7,227,Khumaltar,27.6468,85.3248
2024-10-27T21:00,18.9,82,15.8,870.6,2.6,219,Khumaltar,27.6468,85.3248
2024-10-27T22:00,19.0,79,15.2,870.6,1.4,203,Khumaltar,27.6468,85.3248
2024-10-27T23:00,19.3,73,14.4,870.2,2.0,225,Khumaltar,27.6468,85.3248
2024-10-28T00:00,19.4,71,14.1,869.8,1.2,207,Khumaltar,27.6468,85.3248
2024-10-28T01:00,19.5,71,14.0,869.2,2.4,171,Khumaltar,27.6468,85.3248
2024-10-28T02:00,19.3,71,13.9,868.8,2.9,150,Khumaltar,27.6468,85.3248
2024-10-28T03:00,18.9,71,13.6,868.5,2.9,137,Khumaltar,27.6468,85.3248
2024-10-28T04:00,17.9,74,13.3,868.2,3.0,142,Khumaltar,27.6468,85.3248
2024-10-28T05:00,16.0,82,12.9,868.1,2.1,160,Khumaltar,27.6468,85.3248
2024-10-28T06:00,14.8,97,14.3,868.5,2.0,180,Khumaltar,27.6468,85.3248
2024-10-28T07:00,17.4,95,16.6,870.5,1.1,162,Khumaltar,27.6468,85.3248
2024-10-28T08:00,20.5,79,16.7,872.5,3.1,80,Khumaltar,27.6468,85.3248
2024-10-28T09:00,22.2,71,16.6,873.0,2.4,54,Khumaltar,27.6468,85.3248
2024-10-28T10:00,23.6,61,15.7,872.9,2.8,342,Khumaltar,27.6468,85.3248
2024-10-28T11:00,24.5,57,15.5,872.2,5.8,326,Khumaltar,27.6468,85.3248
2024-10-28T12:00,24.9,56,15.4,871.0,6.4,322,Khumaltar,27.6468,85.3248
2024-10-28T13:00,24.7,58,15.9,870.1,7.1,317,Khumaltar,27.6468,85.3248
2024-10-28T14:00,24.0,64,16.7,869.5,7.8,310,Khumaltar,27.6468,85.3248
2024-10-28T15:00,22.8,71,17.3,869.2,8.4,310,Khumaltar,27.6468,85.3248
2024-10-28T16:00,21.3,80,17.7,869.1,4.8,312,Khumaltar,27.6468,85.3248
2024-10-28T17:00,18.6,92,17.3,868.6,4.0,273,Khumaltar,27.6468,85.3248
2024-10-28T18:00,17.5,89,15.6,868.7,4.9,253,Khumaltar,27.6468,85.3248
2024-10-28T19:00,16.7,91,15.2,869.0,5.2,243,Khumaltar,27.6468,85.3248
2024-10-28T20:00,16.3,91,14.9,869.5,6.0,254,Khumaltar,27.6468,85.3248
2024-10-28T21:00,16.3,92,15.0,869.6,4.8,233,Khumaltar,27.6468,85.3248
2024-10-28T22:00,15.1,97,14.6,868.9,3.9,214,Khumaltar,27.6468,85.3248
2024-10-28T23:00,14.5,98,14.3,868.1,2.7,200,Khumaltar,27.6468,85.3248
2024-10-29T00:00,14.2,99,14.1,867.4,1.7,198,Khumaltar,27.6468,85.3248
2024-10-29T01:00,14.0,100,14.0,867.0,0.7,194,Khumaltar,27.6468,85.3248
2024-10-29T02:00,13.7,100,13.7,866.6,0.4,180,Khumaltar,27.6468,85.3248
2024-10-29T03:00,13.3,100,13.3,866.4,0.9,180,Khumaltar,27.6468,85.3248
2024-10-29T04:00,12.8,100,12.8,866.5,0.4,180,Khumaltar,27.6468,85.3248
2024-10-29T05:00,12.6,100,12.6,867.1,0.4,180,Khumaltar,27.6468,85.3248
2024-10-29T06:00,13.0,100,13.0,867.8,2.0,190,Khumaltar,27.6468,85.3248
2024-10-29T07:00,16.1,95,15.3,869.9,1.8,186,Khumaltar,27.6468,85.3248
2024-10-29T08:00,20.3,76,16.0,872.5,2.5,21,Khumaltar,27.6468,85.3248
2024-10-29T09:00,22.2,67,15.7,873.1,3.3,354,Khumaltar,27.6468,85.3248
2024-10-29T10:00,23.6,61,15.8,872.9,4.1,315,Khumaltar,27.6468,85.3248
2024-10-29T11:00,24.7,57,15.7,872.1,6.0,307,Khumaltar,27.6468,85.3248
2024-10-29T12:00,24.9,54,15.0,871.1,8.4,298,Khumaltar,27.6468,85.3248
2024-10-29T13:00,24.0,61,16.0,870.3,10.6,293,Khumaltar,27.6468,85.3248
2024-10-29T14:00,23.3,64,16.2,869.8,10.4,296,Khumaltar,27.6468,85.3248
2024-10-29T15:00,22.5,68,16.2,869.5,9.3,306,Khumaltar,27.6468,85.3248
2024-10-29T16:00,21.2,76,16.7,869.3,5.8,309,Khumaltar,27.6468,85.3248
2024-10-29T17:00,18.4,91,16.9,868.7,5.2,299,Khumaltar,27.6468,85.3248
2024-10-29T18:00,17.4,93,16.2,868.5,5.1,252,Khumaltar,27.6468,85.3248
2024-10-29T19:00,16.7,94,15.7,868.8,4.2,234,Khumaltar,27.6468,85.3248
2024-10-29T20:00,17.3,91,15.9,869.7,4.1,241,Khumaltar,27.6468,85.3248
2024-10-29T21:00,18.2,90,16.5,870.3,3.0,232,Khumaltar,27.6468,85.3248
2024-10-29T22:00,17.4,94,16.4,869.8,2.8,230,Khumaltar,27.6468,85.3248
2024-10-29T23:00,15.3,99,15.1,868.5,3.3,221,Khumaltar,27.6468,85.3248
2024-10-30T00:00,14.7,100,14.7,868.0,3.1,211,Khumaltar,27.6468,85.3248
2024-10-30T01:00,14.6,100,14.6,867.5,2.2,215,Khumaltar,27.6468,85.3248
2024-10-30T02:00,14.5,100,14.5,867.3,1.2,207,Khumaltar,27.6468,85.3248
2024-10-30T03:00,13.8,100,13.8,866.9,1.7,193,Khumaltar,27.6468,85.3248
2024-10-30T04:00,13.3,100,13.2,867.1,2.0,190,Khumaltar,27.6468,85.3248
2024-10-30T05:00,13.3,99,13.1,867.7,1.8,186,Khumaltar,27.6468,85.3248
2024-10-30T06:00,14.2,99,14.1,868.8,1.6,186,Khumaltar,27.6468,85.3248
2024-10-30T07:00,16.6,98,16.3,870.7,0.7,194,Khumaltar,27.6468,85.3248
2024-10-30T08:00,20.1,85,17.5,872.8,1.7,13,Khumaltar,27.6468,85.3248
2024-10-30T09:00,21.7,74,16.8,873.3,0.3,315,Khumaltar,27.6468,85.3248
2024-10-30T10:00,22.9,68,16.7,873.0,2.4,257,Khumaltar,27.6468,85.3248
2024-10-30T11:00,23.2,66,16.4,872.2,4.1,272,Khumaltar,27.6468,85.3248
2024-10-30T12:00,23.2,67,16.7,871.7,5.6,264,Khumaltar,27.6468,85.3248
2024-10-30T13:00,23.0,68,16.8,870.8,6.8,267,Khumaltar,27.6468,85.3248
2024-10-30T14:00,22.7,69,16.8,870.5,6.4,281,Khumaltar,27.6468,85.3248
2024-10-30T15:00,21.9,72,16.6,870.4,6.8,292,Khumaltar,27.6468,85.3248
2024-10-30T16:00,20.9,78,17.0,870.4,3.7,309,Khumaltar,27.6468,85.3248
2024-10-30T17:00,19.0,90,17.4,870.3,3.6,300,Khumaltar,27.6468,85.3248
2024-10-30T18:00,17.3,97,16.8,870.6,3.8,287,Khumaltar,27.6468,85.3248
2024-10-30T19:00,16.4,99,16.2,870.8,3.3,241,Khumaltar,27.6468,85.3248
2024-10-30T20:00,15.8,100,15.8,870.7,2.8,225,Khumaltar,27.6468,85.3248
2024-10-30T21:00,15.5,100,15.5,870.9,2.0,207,Khumaltar,27.6468,85.3248
2024-10-30T22:00,15.1,100,15.1,870.7,1.3,196,Khumaltar,27.6468,85.3248
2024-10-30T23:00,15.1,100,15.0,870.5,0.9,191,Khumaltar,27.6468,85.3248
2024-10-31T00:00,15.0,99,14.8,870.1,1.1,180,Khumaltar,27.6468,85.3248
2024-10-31T01:00,14.6,97,14.2,869.5,2.0,185,Khumaltar,27.6468,85.3248
2024-10-31T02:00,14.5,96,13.9,869.1,1.5,187,Khumaltar,27.6468,85.3248
2024-10-31T03:00,14.2,96,13.6,868.6,1.1,189,Khumaltar,27.6468,85.3248
2024-10-31T04:00,14.2,95,13.4,868.5,1.6,186,Khumaltar,27.6468,85.3248
2024-10-31T05:00,14.0,96,13.4,868.9,2.4,193,Khumaltar,27.6468,85.3248
2024-10-31T06:00,14.3,97,13.9,869.3,1.8,186,Khumaltar,27.6468,85.3248
2024-10-31T07:00,17.5,92,16.1,871.5,2.3,184,Khumaltar,27.6468,85.3248
2024-10-31T08:00,20.2,77,16.0,873.1,1.7,131,Khumaltar,27.6468,85.3248
2024-10-31T09:00,21.4,72,16.1,873.9,2.4,167,Khumaltar,27.6468,85.3248
2024-10-31T10:00,22.5,66,15.9,873.7,3.3,229,Khumaltar,27.6468,85.3248
2024-10-31T11:00,23.3,62,15.5,872.8,3.1,260,Khumaltar,27.6468,85.3248
2024-10-31T12:00,23.8,59,15.4,872.0,4.3,272,Khumaltar,27.6468,85.3248
2024-10-31T13:00,23.1,62,15.5,871.4,5.4,274,Khumaltar,27.6468,85.3248
2024-10-31T14:00,22.1,68,15.9,871.0,6.2,282,Khumaltar,27.6468,85.3248
2024-10-31T15:00,21.7,70,16.1,870.5,5.5,289,Khumaltar,27.6468,85.3248
2024-10-31T16:00,20.6,76,16.2,870.4,5.6,297,Khumaltar,27.6468,85.3248
2024-10-31T17:00,18.8,88,16.7,870.2,3.6,297,Khumaltar,27.6468,85.3248
2024-10-31T18:00,17.6,96,17.0,870.3,3.7,281,Khumaltar,27.6468,85.3248
2024-10-31T19:00,16.9,97,16.5,870.3,4.3,253,Khumaltar,27.6468,85.3248
2024-10-31T20:00,17.5,95,16.7,870.8,2.6,231,Khumaltar,27.6468,85.3248
2024-10-31T21:00,17.3,96,16.6,871.0,0.5,180,Khumaltar,27.6468,85.3248
2024-10-31T22:00,15.5,100,15.4,870.1,0.3,225,Khumaltar,27.6468,85.3248
2024-10-31T23:00,15.4,99,15.3,869.9,1.7,198,Khumaltar,27.6468,85.3248
2024-11-01T00:00,14.6,100,14.6,869.1,2.7,203,Khumaltar,27.6468,85.3248
2024-11-01T01:00,14.1,100,14.0,868.6,3.5,208,Khumaltar,27.6468,85.3248
2024-11-01T02:00,13.9,99,13.8,868.4,3.6,198,Khumaltar,27.6468,85.3248
2024-11-01T03:00,13.9,100,13.8,868.4,2.9,187,Khumaltar,27.6468,85.3248
2024-11-01T04:00,14.0,99,13.8,868.7,2.7,184,Khumaltar,27.6468,85.3248
2024-11-01T05:00,14.1,97,13.6,869.3,2.3,180,Khumaltar,27.6468,85.3248
2024-11-01T06:00,14.3,95,13.4,869.9,2.8,165,Khumaltar,27.6468,85.3248
2024-11-01T07:00,17.2,90,15.5,872.4,3.4,155,Khumaltar,27.6468,85.3248
2024-11-01T08:00,20.0,77,15.8,874.3,3.3,99,Khumaltar,27.6468,85.3248
2024-11-01T09:00,21.3,71,15.9,875.1,4.5,113,Khumaltar,27.6468,85.3248
2024-11-01T10:00,22.6,64,15.5,875.0,4.5,157,Khumaltar,27.6468,85.3248
2024-11-01T11:00,23.1,61,15.1,874.2,5.2,178,Khumaltar,27.6468,85.3248
2024-11-01T12:00,23.5,60,15.3,873.5,5.2,207,Khumaltar,27.6468,85.3248
2024-11-01T13:00,22.9,63,15.5,873.0,6.1,230,Khumaltar,27.6468,85.3248
2024-11-01T14:00,21.7,70,16.0,872.5,4.9,242,Khumaltar,27.6468,85.3248
2024-11-01T15:00,21.1,73,16.1,872.4,4.5,254,Khumaltar,27.6468,85.3248
2024-11-01T16:00,20.1,78,16.2,872.5,3.6,261,Khumaltar,27.6468,85.3248
2024-11-01T17:00,18.8,88,16.9,872.5,2.2,265,Khumaltar,27.6468,85.3248
2024-11-01T18:00,17.9,94,16.9,872.7,2.5,278,Khumaltar,27.6468,85.3248
2024-11-01T19:00,17.4,95,16.6,873.2,3.6,273,Khumaltar,27.6468,85.3248
2024-11-01T20:00,17.8,91,16.3,873.6,3.6,267,Khumaltar,27.6468,85.3248
2024-11-01T21:00,17.8,90,16.1,873.7,1.8,204,Khumaltar,27.6468,85.3248
2024-11-01T22:00,16.6,95,15.8,873.0,2.2,189,Khumaltar,27.6468,85.3248
2024-11-01T23:00,16.3,97,15.9,872.4,2.8,195,Khumaltar,27.6468,85.3248
2024-11-02T00:00,15.3,100,15.3,871.4,3.5,192,Khumaltar,27.6468,85.3248
2024-11-02T01:00,14.7,100,14.7,870.8,3.3,189,Khumaltar,27.6468,85.3248
2024-11-02T02:00,14.0,100,14.0,870.2,2.8,195,Khumaltar,27.6468,85.3248
2024-11-02T03:00,13.9,100,13.8,870.2,1.3,188,Khumaltar,27.6468,85.3248
2024-11-02T04:00,13.9,100,13.8,870.3,0.9,180,Khumaltar,27.6468,85.3248
2024-11-02T05:00,14.0,100,13.9,870.8,1.5,173,Khumaltar,27.6468,85.3248
2024-11-02T06:00,14.4,99,14.3,871.4,1.1,180,Khumaltar,27.6468,85.3248
2024-11-02T07:00,16.6,99,16.5,873.4,3.5,159,Khumaltar,27.6468,85.3248
2024-11-02T08:00,19.8,84,17.1,875.5,3.1,93,Khumaltar,27.6468,85.3248
2024-11-02T09:00,21.6,72,16.4,876.2,2.3,90,Khumaltar,27.6468,85.3248
2024-11-02T10:00,22.7,67,16.2,876.3,1.8,79,Khumaltar,27.6468,85.3248
2024-11-02T11:00,22.7,67,16.3,875.4,2.9,137,Khumaltar,27.6468,85.3248
2024-11-02T12:00,22.5,70,16.8,874.8,2.7,208,Khumaltar,27.6468,85.3248
2024-11-02T13:00,22.1,71,16.7,874.0,4.5,241,Khumaltar,27.6468,85.3248
2024-11-02T14:00,21.8,72,16.5,873.7,3.7,227,Khumaltar,27.6468,85.3248
2024-11-02T15:00,21.4,74,16.7,873.4,3.2,223,Khumaltar,27.6468,85.3248
2024-11-02T16:00,20.4,81,17.0,873.1,2.7,274,Khumaltar,27.6468,85.3248
2024-11-02T17:00,18.5,90,16.9,872.9,3.6,290,Khumaltar,27.6468,85.3248
2024-11-02T18:00,17.5,95,16.7,873.2,4.0,262,Khumaltar,27.6468,85.3248
2024-11-02T19:00,17.7,95,16.8,873.8,4.1,283,Khumaltar,27.6468,85.3248
2024-11-02T20:00,17.5,96,16.8,874.2,2.7,203,Khumaltar,27.6468,85.3248
2024-11-02T21:00,17.5,96,16.8,874.4,1.8,169,Khumaltar,27.6468,85.3248
2024-11-02T22:00,15.5,99,15.4,873.6,1.5,187,Khumaltar,27.6468,85.3248
2024-11-02T23:00,15.3,100,15.3,873.1,1.1,198,Khumaltar,27.6468,85.3248
2024-11-03T00:00,15.0,99,14.9,872.6,1.7,193,Khumaltar,27.6468,85.3248
2024-11-03T01:00,14.8,99,14.7,872.0,2.7,184,Khumaltar,27.6468,85.3248
2024-11-03T02:00,14.5,99,14.4,871.6,3.6,180,Khumaltar,27.6468,85.3248
2024-11-03T03:00,14.4,99,14.2,871.4,4.5,175,Khumaltar,27.6468,85.3248
2024-11-03T04:00,14.1,99,14.0,871.3,4.0,180,Khumaltar,27.6468,85.3248
2024-11-03T05:00,13.9,99,13.8,871.6,3.4,180,Khumaltar,27.6468,85.3248
2024-11-03T06:00,14.5,99,14.3,872.5,4.5,187,Khumaltar,27.6468,85.3248
2024-11-03T07:00,16.7,99,16.5,874.3,5.0,178,Khumaltar,27.6468,85.3248
2024-11-03T08:00,20.0,86,17.6,876.6,2.2,156,Khumaltar,27.6468,85.3248
2024-11-03T09:00,21.5,75,16.9,877.1,1.3,225,Khumaltar,27.6468,85.3248
2024-11-03T10:00,22.7,71,17.2,876.9,2.6,304,Khumaltar,27.6468,85.3248
2024-11-03T11:00,23.4,68,17.2,875.9,4.2,306,Khumaltar,27.6468,85.3248
2024-11-03T12:00,23.0,67,16.6,874.8,6.7,270,Khumaltar,27.6468,85.3248
2024-11-03T13:00,20.6,79,16.7,873.9,6.3,257,Khumaltar,27.6468,85.3248
2024-11-03T14:00,21.3,76,16.9,873.5,6.7,256,Khumaltar,27.6468,85.3248
2024-11-03T15:00,20.6,79,16.9,873.3,4.9,272,Khumaltar,27.6468,85.3248
2024-11-03T16:00,20.2,85,17.6,872.9,2.2,318,Khumaltar,27.6468,85.3248
2024-11-03T17:00,18.6,87,16.4,873.2,3.1,353,Khumaltar,27.6468,85.3248
2024-11-03T18:00,16.6,98,16.3,872.6,3.3,306,Khumaltar,27.6468,85.3248
2024-11-03T19:00,17.2,96,16.5,873.3,2.7,266,Khumaltar,27.6468,85.3248
2024-11-03T20:00,17.2,94,16.2,873.2,1.4,220,Khumaltar,27.6468,85.3248
2024-11-03T21:00,16.5,94,15.6,873.1,0.4,207,Khumaltar,27.6468,85.3248
2024-11-03T22:00,17.0,93,15.9,873.4,0.9,191,Khumaltar,27.6468,85.3248
2024-11-03T23:00,16.2,94,15.3,872.7,0.4,180,Khumaltar,27.6468,85.3248
2024-11-04T00:00,15.7,96,15.0,872.2,1.3,164,Khumaltar,27.6468,85.3248
2024-11-04T01:00,14.9,98,14.6,871.1,1.5,173,Khumaltar,27.6468,85.3248
2024-11-04T02:00,13.9,99,13.8,870.3,2.2,175,Khumaltar,27.6468,85.3248
2024-11-04T03:00,13.7,99,13.6,869.9,1.6,180,Khumaltar,27.6468,85.3248
2024-11-04T04:00,13.7,99,13.6,870.2,2.0,175,Khumaltar,27.6468,85.3248
2024-11-04T05:00,13.5,99,13.4,870.3,2.2,180,Khumaltar,27.6468,85.3248
2024-11-04T06:00,14.1,98,13.8,871.3,3.4,177,Khumaltar,27.6468,85.3248
2024-11-04T07:00,16.2,96,15.6,873.1,3.5,168,Khumaltar,27.6468,85.3248
2024-11-04T08:00,19.0,82,15.8,875.1,1.4,90,Khumaltar,27.6468,85.3248
2024-11-04T09:00,19.3,76,15.0,875.8,2.4,48,Khumaltar,27.6468,85.3248
2024-11-04T10:00,19.8,73,14.9,875.4,2.9,43,Khumaltar,27.6468,85.3248
2024-11-04T11:00,19.1,74,14.5,874.6,1.8,79,Khumaltar,27.6468,85.3248
2024-11-04T12:00,18.7,81,15.3,873.5,4.5,182,Khumaltar,27.6468,85.3248
2024-11-04T13:00,19.7,75,15.1,873.1,2.9,292,Khumaltar,27.6468,85.3248
2024-11-04T14:00,19.2,74,14.4,872.2,3.7,349,Khumaltar,27.6468,85.3248
2024-11-04T15:00,17.7,85,15.2,872.4,4.8,31,Khumaltar,27.6468,85.3248
2024-11-04T16:00,17.3,89,15.5,872.3,2.7,360,Khumaltar,27.6468,85.3248
2024-11-04T17:00,15.6,97,15.2,871.5,5.3,350,Khumaltar,27.6468,85.3248
2024-11-04T18:00,15.5,99,15.3,872.6,0.3,135,Khumaltar,27.6468,85.3248
2024-11-04T19:00,15.1,99,15.0,873.0,2.5,274,Khumaltar,27.6468,85.3248
2024-11-04T20:00,14.9,97,14.4,873.3,1.5,194,Khumaltar,27.6468,85.3248
2024-11-04T21:00,14.3,96,13.8,873.3,2.1,211,Khumaltar,27.6468,85.3248
2024-11-04T22:00,14.2,96,13.5,873.0,1.9,202,Khumaltar,27.6468,85.3248
2024-11-04T23:00,14.3,96,13.7,872.8,1.9,214,Khumaltar,27.6468,85.3248
2024-11-05T00:00,13.9,98,13.5,872.5,1.3,180,Khumaltar,27.6468,85.3248
2024-11-05T01:00,13.7,97,13.3,872.2,1.1,180,Khumaltar,27.6468,85.3248
2024-11-05T02:00,14.1,96,13.5,872.1,3.5,168,Khumaltar,27.6468,85.3248
2024-11-05T03:00,13.9,97,13.5,871.8,2.4,171,Khumaltar,27.6468,85.3248
2024-11-05T04:00,13.8,99,13.6,872.2,1.8,156,Khumaltar,27.6468,85.3248
2024-11-05T05:00,13.7,98,13.4,872.5,1.9,158,Khumaltar,27.6468,85.3248
2024-11-05T06:00,14.6,95,13.7,873.7,4.5,182,Khumaltar,27.6468,85.3248
2024-11-05T07:00,15.8,91,14.3,874.8,3.1,130,Khumaltar,27.6468,85.3248
2024-11-05T08:00,17.4,85,14.9,876.2,3.8,93,Khumaltar,27.6468,85.3248
2024-11-05T09:00,18.5,78,14.6,876.7,3.4,72,Khumaltar,27.6468,85.3248
2024-11-05T10:00,19.3,70,13.6,876.5,2.9,43,Khumaltar,27.6468,85.3248
2024-11-05T11:00,20.8,60,12.8,875.8,2.8,40,Khumaltar,27.6468,85.3248
2024-11-05T12:00,21.8,51,11.2,874.9,3.0,65,Khumaltar,27.6468,85.3248
2024-11-05T13:00,22.0,50,11.1,874.3,1.2,51,Khumaltar,27.6468,85.3248
2024-11-05T14:00,21.6,52,11.2,873.4,2.7,200,Khumaltar,27.6468,85.3248
2024-11-05T15:00,20.3,56,11.3,873.0,4.7,270,Khumaltar,27.6468,85.3248
2024-11-05T16:00,18.3,71,13.0,872.7,3.2,243,Khumaltar,27.6468,85.3248
2024-11-05T17:00,15.6,82,12.6,871.9,5.6,255,Khumaltar,27.6468,85.3248
2024-11-05T18:00,15.5,87,13.4,873.0,5.3,278,Khumaltar,27.6468,85.3248
2024-11-05T19:00,16.0,82,12.9,873.4,2.8,230,Khumaltar,27.6468,85.3248
2024-11-05T20:00,14.1,90,12.4,872.7,2.6,205,Khumaltar,27.6468,85.3248
2024-11-05T21:00,14.4,86,12.1,873.1,3.2,214,Khumaltar,27.6468,85.3248
2024-11-05T22:00,16.7,74,12.1,874.4,0.7,194,Khumaltar,27.6468,85.3248
2024-11-05T23:00,14.2,84,11.5,873.0,2.6,192,Khumaltar,27.6468,85.3248
2024-11-06T00:00,15.3,78,11.5,873.3,1.5,194,Khumaltar,27.6468,85.3248
2024-11-06T01:00,15.5,76,11.3,873.1,1.9,202,Khumaltar,27.6468,85.3248
2024-11-06T02:00,15.4,75,11.0,872.3,2.8,207,Khumaltar,27.6468,85.3248
2024-11-06T03:00,15.6,71,10.4,872.2,4.5,194,Khumaltar,27.6468,85.3248
2024-11-06T04:00,15.8,66,9.5,872.4,5.4,84,Khumaltar,27.6468,85.3248
2024-11-06T05:00,15.9,63,8.8,872.9,5.2,96,Khumaltar,27.6468,85.3248
2024-11-06T06:00,12.6,87,10.5,872.8,4.0,144,Khumaltar,27.6468,85.3248
2024-11-06T07:00,16.1,78,12.2,875.1,3.7,113,Khumaltar,27.6468,85.3248
2024-11-06T08:00,18.7,68,12.6,876.6,4.4,32,Khumaltar,27.6468,85.3248
2024-11-06T09:00,20.2,62,12.6,877.0,3.6,27,Khumaltar,27.6468,85.3248
2024-11-06T10:00,21.5,57,12.6,876.5,2.9,43,Khumaltar,27.6468,85.3248
2024-11-06T11:00,22.1,56,13.0,875.6,2.3,39,Khumaltar,27.6468,85.3248
2024-11-06T12:00,22.5,54,12.8,874.9,1.8,323,Khumaltar,27.6468,85.3248
2024-11-06T13:00,22.3,53,12.3,874.2,3.2,304,Khumaltar,27.6468,85.3248
2024-11-06T14:00,21.8,53,11.7,873.8,4.0,328,Khumaltar,27.6468,85.3248
2024-11-06T15:00,20.7,56,11.7,873.7,1.5,14,Khumaltar,27.6468,85.3248
2024-11-06T16:00,20.0,58,11.6,873.8,0.8,315,Khumaltar,27.6468,85.3248
2024-11-06T17:00,17.6,75,13.2,873.1,3.6,210,Khumaltar,27.6468,85.3248
2024-11-06T18:00,17.3,76,13.0,873.7,4.0,243,Khumaltar,27.6468,85.3248
2024-11-06T19:00,17.2,74,12.5,874.1,2.6,141,Khumaltar,27.6468,85.3248
2024-11-06T20:00,17.1,71,11.9,874.2,2.9,169,Khumaltar,27.6468,85.3248
2024-11-06T21:00,17.0,70,11.5,874.4,2.5,159,Khumaltar,27.6468,85.3248
2024-11-06T22:00,17.0,68,11.0,874.1,2.7,157,Khumaltar,27.6468,85.3248
2024-11-06T23:00,17.2,64,10.4,873.9,4.0,100,Khumaltar,27.6468,85.3248
2024-11-07T00:00,17.4,58,9.2,873.9,6.1,76,Khumaltar,27.6468,85.3248
2024-11-07T01:00,17.5,54,8.0,873.4,5.4,75,Khumaltar,27.6468,85.3248
2024-11-07T02:00,17.3,52,7.4,872.9,5.5,71,Khumaltar,27.6468,85.3248
2024-11-07T03:00,17.0,52,7.1,872.4,5.1,72,Khumaltar,27.6468,85.3248
2024-11-07T04:00,16.8,52,6.9,872.6,5.2,84,Khumaltar,27.6468,85.3248
2024-11-07T05:00,16.5,53,6.9,872.8,5.9,88,Khumaltar,27.6468,85.3248
2024-11-07T06:00,14.9,63,7.8,873.0,5.1,135,Khumaltar,27.6468,85.3248
2024-11-07T07:00,15.9,65,9.4,874.1,4.3,85,Khumaltar,27.6468,85.3248
2024-11-07T08:00,17.9,61,10.3,875.4,5.0,44,Khumaltar,27.6468,85.3248
2024-11-07T09:00,19.5,59,11.1,876.1,5.4,48,Khumaltar,27.6468,85.3248
2024-11-07T10:00,21.0,55,11.7,876.1,5.5,38,Khumaltar,27.6468,85.3248
2024-11-07T11:00,22.0,53,12.0,875.4,6.0,17,Khumaltar,27.6468,85.3248
2024-11-07T12:00,22.7,51,12.1,874.7,5.9,360,Khumaltar,27.6468,85.3248
2024-11-07T13:00,23.0,50,12.0,873.8,6.4,350,Khumaltar,27.6468,85.3248
2024-11-07T14:00,22.7,51,11.9,873.3,7.2,338,Khumaltar,27.6468,85.3248
2024-11-07T15:00,21.7,55,12.1,872.9,5.6,333,Khumaltar,27.6468,85.3248
2024-11-07T16:00,18.8,78,14.8,872.3,4.5,326,Khumaltar,27.6468,85.3248
2024-11-07T17:00,18.5,68,12.4,872.8,4.0,291,Khumaltar,27.6468,85.3248
2024-11-07T18:00,16.0,78,12.2,872.2,2.9,227,Khumaltar,27.6468,85.3248
2024-11-07T19:00,15.2,78,11.5,872.6,3.9,223,Khumaltar,27.6468,85.3248
2024-11-07T20:00,16.4,70,11.0,873.6,3.7,223,Khumaltar,27.6468,85.3248
2024-11-07T21:00,18.3,62,11.0,874.9,1.6,207,Khumaltar,27.6468,85.3248
2024-11-07T22:00,18.1,63,10.9,874.6,1.1,180,Khumaltar,27.6468,85.3248
2024-11-07T23:00,17.5,65,10.8,874.2,1.8,180,Khumaltar,27.6468,85.3248
2024-11-08T00:00,16.7,68,10.7,873.5,2.6,155,Khumaltar,27.6468,85.3248
2024-11-08T01:00,16.1,70,10.6,873.0,4.1,142,Khumaltar,27.6468,85.3248
2024-11-08T02:00,14.8,75,10.4,872.1,4.0,150,Khumaltar,27.6468,85.3248
2024-11-08T03:00,14.9,76,10.7,871.9,3.2,153,Khumaltar,27.6468,85.3248
2024-11-08T04:00,14.7,78,11.0,872.0,3.4,148,Khumaltar,27.6468,85.3248
2024-11-08T05:00,14.1,81,10.9,872.2,3.4,155,Khumaltar,27.6468,85.3248
2024-11-08T06:00,12.9,92,11.6,872.3,3.9,146,Khumaltar,27.6468,85.3248
2024-11-08T07:00,15.7,87,13.6,874.5,2.1,128,Khumaltar,27.6468,85.3248
2024-11-08T08:00,17.7,86,15.3,876.0,2.7,67,Khumaltar,27.6468,85.3248
2024-11-08T09:00,19.4,74,14.6,876.4,2.3,72,Khumaltar,27.6468,85.3248
2024-11-08T10:00,20.7,67,14.3,876.0,1.5,7,Khumaltar,27.6468,85.3248
2024-11-08T11:00,21.4,63,13.9,874.9,2.4,343,Khumaltar,27.6468,85.3248
2024-11-08T12:00,21.4,62,13.7,874.2,3.7,309,Khumaltar,27.6468,85.3248
2024-11-08T13:00,21.1,64,14.0,873.3,6.0,291,Khumaltar,27.6468,85.3248
2024-11-08T14:00,20.4,69,14.6,873.0,6.3,294,Khumaltar,27.6468,85.3248
2024-11-08T15:00,20.1,71,14.6,872.8,6.8,295,Khumaltar,27.6468,85.3248
2024-11-08T16:00,18.7,80,15.2,872.7,5.6,299,Khumaltar,27.6468,85.3248
2024-11-08T17:00,16.7,92,15.4,872.4,3.6,300,Khumaltar,27.6468,85.3248
2024-11-08T18:00,16.9,84,14.1,872.8,3.5,255,Khumaltar,27.6468,85.3248
2024-11-08T19:00,16.9,82,13.9,873.2,2.6,231,Khumaltar,27.6468,85.3248
2024-11-08T20:00,16.4,84,13.7,873.5,2.6,236,Khumaltar,27.6468,85.3248
2024-11-08T21:00,16.5,84,13.8,873.9,2.8,243,Khumaltar,27.6468,85.3248
2024-11-08T22:00,16.3,85,13.8,873.6,2.9,240,Khumaltar,27.6468,85.3248
2024-11-08T23:00,16.4,85,13.8,873.3,1.2,207,Khumaltar,27.6468,85.3248
2024-11-09T00:00,16.0,85,13.4,872.8,0.2,180,Khumaltar,27.6468,85.3248
2024-11-09T01:00,15.0,88,13.0,872.1,0.4,180,Khumaltar,27.6468,85.3248
2024-11-09T02:00,14.0,93,12.8,871.7,0.9,191,Khumaltar,27.6468,85.3248
2024-11-09T03:00,12.4,98,12.1,870.8,1.8,169,Khumaltar,27.6468,85.3248
2024-11-09T04:00,12.2,99,12.0,870.7,0.9,180,Khumaltar,27.6468,85.3248
2024-11-09T05:00,11.7,99,11.6,871.0,1.3,180,Khumaltar,27.6468,85.3248
2024-11-09T06:00,12.6,100,12.6,871.8,1.1,180,Khumaltar,27.6468,85.3248
2024-11-09T07:00,14.8,98,14.4,873.8,2.2,166,Khumaltar,27.6468,85.3248
2024-11-09T08:00,18.0,82,14.8,875.9,4.3,24,Khumaltar,27.6468,85.3248
2024-11-09T09:00,19.6,72,14.5,876.6,4.5,360,Khumaltar,27.6468,85.3248
2024-11-09T10:00,20.7,66,14.1,876.1,5.1,337,Khumaltar,27.6468,85.3248
2024-11-09T11:00,21.5,61,13.8,875.3,4.7,313,Khumaltar,27.6468,85.3248
2024-11-09T12:00,21.8,61,13.9,874.5,5.6,303,Khumaltar,27.6468,85.3248
2024-11-09T13:00,21.3,64,14.1,873.8,5.8,286,Khumaltar,27.6468,85.3248
2024-11-09T14:00,20.7,67,14.3,873.2,7.1,289,Khumaltar,27.6468,85.3248
2024-11-09T15:00,20.1,69,14.3,873.0,7.5,310,Khumaltar,27.6468,85.3248
2024-11-09T16:00,18.8,78,14.8,872.9,5.5,324,Khumaltar,27.6468,85.3248
2024-11-09T17:00,16.6,90,14.9,872.5,4.4,330,Khumaltar,27.6468,85.3248
2024-11-09T18:00,16.8,87,14.6,872.9,4.8,283,Khumaltar,27.6468,85.3248
2024-11-09T19:00,16.5,88,14.5,873.3,2.6,219,Khumaltar,27.6468,85.3248
2024-11-09T20:00,16.3,89,14.4,873.6,2.2,222,Khumaltar,27.6468,85.3248
2024-11-09T21:00,15.6,90,14.0,873.3,1.0,211,Khumaltar,27.6468,85.3248
2024-11-09T22:00,13.5,96,12.8,872.1,2.4,197,Khumaltar,27.6468,85.3248
2024-11-09T23:00,13.3,97,12.8,871.7,2.4,197,Khumaltar,27.6468,85.3248
2024-11-10T00:00,12.8,97,12.4,871.1,1.1,198,Khumaltar,27.6468,85.3248
2024-11-10T01:00,12.5,97,12.0,870.7,0.6,198,Khumaltar,27.6468,85.3248
2024-11-10T02:00,12.3,98,12.0,870.4,0.7,194,Khumaltar,27.6468,85.3248
2024-11-10T03:00,12.0,99,11.9,870.1,0.7,194,Khumaltar,27.6468,85.3248
2024-11-10T04:00,11.6,100,11.6,870.1,0.4,180,Khumaltar,27.6468,85.3248
2024-11-10T05:00,11.4,100,11.4,870.5,0.5,180,Khumaltar,27.6468,85.3248
2024-11-10T06:00,11.8,100,11.8,871.6,0.9,191,Khumaltar,27.6468,85.3248
2024-11-10T07:00,14.0,99,13.8,873.5,0.9,191,Khumaltar,27.6468,85.3248
2024-11-10T08:00,18.2,83,15.2,876.0,2.4,36,Khumaltar,27.6468,85.3248
2024-11-10T09:00,19.8,72,14.7,876.6,1.8,24,Khumaltar,27.6468,85.3248
2024-11-10T10:00,21.0,64,14.0,876.1,1.2,297,Khumaltar,27.6468,85.3248
2024-11-10T11:00,21.7,61,13.7,875.2,2.5,274,Khumaltar,27.6468,85.3248
2024-11-10T12:00,21.9,59,13.5,874.5,3.0,245,Khumaltar,27.6468,85.3248
2024-11-10T13:00,21.7,60,13.6,873.8,4.2,250,Khumaltar,27.6468,85.3248
2024-11-10T14:00,21.0,62,13.5,873.3,5.4,266,Khumaltar,27.6468,85.3248
2024-11-10T15:00,19.6,69,13.8,873.4,4.9,253,Khumaltar,27.6468,85.3248
2024-11-10T16:00,18.6,80,15.1,873.2,2.4,279,Khumaltar,27.6468,85.3248
2024-11-10T17:00,17.2,90,15.5,873.3,3.1,249,Khumaltar,27.6468,85.3248
2024-11-10T18:00,16.6,89,14.8,873.0,2.9,248,Khumaltar,27.6468,85.3248
2024-11-10T19:00,16.3,89,14.4,873.4,2.3,247,Khumaltar,27.6468,85.3248
2024-11-10T20:00,17.1,80,13.6,874.3,1.7,18,Khumaltar,27.6468,85.3248
2024-11-10T21:00,16.7,81,13.5,874.3,3.1,121,Khumaltar,27.6468,85.3248
2024-11-10T22:00,16.1,85,13.5,873.8,1.5,166,Khumaltar,27.6468,85.3248
2024-11-10T23:00,14.7,90,13.0,872.7,1.3,172,Khumaltar,27.6468,85.3248
2024-11-11T00:00,14.0,92,12.6,871.9,1.4,180,Khumaltar,27.6468,85.3248
2024-11-11T01:00,13.6,92,12.3,871.8,1.1,180,Khumaltar,27.6468,85.3248
2024-11-11T02:00,14.2,89,12.4,871.6,0.9,180,Khumaltar,27.6468,85.3248
2024-11-11T03:00,15.6,83,12.7,872.0,0.4,180,Khumaltar,27.6468,85.3248
2024-11-11T04:00,14.1,88,12.2,871.3,1.9,163,Khumaltar,27.6468,85.3248
2024-11-11T05:00,14.4,87,12.3,871.8,1.3,180,Khumaltar,27.6468,85.3248
2024-11-11T06:00,16.1,84,13.3,873.7,1.5,201,Khumaltar,27.6468,85.3248
2024-11-11T07:00,16.8,85,14.3,874.6,1.3,164,Khumaltar,27.6468,85.3248
2024-11-11T08:00,18.5,80,15.0,875.8,1.9,49,Khumaltar,27.6468,85.3248
2024-11-11T09:00,19.9,72,14.8,876.2,1.5,7,Khumaltar,27.6468,85.3248
2024-11-11T10:00,21.0,64,13.8,875.7,3.3,283,Khumaltar,27.6468,85.3248
2024-11-11T11:00,21.5,61,13.6,874.7,6.3,263,Khumaltar,27.6468,85.3248
2024-11-11T12:00,21.7,59,13.5,873.8,9.3,261,Khumaltar,27.6468,85.3248
2024-11-11T13:00,21.4,61,13.5,873.0,10.5,275,Khumaltar,27.6468,85.3248
2024-11-11T14:00,20.9,63,13.5,872.5,11.2,291,Khumaltar,27.6468,85.3248
2024-11-11T15:00,20.1,65,13.3,872.3,10.1,301,Khumaltar,27.6468,85.3248
2024-11-11T16:00,18.7,73,13.7,871.9,6.1,320,Khumaltar,27.6468,85.3248
2024-11-11T17:00,16.4,84,13.6,871.6,5.3,294,Khumaltar,27.6468,85.3248
2024-11-11T18:00,15.6,90,14.0,871.6,4.6,261,Khumaltar,27.6468,85.3248
2024-11-11T19:00,13.6,96,12.9,871.2,4.6,231,Khumaltar,27.6468,85.3248
2024-11-11T20:00,13.4,96,12.7,871.6,4.2,220,Khumaltar,27.6468,85.3248
2024-11-11T21:00,13.1,95,12.4,871.5,3.6,213,Khumaltar,27.6468,85.3248
2024-11-11T22:00,13.1,95,12.3,871.5,2.5,210,Khumaltar,27.6468,85.3248
2024-11-11T23:00,14.5,90,12.8,871.7,1.0,211,Khumaltar,27.6468,85.3248
2024-11-12T00:00,15.1,86,12.7,871.7,2.0,190,Khumaltar,27.6468,85.3248
2024-11-12T01:00,15.1,86,12.7,871.6,1.9,197,Khumaltar,27.6468,85.3248
2024-11-12T02:00,14.8,87,12.6,871.3,1.3,188,Khumaltar,27.6468,85.3248
2024-11-12T03:00,14.4,87,12.3,870.8,1.5,187,Khumaltar,27.6468,85.3248
2024-11-12T04:00,14.0,87,12.0,870.4,1.3,188,Khumaltar,27.6468,85.3248
2024-11-12T05:00,12.3,91,10.8,869.9,0.5,180,Khumaltar,27.6468,85.3248
2024-11-12T06:00,14.3,80,10.9,871.5,0.9,169,Khumaltar,27.6468,85.3248
2024-11-12T07:00,15.1,82,12.1,872.6,1.3,172,Khumaltar,27.6468,85.3248
2024-11-12T08:00,17.9,70,12.4,874.7,1.7,49,Khumaltar,27.6468,85.3248
2024-11-12T09:00,19.3,67,12.9,875.5,1.9,34,Khumaltar,27.6468,85.3248
2024-11-12T10:00,20.6,60,12.5,875.0,0.4,243,Khumaltar,27.6468,85.3248
2024-11-12T11:00,21.6,55,12.1,873.9,2.1,290,Khumaltar,27.6468,85.3248
2024-11-12T12:00,21.6,55,12.1,872.7,6.0,275,Khumaltar,27.6468,85.3248
2024-11-12T13:00,21.0,59,12.6,871.9,8.9,283,Khumaltar,27.6468,85.3248
2024-11-12T14:00,20.3,63,13.0,871.3,9.7,297,Khumaltar,27.6468,85.3248
2024-11-12T15:00,19.5,66,12.9,870.9,9.4,310,Khumaltar,27.6468,85.3248
2024-11-12T16:00,18.0,75,13.5,870.8,5.2,316,Khumaltar,27.6468,85.3248
2024-11-12T17:00,15.2,89,13.4,870.2,6.3,290,Khumaltar,27.6468,85.3248
2024-11-12T18:00,16.4,85,13.8,870.8,3.8,295,Khumaltar,27.6468,85.3248
2024-11-12T19:00,15.3,90,13.6,870.7,3.2,273,Khumaltar,27.6468,85.3248
2024-11-12T20:00,14.4,94,13.4,870.7,2.3,241,Khumaltar,27.6468,85.3248
2024-11-12T21:00,13.5,98,13.2,870.7,1.1,198,Khumaltar,27.6468,85.3248
2024-11-12T22:00,12.9,100,12.9,870.2,0.7,194,Khumaltar,27.6468,85.3248
2024-11-12T23:00,12.3,100,12.3,869.4,0.8,207,Khumaltar,27.6468,85.3248
2024-11-13T00:00,11.9,100,11.9,868.9,0.4,207,Khumaltar,27.6468,85.3248
2024-11-13T01:00,11.6,100,11.5,868.3,0.6,198,Khumaltar,27.6468,85.3248
2024-11-13T02:00,11.3,99,11.1,867.7,1.3,196,Khumaltar,27.6468,85.3248
2024-11-13T03:00,11.1,97,10.6,867.4,0.4,180,Khumaltar,27.6468,85.3248
2024-11-13T04:00,11.2,95,10.5,867.5,0.7,180,Khumaltar,27.6468,85.3248
2024-11-13T05:00,11.4,95,10.6,867.8,0.7,180,Khumaltar,27.6468,85.3248
2024-11-13T06:00,11.8,95,11.0,868.8,1.3,188,Khumaltar,27.6468,85.3248
2024-11-13T07:00,13.9,91,12.4,870.6,2.4,189,Khumaltar,27.6468,85.3248
2024-11-13T08:00,17.3,78,13.4,872.8,2.2,85,Khumaltar,27.6468,85.3248
2024-11-13T09:00,19.3,69,13.5,873.2,2.3,108,Khumaltar,27.6468,85.3248
2024-11-13T10:00,21.0,56,11.9,873.1,2.9,169,Khumaltar,27.6468,85.3248
2024-11-13T11:00,22.0,49,10.8,872.6,5.0,195,Khumaltar,27.6468,85.3248
2024-11-13T12:00,22.6,49,11.5,871.7,6.2,201,Khumaltar,27.6468,85.3248
2024-11-13T13:00,22.2,51,11.7,870.8,6.7,207,Khumaltar,27.6468,85.3248
2024-11-13T14:00,20.9,62,13.5,870.6,8.6,219,Khumaltar,27.6468,85.3248
2024-11-13T15:00,19.7,69,13.8,870.7,8.0,245,Khumaltar,27.6468,85.3248
2024-11-13T16:00,18.7,73,13.8,870.8,5.0,270,Khumaltar,27.6468,85.3248
2024-11-13T17:00,17.3,84,14.6,870.7,3.4,264,Khumaltar,27.6468,85.3248
2024-11-13T18:00,17.0,85,14.6,871.2,4.2,260,Khumaltar,27.6468,85.3248
2024-11-13T19:00,16.4,92,15.0,871.6,4.4,251,Khumaltar,27.6468,85.3248
2024-11-13T20:00,16.0,96,15.3,871.7,2.8,235,Khumaltar,27.6468,85.3248
2024-11-13T21:00,15.8,97,15.4,872.2,1.9,248,Khumaltar,27.6468,85.3248
2024-11-13T22:00,15.4,98,15.2,872.2,0.9,259,Khumaltar,27.6468,85.3248
2024-11-13T23:00,15.2,100,15.2,871.8,0.8,297,Khumaltar,27.6468,85.3248
2024-11-14T00:00,14.6,100,14.6,871.1,0.5,270,Khumaltar,27.6468,85.3248
2024-11-14T01:00,14.2,100,14.2,870.7,0.6,252,Khumaltar,27.6468,85.3248
2024-11-14T02:00,13.6,100,13.6,870.1,0.4,207,Khumaltar,27.6468,85.3248
2024-11-14T03:00,13.0,100,13.0,869.7,1.5,210,Khumaltar,27.6468,85.3248
2024-11-14T04:00,12.8,100,12.7,869.7,0.6,214,Khumaltar,27.6468,85.3248
2024-11-14T05:00,12.6,100,12.6,870.2,0.6,198,Khumaltar,27.6468,85.3248
2024-11-14T06:00,13.0,97,12.6,871.4,3.1,183,Khumaltar,27.6468,85.3248
2024-11-14T07:00,14.1,98,13.8,872.7,2.9,169,Khumaltar,27.6468,85.3248
2024-11-14T08:00,16.4,91,15.0,874.4,1.4,130,Khumaltar,27.6468,85.3248
2024-11-14T09:00,18.7,79,14.9,875.2,1.0,31,Khumaltar,27.6468,85.3248
2024-11-14T10:00,20.2,69,14.3,875.0,2.2,351,Khumaltar,27.6468,85.3248
2024-11-14T11:00,21.6,60,13.6,874.2,3.4,335,Khumaltar,27.6468,85.3248
2024-11-14T12:00,22.4,55,13.0,873.4,4.3,332,Khumaltar,27.6468,85.3248
2024-11-14T13:00,22.4,55,12.8,872.8,4.4,300,Khumaltar,27.6468,85.3248
2024-11-14T14:00,21.4,58,12.8,872.3,7.0,274,Khumaltar,27.6468,85.3248
2024-11-14T15:00,20.3,65,13.4,872.1,7.3,279,Khumaltar,27.6468,85.3248
2024-11-14T16:00,19.2,71,13.8,871.9,6.1,300,Khumaltar,27.6468,85.3248
2024-11-14T17:00,17.6,82,14.5,871.5,3.2,322,Khumaltar,27.6468,85.3248
2024-11-14T18:00,16.6,80,13.2,871.5,0.8,243,Khumaltar,27.6468,85.3248
2024-11-14T19:00,15.7,85,13.1,871.6,1.3,225,Khumaltar,27.6468,85.3248
2024-11-14T20:00,14.8,89,13.1,871.5,1.7,238,Khumaltar,27.6468,85.3248
2024-11-14T21:00,14.0,95,13.2,871.3,1.9,214,Khumaltar,27.6468,85.3248
2024-11-14T22:00,12.9,100,12.9,870.7,3.1,201,Khumaltar,27.6468,85.3248
2024-11-14T23:00,12.0,100,12.0,870.0,2.2,189,Khumaltar,27.6468,85.3248
2024-11-15T00:00,11.4,100,11.4,869.5,1.1,189,Khumaltar,27.6468,85.3248
2024-11-15T01:00,11.2,99,11.1,869.0,0.7,180,Khumaltar,27.6468,85.3248
2024-11-15T02:00,11.2,99,11.1,868.6,1.1,180,Khumaltar,27.6468,85.3248
2024-11-15T03:00,10.9,99,10.8,868.3,0.9,180,Khumaltar,27.6468,85.3248
2024-11-15T04:00,10.5,100,10.4,867.9,0.7,180,Khumaltar,27.6468,85.3248
2024-11-15T05:00,10.5,100,10.4,868.3,1.3,180,Khumaltar,27.6468,85.3248
2024-11-15T06:00,11.7,100,11.6,869.7,2.2,171,Khumaltar,27.6468,85.3248
2024-11-15T07:00,13.3,98,13.0,871.2,3.9,143,Khumaltar,27.6468,85.3248
2024-11-15T08:00,16.7,89,15.0,873.4,3.4,90,Khumaltar,27.6468,85.3248
2024-11-15T09:00,19.1,75,14.5,874.1,2.4,77,Khumaltar,27.6468,85.3248
2024-11-15T10:00,21.2,64,14.0,873.9,1.0,338,Khumaltar,27.6468,85.3248
2024-11-15T11:00,22.5,57,13.7,873.5,3.5,305,Khumaltar,27.6468,85.3248
2024-11-15T12:00,23.3,53,13.2,872.6,5.2,319,Khumaltar,27.6468,85.3248
2024-11-15T13:00,23.4,52,12.8,871.7,6.2,316,Khumaltar,27.6468,85.3248
2024-11-15T14:00,22.7,54,12.9,871.0,7.4,304,Khumaltar,27.6468,85.3248
2024-11-15T15:00,21.5,59,13.3,870.7,7.4,309,Khumaltar,27.6468,85.3248
2024-11-15T16:00,19.6,70,14.1,870.3,5.1,309,Khumaltar,27.6468,85.3248
2024-11-15T17:00,17.4,84,14.7,870.0,2.5,262,Khumaltar,27.6468,85.3248
2024-11-15T18:00,16.8,87,14.6,870.4,1.5,240,Khumaltar,27.6468,85.3248
2024-11-15T19:00,15.9,91,14.5,870.2,2.0,225,Khumaltar,27.6468,85.3248
2024-11-15T20:00,15.3,96,14.6,870.2,2.6,214,Khumaltar,27.6468,85.3248
2024-11-15T21:00,14.2,99,14.1,869.6,2.4,197,Khumaltar,27.6468,85.3248
2024-11-15T22:00,13.2,100,13.2,869.2,2.1,195,Khumaltar,27.6468,85.3248
2024-11-15T23:00,12.4,100,12.4,868.8,1.1,198,Khumaltar,27.6468,85.3248
2024-11-16T00:00,12.2,100,12.2,868.3,1.1,189,Khumaltar,27.6468,85.3248
2024-11-16T01:00,11.9,100,11.9,868.0,1.6,186,Khumaltar,27.6468,85.3248
2024-11-16T02:00,11.4,100,11.4,867.5,1.8,186,Khumaltar,27.6468,85.3248
2024-11-16T03:00,10.7,100,10.7,866.7,2.2,175,Khumaltar,27.6468,85.3248
2024-11-16T04:00,10.1,100,10.1,866.4,2.5,176,Khumaltar,27.6468,85.3248
2024-11-16T05:00,9.8,100,9.8,866.8,2.2,175,Khumaltar,27.6468,85.3248
2024-11-16T06:00,10.2,100,10.2,867.8,2.9,158,Khumaltar,27.6468,85.3248
2024-11-16T07:00,12.8,98,12.5,869.5,4.7,152,Khumaltar,27.6468,85.3248
2024-11-16T08:00,16.5,87,14.4,872.0,4.1,119,Khumaltar,27.6468,85.3248
2024-11-16T09:00,18.7,76,14.4,872.7,3.7,113,Khumaltar,27.6468,85.3248
2024-11-16T10:00,20.5,66,13.8,872.9,3.0,123,Khumaltar,27.6468,85.3248
2024-11-16T11:00,21.8,57,12.9,872.3,1.8,101,Khumaltar,27.6468,85.3248
2024-11-16T12:00,22.6,54,12.9,871.5,1.3,8,Khumaltar,27.6468,85.3248
2024-11-16T13:00,22.7,52,12.3,870.7,2.7,274,Khumaltar,27.6468,85.3248
2024-11-16T14:00,22.0,54,12.2,870.4,5.4,262,Khumaltar,27.6468,85.3248
2024-11-16T15:00,20.7,59,12.4,869.9,6.4,259,Khumaltar,27.6468,85.3248
2024-11-16T16:00,19.1,69,13.2,869.8,4.0,273,Khumaltar,27.6468,85.3248
2024-11-16T17:00,17.6,81,14.2,869.5,4.0,273,Khumaltar,27.6468,85.3248
2024-11-16T18:00,17.1,84,14.4,870.0,4.1,283,Khumaltar,27.6468,85.3248
2024-11-16T19:00,16.4,87,14.2,870.3,3.3,311,Khumaltar,27.6468,85.3248
2024-11-16T20:00,15.6,92,14.3,870.3,1.7,283,Khumaltar,27.6468,85.3248
2024-11-16T21:00,14.9,96,14.2,870.3,1.9,253,Khumaltar,27.6468,85.3248
2024-11-16T22:00,14.4,99,14.2,870.1,2.8,252,Khumaltar,27.6468,85.3248
2024-11-16T23:00,14.2,100,14.1,869.9,2.8,255,Khumaltar,27.6468,85.3248
2024-11-17T00:00,14.2,100,14.2,869.4,2.3,247,Khumaltar,27.6468,85.3248
2024-11-17T01:00,14.4,100,14.3,869.4,0.6,288,Khumaltar,27.6468,85.3248
2024-11-17T02:00,14.0,100,14.0,869.0,2.3,122,Khumaltar,27.6468,85.3248
2024-11-17T03:00,13.9,100,13.8,868.8,2.2,145,Khumaltar,27.6468,85.3248
2024-11-17T04:00,13.7,99,13.6,868.6,1.9,146,Khumaltar,27.6468,85.3248
2024-11-17T05:00,13.5,100,13.4,869.0,2.8,153,Khumaltar,27.6468,85.3248
2024-11-17T06:00,12.7,99,12.6,869.1,3.2,146,Khumaltar,27.6468,85.3248
2024-11-17T07:00,14.1,99,14.0,870.8,3.0,115,Khumaltar,27.6468,85.3248
2024-11-17T08:00,16.3,86,14.0,872.3,2.4,117,Khumaltar,27.6468,85.3248
2024-11-17T09:00,18.2,71,13.0,873.1,2.3,108,Khumaltar,27.6468,85.3248
2024-11-17T10:00,19.8,59,11.6,873.1,2.3,148,Khumaltar,27.6468,85.3248
2024-11-17T11:00,20.9,51,10.3,872.5,3.1,193,Khumaltar,27.6468,85.3248
2024-11-17T12:00,21.7,47,9.9,871.7,4.7,220,Khumaltar,27.6468,85.3248
2024-11-17T13:00,21.5,47,9.8,870.9,6.3,233,Khumaltar,27.6468,85.3248
2024-11-17T14:00,21.0,48,9.5,870.6,6.8,243,Khumaltar,27.6468,85.3248
2024-11-17T15:00,19.8,54,10.2,870.3,7.6,266,Khumaltar,27.6468,85.3248
2024-11-17T16:00,18.3,64,11.4,870.2,6.0,277,Khumaltar,27.6468,85.3248
2024-11-17T17:00,16.9,76,12.7,870.2,4.3,268,Khumaltar,27.6468,85.3248
2024-11-17T18:00,15.8,83,13.0,870.1,3.6,237,Khumaltar,27.6468,85.3248
2024-11-17T19:00,14.8,90,13.1,870.2,3.2,236,Khumaltar,27.6468,85.3248
2024-11-17T20:00,13.6,96,13.1,870.3,3.0,218,Khumaltar,27.6468,85.3248
2024-11-17T21:00,12.9,100,12.9,870.4,3.0,213,Khumaltar,27.6468,85.3248
2024-11-17T22:00,12.4,100,12.4,870.3,2.4,216,Khumaltar,27.6468,85.3248
2024-11-17T23:00,12.1,99,12.0,870.0,1.5,210,Khumaltar,27.6468,85.3248
2024-11-18T00:00,11.4,100,11.4,869.4,1.4,203,Khumaltar,27.6468,85.3248
2024-11-18T01:00,11.0,100,10.9,868.9,1.5,194,Khumaltar,27.6468,85.3248
2024-11-18T02:00,10.6,100,10.6,868.6,1.8,180,Khumaltar,27.6468,85.3248
2024-11-18T03:00,10.9,97,10.5,869.0,1.4,180,Khumaltar,27.6468,85.3248
2024-11-18T04:00,10.7,97,10.2,869.1,1.5,173,Khumaltar,27.6468,85.3248
2024-11-18T05:00,10.4,97,9.9,869.4,1.4,180,Khumaltar,27.6468,85.3248
2024-11-18T06:00,10.1,97,9.7,869.8,1.4,180,Khumaltar,27.6468,85.3248
2024-11-18T07:00,12.0,93,10.9,871.5,2.3,184,Khumaltar,27.6468,85.3248
2024-11-18T08:00,15.8,82,12.8,874.0,1.3,56,Khumaltar,27.6468,85.3248
2024-11-18T09:00,17.7,72,12.6,874.8,2.0,10,Khumaltar,27.6468,85.3248
2024-11-18T10:00,19.3,59,11.2,874.8,2.8,345,Khumaltar,27.6468,85.3248
2024-11-18T11:00,20.3,53,10.4,874.2,3.5,339,Khumaltar,27.6468,85.3248
2024-11-18T12:00,20.9,49,9.8,873.4,3.5,321,Khumaltar,27.6468,85.3248
2024-11-18T13:00,20.8,48,9.4,872.7,4.3,287,Khumaltar,27.6468,85.3248
2024-11-18T14:00,20.4,49,9.4,872.3,6.0,295,Khumaltar,27.6468,85.3248
2024-11-18T15:00,19.2,57,10.4,871.8,6.9,285,Khumaltar,27.6468,85.3248
2024-11-18T16:00,17.8,67,11.6,871.7,5.2,284,Khumaltar,27.6468,85.3248
2024-11-18T17:00,16.3,80,12.8,871.7,3.5,258,Khumaltar,27.6468,85.3248
2024-11-18T18:00,15.5,78,11.8,871.6,2.6,258,Khumaltar,27.6468,85.3248
2024-11-18T19:00,14.6,84,12.0,871.5,2.9,248,Khumaltar,27.6468,85.3248
2024-11-18T20:00,13.7,90,12.0,871.6,2.7,262,Khumaltar,27.6468,85.3248
2024-11-18T21:00,13.3,90,11.8,872.0,1.4,220,Khumaltar,27.6468,85.3248
2024-11-18T22:00,13.0,91,11.6,871.9,0.8,207,Khumaltar,27.6468,85.3248
2024-11-18T23:00,12.6,94,11.6,871.6,0.6,198,Khumaltar,27.6468,85.3248
2024-11-19T00:00,11.7,97,11.3,870.9,1.1,189,Khumaltar,27.6468,85.3248
2024-11-19T01:00,11.1,100,11.0,870.6,1.5,173,Khumaltar,27.6468,85.3248
2024-11-19T02:00,10.6,100,10.6,870.2,1.5,166,Khumaltar,27.6468,85.3248
2024-11-19T03:00,10.4,99,10.2,870.0,1.7,162,Khumaltar,27.6468,85.3248
2024-11-19T04:00,10.1,98,9.8,869.9,1.5,166,Khumaltar,27.6468,85.3248
2024-11-19T05:00,9.7,98,9.4,870.0,1.3,172,Khumaltar,27.6468,85.3248
2024-11-19T06:00,9.9,96,9.4,870.5,2.2,171,Khumaltar,27.6468,85.3248
2024-11-19T07:00,12.1,92,10.8,872.6,3.1,156,Khumaltar,27.6468,85.3248
2024-11-19T08:00,15.7,80,12.2,875.1,2.2,81,Khumaltar,27.6468,85.3248
2024-11-19T09:00,17.5,71,12.2,875.8,2.7,98,Khumaltar,27.6468,85.3248
2024-11-19T10:00,19.0,62,11.5,875.8,2.6,115,Khumaltar,27.6468,85.3248
2024-11-19T11:00,19.7,57,11.0,875.0,1.9,139,Khumaltar,27.6468,85.3248
2024-11-19T12:00,19.5,58,10.9,874.3,3.5,195,Khumaltar,27.6468,85.3248
2024-11-19T13:00,19.1,59,11.0,873.4,5.8,219,Khumaltar,27.6468,85.3248
2024-11-19T14:00,18.9,60,10.9,872.6,6.2,237,Khumaltar,27.6468,85.3248
2024-11-19T15:00,18.3,61,10.7,871.9,6.2,253,Khumaltar,27.6468,85.3248
2024-11-19T16:00,17.4,65,10.8,871.7,5.0,257,Khumaltar,27.6468,85.3248
2024-11-19T17:00,16.1,75,11.7,871.6,3.3,241,Khumaltar,27.6468,85.3248
2024-11-19T18:00,15.4,80,11.9,872.1,4.3,228,Khumaltar,27.6468,85.3248
2024-11-19T19:00,14.6,85,12.1,872.0,3.1,234,Khumaltar,27.6468,85.3248
2024-11-19T20:00,14.1,89,12.2,872.0,2.4,257,Khumaltar,27.6468,85.3248
2024-11-19T21:00,14.0,87,11.8,872.3,1.5,284,Khumaltar,27.6468,85.3248
2024-11-19T22:00,14.1,83,11.3,872.3,0.8,315,Khumaltar,27.6468,85.3248
2024-11-19T23:00,14.0,82,11.0,871.8,0.9,90,Khumaltar,27.6468,85.3248
2024-11-20T00:00,13.5,82,10.4,871.2,1.3,82,Khumaltar,27.6468,85.3248
2024-11-20T01:00,13.3,81,10.1,870.6,1.1,108,Khumaltar,27.6468,85.3248
2024-11-20T02:00,12.7,83,9.8,869.9,1.0,135,Khumaltar,27.6468,85.3248
2024-11-20T03:00,12.4,84,9.7,869.5,1.2,141,Khumaltar,27.6468,85.3248
2024-11-20T04:00,12.2,84,9.6,869.6,1.2,129,Khumaltar,27.6468,85.3248
2024-11-20T05:00,11.6,86,9.4,869.8,1.5,126,Khumaltar,27.6468,85.3248
2024-11-20T06:00,11.3,93,10.1,870.7,2.6,164,Khumaltar,27.6468,85.3248
2024-11-20T07:00,12.9,88,11.0,872.7,2.2,194,Khumaltar,27.6468,85.3248
2024-11-20T08:00,15.4,79,11.8,874.5,1.8,66,Khumaltar,27.6468,85.3248
2024-11-20T09:00,17.0,70,11.4,875.1,4.0,98,Khumaltar,27.6468,85.3248
2024-11-20T10:00,17.9,64,11.0,874.8,5.2,119,Khumaltar,27.6468,85.3248
2024-11-20T11:00,18.4,61,10.7,873.9,5.0,136,Khumaltar,27.6468,85.3248
2024-11-20T12:00,18.4,60,10.6,872.9,5.6,165,Khumaltar,27.6468,85.3248
2024-11-20T13:00,18.3,61,10.6,871.9,5.2,194,Khumaltar,27.6468,85.3248
2024-11-20T14:00,17.7,62,10.2,871.4,4.3,225,Khumaltar,27.6468,85.3248
2024-11-20T15:00,17.3,62,10.0,871.0,4.8,245,Khumaltar,27.6468,85.3248
2024-11-20T16:00,16.3,68,10.3,871.0,4.7,272,Khumaltar,27.6468,85.3248
2024-11-20T17:00,15.2,79,11.5,871.1,3.7,284,Khumaltar,27.6468,85.3248
2024-11-20T18:00,14.3,84,11.6,871.2,3.0,237,Khumaltar,27.6468,85.3248
2024-11-20T19:00,13.9,86,11.6,871.2,2.7,233,Khumaltar,27.6468,85.3248
2024-11-20T20:00,13.8,85,11.2,871.5,1.4,247,Khumaltar,27.6468,85.3248
2024-11-20T21:00,13.9,82,10.9,871.9,0.9,281,Khumaltar,27.6468,85.3248
2024-11-20T22:00,13.8,83,10.9,871.7,0.7,256,Khumaltar,27.6468,85.3248
2024-11-20T23:00,13.0,85,10.5,870.9,1.1,9,Khumaltar,27.6468,85.3248
2024-11-21T00:00,12.2,88,10.3,870.0,0.8,153,Khumaltar,27.6468,85.3248
2024-11-21T01:00,11.4,91,10.1,869.4,1.0,135,Khumaltar,27.6468,85.3248
2024-11-21T02:00,10.8,94,9.9,868.6,1.4,157,Khumaltar,27.6468,85.3248
2024-11-21T03:00,10.1,97,9.6,868.1,1.5,166,Khumaltar,27.6468,85.3248
2024-11-21T04:00,9.6,98,9.4,868.0,1.6,174,Khumaltar,27.6468,85.3248
2024-11-21T05:00,9.4,98,9.1,868.3,2.0,180,Khumaltar,27.6468,85.3248
2024-11-21T06:00,10.0,97,9.6,869.4,2.9,173,Khumaltar,27.6468,85.3248
2024-11-21T07:00,11.8,93,10.7,871.2,4.0,177,Khumaltar,27.6468,85.3248
2024-11-21T08:00,15.1,78,11.3,873.5,1.0,149,Khumaltar,27.6468,85.3248
2024-11-21T09:00,16.6,67,10.4,874.1,2.9,97,Khumaltar,27.6468,85.3248
2024-11-21T10:00,17.5,62,10.1,873.9,5.2,124,Khumaltar,27.6468,85.3248
2024-11-21T11:00,18.2,59,9.9,873.1,5.1,153,Khumaltar,27.6468,85.3248
2024-11-21T12:00,18.5,56,9.5,872.3,5.5,167,Khumaltar,27.6468,85.3248
2024-11-21T13:00,17.9,56,9.1,871.3,4.7,178,Khumaltar,27.6468,85.3248
2024-11-21T14:00,17.8,56,8.9,870.8,4.1,225,Khumaltar,27.6468,85.3248
2024-11-21T15:00,17.5,57,8.8,870.5,4.1,236,Khumaltar,27.6468,85.3248
2024-11-21T16:00,16.3,65,9.6,870.3,4.4,258,Khumaltar,27.6468,85.3248
2024-11-21T17:00,14.6,75,10.3,870.3,3.5,279,Khumaltar,27.6468,85.3248
2024-11-21T18:00,13.4,86,11.1,870.6,3.2,251,Khumaltar,27.6468,85.3248
2024-11-21T19:00,12.7,90,11.1,870.4,2.2,222,Khumaltar,27.6468,85.3248
2024-11-21T20:00,12.3,90,10.8,870.7,1.0,211,Khumaltar,27.6468,85.3248
2024-11-21T21:00,12.1,90,10.5,870.9,0.6,198,Khumaltar,27.6468,85.3248
2024-11-21T22:00,11.6,90,10.0,870.4,0.4,180,Khumaltar,27.6468,85.3248
2024-11-21T23:00,11.2,90,9.5,869.9,0.2,180,Khumaltar,27.6468,85.3248
2024-11-22T00:00,10.9,90,9.3,869.4,0.4,180,Khumaltar,27.6468,85.3248
2024-11-22T01:00,10.9,90,9.2,869.3,0.9,169,Khumaltar,27.6468,85.3248
2024-11-22T02:00,10.6,90,9.1,869.0,0.7,180,Khumaltar,27.6468,85.3248
2024-11-22T03:00,10.2,92,9.0,868.5,0.7,194,Khumaltar,27.6468,85.3248
2024-11-22T04:00,9.9,93,8.8,868.2,0.7,194,Khumaltar,27.6468,85.3248
2024-11-22T05:00,10.0,92,8.8,868.7,1.3,188,Khumaltar,27.6468,85.3248
2024-11-22T06:00,10.2,92,9.0,869.7,2.5,201,Khumaltar,27.6468,85.3248
2024-11-22T07:00,12.2,86,9.9,871.5,3.0,213,Khumaltar,27.6468,85.3248
2024-11-22T08:00,14.8,74,10.2,873.5,1.1,90,Khumaltar,27.6468,85.3248
2024-11-22T09:00,16.1,71,10.8,874.2,3.8,109,Khumaltar,27.6468,85.3248
2024-11-22T10:00,17.0,67,10.8,874.1,4.8,124,Khumaltar,27.6468,85.3248
2024-11-22T11:00,17.4,65,10.7,873.0,4.5,124,Khumaltar,27.6468,85.3248
2024-11-22T12:00,17.6,62,10.3,871.9,4.4,148,Khumaltar,27.6468,85.3248
2024-11-22T13:00,17.1,62,9.9,871.1,3.2,207,Khumaltar,27.6468,85.3248
2024-11-22T14:00,16.8,64,10.1,870.4,5.2,245,Khumaltar,27.6468,85.3248
2024-11-22T15:00,16.4,65,9.9,870.0,5.6,276,Khumaltar,27.6468,85.3248
2024-11-22T16:00,15.7,70,10.2,869.8,4.5,299,Khumaltar,27.6468,85.3248
2024-11-22T17:00,14.4,81,11.1,869.7,2.9,292,Khumaltar,27.6468,85.3248
2024-11-22T18:00,13.7,84,11.0,870.2,3.4,264,Khumaltar,27.6468,85.3248
2024-11-22T19:00,13.1,86,10.8,870.2,2.4,228,Khumaltar,27.6468,85.3248
2024-11-22T20:00,12.5,87,10.4,870.3,0.9,217,Khumaltar,27.6468,85.3248
2024-11-22T21:00,12.0,88,10.0,870.1,0.5,225,Khumaltar,27.6468,85.3248
2024-11-22T22:00,11.6,89,9.8,869.9,0.4,207,Khumaltar,27.6468,85.3248
2024-11-22T23:00,11.4,89,9.7,869.5,0.5,225,Khumaltar,27.6468,85.3248
2024-11-23T00:00,11.0,90,9.4,868.8,0.3,225,Khumaltar,27.6468,85.3248
2024-11-23T01:00,10.4,91,9.1,868.4,0.6,198,Khumaltar,27.6468,85.3248
2024-11-23T02:00,10.1,92,8.9,868.2,1.4,203,Khumaltar,27.6468,85.3248
2024-11-23T03:00,9.9,92,8.7,868.1,1.5,201,Khumaltar,27.6468,85.3248
2024-11-23T04:00,9.5,92,8.3,868.3,0.9,191,Khumaltar,27.6468,85.3248
2024-11-23T05:00,9.4,91,8.0,868.8,0.5,180,Khumaltar,27.6468,85.3248
2024-11-23T06:00,9.0,92,7.8,869.3,1.7,198,Khumaltar,27.6468,85.3248
2024-11-23T07:00,10.9,89,9.2,871.1,3.8,199,Khumaltar,27.6468,85.3248
2024-11-23T08:00,14.8,75,10.5,873.8,1.2,207,Khumaltar,27.6468,85.3248
2024-11-23T09:00,16.7,63,9.6,874.8,3.3,174,Khumaltar,27.6468,85.3248
2024-11-23T10:00,17.8,56,8.8,874.5,3.4,183,Khumaltar,27.6468,85.3248
2024-11-23T11:00,17.9,54,8.5,873.8,3.5,204,Khumaltar,27.6468,85.3248
2024-11-23T12:00,17.9,59,9.7,873.0,4.8,248,Khumaltar,27.6468,85.3248
2024-11-23T13:00,17.5,59,9.4,872.2,7.1,297,Khumaltar,27.6468,85.3248
2024-11-23T14:00,17.3,61,9.7,871.4,8.4,317,Khumaltar,27.6468,85.3248
2024-11-23T15:00,16.7,65,10.0,871.0,8.2,319,Khumaltar,27.6468,85.3248
2024-11-23T16:00,15.5,74,10.9,870.8,6.7,316,Khumaltar,27.6468,85.3248
2024-11-23T17:00,13.9,86,11.6,870.6,3.7,309,Khumaltar,27.6468,85.3248
2024-11-23T18:00,13.5,87,11.3,870.5,4.7,274,Khumaltar,27.6468,85.3248
2024-11-23T19:00,12.7,91,11.2,870.8,2.8,243,Khumaltar,27.6468,85.3248
2024-11-23T20:00,11.6,96,11.0,870.7,2.3,241,Khumaltar,27.6468,85.3248
2024-11-23T21:00,10.9,99,10.7,870.1,2.2,222,Khumaltar,27.6468,85.3248
2024-11-23T22:00,10.5,98,10.3,870.0,1.9,209,Khumaltar,27.6468,85.3248
2024-11-23T23:00,10.5,97,10.0,869.5,1.5,201,Khumaltar,27.6468,85.3248
2024-11-24T00:00,10.5,94,9.6,869.1,1.5,210,Khumaltar,27.6468,85.3248
2024-11-24T01:00,10.6,90,9.1,868.8,1.1,198,Khumaltar,27.6468,85.3248
2024-11-24T02:00,10.6,86,8.3,868.5,1.0,202,Khumaltar,27.6468,85.3248
2024-11-24T03:00,10.6,83,7.8,868.1,0.7,180,Khumaltar,27.6468,85.3248
2024-11-24T04:00,10.3,81,7.2,868.1,0.9,180,Khumaltar,27.6468,85.3248
2024-11-24T05:00,10.2,79,6.7,868.6,0.7,166,Khumaltar,27.6468,85.3248
2024-11-24T06:00,8.5,96,7.9,868.9,0.2,180,Khumaltar,27.6468,85.3248
2024-11-24T07:00,9.8,94,8.9,870.1,2.2,180,Khumaltar,27.6468,85.3248
2024-11-24T08:00,13.7,78,9.9,872.7,2.2,48,Khumaltar,27.6468,85.3248
2024-11-24T09:00,15.7,69,10.0,873.1,3.1,3,Khumaltar,27.6468,85.3248
2024-11-24T10:00,17.3,59,9.2,873.0,5.7,342,Khumaltar,27.6468,85.3248
2024-11-24T11:00,18.4,55,9.3,872.2,5.9,333,Khumaltar,27.6468,85.3248
2024-11-24T12:00,19.2,53,9.3,871.3,5.9,310,Khumaltar,27.6468,85.3248
2024-11-24T13:00,19.3,50,8.7,870.7,7.0,283,Khumaltar,27.6468,85.3248
2024-11-24T14:00,18.8,50,8.2,870.5,8.6,292,Khumaltar,27.6468,85.3248
2024-11-24T15:00,17.7,55,8.5,870.2,8.1,299,Khumaltar,27.6468,85.3248
2024-11-24T16:00,16.1,66,9.7,870.1,4.2,301,Khumaltar,27.6468,85.3248
2024-11-24T17:00,14.3,78,10.5,869.8,2.6,245,Khumaltar,27.6468,85.3248
2024-11-24T18:00,13.6,85,11.2,870.0,4.4,238,Khumaltar,27.6468,85.3248
2024-11-24T19:00,12.7,93,11.6,870.0,4.3,237,Khumaltar,27.6468,85.3248
2024-11-24T20:00,12.3,95,11.5,870.1,3.0,245,Khumaltar,27.6468,85.3248
2024-11-24T21:00,11.9,95,11.2,870.2,1.9,214,Khumaltar,27.6468,85.3248
2024-11-24T22:00,11.4,97,11.0,870.3,1.9,197,Khumaltar,27.6468,85.3248
2024-11-24T23:00,10.8,98,10.5,870.2,2.8,198,Khumaltar,27.6468,85.3248
2024-11-25T00:00,10.7,97,10.3,869.9,1.1,189,Khumaltar,27.6468,85.3248
2024-11-25T01:00,11.0,96,10.4,869.9,0.4,207,Khumaltar,27.6468,85.3248
2024-11-25T02:00,10.8,96,10.2,869.6,1.1,189,Khumaltar,27.6468,85.3248
2024-11-25T03:00,11.0,93,10.0,869.5,1.1,162,Khumaltar,27.6468,85.3248
2024-11-25T04:00,11.0,90,9.3,869.3,0.7,180,Khumaltar,27.6468,85.3248
2024-11-25T05:00,10.6,90,9.1,869.4,1.1,171,Khumaltar,27.6468,85.3248
2024-11-25T06:00,9.0,100,9.0,869.3,1.1,171,Khumaltar,27.6468,85.3248
2024-11-25T07:00,10.8,96,10.2,870.7,2.5,172,Khumaltar,27.6468,85.3248
2024-11-25T08:00,13.7,82,10.7,872.4,2.3,94,Khumaltar,27.6468,85.3248
2024-11-25T09:00,15.7,73,10.8,872.9,2.2,76,Khumaltar,27.6468,85.3248
2024-11-25T10:00,17.6,64,10.7,872.6,1.5,120,Khumaltar,27.6468,85.3248
2024-11-25T11:00,19.2,58,10.8,871.9,1.8,225,Khumaltar,27.6468,85.3248
2024-11-25T12:00,19.9,53,10.1,870.9,3.6,261,Khumaltar,27.6468,85.3248
2024-11-25T13:00,19.5,52,9.4,870.2,5.9,250,Khumaltar,27.6468,85.3248
2024-11-25T14:00,18.6,58,10.1,870.1,7.3,247,Khumaltar,27.6468,85.3248
2024-11-25T15:00,17.2,65,10.7,869.8,6.4,248,Khumaltar,27.6468,85.3248
2024-11-25T16:00,16.1,70,10.6,869.8,5.0,272,Khumaltar,27.6468,85.3248
2024-11-25T17:00,15.1,76,11.0,869.9,4.9,268,Khumaltar,27.6468,85.3248
2024-11-25T18:00,14.3,81,11.1,870.2,5.3,252,Khumaltar,27.6468,85.3248
2024-11-25T19:00,13.6,90,12.0,870.9,4.6,244,Khumaltar,27.6468,85.3248
2024-11-25T20:00,13.6,92,12.4,871.2,3.3,264,Khumaltar,27.6468,85.3248
2024-11-25T21:00,13.6,90,12.0,871.8,1.8,281,Khumaltar,27.6468,85.3248
2024-11-25T22:00,13.7,89,11.9,872.0,0.4,27,Khumaltar,27.6468,85.3248
2024-11-25T23:00,13.7,89,11.9,872.1,2.3,45,Khumaltar,27.6468,85.3248
2024-11-26T00:00,13.6,88,11.6,871.9,3.0,33,Khumaltar,27.6468,85.3248
2024-11-26T01:00,13.3,88,11.4,871.5,3.1,24,Khumaltar,27.6468,85.3248
2024-11-26T02:00,13.0,89,11.2,870.7,1.5,21,Khumaltar,27.6468,85.3248
2024-11-26T03:00,12.7,90,11.2,870.1,0.4,270,Khumaltar,27.6468,85.3248
2024-11-26T04:00,11.8,94,10.9,869.6,0.9,259,Khumaltar,27.6468,85.3248
2024-11-26T05:00,12.0,94,11.1,869.9,1.1,270,Khumaltar,27.6468,85.3248
2024-11-26T06:00,11.0,100,10.9,870.0,3.1,263,Khumaltar,27.6468,85.3248
2024-11-26T07:00,12.3,93,11.1,871.0,2.4,312,Khumaltar,27.6468,85.3248
2024-11-26T08:00,14.0,84,11.3,872.2,3.9,344,Khumaltar,27.6468,85.3248
2024-11-26T09:00,15.5,74,11.0,872.5,4.5,344,Khumaltar,27.6468,85.3248
2024-11-26T10:00,17.2,64,10.2,872.3,4.7,328,Khumaltar,27.6468,85.3248
2024-11-26T11:00,18.5,57,9.9,871.3,5.7,302,Khumaltar,27.6468,85.3248
2024-11-26T12:00,19.2,53,9.3,870.7,5.0,270,Khumaltar,27.6468,85.3248
2024-11-26T13:00,18.1,57,9.4,870.5,9.0,240,Khumaltar,27.6468,85.3248
2024-11-26T14:00,16.7,67,10.5,870.3,6.8,258,Khumaltar,27.6468,85.3248
2024-11-26T15:00,16.1,69,10.5,869.6,4.9,278,Khumaltar,27.6468,85.3248
2024-11-26T16:00,15.4,74,10.7,869.1,4.0,262,Khumaltar,27.6468,85.3248
2024-11-26T17:00,14.2,84,11.5,868.9,4.0,234,Khumaltar,27.6468,85.3248
2024-11-26T18:00,13.3,93,12.2,869.2,5.6,230,Khumaltar,27.6468,85.3248
2024-11-26T19:00,12.4,99,12.2,869.5,5.6,225,Khumaltar,27.6468,85.3248
2024-11-26T20:00,12.8,97,12.4,870.3,4.2,211,Khumaltar,27.6468,85.3248
2024-11-26T21:00,13.0,98,12.6,870.9,1.8,191,Khumaltar,27.6468,85.3248
2024-11-26T22:00,13.0,99,12.8,871.3,1.1,270,Khumaltar,27.6468,85.3248
2024-11-26T23:00,12.9,98,12.6,871.3,2.2,90,Khumaltar,27.6468,85.3248
2024-11-27T00:00,12.3,100,12.3,870.6,1.5,135,Khumaltar,27.6468,85.3248
2024-11-27T01:00,12.0,100,11.9,870.2,2.5,90,Khumaltar,27.6468,85.3248
2024-11-27T02:00,11.4,100,11.4,869.4,1.4,130,Khumaltar,27.6468,85.3248
2024-11-27T03:00,11.0,100,11.0,868.8,1.0,158,Khumaltar,27.6468,85.3248
2024-11-27T04:00,10.2,100,10.2,868.5,1.1,171,Khumaltar,27.6468,85.3248
2024-11-27T05:00,9.5,100,9.4,868.4,2.4,171,Khumaltar,27.6468,85.3248
2024-11-27T06:00,8.9,100,8.9,868.6,1.7,167,Khumaltar,27.6468,85.3248
2024-11-27T07:00,10.9,98,10.6,870.6,3.7,157,Khumaltar,27.6468,85.3248
2024-11-27T08:00,13.8,89,12.0,872.5,2.7,122,Khumaltar,27.6468,85.3248
2024-11-27T09:00,16.0,74,11.3,873.3,4.7,148,Khumaltar,27.6468,85.3248
2024-11-27T10:00,17.4,62,10.1,873.1,5.2,153,Khumaltar,27.6468,85.3248
2024-11-27T11:00,18.2,56,9.4,872.3,3.7,169,Khumaltar,27.6468,85.3248
2024-11-27T12:00,18.4,54,9.1,871.5,3.4,186,Khumaltar,27.6468,85.3248
2024-11-27T13:00,18.0,55,9.0,870.5,6.4,205,Khumaltar,27.6468,85.3248
2024-11-27T14:00,17.4,59,9.3,870.2,7.9,227,Khumaltar,27.6468,85.3248
2024-11-27T15:00,16.4,62,9.1,869.9,4.2,250,Khumaltar,27.6468,85.3248
2024-11-27T16:00,15.4,67,9.4,869.7,3.1,270,Khumaltar,27.6468,85.3248
2024-11-27T17:00,14.1,77,10.0,869.7,2.8,252,Khumaltar,27.6468,85.3248
2024-11-27T18:00,13.3,85,10.9,870.3,3.5,235,Khumaltar,27.6468,85.3248
2024-11-27T19:00,12.8,88,10.9,870.6,3.2,251,Khumaltar,27.6468,85.3248
2024-11-27T20:00,12.3,91,10.8,870.9,2.9,274,Khumaltar,27.6468,85.3248
2024-11-27T21:00,12.1,91,10.6,871.5,1.8,264,Khumaltar,27.6468,85.3248
2024-11-27T22:00,11.7,93,10.6,871.4,1.0,225,Khumaltar,27.6468,85.3248
2024-11-27T23:00,10.7,98,10.4,870.5,0.3,225,Khumaltar,27.6468,85.3248
2024-11-28T00:00,10.0,99,9.9,869.8,1.7,193,Khumaltar,27.6468,85.3248
2024-11-28T01:00,9.3,99,9.2,868.9,1.1,189,Khumaltar,27.6468,85.3248
2024-11-28T02:00,8.5,100,8.4,868.5,1.3,180,Khumaltar,27.6468,85.3248
2024-11-28T03:00,8.3,97,7.9,868.4,1.3,180,Khumaltar,27.6468,85.3248
2024-11-28T04:00,8.2,97,7.7,868.5,1.8,180,Khumaltar,27.6468,85.3248
2024-11-28T05:00,8.2,95,7.5,868.8,2.9,184,Khumaltar,27.6468,85.3248
2024-11-28T06:00,6.8,100,6.8,868.8,3.6,180,Khumaltar,27.6468,85.3248
2024-11-28T07:00,9.1,97,8.7,871.0,5.4,178,Khumaltar,27.6468,85.3248
2024-11-28T08:00,13.4,86,11.1,874.2,2.3,148,Khumaltar,27.6468,85.3248
2024-11-28T09:00,15.6,72,10.6,875.1,3.6,108,Khumaltar,27.6468,85.3248
2024-11-28T10:00,17.3,62,9.9,874.9,2.8,105,Khumaltar,27.6468,85.3248
2024-11-28T11:00,18.7,53,8.9,874.2,2.2,99,Khumaltar,27.6468,85.3248
2024-11-28T12:00,19.1,48,7.8,873.3,3.6,143,Khumaltar,27.6468,85.3248
2024-11-28T13:00,18.9,47,7.2,872.6,5.4,166,Khumaltar,27.6468,85.3248
2024-11-28T14:00,18.0,52,8.0,872.1,6.1,199,Khumaltar,27.6468,85.3248
2024-11-28T15:00,17.2,54,7.9,871.9,6.0,233,Khumaltar,27.6468,85.3248
2024-11-28T16:00,15.6,64,8.9,871.8,3.5,258,Khumaltar,27.6468,85.3248
2024-11-28T17:00,14.0,74,9.4,871.6,3.1,257,Khumaltar,27.6468,85.3248
2024-11-28T18:00,13.7,76,9.5,871.8,3.1,239,Khumaltar,27.6468,85.3248
2024-11-28T19:00,12.9,80,9.5,872.0,2.9,248,Khumaltar,27.6468,85.3248
2024-11-28T20:00,12.5,79,8.9,872.4,1.5,256,Khumaltar,27.6468,85.3248
2024-11-28T21:00,12.6,75,8.3,872.9,1.0,248,Khumaltar,27.6468,85.3248
2024-11-28T22:00,12.4,75,8.0,872.8,0.7,194,Khumaltar,27.6468,85.3248
2024-11-28T23:00,12.1,75,7.9,872.5,1.1,90,Khumaltar,27.6468,85.3248
2024-11-29T00:00,12.0,75,7.8,872.2,1.1,72,Khumaltar,27.6468,85.3248
2024-11-29T01:00,11.8,75,7.6,871.9,0.4,207,Khumaltar,27.6468,85.3248
2024-11-29T02:00,11.5,76,7.4,871.3,0.6,214,Khumaltar,27.6468,85.3248
2024-11-29T03:00,10.9,78,7.1,870.7,0.4,180,Khumaltar,27.6468,85.3248
2024-11-29T04:00,10.3,80,7.1,870.6,0.4,153,Khumaltar,27.6468,85.3248
2024-11-29T05:00,9.9,82,6.9,870.9,0.4,180,Khumaltar,27.6468,85.3248
2024-11-29T06:00,7.8,96,7.2,870.6,0.7,180,Khumaltar,27.6468,85.3248
2024-11-29T07:00,9.9,91,8.5,872.5,2.6,164,Khumaltar,27.6468,85.3248
2024-11-29T08:00,13.6,79,10.0,874.5,1.5,104,Khumaltar,27.6468,85.3248
2024-11-29T09:00,16.4,62,9.2,875.5,2.3,72,Khumaltar,27.6468,85.3248
2024-11-29T10:00,18.1,55,8.9,875.4,1.2,117,Khumaltar,27.6468,85.3248
2024-11-29T11:00,19.2,52,9.0,874.7,1.1,252,Khumaltar,27.6468,85.3248
2024-11-29T12:00,19.9,49,9.0,873.8,2.6,286,Khumaltar,27.6468,85.3248
2024-11-29T13:00,19.9,48,8.7,872.7,4.5,265,Khumaltar,27.6468,85.3248
2024-11-29T14:00,19.4,48,8.0,872.3,6.6,253,Khumaltar,27.6468,85.3248
2024-11-29T15:00,18.4,51,8.1,872.0,6.5,256,Khumaltar,27.6468,85.3248
2024-11-29T16:00,16.3,66,9.9,871.4,3.8,253,Khumaltar,27.6468,85.3248
2024-11-29T17:00,14.4,76,10.3,871.2,3.3,261,Khumaltar,27.6468,85.3248
2024-11-29T18:00,13.6,82,10.6,871.0,2.8,230,Khumaltar,27.6468,85.3248
2024-11-29T19:00,13.1,81,9.9,871.6,2.3,231,Khumaltar,27.6468,85.3248
2024-11-29T20:00,13.1,79,9.4,872.3,1.7,252,Khumaltar,27.6468,85.3248
2024-11-29T21:00,12.9,79,9.3,872.7,1.9,287,Khumaltar,27.6468,85.3248
2024-11-29T22:00,12.5,80,9.1,872.6,1.6,297,Khumaltar,27.6468,85.3248
2024-11-29T23:00,12.2,80,8.8,872.1,0.9,281,Khumaltar,27.6468,85.3248
2024-11-30T00:00,12.0,79,8.5,871.4,0.7,166,Khumaltar,27.6468,85.3248
2024-11-30T01:00,11.5,79,8.0,870.6,0.7,166,Khumaltar,27.6468,85.3248
2024-11-30T02:00,10.8,81,7.6,869.6,0.4,180,Khumaltar,27.6468,85.3248
2024-11-30T03:00,9.6,86,7.3,868.5,1.7,193,Khumaltar,27.6468,85.3248
2024-11-30T04:00,8.9,89,7.2,868.0,2.2,185,Khumaltar,27.6468,85.3248
2024-11-30T05:00,8.4,91,7.0,868.3,1.1,189,Khumaltar,27.6468,85.3248
2024-11-30T06:00,8.3,93,7.3,868.9,3.5,201,Khumaltar,27.6468,85.3248
2024-11-30T07:00,10.0,91,8.6,870.4,3.5,201,Khumaltar,27.6468,85.3248
2024-11-30T08:00,14.4,79,10.8,873.0,0.9,79,Khumaltar,27.6468,85.3248
2024-11-30T09:00,16.3,70,10.7,873.7,3.5,39,Khumaltar,27.6468,85.3248
2024-11-30T10:00,17.8,64,10.8,873.6,3.0,25,Khumaltar,27.6468,85.3248
2024-11-30T11:00,19.2,59,11.0,872.9,2.4,13,Khumaltar,27.6468,85.3248
2024-11-30T12:00,20.1,54,10.6,871.9,2.0,10,Khumaltar,27.6468,85.3248
2024-11-30T13:00,20.3,50,9.4,870.8,1.4,293,Khumaltar,27.6468,85.3248
2024-11-30T14:00,19.7,51,9.2,870.2,4.0,275,Khumaltar,27.6468,85.3248
2024-11-30T15:00,18.7,56,9.8,869.7,5.5,287,Khumaltar,27.6468,85.3248
2024-11-30T16:00,16.6,71,11.4,869.3,3.8,262,Khumaltar,27.6468,85.3248
2024-11-30T17:00,14.6,81,11.4,869.1,3.1,242,Khumaltar,27.6468,85.3248
2024-11-30T18:00,13.4,86,11.0,868.8,2.5,225,Khumaltar,27.6468,85.3248
2024-11-30T19:00,12.6,87,10.5,869.0,2.2,222,Khumaltar,27.6468,85.3248
2024-11-30T20:00,12.2,86,9.9,869.1,1.9,229,Khumaltar,27.6468,85.3248
2024-11-30T21:00,11.8,87,9.7,869.4,1.9,221,Khumaltar,27.6468,85.3248
2024-11-30T22:00,11.3,89,9.6,869.4,3.1,216,Khumaltar,27.6468,85.3248
2024-11-30T23:00,10.5,92,9.3,869.0,1.9,209,Khumaltar,27.6468,85.3248
2024-12-01T00:00,10.1,93,8.9,868.7,0.8,207,Khumaltar,27.6468,85.3248
2024-12-01T01:00,10.6,90,9.0,868.7,0.7,194,Khumaltar,27.6468,85.3248
2024-12-01T02:00,10.6,89,8.9,868.0,0.7,194,Khumaltar,27.6468,85.3248
2024-12-01T03:00,10.6,87,8.6,867.8,0.7,194,Khumaltar,27.6468,85.3248
2024-12-01T04:00,10.5,87,8.3,867.8,0.8,153,Khumaltar,27.6468,85.3248
2024-12-01T05:00,9.9,87,7.9,868.1,0.9,169,Khumaltar,27.6468,85.3248
2024-12-01T06:00,8.3,98,7.9,867.5,2.3,180,Khumaltar,27.6468,85.3248
2024-12-01T07:00,9.9,93,8.8,869.0,2.6,155,Khumaltar,27.6468,85.3248
2024-12-01T08:00,13.7,81,10.5,871.3,2.4,99,Khumaltar,27.6468,85.3248
2024-12-01T09:00,16.5,68,10.5,872.2,1.5,159,Khumaltar,27.6468,85.3248
2024-12-01T10:00,18.8,57,10.2,872.0,1.2,243,Khumaltar,27.6468,85.3248
2024-12-01T11:00,20.2,52,9.9,871.2,3.3,279,Khumaltar,27.6468,85.3248
2024-12-01T12:00,20.8,49,9.6,870.4,5.0,300,Khumaltar,27.6468,85.3248
2024-12-01T13:00,20.9,48,9.3,869.2,6.7,294,Khumaltar,27.6468,85.3248
2024-12-01T14:00,20.2,52,9.9,868.3,7.5,281,Khumaltar,27.6468,85.3248
2024-12-01T15:00,18.6,60,10.8,867.6,6.9,279,Khumaltar,27.6468,85.3248
2024-12-01T16:00,16.3,77,12.2,867.3,3.4,276,Khumaltar,27.6468,85.3248
2024-12-01T17:00,14.3,86,12.0,867.0,3.5,279,Khumaltar,27.6468,85.3248
2024-12-01T18:00,13.4,85,10.9,867.3,3.0,284,Khumaltar,27.6468,85.3248
2024-12-01T19:00,13.0,82,10.1,867.7,3.0,287,Khumaltar,27.6468,85.3248
2024-12-01T20:00,12.4,84,9.8,867.8,2.0,260,Khumaltar,27.6468,85.3248
2024-12-01T21:00,11.3,90,9.7,867.5,1.9,229,Khumaltar,27.6468,85.3248
2024-12-01T22:00,10.4,94,9.5,867.2,2.1,211,Khumaltar,27.6468,85.3248
2024-12-01T23:00,9.6,98,9.4,866.7,1.4,203,Khumaltar,27.6468,85.3248
2024-12-02T00:00,9.0,100,9.0,866.3,1.1,180,Khumaltar,27.6468,85.3248
2024-12-02T01:00,8.8,100,8.7,866.1,1.3,180,Khumaltar,27.6468,85.3248
2024-12-02T02:00,7.7,100,7.7,865.0,0.9,180,Khumaltar,27.6468,85.3248
2024-12-02T03:00,7.5,100,7.5,864.6,1.1,180,Khumaltar,27.6468,85.3248
2024-12-02T04:00,7.9,98,7.6,864.9,1.6,174,Khumaltar,27.6468,85.3248
2024-12-02T05:00,8.2,93,7.2,865.7,1.5,173,Khumaltar,27.6468,85.3248
2024-12-02T06:00,8.8,89,7.1,867.3,1.1,198,Khumaltar,27.6468,85.3248
2024-12-02T07:00,11.6,84,9.0,869.5,1.7,148,Khumaltar,27.6468,85.3248
2024-12-02T08:00,13.8,76,9.7,870.6,1.2,207,Khumaltar,27.6468,85.3248
2024-12-02T09:00,16.9,58,8.6,871.9,1.1,171,Khumaltar,27.6468,85.3248
2024-12-02T10:00,19.4,50,8.7,872.0,0.9,233,Khumaltar,27.6468,85.3248
2024-12-02T11:00,20.7,48,9.2,871.7,1.7,252,Khumaltar,27.6468,85.3248
2024-12-02T12:00,21.2,46,9.2,871.3,4.1,272,Khumaltar,27.6468,85.3248
2024-12-02T13:00,21.0,46,8.8,870.8,6.9,276,Khumaltar,27.6468,85.3248
2024-12-02T14:00,20.1,49,9.0,870.4,8.4,281,Khumaltar,27.6468,85.3248
2024-12-02T15:00,18.7,55,9.4,870.0,8.2,299,Khumaltar,27.6468,85.3248
2024-12-02T16:00,16.4,69,10.7,869.6,5.1,312,Khumaltar,27.6468,85.3248
2024-12-02T17:00,14.1,79,10.6,869.2,3.1,280,Khumaltar,27.6468,85.3248
2024-12-02T18:00,13.2,79,9.5,869.2,2.7,238,Khumaltar,27.6468,85.3248
2024-12-02T19:00,12.4,83,9.6,869.2,2.8,225,Khumaltar,27.6468,85.3248
2024-12-02T20:00,11.9,85,9.5,869.4,2.3,225,Khumaltar,27.6468,85.3248
2024-12-02T21:00,11.9,84,9.2,869.8,1.5,225,Khumaltar,27.6468,85.3248
2024-12-02T22:00,12.1,81,9.0,870.0,0.9,217,Khumaltar,27.6468,85.3248
2024-12-02T23:00,12.4,79,8.8,870.2,0.6,214,Khumaltar,27.6468,85.3248
2024-12-03T00:00,12.4,78,8.6,870.2,0.7,194,Khumaltar,27.6468,85.3248
2024-12-03T01:00,12.2,78,8.4,869.8,0.7,166,Khumaltar,27.6468,85.3248
2024-12-03T02:00,12.0,78,8.3,869.4,0.7,166,Khumaltar,27.6468,85.3248
2024-12-03T03:00,11.7,78,8.0,869.1,0.8,153,Khumaltar,27.6468,85.3248
2024-12-03T04:00,11.6,74,7.2,868.9,0.7,166,Khumaltar,27.6468,85.3248
2024-12-03T05:00,11.8,66,5.7,869.0,0.7,166,Khumaltar,27.6468,85.3248
2024-12-03T06:00,10.1,70,5.0,868.4,1.5,216,Khumaltar,27.6468,85.3248
2024-12-03T07:00,12.2,69,6.7,870.0,0.4,180,Khumaltar,27.6468,85.3248
2024-12-03T08:00,14.6,65,8.0,871.5,1.3,172,Khumaltar,27.6468,85.3248
2024-12-03T09:00,17.3,56,8.4,873.0,1.6,6,Khumaltar,27.6468,85.3248
2024-12-03T10:00,19.3,49,8.4,873.1,3.5,325,Khumaltar,27.6468,85.3248
2024-12-03T11:00,20.5,48,9.0,872.6,5.1,297,Khumaltar,27.6468,85.3248
2024-12-03T12:00,21.0,48,9.6,871.9,6.7,306,Khumaltar,27.6468,85.3248
2024-12-03T13:00,20.8,49,9.8,871.0,8.4,312,Khumaltar,27.6468,85.3248
2024-12-03T14:00,20.1,51,9.7,870.5,9.0,308,Khumaltar,27.6468,85.3248
2024-12-03T15:00,18.8,57,10.0,869.8,7.6,304,Khumaltar,27.6468,85.3248
2024-12-03T16:00,16.3,73,11.4,869.2,4.0,300,Khumaltar,27.6468,85.3248
2024-12-03T17:00,14.0,81,10.7,868.8,3.2,289,Khumaltar,27.6468,85.3248
2024-12-03T18:00,13.1,83,10.2,868.8,2.7,238,Khumaltar,27.6468,85.3248
2024-12-03T19:00,12.5,82,9.6,868.9,2.2,222,Khumaltar,27.6468,85.3248
2024-12-03T20:00,12.3,80,8.9,869.1,1.7,229,Khumaltar,27.6468,85.3248
2024-12-03T21:00,12.4,75,8.1,869.3,1.5,240,Khumaltar,27.6468,85.3248
2024-12-03T22:00,12.3,73,7.5,869.0,1.0,225,Khumaltar,27.6468,85.3248
2024-12-03T23:00,11.8,73,7.2,868.4,0.8,225,Khumaltar,27.6468,85.3248
2024-12-04T00:00,11.3,74,6.8,867.8,0.6,214,Khumaltar,27.6468,85.3248
2024-12-04T01:00,10.6,75,6.3,867.0,0.2,180,Khumaltar,27.6468,85.3248
2024-12-04T02:00,10.0,76,5.9,866.3,0.6,198,Khumaltar,27.6468,85.3248
2024-12-04T03:00,9.6,75,5.4,865.8,0.4,207,Khumaltar,27.6468,85.3248
2024-12-04T04:00,10.0,69,4.5,866.0,0.9,191,Khumaltar,27.6468,85.3248
2024-12-04T05:00,9.8,66,3.8,866.1,0.9,180,Khumaltar,27.6468,85.3248
2024-12-04T06:00,8.9,71,3.9,866.0,2.3,198,Khumaltar,27.6468,85.3248
2024-12-04T07:00,10.6,71,5.5,867.3,2.4,193,Khumaltar,27.6468,85.3248
2024-12-04T08:00,14.5,71,9.2,869.5,1.8,143,Khumaltar,27.6468,85.3248
2024-12-04T09:00,18.1,47,6.6,871.5,1.9,29,Khumaltar,27.6468,85.3248
2024-12-04T10:00,19.9,40,5.8,871.4,2.0,333,Khumaltar,27.6468,85.3248
2024-12-04T11:00,21.1,39,6.8,870.8,3.1,283,Khumaltar,27.6468,85.3248
2024-12-04T12:00,21.5,42,8.0,870.1,4.9,268,Khumaltar,27.6468,85.3248
2024-12-04T13:00,21.1,44,8.3,869.4,6.3,268,Khumaltar,27.6468,85.3248
2024-12-04T14:00,20.2,46,8.3,869.1,7.8,279,Khumaltar,27.6468,85.3248
2024-12-04T15:00,18.7,51,8.4,868.6,7.4,284,Khumaltar,27.6468,85.3248
2024-12-04T16:00,16.2,68,10.3,868.2,3.2,270,Khumaltar,27.6468,85.3248
2024-12-04T17:00,14.0,77,10.1,867.7,3.1,249,Khumaltar,27.6468,85.3248
2024-12-04T18:00,13.3,83,10.6,867.9,3.5,215,Khumaltar,27.6468,85.3248
2024-12-04T19:00,12.0,94,11.0,867.6,3.6,210,Khumaltar,27.6468,85.3248
2024-12-04T20:00,10.8,98,10.4,867.3,3.0,205,Khumaltar,27.6468,85.3248
2024-12-04T21:00,10.1,98,9.7,867.4,2.5,201,Khumaltar,27.6468,85.3248
2024-12-04T22:00,10.1,92,8.9,867.5,1.4,203,Khumaltar,27.6468,85.3248
2024-12-04T23:00,9.5,89,7.8,866.6,0.7,194,Khumaltar,27.6468,85.3248
2024-12-05T00:00,9.3,85,7.0,866.1,0.8,207,Khumaltar,27.6468,85.3248
2024-12-05T01:00,9.7,80,6.4,866.0,0.2,180,Khumaltar,27.6468,85.3248
2024-12-05T02:00,9.8,77,6.1,865.8,0.2,180,Khumaltar,27.6468,85.3248
2024-12-05T03:00,9.7,77,6.0,865.6,1.3,196,Khumaltar,27.6468,85.3248
2024-12-05T04:00,9.3,80,5.9,865.3,1.8,191,Khumaltar,27.6468,85.3248
2024-12-05T05:00,8.7,83,6.0,865.3,2.0,185,Khumaltar,27.6468,85.3248
2024-12-05T06:00,8.5,79,5.1,866.5,1.6,174,Khumaltar,27.6468,85.3248
2024-12-05T07:00,10.7,77,6.9,868.0,2.2,171,Khumaltar,27.6468,85.3248
2024-12-05T08:00,13.7,74,9.2,870.1,2.1,105,Khumaltar,27.6468,85.3248
2024-12-05T09:00,16.3,65,9.7,871.4,1.5,111,Khumaltar,27.6468,85.3248
2024-12-05T10:00,18.2,56,9.3,871.3,0.3,135,Khumaltar,27.6468,85.3248
2024-12-05T11:00,19.5,47,7.8,870.7,2.1,239,Khumaltar,27.6468,85.3248
2024-12-05T12:00,19.9,47,8.1,870.1,4.5,236,Khumaltar,27.6468,85.3248
2024-12-05T13:00,19.5,51,9.1,869.0,6.3,239,Khumaltar,27.6468,85.3248
2024-12-05T14:00,18.7,55,9.6,868.4,7.3,247,Khumaltar,27.6468,85.3248
2024-12-05T15:00,17.6,60,9.8,868.2,6.8,253,Khumaltar,27.6468,85.3248
2024-12-05T16:00,15.8,73,10.9,867.7,3.1,267,Khumaltar,27.6468,85.3248
2024-12-05T17:00,13.9,81,10.7,867.3,3.0,245,Khumaltar,27.6468,85.3248
2024-12-05T18:00,13.8,87,11.7,867.7,2.3,212,Khumaltar,27.6468,85.3248
2024-12-05T19:00,13.2,91,11.8,868.0,2.0,225,Khumaltar,27.6468,85.3248
2024-12-05T20:00,12.7,92,11.5,867.8,2.2,246,Khumaltar,27.6468,85.3248
2024-12-05T21:00,12.5,92,11.2,868.2,0.9,217,Khumaltar,27.6468,85.3248
2024-12-05T22:00,12.2,93,11.1,868.1,0.9,180,Khumaltar,27.6468,85.3248
2024-12-05T23:00,12.0,95,11.2,867.5,0.9,169,Khumaltar,27.6468,85.3248
2024-12-06T00:00,11.7,97,11.2,867.1,1.2,141,Khumaltar,27.6468,85.3248
2024-12-06T01:00,10.8,100,10.7,866.2,1.5,159,Khumaltar,27.6468,85.3248
2024-12-06T02:00,10.3,99,10.2,865.8,3.1,170,Khumaltar,27.6468,85.3248
2024-12-06T03:00,9.7,100,9.7,865.2,4.3,182,Khumaltar,27.6468,85.3248
2024-12-06T04:00,9.3,100,9.3,864.9,4.7,184,Khumaltar,27.6468,85.3248
2024-12-06T05:00,9.4,99,9.2,865.1,5.3,188,Khumaltar,27.6468,85.3248
2024-12-06T06:00,9.8,98,9.6,866.1,4.7,157,Khumaltar,27.6468,85.3248
2024-12-06T07:00,10.6,95,9.9,867.3,5.2,151,Khumaltar,27.6468,85.3248
2024-12-06T08:00,12.5,93,11.3,868.8,4.5,140,Khumaltar,27.6468,85.3248
2024-12-06T09:00,14.8,79,11.1,870.0,4.5,137,Khumaltar,27.6468,85.3248
2024-12-06T10:00,16.5,68,10.6,869.8,4.5,133,Khumaltar,27.6468,85.3248
2024-12-06T11:00,17.7,63,10.5,869.2,4.2,144,Khumaltar,27.6468,85.3248
2024-12-06T12:00,18.6,58,10.1,868.4,2.3,180,Khumaltar,27.6468,85.3248
2024-12-06T13:00,18.9,55,9.6,867.7,3.1,246,Khumaltar,27.6468,85.3248
2024-12-06T14:00,18.4,55,9.1,867.0,5.2,274,Khumaltar,27.6468,85.3248
2024-12-06T15:00,17.0,60,9.3,866.6,6.0,287,Khumaltar,27.6468,85.3248
2024-12-06T16:00,15.1,75,10.7,866.3,2.9,277,Khumaltar,27.6468,85.3248
2024-12-06T17:00,13.6,85,11.2,866.6,2.4,253,Khumaltar,27.6468,85.3248
2024-12-06T18:00,13.5,89,11.8,867.0,4.0,249,Khumaltar,27.6468,85.3248
2024-12-06T19:00,12.9,93,11.8,867.4,3.8,262,Khumaltar,27.6468,85.3248
2024-12-06T20:00,12.5,95,11.6,867.6,2.4,283,Khumaltar,27.6468,85.3248
2024-12-06T21:00,12.2,97,11.7,868.0,1.0,211,Khumaltar,27.6468,85.3248
2024-12-06T22:00,11.7,99,11.6,867.9,1.7,162,Khumaltar,27.6468,85.3248
2024-12-06T23:00,11.2,100,11.1,867.4,3.1,170,Khumaltar,27.6468,85.3248
2024-12-07T00:00,10.9,100,10.9,867.2,3.8,169,Khumaltar,27.6468,85.3248
2024-12-07T01:00,10.7,100,10.7,867.0,4.1,167,Khumaltar,27.6468,85.3248
2024-12-07T02:00,10.4,100,10.4,866.5,4.9,163,Khumaltar,27.6468,85.3248
2024-12-07T03:00,10.0,100,10.0,866.1,4.8,155,Khumaltar,27.6468,85.3248
2024-12-07T04:00,9.4,100,9.4,865.6,4.4,150,Khumaltar,27.6468,85.3248
2024-12-07T05:00,8.7,100,8.6,865.4,4.5,151,Khumaltar,27.6468,85.3248
2024-12-07T06:00,8.7,97,8.3,866.4,3.6,153,Khumaltar,27.6468,85.3248
2024-12-07T07:00,9.5,95,8.7,867.5,3.8,131,Khumaltar,27.6468,85.3248
2024-12-07T08:00,11.7,88,9.8,869.2,3.5,111,Khumaltar,27.6468,85.3248
2024-12-07T09:00,14.1,75,9.8,870.3,4.0,111,Khumaltar,27.6468,85.3248
2024-12-07T10:00,16.2,66,9.9,870.5,3.1,114,Khumaltar,27.6468,85.3248
2024-12-07T11:00,17.5,60,9.7,870.0,2.5,135,Khumaltar,27.6468,85.3248
2024-12-07T12:00,18.5,56,9.7,869.5,2.4,216,Khumaltar,27.6468,85.3248
2024-12-07T13:00,18.8,55,9.6,868.8,3.0,256,Khumaltar,27.6468,85.3248
2024-12-07T14:00,18.3,57,9.6,868.2,5.0,249,Khumaltar,27.6468,85.3248
2024-12-07T15:00,17.0,62,9.7,867.9,5.5,247,Khumaltar,27.6468,85.3248
2024-12-07T16:00,14.9,76,10.7,867.9,3.7,241,Khumaltar,27.6468,85.3248
2024-12-07T17:00,13.1,86,10.8,868.3,5.2,224,Khumaltar,27.6468,85.3248
2024-12-07T18:00,12.9,93,11.8,868.6,4.4,218,Khumaltar,27.6468,85.3248
2024-12-07T19:00,12.4,95,11.7,869.2,2.7,247,Khumaltar,27.6468,85.3248
2024-12-07T20:00,12.1,99,11.9,869.5,0.9,180,Khumaltar,27.6468,85.3248
2024-12-07T21:00,11.8,100,11.8,869.9,2.0,175,Khumaltar,27.6468,85.3248
2024-12-07T22:00,12.0,99,11.9,869.9,3.0,163,Khumaltar,27.6468,85.3248
2024-12-07T23:00,11.9,99,11.8,869.5,2.7,143,Khumaltar,27.6468,85.3248
2024-12-08T00:00,11.2,100,11.2,868.8,2.8,153,Khumaltar,27.6468,85.3248
2024-12-08T01:00,10.7,100,10.7,868.6,2.8,165,Khumaltar,27.6468,85.3248
2024-12-08T02:00,10.1,100,10.0,868.0,2.2,175,Khumaltar,27.6468,85.3248
2024-12-08T03:00,9.5,100,9.5,867.6,2.3,176,Khumaltar,27.6468,85.3248
2024-12-08T04:00,8.7,100,8.7,867.5,2.3,176,Khumaltar,27.6468,85.3248
2024-12-08T05:00,8.0,100,8.0,867.4,1.8,174,Khumaltar,27.6468,85.3248
2024-12-08T06:00,7.9,100,7.9,867.5,4.1,167,Khumaltar,27.6468,85.3248
2024-12-08T07:00,8.5,100,8.4,868.6,4.6,162,Khumaltar,27.6468,85.3248
2024-12-08T08:00,11.5,91,10.0,870.6,3.1,140,Khumaltar,27.6468,85.3248
2024-12-08T09:00,14.5,73,9.8,871.9,2.7,122,Khumaltar,27.6468,85.3248
2024-12-08T10:00,16.6,60,8.8,871.6,3.2,164,Khumaltar,27.6468,85.3248
2024-12-08T11:00,17.8,51,7.7,871.4,4.4,187,Khumaltar,27.6468,85.3248
2024-12-08T12:00,18.1,51,7.7,870.4,6.2,213,Khumaltar,27.6468,85.3248
2024-12-08T13:00,17.5,54,8.1,869.3,7.4,221,Khumaltar,27.6468,85.3248
2024-12-08T14:00,16.6,59,8.6,868.8,7.6,223,Khumaltar,27.6468,85.3248
2024-12-08T15:00,15.5,63,8.6,868.4,7.7,229,Khumaltar,27.6468,85.3248
2024-12-08T16:00,14.0,73,9.2,868.2,4.6,225,Khumaltar,27.6468,85.3248
2024-12-08T17:00,12.4,83,9.6,868.0,4.2,216,Khumaltar,27.6468,85.3248
2024-12-08T18:00,11.8,89,10.1,868.3,5.2,209,Khumaltar,27.6468,85.3248
2024-12-08T19:00,11.2,93,10.1,868.3,4.5,217,Khumaltar,27.6468,85.3248
2024-12-08T20:00,10.5,97,10.1,868.1,3.1,204,Khumaltar,27.6468,85.3248
2024-12-08T21:00,9.6,100,9.6,867.9,3.4,198,Khumaltar,27.6468,85.3248
2024-12-08T22:00,8.4,100,8.4,867.3,3.8,188,Khumaltar,27.6468,85.3248
2024-12-08T23:00,7.7,100,7.7,866.8,3.6,186,Khumaltar,27.6468,85.3248
2024-12-09T00:00,7.4,100,7.4,866.3,3.7,169,Khumaltar,27.6468,85.3248
2024-12-09T01:00,7.0,100,6.9,865.8,3.9,167,Khumaltar,27.6468,85.3248
2024-12-09T02:00,6.4,100,6.4,865.1,4.3,163,Khumaltar,27.6468,85.3248
2024-12-09T03:00,6.0,100,5.9,864.7,4.2,175,Khumaltar,27.6468,85.3248
2024-12-09T04:00,5.6,99,5.5,864.6,3.1,173,Khumaltar,27.6468,85.3248
2024-12-09T05:00,5.4,98,5.1,865.0,2.9,169,Khumaltar,27.6468,85.3248
2024-12-09T06:00,6.8,90,5.3,866.1,2.1,160,Khumaltar,27.6468,85.3248
2024-12-09T07:00,9.1,83,6.4,867.8,2.4,171,Khumaltar,27.6468,85.3248
2024-12-09T08:00,12.4,76,8.3,869.9,3.1,173,Khumaltar,27.6468,85.3248
2024-12-09T09:00,14.7,62,7.4,871.1,3.5,141,Khumaltar,27.6468,85.3248
2024-12-09T10:00,16.2,47,4.8,871.1,3.2,137,Khumaltar,27.6468,85.3248
2024-12-09T11:00,16.7,40,3.0,870.5,2.5,159,Khumaltar,27.6468,85.3248
2024-12-09T12:00,16.6,40,2.9,869.5,3.3,216,Khumaltar,27.6468,85.3248
2024-12-09T13:00,15.6,43,3.1,868.5,4.5,227,Khumaltar,27.6468,85.3248
2024-12-09T14:00,14.4,49,3.8,868.3,4.4,251,Khumaltar,27.6468,85.3248
2024-12-09T15:00,13.2,57,4.7,868.0,5.2,274,Khumaltar,27.6468,85.3248
2024-12-09T16:00,12.2,69,6.8,867.7,2.6,286,Khumaltar,27.6468,85.3248
2024-12-09T17:00,11.3,77,7.4,867.7,3.2,243,Khumaltar,27.6468,85.3248
2024-12-09T18:00,10.0,86,7.8,867.9,0.4,243,Khumaltar,27.6468,85.3248
2024-12-09T19:00,9.8,86,7.5,868.3,0.2,270,Khumaltar,27.6468,85.3248
2024-12-09T20:00,9.4,86,7.2,868.4,0.8,117,Khumaltar,27.6468,85.3248
2024-12-09T21:00,9.1,87,7.0,868.7,1.7,342,Khumaltar,27.6468,85.3248
2024-12-09T22:00,8.6,88,6.6,868.4,3.0,308,Khumaltar,27.6468,85.3248
2024-12-09T23:00,8.2,85,5.8,867.7,3.2,289,Khumaltar,27.6468,85.3248
2024-12-10T00:00,7.9,80,4.7,867.0,3.6,288,Khumaltar,27.6468,85.3248
2024-12-10T01:00,7.7,74,3.5,866.3,3.2,286,Khumaltar,27.6468,85.3248
2024-12-10T02:00,7.5,70,2.5,865.4,3.1,260,Khumaltar,27.6468,85.3248
2024-12-10T03:00,7.3,69,1.9,864.7,2.9,240,Khumaltar,27.6468,85.3248
2024-12-10T04:00,7.2,67,1.6,864.5,2.4,216,Khumaltar,27.6468,85.3248
2024-12-10T05:00,7.5,64,1.1,865.3,1.0,211,Khumaltar,27.6468,85.3248
2024-12-10T06:00,7.6,72,2.9,865.9,1.3,254,Khumaltar,27.6468,85.3248
2024-12-10T07:00,8.8,75,4.6,867.7,1.1,252,Khumaltar,27.6468,85.3248
2024-12-10T08:00,10.6,69,5.1,869.2,2.5,356,Khumaltar,27.6468,85.3248
2024-12-10T09:00,12.3,60,4.8,870.4,5.2,14,Khumaltar,27.6468,85.3248
2024-12-10T10:00,13.7,50,3.3,870.4,8.1,1,Khumaltar,27.6468,85.3248
2024-12-10T11:00,14.7,45,2.8,870.0,8.0,355,Khumaltar,27.6468,85.3248
2024-12-10T12:00,15.6,43,3.0,869.2,6.7,340,Khumaltar,27.6468,85.3248
2024-12-10T13:00,15.9,43,3.4,868.4,5.8,324,Khumaltar,27.6468,85.3248
2024-12-10T14:00,15.9,44,3.6,867.7,5.9,329,Khumaltar,27.6468,85.3248
2024-12-10T15:00,15.0,48,4.0,867.3,5.6,318,Khumaltar,27.6468,85.3248
2024-12-10T16:00,12.4,70,7.2,866.8,2.4,287,Khumaltar,27.6468,85.3248
2024-12-10T17:00,10.4,75,6.2,866.6,2.1,250,Khumaltar,27.6468,85.3248
2024-12-10T18:00,9.9,75,5.6,867.4,2.0,225,Khumaltar,27.6468,85.3248
2024-12-10T19:00,10.2,67,4.3,868.2,1.3,236,Khumaltar,27.6468,85.3248
2024-12-10T20:00,10.5,62,3.5,868.9,1.1,252,Khumaltar,27.6468,85.3248
2024-12-10T21:00,10.1,63,3.4,869.1,0.9,233,Khumaltar,27.6468,85.3248
2024-12-10T22:00,9.3,66,3.3,868.6,1.7,221,Khumaltar,27.6468,85.3248
2024-12-10T23:00,8.6,69,3.1,868.0,2.3,212,Khumaltar,27.6468,85.3248
2024-12-11T00:00,8.0,70,2.9,867.3,2.3,198,Khumaltar,27.6468,85.3248
2024-12-11T01:00,7.4,73,2.8,866.4,2.2,189,Khumaltar,27.6468,85.3248
2024-12-11T02:00,7.0,74,2.6,866.2,1.7,193,Khumaltar,27.6468,85.3248
2024-12-11T03:00,6.7,74,2.4,866.0,1.6,186,Khumaltar,27.6468,85.3248
2024-12-11T04:00,6.9,71,2.0,866.1,1.3,172,Khumaltar,27.6468,85.3248
2024-12-11T05:00,7.5,67,1.7,866.7,1.7,167,Khumaltar,27.6468,85.3248
2024-12-11T06:00,7.6,70,2.5,867.6,1.5,173,Khumaltar,27.6468,85.3248
2024-12-11T07:00,9.2,69,3.8,869.2,2.7,176,Khumaltar,27.6468,85.3248
2024-12-11T08:00,12.4,66,6.2,871.7,4.1,135,Khumaltar,27.6468,85.3248
2024-12-11T09:00,14.6,54,5.4,872.9,2.9,68,Khumaltar,27.6468,85.3248
2024-12-11T10:00,16.7,50,6.2,872.7,0.5,315,Khumaltar,27.6468,85.3248
2024-12-11T11:00,18.2,48,7.1,872.1,2.5,266,Khumaltar,27.6468,85.3248
2024-12-11T12:00,18.7,49,7.6,871.3,3.1,280,Khumaltar,27.6468,85.3248
2024-12-11T13:00,18.7,49,7.7,870.3,4.6,291,Khumaltar,27.6468,85.3248
2024-12-11T14:00,18.2,49,7.3,869.6,6.8,307,Khumaltar,27.6468,85.3248
2024-12-11T15:00,16.7,53,7.1,869.1,6.2,324,Khumaltar,27.6468,85.3248
2024-12-11T16:00,13.8,70,8.4,868.1,4.0,328,Khumaltar,27.6468,85.3248
2024-12-11T17:00,11.4,76,7.4,867.6,2.2,265,Khumaltar,27.6468,85.3248
2024-12-11T18:00,10.6,77,6.7,867.7,1.8,217,Khumaltar,27.6468,85.3248
2024-12-11T19:00,10.2,78,6.5,867.9,2.3,225,Khumaltar,27.6468,85.3248
2024-12-11T20:00,9.7,80,6.4,867.8,1.6,207,Khumaltar,27.6468,85.3248
2024-12-11T21:00,9.3,81,6.2,868.0,1.3,214,Khumaltar,27.6468,85.3248
2024-12-11T22:00,9.1,77,5.4,867.8,0.9,217,Khumaltar,27.6468,85.3248
2024-12-11T23:00,9.1,69,3.8,867.5,0.9,217,Khumaltar,27.6468,85.3248
2024-12-12T00:00,8.9,62,2.1,866.9,0.7,194,Khumaltar,27.6468,85.3248
2024-12-12T01:00,8.6,57,0.6,866.4,0.7,180,Khumaltar,27.6468,85.3248
2024-12-12T02:00,8.3,55,-0.3,865.6,0.5,180,Khumaltar,27.6468,85.3248
2024-12-12T03:00,8.5,51,-1.1,865.1,0.7,180,Khumaltar,27.6468,85.3248
2024-12-12T04:00,8.8,48,-1.7,864.6,0.7,194,Khumaltar,27.6468,85.3248
2024-12-12T05:00,9.0,45,-2.3,864.6,1.0,202,Khumaltar,27.6468,85.3248
2024-12-12T06:00,9.0,47,-1.7,865.1,1.1,198,Khumaltar,27.6468,85.3248
2024-12-12T07:00,10.2,49,-0.2,866.3,0.5,180,Khumaltar,27.6468,85.3248
2024-12-12T08:00,13.3,53,3.8,868.5,4.0,172,Khumaltar,27.6468,85.3248
2024-12-12T09:00,17.3,44,4.9,871.0,2.3,129,Khumaltar,27.6468,85.3248
2024-12-12T10:00,19.0,35,3.3,871.4,1.0,292,Khumaltar,27.6468,85.3248
2024-12-12T11:00,19.8,37,4.9,871.0,2.5,278,Khumaltar,27.6468,85.3248
2024-12-12T12:00,20.0,40,5.9,870.3,5.2,297,Khumaltar,27.6468,85.3248
2024-12-12T13:00,19.6,43,6.5,869.6,7.7,301,Khumaltar,27.6468,85.3248
2024-12-12T14:00,18.7,45,6.5,869.1,9.2,301,Khumaltar,27.6468,85.3248
2024-12-12T15:00,17.1,52,7.2,868.7,6.4,306,Khumaltar,27.6468,85.3248
2024-12-12T16:00,14.0,72,9.1,868.0,3.2,304,Khumaltar,27.6468,85.3248
2024-12-12T17:00,11.7,78,7.9,867.9,2.3,293,Khumaltar,27.6468,85.3248
2024-12-12T18:00,11.6,75,7.3,868.5,2.3,299,Khumaltar,27.6468,85.3248
2024-12-12T19:00,11.1,76,7.0,868.9,3.1,298,Khumaltar,27.6468,85.3248
2024-12-12T20:00,10.8,77,6.9,868.9,1.1,252,Khumaltar,27.6468,85.3248
2024-12-12T21:00,10.4,76,6.3,869.0,1.0,225,Khumaltar,27.6468,85.3248
2024-12-12T22:00,10.3,69,4.9,868.7,0.6,214,Khumaltar,27.6468,85.3248
2024-12-12T23:00,10.3,61,3.1,868.2,0.9,191,Khumaltar,27.6468,85.3248
2024-12-13T00:00,10.3,55,1.5,867.6,0.7,194,Khumaltar,27.6468,85.3248
2024-12-13T01:00,10.3,48,-0.2,867.1,0.9,180,Khumaltar,27.6468,85.3248
2024-12-13T02:00,10.2,43,-1.7,866.6,0.9,191,Khumaltar,27.6468,85.3248
2024-12-13T03:00,9.9,42,-2.5,865.7,0.8,207,Khumaltar,27.6468,85.3248
2024-12-13T04:00,9.8,39,-3.3,865.4,1.0,202,Khumaltar,27.6468,85.3248
2024-12-13T05:00,10.4,35,-4.3,865.8,1.0,202,Khumaltar,27.6468,85.3248
2024-12-13T06:00,7.7,49,-2.4,865.5,2.2,204,Khumaltar,27.6468,85.3248
2024-12-13T07:00,10.3,44,-1.4,867.7,1.9,209,Khumaltar,27.6468,85.3248
2024-12-13T08:00,13.8,38,-0.2,869.9,1.4,203,Khumaltar,27.6468,85.3248
2024-12-13T09:00,16.5,37,1.7,871.9,2.4,333,Khumaltar,27.6468,85.3248
2024-12-13T10:00,18.1,36,2.7,871.9,3.6,327,Khumaltar,27.6468,85.3248
2024-12-13T11:00,19.3,35,3.5,871.2,3.6,297,Khumaltar,27.6468,85.3248
2024-12-13T12:00,19.8,36,4.2,870.3,5.2,292,Khumaltar,27.6468,85.3248
2024-12-13T13:00,19.5,37,4.6,869.3,6.5,283,Khumaltar,27.6468,85.3248
2024-12-13T14:00,18.6,40,4.6,868.9,7.1,291,Khumaltar,27.6468,85.3248
2024-12-13T15:00,17.2,46,5.5,868.2,5.4,307,Khumaltar,27.6468,85.3248
2024-12-13T16:00,14.1,66,8.0,867.4,3.5,321,Khumaltar,27.6468,85.3248
2024-12-13T17:00,12.4,63,5.5,867.3,1.8,294,Khumaltar,27.6468,85.3248
2024-12-13T18:00,10.8,70,5.5,867.0,2.8,225,Khumaltar,27.6468,85.3248
2024-12-13T19:00,10.4,70,5.1,867.3,2.2,222,Khumaltar,27.6468,85.3248
2024-12-13T20:00,10.5,64,4.0,868.0,1.2,231,Khumaltar,27.6468,85.3248
2024-12-13T21:00,10.7,60,3.2,868.3,0.8,225,Khumaltar,27.6468,85.3248
2024-12-13T22:00,10.5,59,2.8,868.5,0.2,180,Khumaltar,27.6468,85.3248
2024-12-13T23:00,9.7,60,2.2,868.2,1.4,180,Khumaltar,27.6468,85.3248
2024-12-14T00:00,9.2,58,1.4,867.8,1.3,164,Khumaltar,27.6468,85.3248
2024-12-14T01:00,8.6,57,0.7,867.2,1.8,143,Khumaltar,27.6468,85.3248
2024-12-14T02:00,7.8,58,-0.0,866.4,2.0,153,Khumaltar,27.6468,85.3248
2024-12-14T03:00,6.8,60,-0.4,865.7,2.4,163,Khumaltar,27.6468,85.3248
2024-12-14T04:00,6.2,62,-0.5,865.5,3.1,167,Khumaltar,27.6468,85.3248
2024-12-14T05:00,5.7,65,-0.4,865.9,4.2,175,Khumaltar,27.6468,85.3248
2024-12-14T06:00,5.9,76,2.0,867.1,5.0,180,Khumaltar,27.6468,85.3248
2024-12-14T07:00,6.8,80,3.6,868.6,6.1,180,Khumaltar,27.6468,85.3248
2024-12-14T08:00,11.0,72,6.1,871.6,5.3,162,Khumaltar,27.6468,85.3248
2024-12-14T09:00,14.0,54,4.9,873.5,3.1,126,Khumaltar,27.6468,85.3248
2024-12-14T10:00,15.6,53,6.1,873.4,3.0,107,Khumaltar,27.6468,85.3248
2024-12-14T11:00,16.7,54,7.3,872.8,2.7,118,Khumaltar,27.6468,85.3248
2024-12-14T12:00,17.4,55,8.2,872.0,1.4,113,Khumaltar,27.6468,85.3248
2024-12-14T13:00,17.6,55,8.6,871.2,0.8,315,Khumaltar,27.6468,85.3248
2024-12-14T14:00,17.4,54,8.1,870.6,2.7,302,Khumaltar,27.6468,85.3248
2024-12-14T15:00,16.3,54,7.0,870.2,4.3,292,Khumaltar,27.6468,85.3248
2024-12-14T16:00,13.6,72,8.7,869.5,2.5,274,Khumaltar,27.6468,85.3248
2024-12-14T17:00,11.3,79,7.8,869.3,2.7,242,Khumaltar,27.6468,85.3248
2024-12-14T18:00,10.3,81,7.1,869.5,1.7,221,Khumaltar,27.6468,85.3248
2024-12-14T19:00,9.9,79,6.5,869.9,0.9,217,Khumaltar,27.6468,85.3248
2024-12-14T20:00,9.8,76,5.7,870.5,0.4,180,Khumaltar,27.6468,85.3248
2024-12-14T21:00,9.7,75,5.4,871.1,0.8,153,Khumaltar,27.6468,85.3248
2024-12-14T22:00,9.6,71,4.6,871.5,1.7,72,Khumaltar,27.6468,85.3248
2024-12-14T23:00,9.3,69,3.8,871.0,1.7,77,Khumaltar,27.6468,85.3248
2024-12-15T00:00,8.9,69,3.5,870.6,1.4,113,Khumaltar,27.6468,85.3248
2024-12-15T01:00,8.2,72,3.5,870.2,1.9,124,Khumaltar,27.6468,85.3248
2024-12-15T02:00,7.5,77,3.7,869.6,2.2,138,Khumaltar,27.6468,85.3248
2024-12-15T03:00,6.8,83,4.1,869.0,2.4,167,Khumaltar,27.6468,85.3248
2024-12-15T04:00,6.7,87,4.7,869.0,3.2,177,Khumaltar,27.6468,85.3248
2024-12-15T05:00,6.6,90,5.1,869.3,3.3,174,Khumaltar,27.6468,85.3248
2024-12-15T06:00,6.2,95,5.4,870.0,3.0,163,Khumaltar,27.6468,85.3248
2024-12-15T07:00,8.1,91,6.6,872.0,2.9,169,Khumaltar,27.6468,85.3248
2024-12-15T08:00,11.0,85,8.5,874.4,2.5,120,Khumaltar,27.6468,85.3248
2024-12-15T09:00,13.7,71,8.6,876.3,2.9,47,Khumaltar,27.6468,85.3248
2024-12-15T10:00,15.9,63,8.8,876.5,2.9,43,Khumaltar,27.6468,85.3248
2024-12-15T11:00,17.7,59,9.5,876.0,2.6,25,Khumaltar,27.6468,85.3248
2024-12-15T12:00,18.8,55,9.5,875.5,3.8,360,Khumaltar,27.6468,85.3248
2024-12-15T13:00,19.2,52,9.2,874.7,5.7,349,Khumaltar,27.6468,85.3248
2024-12-15T14:00,18.9,53,9.1,873.9,5.1,343,Khumaltar,27.6468,85.3248
2024-12-15T15:00,18.0,57,9.3,873.5,4.3,327,Khumaltar,27.6468,85.3248
2024-12-15T16:00,14.9,76,10.7,872.5,2.9,300,Khumaltar,27.6468,85.3248
2024-12-15T17:00,12.8,79,9.2,872.1,2.0,260,Khumaltar,27.6468,85.3248
2024-12-15T18:00,12.1,77,8.2,871.9,1.5,240,Khumaltar,27.6468,85.3248
2024-12-15T19:00,12.2,71,7.1,872.1,0.6,198,Khumaltar,27.6468,85.3248
2024-12-15T20:00,12.5,65,6.1,872.6,0.6,198,Khumaltar,27.6468,85.3248
2024-12-15T21:00,12.1,65,5.6,872.5,0.2,180,Khumaltar,27.6468,85.3248
2024-12-15T22:00,11.8,65,5.3,872.1,0.2,180,Khumaltar,27.6468,85.3248
2024-12-15T23:00,11.4,65,5.0,871.4,0.3,225,Khumaltar,27.6468,85.3248
2024-12-16T00:00,11.0,65,4.8,870.7,0.6,214,Khumaltar,27.6468,85.3248
2024-12-16T01:00,10.6,66,4.4,870.3,0.2,180,Khumaltar,27.6468,85.3248
2024-12-16T02:00,9.9,67,4.1,869.7,0.2,180,Khumaltar,27.6468,85.3248
2024-12-16T03:00,9.2,69,3.9,868.9,0.2,180,Khumaltar,27.6468,85.3248
2024-12-16T04:00,8.7,70,3.6,868.6,0.5,180,Khumaltar,27.6468,85.3248
2024-12-16T05:00,8.3,72,3.5,868.7,1.3,180,Khumaltar,27.6468,85.3248
2024-12-16T06:00,7.6,80,4.3,869.2,1.8,191,Khumaltar,27.6468,85.3248
2024-12-16T07:00,9.4,76,5.4,871.1,1.3,188,Khumaltar,27.6468,85.3248
2024-12-16T08:00,12.9,74,8.4,873.7,1.6,174,Khumaltar,27.6468,85.3248
2024-12-16T09:00,16.6,59,8.6,875.9,3.1,66,Khumaltar,27.6468,85.3248
2024-12-16T10:00,18.6,54,9.1,875.7,3.6,45,Khumaltar,27.6468,85.3248
2024-12-16T11:00,20.0,48,8.8,874.9,3.5,21,Khumaltar,27.6468,85.3248
2024-12-16T12:00,21.0,43,8.1,874.1,3.3,347,Khumaltar,27.6468,85.3248
2024-12-16T13:00,21.2,43,8.0,873.1,4.8,323,Khumaltar,27.6468,85.3248
2024-12-16T14:00,20.6,45,8.2,872.4,4.3,315,Khumaltar,27.6468,85.3248
2024-12-16T15:00,19.4,52,9.2,871.9,3.4,313,Khumaltar,27.6468,85.3248
2024-12-16T16:00,16.2,70,10.7,871.0,3.0,295,Khumaltar,27.6468,85.3248
2024-12-16T17:00,14.2,70,8.8,870.7,1.2,243,Khumaltar,27.6468,85.3248
2024-12-16T18:00,13.1,67,7.0,870.6,1.2,219,Khumaltar,27.6468,85.3248
2024-12-16T19:00,12.8,64,6.2,870.4,1.7,229,Khumaltar,27.6468,85.3248
2024-12-16T20:00,12.8,61,5.5,871.0,0.9,217,Khumaltar,27.6468,85.3248
2024-12-16T21:00,12.9,58,4.7,871.2,0.4,207,Khumaltar,27.6468,85.3248
2024-12-16T22:00,12.5,57,4.2,871.2,0.2,180,Khumaltar,27.6468,85.3248
2024-12-16T23:00,11.8,59,4.1,870.7,0.7,180,Khumaltar,27.6468,85.3248
2024-12-17T00:00,10.7,65,4.4,870.0,1.3,180,Khumaltar,27.6468,85.3248
2024-12-17T01:00,9.4,72,4.6,869.4,2.2,180,Khumaltar,27.6468,85.3248
2024-12-17T02:00,8.7,77,4.9,868.6,2.5,188,Khumaltar,27.6468,85.3248
2024-12-17T03:00,8.2,80,5.0,867.9,2.0,190,Khumaltar,27.6468,85.3248
2024-12-17T04:00,7.8,82,4.9,867.7,0.9,191,Khumaltar,27.6468,85.3248
2024-12-17T05:00,7.8,82,5.0,867.9,1.1,180,Khumaltar,27.6468,85.3248
2024-12-17T06:00,8.9,74,4.5,870.0,0.5,180,Khumaltar,27.6468,85.3248
2024-12-17T07:00,10.5,71,5.5,871.7,2.2,125,Khumaltar,27.6468,85.3248
2024-12-17T08:00,13.4,65,7.0,873.8,2.6,129,Khumaltar,27.6468,85.3248
2024-12-17T09:00,15.8,56,7.1,874.9,2.6,51,Khumaltar,27.6468,85.3248
2024-12-17T10:00,17.9,48,6.7,874.7,3.5,15,Khumaltar,27.6468,85.3248
2024-12-17T11:00,19.7,43,6.9,873.7,4.3,332,Khumaltar,27.6468,85.3248
2024-12-17T12:00,20.7,39,6.3,872.8,5.5,306,Khumaltar,27.6468,85.3248
2024-12-17T13:00,20.7,41,6.8,871.7,6.1,302,Khumaltar,27.6468,85.3248
2024-12-17T14:00,19.9,44,7.2,870.9,7.5,300,Khumaltar,27.6468,85.3248
2024-12-17T15:00,18.2,51,8.0,870.5,6.3,301,Khumaltar,27.6468,85.3248
2024-12-17T16:00,15.2,71,9.9,869.5,2.9,270,Khumaltar,27.6468,85.3248
2024-12-17T17:00,12.9,77,8.9,869.0,2.5,240,Khumaltar,27.6468,85.3248
2024-12-17T18:00,12.0,80,8.6,869.5,2.5,225,Khumaltar,27.6468,85.3248
2024-12-17T19:00,11.5,80,8.2,869.6,2.2,235,Khumaltar,27.6468,85.3248
2024-12-17T20:00,11.4,78,7.7,870.0,1.5,234,Khumaltar,27.6468,85.3248
2024-12-17T21:00,11.4,75,7.2,870.2,0.8,207,Khumaltar,27.6468,85.3248
2024-12-17T22:00,11.4,74,6.9,870.2,0.9,233,Khumaltar,27.6468,85.3248
2024-12-17T23:00,11.3,72,6.4,870.3,0.9,233,Khumaltar,27.6468,85.3248
2024-12-18T00:00,11.0,71,5.9,870.1,0.9,233,Khumaltar,27.6468,85.3248
2024-12-18T01:00,10.6,70,5.5,869.5,0.4,180,Khumaltar,27.6468,85.3248
2024-12-18T02:00,10.1,72,5.3,868.7,0.4,180,Khumaltar,27.6468,85.3248
2024-12-18T03:00,9.5,74,5.1,867.8,0.5,180,Khumaltar,27.6468,85.3248
2024-12-18T04:00,9.0,75,4.7,867.3,0.9,143,Khumaltar,27.6468,85.3248
2024-12-18T05:00,8.3,75,4.2,867.1,0.2,180,Khumaltar,27.6468,85.3248
2024-12-18T06:00,7.4,80,4.3,867.7,0.9,191,Khumaltar,27.6468,85.3248
2024-12-18T07:00,9.3,74,4.9,869.1,0.9,191,Khumaltar,27.6468,85.3248
2024-12-18T08:00,12.6,69,7.2,870.9,0.4,180,Khumaltar,27.6468,85.3248
2024-12-18T09:00,15.7,54,6.3,872.6,1.9,56,Khumaltar,27.6468,85.3248
2024-12-18T10:00,17.6,48,6.3,872.4,1.2,309,Khumaltar,27.6468,85.3248
2024-12-18T11:00,19.0,44,6.4,871.6,3.5,294,Khumaltar,27.6468,85.3248
2024-12-18T12:00,19.7,42,6.4,870.7,4.9,306,Khumaltar,27.6468,85.3248
2024-12-18T13:00,19.7,41,6.3,870.2,6.9,300,Khumaltar,27.6468,85.3248
2024-12-18T14:00,19.0,44,6.6,869.8,8.4,304,Khumaltar,27.6468,85.3248
2024-12-18T15:00,17.6,50,7.0,869.4,6.0,319,Khumaltar,27.6468,85.3248
2024-12-18T16:00,14.7,68,8.8,868.8,3.5,325,Khumaltar,27.6468,85.3248
2024-12-18T17:00,12.5,71,7.3,868.3,2.0,225,Khumaltar,27.6468,85.3248
2024-12-18T18:00,11.6,73,6.8,868.3,2.9,210,Khumaltar,27.6468,85.3248
2024-12-18T19:00,10.9,75,6.7,868.4,3.1,216,Khumaltar,27.6468,85.3248
2024-12-18T20:00,10.7,73,6.0,868.9,2.3,219,Khumaltar,27.6468,85.3248
2024-12-18T21:00,10.6,71,5.5,869.3,1.7,212,Khumaltar,27.6468,85.3248
2024-12-18T22:00,11.1,66,5.0,869.7,0.4,207,Khumaltar,27.6468,85.3248
2024-12-18T23:00,11.1,63,4.4,869.7,0.7,166,Khumaltar,27.6468,85.3248
2024-12-19T00:00,10.4,65,4.1,869.2,1.0,158,Khumaltar,27.6468,85.3248
2024-12-19T01:00,9.5,69,4.0,869.0,1.0,158,Khumaltar,27.6468,85.3248
2024-12-19T02:00,8.5,73,3.9,868.4,1.3,164,Khumaltar,27.6468,85.3248
2024-12-19T03:00,7.5,78,3.9,867.8,2.2,175,Khumaltar,27.6468,85.3248
2024-12-19T04:00,7.0,81,4.0,867.7,2.3,176,Khumaltar,27.6468,85.3248
2024-12-19T05:00,6.5,85,4.1,868.0,2.0,175,Khumaltar,27.6468,85.3248
2024-12-19T06:00,6.7,90,5.1,869.2,2.9,180,Khumaltar,27.6468,85.3248
2024-12-19T07:00,8.1,86,6.0,870.5,2.9,173,Khumaltar,27.6468,85.3248
2024-12-19T08:00,11.6,82,8.6,873.0,3.6,150,Khumaltar,27.6468,85.3248
2024-12-19T09:00,14.2,71,9.0,874.4,2.7,98,Khumaltar,27.6468,85.3248
2024-12-19T10:00,16.0,63,8.8,874.1,2.1,59,Khumaltar,27.6468,85.3248
2024-12-19T11:00,17.5,57,8.8,873.2,1.3,352,Khumaltar,27.6468,85.3248
2024-12-19T12:00,18.5,52,8.5,872.5,2.9,274,Khumaltar,27.6468,85.3248
2024-12-19T13:00,18.6,50,8.1,871.7,5.0,268,Khumaltar,27.6468,85.3248
2024-12-19T14:00,17.9,52,7.9,871.1,6.1,268,Khumaltar,27.6468,85.3248
2024-12-19T15:00,16.7,56,7.9,870.5,6.2,282,Khumaltar,27.6468,85.3248
2024-12-19T16:00,14.3,71,9.2,869.7,3.3,299,Khumaltar,27.6468,85.3248
2024-12-19T17:00,12.2,73,7.5,869.2,2.2,312,Khumaltar,27.6468,85.3248
2024-12-19T18:00,11.5,70,6.3,869.0,1.5,249,Khumaltar,27.6468,85.3248
2024-12-19T19:00,11.3,68,5.5,869.6,1.4,247,Khumaltar,27.6468,85.3248
2024-12-19T20:00,11.3,67,5.5,870.1,0.9,233,Khumaltar,27.6468,85.3248
2024-12-19T21:00,11.0,69,5.6,870.1,0.0,270,Khumaltar,27.6468,85.3248
2024-12-19T22:00,10.5,72,5.6,869.7,0.5,180,Khumaltar,27.6468,85.3248
2024-12-19T23:00,9.9,74,5.5,869.2,0.9,169,Khumaltar,27.6468,85.3248
2024-12-20T00:00,9.2,77,5.4,868.6,1.1,171,Khumaltar,27.6468,85.3248
2024-12-20T01:00,8.7,79,5.3,868.1,1.0,158,Khumaltar,27.6468,85.3248
2024-12-20T02:00,8.2,81,5.1,867.5,0.8,153,Khumaltar,27.6468,85.3248
2024-12-20T03:00,7.7,83,4.9,866.7,0.6,162,Khumaltar,27.6468,85.3248
2024-12-20T04:00,7.4,83,4.7,866.4,0.4,153,Khumaltar,27.6468,85.3248
2024-12-20T05:00,7.3,83,4.6,866.6,1.0,158,Khumaltar,27.6468,85.3248
2024-12-20T06:00,7.6,85,5.3,868.1,1.3,172,Khumaltar,27.6468,85.3248
2024-12-20T07:00,8.6,85,6.2,869.2,2.5,120,Khumaltar,27.6468,85.3248
2024-12-20T08:00,11.6,81,8.4,871.0,1.7,139,Khumaltar,27.6468,85.3248
2024-12-20T09:00,14.9,63,7.9,872.5,0.7,256,Khumaltar,27.6468,85.3248
2024-12-20T10:00,17.1,49,6.4,872.6,2.3,309,Khumaltar,27.6468,85.3248
2024-12-20T11:00,18.5,45,6.5,872.1,3.5,279,Khumaltar,27.6468,85.3248
2024-12-20T12:00,19.1,46,7.1,871.3,4.7,261,Khumaltar,27.6468,85.3248
2024-12-20T13:00,19.1,45,7.0,870.5,5.8,279,Khumaltar,27.6468,85.3248
2024-12-20T14:00,18.7,45,6.5,869.8,7.7,300,Khumaltar,27.6468,85.3248
2024-12-20T15:00,17.4,50,7.0,869.3,7.9,317,Khumaltar,27.6468,85.3248
2024-12-20T16:00,14.8,66,8.5,868.2,5.5,328,Khumaltar,27.6468,85.3248
2024-12-20T17:00,12.4,69,6.9,867.7,2.4,279,Khumaltar,27.6468,85.3248
2024-12-20T18:00,10.9,75,6.7,867.2,3.2,236,Khumaltar,27.6468,85.3248
2024-12-20T19:00,10.1,76,6.2,867.0,2.5,225,Khumaltar,27.6468,85.3248
2024-12-20T20:00,10.1,71,5.0,867.5,2.2,222,Khumaltar,27.6468,85.3248
2024-12-20T21:00,10.2,66,4.1,868.2,1.3,214,Khumaltar,27.6468,85.3248
2024-12-20T22:00,10.2,64,3.6,868.2,1.0,211,Khumaltar,27.6468,85.3248
2024-12-20T23:00,10.2,60,2.7,868.0,0.4,207,Khumaltar,27.6468,85.3248
2024-12-21T00:00,10.5,54,1.5,867.9,0.4,207,Khumaltar,27.6468,85.3248
2024-12-21T01:00,10.4,52,1.0,867.6,0.4,180,Khumaltar,27.6468,85.3248
2024-12-21T02:00,9.7,55,1.1,866.9,0.5,180,Khumaltar,27.6468,85.3248
2024-12-21T03:00,8.6,61,1.4,866.3,0.7,180,Khumaltar,27.6468,85.3248
2024-12-21T04:00,7.6,67,1.9,866.0,0.9,169,Khumaltar,27.6468,85.3248
2024-12-21T05:00,6.9,73,2.3,866.1,1.5,159,Khumaltar,27.6468,85.3248
2024-12-21T06:00,6.2,89,4.5,866.1,2.2,171,Khumaltar,27.6468,85.3248
2024-12-21T07:00,7.6,88,5.7,867.5,2.3,176,Khumaltar,27.6468,85.3248
2024-12-21T08:00,11.2,82,8.2,870.1,3.6,160,Khumaltar,27.6468,85.3248
2024-12-21T09:00,14.4,66,8.1,871.8,1.9,146,Khumaltar,27.6468,85.3248
2024-12-21T10:00,16.1,55,7.0,872.1,0.9,217,Khumaltar,27.6468,85.3248
2024-12-21T11:00,17.0,47,5.7,871.3,2.2,279,Khumaltar,27.6468,85.3248
2024-12-21T12:00,17.4,44,4.9,870.7,4.9,264,Khumaltar,27.6468,85.3248
2024-12-21T13:00,17.3,44,4.8,869.8,6.9,264,Khumaltar,27.6468,85.3248
2024-12-21T14:00,16.6,46,5.0,869.3,7.6,273,Khumaltar,27.6468,85.3248
2024-12-21T15:00,15.7,50,5.3,869.1,6.6,281,Khumaltar,27.6468,85.3248
2024-12-21T16:00,13.7,68,7.9,868.4,3.0,284,Khumaltar,27.6468,85.3248
2024-12-21T17:00,11.5,74,6.9,868.2,2.8,252,Khumaltar,27.6468,85.3248
2024-12-21T18:00,10.7,76,6.7,868.5,3.3,234,Khumaltar,27.6468,85.3248
2024-12-21T19:00,10.1,78,6.3,869.0,4.0,231,Khumaltar,27.6468,85.3248
2024-12-21T20:00,10.1,75,5.9,869.8,3.5,235,Khumaltar,27.6468,85.3248
2024-12-21T21:00,10.6,71,5.5,870.3,2.1,239,Khumaltar,27.6468,85.3248
2024-12-21T22:00,10.9,69,5.4,870.3,1.2,243,Khumaltar,27.6468,85.3248
2024-12-21T23:00,11.0,68,5.4,870.2,0.9,270,Khumaltar,27.6468,85.3248
2024-12-22T00:00,10.5,71,5.4,869.5,1.5,36,Khumaltar,27.6468,85.3248
2024-12-22T01:00,10.1,71,5.1,868.8,1.3,90,Khumaltar,27.6468,85.3248
2024-12-22T02:00,9.5,72,4.7,868.2,0.8,135,Khumaltar,27.6468,85.3248
2024-12-22T03:00,9.1,72,4.4,867.7,0.6,162,Khumaltar,27.6468,85.3248
2024-12-22T04:00,8.6,73,4.0,867.4,0.6,146,Khumaltar,27.6468,85.3248
2024-12-22T05:00,7.9,75,3.6,867.4,1.0,121,Khumaltar,27.6468,85.3248
2024-12-22T06:00,5.0,91,3.6,866.8,2.6,146,Khumaltar,27.6468,85.3248
2024-12-22T07:00,6.5,90,4.9,868.0,2.8,162,Khumaltar,27.6468,85.3248
2024-12-22T08:00,10.3,83,7.6,870.8,3.6,162,Khumaltar,27.6468,85.3248
2024-12-22T09:00,13.5,72,8.6,872.7,1.4,140,Khumaltar,27.6468,85.3248
2024-12-22T10:00,15.2,63,8.3,872.7,1.6,27,Khumaltar,27.6468,85.3248
2024-12-22T11:00,16.3,60,8.4,872.2,1.2,333,Khumaltar,27.6468,85.3248
2024-12-22T12:00,17.0,54,7.5,871.5,3.8,270,Khumaltar,27.6468,85.3248
2024-12-22T13:00,16.9,48,5.9,870.9,6.1,270,Khumaltar,27.6468,85.3248
2024-12-22T14:00,16.2,46,4.7,870.6,7.0,273,Khumaltar,27.6468,85.3248
2024-12-22T15:00,15.3,49,4.7,870.3,6.1,294,Khumaltar,27.6468,85.3248
2024-12-22T16:00,13.1,68,7.3,869.5,2.8,297,Khumaltar,27.6468,85.3248
2024-12-22T17:00,10.8,75,6.6,868.7,2.6,245,Khumaltar,27.6468,85.3248
2024-12-22T18:00,10.1,79,6.6,869.1,1.9,214,Khumaltar,27.6468,85.3248
2024-12-22T19:00,9.4,82,6.4,869.1,2.7,222,Khumaltar,27.6468,85.3248
2024-12-22T20:00,9.4,79,5.9,869.7,1.5,225,Khumaltar,27.6468,85.3248
2024-12-22T21:00,9.7,75,5.5,870.3,1.0,225,Khumaltar,27.6468,85.3248
2024-12-22T22:00,9.6,74,5.2,870.0,0.6,198,Khumaltar,27.6468,85.3248
2024-12-22T23:00,9.0,75,4.9,869.4,0.5,180,Khumaltar,27.6468,85.3248
2024-12-23T00:00,7.9,79,4.5,868.5,1.7,162,Khumaltar,27.6468,85.3248
2024-12-23T01:00,7.0,82,4.1,867.8,1.8,174,Khumaltar,27.6468,85.3248
2024-12-23T02:00,6.4,83,3.8,867.1,1.8,174,Khumaltar,27.6468,85.3248
2024-12-23T03:00,6.1,85,3.8,866.9,2.0,185,Khumaltar,27.6468,85.3248
2024-12-23T04:00,5.8,86,3.7,866.7,2.0,185,Khumaltar,27.6468,85.3248
2024-12-23T05:00,5.4,88,3.6,867.0,1.3,172,Khumaltar,27.6468,85.3248
2024-12-23T06:00,5.2,92,4.0,867.8,1.6,174,Khumaltar,27.6468,85.3248
2024-12-23T07:00,6.7,90,5.2,869.4,1.3,172,Khumaltar,27.6468,85.3248
2024-12-23T08:00,10.5,85,8.1,872.0,2.2,138,Khumaltar,27.6468,85.3248
2024-12-23T09:00,13.2,73,8.4,873.7,1.5,126,Khumaltar,27.6468,85.3248
2024-12-23T10:00,15.0,63,8.1,873.7,1.0,158,Khumaltar,27.6468,85.3248
2024-12-23T11:00,16.3,55,7.3,873.3,2.0,265,Khumaltar,27.6468,85.3248
2024-12-23T12:00,17.0,51,6.7,872.4,4.2,288,Khumaltar,27.6468,85.3248
2024-12-23T13:00,17.1,49,6.4,871.4,5.9,293,Khumaltar,27.6468,85.3248
2024-12-23T14:00,16.7,51,6.6,870.7,6.5,302,Khumaltar,27.6468,85.3248
2024-12-23T15:00,15.6,57,7.0,870.4,6.4,308,Khumaltar,27.6468,85.3248
2024-12-23T16:00,13.4,75,9.1,869.8,2.9,300,Khumaltar,27.6468,85.3248
2024-12-23T17:00,11.4,79,7.8,869.3,1.1,252,Khumaltar,27.6468,85.3248
2024-12-23T18:00,10.1,83,7.3,868.9,2.4,216,Khumaltar,27.6468,85.3248
2024-12-23T19:00,9.4,84,6.8,868.9,2.9,223,Khumaltar,27.6468,85.3248
2024-12-23T20:00,8.9,83,6.2,869.2,2.3,212,Khumaltar,27.6468,85.3248
2024-12-23T21:00,8.8,80,5.6,869.7,1.8,217,Khumaltar,27.6468,85.3248
2024-12-23T22:00,9.2,76,5.2,869.6,0.9,217,Khumaltar,27.6468,85.3248
2024-12-23T23:00,9.5,73,4.9,869.5,0.9,217,Khumaltar,27.6468,85.3248
2024-12-24T00:00,9.1,74,4.8,869.0,0.6,162,Khumaltar,27.6468,85.3248
2024-12-24T01:00,8.2,78,4.6,868.5,1.5,135,Khumaltar,27.6468,85.3248
2024-12-24T02:00,6.9,84,4.4,867.6,2.7,132,Khumaltar,27.6468,85.3248
2024-12-24T03:00,5.9,89,4.1,866.9,3.1,144,Khumaltar,27.6468,85.3248
2024-12-24T04:00,5.3,90,3.8,866.5,3.4,164,Khumaltar,27.6468,85.3248
2024-12-24T05:00,4.9,90,3.4,866.5,3.1,173,Khumaltar,27.6468,85.3248
2024-12-24T06:00,6.0,85,3.7,867.4,4.1,180,Khumaltar,27.6468,85.3248
2024-12-24T07:00,6.7,86,4.6,868.7,4.4,199,Khumaltar,27.6468,85.3248
2024-12-24T08:00,10.4,82,7.5,871.2,2.8,235,Khumaltar,27.6468,85.3248
2024-12-24T09:00,13.7,59,5.9,873.4,2.9,270,Khumaltar,27.6468,85.3248
2024-12-24T10:00,14.8,51,4.7,873.3,3.1,306,Khumaltar,27.6468,85.3248
2024-12-24T11:00,15.7,50,5.4,872.8,2.7,352,Khumaltar,27.6468,85.3248
2024-12-24T12:00,16.2,49,5.5,871.9,3.3,315,Khumaltar,27.6468,85.3248
2024-12-24T13:00,16.0,49,5.2,871.0,5.2,301,Khumaltar,27.6468,85.3248
2024-12-24T14:00,15.5,52,5.6,870.6,6.0,314,Khumaltar,27.6468,85.3248
2024-12-24T15:00,14.9,57,6.4,870.1,2.9,300,Khumaltar,27.6468,85.3248
2024-12-24T16:00,13.6,71,8.4,869.8,2.6,254,Khumaltar,27.6468,85.3248
2024-12-24T17:00,11.9,80,8.5,869.6,2.7,270,Khumaltar,27.6468,85.3248
2024-12-24T18:00,11.6,82,8.6,870.2,3.5,282,Khumaltar,27.6468,85.3248
2024-12-24T19:00,10.7,82,7.8,870.5,2.6,295,Khumaltar,27.6468,85.3248
2024-12-24T20:00,9.8,81,6.7,870.6,0.5,225,Khumaltar,27.6468,85.3248
2024-12-24T21:00,9.2,81,6.1,870.3,3.2,196,Khumaltar,27.6468,85.3248
2024-12-24T22:00,8.9,79,5.4,870.2,0.6,214,Khumaltar,27.6468,85.3248
2024-12-24T23:00,9.9,68,4.2,870.3,0.7,180,Khumaltar,27.6468,85.3248
2024-12-25T00:00,10.3,64,3.7,870.0,4.3,202,Khumaltar,27.6468,85.3248
2024-12-25T01:00,10.4,68,4.8,870.0,6.1,214,Khumaltar,27.6468,85.3248
2024-12-25T02:00,10.3,73,5.8,869.6,2.4,228,Khumaltar,27.6468,85.3248
2024-12-25T03:00,10.4,67,4.4,869.6,2.6,245,Khumaltar,27.6468,85.3248
2024-12-25T04:00,10.6,67,4.7,870.0,1.8,225,Khumaltar,27.6468,85.3248
2024-12-25T05:00,10.5,67,4.6,870.6,1.6,243,Khumaltar,27.6468,85.3248
2024-12-25T06:00,10.1,73,5.4,870.9,1.2,243,Khumaltar,27.6468,85.3248
2024-12-25T07:00,10.8,70,5.6,871.6,1.3,270,Khumaltar,27.6468,85.3248
2024-12-25T08:00,11.9,65,5.6,872.7,3.1,54,Khumaltar,27.6468,85.3248
2024-12-25T09:00,12.8,61,5.6,874.0,2.0,90,Khumaltar,27.6468,85.3248
2024-12-25T10:00,14.7,57,6.1,874.2,2.1,20,Khumaltar,27.6468,85.3248
2024-12-25T11:00,16.7,47,5.3,874.2,0.9,281,Khumaltar,27.6468,85.3248
2024-12-25T12:00,17.7,47,6.1,873.5,5.5,281,Khumaltar,27.6468,85.3248
2024-12-25T13:00,18.1,45,6.1,872.8,7.5,297,Khumaltar,27.6468,85.3248
2024-12-25T14:00,17.9,46,6.0,872.4,8.9,306,Khumaltar,27.6468,85.3248
2024-12-25T15:00,17.0,48,6.0,872.1,8.7,312,Khumaltar,27.6468,85.3248
2024-12-25T16:00,14.7,61,7.2,871.7,5.3,303,Khumaltar,27.6468,85.3248
2024-12-25T17:00,12.3,69,6.9,871.3,3.3,264,Khumaltar,27.6468,85.3248
2024-12-25T18:00,11.5,71,6.4,871.8,3.6,252,Khumaltar,27.6468,85.3248
2024-12-25T19:00,11.1,69,5.7,872.0,3.5,255,Khumaltar,27.6468,85.3248
2024-12-25T20:00,11.2,66,5.2,872.9,3.4,273,Khumaltar,27.6468,85.3248
2024-12-25T21:00,11.3,65,4.8,873.7,2.9,274,Khumaltar,27.6468,85.3248
2024-12-25T22:00,11.1,64,4.5,873.8,1.8,264,Khumaltar,27.6468,85.3248
2024-12-25T23:00,11.1,62,4.1,873.5,1.1,252,Khumaltar,27.6468,85.3248
2024-12-26T00:00,11.1,60,3.6,873.2,0.6,236,Khumaltar,27.6468,85.3248
2024-12-26T01:00,11.0,59,3.4,872.7,0.6,214,Khumaltar,27.6468,85.3248
2024-12-26T02:00,10.8,59,3.2,872.2,0.7,180,Khumaltar,27.6468,85.3248
2024-12-26T03:00,10.6,60,3.2,871.9,0.8,153,Khumaltar,27.6468,85.3248
2024-12-26T04:00,10.3,61,3.2,871.8,0.6,162,Khumaltar,27.6468,85.3248
2024-12-26T05:00,10.0,62,3.1,872.1,0.4,180,Khumaltar,27.6468,85.3248
2024-12-26T06:00,8.4,68,2.9,872.0,0.4,207,Khumaltar,27.6468,85.3248
2024-12-26T07:00,9.1,70,4.0,873.0,1.1,171,Khumaltar,27.6468,85.3248
2024-12-26T08:00,12.3,64,5.7,875.5,1.2,153,Khumaltar,27.6468,85.3248
2024-12-26T09:00,14.9,56,6.3,877.2,3.1,24,Khumaltar,27.6468,85.3248
2024-12-26T10:00,16.4,47,5.0,877.3,5.0,347,Khumaltar,27.6468,85.3248
2024-12-26T11:00,17.3,43,4.6,876.6,6.8,333,Khumaltar,27.6468,85.3248
2024-12-26T12:00,17.9,41,4.5,875.8,7.9,325,Khumaltar,27.6468,85.3248
2024-12-26T13:00,18.0,42,4.9,874.9,8.0,318,Khumaltar,27.6468,85.3248
2024-12-26T14:00,17.6,44,5.3,874.0,7.2,307,Khumaltar,27.6468,85.3248
2024-12-26T15:00,16.6,48,5.4,873.7,6.5,302,Khumaltar,27.6468,85.3248
2024-12-26T16:00,14.0,66,7.7,873.1,3.3,315,Khumaltar,27.6468,85.3248
2024-12-26T17:00,12.2,66,6.1,872.6,1.8,264,Khumaltar,27.6468,85.3248
2024-12-26T18:00,10.7,72,5.8,872.8,2.4,234,Khumaltar,27.6468,85.3248
2024-12-26T19:00,10.6,69,5.2,872.9,1.5,225,Khumaltar,27.6468,85.3248
2024-12-26T20:00,11.1,63,4.3,873.6,1.2,243,Khumaltar,27.6468,85.3248
2024-12-26T21:00,11.0,61,3.7,874.1,0.8,243,Khumaltar,27.6468,85.3248
2024-12-26T22:00,10.6,61,3.4,873.6,0.2,180,Khumaltar,27.6468,85.3248
2024-12-26T23:00,9.7,64,3.1,872.6,1.3,180,Khumaltar,27.6468,85.3248
2024-12-27T00:00,8.4,68,2.9,871.8,2.2,185,Khumaltar,27.6468,85.3248
2024-12-27T01:00,7.7,70,2.5,871.1,1.4,180,Khumaltar,27.6468,85.3248
2024-12-27T02:00,7.1,71,2.2,870.6,1.5,166,Khumaltar,27.6468,85.3248
2024-12-27T03:00,6.8,72,2.2,870.2,1.3,164,Khumaltar,27.6468,85.3248
2024-12-27T04:00,6.7,73,2.1,869.8,0.9,169,Khumaltar,27.6468,85.3248
2024-12-27T05:00,6.6,73,2.2,870.0,1.3,164,Khumaltar,27.6468,85.3248
2024-12-27T06:00,7.6,65,1.4,871.3,0.5,180,Khumaltar,27.6468,85.3248
2024-12-27T07:00,8.5,67,2.8,872.3,1.8,174,Khumaltar,27.6468,85.3248
2024-12-27T08:00,11.9,66,5.9,874.8,3.8,163,Khumaltar,27.6468,85.3248
2024-12-27T09:00,15.2,54,6.0,876.9,2.2,90,Khumaltar,27.6468,85.3248
2024-12-27T10:00,17.1,51,6.9,877.1,3.5,69,Khumaltar,27.6468,85.3248
2024-12-27T11:00,18.5,49,7.6,876.6,3.7,79,Khumaltar,27.6468,85.3248
2024-12-27T12:00,19.4,47,7.7,875.8,3.1,100,Khumaltar,27.6468,85.3248
2024-12-27T13:00,19.7,46,7.8,875.0,2.3,113,Khumaltar,27.6468,85.3248
2024-12-27T14:00,19.5,47,7.9,874.5,1.2,141,Khumaltar,27.6468,85.3248
2024-12-27T15:00,18.6,50,8.0,874.2,0.4,270,Khumaltar,27.6468,85.3248
2024-12-27T16:00,15.8,70,10.2,873.4,1.2,243,Khumaltar,27.6468,85.3248
2024-12-27T17:00,12.9,76,8.8,872.8,3.2,218,Khumaltar,27.6468,85.3248
2024-12-27T18:00,11.5,80,8.2,872.8,1.7,198,Khumaltar,27.6468,85.3248
2024-12-27T19:00,10.8,81,7.7,872.8,1.4,203,Khumaltar,27.6468,85.3248
2024-12-27T20:00,10.5,79,7.1,873.3,0.9,217,Khumaltar,27.6468,85.3248
2024-12-27T21:00,10.1,79,6.6,873.6,0.0,270,Khumaltar,27.6468,85.3248
2024-12-27T22:00,9.5,80,6.3,873.1,0.9,169,Khumaltar,27.6468,85.3248
2024-12-27T23:00,8.7,83,6.0,872.5,2.2,166,Khumaltar,27.6468,85.3248
2024-12-28T00:00,8.3,84,5.7,871.8,2.6,168,Khumaltar,27.6468,85.3248
2024-12-28T01:00,8.0,83,5.3,871.1,2.7,160,Khumaltar,27.6468,85.3248
2024-12-28T02:00,7.6,82,4.7,870.4,2.7,160,Khumaltar,27.6468,85.3248
2024-12-28T03:00,7.4,81,4.3,869.9,2.9,158,Khumaltar,27.6468,85.3248
2024-12-28T04:00,6.9,81,4.0,869.5,3.3,139,Khumaltar,27.6468,85.3248
2024-12-28T05:00,6.6,83,3.9,869.9,2.9,158,Khumaltar,27.6468,85.3248
2024-12-28T06:00,8.0,79,4.6,871.5,3.7,169,Khumaltar,27.6468,85.3248
2024-12-28T07:00,9.2,75,5.0,872.7,3.3,186,Khumaltar,27.6468,85.3248
2024-12-28T08:00,11.7,72,6.8,875.0,3.1,183,Khumaltar,27.6468,85.3248
2024-12-28T09:00,14.1,64,7.3,876.6,2.4,153,Khumaltar,27.6468,85.3248
2024-12-28T10:00,15.5,60,7.7,876.8,0.6,162,Khumaltar,27.6468,85.3248
2024-12-28T11:00,16.6,57,8.0,876.3,1.0,315,Khumaltar,27.6468,85.3248
2024-12-28T12:00,16.6,55,7.6,875.3,2.9,313,Khumaltar,27.6468,85.3248
2024-12-28T13:00,15.7,59,7.8,874.3,6.2,319,Khumaltar,27.6468,85.3248
2024-12-28T14:00,13.5,74,9.0,873.7,9.1,319,Khumaltar,27.6468,85.3248
2024-12-28T15:00,12.0,86,9.7,872.9,4.2,277,Khumaltar,27.6468,85.3248
2024-12-28T16:00,11.5,93,10.4,871.5,3.6,160,Khumaltar,27.6468,85.3248
2024-12-28T17:00,11.0,90,9.4,871.1,3.9,152,Khumaltar,27.6468,85.3248
2024-12-28T18:00,12.5,81,9.3,872.3,4.4,120,Khumaltar,27.6468,85.3248
2024-12-28T19:00,12.2,78,8.4,872.2,5.1,129,Khumaltar,27.6468,85.3248
2024-12-28T20:00,12.0,69,6.5,872.6,4.2,130,Khumaltar,27.6468,85.3248
2024-12-28T21:00,11.2,70,6.0,872.5,2.9,173,Khumaltar,27.6468,85.3248
2024-12-28T22:00,11.6,68,6.0,872.6,2.6,196,Khumaltar,27.6468,85.3248
2024-12-28T23:00,11.0,72,6.2,872.3,1.5,194,Khumaltar,27.6468,85.3248
2024-12-29T00:00,11.1,77,7.2,872.2,0.4,207,Khumaltar,27.6468,85.3248
2024-12-29T01:00,10.9,73,6.3,872.0,2.3,274,Khumaltar,27.6468,85.3248
2024-12-29T02:00,10.6,76,6.5,871.4,2.3,238,Khumaltar,27.6468,85.3248
2024-12-29T03:00,10.0,83,7.3,871.2,1.8,217,Khumaltar,27.6468,85.3248
2024-12-29T04:00,8.8,86,6.6,870.4,3.3,171,Khumaltar,27.6468,85.3248
2024-12-29T05:00,8.9,84,6.4,870.5,4.2,149,Khumaltar,27.6468,85.3248
2024-12-29T06:00,7.4,87,5.4,870.4,3.2,146,Khumaltar,27.6468,85.3248
2024-12-29T07:00,8.9,83,6.3,871.3,3.0,166,Khumaltar,27.6468,85.3248
2024-12-29T08:00,11.5,88,9.6,873.0,3.6,171,Khumaltar,27.6468,85.3248
2024-12-29T09:00,14.8,72,9.8,875.0,2.0,85,Khumaltar,27.6468,85.3248
2024-12-29T10:00,16.7,64,9.9,875.1,0.9,53,Khumaltar,27.6468,85.3248
2024-12-29T11:00,17.9,58,9.4,874.5,2.9,277,Khumaltar,27.6468,85.3248
2024-12-29T12:00,18.2,50,7.7,873.4,6.0,267,Khumaltar,27.6468,85.3248
2024-12-29T13:00,18.0,49,7.0,872.5,6.8,272,Khumaltar,27.6468,85.3248
2024-12-29T14:00,17.2,51,7.1,872.0,7.5,285,Khumaltar,27.6468,85.3248
2024-12-29T15:00,16.5,55,7.5,871.8,7.1,308,Khumaltar,27.6468,85.3248
2024-12-29T16:00,14.8,69,9.2,871.0,4.4,325,Khumaltar,27.6468,85.3248
2024-12-29T17:00,12.8,74,8.2,870.4,3.5,298,Khumaltar,27.6468,85.3248
2024-12-29T18:00,11.6,79,8.0,870.2,3.5,249,Khumaltar,27.6468,85.3248
2024-12-29T19:00,11.2,76,7.2,870.6,2.7,247,Khumaltar,27.6468,85.3248
2024-12-29T20:00,11.5,72,6.7,871.0,2.4,261,Khumaltar,27.6468,85.3248
2024-12-29T21:00,11.7,70,6.5,871.4,2.0,270,Khumaltar,27.6468,85.3248
2024-12-29T22:00,11.8,69,6.2,871.4,1.6,270,Khumaltar,27.6468,85.3248
2024-12-29T23:00,11.7,68,6.0,871.0,1.1,252,Khumaltar,27.6468,85.3248
2024-12-30T00:00,11.5,68,5.7,870.4,0.5,225,Khumaltar,27.6468,85.3248
2024-12-30T01:00,11.3,68,5.5,869.9,0.5,180,Khumaltar,27.6468,85.3248
2024-12-30T02:00,10.8,69,5.4,869.3,0.5,180,Khumaltar,27.6468,85.3248
2024-12-30T03:00,10.3,71,5.3,868.7,0.8,153,Khumaltar,27.6468,85.3248
2024-12-30T04:00,9.6,74,5.1,868.4,1.3,135,Khumaltar,27.6468,85.3248
2024-12-30T05:00,8.9,77,5.0,868.4,1.3,124,Khumaltar,27.6468,85.3248
2024-12-30T06:00,6.2,94,5.3,867.9,2.4,163,Khumaltar,27.6468,85.3248
2024-12-30T07:00,7.8,91,6.4,869.3,2.3,151,Khumaltar,27.6468,85.3248
2024-12-30T08:00,11.3,82,8.2,871.9,4.0,85,Khumaltar,27.6468,85.3248
2024-12-30T09:00,13.4,74,8.8,873.1,3.6,72,Khumaltar,27.6468,85.3248
2024-12-30T10:00,15.1,66,8.9,873.5,3.5,81,Khumaltar,27.6468,85.3248
2024-12-30T11:00,16.4,60,8.5,873.1,2.4,99,Khumaltar,27.6468,85.3248
2024-12-30T12:00,17.4,55,8.3,872.4,0.4,117,Khumaltar,27.6468,85.3248
2024-12-30T13:00,18.0,49,7.2,871.6,1.0,329,Khumaltar,27.6468,85.3248
2024-12-30T14:00,17.6,49,6.8,871.3,2.9,277,Khumaltar,27.6468,85.3248
2024-12-30T15:00,16.3,53,6.7,871.0,4.8,290,Khumaltar,27.6468,85.3248
2024-12-30T16:00,14.2,69,8.5,870.7,3.5,291,Khumaltar,27.6468,85.3248
2024-12-30T17:00,12.3,74,7.8,870.4,1.8,259,Khumaltar,27.6468,85.3248
2024-12-30T18:00,11.4,78,7.7,871.4,1.3,270,Khumaltar,27.6468,85.3248
2024-12-30T19:00,10.1,82,7.2,871.2,1.7,238,Khumaltar,27.6468,85.3248
2024-12-30T20:00,8.7,90,7.2,871.3,2.2,222,Khumaltar,27.6468,85.3248
2024-12-30T21:00,8.3,90,6.7,871.8,2.2,222,Khumaltar,27.6468,85.3248
2024-12-30T22:00,8.8,86,6.7,871.9,1.0,202,Khumaltar,27.6468,85.3248
2024-12-30T23:00,8.5,87,6.4,871.1,0.4,180,Khumaltar,27.6468,85.3248
2024-12-31T00:00,7.8,88,6.0,870.2,0.9,191,Khumaltar,27.6468,85.3248
2024-12-31T01:00,7.3,90,5.7,869.4,0.7,194,Khumaltar,27.6468,85.3248
2024-12-31T02:00,6.9,90,5.4,868.6,1.1,189,Khumaltar,27.6468,85.3248
2024-12-31T03:00,6.7,90,5.1,868.4,1.7,193,Khumaltar,27.6468,85.3248
2024-12-31T04:00,6.4,89,4.6,868.3,1.5,201,Khumaltar,27.6468,85.3248
2024-12-31T05:00,6.1,87,4.1,868.7,0.7,194,Khumaltar,27.6468,85.3248
2024-12-31T06:00,6.4,93,5.4,869.9,2.2,194,Khumaltar,27.6468,85.3248
2024-12-31T07:00,7.4,91,6.1,871.0,0.9,180,Khumaltar,27.6468,85.3248
2024-12-31T08:00,10.9,85,8.5,873.8,2.4,81,Khumaltar,27.6468,85.3248
2024-12-31T09:00,13.5,75,9.2,875.4,2.8,75,Khumaltar,27.6468,85.3248
2024-12-31T10:00,15.4,67,9.4,875.5,1.4,113,Khumaltar,27.6468,85.3248
2024-12-31T11:00,16.7,59,8.6,874.8,0.8,297,Khumaltar,27.6468,85.3248
2024-12-31T12:00,17.6,54,8.0,873.7,1.9,287,Khumaltar,27.6468,85.3248
2024-12-31T13:00,17.9,51,7.6,872.8,3.6,300,Khumaltar,27.6468,85.3248
2024-12-31T14:00,17.4,50,6.9,872.0,5.0,291,Khumaltar,27.6468,85.3248
2024-12-31T15:00,16.6,52,6.7,871.7,6.0,299,Khumaltar,27.6468,85.3248
2024-12-31T16:00,14.4,70,9.0,870.9,2.8,297,Khumaltar,27.6468,85.3248
2024-12-31T17:00,12.2,78,8.4,870.3,2.9,277,Khumaltar,27.6468,85.3248
2024-12-31T18:00,11.1,81,8.0,870.4,3.3,264,Khumaltar,27.6468,85.3248
2024-12-31T19:00,10.6,80,7.3,870.8,3.8,281,Khumaltar,27.6468,85.3248
2024-12-31T20:00,10.1,82,7.1,870.8,2.5,278,Khumaltar,27.6468,85.3248
2024-12-31T21:00,9.8,83,7.0,870.8,0.8,225,Khumaltar,27.6468,85.3248
2024-12-31T22:00,9.5,84,6.9,870.8,0.9,233,Khumaltar,27.6468,85.3248
2024-12-31T23:00,9.4,83,6.7,870.2,0.9,233,Khumaltar,27.6468,85.3248
